# Blender 5.2.0 LTS
# www.blender.org
mtllib button_01.mtl
o button_01
v 0.032390 0.001993 0.007890
v 0.044653 0.002003 0.007887
v 0.044557 0.004233 0.006383
v 0.032390 0.004243 0.006370
v 0.032390 0.006353 0.001503
v 0.043425 0.006353 0.001520
v 0.042553 0.005923 -0.001209
v 0.032390 0.005923 -0.001211
v 0.032390 0.005923 -0.001211
v 0.042553 0.005923 -0.001209
v 0.041650 0.004493 -0.003613
v 0.032390 0.004483 -0.003614
v 0.032390 0.004483 -0.003614
v 0.041650 0.004493 -0.003613
v 0.040843 0.002203 -0.005320
v 0.032390 0.002193 -0.005323
v 0.032390 0.002193 -0.005323
v 0.040843 0.002203 -0.005320
v 0.040254 -0.000597 -0.006043
v 0.032390 -0.000627 -0.006040
v 0.032390 0.004243 0.006370
v 0.044557 0.004233 0.006383
v 0.044126 0.005753 0.004167
v 0.032390 0.005753 0.004142
v 0.032390 0.005753 0.004142
v 0.044126 0.005753 0.004167
v 0.043425 0.006353 0.001520
v 0.032390 0.006353 0.001503
v 0.032390 -0.006047 -0.003964
v 0.040109 -0.006057 -0.003945
v 0.040621 -0.007677 -0.001461
v 0.032390 -0.007667 -0.001484
v 0.032390 -0.007667 -0.001484
v 0.040621 -0.007677 -0.001461
v 0.041405 -0.008187 0.001425
v 0.032390 -0.008187 0.001418
v 0.032390 -0.008187 0.001418
v 0.041405 -0.008187 0.001425
v 0.042307 -0.007517 0.004240
v 0.032390 -0.007517 0.004240
v 0.032390 -0.007517 0.004240
v 0.042307 -0.007517 0.004240
v 0.043187 -0.005827 0.006562
v 0.032390 -0.005827 0.006560
v 0.032390 -0.000627 -0.006040
v 0.040254 -0.000597 -0.006043
v 0.039992 -0.003537 -0.005559
v 0.032390 -0.003537 -0.005557
v 0.032390 -0.003537 -0.005557
v 0.039992 -0.003537 -0.005559
v 0.040109 -0.006057 -0.003945
v 0.032390 -0.006047 -0.003964
v 0.032390 -0.005827 0.006560
v 0.043187 -0.005827 0.006562
v 0.043919 -0.003407 0.008029
v 0.032390 -0.003427 0.008027
v 0.032390 -0.003427 0.008027
v 0.043919 -0.003407 0.008029
v 0.044426 -0.000667 0.008486
v 0.032390 -0.000677 0.008488
v -0.032418 0.001993 0.007890
v -0.044681 0.002003 0.007887
v -0.044454 -0.000667 0.008486
v -0.032418 -0.000677 0.008488
v 0.042684 -0.000777 -0.004204
v 0.042499 -0.002907 -0.003856
v 0.039992 -0.003537 -0.005559
v 0.040254 -0.000597 -0.006043
v 0.042499 -0.002907 -0.003856
v 0.042600 -0.004717 -0.002705
v 0.040109 -0.006057 -0.003945
v 0.039992 -0.003537 -0.005559
v 0.045864 -0.000677 0.006626
v 0.045987 0.001283 0.006199
v 0.044653 0.002003 0.007887
v 0.044426 -0.000667 0.008486
v 0.045987 0.001283 0.006199
v 0.045882 0.002913 0.005112
v 0.044557 0.004233 0.006383
v 0.044653 0.002003 0.007887
v 0.042600 -0.004717 -0.002705
v 0.042958 -0.005897 -0.000875
v 0.040621 -0.007677 -0.001461
v 0.040109 -0.006057 -0.003945
v 0.042958 -0.005897 -0.000875
v 0.043522 -0.006287 0.001320
v 0.041405 -0.008187 0.001425
v 0.040621 -0.007677 -0.001461
v 0.043757 0.003043 -0.002372
v 0.043131 0.001303 -0.003670
v 0.040843 0.002203 -0.005320
v 0.041650 0.004493 -0.003613
v 0.043131 0.001303 -0.003670
v 0.042684 -0.000777 -0.004204
v 0.040254 -0.000597 -0.006043
v 0.040843 0.002203 -0.005320
v 0.044899 -0.004497 0.005204
v 0.045471 -0.002697 0.006293
v 0.043919 -0.003407 0.008029
v 0.043187 -0.005827 0.006562
v 0.045471 -0.002697 0.006293
v 0.045864 -0.000677 0.006626
v 0.044426 -0.000667 0.008486
v 0.043919 -0.003407 0.008029
v 0.043522 -0.006287 0.001320
v 0.044256 -0.005777 0.003444
v 0.042307 -0.007517 0.004240
v 0.041405 -0.008187 0.001425
v 0.044256 -0.005777 0.003444
v 0.044899 -0.004497 0.005204
v 0.043187 -0.005827 0.006562
v 0.042307 -0.007517 0.004240
v 0.045882 0.002913 0.005112
v 0.045581 0.004023 0.003489
v 0.044126 0.005753 0.004167
v 0.044557 0.004233 0.006383
v 0.045581 0.004023 0.003489
v 0.045087 0.004463 0.001525
v 0.043425 0.006353 0.001520
v 0.044126 0.005753 0.004167
v 0.045087 0.004463 0.001525
v 0.044447 0.004133 -0.000537
v 0.042553 0.005923 -0.001209
v 0.043425 0.006353 0.001520
v 0.044447 0.004133 -0.000537
v 0.043757 0.003043 -0.002372
v 0.041650 0.004493 -0.003613
v 0.042553 0.005923 -0.001209
v 0.045087 0.004463 0.001525
v 0.045581 0.004023 0.003489
v 0.044300 -0.000787 0.001340
v 0.044447 0.004133 -0.000537
v 0.045882 0.002913 0.005112
v 0.045987 0.001283 0.006199
v 0.044300 -0.000787 0.001340
v 0.045581 0.004023 0.003489
v 0.045864 -0.000677 0.006626
v 0.045471 -0.002697 0.006293
v 0.044300 -0.000787 0.001340
v 0.045987 0.001283 0.006199
v 0.042600 -0.004717 -0.002705
v 0.042499 -0.002907 -0.003856
v 0.044300 -0.000787 0.001340
v 0.042958 -0.005897 -0.000875
v 0.044899 -0.004497 0.005204
v 0.044256 -0.005777 0.003444
v 0.044300 -0.000787 0.001340
v 0.045471 -0.002697 0.006293
v 0.043522 -0.006287 0.001320
v 0.042958 -0.005897 -0.000875
v 0.044300 -0.000787 0.001340
v 0.044256 -0.005777 0.003444
v 0.042684 -0.000777 -0.004204
v 0.043131 0.001303 -0.003670
v 0.044300 -0.000787 0.001340
v 0.042499 -0.002907 -0.003856
v 0.043757 0.003043 -0.002372
v 0.044447 0.004133 -0.000537
v 0.044300 -0.000787 0.001340
v 0.043131 0.001303 -0.003670
v -0.032418 0.004243 0.006370
v -0.044585 0.004233 0.006383
v -0.044681 0.002003 0.007887
v -0.032418 0.001993 0.007890
v -0.032418 0.005923 -0.001211
v -0.042581 0.005923 -0.001209
v -0.043453 0.006353 0.001520
v -0.032418 0.006353 0.001503
v -0.032418 0.004483 -0.003614
v -0.041678 0.004493 -0.003613
v -0.042581 0.005923 -0.001209
v -0.032418 0.005923 -0.001211
v -0.032418 0.002193 -0.005323
v -0.040872 0.002203 -0.005320
v -0.041678 0.004493 -0.003613
v -0.032418 0.004483 -0.003614
v -0.032418 -0.000627 -0.006040
v -0.040283 -0.000597 -0.006043
v -0.040872 0.002203 -0.005320
v -0.032418 0.002193 -0.005323
v -0.032418 0.005753 0.004142
v -0.044155 0.005753 0.004167
v -0.044585 0.004233 0.006383
v -0.032418 0.004243 0.006370
v -0.032418 0.006353 0.001503
v -0.043453 0.006353 0.001520
v -0.044155 0.005753 0.004167
v -0.032418 0.005753 0.004142
v -0.032418 -0.007667 -0.001484
v -0.040649 -0.007677 -0.001461
v -0.040137 -0.006057 -0.003945
v -0.032418 -0.006047 -0.003964
v -0.032418 -0.008187 0.001418
v -0.041433 -0.008187 0.001425
v -0.040649 -0.007677 -0.001461
v -0.032418 -0.007667 -0.001484
v -0.032418 -0.007517 0.004240
v -0.042335 -0.007517 0.004240
v -0.041433 -0.008187 0.001425
v -0.032418 -0.008187 0.001418
v -0.032418 -0.005827 0.006560
v -0.043216 -0.005827 0.006562
v -0.042335 -0.007517 0.004240
v -0.032418 -0.007517 0.004240
v -0.032418 -0.003537 -0.005557
v -0.040020 -0.003537 -0.005559
v -0.040283 -0.000597 -0.006043
v -0.032418 -0.000627 -0.006040
v -0.032418 -0.006047 -0.003964
v -0.040137 -0.006057 -0.003945
v -0.040020 -0.003537 -0.005559
v -0.032418 -0.003537 -0.005557
v -0.032418 -0.003427 0.008027
v -0.043947 -0.003407 0.008029
v -0.043216 -0.005827 0.006562
v -0.032418 -0.005827 0.006560
v -0.032418 -0.000677 0.008488
v -0.044454 -0.000667 0.008486
v -0.043947 -0.003407 0.008029
v -0.032418 -0.003427 0.008027
v -0.042712 -0.000777 -0.004204
v -0.040283 -0.000597 -0.006043
v -0.040020 -0.003537 -0.005559
v -0.042527 -0.002907 -0.003856
v -0.042527 -0.002907 -0.003856
v -0.040020 -0.003537 -0.005559
v -0.040137 -0.006057 -0.003945
v -0.042628 -0.004717 -0.002705
v -0.045893 -0.000677 0.006626
v -0.044454 -0.000667 0.008486
v -0.044681 0.002003 0.007887
v -0.046016 0.001283 0.006199
v -0.046016 0.001283 0.006199
v -0.044681 0.002003 0.007887
v -0.044585 0.004233 0.006383
v -0.045910 0.002913 0.005112
v -0.042628 -0.004717 -0.002705
v -0.040137 -0.006057 -0.003945
v -0.040649 -0.007677 -0.001461
v -0.042987 -0.005897 -0.000875
v -0.042987 -0.005897 -0.000875
v -0.040649 -0.007677 -0.001461
v -0.041433 -0.008187 0.001425
v -0.043550 -0.006287 0.001320
v -0.043785 0.003043 -0.002372
v -0.041678 0.004493 -0.003613
v -0.040872 0.002203 -0.005320
v -0.043160 0.001303 -0.003670
v -0.043160 0.001303 -0.003670
v -0.040872 0.002203 -0.005320
v -0.040283 -0.000597 -0.006043
v -0.042712 -0.000777 -0.004204
v -0.044927 -0.004497 0.005204
v -0.043216 -0.005827 0.006562
v -0.043947 -0.003407 0.008029
v -0.045499 -0.002697 0.006293
v -0.045499 -0.002697 0.006293
v -0.043947 -0.003407 0.008029
v -0.044454 -0.000667 0.008486
v -0.045893 -0.000677 0.006626
v -0.043550 -0.006287 0.001320
v -0.041433 -0.008187 0.001425
v -0.042335 -0.007517 0.004240
v -0.044284 -0.005777 0.003444
v -0.044284 -0.005777 0.003444
v -0.042335 -0.007517 0.004240
v -0.043216 -0.005827 0.006562
v -0.044927 -0.004497 0.005204
v -0.045910 0.002913 0.005112
v -0.044585 0.004233 0.006383
v -0.044155 0.005753 0.004167
v -0.045610 0.004023 0.003489
v -0.045610 0.004023 0.003489
v -0.044155 0.005753 0.004167
v -0.043453 0.006353 0.001520
v -0.045115 0.004463 0.001525
v -0.045115 0.004463 0.001525
v -0.043453 0.006353 0.001520
v -0.042581 0.005923 -0.001209
v -0.044475 0.004133 -0.000537
v -0.044475 0.004133 -0.000537
v -0.042581 0.005923 -0.001209
v -0.041678 0.004493 -0.003613
v -0.043785 0.003043 -0.002372
v -0.045115 0.004463 0.001525
v -0.044475 0.004133 -0.000537
v -0.044328 -0.000787 0.001340
v -0.045610 0.004023 0.003489
v -0.045910 0.002913 0.005112
v -0.045610 0.004023 0.003489
v -0.044328 -0.000787 0.001340
v -0.046016 0.001283 0.006199
v -0.045893 -0.000677 0.006626
v -0.046016 0.001283 0.006199
v -0.044328 -0.000787 0.001340
v -0.045499 -0.002697 0.006293
v -0.042628 -0.004717 -0.002705
v -0.042987 -0.005897 -0.000875
v -0.044328 -0.000787 0.001340
v -0.042527 -0.002907 -0.003856
v -0.044927 -0.004497 0.005204
v -0.045499 -0.002697 0.006293
v -0.044328 -0.000787 0.001340
v -0.044284 -0.005777 0.003444
v -0.043550 -0.006287 0.001320
v -0.044284 -0.005777 0.003444
v -0.044328 -0.000787 0.001340
v -0.042987 -0.005897 -0.000875
v -0.042712 -0.000777 -0.004204
v -0.042527 -0.002907 -0.003856
v -0.044328 -0.000787 0.001340
v -0.043160 0.001303 -0.003670
v -0.043785 0.003043 -0.002372
v -0.043160 0.001303 -0.003670
v -0.044328 -0.000787 0.001340
v -0.044475 0.004133 -0.000537
v 0.032390 -0.000677 0.008488
v 0.044426 -0.000667 0.008486
v 0.044653 0.002003 0.007887
v 0.032390 0.001993 0.007890
v 0.038535 0.031813 0.012033
v 0.049783 0.030203 0.008886
v 0.049301 0.043793 -0.001189
v 0.038118 0.045153 0.002285
v 0.034527 0.066213 -0.015928
v 0.044942 0.067283 -0.021380
v 0.039909 0.075823 -0.029354
v 0.030774 0.072703 -0.022540
v 0.038432 0.003253 0.027234
v 0.049746 0.001973 0.024186
v 0.049880 0.016223 0.017529
v 0.038595 0.017763 0.020569
v 0.038118 0.045153 0.002285
v 0.049301 0.043793 -0.001189
v 0.047893 0.056393 -0.011656
v 0.036924 0.056913 -0.007444
v 0.037493 -0.026937 0.033288
v 0.048832 -0.027577 0.030133
v 0.049416 -0.012597 0.028465
v 0.038084 -0.011627 0.031559
v 0.038595 0.017763 0.020569
v 0.049880 0.016223 0.017529
v 0.049783 0.030203 0.008886
v 0.038535 0.031813 0.012033
v 0.035273 -0.058897 0.028452
v 0.046595 -0.058977 0.025172
v 0.047914 -0.043077 0.029037
v 0.036580 -0.042737 0.032254
v 0.038084 -0.011627 0.031559
v 0.049416 -0.012597 0.028465
v 0.049746 0.001973 0.024186
v 0.038432 0.003253 0.027234
v 0.031224 -0.091227 0.013143
v 0.042495 -0.091087 0.009688
v 0.044810 -0.075087 0.018625
v 0.033509 -0.075177 0.021976
v 0.036580 -0.042737 0.032254
v 0.047914 -0.043077 0.029037
v 0.048832 -0.027577 0.030133
v 0.037493 -0.026937 0.033288
v 0.024951 -0.120137 -0.008577
v 0.035998 -0.120747 -0.012615
v 0.039583 -0.106557 -0.001124
v 0.028372 -0.106517 0.002518
v 0.033509 -0.075177 0.021976
v 0.044810 -0.075087 0.018625
v 0.046595 -0.058977 0.025172
v 0.035273 -0.058897 0.028452
v 0.016904 -0.138997 -0.026658
v 0.026560 -0.142357 -0.032416
v 0.031670 -0.132907 -0.023451
v 0.021029 -0.131157 -0.018694
v 0.028372 -0.106517 0.002518
v 0.039583 -0.106557 -0.001124
v 0.042495 -0.091087 0.009688
v 0.031224 -0.091227 0.013143
v -0.000014 0.079153 -0.031903
v 0.018576 0.078133 -0.029624
v 0.022898 0.084973 -0.038106
v -0.000014 0.087363 -0.040417
v 0.021029 -0.131157 -0.018694
v 0.031670 -0.132907 -0.023451
v 0.035998 -0.120747 -0.012615
v 0.024951 -0.120137 -0.008577
v 0.030774 0.072703 -0.022540
v 0.039909 0.075823 -0.029354
v 0.032445 0.081593 -0.034845
v 0.025545 0.076393 -0.026973
v 0.016904 -0.138997 -0.026658
v 0.012838 -0.143448 -0.031706
v 0.020674 -0.148723 -0.038613
v 0.026560 -0.142357 -0.032416
v 0.014154 -0.152450 -0.042301
v 0.006845 -0.145746 -0.034914
v -0.000014 -0.146618 -0.036564
v -0.000014 -0.155079 -0.044917
v 0.025545 0.076393 -0.026973
v 0.032445 0.081593 -0.034845
v 0.022898 0.084973 -0.038106
v 0.018576 0.078133 -0.029624
v 0.038432 0.003253 0.027234
v 0.032837 0.001983 0.007806
v 0.032603 -0.000807 0.008370
v 0.038432 0.003253 0.027234
v 0.032603 -0.000807 0.008370
v 0.032100 -0.003597 0.007806
v 0.032837 0.001983 0.007806
v 0.038432 0.003253 0.027234
v 0.032754 0.004363 0.006231
v 0.012238 -0.084247 -0.036426
v -0.000014 -0.084067 -0.039170
v -0.000014 -0.071847 -0.035637
v 0.012957 -0.071917 -0.032675
v 0.032327 0.005933 0.003858
v 0.031955 0.008383 0.001322
v 0.031617 0.006503 0.001067
v 0.020674 -0.148723 -0.038613
v 0.012838 -0.143448 -0.031706
v 0.006845 -0.145746 -0.034914
v 0.014154 -0.152450 -0.042301
v 0.030715 0.005933 -0.001725
v 0.031955 0.008383 0.001322
v 0.029505 0.009463 -0.007195
v 0.031617 0.006503 0.001067
v 0.031955 0.008383 0.001322
v 0.030715 0.005933 -0.001725
v 0.033321 -0.045997 -0.013030
v 0.038706 -0.045297 -0.000987
v 0.037643 -0.059277 -0.003592
v 0.032394 -0.059307 -0.015006
v 0.037643 -0.059277 -0.003592
v 0.036241 -0.073607 -0.008101
v 0.031147 -0.072827 -0.018663
v 0.032394 -0.059307 -0.015006
v 0.012838 -0.143448 -0.031706
v 0.016904 -0.138997 -0.026658
v 0.009859 -0.123877 -0.039611
v 0.035273 -0.058897 0.028452
v 0.036580 -0.042737 0.032254
v 0.018008 -0.046727 -0.013359
v 0.017354 -0.060347 -0.014891
v 0.031147 -0.072827 -0.018663
v 0.036241 -0.073607 -0.008101
v 0.034437 -0.087847 -0.014364
v 0.029537 -0.086187 -0.023797
v 0.034437 -0.087847 -0.014364
v 0.032177 -0.101567 -0.021994
v 0.027532 -0.098907 -0.030060
v 0.029537 -0.086187 -0.023797
v 0.018469 -0.033537 -0.013457
v 0.032935 -0.028657 0.017453
v 0.029154 -0.017437 0.002651
v 0.032100 -0.003597 0.007806
v 0.031505 -0.012497 0.008537
v 0.038084 -0.011627 0.031559
v 0.038432 0.003253 0.027234
v 0.023736 -0.072217 -0.026922
v 0.031147 -0.072827 -0.018663
v 0.029537 -0.086187 -0.023797
v 0.022452 -0.084867 -0.031181
v 0.025947 -0.034457 -0.022419
v 0.034004 -0.033157 -0.012721
v 0.033321 -0.045997 -0.013030
v 0.025457 -0.046637 -0.022388
v 0.025457 -0.046637 -0.022388
v 0.033321 -0.045997 -0.013030
v 0.032394 -0.059307 -0.015006
v 0.024732 -0.059327 -0.023917
v 0.019195 -0.107397 -0.041662
v 0.025119 -0.110387 -0.036717
v 0.022269 -0.119977 -0.042988
v 0.017503 -0.115917 -0.046292
v 0.027532 -0.098907 -0.030060
v 0.032177 -0.101567 -0.021994
v 0.029381 -0.114097 -0.030153
v 0.025119 -0.110387 -0.036717
v 0.029381 -0.114097 -0.030153
v 0.025970 -0.124777 -0.037912
v 0.022269 -0.119977 -0.042988
v 0.025119 -0.110387 -0.036717
v 0.031224 -0.091227 0.013143
v 0.033509 -0.075177 0.021976
v 0.016478 -0.074057 -0.017921
v 0.015352 -0.087387 -0.022199
v 0.024951 -0.120137 -0.008577
v 0.028372 -0.106517 0.002518
v 0.013979 -0.099807 -0.027344
v 0.012462 -0.110617 -0.032571
v 0.022269 -0.119977 -0.042988
v 0.025970 -0.124777 -0.037912
v 0.021883 -0.133077 -0.044430
v 0.018866 -0.127237 -0.048270
v 0.026620 0.042663 -0.053827
v 0.030895 0.054033 -0.049030
v 0.035035 0.047183 -0.042479
v 0.030061 0.037183 -0.048446
v 0.018897 -0.009427 -0.018483
v 0.026677 -0.006707 -0.007629
v 0.027336 0.003813 -0.010557
v 0.018876 0.001283 -0.022944
v 0.033509 -0.075177 0.021976
v 0.035273 -0.058897 0.028452
v 0.017354 -0.060347 -0.014891
v 0.016478 -0.074057 -0.017921
v 0.017503 -0.115917 -0.046292
v 0.022269 -0.119977 -0.042988
v 0.018866 -0.127237 -0.048270
v 0.016178 -0.121187 -0.049178
v 0.029537 -0.086187 -0.023797
v 0.027532 -0.098907 -0.030060
v 0.020898 -0.096807 -0.036341
v 0.022452 -0.084867 -0.031181
v 0.020898 -0.096807 -0.036341
v 0.027532 -0.098907 -0.030060
v 0.025119 -0.110387 -0.036717
v 0.019195 -0.107397 -0.041662
v 0.026346 -0.012417 -0.027020
v 0.034532 -0.009927 -0.017561
v 0.034446 -0.021067 -0.014160
v 0.026237 -0.023047 -0.024015
v 0.018762 -0.021057 -0.015227
v 0.027025 -0.016787 -0.003386
v 0.026677 -0.006707 -0.007629
v 0.018897 -0.009427 -0.018483
v 0.034527 0.066213 -0.015928
v 0.030774 0.072703 -0.022540
v 0.016220 0.036903 -0.045511
v 0.017000 0.033313 -0.043106
v 0.028023 -0.005967 -0.004098
v 0.027836 -0.003597 -0.005673
v 0.027336 0.003813 -0.010557
v 0.026677 -0.006707 -0.007629
v 0.028119 -0.000807 -0.006237
v 0.028808 0.001983 -0.005673
v 0.027336 0.003813 -0.010557
v 0.027836 -0.003597 -0.005673
v 0.029735 0.004363 -0.004098
v 0.029505 0.009463 -0.007195
v 0.027336 0.003813 -0.010557
v 0.028808 0.001983 -0.005673
v 0.025545 0.076393 -0.026973
v 0.016220 0.036903 -0.045511
v 0.030774 0.072703 -0.022540
v 0.015352 -0.087387 -0.022199
v -0.000014 -0.087677 -0.027806
v -0.000014 -0.099967 -0.032334
v 0.013979 -0.099807 -0.027344
v 0.029569 -0.008107 0.001067
v 0.028667 -0.007547 -0.001725
v 0.027025 -0.016787 -0.003386
v 0.029154 -0.017437 0.002651
v 0.028023 -0.005967 -0.004098
v 0.026677 -0.006707 -0.007629
v 0.027025 -0.016787 -0.003386
v 0.028667 -0.007547 -0.001725
v 0.026237 -0.023047 -0.024015
v 0.034446 -0.021067 -0.014160
v 0.034004 -0.033157 -0.012721
v 0.025947 -0.034457 -0.022419
v 0.026040 0.006763 -0.036278
v 0.034186 0.011303 -0.028268
v 0.034576 0.000933 -0.022069
v 0.026285 -0.002497 -0.031212
v 0.026285 -0.002497 -0.031212
v 0.034576 0.000933 -0.022069
v 0.034532 -0.009927 -0.017561
v 0.026346 -0.012417 -0.027020
v 0.024868 0.023073 -0.047269
v 0.032218 0.029833 -0.042075
v 0.033472 0.021053 -0.035180
v 0.025587 0.015373 -0.041829
v 0.030061 0.037183 -0.048446
v 0.035035 0.047183 -0.042479
v 0.037640 0.038393 -0.034673
v 0.032218 0.029833 -0.042075
v 0.037640 0.038393 -0.034673
v 0.039097 0.028373 -0.026382
v 0.033472 0.021053 -0.035180
v 0.032218 0.029833 -0.042075
v 0.032935 -0.028657 0.017453
v 0.037493 -0.026937 0.033288
v 0.038084 -0.011627 0.031559
v 0.031505 -0.012497 0.008537
v 0.029154 -0.017437 0.002651
v 0.036924 0.056913 -0.007444
v 0.034527 0.066213 -0.015928
v 0.017000 0.033313 -0.043106
v 0.017791 0.027453 -0.038964
v 0.033472 0.021053 -0.035180
v 0.039097 0.028373 -0.026382
v 0.039937 0.018643 -0.018585
v 0.034186 0.011303 -0.028268
v 0.018698 0.011083 -0.028201
v 0.018876 0.001283 -0.022944
v 0.027336 0.003813 -0.010557
v 0.029505 0.009463 -0.007195
v 0.025587 0.015373 -0.041829
v 0.033472 0.021053 -0.035180
v 0.034186 0.011303 -0.028268
v 0.026040 0.006763 -0.036278
v 0.022742 0.033763 -0.054816
v 0.026620 0.042663 -0.053827
v 0.030061 0.037183 -0.048446
v 0.023840 0.029513 -0.051913
v 0.023840 0.029513 -0.051913
v 0.030061 0.037183 -0.048446
v 0.032218 0.029833 -0.042075
v 0.024868 0.023073 -0.047269
v 0.012957 -0.071917 -0.032675
v -0.000014 -0.071847 -0.035637
v -0.000014 -0.059487 -0.033198
v 0.013518 -0.059407 -0.030063
v -0.000014 -0.059487 -0.033198
v -0.000014 -0.047357 -0.032047
v 0.013923 -0.047097 -0.028796
v 0.013518 -0.059407 -0.030063
v 0.017354 -0.060347 -0.014891
v -0.000014 -0.061037 -0.021359
v -0.000014 -0.074537 -0.024019
v 0.016478 -0.074057 -0.017921
v 0.013923 -0.047097 -0.028796
v -0.000014 -0.047357 -0.032047
v -0.000014 -0.035807 -0.032266
v 0.014194 -0.035337 -0.028955
v 0.018008 -0.046727 -0.013359
v -0.000014 -0.047607 -0.020099
v -0.000014 -0.061037 -0.021359
v 0.017354 -0.060347 -0.014891
v -0.000014 0.063173 -0.059357
v -0.000014 0.075933 -0.051066
v 0.020174 0.073643 -0.048648
v 0.017579 0.061313 -0.056795
v 0.016478 -0.074057 -0.017921
v -0.000014 -0.074537 -0.024019
v -0.000014 -0.087677 -0.027806
v 0.015352 -0.087387 -0.022199
v 0.025457 -0.046637 -0.022388
v 0.013923 -0.047097 -0.028796
v 0.014194 -0.035337 -0.028955
v 0.025947 -0.034457 -0.022419
v 0.022452 -0.084867 -0.031181
v 0.012238 -0.084247 -0.036426
v 0.012957 -0.071917 -0.032675
v 0.023736 -0.072217 -0.026922
v 0.023736 -0.072217 -0.026922
v 0.012957 -0.071917 -0.032675
v 0.013518 -0.059407 -0.030063
v 0.024732 -0.059327 -0.023917
v 0.026346 -0.012417 -0.027020
v 0.014410 -0.014257 -0.033397
v 0.014374 -0.004897 -0.037286
v 0.026285 -0.002497 -0.031212
v 0.017579 0.061313 -0.056795
v 0.020174 0.073643 -0.048648
v 0.028639 0.070493 -0.045495
v 0.024991 0.058633 -0.053770
v -0.000014 0.075933 -0.051066
v -0.000014 0.087363 -0.040417
v 0.022898 0.084973 -0.038106
v 0.020174 0.073643 -0.048648
v 0.022898 0.084973 -0.038106
v 0.032445 0.081593 -0.034845
v 0.028639 0.070493 -0.045495
v 0.020174 0.073643 -0.048648
v 0.018576 0.078133 -0.029624
v 0.016220 0.036903 -0.045511
v 0.025545 0.076393 -0.026973
v -0.000014 -0.035807 -0.032266
v -0.000014 -0.025077 -0.033860
v 0.014353 -0.024387 -0.030544
v 0.014194 -0.035337 -0.028955
v 0.035323 0.065173 -0.040342
v 0.039909 0.075823 -0.029354
v 0.044942 0.067283 -0.021380
v 0.039925 0.057343 -0.033007
v 0.028639 0.070493 -0.045495
v 0.032445 0.081593 -0.034845
v 0.039909 0.075823 -0.029354
v 0.035323 0.065173 -0.040342
v 0.038118 0.045153 0.002285
v 0.036924 0.056913 -0.007444
v 0.017791 0.027453 -0.038964
v 0.018351 0.019903 -0.033764
v 0.037640 0.038393 -0.034673
v 0.042726 0.047383 -0.024149
v 0.044169 0.036073 -0.014772
v 0.039097 0.028373 -0.026382
v 0.024991 0.058633 -0.053770
v 0.028639 0.070493 -0.045495
v 0.035323 0.065173 -0.040342
v 0.030895 0.054033 -0.049030
v 0.038535 0.031813 0.012033
v 0.038118 0.045153 0.002285
v 0.018351 0.019903 -0.033764
v 0.018698 0.011083 -0.028201
v 0.014353 -0.024387 -0.030544
v -0.000014 -0.025077 -0.033860
v -0.000014 -0.015187 -0.036666
v 0.014410 -0.014257 -0.033397
v 0.016220 0.036903 -0.045511
v -0.000014 0.036563 -0.050100
v -0.000014 0.030393 -0.047572
v 0.017000 0.033313 -0.043106
v -0.000014 -0.015187 -0.036666
v -0.000014 -0.006077 -0.040455
v 0.014374 -0.004897 -0.037286
v 0.014410 -0.014257 -0.033397
v 0.018897 -0.009427 -0.018483
v -0.000014 -0.011297 -0.025354
v -0.000014 -0.022507 -0.022185
v 0.018762 -0.021057 -0.015227
v 0.014374 -0.004897 -0.037286
v -0.000014 -0.006077 -0.040455
v -0.000014 0.002373 -0.044929
v 0.014250 0.003793 -0.041904
v 0.018876 0.001283 -0.022944
v -0.000014 -0.001117 -0.029572
v -0.000014 -0.011297 -0.025354
v 0.018897 -0.009427 -0.018483
v -0.000014 0.002373 -0.044929
v -0.000014 0.010343 -0.049739
v 0.014052 0.011913 -0.046888
v 0.014250 0.003793 -0.041904
v 0.018762 -0.021057 -0.015227
v -0.000014 -0.022507 -0.022185
v -0.000014 -0.034657 -0.020364
v 0.018469 -0.033537 -0.013457
v 0.026285 -0.002497 -0.031212
v 0.014374 -0.004897 -0.037286
v 0.014250 0.003793 -0.041904
v 0.026040 0.006763 -0.036278
v 0.014194 -0.035337 -0.028955
v 0.014353 -0.024387 -0.030544
v 0.026237 -0.023047 -0.024015
v 0.025947 -0.034457 -0.022419
v 0.026237 -0.023047 -0.024015
v 0.014353 -0.024387 -0.030544
v 0.014410 -0.014257 -0.033397
v 0.026346 -0.012417 -0.027020
v 0.024868 0.023073 -0.047269
v 0.013824 0.019543 -0.051733
v 0.013651 0.026743 -0.055912
v 0.023840 0.029513 -0.051913
v 0.014052 0.011913 -0.046888
v -0.000014 0.010343 -0.049739
v -0.000014 0.017993 -0.054420
v 0.013824 0.019543 -0.051733
v 0.021029 -0.131157 -0.018694
v 0.024951 -0.120137 -0.008577
v 0.012462 -0.110617 -0.032571
v 0.010962 -0.119017 -0.036990
v -0.000014 0.017993 -0.054420
v -0.000014 0.025543 -0.058486
v 0.013651 0.026743 -0.055912
v 0.013824 0.019543 -0.051733
v 0.017791 0.027453 -0.038964
v -0.000014 0.023693 -0.043908
v -0.000014 0.016293 -0.039356
v 0.018351 0.019903 -0.033764
v 0.013651 0.026743 -0.055912
v -0.000014 0.025543 -0.058486
v -0.000014 0.033133 -0.061499
v 0.013762 0.033733 -0.058955
v 0.017000 0.033313 -0.043106
v -0.000014 0.030393 -0.047572
v -0.000014 0.023693 -0.043908
v 0.017791 0.027453 -0.038964
v -0.000014 -0.136537 -0.056866
v 0.010221 -0.134627 -0.054632
v 0.011739 -0.141947 -0.051970
v -0.000014 -0.144297 -0.054271
v 0.018351 0.019903 -0.033764
v -0.000014 0.016293 -0.039356
v -0.000014 0.008063 -0.034400
v 0.018698 0.011083 -0.028201
v 0.023840 0.029513 -0.051913
v 0.013651 0.026743 -0.055912
v 0.013762 0.033733 -0.058955
v 0.019252 0.033863 -0.056902
v 0.022742 0.033763 -0.054816
v 0.014250 0.003793 -0.041904
v 0.014052 0.011913 -0.046888
v 0.025587 0.015373 -0.041829
v 0.026040 0.006763 -0.036278
v 0.025587 0.015373 -0.041829
v 0.014052 0.011913 -0.046888
v 0.013824 0.019543 -0.051733
v 0.024868 0.023073 -0.047269
v 0.019195 -0.107397 -0.041662
v 0.010523 -0.106647 -0.045737
v 0.011386 -0.095967 -0.040995
v 0.020898 -0.096807 -0.036341
v 0.011739 -0.141947 -0.051970
v 0.010221 -0.134627 -0.054632
v 0.014822 -0.131957 -0.052128
v 0.017099 -0.138667 -0.049077
v -0.000014 -0.124487 -0.055130
v 0.009465 -0.123617 -0.053022
v 0.010221 -0.134627 -0.054632
v -0.000014 -0.136537 -0.056866
v 0.009465 -0.123617 -0.053022
v 0.013461 -0.122547 -0.051160
v 0.014822 -0.131957 -0.052128
v 0.010221 -0.134627 -0.054632
v -0.000014 -0.124487 -0.055130
v -0.000014 -0.116247 -0.052097
v 0.009809 -0.115907 -0.049948
v 0.009465 -0.123617 -0.053022
v 0.036580 -0.042737 0.032254
v 0.037493 -0.026937 0.033288
v 0.032935 -0.028657 0.017453
v 0.018469 -0.033537 -0.013457
v 0.018008 -0.046727 -0.013359
v 0.014822 -0.131957 -0.052128
v 0.013461 -0.122547 -0.051160
v 0.016178 -0.121187 -0.049178
v 0.018866 -0.127237 -0.048270
v 0.017099 -0.138667 -0.049077
v 0.014822 -0.131957 -0.052128
v 0.018866 -0.127237 -0.048270
v 0.021883 -0.133077 -0.044430
v 0.009809 -0.115907 -0.049948
v -0.000014 -0.116247 -0.052097
v -0.000014 -0.106607 -0.048023
v 0.010523 -0.106647 -0.045737
v -0.000014 -0.106607 -0.048023
v -0.000014 -0.095767 -0.043497
v 0.011386 -0.095967 -0.040995
v 0.010523 -0.106647 -0.045737
v 0.012462 -0.110617 -0.032571
v -0.000014 -0.110947 -0.036910
v -0.000014 -0.120147 -0.040819
v 0.010962 -0.119017 -0.036990
v 0.011386 -0.095967 -0.040995
v -0.000014 -0.095767 -0.043497
v -0.000014 -0.084067 -0.039170
v 0.012238 -0.084247 -0.036426
v 0.013979 -0.099807 -0.027344
v -0.000014 -0.099967 -0.032334
v -0.000014 -0.110947 -0.036910
v 0.012462 -0.110617 -0.032571
v 0.020674 -0.148723 -0.038613
v 0.017099 -0.138667 -0.049077
v 0.021883 -0.133077 -0.044430
v 0.026560 -0.142357 -0.032416
v 0.010962 -0.119017 -0.036990
v -0.000014 -0.120147 -0.040819
v -0.000014 -0.127217 -0.043555
v 0.009859 -0.123877 -0.039611
v 0.020898 -0.096807 -0.036341
v 0.011386 -0.095967 -0.040995
v 0.012238 -0.084247 -0.036426
v 0.022452 -0.084867 -0.031181
v 0.013461 -0.122547 -0.051160
v 0.009465 -0.123617 -0.053022
v 0.009809 -0.115907 -0.049948
v 0.017503 -0.115917 -0.046292
v 0.016178 -0.121187 -0.049178
v 0.017503 -0.115917 -0.046292
v 0.009809 -0.115907 -0.049948
v 0.010523 -0.106647 -0.045737
v 0.019195 -0.107397 -0.041662
v -0.000014 -0.047607 -0.020099
v 0.018008 -0.046727 -0.013359
v 0.018469 -0.033537 -0.013457
v -0.000014 -0.034657 -0.020364
v 0.006845 -0.145746 -0.034914
v -0.000014 -0.127217 -0.043555
v -0.000014 -0.146618 -0.036564
v 0.025970 -0.124777 -0.037912
v 0.031670 -0.132907 -0.023451
v 0.026560 -0.142357 -0.032416
v 0.021883 -0.133077 -0.044430
v -0.000014 0.048533 -0.063238
v 0.015269 0.047673 -0.060585
v 0.013762 0.033733 -0.058955
v -0.000014 0.033133 -0.061499
v 0.014154 -0.152450 -0.042301
v 0.011739 -0.141947 -0.051970
v 0.017099 -0.138667 -0.049077
v 0.020674 -0.148723 -0.038613
v 0.032177 -0.101567 -0.021994
v 0.039583 -0.106557 -0.001124
v 0.035998 -0.120747 -0.012615
v 0.029381 -0.114097 -0.030153
v 0.013762 0.033733 -0.058955
v 0.015269 0.047673 -0.060585
v 0.021626 0.045993 -0.057862
v 0.019252 0.033863 -0.056902
v -0.000014 0.063173 -0.059357
v 0.017579 0.061313 -0.056795
v 0.015269 0.047673 -0.060585
v -0.000014 0.048533 -0.063238
v 0.017579 0.061313 -0.056795
v 0.024991 0.058633 -0.053770
v 0.021626 0.045993 -0.057862
v 0.015269 0.047673 -0.060585
v 0.034186 0.011303 -0.028268
v 0.038178 0.002903 -0.015139
v 0.034576 0.000933 -0.022069
v 0.021626 0.045993 -0.057862
v 0.024991 0.058633 -0.053770
v 0.030895 0.054033 -0.049030
v 0.026620 0.042663 -0.053827
v 0.019252 0.033863 -0.056902
v 0.021626 0.045993 -0.057862
v 0.026620 0.042663 -0.053827
v 0.022742 0.033763 -0.054816
v 0.039925 0.057343 -0.033007
v 0.044942 0.067283 -0.021380
v 0.047893 0.056393 -0.011656
v 0.042726 0.047383 -0.024149
v 0.047893 0.056393 -0.011656
v 0.049301 0.043793 -0.001189
v 0.044169 0.036073 -0.014772
v 0.042726 0.047383 -0.024149
v 0.044169 0.036073 -0.014772
v 0.049301 0.043793 -0.001189
v 0.049783 0.030203 0.008886
v 0.044753 0.024973 -0.006431
v 0.044753 0.024973 -0.006431
v 0.047081 0.012583 0.009039
v 0.044885 0.016213 -0.000932
v 0.016904 -0.138997 -0.026658
v 0.021029 -0.131157 -0.018694
v 0.010962 -0.119017 -0.036990
v 0.009859 -0.123877 -0.039611
v 0.039097 0.028373 -0.026382
v 0.044169 0.036073 -0.014772
v 0.044753 0.024973 -0.006431
v 0.039937 0.018643 -0.018585
v 0.030895 0.054033 -0.049030
v 0.035323 0.065173 -0.040342
v 0.039925 0.057343 -0.033007
v 0.035035 0.047183 -0.042479
v 0.035035 0.047183 -0.042479
v 0.039925 0.057343 -0.033007
v 0.042726 0.047383 -0.024149
v 0.037640 0.038393 -0.034673
v 0.044753 0.024973 -0.006431
v 0.044885 0.016213 -0.000932
v 0.042826 0.015253 -0.007560
v 0.038595 0.017763 0.020569
v 0.032754 0.004363 0.006231
v 0.038432 0.003253 0.027234
v 0.038535 0.031813 0.012033
v 0.029505 0.009463 -0.007195
v 0.031955 0.008383 0.001322
v 0.038595 0.017763 0.020569
v 0.028372 -0.106517 0.002518
v 0.031224 -0.091227 0.013143
v 0.015352 -0.087387 -0.022199
v 0.013979 -0.099807 -0.027344
v 0.032754 0.004363 0.006231
v 0.038595 0.017763 0.020569
v 0.032327 0.005933 0.003858
v 0.029735 0.004363 -0.004098
v 0.030715 0.005933 -0.001725
v 0.029505 0.009463 -0.007195
v 0.032100 -0.003597 0.007806
v 0.031383 -0.005967 0.006231
v 0.031505 -0.012497 0.008537
v 0.032327 0.005933 0.003858
v 0.038595 0.017763 0.020569
v 0.031955 0.008383 0.001322
v 0.036241 -0.073607 -0.008101
v 0.044810 -0.075087 0.018625
v 0.042495 -0.091087 0.009688
v 0.034437 -0.087847 -0.014364
v 0.039583 -0.106557 -0.001124
v 0.032177 -0.101567 -0.021994
v 0.034437 -0.087847 -0.014364
v 0.042495 -0.091087 0.009688
v 0.029381 -0.114097 -0.030153
v 0.035998 -0.120747 -0.012615
v 0.031670 -0.132907 -0.023451
v 0.025970 -0.124777 -0.037912
v 0.006845 -0.145746 -0.034914
v 0.012838 -0.143448 -0.031706
v 0.009859 -0.123877 -0.039611
v -0.000014 -0.127217 -0.043555
v 0.038706 -0.045297 -0.000987
v 0.047914 -0.043077 0.029037
v 0.046595 -0.058977 0.025172
v 0.037643 -0.059277 -0.003592
v 0.044124 -0.030447 0.014121
v 0.048832 -0.027577 0.030133
v 0.047914 -0.043077 0.029037
v 0.037643 -0.059277 -0.003592
v 0.046595 -0.058977 0.025172
v 0.044810 -0.075087 0.018625
v 0.036241 -0.073607 -0.008101
v -0.000014 -0.001117 -0.029572
v 0.018876 0.001283 -0.022944
v 0.018698 0.011083 -0.028201
v -0.000014 0.008063 -0.034400
v 0.044124 -0.030447 0.014121
v 0.044496 -0.018847 0.012732
v 0.046801 -0.013197 0.019144
v 0.018762 -0.021057 -0.015227
v 0.018469 -0.033537 -0.013457
v 0.029154 -0.017437 0.002651
v 0.027025 -0.016787 -0.003386
v 0.031505 -0.012497 0.008537
v 0.031383 -0.005967 0.006231
v 0.030513 -0.007547 0.003858
v 0.029569 -0.008107 0.001067
v 0.029154 -0.017437 0.002651
v 0.031505 -0.012497 0.008537
v 0.030513 -0.007547 0.003858
v 0.034532 -0.009927 -0.017561
v 0.034576 0.000933 -0.022069
v 0.038178 0.002903 -0.015139
v 0.037388 -0.008917 -0.011996
v 0.039561 -0.032417 0.000062
v 0.037869 -0.019417 -0.007199
v 0.040370 -0.021717 0.000278
v 0.024732 -0.059327 -0.023917
v 0.032394 -0.059307 -0.015006
v 0.031147 -0.072827 -0.018663
v 0.023736 -0.072217 -0.026922
v 0.034532 -0.009927 -0.017561
v 0.037388 -0.008917 -0.011996
v 0.037869 -0.019417 -0.007199
v 0.034446 -0.021067 -0.014160
v 0.049746 0.001973 0.024186
v 0.047595 0.000243 0.017002
v 0.047081 0.012583 0.009039
v 0.049880 0.016223 0.017529
v 0.049746 0.001973 0.024186
v 0.049416 -0.012597 0.028465
v 0.046801 -0.013197 0.019144
v 0.047595 0.000243 0.017002
v 0.039561 -0.032417 0.000062
v 0.040370 -0.021717 0.000278
v 0.044496 -0.018847 0.012732
v 0.044124 -0.030447 0.014121
v 0.039937 0.018643 -0.018585
v 0.044753 0.024973 -0.006431
v 0.042826 0.015253 -0.007560
v 0.040670 0.011263 -0.012324
v 0.049783 0.030203 0.008886
v 0.049880 0.016223 0.017529
v 0.047081 0.012583 0.009039
v 0.044753 0.024973 -0.006431
v 0.041809 -0.009917 0.001100
v 0.039870 -0.008367 0.001621
v 0.040782 -0.007577 0.004563
v 0.042902 -0.009227 0.004548
v 0.040950 0.002743 -0.007270
v 0.039244 0.002583 -0.005467
v 0.038575 -0.000437 -0.006293
v 0.040194 -0.000737 -0.007954
v 0.040148 -0.007227 -0.005300
v 0.038433 -0.006197 -0.004073
v 0.038988 -0.007917 -0.001383
v 0.040830 -0.009207 -0.002357
v 0.042902 -0.009227 0.004548
v 0.040782 -0.007577 0.004563
v 0.041681 -0.005817 0.006856
v 0.043954 -0.007277 0.007477
v 0.041681 -0.005817 0.006856
v 0.042367 -0.003277 0.008331
v 0.044830 -0.004327 0.009429
v 0.043954 -0.007277 0.007477
v 0.040830 -0.009207 -0.002357
v 0.038988 -0.007917 -0.001383
v 0.039870 -0.008367 0.001621
v 0.041809 -0.009917 0.001100
v 0.042957 -0.000557 0.008764
v 0.043240 0.002123 0.008144
v 0.045742 0.002643 0.009416
v 0.045448 -0.000847 0.010128
v 0.044830 -0.004327 0.009429
v 0.042367 -0.003277 0.008331
v 0.042957 -0.000557 0.008764
v 0.045448 -0.000847 0.010128
v 0.043124 0.004413 0.006661
v 0.042643 0.005943 0.004481
v 0.045116 0.007593 0.004485
v 0.045643 0.005623 0.007443
v 0.045742 0.002643 0.009416
v 0.043240 0.002123 0.008144
v 0.043124 0.004413 0.006661
v 0.045643 0.005623 0.007443
v 0.041978 0.006653 0.001716
v 0.041077 0.006313 -0.001060
v 0.043163 0.007613 -0.002424
v 0.044248 0.008303 0.001020
v 0.045116 0.007593 0.004485
v 0.042643 0.005943 0.004481
v 0.041978 0.006653 0.001716
v 0.044248 0.008303 0.001020
v 0.038575 -0.000437 -0.006293
v 0.038237 -0.003507 -0.005831
v 0.039920 -0.004237 -0.007252
v 0.040194 -0.000737 -0.007954
v 0.043163 0.007613 -0.002424
v 0.041077 0.006313 -0.001060
v 0.040145 0.004873 -0.003650
v 0.042009 0.005673 -0.005340
v 0.039920 -0.004237 -0.007252
v 0.038237 -0.003507 -0.005831
v 0.038433 -0.006197 -0.004073
v 0.040148 -0.007227 -0.005300
v 0.037388 -0.008917 -0.011996
v 0.038178 0.002903 -0.015139
v 0.039920 -0.004237 -0.007252
v 0.040148 -0.007227 -0.005300
v 0.040830 -0.009207 -0.002357
v 0.037869 -0.019417 -0.007199
v 0.037388 -0.008917 -0.011996
v 0.040148 -0.007227 -0.005300
v 0.040670 0.011263 -0.012324
v 0.042009 0.005673 -0.005340
v 0.040950 0.002743 -0.007270
v 0.038178 0.002903 -0.015139
v 0.038178 0.002903 -0.015139
v 0.040950 0.002743 -0.007270
v 0.040194 -0.000737 -0.007954
v 0.039920 -0.004237 -0.007252
v 0.040670 0.011263 -0.012324
v 0.042826 0.015253 -0.007560
v 0.043163 0.007613 -0.002424
v 0.042009 0.005673 -0.005340
v 0.042826 0.015253 -0.007560
v 0.044885 0.016213 -0.000932
v 0.044248 0.008303 0.001020
v 0.043163 0.007613 -0.002424
v 0.047081 0.012583 0.009039
v 0.045116 0.007593 0.004485
v 0.044248 0.008303 0.001020
v 0.044885 0.016213 -0.000932
v 0.047595 0.000243 0.017002
v 0.045448 -0.000847 0.010128
v 0.045742 0.002643 0.009416
v 0.047081 0.012583 0.009039
v 0.047081 0.012583 0.009039
v 0.045742 0.002643 0.009416
v 0.045643 0.005623 0.007443
v 0.045116 0.007593 0.004485
v 0.047595 0.000243 0.017002
v 0.046801 -0.013197 0.019144
v 0.044830 -0.004327 0.009429
v 0.045448 -0.000847 0.010128
v 0.038237 -0.003507 -0.005831
v 0.038575 -0.000437 -0.006293
v 0.028119 -0.000807 -0.006237
v 0.027836 -0.003597 -0.005673
v 0.046801 -0.013197 0.019144
v 0.044496 -0.018847 0.012732
v 0.043954 -0.007277 0.007477
v 0.044830 -0.004327 0.009429
v 0.044496 -0.018847 0.012732
v 0.040370 -0.021717 0.000278
v 0.041809 -0.009917 0.001100
v 0.042902 -0.009227 0.004548
v 0.038433 -0.006197 -0.004073
v 0.038237 -0.003507 -0.005831
v 0.027836 -0.003597 -0.005673
v 0.028023 -0.005967 -0.004098
v 0.038988 -0.007917 -0.001383
v 0.038433 -0.006197 -0.004073
v 0.028023 -0.005967 -0.004098
v 0.028667 -0.007547 -0.001725
v 0.039870 -0.008367 0.001621
v 0.038988 -0.007917 -0.001383
v 0.028667 -0.007547 -0.001725
v 0.029569 -0.008107 0.001067
v 0.040782 -0.007577 0.004563
v 0.039870 -0.008367 0.001621
v 0.029569 -0.008107 0.001067
v 0.030513 -0.007547 0.003858
v 0.041681 -0.005817 0.006856
v 0.040782 -0.007577 0.004563
v 0.030513 -0.007547 0.003858
v 0.031383 -0.005967 0.006231
v 0.042367 -0.003277 0.008331
v 0.041681 -0.005817 0.006856
v 0.031383 -0.005967 0.006231
v 0.032100 -0.003597 0.007806
v 0.042957 -0.000557 0.008764
v 0.042367 -0.003277 0.008331
v 0.032100 -0.003597 0.007806
v 0.032603 -0.000807 0.008370
v 0.043240 0.002123 0.008144
v 0.042957 -0.000557 0.008764
v 0.032603 -0.000807 0.008370
v 0.032837 0.001983 0.007806
v 0.043124 0.004413 0.006661
v 0.043240 0.002123 0.008144
v 0.032837 0.001983 0.007806
v 0.032754 0.004363 0.006231
v 0.042643 0.005943 0.004481
v 0.043124 0.004413 0.006661
v 0.032754 0.004363 0.006231
v 0.032327 0.005933 0.003858
v 0.041978 0.006653 0.001716
v 0.042643 0.005943 0.004481
v 0.032327 0.005933 0.003858
v 0.031617 0.006503 0.001067
v 0.041077 0.006313 -0.001060
v 0.041978 0.006653 0.001716
v 0.031617 0.006503 0.001067
v 0.030715 0.005933 -0.001725
v 0.040145 0.004873 -0.003650
v 0.041077 0.006313 -0.001060
v 0.030715 0.005933 -0.001725
v 0.029735 0.004363 -0.004098
v 0.039244 0.002583 -0.005467
v 0.040145 0.004873 -0.003650
v 0.029735 0.004363 -0.004098
v 0.028808 0.001983 -0.005673
v 0.038575 -0.000437 -0.006293
v 0.039244 0.002583 -0.005467
v 0.028808 0.001983 -0.005673
v 0.028119 -0.000807 -0.006237
v 0.044496 -0.018847 0.012732
v 0.042902 -0.009227 0.004548
v 0.043954 -0.007277 0.007477
v 0.041809 -0.009917 0.001100
v 0.040370 -0.021717 0.000278
v 0.037869 -0.019417 -0.007199
v 0.040830 -0.009207 -0.002357
v 0.048832 -0.027577 0.030133
v 0.044124 -0.030447 0.014121
v 0.046801 -0.013197 0.019144
v 0.049416 -0.012597 0.028465
v 0.034004 -0.033157 -0.012721
v 0.039561 -0.032417 0.000062
v 0.038706 -0.045297 -0.000987
v 0.033321 -0.045997 -0.013030
v 0.036924 0.056913 -0.007444
v 0.047893 0.056393 -0.011656
v 0.044942 0.067283 -0.021380
v 0.034527 0.066213 -0.015928
v 0.038535 0.031813 0.012033
v 0.018698 0.011083 -0.028201
v 0.029505 0.009463 -0.007195
v 0.018576 0.078133 -0.029624
v -0.000014 0.079153 -0.031903
v -0.000014 0.036563 -0.050100
v 0.016220 0.036903 -0.045511
v 0.042009 0.005673 -0.005340
v 0.040145 0.004873 -0.003650
v 0.039244 0.002583 -0.005467
v 0.040950 0.002743 -0.007270
v 0.034004 -0.033157 -0.012721
v 0.034446 -0.021067 -0.014160
v 0.037869 -0.019417 -0.007199
v 0.039561 -0.032417 0.000062
v 0.039937 0.018643 -0.018585
v 0.040670 0.011263 -0.012324
v 0.038178 0.002903 -0.015139
v 0.034186 0.011303 -0.028268
v -0.000014 -0.144297 -0.054271
v 0.011739 -0.141947 -0.051970
v 0.014154 -0.152450 -0.042301
v -0.000014 -0.155079 -0.044917
v 0.039561 -0.032417 0.000062
v 0.044124 -0.030447 0.014121
v 0.047914 -0.043077 0.029037
v 0.038706 -0.045297 -0.000987
v 0.024732 -0.059327 -0.023917
v 0.013518 -0.059407 -0.030063
v 0.013923 -0.047097 -0.028796
v 0.025457 -0.046637 -0.022388
v -0.038563 0.031813 0.012033
v -0.038146 0.045153 0.002285
v -0.049329 0.043793 -0.001189
v -0.049812 0.030203 0.008886
v -0.034555 0.066213 -0.015928
v -0.030802 0.072703 -0.022540
v -0.039937 0.075823 -0.029354
v -0.044971 0.067283 -0.021380
v -0.038460 0.003253 0.027234
v -0.038623 0.017763 0.020569
v -0.049908 0.016223 0.017529
v -0.049774 0.001973 0.024186
v -0.038146 0.045153 0.002285
v -0.036952 0.056913 -0.007444
v -0.047921 0.056393 -0.011656
v -0.049329 0.043793 -0.001189
v -0.037522 -0.026937 0.033288
v -0.038113 -0.011627 0.031559
v -0.049445 -0.012597 0.028465
v -0.048860 -0.027577 0.030133
v -0.038623 0.017763 0.020569
v -0.038563 0.031813 0.012033
v -0.049812 0.030203 0.008886
v -0.049908 0.016223 0.017529
v -0.035302 -0.058897 0.028452
v -0.036608 -0.042737 0.032254
v -0.047943 -0.043077 0.029037
v -0.046623 -0.058977 0.025172
v -0.038113 -0.011627 0.031559
v -0.038460 0.003253 0.027234
v -0.049774 0.001973 0.024186
v -0.049445 -0.012597 0.028465
v -0.031253 -0.091227 0.013143
v -0.033537 -0.075177 0.021976
v -0.044838 -0.075087 0.018625
v -0.042523 -0.091087 0.009688
v -0.036608 -0.042737 0.032254
v -0.037522 -0.026937 0.033288
v -0.048860 -0.027577 0.030133
v -0.047943 -0.043077 0.029037
v -0.024979 -0.120137 -0.008577
v -0.028400 -0.106517 0.002518
v -0.039611 -0.106557 -0.001124
v -0.036026 -0.120747 -0.012615
v -0.033537 -0.075177 0.021976
v -0.035302 -0.058897 0.028452
v -0.046623 -0.058977 0.025172
v -0.044838 -0.075087 0.018625
v -0.016933 -0.138997 -0.026658
v -0.021057 -0.131157 -0.018694
v -0.031698 -0.132907 -0.023451
v -0.026589 -0.142357 -0.032416
v -0.028400 -0.106517 0.002518
v -0.031253 -0.091227 0.013143
v -0.042523 -0.091087 0.009688
v -0.039611 -0.106557 -0.001124
v -0.000014 0.079153 -0.031903
v -0.000014 0.087363 -0.040417
v -0.022926 0.084973 -0.038106
v -0.018605 0.078133 -0.029624
v -0.021057 -0.131157 -0.018694
v -0.024979 -0.120137 -0.008577
v -0.036026 -0.120747 -0.012615
v -0.031698 -0.132907 -0.023451
v -0.030802 0.072703 -0.022540
v -0.025573 0.076393 -0.026973
v -0.032473 0.081593 -0.034845
v -0.039937 0.075823 -0.029354
v -0.016933 -0.138997 -0.026658
v -0.026589 -0.142357 -0.032416
v -0.020703 -0.148723 -0.038613
v -0.012866 -0.143448 -0.031706
v -0.014182 -0.152450 -0.042301
v -0.000014 -0.155079 -0.044917
v -0.000014 -0.146618 -0.036564
v -0.006873 -0.145746 -0.034914
v -0.025573 0.076393 -0.026973
v -0.018605 0.078133 -0.029624
v -0.022926 0.084973 -0.038106
v -0.032473 0.081593 -0.034845
v -0.038460 0.003253 0.027234
v -0.032631 -0.000807 0.008370
v -0.032865 0.001983 0.007806
v -0.038460 0.003253 0.027234
v -0.032128 -0.003597 0.007806
v -0.032631 -0.000807 0.008370
v -0.032865 0.001983 0.007806
v -0.032782 0.004363 0.006231
v -0.038460 0.003253 0.027234
v -0.012266 -0.084247 -0.036426
v -0.012985 -0.071917 -0.032675
v -0.000014 -0.071847 -0.035637
v -0.000014 -0.084067 -0.039170
v -0.032355 0.005933 0.003858
v -0.031645 0.006503 0.001067
v -0.031983 0.008383 0.001322
v -0.020703 -0.148723 -0.038613
v -0.014182 -0.152450 -0.042301
v -0.006873 -0.145746 -0.034914
v -0.012866 -0.143448 -0.031706
v -0.030744 0.005933 -0.001725
v -0.029533 0.009463 -0.007195
v -0.031983 0.008383 0.001322
v -0.031645 0.006503 0.001067
v -0.030744 0.005933 -0.001725
v -0.031983 0.008383 0.001322
v -0.033349 -0.045997 -0.013030
v -0.032422 -0.059307 -0.015006
v -0.037671 -0.059277 -0.003592
v -0.038734 -0.045297 -0.000987
v -0.037671 -0.059277 -0.003592
v -0.032422 -0.059307 -0.015006
v -0.031175 -0.072827 -0.018663
v -0.036269 -0.073607 -0.008101
v -0.012866 -0.143448 -0.031706
v -0.009888 -0.123877 -0.039611
v -0.016933 -0.138997 -0.026658
v -0.035302 -0.058897 0.028452
v -0.017383 -0.060347 -0.014891
v -0.018037 -0.046727 -0.013359
v -0.036608 -0.042737 0.032254
v -0.031175 -0.072827 -0.018663
v -0.029565 -0.086187 -0.023797
v -0.034465 -0.087847 -0.014364
v -0.036269 -0.073607 -0.008101
v -0.034465 -0.087847 -0.014364
v -0.029565 -0.086187 -0.023797
v -0.027560 -0.098907 -0.030060
v -0.032205 -0.101567 -0.021994
v -0.018497 -0.033537 -0.013457
v -0.029182 -0.017437 0.002651
v -0.032964 -0.028657 0.017453
v -0.032128 -0.003597 0.007806
v -0.038460 0.003253 0.027234
v -0.038113 -0.011627 0.031559
v -0.031533 -0.012497 0.008537
v -0.023764 -0.072217 -0.026922
v -0.022481 -0.084867 -0.031181
v -0.029565 -0.086187 -0.023797
v -0.031175 -0.072827 -0.018663
v -0.025975 -0.034457 -0.022419
v -0.025486 -0.046637 -0.022388
v -0.033349 -0.045997 -0.013030
v -0.034032 -0.033157 -0.012721
v -0.025486 -0.046637 -0.022388
v -0.024760 -0.059327 -0.023917
v -0.032422 -0.059307 -0.015006
v -0.033349 -0.045997 -0.013030
v -0.019223 -0.107397 -0.041662
v -0.017531 -0.115917 -0.046292
v -0.022297 -0.119977 -0.042988
v -0.025148 -0.110387 -0.036717
v -0.027560 -0.098907 -0.030060
v -0.025148 -0.110387 -0.036717
v -0.029410 -0.114097 -0.030153
v -0.032205 -0.101567 -0.021994
v -0.029410 -0.114097 -0.030153
v -0.025148 -0.110387 -0.036717
v -0.022297 -0.119977 -0.042988
v -0.025998 -0.124777 -0.037912
v -0.031253 -0.091227 0.013143
v -0.015380 -0.087387 -0.022199
v -0.016506 -0.074057 -0.017921
v -0.033537 -0.075177 0.021976
v -0.024979 -0.120137 -0.008577
v -0.012490 -0.110617 -0.032571
v -0.014008 -0.099807 -0.027344
v -0.028400 -0.106517 0.002518
v -0.022297 -0.119977 -0.042988
v -0.018894 -0.127237 -0.048270
v -0.021911 -0.133077 -0.044430
v -0.025998 -0.124777 -0.037912
v -0.026648 0.042663 -0.053827
v -0.030089 0.037183 -0.048446
v -0.035063 0.047183 -0.042479
v -0.030923 0.054033 -0.049030
v -0.018925 -0.009427 -0.018483
v -0.018904 0.001283 -0.022944
v -0.027364 0.003813 -0.010557
v -0.026706 -0.006707 -0.007629
v -0.033537 -0.075177 0.021976
v -0.016506 -0.074057 -0.017921
v -0.017383 -0.060347 -0.014891
v -0.035302 -0.058897 0.028452
v -0.017531 -0.115917 -0.046292
v -0.016207 -0.121187 -0.049178
v -0.018894 -0.127237 -0.048270
v -0.022297 -0.119977 -0.042988
v -0.029565 -0.086187 -0.023797
v -0.022481 -0.084867 -0.031181
v -0.020926 -0.096807 -0.036341
v -0.027560 -0.098907 -0.030060
v -0.020926 -0.096807 -0.036341
v -0.019223 -0.107397 -0.041662
v -0.025148 -0.110387 -0.036717
v -0.027560 -0.098907 -0.030060
v -0.026374 -0.012417 -0.027020
v -0.026265 -0.023047 -0.024015
v -0.034474 -0.021067 -0.014160
v -0.034560 -0.009927 -0.017561
v -0.018790 -0.021057 -0.015227
v -0.018925 -0.009427 -0.018483
v -0.026706 -0.006707 -0.007629
v -0.027053 -0.016787 -0.003386
v -0.034555 0.066213 -0.015928
v -0.017028 0.033313 -0.043106
v -0.016249 0.036903 -0.045511
v -0.030802 0.072703 -0.022540
v -0.028051 -0.005967 -0.004098
v -0.026706 -0.006707 -0.007629
v -0.027364 0.003813 -0.010557
v -0.027865 -0.003597 -0.005673
v -0.028147 -0.000807 -0.006237
v -0.027865 -0.003597 -0.005673
v -0.027364 0.003813 -0.010557
v -0.028837 0.001983 -0.005673
v -0.029763 0.004363 -0.004098
v -0.028837 0.001983 -0.005673
v -0.027364 0.003813 -0.010557
v -0.029533 0.009463 -0.007195
v -0.025573 0.076393 -0.026973
v -0.030802 0.072703 -0.022540
v -0.016249 0.036903 -0.045511
v -0.015380 -0.087387 -0.022199
v -0.014008 -0.099807 -0.027344
v -0.000014 -0.099967 -0.032334
v -0.000014 -0.087677 -0.027806
v -0.029598 -0.008107 0.001067
v -0.029182 -0.017437 0.002651
v -0.027053 -0.016787 -0.003386
v -0.028695 -0.007547 -0.001725
v -0.028051 -0.005967 -0.004098
v -0.028695 -0.007547 -0.001725
v -0.027053 -0.016787 -0.003386
v -0.026706 -0.006707 -0.007629
v -0.026265 -0.023047 -0.024015
v -0.025975 -0.034457 -0.022419
v -0.034032 -0.033157 -0.012721
v -0.034474 -0.021067 -0.014160
v -0.026068 0.006763 -0.036278
v -0.026313 -0.002497 -0.031212
v -0.034604 0.000933 -0.022069
v -0.034214 0.011303 -0.028268
v -0.026313 -0.002497 -0.031212
v -0.026374 -0.012417 -0.027020
v -0.034560 -0.009927 -0.017561
v -0.034604 0.000933 -0.022069
v -0.024896 0.023073 -0.047269
v -0.025615 0.015373 -0.041829
v -0.033500 0.021053 -0.035180
v -0.032246 0.029833 -0.042075
v -0.030089 0.037183 -0.048446
v -0.032246 0.029833 -0.042075
v -0.037668 0.038393 -0.034673
v -0.035063 0.047183 -0.042479
v -0.037668 0.038393 -0.034673
v -0.032246 0.029833 -0.042075
v -0.033500 0.021053 -0.035180
v -0.039125 0.028373 -0.026382
v -0.032964 -0.028657 0.017453
v -0.029182 -0.017437 0.002651
v -0.031533 -0.012497 0.008537
v -0.038113 -0.011627 0.031559
v -0.037522 -0.026937 0.033288
v -0.036952 0.056913 -0.007444
v -0.017819 0.027453 -0.038964
v -0.017028 0.033313 -0.043106
v -0.034555 0.066213 -0.015928
v -0.033500 0.021053 -0.035180
v -0.034214 0.011303 -0.028268
v -0.039965 0.018643 -0.018585
v -0.039125 0.028373 -0.026382
v -0.018726 0.011083 -0.028201
v -0.029533 0.009463 -0.007195
v -0.027364 0.003813 -0.010557
v -0.018904 0.001283 -0.022944
v -0.025615 0.015373 -0.041829
v -0.026068 0.006763 -0.036278
v -0.034214 0.011303 -0.028268
v -0.033500 0.021053 -0.035180
v -0.022770 0.033763 -0.054816
v -0.023868 0.029513 -0.051913
v -0.030089 0.037183 -0.048446
v -0.026648 0.042663 -0.053827
v -0.023868 0.029513 -0.051913
v -0.024896 0.023073 -0.047269
v -0.032246 0.029833 -0.042075
v -0.030089 0.037183 -0.048446
v -0.012985 -0.071917 -0.032675
v -0.013546 -0.059407 -0.030063
v -0.000014 -0.059487 -0.033198
v -0.000014 -0.071847 -0.035637
v -0.000014 -0.059487 -0.033198
v -0.013546 -0.059407 -0.030063
v -0.013952 -0.047097 -0.028796
v -0.000014 -0.047357 -0.032047
v -0.017383 -0.060347 -0.014891
v -0.016506 -0.074057 -0.017921
v -0.000014 -0.074537 -0.024019
v -0.000014 -0.061037 -0.021359
v -0.013952 -0.047097 -0.028796
v -0.014222 -0.035337 -0.028955
v -0.000014 -0.035807 -0.032266
v -0.000014 -0.047357 -0.032047
v -0.018037 -0.046727 -0.013359
v -0.017383 -0.060347 -0.014891
v -0.000014 -0.061037 -0.021359
v -0.000014 -0.047607 -0.020099
v -0.000014 0.063173 -0.059357
v -0.017607 0.061313 -0.056795
v -0.020202 0.073643 -0.048648
v -0.000014 0.075933 -0.051066
v -0.016506 -0.074057 -0.017921
v -0.015380 -0.087387 -0.022199
v -0.000014 -0.087677 -0.027806
v -0.000014 -0.074537 -0.024019
v -0.025486 -0.046637 -0.022388
v -0.025975 -0.034457 -0.022419
v -0.014222 -0.035337 -0.028955
v -0.013952 -0.047097 -0.028796
v -0.022481 -0.084867 -0.031181
v -0.023764 -0.072217 -0.026922
v -0.012985 -0.071917 -0.032675
v -0.012266 -0.084247 -0.036426
v -0.023764 -0.072217 -0.026922
v -0.024760 -0.059327 -0.023917
v -0.013546 -0.059407 -0.030063
v -0.012985 -0.071917 -0.032675
v -0.026374 -0.012417 -0.027020
v -0.026313 -0.002497 -0.031212
v -0.014402 -0.004897 -0.037286
v -0.014438 -0.014257 -0.033397
v -0.017607 0.061313 -0.056795
v -0.025019 0.058633 -0.053770
v -0.028667 0.070493 -0.045495
v -0.020202 0.073643 -0.048648
v -0.000014 0.075933 -0.051066
v -0.020202 0.073643 -0.048648
v -0.022926 0.084973 -0.038106
v -0.000014 0.087363 -0.040417
v -0.022926 0.084973 -0.038106
v -0.020202 0.073643 -0.048648
v -0.028667 0.070493 -0.045495
v -0.032473 0.081593 -0.034845
v -0.018605 0.078133 -0.029624
v -0.025573 0.076393 -0.026973
v -0.016249 0.036903 -0.045511
v -0.000014 -0.035807 -0.032266
v -0.014222 -0.035337 -0.028955
v -0.014381 -0.024387 -0.030544
v -0.000014 -0.025077 -0.033860
v -0.035351 0.065173 -0.040342
v -0.039953 0.057343 -0.033007
v -0.044971 0.067283 -0.021380
v -0.039937 0.075823 -0.029354
v -0.028667 0.070493 -0.045495
v -0.035351 0.065173 -0.040342
v -0.039937 0.075823 -0.029354
v -0.032473 0.081593 -0.034845
v -0.038146 0.045153 0.002285
v -0.018379 0.019903 -0.033764
v -0.017819 0.027453 -0.038964
v -0.036952 0.056913 -0.007444
v -0.037668 0.038393 -0.034673
v -0.039125 0.028373 -0.026382
v -0.044198 0.036073 -0.014772
v -0.042755 0.047383 -0.024149
v -0.025019 0.058633 -0.053770
v -0.030923 0.054033 -0.049030
v -0.035351 0.065173 -0.040342
v -0.028667 0.070493 -0.045495
v -0.038563 0.031813 0.012033
v -0.018726 0.011083 -0.028201
v -0.018379 0.019903 -0.033764
v -0.038146 0.045153 0.002285
v -0.014381 -0.024387 -0.030544
v -0.014438 -0.014257 -0.033397
v -0.000014 -0.015187 -0.036666
v -0.000014 -0.025077 -0.033860
v -0.016249 0.036903 -0.045511
v -0.017028 0.033313 -0.043106
v -0.000014 0.030393 -0.047572
v -0.000014 0.036563 -0.050100
v -0.000014 -0.015187 -0.036666
v -0.014438 -0.014257 -0.033397
v -0.014402 -0.004897 -0.037286
v -0.000014 -0.006077 -0.040455
v -0.018925 -0.009427 -0.018483
v -0.018790 -0.021057 -0.015227
v -0.000014 -0.022507 -0.022185
v -0.000014 -0.011297 -0.025354
v -0.014402 -0.004897 -0.037286
v -0.014278 0.003793 -0.041904
v -0.000014 0.002373 -0.044929
v -0.000014 -0.006077 -0.040455
v -0.018904 0.001283 -0.022944
v -0.018925 -0.009427 -0.018483
v -0.000014 -0.011297 -0.025354
v -0.000014 -0.001117 -0.029572
v -0.000014 0.002373 -0.044929
v -0.014278 0.003793 -0.041904
v -0.014080 0.011913 -0.046888
v -0.000014 0.010343 -0.049739
v -0.018790 -0.021057 -0.015227
v -0.018497 -0.033537 -0.013457
v -0.000014 -0.034657 -0.020364
v -0.000014 -0.022507 -0.022185
v -0.026313 -0.002497 -0.031212
v -0.026068 0.006763 -0.036278
v -0.014278 0.003793 -0.041904
v -0.014402 -0.004897 -0.037286
v -0.014222 -0.035337 -0.028955
v -0.025975 -0.034457 -0.022419
v -0.026265 -0.023047 -0.024015
v -0.014381 -0.024387 -0.030544
v -0.026265 -0.023047 -0.024015
v -0.026374 -0.012417 -0.027020
v -0.014438 -0.014257 -0.033397
v -0.014381 -0.024387 -0.030544
v -0.024896 0.023073 -0.047269
v -0.023868 0.029513 -0.051913
v -0.013679 0.026743 -0.055912
v -0.013852 0.019543 -0.051733
v -0.014080 0.011913 -0.046888
v -0.013852 0.019543 -0.051733
v -0.000014 0.017993 -0.054420
v -0.000014 0.010343 -0.049739
v -0.021057 -0.131157 -0.018694
v -0.010990 -0.119017 -0.036990
v -0.012490 -0.110617 -0.032571
v -0.024979 -0.120137 -0.008577
v -0.000014 0.017993 -0.054420
v -0.013852 0.019543 -0.051733
v -0.013679 0.026743 -0.055912
v -0.000014 0.025543 -0.058486
v -0.017819 0.027453 -0.038964
v -0.018379 0.019903 -0.033764
v -0.000014 0.016293 -0.039356
v -0.000014 0.023693 -0.043908
v -0.013679 0.026743 -0.055912
v -0.013791 0.033733 -0.058955
v -0.000014 0.033133 -0.061499
v -0.000014 0.025543 -0.058486
v -0.017028 0.033313 -0.043106
v -0.017819 0.027453 -0.038964
v -0.000014 0.023693 -0.043908
v -0.000014 0.030393 -0.047572
v -0.000014 -0.136537 -0.056866
v -0.000014 -0.144297 -0.054271
v -0.011768 -0.141947 -0.051970
v -0.010250 -0.134627 -0.054632
v -0.018379 0.019903 -0.033764
v -0.018726 0.011083 -0.028201
v -0.000014 0.008063 -0.034400
v -0.000014 0.016293 -0.039356
v -0.023868 0.029513 -0.051913
v -0.022770 0.033763 -0.054816
v -0.019280 0.033863 -0.056902
v -0.013791 0.033733 -0.058955
v -0.013679 0.026743 -0.055912
v -0.014278 0.003793 -0.041904
v -0.026068 0.006763 -0.036278
v -0.025615 0.015373 -0.041829
v -0.014080 0.011913 -0.046888
v -0.025615 0.015373 -0.041829
v -0.024896 0.023073 -0.047269
v -0.013852 0.019543 -0.051733
v -0.014080 0.011913 -0.046888
v -0.019223 -0.107397 -0.041662
v -0.020926 -0.096807 -0.036341
v -0.011414 -0.095967 -0.040995
v -0.010551 -0.106647 -0.045737
v -0.011768 -0.141947 -0.051970
v -0.017127 -0.138667 -0.049077
v -0.014850 -0.131957 -0.052128
v -0.010250 -0.134627 -0.054632
v -0.000014 -0.124487 -0.055130
v -0.000014 -0.136537 -0.056866
v -0.010250 -0.134627 -0.054632
v -0.009494 -0.123617 -0.053022
v -0.009494 -0.123617 -0.053022
v -0.010250 -0.134627 -0.054632
v -0.014850 -0.131957 -0.052128
v -0.013490 -0.122547 -0.051160
v -0.000014 -0.124487 -0.055130
v -0.009494 -0.123617 -0.053022
v -0.009837 -0.115907 -0.049948
v -0.000014 -0.116247 -0.052097
v -0.036608 -0.042737 0.032254
v -0.018037 -0.046727 -0.013359
v -0.018497 -0.033537 -0.013457
v -0.032964 -0.028657 0.017453
v -0.037522 -0.026937 0.033288
v -0.014850 -0.131957 -0.052128
v -0.018894 -0.127237 -0.048270
v -0.016207 -0.121187 -0.049178
v -0.013490 -0.122547 -0.051160
v -0.017127 -0.138667 -0.049077
v -0.021911 -0.133077 -0.044430
v -0.018894 -0.127237 -0.048270
v -0.014850 -0.131957 -0.052128
v -0.009837 -0.115907 -0.049948
v -0.010551 -0.106647 -0.045737
v -0.000014 -0.106607 -0.048023
v -0.000014 -0.116247 -0.052097
v -0.000014 -0.106607 -0.048023
v -0.010551 -0.106647 -0.045737
v -0.011414 -0.095967 -0.040995
v -0.000014 -0.095767 -0.043497
v -0.012490 -0.110617 -0.032571
v -0.010990 -0.119017 -0.036990
v -0.000014 -0.120147 -0.040819
v -0.000014 -0.110947 -0.036910
v -0.011414 -0.095967 -0.040995
v -0.012266 -0.084247 -0.036426
v -0.000014 -0.084067 -0.039170
v -0.000014 -0.095767 -0.043497
v -0.014008 -0.099807 -0.027344
v -0.012490 -0.110617 -0.032571
v -0.000014 -0.110947 -0.036910
v -0.000014 -0.099967 -0.032334
v -0.020703 -0.148723 -0.038613
v -0.026589 -0.142357 -0.032416
v -0.021911 -0.133077 -0.044430
v -0.017127 -0.138667 -0.049077
v -0.010990 -0.119017 -0.036990
v -0.009888 -0.123877 -0.039611
v -0.000014 -0.127217 -0.043555
v -0.000014 -0.120147 -0.040819
v -0.020926 -0.096807 -0.036341
v -0.022481 -0.084867 -0.031181
v -0.012266 -0.084247 -0.036426
v -0.011414 -0.095967 -0.040995
v -0.013490 -0.122547 -0.051160
v -0.016207 -0.121187 -0.049178
v -0.017531 -0.115917 -0.046292
v -0.009837 -0.115907 -0.049948
v -0.009494 -0.123617 -0.053022
v -0.017531 -0.115917 -0.046292
v -0.019223 -0.107397 -0.041662
v -0.010551 -0.106647 -0.045737
v -0.009837 -0.115907 -0.049948
v -0.000014 -0.047607 -0.020099
v -0.000014 -0.034657 -0.020364
v -0.018497 -0.033537 -0.013457
v -0.018037 -0.046727 -0.013359
v -0.006873 -0.145746 -0.034914
v -0.000014 -0.146618 -0.036564
v -0.000014 -0.127217 -0.043555
v -0.025998 -0.124777 -0.037912
v -0.021911 -0.133077 -0.044430
v -0.026589 -0.142357 -0.032416
v -0.031698 -0.132907 -0.023451
v -0.000014 0.048533 -0.063238
v -0.000014 0.033133 -0.061499
v -0.013791 0.033733 -0.058955
v -0.015298 0.047673 -0.060585
v -0.014182 -0.152450 -0.042301
v -0.020703 -0.148723 -0.038613
v -0.017127 -0.138667 -0.049077
v -0.011768 -0.141947 -0.051970
v -0.032205 -0.101567 -0.021994
v -0.029410 -0.114097 -0.030153
v -0.036026 -0.120747 -0.012615
v -0.039611 -0.106557 -0.001124
v -0.013791 0.033733 -0.058955
v -0.019280 0.033863 -0.056902
v -0.021655 0.045993 -0.057862
v -0.015298 0.047673 -0.060585
v -0.000014 0.063173 -0.059357
v -0.000014 0.048533 -0.063238
v -0.015298 0.047673 -0.060585
v -0.017607 0.061313 -0.056795
v -0.017607 0.061313 -0.056795
v -0.015298 0.047673 -0.060585
v -0.021655 0.045993 -0.057862
v -0.025019 0.058633 -0.053770
v -0.034214 0.011303 -0.028268
v -0.034604 0.000933 -0.022069
v -0.038207 0.002903 -0.015139
v -0.021655 0.045993 -0.057862
v -0.026648 0.042663 -0.053827
v -0.030923 0.054033 -0.049030
v -0.025019 0.058633 -0.053770
v -0.019280 0.033863 -0.056902
v -0.022770 0.033763 -0.054816
v -0.026648 0.042663 -0.053827
v -0.021655 0.045993 -0.057862
v -0.039953 0.057343 -0.033007
v -0.042755 0.047383 -0.024149
v -0.047921 0.056393 -0.011656
v -0.044971 0.067283 -0.021380
v -0.047921 0.056393 -0.011656
v -0.042755 0.047383 -0.024149
v -0.044198 0.036073 -0.014772
v -0.049329 0.043793 -0.001189
v -0.044198 0.036073 -0.014772
v -0.044781 0.024973 -0.006431
v -0.049812 0.030203 0.008886
v -0.049329 0.043793 -0.001189
v -0.044781 0.024973 -0.006431
v -0.044914 0.016213 -0.000932
v -0.047109 0.012583 0.009039
v -0.016933 -0.138997 -0.026658
v -0.009888 -0.123877 -0.039611
v -0.010990 -0.119017 -0.036990
v -0.021057 -0.131157 -0.018694
v -0.039125 0.028373 -0.026382
v -0.039965 0.018643 -0.018585
v -0.044781 0.024973 -0.006431
v -0.044198 0.036073 -0.014772
v -0.030923 0.054033 -0.049030
v -0.035063 0.047183 -0.042479
v -0.039953 0.057343 -0.033007
v -0.035351 0.065173 -0.040342
v -0.035063 0.047183 -0.042479
v -0.037668 0.038393 -0.034673
v -0.042755 0.047383 -0.024149
v -0.039953 0.057343 -0.033007
v -0.044781 0.024973 -0.006431
v -0.042854 0.015253 -0.007560
v -0.044914 0.016213 -0.000932
v -0.038623 0.017763 0.020569
v -0.038460 0.003253 0.027234
v -0.032782 0.004363 0.006231
v -0.038563 0.031813 0.012033
v -0.038623 0.017763 0.020569
v -0.031983 0.008383 0.001322
v -0.029533 0.009463 -0.007195
v -0.028400 -0.106517 0.002518
v -0.014008 -0.099807 -0.027344
v -0.015380 -0.087387 -0.022199
v -0.031253 -0.091227 0.013143
v -0.032782 0.004363 0.006231
v -0.032355 0.005933 0.003858
v -0.038623 0.017763 0.020569
v -0.029763 0.004363 -0.004098
v -0.029533 0.009463 -0.007195
v -0.030744 0.005933 -0.001725
v -0.032128 -0.003597 0.007806
v -0.031533 -0.012497 0.008537
v -0.031412 -0.005967 0.006231
v -0.032355 0.005933 0.003858
v -0.031983 0.008383 0.001322
v -0.038623 0.017763 0.020569
v -0.036269 -0.073607 -0.008101
v -0.034465 -0.087847 -0.014364
v -0.042523 -0.091087 0.009688
v -0.044838 -0.075087 0.018625
v -0.039611 -0.106557 -0.001124
v -0.042523 -0.091087 0.009688
v -0.034465 -0.087847 -0.014364
v -0.032205 -0.101567 -0.021994
v -0.029410 -0.114097 -0.030153
v -0.025998 -0.124777 -0.037912
v -0.031698 -0.132907 -0.023451
v -0.036026 -0.120747 -0.012615
v -0.006873 -0.145746 -0.034914
v -0.000014 -0.127217 -0.043555
v -0.009888 -0.123877 -0.039611
v -0.012866 -0.143448 -0.031706
v -0.038734 -0.045297 -0.000987
v -0.037671 -0.059277 -0.003592
v -0.046623 -0.058977 0.025172
v -0.047943 -0.043077 0.029037
v -0.044152 -0.030447 0.014121
v -0.047943 -0.043077 0.029037
v -0.048860 -0.027577 0.030133
v -0.037671 -0.059277 -0.003592
v -0.036269 -0.073607 -0.008101
v -0.044838 -0.075087 0.018625
v -0.046623 -0.058977 0.025172
v -0.000014 -0.001117 -0.029572
v -0.000014 0.008063 -0.034400
v -0.018726 0.011083 -0.028201
v -0.018904 0.001283 -0.022944
v -0.044152 -0.030447 0.014121
v -0.046829 -0.013197 0.019144
v -0.044524 -0.018847 0.012732
v -0.018790 -0.021057 -0.015227
v -0.027053 -0.016787 -0.003386
v -0.029182 -0.017437 0.002651
v -0.018497 -0.033537 -0.013457
v -0.031533 -0.012497 0.008537
v -0.030541 -0.007547 0.003858
v -0.031412 -0.005967 0.006231
v -0.029598 -0.008107 0.001067
v -0.030541 -0.007547 0.003858
v -0.031533 -0.012497 0.008537
v -0.029182 -0.017437 0.002651
v -0.034560 -0.009927 -0.017561
v -0.037417 -0.008917 -0.011996
v -0.038207 0.002903 -0.015139
v -0.034604 0.000933 -0.022069
v -0.039589 -0.032417 0.000062
v -0.040398 -0.021717 0.000278
v -0.037897 -0.019417 -0.007199
v -0.024760 -0.059327 -0.023917
v -0.023764 -0.072217 -0.026922
v -0.031175 -0.072827 -0.018663
v -0.032422 -0.059307 -0.015006
v -0.034560 -0.009927 -0.017561
v -0.034474 -0.021067 -0.014160
v -0.037897 -0.019417 -0.007199
v -0.037417 -0.008917 -0.011996
v -0.049774 0.001973 0.024186
v -0.049908 0.016223 0.017529
v -0.047109 0.012583 0.009039
v -0.047623 0.000243 0.017002
v -0.049774 0.001973 0.024186
v -0.047623 0.000243 0.017002
v -0.046829 -0.013197 0.019144
v -0.049445 -0.012597 0.028465
v -0.039589 -0.032417 0.000062
v -0.044152 -0.030447 0.014121
v -0.044524 -0.018847 0.012732
v -0.040398 -0.021717 0.000278
v -0.039965 0.018643 -0.018585
v -0.040698 0.011263 -0.012324
v -0.042854 0.015253 -0.007560
v -0.044781 0.024973 -0.006431
v -0.049812 0.030203 0.008886
v -0.044781 0.024973 -0.006431
v -0.047109 0.012583 0.009039
v -0.049908 0.016223 0.017529
v -0.041837 -0.009917 0.001100
v -0.042930 -0.009227 0.004548
v -0.040811 -0.007577 0.004563
v -0.039899 -0.008367 0.001621
v -0.040979 0.002743 -0.007270
v -0.040222 -0.000737 -0.007954
v -0.038603 -0.000437 -0.006293
v -0.039272 0.002583 -0.005467
v -0.040176 -0.007227 -0.005300
v -0.040859 -0.009207 -0.002357
v -0.039016 -0.007917 -0.001383
v -0.038461 -0.006197 -0.004073
v -0.042930 -0.009227 0.004548
v -0.043982 -0.007277 0.007477
v -0.041710 -0.005817 0.006856
v -0.040811 -0.007577 0.004563
v -0.041710 -0.005817 0.006856
v -0.043982 -0.007277 0.007477
v -0.044858 -0.004327 0.009429
v -0.042395 -0.003277 0.008331
v -0.040859 -0.009207 -0.002357
v -0.041837 -0.009917 0.001100
v -0.039899 -0.008367 0.001621
v -0.039016 -0.007917 -0.001383
v -0.042985 -0.000557 0.008764
v -0.045476 -0.000847 0.010128
v -0.045770 0.002643 0.009416
v -0.043268 0.002123 0.008144
v -0.044858 -0.004327 0.009429
v -0.045476 -0.000847 0.010128
v -0.042985 -0.000557 0.008764
v -0.042395 -0.003277 0.008331
v -0.043152 0.004413 0.006661
v -0.045671 0.005623 0.007443
v -0.045144 0.007593 0.004485
v -0.042671 0.005943 0.004481
v -0.045770 0.002643 0.009416
v -0.045671 0.005623 0.007443
v -0.043152 0.004413 0.006661
v -0.043268 0.002123 0.008144
v -0.042006 0.006653 0.001716
v -0.044276 0.008303 0.001020
v -0.043192 0.007613 -0.002424
v -0.041105 0.006313 -0.001060
v -0.045144 0.007593 0.004485
v -0.044276 0.008303 0.001020
v -0.042006 0.006653 0.001716
v -0.042671 0.005943 0.004481
v -0.038603 -0.000437 -0.006293
v -0.040222 -0.000737 -0.007954
v -0.039948 -0.004237 -0.007252
v -0.038265 -0.003507 -0.005831
v -0.043192 0.007613 -0.002424
v -0.042038 0.005673 -0.005340
v -0.040174 0.004873 -0.003650
v -0.041105 0.006313 -0.001060
v -0.039948 -0.004237 -0.007252
v -0.040176 -0.007227 -0.005300
v -0.038461 -0.006197 -0.004073
v -0.038265 -0.003507 -0.005831
v -0.037417 -0.008917 -0.011996
v -0.040176 -0.007227 -0.005300
v -0.039948 -0.004237 -0.007252
v -0.038207 0.002903 -0.015139
v -0.040859 -0.009207 -0.002357
v -0.040176 -0.007227 -0.005300
v -0.037417 -0.008917 -0.011996
v -0.037897 -0.019417 -0.007199
v -0.040698 0.011263 -0.012324
v -0.038207 0.002903 -0.015139
v -0.040979 0.002743 -0.007270
v -0.042038 0.005673 -0.005340
v -0.038207 0.002903 -0.015139
v -0.039948 -0.004237 -0.007252
v -0.040222 -0.000737 -0.007954
v -0.040979 0.002743 -0.007270
v -0.040698 0.011263 -0.012324
v -0.042038 0.005673 -0.005340
v -0.043192 0.007613 -0.002424
v -0.042854 0.015253 -0.007560
v -0.042854 0.015253 -0.007560
v -0.043192 0.007613 -0.002424
v -0.044276 0.008303 0.001020
v -0.044914 0.016213 -0.000932
v -0.047109 0.012583 0.009039
v -0.044914 0.016213 -0.000932
v -0.044276 0.008303 0.001020
v -0.045144 0.007593 0.004485
v -0.047623 0.000243 0.017002
v -0.047109 0.012583 0.009039
v -0.045770 0.002643 0.009416
v -0.045476 -0.000847 0.010128
v -0.047109 0.012583 0.009039
v -0.045144 0.007593 0.004485
v -0.045671 0.005623 0.007443
v -0.045770 0.002643 0.009416
v -0.047623 0.000243 0.017002
v -0.045476 -0.000847 0.010128
v -0.044858 -0.004327 0.009429
v -0.046829 -0.013197 0.019144
v -0.038265 -0.003507 -0.005831
v -0.027865 -0.003597 -0.005673
v -0.028147 -0.000807 -0.006237
v -0.038603 -0.000437 -0.006293
v -0.046829 -0.013197 0.019144
v -0.044858 -0.004327 0.009429
v -0.043982 -0.007277 0.007477
v -0.044524 -0.018847 0.012732
v -0.044524 -0.018847 0.012732
v -0.042930 -0.009227 0.004548
v -0.041837 -0.009917 0.001100
v -0.040398 -0.021717 0.000278
v -0.038461 -0.006197 -0.004073
v -0.028051 -0.005967 -0.004098
v -0.027865 -0.003597 -0.005673
v -0.038265 -0.003507 -0.005831
v -0.039016 -0.007917 -0.001383
v -0.028695 -0.007547 -0.001725
v -0.028051 -0.005967 -0.004098
v -0.038461 -0.006197 -0.004073
v -0.039899 -0.008367 0.001621
v -0.029598 -0.008107 0.001067
v -0.028695 -0.007547 -0.001725
v -0.039016 -0.007917 -0.001383
v -0.040811 -0.007577 0.004563
v -0.030541 -0.007547 0.003858
v -0.029598 -0.008107 0.001067
v -0.039899 -0.008367 0.001621
v -0.041710 -0.005817 0.006856
v -0.031412 -0.005967 0.006231
v -0.030541 -0.007547 0.003858
v -0.040811 -0.007577 0.004563
v -0.042395 -0.003277 0.008331
v -0.032128 -0.003597 0.007806
v -0.031412 -0.005967 0.006231
v -0.041710 -0.005817 0.006856
v -0.042985 -0.000557 0.008764
v -0.032631 -0.000807 0.008370
v -0.032128 -0.003597 0.007806
v -0.042395 -0.003277 0.008331
v -0.043268 0.002123 0.008144
v -0.032865 0.001983 0.007806
v -0.032631 -0.000807 0.008370
v -0.042985 -0.000557 0.008764
v -0.043152 0.004413 0.006661
v -0.032782 0.004363 0.006231
v -0.032865 0.001983 0.007806
v -0.043268 0.002123 0.008144
v -0.042671 0.005943 0.004481
v -0.032355 0.005933 0.003858
v -0.032782 0.004363 0.006231
v -0.043152 0.004413 0.006661
v -0.042006 0.006653 0.001716
v -0.031645 0.006503 0.001067
v -0.032355 0.005933 0.003858
v -0.042671 0.005943 0.004481
v -0.041105 0.006313 -0.001060
v -0.030744 0.005933 -0.001725
v -0.031645 0.006503 0.001067
v -0.042006 0.006653 0.001716
v -0.040174 0.004873 -0.003650
v -0.029763 0.004363 -0.004098
v -0.030744 0.005933 -0.001725
v -0.041105 0.006313 -0.001060
v -0.039272 0.002583 -0.005467
v -0.028837 0.001983 -0.005673
v -0.029763 0.004363 -0.004098
v -0.040174 0.004873 -0.003650
v -0.038603 -0.000437 -0.006293
v -0.028147 -0.000807 -0.006237
v -0.028837 0.001983 -0.005673
v -0.039272 0.002583 -0.005467
v -0.044524 -0.018847 0.012732
v -0.043982 -0.007277 0.007477
v -0.042930 -0.009227 0.004548
v -0.041837 -0.009917 0.001100
v -0.040859 -0.009207 -0.002357
v -0.037897 -0.019417 -0.007199
v -0.040398 -0.021717 0.000278
v -0.048860 -0.027577 0.030133
v -0.049445 -0.012597 0.028465
v -0.046829 -0.013197 0.019144
v -0.044152 -0.030447 0.014121
v -0.034032 -0.033157 -0.012721
v -0.033349 -0.045997 -0.013030
v -0.038734 -0.045297 -0.000987
v -0.039589 -0.032417 0.000062
v -0.036952 0.056913 -0.007444
v -0.034555 0.066213 -0.015928
v -0.044971 0.067283 -0.021380
v -0.047921 0.056393 -0.011656
v -0.038563 0.031813 0.012033
v -0.029533 0.009463 -0.007195
v -0.018726 0.011083 -0.028201
v -0.018605 0.078133 -0.029624
v -0.016249 0.036903 -0.045511
v -0.000014 0.036563 -0.050100
v -0.000014 0.079153 -0.031903
v -0.042038 0.005673 -0.005340
v -0.040979 0.002743 -0.007270
v -0.039272 0.002583 -0.005467
v -0.040174 0.004873 -0.003650
v -0.034032 -0.033157 -0.012721
v -0.039589 -0.032417 0.000062
v -0.037897 -0.019417 -0.007199
v -0.034474 -0.021067 -0.014160
v -0.039965 0.018643 -0.018585
v -0.034214 0.011303 -0.028268
v -0.038207 0.002903 -0.015139
v -0.040698 0.011263 -0.012324
v -0.000014 -0.144297 -0.054271
v -0.000014 -0.155079 -0.044917
v -0.014182 -0.152450 -0.042301
v -0.011768 -0.141947 -0.051970
v -0.039589 -0.032417 0.000062
v -0.038734 -0.045297 -0.000987
v -0.047943 -0.043077 0.029037
v -0.044152 -0.030447 0.014121
v -0.024760 -0.059327 -0.023917
v -0.025486 -0.046637 -0.022388
v -0.013952 -0.047097 -0.028796
v -0.013546 -0.059407 -0.030063
v 0.032298 0.005893 0.003846
v 0.032327 0.005933 0.003858
v -0.032327 0.005893 0.003846
vn -0.0000 0.3964 0.9181
vn -0.0001 0.3986 0.9171
vn -0.0006 0.6961 0.7179
vn -0.0000 0.7063 0.7079
vn -0.0000 0.9995 0.0315
vn -0.0005 0.9977 0.0676
vn -0.0000 0.9523 -0.3052
vn -0.0000 0.9401 -0.3408
vn -0.0000 0.9401 -0.3409
vn -0.0000 0.9523 -0.3053
vn -0.0001 0.7672 -0.6414
vn -0.0002 0.7431 -0.6692
vn -0.0008 0.4582 -0.8889
vn -0.0000 0.4303 -0.9027
vn -0.0008 0.4580 -0.8890
vn -0.0008 0.0630 -0.9980
vn -0.0000 0.0426 -0.9991
vn -0.0000 0.7064 0.7078
vn -0.0006 0.6962 0.7178
vn -0.0003 0.9061 0.4231
vn -0.0000 0.9172 0.3983
vn -0.0000 0.9173 0.3982
vn -0.0005 0.9977 0.0678
vn -0.0000 0.9995 0.0316
vn -0.0000 -0.7023 -0.7118
vn 0.0013 -0.7136 -0.7005
vn 0.0006 -0.9395 -0.3426
vn 0.0002 -0.9294 -0.3691
vn 0.0002 -0.9294 -0.3690
vn 0.0006 -0.9395 -0.3424
vn -0.0000 -0.9978 0.0661
vn -0.0000 -0.9996 0.0291
vn -0.0000 -0.9978 0.0664
vn -0.0000 -0.8918 0.4524
vn 0.0001 -0.9084 0.4182
vn -0.0000 -0.9083 0.4183
vn 0.0001 -0.6509 0.7592
vn 0.0001 -0.6777 0.7354
vn -0.0008 0.0628 -0.9980
vn 0.0006 -0.3543 -0.9351
vn -0.0000 -0.3569 -0.9341
vn -0.0000 -0.3570 -0.9341
vn 0.0006 -0.3544 -0.9351
vn 0.0013 -0.7135 -0.7007
vn -0.0000 -0.7022 -0.7120
vn 0.0001 -0.6776 0.7355
vn 0.0001 -0.6508 0.7593
vn 0.0002 -0.3228 0.9465
vn 0.0002 -0.3486 0.9373
vn 0.0002 -0.3226 0.9465
vn 0.0004 0.0446 0.9990
vn 0.0001 0.0272 0.9996
vn 0.0001 0.3958 0.9183
vn 0.0001 0.3986 0.9171
vn -0.0001 0.0445 0.9990
vn -0.0000 0.0269 0.9996
vn 0.5996 -0.0471 -0.7989
vn 0.5859 -0.3016 -0.7522
vn 0.5858 -0.3034 -0.7515
vn 0.5985 -0.0611 -0.7988
vn 0.5917 -0.5245 -0.6122
vn 0.5911 -0.5169 -0.6192
vn 0.5858 -0.3035 -0.7515
vn 0.7917 -0.0763 0.6061
vn 0.8082 0.2196 0.5464
vn 0.8082 0.2177 0.5472
vn 0.7902 -0.0966 0.6052
vn 0.8063 0.4644 0.3664
vn 0.8055 0.4749 0.3545
vn 0.8082 0.2178 0.5472
vn 0.6169 -0.6770 -0.4015
vn 0.6141 -0.6680 -0.4204
vn 0.6169 -0.6770 -0.4014
vn 0.6520 -0.7424 -0.1543
vn 0.6477 -0.7388 -0.1861
vn 0.6576 0.4192 -0.6260
vn 0.6240 0.2031 -0.7545
vn 0.6213 0.1804 -0.7625
vn 0.6528 0.3935 -0.6473
vn 0.6240 0.2031 -0.7546
vn 0.5997 -0.0471 -0.7989
vn 0.5985 -0.0610 -0.7988
vn 0.6213 0.1803 -0.7626
vn 0.7297 -0.5834 0.3565
vn 0.7640 -0.3627 0.5336
vn 0.7610 -0.3905 0.5180
vn 0.7245 -0.6068 0.3269
vn 0.7640 -0.3626 0.5337
vn 0.7902 -0.0967 0.6052
vn 0.7610 -0.3904 0.5182
vn 0.6520 -0.7424 -0.1542
vn 0.6906 -0.7144 0.1130
vn 0.6850 -0.7247 0.0749
vn 0.6477 -0.7388 -0.1859
vn 0.6906 -0.7144 0.1131
vn 0.7297 -0.5835 0.3565
vn 0.6850 -0.7247 0.0750
vn 0.8063 0.4644 0.3663
vn 0.7807 0.6152 0.1097
vn 0.7771 0.6241 0.0814
vn 0.8056 0.4749 0.3543
vn 0.7807 0.6152 0.1096
vn 0.7407 0.6500 -0.1699
vn 0.7351 0.6454 -0.2074
vn 0.6970 0.5771 -0.4257
vn 0.6910 0.5589 -0.4584
vn 0.7351 0.6454 -0.2075
vn 0.9530 -0.1333 -0.2720
vn 0.9531 -0.1310 -0.2727
vn 0.9522 -0.1308 -0.2759
vn 0.9521 -0.1339 -0.2750
vn 0.9532 -0.1289 -0.2734
vn 0.9524 -0.1294 -0.2760
vn 0.9515 -0.1296 -0.2788
vn 0.9530 -0.1285 -0.2744
vn 0.9522 -0.1308 -0.2760
vn 0.9526 -0.1283 -0.2757
vn 0.9522 -0.1295 -0.2766
vn 0.9515 -0.1308 -0.2786
vn 0.9544 -0.1271 -0.2700
vn 0.9523 -0.1302 -0.2760
vn 0.9503 -0.1334 -0.2813
vn 0.9518 -0.1305 -0.2777
vn 0.9515 -0.1324 -0.2777
vn 0.9511 -0.1346 -0.2780
vn 0.9515 -0.1325 -0.2777
vn -0.0000 0.7063 0.7080
vn 0.0005 0.6962 0.7178
vn -0.0000 0.9523 -0.3051
vn 0.0001 0.9977 0.0675
vn -0.0000 0.9995 0.0313
vn 0.0002 0.7431 -0.6692
vn 0.0001 0.7672 -0.6414
vn -0.0000 0.9401 -0.3410
vn 0.0009 0.4581 -0.8889
vn -0.0000 0.0427 -0.9991
vn 0.0009 0.0630 -0.9980
vn -0.0000 0.4302 -0.9027
vn 0.0006 0.9059 0.4234
vn 0.0005 0.6963 0.7177
vn 0.0001 0.9977 0.0676
vn 0.0006 0.9060 0.4233
vn -0.0002 -0.9294 -0.3691
vn -0.0007 -0.9396 -0.3424
vn -0.0013 -0.7136 -0.7005
vn -0.0000 -0.7023 -0.7119
vn -0.0000 -0.9978 0.0660
vn -0.0002 -0.9295 -0.3689
vn -0.0000 -0.9084 0.4180
vn -0.0000 -0.9978 0.0662
vn -0.0000 -0.9996 0.0292
vn -0.0001 -0.6776 0.7354
vn -0.0001 -0.6509 0.7592
vn -0.0000 -0.8918 0.4525
vn -0.0006 -0.3543 -0.9351
vn -0.0013 -0.7135 -0.7007
vn -0.0006 -0.3544 -0.9351
vn -0.0000 -0.3571 -0.9341
vn -0.0002 -0.3486 0.9373
vn -0.0002 -0.3228 0.9465
vn -0.0001 -0.6508 0.7593
vn -0.0001 -0.6775 0.7355
vn -0.0000 0.0268 0.9996
vn -0.0001 0.0444 0.9990
vn -0.0002 -0.3485 0.9373
vn -0.5997 -0.0472 -0.7988
vn -0.5986 -0.0612 -0.7987
vn -0.5859 -0.3035 -0.7514
vn -0.5859 -0.3016 -0.7521
vn -0.5859 -0.3036 -0.7514
vn -0.5910 -0.5169 -0.6193
vn -0.5916 -0.5245 -0.6123
vn -0.7916 -0.0762 0.6063
vn -0.7902 -0.0969 0.6051
vn -0.8080 0.2179 0.5474
vn -0.8081 0.2197 0.5465
vn -0.8081 0.2198 0.5465
vn -0.8055 0.4749 0.3545
vn -0.8062 0.4645 0.3664
vn -0.5910 -0.5170 -0.6192
vn -0.6140 -0.6680 -0.4204
vn -0.6169 -0.6770 -0.4014
vn -0.6169 -0.6770 -0.4013
vn -0.6140 -0.6681 -0.4203
vn -0.6477 -0.7389 -0.1859
vn -0.6520 -0.7424 -0.1542
vn -0.6576 0.4193 -0.6260
vn -0.6528 0.3936 -0.6473
vn -0.6213 0.1805 -0.7625
vn -0.6241 0.2032 -0.7545
vn -0.6241 0.2031 -0.7545
vn -0.6213 0.1804 -0.7625
vn -0.5986 -0.0611 -0.7987
vn -0.7298 -0.5834 0.3564
vn -0.7246 -0.6068 0.3268
vn -0.7609 -0.3906 0.5181
vn -0.7640 -0.3627 0.5336
vn -0.7640 -0.3626 0.5337
vn -0.7609 -0.3906 0.5182
vn -0.7916 -0.0763 0.6063
vn -0.6477 -0.7389 -0.1858
vn -0.6850 -0.7247 0.0748
vn -0.6906 -0.7144 0.1129
vn -0.6906 -0.7144 0.1130
vn -0.8055 0.4749 0.3544
vn -0.7771 0.6241 0.0814
vn -0.7807 0.6152 0.1097
vn -0.7348 0.6458 -0.2075
vn -0.7407 0.6500 -0.1701
vn -0.7347 0.6458 -0.2075
vn -0.6910 0.5589 -0.4584
vn -0.6970 0.5771 -0.4257
vn -0.6528 0.3937 -0.6472
vn -0.6576 0.4193 -0.6259
vn -0.9530 -0.1333 -0.2722
vn -0.9521 -0.1338 -0.2751
vn -0.9522 -0.1308 -0.2759
vn -0.9531 -0.1309 -0.2728
vn -0.9532 -0.1289 -0.2734
vn -0.9523 -0.1308 -0.2759
vn -0.9524 -0.1296 -0.2761
vn -0.9515 -0.1299 -0.2790
vn -0.9530 -0.1286 -0.2745
vn -0.9526 -0.1282 -0.2758
vn -0.9515 -0.1307 -0.2786
vn -0.9523 -0.1307 -0.2759
vn -0.9522 -0.1296 -0.2767
vn -0.9544 -0.1271 -0.2700
vn -0.9529 -0.1286 -0.2745
vn -0.9523 -0.1302 -0.2759
vn -0.9502 -0.1334 -0.2818
vn -0.9517 -0.1307 -0.2777
vn -0.9522 -0.1308 -0.2760
vn -0.9515 -0.1326 -0.2777
vn -0.9512 -0.1344 -0.2778
vn -0.9515 -0.1327 -0.2777
vn 0.0001 0.0273 0.9996
vn 0.0004 0.0447 0.9990
vn -0.0000 0.3962 0.9182
vn 0.2977 0.5369 0.7894
vn 0.2977 0.5372 0.7892
vn 0.3019 0.5991 0.7416
vn 0.3018 0.5992 0.7415
vn 0.2624 0.7110 0.6524
vn 0.2625 0.7109 0.6524
vn 0.1867 0.7686 0.6119
vn 0.1867 0.7685 0.6120
vn 0.2816 0.3342 0.8995
vn 0.2816 0.3341 0.8995
vn 0.2897 0.4522 0.8435
vn 0.2897 0.4522 0.8436
vn 0.2950 0.6534 0.6972
vn 0.2949 0.6534 0.6972
vn 0.2697 0.0068 0.9629
vn 0.2697 0.0067 0.9629
vn 0.2749 0.1809 0.9443
vn 0.2621 -0.3175 0.9113
vn 0.2656 -0.1656 0.9498
vn 0.2656 -0.1655 0.9498
vn 0.2514 -0.5419 0.8020
vn 0.2515 -0.5418 0.8020
vn 0.2581 -0.4428 0.8587
vn 0.2581 -0.4429 0.8586
vn 0.2187 -0.6704 0.7090
vn 0.2186 -0.6706 0.7089
vn 0.2396 -0.6161 0.7504
vn 0.2395 -0.6163 0.7502
vn 0.1316 -0.7435 0.6557
vn 0.1316 -0.7434 0.6557
vn 0.1838 -0.7123 0.6773
vn 0.1838 -0.7124 0.6773
vn -0.0000 0.7502 0.6612
vn 0.0011 0.7644 0.6447
vn 0.0800 0.7962 0.5997
vn 0.0804 0.7963 0.5995
vn 0.0545 -0.7601 0.6475
vn 0.0544 -0.7601 0.6476
vn -0.0069 -0.7406 0.6719
vn -0.0069 -0.7407 0.6718
vn -0.0000 -0.7246 0.6892
vn 0.0804 0.7963 0.5996
vn -0.9562 0.1128 0.2701
vn -0.9541 0.1380 0.2658
vn -0.9551 0.1260 0.2680
vn -0.9568 0.0977 0.2740
vn -0.9549 0.1343 0.2648
vn 0.3305 0.2896 -0.8983
vn -0.0000 0.3122 -0.9500
vn -0.0000 0.2356 -0.9718
vn 0.3403 0.2172 -0.9149
vn -0.9551 0.1328 0.2650
vn -0.9526 0.1422 0.2691
vn -0.9522 0.1334 0.2748
vn 0.0545 -0.7601 0.6476
vn -0.9480 0.1289 0.2910
vn -0.9185 0.0862 0.3858
vn 0.8518 -0.0057 -0.5238
vn 0.9436 -0.0237 -0.3302
vn 0.9433 0.0045 -0.3319
vn 0.8445 0.0442 -0.5337
vn 0.9398 0.0276 -0.3406
vn 0.8343 0.0901 -0.5439
vn -0.5864 0.2095 0.7824
vn -0.8679 0.0150 0.4966
vn -0.6907 0.0524 0.7212
vn -0.9233 -0.0239 0.3834
vn -0.9269 0.0431 0.3728
vn -0.8302 0.0243 0.5569
vn -0.8219 -0.0573 0.5668
vn 0.9349 0.0448 -0.3521
vn 0.8211 0.1305 -0.5556
vn 0.9349 0.0448 -0.3520
vn 0.9285 0.0496 -0.3679
vn 0.8067 0.1591 -0.5692
vn 0.8212 0.1305 -0.5555
vn -0.7945 0.1189 0.5955
vn -0.9330 0.1053 0.3441
vn -0.9294 0.1260 0.3468
vn -0.9567 0.0977 0.2740
vn -0.9572 0.0813 0.2779
vn -0.9578 0.0804 0.2760
vn 0.6093 0.1676 -0.7750
vn 0.8211 0.1305 -0.5557
vn 0.5938 0.2289 -0.7714
vn 0.6397 -0.0728 -0.7651
vn 0.8513 -0.0642 -0.5208
vn 0.6327 0.0167 -0.7743
vn 0.6326 0.0167 -0.7743
vn 0.8518 -0.0057 -0.5239
vn 0.6224 0.0968 -0.7767
vn 0.5622 0.3000 -0.7707
vn 0.7937 0.1651 -0.5855
vn 0.7809 0.1364 -0.6095
vn 0.5446 0.3004 -0.7830
vn 0.9285 0.0496 -0.3680
vn 0.9193 0.0320 -0.3923
vn 0.9008 -0.0190 -0.4338
vn 0.7810 0.1364 -0.6095
vn -0.9125 -0.0809 0.4009
vn -0.9186 -0.0553 0.3912
vn -0.8139 -0.1073 0.5710
vn -0.8047 -0.1489 0.5747
vn -0.8994 -0.0900 0.4277
vn -0.9058 -0.0954 0.4129
vn -0.7956 -0.1765 0.5796
vn -0.7875 -0.1809 0.5892
vn 0.9008 -0.0191 -0.4338
vn 0.8505 -0.1211 -0.5118
vn 0.7310 0.0676 -0.6791
vn 0.7077 -0.0726 -0.7028
vn 0.7810 0.0788 -0.6196
vn 0.8785 -0.0585 -0.4742
vn 0.8027 -0.1802 -0.5685
vn -0.5730 0.2669 0.7749
vn -0.8449 0.1827 0.5027
vn -0.8566 0.1847 0.4818
vn -0.5802 0.3281 0.7455
vn -0.8219 -0.0573 0.5667
vn 0.5412 0.2524 -0.8022
vn 0.5777 0.2754 -0.7684
vn 0.6368 -0.2573 -0.7268
vn 0.8185 -0.1973 -0.5395
vn 0.8359 -0.1318 -0.5328
vn 0.6411 -0.1684 -0.7488
vn -0.5778 0.1951 0.7925
vn -0.8680 0.1560 0.4714
vn -0.5727 0.2716 0.7735
vn -0.8907 0.1074 0.4416
vn -0.8218 -0.0251 0.5693
vn -0.4521 -0.2220 0.8639
vn -0.8023 0.1980 0.5631
vn -0.9321 0.1522 0.3286
vn -0.8567 0.1847 0.4817
vn -0.8450 0.1816 0.5029
vn -0.9368 0.1230 0.3275
vn -0.9264 0.1613 0.3403
vn -0.9291 0.1568 0.3350
vn -0.9341 0.1505 0.3238
vn -0.8566 0.1847 0.4817
vn -0.5648 -0.2376 0.7903
vn -0.8217 -0.0252 0.5693
vn -0.0000 -0.3112 0.9503
vn -0.0000 -0.3680 0.9298
vn -0.7955 -0.1765 0.5797
vn -0.9427 0.0981 0.3190
vn -0.9368 0.1051 0.3337
vn -0.8450 0.1827 0.5026
vn 0.8513 -0.0642 -0.5207
vn 0.6231 -0.3842 -0.6813
vn 0.8426 -0.2589 -0.4722
vn 0.8061 -0.2506 -0.5361
vn 0.6311 -0.3306 -0.7017
vn 0.6312 -0.3306 -0.7017
vn 0.6369 -0.2573 -0.7268
vn 0.6022 -0.4071 -0.6867
vn 0.8254 -0.2469 -0.5076
vn 0.8334 -0.2722 -0.4810
vn 0.6137 -0.4106 -0.6744
vn 0.8027 -0.1803 -0.5685
vn 0.8785 -0.0585 -0.4741
vn 0.9105 -0.1396 -0.3892
vn 0.8255 -0.2469 -0.5076
vn 0.9205 -0.1776 -0.3479
vn 0.8335 -0.2722 -0.4809
vn -0.9387 0.0838 0.3345
vn -0.9070 0.1762 0.3824
vn -0.8209 0.2638 0.5065
vn 0.9206 -0.1776 -0.3479
vn 0.9237 -0.1817 -0.3372
vn 0.8427 -0.2589 -0.4721
vn -0.7997 0.2458 0.5478
vn 0.8334 -0.2722 -0.4809
vn 0.8426 -0.2590 -0.4722
vn 0.5524 -0.2850 -0.7834
vn 0.7076 -0.0726 -0.7028
vn 0.5794 -0.3739 -0.7242
vn 0.5795 -0.3739 -0.7242
vn 0.6022 -0.4071 -0.6868
vn 0.0001 0.2356 -0.9719
vn -0.0000 0.1445 -0.9895
vn 0.3483 0.1317 -0.9281
vn 0.0002 0.0389 -0.9992
vn 0.3546 0.0330 -0.9344
vn -0.0000 -0.1433 0.9897
vn -0.0000 -0.2346 0.9721
vn 0.3548 0.0330 -0.9344
vn -0.0000 0.0389 -0.9992
vn 0.0001 -0.0817 -0.9967
vn 0.3587 -0.0788 -0.9301
vn -0.8302 0.0243 0.5570
vn -0.0000 -0.0371 0.9993
vn -0.0002 -0.1433 0.9897
vn -0.0000 0.4087 -0.9127
vn -0.0000 0.6115 -0.7913
vn 0.2563 0.5721 -0.7791
vn 0.2606 0.3771 -0.8888
vn -0.0001 -0.2346 0.9721
vn 0.6396 -0.0728 -0.7652
vn 0.5937 0.2289 -0.7714
vn 0.6093 0.1676 -0.7751
vn 0.3485 0.1317 -0.9280
vn 0.6367 -0.2573 -0.7269
vn 0.3578 -0.3068 -0.8820
vn 0.3548 -0.3974 -0.8463
vn 0.2607 0.3771 -0.8887
vn 0.5969 0.3905 -0.7008
vn 0.5769 0.2404 -0.7807
vn -0.0000 0.6115 -0.7912
vn -0.0000 0.6715 -0.7410
vn 0.2492 0.6320 -0.7338
vn 0.5965 0.4406 -0.6708
vn 0.5969 0.3906 -0.7008
vn -0.2259 -0.3570 0.9064
vn -0.0000 -0.0817 -0.9967
vn -0.0000 -0.2089 -0.9779
vn 0.3594 -0.1967 -0.9122
vn 0.8125 0.1731 -0.5567
vn 0.8194 0.2037 -0.5358
vn 0.9154 0.0123 -0.4024
vn 0.9080 -0.0027 -0.4190
vn 0.5970 0.3905 -0.7008
vn 0.5966 0.4406 -0.6708
vn 0.8194 0.2038 -0.5358
vn -0.9122 0.2043 0.3552
vn -0.8209 0.2639 0.5064
vn -0.8264 0.2872 0.4843
vn 0.9367 -0.1013 -0.3353
vn 0.9450 -0.1468 -0.2922
vn 0.5769 0.2404 -0.7806
vn -0.9240 0.1395 0.3561
vn 0.3595 -0.1967 -0.9122
vn 0.0002 -0.2089 -0.9779
vn -0.0000 -0.3276 -0.9448
vn 0.3577 -0.3068 -0.8820
vn -0.0000 -0.2979 0.9546
vn -0.0000 0.4800 0.8773
vn -0.8023 0.1980 0.5632
vn 0.0001 -0.4252 -0.9051
vn 0.3547 -0.3974 -0.8463
vn -0.5726 0.2716 0.7735
vn -0.0000 0.3275 0.9449
vn -0.0002 0.2101 0.9777
vn 0.0001 -0.4924 -0.8704
vn 0.3510 -0.4607 -0.8152
vn -0.5801 0.3281 0.7456
vn -0.0000 0.4243 0.9055
vn -0.5726 0.2716 0.7736
vn -0.0000 -0.4924 -0.8704
vn -0.0000 -0.5223 -0.8528
vn 0.3446 -0.4918 -0.7996
vn -0.0000 0.2101 0.9777
vn -0.0000 0.0836 0.9965
vn 0.3511 -0.4607 -0.8152
vn 0.3588 -0.0788 -0.9301
vn 0.3596 -0.1967 -0.9121
vn 0.6410 -0.1684 -0.7488
vn 0.6397 -0.0728 -0.7652
vn 0.3293 -0.4861 -0.8095
vn 0.2984 -0.4383 -0.8478
vn 0.5793 -0.3739 -0.7243
vn -0.0000 -0.5068 -0.8621
vn -0.8921 -0.0570 0.4483
vn -0.7803 -0.1554 0.6058
vn 0.0002 -0.5068 -0.8621
vn 0.0002 -0.4379 -0.8990
vn -0.8209 0.2639 0.5065
vn -0.0001 0.5260 0.8505
vn -0.0002 0.5279 0.8493
vn 0.2984 -0.4383 -0.8479
vn 0.0001 -0.4379 -0.8990
vn -0.0000 -0.2125 -0.9772
vn 0.2458 -0.2298 -0.9417
vn -0.0000 0.5260 0.8505
vn -0.0000 -0.0496 -0.9988
vn 0.3090 -0.0372 -0.9503
vn 0.3928 -0.4799 -0.7845
vn -0.0000 -0.5473 -0.8369
vn -0.8265 0.2891 0.4831
vn -0.0000 0.5278 0.8494
vn -0.0000 0.4923 0.8704
vn 0.4254 -0.2397 -0.8727
vn 0.5523 -0.2850 -0.7834
vn 0.6136 -0.4106 -0.6744
vn 0.6021 -0.4071 -0.6868
vn 0.3034 0.3711 -0.8776
vn 0.3190 0.3435 -0.8833
vn 0.5776 0.2754 -0.7684
vn 0.3928 -0.4798 -0.7845
vn 0.3090 -0.0371 -0.9503
vn 0.5809 0.0041 -0.8140
vn 0.7205 -0.2781 -0.6353
vn -0.0000 0.2361 -0.9717
vn 0.2589 0.2438 -0.9346
vn 0.3090 -0.0370 -0.9503
vn 0.0001 -0.0495 -0.9988
vn 0.2590 0.2438 -0.9346
vn 0.4390 0.2332 -0.8677
vn 0.5808 0.0041 -0.8140
vn 0.0001 0.3772 -0.9261
vn 0.2796 0.3682 -0.8867
vn 0.5410 0.2524 -0.8022
vn 0.7309 0.0676 -0.6791
vn 0.7205 -0.2781 -0.6352
vn 0.8505 -0.1212 -0.5118
vn -0.0000 0.3772 -0.9261
vn -0.0000 0.3917 -0.9201
vn -0.0000 0.3672 -0.9301
vn -0.0001 -0.3985 0.9172
vn -0.0002 -0.4006 0.9163
vn 0.0002 0.3122 -0.9500
vn -0.0000 -0.3985 0.9172
vn 0.7395 -0.3430 -0.5792
vn 0.8505 -0.1213 -0.5118
vn 0.8701 -0.1666 -0.4638
vn -0.7804 -0.1554 0.6057
vn -0.0000 0.1561 0.9877
vn -0.6906 0.0525 0.7213
vn 0.5446 0.3004 -0.7831
vn 0.5410 0.2525 -0.8022
vn 0.5621 0.3000 -0.7707
vn -0.4146 0.2703 0.8689
vn -0.0001 0.1561 0.9877
vn -0.0000 0.3390 0.9408
vn 0.9193 -0.0534 -0.3898
vn 0.8702 -0.1665 -0.4638
vn -0.0000 0.0749 -0.9972
vn 0.2432 0.0626 -0.9680
vn 0.4004 -0.5730 -0.7151
vn 0.3928 -0.4799 -0.7844
vn 0.9444 0.0288 -0.3276
vn 0.9367 0.0049 -0.3500
vn 0.2432 0.0626 -0.9679
vn 0.5050 0.0130 -0.8630
vn 0.4255 -0.2396 -0.8727
vn 0.2606 0.3770 -0.8888
vn 0.5768 0.2404 -0.7807
vn 0.2433 0.0626 -0.9679
vn 0.9115 -0.1743 -0.3726
vn 0.7076 -0.0726 -0.7029
vn 0.5524 -0.2849 -0.7834
vn 0.9427 -0.0942 -0.3201
vn 0.9499 -0.1426 -0.2782
vn 0.9530 -0.1526 -0.2618
vn 0.9491 -0.1557 -0.2737
vn 0.9549 -0.1409 -0.2613
vn 0.9521 -0.1467 -0.2682
vn -0.6906 0.0524 0.7213
vn 0.9462 -0.1510 -0.2863
vn -0.9536 0.1393 0.2669
vn -0.9186 0.0862 0.3858
vn -0.9513 0.0867 0.2957
vn 0.9523 0.0173 -0.3048
vn 0.9489 0.0297 -0.3140
vn 0.9444 0.0289 -0.3276
vn 0.9490 0.0297 -0.3140
vn -0.5864 0.2095 0.7825
vn 0.9561 -0.0289 -0.2916
vn 0.9546 -0.0016 -0.2978
vn 0.9567 -0.0565 -0.2855
vn 0.9608 -0.0572 -0.2711
vn -0.5801 0.3281 0.7455
vn -0.0002 0.4923 0.8704
vn 0.9536 -0.0774 -0.2911
vn 0.9587 -0.0830 -0.2722
vn -0.9497 0.0920 0.2993
vn 0.8186 -0.1973 -0.5395
vn 0.9097 -0.1496 -0.3874
vn 0.9390 -0.0579 -0.3389
vn 0.9205 -0.1071 -0.3757
vn 0.9483 -0.0802 -0.3069
vn 0.6094 0.1676 -0.7750
vn 0.8186 -0.1973 -0.5394
vn 0.9586 -0.1140 -0.2608
vn 0.9566 -0.1154 -0.2675
vn 0.9557 -0.1411 -0.2585
vn 0.9605 -0.0803 -0.2664
vn 0.9289 -0.1664 -0.3308
vn 0.9556 -0.1411 -0.2585
vn 0.5794 0.7916 -0.1943
vn 0.5794 0.7916 -0.1942
vn 0.5370 0.6866 -0.4901
vn 0.5370 0.6867 -0.4900
vn 0.6692 -0.4578 0.5853
vn 0.6981 -0.1281 0.7044
vn 0.6981 -0.1277 0.7045
vn 0.6765 0.5777 0.4568
vn 0.6765 0.5777 0.4567
vn 0.6297 0.7634 0.1435
vn 0.6297 0.7635 0.1434
vn 0.5014 0.4843 -0.7170
vn 0.5014 0.4842 -0.7170
vn 0.4764 0.2212 -0.8509
vn 0.4764 0.2210 -0.8510
vn 0.5014 0.4841 -0.7171
vn 0.6297 0.7635 0.1435
vn 0.5794 0.7916 -0.1941
vn 0.4663 -0.0776 -0.8812
vn 0.4694 -0.3529 -0.8094
vn 0.4663 -0.0774 -0.8812
vn 0.4764 0.2211 -0.8510
vn 0.4768 -0.5827 -0.6581
vn 0.4992 -0.7495 -0.4348
vn 0.4992 -0.7496 -0.4347
vn 0.5348 -0.8265 -0.1759
vn 0.5779 -0.8095 0.1039
vn 0.5348 -0.8265 -0.1758
vn 0.4992 -0.7496 -0.4346
vn 0.7006 0.2555 0.6662
vn 0.7007 0.2555 0.6661
vn 0.5779 -0.8095 0.1038
vn 0.6237 -0.6899 0.3674
vn 0.6237 -0.6897 0.3678
vn 0.7007 0.2556 0.6661
vn 0.6765 0.5776 0.4568
vn 0.9289 -0.1482 -0.3394
vn 0.9306 -0.1359 -0.3398
vn 0.9366 -0.1123 -0.3319
vn 0.9391 -0.1541 -0.3073
vn 0.9337 -0.1523 -0.3241
vn 0.9329 -0.1389 -0.3321
vn 0.9479 -0.1457 -0.2833
vn 0.9532 -0.1411 -0.2675
vn 0.9551 -0.1389 -0.2616
vn 0.9523 -0.1189 -0.2812
vn 0.9526 -0.1380 -0.2712
vn 0.9558 -0.1379 -0.2597
vn 0.9551 -0.0941 -0.2808
vn 0.0080 0.3704 0.9288
vn 0.0052 -0.0313 0.9995
vn 0.0080 0.3705 0.9288
vn 0.9566 -0.0851 -0.2788
vn 0.9484 -0.0802 -0.3069
vn 0.9469 -0.0976 -0.3065
vn 0.9525 -0.0918 -0.2905
vn 0.0124 0.7091 0.7050
vn 0.0080 0.3706 0.9288
vn 0.0195 0.9307 0.3653
vn 0.0195 0.9306 0.3654
vn 0.0265 0.9990 -0.0368
vn 0.0195 0.9307 0.3652
vn 0.0316 0.9070 -0.4199
vn 0.0265 0.9990 -0.0370
vn 0.0265 0.9990 -0.0369
vn 0.0316 0.9071 -0.4198
vn 0.0353 0.6752 -0.7368
vn 0.0316 0.9070 -0.4200
vn 0.0316 0.9069 -0.4201
vn 0.0381 0.3535 -0.9347
vn 0.0353 0.6751 -0.7369
vn 0.0381 0.3535 -0.9346
vn 0.0395 -0.0237 -0.9989
vn 0.0381 0.3534 -0.9347
vn 0.0381 0.3533 -0.9347
vn 0.0395 -0.0238 -0.9989
vn 0.0378 -0.3870 -0.9213
vn 0.0395 -0.0239 -0.9989
vn 0.0378 -0.3869 -0.9214
vn 0.0344 -0.6963 -0.7169
vn 0.0344 -0.6964 -0.7168
vn 0.0271 -0.9147 -0.4032
vn 0.0192 -0.9991 -0.0389
vn 0.0271 -0.9148 -0.4030
vn 0.0192 -0.9991 -0.0388
vn 0.0126 -0.9385 0.3450
vn 0.0192 -0.9991 -0.0386
vn 0.0126 -0.9385 0.3452
vn 0.0077 -0.7375 0.6753
vn 0.0126 -0.9385 0.3451
vn 0.0126 -0.9384 0.3453
vn 0.0077 -0.7374 0.6754
vn 0.0049 -0.4154 0.9096
vn 0.0049 -0.4155 0.9096
vn 0.0052 -0.0314 0.9995
vn 0.0052 -0.0315 0.9995
vn 0.2949 0.6535 0.6972
vn -0.7997 0.2456 0.5478
vn -0.0000 -0.3721 0.9282
vn -0.0002 -0.2979 0.9546
vn 0.6238 -0.6897 0.3677
vn 0.6237 -0.6899 0.3673
vn 0.6691 -0.4579 0.5853
vn -0.0000 -0.5474 -0.8369
vn 0.4003 -0.5730 -0.7151
vn -0.0000 -0.6493 -0.7606
vn 0.3484 0.1317 -0.9280
vn 0.6325 0.0167 -0.7743
vn -0.2977 0.5369 0.7894
vn -0.3018 0.5992 0.7415
vn -0.3019 0.5990 0.7416
vn -0.2976 0.5368 0.7895
vn -0.2624 0.7111 0.6523
vn -0.1866 0.7686 0.6119
vn -0.1867 0.7686 0.6119
vn -0.2625 0.7109 0.6524
vn -0.2816 0.3340 0.8995
vn -0.2897 0.4520 0.8437
vn -0.2897 0.4522 0.8436
vn -0.2816 0.3341 0.8995
vn -0.2949 0.6534 0.6972
vn -0.2950 0.6534 0.6972
vn -0.2697 0.0067 0.9629
vn -0.2749 0.1809 0.9443
vn -0.2697 0.0066 0.9629
vn -0.2621 -0.3176 0.9113
vn -0.2656 -0.1655 0.9498
vn -0.2621 -0.3175 0.9113
vn -0.2514 -0.5419 0.8019
vn -0.2581 -0.4428 0.8587
vn -0.2581 -0.4427 0.8587
vn -0.2515 -0.5418 0.8020
vn -0.2186 -0.6706 0.7089
vn -0.2395 -0.6163 0.7502
vn -0.2396 -0.6161 0.7504
vn -0.2187 -0.6704 0.7090
vn -0.1316 -0.7435 0.6557
vn -0.1839 -0.7123 0.6774
vn -0.1838 -0.7123 0.6774
vn -0.1316 -0.7434 0.6557
vn -0.2514 -0.5420 0.8019
vn -0.0011 0.7644 0.6447
vn -0.0011 0.7645 0.6446
vn -0.2187 -0.6705 0.7090
vn -0.0798 0.7962 0.5997
vn -0.0805 0.7963 0.5996
vn -0.0544 -0.7601 0.6476
vn -0.0545 -0.7601 0.6475
vn 0.0069 -0.7406 0.6719
vn 0.0069 -0.7407 0.6718
vn -0.0011 0.7645 0.6447
vn 0.9562 0.1130 0.2700
vn 0.9551 0.1260 0.2680
vn 0.9541 0.1381 0.2658
vn 0.9568 0.0977 0.2740
vn 0.9549 0.1343 0.2648
vn -0.3305 0.2897 -0.8983
vn -0.3402 0.2172 -0.9149
vn 0.9550 0.1329 0.2653
vn 0.9522 0.1334 0.2748
vn 0.9526 0.1422 0.2691
vn -0.0545 -0.7601 0.6476
vn 0.9480 0.1290 0.2911
vn 0.9186 0.0862 0.3858
vn 0.9522 0.1334 0.2749
vn -0.8518 -0.0057 -0.5238
vn -0.8445 0.0442 -0.5338
vn -0.9433 0.0045 -0.3319
vn -0.9436 -0.0237 -0.3302
vn -0.8343 0.0901 -0.5439
vn -0.9398 0.0276 -0.3406
vn 0.5864 0.2095 0.7825
vn 0.6907 0.0524 0.7212
vn 0.8679 0.0150 0.4966
vn 0.9233 -0.0239 0.3834
vn 0.8219 -0.0573 0.5668
vn 0.8302 0.0243 0.5570
vn 0.9269 0.0431 0.3728
vn -0.8211 0.1305 -0.5556
vn -0.9349 0.0448 -0.3521
vn -0.8212 0.1305 -0.5555
vn -0.8067 0.1591 -0.5692
vn -0.9285 0.0496 -0.3680
vn 0.7945 0.1189 0.5955
vn 0.9294 0.1260 0.3468
vn 0.9330 0.1053 0.3441
vn 0.9578 0.0805 0.2759
vn 0.9572 0.0813 0.2779
vn -0.6093 0.1677 -0.7750
vn -0.5938 0.2289 -0.7714
vn -0.8211 0.1305 -0.5557
vn -0.6398 -0.0728 -0.7651
vn -0.6326 0.0167 -0.7743
vn -0.8518 -0.0057 -0.5239
vn -0.8513 -0.0642 -0.5207
vn -0.6224 0.0968 -0.7767
vn -0.8444 0.0442 -0.5339
vn -0.5622 0.3000 -0.7707
vn -0.5446 0.3004 -0.7830
vn -0.7810 0.1364 -0.6095
vn -0.7937 0.1651 -0.5855
vn -0.9193 0.0320 -0.3923
vn -0.9008 -0.0191 -0.4338
vn 0.9125 -0.0809 0.4009
vn 0.8047 -0.1489 0.5747
vn 0.8139 -0.1073 0.5710
vn 0.9186 -0.0553 0.3912
vn 0.8994 -0.0899 0.4277
vn 0.7876 -0.1809 0.5891
vn 0.7956 -0.1765 0.5796
vn 0.9058 -0.0954 0.4128
vn -0.7309 0.0676 -0.6791
vn -0.8505 -0.1212 -0.5118
vn -0.9008 -0.0191 -0.4339
vn -0.7078 -0.0726 -0.7027
vn -0.8027 -0.1801 -0.5685
vn -0.8785 -0.0585 -0.4742
vn -0.7810 0.0788 -0.6196
vn 0.5728 0.2716 0.7734
vn 0.5802 0.3281 0.7455
vn 0.8566 0.1847 0.4818
vn 0.8450 0.1827 0.5026
vn -0.5446 0.3004 -0.7831
vn -0.5412 0.2524 -0.8022
vn -0.5939 0.2289 -0.7713
vn -0.5777 0.2754 -0.7684
vn -0.8066 0.1591 -0.5692
vn -0.6368 -0.2573 -0.7268
vn -0.6410 -0.1684 -0.7488
vn -0.8359 -0.1318 -0.5328
vn -0.8185 -0.1973 -0.5395
vn 0.5779 0.1951 0.7924
vn 0.8680 0.1559 0.4714
vn 0.8907 0.1074 0.4416
vn 0.8023 0.1980 0.5631
vn 0.4521 -0.2219 0.8639
vn 0.8218 -0.0251 0.5693
vn 0.9321 0.1522 0.3286
vn 0.9368 0.1229 0.3275
vn 0.9264 0.1613 0.3402
vn 0.9291 0.1567 0.3350
vn 0.9341 0.1505 0.3238
vn 0.8566 0.1847 0.4817
vn 0.9185 0.0862 0.3858
vn 0.5648 -0.2376 0.7903
vn 0.8217 -0.0251 0.5694
vn 0.4522 -0.2219 0.8639
vn 0.7956 -0.1765 0.5795
vn 0.9427 0.0981 0.3189
vn 0.9368 0.1049 0.3338
vn 0.8681 0.1559 0.4713
vn 0.8450 0.1827 0.5025
vn -0.6411 -0.1684 -0.7488
vn -0.6231 -0.3842 -0.6813
vn -0.6311 -0.3306 -0.7017
vn -0.8061 -0.2506 -0.5361
vn -0.8426 -0.2589 -0.4722
vn -0.6310 -0.3306 -0.7018
vn -0.6369 -0.2573 -0.7268
vn -0.6022 -0.4071 -0.6867
vn -0.6138 -0.4106 -0.6743
vn -0.8334 -0.2722 -0.4810
vn -0.8255 -0.2469 -0.5076
vn -0.8027 -0.1803 -0.5685
vn -0.9105 -0.1396 -0.3893
vn -0.8785 -0.0585 -0.4741
vn -0.8335 -0.2722 -0.4809
vn -0.9205 -0.1776 -0.3479
vn 0.9387 0.0838 0.3345
vn 0.9070 0.1762 0.3824
vn 0.8209 0.2639 0.5064
vn -0.8335 -0.2722 -0.4808
vn -0.8427 -0.2589 -0.4721
vn -0.9237 -0.1817 -0.3372
vn -0.9206 -0.1776 -0.3479
vn 0.7997 0.2459 0.5478
vn 0.5802 0.3281 0.7454
vn -0.8334 -0.2722 -0.4809
vn -0.5524 -0.2850 -0.7834
vn -0.5795 -0.3738 -0.7242
vn -0.7077 -0.0726 -0.7028
vn -0.5795 -0.3739 -0.7242
vn -0.3484 0.1318 -0.9280
vn -0.0001 0.2356 -0.9719
vn -0.3547 0.0330 -0.9344
vn -0.0001 0.0389 -0.9992
vn 0.0002 -0.1433 0.9897
vn -0.3548 0.0330 -0.9344
vn -0.3587 -0.0788 -0.9301
vn 0.8302 0.0243 0.5569
vn 0.8218 -0.0573 0.5668
vn 0.0002 -0.0371 0.9993
vn -0.2606 0.3771 -0.8887
vn -0.2563 0.5721 -0.7791
vn -0.0004 -0.2379 0.9713
vn -0.6396 -0.0728 -0.7652
vn -0.3548 0.0330 -0.9343
vn -0.3306 0.2897 -0.8982
vn -0.3485 0.1318 -0.9280
vn -0.6367 -0.2573 -0.7269
vn -0.3548 -0.3974 -0.8463
vn -0.3578 -0.3068 -0.8819
vn -0.5768 0.2404 -0.7807
vn -0.5969 0.3905 -0.7009
vn -0.2492 0.6320 -0.7338
vn -0.5969 0.3906 -0.7008
vn -0.5965 0.4406 -0.6708
vn 0.2259 -0.3570 0.9064
vn -0.3594 -0.1967 -0.9122
vn -0.8125 0.1732 -0.5566
vn -0.9080 -0.0027 -0.4190
vn -0.9153 0.0123 -0.4025
vn -0.8194 0.2038 -0.5358
vn -0.5970 0.3905 -0.7008
vn -0.8124 0.1733 -0.5567
vn -0.5966 0.4406 -0.6708
vn 0.9122 0.2043 0.3552
vn 0.8264 0.2872 0.4843
vn -0.9450 -0.1468 -0.2922
vn -0.9366 -0.1013 -0.3353
vn -0.5769 0.2404 -0.7806
vn -0.8124 0.1732 -0.5568
vn 0.9240 0.1395 0.3561
vn 0.8265 0.2876 0.4839
vn -0.3595 -0.1967 -0.9122
vn -0.3577 -0.3068 -0.8820
vn -0.0002 -0.2089 -0.9779
vn 0.8024 0.1981 0.5630
vn -0.3578 -0.3068 -0.8820
vn -0.0002 -0.4252 -0.9051
vn 0.5726 0.2716 0.7735
vn 0.5778 0.1951 0.7925
vn 0.0002 0.2101 0.9777
vn -0.3547 -0.3974 -0.8463
vn -0.3510 -0.4607 -0.8152
vn -0.0001 -0.4924 -0.8704
vn -0.0000 -0.4252 -0.9051
vn 0.5801 0.3281 0.7456
vn 0.5726 0.2716 0.7736
vn -0.3445 -0.4918 -0.7997
vn -0.0000 -0.5223 -0.8527
vn 0.0001 0.2101 0.9777
vn -0.3511 -0.4607 -0.8152
vn -0.3588 -0.0788 -0.9301
vn -0.6397 -0.0728 -0.7652
vn -0.3597 -0.1967 -0.9121
vn -0.6409 -0.1684 -0.7489
vn -0.3596 -0.1967 -0.9121
vn -0.6022 -0.4071 -0.6868
vn -0.5793 -0.3739 -0.7243
vn -0.2984 -0.4383 -0.8478
vn -0.3293 -0.4861 -0.8095
vn -0.3445 -0.4918 -0.7996
vn 0.8921 -0.0570 0.4483
vn 0.7803 -0.1554 0.6058
vn 0.7876 -0.1809 0.5890
vn -0.0002 -0.5068 -0.8621
vn -0.0002 -0.4379 -0.8990
vn 0.0002 0.5279 0.8493
vn -0.2984 -0.4383 -0.8479
vn -0.2458 -0.2298 -0.9417
vn -0.0000 -0.4379 -0.8990
vn 0.8023 0.1980 0.5632
vn 0.0001 0.4800 0.8773
vn -0.0001 -0.5474 -0.8369
vn -0.3928 -0.4798 -0.7845
vn -0.3090 -0.0373 -0.9503
vn 0.7996 0.2460 0.5478
vn -0.0000 0.5279 0.8493
vn -0.2986 -0.4383 -0.8478
vn -0.5792 -0.3739 -0.7243
vn -0.5523 -0.2850 -0.7834
vn -0.4255 -0.2396 -0.8727
vn -0.6137 -0.4106 -0.6744
vn -0.6021 -0.4071 -0.6868
vn -0.5776 0.2754 -0.7684
vn -0.3190 0.3435 -0.8833
vn -0.3033 0.3711 -0.8777
vn -0.3928 -0.4799 -0.7845
vn -0.7205 -0.2781 -0.6353
vn -0.5809 0.0041 -0.8140
vn -0.3090 -0.0371 -0.9503
vn -0.0001 0.2361 -0.9717
vn -0.0001 -0.0496 -0.9988
vn -0.2589 0.2438 -0.9346
vn -0.2590 0.2438 -0.9346
vn -0.3090 -0.0370 -0.9503
vn -0.4390 0.2332 -0.8677
vn -0.2589 0.2440 -0.9346
vn -0.2795 0.3682 -0.8867
vn -0.0001 0.3772 -0.9261
vn -0.7309 0.0676 -0.6792
vn -0.5411 0.2524 -0.8022
vn -0.7205 -0.2781 -0.6352
vn 0.7875 -0.1809 0.5891
vn 0.0002 -0.4006 0.9162
vn 0.0001 -0.3985 0.9172
vn -0.3305 0.2897 -0.8982
vn -0.0002 0.3122 -0.9500
vn -0.7395 -0.3430 -0.5792
vn -0.8701 -0.1665 -0.4638
vn -0.7206 -0.2781 -0.6352
vn 0.6906 0.0524 0.7213
vn 0.0002 -0.4006 0.9163
vn -0.5937 0.2289 -0.7714
vn -0.5445 0.3004 -0.7831
vn -0.5621 0.3000 -0.7707
vn 0.4146 0.2703 0.8689
vn -0.8702 -0.1665 -0.4638
vn -0.9194 -0.0534 -0.3898
vn -0.0000 0.0748 -0.9972
vn -0.2432 0.0624 -0.9680
vn -0.4004 -0.5730 -0.7151
vn -0.7205 -0.2783 -0.6352
vn -0.9368 0.0050 -0.3499
vn -0.9444 0.0290 -0.3276
vn -0.4255 -0.2395 -0.8727
vn -0.5050 0.0130 -0.8630
vn -0.2432 0.0626 -0.9680
vn -0.0000 0.4086 -0.9127
vn -0.0001 0.0749 -0.9972
vn -0.2606 0.3770 -0.8888
vn -0.2433 0.0626 -0.9679
vn -0.9114 -0.1743 -0.3727
vn -0.7809 0.0788 -0.6196
vn -0.5769 0.2403 -0.7807
vn -0.9427 -0.0942 -0.3201
vn -0.9154 0.0123 -0.4025
vn -0.9367 -0.1013 -0.3353
vn -0.9499 -0.1426 -0.2782
vn -0.9491 -0.1557 -0.2738
vn -0.9531 -0.1525 -0.2616
vn -0.9521 -0.1468 -0.2682
vn -0.9549 -0.1411 -0.2613
vn -0.8125 0.1732 -0.5567
vn -0.9462 -0.1510 -0.2862
vn 0.9536 0.1395 0.2670
vn 0.7957 -0.1764 0.5795
vn 0.9535 0.1395 0.2670
vn 0.9513 0.0867 0.2957
vn -0.9489 0.0297 -0.3140
vn -0.9523 0.0174 -0.3048
vn -0.9490 0.0297 -0.3140
vn -0.9546 -0.0016 -0.2978
vn -0.9561 -0.0289 -0.2916
vn -0.9567 -0.0565 -0.2855
vn -0.9608 -0.0572 -0.2711
vn 0.0002 0.4923 0.8704
vn 0.7996 0.2459 0.5478
vn 0.5801 0.3281 0.7455
vn -0.9587 -0.0830 -0.2721
vn -0.9536 -0.0774 -0.2911
vn 0.9294 0.1261 0.3468
vn 0.9497 0.0920 0.2993
vn -0.8186 -0.1973 -0.5394
vn -0.9097 -0.1496 -0.3874
vn -0.9390 -0.0579 -0.3389
vn -0.9484 -0.0802 -0.3069
vn -0.9205 -0.1071 -0.3757
vn -0.9587 -0.1138 -0.2608
vn -0.9556 -0.1411 -0.2585
vn -0.9566 -0.1154 -0.2676
vn -0.9605 -0.0803 -0.2664
vn -0.9289 -0.1664 -0.3308
vn -0.9530 -0.1525 -0.2616
vn -0.5794 0.7916 -0.1942
vn -0.5370 0.6867 -0.4899
vn -0.5370 0.6866 -0.4901
vn -0.5794 0.7916 -0.1943
vn -0.6692 -0.4578 0.5853
vn -0.6981 -0.1278 0.7045
vn -0.6990 -0.1277 0.7037
vn -0.6765 0.5777 0.4567
vn -0.6298 0.7634 0.1437
vn -0.6297 0.7634 0.1437
vn -0.6765 0.5777 0.4568
vn -0.5370 0.6867 -0.4900
vn -0.5014 0.4841 -0.7171
vn -0.5015 0.4843 -0.7169
vn -0.5370 0.6866 -0.4902
vn -0.4764 0.2211 -0.8510
vn -0.4764 0.2213 -0.8509
vn -0.6285 0.7643 0.1442
vn -0.5794 0.7916 -0.1941
vn -0.6297 0.7635 0.1435
vn -0.4664 -0.0770 -0.8812
vn -0.4663 -0.0774 -0.8812
vn -0.4694 -0.3529 -0.8094
vn -0.4768 -0.5828 -0.6580
vn -0.4768 -0.5827 -0.6581
vn -0.4993 -0.7495 -0.4347
vn -0.4694 -0.3530 -0.8094
vn -0.5348 -0.8265 -0.1758
vn -0.5348 -0.8265 -0.1757
vn -0.5779 -0.8095 0.1039
vn -0.4993 -0.7496 -0.4346
vn -0.6981 -0.1276 0.7045
vn -0.6981 -0.1277 0.7045
vn -0.7007 0.2554 0.6662
vn -0.7007 0.2553 0.6662
vn -0.5779 -0.8095 0.1040
vn -0.6238 -0.6897 0.3678
vn -0.6237 -0.6899 0.3675
vn -0.7007 0.2555 0.6661
vn -0.6765 0.5776 0.4568
vn -0.7007 0.2554 0.6661
vn -0.9306 -0.1359 -0.3398
vn -0.9289 -0.1482 -0.3394
vn -0.9365 -0.1127 -0.3321
vn -0.9337 -0.1522 -0.3241
vn -0.9391 -0.1541 -0.3073
vn -0.9330 -0.1390 -0.3321
vn -0.9479 -0.1457 -0.2832
vn -0.9530 -0.1412 -0.2680
vn -0.9551 -0.1390 -0.2616
vn -0.9526 -0.1380 -0.2712
vn -0.9523 -0.1185 -0.2813
vn -0.9558 -0.1379 -0.2597
vn -0.9551 -0.1389 -0.2616
vn -0.9552 -0.0939 -0.2807
vn -0.0080 0.3703 0.9289
vn -0.0080 0.3705 0.9288
vn -0.0052 -0.0313 0.9995
vn -0.9566 -0.0851 -0.2788
vn -0.9525 -0.0918 -0.2905
vn -0.9469 -0.0976 -0.3065
vn -0.0124 0.7091 0.7050
vn -0.0195 0.9307 0.3652
vn -0.0195 0.9306 0.3654
vn -0.0265 0.9990 -0.0370
vn -0.0265 0.9990 -0.0368
vn -0.0195 0.9308 0.3651
vn -0.0316 0.9070 -0.4200
vn -0.0316 0.9071 -0.4198
vn -0.0265 0.9990 -0.0369
vn -0.0265 0.9990 -0.0371
vn -0.0353 0.6752 -0.7368
vn -0.0316 0.9069 -0.4201
vn -0.0381 0.3534 -0.9347
vn -0.0381 0.3535 -0.9346
vn -0.0353 0.6751 -0.7369
vn -0.0395 -0.0238 -0.9989
vn -0.0395 -0.0237 -0.9989
vn -0.0381 0.3533 -0.9347
vn -0.0378 -0.3870 -0.9213
vn -0.0378 -0.3869 -0.9214
vn -0.0395 -0.0240 -0.9989
vn -0.0344 -0.6963 -0.7169
vn -0.0378 -0.3871 -0.9213
vn -0.0271 -0.9147 -0.4032
vn -0.0344 -0.6964 -0.7168
vn -0.0344 -0.6965 -0.7167
vn -0.0192 -0.9991 -0.0389
vn -0.0192 -0.9991 -0.0388
vn -0.0271 -0.9148 -0.4030
vn -0.0126 -0.9385 0.3451
vn -0.0126 -0.9385 0.3452
vn -0.0192 -0.9991 -0.0386
vn -0.0077 -0.7375 0.6753
vn -0.0077 -0.7374 0.6754
vn -0.0126 -0.9384 0.3454
vn -0.0126 -0.9384 0.3452
vn -0.0049 -0.4155 0.9096
vn -0.0077 -0.7373 0.6755
vn -0.0052 -0.0314 0.9995
vn -0.0049 -0.4154 0.9096
vn 0.7997 0.2459 0.5477
vn 0.0002 -0.2979 0.9546
vn -0.6238 -0.6897 0.3677
vn -0.6707 -0.4574 0.5839
vn -0.6237 -0.6899 0.3674
vn -0.4003 -0.5730 -0.7151
vn -0.3927 -0.4799 -0.7845
vn -0.0000 -0.2871 0.9579
vt 0.070649 0.864301
vt 0.064470 0.864302
vt 0.064518 0.865659
vt 0.070649 0.865668
vt 0.070649 0.868389
vt 0.065088 0.868381
vt 0.065528 0.869774
vt 0.070649 0.869774
vt 0.065983 0.871183
vt 0.070649 0.871183
vt 0.066390 0.872619
vt 0.070650 0.872625
vt 0.066687 0.874080
vt 0.070650 0.874089
vt 0.064735 0.867013
vt 0.070649 0.867026
vt 0.070650 0.854211
vt 0.066760 0.854223
vt 0.066503 0.855716
vt 0.070650 0.855705
vt 0.066108 0.857193
vt 0.070650 0.857190
vt 0.065653 0.858652
vt 0.070650 0.858652
vt 0.065209 0.860098
vt 0.070650 0.860097
vt 0.070648 0.851223
vt 0.066685 0.851215
vt 0.066819 0.852714
vt 0.070649 0.852714
vt 0.064841 0.861523
vt 0.070650 0.861518
vt 0.064585 0.862926
vt 0.070650 0.862921
vt 0.055276 0.839939
vt 0.049097 0.839939
vt 0.049212 0.841315
vt 0.055277 0.841320
vt 0.056562 0.997540
vt 0.055583 0.997961
vt 0.055855 0.999510
vt 0.057330 0.998903
vt 0.054525 0.997925
vt 0.054256 0.999484
vt 0.053823 0.992773
vt 0.054730 0.992469
vt 0.054544 0.991283
vt 0.053089 0.991799
vt 0.055674 0.992487
vt 0.056057 0.991374
vt 0.053553 0.997435
vt 0.052790 0.998780
vt 0.052820 0.996569
vt 0.051700 0.997538
vt 0.057679 0.995696
vt 0.057294 0.996741
vt 0.058442 0.997752
vt 0.059042 0.996255
vt 0.052582 0.994377
vt 0.053064 0.993432
vt 0.051938 0.992863
vt 0.051254 0.994319
vt 0.052496 0.995483
vt 0.051167 0.995967
vt 0.056546 0.992883
vt 0.057416 0.992025
vt 0.057242 0.993609
vt 0.058466 0.993160
vt 0.057648 0.994595
vt 0.059042 0.994645
vt 0.055119 0.995101
vt 0.055276 0.838572
vt 0.049145 0.838581
vt 0.055276 0.834466
vt 0.050155 0.834467
vt 0.049715 0.835860
vt 0.055276 0.835851
vt 0.055276 0.833058
vt 0.050610 0.833057
vt 0.055277 0.831616
vt 0.051017 0.831622
vt 0.055277 0.830152
vt 0.051314 0.830160
vt 0.055276 0.837215
vt 0.049362 0.837228
vt 0.055277 0.848536
vt 0.051130 0.848524
vt 0.051387 0.850018
vt 0.055277 0.850030
vt 0.055277 0.847050
vt 0.050735 0.847047
vt 0.055277 0.845588
vt 0.050280 0.845589
vt 0.055277 0.844144
vt 0.049836 0.844142
vt 0.055276 0.851527
vt 0.051446 0.851527
vt 0.051313 0.853026
vt 0.055275 0.853017
vt 0.055277 0.842722
vt 0.049468 0.842717
vt 0.103412 0.993251
vt 0.104180 0.991887
vt 0.102705 0.991280
vt 0.102433 0.992829
vt 0.101105 0.991306
vt 0.101374 0.992865
vt 0.100673 0.998017
vt 0.099939 0.998992
vt 0.101394 0.999507
vt 0.101580 0.998322
vt 0.102906 0.999416
vt 0.102524 0.998303
vt 0.099640 0.992010
vt 0.100403 0.993355
vt 0.098549 0.993252
vt 0.099670 0.994221
vt 0.104529 0.995094
vt 0.105892 0.994535
vt 0.105292 0.993038
vt 0.104144 0.994050
vt 0.099431 0.996413
vt 0.098103 0.996471
vt 0.098788 0.997927
vt 0.099914 0.997358
vt 0.098016 0.994823
vt 0.099346 0.995307
vt 0.104266 0.998765
vt 0.103396 0.997907
vt 0.105316 0.997630
vt 0.104091 0.997181
vt 0.105892 0.996145
vt 0.104498 0.996196
vt 0.101969 0.995689
vt 0.043628 0.788635
vt 0.037701 0.788635
vt 0.037701 0.797036
vt 0.043628 0.797036
vt 0.043628 0.811966
vt 0.037701 0.811966
vt 0.037701 0.817670
vt 0.043628 0.817670
vt 0.043628 0.772422
vt 0.037701 0.772422
vt 0.037701 0.780380
vt 0.043628 0.780380
vt 0.037701 0.805009
vt 0.043628 0.805009
vt 0.043628 0.757056
vt 0.037701 0.757056
vt 0.037701 0.764718
vt 0.043628 0.764718
vt 0.043628 0.740865
vt 0.037701 0.740865
vt 0.037701 0.749166
vt 0.043628 0.749166
vt 0.043628 0.722779
vt 0.037701 0.722779
vt 0.037701 0.732052
vt 0.043628 0.732052
vt 0.043628 0.704087
vt 0.037701 0.704087
vt 0.037701 0.713254
vt 0.043628 0.713254
vt 0.043628 0.689468
vt 0.037701 0.689468
vt 0.037701 0.695973
vt 0.043628 0.695973
vt 0.043628 0.837482
vt 0.043628 0.826959
vt 0.037701 0.826959
vt 0.037701 0.837482
vt 0.037701 0.822365
vt 0.043628 0.822365
vt 0.043628 0.684818
vt 0.037701 0.684818
vt 0.037701 0.680915
vt 0.043628 0.680915
vt 0.043628 0.675453
vt 0.037701 0.675453
vt 0.121506 0.922228
vt 0.111380 0.921447
vt 0.111412 0.922892
vt 0.110865 0.924255
vt 0.110790 0.920140
vt 0.088828 0.433420
vt 0.095596 0.433540
vt 0.095580 0.426459
vt 0.087997 0.426337
vt 0.109715 0.919172
vt 0.108644 0.917752
vt 0.108326 0.918668
vt 0.106821 0.918716
vt 0.104362 0.916506
vt 0.071997 0.411201
vt 0.064690 0.411035
vt 0.066308 0.418567
vt 0.073209 0.418677
vt 0.068613 0.426330
vt 0.074962 0.426258
vt 0.091065 0.998009
vt 0.094378 0.995769
vt 0.087772 0.989190
vt 0.119643 0.953086
vt 0.121634 0.944973
vt 0.095143 0.946940
vt 0.094534 0.954768
vt 0.071521 0.434075
vt 0.077165 0.433697
vt 0.074890 0.441505
vt 0.079710 0.440664
vt 0.095515 0.939275
vt 0.114337 0.937546
vt 0.106988 0.931010
vt 0.110546 0.928822
vt 0.122562 0.929757
vt 0.081110 0.426266
vt 0.082652 0.433448
vt 0.078635 0.404308
vt 0.071344 0.403975
vt 0.079033 0.411439
vt 0.079877 0.418831
vt 0.086166 0.445615
vt 0.082397 0.446710
vt 0.085053 0.451441
vt 0.087734 0.449818
vt 0.078481 0.448125
vt 0.082066 0.453447
vt 0.112749 0.969825
vt 0.116628 0.961405
vt 0.093664 0.962633
vt 0.092572 0.970206
vt 0.103374 0.985641
vt 0.108201 0.978104
vt 0.091299 0.977103
vt 0.089970 0.982840
vt 0.085456 0.457219
vt 0.087534 0.454729
vt 0.084648 0.362629
vt 0.082071 0.358061
vt 0.078760 0.360971
vt 0.082249 0.365035
vt 0.094942 0.925096
vt 0.102278 0.924605
vt 0.101931 0.918984
vt 0.094194 0.918944
vt 0.088752 0.452236
vt 0.084405 0.440037
vt 0.079234 0.391306
vt 0.072165 0.390735
vt 0.071307 0.397124
vt 0.078723 0.397591
vt 0.095407 0.931882
vt 0.103628 0.930253
vt 0.104698 0.888325
vt 0.100822 0.884921
vt 0.089218 0.900584
vt 0.089994 0.902147
vt 0.103697 0.923173
vt 0.104296 0.924530
vt 0.103712 0.921701
vt 0.104326 0.920342
vt 0.105419 0.919296
vt 0.097363 0.883050
vt 0.083819 0.970971
vt 0.083858 0.977760
vt 0.106894 0.926061
vt 0.105428 0.925545
vt 0.081343 0.380070
vt 0.075328 0.378567
vt 0.073373 0.384480
vt 0.080145 0.385448
vt 0.084091 0.371179
vt 0.079875 0.368576
vt 0.077555 0.373162
vt 0.082716 0.375236
vt 0.075377 0.365155
vt 0.072113 0.370391
vt 0.122649 0.937279
vt 0.108769 0.893254
vt 0.091033 0.904934
vt 0.069171 0.375748
vt 0.093193 0.913595
vt 0.086257 0.366094
vt 0.085353 0.368027
vt 0.095563 0.419087
vt 0.087327 0.418973
vt 0.095547 0.411731
vt 0.086868 0.411630
vt 0.083730 0.955468
vt 0.083776 0.963421
vt 0.095531 0.404668
vt 0.086651 0.404566
vt 0.083684 0.947450
vt 0.095418 0.354730
vt 0.095404 0.348302
vt 0.086283 0.349330
vt 0.088465 0.355308
vt 0.086965 0.391850
vt 0.087437 0.386222
vt 0.082151 0.350711
vt 0.085242 0.356299
vt 0.095386 0.340421
vt 0.083127 0.342260
vt 0.077815 0.344230
vt 0.093665 0.881942
vt 0.095516 0.398124
vt 0.086702 0.397965
vt 0.078123 0.352915
vt 0.072808 0.347076
vt 0.067692 0.351346
vt 0.073904 0.356404
vt 0.112863 0.899797
vt 0.092124 0.908773
vt 0.069597 0.361327
vt 0.065530 0.367358
vt 0.116430 0.907175
vt 0.095503 0.392053
vt 0.083415 0.900653
vt 0.083429 0.903123
vt 0.095490 0.386481
vt 0.083558 0.925572
vt 0.083597 0.932323
vt 0.095478 0.381411
vt 0.088048 0.381090
vt 0.083524 0.919538
vt 0.095468 0.376850
vt 0.088722 0.376476
vt 0.083639 0.939636
vt 0.089359 0.372440
vt 0.089861 0.368974
vt 0.095459 0.372807
vt 0.098620 0.991690
vt 0.088711 0.986995
vt 0.095451 0.369247
vt 0.083446 0.906095
vt 0.083468 0.909800
vt 0.095444 0.366075
vt 0.090110 0.365979
vt 0.095652 0.458307
vt 0.091789 0.457651
vt 0.090991 0.460637
vt 0.095659 0.461313
vt 0.083493 0.914297
vt 0.087851 0.365983
vt 0.090664 0.445490
vt 0.089761 0.439908
vt 0.089758 0.456655
vt 0.088405 0.459453
vt 0.095642 0.453772
vt 0.091858 0.453348
vt 0.090102 0.452876
vt 0.095634 0.450243
vt 0.091399 0.449967
vt 0.095623 0.445659
vt 0.095611 0.440033
vt 0.083890 0.983410
vt 0.083915 0.987661
vt 0.084315 0.464914
vt 0.079784 0.461980
vt 0.083932 0.990558
vt 0.087653 0.999213
vt 0.083983 0.999510
vt 0.074539 0.457208
vt 0.095431 0.360423
vt 0.089727 0.360652
vt 0.088202 0.466575
vt 0.063533 0.443125
vt 0.069019 0.450744
vt 0.087096 0.361284
vt 0.069158 0.384084
vt 0.062582 0.357173
vt 0.057808 0.364218
vt 0.053661 0.371905
vt 0.062183 0.373494
vt 0.055219 0.381011
vt 0.060134 0.378378
vt 0.063729 0.378356
vt 0.119378 0.914630
vt 0.109833 0.925347
vt 0.053984 0.426723
vt 0.058393 0.434967
vt 0.048171 0.410536
vt 0.050516 0.418557
vt 0.055674 0.403584
vt 0.047004 0.402761
vt 0.055749 0.397481
vt 0.051962 0.394926
vt 0.108440 0.925979
vt 0.068717 0.390653
vt 0.063599 0.404074
vt 0.066931 0.396665
vt 0.062834 0.398315
vt 0.048171 0.387511
vt 0.052098 0.387905
vt 0.050403 0.379760
vt 0.047004 0.395134
vt 0.066671 0.380005
vt 0.061447 0.392117
vt 0.061327 0.390891
vt 0.059869 0.390691
vt 0.059509 0.391997
vt 0.064844 0.384862
vt 0.063773 0.385500
vt 0.064419 0.386825
vt 0.065585 0.386641
vt 0.064738 0.390282
vt 0.063848 0.389536
vt 0.062724 0.390465
vt 0.063283 0.391527
vt 0.058607 0.390069
vt 0.057785 0.391142
vt 0.057721 0.388987
vt 0.056497 0.389747
vt 0.057249 0.387790
vt 0.057298 0.386504
vt 0.055935 0.386138
vt 0.055850 0.387990
vt 0.057822 0.385347
vt 0.058749 0.384510
vt 0.058079 0.383225
vt 0.056701 0.384461
vt 0.060013 0.384013
vt 0.061373 0.384027
vt 0.061749 0.382689
vt 0.059847 0.382593
vt 0.064455 0.388236
vt 0.065548 0.388567
vt 0.062725 0.384540
vt 0.063501 0.383476
vt 0.050101 0.994698
vt 0.050261 0.993132
vt 0.044993 0.993353
vt 0.044860 0.994789
vt 0.050203 0.996318
vt 0.044957 0.996224
vt 0.050476 0.997929
vt 0.045276 0.997661
vt 0.050901 0.999465
vt 0.045713 0.999101
vt 0.050680 0.977396
vt 0.050047 0.975924
vt 0.044860 0.976283
vt 0.045499 0.977654
vt 0.051279 0.978802
vt 0.046085 0.979035
vt 0.051754 0.980245
vt 0.046574 0.980432
vt 0.052155 0.981605
vt 0.046937 0.981843
vt 0.052380 0.982982
vt 0.047143 0.983269
vt 0.052388 0.984357
vt 0.047169 0.984704
vt 0.052194 0.985708
vt 0.047004 0.986146
vt 0.051896 0.987155
vt 0.046682 0.987590
vt 0.051469 0.988573
vt 0.046254 0.989033
vt 0.051021 0.990072
vt 0.045780 0.990475
vt 0.050584 0.991552
vt 0.045328 0.991915
vt 0.083300 0.880686
vt 0.095674 0.467887
vt 0.043628 0.886329
vt 0.043628 0.877929
vt 0.037701 0.877929
vt 0.037701 0.886329
vt 0.043628 0.862999
vt 0.043628 0.857295
vt 0.037701 0.857295
vt 0.037701 0.862999
vt 0.043628 0.902543
vt 0.043628 0.894585
vt 0.037701 0.894585
vt 0.037701 0.902543
vt 0.043628 0.869956
vt 0.037701 0.869956
vt 0.043628 0.917909
vt 0.043628 0.910247
vt 0.037701 0.910247
vt 0.037701 0.917909
vt 0.043628 0.934100
vt 0.043628 0.925799
vt 0.037701 0.925799
vt 0.037701 0.934100
vt 0.043628 0.952186
vt 0.043628 0.942913
vt 0.037701 0.942913
vt 0.037701 0.952186
vt 0.043628 0.970878
vt 0.043628 0.961711
vt 0.037701 0.961711
vt 0.037701 0.970878
vt 0.043628 0.985497
vt 0.043628 0.978991
vt 0.037701 0.978991
vt 0.037701 0.985497
vt 0.037701 0.848006
vt 0.043628 0.848006
vt 0.043628 0.852600
vt 0.037701 0.852600
vt 0.037701 0.990147
vt 0.043628 0.990147
vt 0.037701 0.994049
vt 0.037701 0.999512
vt 0.043628 0.999512
vt 0.043628 0.994049
vt 0.045575 0.922664
vt 0.055676 0.923212
vt 0.055691 0.921767
vt 0.056239 0.924569
vt 0.056266 0.920454
vt 0.102364 0.433389
vt 0.103163 0.426303
vt 0.057329 0.919473
vt 0.058712 0.918953
vt 0.058384 0.918041
vt 0.060218 0.918983
vt 0.062652 0.916745
vt 0.119094 0.411095
vt 0.117916 0.418576
vt 0.124817 0.418435
vt 0.126400 0.410896
vt 0.116197 0.426165
vt 0.122546 0.426209
vt 0.076885 0.998091
vt 0.080076 0.989235
vt 0.073546 0.995889
vt 0.047792 0.953499
vt 0.072919 0.954892
vt 0.072220 0.947072
vt 0.045708 0.945409
vt 0.114027 0.433613
vt 0.119674 0.433967
vt 0.111515 0.440593
vt 0.116338 0.441411
vt 0.071760 0.939412
vt 0.060192 0.931279
vt 0.052919 0.937899
vt 0.044605 0.930205
vt 0.056609 0.929132
vt 0.110049 0.426201
vt 0.108540 0.433390
vt 0.112425 0.404232
vt 0.112059 0.411364
vt 0.119715 0.403866
vt 0.111249 0.418760
vt 0.105081 0.445572
vt 0.103531 0.449782
vt 0.106220 0.451394
vt 0.108855 0.446650
vt 0.112777 0.448047
vt 0.109216 0.453386
vt 0.054878 0.970158
vt 0.075058 0.970306
vt 0.073879 0.962746
vt 0.050903 0.961783
vt 0.064433 0.985864
vt 0.077804 0.982910
vt 0.076410 0.977189
vt 0.059520 0.978383
vt 0.103754 0.454692
vt 0.105843 0.457173
vt 0.106224 0.362580
vt 0.108634 0.364976
vt 0.112104 0.360895
vt 0.108781 0.358001
vt 0.072170 0.925226
vt 0.072847 0.919067
vt 0.065111 0.919195
vt 0.064829 0.924820
vt 0.102524 0.452205
vt 0.106816 0.439987
vt 0.111767 0.391232
vt 0.112307 0.397515
vt 0.119721 0.397015
vt 0.118834 0.390629
vt 0.071783 0.932018
vt 0.063544 0.930483
vt 0.061992 0.888570
vt 0.076854 0.902223
vt 0.077611 0.900650
vt 0.065829 0.885122
vt 0.063393 0.923405
vt 0.062809 0.924769
vt 0.063361 0.921933
vt 0.062731 0.920581
vt 0.061627 0.919547
vt 0.069266 0.883211
vt 0.060230 0.926329
vt 0.061689 0.925796
vt 0.109607 0.380006
vt 0.110831 0.385379
vt 0.117597 0.384381
vt 0.115616 0.378476
vt 0.106820 0.371127
vt 0.108213 0.375179
vt 0.113364 0.373082
vt 0.111024 0.368506
vt 0.115506 0.365065
vt 0.118794 0.370286
vt 0.044605 0.937727
vt 0.057978 0.893545
vt 0.075846 0.905021
vt 0.121760 0.375630
vt 0.073787 0.913707
vt 0.104631 0.366053
vt 0.105543 0.367981
vt 0.103799 0.418935
vt 0.104225 0.411591
vt 0.104411 0.404526
vt 0.102374 0.355277
vt 0.104529 0.349289
vt 0.103541 0.386186
vt 0.104039 0.391811
vt 0.105601 0.356253
vt 0.108667 0.350651
vt 0.107653 0.342205
vt 0.112974 0.344151
vt 0.072951 0.882061
vt 0.104329 0.397925
vt 0.112706 0.352836
vt 0.116940 0.356306
vt 0.123129 0.351221
vt 0.117994 0.346974
vt 0.053959 0.900135
vt 0.074800 0.908872
vt 0.125363 0.367223
vt 0.121270 0.361210
vt 0.050477 0.907554
vt 0.102908 0.381057
vt 0.102213 0.376446
vt 0.101040 0.368948
vt 0.101558 0.372412
vt 0.069257 0.991858
vt 0.079111 0.987051
vt 0.100777 0.365955
vt 0.100323 0.460616
vt 0.099512 0.457634
vt 0.103037 0.365949
vt 0.101460 0.439882
vt 0.100582 0.445468
vt 0.102904 0.459421
vt 0.101538 0.456628
vt 0.099423 0.453331
vt 0.101177 0.452851
vt 0.099868 0.449948
vt 0.107019 0.464863
vt 0.111537 0.461909
vt 0.080310 0.999255
vt 0.116760 0.457113
vt 0.101136 0.360626
vt 0.103139 0.466541
vt 0.122251 0.450624
vt 0.127703 0.442980
vt 0.103771 0.361247
vt 0.121811 0.383965
vt 0.128266 0.357025
vt 0.133071 0.364049
vt 0.128738 0.373343
vt 0.137252 0.371716
vt 0.130809 0.378219
vt 0.135735 0.380829
vt 0.127214 0.378213
vt 0.047615 0.915042
vt 0.057282 0.925649
vt 0.132805 0.434799
vt 0.137177 0.426536
vt 0.140608 0.418354
vt 0.142917 0.410322
vt 0.135383 0.403405
vt 0.144049 0.402542
vt 0.139056 0.394729
vt 0.135280 0.397301
vt 0.058683 0.926265
vt 0.122282 0.390532
vt 0.127460 0.403930
vt 0.128199 0.398167
vt 0.124094 0.396536
vt 0.142813 0.387297
vt 0.140546 0.379557
vt 0.138888 0.387710
vt 0.144015 0.394915
vt 0.124279 0.379875
vt 0.129558 0.391963
vt 0.131495 0.391834
vt 0.131130 0.390530
vt 0.129672 0.390737
vt 0.126129 0.384723
vt 0.125395 0.386506
vt 0.126562 0.386685
vt 0.127202 0.385357
vt 0.126259 0.390144
vt 0.127719 0.391382
vt 0.128274 0.390317
vt 0.127145 0.389394
vt 0.133215 0.390972
vt 0.132389 0.389903
vt 0.134498 0.389571
vt 0.133270 0.388817
vt 0.133737 0.387618
vt 0.135136 0.387811
vt 0.135043 0.385960
vt 0.133682 0.386332
vt 0.133152 0.385177
vt 0.134269 0.384286
vt 0.132886 0.383056
vt 0.132222 0.384345
vt 0.130955 0.383853
vt 0.131115 0.382432
vt 0.129213 0.382537
vt 0.129595 0.383874
vt 0.125441 0.388432
vt 0.126532 0.388096
vt 0.127465 0.383332
vt 0.128246 0.384392
vt 0.061802 0.858786
vt 0.056560 0.858695
vt 0.056694 0.860131
vt 0.061962 0.860353
vt 0.061904 0.857166
vt 0.056657 0.857260
vt 0.062177 0.855556
vt 0.056976 0.855824
vt 0.062602 0.854020
vt 0.057414 0.854383
vt 0.062381 0.876088
vt 0.057200 0.875831
vt 0.056560 0.877201
vt 0.061748 0.877560
vt 0.062980 0.874683
vt 0.057786 0.874449
vt 0.063455 0.873240
vt 0.058275 0.873053
vt 0.063855 0.871880
vt 0.058638 0.871641
vt 0.064081 0.870502
vt 0.058844 0.870216
vt 0.064089 0.869128
vt 0.058870 0.868780
vt 0.063894 0.867777
vt 0.058705 0.867339
vt 0.063597 0.866330
vt 0.058383 0.865895
vt 0.063170 0.864912
vt 0.057955 0.864452
vt 0.062722 0.863413
vt 0.057481 0.863010
vt 0.062285 0.861933
vt 0.057029 0.861570
vt 0.000000 1.000000
s 1
f 1/1/1 2/2/2 3/3/3
f 1/1/1 3/3/3 4/4/4
f 5/5/5 6/6/6 7/7/7
f 5/5/5 7/7/7 8/8/8
f 9/8/9 10/7/10 11/9/11
f 9/8/9 11/9/11 12/10/12
f 13/10/12 14/9/11 15/11/13
f 13/10/12 15/11/13 16/12/14
f 17/12/14 18/11/15 19/13/16
f 17/12/14 19/13/16 20/14/17
f 21/4/18 22/3/19 23/15/20
f 21/4/18 23/15/20 24/16/21
f 25/16/22 26/15/20 27/6/23
f 25/16/22 27/6/23 28/5/24
f 29/17/25 30/18/26 31/19/27
f 29/17/25 31/19/27 32/20/28
f 33/20/29 34/19/30 35/21/31
f 33/20/29 35/21/31 36/22/32
f 37/22/32 38/21/33 39/23/34
f 37/22/32 39/23/34 40/24/35
f 41/24/36 42/23/34 43/25/37
f 41/24/36 43/25/37 44/26/38
f 45/27/17 46/28/39 47/29/40
f 45/27/17 47/29/40 48/30/41
f 49/30/42 50/29/43 51/18/44
f 49/30/42 51/18/44 52/17/45
f 53/26/46 54/25/47 55/31/48
f 53/26/46 55/31/48 56/32/49
f 57/32/49 58/31/50 59/33/51
f 57/32/49 59/33/51 60/34/52
f 61/35/53 62/36/54 63/37/55
f 61/35/53 63/37/55 64/38/56
f 65/39/57 66/40/58 67/41/59
f 65/39/57 67/41/59 68/42/60
f 69/40/58 70/43/61 71/44/62
f 69/40/58 71/44/62 72/41/63
f 73/45/64 74/46/65 75/47/66
f 73/45/64 75/47/66 76/48/67
f 77/46/65 78/49/68 79/50/69
f 77/46/65 79/50/69 80/47/70
f 81/43/61 82/51/71 83/52/72
f 81/43/61 83/52/72 84/44/62
f 85/51/73 86/53/74 87/54/75
f 85/51/73 87/54/75 88/52/72
f 89/55/76 90/56/77 91/57/78
f 89/55/76 91/57/78 92/58/79
f 93/56/80 94/39/81 95/42/82
f 93/56/80 95/42/82 96/57/83
f 97/59/84 98/60/85 99/61/86
f 97/59/84 99/61/86 100/62/87
f 101/60/88 102/45/64 103/48/89
f 101/60/88 103/48/89 104/61/90
f 105/53/91 106/63/92 107/64/93
f 105/53/91 107/64/93 108/54/94
f 109/63/95 110/59/96 111/62/87
f 109/63/95 111/62/87 112/64/97
f 113/49/98 114/65/99 115/66/100
f 113/49/98 115/66/100 116/50/101
f 117/65/102 118/67/103 119/68/104
f 117/65/102 119/68/104 120/66/100
f 121/67/103 122/69/105 123/70/106
f 121/67/103 123/70/106 124/68/107
f 125/69/105 126/55/76 127/58/79
f 125/69/105 127/58/79 128/70/106
f 129/67/108 130/65/109 131/71/110
f 129/67/108 131/71/110 132/69/111
f 133/49/112 134/46/113 135/71/110
f 133/49/112 135/71/110 136/65/109
f 137/45/114 138/60/115 139/71/116
f 137/45/114 139/71/116 140/46/113
f 141/43/117 142/40/118 143/71/110
f 141/43/117 143/71/110 144/51/119
f 145/59/120 146/63/121 147/71/110
f 145/59/120 147/71/110 148/60/115
f 149/53/122 150/51/119 151/71/110
f 149/53/122 151/71/110 152/63/121
f 153/39/123 154/56/124 155/71/116
f 153/39/123 155/71/116 156/40/118
f 157/55/125 158/69/111 159/71/110
f 157/55/125 159/71/110 160/56/126
f 161/72/127 162/73/128 163/36/54
f 161/72/127 163/36/54 164/35/53
f 165/74/9 166/75/129 167/76/130
f 165/74/9 167/76/130 168/77/131
f 169/78/132 170/79/133 171/75/7
f 169/78/132 171/75/7 172/74/134
f 173/80/14 174/81/135 175/79/133
f 173/80/14 175/79/133 176/78/132
f 177/82/136 178/83/137 179/81/135
f 177/82/136 179/81/135 180/80/138
f 181/84/22 182/85/139 183/73/140
f 181/84/22 183/73/140 184/72/4
f 185/77/5 186/76/141 187/85/142
f 185/77/5 187/85/142 188/84/22
f 189/86/143 190/87/144 191/88/145
f 189/86/143 191/88/145 192/89/146
f 193/90/32 194/91/147 195/87/144
f 193/90/32 195/87/144 196/86/148
f 197/92/149 198/93/34 199/91/150
f 197/92/149 199/91/150 200/90/151
f 201/94/152 202/95/153 203/93/154
f 201/94/152 203/93/154 204/92/36
f 205/96/41 206/97/155 207/98/137
f 205/96/41 207/98/137 208/99/17
f 209/89/146 210/88/156 211/97/157
f 209/89/146 211/97/157 212/96/158
f 213/100/159 214/101/160 215/95/161
f 213/100/159 215/95/161 216/94/162
f 217/38/163 218/37/164 219/101/160
f 217/38/163 219/101/160 220/100/165
f 221/102/166 222/103/167 223/104/168
f 221/102/166 223/104/168 224/105/169
f 225/105/169 226/104/170 227/106/171
f 225/105/169 227/106/171 228/107/172
f 229/108/173 230/109/174 231/110/175
f 229/108/173 231/110/175 232/111/176
f 233/111/177 234/110/175 235/112/178
f 233/111/177 235/112/178 236/113/179
f 237/107/172 238/106/180 239/114/181
f 237/107/172 239/114/181 240/115/182
f 241/115/183 242/114/184 243/116/185
f 241/115/183 243/116/185 244/117/186
f 245/118/187 246/119/188 247/120/189
f 245/118/187 247/120/189 248/121/190
f 249/121/191 250/120/192 251/103/193
f 249/121/191 251/103/193 252/102/166
f 253/122/194 254/123/195 255/124/196
f 253/122/194 255/124/196 256/125/197
f 257/125/198 258/124/199 259/109/174
f 257/125/198 259/109/174 260/108/200
f 261/117/186 262/116/201 263/126/202
f 261/117/186 263/126/202 264/127/203
f 265/127/204 266/126/202 267/123/195
f 265/127/204 267/123/195 268/122/194
f 269/113/179 270/112/205 271/128/206
f 269/113/179 271/128/206 272/129/207
f 273/129/207 274/128/206 275/130/208
f 273/129/207 275/130/208 276/131/209
f 277/131/209 278/130/210 279/132/211
f 277/131/209 279/132/211 280/133/212
f 281/133/212 282/132/211 283/119/213
f 281/133/212 283/119/213 284/118/214
f 285/131/215 286/133/216 287/134/217
f 285/131/215 287/134/217 288/129/218
f 289/113/219 290/129/218 291/134/220
f 289/113/219 291/134/220 292/111/221
f 293/108/222 294/111/221 295/134/217
f 293/108/222 295/134/217 296/125/223
f 297/107/224 298/115/225 299/134/226
f 297/107/224 299/134/226 300/105/227
f 301/122/228 302/125/229 303/134/217
f 301/122/228 303/134/217 304/127/230
f 305/117/231 306/127/230 307/134/217
f 305/117/231 307/134/217 308/115/225
f 309/102/232 310/105/227 311/134/233
f 309/102/232 311/134/233 312/121/234
f 313/118/235 314/121/236 315/134/217
f 313/118/235 315/134/217 316/133/216
f 317/34/237 318/33/238 319/2/2
f 317/34/237 319/2/2 320/1/239
f 321/135/240 322/136/241 323/137/242
f 321/135/240 323/137/242 324/138/243
f 325/139/244 326/140/245 327/141/246
f 325/139/244 327/141/246 328/142/247
f 329/143/248 330/144/249 331/145/250
f 329/143/248 331/145/250 332/146/251
f 333/138/243 334/137/242 335/147/252
f 333/138/243 335/147/252 336/148/253
f 337/149/254 338/150/255 339/151/256
f 337/149/254 339/151/256 340/152/256
f 341/146/251 342/145/250 343/136/241
f 341/146/251 343/136/241 344/135/240
f 345/153/257 346/154/257 347/155/258
f 345/153/257 347/155/258 348/156/259
f 349/152/256 350/151/256 351/144/249
f 349/152/256 351/144/249 352/143/248
f 353/157/260 354/158/261 355/159/262
f 353/157/260 355/159/262 356/160/263
f 357/156/259 358/155/258 359/150/255
f 357/156/259 359/150/255 360/149/254
f 361/161/264 362/162/265 363/163/266
f 361/161/264 363/163/266 364/164/267
f 365/160/263 366/159/262 367/154/257
f 365/160/263 367/154/257 368/153/257
f 369/165/268 370/166/269 371/167/270
f 369/165/268 371/167/270 372/168/271
f 373/164/267 374/163/266 375/158/261
f 373/164/267 375/158/261 376/157/260
f 377/169/272 378/170/273 379/171/273
f 377/169/272 379/171/273 380/172/272
f 381/168/271 382/167/270 383/162/265
f 381/168/271 383/162/265 384/161/264
f 385/142/247 386/141/246 387/173/274
f 385/142/247 387/173/274 388/174/275
f 389/165/268 390/175/276 391/176/277
f 389/165/268 391/176/277 392/166/269
f 393/177/278 394/178/279 395/179/280
f 393/177/278 395/179/280 396/180/280
f 397/174/281 398/173/274 399/171/273
f 397/174/281 399/171/273 400/170/273
f 401/181/282 402/182/283 403/183/284
f 404/181/282 405/183/284 406/184/285
f 407/182/283 408/181/282 409/185/286
f 410/186/287 411/187/288 412/188/289
f 410/186/287 412/188/289 413/189/290
f 414/190/291 415/191/292 416/192/293
f 417/176/277 418/175/294 419/178/279
f 417/176/277 419/178/279 420/177/278
f 421/193/295 422/191/292 423/194/296
f 424/192/293 425/191/292 426/193/295
f 427/195/297 428/196/298 429/197/299
f 427/195/297 429/197/299 430/198/300
f 431/197/299 432/199/301 433/200/302
f 431/197/299 433/200/302 434/198/300
f 435/201/303 436/202/304 437/203/305
f 438/204/306 439/205/307 440/206/308
f 438/204/306 440/206/308 441/207/309
f 442/200/302 443/199/301 444/208/310
f 442/200/302 444/208/310 445/209/311
f 446/208/312 447/210/313 448/211/314
f 446/208/312 448/211/314 449/209/315
f 450/212/316 451/213/317 452/214/318
f 453/184/319 454/215/320 455/216/321
f 453/184/319 455/216/321 456/181/282
f 457/217/322 458/200/302 459/209/323
f 457/217/322 459/209/323 460/218/324
f 461/219/325 462/220/326 463/195/297
f 461/219/325 463/195/297 464/221/327
f 465/221/328 466/195/329 467/198/300
f 465/221/328 467/198/300 468/222/330
f 469/223/331 470/224/332 471/225/333
f 469/223/331 471/225/333 472/226/334
f 473/211/314 474/210/335 475/227/336
f 473/211/314 475/227/336 476/224/332
f 477/227/336 478/228/337 479/225/338
f 477/227/336 479/225/338 480/224/332
f 481/229/339 482/230/340 483/231/341
f 481/229/339 483/231/341 484/232/342
f 485/233/343 486/234/344 487/235/345
f 485/233/343 487/235/345 488/236/346
f 489/225/338 490/228/347 491/237/348
f 489/225/338 491/237/348 492/238/349
f 493/239/350 494/240/351 495/241/352
f 493/239/350 495/241/352 496/242/353
f 497/243/354 498/244/355 499/245/356
f 497/243/354 499/245/356 500/246/357
f 501/230/340 502/204/306 503/207/358
f 501/230/340 503/207/358 504/231/341
f 505/226/334 506/225/338 507/238/349
f 505/226/334 507/238/349 508/247/359
f 509/209/311 510/211/314 511/248/360
f 509/209/311 511/248/360 512/218/324
f 513/248/360 514/211/314 515/224/332
f 513/248/360 515/224/332 516/223/331
f 517/249/361 518/250/362 519/251/363
f 517/249/361 519/251/363 520/252/364
f 521/253/365 522/254/366 523/244/355
f 521/253/365 523/244/355 524/243/367
f 525/255/368 526/256/369 527/257/370
f 525/255/368 527/257/370 528/258/371
f 530/259/372 531/245/373 532/244/374
f 530/259/372 532/244/374 529/260/375
f 533/261/376 534/262/377 535/245/356
f 533/261/376 535/245/356 536/259/372
f 537/263/378 538/194/296 539/245/379
f 537/263/378 539/245/379 540/262/377
f 541/264/380 542/257/370 543/256/381
f 544/232/342 545/265/382 546/266/383
f 544/232/342 546/266/383 547/235/384
f 548/267/385 549/268/386 550/254/366
f 548/267/385 550/254/366 551/214/318
f 552/260/375 553/244/387 554/254/366
f 552/260/375 554/254/366 555/268/386
f 556/252/364 557/251/363 558/220/388
f 556/252/364 558/220/388 559/219/325
f 560/269/389 561/270/390 562/271/391
f 560/269/389 562/271/391 563/272/392
f 564/272/393 565/271/391 566/250/362
f 564/272/393 566/250/362 567/249/394
f 568/273/395 569/274/396 570/275/397
f 568/273/395 570/275/397 571/276/398
f 572/242/399 573/241/400 574/277/401
f 572/242/399 574/277/401 575/274/402
f 576/277/401 577/278/403 578/275/404
f 576/277/401 578/275/404 579/274/402
f 583/215/320 584/214/318 580/213/317
f 580/213/317 581/279/405 582/216/321
f 582/216/321 583/215/320 580/213/317
f 585/280/406 586/255/368 587/258/371
f 585/280/406 587/258/371 588/281/407
f 589/275/404 590/278/408 591/282/409
f 589/275/404 591/282/409 592/270/410
f 593/283/411 594/246/357 595/245/356
f 593/283/411 595/245/356 596/194/296
f 597/276/398 598/275/412 599/270/413
f 597/276/398 599/270/413 600/269/389
f 601/284/414 602/239/415 603/242/399
f 601/284/414 603/242/399 604/285/416
f 605/285/417 606/242/399 607/274/402
f 605/285/417 607/274/402 608/273/418
f 609/189/290 610/188/419 611/286/420
f 609/189/290 611/286/420 612/287/421
f 613/286/420 614/288/422 615/289/423
f 613/286/420 615/289/423 616/287/421
f 617/207/309 618/290/424 619/291/425
f 617/207/309 619/291/425 620/231/341
f 621/289/426 622/288/427 623/292/428
f 621/289/426 623/292/428 624/293/429
f 625/206/430 626/294/431 627/290/432
f 625/206/430 627/290/432 628/207/309
f 629/295/433 630/296/434 631/297/435
f 629/295/433 631/297/435 632/298/436
f 633/231/341 634/291/437 635/265/382
f 633/231/341 635/265/382 636/232/342
f 637/221/328 638/289/426 639/293/429
f 637/221/328 639/293/429 640/219/438
f 641/218/439 642/186/287 643/189/290
f 641/218/439 643/189/290 644/217/322
f 645/217/440 646/189/290 647/287/441
f 645/217/440 647/287/441 648/222/330
f 649/249/442 650/299/443 651/300/444
f 649/249/442 651/300/444 652/272/392
f 653/298/445 654/297/435 655/301/446
f 653/298/445 655/301/446 656/302/447
f 657/296/448 658/303/449 659/304/450
f 657/296/448 659/304/450 660/297/435
f 661/304/450 662/305/451 663/301/452
f 661/304/450 663/301/452 664/297/435
f 665/306/453 666/257/370 667/264/380
f 668/292/454 669/307/455 670/308/456
f 668/292/454 670/308/456 671/293/429
f 672/309/457 673/310/458 674/311/459
f 672/309/457 674/311/459 675/312/460
f 676/301/461 677/305/462 678/310/463
f 676/301/461 678/310/463 679/309/457
f 680/313/464 681/280/406 682/281/465
f 680/313/464 682/281/465 683/314/466
f 684/277/401 685/315/467 686/316/468
f 684/277/401 686/316/468 687/278/408
f 688/302/469 689/301/461 690/309/457
f 688/302/469 690/309/457 691/240/351
f 692/317/470 693/313/464 694/314/466
f 692/317/470 694/314/466 695/283/411
f 696/308/471 697/307/472 698/318/473
f 696/308/471 698/318/473 699/299/474
f 700/257/370 701/319/475 702/320/476
f 700/257/370 702/320/476 703/258/477
f 704/318/473 705/321/478 706/300/479
f 704/318/473 706/300/479 707/299/443
f 708/243/480 709/322/481 710/323/482
f 708/243/480 710/323/482 711/253/365
f 712/300/444 713/321/478 714/324/483
f 712/300/444 714/324/483 715/325/484
f 716/246/485 717/326/486 718/322/481
f 716/246/485 718/322/481 719/243/487
f 720/324/488 721/327/489 722/328/490
f 720/324/488 722/328/490 723/325/484
f 724/253/365 725/323/491 726/329/492
f 724/253/365 726/329/492 727/212/316
f 728/272/392 729/300/444 730/325/493
f 728/272/392 730/325/493 731/269/389
f 732/293/494 733/308/495 734/252/496
f 732/293/494 734/252/496 735/219/497
f 736/252/496 737/308/495 738/299/443
f 736/252/496 738/299/443 739/249/442
f 740/273/418 741/330/498 742/331/499
f 740/273/418 742/331/499 743/285/500
f 744/328/490 745/327/489 746/332/501
f 744/328/490 746/332/501 747/330/498
f 748/333/502 749/233/343 750/236/346
f 748/333/502 750/236/346 751/334/503
f 752/332/504 753/335/505 754/331/499
f 752/332/504 754/331/499 755/330/498
f 756/281/506 757/336/507 758/337/508
f 756/281/506 758/337/508 759/314/466
f 760/331/509 761/335/510 762/338/511
f 760/331/509 762/338/511 763/339/512
f 764/258/371 765/320/476 766/336/513
f 764/258/371 766/336/513 767/281/506
f 768/340/514 769/341/515 770/342/516
f 768/340/514 770/342/516 771/343/517
f 772/314/518 773/337/519 774/344/520
f 772/314/518 774/344/520 775/283/411
f 779/345/521 780/284/522 776/285/500
f 776/285/500 777/331/499 778/339/512
f 778/339/512 779/345/521 776/285/500
f 781/325/493 782/328/490 783/276/398
f 781/325/493 783/276/398 784/269/389
f 785/276/523 786/328/490 787/330/498
f 785/276/523 787/330/498 788/273/524
f 789/223/331 790/346/525 791/347/526
f 789/223/331 791/347/526 792/248/527
f 793/342/528 794/341/529 795/348/530
f 793/342/528 795/348/530 796/349/531
f 797/350/532 798/351/533 799/341/534
f 797/350/532 799/341/534 800/340/535
f 801/351/536 802/352/537 803/348/538
f 801/351/536 803/348/538 804/341/529
f 805/350/532 806/353/539 807/354/540
f 805/350/532 807/354/540 808/351/533
f 812/212/316 813/206/430 809/205/307
f 809/205/307 810/279/405 811/213/317
f 811/213/317 812/212/316 809/205/307
f 814/348/530 815/352/537 816/247/541
f 814/348/530 816/247/541 817/238/542
f 818/349/543 819/348/530 820/238/349
f 818/349/543 820/238/349 821/237/544
f 822/354/540 823/353/545 824/355/546
f 822/354/540 824/355/546 825/346/525
f 826/355/546 827/356/547 828/347/526
f 826/355/546 828/347/526 829/346/525
f 830/236/346 831/357/548 832/358/549
f 830/236/346 832/358/549 833/334/503
f 834/347/526 835/356/547 836/187/550
f 834/347/526 836/187/550 837/186/287
f 838/235/384 839/266/383 840/357/551
f 838/235/384 840/357/551 841/236/346
f 842/359/552 843/349/543 844/237/553
f 842/359/552 844/237/553 845/360/554
f 846/334/555 847/358/549 848/361/556
f 846/334/555 848/361/556 849/203/557
f 850/248/360 851/347/526 852/186/287
f 850/248/360 852/186/287 853/218/439
f 857/226/558 858/247/559 854/352/537
f 854/352/537 855/351/533 856/354/540
f 856/354/540 857/226/558 854/352/537
f 859/226/558 860/354/540 861/346/525
f 859/226/558 861/346/525 862/223/560
f 863/294/431 864/206/308 865/212/316
f 863/294/431 865/212/316 866/329/492
f 867/362/561 868/361/562 869/363/563
f 870/228/347 871/364/564 872/360/565
f 870/228/347 872/360/565 873/237/544
f 874/365/566 875/366/567 876/339/512
f 874/365/566 876/339/512 877/338/511
f 878/367/568 879/342/569 880/349/543
f 878/367/568 880/349/543 881/359/552
f 882/210/313 883/368/570 884/369/571
f 882/210/313 884/369/571 885/227/336
f 886/339/512 887/366/572 888/370/573
f 886/339/512 888/370/573 889/345/574
f 890/295/433 891/298/436 892/366/567
f 890/295/433 892/366/567 893/365/566
f 894/298/575 895/302/576 896/370/573
f 894/298/575 896/370/573 897/366/577
f 898/270/410 899/371/578 900/271/391
f 901/370/573 902/302/469 903/240/351
f 901/370/573 903/240/351 904/239/415
f 905/345/574 906/370/573 907/239/579
f 905/345/574 907/239/579 908/284/580
f 909/312/460 910/311/459 911/372/581
f 909/312/460 911/372/581 912/315/467
f 913/372/581 914/373/582 915/316/468
f 913/372/581 915/316/468 916/315/467
f 917/316/468 918/373/582 919/374/583
f 917/316/468 919/374/583 920/375/584
f 921/375/584 922/376/585 923/377/586
f 924/202/304 925/333/502 926/334/503
f 924/202/304 926/334/503 927/203/587
f 928/278/408 929/316/468 930/375/584
f 928/278/408 930/375/584 931/282/409
f 932/240/351 933/309/457 934/312/460
f 932/240/351 934/312/460 935/241/400
f 936/241/400 937/312/460 938/315/467
f 936/241/400 938/315/467 939/277/401
f 940/375/584 941/377/586 942/378/588
f 943/379/589 944/185/286 945/181/282
f 946/317/470 947/194/296 948/191/292
f 946/317/470 948/191/292 949/379/589
f 950/234/344 951/229/339 952/232/342
f 950/234/344 952/232/342 953/235/384
f 954/185/286 955/379/589 956/190/291
f 957/263/378 958/193/295 959/194/590
f 960/184/285 961/380/591 962/215/320
f 963/190/291 964/379/589 965/191/292
f 966/199/301 967/381/592 968/382/593
f 966/199/301 968/382/593 969/208/312
f 970/368/594 971/210/313 972/208/312
f 970/368/594 972/208/312 973/382/595
f 974/227/336 975/369/571 976/364/564
f 974/227/336 976/364/564 977/228/347
f 978/362/561 979/201/596 980/203/587
f 978/362/561 980/203/587 981/361/556
f 982/196/298 983/383/597 984/384/598
f 982/196/298 984/384/598 985/197/299
f 986/385/599 987/386/600 988/383/597
f 989/197/299 990/384/598 991/381/592
f 989/197/299 991/381/592 992/199/301
f 993/326/486 994/246/601 995/283/411
f 993/326/486 995/283/411 996/344/602
f 997/385/599 998/387/603 999/388/604
f 1000/253/365 1001/212/316 1002/214/318
f 1000/253/365 1002/214/318 1003/254/366
f 1004/215/320 1005/380/591 1006/389/605
f 1007/267/385 1008/214/318 1009/215/320
f 1007/267/385 1009/215/320 1010/389/605
f 1011/250/606 1012/271/391 1013/371/578
f 1011/250/606 1013/371/578 1014/390/607
f 1015/391/608 1016/392/609 1017/393/610
f 1018/222/330 1019/198/300 1020/200/302
f 1018/222/330 1020/200/302 1021/217/611
f 1022/250/612 1023/390/607 1024/392/609
f 1022/250/612 1024/392/609 1025/251/363
f 1026/394/613 1027/395/614 1028/376/585
f 1026/394/613 1028/376/585 1029/396/615
f 1030/394/613 1031/397/616 1032/388/604
f 1030/394/613 1032/388/604 1033/395/614
f 1034/391/608 1035/393/610 1036/387/603
f 1034/391/608 1036/387/603 1037/385/599
f 1038/282/409 1039/375/584 1040/378/588
f 1038/282/409 1040/378/588 1041/398/617
f 1042/374/583 1043/396/618 1044/376/585
f 1042/374/583 1044/376/585 1045/375/584
f 1046/399/619 1047/400/620 1048/401/621
f 1046/399/619 1048/401/621 1049/402/622
f 1050/403/623 1051/404/623 1052/405/624
f 1050/403/623 1052/405/624 1053/406/625
f 1054/407/626 1055/408/627 1056/409/628
f 1054/407/626 1056/409/628 1057/410/629
f 1058/402/622 1059/401/621 1060/411/630
f 1058/402/622 1060/411/630 1061/412/631
f 1062/411/630 1063/413/632 1064/414/633
f 1062/411/630 1064/414/633 1065/412/634
f 1066/410/629 1067/409/635 1068/400/636
f 1066/410/629 1068/400/636 1069/399/636
f 1070/415/637 1071/416/638 1072/417/638
f 1070/415/637 1072/417/638 1073/418/639
f 1074/414/633 1075/413/640 1076/415/639
f 1074/414/633 1076/415/639 1077/418/639
f 1078/419/641 1079/420/642 1080/421/643
f 1078/419/641 1080/421/643 1081/422/641
f 1082/417/638 1083/416/638 1084/419/641
f 1082/417/638 1084/419/641 1085/422/641
f 1086/423/644 1087/424/645 1088/425/645
f 1086/423/644 1088/425/645 1089/426/646
f 1090/421/647 1091/420/647 1092/423/644
f 1090/421/647 1092/423/644 1093/426/646
f 1094/405/624 1095/427/648 1096/428/649
f 1094/405/624 1096/428/649 1097/406/625
f 1098/425/645 1099/424/650 1100/429/651
f 1098/425/645 1100/429/651 1101/430/652
f 1102/428/649 1103/427/653 1104/408/654
f 1102/428/649 1104/408/654 1105/407/626
f 1106/390/607 1107/371/578 1108/428/655
f 1106/390/607 1108/428/655 1109/407/656
f 1110/410/657 1111/392/609 1112/390/607
f 1110/410/657 1112/390/607 1113/407/656
f 1114/398/617 1115/430/658 1116/403/659
f 1114/398/617 1116/403/659 1117/371/578
f 1120/406/660 1121/428/655 1118/371/578
f 1120/406/660 1118/371/578 1119/403/659
f 1122/398/617 1123/378/588 1124/425/661
f 1122/398/617 1124/425/661 1125/430/658
f 1126/378/588 1127/377/586 1128/426/662
f 1126/378/588 1128/426/662 1129/425/661
f 1130/376/585 1131/421/663 1132/426/662
f 1130/376/585 1132/426/662 1133/377/586
f 1134/395/614 1135/418/664 1136/417/665
f 1134/395/614 1136/417/665 1137/376/585
f 1140/422/666 1141/421/663 1138/376/585
f 1140/422/666 1138/376/585 1139/417/665
f 1142/395/614 1143/388/604 1144/414/667
f 1142/395/614 1144/414/667 1145/418/664
f 1146/431/668 1147/432/669 1148/433/669
f 1146/431/668 1148/433/669 1149/434/670
f 1150/388/604 1151/387/603 1152/412/671
f 1150/388/604 1152/412/671 1153/414/667
f 1154/387/603 1155/393/672 1156/399/673
f 1154/387/603 1156/399/673 1157/402/674
f 1158/435/675 1159/431/670 1160/434/676
f 1158/435/675 1160/434/676 1161/436/675
f 1162/437/677 1163/435/675 1164/436/675
f 1162/437/677 1164/436/675 1165/438/678
f 1166/439/679 1167/437/680 1168/438/680
f 1166/439/679 1168/438/680 1169/440/679
f 1170/441/681 1171/442/682 1172/443/683
f 1170/441/681 1172/443/683 1173/444/684
f 1174/445/685 1175/441/686 1176/444/687
f 1174/445/685 1176/444/687 1177/446/685
f 1178/447/688 1179/445/685 1180/446/689
f 1178/447/688 1180/446/689 1181/448/690
f 1182/449/691 1183/447/692 1184/448/693
f 1182/449/691 1184/448/693 1185/450/694
f 1186/451/695 1187/449/696 1188/450/696
f 1186/451/695 1188/450/696 1189/452/697
f 1190/453/698 1191/451/695 1192/452/695
f 1190/453/698 1192/452/695 1193/454/699
f 1194/455/700 1195/453/699 1196/454/699
f 1194/455/700 1196/454/699 1197/456/700
f 1198/457/701 1199/455/702 1200/456/702
f 1198/457/701 1200/456/702 1201/458/703
f 1202/459/704 1203/457/705 1204/458/705
f 1202/459/704 1204/458/705 1205/460/706
f 1206/461/707 1207/459/708 1208/460/709
f 1206/461/707 1208/460/709 1209/462/710
f 1210/463/711 1211/461/710 1212/462/710
f 1210/463/711 1212/462/710 1213/464/712
f 1214/432/713 1215/463/711 1216/464/711
f 1214/432/713 1216/464/711 1217/433/714
f 1218/387/603 1219/402/674 1220/412/671
f 1221/399/673 1222/393/610 1223/392/609
f 1221/399/673 1223/392/609 1224/410/657
f 1225/386/600 1226/385/599 1227/388/604
f 1225/386/600 1227/388/604 1228/397/616
f 1229/220/388 1230/391/608 1231/196/298
f 1229/220/388 1231/196/298 1232/195/297
f 1233/148/715 1234/147/252 1235/140/245
f 1233/148/715 1235/140/245 1236/139/244
f 1237/317/470 1238/283/716 1239/194/296
f 1240/306/453 1241/465/717 1242/319/718
f 1240/306/453 1242/319/718 1243/257/370
f 1244/430/719 1245/429/720 1246/404/623
f 1244/430/719 1246/404/623 1247/403/721
f 1248/220/388 1249/251/363 1250/392/609
f 1248/220/388 1250/392/609 1251/391/608
f 1252/282/409 1253/398/617 1254/371/578
f 1252/282/409 1254/371/578 1255/270/410
f 1256/343/722 1257/342/516 1258/367/723
f 1256/343/722 1258/367/723 1259/466/724
f 1260/391/608 1261/385/599 1262/383/597
f 1260/391/608 1262/383/597 1263/196/298
f 1264/222/330 1265/287/725 1266/289/426
f 1264/222/330 1266/289/426 1267/221/726
f 1268/467/727 1269/468/728 1270/469/729
f 1268/467/727 1270/469/729 1271/470/730
f 1272/471/731 1273/472/732 1274/473/733
f 1272/471/731 1274/473/733 1275/474/734
f 1276/475/735 1277/476/736 1278/477/737
f 1276/475/735 1278/477/737 1279/478/738
f 1280/468/728 1281/479/739 1282/480/740
f 1280/468/728 1282/480/740 1283/469/729
f 1284/481/741 1285/482/742 1286/483/742
f 1284/481/741 1286/483/742 1287/484/743
f 1288/476/736 1289/467/727 1290/470/730
f 1288/476/736 1290/470/730 1291/477/737
f 1292/485/744 1293/486/745 1294/487/745
f 1292/485/744 1294/487/745 1295/488/746
f 1296/482/742 1297/475/735 1298/478/738
f 1296/482/742 1298/478/738 1299/483/742
f 1300/489/747 1301/490/748 1302/491/749
f 1300/489/747 1302/491/749 1303/492/750
f 1304/486/745 1305/481/741 1306/484/743
f 1304/486/745 1306/484/743 1307/487/745
f 1308/493/751 1309/494/752 1310/495/753
f 1308/493/751 1310/495/753 1311/496/754
f 1312/490/748 1313/485/744 1314/488/746
f 1312/490/748 1314/488/746 1315/491/749
f 1316/497/755 1317/498/756 1318/499/757
f 1316/497/755 1318/499/757 1319/500/758
f 1320/494/752 1321/489/759 1322/492/750
f 1320/494/752 1322/492/750 1323/495/753
f 1324/169/272 1325/172/272 1326/501/760
f 1324/169/272 1326/501/760 1327/502/761
f 1328/498/756 1329/493/751 1330/496/762
f 1328/498/756 1330/496/762 1331/499/757
f 1332/472/732 1333/503/763 1334/504/764
f 1332/472/732 1334/504/764 1335/473/733
f 1336/497/755 1337/500/758 1338/505/765
f 1336/497/755 1338/505/765 1339/506/766
f 1340/507/767 1341/508/280 1342/509/280
f 1340/507/767 1342/509/280 1343/510/768
f 1344/503/763 1345/502/769 1346/501/760
f 1344/503/763 1346/501/760 1347/504/764
f 1348/511/770 1349/512/771 1350/513/772
f 1351/511/770 1352/514/773 1353/512/771
f 1354/513/772 1355/515/774 1356/511/770
f 1357/516/775 1358/517/776 1359/188/289
f 1357/516/775 1359/188/289 1360/187/288
f 1361/518/777 1362/519/778 1363/520/779
f 1364/505/765 1365/507/767 1366/510/768
f 1364/505/765 1366/510/768 1367/506/780
f 1368/521/781 1369/522/782 1370/520/779
f 1371/519/783 1372/521/781 1373/520/779
f 1374/523/784 1375/524/785 1376/525/786
f 1374/523/784 1376/525/786 1377/526/787
f 1378/525/786 1379/524/785 1380/527/788
f 1378/525/786 1380/527/788 1381/528/789
f 1382/529/790 1383/530/791 1384/531/792
f 1385/532/793 1386/533/794 1387/534/795
f 1385/532/793 1387/534/795 1388/535/796
f 1389/527/788 1390/536/797 1391/537/798
f 1389/527/788 1391/537/798 1392/528/789
f 1393/537/798 1394/536/799 1395/538/800
f 1393/537/798 1395/538/800 1396/539/801
f 1397/540/802 1398/541/803 1399/542/804
f 1400/514/773 1401/511/770 1402/543/805
f 1400/514/773 1402/543/805 1403/544/806
f 1404/545/807 1405/546/808 1406/536/809
f 1404/545/807 1406/536/809 1407/527/788
f 1408/547/810 1409/548/811 1410/523/812
f 1408/547/810 1410/523/812 1411/549/813
f 1412/548/811 1413/550/814 1414/524/815
f 1412/548/811 1414/524/815 1415/523/784
f 1416/551/816 1417/552/817 1418/553/818
f 1416/551/816 1418/553/818 1419/554/819
f 1420/538/800 1421/554/819 1422/555/820
f 1420/538/800 1422/555/820 1423/539/801
f 1424/555/820 1425/554/819 1426/553/818
f 1424/555/820 1426/553/818 1427/556/821
f 1428/557/822 1429/558/823 1430/559/824
f 1428/557/822 1430/559/824 1431/560/825
f 1432/561/826 1433/562/827 1434/563/828
f 1432/561/826 1434/563/828 1435/564/829
f 1436/553/818 1437/565/830 1438/566/831
f 1436/553/818 1438/566/831 1439/556/832
f 1440/567/833 1441/568/834 1442/569/835
f 1440/567/833 1442/569/835 1443/570/836
f 1444/571/837 1445/572/838 1446/573/839
f 1444/571/837 1446/573/839 1447/574/840
f 1448/560/825 1449/559/824 1450/533/794
f 1448/560/825 1450/533/794 1451/532/793
f 1452/552/841 1453/575/842 1454/565/830
f 1452/552/841 1454/565/830 1455/553/818
f 1456/536/797 1457/546/843 1458/576/844
f 1456/536/797 1458/576/844 1459/538/800
f 1460/576/844 1461/551/816 1462/554/819
f 1460/576/844 1462/554/819 1463/538/845
f 1464/577/846 1465/578/847 1466/579/848
f 1464/577/846 1466/579/848 1467/580/849
f 1468/581/850 1469/571/837 1470/574/840
f 1468/581/850 1470/574/840 1471/582/851
f 1472/583/852 1473/584/853 1474/585/854
f 1472/583/852 1474/585/854 1475/586/855
f 1479/587/856 1476/588/857 1477/574/840
f 1479/587/856 1477/574/840 1478/573/839
f 1480/589/858 1481/587/856 1482/573/839
f 1480/589/858 1482/573/839 1483/590/859
f 1484/591/860 1485/590/859 1486/573/861
f 1484/591/860 1486/573/861 1487/522/862
f 1488/592/863 1489/586/864 1490/585/865
f 1491/558/823 1492/563/866 1493/266/383
f 1491/558/823 1493/266/383 1494/265/382
f 1495/593/867 1496/541/803 1497/582/851
f 1495/593/867 1497/582/851 1498/594/868
f 1499/588/857 1500/594/868 1501/582/869
f 1499/588/857 1501/582/869 1502/574/870
f 1503/578/871 1504/547/810 1505/549/813
f 1503/578/871 1505/549/813 1506/579/848
f 1507/595/872 1508/596/873 1509/597/874
f 1507/595/872 1509/597/874 1510/598/875
f 1511/596/876 1512/577/877 1513/580/849
f 1511/596/876 1513/580/849 1514/597/874
f 1515/599/878 1516/600/879 1517/601/880
f 1515/599/878 1517/601/880 1518/602/881
f 1519/568/882 1520/602/881 1521/603/883
f 1519/568/882 1521/603/883 1522/569/884
f 1523/603/883 1524/602/881 1525/601/885
f 1523/603/883 1525/601/885 1526/604/886
f 1530/543/805 1531/605/887 1527/542/804
f 1527/542/804 1528/541/803 1529/544/806
f 1529/544/806 1530/543/805 1527/542/804
f 1532/606/888 1533/607/889 1534/584/853
f 1532/606/888 1534/584/853 1535/583/852
f 1536/601/890 1537/598/891 1538/608/892
f 1536/601/890 1538/608/892 1539/604/893
f 1540/609/894 1541/522/862 1542/573/839
f 1540/609/894 1542/573/839 1543/572/895
f 1544/600/879 1545/595/872 1546/598/875
f 1544/600/879 1546/598/875 1547/601/896
f 1548/610/897 1549/611/898 1550/568/882
f 1548/610/897 1550/568/882 1551/567/899
f 1552/611/900 1553/599/878 1554/602/881
f 1552/611/900 1554/602/881 1555/568/882
f 1556/517/776 1557/612/901 1558/286/420
f 1556/517/776 1558/286/420 1559/188/902
f 1560/286/420 1561/612/901 1562/613/903
f 1560/286/420 1562/613/903 1563/288/904
f 1564/533/794 1565/559/824 1566/291/425
f 1564/533/794 1566/291/425 1567/290/905
f 1568/613/906 1569/614/907 1570/292/454
f 1568/613/906 1570/292/454 1571/288/427
f 1572/534/908 1573/533/909 1574/290/424
f 1572/534/908 1574/290/424 1575/294/910
f 1576/295/433 1577/615/911 1578/616/912
f 1576/295/433 1578/616/912 1579/296/434
f 1580/559/824 1581/558/823 1582/265/382
f 1580/559/824 1582/265/382 1583/291/913
f 1584/548/811 1585/547/914 1586/614/907
f 1584/548/811 1586/614/907 1587/613/915
f 1588/546/808 1589/545/807 1590/517/776
f 1588/546/808 1590/517/776 1591/516/916
f 1592/545/807 1593/550/814 1594/612/917
f 1592/545/807 1594/612/917 1595/517/776
f 1596/577/918 1597/596/876 1598/617/919
f 1596/577/918 1598/617/919 1599/618/920
f 1600/615/911 1601/619/921 1602/620/922
f 1600/615/911 1602/620/922 1603/616/912
f 1604/296/448 1605/616/912 1606/621/923
f 1604/296/448 1606/621/923 1607/303/449
f 1608/621/923 1609/616/912 1610/620/924
f 1608/621/923 1610/620/924 1611/622/925
f 1612/623/926 1613/592/863 1614/585/854
f 1615/292/454 1616/614/907 1617/624/927
f 1615/292/454 1617/624/927 1618/307/455
f 1619/625/928 1620/626/929 1621/627/930
f 1619/625/928 1621/627/930 1622/628/931
f 1623/620/932 1624/625/933 1625/628/931
f 1623/620/932 1625/628/931 1626/622/934
f 1627/629/935 1628/630/936 1629/607/889
f 1627/629/935 1629/607/889 1630/606/888
f 1631/603/883 1632/604/893 1633/631/937
f 1631/603/883 1633/631/937 1634/632/938
f 1635/619/939 1636/570/836 1637/625/940
f 1635/619/939 1637/625/940 1638/620/932
f 1639/633/941 1640/609/894 1641/630/942
f 1639/633/941 1641/630/942 1642/629/935
f 1643/624/943 1644/618/944 1645/318/473
f 1643/624/943 1645/318/473 1646/307/945
f 1647/585/854 1648/584/946 1649/320/476
f 1647/585/854 1649/320/476 1650/319/475
f 1651/318/473 1652/618/947 1653/617/919
f 1651/318/473 1653/617/919 1654/321/948
f 1655/571/949 1656/581/950 1657/323/951
f 1655/571/949 1657/323/951 1658/322/481
f 1659/617/952 1660/634/953 1661/324/954
f 1659/617/952 1661/324/954 1662/321/955
f 1663/572/956 1664/571/957 1665/322/481
f 1663/572/956 1665/322/481 1666/326/486
f 1667/324/488 1668/634/953 1669/635/958
f 1667/324/488 1669/635/958 1670/327/959
f 1671/581/950 1672/540/802 1673/329/492
f 1671/581/950 1673/329/492 1674/323/960
f 1675/596/876 1676/595/872 1677/634/961
f 1675/596/876 1677/634/961 1678/617/919
f 1679/614/962 1680/547/963 1681/578/847
f 1679/614/962 1681/578/847 1682/624/964
f 1683/578/965 1684/577/918 1685/618/947
f 1683/578/965 1685/618/947 1686/624/966
f 1687/599/967 1688/611/968 1689/636/969
f 1687/599/967 1689/636/969 1690/637/970
f 1691/635/971 1692/637/970 1693/332/501
f 1691/635/971 1693/332/501 1694/327/489
f 1695/638/972 1696/639/973 1697/562/974
f 1695/638/972 1697/562/974 1698/561/826
f 1699/332/975 1700/637/970 1701/636/969
f 1699/332/975 1701/636/969 1702/335/976
f 1703/607/889 1704/630/936 1705/337/977
f 1703/607/889 1705/337/977 1706/336/513
f 1707/636/978 1708/640/979 1709/338/511
f 1707/636/978 1709/338/511 1710/335/980
f 1711/584/981 1712/607/889 1713/336/513
f 1711/584/981 1713/336/513 1714/320/982
f 1715/340/514 1716/343/983 1717/641/984
f 1715/340/514 1717/641/984 1718/642/985
f 1719/630/936 1720/609/986 1721/344/520
f 1719/630/936 1721/344/520 1722/337/987
f 1726/640/979 1727/636/988 1723/611/989
f 1723/611/989 1724/610/990 1725/643/991
f 1725/643/991 1726/640/979 1723/611/989
f 1728/634/961 1729/595/872 1730/600/992
f 1728/634/961 1730/600/992 1731/635/971
f 1732/600/992 1733/599/993 1734/637/970
f 1732/600/992 1734/637/970 1735/635/971
f 1736/551/816 1737/576/994 1738/644/995
f 1736/551/816 1738/644/995 1739/645/996
f 1740/641/997 1741/646/998 1742/647/999
f 1740/641/997 1742/647/999 1743/642/1000
f 1744/350/1001 1745/340/1002 1746/642/1000
f 1744/350/1001 1746/642/1000 1747/648/1003
f 1748/648/1004 1749/642/1005 1750/647/999
f 1748/648/1004 1750/647/999 1751/649/1006
f 1752/350/532 1753/648/1007 1754/650/1008
f 1752/350/532 1754/650/1008 1755/353/1009
f 1759/542/804 1760/605/887 1756/535/796
f 1756/535/796 1757/534/908 1758/540/802
f 1758/540/802 1759/542/804 1756/535/796
f 1761/647/999 1762/565/1010 1763/575/1011
f 1761/647/999 1763/575/1011 1764/649/1006
f 1765/646/1012 1766/566/831 1767/565/830
f 1765/646/1012 1767/565/830 1768/647/999
f 1769/650/1008 1770/645/996 1771/355/546
f 1769/650/1008 1771/355/546 1772/353/545
f 1773/355/546 1774/645/996 1775/644/995
f 1773/355/546 1775/644/995 1776/356/547
f 1777/562/1013 1778/639/973 1779/358/1014
f 1777/562/1013 1779/358/1014 1780/357/1015
f 1781/644/995 1782/516/1016 1783/187/1017
f 1781/644/995 1783/187/1017 1784/356/547
f 1785/563/866 1786/562/827 1787/357/551
f 1785/563/866 1787/357/551 1788/266/383
f 1789/651/1018 1790/652/1019 1791/566/831
f 1789/651/1018 1791/566/831 1792/646/1020
f 1793/639/973 1794/530/1021 1795/361/556
f 1793/639/973 1795/361/556 1796/358/1022
f 1797/576/844 1798/546/1023 1799/516/916
f 1797/576/844 1799/516/916 1800/644/995
f 1804/650/1008 1805/648/1003 1801/649/1006
f 1801/649/1006 1802/575/1011 1803/552/1024
f 1803/552/1024 1804/650/1008 1801/649/1006
f 1806/552/841 1807/551/1025 1808/645/996
f 1806/552/841 1808/645/996 1809/650/1008
f 1810/294/431 1811/329/492 1812/540/802
f 1810/294/431 1812/540/802 1813/534/795
f 1814/653/1026 1815/363/563 1816/361/556
f 1817/556/821 1818/566/831 1819/652/1027
f 1817/556/821 1819/652/1027 1820/654/1028
f 1821/365/1029 1822/338/511 1823/640/979
f 1821/365/1029 1823/640/979 1824/655/1030
f 1825/656/1031 1826/651/1018 1827/646/1032
f 1825/656/1031 1827/646/1032 1828/641/997
f 1829/539/801 1830/555/820 1831/657/1033
f 1829/539/801 1831/657/1033 1832/658/1034
f 1833/640/979 1834/643/1035 1835/659/1036
f 1833/640/979 1835/659/1036 1836/655/1037
f 1837/295/1038 1838/365/1039 1839/655/1037
f 1837/295/1038 1839/655/1037 1840/615/1040
f 1841/615/1040 1842/655/1041 1843/659/1036
f 1841/615/1040 1843/659/1036 1844/619/921
f 1845/598/891 1846/597/874 1847/660/1042
f 1848/659/1036 1849/567/899 1850/570/1043
f 1848/659/1036 1850/570/1043 1851/619/1044
f 1852/643/991 1853/610/990 1854/567/899
f 1852/643/991 1854/567/899 1855/659/1036
f 1856/626/929 1857/632/938 1858/661/1045
f 1856/626/929 1858/661/1045 1859/627/1046
f 1860/661/1045 1861/632/1047 1862/631/937
f 1860/661/1045 1862/631/937 1863/662/1048
f 1864/631/937 1865/663/1049 1866/664/1050
f 1864/631/937 1866/664/1050 1867/662/1048
f 1868/663/1049 1869/665/1051 1870/666/1052
f 1871/531/792 1872/530/1021 1873/639/973
f 1871/531/792 1873/639/973 1874/638/972
f 1875/604/893 1876/608/892 1877/663/1049
f 1875/604/893 1877/663/1049 1878/631/937
f 1879/570/836 1880/569/884 1881/626/929
f 1879/570/836 1881/626/929 1882/625/1053
f 1883/569/884 1884/603/883 1885/632/938
f 1883/569/884 1885/632/938 1886/626/929
f 1887/663/1049 1888/667/1054 1889/665/1051
f 1890/668/1055 1891/511/770 1892/515/774
f 1893/633/941 1894/668/1055 1895/520/779
f 1893/633/941 1895/520/779 1896/522/782
f 1897/564/829 1898/563/1056 1899/558/823
f 1897/564/829 1899/558/823 1900/557/822
f 1901/515/774 1902/518/777 1903/668/1057
f 1904/591/860 1905/522/782 1906/521/781
f 1907/514/773 1908/544/806 1909/669/1058
f 1910/518/777 1911/520/779 1912/668/1055
f 1913/528/789 1914/537/798 1915/670/1059
f 1913/528/789 1915/670/1059 1916/671/1060
f 1917/658/1034 1918/670/1061 1919/537/798
f 1917/658/1034 1919/537/798 1920/539/801
f 1921/555/820 1922/556/821 1923/654/1028
f 1921/555/820 1923/654/1028 1924/657/1033
f 1925/653/1026 1926/361/556 1927/530/1021
f 1925/653/1026 1927/530/1021 1928/529/790
f 1929/526/787 1930/525/786 1931/672/1062
f 1929/526/787 1931/672/1062 1932/673/1063
f 1933/674/1064 1934/673/1063 1935/675/1065
f 1936/525/786 1937/528/789 1938/671/1060
f 1936/525/786 1938/671/1060 1939/672/1062
f 1940/326/486 1941/344/1066 1942/609/1067
f 1940/326/486 1942/609/1067 1943/572/1068
f 1944/674/1064 1945/676/1069 1946/677/1070
f 1947/581/950 1948/582/851 1949/541/1071
f 1947/581/950 1949/541/1071 1950/540/802
f 1951/544/806 1952/678/1072 1953/669/1058
f 1954/593/867 1955/678/1072 1956/544/806
f 1954/593/867 1956/544/806 1957/541/803
f 1958/580/1073 1959/679/1074 1960/660/1042
f 1958/580/1073 1960/660/1042 1961/597/874
f 1962/680/1075 1963/681/1076 1964/682/1077
f 1965/550/814 1966/545/807 1967/527/788
f 1965/550/814 1967/527/788 1968/524/815
f 1969/580/1073 1970/579/848 1971/682/1077
f 1969/580/1073 1971/682/1077 1972/679/1074
f 1973/683/1078 1974/684/1079 1975/666/1052
f 1973/683/1078 1975/666/1052 1976/685/1080
f 1977/683/1078 1978/685/1080 1979/676/1069
f 1977/683/1078 1979/676/1069 1980/686/1081
f 1981/680/1075 1982/674/1064 1983/677/1070
f 1981/680/1075 1983/677/1070 1984/681/1076
f 1985/608/892 1986/687/1082 1987/667/1054
f 1985/608/892 1987/667/1054 1988/663/1049
f 1989/664/1083 1990/663/1049 1991/666/1052
f 1989/664/1083 1991/666/1052 1992/684/1079
f 1993/688/1084 1994/689/1085 1995/690/1086
f 1993/688/1084 1995/690/1086 1996/691/1087
f 1997/692/1088 1998/693/1089 1999/694/1090
f 1997/692/1088 1999/694/1090 2000/695/1088
f 2001/696/1091 2002/697/1092 2003/698/1093
f 2001/696/1091 2003/698/1093 2004/699/1094
f 2005/689/1095 2006/700/1096 2007/701/1097
f 2005/689/1095 2007/701/1097 2008/690/1098
f 2009/701/1097 2010/700/1096 2011/702/1099
f 2009/701/1097 2011/702/1099 2012/703/1100
f 2013/697/1101 2014/688/1102 2015/691/1102
f 2013/697/1101 2015/691/1102 2016/698/1103
f 2017/704/1104 2018/705/1105 2019/706/1106
f 2017/704/1104 2019/706/1106 2020/707/1106
f 2021/702/1099 2022/705/1105 2023/704/1104
f 2021/702/1099 2023/704/1104 2024/703/1099
f 2025/708/1107 2026/709/1108 2027/710/1109
f 2025/708/1107 2027/710/1109 2028/711/1109
f 2029/706/1110 2030/709/1108 2031/708/1107
f 2029/706/1110 2031/708/1107 2032/707/1106
f 2033/712/1111 2034/713/1112 2035/714/1113
f 2033/712/1111 2035/714/1113 2036/715/1113
f 2037/710/1114 2038/713/1111 2039/712/1111
f 2037/710/1114 2039/712/1111 2040/711/1109
f 2041/694/1115 2042/693/1116 2043/716/1117
f 2041/694/1115 2043/716/1117 2044/717/1118
f 2045/714/1119 2046/718/1120 2047/719/1121
f 2045/714/1119 2047/719/1121 2048/715/1113
f 2049/716/1122 2050/696/1123 2051/699/1094
f 2049/716/1122 2051/699/1094 2052/717/1124
f 2053/679/1074 2054/696/1125 2055/716/1126
f 2053/679/1074 2055/716/1126 2056/660/1042
f 2057/697/1127 2058/696/1125 2059/679/1074
f 2057/697/1127 2059/679/1074 2060/682/1077
f 2061/687/1082 2062/660/1042 2063/692/1128
f 2061/687/1082 2063/692/1128 2064/718/1129
f 2067/693/1130 2068/692/1128 2065/660/1042
f 2067/693/1130 2065/660/1042 2066/716/1126
f 2069/687/1082 2070/718/1129 2071/714/1131
f 2069/687/1082 2071/714/1131 2072/667/1054
f 2073/667/1054 2074/714/1131 2075/713/1132
f 2073/667/1054 2075/713/1132 2076/665/1051
f 2077/666/1052 2078/665/1051 2079/713/1132
f 2077/666/1052 2079/713/1132 2080/710/1133
f 2081/685/1080 2082/666/1052 2083/706/1134
f 2081/685/1080 2083/706/1134 2084/705/1135
f 2087/709/1136 2088/706/1134 2085/666/1052
f 2087/709/1136 2085/666/1052 2086/710/1137
f 2089/685/1080 2090/705/1135 2091/702/1138
f 2089/685/1080 2091/702/1138 2092/676/1069
f 2093/720/1139 2094/721/1140 2095/722/1141
f 2093/720/1139 2095/722/1141 2096/723/1141
f 2097/676/1069 2098/702/1138 2099/700/1142
f 2097/676/1069 2099/700/1142 2100/677/1070
f 2101/677/1070 2102/689/1143 2103/688/1144
f 2101/677/1070 2103/688/1144 2104/681/1076
f 2105/724/1145 2106/725/1145 2107/721/1140
f 2105/724/1145 2107/721/1140 2108/720/1140
f 2109/726/1146 2110/727/1147 2111/725/1145
f 2109/726/1146 2111/725/1145 2112/724/1145
f 2113/728/1148 2114/729/1149 2115/727/1146
f 2113/728/1148 2115/727/1146 2116/726/1150
f 2117/730/1151 2118/731/1152 2119/732/1153
f 2117/730/1151 2119/732/1153 2120/733/1154
f 2121/734/1155 2122/735/1155 2123/731/1156
f 2121/734/1155 2123/731/1156 2124/730/1156
f 2125/736/1157 2126/737/1158 2127/735/1155
f 2125/736/1157 2127/735/1155 2128/734/1159
f 2129/738/1160 2130/739/1161 2131/737/1157
f 2129/738/1160 2131/737/1157 2132/736/1162
f 2133/740/1163 2134/741/1164 2135/739/1160
f 2133/740/1163 2135/739/1160 2136/738/1165
f 2137/742/1166 2138/743/1166 2139/741/1163
f 2137/742/1166 2139/741/1163 2140/740/1167
f 2141/744/1168 2142/745/1168 2143/743/1169
f 2141/744/1168 2143/743/1169 2144/742/1170
f 2145/746/1171 2146/747/1172 2147/745/1173
f 2145/746/1171 2147/745/1173 2148/744/1173
f 2149/748/1174 2150/749/1175 2151/747/1176
f 2149/748/1174 2151/747/1176 2152/746/1176
f 2153/750/1177 2154/751/1178 2155/749/1179
f 2153/750/1177 2155/749/1179 2156/748/1180
f 2157/752/1181 2158/753/1181 2159/751/1182
f 2157/752/1181 2159/751/1182 2160/750/1178
f 2161/723/1141 2162/722/1183 2163/753/1181
f 2161/723/1141 2163/753/1181 2164/752/1184
f 2165/677/1070 2166/700/1142 2167/689/1143
f 2168/688/1144 2169/697/1127 2170/682/1077
f 2168/688/1144 2170/682/1077 2171/681/1076
f 2172/675/1065 2173/686/1081 2174/676/1069
f 2172/675/1065 2174/676/1069 2175/674/1064
f 2176/549/813 2177/523/784 2178/526/787
f 2176/549/813 2178/526/787 2179/680/1075
f 2180/479/739 2181/471/731 2182/474/734
f 2180/479/739 2182/474/734 2183/480/740
f 2184/633/941 2185/522/862 2186/609/1185
f 2187/623/926 2188/585/854 2189/319/1186
f 2187/623/926 2189/319/1186 2190/465/717
f 2191/718/1187 2192/692/1088 2193/695/1188
f 2191/718/1187 2193/695/1188 2194/719/1189
f 2195/549/813 2196/680/1075 2197/682/1077
f 2195/549/813 2197/682/1077 2198/579/848
f 2199/608/892 2200/598/891 2201/660/1042
f 2199/608/892 2201/660/1042 2202/687/1082
f 2203/343/722 2204/466/724 2205/656/1190
f 2203/343/722 2205/656/1190 2206/641/1191
f 2207/680/1075 2208/526/787 2209/673/1063
f 2207/680/1075 2209/673/1063 2210/674/1064
f 2211/550/814 2212/548/811 2213/613/915
f 2211/550/814 2213/613/915 2214/612/901
f 2215/754/1192 2216/754/1192 2217/754/1192
