# Blender 5.2.0 LTS
# www.blender.org
mtllib hat.mtl
o hat
v 0.035809 1.320060 -0.146671
v 0.034604 1.327120 -0.152481
v 0.044260 1.360450 -0.116027
v 0.045805 1.351380 -0.108574
v 0.034604 1.312990 -0.140861
v 0.035809 1.320060 -0.146671
v 0.045805 1.351380 -0.108574
v 0.044260 1.342320 -0.101121
v 0.045805 1.351380 -0.108574
v 0.044260 1.360450 -0.116027
v 0.062647 1.368370 -0.114144
v 0.064840 1.355500 -0.103562
v 0.044260 1.342320 -0.101121
v 0.045805 1.351380 -0.108574
v 0.064840 1.355500 -0.103562
v 0.062647 1.342630 -0.092980
v 0.039730 1.333870 -0.094176
v 0.044260 1.342320 -0.101121
v 0.062647 1.342630 -0.092980
v 0.056215 1.330640 -0.083120
v 0.031073 1.306410 -0.135448
v 0.034604 1.312990 -0.140861
v 0.044260 1.342320 -0.101121
v 0.039730 1.333870 -0.094176
v 0.025456 1.300750 -0.130799
v 0.031073 1.306410 -0.135448
v 0.039730 1.333870 -0.094176
v 0.032524 1.326610 -0.088212
v 0.032524 1.326610 -0.088212
v 0.039730 1.333870 -0.094176
v 0.056215 1.330640 -0.083120
v 0.045985 1.320340 -0.074652
v 0.018136 1.296410 -0.127231
v 0.025456 1.300750 -0.130799
v 0.032524 1.326610 -0.088212
v 0.023134 1.321050 -0.083636
v 0.023134 1.321050 -0.083636
v 0.032524 1.326610 -0.088212
v 0.045985 1.320340 -0.074652
v 0.032652 1.312440 -0.068155
v 0.009611 1.293690 -0.124989
v 0.018136 1.296410 -0.127231
v 0.023134 1.321050 -0.083636
v 0.012199 1.317550 -0.080759
v 0.012199 1.317550 -0.080759
v 0.023134 1.321050 -0.083636
v 0.032652 1.312440 -0.068155
v 0.017125 1.307470 -0.064070
v 0.000463 1.292760 -0.124224
v 0.009611 1.293690 -0.124989
v 0.012199 1.317550 -0.080759
v 0.000464 1.316360 -0.079778
v 0.000464 1.316360 -0.079778
v 0.012199 1.317550 -0.080759
v 0.017125 1.307470 -0.064070
v 0.000464 1.305770 -0.062677
v -0.008685 1.293690 -0.124988
v 0.000463 1.292760 -0.124224
v 0.000464 1.316360 -0.079778
v -0.011271 1.317550 -0.080759
v -0.011271 1.317550 -0.080759
v 0.000464 1.316360 -0.079778
v 0.000464 1.305770 -0.062677
v -0.016198 1.307470 -0.064070
v -0.017210 1.296410 -0.127231
v -0.008685 1.293690 -0.124988
v -0.011271 1.317550 -0.080759
v -0.022207 1.321050 -0.083636
v -0.022207 1.321050 -0.083636
v -0.011271 1.317550 -0.080759
v -0.016198 1.307470 -0.064070
v -0.031724 1.312440 -0.068154
v -0.024530 1.300750 -0.130798
v -0.017210 1.296410 -0.127231
v -0.022207 1.321050 -0.083636
v -0.031597 1.326620 -0.088212
v -0.031597 1.326620 -0.088212
v -0.022207 1.321050 -0.083636
v -0.031724 1.312440 -0.068154
v -0.045057 1.320340 -0.074652
v -0.030147 1.306410 -0.135447
v -0.024530 1.300750 -0.130798
v -0.031597 1.326620 -0.088212
v -0.038802 1.333870 -0.094175
v -0.038802 1.333870 -0.094175
v -0.031597 1.326620 -0.088212
v -0.045057 1.320340 -0.074652
v -0.055288 1.330640 -0.083119
v -0.033678 1.312990 -0.140861
v -0.030147 1.306410 -0.135447
v -0.038802 1.333870 -0.094175
v -0.043332 1.342320 -0.101120
v -0.043332 1.342320 -0.101120
v -0.038802 1.333870 -0.094175
v -0.055288 1.330640 -0.083119
v -0.061719 1.342630 -0.092979
v -0.034882 1.320060 -0.146671
v -0.033678 1.312990 -0.140861
v -0.043332 1.342320 -0.101120
v -0.044877 1.351380 -0.108573
v -0.044877 1.351380 -0.108573
v -0.043332 1.342320 -0.101120
v -0.061719 1.342630 -0.092979
v -0.063912 1.355500 -0.103561
v -0.033678 1.327130 -0.152481
v -0.034882 1.320060 -0.146671
v -0.044877 1.351380 -0.108573
v -0.043332 1.360450 -0.116026
v -0.043332 1.360450 -0.116026
v -0.044877 1.351380 -0.108573
v -0.063912 1.355500 -0.103561
v -0.061718 1.368370 -0.114143
v -0.030147 1.333710 -0.157895
v -0.033678 1.327130 -0.152481
v -0.043332 1.360450 -0.116026
v -0.038802 1.368890 -0.122971
v -0.038802 1.368890 -0.122971
v -0.043332 1.360450 -0.116026
v -0.061718 1.368370 -0.114143
v -0.055287 1.380370 -0.124004
v -0.024530 1.339360 -0.162544
v -0.030147 1.333710 -0.157895
v -0.038802 1.368890 -0.122971
v -0.031596 1.376150 -0.128934
v -0.031596 1.376150 -0.128934
v -0.038802 1.368890 -0.122971
v -0.055287 1.380370 -0.124004
v -0.045056 1.390660 -0.132471
v -0.017209 1.343700 -0.166111
v -0.024530 1.339360 -0.162544
v -0.031596 1.376150 -0.128934
v -0.022206 1.381710 -0.133511
v -0.022206 1.381710 -0.133511
v -0.031596 1.376150 -0.128934
v -0.045056 1.390660 -0.132471
v -0.031723 1.398570 -0.138968
v -0.008685 1.346430 -0.168354
v -0.017209 1.343700 -0.166111
v -0.022206 1.381710 -0.133511
v -0.011271 1.385210 -0.136387
v -0.011271 1.385210 -0.136387
v -0.022206 1.381710 -0.133511
v -0.031723 1.398570 -0.138968
v -0.016197 1.403530 -0.143053
v 0.000463 1.347360 -0.169119
v -0.008685 1.346430 -0.168354
v -0.011271 1.385210 -0.136387
v 0.000464 1.386400 -0.137369
v 0.000464 1.386400 -0.137369
v -0.011271 1.385210 -0.136387
v -0.016197 1.403530 -0.143053
v 0.000465 1.405230 -0.144446
v 0.009612 1.346430 -0.168354
v 0.000463 1.347360 -0.169119
v 0.000464 1.386400 -0.137369
v 0.012199 1.385210 -0.136388
v 0.012199 1.385210 -0.136388
v 0.000464 1.386400 -0.137369
v 0.000465 1.405230 -0.144446
v 0.017126 1.403530 -0.143053
v 0.018136 1.343700 -0.166111
v 0.009612 1.346430 -0.168354
v 0.012199 1.385210 -0.136388
v 0.023135 1.381710 -0.133511
v 0.023135 1.381710 -0.133511
v 0.012199 1.385210 -0.136388
v 0.017126 1.403530 -0.143053
v 0.032653 1.398570 -0.138969
v 0.025456 1.339360 -0.162544
v 0.018136 1.343700 -0.166111
v 0.023135 1.381710 -0.133511
v 0.032525 1.376150 -0.128935
v 0.032525 1.376150 -0.128935
v 0.023135 1.381710 -0.133511
v 0.032653 1.398570 -0.138969
v 0.045985 1.390660 -0.132472
v 0.031073 1.333710 -0.157895
v 0.025456 1.339360 -0.162544
v 0.032525 1.376150 -0.128935
v 0.039730 1.368890 -0.122971
v 0.039730 1.368890 -0.122971
v 0.032525 1.376150 -0.128935
v 0.045985 1.390660 -0.132472
v 0.056216 1.380360 -0.124004
v 0.034604 1.327120 -0.152481
v 0.031073 1.333710 -0.157895
v 0.039730 1.368890 -0.122971
v 0.044260 1.360450 -0.116027
v 0.044260 1.360450 -0.116027
v 0.039730 1.368890 -0.122971
v 0.056216 1.380360 -0.124004
v 0.062647 1.368370 -0.114144
v 0.056216 1.380360 -0.124004
v 0.045985 1.390660 -0.132472
v 0.045985 1.393050 -0.129572
v 0.056216 1.382750 -0.121105
v 0.062647 1.368370 -0.114144
v 0.056216 1.380360 -0.124004
v 0.056216 1.382750 -0.121105
v 0.062647 1.370750 -0.111244
v 0.045985 1.393050 -0.129572
v 0.045059 1.393330 -0.127773
v 0.055081 1.383240 -0.119478
v 0.056216 1.382750 -0.121105
v 0.056216 1.382750 -0.121105
v 0.055081 1.383240 -0.119478
v 0.061381 1.371490 -0.109818
v 0.062647 1.370750 -0.111244
v 0.032653 1.400950 -0.136069
v 0.031998 1.401070 -0.134138
v 0.045059 1.393330 -0.127773
v 0.045985 1.393050 -0.129572
v 0.045985 1.390660 -0.132472
v 0.032653 1.398570 -0.138969
v 0.032653 1.400950 -0.136069
v 0.045985 1.393050 -0.129572
v 0.017127 1.405920 -0.140154
v 0.016787 1.405940 -0.138139
v 0.031998 1.401070 -0.134138
v 0.032653 1.400950 -0.136069
v 0.032653 1.398570 -0.138969
v 0.017126 1.403530 -0.143053
v 0.017127 1.405920 -0.140154
v 0.032653 1.400950 -0.136069
v 0.000465 1.407610 -0.141547
v 0.000465 1.407600 -0.139503
v 0.016787 1.405940 -0.138139
v 0.017127 1.405920 -0.140154
v 0.017126 1.403530 -0.143053
v 0.000465 1.405230 -0.144446
v 0.000465 1.407610 -0.141547
v 0.017127 1.405920 -0.140154
v -0.016197 1.405920 -0.140153
v -0.015858 1.405940 -0.138139
v 0.000465 1.407600 -0.139503
v 0.000465 1.407610 -0.141547
v 0.000465 1.405230 -0.144446
v -0.016197 1.403530 -0.143053
v -0.016197 1.405920 -0.140153
v 0.000465 1.407610 -0.141547
v -0.031723 1.400950 -0.136069
v -0.031068 1.401070 -0.134137
v -0.015858 1.405940 -0.138139
v -0.016197 1.405920 -0.140153
v -0.016197 1.403530 -0.143053
v -0.031723 1.398570 -0.138968
v -0.031723 1.400950 -0.136069
v -0.016197 1.405920 -0.140153
v -0.045056 1.393050 -0.129571
v -0.044130 1.393330 -0.127772
v -0.031068 1.401070 -0.134137
v -0.031723 1.400950 -0.136069
v -0.031723 1.398570 -0.138968
v -0.045056 1.390660 -0.132471
v -0.045056 1.393050 -0.129571
v -0.031723 1.400950 -0.136069
v -0.055287 1.382750 -0.121104
v -0.054152 1.383240 -0.119477
v -0.044130 1.393330 -0.127772
v -0.045056 1.393050 -0.129571
v -0.045056 1.390660 -0.132471
v -0.055287 1.380370 -0.124004
v -0.055287 1.382750 -0.121104
v -0.045056 1.393050 -0.129571
v -0.061718 1.370760 -0.111243
v -0.060453 1.371490 -0.109817
v -0.054152 1.383240 -0.119477
v -0.055287 1.382750 -0.121104
v -0.055287 1.380370 -0.124004
v -0.061718 1.368370 -0.114143
v -0.061718 1.370760 -0.111243
v -0.055287 1.382750 -0.121104
v -0.063912 1.357890 -0.100661
v -0.062602 1.358880 -0.099451
v -0.060453 1.371490 -0.109817
v -0.061718 1.370760 -0.111243
v -0.061718 1.368370 -0.114143
v -0.063912 1.355500 -0.103561
v -0.063912 1.357890 -0.100661
v -0.061718 1.370760 -0.111243
v -0.061719 1.345020 -0.090080
v -0.060453 1.346270 -0.089084
v -0.062602 1.358880 -0.099451
v -0.063912 1.357890 -0.100661
v -0.063912 1.355500 -0.103561
v -0.061719 1.342630 -0.092979
v -0.061719 1.345020 -0.090080
v -0.063912 1.357890 -0.100661
v -0.055287 1.333020 -0.080219
v -0.054153 1.334520 -0.079424
v -0.060453 1.346270 -0.089084
v -0.061719 1.345020 -0.090080
v -0.061719 1.342630 -0.092979
v -0.055288 1.330640 -0.083119
v -0.055287 1.333020 -0.080219
v -0.061719 1.345020 -0.090080
v -0.045057 1.322720 -0.071752
v -0.044130 1.324430 -0.071129
v -0.054153 1.334520 -0.079424
v -0.055287 1.333020 -0.080219
v -0.055288 1.330640 -0.083119
v -0.045057 1.320340 -0.074652
v -0.045057 1.322720 -0.071752
v -0.055287 1.333020 -0.080219
v -0.031724 1.314820 -0.065255
v -0.031069 1.316690 -0.064764
v -0.044130 1.324430 -0.071129
v -0.045057 1.322720 -0.071752
v -0.045057 1.320340 -0.074652
v -0.031724 1.312440 -0.068154
v -0.031724 1.314820 -0.065255
v -0.045057 1.322720 -0.071752
v -0.016198 1.309850 -0.061171
v -0.015859 1.311830 -0.060763
v -0.031069 1.316690 -0.064764
v -0.031724 1.314820 -0.065255
v -0.031724 1.312440 -0.068154
v -0.016198 1.307470 -0.064070
v -0.016198 1.309850 -0.061171
v -0.031724 1.314820 -0.065255
v 0.000464 1.308160 -0.059778
v 0.000464 1.310170 -0.059399
v -0.015859 1.311830 -0.060763
v -0.016198 1.309850 -0.061171
v -0.016198 1.307470 -0.064070
v 0.000464 1.305770 -0.062677
v 0.000464 1.308160 -0.059778
v -0.016198 1.309850 -0.061171
v 0.017125 1.309850 -0.061171
v 0.016786 1.311830 -0.060764
v 0.000464 1.310170 -0.059399
v 0.000464 1.308160 -0.059778
v 0.000464 1.305770 -0.062677
v 0.017125 1.307470 -0.064070
v 0.017125 1.309850 -0.061171
v 0.000464 1.308160 -0.059778
v 0.032652 1.314820 -0.065255
v 0.031997 1.316690 -0.064765
v 0.016786 1.311830 -0.060764
v 0.017125 1.309850 -0.061171
v 0.017125 1.307470 -0.064070
v 0.032652 1.312440 -0.068155
v 0.032652 1.314820 -0.065255
v 0.017125 1.309850 -0.061171
v 0.045985 1.322720 -0.071753
v 0.045058 1.324430 -0.071130
v 0.031997 1.316690 -0.064765
v 0.032652 1.314820 -0.065255
v 0.032652 1.312440 -0.068155
v 0.045985 1.320340 -0.074652
v 0.045985 1.322720 -0.071753
v 0.032652 1.314820 -0.065255
v 0.056215 1.333020 -0.080220
v 0.055081 1.334520 -0.079425
v 0.045058 1.324430 -0.071130
v 0.045985 1.322720 -0.071753
v 0.045985 1.320340 -0.074652
v 0.056215 1.330640 -0.083120
v 0.056215 1.333020 -0.080220
v 0.045985 1.322720 -0.071753
v 0.062647 1.345010 -0.090081
v 0.061381 1.346270 -0.089085
v 0.055081 1.334520 -0.079425
v 0.056215 1.333020 -0.080220
v 0.056215 1.330640 -0.083120
v 0.062647 1.342630 -0.092980
v 0.062647 1.345010 -0.090081
v 0.056215 1.333020 -0.080220
v 0.064840 1.357880 -0.100663
v 0.063530 1.358880 -0.099452
v 0.061381 1.346270 -0.089085
v 0.062647 1.345010 -0.090081
v 0.062647 1.342630 -0.092980
v 0.064840 1.355500 -0.103562
v 0.064840 1.357880 -0.100663
v 0.062647 1.345010 -0.090081
v 0.064840 1.355500 -0.103562
v 0.062647 1.368370 -0.114144
v 0.062647 1.370750 -0.111244
v 0.064840 1.357880 -0.100663
v 0.062647 1.370750 -0.111244
v 0.061381 1.371490 -0.109818
v 0.063530 1.358880 -0.099452
v 0.064840 1.357880 -0.100663
v 0.063530 1.358880 -0.099452
v 0.061381 1.371490 -0.109818
v 0.052067 1.370710 -0.106836
v 0.053887 1.360030 -0.098055
v 0.061381 1.346270 -0.089085
v 0.063530 1.358880 -0.099452
v 0.053887 1.360030 -0.098055
v 0.052067 1.349350 -0.089273
v 0.052067 1.370710 -0.106836
v 0.051976 1.373010 -0.104001
v 0.053793 1.362350 -0.095235
v 0.053887 1.360030 -0.098055
v 0.053887 1.360030 -0.098055
v 0.053793 1.362350 -0.095235
v 0.051976 1.351690 -0.086469
v 0.052067 1.349350 -0.089273
v 0.052720 1.363620 -0.093687
v 0.053793 1.362350 -0.095235
v 0.051976 1.373010 -0.104001
v 0.050939 1.374070 -0.102277
v 0.050939 1.353170 -0.085098
v 0.051976 1.351690 -0.086469
v 0.053793 1.362350 -0.095235
v 0.052720 1.363620 -0.093687
v 0.050939 1.374070 -0.102277
v 0.051976 1.373010 -0.104001
v 0.046648 1.382940 -0.112169
v 0.045719 1.383800 -0.110281
v 0.046730 1.380660 -0.115019
v 0.046648 1.382940 -0.112169
v 0.051976 1.373010 -0.104001
v 0.052067 1.370710 -0.106836
v 0.045719 1.383800 -0.110281
v 0.046648 1.382940 -0.112169
v 0.038174 1.391470 -0.119183
v 0.037415 1.392160 -0.117154
v 0.038240 1.389210 -0.122045
v 0.038174 1.391470 -0.119183
v 0.046648 1.382940 -0.112169
v 0.046730 1.380660 -0.115019
v 0.061381 1.371490 -0.109818
v 0.055081 1.383240 -0.119478
v 0.046730 1.380660 -0.115019
v 0.052067 1.370710 -0.106836
v 0.055081 1.383240 -0.119478
v 0.045059 1.393330 -0.127773
v 0.038240 1.389210 -0.122045
v 0.046730 1.380660 -0.115019
v 0.045059 1.393330 -0.127773
v 0.031998 1.401070 -0.134138
v 0.027176 1.395770 -0.127437
v 0.038240 1.389210 -0.122045
v 0.027176 1.395770 -0.127437
v 0.027129 1.398020 -0.124566
v 0.038174 1.391470 -0.119183
v 0.038240 1.389210 -0.122045
v 0.031998 1.401070 -0.134138
v 0.016787 1.405940 -0.138139
v 0.014292 1.399890 -0.130826
v 0.027176 1.395770 -0.127437
v 0.014292 1.399890 -0.130826
v 0.014267 1.402140 -0.127949
v 0.027129 1.398020 -0.124566
v 0.027176 1.395770 -0.127437
v 0.037415 1.392160 -0.117154
v 0.038174 1.391470 -0.119183
v 0.027129 1.398020 -0.124566
v 0.026592 1.398580 -0.122428
v 0.026592 1.398580 -0.122428
v 0.027129 1.398020 -0.124566
v 0.014267 1.402140 -0.127949
v 0.013989 1.402610 -0.125743
v 0.013989 1.402610 -0.125743
v 0.014267 1.402140 -0.127949
v 0.000465 1.403540 -0.129103
v 0.000465 1.403990 -0.126874
v 0.000465 1.401300 -0.131982
v 0.000465 1.403540 -0.129103
v 0.014267 1.402140 -0.127949
v 0.014292 1.399890 -0.130826
v 0.000465 1.403990 -0.126874
v 0.000465 1.403540 -0.129103
v -0.013338 1.402140 -0.127949
v -0.013060 1.402610 -0.125743
v -0.013362 1.399890 -0.130826
v -0.013338 1.402140 -0.127949
v 0.000465 1.403540 -0.129103
v 0.000465 1.401300 -0.131982
v 0.016787 1.405940 -0.138139
v 0.000465 1.407600 -0.139503
v 0.000465 1.401300 -0.131982
v 0.014292 1.399890 -0.130826
v 0.000465 1.407600 -0.139503
v -0.015858 1.405940 -0.138139
v -0.013362 1.399890 -0.130826
v 0.000465 1.401300 -0.131982
v -0.015858 1.405940 -0.138139
v -0.031068 1.401070 -0.134137
v -0.026247 1.395770 -0.127437
v -0.013362 1.399890 -0.130826
v -0.026247 1.395770 -0.127437
v -0.026200 1.398020 -0.124565
v -0.013338 1.402140 -0.127949
v -0.013362 1.399890 -0.130826
v -0.031068 1.401070 -0.134137
v -0.044130 1.393330 -0.127772
v -0.037311 1.389210 -0.122045
v -0.026247 1.395770 -0.127437
v -0.037311 1.389210 -0.122045
v -0.037244 1.391480 -0.119183
v -0.026200 1.398020 -0.124565
v -0.026247 1.395770 -0.127437
v -0.013060 1.402610 -0.125743
v -0.013338 1.402140 -0.127949
v -0.026200 1.398020 -0.124565
v -0.025663 1.398580 -0.122427
v -0.025663 1.398580 -0.122427
v -0.026200 1.398020 -0.124565
v -0.037244 1.391480 -0.119183
v -0.036485 1.392160 -0.117153
v -0.036485 1.392160 -0.117153
v -0.037244 1.391480 -0.119183
v -0.045719 1.382950 -0.112168
v -0.044790 1.383800 -0.110280
v -0.045801 1.380660 -0.115018
v -0.045719 1.382950 -0.112168
v -0.037244 1.391480 -0.119183
v -0.037311 1.389210 -0.122045
v -0.044790 1.383800 -0.110280
v -0.045719 1.382950 -0.112168
v -0.051047 1.373010 -0.104000
v -0.050010 1.374070 -0.102276
v -0.051138 1.370710 -0.106835
v -0.051047 1.373010 -0.104000
v -0.045719 1.382950 -0.112168
v -0.045801 1.380660 -0.115018
v -0.044130 1.393330 -0.127772
v -0.054152 1.383240 -0.119477
v -0.045801 1.380660 -0.115018
v -0.037311 1.389210 -0.122045
v -0.054152 1.383240 -0.119477
v -0.060453 1.371490 -0.109817
v -0.051138 1.370710 -0.106835
v -0.045801 1.380660 -0.115018
v -0.060453 1.371490 -0.109817
v -0.062602 1.358880 -0.099451
v -0.052959 1.360030 -0.098054
v -0.051138 1.370710 -0.106835
v -0.052959 1.360030 -0.098054
v -0.052864 1.362350 -0.095234
v -0.051047 1.373010 -0.104000
v -0.051138 1.370710 -0.106835
v -0.062602 1.358880 -0.099451
v -0.060453 1.346270 -0.089084
v -0.051138 1.349350 -0.089272
v -0.052959 1.360030 -0.098054
v -0.051138 1.349350 -0.089272
v -0.051047 1.351690 -0.086469
v -0.052864 1.362350 -0.095234
v -0.052959 1.360030 -0.098054
v -0.050010 1.374070 -0.102276
v -0.051047 1.373010 -0.104000
v -0.052864 1.362350 -0.095234
v -0.051791 1.363620 -0.093686
v -0.051791 1.363620 -0.093686
v -0.052864 1.362350 -0.095234
v -0.051047 1.351690 -0.086469
v -0.050011 1.353170 -0.085097
v -0.050011 1.353170 -0.085097
v -0.051047 1.351690 -0.086469
v -0.045720 1.341750 -0.078300
v -0.044790 1.343440 -0.077093
v -0.045802 1.339400 -0.081090
v -0.045720 1.341750 -0.078300
v -0.051047 1.351690 -0.086469
v -0.051138 1.349350 -0.089272
v -0.044790 1.343440 -0.077093
v -0.045720 1.341750 -0.078300
v -0.037245 1.333220 -0.071286
v -0.036486 1.335080 -0.070220
v -0.037312 1.330850 -0.074063
v -0.037245 1.333220 -0.071286
v -0.045720 1.341750 -0.078300
v -0.045802 1.339400 -0.081090
v -0.060453 1.346270 -0.089084
v -0.054153 1.334520 -0.079424
v -0.045802 1.339400 -0.081090
v -0.051138 1.349350 -0.089272
v -0.054153 1.334520 -0.079424
v -0.044130 1.324430 -0.071129
v -0.037312 1.330850 -0.074063
v -0.045802 1.339400 -0.081090
v -0.044130 1.324430 -0.071129
v -0.031069 1.316690 -0.064764
v -0.026248 1.324290 -0.068671
v -0.037312 1.330850 -0.074063
v -0.026248 1.324290 -0.068671
v -0.026200 1.326670 -0.065904
v -0.037245 1.333220 -0.071286
v -0.037312 1.330850 -0.074063
v -0.031069 1.316690 -0.064764
v -0.015859 1.311830 -0.060763
v -0.013363 1.320170 -0.065282
v -0.026248 1.324290 -0.068671
v -0.013363 1.320170 -0.065282
v -0.013339 1.322560 -0.062520
v -0.026200 1.326670 -0.065904
v -0.026248 1.324290 -0.068671
v -0.036486 1.335080 -0.070220
v -0.037245 1.333220 -0.071286
v -0.026200 1.326670 -0.065904
v -0.025664 1.328670 -0.064946
v -0.025664 1.328670 -0.064946
v -0.026200 1.326670 -0.065904
v -0.013339 1.322560 -0.062520
v -0.013061 1.324630 -0.061631
v -0.013061 1.324630 -0.061631
v -0.013339 1.322560 -0.062520
v 0.000464 1.321160 -0.061366
v 0.000464 1.323260 -0.060500
v 0.000464 1.318760 -0.064126
v 0.000464 1.321160 -0.061366
v -0.013339 1.322560 -0.062520
v -0.013363 1.320170 -0.065282
v 0.000464 1.323260 -0.060500
v 0.000464 1.321160 -0.061366
v 0.014266 1.322560 -0.062521
v 0.013989 1.324630 -0.061631
v 0.014291 1.320170 -0.065282
v 0.014266 1.322560 -0.062521
v 0.000464 1.321160 -0.061366
v 0.000464 1.318760 -0.064126
v -0.015859 1.311830 -0.060763
v 0.000464 1.310170 -0.059399
v 0.000464 1.318760 -0.064126
v -0.013363 1.320170 -0.065282
v 0.000464 1.310170 -0.059399
v 0.016786 1.311830 -0.060764
v 0.014291 1.320170 -0.065282
v 0.000464 1.318760 -0.064126
v 0.016786 1.311830 -0.060764
v 0.031997 1.316690 -0.064765
v 0.027175 1.324290 -0.068672
v 0.014291 1.320170 -0.065282
v 0.027175 1.324290 -0.068672
v 0.027128 1.326670 -0.065904
v 0.014266 1.322560 -0.062521
v 0.014291 1.320170 -0.065282
v 0.031997 1.316690 -0.064765
v 0.045058 1.324430 -0.071130
v 0.038240 1.330850 -0.074063
v 0.027175 1.324290 -0.068672
v 0.038240 1.330850 -0.074063
v 0.038173 1.333220 -0.071287
v 0.027128 1.326670 -0.065904
v 0.027175 1.324290 -0.068672
v 0.013989 1.324630 -0.061631
v 0.014266 1.322560 -0.062521
v 0.027128 1.326670 -0.065904
v 0.026592 1.328660 -0.064946
v 0.026592 1.328660 -0.064946
v 0.027128 1.326670 -0.065904
v 0.038173 1.333220 -0.071287
v 0.037414 1.335080 -0.070220
v 0.037414 1.335080 -0.070220
v 0.038173 1.333220 -0.071287
v 0.046648 1.341750 -0.078301
v 0.045719 1.343440 -0.077094
v 0.046730 1.339400 -0.081090
v 0.046648 1.341750 -0.078301
v 0.038173 1.333220 -0.071287
v 0.038240 1.330850 -0.074063
v 0.045719 1.343440 -0.077094
v 0.046648 1.341750 -0.078301
v 0.051976 1.351690 -0.086469
v 0.050939 1.353170 -0.085098
v 0.052067 1.349350 -0.089273
v 0.051976 1.351690 -0.086469
v 0.046648 1.341750 -0.078301
v 0.046730 1.339400 -0.081090
v 0.045058 1.324430 -0.071130
v 0.055081 1.334520 -0.079425
v 0.046730 1.339400 -0.081090
v 0.038240 1.330850 -0.074063
v 0.055081 1.334520 -0.079425
v 0.061381 1.346270 -0.089085
v 0.052067 1.349350 -0.089273
v 0.046730 1.339400 -0.081090
v 0.050939 1.353170 -0.085098
v 0.048632 1.354730 -0.084183
v 0.043650 1.345440 -0.076545
v 0.045719 1.343440 -0.077094
v 0.045719 1.343440 -0.077094
v 0.043650 1.345440 -0.076545
v 0.035725 1.337460 -0.069986
v 0.037414 1.335080 -0.070220
v 0.043650 1.345440 -0.076545
v 0.042978 1.349090 -0.072714
v 0.035177 1.341230 -0.066256
v 0.035725 1.337460 -0.069986
v 0.048632 1.354730 -0.084183
v 0.047882 1.358230 -0.080233
v 0.042978 1.349090 -0.072714
v 0.043650 1.345440 -0.076545
v 0.034197 1.343060 -0.065573
v 0.035177 1.341230 -0.066256
v 0.042978 1.349090 -0.072714
v 0.041779 1.350700 -0.071848
v 0.041779 1.350700 -0.071848
v 0.042978 1.349090 -0.072714
v 0.047882 1.358230 -0.080233
v 0.046545 1.359580 -0.079155
v 0.024317 1.337210 -0.060758
v 0.025010 1.335210 -0.061302
v 0.035177 1.341230 -0.066256
v 0.034197 1.343060 -0.065573
v 0.035725 1.337460 -0.069986
v 0.035177 1.341230 -0.066256
v 0.025010 1.335210 -0.061302
v 0.025397 1.331340 -0.064953
v 0.012811 1.333530 -0.057731
v 0.013170 1.331420 -0.058187
v 0.025010 1.335210 -0.061302
v 0.024317 1.337210 -0.060758
v 0.025397 1.331340 -0.064953
v 0.025010 1.335210 -0.061302
v 0.013170 1.331420 -0.058187
v 0.013370 1.327490 -0.061789
v 0.026592 1.328660 -0.064946
v 0.025397 1.331340 -0.064953
v 0.013370 1.327490 -0.061789
v 0.013989 1.324630 -0.061631
v 0.037414 1.335080 -0.070220
v 0.035725 1.337460 -0.069986
v 0.025397 1.331340 -0.064953
v 0.026592 1.328660 -0.064946
v 0.013989 1.324630 -0.061631
v 0.013370 1.327490 -0.061789
v 0.000464 1.326180 -0.060710
v 0.000464 1.323260 -0.060500
v 0.013370 1.327490 -0.061789
v 0.013170 1.331420 -0.058187
v 0.000464 1.330130 -0.057125
v 0.000464 1.326180 -0.060710
v 0.000464 1.323260 -0.060500
v 0.000464 1.326180 -0.060710
v -0.012442 1.327490 -0.061789
v -0.013061 1.324630 -0.061631
v 0.000464 1.326180 -0.060710
v 0.000464 1.330130 -0.057125
v -0.012242 1.331420 -0.058187
v -0.012442 1.327490 -0.061789
v -0.011883 1.333530 -0.057731
v -0.012242 1.331420 -0.058187
v 0.000464 1.330130 -0.057125
v 0.000464 1.332270 -0.056699
v 0.000464 1.332270 -0.056699
v 0.000464 1.330130 -0.057125
v 0.013170 1.331420 -0.058187
v 0.012811 1.333530 -0.057731
v -0.023389 1.337210 -0.060757
v -0.024081 1.335210 -0.061301
v -0.012242 1.331420 -0.058187
v -0.011883 1.333530 -0.057731
v -0.012442 1.327490 -0.061789
v -0.012242 1.331420 -0.058187
v -0.024081 1.335210 -0.061301
v -0.024469 1.331340 -0.064953
v -0.033269 1.343070 -0.065572
v -0.034248 1.341240 -0.066256
v -0.024081 1.335210 -0.061301
v -0.023389 1.337210 -0.060757
v -0.024469 1.331340 -0.064953
v -0.024081 1.335210 -0.061301
v -0.034248 1.341240 -0.066256
v -0.034797 1.337460 -0.069986
v -0.025664 1.328670 -0.064946
v -0.024469 1.331340 -0.064953
v -0.034797 1.337460 -0.069986
v -0.036486 1.335080 -0.070220
v -0.013061 1.324630 -0.061631
v -0.012442 1.327490 -0.061789
v -0.024469 1.331340 -0.064953
v -0.025664 1.328670 -0.064946
v -0.036486 1.335080 -0.070220
v -0.034797 1.337460 -0.069986
v -0.042722 1.345440 -0.076544
v -0.044790 1.343440 -0.077093
v -0.034797 1.337460 -0.069986
v -0.034248 1.341240 -0.066256
v -0.042050 1.349090 -0.072713
v -0.042722 1.345440 -0.076544
v -0.044790 1.343440 -0.077093
v -0.042722 1.345440 -0.076544
v -0.047703 1.354730 -0.084183
v -0.050011 1.353170 -0.085097
v -0.042722 1.345440 -0.076544
v -0.042050 1.349090 -0.072713
v -0.046954 1.358240 -0.080232
v -0.047703 1.354730 -0.084183
v -0.045616 1.359590 -0.079154
v -0.046954 1.358240 -0.080232
v -0.042050 1.349090 -0.072713
v -0.040850 1.350700 -0.071847
v -0.040850 1.350700 -0.071847
v -0.042050 1.349090 -0.072713
v -0.034248 1.341240 -0.066256
v -0.033269 1.343070 -0.065572
v -0.047241 1.369120 -0.086996
v -0.048626 1.368050 -0.088301
v -0.046954 1.358240 -0.080232
v -0.045616 1.359590 -0.079154
v -0.047703 1.354730 -0.084183
v -0.046954 1.358240 -0.080232
v -0.048626 1.368050 -0.088301
v -0.049402 1.364700 -0.092379
v -0.045616 1.378660 -0.094837
v -0.046953 1.377860 -0.096370
v -0.048626 1.368050 -0.088301
v -0.047241 1.369120 -0.086996
v -0.049402 1.364700 -0.092379
v -0.048626 1.368050 -0.088301
v -0.046953 1.377860 -0.096370
v -0.047703 1.374670 -0.100576
v -0.051791 1.363620 -0.093686
v -0.049402 1.364700 -0.092379
v -0.047703 1.374670 -0.100576
v -0.050010 1.374070 -0.102276
v -0.050011 1.353170 -0.085097
v -0.047703 1.354730 -0.084183
v -0.049402 1.364700 -0.092379
v -0.051791 1.363620 -0.093686
v -0.050010 1.374070 -0.102276
v -0.047703 1.374670 -0.100576
v -0.042721 1.383960 -0.108214
v -0.044790 1.383800 -0.110280
v -0.047703 1.374670 -0.100576
v -0.046953 1.377860 -0.096370
v -0.042049 1.387010 -0.103890
v -0.042721 1.383960 -0.108214
v -0.044790 1.383800 -0.110280
v -0.042721 1.383960 -0.108214
v -0.034796 1.391930 -0.114773
v -0.036485 1.392160 -0.117153
v -0.042721 1.383960 -0.108214
v -0.042049 1.387010 -0.103890
v -0.034248 1.394860 -0.110347
v -0.034796 1.391930 -0.114773
v -0.033268 1.395180 -0.108419
v -0.034248 1.394860 -0.110347
v -0.042049 1.387010 -0.103890
v -0.040850 1.387550 -0.102144
v -0.040850 1.387550 -0.102144
v -0.042049 1.387010 -0.103890
v -0.046953 1.377860 -0.096370
v -0.045616 1.378660 -0.094837
v -0.023388 1.401040 -0.113234
v -0.024081 1.400890 -0.115301
v -0.034248 1.394860 -0.110347
v -0.033268 1.395180 -0.108419
v -0.034796 1.391930 -0.114773
v -0.034248 1.394860 -0.110347
v -0.024081 1.400890 -0.115301
v -0.024469 1.398050 -0.119806
v -0.011882 1.404720 -0.116261
v -0.012241 1.404680 -0.118416
v -0.024081 1.400890 -0.115301
v -0.023388 1.401040 -0.113234
v -0.024469 1.398050 -0.119806
v -0.024081 1.400890 -0.115301
v -0.012241 1.404680 -0.118416
v -0.012442 1.401900 -0.122970
v -0.025663 1.398580 -0.122427
v -0.024469 1.398050 -0.119806
v -0.012442 1.401900 -0.122970
v -0.013060 1.402610 -0.125743
v -0.036485 1.392160 -0.117153
v -0.034796 1.391930 -0.114773
v -0.024469 1.398050 -0.119806
v -0.025663 1.398580 -0.122427
v -0.013060 1.402610 -0.125743
v -0.012442 1.401900 -0.122970
v 0.000465 1.403210 -0.124050
v 0.000465 1.403990 -0.126874
v -0.012442 1.401900 -0.122970
v -0.012241 1.404680 -0.118416
v 0.000465 1.405970 -0.119479
v 0.000465 1.403210 -0.124050
v 0.000465 1.403990 -0.126874
v 0.000465 1.403210 -0.124050
v 0.013371 1.401900 -0.122971
v 0.013989 1.402610 -0.125743
v 0.000465 1.403210 -0.124050
v 0.000465 1.405970 -0.119479
v 0.013171 1.404680 -0.118416
v 0.013371 1.401900 -0.122971
v 0.012812 1.404720 -0.116261
v 0.013171 1.404680 -0.118416
v 0.000465 1.405970 -0.119479
v 0.000465 1.405970 -0.117293
v 0.000465 1.405970 -0.117293
v 0.000465 1.405970 -0.119479
v -0.012241 1.404680 -0.118416
v -0.011882 1.404720 -0.116261
v 0.024318 1.401030 -0.113235
v 0.025010 1.400890 -0.115302
v 0.013171 1.404680 -0.118416
v 0.012812 1.404720 -0.116261
v 0.013371 1.401900 -0.122971
v 0.013171 1.404680 -0.118416
v 0.025010 1.400890 -0.115302
v 0.025398 1.398050 -0.119807
v 0.034198 1.395180 -0.108420
v 0.035177 1.394860 -0.110347
v 0.025010 1.400890 -0.115302
v 0.024318 1.401030 -0.113235
v 0.025398 1.398050 -0.119807
v 0.025010 1.400890 -0.115302
v 0.035177 1.394860 -0.110347
v 0.035726 1.391930 -0.114774
v 0.026592 1.398580 -0.122428
v 0.025398 1.398050 -0.119807
v 0.035726 1.391930 -0.114774
v 0.037415 1.392160 -0.117154
v 0.013989 1.402610 -0.125743
v 0.013371 1.401900 -0.122971
v 0.025398 1.398050 -0.119807
v 0.026592 1.398580 -0.122428
v 0.037415 1.392160 -0.117154
v 0.035726 1.391930 -0.114774
v 0.043651 1.383950 -0.108215
v 0.045719 1.383800 -0.110281
v 0.035726 1.391930 -0.114774
v 0.035177 1.394860 -0.110347
v 0.042979 1.387010 -0.103891
v 0.043651 1.383950 -0.108215
v 0.045719 1.383800 -0.110281
v 0.043651 1.383950 -0.108215
v 0.048632 1.374660 -0.100577
v 0.050939 1.374070 -0.102277
v 0.043651 1.383950 -0.108215
v 0.042979 1.387010 -0.103891
v 0.047883 1.377860 -0.096371
v 0.048632 1.374660 -0.100577
v 0.046545 1.378660 -0.094838
v 0.047883 1.377860 -0.096371
v 0.042979 1.387010 -0.103891
v 0.041779 1.387550 -0.102145
v 0.041779 1.387550 -0.102145
v 0.042979 1.387010 -0.103891
v 0.035177 1.394860 -0.110347
v 0.034198 1.395180 -0.108420
v 0.048170 1.369120 -0.086996
v 0.049555 1.368050 -0.088302
v 0.047883 1.377860 -0.096371
v 0.046545 1.378660 -0.094838
v 0.048632 1.374660 -0.100577
v 0.047883 1.377860 -0.096371
v 0.049555 1.368050 -0.088302
v 0.050331 1.364690 -0.092380
v 0.046545 1.359580 -0.079155
v 0.047882 1.358230 -0.080233
v 0.049555 1.368050 -0.088302
v 0.048170 1.369120 -0.086996
v 0.050331 1.364690 -0.092380
v 0.049555 1.368050 -0.088302
v 0.047882 1.358230 -0.080233
v 0.048632 1.354730 -0.084183
v 0.050939 1.374070 -0.102277
v 0.048632 1.374660 -0.100577
v 0.050331 1.364690 -0.092380
v 0.052720 1.363620 -0.093687
v 0.052720 1.363620 -0.093687
v 0.050331 1.364690 -0.092380
v 0.048632 1.354730 -0.084183
v 0.050939 1.353170 -0.085098
v 0.048170 1.369120 -0.086996
v 0.043164 1.370280 -0.085592
v 0.041709 1.361740 -0.078573
v 0.046545 1.359580 -0.079155
v 0.046545 1.378660 -0.094838
v 0.041709 1.378810 -0.092610
v 0.043164 1.370280 -0.085592
v 0.048170 1.369120 -0.086996
v 0.041709 1.378810 -0.092610
v 0.041256 1.382170 -0.088330
v 0.042695 1.373730 -0.081388
v 0.043164 1.370280 -0.085592
v 0.043164 1.370280 -0.085592
v 0.042695 1.373730 -0.081388
v 0.041256 1.365290 -0.074447
v 0.041709 1.361740 -0.078573
v 0.041426 1.374870 -0.080001
v 0.042695 1.373730 -0.081388
v 0.041256 1.382170 -0.088330
v 0.040031 1.383060 -0.086734
v 0.040030 1.366680 -0.073268
v 0.041256 1.365290 -0.074447
v 0.042695 1.373730 -0.081388
v 0.041426 1.374870 -0.080001
v 0.040031 1.383060 -0.086734
v 0.041256 1.382170 -0.088330
v 0.037037 1.390040 -0.094798
v 0.035939 1.390690 -0.093008
v 0.037443 1.386770 -0.099151
v 0.037037 1.390040 -0.094798
v 0.041256 1.382170 -0.088330
v 0.041709 1.378810 -0.092610
v 0.035939 1.390690 -0.093008
v 0.037037 1.390040 -0.094798
v 0.030326 1.396800 -0.100353
v 0.029429 1.397250 -0.098396
v 0.030658 1.393600 -0.104767
v 0.030326 1.396800 -0.100353
v 0.037037 1.390040 -0.094798
v 0.037443 1.386770 -0.099151
v 0.041779 1.387550 -0.102145
v 0.037443 1.386770 -0.099151
v 0.041709 1.378810 -0.092610
v 0.046545 1.378660 -0.094838
v 0.034198 1.395180 -0.108420
v 0.030658 1.393600 -0.104767
v 0.037443 1.386770 -0.099151
v 0.041779 1.387550 -0.102145
v 0.024318 1.401030 -0.113235
v 0.021814 1.398840 -0.109076
v 0.030658 1.393600 -0.104767
v 0.034198 1.395180 -0.108420
v 0.021814 1.398840 -0.109076
v 0.021580 1.401980 -0.104615
v 0.030326 1.396800 -0.100353
v 0.030658 1.393600 -0.104767
v 0.012812 1.404720 -0.116261
v 0.011516 1.402140 -0.111785
v 0.021814 1.398840 -0.109076
v 0.024318 1.401030 -0.113235
v 0.011516 1.402140 -0.111785
v 0.011395 1.405240 -0.107294
v 0.021580 1.401980 -0.104615
v 0.021814 1.398840 -0.109076
v 0.029429 1.397250 -0.098396
v 0.030326 1.396800 -0.100353
v 0.021580 1.401980 -0.104615
v 0.020946 1.402270 -0.102530
v 0.020946 1.402270 -0.102530
v 0.021580 1.401980 -0.104615
v 0.011395 1.405240 -0.107294
v 0.011067 1.405430 -0.105128
v 0.011067 1.405430 -0.105128
v 0.011395 1.405240 -0.107294
v 0.000465 1.406350 -0.108208
v 0.000465 1.406510 -0.106015
v 0.000465 1.403260 -0.112709
v 0.000465 1.406350 -0.108208
v 0.011395 1.405240 -0.107294
v 0.011516 1.402140 -0.111785
v 0.000465 1.406510 -0.106015
v 0.000465 1.406350 -0.108208
v -0.010465 1.405240 -0.107294
v -0.010137 1.405440 -0.105128
v -0.010586 1.402140 -0.111785
v -0.010465 1.405240 -0.107294
v 0.000465 1.406350 -0.108208
v 0.000465 1.403260 -0.112709
v 0.000465 1.405970 -0.117293
v 0.000465 1.403260 -0.112709
v 0.011516 1.402140 -0.111785
v 0.012812 1.404720 -0.116261
v -0.011882 1.404720 -0.116261
v -0.010586 1.402140 -0.111785
v 0.000465 1.403260 -0.112709
v 0.000465 1.405970 -0.117293
v -0.023388 1.401040 -0.113234
v -0.020885 1.398840 -0.109076
v -0.010586 1.402140 -0.111785
v -0.011882 1.404720 -0.116261
v -0.020885 1.398840 -0.109076
v -0.020650 1.401980 -0.104614
v -0.010465 1.405240 -0.107294
v -0.010586 1.402140 -0.111785
v -0.033268 1.395180 -0.108419
v -0.029728 1.393600 -0.104766
v -0.020885 1.398840 -0.109076
v -0.023388 1.401040 -0.113234
v -0.029728 1.393600 -0.104766
v -0.029396 1.396800 -0.100352
v -0.020650 1.401980 -0.104614
v -0.020885 1.398840 -0.109076
v -0.010137 1.405440 -0.105128
v -0.010465 1.405240 -0.107294
v -0.020650 1.401980 -0.104614
v -0.020016 1.402270 -0.102529
v -0.020016 1.402270 -0.102529
v -0.020650 1.401980 -0.104614
v -0.029396 1.396800 -0.100352
v -0.028499 1.397250 -0.098395
v -0.028499 1.397250 -0.098395
v -0.029396 1.396800 -0.100352
v -0.036108 1.390040 -0.094797
v -0.035009 1.390690 -0.093007
v -0.036514 1.386770 -0.099150
v -0.036108 1.390040 -0.094797
v -0.029396 1.396800 -0.100352
v -0.029728 1.393600 -0.104766
v -0.035009 1.390690 -0.093007
v -0.036108 1.390040 -0.094797
v -0.040327 1.382180 -0.088329
v -0.039101 1.383060 -0.086733
v -0.040779 1.378810 -0.092610
v -0.040327 1.382180 -0.088329
v -0.036108 1.390040 -0.094797
v -0.036514 1.386770 -0.099150
v -0.040850 1.387550 -0.102144
v -0.036514 1.386770 -0.099150
v -0.029728 1.393600 -0.104766
v -0.033268 1.395180 -0.108419
v -0.045616 1.378660 -0.094837
v -0.040779 1.378810 -0.092610
v -0.036514 1.386770 -0.099150
v -0.040850 1.387550 -0.102144
v -0.047241 1.369120 -0.086996
v -0.042235 1.370280 -0.085591
v -0.040779 1.378810 -0.092610
v -0.045616 1.378660 -0.094837
v -0.042235 1.370280 -0.085591
v -0.041766 1.373730 -0.081387
v -0.040327 1.382180 -0.088329
v -0.040779 1.378810 -0.092610
v -0.045616 1.359590 -0.079154
v -0.040780 1.361740 -0.078573
v -0.042235 1.370280 -0.085591
v -0.047241 1.369120 -0.086996
v -0.040780 1.361740 -0.078573
v -0.040327 1.365290 -0.074446
v -0.041766 1.373730 -0.081387
v -0.042235 1.370280 -0.085591
v -0.039101 1.383060 -0.086733
v -0.040327 1.382180 -0.088329
v -0.041766 1.373730 -0.081387
v -0.040497 1.374870 -0.080000
v -0.040497 1.374870 -0.080000
v -0.041766 1.373730 -0.081387
v -0.040327 1.365290 -0.074446
v -0.039101 1.366690 -0.073267
v -0.039101 1.366690 -0.073267
v -0.040327 1.365290 -0.074446
v -0.036108 1.357420 -0.067977
v -0.035009 1.359050 -0.066993
v -0.036514 1.353790 -0.072032
v -0.036108 1.357420 -0.067977
v -0.040327 1.365290 -0.074446
v -0.040780 1.361740 -0.078573
v -0.035009 1.359050 -0.066993
v -0.036108 1.357420 -0.067977
v -0.029397 1.350670 -0.062423
v -0.028500 1.352500 -0.061606
v -0.029728 1.346960 -0.066416
v -0.029397 1.350670 -0.062423
v -0.036108 1.357420 -0.067977
v -0.036514 1.353790 -0.072032
v -0.040850 1.350700 -0.071847
v -0.036514 1.353790 -0.072032
v -0.040780 1.361740 -0.078573
v -0.045616 1.359590 -0.079154
v -0.033269 1.343070 -0.065572
v -0.029728 1.346960 -0.066416
v -0.036514 1.353790 -0.072032
v -0.040850 1.350700 -0.071847
v -0.023389 1.337210 -0.060757
v -0.020885 1.341710 -0.062107
v -0.029728 1.346960 -0.066416
v -0.033269 1.343070 -0.065572
v -0.020885 1.341710 -0.062107
v -0.020651 1.345480 -0.058161
v -0.029397 1.350670 -0.062423
v -0.029728 1.346960 -0.066416
v -0.011883 1.333530 -0.057731
v -0.010587 1.338420 -0.059398
v -0.020885 1.341710 -0.062107
v -0.023389 1.337210 -0.060757
v -0.010587 1.338420 -0.059398
v -0.010466 1.342220 -0.055482
v -0.020651 1.345480 -0.058161
v -0.020885 1.341710 -0.062107
v -0.028500 1.352500 -0.061606
v -0.029397 1.350670 -0.062423
v -0.020651 1.345480 -0.058161
v -0.020016 1.347470 -0.057471
v -0.020016 1.347470 -0.057471
v -0.020651 1.345480 -0.058161
v -0.010466 1.342220 -0.055482
v -0.010137 1.344310 -0.054873
v -0.010137 1.344310 -0.054873
v -0.010466 1.342220 -0.055482
v 0.000464 1.341110 -0.054568
v 0.000464 1.343230 -0.053986
v 0.000464 1.337290 -0.058474
v 0.000464 1.341110 -0.054568
v -0.010466 1.342220 -0.055482
v -0.010587 1.338420 -0.059398
v 0.000464 1.343230 -0.053986
v 0.000464 1.341110 -0.054568
v 0.011394 1.342220 -0.055482
v 0.011066 1.344310 -0.054873
v 0.011516 1.338420 -0.059398
v 0.011394 1.342220 -0.055482
v 0.000464 1.341110 -0.054568
v 0.000464 1.337290 -0.058474
v 0.000464 1.332270 -0.056699
v 0.000464 1.337290 -0.058474
v -0.010587 1.338420 -0.059398
v -0.011883 1.333530 -0.057731
v 0.012811 1.333530 -0.057731
v 0.011516 1.338420 -0.059398
v 0.000464 1.337290 -0.058474
v 0.000464 1.332270 -0.056699
v 0.024317 1.337210 -0.060758
v 0.021814 1.341710 -0.062107
v 0.011516 1.338420 -0.059398
v 0.012811 1.333530 -0.057731
v 0.021814 1.341710 -0.062107
v 0.021580 1.345480 -0.058161
v 0.011394 1.342220 -0.055482
v 0.011516 1.338420 -0.059398
v 0.034197 1.343060 -0.065573
v 0.030657 1.346950 -0.066417
v 0.021814 1.341710 -0.062107
v 0.024317 1.337210 -0.060758
v 0.030657 1.346950 -0.066417
v 0.030326 1.350670 -0.062423
v 0.021580 1.345480 -0.058161
v 0.021814 1.341710 -0.062107
v 0.011066 1.344310 -0.054873
v 0.011394 1.342220 -0.055482
v 0.021580 1.345480 -0.058161
v 0.020945 1.347470 -0.057472
v 0.020945 1.347470 -0.057472
v 0.021580 1.345480 -0.058161
v 0.030326 1.350670 -0.062423
v 0.029429 1.352500 -0.061606
v 0.029429 1.352500 -0.061606
v 0.030326 1.350670 -0.062423
v 0.037037 1.357420 -0.067978
v 0.035938 1.359050 -0.066994
v 0.037443 1.353790 -0.072033
v 0.037037 1.357420 -0.067978
v 0.030326 1.350670 -0.062423
v 0.030657 1.346950 -0.066417
v 0.035938 1.359050 -0.066994
v 0.037037 1.357420 -0.067978
v 0.041256 1.365290 -0.074447
v 0.040030 1.366680 -0.073268
v 0.041709 1.361740 -0.078573
v 0.041256 1.365290 -0.074447
v 0.037037 1.357420 -0.067978
v 0.037443 1.353790 -0.072033
v 0.041779 1.350700 -0.071848
v 0.037443 1.353790 -0.072033
v 0.030657 1.346950 -0.066417
v 0.034197 1.343060 -0.065573
v 0.046545 1.359580 -0.079155
v 0.041709 1.361740 -0.078573
v 0.037443 1.353790 -0.072033
v 0.041779 1.350700 -0.071848
v 0.040030 1.366680 -0.073268
v 0.035244 1.369120 -0.072324
v 0.031647 1.362410 -0.066809
v 0.035938 1.359050 -0.066994
v 0.035938 1.359050 -0.066994
v 0.031647 1.362410 -0.066809
v 0.025925 1.356650 -0.062073
v 0.029429 1.352500 -0.061606
v 0.031647 1.362410 -0.066809
v 0.031508 1.366020 -0.062547
v 0.025811 1.360290 -0.057832
v 0.025925 1.356650 -0.062073
v 0.035244 1.369120 -0.072324
v 0.035089 1.372700 -0.068037
v 0.031508 1.366020 -0.062547
v 0.031647 1.362410 -0.066809
v 0.024998 1.362110 -0.056890
v 0.025811 1.360290 -0.057832
v 0.031508 1.366020 -0.062547
v 0.030511 1.367660 -0.061453
v 0.030511 1.367660 -0.061453
v 0.031508 1.366020 -0.062547
v 0.035089 1.372700 -0.068037
v 0.033978 1.374130 -0.066768
v 0.017812 1.357850 -0.053388
v 0.018387 1.355890 -0.054214
v 0.025811 1.360290 -0.057832
v 0.024998 1.362110 -0.056890
v 0.025925 1.356650 -0.062073
v 0.025811 1.360290 -0.057832
v 0.018387 1.355890 -0.054214
v 0.018467 1.352230 -0.058439
v 0.009444 1.355180 -0.051187
v 0.009742 1.353120 -0.051940
v 0.018387 1.355890 -0.054214
v 0.017812 1.357850 -0.053388
v 0.018467 1.352230 -0.058439
v 0.018387 1.355890 -0.054214
v 0.009742 1.353120 -0.051940
v 0.009783 1.349450 -0.056154
v 0.020945 1.347470 -0.057472
v 0.018467 1.352230 -0.058439
v 0.009783 1.349450 -0.056154
v 0.011066 1.344310 -0.054873
v 0.029429 1.352500 -0.061606
v 0.025925 1.356650 -0.062073
v 0.018467 1.352230 -0.058439
v 0.020945 1.347470 -0.057472
v 0.011066 1.344310 -0.054873
v 0.009783 1.349450 -0.056154
v 0.000464 1.348510 -0.055375
v 0.000464 1.343230 -0.053986
v 0.009783 1.349450 -0.056154
v 0.009742 1.353120 -0.051940
v 0.000465 1.352180 -0.051164
v 0.000464 1.348510 -0.055375
v 0.000464 1.343230 -0.053986
v 0.000464 1.348510 -0.055375
v -0.008855 1.349450 -0.056154
v -0.010137 1.344310 -0.054873
v 0.000464 1.348510 -0.055375
v 0.000465 1.352180 -0.051164
v -0.008813 1.353120 -0.051940
v -0.008855 1.349450 -0.056154
v -0.008515 1.355180 -0.051187
v -0.008813 1.353120 -0.051940
v 0.000465 1.352180 -0.051164
v 0.000465 1.354260 -0.050436
v 0.000465 1.354260 -0.050436
v 0.000465 1.352180 -0.051164
v 0.009742 1.353120 -0.051940
v 0.009444 1.355180 -0.051187
v -0.016883 1.357850 -0.053388
v -0.017458 1.355890 -0.054214
v -0.008813 1.353120 -0.051940
v -0.008515 1.355180 -0.051187
v -0.008855 1.349450 -0.056154
v -0.008813 1.353120 -0.051940
v -0.017458 1.355890 -0.054214
v -0.017539 1.352230 -0.058439
v -0.024068 1.362120 -0.056889
v -0.024882 1.360290 -0.057831
v -0.017458 1.355890 -0.054214
v -0.016883 1.357850 -0.053388
v -0.017539 1.352230 -0.058439
v -0.017458 1.355890 -0.054214
v -0.024882 1.360290 -0.057831
v -0.024996 1.356650 -0.062073
v -0.020016 1.347470 -0.057471
v -0.017539 1.352230 -0.058439
v -0.024996 1.356650 -0.062073
v -0.028500 1.352500 -0.061606
v -0.010137 1.344310 -0.054873
v -0.008855 1.349450 -0.056154
v -0.017539 1.352230 -0.058439
v -0.020016 1.347470 -0.057471
v -0.028500 1.352500 -0.061606
v -0.024996 1.356650 -0.062073
v -0.030718 1.362410 -0.066808
v -0.035009 1.359050 -0.066993
v -0.024996 1.356650 -0.062073
v -0.024882 1.360290 -0.057831
v -0.030579 1.366020 -0.062546
v -0.030718 1.362410 -0.066808
v -0.035009 1.359050 -0.066993
v -0.030718 1.362410 -0.066808
v -0.034314 1.369120 -0.072323
v -0.039101 1.366690 -0.073267
v -0.030718 1.362410 -0.066808
v -0.030579 1.366020 -0.062546
v -0.034160 1.372700 -0.068037
v -0.034314 1.369120 -0.072323
v -0.033048 1.374130 -0.066767
v -0.034160 1.372700 -0.068037
v -0.030579 1.366020 -0.062546
v -0.029582 1.367670 -0.061453
v -0.029582 1.367670 -0.061453
v -0.030579 1.366020 -0.062546
v -0.024882 1.360290 -0.057831
v -0.024068 1.362120 -0.056889
v -0.034230 1.381070 -0.072470
v -0.035381 1.379870 -0.073929
v -0.034160 1.372700 -0.068037
v -0.033048 1.374130 -0.066767
v -0.034314 1.369120 -0.072323
v -0.034160 1.372700 -0.068037
v -0.035381 1.379870 -0.073929
v -0.035541 1.376320 -0.078242
v -0.033048 1.388000 -0.078173
v -0.034159 1.387030 -0.079821
v -0.035381 1.379870 -0.073929
v -0.034230 1.381070 -0.072470
v -0.035541 1.376320 -0.078242
v -0.035381 1.379870 -0.073929
v -0.034159 1.387030 -0.079821
v -0.034314 1.383520 -0.084160
v -0.040497 1.374870 -0.080000
v -0.035541 1.376320 -0.078242
v -0.034314 1.383520 -0.084160
v -0.039101 1.383060 -0.086733
v -0.039101 1.366690 -0.073267
v -0.034314 1.369120 -0.072323
v -0.035541 1.376320 -0.078242
v -0.040497 1.374870 -0.080000
v -0.039101 1.383060 -0.086733
v -0.034314 1.383520 -0.084160
v -0.030717 1.390230 -0.089675
v -0.035009 1.390690 -0.093007
v -0.034314 1.383520 -0.084160
v -0.034159 1.387030 -0.079821
v -0.030578 1.393710 -0.085311
v -0.030717 1.390230 -0.089675
v -0.035009 1.390690 -0.093007
v -0.030717 1.390230 -0.089675
v -0.024995 1.395990 -0.094411
v -0.028499 1.397250 -0.098395
v -0.030717 1.390230 -0.089675
v -0.030578 1.393710 -0.085311
v -0.024882 1.399440 -0.090026
v -0.024995 1.395990 -0.094411
v -0.024068 1.400010 -0.088051
v -0.024882 1.399440 -0.090026
v -0.030578 1.393710 -0.085311
v -0.029582 1.394460 -0.083487
v -0.029582 1.394460 -0.083487
v -0.030578 1.393710 -0.085311
v -0.034159 1.387030 -0.079821
v -0.033048 1.388000 -0.078173
v -0.016882 1.404270 -0.091552
v -0.017458 1.403840 -0.093644
v -0.024882 1.399440 -0.090026
v -0.024068 1.400010 -0.088051
v -0.024995 1.395990 -0.094411
v -0.024882 1.399440 -0.090026
v -0.017458 1.403840 -0.093644
v -0.017538 1.400400 -0.098045
v -0.008515 1.406950 -0.093754
v -0.008812 1.406610 -0.095918
v -0.017458 1.403840 -0.093644
v -0.016882 1.404270 -0.091552
v -0.017538 1.400400 -0.098045
v -0.017458 1.403840 -0.093644
v -0.008812 1.406610 -0.095918
v -0.008854 1.403180 -0.100330
v -0.020016 1.402270 -0.102529
v -0.017538 1.400400 -0.098045
v -0.008854 1.403180 -0.100330
v -0.010137 1.405440 -0.105128
v -0.028499 1.397250 -0.098395
v -0.024995 1.395990 -0.094411
v -0.017538 1.400400 -0.098045
v -0.020016 1.402270 -0.102529
v -0.010137 1.405440 -0.105128
v -0.008854 1.403180 -0.100330
v 0.000465 1.404130 -0.101109
v 0.000465 1.406510 -0.106015
v -0.008854 1.403180 -0.100330
v -0.008812 1.406610 -0.095918
v 0.000465 1.407550 -0.096694
v 0.000465 1.404130 -0.101109
v 0.000465 1.406510 -0.106015
v 0.000465 1.404130 -0.101109
v 0.009784 1.403180 -0.100330
v 0.011067 1.405430 -0.105128
v 0.000465 1.404130 -0.101109
v 0.000465 1.407550 -0.096694
v 0.009743 1.406610 -0.095919
v 0.009784 1.403180 -0.100330
v 0.009445 1.406950 -0.093754
v 0.009743 1.406610 -0.095919
v 0.000465 1.407550 -0.096694
v 0.000465 1.407860 -0.094505
v 0.000465 1.407860 -0.094505
v 0.000465 1.407550 -0.096694
v -0.008812 1.406610 -0.095918
v -0.008515 1.406950 -0.093754
v 0.017813 1.404270 -0.091553
v 0.018388 1.403840 -0.093644
v 0.009743 1.406610 -0.095919
v 0.009445 1.406950 -0.093754
v 0.009784 1.403180 -0.100330
v 0.009743 1.406610 -0.095919
v 0.018388 1.403840 -0.093644
v 0.018468 1.400400 -0.098046
v 0.024998 1.400010 -0.088051
v 0.025812 1.399440 -0.090027
v 0.018388 1.403840 -0.093644
v 0.017813 1.404270 -0.091553
v 0.018468 1.400400 -0.098046
v 0.018388 1.403840 -0.093644
v 0.025812 1.399440 -0.090027
v 0.025925 1.395990 -0.094412
v 0.020946 1.402270 -0.102530
v 0.018468 1.400400 -0.098046
v 0.025925 1.395990 -0.094412
v 0.029429 1.397250 -0.098396
v 0.011067 1.405430 -0.105128
v 0.009784 1.403180 -0.100330
v 0.018468 1.400400 -0.098046
v 0.020946 1.402270 -0.102530
v 0.029429 1.397250 -0.098396
v 0.025925 1.395990 -0.094412
v 0.031647 1.390220 -0.089676
v 0.035939 1.390690 -0.093008
v 0.025925 1.395990 -0.094412
v 0.025812 1.399440 -0.090027
v 0.031508 1.393710 -0.085312
v 0.031647 1.390220 -0.089676
v 0.035939 1.390690 -0.093008
v 0.031647 1.390220 -0.089676
v 0.035244 1.383520 -0.084161
v 0.040031 1.383060 -0.086734
v 0.031647 1.390220 -0.089676
v 0.031508 1.393710 -0.085312
v 0.035089 1.387030 -0.079821
v 0.035244 1.383520 -0.084161
v 0.033978 1.388000 -0.078173
v 0.035089 1.387030 -0.079821
v 0.031508 1.393710 -0.085312
v 0.030512 1.394460 -0.083488
v 0.030512 1.394460 -0.083488
v 0.031508 1.393710 -0.085312
v 0.025812 1.399440 -0.090027
v 0.024998 1.400010 -0.088051
v 0.035160 1.381060 -0.072471
v 0.036310 1.379860 -0.073929
v 0.035089 1.387030 -0.079821
v 0.033978 1.388000 -0.078173
v 0.035244 1.383520 -0.084161
v 0.035089 1.387030 -0.079821
v 0.036310 1.379860 -0.073929
v 0.036471 1.376320 -0.078242
v 0.033978 1.374130 -0.066768
v 0.035089 1.372700 -0.068037
v 0.036310 1.379860 -0.073929
v 0.035160 1.381060 -0.072471
v 0.036471 1.376320 -0.078242
v 0.036310 1.379860 -0.073929
v 0.035089 1.372700 -0.068037
v 0.035244 1.369120 -0.072324
v 0.040031 1.383060 -0.086734
v 0.035244 1.383520 -0.084161
v 0.036471 1.376320 -0.078242
v 0.041426 1.374870 -0.080001
v 0.041426 1.374870 -0.080001
v 0.036471 1.376320 -0.078242
v 0.035244 1.369120 -0.072324
v 0.040030 1.366680 -0.073268
v 0.035160 1.381060 -0.072471
v 0.030289 1.382790 -0.070372
v 0.029272 1.376830 -0.065470
v 0.033978 1.374130 -0.066768
v 0.033978 1.388000 -0.078173
v 0.029273 1.388750 -0.075274
v 0.030289 1.382790 -0.070372
v 0.035160 1.381060 -0.072471
v 0.029273 1.388750 -0.075274
v 0.029664 1.392510 -0.070874
v 0.030694 1.386460 -0.065905
v 0.030289 1.382790 -0.070372
v 0.030289 1.382790 -0.070372
v 0.030694 1.386460 -0.065905
v 0.029664 1.380420 -0.060936
v 0.029272 1.376830 -0.065470
v 0.029761 1.387750 -0.064339
v 0.030694 1.386460 -0.065905
v 0.029664 1.392510 -0.070874
v 0.028763 1.393610 -0.069155
v 0.028763 1.381890 -0.059524
v 0.029664 1.380420 -0.060936
v 0.030694 1.386460 -0.065905
v 0.029761 1.387750 -0.064339
v 0.028763 1.393610 -0.069155
v 0.029664 1.392510 -0.070874
v 0.026644 1.398140 -0.075504
v 0.025836 1.399060 -0.073642
v 0.026293 1.394310 -0.079842
v 0.026644 1.398140 -0.075504
v 0.029664 1.392510 -0.070874
v 0.029273 1.388750 -0.075274
v 0.025836 1.399060 -0.073642
v 0.026644 1.398140 -0.075504
v 0.021840 1.402970 -0.079480
v 0.021181 1.403750 -0.077495
v 0.021554 1.399080 -0.083765
v 0.021840 1.402970 -0.079480
v 0.026644 1.398140 -0.075504
v 0.026293 1.394310 -0.079842
v 0.030512 1.394460 -0.083488
v 0.026293 1.394310 -0.079842
v 0.029273 1.388750 -0.075274
v 0.033978 1.388000 -0.078173
v 0.024998 1.400010 -0.088051
v 0.021554 1.399080 -0.083765
v 0.026293 1.394310 -0.079842
v 0.030512 1.394460 -0.083488
v 0.017813 1.404270 -0.091553
v 0.015377 1.402740 -0.086775
v 0.021554 1.399080 -0.083765
v 0.024998 1.400010 -0.088051
v 0.015377 1.402740 -0.086775
v 0.015580 1.406680 -0.082531
v 0.021840 1.402970 -0.079480
v 0.021554 1.399080 -0.083765
v 0.009445 1.406950 -0.093754
v 0.008184 1.405040 -0.088667
v 0.015377 1.402740 -0.086775
v 0.017813 1.404270 -0.091553
v 0.008184 1.405040 -0.088667
v 0.008289 1.409020 -0.084449
v 0.015580 1.406680 -0.082531
v 0.015377 1.402740 -0.086775
v 0.021181 1.403750 -0.077495
v 0.021840 1.402970 -0.079480
v 0.015580 1.406680 -0.082531
v 0.015113 1.407350 -0.080452
v 0.015113 1.407350 -0.080452
v 0.015580 1.406680 -0.082531
v 0.008289 1.409020 -0.084449
v 0.008048 1.409610 -0.082311
v 0.008048 1.409610 -0.082311
v 0.008289 1.409020 -0.084449
v 0.000465 1.409810 -0.085103
v 0.000465 1.410380 -0.082945
v 0.000465 1.405830 -0.089312
v 0.000465 1.409810 -0.085103
v 0.008289 1.409020 -0.084449
v 0.008184 1.405040 -0.088667
v 0.000465 1.410380 -0.082945
v 0.000465 1.409810 -0.085103
v -0.007359 1.409020 -0.084448
v -0.007117 1.409610 -0.082311
v -0.007254 1.405040 -0.088667
v -0.007359 1.409020 -0.084448
v 0.000465 1.409810 -0.085103
v 0.000465 1.405830 -0.089312
v 0.000465 1.407860 -0.094505
v 0.000465 1.405830 -0.089312
v 0.008184 1.405040 -0.088667
v 0.009445 1.406950 -0.093754
v -0.008515 1.406950 -0.093754
v -0.007254 1.405040 -0.088667
v 0.000465 1.405830 -0.089312
v 0.000465 1.407860 -0.094505
v -0.016882 1.404270 -0.091552
v -0.014447 1.402740 -0.086775
v -0.007254 1.405040 -0.088667
v -0.008515 1.406950 -0.093754
v -0.014447 1.402740 -0.086775
v -0.014649 1.406680 -0.082530
v -0.007359 1.409020 -0.084448
v -0.007254 1.405040 -0.088667
v -0.024068 1.400010 -0.088051
v -0.020624 1.399080 -0.083764
v -0.014447 1.402740 -0.086775
v -0.016882 1.404270 -0.091552
v -0.020624 1.399080 -0.083764
v -0.020910 1.402970 -0.079479
v -0.014649 1.406680 -0.082530
v -0.014447 1.402740 -0.086775
v -0.007117 1.409610 -0.082311
v -0.007359 1.409020 -0.084448
v -0.014649 1.406680 -0.082530
v -0.014183 1.407350 -0.080452
v -0.014183 1.407350 -0.080452
v -0.014649 1.406680 -0.082530
v -0.020910 1.402970 -0.079479
v -0.020250 1.403750 -0.077495
v -0.020250 1.403750 -0.077495
v -0.020910 1.402970 -0.079479
v -0.025714 1.398140 -0.075503
v -0.024906 1.399070 -0.073642
v -0.025363 1.394310 -0.079842
v -0.025714 1.398140 -0.075503
v -0.020910 1.402970 -0.079479
v -0.020624 1.399080 -0.083764
v -0.024906 1.399070 -0.073642
v -0.025714 1.398140 -0.075503
v -0.028734 1.392510 -0.070873
v -0.027833 1.393610 -0.069154
v -0.028343 1.388750 -0.075273
v -0.028734 1.392510 -0.070873
v -0.025714 1.398140 -0.075503
v -0.025363 1.394310 -0.079842
v -0.029582 1.394460 -0.083487
v -0.025363 1.394310 -0.079842
v -0.020624 1.399080 -0.083764
v -0.024068 1.400010 -0.088051
v -0.033048 1.388000 -0.078173
v -0.028343 1.388750 -0.075273
v -0.025363 1.394310 -0.079842
v -0.029582 1.394460 -0.083487
v -0.034230 1.381070 -0.072470
v -0.029359 1.382790 -0.070371
v -0.028343 1.388750 -0.075273
v -0.033048 1.388000 -0.078173
v -0.029359 1.382790 -0.070371
v -0.029764 1.386460 -0.065904
v -0.028734 1.392510 -0.070873
v -0.028343 1.388750 -0.075273
v -0.033048 1.374130 -0.066767
v -0.028343 1.376830 -0.065469
v -0.029359 1.382790 -0.070371
v -0.034230 1.381070 -0.072470
v -0.028343 1.376830 -0.065469
v -0.028734 1.380420 -0.060936
v -0.029764 1.386460 -0.065904
v -0.029359 1.382790 -0.070371
v -0.027833 1.393610 -0.069154
v -0.028734 1.392510 -0.070873
v -0.029764 1.386460 -0.065904
v -0.028831 1.387750 -0.064339
v -0.028831 1.387750 -0.064339
v -0.029764 1.386460 -0.065904
v -0.028734 1.380420 -0.060936
v -0.027833 1.381890 -0.059523
v -0.027833 1.381890 -0.059523
v -0.028734 1.380420 -0.060936
v -0.025714 1.374790 -0.056305
v -0.024906 1.376440 -0.055036
v -0.025363 1.371270 -0.060901
v -0.025714 1.374790 -0.056305
v -0.028734 1.380420 -0.060936
v -0.028343 1.376830 -0.065469
v -0.024906 1.376440 -0.055036
v -0.025714 1.374790 -0.056305
v -0.020910 1.369950 -0.052329
v -0.020251 1.371750 -0.051183
v -0.020624 1.366500 -0.056978
v -0.020910 1.369950 -0.052329
v -0.025714 1.374790 -0.056305
v -0.025363 1.371270 -0.060901
v -0.029582 1.367670 -0.061453
v -0.025363 1.371270 -0.060901
v -0.028343 1.376830 -0.065469
v -0.033048 1.374130 -0.066767
v -0.024068 1.362120 -0.056889
v -0.020624 1.366500 -0.056978
v -0.025363 1.371270 -0.060901
v -0.029582 1.367670 -0.061453
v -0.016883 1.357850 -0.053388
v -0.014447 1.362840 -0.053968
v -0.020624 1.366500 -0.056978
v -0.024068 1.362120 -0.056889
v -0.014447 1.362840 -0.053968
v -0.014650 1.366240 -0.049278
v -0.020910 1.369950 -0.052329
v -0.020624 1.366500 -0.056978
v -0.008515 1.355180 -0.051187
v -0.007254 1.360540 -0.052076
v -0.014447 1.362840 -0.053968
v -0.016883 1.357850 -0.053388
v -0.007254 1.360540 -0.052076
v -0.007359 1.363910 -0.047361
v -0.014650 1.366240 -0.049278
v -0.014447 1.362840 -0.053968
v -0.020251 1.371750 -0.051183
v -0.020910 1.369950 -0.052329
v -0.014650 1.366240 -0.049278
v -0.014183 1.368150 -0.048226
v -0.014183 1.368150 -0.048226
v -0.014650 1.366240 -0.049278
v -0.007359 1.363910 -0.047361
v -0.007118 1.365890 -0.046367
v -0.007118 1.365890 -0.046367
v -0.007359 1.363910 -0.047361
v 0.000465 1.363110 -0.046707
v 0.000465 1.365120 -0.045733
v 0.000465 1.359750 -0.051431
v 0.000465 1.363110 -0.046707
v -0.007359 1.363910 -0.047361
v -0.007254 1.360540 -0.052076
v 0.000465 1.365120 -0.045733
v 0.000465 1.363110 -0.046707
v 0.008289 1.363910 -0.047361
v 0.008047 1.365890 -0.046367
v 0.008184 1.360540 -0.052076
v 0.008289 1.363910 -0.047361
v 0.000465 1.363110 -0.046707
v 0.000465 1.359750 -0.051431
v 0.000465 1.354260 -0.050436
v 0.000465 1.359750 -0.051431
v -0.007254 1.360540 -0.052076
v -0.008515 1.355180 -0.051187
v 0.009444 1.355180 -0.051187
v 0.008184 1.360540 -0.052076
v 0.000465 1.359750 -0.051431
v 0.000465 1.354260 -0.050436
v 0.017812 1.357850 -0.053388
v 0.015377 1.362840 -0.053968
v 0.008184 1.360540 -0.052076
v 0.009444 1.355180 -0.051187
v 0.015377 1.362840 -0.053968
v 0.015579 1.366240 -0.049279
v 0.008289 1.363910 -0.047361
v 0.008184 1.360540 -0.052076
v 0.024998 1.362110 -0.056890
v 0.021553 1.366500 -0.056979
v 0.015377 1.362840 -0.053968
v 0.017812 1.357850 -0.053388
v 0.021553 1.366500 -0.056979
v 0.021840 1.369950 -0.052330
v 0.015579 1.366240 -0.049279
v 0.015377 1.362840 -0.053968
v 0.008047 1.365890 -0.046367
v 0.008289 1.363910 -0.047361
v 0.015579 1.366240 -0.049279
v 0.015113 1.368150 -0.048226
v 0.015113 1.368150 -0.048226
v 0.015579 1.366240 -0.049279
v 0.021840 1.369950 -0.052330
v 0.021180 1.371750 -0.051183
v 0.021180 1.371750 -0.051183
v 0.021840 1.369950 -0.052330
v 0.026644 1.374790 -0.056306
v 0.025836 1.376440 -0.055036
v 0.026293 1.371270 -0.060901
v 0.026644 1.374790 -0.056306
v 0.021840 1.369950 -0.052330
v 0.021553 1.366500 -0.056979
v 0.025836 1.376440 -0.055036
v 0.026644 1.374790 -0.056306
v 0.029664 1.380420 -0.060936
v 0.028763 1.381890 -0.059524
v 0.029272 1.376830 -0.065470
v 0.029664 1.380420 -0.060936
v 0.026644 1.374790 -0.056306
v 0.026293 1.371270 -0.060901
v 0.030511 1.367660 -0.061453
v 0.026293 1.371270 -0.060901
v 0.021553 1.366500 -0.056979
v 0.024998 1.362110 -0.056890
v 0.033978 1.374130 -0.066768
v 0.029272 1.376830 -0.065470
v 0.026293 1.371270 -0.060901
v 0.030511 1.367660 -0.061453
v 0.028763 1.381890 -0.059524
v 0.024281 1.385020 -0.057611
v 0.021818 1.380430 -0.053834
v 0.025836 1.376440 -0.055036
v 0.025836 1.376440 -0.055036
v 0.021818 1.380430 -0.053834
v 0.017900 1.376480 -0.050591
v 0.021180 1.371750 -0.051183
v 0.021818 1.380430 -0.053834
v 0.020892 1.383110 -0.051416
v 0.017143 1.379330 -0.048314
v 0.017900 1.376480 -0.050591
v 0.024281 1.385020 -0.057611
v 0.023248 1.387500 -0.055029
v 0.020892 1.383110 -0.051416
v 0.021818 1.380430 -0.053834
v 0.023248 1.387500 -0.055029
v 0.020823 1.390170 -0.052804
v 0.018717 1.386250 -0.049576
v 0.020892 1.383110 -0.051416
v 0.020892 1.383110 -0.051416
v 0.018717 1.386250 -0.049576
v 0.015368 1.382870 -0.046804
v 0.017143 1.379330 -0.048314
v 0.024052 1.392220 -0.058906
v 0.021541 1.394380 -0.056268
v 0.020823 1.390170 -0.052804
v 0.023248 1.387500 -0.055029
v 0.025121 1.389950 -0.061664
v 0.024052 1.392220 -0.058906
v 0.023248 1.387500 -0.055029
v 0.024281 1.385020 -0.057611
v 0.024281 1.394880 -0.065717
v 0.023248 1.396930 -0.062783
v 0.024052 1.392220 -0.058906
v 0.025121 1.389950 -0.061664
v 0.023248 1.396930 -0.062783
v 0.020823 1.398600 -0.059732
v 0.021541 1.394380 -0.056268
v 0.024052 1.392220 -0.058906
v 0.028763 1.393610 -0.069155
v 0.024281 1.394880 -0.065717
v 0.025121 1.389950 -0.061664
v 0.029761 1.387750 -0.064339
v 0.029761 1.387750 -0.064339
v 0.025121 1.389950 -0.061664
v 0.024281 1.385020 -0.057611
v 0.028763 1.381890 -0.059524
v 0.025836 1.399060 -0.073642
v 0.021818 1.399470 -0.069493
v 0.024281 1.394880 -0.065717
v 0.028763 1.393610 -0.069155
v 0.021818 1.399470 -0.069493
v 0.020892 1.401330 -0.066396
v 0.023248 1.396930 -0.062783
v 0.024281 1.394880 -0.065717
v 0.021181 1.403750 -0.077495
v 0.017900 1.403420 -0.072736
v 0.021818 1.399470 -0.069493
v 0.025836 1.399060 -0.073642
v 0.017900 1.403420 -0.072736
v 0.017144 1.405100 -0.069498
v 0.020892 1.401330 -0.066396
v 0.021818 1.399470 -0.069493
v 0.017144 1.405100 -0.069498
v 0.015368 1.405900 -0.065733
v 0.018717 1.402520 -0.062961
v 0.020892 1.401330 -0.066396
v 0.020892 1.401330 -0.066396
v 0.018717 1.402520 -0.062961
v 0.020823 1.398600 -0.059732
v 0.023248 1.396930 -0.062783
v 0.012259 1.407990 -0.071879
v 0.011003 1.408480 -0.067860
v 0.015368 1.405900 -0.065733
v 0.017144 1.405100 -0.069498
v 0.012793 1.406440 -0.075225
v 0.012259 1.407990 -0.071879
v 0.017144 1.405100 -0.069498
v 0.017900 1.403420 -0.072736
v 0.006570 1.409820 -0.073375
v 0.005920 1.410110 -0.069197
v 0.011003 1.408480 -0.067860
v 0.012259 1.407990 -0.071879
v 0.006847 1.408350 -0.076789
v 0.006570 1.409820 -0.073375
v 0.012259 1.407990 -0.071879
v 0.012793 1.406440 -0.075225
v 0.015113 1.407350 -0.080452
v 0.012793 1.406440 -0.075225
v 0.017900 1.403420 -0.072736
v 0.021181 1.403750 -0.077495
v 0.008048 1.409610 -0.082311
v 0.006847 1.408350 -0.076789
v 0.012793 1.406440 -0.075225
v 0.015113 1.407350 -0.080452
v 0.000465 1.410380 -0.082945
v 0.000465 1.409000 -0.077322
v 0.006847 1.408350 -0.076789
v 0.008048 1.409610 -0.082311
v 0.000465 1.409000 -0.077322
v 0.000465 1.410440 -0.073886
v 0.006570 1.409820 -0.073375
v 0.006847 1.408350 -0.076789
v -0.007117 1.409610 -0.082311
v -0.005916 1.408350 -0.076789
v 0.000465 1.409000 -0.077322
v 0.000465 1.410380 -0.082945
v -0.005916 1.408350 -0.076789
v -0.005639 1.409820 -0.073375
v 0.000465 1.410440 -0.073886
v 0.000465 1.409000 -0.077322
v -0.005639 1.409820 -0.073375
v -0.004989 1.410110 -0.069197
v 0.000465 1.410670 -0.069653
v 0.000465 1.410440 -0.073886
v 0.000465 1.410440 -0.073886
v 0.000465 1.410670 -0.069653
v 0.005920 1.410110 -0.069197
v 0.006570 1.409820 -0.073375
v -0.011328 1.407990 -0.071879
v -0.010072 1.408480 -0.067860
v -0.004989 1.410110 -0.069197
v -0.005639 1.409820 -0.073375
v -0.011863 1.406440 -0.075224
v -0.011328 1.407990 -0.071879
v -0.005639 1.409820 -0.073375
v -0.005916 1.408350 -0.076789
v -0.016213 1.405100 -0.069498
v -0.014437 1.405900 -0.065732
v -0.010072 1.408480 -0.067860
v -0.011328 1.407990 -0.071879
v -0.016969 1.403420 -0.072736
v -0.016213 1.405100 -0.069498
v -0.011328 1.407990 -0.071879
v -0.011863 1.406440 -0.075224
v -0.014183 1.407350 -0.080452
v -0.011863 1.406440 -0.075224
v -0.005916 1.408350 -0.076789
v -0.007117 1.409610 -0.082311
v -0.020250 1.403750 -0.077495
v -0.016969 1.403420 -0.072736
v -0.011863 1.406440 -0.075224
v -0.014183 1.407350 -0.080452
v -0.024906 1.399070 -0.073642
v -0.020888 1.399470 -0.069493
v -0.016969 1.403420 -0.072736
v -0.020250 1.403750 -0.077495
v -0.020888 1.399470 -0.069493
v -0.019962 1.401330 -0.066396
v -0.016213 1.405100 -0.069498
v -0.016969 1.403420 -0.072736
v -0.027833 1.393610 -0.069154
v -0.023351 1.394880 -0.065716
v -0.020888 1.399470 -0.069493
v -0.024906 1.399070 -0.073642
v -0.023351 1.394880 -0.065716
v -0.022318 1.396930 -0.062783
v -0.019962 1.401330 -0.066396
v -0.020888 1.399470 -0.069493
v -0.022318 1.396930 -0.062783
v -0.019892 1.398600 -0.059732
v -0.017787 1.402530 -0.062960
v -0.019962 1.401330 -0.066396
v -0.019962 1.401330 -0.066396
v -0.017787 1.402530 -0.062960
v -0.014437 1.405900 -0.065732
v -0.016213 1.405100 -0.069498
v -0.023122 1.392220 -0.058906
v -0.020610 1.394390 -0.056268
v -0.019892 1.398600 -0.059732
v -0.022318 1.396930 -0.062783
v -0.024191 1.389950 -0.061663
v -0.023122 1.392220 -0.058906
v -0.022318 1.396930 -0.062783
v -0.023351 1.394880 -0.065716
v -0.022318 1.387500 -0.055029
v -0.019892 1.390170 -0.052804
v -0.020610 1.394390 -0.056268
v -0.023122 1.392220 -0.058906
v -0.023351 1.385020 -0.057611
v -0.022318 1.387500 -0.055029
v -0.023122 1.392220 -0.058906
v -0.024191 1.389950 -0.061663
v -0.028831 1.387750 -0.064339
v -0.024191 1.389950 -0.061663
v -0.023351 1.394880 -0.065716
v -0.027833 1.393610 -0.069154
v -0.027833 1.381890 -0.059523
v -0.023351 1.385020 -0.057611
v -0.024191 1.389950 -0.061663
v -0.028831 1.387750 -0.064339
v -0.024906 1.376440 -0.055036
v -0.020888 1.380430 -0.053834
v -0.023351 1.385020 -0.057611
v -0.027833 1.381890 -0.059523
v -0.020888 1.380430 -0.053834
v -0.019962 1.383110 -0.051416
v -0.022318 1.387500 -0.055029
v -0.023351 1.385020 -0.057611
v -0.020251 1.371750 -0.051183
v -0.016970 1.376480 -0.050591
v -0.020888 1.380430 -0.053834
v -0.024906 1.376440 -0.055036
v -0.016970 1.376480 -0.050591
v -0.016213 1.379330 -0.048314
v -0.019962 1.383110 -0.051416
v -0.020888 1.380430 -0.053834
v -0.016213 1.379330 -0.048314
v -0.014438 1.382870 -0.046803
v -0.017787 1.386250 -0.049575
v -0.019962 1.383110 -0.051416
v -0.019962 1.383110 -0.051416
v -0.017787 1.386250 -0.049575
v -0.019892 1.390170 -0.052804
v -0.022318 1.387500 -0.055029
v -0.011328 1.376440 -0.045933
v -0.010073 1.380290 -0.044676
v -0.014438 1.382870 -0.046803
v -0.016213 1.379330 -0.048314
v -0.011863 1.373460 -0.048102
v -0.011328 1.376440 -0.045933
v -0.016213 1.379330 -0.048314
v -0.016970 1.376480 -0.050591
v -0.005640 1.374620 -0.044437
v -0.004990 1.378660 -0.043339
v -0.010073 1.380290 -0.044676
v -0.011328 1.376440 -0.045933
v -0.005917 1.371550 -0.046538
v -0.005640 1.374620 -0.044437
v -0.011328 1.376440 -0.045933
v -0.011863 1.373460 -0.048102
v -0.014183 1.368150 -0.048226
v -0.011863 1.373460 -0.048102
v -0.016970 1.376480 -0.050591
v -0.020251 1.371750 -0.051183
v -0.007118 1.365890 -0.046367
v -0.005917 1.371550 -0.046538
v -0.011863 1.373460 -0.048102
v -0.014183 1.368150 -0.048226
v 0.000465 1.365120 -0.045733
v 0.000465 1.370900 -0.046005
v -0.005917 1.371550 -0.046538
v -0.007118 1.365890 -0.046367
v 0.000465 1.370900 -0.046005
v 0.000465 1.374000 -0.043926
v -0.005640 1.374620 -0.044437
v -0.005917 1.371550 -0.046538
v 0.008047 1.365890 -0.046367
v 0.006846 1.371550 -0.046538
v 0.000465 1.370900 -0.046005
v 0.000465 1.365120 -0.045733
v 0.006846 1.371550 -0.046538
v 0.006570 1.374620 -0.044437
v 0.000465 1.374000 -0.043926
v 0.000465 1.370900 -0.046005
v 0.006570 1.374620 -0.044437
v 0.005920 1.378660 -0.043339
v 0.000465 1.378110 -0.042883
v 0.000465 1.374000 -0.043926
v 0.000465 1.374000 -0.043926
v 0.000465 1.378110 -0.042883
v -0.004990 1.378660 -0.043339
v -0.005640 1.374620 -0.044437
v 0.012258 1.376440 -0.045933
v 0.011003 1.380290 -0.044677
v 0.005920 1.378660 -0.043339
v 0.006570 1.374620 -0.044437
v 0.012793 1.373460 -0.048103
v 0.012258 1.376440 -0.045933
v 0.006570 1.374620 -0.044437
v 0.006846 1.371550 -0.046538
v 0.017143 1.379330 -0.048314
v 0.015368 1.382870 -0.046804
v 0.011003 1.380290 -0.044677
v 0.012258 1.376440 -0.045933
v 0.017900 1.376480 -0.050591
v 0.017143 1.379330 -0.048314
v 0.012258 1.376440 -0.045933
v 0.012793 1.373460 -0.048103
v 0.015113 1.368150 -0.048226
v 0.012793 1.373460 -0.048103
v 0.006846 1.371550 -0.046538
v 0.008047 1.365890 -0.046367
v 0.021180 1.371750 -0.051183
v 0.017900 1.376480 -0.050591
v 0.012793 1.373460 -0.048103
v 0.015113 1.368150 -0.048226
v 0.011003 1.380290 -0.044677
v 0.008995 1.383870 -0.045793
v 0.004880 1.382560 -0.044711
v 0.005920 1.378660 -0.043339
v 0.015368 1.382870 -0.046804
v 0.012528 1.385970 -0.047515
v 0.008995 1.383870 -0.045793
v 0.011003 1.380290 -0.044677
v 0.018717 1.386250 -0.049576
v 0.015239 1.388700 -0.049759
v 0.012528 1.385970 -0.047515
v 0.015368 1.382870 -0.046804
v 0.000465 1.395280 -0.055175
v 0.008995 1.383870 -0.045793
v 0.012528 1.385970 -0.047515
v 0.015239 1.388700 -0.049759
v 0.020823 1.390170 -0.052804
v 0.016943 1.391870 -0.052372
v 0.015239 1.388700 -0.049759
v 0.018717 1.386250 -0.049576
v 0.017524 1.395280 -0.055175
v 0.000465 1.395280 -0.055175
v 0.015239 1.388700 -0.049759
v 0.016943 1.391870 -0.052372
v 0.016943 1.398690 -0.057980
v 0.015239 1.401870 -0.060592
v 0.000465 1.395280 -0.055175
v 0.017524 1.395280 -0.055175
v 0.000465 1.408460 -0.066009
v -0.003950 1.408010 -0.065640
v -0.008064 1.406700 -0.064558
v 0.000465 1.395280 -0.055175
v 0.008995 1.406700 -0.064558
v 0.004881 1.408010 -0.065640
v 0.000465 1.408460 -0.066009
v 0.000465 1.395280 -0.055175
v -0.016594 1.395280 -0.055175
v -0.016012 1.391870 -0.052371
v -0.014308 1.388700 -0.049758
v 0.000465 1.395280 -0.055175
v 0.000465 1.395280 -0.055175
v -0.014308 1.401870 -0.060592
v -0.016012 1.398690 -0.057979
v -0.016594 1.395280 -0.055175
v 0.000465 1.382110 -0.044342
v 0.004880 1.382560 -0.044711
v 0.008995 1.383870 -0.045793
v 0.000465 1.395280 -0.055175
v 0.000465 1.395280 -0.055175
v -0.008064 1.383870 -0.045793
v -0.003950 1.382560 -0.044711
v 0.000465 1.382110 -0.044342
v 0.000465 1.395280 -0.055175
v -0.014308 1.388700 -0.049758
v -0.011597 1.385970 -0.047515
v -0.008064 1.383870 -0.045793
v 0.000465 1.395280 -0.055175
v -0.008064 1.406700 -0.064558
v -0.011597 1.404600 -0.062836
v -0.014308 1.401870 -0.060592
v 0.015239 1.401870 -0.060592
v 0.012528 1.404600 -0.062836
v 0.008995 1.406700 -0.064558
v 0.000465 1.395280 -0.055175
v 0.015368 1.405900 -0.065733
v 0.012528 1.404600 -0.062836
v 0.015239 1.401870 -0.060592
v 0.018717 1.402520 -0.062961
v 0.018717 1.402520 -0.062961
v 0.015239 1.401870 -0.060592
v 0.016943 1.398690 -0.057980
v 0.020823 1.398600 -0.059732
v 0.011003 1.408480 -0.067860
v 0.008995 1.406700 -0.064558
v 0.012528 1.404600 -0.062836
v 0.015368 1.405900 -0.065733
v 0.020823 1.398600 -0.059732
v 0.016943 1.398690 -0.057980
v 0.017524 1.395280 -0.055175
v 0.021541 1.394380 -0.056268
v 0.005920 1.410110 -0.069197
v 0.004881 1.408010 -0.065640
v 0.008995 1.406700 -0.064558
v 0.011003 1.408480 -0.067860
v 0.000465 1.410670 -0.069653
v 0.000465 1.408460 -0.066009
v 0.004881 1.408010 -0.065640
v 0.005920 1.410110 -0.069197
v -0.014437 1.405900 -0.065732
v -0.011597 1.404600 -0.062836
v -0.008064 1.406700 -0.064558
v -0.010072 1.408480 -0.067860
v -0.010072 1.408480 -0.067860
v -0.008064 1.406700 -0.064558
v -0.003950 1.408010 -0.065640
v -0.004989 1.410110 -0.069197
v -0.017787 1.402530 -0.062960
v -0.014308 1.401870 -0.060592
v -0.011597 1.404600 -0.062836
v -0.014437 1.405900 -0.065732
v -0.004989 1.410110 -0.069197
v -0.003950 1.408010 -0.065640
v 0.000465 1.408460 -0.066009
v 0.000465 1.410670 -0.069653
v -0.019892 1.398600 -0.059732
v -0.016012 1.398690 -0.057979
v -0.014308 1.401870 -0.060592
v -0.017787 1.402530 -0.062960
v -0.020610 1.394390 -0.056268
v -0.016594 1.395280 -0.055175
v -0.016012 1.398690 -0.057979
v -0.019892 1.398600 -0.059732
v -0.014438 1.382870 -0.046803
v -0.011597 1.385970 -0.047515
v -0.014308 1.388700 -0.049758
v -0.017787 1.386250 -0.049575
v -0.017787 1.386250 -0.049575
v -0.014308 1.388700 -0.049758
v -0.016012 1.391870 -0.052371
v -0.019892 1.390170 -0.052804
v -0.010073 1.380290 -0.044676
v -0.008064 1.383870 -0.045793
v -0.011597 1.385970 -0.047515
v -0.014438 1.382870 -0.046803
v -0.019892 1.390170 -0.052804
v -0.016012 1.391870 -0.052371
v -0.016594 1.395280 -0.055175
v -0.020610 1.394390 -0.056268
v -0.004990 1.378660 -0.043339
v -0.003950 1.382560 -0.044711
v -0.008064 1.383870 -0.045793
v -0.010073 1.380290 -0.044676
v 0.000465 1.378110 -0.042883
v 0.000465 1.382110 -0.044342
v -0.003950 1.382560 -0.044711
v -0.004990 1.378660 -0.043339
v 0.005920 1.378660 -0.043339
v 0.004880 1.382560 -0.044711
v 0.000465 1.382110 -0.044342
v 0.000465 1.378110 -0.042883
v 0.021541 1.394380 -0.056268
v 0.017524 1.395280 -0.055175
v 0.016943 1.391870 -0.052372
v 0.020823 1.390170 -0.052804
vn 0.9801 -0.1262 -0.1534
vn 0.9467 0.0698 -0.3146
vn 0.9467 -0.3221 0.0077
vn 0.3226 -0.6011 -0.7311
vn 0.3116 -0.5366 -0.7842
vn 0.3116 -0.6656 -0.6781
vn 0.2794 -0.7257 -0.6287
vn 0.8488 -0.5047 0.1578
vn 0.6930 -0.6615 0.2867
vn 0.8487 -0.5048 0.1578
vn 0.2281 -0.7773 -0.5863
vn 0.4900 -0.7818 0.3856
vn 0.1613 -0.8169 -0.5537
vn 0.2536 -0.8574 0.4478
vn 0.0835 -0.8418 -0.5332
vn -0.0000 -0.8832 0.4690
vn -0.0000 -0.8503 -0.5262
vn -0.2537 -0.8574 0.4478
vn -0.2536 -0.8574 0.4478
vn -0.0835 -0.8418 -0.5332
vn -0.4900 -0.7818 0.3856
vn -0.1613 -0.8169 -0.5537
vn -0.6930 -0.6615 0.2867
vn -0.4901 -0.7817 0.3856
vn -0.4902 -0.7817 0.3856
vn -0.2281 -0.7773 -0.5863
vn -0.8487 -0.5047 0.1578
vn -0.6931 -0.6614 0.2867
vn -0.2794 -0.7257 -0.6287
vn -0.9467 -0.3221 0.0077
vn -0.8488 -0.5047 0.1578
vn -0.3116 -0.6656 -0.6781
vn -0.9801 -0.1261 -0.1534
vn -0.3227 -0.6011 -0.7311
vn -0.9467 0.0698 -0.3145
vn -0.3117 -0.5366 -0.7842
vn -0.8488 0.2524 -0.4646
vn -0.2794 -0.4765 -0.8336
vn -0.6930 0.4092 -0.5935
vn -0.2281 -0.4249 -0.8760
vn -0.4900 0.5295 -0.6925
vn -0.1613 -0.3853 -0.9086
vn -0.2537 0.6051 -0.7546
vn -0.0835 -0.3604 -0.9290
vn -0.0000 0.6309 -0.7759
vn -0.0000 -0.3519 -0.9360
vn 0.2537 0.6051 -0.7546
vn 0.0835 -0.3604 -0.9291
vn 0.4900 0.5295 -0.6925
vn 0.4901 0.5295 -0.6925
vn 0.1613 -0.3853 -0.9086
vn 0.6930 0.4092 -0.5935
vn 0.4902 0.5294 -0.6924
vn 0.4901 0.5295 -0.6924
vn 0.2281 -0.4249 -0.8760
vn 0.8487 0.2524 -0.4647
vn 0.2794 -0.4765 -0.8336
vn 0.8488 0.2524 -0.4647
vn 0.9466 0.0698 -0.3146
vn 0.8660 0.3862 -0.3176
vn 0.7071 0.5462 -0.4491
vn 0.6869 0.6813 -0.2528
vn 0.8412 0.5260 -0.1252
vn 0.9659 0.2000 -0.1644
vn 0.8413 0.5259 -0.1250
vn 0.9383 0.3450 0.0238
vn 0.6869 0.6814 -0.2528
vn 0.2145 0.7708 0.5999
vn 0.2626 0.7223 0.6398
vn 0.8412 0.5260 -0.1250
vn 0.2930 0.6658 0.6862
vn 0.4857 0.8006 -0.3508
vn 0.1517 0.8080 0.5693
vn 0.2145 0.7709 0.5998
vn 0.5000 0.6689 -0.5500
vn 0.2514 0.8756 -0.4125
vn 0.0785 0.8314 0.5501
vn 0.1516 0.8080 0.5693
vn 0.2588 0.7461 -0.6135
vn 0.4857 0.8006 -0.3509
vn -0.0000 0.9012 -0.4335
vn -0.0000 0.8394 0.5435
vn 0.0785 0.8315 0.5500
vn -0.0000 0.7724 -0.6351
vn -0.2514 0.8756 -0.4125
vn -0.0785 0.8315 0.5500
vn -0.2587 0.7461 -0.6135
vn -0.0000 0.9011 -0.4336
vn -0.4857 0.8006 -0.3508
vn -0.1515 0.8080 0.5693
vn -0.0785 0.8314 0.5501
vn -0.2588 0.7461 -0.6135
vn -0.5000 0.6689 -0.5500
vn -0.6869 0.6814 -0.2528
vn -0.2144 0.7708 0.5999
vn -0.1516 0.8080 0.5693
vn -0.7071 0.5462 -0.4491
vn -0.8413 0.5260 -0.1250
vn -0.2627 0.7223 0.6398
vn -0.2145 0.7708 0.5999
vn -0.8660 0.3863 -0.3175
vn -0.9383 0.3450 0.0238
vn -0.2929 0.6658 0.6862
vn -0.8412 0.5261 -0.1250
vn -0.9659 0.1999 -0.1644
vn -0.8413 0.5259 -0.1250
vn -0.9714 0.1508 0.1834
vn -0.3033 0.6052 0.7361
vn -1.0000 -0.0000 -0.0000
vn -0.9384 0.3448 0.0238
vn -0.9383 -0.0434 0.3431
vn -0.2929 0.5446 0.7859
vn -0.9659 -0.1999 0.1644
vn -0.8412 -0.2244 0.4919
vn -0.2626 0.4881 0.8324
vn -0.8660 -0.3862 0.3176
vn -0.9383 -0.0436 0.3431
vn -0.6869 -0.3798 0.6197
vn -0.2144 0.4396 0.8722
vn -0.7071 -0.5462 0.4491
vn -0.6869 -0.3798 0.6196
vn -0.8412 -0.2246 0.4919
vn -0.4857 -0.4990 0.7177
vn -0.1516 0.4023 0.9029
vn -0.5000 -0.6689 0.5500
vn -0.6869 -0.3799 0.6196
vn -0.2514 -0.5740 0.7793
vn -0.0785 0.3789 0.9221
vn -0.2588 -0.7461 0.6135
vn -0.0000 -0.5995 0.8003
vn -0.0000 0.3708 0.9287
vn -0.0785 0.3788 0.9221
vn -0.0000 -0.7724 0.6352
vn -0.0000 -0.5996 0.8003
vn 0.2514 -0.5740 0.7793
vn 0.0785 0.3788 0.9221
vn -0.0000 -0.5995 0.8004
vn 0.2588 -0.7461 0.6135
vn 0.4857 -0.4990 0.7177
vn 0.1516 0.4023 0.9029
vn 0.5000 -0.6689 0.5500
vn 0.4857 -0.4991 0.7176
vn 0.6869 -0.3798 0.6196
vn 0.2144 0.4395 0.8723
vn 0.7071 -0.5462 0.4491
vn 0.8412 -0.2244 0.4919
vn 0.2625 0.4880 0.8324
vn 0.7072 -0.5461 0.4491
vn 0.8660 -0.3862 0.3176
vn 0.9383 -0.0434 0.3431
vn 0.2930 0.5445 0.7859
vn 0.2626 0.4880 0.8324
vn 0.8412 -0.2244 0.4920
vn 0.9659 -0.1999 0.1644
vn 0.8413 -0.2244 0.4919
vn 0.9714 0.1508 0.1834
vn 0.3033 0.6051 0.7361
vn 1.0000 -0.0000 -0.0000
vn 0.9659 0.1999 -0.1644
vn 0.4522 0.6548 0.6056
vn 0.4681 0.5612 0.6826
vn 0.4680 0.5613 0.6826
vn 0.4522 0.4676 0.7595
vn 0.9463 0.3234 -0.0057
vn 0.9796 0.1277 0.1551
vn 0.4681 0.5614 0.6824
vn 0.4682 0.5611 0.6826
vn 0.9796 0.1277 0.1553
vn 0.9462 -0.0682 0.3163
vn 0.7326 0.4323 0.5257
vn 0.9462 0.3235 -0.0056
vn 0.7076 0.5788 0.4054
vn 0.7076 0.2859 0.6462
vn 0.9796 0.1277 0.1554
vn 0.7326 0.4323 0.5258
vn 0.7076 0.5788 0.4052
vn 0.9462 0.3235 -0.0057
vn 0.8483 0.5060 -0.1558
vn 0.6344 0.7152 0.2932
vn 0.4055 0.7420 0.5339
vn 0.8484 0.5059 -0.1558
vn 0.4522 0.6550 0.6054
vn 0.6927 0.6627 -0.2844
vn 0.5180 0.8324 0.1968
vn 0.3312 0.8168 0.4724
vn 0.6927 0.6627 -0.2846
vn 0.8483 0.5060 -0.1560
vn 0.4055 0.7421 0.5338
vn 0.3311 0.8168 0.4724
vn 0.2341 0.8744 0.4251
vn 0.4898 0.7829 -0.3835
vn 0.3311 0.8169 0.4723
vn 0.1211 0.9105 0.3955
vn 0.2341 0.8743 0.4252
vn 0.1211 0.9105 0.3953
vn 0.2536 0.8586 -0.4455
vn 0.4898 0.7830 -0.3835
vn 0.4898 0.7830 -0.3834
vn 0.3664 0.9223 0.1228
vn 0.3663 0.9224 0.1227
vn 0.1896 0.9789 0.0765
vn -0.0000 0.8844 -0.4668
vn -0.0000 0.9982 0.0604
vn 0.0001 0.9228 0.3853
vn -0.0000 0.9982 0.0606
vn -0.2535 0.8586 -0.4457
vn -0.1896 0.9789 0.0764
vn -0.1212 0.9105 0.3954
vn -0.2535 0.8585 -0.4457
vn -0.0000 0.8843 -0.4668
vn -0.0000 0.9228 0.3853
vn -0.0000 0.9227 0.3854
vn -0.2340 0.8744 0.4251
vn -0.1212 0.9104 0.3955
vn -0.2340 0.8744 0.4250
vn -0.4898 0.7830 -0.3835
vn -0.3310 0.8169 0.4724
vn -0.6927 0.6627 -0.2846
vn -0.4898 0.7829 -0.3835
vn -0.2535 0.8586 -0.4456
vn -0.3662 0.9224 0.1229
vn -0.4898 0.7830 -0.3834
vn -0.5180 0.8324 0.1967
vn -0.5180 0.8324 0.1969
vn -0.6927 0.6627 -0.2845
vn -0.8483 0.5060 -0.1558
vn -0.6344 0.7153 0.2932
vn -0.4055 0.7420 0.5339
vn -0.9462 0.3235 -0.0057
vn -0.7076 0.5788 0.4054
vn -0.4523 0.6547 0.6056
vn -0.8484 0.5059 -0.1558
vn -0.4055 0.7419 0.5339
vn -0.4521 0.6548 0.6056
vn -0.4681 0.5612 0.6826
vn -0.4522 0.6548 0.6056
vn -0.9796 0.1277 0.1552
vn -0.3032 0.6052 0.7361
vn -0.4522 0.4676 0.7595
vn -0.9462 -0.0681 0.3163
vn -0.9796 0.1277 0.1553
vn -0.9796 0.1279 0.1553
vn -0.7326 0.4323 0.5258
vn -0.7076 0.2859 0.6462
vn -0.8483 -0.2507 0.4664
vn -0.6344 0.1494 0.7584
vn -0.4054 0.3804 0.8312
vn -0.8484 -0.2507 0.4663
vn -0.9462 -0.0683 0.3163
vn -0.4522 0.4674 0.7596
vn -0.6927 -0.4073 0.5952
vn -0.5180 0.0322 0.8548
vn -0.3310 0.3055 0.8928
vn -0.6927 -0.4074 0.5951
vn -0.2928 0.5446 0.7859
vn -0.2341 0.2481 0.9400
vn -0.4898 -0.5276 0.6940
vn -0.6927 -0.4074 0.5952
vn -0.1212 0.2120 0.9697
vn -0.2535 -0.6032 0.7562
vn -0.4898 -0.5276 0.6941
vn -0.2340 0.2481 0.9400
vn -0.3663 -0.0577 0.9287
vn -0.2535 -0.6031 0.7563
vn -0.1896 -0.1144 0.9752
vn -0.1896 -0.1142 0.9752
vn -0.0000 -0.6290 0.7774
vn -0.0000 -0.1337 0.9910
vn -0.0000 0.1996 0.9799
vn -0.1210 0.2120 0.9697
vn -0.0000 -0.1335 0.9910
vn 0.2535 -0.6032 0.7562
vn 0.1896 -0.1142 0.9752
vn 0.1210 0.2119 0.9698
vn 0.0002 0.1996 0.9799
vn 0.1211 0.2119 0.9698
vn 0.2341 0.2482 0.9400
vn 0.2341 0.2480 0.9401
vn 0.4898 -0.5276 0.6941
vn 0.2535 -0.6033 0.7561
vn 0.3310 0.3055 0.8928
vn 0.2341 0.2480 0.9400
vn 0.6927 -0.4074 0.5952
vn 0.2342 0.2480 0.9400
vn 0.2535 -0.6031 0.7563
vn 0.3663 -0.0577 0.9287
vn 0.6926 -0.4074 0.5953
vn 0.5180 0.0320 0.8548
vn 0.5180 0.0322 0.8548
vn 0.6927 -0.4072 0.5952
vn 0.8483 -0.2507 0.4663
vn 0.6345 0.1493 0.7584
vn 0.4055 0.3803 0.8312
vn 0.8484 -0.2507 0.4663
vn 0.6927 -0.4074 0.5951
vn 0.6345 0.1494 0.7584
vn 0.4522 0.4674 0.7596
vn 0.9462 -0.0684 0.3163
vn 0.8484 -0.2507 0.4662
vn 0.4055 0.3804 0.8312
vn 0.5584 0.4026 0.7253
vn 0.5006 0.2950 0.8139
vn 0.6344 0.1494 0.7584
vn 0.4087 0.2026 0.8899
vn 0.8568 -0.2898 0.4265
vn 0.8278 -0.1826 0.5305
vn 0.6759 -0.3355 0.6562
vn 0.6996 -0.4481 0.5566
vn 0.9557 -0.1057 0.2746
vn 0.9233 -0.0045 0.3841
vn 0.3452 0.2877 0.8934
vn 0.4227 0.3657 0.8292
vn 0.4227 0.3658 0.8292
vn 0.4715 0.4566 0.7544
vn 0.2441 0.2278 0.9426
vn 0.4779 -0.4528 0.7527
vn 0.6759 -0.3356 0.6562
vn 0.4948 -0.5695 0.6564
vn 0.1263 0.1902 0.9736
vn 0.2474 -0.5266 0.8133
vn 0.2440 0.2278 0.9426
vn 0.4947 -0.5695 0.6564
vn 0.2560 -0.6459 0.7192
vn 0.2890 0.1316 0.9482
vn 0.1496 0.0869 0.9849
vn 0.5179 0.0322 0.8548
vn 0.3663 -0.0575 0.9287
vn -0.0000 0.0717 0.9974
vn -0.0000 -0.1334 0.9911
vn -0.0000 -0.5518 0.8340
vn -0.0000 -0.6719 0.7407
vn -0.0000 -0.1335 0.9911
vn -0.1496 0.0870 0.9849
vn -0.0001 -0.6719 0.7407
vn -0.2474 -0.5267 0.8133
vn -0.2561 -0.6459 0.7192
vn -0.1263 0.1902 0.9736
vn -0.2474 -0.5266 0.8133
vn -0.0000 0.1773 0.9842
vn -0.2441 0.2279 0.9426
vn -0.4779 -0.4528 0.7527
vn -0.4947 -0.5695 0.6564
vn -0.3451 0.2878 0.8934
vn -0.6759 -0.3354 0.6562
vn -0.4948 -0.5695 0.6564
vn -0.6759 -0.3355 0.6562
vn -0.6996 -0.4481 0.5566
vn -0.2890 0.1316 0.9482
vn -0.4087 0.2025 0.8899
vn -0.5180 0.0324 0.8548
vn -0.5006 0.2949 0.8139
vn -0.8278 -0.1826 0.5305
vn -0.8568 -0.2898 0.4265
vn -0.5584 0.4027 0.7253
vn -0.9233 -0.0044 0.3841
vn -0.9557 -0.1054 0.2749
vn -0.4714 0.4568 0.7544
vn -0.9233 -0.0043 0.3841
vn -0.8278 -0.1825 0.5305
vn -0.4226 0.3659 0.8292
vn -0.4226 0.3658 0.8292
vn -0.4880 0.5543 0.6742
vn -0.9558 0.1866 0.2270
vn -0.9559 0.1866 0.2270
vn -0.9894 0.0924 0.1123
vn -0.4714 0.6519 0.5940
vn -0.9233 0.3777 0.0698
vn -0.4880 0.5544 0.6742
vn -0.9557 0.2902 -0.0503
vn -0.7325 0.4324 0.5258
vn -0.5781 0.5183 0.6303
vn -0.5584 0.6338 0.5353
vn -0.7076 0.2860 0.6462
vn -0.7325 0.4323 0.5259
vn -0.7075 0.5789 0.4054
vn -0.5006 0.7415 0.4468
vn -0.6343 0.7153 0.2933
vn -0.9556 0.2902 -0.0503
vn -0.8278 0.5558 -0.0766
vn -0.8569 0.4743 -0.2019
vn -0.4088 0.8340 0.3707
vn -0.8568 0.4744 -0.2019
vn -0.6759 0.7087 -0.2023
vn -0.6996 0.6327 -0.3321
vn -0.3451 0.8209 0.4550
vn -0.4227 0.7428 0.5192
vn -0.2439 0.8808 0.4058
vn -0.4779 0.8261 -0.2988
vn -0.4779 0.8260 -0.2988
vn -0.4947 0.7542 -0.4319
vn -0.1263 0.9185 0.3748
vn -0.2474 0.8998 -0.3593
vn -0.2562 0.8305 -0.4946
vn -0.2891 0.9049 0.3123
vn -0.1496 0.9495 0.2758
vn -0.1896 0.9789 0.0766
vn -0.3662 0.9224 0.1230
vn -0.0000 0.9647 0.2634
vn -0.2561 0.8305 -0.4946
vn -0.0000 0.9249 -0.3801
vn -0.0000 0.8566 -0.5160
vn 0.1496 0.9495 0.2758
vn -0.0000 0.9249 -0.3802
vn 0.2474 0.8998 -0.3595
vn 0.2561 0.8305 -0.4946
vn 0.1264 0.9185 0.3747
vn -0.0000 0.9250 -0.3801
vn -0.0000 0.9313 0.3642
vn -0.0000 0.9250 -0.3799
vn 0.2441 0.8808 0.4057
vn 0.4779 0.8260 -0.2988
vn 0.2475 0.8997 -0.3595
vn 0.4947 0.7542 -0.4318
vn 0.3451 0.8209 0.4550
vn 0.6759 0.7087 -0.2023
vn 0.4780 0.8260 -0.2988
vn 0.6996 0.6328 -0.3319
vn 0.3663 0.9223 0.1230
vn 0.2890 0.9049 0.3123
vn 0.4088 0.8340 0.3706
vn 0.1896 0.9789 0.0767
vn 0.2890 0.9050 0.3123
vn 0.3663 0.9224 0.1229
vn 0.5180 0.8324 0.1970
vn 0.5007 0.7415 0.4467
vn 0.8278 0.5558 -0.0765
vn 0.8568 0.4745 -0.2018
vn 0.6344 0.7152 0.2934
vn 0.5584 0.6338 0.5353
vn 0.7075 0.5788 0.4054
vn 0.9233 0.3777 0.0698
vn 0.9557 0.2901 -0.0503
vn 0.4714 0.6519 0.5940
vn 0.4228 0.7428 0.5192
vn 0.4226 0.7428 0.5192
vn 0.4880 0.5543 0.6742
vn 0.9559 0.1866 0.2269
vn 0.9894 0.0923 0.1123
vn 0.4715 0.4567 0.7544
vn 0.9559 0.1864 0.2269
vn 0.5780 0.5182 0.6303
vn 0.7325 0.4323 0.5258
vn 0.7325 0.4323 0.5259
vn 0.5780 0.5182 0.6304
vn 0.7076 0.2860 0.6462
vn 0.3414 0.5969 0.7260
vn 0.3298 0.5287 0.7821
vn 0.3298 0.6652 0.6699
vn 0.9624 0.2537 -0.0975
vn 0.9397 0.3414 0.0188
vn 0.9729 0.1469 0.1785
vn 0.9963 0.0545 0.0663
vn 0.9729 0.1467 0.1787
vn 0.9397 -0.0476 0.3386
vn 0.9624 -0.1447 0.2301
vn 0.5548 0.5283 0.6427
vn 0.9729 0.1469 0.1787
vn 0.5359 0.6393 0.5515
vn 0.5359 0.4175 0.7338
vn 0.9728 0.1469 0.1788
vn 0.8426 0.5226 -0.1302
vn 0.4806 0.7426 0.4665
vn 0.8628 0.4393 -0.2501
vn 0.9397 0.3414 0.0186
vn 0.4805 0.7426 0.4665
vn 0.6879 0.6783 -0.2582
vn 0.3923 0.8314 0.3936
vn 0.7045 0.5987 -0.3811
vn 0.6880 0.6782 -0.2582
vn 0.4226 0.7428 0.5193
vn 0.2956 0.7288 0.6177
vn 0.2414 0.7834 0.5727
vn 0.1707 0.8253 0.5383
vn 0.4981 0.7210 -0.4817
vn 0.4865 0.7977 -0.3564
vn 0.0884 0.8516 0.5166
vn 0.2579 0.7979 -0.5449
vn 0.2518 0.8728 -0.4181
vn 0.4864 0.7977 -0.3565
vn 0.3923 0.8314 0.3935
vn 0.2774 0.8995 0.3376
vn 0.2774 0.8995 0.3375
vn 0.4864 0.7977 -0.3564
vn 0.1436 0.9423 0.3024
vn -0.0000 0.8984 -0.4392
vn -0.0000 0.9569 0.2904
vn 0.0001 0.8241 -0.5665
vn -0.0001 0.9569 0.2904
vn -0.2518 0.8728 -0.4182
vn -0.1435 0.9423 0.3024
vn -0.2579 0.7978 -0.5449
vn -0.0000 0.8241 -0.5665
vn -0.0000 0.8606 0.5093
vn -0.0883 0.8516 0.5167
vn -0.0000 0.9313 0.3643
vn -0.1706 0.8253 0.5383
vn -0.4982 0.7210 -0.4817
vn -0.4864 0.7977 -0.3564
vn -0.2519 0.8727 -0.4183
vn -0.2413 0.7834 0.5728
vn -0.2439 0.8808 0.4059
vn -0.7045 0.5987 -0.3811
vn -0.6879 0.6783 -0.2583
vn -0.4864 0.7978 -0.3564
vn -0.2773 0.8995 0.3376
vn -0.6879 0.6783 -0.2582
vn -0.3922 0.8314 0.3936
vn -0.8425 0.5227 -0.1302
vn -0.4804 0.7426 0.4666
vn -0.8628 0.4393 -0.2501
vn -0.9397 0.3415 0.0188
vn -0.5359 0.6393 0.5515
vn -0.9624 0.2537 -0.0975
vn -0.9397 0.3415 0.0186
vn -0.2956 0.7288 0.6177
vn -0.4713 0.6519 0.5940
vn -0.3297 0.6652 0.6699
vn -0.3413 0.5969 0.7261
vn -0.9963 0.0545 0.0663
vn -0.9729 0.1469 0.1785
vn -0.9624 0.2536 -0.0975
vn -0.3297 0.5287 0.7822
vn -0.4879 0.5544 0.6742
vn -0.9624 -0.1447 0.2301
vn -0.9397 -0.0476 0.3386
vn -0.9729 0.1469 0.1787
vn -0.9729 0.1470 0.1787
vn -0.5547 0.5284 0.6427
vn -0.5358 0.4175 0.7339
vn -0.8425 -0.2288 0.4876
vn -0.4804 0.3142 0.8188
vn -0.8629 -0.3303 0.3826
vn -0.8426 -0.2288 0.4875
vn -0.6879 -0.3845 0.6156
vn -0.3922 0.2254 0.8918
vn -0.7045 -0.4897 0.5137
vn -0.8425 -0.2290 0.4876
vn -0.8628 -0.3303 0.3826
vn -0.2956 0.4651 0.8344
vn -0.2414 0.4105 0.8793
vn -0.1706 0.3686 0.9138
vn -0.4983 -0.6120 0.6142
vn -0.4864 -0.5039 0.7138
vn -0.0883 0.3423 0.9354
vn -0.2579 -0.6889 0.6775
vn -0.2518 -0.5790 0.7755
vn -0.4982 -0.6120 0.6142
vn -0.3922 0.2253 0.8919
vn -0.2774 0.1573 0.9478
vn -0.1436 0.1145 0.9830
vn -0.0001 -0.6045 0.7966
vn -0.0000 0.0999 0.9950
vn -0.0000 -0.7151 0.6990
vn -0.0000 -0.6045 0.7966
vn -0.0000 0.0998 0.9950
vn 0.2518 -0.5790 0.7755
vn 0.1436 0.1143 0.9830
vn 0.2578 -0.6889 0.6775
vn -0.0000 0.3332 0.9429
vn 0.0884 0.3422 0.9355
vn 0.1707 0.3686 0.9138
vn 0.4981 -0.6121 0.6142
vn 0.4864 -0.5039 0.7138
vn 0.2414 0.4105 0.8793
vn 0.2440 0.2280 0.9426
vn 0.7045 -0.4898 0.5136
vn 0.6879 -0.3845 0.6156
vn 0.4981 -0.6120 0.6142
vn 0.1436 0.1145 0.9830
vn 0.2774 0.1572 0.9478
vn 0.3923 0.2254 0.8918
vn 0.8425 -0.2288 0.4877
vn 0.4804 0.3141 0.8189
vn 0.8628 -0.3303 0.3826
vn 0.8425 -0.2290 0.4876
vn 0.7045 -0.4897 0.5136
vn 0.9623 -0.1447 0.2301
vn 0.8426 -0.2288 0.4875
vn 0.8629 -0.3303 0.3826
vn 0.4226 0.3658 0.8292
vn 0.2957 0.4650 0.8344
vn 0.4033 0.4936 0.7705
vn 0.3613 0.4160 0.8345
vn 0.2952 0.3491 0.8894
vn 0.8657 -0.3678 0.3396
vn 0.8533 -0.2720 0.4449
vn 0.6967 -0.4296 0.5745
vn 0.7068 -0.5277 0.4711
vn 0.9655 -0.1816 0.1865
vn 0.9517 -0.0886 0.2940
vn 0.4351 0.1647 0.8852
vn 0.5328 0.2631 0.8043
vn 0.9517 -0.0884 0.2940
vn 0.5943 0.3775 0.7101
vn 0.3076 0.0892 0.9473
vn 0.4926 -0.5505 0.6740
vn 0.4998 -0.6504 0.5720
vn 0.1592 0.0417 0.9864
vn 0.2550 -0.6266 0.7365
vn 0.4926 -0.5506 0.6740
vn 0.2550 -0.6266 0.7364
vn 0.2587 -0.7275 0.6354
vn 0.2087 0.2978 0.9315
vn 0.1081 0.2656 0.9580
vn 0.1436 0.1147 0.9830
vn -0.0000 0.2547 0.9670
vn -0.0000 -0.6525 0.7578
vn -0.0000 -0.7538 0.6571
vn -0.1080 0.2656 0.9580
vn -0.2550 -0.6265 0.7365
vn -0.2587 -0.7275 0.6354
vn -0.1592 0.0416 0.9864
vn -0.0000 0.0255 0.9997
vn 0.2549 -0.6266 0.7365
vn -0.3076 0.0892 0.9473
vn -0.4926 -0.5505 0.6740
vn -0.1592 0.0417 0.9864
vn -0.4998 -0.6504 0.5720
vn -0.4350 0.1647 0.8852
vn -0.6967 -0.4295 0.5745
vn -0.6967 -0.4297 0.5745
vn -0.7068 -0.5277 0.4711
vn -0.2087 0.2979 0.9315
vn -0.2951 0.3491 0.8894
vn -0.1436 0.1146 0.9830
vn -0.3615 0.4159 0.8345
vn -0.8533 -0.2719 0.4450
vn -0.8657 -0.3678 0.3396
vn -0.4804 0.3143 0.8188
vn -0.4032 0.4937 0.7705
vn -0.5357 0.4175 0.7339
vn -0.8533 -0.2719 0.4449
vn -0.9517 -0.0886 0.2940
vn -0.9655 -0.1815 0.1867
vn -0.5942 0.3777 0.7101
vn -0.9517 -0.0884 0.2940
vn -0.8533 -0.2717 0.4450
vn -0.5328 0.2631 0.8043
vn -0.8533 -0.2718 0.4450
vn -0.6968 -0.4295 0.5745
vn -0.6152 0.5007 0.6090
vn -0.9853 0.1086 0.1321
vn -0.9517 -0.0883 0.2940
vn -0.9518 -0.0884 0.2939
vn -0.9853 0.1084 0.1321
vn -0.9996 0.0182 0.0221
vn -0.5942 0.6237 0.5079
vn -0.9517 0.3057 -0.0299
vn -0.9853 0.1088 0.1321
vn -0.6152 0.5007 0.6089
vn -0.9517 0.3056 -0.0299
vn -0.9655 0.2181 -0.1421
vn -0.4174 0.5771 0.7019
vn -0.4032 0.6606 0.6333
vn -0.3615 0.7383 0.5694
vn -0.8533 0.4890 -0.1808
vn -0.8657 0.4043 -0.2952
vn -0.2951 0.8051 0.5145
vn -0.8533 0.4891 -0.1808
vn -0.6968 0.6467 -0.3104
vn -0.7068 0.5642 -0.4267
vn -0.4350 0.8367 0.3327
vn -0.6967 0.6468 -0.3104
vn -0.5327 0.7383 0.4136
vn -0.5328 0.7383 0.4136
vn -0.3076 0.9122 0.2707
vn -0.4926 0.7677 -0.4098
vn -0.6966 0.6469 -0.3104
vn -0.6966 0.6468 -0.3105
vn -0.4998 0.6869 -0.5276
vn -0.1592 0.9597 0.2315
vn -0.2550 0.8438 -0.4722
vn -0.2550 0.8437 -0.4724
vn -0.2587 0.7641 -0.5910
vn -0.2087 0.8563 0.4724
vn -0.1080 0.8885 0.4459
vn -0.1435 0.9423 0.3025
vn -0.0000 0.8996 0.4368
vn -0.2586 0.7641 -0.5910
vn -0.2550 0.8437 -0.4723
vn -0.0000 0.8696 -0.4937
vn -0.0000 0.7903 -0.6127
vn -0.0000 0.9569 0.2905
vn 0.1081 0.8886 0.4458
vn 0.0001 0.7903 -0.6127
vn 0.2550 0.8437 -0.4724
vn 0.2587 0.7640 -0.5910
vn 0.1593 0.9597 0.2315
vn 0.2550 0.8438 -0.4722
vn -0.0000 0.8697 -0.4937
vn -0.0000 0.9759 0.2183
vn -0.0000 0.8697 -0.4936
vn 0.3077 0.9122 0.2706
vn 0.4926 0.7678 -0.4097
vn 0.2550 0.8437 -0.4723
vn 0.2551 0.8437 -0.4723
vn 0.4926 0.7677 -0.4099
vn 0.4998 0.6869 -0.5276
vn 0.4350 0.8367 0.3327
vn 0.6967 0.6467 -0.3104
vn 0.4926 0.7677 -0.4098
vn 0.4927 0.7677 -0.4098
vn 0.6967 0.6467 -0.3105
vn 0.7068 0.5642 -0.4267
vn 0.2088 0.8564 0.4723
vn 0.2952 0.8051 0.5144
vn 0.3615 0.7383 0.5694
vn 0.6968 0.6466 -0.3104
vn 0.8533 0.4891 -0.1808
vn 0.8657 0.4043 -0.2952
vn 0.4032 0.6605 0.6333
vn 0.5358 0.6393 0.5515
vn 0.9517 0.3055 -0.0299
vn 0.9655 0.2181 -0.1421
vn 0.5942 0.6236 0.5079
vn 0.5328 0.7383 0.4136
vn 0.4351 0.8367 0.3327
vn 0.6152 0.5007 0.6090
vn 0.9853 0.1086 0.1321
vn 0.5943 0.6236 0.5079
vn 0.9996 0.0183 0.0222
vn 0.5943 0.3777 0.7101
vn 0.9852 0.1086 0.1322
vn 0.4175 0.5771 0.7019
vn 0.5359 0.4176 0.7338
vn 0.4871 0.5546 0.6746
vn 0.4705 0.4573 0.7547
vn 0.5942 0.6236 0.5080
vn 0.4705 0.6520 0.5945
vn 0.4871 0.5547 0.6746
vn 0.9636 0.1551 -0.2180
vn 0.9638 0.2418 -0.1126
vn 0.9978 0.0423 0.0515
vn 0.9976 -0.0444 -0.0540
vn 0.9638 -0.1572 0.2154
vn 0.9636 -0.2438 0.1100
vn 0.7091 0.4478 0.5447
vn 0.6849 0.5896 0.4281
vn 0.6850 0.3060 0.6612
vn 0.9638 -0.1572 0.2155
vn 0.8641 0.4276 -0.2654
vn 0.6141 0.7217 0.3194
vn 0.8639 0.3409 -0.3708
vn 0.9635 0.1551 -0.2180
vn 0.6141 0.7217 0.3193
vn 0.7055 0.5873 -0.3966
vn 0.5014 0.8351 0.2262
vn 0.7054 0.5005 -0.5020
vn 0.8641 0.4276 -0.2656
vn 0.5328 0.7383 0.4137
vn 0.4219 0.7428 0.5199
vn 0.5941 0.6237 0.5079
vn 0.3444 0.8207 0.4559
vn 0.5327 0.7383 0.4137
vn 0.3077 0.9121 0.2707
vn 0.2436 0.8804 0.4068
vn 0.4988 0.6229 -0.6027
vn 0.4989 0.7098 -0.4973
vn 0.1261 0.9181 0.3758
vn 0.2436 0.8805 0.4068
vn 0.2582 0.6999 -0.6660
vn 0.2583 0.7868 -0.5606
vn 0.3546 0.9221 0.1547
vn 0.1836 0.9769 0.1094
vn 0.1836 0.9769 0.1096
vn -0.0000 0.8130 -0.5822
vn -0.0000 0.9955 0.0943
vn -0.0000 0.7261 -0.6876
vn 0.0001 0.8130 -0.5822
vn 0.2580 0.6999 -0.6660
vn -0.0000 0.8131 -0.5821
vn -0.2582 0.7868 -0.5606
vn -0.1835 0.9769 0.1097
vn -0.2582 0.6999 -0.6659
vn -0.0000 0.9309 0.3652
vn -0.1261 0.9181 0.3758
vn -0.3075 0.9122 0.2707
vn -0.2435 0.8805 0.4067
vn -0.4988 0.6230 -0.6026
vn -0.4988 0.7098 -0.4974
vn -0.4349 0.8367 0.3328
vn -0.3445 0.8207 0.4558
vn -0.7054 0.5005 -0.5019
vn -0.7055 0.5873 -0.3967
vn -0.4989 0.7098 -0.4973
vn -0.3545 0.9222 0.1547
vn -0.7055 0.5873 -0.3966
vn -0.5014 0.8351 0.2261
vn -0.5015 0.8351 0.2262
vn -0.8641 0.4277 -0.2653
vn -0.6141 0.7217 0.3195
vn -0.8639 0.3409 -0.3707
vn -0.8641 0.4277 -0.2654
vn -0.9638 0.2418 -0.1125
vn -0.6849 0.5896 0.4281
vn -0.9636 0.1551 -0.2179
vn -0.9638 0.2418 -0.1126
vn -0.8641 0.4276 -0.2653
vn -0.4219 0.7428 0.5199
vn -0.4349 0.8367 0.3329
vn -0.4706 0.6520 0.5945
vn -0.5327 0.7383 0.4137
vn -0.4872 0.5546 0.6746
vn -0.9976 -0.0444 -0.0540
vn -0.9978 0.0423 0.0515
vn -0.4705 0.4572 0.7547
vn -0.9636 -0.2438 0.1100
vn -0.9638 -0.1572 0.2155
vn -0.7091 0.4478 0.5447
vn -0.9638 -0.1570 0.2155
vn -0.6849 0.3060 0.6613
vn -0.6849 0.3059 0.6613
vn -0.9638 -0.1571 0.2155
vn -0.8641 -0.3430 0.3683
vn -0.6141 0.1740 0.7698
vn -0.8639 -0.4297 0.2628
vn -0.9637 -0.1574 0.2155
vn -0.7055 -0.5027 0.4995
vn -0.5014 0.0605 0.8631
vn -0.7054 -0.5892 0.3940
vn -0.8641 -0.3431 0.3683
vn -0.4219 0.3665 0.8293
vn -0.4350 0.1649 0.8852
vn -0.3444 0.2886 0.8934
vn -0.2435 0.2287 0.9425
vn -0.4988 -0.7117 0.4947
vn -0.4989 -0.6252 0.6002
vn -0.7055 -0.5028 0.4995
vn -0.1261 0.1911 0.9734
vn -0.2435 0.2287 0.9426
vn -0.2582 -0.7887 0.5580
vn -0.2583 -0.7021 0.6636
vn -0.3545 -0.0265 0.9347
vn -0.3545 -0.0267 0.9347
vn -0.1835 -0.0812 0.9797
vn -0.0000 -0.7284 0.6852
vn -0.0000 -0.1000 0.9950
vn -0.0000 -0.8150 0.5795
vn -0.0000 -0.7284 0.6851
vn -0.0000 -0.0999 0.9950
vn 0.2582 -0.7022 0.6635
vn 0.1835 -0.0812 0.9797
vn 0.2582 -0.7887 0.5580
vn -0.0000 -0.7285 0.6851
vn -0.0000 0.1783 0.9840
vn 0.1261 0.1911 0.9734
vn -0.0000 0.0256 0.9997
vn 0.2436 0.2287 0.9425
vn 0.4988 -0.7117 0.4947
vn 0.4989 -0.6252 0.6002
vn 0.3445 0.2886 0.8933
vn 0.3076 0.0893 0.9473
vn 0.7054 -0.5893 0.3940
vn 0.7055 -0.5028 0.4995
vn 0.3546 -0.0265 0.9346
vn 0.3547 -0.0265 0.9346
vn 0.7055 -0.5027 0.4996
vn 0.5014 0.0604 0.8631
vn 0.5014 0.0605 0.8631
vn 0.7055 -0.5027 0.4995
vn 0.8641 -0.3431 0.3683
vn 0.6141 0.1739 0.7698
vn 0.8639 -0.4297 0.2627
vn 0.7056 -0.5027 0.4994
vn 0.6142 0.1739 0.7698
vn 0.6850 0.3059 0.6612
vn 0.9635 -0.2439 0.1100
vn 0.9637 -0.1574 0.2155
vn 0.4218 0.3665 0.8293
vn 0.4351 0.1648 0.8852
vn 0.5942 0.3777 0.7101
vn 0.5778 0.3894 0.7173
vn 0.5181 0.2779 0.8089
vn 0.4230 0.1822 0.8876
vn 0.8296 -0.1880 0.5257
vn 0.7733 -0.0591 0.6313
vn 0.6314 -0.2018 0.7487
vn 0.6775 -0.3411 0.6516
vn 0.9253 -0.0093 0.3791
vn 0.8625 0.1074 0.4945
vn 0.7733 -0.0590 0.6313
vn 0.8625 0.1074 0.4946
vn 0.5932 0.3784 0.7106
vn 0.5319 0.2640 0.8046
vn 0.4343 0.1659 0.8853
vn 0.6314 -0.2018 0.7488
vn 0.8929 0.2859 0.3479
vn 0.6141 0.5012 0.6096
vn 0.9580 0.1822 0.2216
vn 0.8929 0.2859 0.3478
vn 0.9253 0.3737 0.0642
vn 0.8625 0.4644 0.2010
vn 0.5932 0.6240 0.5087
vn 0.8929 0.2860 0.3478
vn 0.5778 0.6285 0.5207
vn 0.5982 0.5089 0.6190
vn 0.6141 0.7217 0.3195
vn 0.5181 0.7399 0.4291
vn 0.8296 0.5522 -0.0825
vn 0.7733 0.6308 0.0642
vn 0.8625 0.4644 0.2008
vn 0.5014 0.8351 0.2263
vn 0.4230 0.8356 0.3504
vn 0.6774 0.7054 -0.2086
vn 0.6314 0.7736 -0.0532
vn 0.4343 0.8366 0.3339
vn 0.5319 0.7384 0.4146
vn 0.7733 0.6308 0.0644
vn 0.4464 0.8833 -0.1434
vn 0.3071 0.9120 0.2718
vn 0.4342 0.8367 0.3339
vn 0.4790 0.8230 -0.3053
vn 0.2311 0.9522 -0.2000
vn 0.1590 0.9594 0.2329
vn 0.2479 0.8970 -0.3659
vn 0.2312 0.9521 -0.2000
vn 0.2991 0.9091 0.2900
vn 0.4230 0.8357 0.3504
vn 0.1549 0.9553 0.2520
vn -0.0000 0.9710 0.2390
vn -0.0000 0.9222 -0.3867
vn -0.0000 0.9756 -0.2193
vn -0.1548 0.9553 0.2520
vn -0.0000 0.9955 0.0945
vn -0.2479 0.8970 -0.3660
vn -0.2311 0.9521 -0.2001
vn -0.2311 0.9522 -0.2000
vn -0.1589 0.9594 0.2329
vn -0.0000 0.9756 0.2196
vn -0.0000 0.9757 -0.2193
vn -0.0000 0.9756 0.2195
vn -0.4465 0.8833 -0.1433
vn -0.3070 0.9120 0.2719
vn -0.1590 0.9594 0.2329
vn -0.2311 0.9522 -0.1998
vn -0.4790 0.8231 -0.3052
vn -0.4465 0.8832 -0.1435
vn -0.6313 0.7737 -0.0533
vn -0.4342 0.8367 0.3337
vn -0.3071 0.9120 0.2719
vn -0.4465 0.8833 -0.1431
vn -0.6774 0.7055 -0.2085
vn -0.6313 0.7737 -0.0534
vn -0.4465 0.8832 -0.1433
vn -0.4791 0.8230 -0.3052
vn -0.2991 0.9091 0.2900
vn -0.1835 0.9769 0.1098
vn -0.5014 0.8351 0.2262
vn -0.4230 0.8356 0.3504
vn -0.6140 0.7217 0.3195
vn -0.5180 0.7400 0.4291
vn -0.8296 0.5522 -0.0826
vn -0.7733 0.6308 0.0642
vn -0.6314 0.7736 -0.0533
vn -0.5778 0.6285 0.5207
vn -0.9253 0.3737 0.0641
vn -0.8625 0.4645 0.2010
vn -0.8624 0.4646 0.2010
vn -0.5932 0.6240 0.5087
vn -0.5319 0.7384 0.4146
vn -0.5318 0.7384 0.4146
vn -0.4342 0.8367 0.3339
vn -0.6314 0.7737 -0.0533
vn -0.8929 0.2860 0.3478
vn -0.6142 0.5012 0.6096
vn -0.9580 0.1822 0.2216
vn -0.8929 0.2859 0.3478
vn -0.8625 0.4644 0.2010
vn -0.8625 0.1076 0.4945
vn -0.5931 0.3785 0.7106
vn -0.9253 -0.0093 0.3791
vn -0.8625 0.1074 0.4945
vn -0.7090 0.4479 0.5447
vn -0.5982 0.5089 0.6190
vn -0.5778 0.3894 0.7173
vn -0.6141 0.1741 0.7698
vn -0.5180 0.2779 0.8090
vn -0.8296 -0.1877 0.5259
vn -0.7733 -0.0589 0.6313
vn -0.4230 0.1822 0.8876
vn -0.6774 -0.3409 0.6519
vn -0.6315 -0.2018 0.7487
vn -0.6314 -0.2018 0.7488
vn -0.4342 0.1659 0.8854
vn -0.5318 0.2641 0.8046
vn -0.7732 -0.0589 0.6314
vn -0.5319 0.2641 0.8046
vn -0.5931 0.3784 0.7106
vn -0.4465 -0.3112 0.8389
vn -0.3070 0.0904 0.9474
vn -0.4342 0.1657 0.8854
vn -0.6313 -0.2018 0.7489
vn -0.4790 -0.4585 0.7486
vn -0.4465 -0.3114 0.8388
vn -0.2311 -0.3803 0.8955
vn -0.1589 0.0430 0.9864
vn -0.3070 0.0902 0.9474
vn -0.4465 -0.3114 0.8389
vn -0.2479 -0.5325 0.8093
vn -0.4465 -0.3115 0.8388
vn -0.3545 -0.0264 0.9347
vn -0.2991 0.1087 0.9480
vn -0.1548 0.0626 0.9860
vn -0.0000 0.0469 0.9989
vn -0.0000 -0.5577 0.8300
vn -0.0000 -0.4039 0.9148
vn 0.1835 -0.0811 0.9797
vn 0.1548 0.0627 0.9860
vn 0.2478 -0.5325 0.8093
vn 0.2311 -0.3804 0.8955
vn 0.2311 -0.3803 0.8955
vn 0.1590 0.0430 0.9863
vn -0.0000 0.0269 0.9996
vn -0.0000 -0.4038 0.9149
vn -0.0000 -0.4037 0.9149
vn 0.4464 -0.3114 0.8389
vn 0.3071 0.0904 0.9474
vn 0.1590 0.0429 0.9863
vn 0.4790 -0.4586 0.7485
vn 0.4465 -0.3114 0.8389
vn 0.2479 -0.5325 0.8093
vn 0.6313 -0.2018 0.7488
vn 0.4342 0.1659 0.8854
vn 0.4465 -0.3112 0.8389
vn 0.4466 -0.3114 0.8388
vn 0.2991 0.1088 0.9480
vn 0.3546 -0.0263 0.9346
vn 0.0367 0.5843 0.8107
vn 0.0312 0.5404 0.8408
vn 0.0853 0.5645 0.8210
vn 0.5318 0.2640 0.8047
vn 0.0635 0.6051 0.7936
vn 0.0853 0.5646 0.8210
vn -0.0000 0.6351 0.7724
vn 0.0853 0.5646 0.8209
vn 0.1165 0.6063 0.7866
vn 0.0733 0.6334 0.7704
vn -0.0000 0.6355 0.7721
vn 0.1164 0.6546 0.7470
vn 0.0635 0.6617 0.7471
vn 0.0001 0.6350 0.7725
vn -0.0000 0.6900 0.7238
vn -0.0312 0.7204 0.6929
vn -0.0366 0.6824 0.7301
vn 0.0004 0.6350 0.7725
vn 0.0366 0.6824 0.7301
vn 0.0312 0.7204 0.6929
vn -0.0004 0.6350 0.7725
vn -0.0732 0.6334 0.7704
vn -0.1165 0.6064 0.7866
vn -0.0635 0.6051 0.7936
vn -0.0000 0.6352 0.7723
vn -0.0000 0.6350 0.7725
vn -0.0634 0.6617 0.7471
vn -0.1165 0.6546 0.7470
vn -0.0000 0.5768 0.8169
vn 0.0312 0.5405 0.8408
vn 0.0003 0.6353 0.7723
vn -0.0003 0.6354 0.7722
vn -0.0366 0.5844 0.8107
vn -0.0312 0.5405 0.8408
vn -0.0002 0.6351 0.7724
vn -0.0852 0.5646 0.8210
vn -0.0852 0.6963 0.7127
vn 0.0853 0.6963 0.7127
vn 0.0002 0.6347 0.7727
vn 0.4342 0.8366 0.3339
vn 0.0854 0.6963 0.7126
vn 0.0637 0.6617 0.7471
vn 0.1165 0.6547 0.7469
vn 0.3071 0.9120 0.2720
vn 0.0853 0.6963 0.7126
vn 0.4342 0.8366 0.3340
vn 0.1165 0.6546 0.7470
vn 0.0734 0.6334 0.7703
vn 0.1590 0.9594 0.2331
vn 0.0312 0.7205 0.6927
vn 0.0366 0.6824 0.7300
vn -0.4341 0.8367 0.3339
vn -0.3070 0.9120 0.2720
vn -0.3070 0.9120 0.2721
vn -0.0366 0.6825 0.7300
vn -0.0312 0.7204 0.6928
vn -0.0635 0.6617 0.7471
vn -0.1589 0.9594 0.2330
vn -0.0312 0.7205 0.6928
vn -0.1165 0.6546 0.7469
vn -0.5318 0.7384 0.4147
vn -0.6141 0.5013 0.6096
vn -0.0732 0.6334 0.7703
vn -0.5318 0.2642 0.8046
vn -0.0637 0.6051 0.7936
vn -0.3070 0.0906 0.9474
vn -0.1167 0.6064 0.7866
vn -0.6141 0.5012 0.6096
vn -0.1589 0.0431 0.9864
vn -0.0312 0.5404 0.8408
vn -0.0366 0.5843 0.8107
vn -0.3070 0.0905 0.9474
vn 0.5931 0.3784 0.7107
vt 0.131045 0.317894
vt 0.138440 0.317894
vt 0.138440 0.282558
vt 0.131045 0.282558
vt 0.123650 0.317894
vt 0.123650 0.282558
vt 0.080977 0.175102
vt 0.076878 0.182219
vt 0.088042 0.190533
vt 0.093918 0.180244
vt 0.083096 0.167163
vt 0.096933 0.168784
vt 0.083089 0.158941
vt 0.096885 0.156932
vt 0.116255 0.317894
vt 0.116255 0.282558
vt 0.108860 0.317894
vt 0.108860 0.282558
vt 0.080952 0.150995
vt 0.093782 0.145488
vt 0.101464 0.317894
vt 0.101464 0.282558
vt 0.076824 0.143862
vt 0.087837 0.135218
vt 0.094069 0.317894
vt 0.094069 0.282558
vt 0.070967 0.138023
vt 0.079455 0.126829
vt 0.086674 0.317894
vt 0.086674 0.282558
vt 0.063757 0.133952
vt 0.069116 0.121013
vt 0.079279 0.317894
vt 0.079279 0.282558
vt 0.055768 0.131889
vt 0.057625 0.118052
vt 0.071884 0.317894
vt 0.071884 0.282558
vt 0.047536 0.131960
vt 0.045773 0.118139
vt 0.064489 0.317894
vt 0.064489 0.282558
vt 0.039616 0.134155
vt 0.034352 0.121272
vt 0.057094 0.317894
vt 0.057094 0.282558
vt 0.032541 0.138320
vt 0.024132 0.127244
vt 0.049699 0.317894
vt 0.049699 0.282558
vt 0.026791 0.144172
vt 0.015806 0.135653
vt 0.042304 0.317894
vt 0.042304 0.282558
vt 0.022756 0.151311
vt 0.009943 0.145929
vt 0.034908 0.317894
vt 0.034908 0.282558
vt 0.020710 0.159251
vt 0.006942 0.157373
vt 0.027513 0.317894
vt 0.027513 0.282558
vt 0.020794 0.167447
vt 0.007010 0.169203
vt 0.020118 0.317894
vt 0.020118 0.282558
vt 0.022999 0.175337
vt 0.010138 0.180610
vt 0.012723 0.317894
vt 0.012723 0.282558
vt 0.027147 0.182415
vt 0.016112 0.190815
vt 0.005328 0.317894
vt 0.005328 0.282558
vt 0.032967 0.188169
vt 0.024531 0.199107
vt 0.175416 0.317894
vt 0.182811 0.317894
vt 0.182811 0.282558
vt 0.175416 0.282558
vt 0.040041 0.192207
vt 0.034826 0.204925
vt 0.168020 0.317894
vt 0.168020 0.282558
vt 0.047907 0.194286
vt 0.046239 0.207998
vt 0.160625 0.317894
vt 0.160625 0.282558
vt 0.056072 0.194266
vt 0.058052 0.207992
vt 0.153230 0.317894
vt 0.153230 0.282558
vt 0.063980 0.192139
vt 0.069470 0.204903
vt 0.145835 0.317894
vt 0.145835 0.282558
vt 0.071080 0.188030
vt 0.079702 0.198945
vt 0.070533 0.207489
vt 0.081401 0.201168
vt 0.090260 0.192239
vt 0.287374 0.127719
vt 0.286187 0.129245
vt 0.296886 0.140206
vt 0.298439 0.139053
vt 0.304214 0.153631
vt 0.306009 0.152934
vt 0.273736 0.119753
vt 0.272990 0.121529
vt 0.058404 0.210762
vt 0.258581 0.115571
vt 0.258319 0.117458
vt 0.045858 0.210762
vt 0.242853 0.115465
vt 0.243096 0.117377
vt 0.033755 0.207501
vt 0.227607 0.119590
vt 0.228353 0.121381
vt 0.022839 0.201325
vt 0.214067 0.127495
vt 0.215239 0.129004
vt 0.013900 0.192517
vt 0.203093 0.138565
vt 0.204609 0.139716
vt 0.007559 0.181680
vt 0.195346 0.152053
vt 0.197105 0.152772
vt 0.004241 0.169568
vt 0.191381 0.167074
vt 0.193263 0.167314
vt 0.004173 0.157009
vt 0.191388 0.182584
vt 0.193266 0.182332
vt 0.007362 0.144860
vt 0.195408 0.197548
vt 0.197140 0.196827
vt 0.013591 0.133951
vt 0.203184 0.210923
vt 0.204682 0.209773
vt 0.022432 0.125026
vt 0.214130 0.221802
vt 0.215279 0.220309
vt 0.033282 0.118690
vt 0.227473 0.229503
vt 0.228199 0.227751
vt 0.045405 0.115367
vt 0.242316 0.233445
vt 0.242556 0.231591
vt 0.057982 0.115276
vt 0.257539 0.233445
vt 0.257308 0.231601
vt 0.070175 0.118419
vt 0.272254 0.229744
vt 0.271569 0.228014
vt 0.081162 0.124606
vt 0.285647 0.222399
vt 0.284537 0.220893
vt 0.090071 0.133523
vt 0.296721 0.211794
vt 0.295256 0.210615
vt 0.096374 0.144425
vt 0.304842 0.198668
vt 0.303113 0.197901
vt 0.099661 0.156573
vt 0.309241 0.183780
vt 0.307363 0.183487
vt 0.099707 0.169154
vt 0.309667 0.168192
vt 0.307766 0.168396
vt 0.096503 0.181318
vt 0.295781 0.156860
vt 0.298853 0.169302
vt 0.298544 0.182044
vt 0.292751 0.158053
vt 0.295634 0.169659
vt 0.295343 0.181559
vt 0.293688 0.169874
vt 0.290913 0.158776
vt 0.293399 0.181265
vt 0.286937 0.147576
vt 0.285357 0.148754
vt 0.289549 0.145640
vt 0.278612 0.138945
vt 0.277392 0.140493
vt 0.280637 0.136378
vt 0.269525 0.129742
vt 0.268205 0.132869
vt 0.257076 0.126516
vt 0.256650 0.129632
vt 0.267430 0.134697
vt 0.256388 0.131593
vt 0.244670 0.129621
vt 0.244929 0.131572
vt 0.244251 0.126283
vt 0.233098 0.132716
vt 0.233849 0.134540
vt 0.231854 0.129697
vt 0.220758 0.136071
vt 0.222728 0.138641
vt 0.211743 0.145107
vt 0.214307 0.147081
vt 0.223914 0.140204
vt 0.215864 0.148282
vt 0.208316 0.157357
vt 0.210113 0.158099
vt 0.205343 0.156126
vt 0.205317 0.168842
vt 0.207261 0.169098
vt 0.202116 0.168417
vt 0.202071 0.181118
vt 0.205262 0.180708
vt 0.205303 0.193399
vt 0.208267 0.192176
vt 0.207195 0.180455
vt 0.210060 0.191428
vt 0.214222 0.202400
vt 0.215759 0.201208
vt 0.211676 0.204353
vt 0.222593 0.210721
vt 0.223775 0.209177
vt 0.220635 0.213260
vt 0.231533 0.219597
vt 0.232766 0.216654
vt 0.243673 0.222902
vt 0.244096 0.219762
vt 0.233512 0.214872
vt 0.244357 0.217850
vt 0.255808 0.219829
vt 0.255568 0.217908
vt 0.256179 0.222876
vt 0.267148 0.216948
vt 0.266435 0.215155
vt 0.268307 0.219898
vt 0.279323 0.213868
vt 0.277439 0.211300
vt 0.288466 0.205146
vt 0.285951 0.203130
vt 0.276296 0.209744
vt 0.284433 0.201902
vt 0.292122 0.193005
vt 0.290342 0.192220
vt 0.295062 0.194291
vt 0.291027 0.180907
vt 0.288110 0.191246
vt 0.282574 0.200412
vt 0.284166 0.189518
vt 0.279253 0.197761
vt 0.286931 0.180283
vt 0.277956 0.196733
vt 0.282659 0.188856
vt 0.285280 0.180034
vt 0.271402 0.203107
vt 0.272377 0.204424
vt 0.274854 0.207786
vt 0.263425 0.207521
vt 0.264033 0.209047
vt 0.265562 0.212930
vt 0.255286 0.215523
vt 0.254798 0.211469
vt 0.244681 0.215495
vt 0.245267 0.211255
vt 0.245489 0.209634
vt 0.254598 0.209831
vt 0.236695 0.207272
vt 0.236070 0.208794
vt 0.234444 0.212662
vt 0.228760 0.202716
vt 0.227751 0.204032
vt 0.225252 0.207270
vt 0.217672 0.199745
vt 0.221014 0.197189
vt 0.212278 0.190515
vt 0.216268 0.188873
vt 0.217784 0.188242
vt 0.222326 0.196185
vt 0.215423 0.179389
vt 0.213782 0.179609
vt 0.209589 0.180151
vt 0.215441 0.170195
vt 0.213784 0.169972
vt 0.209670 0.169423
vt 0.212338 0.159021
vt 0.216330 0.160685
vt 0.217757 0.149740
vt 0.221143 0.152343
vt 0.222467 0.153353
vt 0.217854 0.161320
vt 0.228989 0.146831
vt 0.227970 0.145515
vt 0.225410 0.142157
vt 0.236990 0.142169
vt 0.236348 0.140616
vt 0.234767 0.136774
vt 0.245240 0.134019
vt 0.245772 0.138221
vt 0.256059 0.133975
vt 0.255458 0.138328
vt 0.255232 0.139980
vt 0.245980 0.139876
vt 0.264193 0.142350
vt 0.264850 0.140803
vt 0.266477 0.136958
vt 0.272132 0.147167
vt 0.273162 0.145854
vt 0.275882 0.142410
vt 0.283397 0.150211
vt 0.279963 0.152756
vt 0.288643 0.159673
vt 0.284671 0.161236
vt 0.283120 0.161850
vt 0.278629 0.153758
vt 0.285390 0.170801
vt 0.287037 0.170613
vt 0.291236 0.170149
vt 0.281515 0.171259
vt 0.281391 0.179466
vt 0.279526 0.163275
vt 0.275960 0.164692
vt 0.277714 0.171695
vt 0.277612 0.178899
vt 0.276272 0.171870
vt 0.274611 0.165237
vt 0.276178 0.178685
vt 0.272417 0.158395
vt 0.271259 0.159271
vt 0.275462 0.156121
vt 0.267354 0.153233
vt 0.266456 0.154384
vt 0.269736 0.150209
vt 0.262638 0.146012
vt 0.261149 0.149517
vt 0.254698 0.143809
vt 0.254166 0.147622
vt 0.260583 0.150849
vt 0.253964 0.149068
vt 0.246927 0.147534
vt 0.247115 0.148970
vt 0.246451 0.143756
vt 0.239954 0.149410
vt 0.240510 0.150754
vt 0.238507 0.145865
vt 0.231373 0.149933
vt 0.233684 0.152971
vt 0.225528 0.155708
vt 0.228555 0.158044
vt 0.234563 0.154121
vt 0.229704 0.158926
vt 0.224923 0.164265
vt 0.226253 0.164820
vt 0.221461 0.162823
vt 0.222964 0.171207
vt 0.224407 0.171394
vt 0.219300 0.170717
vt 0.219274 0.178903
vt 0.223040 0.178411
vt 0.221328 0.186796
vt 0.224930 0.185317
vt 0.224470 0.178212
vt 0.226252 0.184765
vt 0.228452 0.191542
vt 0.229594 0.190671
vt 0.225428 0.193844
vt 0.233500 0.196597
vt 0.234386 0.195463
vt 0.231177 0.199592
vt 0.238183 0.203699
vt 0.239658 0.200212
vt 0.246011 0.205877
vt 0.246534 0.202132
vt 0.240227 0.198891
vt 0.246744 0.200710
vt 0.253676 0.202245
vt 0.253508 0.200823
vt 0.254127 0.205950
vt 0.260607 0.200484
vt 0.260062 0.199144
vt 0.261966 0.203904
vt 0.269119 0.200040
vt 0.266806 0.196930
vt 0.274946 0.194340
vt 0.271944 0.191955
vt 0.265950 0.195787
vt 0.270809 0.191057
vt 0.275624 0.185805
vt 0.274301 0.185231
vt 0.279079 0.187301
vt 0.272755 0.178177
vt 0.271164 0.183861
vt 0.268153 0.188950
vt 0.268158 0.182559
vt 0.265570 0.186901
vt 0.269523 0.177698
vt 0.264623 0.186163
vt 0.267054 0.182093
vt 0.268339 0.177527
vt 0.261235 0.189468
vt 0.261952 0.190427
vt 0.263900 0.193039
vt 0.257124 0.191792
vt 0.257569 0.192901
vt 0.258796 0.195981
vt 0.253100 0.197456
vt 0.252700 0.194130
vt 0.247220 0.197356
vt 0.247669 0.194100
vt 0.247834 0.192911
vt 0.252551 0.192957
vt 0.243272 0.191685
vt 0.242804 0.192788
vt 0.241579 0.195689
vt 0.239210 0.189248
vt 0.238478 0.190196
vt 0.236465 0.192779
vt 0.232343 0.188582
vt 0.234938 0.186615
vt 0.229400 0.183484
vt 0.232423 0.182248
vt 0.233527 0.181786
vt 0.235885 0.185885
vt 0.232309 0.177217
vt 0.231121 0.177371
vt 0.227832 0.177782
vt 0.232389 0.172476
vt 0.231200 0.172313
vt 0.227811 0.171849
vt 0.229450 0.166159
vt 0.232483 0.167430
vt 0.232428 0.161047
vt 0.235051 0.163063
vt 0.236008 0.163802
vt 0.233584 0.167890
vt 0.239356 0.160421
vt 0.238626 0.159469
vt 0.236637 0.156864
vt 0.243484 0.158038
vt 0.243022 0.156915
vt 0.241808 0.153940
vt 0.247543 0.152376
vt 0.247952 0.155696
vt 0.253485 0.152490
vt 0.253038 0.155705
vt 0.252874 0.156913
vt 0.248103 0.156880
vt 0.257462 0.158211
vt 0.257922 0.157108
vt 0.259235 0.154019
vt 0.261585 0.160598
vt 0.262329 0.159635
vt 0.264318 0.157101
vt 0.268477 0.161346
vt 0.265866 0.163293
vt 0.271403 0.166502
vt 0.268345 0.167718
vt 0.267230 0.168170
vt 0.264907 0.164018
vt 0.268391 0.172779
vt 0.269591 0.172637
vt 0.272882 0.172258
vt 0.265556 0.173114
vt 0.265490 0.177118
vt 0.264552 0.169234
vt 0.262023 0.170238
vt 0.262841 0.173426
vt 0.262803 0.176717
vt 0.261920 0.173543
vt 0.261165 0.170590
vt 0.261884 0.176591
vt 0.260407 0.167373
vt 0.259669 0.167933
vt 0.262582 0.165755
vt 0.258105 0.165016
vt 0.257537 0.165749
vt 0.259802 0.162871
vt 0.256332 0.160869
vt 0.255274 0.163342
vt 0.252463 0.159798
vt 0.252094 0.162434
vt 0.254911 0.164191
vt 0.251965 0.163371
vt 0.248788 0.162461
vt 0.248910 0.163375
vt 0.248446 0.159687
vt 0.245597 0.163272
vt 0.245951 0.164129
vt 0.244572 0.160731
vt 0.241119 0.162739
vt 0.242743 0.164892
vt 0.238292 0.165575
vt 0.240383 0.167197
vt 0.243299 0.165629
vt 0.241129 0.167774
vt 0.238764 0.170066
vt 0.239609 0.170420
vt 0.236222 0.168996
vt 0.237862 0.173228
vt 0.238795 0.173355
vt 0.235226 0.172868
vt 0.235125 0.176868
vt 0.237892 0.176520
vt 0.236183 0.180713
vt 0.238705 0.179693
vt 0.238803 0.176397
vt 0.239558 0.179340
vt 0.240319 0.182541
vt 0.241053 0.181986
vt 0.238174 0.184159
vt 0.242606 0.184898
vt 0.243182 0.184158
vt 0.241008 0.186959
vt 0.244410 0.189005
vt 0.245450 0.186530
vt 0.248233 0.190094
vt 0.248601 0.187383
vt 0.245805 0.185684
vt 0.248731 0.186470
vt 0.251870 0.187377
vt 0.251759 0.186462
vt 0.252208 0.190147
vt 0.255045 0.186592
vt 0.254698 0.185736
vt 0.256057 0.189142
vt 0.259508 0.187161
vt 0.257894 0.184995
vt 0.262376 0.184395
vt 0.260239 0.182702
vt 0.257344 0.184261
vt 0.259506 0.182127
vt 0.261915 0.179877
vt 0.261062 0.179519
vt 0.264394 0.180951
vt 0.259656 0.176270
vt 0.258992 0.178632
vt 0.257741 0.180743
vt 0.257751 0.178100
vt 0.256680 0.179907
vt 0.258318 0.176076
vt 0.256933 0.175864
vt 0.256472 0.177536
vt 0.255587 0.179032
vt 0.258341 0.173973
vt 0.256947 0.174126
vt 0.259685 0.173814
vt 0.259075 0.171433
vt 0.257817 0.171935
vt 0.256511 0.172445
vt 0.257869 0.169290
vt 0.256783 0.170101
vt 0.256149 0.167531
vt 0.255310 0.168597
vt 0.254435 0.169692
vt 0.255651 0.170933
vt 0.253495 0.167528
vt 0.252934 0.168820
vt 0.254029 0.166278
vt 0.251461 0.166963
vt 0.251263 0.168367
vt 0.251654 0.165618
vt 0.249190 0.165601
vt 0.249352 0.166950
vt 0.246802 0.166206
vt 0.247321 0.167490
vt 0.247857 0.168773
vt 0.249536 0.168339
vt 0.245485 0.168508
vt 0.246335 0.169625
vt 0.244677 0.167444
vt 0.244003 0.170002
vt 0.245113 0.170862
vt 0.242907 0.169154
vt 0.241680 0.171289
vt 0.242932 0.171815
vt 0.241032 0.173660
vt 0.242374 0.173842
vt 0.243763 0.174020
vt 0.244228 0.172348
vt 0.242361 0.175944
vt 0.243747 0.175756
vt 0.241023 0.176114
vt 0.242891 0.177978
vt 0.244181 0.177437
vt 0.241642 0.178490
vt 0.242850 0.180625
vt 0.243927 0.179805
vt 0.244572 0.182371
vt 0.245401 0.181301
vt 0.246249 0.180188
vt 0.245034 0.178949
vt 0.247211 0.182363
vt 0.247744 0.181071
vt 0.246687 0.183608
vt 0.249233 0.182922
vt 0.249416 0.181540
vt 0.249048 0.184251
vt 0.251488 0.184252
vt 0.251328 0.182951
vt 0.253855 0.183657
vt 0.253354 0.182412
vt 0.252841 0.181113
vt 0.251158 0.181570
vt 0.255181 0.181379
vt 0.254353 0.180255
vt 0.255989 0.182458
vt 0.253545 0.179189
vt 0.252335 0.179875
vt 0.254533 0.178210
vt 0.255240 0.177014
vt 0.250344 0.174941
vt 0.255610 0.175673
vt 0.255620 0.174284
vt 0.255271 0.172941
vt 0.254585 0.171737
vt 0.249696 0.169665
vt 0.248351 0.170013
vt 0.247147 0.170697
vt 0.252417 0.170050
vt 0.251083 0.169682
vt 0.245072 0.175587
vt 0.245417 0.176931
vt 0.246098 0.178140
vt 0.245459 0.172865
vt 0.245086 0.174200
vt 0.250991 0.180232
vt 0.248263 0.179839
vt 0.249600 0.180215
vt 0.247068 0.179132
vt 0.246163 0.171670
vt 0.253615 0.170747
s 1
f 1/1/1 2/2/2 3/3/2
f 1/1/1 3/3/2 4/4/1
f 5/5/3 6/1/1 7/4/1
f 5/5/3 7/4/1 8/6/3
f 9/7/4 10/8/5 11/9/5
f 9/7/4 11/9/5 12/10/4
f 13/11/6 14/7/4 15/10/4
f 13/11/6 15/10/4 16/12/6
f 17/13/7 18/11/6 19/12/6
f 17/13/7 19/12/6 20/14/7
f 21/15/8 22/5/3 23/6/3
f 21/15/8 23/6/3 24/16/8
f 25/17/9 26/15/8 27/16/10
f 25/17/9 27/16/10 28/18/9
f 29/19/11 30/13/7 31/14/7
f 29/19/11 31/14/7 32/20/11
f 33/21/12 34/17/9 35/18/9
f 33/21/12 35/18/9 36/22/12
f 37/23/13 38/19/11 39/20/11
f 37/23/13 39/20/11 40/24/13
f 41/25/14 42/21/12 43/22/12
f 41/25/14 43/22/12 44/26/14
f 45/27/15 46/23/13 47/24/13
f 45/27/15 47/24/13 48/28/15
f 49/29/16 50/25/14 51/26/14
f 49/29/16 51/26/14 52/30/16
f 53/31/17 54/27/15 55/28/15
f 53/31/17 55/28/15 56/32/17
f 57/33/18 58/29/16 59/30/16
f 57/33/18 59/30/16 60/34/19
f 61/35/20 62/31/17 63/32/17
f 61/35/20 63/32/17 64/36/20
f 65/37/21 66/33/18 67/34/18
f 65/37/21 67/34/18 68/38/21
f 69/39/22 70/35/20 71/36/20
f 69/39/22 71/36/20 72/40/22
f 73/41/23 74/37/24 75/38/25
f 73/41/23 75/38/25 76/42/23
f 77/43/26 78/39/22 79/40/22
f 77/43/26 79/40/22 80/44/26
f 81/45/27 82/41/28 83/42/28
f 81/45/27 83/42/28 84/46/27
f 85/47/29 86/43/26 87/44/26
f 85/47/29 87/44/26 88/48/29
f 89/49/30 90/45/31 91/46/31
f 89/49/30 91/46/31 92/50/30
f 93/51/32 94/47/29 95/48/29
f 93/51/32 95/48/29 96/52/32
f 97/53/33 98/49/30 99/50/30
f 97/53/33 99/50/30 100/54/33
f 101/55/34 102/51/32 103/52/32
f 101/55/34 103/52/32 104/56/34
f 105/57/35 106/53/33 107/54/33
f 105/57/35 107/54/33 108/58/35
f 109/59/36 110/55/34 111/56/34
f 109/59/36 111/56/34 112/60/36
f 113/61/37 114/57/35 115/58/35
f 113/61/37 115/58/35 116/62/37
f 117/63/38 118/59/36 119/60/36
f 117/63/38 119/60/36 120/64/38
f 121/65/39 122/61/37 123/62/37
f 121/65/39 123/62/37 124/66/39
f 125/67/40 126/63/38 127/64/38
f 125/67/40 127/64/38 128/68/40
f 129/69/41 130/65/39 131/66/39
f 129/69/41 131/66/39 132/70/41
f 133/71/42 134/67/40 135/68/40
f 133/71/42 135/68/40 136/72/42
f 137/73/43 138/69/41 139/70/41
f 137/73/43 139/70/41 140/74/43
f 141/75/44 142/71/42 143/72/42
f 141/75/44 143/72/42 144/76/44
f 145/77/45 146/78/43 147/79/43
f 145/77/45 147/79/43 148/80/45
f 149/81/46 150/75/44 151/76/44
f 149/81/46 151/76/44 152/82/46
f 153/83/47 154/77/45 155/80/45
f 153/83/47 155/80/45 156/84/47
f 157/85/48 158/81/46 159/82/46
f 157/85/48 159/82/46 160/86/48
f 161/87/49 162/83/47 163/84/47
f 161/87/49 163/84/47 164/88/50
f 165/89/51 166/85/48 167/86/48
f 165/89/51 167/86/48 168/90/51
f 169/91/52 170/87/53 171/88/54
f 169/91/52 171/88/54 172/92/52
f 173/93/55 174/89/51 175/90/51
f 173/93/55 175/90/51 176/94/55
f 177/95/56 178/91/52 179/92/52
f 177/95/56 179/92/52 180/96/56
f 181/97/57 182/93/55 183/94/55
f 181/97/57 183/94/55 184/98/57
f 185/2/2 186/95/58 187/96/58
f 185/2/2 187/96/58 188/3/59
f 189/8/5 190/97/57 191/98/57
f 189/8/5 191/98/57 192/9/5
f 193/98/60 194/94/61 195/99/62
f 193/98/60 195/99/62 196/100/63
f 197/9/64 198/98/60 199/100/65
f 197/9/64 199/100/65 200/101/66
f 201/102/67 202/103/68 203/104/69
f 201/102/67 203/104/69 204/105/70
f 205/105/70 206/104/69 207/106/71
f 205/105/70 207/106/71 208/107/66
f 209/108/72 210/109/73 211/103/74
f 209/108/72 211/103/74 212/102/67
f 213/94/61 214/90/75 215/110/72
f 213/94/61 215/110/72 216/99/67
f 217/111/76 218/112/77 219/109/78
f 217/111/76 219/109/78 220/108/72
f 221/90/75 222/86/79 223/113/76
f 221/90/75 223/113/76 224/110/80
f 225/114/81 226/115/82 227/112/83
f 225/114/81 227/112/83 228/111/76
f 229/86/79 230/82/84 231/116/81
f 229/86/79 231/116/81 232/113/76
f 233/117/85 234/118/86 235/115/82
f 233/117/85 235/115/82 236/114/81
f 237/82/84 238/76/87 239/119/85
f 237/82/84 239/119/85 240/116/88
f 241/120/89 242/121/90 243/118/91
f 241/120/89 243/118/91 244/117/85
f 245/76/92 246/72/93 247/122/89
f 245/76/92 247/122/89 248/119/85
f 249/123/94 250/124/95 251/121/96
f 249/123/94 251/121/96 252/120/89
f 253/72/93 254/68/97 255/125/94
f 253/72/93 255/125/94 256/122/89
f 257/126/98 258/127/99 259/124/100
f 257/126/98 259/124/100 260/123/94
f 261/68/97 262/64/101 263/128/98
f 261/68/97 263/128/98 264/125/94
f 265/129/102 266/130/103 267/127/99
f 265/129/102 267/127/99 268/126/104
f 269/64/101 270/60/105 271/131/102
f 269/64/101 271/131/102 272/128/106
f 273/132/107 274/133/108 275/130/103
f 273/132/107 275/130/103 276/129/102
f 277/60/105 278/56/109 279/134/107
f 277/60/105 279/134/107 280/131/110
f 281/135/111 282/136/112 283/133/108
f 281/135/111 283/133/108 284/132/107
f 285/56/109 286/52/113 287/137/111
f 285/56/109 287/137/111 288/134/107
f 289/138/114 290/139/115 291/136/112
f 289/138/114 291/136/112 292/135/111
f 293/52/113 294/48/116 295/140/114
f 293/52/113 295/140/114 296/137/117
f 297/141/118 298/142/119 299/139/115
f 297/141/118 299/139/115 300/138/114
f 301/48/116 302/44/120 303/143/121
f 301/48/116 303/143/121 304/140/122
f 305/144/123 306/145/124 307/142/119
f 305/144/123 307/142/119 308/141/118
f 309/44/120 310/40/125 311/146/123
f 309/44/120 311/146/123 312/143/126
f 313/147/127 314/148/128 315/145/124
f 313/147/127 315/145/124 316/144/123
f 317/40/125 318/36/129 319/149/127
f 317/40/125 319/149/127 320/146/123
f 321/150/130 322/151/131 323/148/132
f 321/150/130 323/148/132 324/147/127
f 325/36/129 326/32/133 327/152/134
f 325/36/129 327/152/134 328/149/127
f 329/153/135 330/154/136 331/151/131
f 329/153/135 331/151/131 332/150/137
f 333/32/133 334/28/138 335/155/135
f 333/32/133 335/155/135 336/152/134
f 337/156/139 338/157/140 339/154/136
f 337/156/139 339/154/136 340/153/135
f 341/28/138 342/24/141 343/158/142
f 341/28/138 343/158/142 344/155/135
f 345/159/143 346/160/144 347/157/140
f 345/159/143 347/157/140 348/156/139
f 349/24/141 350/20/145 351/161/143
f 349/24/141 351/161/143 352/158/139
f 353/162/146 354/163/147 355/160/144
f 353/162/146 355/160/144 356/159/143
f 357/20/148 358/14/149 359/164/146
f 357/20/148 359/164/146 360/161/143
f 361/165/150 362/166/151 363/163/152
f 361/165/150 363/163/152 364/162/153
f 365/14/149 366/12/154 367/167/150
f 365/14/149 367/167/150 368/164/155
f 369/168/156 370/169/157 371/166/151
f 369/168/156 371/166/151 372/165/150
f 373/12/154 374/10/158 375/170/156
f 373/12/154 375/170/156 376/167/150
f 377/10/158 378/9/159 379/101/66
f 377/10/158 379/101/66 380/170/156
f 381/107/66 382/106/71 383/169/157
f 381/107/66 383/169/157 384/168/156
f 385/169/157 386/106/71 387/171/160
f 385/169/157 387/171/160 388/172/161
f 389/166/151 390/169/157 391/172/162
f 389/166/151 391/172/162 392/173/163
f 393/171/160 394/174/164 395/175/165
f 393/171/160 395/175/165 396/172/166
f 397/172/167 398/175/168 399/176/169
f 397/172/167 399/176/169 400/173/163
f 401/177/170 402/175/168 403/174/171
f 401/177/170 403/174/171 404/178/172
f 405/179/173 406/176/169 407/175/174
f 405/179/173 407/175/174 408/177/175
f 409/178/176 410/174/177 411/180/178
f 409/178/176 411/180/178 412/181/179
f 413/182/180 414/180/181 415/174/177
f 413/182/180 415/174/177 416/171/182
f 417/181/179 418/180/178 419/183/183
f 417/181/179 419/183/183 420/184/184
f 421/185/185 422/183/186 423/180/187
f 421/185/185 423/180/187 424/182/188
f 425/106/71 426/104/69 427/182/180
f 425/106/71 427/182/180 428/171/160
f 429/104/69 430/103/68 431/185/189
f 429/104/69 431/185/189 432/182/180
f 433/103/68 434/109/73 435/186/190
f 433/103/68 435/186/190 436/185/189
f 437/186/190 438/187/191 439/183/186
f 437/186/190 439/183/186 440/185/192
f 441/109/73 442/112/77 443/188/193
f 441/109/73 443/188/193 444/186/194
f 445/188/195 446/189/196 447/187/197
f 445/188/195 447/187/197 448/186/190
f 449/184/184 450/183/186 451/187/198
f 449/184/184 451/187/198 452/190/199
f 453/190/200 454/187/198 455/189/196
f 453/190/200 455/189/196 456/191/201
f 457/191/201 458/189/196 459/192/202
f 457/191/201 459/192/202 460/193/203
f 461/194/204 462/192/202 463/189/196
f 461/194/204 463/189/196 464/188/195
f 465/193/205 466/192/202 467/195/206
f 465/193/205 467/195/206 468/196/207
f 469/197/208 470/195/209 471/192/210
f 469/197/208 471/192/210 472/194/211
f 473/112/77 474/115/82 475/194/212
f 473/112/77 475/194/212 476/188/195
f 477/115/82 478/118/86 479/197/208
f 477/115/82 479/197/208 480/194/211
f 481/118/86 482/121/96 483/198/213
f 481/118/86 483/198/213 484/197/214
f 485/198/215 486/199/216 487/195/209
f 485/198/215 487/195/209 488/197/208
f 489/121/96 490/124/100 491/200/217
f 489/121/96 491/200/217 492/198/213
f 493/200/217 494/201/218 495/199/219
f 493/200/217 495/199/219 496/198/213
f 497/196/207 498/195/220 499/199/216
f 497/196/207 499/199/216 500/202/221
f 501/202/221 502/199/222 503/201/218
f 501/202/221 503/201/218 504/203/223
f 505/203/224 506/201/225 507/204/226
f 505/203/224 507/204/226 508/205/227
f 509/206/228 510/204/226 511/201/218
f 509/206/228 511/201/218 512/200/217
f 513/205/227 514/204/226 515/207/229
f 513/205/227 515/207/229 516/208/230
f 517/209/231 518/207/229 519/204/232
f 517/209/231 519/204/232 520/206/233
f 521/124/100 522/127/99 523/206/228
f 521/124/100 523/206/228 524/200/217
f 525/127/99 526/130/103 527/209/234
f 525/127/99 527/209/234 528/206/228
f 529/130/103 530/133/108 531/210/235
f 529/130/103 531/210/235 532/209/236
f 533/210/235 534/211/237 535/207/229
f 533/210/235 535/207/229 536/209/231
f 537/133/238 538/136/112 539/212/239
f 537/133/238 539/212/239 540/210/235
f 541/212/239 542/213/240 543/211/241
f 541/212/239 543/211/241 544/210/235
f 545/208/230 546/207/229 547/211/242
f 545/208/230 547/211/242 548/214/243
f 549/214/243 550/211/241 551/213/240
f 549/214/243 551/213/240 552/215/244
f 553/215/244 554/213/240 555/216/245
f 553/215/244 555/216/245 556/217/246
f 557/218/247 558/216/248 559/213/249
f 557/218/247 559/213/249 560/212/250
f 561/217/246 562/216/245 563/219/251
f 561/217/246 563/219/251 564/220/252
f 565/221/253 566/219/254 567/216/245
f 565/221/253 567/216/245 568/218/247
f 569/136/255 570/139/115 571/218/247
f 569/136/255 571/218/247 572/212/239
f 573/139/115 574/142/119 575/221/253
f 573/139/115 575/221/253 576/218/247
f 577/142/119 578/145/124 579/222/256
f 577/142/119 579/222/256 580/221/253
f 581/222/256 582/223/257 583/219/258
f 581/222/256 583/219/258 584/221/253
f 585/145/124 586/148/132 587/224/259
f 585/145/124 587/224/259 588/222/256
f 589/224/259 590/225/260 591/223/261
f 589/224/259 591/223/261 592/222/262
f 593/220/252 594/219/258 595/223/261
f 593/220/252 595/223/261 596/226/263
f 597/226/263 598/223/261 599/225/264
f 597/226/263 599/225/264 600/227/265
f 601/227/266 602/225/260 603/228/267
f 601/227/266 603/228/267 604/229/268
f 605/230/269 606/228/267 607/225/260
f 605/230/269 607/225/260 608/224/270
f 609/229/271 610/228/267 611/231/272
f 609/229/271 611/231/272 612/232/273
f 613/233/274 614/231/272 615/228/267
f 613/233/274 615/228/267 616/230/275
f 617/148/128 618/151/131 619/230/269
f 617/148/128 619/230/269 620/224/259
f 621/151/131 622/154/136 623/233/276
f 621/151/131 623/233/276 624/230/269
f 625/154/136 626/157/140 627/234/277
f 625/154/136 627/234/277 628/233/276
f 629/234/278 630/235/279 631/231/280
f 629/234/278 631/231/280 632/233/276
f 633/157/140 634/160/144 635/236/281
f 633/157/140 635/236/281 636/234/282
f 637/236/281 638/237/283 639/235/279
f 637/236/281 639/235/279 640/234/284
f 641/232/273 642/231/285 643/235/279
f 641/232/273 643/235/279 644/238/286
f 645/238/286 646/235/279 647/237/287
f 645/238/286 647/237/287 648/239/288
f 649/239/289 650/237/290 651/240/291
f 649/239/289 651/240/291 652/241/292
f 653/242/293 654/240/294 655/237/295
f 653/242/293 655/237/295 656/236/281
f 657/241/296 658/240/294 659/176/169
f 657/241/296 659/176/169 660/179/173
f 661/173/297 662/176/298 663/240/299
f 661/173/297 663/240/299 664/242/300
f 665/160/144 666/163/152 667/242/300
f 665/160/144 667/242/300 668/236/281
f 669/163/152 670/166/151 671/173/163
f 669/163/152 671/173/163 672/242/300
f 673/179/173 674/243/301 675/244/302
f 673/179/173 675/244/302 676/241/303
f 677/241/303 678/244/302 679/245/304
f 677/241/303 679/245/304 680/239/289
f 681/244/305 682/246/306 683/247/307
f 681/244/305 683/247/307 684/245/308
f 685/243/309 686/248/310 687/246/306
f 685/243/309 687/246/306 688/244/305
f 689/249/311 690/247/307 691/246/306
f 689/249/311 691/246/306 692/250/312
f 693/250/313 694/246/306 695/248/310
f 693/250/313 695/248/310 696/251/314
f 697/252/315 698/253/316 699/247/307
f 697/252/315 699/247/307 700/249/311
f 701/245/308 702/247/317 703/253/316
f 701/245/308 703/253/316 704/254/318
f 705/255/319 706/256/320 707/253/316
f 705/255/319 707/253/316 708/252/321
f 709/254/322 710/253/316 711/256/320
f 709/254/322 711/256/320 712/257/323
f 713/238/286 714/254/324 715/257/325
f 713/238/286 715/257/325 716/232/273
f 717/239/326 718/245/304 719/254/324
f 717/239/326 719/254/324 720/238/327
f 721/232/273 722/257/325 723/258/328
f 721/232/273 723/258/328 724/229/329
f 725/257/323 726/256/320 727/259/330
f 725/257/323 727/259/330 728/258/331
f 729/229/332 730/258/328 731/260/333
f 729/229/332 731/260/333 732/227/266
f 733/258/334 734/259/330 735/261/335
f 733/258/334 735/261/335 736/260/336
f 737/262/337 738/261/338 739/259/330
f 737/262/337 739/259/330 740/263/339
f 741/263/339 742/259/330 743/256/320
f 741/263/339 743/256/320 744/255/319
f 745/264/340 746/265/341 747/261/338
f 745/264/340 747/261/338 748/262/337
f 749/260/336 750/261/338 751/265/341
f 749/260/336 751/265/341 752/266/342
f 753/267/343 754/268/344 755/265/341
f 753/267/343 755/265/341 756/264/340
f 757/266/345 758/265/341 759/268/346
f 757/266/345 759/268/346 760/269/347
f 761/226/263 762/266/348 763/269/349
f 761/226/263 763/269/349 764/220/252
f 765/227/266 766/260/333 767/266/348
f 765/227/266 767/266/348 768/226/263
f 769/220/350 770/269/349 771/270/351
f 769/220/350 771/270/351 772/217/246
f 773/269/347 774/268/346 775/271/352
f 773/269/347 775/271/352 776/270/353
f 777/217/246 778/270/351 779/272/354
f 777/217/246 779/272/354 780/215/244
f 781/270/353 782/271/352 783/273/355
f 781/270/353 783/273/355 784/272/356
f 785/274/357 786/273/358 787/271/359
f 785/274/357 787/271/359 788/275/360
f 789/275/361 790/271/352 791/268/346
f 789/275/361 791/268/346 792/267/343
f 793/276/362 794/277/363 795/273/355
f 793/276/362 795/273/355 796/274/357
f 797/272/356 798/273/355 799/277/364
f 797/272/356 799/277/364 800/278/365
f 801/279/366 802/280/367 803/277/363
f 801/279/366 803/277/363 804/276/368
f 805/278/365 806/277/364 807/280/367
f 805/278/365 807/280/367 808/281/369
f 809/214/370 810/278/371 811/281/372
f 809/214/370 811/281/372 812/208/230
f 813/215/373 814/272/354 815/278/371
f 813/215/373 815/278/371 816/214/374
f 817/208/375 818/281/372 819/282/376
f 817/208/375 819/282/376 820/205/377
f 821/281/378 822/280/367 823/283/379
f 821/281/378 823/283/379 824/282/380
f 825/205/227 826/282/376 827/284/381
f 825/205/227 827/284/381 828/203/224
f 829/282/382 830/283/379 831/285/383
f 829/282/382 831/285/383 832/284/384
f 833/286/385 834/285/383 835/283/379
f 833/286/385 835/283/379 836/287/386
f 837/287/386 838/283/379 839/280/367
f 837/287/386 839/280/367 840/279/366
f 841/288/387 842/289/388 843/285/383
f 841/288/387 843/285/383 844/286/385
f 845/284/384 846/285/383 847/289/389
f 845/284/384 847/289/389 848/290/390
f 849/291/391 850/292/392 851/289/389
f 849/291/391 851/289/389 852/288/387
f 853/290/390 854/289/389 855/292/392
f 853/290/390 855/292/392 856/293/393
f 857/202/221 858/290/394 859/293/395
f 857/202/221 859/293/395 860/196/396
f 861/203/224 862/284/381 863/290/394
f 861/203/224 863/290/394 864/202/397
f 865/196/207 866/293/395 867/294/398
f 865/196/207 867/294/398 868/193/205
f 869/293/399 870/292/392 871/295/400
f 869/293/399 871/295/400 872/294/401
f 873/193/205 874/294/398 875/296/402
f 873/193/205 875/296/402 876/191/201
f 877/294/401 878/295/403 879/297/404
f 877/294/401 879/297/404 880/296/405
f 881/298/406 882/297/404 883/295/407
f 881/298/406 883/295/407 884/299/408
f 885/299/408 886/295/409 887/292/392
f 885/299/408 887/292/392 888/291/391
f 889/300/410 890/301/411 891/297/404
f 889/300/410 891/297/404 892/298/406
f 893/296/405 894/297/412 895/301/411
f 893/296/405 895/301/411 896/302/413
f 897/303/414 898/304/415 899/301/411
f 897/303/414 899/301/411 900/300/410
f 901/302/413 902/301/416 903/304/415
f 901/302/413 903/304/415 904/305/417
f 905/190/418 906/302/419 907/305/420
f 905/190/418 907/305/420 908/184/184
f 909/191/421 910/296/402 911/302/422
f 909/191/421 911/302/422 912/190/423
f 913/184/424 914/305/420 915/306/425
f 913/184/424 915/306/425 916/181/179
f 917/305/417 918/304/415 919/307/426
f 917/305/417 919/307/426 920/306/427
f 921/181/428 922/306/425 923/308/429
f 921/181/428 923/308/429 924/178/430
f 925/306/427 926/307/426 927/309/431
f 925/306/427 927/309/431 928/308/432
f 929/310/433 930/309/431 931/307/426
f 929/310/433 931/307/426 932/311/434
f 933/311/435 934/307/426 935/304/415
f 933/311/435 935/304/415 936/303/414
f 937/312/436 938/313/437 939/309/431
f 937/312/436 939/309/431 940/310/433
f 941/308/432 942/309/431 943/313/437
f 941/308/432 943/313/437 944/314/438
f 945/251/439 946/248/310 947/313/437
f 945/251/439 947/313/437 948/312/436
f 949/314/438 950/313/440 951/248/310
f 949/314/438 951/248/310 952/243/309
f 953/178/172 954/308/429 955/314/441
f 953/178/172 955/314/441 956/177/442
f 957/177/443 958/314/444 959/243/301
f 957/177/443 959/243/301 960/179/445
f 961/312/436 962/315/446 963/316/447
f 961/312/436 963/316/447 964/251/439
f 965/310/433 966/317/448 967/315/446
f 965/310/433 967/315/446 968/312/436
f 969/317/449 970/318/450 971/319/451
f 969/317/449 971/319/451 972/315/452
f 973/315/452 974/319/453 975/320/454
f 973/315/452 975/320/454 976/316/455
f 977/321/456 978/319/457 979/318/450
f 977/321/456 979/318/450 980/322/458
f 981/323/459 982/320/454 983/319/460
f 981/323/459 983/319/460 984/321/456
f 985/322/458 986/318/450 987/324/461
f 985/322/458 987/324/461 988/325/462
f 989/326/463 990/324/461 991/318/464
f 989/326/463 991/318/464 992/317/449
f 993/325/465 994/324/461 995/327/466
f 993/325/465 995/327/466 996/328/467
f 997/329/468 998/327/469 999/324/461
f 997/329/468 999/324/461 1000/326/463
f 1001/311/470 1002/326/471 1003/317/448
f 1001/311/470 1003/317/448 1004/310/433
f 1005/303/414 1006/329/472 1007/326/471
f 1005/303/414 1007/326/471 1008/311/435
f 1009/300/410 1010/330/473 1011/329/472
f 1009/300/410 1011/329/472 1012/303/414
f 1013/330/474 1014/331/475 1015/327/466
f 1013/330/474 1015/327/466 1016/329/468
f 1017/298/406 1018/332/476 1019/330/473
f 1017/298/406 1019/330/473 1020/300/410
f 1021/332/477 1022/333/478 1023/331/479
f 1021/332/477 1023/331/479 1024/330/474
f 1025/328/480 1026/327/466 1027/331/475
f 1025/328/480 1027/331/475 1028/334/481
f 1029/334/482 1030/331/483 1031/333/478
f 1029/334/482 1031/333/478 1032/335/484
f 1033/335/484 1034/333/478 1035/336/485
f 1033/335/484 1035/336/485 1036/337/486
f 1037/338/487 1038/336/485 1039/333/478
f 1037/338/487 1039/333/478 1040/332/477
f 1041/337/488 1042/336/485 1043/339/489
f 1041/337/488 1043/339/489 1044/340/490
f 1045/341/491 1046/339/489 1047/336/485
f 1045/341/491 1047/336/485 1048/338/492
f 1049/299/408 1050/338/493 1051/332/476
f 1049/299/408 1051/332/476 1052/298/406
f 1053/291/391 1054/341/494 1055/338/493
f 1053/291/391 1055/338/493 1056/299/495
f 1057/288/387 1058/342/496 1059/341/494
f 1057/288/387 1059/341/494 1060/291/391
f 1061/342/497 1062/343/498 1063/339/499
f 1061/342/497 1063/339/499 1064/341/491
f 1065/286/385 1066/344/500 1067/342/496
f 1065/286/385 1067/342/496 1068/288/501
f 1069/344/502 1070/345/503 1071/343/498
f 1069/344/502 1071/343/498 1072/342/497
f 1073/340/490 1074/339/489 1075/343/504
f 1073/340/490 1075/343/504 1076/346/505
f 1077/346/505 1078/343/504 1079/345/506
f 1077/346/505 1079/345/506 1080/347/507
f 1081/347/507 1082/345/506 1083/348/508
f 1081/347/507 1083/348/508 1084/349/509
f 1085/350/510 1086/348/508 1087/345/506
f 1085/350/510 1087/345/506 1088/344/502
f 1089/349/509 1090/348/508 1091/351/511
f 1089/349/509 1091/351/511 1092/352/512
f 1093/353/513 1094/351/514 1095/348/508
f 1093/353/513 1095/348/508 1096/350/510
f 1097/287/386 1098/350/515 1099/344/500
f 1097/287/386 1099/344/500 1100/286/385
f 1101/279/516 1102/353/517 1103/350/515
f 1101/279/516 1103/350/515 1104/287/386
f 1105/276/368 1106/354/518 1107/353/517
f 1105/276/368 1107/353/517 1108/279/366
f 1109/354/519 1110/355/520 1111/351/511
f 1109/354/519 1111/351/511 1112/353/521
f 1113/274/357 1114/356/522 1115/354/518
f 1113/274/357 1115/354/518 1116/276/523
f 1117/356/524 1118/357/525 1119/355/526
f 1117/356/524 1119/355/526 1120/354/519
f 1121/352/512 1122/351/511 1123/355/527
f 1121/352/512 1123/355/527 1124/358/528
f 1125/358/528 1126/355/526 1127/357/525
f 1125/358/528 1127/357/525 1128/359/529
f 1129/359/529 1130/357/525 1131/360/530
f 1129/359/529 1131/360/530 1132/361/531
f 1133/362/532 1134/360/533 1135/357/525
f 1133/362/532 1135/357/525 1136/356/524
f 1137/361/531 1138/360/530 1139/363/534
f 1137/361/531 1139/363/534 1140/364/535
f 1141/365/536 1142/363/534 1143/360/537
f 1141/365/536 1143/360/537 1144/362/538
f 1145/275/360 1146/362/539 1147/356/522
f 1145/275/360 1147/356/522 1148/274/357
f 1149/267/343 1150/365/540 1151/362/539
f 1149/267/343 1151/362/539 1152/275/360
f 1153/264/340 1154/366/541 1155/365/540
f 1153/264/340 1155/365/540 1156/267/343
f 1157/366/542 1158/367/543 1159/363/534
f 1157/366/542 1159/363/534 1160/365/536
f 1161/262/337 1162/368/544 1163/366/541
f 1161/262/337 1163/366/541 1164/264/340
f 1165/368/545 1166/369/546 1167/367/543
f 1165/368/545 1167/367/543 1168/366/547
f 1169/364/548 1170/363/534 1171/367/543
f 1169/364/548 1171/367/543 1172/370/549
f 1173/370/549 1174/367/543 1175/369/546
f 1173/370/549 1175/369/546 1176/371/550
f 1177/371/550 1178/369/546 1179/372/551
f 1177/371/550 1179/372/551 1180/373/552
f 1181/374/553 1182/372/554 1183/369/546
f 1181/374/553 1183/369/546 1184/368/545
f 1185/373/555 1186/372/554 1187/375/556
f 1185/373/555 1187/375/556 1188/376/557
f 1189/377/558 1190/375/556 1191/372/554
f 1189/377/558 1191/372/554 1192/374/553
f 1193/263/339 1194/374/559 1195/368/544
f 1193/263/339 1195/368/544 1196/262/337
f 1197/255/319 1198/377/560 1199/374/559
f 1197/255/319 1199/374/559 1200/263/339
f 1201/252/321 1202/378/561 1203/377/560
f 1201/252/321 1203/377/560 1204/255/319
f 1205/378/562 1206/379/563 1207/375/556
f 1205/378/562 1207/375/556 1208/377/558
f 1209/249/311 1210/380/564 1211/378/561
f 1209/249/311 1211/378/561 1212/252/565
f 1213/380/566 1214/381/567 1215/379/563
f 1213/380/566 1215/379/563 1216/378/568
f 1217/376/569 1218/375/556 1219/379/563
f 1217/376/569 1219/379/563 1220/382/570
f 1221/382/570 1222/379/563 1223/381/567
f 1221/382/570 1223/381/567 1224/383/571
f 1225/383/571 1226/381/567 1227/384/572
f 1225/383/571 1227/384/572 1228/385/573
f 1229/386/574 1230/384/575 1231/381/567
f 1229/386/574 1231/381/567 1232/380/576
f 1233/385/573 1234/384/572 1235/320/454
f 1233/385/573 1235/320/454 1236/323/459
f 1237/316/577 1238/320/454 1239/384/578
f 1237/316/577 1239/384/578 1240/386/579
f 1241/250/580 1242/386/581 1243/380/564
f 1241/250/580 1243/380/564 1244/249/311
f 1245/251/439 1246/316/447 1247/386/581
f 1245/251/439 1247/386/581 1248/250/580
f 1249/323/459 1250/387/582 1251/388/583
f 1249/323/459 1251/388/583 1252/385/573
f 1253/385/573 1254/388/583 1255/389/584
f 1253/385/573 1255/389/584 1256/383/571
f 1257/388/585 1258/390/586 1259/391/587
f 1257/388/585 1259/391/587 1260/389/588
f 1261/387/589 1262/392/590 1263/390/586
f 1261/387/589 1263/390/586 1264/388/585
f 1265/393/591 1266/391/587 1267/390/586
f 1265/393/591 1267/390/586 1268/394/592
f 1269/394/592 1270/390/586 1271/392/593
f 1269/394/592 1271/392/593 1272/395/594
f 1273/396/595 1274/397/596 1275/391/587
f 1273/396/595 1275/391/587 1276/393/591
f 1277/389/588 1278/391/587 1279/397/596
f 1277/389/588 1279/397/596 1280/398/597
f 1281/399/598 1282/400/599 1283/397/596
f 1281/399/598 1283/397/596 1284/396/595
f 1285/398/597 1286/397/600 1287/400/601
f 1285/398/597 1287/400/601 1288/401/602
f 1289/382/570 1290/398/603 1291/401/604
f 1289/382/570 1291/401/604 1292/376/605
f 1293/383/571 1294/389/584 1295/398/603
f 1293/383/571 1295/398/603 1296/382/570
f 1297/376/569 1298/401/604 1299/402/606
f 1297/376/569 1299/402/606 1300/373/552
f 1301/401/602 1302/400/599 1303/403/607
f 1301/401/602 1303/403/607 1304/402/608
f 1305/373/552 1306/402/606 1307/404/609
f 1305/373/552 1307/404/609 1308/371/550
f 1309/402/608 1310/403/607 1311/405/610
f 1309/402/608 1311/405/610 1312/404/611
f 1313/406/612 1314/405/610 1315/403/607
f 1313/406/612 1315/403/607 1316/407/613
f 1317/407/613 1318/403/607 1319/400/614
f 1317/407/613 1319/400/614 1320/399/598
f 1321/408/615 1322/409/616 1323/405/610
f 1321/408/615 1323/405/610 1324/406/617
f 1325/404/611 1326/405/610 1327/409/616
f 1325/404/611 1327/409/616 1328/410/618
f 1329/411/619 1330/412/620 1331/409/616
f 1329/411/619 1331/409/616 1332/408/615
f 1333/410/618 1334/409/616 1335/412/621
f 1333/410/618 1335/412/621 1336/413/622
f 1337/370/549 1338/410/623 1339/413/624
f 1337/370/549 1339/413/624 1340/364/535
f 1341/371/625 1342/404/609 1343/410/623
f 1341/371/625 1343/410/623 1344/370/549
f 1345/364/535 1346/413/624 1347/414/626
f 1345/364/535 1347/414/626 1348/361/531
f 1349/413/622 1350/412/620 1351/415/627
f 1349/413/622 1351/415/627 1352/414/628
f 1353/361/629 1354/414/626 1355/416/630
f 1353/361/629 1355/416/630 1356/359/631
f 1357/414/628 1358/415/632 1359/417/633
f 1357/414/628 1359/417/633 1360/416/634
f 1361/418/635 1362/417/636 1363/415/637
f 1361/418/635 1363/415/637 1364/419/638
f 1365/419/638 1366/415/639 1367/412/640
f 1365/419/638 1367/412/640 1368/411/619
f 1369/420/641 1370/421/642 1371/417/643
f 1369/420/641 1371/417/643 1372/418/635
f 1373/416/634 1374/417/644 1375/421/645
f 1373/416/634 1375/421/645 1376/422/646
f 1377/423/647 1378/424/648 1379/421/649
f 1377/423/647 1379/421/649 1380/420/650
f 1381/422/646 1382/421/642 1383/424/651
f 1381/422/646 1383/424/651 1384/425/652
f 1385/358/528 1386/422/653 1387/425/654
f 1385/358/528 1387/425/654 1388/352/512
f 1389/359/529 1390/416/630 1391/422/653
f 1389/359/529 1391/422/653 1392/358/528
f 1393/352/512 1394/425/654 1395/426/655
f 1393/352/512 1395/426/655 1396/349/509
f 1397/425/652 1398/424/651 1399/427/656
f 1397/425/652 1399/427/656 1400/426/657
f 1401/349/509 1402/426/655 1403/428/658
f 1401/349/509 1403/428/658 1404/347/507
f 1405/426/657 1406/427/659 1407/429/660
f 1405/426/657 1407/429/660 1408/428/661
f 1409/430/662 1410/429/663 1411/427/659
f 1409/430/662 1411/427/659 1412/431/664
f 1413/431/665 1414/427/659 1415/424/651
f 1413/431/665 1415/424/651 1416/423/647
f 1417/432/666 1418/433/667 1419/429/668
f 1417/432/666 1419/429/668 1420/430/662
f 1421/428/661 1422/429/669 1423/433/667
f 1421/428/661 1423/433/667 1424/434/670
f 1425/435/671 1426/436/672 1427/433/667
f 1425/435/671 1427/433/667 1428/432/666
f 1429/434/670 1430/433/667 1431/436/673
f 1429/434/670 1431/436/673 1432/437/674
f 1433/346/505 1434/434/675 1435/437/676
f 1433/346/505 1435/437/676 1436/340/677
f 1437/347/507 1438/428/658 1439/434/675
f 1437/347/507 1439/434/675 1440/346/505
f 1441/340/677 1442/437/676 1443/438/678
f 1441/340/677 1443/438/678 1444/337/486
f 1445/437/679 1446/436/680 1447/439/681
f 1445/437/679 1447/439/681 1448/438/682
f 1449/337/683 1450/438/678 1451/440/684
f 1449/337/683 1451/440/684 1452/335/484
f 1453/438/685 1454/439/681 1455/441/686
f 1453/438/685 1455/441/686 1456/440/687
f 1457/442/688 1458/441/689 1459/439/690
f 1457/442/688 1459/439/690 1460/443/691
f 1461/443/691 1462/439/692 1463/436/672
f 1461/443/691 1463/436/672 1464/435/671
f 1465/444/693 1466/445/694 1467/441/695
f 1465/444/693 1467/441/695 1468/442/688
f 1469/440/687 1470/441/696 1471/445/697
f 1469/440/687 1471/445/697 1472/446/698
f 1473/447/699 1474/448/700 1475/445/701
f 1473/447/699 1475/445/701 1476/444/693
f 1477/446/698 1478/445/702 1479/448/703
f 1477/446/698 1479/448/703 1480/449/704
f 1481/334/481 1482/446/705 1483/449/706
f 1481/334/481 1483/449/706 1484/328/467
f 1485/335/484 1486/440/684 1487/446/705
f 1485/335/484 1487/446/705 1488/334/481
f 1489/328/467 1490/449/706 1491/450/707
f 1489/328/467 1491/450/707 1492/325/465
f 1493/449/704 1494/448/708 1495/451/709
f 1493/449/704 1495/451/709 1496/450/710
f 1497/325/465 1498/450/707 1499/452/711
f 1497/325/465 1499/452/711 1500/322/712
f 1501/450/710 1502/451/709 1503/453/713
f 1501/450/710 1503/453/713 1504/452/714
f 1505/454/715 1506/453/713 1507/451/709
f 1505/454/715 1507/451/709 1508/455/716
f 1509/455/716 1510/451/709 1511/448/700
f 1509/455/716 1511/448/700 1512/447/717
f 1513/456/718 1514/457/719 1515/453/713
f 1513/456/718 1515/453/713 1516/454/720
f 1517/452/714 1518/453/713 1519/457/719
f 1517/452/714 1519/457/719 1520/458/721
f 1521/395/722 1522/392/593 1523/457/723
f 1521/395/722 1523/457/723 1524/456/718
f 1525/458/721 1526/457/719 1527/392/593
f 1525/458/721 1527/392/593 1528/387/589
f 1529/322/458 1530/452/711 1531/458/724
f 1529/322/458 1531/458/724 1532/321/456
f 1533/321/456 1534/458/724 1535/387/582
f 1533/321/456 1535/387/582 1536/323/725
f 1537/456/718 1538/459/726 1539/460/727
f 1537/456/718 1539/460/727 1540/395/722
f 1541/454/728 1542/461/729 1543/459/730
f 1541/454/728 1543/459/730 1544/456/718
f 1545/461/731 1546/462/732 1547/463/733
f 1545/461/731 1547/463/733 1548/459/734
f 1549/459/734 1550/463/733 1551/464/735
f 1549/459/734 1551/464/735 1552/460/736
f 1553/465/737 1554/463/733 1555/462/732
f 1553/465/737 1555/462/732 1556/466/738
f 1557/467/739 1558/464/740 1559/463/733
f 1557/467/739 1559/463/733 1560/465/737
f 1561/466/738 1562/462/732 1563/468/741
f 1561/466/738 1563/468/741 1564/469/742
f 1565/470/743 1566/468/741 1567/462/732
f 1565/470/743 1567/462/732 1568/461/744
f 1569/469/745 1570/468/741 1571/471/746
f 1569/469/745 1571/471/746 1572/472/747
f 1573/473/748 1574/471/746 1575/468/749
f 1573/473/748 1575/468/749 1576/470/743
f 1577/455/750 1578/470/751 1579/461/729
f 1577/455/750 1579/461/729 1580/454/752
f 1581/447/699 1582/473/753 1583/470/751
f 1581/447/699 1583/470/751 1584/455/754
f 1585/444/755 1586/474/756 1587/473/753
f 1585/444/755 1587/473/753 1588/447/699
f 1589/474/757 1590/475/758 1591/471/746
f 1589/474/757 1591/471/746 1592/473/748
f 1593/442/688 1594/476/759 1595/474/760
f 1593/442/688 1595/474/760 1596/444/693
f 1597/476/761 1598/477/762 1599/475/758
f 1597/476/761 1599/475/758 1600/474/757
f 1601/472/747 1602/471/746 1603/475/758
f 1601/472/747 1603/475/758 1604/478/763
f 1605/478/763 1606/475/758 1607/477/762
f 1605/478/763 1607/477/762 1608/479/764
f 1609/479/765 1610/477/762 1611/480/766
f 1609/479/765 1611/480/766 1612/481/767
f 1613/482/768 1614/480/769 1615/477/762
f 1613/482/768 1615/477/762 1616/476/770
f 1617/481/767 1618/480/771 1619/483/772
f 1617/481/767 1619/483/772 1620/484/773
f 1621/485/774 1622/483/772 1623/480/766
f 1621/485/774 1623/480/766 1624/482/768
f 1625/443/691 1626/482/775 1627/476/759
f 1625/443/691 1627/476/759 1628/442/688
f 1629/435/671 1630/485/776 1631/482/775
f 1629/435/671 1631/482/775 1632/443/691
f 1633/432/777 1634/486/778 1635/485/776
f 1633/432/777 1635/485/776 1636/435/671
f 1637/486/779 1638/487/780 1639/483/772
f 1637/486/779 1639/483/772 1640/485/774
f 1641/430/781 1642/488/782 1643/486/778
f 1641/430/781 1643/486/778 1644/432/666
f 1645/488/783 1646/489/784 1647/487/785
f 1645/488/783 1647/487/785 1648/486/779
f 1649/484/773 1650/483/772 1651/487/785
f 1649/484/773 1651/487/785 1652/490/786
f 1653/490/786 1654/487/785 1655/489/787
f 1653/490/786 1655/489/787 1656/491/788
f 1657/491/789 1658/489/787 1659/492/790
f 1657/491/789 1659/492/790 1660/493/791
f 1661/494/792 1662/492/793 1663/489/787
f 1661/494/792 1663/489/787 1664/488/783
f 1665/493/791 1666/492/790 1667/495/794
f 1665/493/791 1667/495/794 1668/496/795
f 1669/497/796 1670/495/797 1671/492/798
f 1669/497/796 1671/492/798 1672/494/792
f 1673/431/664 1674/494/799 1675/488/782
f 1673/431/664 1675/488/782 1676/430/800
f 1677/423/647 1678/497/801 1679/494/799
f 1677/423/647 1679/494/799 1680/431/802
f 1681/420/641 1682/498/803 1683/497/801
f 1681/420/641 1683/497/801 1684/423/647
f 1685/498/804 1686/499/805 1687/495/794
f 1685/498/804 1687/495/794 1688/497/796
f 1689/418/635 1690/500/806 1691/498/803
f 1689/418/635 1691/498/803 1692/420/641
f 1693/500/807 1694/501/808 1695/499/805
f 1693/500/807 1695/499/805 1696/498/804
f 1697/496/795 1698/495/794 1699/499/805
f 1697/496/795 1699/499/805 1700/502/809
f 1701/502/809 1702/499/805 1703/501/810
f 1701/502/809 1703/501/810 1704/503/811
f 1705/503/812 1706/501/813 1707/504/814
f 1705/503/812 1707/504/814 1708/505/815
f 1709/506/816 1710/504/814 1711/501/817
f 1709/506/816 1711/501/817 1712/500/807
f 1713/505/815 1714/504/814 1715/507/818
f 1713/505/815 1715/507/818 1716/508/819
f 1717/509/820 1718/507/818 1719/504/821
f 1717/509/820 1719/504/821 1720/506/816
f 1721/419/638 1722/506/822 1723/500/806
f 1721/419/638 1723/500/806 1724/418/635
f 1725/411/823 1726/509/824 1727/506/822
f 1725/411/823 1727/506/822 1728/419/638
f 1729/408/615 1730/510/825 1731/509/824
f 1729/408/615 1731/509/824 1732/411/619
f 1733/510/826 1734/511/827 1735/507/828
f 1733/510/826 1735/507/828 1736/509/820
f 1737/406/617 1738/512/829 1739/510/830
f 1737/406/617 1739/510/830 1740/408/615
f 1741/512/831 1742/513/832 1743/511/827
f 1741/512/831 1743/511/827 1744/510/826
f 1745/508/819 1746/507/818 1747/511/827
f 1745/508/819 1747/511/827 1748/514/833
f 1749/514/834 1750/511/827 1751/513/832
f 1749/514/834 1751/513/832 1752/515/835
f 1753/515/835 1754/513/832 1755/516/836
f 1753/515/835 1755/516/836 1756/517/837
f 1757/518/838 1758/516/839 1759/513/832
f 1757/518/838 1759/513/832 1760/512/831
f 1761/517/840 1762/516/836 1763/519/841
f 1761/517/840 1763/519/841 1764/520/842
f 1765/521/843 1766/519/841 1767/516/844
f 1765/521/843 1767/516/844 1768/518/838
f 1769/407/613 1770/518/845 1771/512/829
f 1769/407/613 1771/512/829 1772/406/617
f 1773/399/598 1774/521/846 1775/518/845
f 1773/399/598 1775/518/845 1776/407/847
f 1777/396/595 1778/522/848 1779/521/846
f 1777/396/595 1779/521/846 1780/399/598
f 1781/522/849 1782/523/850 1783/519/841
f 1781/522/849 1783/519/841 1784/521/843
f 1785/393/591 1786/524/851 1787/522/848
f 1785/393/591 1787/522/848 1788/396/852
f 1789/524/853 1790/525/854 1791/523/850
f 1789/524/853 1791/523/850 1792/522/849
f 1793/520/842 1794/519/841 1795/523/850
f 1793/520/842 1795/523/850 1796/526/855
f 1797/526/856 1798/523/850 1799/525/857
f 1797/526/856 1799/525/857 1800/527/858
f 1801/527/859 1802/525/860 1803/528/861
f 1801/527/859 1803/528/861 1804/529/862
f 1805/530/863 1806/528/861 1807/525/864
f 1805/530/863 1807/525/864 1808/524/853
f 1809/529/865 1810/528/861 1811/464/740
f 1809/529/865 1811/464/740 1812/467/866
f 1813/460/867 1814/464/868 1815/528/861
f 1813/460/867 1815/528/861 1816/530/863
f 1817/394/592 1818/530/869 1819/524/851
f 1817/394/592 1819/524/851 1820/393/870
f 1821/395/871 1822/460/727 1823/530/869
f 1821/395/871 1823/530/869 1824/394/592
f 1825/467/739 1826/531/872 1827/532/873
f 1825/467/739 1827/532/873 1828/529/862
f 1829/529/862 1830/532/873 1831/533/874
f 1829/529/862 1831/533/874 1832/527/859
f 1833/532/875 1834/534/876 1835/535/877
f 1833/532/875 1835/535/877 1836/533/878
f 1837/531/879 1838/536/880 1839/534/881
f 1837/531/879 1839/534/881 1840/532/875
f 1841/536/882 1842/537/883 1843/538/884
f 1841/536/882 1843/538/884 1844/534/881
f 1845/534/881 1846/538/884 1847/539/885
f 1845/534/881 1847/539/885 1848/535/886
f 1849/540/887 1850/541/888 1851/537/883
f 1849/540/887 1851/537/883 1852/536/880
f 1853/542/889 1854/540/890 1855/536/880
f 1853/542/889 1855/536/880 1856/531/879
f 1857/543/891 1858/544/892 1859/540/890
f 1857/543/891 1859/540/890 1860/542/889
f 1861/544/892 1862/545/893 1863/541/888
f 1861/544/892 1863/541/888 1864/540/894
f 1865/466/738 1866/543/895 1867/542/896
f 1865/466/738 1867/542/896 1868/465/737
f 1869/465/737 1870/542/896 1871/531/872
f 1869/465/737 1871/531/872 1872/467/739
f 1873/469/897 1874/546/898 1875/543/895
f 1873/469/897 1875/543/895 1876/466/738
f 1877/546/899 1878/547/900 1879/544/901
f 1877/546/899 1879/544/901 1880/543/891
f 1881/472/902 1882/548/903 1883/546/898
f 1881/472/902 1883/546/898 1884/469/742
f 1885/548/904 1886/549/905 1887/547/900
f 1885/548/904 1887/547/900 1888/546/899
f 1889/549/905 1890/550/906 1891/551/907
f 1889/549/905 1891/551/907 1892/547/900
f 1893/547/908 1894/551/907 1895/545/893
f 1893/547/908 1895/545/893 1896/544/892
f 1897/552/909 1898/553/910 1899/550/911
f 1897/552/909 1899/550/911 1900/549/905
f 1901/554/912 1902/552/909 1903/549/905
f 1901/554/912 1903/549/905 1904/548/904
f 1905/555/913 1906/556/914 1907/553/910
f 1905/555/913 1907/553/910 1908/552/909
f 1909/557/915 1910/555/916 1911/552/909
f 1909/557/915 1911/552/909 1912/554/912
f 1913/478/763 1914/554/917 1915/548/918
f 1913/478/763 1915/548/918 1916/472/747
f 1917/479/765 1918/557/919 1919/554/917
f 1917/479/765 1919/554/917 1920/478/763
f 1921/481/767 1922/558/920 1923/557/919
f 1921/481/767 1923/557/919 1924/479/765
f 1925/558/921 1926/559/922 1927/555/913
f 1925/558/921 1927/555/913 1928/557/915
f 1929/484/773 1930/560/923 1931/558/920
f 1929/484/773 1931/558/920 1932/481/924
f 1933/560/925 1934/561/926 1935/559/922
f 1933/560/925 1935/559/922 1936/558/921
f 1937/561/927 1938/562/928 1939/563/929
f 1937/561/927 1939/563/929 1940/559/930
f 1941/559/930 1942/563/931 1943/556/914
f 1941/559/930 1943/556/914 1944/555/913
f 1945/564/932 1946/565/933 1947/562/934
f 1945/564/932 1947/562/934 1948/561/935
f 1949/566/936 1950/564/937 1951/561/926
f 1949/566/936 1951/561/926 1952/560/925
f 1953/567/938 1954/568/939 1955/565/940
f 1953/567/938 1955/565/940 1956/564/941
f 1957/569/942 1958/567/943 1959/564/944
f 1957/569/942 1959/564/944 1960/566/945
f 1961/490/786 1962/566/946 1963/560/923
f 1961/490/786 1963/560/923 1964/484/947
f 1965/491/948 1966/569/949 1967/566/946
f 1965/491/948 1967/566/946 1968/490/786
f 1969/493/950 1970/570/951 1971/569/949
f 1969/493/950 1971/569/949 1972/491/948
f 1973/570/952 1974/571/953 1975/567/954
f 1973/570/952 1975/567/954 1976/569/942
f 1977/496/795 1978/572/955 1979/570/951
f 1977/496/795 1979/570/951 1980/493/791
f 1981/572/956 1982/573/957 1983/571/953
f 1981/572/956 1983/571/953 1984/570/952
f 1985/573/958 1986/574/959 1987/575/960
f 1985/573/958 1987/575/960 1988/571/953
f 1989/571/953 1990/575/961 1991/568/962
f 1989/571/953 1991/568/962 1992/567/963
f 1993/576/964 1994/577/965 1995/574/959
f 1993/576/964 1995/574/959 1996/573/957
f 1997/578/966 1998/576/967 1999/573/968
f 1997/578/966 1999/573/968 2000/572/956
f 2001/579/969 2002/580/970 2003/577/965
f 2001/579/969 2003/577/965 2004/576/967
f 2005/581/971 2006/579/972 2007/576/967
f 2005/581/971 2007/576/967 2008/578/966
f 2009/502/973 2010/578/974 2011/572/955
f 2009/502/973 2011/572/955 2012/496/795
f 2013/503/811 2014/581/975 2015/578/974
f 2013/503/811 2015/578/974 2016/502/809
f 2017/505/976 2018/582/977 2019/581/975
f 2017/505/976 2019/581/975 2020/503/811
f 2021/582/978 2022/583/979 2023/579/972
f 2021/582/978 2023/579/972 2024/581/971
f 2025/508/819 2026/584/980 2027/582/977
f 2025/508/819 2027/582/977 2028/505/815
f 2029/584/981 2030/585/982 2031/583/979
f 2029/584/981 2031/583/979 2032/582/978
f 2033/585/983 2034/586/984 2035/587/985
f 2033/585/983 2035/587/985 2036/583/986
f 2037/583/979 2038/587/987 2039/580/988
f 2037/583/979 2039/580/988 2040/579/972
f 2041/588/989 2042/589/990 2043/586/991
f 2041/588/989 2043/586/991 2044/585/992
f 2045/590/993 2046/588/994 2047/585/983
f 2045/590/993 2047/585/983 2048/584/981
f 2049/591/995 2050/592/996 2051/589/997
f 2049/591/995 2051/589/997 2052/588/998
f 2053/593/999 2054/591/995 2055/588/1000
f 2053/593/999 2055/588/1000 2056/590/993
f 2057/514/1001 2058/590/1002 2059/584/980
f 2057/514/1001 2059/584/980 2060/508/819
f 2061/515/835 2062/593/1003 2063/590/1002
f 2061/515/835 2063/590/1002 2064/514/833
f 2065/517/840 2066/594/1004 2067/593/1003
f 2065/517/840 2067/593/1003 2068/515/835
f 2069/594/1005 2070/595/1006 2071/591/995
f 2069/594/1005 2071/591/995 2072/593/999
f 2073/520/1007 2074/596/1008 2075/594/1004
f 2073/520/1007 2075/594/1004 2076/517/840
f 2077/596/1009 2078/597/1010 2079/595/1006
f 2077/596/1009 2079/595/1006 2080/594/1005
f 2081/597/1011 2082/598/1012 2083/599/1013
f 2081/597/1011 2083/599/1013 2084/595/1014
f 2085/595/1015 2086/599/1013 2087/592/996
f 2085/595/1015 2087/592/996 2088/591/995
f 2089/600/1016 2090/601/1017 2091/598/1018
f 2089/600/1016 2091/598/1018 2092/597/1011
f 2093/602/1019 2094/600/1020 2095/597/1011
f 2093/602/1019 2095/597/1011 2096/596/1021
f 2097/535/1022 2098/539/1023 2099/601/1017
f 2097/535/1022 2099/601/1017 2100/600/1024
f 2101/533/878 2102/535/886 2103/600/1025
f 2101/533/878 2103/600/1025 2104/602/1019
f 2105/526/855 2106/602/1026 2107/596/1008
f 2105/526/855 2107/596/1008 2108/520/842
f 2109/527/859 2110/533/874 2111/602/1026
f 2109/527/859 2111/602/1026 2112/526/1027
f 2113/601/1017 2114/603/1028 2115/604/1029
f 2113/601/1017 2115/604/1029 2116/598/1012
f 2117/539/1023 2118/605/1030 2119/603/1028
f 2117/539/1023 2119/603/1028 2120/601/1017
f 2121/538/1031 2122/606/1032 2123/605/1033
f 2121/538/1031 2123/605/1033 2124/539/1023
f 2125/607/1034 2126/603/1028 2127/605/1035
f 2125/607/1034 2127/605/1035 2128/606/1032
f 2129/537/883 2130/608/1036 2131/606/1032
f 2129/537/883 2131/606/1032 2132/538/1031
f 2133/609/1037 2134/607/1038 2135/606/1032
f 2133/609/1037 2135/606/1032 2136/608/1036
f 2137/610/1039 2138/611/1040 2139/607/1041
f 2137/610/1039 2139/607/1041 2140/609/1037
f 2141/612/1042 2142/613/1043 2143/614/1044
f 2141/612/1042 2143/614/1044 2144/607/1045
f 2145/615/1046 2146/616/1047 2147/612/1042
f 2145/615/1046 2147/612/1042 2148/607/1048
f 2149/617/1049 2150/618/1050 2151/619/1051
f 2149/617/1049 2151/619/1051 2152/607/1052
f 2153/607/1053 2154/620/1054 2155/621/1055
f 2153/607/1053 2155/621/1055 2156/617/1049
f 2157/622/1056 2158/604/1057 2159/603/1028
f 2157/622/1056 2159/603/1028 2160/607/1058
f 2161/607/1059 2162/623/1060 2163/624/1061
f 2161/607/1059 2163/624/1061 2164/622/1056
f 2165/607/1062 2166/619/1051 2167/625/1063
f 2165/607/1062 2167/625/1063 2168/623/1060
f 2169/607/1034 2170/614/1044 2171/626/1064
f 2169/607/1034 2171/626/1064 2172/620/1054
f 2173/611/1040 2174/627/1065 2175/615/1046
f 2173/611/1040 2175/615/1046 2176/607/1066
f 2177/550/1067 2178/627/1068 2179/611/1040
f 2177/550/1067 2179/611/1040 2180/551/907
f 2181/551/907 2182/611/1069 2183/610/1070
f 2181/551/907 2183/610/1070 2184/545/893
f 2185/553/1071 2186/615/1046 2187/627/1072
f 2185/553/1071 2187/627/1072 2188/550/1073
f 2189/545/893 2190/610/1074 2191/609/1075
f 2189/545/893 2191/609/1075 2192/541/888
f 2193/556/1076 2194/616/1077 2195/615/1078
f 2193/556/1076 2195/615/1078 2196/553/910
f 2197/563/929 2198/612/1042 2199/616/1077
f 2197/563/929 2199/616/1077 2200/556/914
f 2201/568/1079 2202/626/1064 2203/614/1044
f 2201/568/1079 2203/614/1044 2204/565/1080
f 2205/565/1081 2206/614/1082 2207/613/1083
f 2205/565/1081 2207/613/1083 2208/562/928
f 2209/575/961 2210/620/1084 2211/626/1064
f 2209/575/961 2211/626/1064 2212/568/962
f 2213/562/1085 2214/613/1086 2215/612/1042
f 2213/562/1085 2215/612/1042 2216/563/929
f 2217/574/959 2218/621/1087 2219/620/1054
f 2217/574/959 2219/620/1054 2220/575/1088
f 2221/577/1089 2222/617/1090 2223/621/1055
f 2221/577/1089 2223/621/1055 2224/574/959
f 2225/586/984 2226/625/1063 2227/619/1051
f 2225/586/984 2227/619/1051 2228/587/985
f 2229/587/1091 2230/619/1092 2231/618/1050
f 2229/587/1091 2231/618/1050 2232/580/970
f 2233/589/1093 2234/623/1060 2235/625/1063
f 2233/589/1093 2235/625/1063 2236/586/984
f 2237/580/970 2238/618/1094 2239/617/1049
f 2237/580/970 2239/617/1049 2240/577/1095
f 2241/592/1096 2242/624/1097 2243/623/1098
f 2241/592/1096 2243/623/1098 2244/589/1099
f 2245/599/1013 2246/622/1056 2247/624/1061
f 2245/599/1013 2247/624/1061 2248/592/996
f 2249/598/1012 2250/604/1057 2251/622/1056
f 2249/598/1012 2251/622/1056 2252/599/1013
f 2253/541/888 2254/609/1037 2255/608/1036
f 2253/541/888 2255/608/1036 2256/537/1100
