# Blender 5.2.0 LTS
# www.blender.org
mtllib joystick_top_R.mtl
o Stick_top_R
v -0.000000 0.871095 0.119769
v -0.000000 0.919335 0.111002
v -0.000000 0.844219 -0.151069
v -0.000000 0.867950 -0.151872
v -0.000000 0.977125 0.096656
v -0.000000 1.044528 0.075793
v -0.000000 0.732282 0.124773
v -0.000000 1.229621 -0.316232
v -0.000000 0.736497 -0.102389
v -0.000000 0.916942 -0.146598
v -0.000000 0.978381 -0.157441
v -0.000000 1.036118 -0.181280
v -0.000000 1.081002 -0.207334
v -0.000000 1.182468 -0.280611
v -0.000000 1.206959 -0.299258
v -0.000000 1.151625 -0.256317
v -0.000000 1.118609 -0.232004
v -0.000000 0.827180 0.124709
v -0.000000 0.813848 -0.133745
v -0.000000 0.894395 0.115935
v -0.000000 0.854808 -0.153503
v -0.000000 1.011119 0.086582
v -0.000000 0.946565 0.104737
v -0.000000 1.073613 0.065581
v -0.000000 0.848881 0.122662
v -0.000000 1.240602 -0.324458
v -0.000000 0.830280 -0.143630
v -0.000000 0.947300 -0.149729
v -0.000000 0.889320 -0.148358
v -0.000000 1.008543 -0.168483
v -0.000000 1.195318 -0.290501
v -0.000000 1.135438 -0.244050
v -0.000000 1.167614 -0.268881
v -0.000000 1.218371 -0.307805
v -0.000000 1.059952 -0.194407
v -0.000000 1.344932 -0.183408
v -0.000000 1.279205 -0.129369
v -0.000000 1.337100 -0.293658
v -0.000000 1.367320 -0.251621
v -0.000000 1.393277 -0.207038
v -0.000000 1.393470 -0.172714
v -0.000000 1.292864 -0.064296
v -0.000000 1.391873 -0.164983
v -0.000000 1.296480 -0.067269
v -0.000000 1.136991 0.023264
v -0.000000 1.207671 -0.034848
v -0.000000 1.152140 0.041690
v -0.000000 1.222820 -0.016422
v -0.000000 1.251247 -0.030079
v -0.000000 1.240890 -0.021563
v -0.000000 1.295813 -0.066720
v -0.000000 1.283672 -0.056738
v -0.000000 1.392184 -0.166476
v -0.000000 1.395505 -0.187022
v -0.000000 1.382594 -0.229297
v -0.000000 1.352159 -0.272729
v -0.000000 1.321242 -0.315632
v -0.000000 1.312068 -0.156388
v -0.000000 1.149877 0.053267
v -0.000000 1.151265 0.050663
v -0.000000 1.231768 -0.015534
v -0.000000 1.234611 -0.016400
v -0.000000 1.265518 -0.041812
v -0.000000 1.298379 -0.337621
v -0.000000 1.308646 -0.333049
v -0.000000 1.302119 -0.337266
v -0.000000 1.305878 -0.335592
v -0.000000 1.244295 -0.327161
v -0.000000 1.260314 -0.333530
v -0.000000 1.249050 -0.329992
v -0.000000 1.254913 -0.332323
v -0.000000 0.763012 0.126292
v -0.000000 0.784631 0.126532
v -0.000000 0.762131 -0.108731
v -0.000000 0.780226 -0.115945
v -0.000000 1.100489 -0.219834
v -0.000000 0.805622 0.125982
v -0.000000 0.797035 -0.124295
v -0.000000 1.137233 0.057885
v -0.000000 1.141153 0.057551
v -0.000000 1.145370 0.056197
v -0.000000 1.148756 0.054188
v -0.000000 1.274680 -0.049344
v -0.000000 1.091461 0.058906
v -0.000000 1.096867 0.057451
v -0.000000 1.103217 0.056548
v -0.000000 1.108810 0.056439
v 0.067625 0.732198 0.092555
v 0.080017 0.732426 -0.057118
v 0.076676 0.972533 0.067656
v 0.094153 0.922441 -0.089557
v 0.096883 1.047373 -0.144872
v 0.071423 0.860871 0.089624
v 0.093193 0.826020 -0.079839
v 0.084865 1.044561 0.044175
v 0.096129 0.988278 -0.111907
v 0.098042 0.731397 -0.020310
v 0.112551 0.930832 -0.051763
v 0.105957 0.822962 -0.032834
v 0.115198 0.995452 -0.079475
v 0.102636 1.193040 -0.250207
v 0.132617 1.209256 -0.218507
v 0.073106 0.910816 0.082321
v 0.095539 0.865903 -0.083487
v 0.109756 0.870415 -0.039207
v 0.099341 1.164914 -0.226485
v 0.129803 1.181210 -0.196460
v 0.046131 0.734460 -0.087741
v 0.056624 0.917374 -0.126765
v 0.059363 1.040338 -0.170328
v 0.058106 1.085243 -0.197471
v 0.061526 0.836760 -0.126256
v 0.057383 0.981029 -0.143046
v 0.036857 0.732352 0.116154
v 0.042555 0.976835 0.088347
v 0.039627 0.870063 0.111330
v 0.046783 1.045403 0.067311
v 0.055113 1.184547 -0.272432
v 0.061783 0.865896 -0.127845
v 0.040769 0.918538 0.102658
v 0.055738 1.154557 -0.247878
v 0.089287 0.732057 0.057750
v 0.167193 1.252957 -0.147444
v 0.159076 1.216933 -0.121027
v 0.104973 1.216164 -0.269890
v 0.133738 1.233243 -0.237491
v 0.055738 1.208486 -0.291731
v 0.171552 1.284228 -0.172261
v 0.101162 0.731616 0.019536
v 0.152269 1.227450 -0.179633
v 0.147994 1.194713 -0.156453
v 0.154361 1.254865 -0.199655
v 0.106907 1.237994 -0.288398
v 0.134335 1.256054 -0.255454
v 0.056573 1.230831 -0.309554
v 0.170491 1.299435 -0.191448
v 0.155412 1.279013 -0.217126
v 0.069305 0.781452 0.093783
v 0.084993 0.771943 -0.065157
v 0.101119 0.770801 -0.024304
v 0.051568 0.776147 -0.098767
v 0.037907 0.784124 0.117909
v 0.090953 0.778815 0.058086
v 0.102881 0.775150 0.019610
v 0.056418 1.122399 -0.223385
v 0.149762 1.182447 -0.095518
v 0.070626 0.820605 0.092315
v 0.089218 0.797006 -0.072809
v 0.103124 0.794360 -0.027695
v 0.057032 0.806877 -0.112892
v 0.038731 0.826345 0.116146
v 0.092206 0.811439 0.058208
v 0.103886 0.801818 0.019334
v 0.114427 1.049670 -0.119545
v 0.119848 0.999668 -0.065797
v 0.087816 0.842246 0.067293
v 0.087930 0.895192 0.064491
v 0.092864 0.964144 0.048968
v 0.103915 1.038094 0.020884
v 0.123135 1.102533 -0.021366
v 0.139543 1.146175 -0.071741
v 0.106914 0.824764 0.005252
v 0.106791 0.826918 0.014840
v 0.111396 0.875361 -0.006884
v 0.111367 0.877509 0.002087
v 0.116411 0.936518 -0.027625
v 0.116697 0.939129 -0.019979
v 0.097591 1.091330 -0.172414
v 0.105570 1.099804 -0.170263
v 0.097366 1.134403 -0.202979
v 0.105722 1.130656 -0.192144
v 0.142713 1.162565 -0.132361
v 0.126458 1.158258 -0.180071
v 0.099993 0.804217 0.039261
v 0.100615 0.808894 0.038641
v 0.103810 0.810033 0.026909
v 0.096026 0.817083 0.051420
v 0.064975 0.733302 -0.073575
v 0.079586 0.732143 0.076026
v 0.078011 0.919234 -0.109038
v 0.074601 0.940130 0.076040
v 0.094830 0.892261 -0.085215
v 0.079678 1.007915 0.056998
v 0.096898 1.019688 -0.128132
v 0.081132 1.044146 -0.158443
v 0.107627 1.248909 -0.297652
v 0.071025 0.840125 0.091284
v 0.091238 0.810559 -0.076605
v 0.080801 0.830853 -0.103917
v 0.093179 1.081594 0.029523
v 0.094847 0.955131 -0.098602
v 0.079398 0.984220 -0.128623
v 0.019025 0.732320 0.122536
v 0.021906 0.977175 0.094521
v 0.020449 0.871010 0.117590
v 0.024004 1.044828 0.073683
v 0.090956 0.731763 -0.039278
v 0.105572 0.926624 -0.069786
v 0.101394 0.823520 -0.056011
v 0.107899 0.992557 -0.094680
v 0.114081 0.963712 -0.063542
v 0.104362 0.806913 -0.030080
v 0.134387 1.267459 -0.264435
v 0.111201 0.899433 -0.044078
v 0.101065 1.179397 -0.238538
v 0.131425 1.195431 -0.207484
v 0.172611 1.269713 -0.135751
v 0.080613 1.187753 -0.262725
v 0.119614 1.200602 -0.235539
v 0.072077 0.884372 0.086753
v 0.094864 0.844097 -0.082010
v 0.107893 0.844440 -0.035723
v 0.082006 0.865310 -0.106497
v 0.104602 0.867782 -0.060656
v 0.021016 0.919297 0.108844
v 0.161964 1.232803 -0.106871
v 0.116234 1.173069 -0.212804
v 0.079227 1.158680 -0.238368
v 0.024133 0.735812 -0.098231
v 0.029995 0.916880 -0.140784
v 0.031578 1.037307 -0.178344
v 0.030774 1.082035 -0.204589
v 0.033518 0.841962 -0.143831
v 0.030310 0.979049 -0.153429
v 0.053248 0.732290 0.106073
v 0.061406 0.975432 0.078778
v 0.057066 0.867143 0.101578
v 0.067674 1.045660 0.056944
v 0.028099 1.182912 -0.278535
v 0.033450 0.867194 -0.144821
v 0.058717 0.916068 0.093177
v 0.056027 1.138834 -0.235620
v 0.040150 0.893421 0.107553
v 0.062514 0.849867 -0.128471
v 0.055349 1.170089 -0.260510
v 0.059122 0.888867 -0.126132
v 0.058667 1.012163 -0.156176
v 0.056765 1.241916 -0.318401
v 0.059540 0.822333 -0.120482
v 0.056281 0.948789 -0.132667
v 0.044059 1.011101 0.078284
v 0.039163 0.847911 0.114158
v 0.051270 1.076508 0.056561
v 0.041538 0.946027 0.096408
v 0.177488 1.300166 -0.162977
v 0.096782 0.731867 0.038912
v 0.160341 1.238918 -0.162112
v 0.154369 1.204206 -0.137568
v 0.163432 1.235003 -0.134218
v 0.154487 1.199389 -0.108170
v 0.173081 1.309834 -0.191657
v 0.103898 1.205087 -0.260489
v 0.133318 1.221691 -0.228382
v 0.055295 1.197093 -0.282620
v 0.169976 1.269866 -0.160282
v 0.163644 1.268777 -0.184285
v 0.082288 1.211194 -0.282368
v 0.028210 1.207251 -0.297395
v 0.121458 1.223867 -0.254888
v 0.101534 0.731398 -0.000445
v 0.143205 1.217940 -0.199177
v 0.140091 1.187808 -0.176923
v 0.144437 1.243304 -0.218222
v 0.153537 1.241848 -0.190127
v 0.155868 1.291126 -0.225237
v 0.150399 1.211411 -0.168023
v 0.028998 1.152293 -0.254113
v 0.105996 1.227079 -0.279144
v 0.134093 1.244648 -0.246472
v 0.056208 1.219679 -0.300658
v 0.171698 1.294472 -0.183012
v 0.154942 1.267070 -0.208619
v 0.164663 1.291158 -0.201409
v 0.145070 1.267104 -0.235998
v 0.083894 1.233197 -0.300687
v 0.028491 1.229838 -0.314643
v 0.122776 1.245954 -0.273181
v 0.068592 0.761296 0.093732
v 0.082550 0.756589 -0.061113
v 0.099828 0.755785 -0.022391
v 0.048745 0.759212 -0.092875
v 0.037482 0.762738 0.117671
v 0.090223 0.759951 0.058196
v 0.102370 0.757945 0.019467
v 0.098396 0.777461 0.039342
v 0.081311 0.780052 0.076702
v 0.019575 0.784582 0.124312
v 0.070735 0.773755 -0.083097
v 0.103781 0.772548 -0.002058
v 0.027404 0.778865 -0.110938
v 0.054694 0.782957 0.107670
v 0.094966 0.770749 -0.045485
v 0.057146 1.104545 -0.210628
v 0.029771 1.119519 -0.229674
v 0.149100 1.195879 -0.077981
v 0.070016 0.800907 0.093197
v 0.087180 0.784596 -0.069014
v 0.102127 0.782858 -0.025917
v 0.054349 0.791513 -0.105478
v 0.038313 0.804937 0.117379
v 0.091655 0.795805 0.057767
v 0.103122 0.789532 0.019809
v 0.082518 0.815802 0.075825
v 0.019997 0.827105 0.122506
v 0.076143 0.801522 -0.093902
v 0.104730 0.797159 -0.003682
v 0.030786 0.811710 -0.127678
v 0.055858 0.824230 0.105983
v 0.098058 0.794391 -0.050784
v 0.059034 1.064317 -0.184105
v 0.118605 1.028358 -0.092943
v 0.119674 1.034982 -0.093001
v 0.087319 0.865718 0.067376
v 0.091643 0.861666 0.060422
v 0.089786 0.928412 0.058267
v 0.093960 0.924944 0.051725
v 0.113199 1.072678 0.000852
v 0.117442 1.068326 -0.007774
v 0.131694 1.126007 -0.044202
v 0.134235 1.118566 -0.053387
v 0.097284 1.001265 0.036774
v 0.101759 0.998286 0.029793
v 0.109027 0.849206 0.009082
v 0.108973 0.847227 -0.000331
v 0.113913 0.907910 -0.007293
v 0.113913 0.905305 -0.015491
v 0.119221 0.971752 -0.038477
v 0.118664 0.968762 -0.044485
v 0.103064 1.115992 -0.185435
v 0.093862 1.113424 -0.191839
v 0.143538 1.156146 -0.102325
v 0.140775 1.144996 -0.105070
v 0.113367 1.149439 -0.194561
v 0.114550 1.142697 -0.187983
v 0.136004 1.162154 -0.160142
v 0.134080 1.153493 -0.156330
v 0.102389 0.808238 0.032563
v 0.098403 0.811885 0.045178
v 0.101483 0.801787 0.033345
v 0.105093 0.815120 0.021445
v 0.093844 0.825031 0.056471
v 0.107751 1.074065 -0.148001
v 0.110890 1.082435 -0.149527
v 0.096495 1.070098 -0.159584
v 0.107386 1.049325 -0.132062
v 0.114397 1.024674 -0.101352
v 0.118643 0.997701 -0.070233
v 0.115606 0.934164 -0.037411
v 0.081592 0.851020 0.077220
v 0.089294 0.825918 0.064626
v 0.082554 0.902637 0.072198
v 0.086924 0.968187 0.057077
v 0.096825 1.041511 0.031149
v 0.116279 1.110084 -0.006326
v 0.134678 1.156424 -0.047364
v 0.144887 1.165700 -0.083435
v 0.147683 1.172155 -0.113551
v 0.107233 0.823584 -0.011098
v 0.111456 0.873132 -0.020466
v 0.105402 0.810997 0.010958
v 0.080084 1.089556 -0.186830
v 0.078402 1.127220 -0.214160
v 0.097793 1.150391 -0.215060
v 0.127963 1.168110 -0.186908
v 0.145265 1.178505 -0.145736
v 0.097736 0.804895 0.045346
v 0.059876 0.944121 0.086910
v 0.105114 0.895674 -0.063893
v 0.074326 1.079849 0.044704
v 0.123189 1.256998 -0.282327
v 0.099644 0.807497 -0.053455
v 0.056439 0.845303 0.104182
v 0.106724 0.959621 -0.080001
v 0.063641 1.010115 0.068566
v 0.029679 0.947577 -0.144823
v 0.032332 0.827883 -0.136892
v 0.028450 1.240879 -0.323080
v 0.031122 1.009551 -0.165150
v 0.031668 0.889003 -0.141817
v 0.118080 1.187111 -0.224254
v 0.034033 0.853253 -0.146181
v 0.103234 0.843612 -0.058285
v 0.057805 0.890567 0.097981
v 0.141905 1.203154 -0.188033
v 0.020709 0.894326 0.113767
v 0.082185 0.846422 -0.106079
v 0.079903 1.173720 -0.250832
v 0.079947 0.889916 -0.106492
v 0.080592 1.015744 -0.143168
v 0.031358 1.061105 -0.191595
v 0.084454 1.244188 -0.309839
v 0.078653 0.815959 -0.099498
v 0.078101 0.951363 -0.116683
v 0.022660 1.011228 0.084467
v 0.020216 0.848796 0.120471
v 0.026188 1.074327 0.063444
v 0.021397 0.946570 0.102587
v 0.175966 1.286556 -0.149423
v 0.145162 1.279009 -0.244807
v 0.167765 1.251446 -0.121470
v 0.155697 1.214398 -0.092358
v 0.143976 1.231141 -0.209117
v 0.081420 1.200010 -0.273041
v 0.028049 1.195681 -0.288526
v 0.120676 1.212676 -0.245610
v 0.176791 1.308578 -0.176991
v 0.162362 1.254801 -0.173732
v 0.165726 1.302752 -0.207445
v 0.157607 1.221745 -0.149791
v 0.030220 1.101455 -0.217288
v 0.029403 1.136241 -0.241816
v 0.028487 1.168160 -0.266726
v 0.164259 1.280548 -0.193567
v 0.144810 1.255220 -0.227138
v 0.083147 1.222198 -0.291529
v 0.028393 1.218603 -0.306062
v 0.122174 1.234910 -0.264034
v 0.097808 0.759105 0.039190
v 0.080542 0.760617 0.076814
v 0.019354 0.762989 0.124066
v 0.067803 0.757671 -0.078131
v 0.103000 0.756644 -0.001382
v 0.025692 0.761133 -0.104147
v 0.054101 0.762091 0.107491
v 0.093105 0.755851 -0.042434
v 0.082101 0.798240 0.076053
v 0.019784 0.805558 0.123770
v 0.073510 0.787703 -0.088358
v 0.104196 0.785541 -0.002454
v 0.029120 0.795277 -0.118810
v 0.055272 0.803300 0.107134
v 0.096559 0.782710 -0.048199
v 0.105094 1.066765 -0.147116
v 0.108239 1.023140 -0.113011
v 0.117276 1.020063 -0.090836
v 0.117536 0.966557 -0.051653
v 0.082058 0.832429 0.076811
v 0.081695 0.874576 0.075851
v 0.084280 0.934020 0.065935
v 0.090735 1.004528 0.045622
v 0.105903 1.077478 0.013479
v 0.126132 1.135097 -0.027283
v 0.142172 1.176668 -0.063507
v 0.145638 1.164084 -0.099861
v 0.109243 0.845811 -0.015361
v 0.105730 0.808457 -0.007036
v 0.113567 0.902784 -0.027356
v 0.080853 1.068321 -0.172911
v 0.078804 1.109179 -0.201063
v 0.078608 1.143413 -0.226334
v 0.114406 1.159789 -0.202525
v 0.150913 1.187292 -0.125950
v 0.137940 1.173419 -0.167269
v 0.099041 0.794467 0.039429
v 0.035262 1.140134 0.020680
v 0.011723 1.137241 0.023059
v 0.019100 1.201066 -0.029417
v 0.020935 1.340568 -0.179820
v 0.036461 1.328532 -0.169924
v 0.006796 1.206903 -0.034217
v 0.042172 1.312069 -0.156388
v 0.013407 1.204588 -0.032313
v 0.036461 1.295606 -0.142853
v 0.039889 1.250581 -0.070128
v 0.020935 1.283569 -0.132957
v 0.037598 1.224566 -0.048738
v 0.033439 1.243119 -0.063992
v 0.031877 1.236680 -0.058699
v 0.033388 1.230234 -0.053399
v 0.106008 1.272062 -0.087789
v 0.120662 1.254274 -0.073165
v 0.113417 1.270657 -0.086635
v 0.119085 1.267196 -0.083789
v 0.121776 1.262017 -0.079531
v 0.077220 1.191370 -0.021446
v 0.098760 1.196883 -0.025979
v 0.083301 1.188067 -0.018730
v 0.089359 1.187554 -0.018309
v 0.094503 1.190079 -0.020384
v 0.079268 1.272210 -0.087911
v 0.073238 1.271530 -0.087352
v 0.067037 1.269921 -0.086029
v 0.061285 1.267514 -0.084050
v 0.063491 1.336589 -0.290624
v 0.060364 1.166316 -0.000846
v 0.056048 1.147449 0.014665
v 0.064043 1.161400 0.003195
v 0.092894 1.336057 -0.099850
v 0.064629 1.156245 0.007434
v 0.061973 1.151493 0.011340
v 0.023596 1.138185 0.022282
v 0.046387 1.143297 0.018079
v 0.099564 1.376677 -0.141728
v 0.082945 1.390608 -0.198123
v 0.075838 1.365699 -0.249060
v 0.041681 1.389484 -0.162796
v 0.065363 1.374711 -0.136538
v 0.071953 1.348625 -0.110501
v 0.063875 1.323591 -0.089558
v 0.040913 1.302250 -0.072012
v 0.034069 1.387826 -0.155619
v 0.059003 1.373223 -0.134727
v 0.068246 1.349124 -0.111077
v 0.059060 1.322959 -0.089039
v 0.033982 1.303545 -0.073077
v 0.064629 1.171394 0.025860
v 0.061974 1.166643 0.029766
v 0.064043 1.176550 0.021621
v 0.060364 1.181465 0.017580
v 0.046387 1.158447 0.036505
v 0.056048 1.162599 0.033091
v 0.113417 1.285809 -0.068205
v 0.106008 1.287213 -0.069361
v 0.079268 1.287360 -0.069485
v 0.110348 1.241520 -0.031792
v 0.121333 1.271210 -0.056201
v 0.121776 1.277170 -0.061101
v 0.119085 1.282349 -0.065360
v 0.037598 1.239715 -0.030313
v 0.031877 1.251830 -0.040273
v 0.033388 1.245384 -0.034973
v 0.061286 1.282663 -0.065624
v 0.067037 1.285071 -0.067603
v 0.033439 1.258268 -0.045567
v 0.039889 1.265730 -0.051702
v 0.023596 1.153334 0.040708
v 0.035262 1.155283 0.039105
v 0.011723 1.152390 0.041485
v 0.077220 1.206521 -0.003019
v 0.019100 1.216215 -0.010992
v 0.006796 1.222053 -0.015791
v 0.013407 1.219737 -0.013887
v 0.094504 1.205229 -0.001957
v 0.098112 1.210371 -0.006184
v 0.089359 1.202705 0.000118
v 0.083301 1.203217 -0.000303
v 0.073238 1.286680 -0.068926
v 0.029690 1.288793 -0.137252
v 0.040711 1.303549 -0.149383
v 0.040711 1.320589 -0.163393
v 0.029690 1.335344 -0.175525
v 0.010813 1.343821 -0.182495
v 0.057257 1.321540 -0.312050
v 0.094127 1.335265 -0.287341
v 0.123644 1.332110 -0.096562
v 0.128365 1.384356 -0.199295
v 0.096820 1.387041 -0.167946
v 0.133092 1.372166 -0.139253
v 0.069646 1.351124 -0.269879
v 0.112471 1.362920 -0.246354
v 0.097818 1.359467 -0.120278
v 0.081570 1.380156 -0.226804
v 0.056756 1.391889 -0.176735
v 0.022283 1.392554 -0.170258
v 0.077426 1.376691 -0.139846
v 0.055944 1.383743 -0.150719
v 0.070687 1.362293 -0.122854
v 0.079737 1.345076 -0.107406
v 0.069363 1.335823 -0.099660
v 0.075329 1.328105 -0.093281
v 0.054494 1.311542 -0.079651
v 0.023782 1.296494 -0.067280
v 0.017637 1.390969 -0.162409
v 0.048155 1.381921 -0.145980
v 0.065854 1.361989 -0.122924
v 0.017565 1.298282 -0.068750
v 0.048138 1.311975 -0.080008
v 0.065909 1.335718 -0.099594
v 0.035436 1.388138 -0.156869
v 0.060382 1.373575 -0.134973
v 0.069294 1.349062 -0.110962
v 0.060155 1.322818 -0.088923
v 0.035133 1.303002 -0.072631
v 0.109927 1.225442 -0.049460
v 0.056787 1.264552 -0.081615
v 0.115846 1.255992 -0.043691
v 0.056788 1.279702 -0.063189
v 0.104587 1.226535 -0.019473
v 0.071201 1.197042 0.014489
v 0.087966 1.313190 -0.081007
v 0.054241 1.300690 -0.070730
v 0.023371 1.235286 -0.016956
v 0.084078 1.187635 0.022224
v 0.016968 1.240164 -0.020966
v 0.010813 1.280316 -0.130282
v 0.032001 1.337068 -0.292847
v 0.038215 1.367027 -0.250928
v 0.039563 1.392630 -0.205795
v 0.085243 1.321690 -0.307411
v 0.028752 1.321353 -0.314770
v 0.132879 1.382646 -0.168702
v 0.103210 1.349006 -0.266985
v 0.129484 1.354560 -0.116253
v 0.035113 1.352019 -0.271942
v 0.040868 1.382082 -0.228665
v 0.121362 1.376205 -0.224791
v 0.071130 1.386451 -0.159570
v 0.079477 1.362009 -0.122465
v 0.073464 1.336365 -0.100099
v 0.049659 1.382294 -0.146742
v 0.067056 1.362135 -0.122885
v 0.066892 1.335617 -0.099503
v 0.049335 1.311610 -0.079708
v 0.018490 1.297634 -0.068217
v 0.027182 1.232239 -0.014450
v 0.117123 1.305467 -0.074651
v 0.067696 1.310604 -0.078881
v 0.029410 1.290894 -0.062676
v 0.018446 1.391270 -0.163871
v 0.030874 1.394650 -0.185037
v 0.023399 1.312068 -0.156388
v 0.070849 1.174657 0.031410
v 0.073599 1.175043 0.032577
v 0.067172 1.167876 0.036983
v 0.069439 1.167373 0.038882
v 0.070106 1.181996 0.025388
v 0.072770 1.183332 0.025761
v 0.067979 1.190095 0.020199
v 0.065732 1.188159 0.020323
v 0.049083 1.158036 0.045091
v 0.050230 1.156843 0.047539
v 0.059830 1.162695 0.041252
v 0.061436 1.161711 0.043535
v 0.116230 1.294233 -0.066886
v 0.117482 1.296870 -0.067583
v 0.107041 1.296118 -0.068432
v 0.107424 1.298937 -0.069283
v 0.078438 1.299145 -0.069459
v 0.078645 1.296323 -0.068601
v 0.116465 1.244179 -0.025724
v 0.119079 1.244301 -0.024362
v 0.130371 1.275108 -0.049687
v 0.127668 1.274689 -0.050817
v 0.128019 1.282053 -0.056887
v 0.130745 1.283160 -0.056310
v 0.126365 1.291318 -0.063018
v 0.124129 1.289298 -0.062842
v 0.032247 1.241040 -0.023157
v 0.030012 1.240535 -0.021272
v 0.025551 1.255887 -0.035369
v 0.022792 1.256617 -0.034494
v 0.027431 1.247743 -0.028664
v 0.024833 1.247745 -0.027199
v 0.057741 1.290796 -0.064059
v 0.056202 1.293264 -0.064622
v 0.064498 1.293625 -0.066386
v 0.063408 1.296279 -0.067103
v 0.024912 1.265519 -0.041812
v 0.027486 1.264015 -0.042052
v 0.032588 1.274680 -0.049344
v 0.034747 1.272672 -0.049167
v 0.025027 1.151159 0.052213
v 0.024596 1.152522 0.049629
v 0.037805 1.153301 0.050451
v 0.037042 1.154607 0.047913
v 0.012313 1.150141 0.053049
v 0.012135 1.151525 0.050449
v 0.071612 1.205741 0.007338
v 0.073355 1.206639 0.005122
v 0.023276 1.223990 -0.009133
v 0.025120 1.226264 -0.009537
v 0.009324 1.233566 -0.015541
v 0.008559 1.230809 -0.014745
v 0.016714 1.227981 -0.012420
v 0.018134 1.230512 -0.013031
v 0.098977 1.205840 0.005782
v 0.100970 1.205042 0.007913
v 0.103817 1.212237 0.000532
v 0.106315 1.212083 0.002125
v 0.090779 1.202013 0.008909
v 0.091424 1.200612 0.011554
v 0.081239 1.202631 0.008397
v 0.080331 1.201334 0.010961
v 0.071155 1.298289 -0.068756
v 0.071794 1.295517 -0.067943
v 0.124687 1.259089 -0.036520
v 0.122068 1.258943 -0.037865
v 0.050820 1.289762 -0.061745
v 0.052677 1.287499 -0.061352
v 0.113190 1.229009 -0.011791
v 0.110584 1.228908 -0.013169
v 0.093428 1.316679 -0.312410
v 0.098840 1.307030 -0.315235
v 0.095648 1.314157 -0.314236
v 0.097629 1.310625 -0.315270
v 0.126184 1.327720 -0.281071
v 0.118560 1.335830 -0.281484
v 0.124455 1.330896 -0.282018
v 0.121665 1.333864 -0.282170
v 0.108015 1.207702 0.005726
v 0.116226 1.201829 0.002589
v 0.111387 1.206371 0.005753
v 0.114393 1.204222 0.004605
v 0.148050 1.284436 -0.065184
v 0.139526 1.290212 -0.062105
v 0.146071 1.286805 -0.063219
v 0.142951 1.288919 -0.062092
v 0.154495 1.329534 -0.094434
v 0.162911 1.324169 -0.097964
v 0.158005 1.328559 -0.094695
v 0.161086 1.326595 -0.095988
v 0.049915 1.309958 -0.328757
v 0.051655 1.299708 -0.333149
v 0.050533 1.307189 -0.331242
v 0.051170 1.303437 -0.332849
v 0.052684 1.143325 0.051971
v 0.049676 1.154373 0.049570
v 0.051974 1.147105 0.052205
v 0.050873 1.151148 0.051326
v 0.174061 1.359012 -0.136793
v 0.166694 1.365944 -0.134825
v 0.172720 1.362087 -0.135519
v 0.170024 1.364625 -0.134798
v 0.141362 1.360122 -0.243720
v 0.149846 1.353199 -0.241205
v 0.145116 1.358889 -0.243201
v 0.148221 1.356355 -0.242280
v 0.113937 1.315746 -0.300076
v 0.107243 1.324713 -0.298803
v 0.112533 1.319239 -0.300425
v 0.110083 1.322521 -0.299959
v 0.073752 1.312177 -0.322321
v 0.077103 1.302016 -0.326194
v 0.075065 1.309435 -0.324595
v 0.076291 1.305716 -0.326013
v 0.071962 1.162636 0.042776
v 0.076641 1.152378 0.043896
v 0.073926 1.159719 0.044194
v 0.075639 1.155965 0.044605
v 0.147147 1.310230 -0.078564
v 0.155634 1.304454 -0.081661
v 0.150567 1.308938 -0.078552
v 0.153673 1.306824 -0.079686
v 0.167113 1.376601 -0.165568
v 0.174221 1.369141 -0.166328
v 0.170440 1.375215 -0.165516
v 0.173041 1.372484 -0.165794
v 0.161300 1.365089 -0.220712
v 0.153326 1.372361 -0.222577
v 0.159834 1.368353 -0.221551
v 0.156916 1.371014 -0.222234
v 0.026747 1.138564 0.056471
v 0.025316 1.149998 0.053166
v 0.026379 1.142457 0.056319
v 0.025855 1.146642 0.055109
v 0.089526 1.174846 0.032738
v 0.095938 1.165927 0.032317
v 0.092278 1.172495 0.033632
v 0.094625 1.169230 0.033478
v 0.162610 1.379103 -0.197223
v 0.169854 1.371504 -0.196636
v 0.166000 1.377692 -0.197099
v 0.168652 1.374911 -0.196884
v 0.132668 1.244394 -0.032338
v 0.124285 1.250174 -0.029190
v 0.130759 1.246765 -0.030338
v 0.127691 1.248881 -0.029185
v 0.100998 1.191074 0.019397
v 0.108536 1.183728 0.017498
v 0.104202 1.189358 0.019744
v 0.106961 1.186669 0.019049
v 0.131906 1.270193 -0.045648
v 0.140408 1.264416 -0.048738
v 0.135327 1.268900 -0.045635
v 0.138439 1.266786 -0.046766
v 0.125003 1.224372 -0.015899
v 0.116668 1.230163 -0.012739
v 0.123117 1.226746 -0.013890
v 0.120066 1.228865 -0.012733
v 0.138030 1.340465 -0.261131
v 0.130458 1.348530 -0.261748
v 0.136343 1.343629 -0.262146
v 0.133572 1.346581 -0.262372
v 0.161856 1.349381 -0.112075
v 0.169689 1.343232 -0.114999
v 0.165238 1.348181 -0.112154
v 0.168105 1.345930 -0.113225
v 0.025014 1.308932 -0.332113
v 0.025757 1.298664 -0.336669
v 0.025259 1.306162 -0.334653
v 0.025531 1.302404 -0.336320
v 0.103438 1.116498 0.015077
v 0.101473 1.135445 0.017926
v 0.103251 1.123086 0.015131
v 0.102532 1.130021 0.016174
v 0.126217 1.175962 -0.019431
v 0.130340 1.163545 -0.031564
v 0.127742 1.172009 -0.023185
v 0.129251 1.167464 -0.027625
v 0.107880 1.252922 -0.301122
v 0.106492 1.268503 -0.308464
v 0.107824 1.257536 -0.304223
v 0.107316 1.263239 -0.306910
v 0.134225 1.271831 -0.267800
v 0.132512 1.287668 -0.275199
v 0.134033 1.276527 -0.270847
v 0.133406 1.282324 -0.273555
v 0.163685 1.244672 -0.100907
v 0.160734 1.256521 -0.088292
v 0.163340 1.248359 -0.096705
v 0.162260 1.252697 -0.092088
v 0.174435 1.294816 -0.120522
v 0.175126 1.280379 -0.130727
v 0.175542 1.290385 -0.123794
v 0.175795 1.285101 -0.127529
v 0.055897 1.261796 -0.328378
v 0.056699 1.245893 -0.321726
v 0.056355 1.256432 -0.327062
v 0.056648 1.250611 -0.324627
v 0.055692 1.114299 0.047175
v 0.057161 1.096482 0.048266
v 0.056294 1.108683 0.046914
v 0.056832 1.102161 0.047313
v 0.174484 1.331331 -0.194158
v 0.174223 1.313670 -0.191025
v 0.174840 1.325703 -0.193326
v 0.174745 1.319239 -0.192180
v 0.179861 1.308592 -0.159392
v 0.180417 1.324144 -0.151120
v 0.180814 1.313481 -0.156730
v 0.181018 1.319174 -0.153702
v 0.155976 1.295774 -0.228443
v 0.154024 1.311305 -0.236589
v 0.155843 1.300639 -0.231252
v 0.155129 1.306324 -0.234234
v 0.144037 1.217593 -0.055220
v 0.147733 1.205423 -0.067602
v 0.145585 1.213698 -0.058996
v 0.146938 1.209244 -0.063528
v 0.121626 1.142224 -0.012414
v 0.115995 1.154456 -0.000613
v 0.119664 1.145730 -0.008323
v 0.117603 1.150207 -0.004003
v 0.084625 1.248186 -0.313328
v 0.083551 1.263948 -0.320302
v 0.084582 1.252856 -0.316333
v 0.084189 1.258625 -0.318886
v 0.029166 1.092560 0.056410
v 0.028312 1.110054 0.054251
v 0.028942 1.098046 0.055110
v 0.028630 1.104450 0.054320
v 0.123218 1.261135 -0.285664
v 0.121497 1.276658 -0.293280
v 0.123086 1.265742 -0.288811
v 0.122456 1.271425 -0.291599
v 0.169514 1.261736 -0.115228
v 0.168287 1.276151 -0.104861
v 0.169989 1.266578 -0.112038
v 0.169539 1.271854 -0.108244
v 0.139244 1.185094 -0.050168
v 0.135390 1.197341 -0.037830
v 0.138311 1.188951 -0.046141
v 0.136901 1.193433 -0.041625
v 0.028347 1.244669 -0.326035
v 0.027849 1.260682 -0.332451
v 0.028272 1.249426 -0.328869
v 0.028090 1.255287 -0.331218
v 0.083624 1.104490 0.032980
v 0.080851 1.122319 0.034480
v 0.082858 1.110288 0.032907
v 0.081844 1.116813 0.033456
v 0.179181 1.331578 -0.171652
v 0.178494 1.313974 -0.174385
v 0.179609 1.325994 -0.172595
v 0.179358 1.319550 -0.173596
v 0.142673 1.298807 -0.257028
v 0.144812 1.283381 -0.248808
v 0.143868 1.293858 -0.254669
v 0.144651 1.288211 -0.251660
v 0.178549 1.311086 -0.134867
v 0.178846 1.297726 -0.145927
v 0.179489 1.306737 -0.138214
v 0.179598 1.301847 -0.142263
v 0.165287 1.323409 -0.215532
v 0.166399 1.306965 -0.208983
v 0.166060 1.318116 -0.213727
v 0.166467 1.312097 -0.211330
v 0.155959 1.225149 -0.084395
v 0.152569 1.237190 -0.071917
v 0.155361 1.228912 -0.080258
v 0.154120 1.233320 -0.075691
v 0.120529 1.004291 -0.062984
v 0.116349 1.061534 -0.123529
v 0.092074 0.891239 0.057885
v 0.092228 0.838972 0.059657
v 0.097193 0.961116 0.042284
v 0.126813 1.096889 -0.030763
v 0.108399 1.034673 0.013275
v 0.138997 1.134180 -0.077576
v 0.139221 1.151418 -0.132602
v 0.125494 1.150690 -0.175105
v 0.143499 1.138808 -0.130362
v 0.135368 1.132929 -0.153185
v 0.123883 1.125308 -0.174072
v 0.143414 1.126756 -0.105831
v 0.137929 1.120125 -0.132072
v 0.126807 1.110509 -0.155439
v 0.140445 1.111173 -0.080980
v 0.139295 1.104067 -0.108172
v 0.129298 1.094739 -0.133566
v 0.135975 1.089665 -0.055296
v 0.137909 1.082879 -0.081378
v 0.130635 1.074334 -0.106907
v 0.129759 1.061611 -0.028563
v 0.135101 1.055130 -0.052738
v 0.131171 1.047580 -0.076936
v 0.121877 1.030496 -0.004495
v 0.129375 1.024237 -0.025566
v 0.129170 1.015914 -0.046984
v 0.115511 0.995542 0.014479
v 0.124007 0.990010 -0.003817
v 0.125904 0.981180 -0.023054
v 0.110658 0.958897 0.029109
v 0.119607 0.954382 0.012814
v 0.122272 0.946805 -0.004732
v 0.106555 0.923917 0.039865
v 0.115885 0.921154 0.024433
v 0.119493 0.915130 0.007528
v 0.104228 0.890078 0.046874
v 0.113473 0.887604 0.033211
v 0.117672 0.882593 0.016558
v 0.103282 0.861773 0.050447
v 0.111547 0.860030 0.037568
v 0.115456 0.854996 0.022580
v 0.102307 0.839618 0.050762
v 0.109678 0.838263 0.039460
v 0.112352 0.833007 0.026535
v 0.101191 0.824656 0.049273
v 0.107072 0.821683 0.040990
v 0.107678 0.818843 0.030846
v 0.116118 1.060106 -0.123050
v 0.120339 1.003000 -0.063770
v 0.091513 0.839502 0.060894
v 0.091351 0.891928 0.059036
v 0.096419 0.961658 0.043480
v 0.107678 1.035224 0.014500
v 0.126328 1.097633 -0.029524
v 0.139059 1.135549 -0.076910
v 0.106810 0.826584 0.013353
v 0.111372 0.877154 0.000605
v 0.116643 0.938637 -0.021421
v 0.104543 1.098712 -0.170540
v 0.104824 1.131058 -0.193308
v 0.139676 1.152872 -0.132571
v 0.125655 1.151957 -0.175936
v 0.100416 0.807396 0.038840
v 0.103820 0.808912 0.025876
v 0.095421 0.816188 0.052496
v 0.119431 1.033478 -0.092988
v 0.090922 0.862342 0.061582
v 0.093211 0.925565 0.052898
v 0.116829 1.068954 -0.006528
v 0.133915 1.119503 -0.052229
v 0.100985 0.998801 0.031000
v 0.109018 0.848892 0.007591
v 0.113913 0.907448 -0.008746
v 0.119095 0.971075 -0.039836
v 0.101844 1.115652 -0.186283
v 0.141125 1.146442 -0.104744
v 0.114360 1.143779 -0.189039
v 0.134383 1.154860 -0.156931
v 0.102178 0.806740 0.032744
v 0.098259 0.810368 0.045215
v 0.105135 0.814562 0.020027
v 0.093105 0.825175 0.057796
v 0.110363 1.081029 -0.149271
v -0.067625 0.732198 0.092555
v -0.080017 0.732426 -0.057118
v -0.076676 0.972533 0.067656
v -0.094153 0.922441 -0.089557
v -0.096883 1.047373 -0.144872
v -0.071423 0.860871 0.089624
v -0.093192 0.826020 -0.079839
v -0.084865 1.044561 0.044175
v -0.096129 0.988278 -0.111907
v -0.098042 0.731397 -0.020310
v -0.112551 0.930832 -0.051763
v -0.105957 0.822962 -0.032834
v -0.115197 0.995452 -0.079475
v -0.102636 1.193040 -0.250207
v -0.132617 1.209256 -0.218507
v -0.073106 0.910816 0.082321
v -0.095539 0.865903 -0.083487
v -0.109756 0.870415 -0.039207
v -0.099340 1.164914 -0.226485
v -0.129803 1.181210 -0.196460
v -0.046131 0.734460 -0.087741
v -0.056623 0.917374 -0.126765
v -0.059363 1.040338 -0.170328
v -0.058106 1.085243 -0.197471
v -0.061525 0.836760 -0.126256
v -0.057382 0.981029 -0.143046
v -0.036857 0.732352 0.116154
v -0.042555 0.976835 0.088347
v -0.039627 0.870063 0.111330
v -0.046783 1.045403 0.067311
v -0.055113 1.184547 -0.272432
v -0.061782 0.865896 -0.127845
v -0.040769 0.918538 0.102658
v -0.055738 1.154557 -0.247878
v -0.089287 0.732057 0.057750
v -0.167193 1.252957 -0.147444
v -0.159076 1.216933 -0.121027
v -0.104972 1.216164 -0.269890
v -0.133738 1.233243 -0.237491
v -0.055738 1.208486 -0.291731
v -0.171552 1.284228 -0.172261
v -0.101162 0.731616 0.019536
v -0.152268 1.227450 -0.179633
v -0.147994 1.194713 -0.156453
v -0.154361 1.254865 -0.199655
v -0.106906 1.237994 -0.288398
v -0.134335 1.256054 -0.255454
v -0.056573 1.230831 -0.309554
v -0.170491 1.299435 -0.191448
v -0.155411 1.279013 -0.217126
v -0.069305 0.781452 0.093783
v -0.084993 0.771943 -0.065157
v -0.101119 0.770801 -0.024304
v -0.051568 0.776147 -0.098767
v -0.037907 0.784124 0.117909
v -0.090953 0.778815 0.058086
v -0.102881 0.775150 0.019610
v -0.056418 1.122399 -0.223385
v -0.149761 1.182447 -0.095518
v -0.070626 0.820605 0.092315
v -0.089217 0.797006 -0.072809
v -0.103124 0.794360 -0.027695
v -0.057032 0.806877 -0.112892
v -0.038731 0.826345 0.116146
v -0.092206 0.811439 0.058208
v -0.103886 0.801818 0.019334
v -0.114427 1.049670 -0.119545
v -0.119848 0.999668 -0.065797
v -0.087815 0.842246 0.067293
v -0.087930 0.895192 0.064491
v -0.092863 0.964144 0.048968
v -0.103914 1.038094 0.020884
v -0.123135 1.102533 -0.021366
v -0.139543 1.146175 -0.071741
v -0.106914 0.824764 0.005252
v -0.106791 0.826918 0.014840
v -0.111396 0.875361 -0.006884
v -0.111367 0.877509 0.002087
v -0.116411 0.936518 -0.027625
v -0.116697 0.939129 -0.019979
v -0.097591 1.091330 -0.172414
v -0.105570 1.099804 -0.170263
v -0.097366 1.134403 -0.202979
v -0.105722 1.130656 -0.192144
v -0.142713 1.162565 -0.132361
v -0.126458 1.158258 -0.180071
v -0.099993 0.804217 0.039261
v -0.100615 0.808894 0.038641
v -0.103810 0.810033 0.026909
v -0.096026 0.817083 0.051420
v -0.064975 0.733302 -0.073575
v -0.079585 0.732143 0.076026
v -0.078010 0.919234 -0.109038
v -0.074601 0.940130 0.076040
v -0.094830 0.892261 -0.085215
v -0.079678 1.007915 0.056998
v -0.096898 1.019688 -0.128132
v -0.081132 1.044146 -0.158443
v -0.107627 1.248909 -0.297652
v -0.071025 0.840125 0.091284
v -0.091238 0.810559 -0.076605
v -0.080801 0.830853 -0.103917
v -0.093179 1.081594 0.029523
v -0.094846 0.955131 -0.098602
v -0.079398 0.984220 -0.128623
v -0.019024 0.732320 0.122536
v -0.021905 0.977175 0.094521
v -0.020449 0.871010 0.117590
v -0.024004 1.044828 0.073683
v -0.090956 0.731763 -0.039278
v -0.105572 0.926624 -0.069786
v -0.101394 0.823520 -0.056011
v -0.107899 0.992557 -0.094680
v -0.114081 0.963712 -0.063542
v -0.104361 0.806913 -0.030080
v -0.134387 1.267459 -0.264435
v -0.111201 0.899433 -0.044078
v -0.101065 1.179397 -0.238538
v -0.131425 1.195431 -0.207484
v -0.172610 1.269713 -0.135751
v -0.080613 1.187753 -0.262725
v -0.119614 1.200602 -0.235539
v -0.072077 0.884372 0.086753
v -0.094864 0.844097 -0.082010
v -0.107893 0.844440 -0.035723
v -0.082006 0.865310 -0.106497
v -0.104602 0.867782 -0.060656
v -0.021016 0.919297 0.108844
v -0.161964 1.232803 -0.106871
v -0.116234 1.173069 -0.212804
v -0.079226 1.158680 -0.238368
v -0.024133 0.735812 -0.098231
v -0.029995 0.916880 -0.140784
v -0.031578 1.037307 -0.178344
v -0.030774 1.082035 -0.204589
v -0.033518 0.841962 -0.143831
v -0.030310 0.979049 -0.153429
v -0.053248 0.732290 0.106073
v -0.061406 0.975432 0.078778
v -0.057065 0.867143 0.101578
v -0.067674 1.045660 0.056944
v -0.028099 1.182912 -0.278535
v -0.033450 0.867194 -0.144821
v -0.058717 0.916068 0.093177
v -0.056027 1.138834 -0.235620
v -0.040149 0.893421 0.107553
v -0.062514 0.849867 -0.128471
v -0.055349 1.170089 -0.260510
v -0.059122 0.888867 -0.126132
v -0.058667 1.012163 -0.156176
v -0.056765 1.241916 -0.318401
v -0.059539 0.822333 -0.120482
v -0.056280 0.948789 -0.132667
v -0.044059 1.011101 0.078284
v -0.039163 0.847911 0.114158
v -0.051270 1.076508 0.056561
v -0.041538 0.946027 0.096408
v -0.177488 1.300166 -0.162977
v -0.096782 0.731867 0.038912
v -0.160341 1.238918 -0.162112
v -0.154369 1.204206 -0.137568
v -0.163431 1.235003 -0.134218
v -0.154487 1.199389 -0.108170
v -0.173081 1.309834 -0.191657
v -0.103898 1.205087 -0.260489
v -0.133318 1.221691 -0.228382
v -0.055295 1.197093 -0.282620
v -0.169975 1.269866 -0.160282
v -0.163644 1.268777 -0.184285
v -0.082288 1.211194 -0.282368
v -0.028210 1.207251 -0.297395
v -0.121458 1.223867 -0.254888
v -0.101534 0.731398 -0.000445
v -0.143205 1.217940 -0.199177
v -0.140091 1.187808 -0.176923
v -0.144437 1.243304 -0.218222
v -0.153536 1.241848 -0.190127
v -0.155868 1.291126 -0.225237
v -0.150398 1.211411 -0.168023
v -0.028997 1.152293 -0.254113
v -0.105996 1.227079 -0.279144
v -0.134093 1.244648 -0.246472
v -0.056208 1.219679 -0.300658
v -0.171698 1.294472 -0.183012
v -0.154942 1.267070 -0.208619
v -0.164663 1.291158 -0.201409
v -0.145069 1.267104 -0.235998
v -0.083894 1.233197 -0.300687
v -0.028491 1.229838 -0.314643
v -0.122776 1.245954 -0.273181
v -0.068592 0.761296 0.093732
v -0.082550 0.756589 -0.061113
v -0.099827 0.755785 -0.022391
v -0.048745 0.759212 -0.092875
v -0.037482 0.762738 0.117671
v -0.090223 0.759951 0.058196
v -0.102370 0.757945 0.019467
v -0.098396 0.777461 0.039342
v -0.081310 0.780052 0.076702
v -0.019575 0.784582 0.124312
v -0.070735 0.773755 -0.083097
v -0.103781 0.772548 -0.002058
v -0.027404 0.778865 -0.110938
v -0.054694 0.782957 0.107670
v -0.094966 0.770749 -0.045485
v -0.057146 1.104545 -0.210628
v -0.029771 1.119519 -0.229674
v -0.149099 1.195879 -0.077981
v -0.070016 0.800907 0.093197
v -0.087180 0.784596 -0.069014
v -0.102127 0.782858 -0.025917
v -0.054349 0.791513 -0.105478
v -0.038312 0.804937 0.117379
v -0.091655 0.795805 0.057767
v -0.103121 0.789532 0.019809
v -0.082518 0.815802 0.075825
v -0.019997 0.827105 0.122506
v -0.076143 0.801522 -0.093902
v -0.104729 0.797159 -0.003682
v -0.030786 0.811710 -0.127678
v -0.055858 0.824230 0.105983
v -0.098058 0.794391 -0.050784
v -0.059033 1.064317 -0.184105
v -0.118604 1.028358 -0.092943
v -0.119674 1.034982 -0.093001
v -0.087319 0.865718 0.067376
v -0.091643 0.861666 0.060422
v -0.089786 0.928412 0.058267
v -0.093959 0.924944 0.051725
v -0.113199 1.072678 0.000852
v -0.117441 1.068326 -0.007774
v -0.131694 1.126007 -0.044202
v -0.134235 1.118566 -0.053387
v -0.097284 1.001265 0.036774
v -0.101758 0.998286 0.029793
v -0.109027 0.849206 0.009082
v -0.108973 0.847227 -0.000331
v -0.113913 0.907910 -0.007293
v -0.113913 0.905305 -0.015491
v -0.119220 0.971752 -0.038477
v -0.118664 0.968762 -0.044485
v -0.103064 1.115992 -0.185435
v -0.093862 1.113424 -0.191839
v -0.142817 1.153422 -0.103170
v -0.140775 1.144996 -0.105070
v -0.113367 1.149439 -0.194561
v -0.114550 1.142697 -0.187983
v -0.136004 1.162154 -0.160142
v -0.134080 1.153493 -0.156330
v -0.102389 0.808238 0.032563
v -0.098403 0.811885 0.045178
v -0.101483 0.801787 0.033345
v -0.105093 0.815120 0.021445
v -0.093844 0.825031 0.056471
v -0.107750 1.074065 -0.148001
v -0.110890 1.082435 -0.149527
v -0.096495 1.070098 -0.159584
v -0.107386 1.049325 -0.132062
v -0.114397 1.024674 -0.101352
v -0.118643 0.997701 -0.070233
v -0.115606 0.934164 -0.037411
v -0.081591 0.851020 0.077220
v -0.089294 0.825918 0.064626
v -0.082554 0.902637 0.072198
v -0.086924 0.968187 0.057077
v -0.096825 1.041511 0.031149
v -0.116279 1.110084 -0.006326
v -0.134678 1.156424 -0.047364
v -0.144887 1.165700 -0.083435
v -0.147683 1.172155 -0.113551
v -0.107233 0.823584 -0.011098
v -0.111456 0.873132 -0.020466
v -0.105402 0.810997 0.010958
v -0.080084 1.089556 -0.186830
v -0.078402 1.127220 -0.214160
v -0.097793 1.150391 -0.215060
v -0.127963 1.168110 -0.186908
v -0.145265 1.178505 -0.145736
v -0.097736 0.804895 0.045346
v -0.059875 0.944121 0.086910
v -0.105113 0.895674 -0.063893
v -0.074326 1.079849 0.044704
v -0.123189 1.256998 -0.282327
v -0.099644 0.807497 -0.053455
v -0.056439 0.845303 0.104182
v -0.106724 0.959621 -0.080001
v -0.063641 1.010115 0.068566
v -0.029679 0.947577 -0.144823
v -0.032332 0.827883 -0.136892
v -0.028450 1.240879 -0.323080
v -0.031122 1.009551 -0.165150
v -0.031667 0.889003 -0.141817
v -0.118080 1.187111 -0.224254
v -0.034032 0.853253 -0.146181
v -0.103233 0.843612 -0.058285
v -0.057805 0.890567 0.097981
v -0.141904 1.203154 -0.188033
v -0.020709 0.894326 0.113767
v -0.082185 0.846422 -0.106079
v -0.079903 1.173720 -0.250832
v -0.079946 0.889916 -0.106492
v -0.080592 1.015744 -0.143168
v -0.031358 1.061105 -0.191595
v -0.084454 1.244188 -0.309839
v -0.078653 0.815959 -0.099498
v -0.078101 0.951363 -0.116683
v -0.022660 1.011228 0.084467
v -0.020216 0.848796 0.120471
v -0.026188 1.074327 0.063444
v -0.021396 0.946570 0.102587
v -0.175966 1.286556 -0.149423
v -0.145161 1.279009 -0.244807
v -0.167765 1.251446 -0.121470
v -0.155697 1.214398 -0.092358
v -0.143975 1.231141 -0.209117
v -0.081420 1.200010 -0.273041
v -0.028049 1.195681 -0.288526
v -0.120676 1.212676 -0.245610
v -0.176791 1.308578 -0.176991
v -0.162361 1.254801 -0.173732
v -0.165726 1.302752 -0.207445
v -0.157607 1.221745 -0.149791
v -0.030220 1.101455 -0.217288
v -0.029403 1.136241 -0.241816
v -0.028487 1.168160 -0.266726
v -0.164259 1.280548 -0.193567
v -0.144810 1.255220 -0.227138
v -0.083147 1.222198 -0.291529
v -0.028393 1.218603 -0.306062
v -0.122173 1.234910 -0.264034
v -0.097807 0.759105 0.039190
v -0.080542 0.760617 0.076814
v -0.019353 0.762989 0.124066
v -0.067803 0.757671 -0.078131
v -0.103000 0.756644 -0.001382
v -0.025692 0.761133 -0.104147
v -0.054101 0.762091 0.107491
v -0.093105 0.755851 -0.042434
v -0.082101 0.798240 0.076053
v -0.019784 0.805558 0.123770
v -0.073510 0.787703 -0.088358
v -0.104196 0.785541 -0.002454
v -0.029120 0.795277 -0.118810
v -0.055272 0.803300 0.107134
v -0.096559 0.782710 -0.048199
v -0.105094 1.066765 -0.147116
v -0.108239 1.023140 -0.113011
v -0.117276 1.020063 -0.090836
v -0.117535 0.966557 -0.051653
v -0.082057 0.832429 0.076811
v -0.081695 0.874576 0.075851
v -0.084280 0.934020 0.065935
v -0.090735 1.004528 0.045622
v -0.105903 1.077478 0.013479
v -0.126132 1.135097 -0.027283
v -0.142172 1.176668 -0.063507
v -0.145356 1.161913 -0.100619
v -0.109243 0.845811 -0.015361
v -0.105730 0.808457 -0.007036
v -0.113567 0.902784 -0.027356
v -0.080853 1.068321 -0.172911
v -0.078804 1.109179 -0.201063
v -0.078608 1.143413 -0.226334
v -0.114406 1.159789 -0.202525
v -0.150913 1.187292 -0.125950
v -0.137940 1.173419 -0.167269
v -0.099040 0.794467 0.039429
v -0.035262 1.140134 0.020680
v -0.011722 1.137241 0.023059
v -0.019100 1.201066 -0.029417
v -0.020934 1.340568 -0.179820
v -0.036461 1.328532 -0.169924
v -0.006796 1.206903 -0.034217
v -0.042172 1.312069 -0.156388
v -0.013406 1.204588 -0.032313
v -0.036461 1.295606 -0.142853
v -0.039889 1.250581 -0.070128
v -0.020935 1.283569 -0.132957
v -0.037597 1.224566 -0.048738
v -0.033439 1.243119 -0.063992
v -0.031877 1.236680 -0.058699
v -0.033388 1.230234 -0.053399
v -0.106007 1.272062 -0.087789
v -0.120661 1.254274 -0.073165
v -0.113416 1.270657 -0.086635
v -0.119085 1.267196 -0.083789
v -0.121776 1.262017 -0.079531
v -0.077220 1.191370 -0.021446
v -0.098759 1.196883 -0.025979
v -0.083301 1.188067 -0.018730
v -0.089359 1.187554 -0.018309
v -0.094503 1.190079 -0.020384
v -0.079268 1.272210 -0.087911
v -0.073238 1.271530 -0.087352
v -0.067036 1.269921 -0.086029
v -0.061285 1.267514 -0.084050
v -0.063491 1.336589 -0.290624
v -0.060364 1.166316 -0.000846
v -0.056047 1.147449 0.014665
v -0.064043 1.161400 0.003195
v -0.092894 1.336057 -0.099850
v -0.064629 1.156245 0.007434
v -0.061973 1.151493 0.011340
v -0.023595 1.138185 0.022282
v -0.046387 1.143297 0.018079
v -0.099564 1.376677 -0.141728
v -0.082944 1.390608 -0.198123
v -0.075838 1.365699 -0.249060
v -0.041681 1.389484 -0.162796
v -0.065363 1.374711 -0.136538
v -0.071953 1.348625 -0.110501
v -0.063875 1.323591 -0.089558
v -0.040913 1.302250 -0.072012
v -0.034069 1.387826 -0.155619
v -0.059002 1.373223 -0.134727
v -0.068245 1.349124 -0.111077
v -0.059060 1.322959 -0.089039
v -0.033982 1.303545 -0.073077
v -0.064629 1.171394 0.025860
v -0.061973 1.166643 0.029766
v -0.064043 1.176550 0.021621
v -0.060364 1.181465 0.017580
v -0.046387 1.158447 0.036505
v -0.056047 1.162599 0.033091
v -0.113417 1.285809 -0.068205
v -0.106008 1.287213 -0.069361
v -0.079268 1.287360 -0.069485
v -0.110348 1.241520 -0.031792
v -0.121333 1.271210 -0.056201
v -0.121776 1.277170 -0.061101
v -0.119085 1.282349 -0.065360
v -0.037598 1.239715 -0.030313
v -0.031877 1.251830 -0.040273
v -0.033388 1.245384 -0.034973
v -0.061285 1.282663 -0.065624
v -0.067037 1.285071 -0.067603
v -0.033439 1.258268 -0.045567
v -0.039889 1.265730 -0.051702
v -0.023596 1.153334 0.040708
v -0.035262 1.155283 0.039105
v -0.011723 1.152390 0.041485
v -0.077220 1.206521 -0.003019
v -0.019100 1.216215 -0.010992
v -0.006796 1.222053 -0.015791
v -0.013407 1.219737 -0.013887
v -0.094503 1.205229 -0.001957
v -0.098112 1.210371 -0.006184
v -0.089359 1.202705 0.000118
v -0.083301 1.203217 -0.000303
v -0.073238 1.286680 -0.068926
v -0.029690 1.288793 -0.137252
v -0.040711 1.303549 -0.149383
v -0.040711 1.320589 -0.163393
v -0.029690 1.335344 -0.175525
v -0.010812 1.343821 -0.182495
v -0.057257 1.321540 -0.312050
v -0.094127 1.335265 -0.287341
v -0.123644 1.332110 -0.096562
v -0.128365 1.384356 -0.199295
v -0.096820 1.387041 -0.167946
v -0.133092 1.372166 -0.139253
v -0.069645 1.351124 -0.269879
v -0.112471 1.362920 -0.246354
v -0.097818 1.359467 -0.120278
v -0.081570 1.380156 -0.226804
v -0.056756 1.391889 -0.176735
v -0.022283 1.392554 -0.170258
v -0.077426 1.376691 -0.139846
v -0.055944 1.383743 -0.150719
v -0.070687 1.362293 -0.122854
v -0.079737 1.345076 -0.107406
v -0.069363 1.335823 -0.099660
v -0.075329 1.328105 -0.093281
v -0.054493 1.311542 -0.079651
v -0.023782 1.296494 -0.067280
v -0.017637 1.390969 -0.162409
v -0.048155 1.381921 -0.145980
v -0.065854 1.361989 -0.122924
v -0.017565 1.298282 -0.068750
v -0.048138 1.311975 -0.080008
v -0.065908 1.335718 -0.099594
v -0.035436 1.388138 -0.156869
v -0.060382 1.373575 -0.134973
v -0.069294 1.349062 -0.110962
v -0.060155 1.322818 -0.088923
v -0.035133 1.303002 -0.072631
v -0.109927 1.225442 -0.049460
v -0.056787 1.264552 -0.081615
v -0.115846 1.255992 -0.043691
v -0.056787 1.279702 -0.063189
v -0.104587 1.226535 -0.019473
v -0.071201 1.197042 0.014489
v -0.087966 1.313190 -0.081007
v -0.054241 1.300690 -0.070730
v -0.023371 1.235286 -0.016956
v -0.084078 1.187635 0.022224
v -0.016967 1.240164 -0.020966
v -0.010813 1.280316 -0.130282
v -0.032001 1.337068 -0.292847
v -0.038215 1.367027 -0.250928
v -0.039563 1.392630 -0.205795
v -0.085243 1.321690 -0.307411
v -0.028752 1.321353 -0.314770
v -0.132878 1.382646 -0.168702
v -0.103210 1.349006 -0.266985
v -0.129484 1.354560 -0.116253
v -0.035113 1.352019 -0.271942
v -0.040868 1.382082 -0.228665
v -0.121362 1.376205 -0.224791
v -0.071129 1.386451 -0.159570
v -0.079476 1.362009 -0.122465
v -0.073464 1.336365 -0.100099
v -0.049659 1.382294 -0.146742
v -0.067056 1.362135 -0.122885
v -0.066892 1.335617 -0.099503
v -0.049335 1.311610 -0.079708
v -0.018489 1.297634 -0.068217
v -0.027182 1.232239 -0.014450
v -0.117123 1.305467 -0.074651
v -0.067696 1.310604 -0.078881
v -0.029410 1.290894 -0.062676
v -0.018446 1.391270 -0.163871
v -0.030874 1.394650 -0.185037
v -0.023399 1.312068 -0.156388
v -0.070849 1.174657 0.031410
v -0.073599 1.175043 0.032577
v -0.067171 1.167876 0.036983
v -0.069438 1.167373 0.038882
v -0.070106 1.181996 0.025388
v -0.072770 1.183332 0.025761
v -0.067979 1.190095 0.020199
v -0.065732 1.188159 0.020323
v -0.049083 1.158036 0.045091
v -0.050229 1.156843 0.047539
v -0.059830 1.162695 0.041252
v -0.061436 1.161711 0.043535
v -0.116230 1.294233 -0.066886
v -0.117482 1.296870 -0.067583
v -0.107041 1.296118 -0.068432
v -0.107423 1.298937 -0.069283
v -0.078438 1.299145 -0.069459
v -0.078645 1.296323 -0.068601
v -0.116465 1.244179 -0.025724
v -0.119078 1.244301 -0.024362
v -0.130371 1.275108 -0.049687
v -0.127668 1.274689 -0.050817
v -0.128019 1.282053 -0.056887
v -0.130745 1.283160 -0.056310
v -0.126365 1.291318 -0.063018
v -0.124129 1.289298 -0.062842
v -0.032247 1.241040 -0.023157
v -0.030012 1.240535 -0.021272
v -0.025550 1.255887 -0.035369
v -0.022792 1.256617 -0.034494
v -0.027431 1.247743 -0.028664
v -0.024833 1.247745 -0.027199
v -0.057741 1.290796 -0.064059
v -0.056202 1.293264 -0.064622
v -0.064498 1.293625 -0.066386
v -0.063408 1.296279 -0.067103
v -0.024912 1.265519 -0.041812
v -0.027486 1.264015 -0.042052
v -0.032588 1.274680 -0.049344
v -0.034747 1.272672 -0.049167
v -0.025027 1.151159 0.052213
v -0.024596 1.152522 0.049629
v -0.037805 1.153301 0.050451
v -0.037041 1.154607 0.047913
v -0.012313 1.150141 0.053049
v -0.012135 1.151525 0.050449
v -0.071611 1.205741 0.007338
v -0.073355 1.206639 0.005122
v -0.023275 1.223990 -0.009133
v -0.025120 1.226264 -0.009537
v -0.009324 1.233566 -0.015541
v -0.008559 1.230809 -0.014745
v -0.016713 1.227981 -0.012420
v -0.018134 1.230512 -0.013031
v -0.098977 1.205840 0.005782
v -0.100970 1.205042 0.007913
v -0.103817 1.212237 0.000532
v -0.106315 1.212083 0.002125
v -0.090779 1.202013 0.008909
v -0.091424 1.200612 0.011554
v -0.081239 1.202631 0.008397
v -0.080330 1.201334 0.010961
v -0.071155 1.298289 -0.068756
v -0.071794 1.295517 -0.067943
v -0.124686 1.259089 -0.036520
v -0.122068 1.258943 -0.037865
v -0.050820 1.289762 -0.061745
v -0.052676 1.287499 -0.061352
v -0.113190 1.229009 -0.011791
v -0.110584 1.228908 -0.013169
v -0.093428 1.316679 -0.312410
v -0.098840 1.307030 -0.315235
v -0.095648 1.314157 -0.314236
v -0.097629 1.310625 -0.315270
v -0.126184 1.327720 -0.281071
v -0.118560 1.335830 -0.281484
v -0.124455 1.330896 -0.282018
v -0.121665 1.333864 -0.282170
v -0.108014 1.207702 0.005726
v -0.116226 1.201829 0.002589
v -0.111387 1.206371 0.005753
v -0.114393 1.204222 0.004605
v -0.148050 1.284436 -0.065184
v -0.139526 1.290212 -0.062105
v -0.146071 1.286805 -0.063219
v -0.142951 1.288919 -0.062092
v -0.154495 1.329534 -0.094434
v -0.162911 1.324169 -0.097964
v -0.158005 1.328559 -0.094695
v -0.161085 1.326595 -0.095988
v -0.049915 1.309958 -0.328757
v -0.051655 1.299708 -0.333149
v -0.050533 1.307189 -0.331242
v -0.051170 1.303437 -0.332849
v -0.052684 1.143325 0.051971
v -0.049676 1.154373 0.049570
v -0.051973 1.147105 0.052205
v -0.050872 1.151148 0.051326
v -0.174061 1.359012 -0.136793
v -0.166694 1.365944 -0.134825
v -0.172720 1.362087 -0.135519
v -0.170023 1.364625 -0.134798
v -0.141362 1.360122 -0.243720
v -0.149846 1.353199 -0.241205
v -0.145116 1.358889 -0.243201
v -0.148221 1.356355 -0.242280
v -0.113937 1.315746 -0.300076
v -0.107243 1.324713 -0.298803
v -0.112533 1.319239 -0.300425
v -0.110083 1.322521 -0.299959
v -0.073752 1.312177 -0.322321
v -0.077103 1.302016 -0.326194
v -0.075064 1.309435 -0.324595
v -0.076291 1.305716 -0.326013
v -0.071962 1.162636 0.042776
v -0.076640 1.152378 0.043896
v -0.073926 1.159719 0.044194
v -0.075638 1.155965 0.044605
v -0.147147 1.310230 -0.078564
v -0.155634 1.304454 -0.081661
v -0.150566 1.308938 -0.078552
v -0.153673 1.306824 -0.079686
v -0.167113 1.376601 -0.165568
v -0.174221 1.369141 -0.166328
v -0.170439 1.375215 -0.165516
v -0.173041 1.372484 -0.165794
v -0.161299 1.365089 -0.220712
v -0.153326 1.372361 -0.222577
v -0.159834 1.368353 -0.221551
v -0.156915 1.371014 -0.222234
v -0.026747 1.138564 0.056471
v -0.025316 1.149998 0.053166
v -0.026378 1.142457 0.056319
v -0.025855 1.146642 0.055109
v -0.089525 1.174846 0.032738
v -0.095938 1.165927 0.032317
v -0.092278 1.172495 0.033632
v -0.094625 1.169230 0.033478
v -0.162610 1.379103 -0.197223
v -0.169854 1.371504 -0.196636
v -0.166000 1.377692 -0.197099
v -0.168651 1.374911 -0.196884
v -0.132668 1.244394 -0.032338
v -0.124285 1.250174 -0.029190
v -0.130759 1.246765 -0.030338
v -0.127691 1.248881 -0.029185
v -0.100998 1.191074 0.019397
v -0.108535 1.183728 0.017498
v -0.104202 1.189358 0.019744
v -0.106960 1.186669 0.019049
v -0.131906 1.270193 -0.045648
v -0.140408 1.264416 -0.048738
v -0.135327 1.268900 -0.045635
v -0.138439 1.266786 -0.046766
v -0.125003 1.224372 -0.015899
v -0.116668 1.230163 -0.012739
v -0.123117 1.226746 -0.013890
v -0.120066 1.228865 -0.012733
v -0.138030 1.340465 -0.261131
v -0.130458 1.348530 -0.261748
v -0.136343 1.343629 -0.262146
v -0.133572 1.346581 -0.262372
v -0.161856 1.349381 -0.112075
v -0.169689 1.343232 -0.114999
v -0.165238 1.348181 -0.112154
v -0.168105 1.345930 -0.113225
v -0.025014 1.308932 -0.332113
v -0.025756 1.298664 -0.336669
v -0.025259 1.306162 -0.334653
v -0.025531 1.302404 -0.336320
v -0.103438 1.116498 0.015077
v -0.101473 1.135445 0.017926
v -0.103251 1.123086 0.015131
v -0.102532 1.130021 0.016174
v -0.126216 1.175962 -0.019431
v -0.130340 1.163545 -0.031564
v -0.127742 1.172009 -0.023185
v -0.129251 1.167464 -0.027625
v -0.107880 1.252922 -0.301122
v -0.106491 1.268503 -0.308464
v -0.107824 1.257536 -0.304223
v -0.107315 1.263239 -0.306910
v -0.134225 1.271831 -0.267800
v -0.132512 1.287668 -0.275199
v -0.134032 1.276527 -0.270847
v -0.133405 1.282324 -0.273555
v -0.163685 1.244672 -0.100907
v -0.160734 1.256521 -0.088292
v -0.163340 1.248359 -0.096705
v -0.162260 1.252697 -0.092088
v -0.174434 1.294816 -0.120522
v -0.175126 1.280379 -0.130727
v -0.175542 1.290385 -0.123794
v -0.175795 1.285101 -0.127529
v -0.055897 1.261796 -0.328378
v -0.056699 1.245893 -0.321726
v -0.056354 1.256432 -0.327062
v -0.056648 1.250611 -0.324627
v -0.055692 1.114299 0.047175
v -0.057161 1.096482 0.048266
v -0.056294 1.108683 0.046914
v -0.056831 1.102161 0.047313
v -0.174484 1.331331 -0.194158
v -0.174223 1.313670 -0.191025
v -0.174840 1.325703 -0.193326
v -0.174744 1.319239 -0.192180
v -0.179860 1.308592 -0.159392
v -0.180416 1.324144 -0.151120
v -0.180814 1.313481 -0.156730
v -0.181017 1.319174 -0.153702
v -0.155976 1.295774 -0.228443
v -0.154024 1.311305 -0.236589
v -0.155843 1.300639 -0.231252
v -0.155128 1.306324 -0.234234
v -0.144036 1.217593 -0.055220
v -0.147733 1.205423 -0.067602
v -0.145584 1.213698 -0.058996
v -0.146937 1.209244 -0.063528
v -0.121626 1.142224 -0.012414
v -0.115995 1.154456 -0.000613
v -0.119664 1.145730 -0.008323
v -0.117603 1.150207 -0.004003
v -0.084625 1.248186 -0.313328
v -0.083551 1.263948 -0.320302
v -0.084582 1.252856 -0.316333
v -0.084189 1.258625 -0.318886
v -0.029166 1.092560 0.056410
v -0.028312 1.110054 0.054251
v -0.028942 1.098046 0.055110
v -0.028629 1.104450 0.054320
v -0.123218 1.261135 -0.285664
v -0.121497 1.276658 -0.293280
v -0.123086 1.265742 -0.288811
v -0.122456 1.271425 -0.291599
v -0.169514 1.261736 -0.115228
v -0.168287 1.276151 -0.104861
v -0.169988 1.266578 -0.112038
v -0.169539 1.271854 -0.108244
v -0.139243 1.185094 -0.050168
v -0.135390 1.197341 -0.037830
v -0.138311 1.188951 -0.046141
v -0.136901 1.193433 -0.041625
v -0.028347 1.244669 -0.326035
v -0.027848 1.260682 -0.332451
v -0.028272 1.249426 -0.328869
v -0.028089 1.255287 -0.331218
v -0.083623 1.104490 0.032980
v -0.080851 1.122319 0.034480
v -0.082858 1.110288 0.032907
v -0.081843 1.116813 0.033456
v -0.179181 1.331578 -0.171652
v -0.178494 1.313974 -0.174385
v -0.179609 1.325994 -0.172595
v -0.179357 1.319550 -0.173596
v -0.142673 1.298807 -0.257028
v -0.144812 1.283381 -0.248808
v -0.143868 1.293858 -0.254669
v -0.144651 1.288211 -0.251660
v -0.178549 1.311086 -0.134867
v -0.178846 1.297726 -0.145927
v -0.179489 1.306737 -0.138214
v -0.179598 1.301847 -0.142263
v -0.165286 1.323409 -0.215532
v -0.166399 1.306965 -0.208983
v -0.166060 1.318116 -0.213727
v -0.166467 1.312097 -0.211330
v -0.155959 1.225149 -0.084395
v -0.152568 1.237190 -0.071917
v -0.155360 1.228912 -0.080258
v -0.154119 1.233320 -0.075691
v -0.120528 1.004291 -0.062984
v -0.116349 1.061534 -0.123529
v -0.092074 0.891239 0.057885
v -0.092228 0.838972 0.059657
v -0.097193 0.961116 0.042284
v -0.126813 1.096889 -0.030763
v -0.108399 1.034673 0.013275
v -0.138997 1.134180 -0.077576
v -0.139220 1.151418 -0.132602
v -0.125494 1.150690 -0.175105
v -0.116118 1.060106 -0.123050
v -0.120338 1.003000 -0.063770
v -0.091513 0.839502 0.060894
v -0.091351 0.891928 0.059036
v -0.096419 0.961658 0.043480
v -0.107677 1.035224 0.014500
v -0.126328 1.097633 -0.029524
v -0.139059 1.135549 -0.076910
v -0.106810 0.826584 0.013353
v -0.111372 0.877154 0.000605
v -0.116643 0.938637 -0.021421
v -0.104543 1.098712 -0.170540
v -0.104824 1.131058 -0.193308
v -0.139676 1.152872 -0.132571
v -0.125655 1.151957 -0.175936
v -0.100416 0.807396 0.038840
v -0.103820 0.808912 0.025876
v -0.095420 0.816188 0.052496
v -0.119431 1.033478 -0.092988
v -0.090922 0.862342 0.061582
v -0.093211 0.925565 0.052898
v -0.116829 1.068954 -0.006528
v -0.133915 1.119503 -0.052229
v -0.100984 0.998801 0.031000
v -0.109018 0.848892 0.007591
v -0.113913 0.907448 -0.008746
v -0.119095 0.971075 -0.039836
v -0.101844 1.115652 -0.186283
v -0.141125 1.146442 -0.104744
v -0.114360 1.143779 -0.189039
v -0.134383 1.154860 -0.156931
v -0.102178 0.806740 0.032744
v -0.098258 0.810368 0.045215
v -0.105135 0.814562 0.020027
v -0.093105 0.825175 0.057796
v -0.110363 1.081029 -0.149271
v 0.066129 0.688592 0.090642
v 0.076909 0.695904 -0.054072
v 0.095173 0.693904 -0.018709
v -0.000438 0.686842 0.122231
v -0.000450 0.699329 -0.097115
v 0.035279 0.687357 0.113788
v 0.043137 0.697946 -0.083800
v 0.089008 0.690115 0.056271
v 0.099089 0.691957 0.019392
v -0.066596 0.688649 0.090615
v -0.077785 0.695959 -0.054155
v -0.096057 0.693933 -0.018764
v -0.036109 0.687386 0.113609
v -0.044039 0.697982 -0.083821
v -0.088414 0.690282 0.057203
v -0.099594 0.692010 0.019641
v 0.061751 0.696920 -0.070139
v 0.078881 0.689318 0.074274
v 0.087974 0.694898 -0.036859
v 0.017761 0.686976 0.120049
v 0.051495 0.687920 0.103932
v 0.021996 0.698892 -0.093444
v 0.095799 0.691006 0.037993
v 0.098868 0.692925 0.000276
v -0.062639 0.696971 -0.070195
v -0.078682 0.689442 0.074807
v -0.088853 0.694942 -0.036939
v -0.018620 0.686994 0.119960
v -0.052270 0.687951 0.103702
v -0.022898 0.698911 -0.093449
v -0.095618 0.691130 0.038704
v -0.099700 0.692948 0.000284
v 0.032473 0.638950 0.105843
v 0.037082 0.658707 -0.074700
v 0.081601 0.644253 0.055829
v 0.090084 0.648971 0.019179
v -0.000016 0.660072 -0.084998
v -0.085642 0.653124 -0.016805
v -0.060691 0.641324 0.086894
v -0.068260 0.656092 -0.048883
v 0.016345 0.638821 0.110650
v 0.054070 0.657476 -0.063074
v 0.072502 0.642128 0.072685
v 0.018574 0.659653 -0.082301
v 0.087482 0.646633 0.037732
v -0.078705 0.654685 -0.033382
v -0.047302 0.640253 0.097878
v -0.018605 0.659640 -0.082301
v -0.089418 0.651343 0.000843
v 0.095360 0.661428 -0.019485
v 0.090490 0.654525 -0.018190
v 0.093947 0.657210 -0.019158
v 0.067522 0.650113 0.093596
v 0.064311 0.642650 0.090563
v 0.066662 0.645723 0.092877
v 0.076337 0.664556 -0.054949
v 0.072228 0.657668 -0.051950
v 0.075094 0.660344 -0.054132
v 0.034333 0.640762 0.110519
v 0.036066 0.647877 0.114981
v 0.035602 0.643588 0.113741
v 0.039551 0.660112 -0.079144
v 0.042209 0.666833 -0.083666
v 0.041365 0.662670 -0.082332
v 0.086109 0.646278 0.057803
v 0.090409 0.653634 0.059328
v 0.089235 0.649270 0.059067
v 0.095080 0.650656 0.019521
v 0.099990 0.657674 0.019804
v 0.098610 0.653417 0.019748
v -0.000068 0.647193 0.122315
v -0.000005 0.640410 0.117236
v -0.000029 0.643001 0.120832
v -0.000019 0.661291 -0.090108
v -0.000084 0.667833 -0.095587
v -0.000039 0.663723 -0.093876
v -0.090501 0.654614 -0.018199
v -0.095521 0.661429 -0.019495
v -0.094014 0.657237 -0.019164
v -0.064207 0.643054 0.090443
v -0.067596 0.650115 0.093593
v -0.066661 0.645842 0.092841
v -0.072254 0.657668 -0.051979
v -0.076501 0.664555 -0.054965
v -0.075167 0.660344 -0.054147
v -0.036194 0.647880 0.114953
v -0.034297 0.641056 0.110425
v -0.035644 0.643675 0.113702
v -0.042378 0.666831 -0.083670
v -0.039590 0.660094 -0.079157
v -0.041444 0.662664 -0.082338
v -0.090313 0.653613 0.059486
v -0.085992 0.646551 0.057784
v -0.089161 0.649342 0.059125
v -0.100078 0.657673 0.019848
v -0.095049 0.650823 0.019528
v -0.098636 0.653465 0.019767
v 0.018172 0.647329 0.120543
v 0.017289 0.640418 0.115646
v 0.017936 0.643099 0.119136
v 0.060871 0.665822 -0.070678
v 0.057378 0.658993 -0.066902
v 0.059786 0.661627 -0.069610
v 0.080358 0.651750 0.077666
v 0.076550 0.644283 0.075426
v 0.079329 0.647357 0.077209
v 0.087777 0.663083 -0.037791
v 0.083198 0.656183 -0.035631
v 0.086422 0.658867 -0.037223
v 0.052636 0.648812 0.106039
v 0.050132 0.641481 0.102219
v 0.051967 0.644460 0.105039
v 0.021428 0.667531 -0.092398
v 0.019941 0.660932 -0.087220
v 0.020953 0.663404 -0.090808
v 0.096994 0.655648 0.039808
v 0.092313 0.648471 0.038903
v 0.095697 0.651339 0.039656
v 0.099426 0.659615 -0.000137
v 0.094450 0.652683 0.000322
v 0.098006 0.655387 -0.000030
v -0.017286 0.640570 0.115598
v -0.018304 0.647331 0.120530
v -0.017989 0.643144 0.119117
v -0.057412 0.658971 -0.066926
v -0.061037 0.665820 -0.070689
v -0.059863 0.661620 -0.069621
v -0.076426 0.644635 0.075356
v -0.080327 0.651740 0.077755
v -0.079280 0.647455 0.077224
v -0.083217 0.656224 -0.035652
v -0.087939 0.663083 -0.037806
v -0.086493 0.658879 -0.037235
v -0.050060 0.641870 0.102093
v -0.052757 0.648816 0.106003
v -0.051995 0.644576 0.104988
v -0.019980 0.660927 -0.087224
v -0.021597 0.667529 -0.092399
v -0.021032 0.663401 -0.090810
v -0.092237 0.648679 0.038907
v -0.096964 0.655636 0.039931
v -0.095663 0.651395 0.039707
v -0.094447 0.652815 0.000324
v -0.099575 0.659617 -0.000136
v -0.098065 0.655426 -0.000029
v 0.000008 0.638946 0.112124
v 0.068264 0.656097 -0.048840
v 0.060867 0.640484 0.087080
v 0.078716 0.654604 -0.033348
v 0.085662 0.652948 -0.016791
v 0.047438 0.639447 0.098060
v 0.089455 0.651079 0.000840
v -0.016310 0.639136 0.110589
v -0.032389 0.639558 0.105717
v -0.054081 0.657428 -0.063103
v -0.037108 0.658667 -0.074710
v -0.072313 0.642859 0.072556
v -0.081438 0.644823 0.055769
v -0.087369 0.647062 0.037714
v -0.090016 0.649309 0.019182
v -0.134518 1.145749 -0.135641
v -0.124624 1.140990 -0.160547
v -0.112454 1.130507 -0.178358
v -0.133292 1.133223 -0.110952
v -0.124328 1.126822 -0.139097
v -0.113510 1.114962 -0.160202
v -0.131196 1.116665 -0.085538
v -0.125021 1.109554 -0.113963
v -0.116926 1.097356 -0.136639
v -0.127010 1.094093 -0.059550
v -0.124391 1.086771 -0.086290
v -0.119834 1.075141 -0.108889
v -0.120456 1.064616 -0.032460
v -0.121240 1.057311 -0.056487
v -0.120298 1.046704 -0.077805
v -0.113365 1.030230 -0.007454
v -0.116745 1.023197 -0.028526
v -0.118706 1.013896 -0.048013
v -0.107604 0.993273 0.012163
v -0.112365 0.986754 -0.006393
v -0.115968 0.979033 -0.024090
v -0.103214 0.955751 0.026713
v -0.108494 0.949960 0.009978
v -0.112808 0.943991 -0.006256
v -0.099867 0.919453 0.037149
v -0.105258 0.914538 0.021379
v -0.109803 0.910370 0.006021
v -0.097666 0.885338 0.044059
v -0.102886 0.880899 0.029170
v -0.107343 0.878045 0.014762
v -0.096637 0.855049 0.047512
v -0.101360 0.850609 0.033783
v -0.105397 0.848474 0.020685
v -0.096429 0.831817 0.048303
v -0.100419 0.827271 0.036318
v -0.103800 0.825501 0.025004
v -0.097190 0.818482 0.047604
v -0.100330 0.814524 0.038260
v -0.102915 0.813320 0.029486
v -0.073737 1.343965 -0.115714
v -0.069453 1.346210 -0.113243
v -0.071442 1.357363 -0.127638
v -0.078982 1.344460 -0.115131
v -0.071321 1.330281 -0.104203
v -0.064174 1.317237 -0.093446
v -0.067198 1.333270 -0.102387
v -0.076387 1.329757 -0.102714
v -0.068723 1.315752 -0.091145
v -0.079430 1.332005 -0.098793
v -0.082114 1.347404 -0.111836
v -0.071452 1.317393 -0.086710
v -0.078666 1.335708 -0.094736
v -0.081299 1.351073 -0.107759
v -0.070762 1.321200 -0.082739
v -0.074543 1.338697 -0.092920
v -0.077014 1.353317 -0.105288
v -0.067056 1.324942 -0.081557
v -0.069476 1.339221 -0.094409
v -0.071770 1.352823 -0.105871
v -0.062506 1.326428 -0.083858
v -0.066434 1.336973 -0.098330
v -0.068638 1.349880 -0.109166
v -0.059777 1.324786 -0.088293
v -0.048903 1.313967 -0.079404
v -0.060468 1.320980 -0.092264
v -0.049473 1.310046 -0.083281
v -0.035083 1.301393 -0.076168
v -0.052510 1.305635 -0.083909
v -0.037240 1.296460 -0.076365
v -0.056237 1.303319 -0.080920
v -0.039887 1.293500 -0.072847
v -0.058469 1.304453 -0.076065
v -0.041472 1.294248 -0.067673
v -0.057900 1.308374 -0.072187
v -0.041068 1.298265 -0.063875
v -0.054863 1.312784 -0.071559
v -0.038910 1.303198 -0.063678
v -0.051136 1.315101 -0.074548
v -0.036264 1.306158 -0.067196
v -0.018963 1.300479 -0.062527
v -0.034678 1.305410 -0.072370
v -0.018141 1.299976 -0.067901
v -0.000387 1.298109 -0.066367
v -0.018351 1.295896 -0.071648
v -0.000387 1.294009 -0.070096
v -0.019469 1.290630 -0.071573
v -0.000384 1.288628 -0.069926
v -0.020842 1.287263 -0.067719
v -0.000380 1.285119 -0.065957
v -0.021663 1.287766 -0.062345
v -0.000378 1.285537 -0.060512
v -0.021454 1.291845 -0.058598
v -0.000379 1.289638 -0.056783
v -0.020335 1.297111 -0.058673
v -0.000382 1.295019 -0.056953
v 0.019642 1.297169 -0.058721
v -0.000385 1.298528 -0.060923
v 0.018263 1.300535 -0.062573
v 0.035625 1.306214 -0.067242
v 0.017437 1.300032 -0.067947
v 0.034035 1.305465 -0.072413
v 0.017647 1.295953 -0.071694
v 0.034440 1.301449 -0.076212
v 0.018771 1.290689 -0.071620
v 0.036603 1.296519 -0.076413
v 0.020150 1.287322 -0.067768
v 0.039256 1.293562 -0.072899
v 0.020977 1.287826 -0.062395
v 0.040847 1.294312 -0.067727
v 0.020766 1.291905 -0.058647
v 0.040441 1.298328 -0.063928
v 0.057174 1.308378 -0.072193
v 0.038278 1.303258 -0.063727
v 0.054131 1.312782 -0.071558
v 0.066198 1.325008 -0.081612
v 0.050397 1.315092 -0.074540
v 0.061641 1.326481 -0.083900
v 0.048159 1.313954 -0.079391
v 0.058906 1.324832 -0.088327
v 0.048728 1.310035 -0.083270
v 0.059596 1.321028 -0.092301
v 0.051771 1.305630 -0.083904
v 0.063307 1.317296 -0.093493
v 0.055506 1.303321 -0.080923
v 0.067864 1.315823 -0.091205
v 0.057744 1.304459 -0.076071
v 0.070598 1.317472 -0.086778
v 0.078565 1.332414 -0.099134
v 0.069908 1.321277 -0.082805
v 0.077803 1.336115 -0.095075
v 0.080469 1.351725 -0.108301
v 0.073678 1.339088 -0.093242
v 0.076187 1.353949 -0.105810
v 0.068607 1.339591 -0.094710
v 0.070943 1.353429 -0.106366
v 0.065560 1.337329 -0.098618
v 0.067810 1.350467 -0.109644
v 0.066323 1.333628 -0.102678
v 0.068623 1.346800 -0.113723
v 0.070448 1.330656 -0.104510
v 0.072906 1.344576 -0.116214
v 0.075519 1.330153 -0.103042
v 0.078149 1.345096 -0.115658
v 0.075656 1.359327 -0.128418
v 0.081282 1.348057 -0.112380
v 0.078618 1.363044 -0.125883
v 0.070886 1.375800 -0.139554
v 0.077748 1.366788 -0.121890
v 0.069945 1.379665 -0.135691
v 0.073557 1.368368 -0.118777
v 0.066073 1.380717 -0.131994
v 0.068500 1.366857 -0.118368
v 0.061536 1.378340 -0.130628
v 0.065539 1.363141 -0.120903
v 0.058994 1.373926 -0.132392
v 0.066409 1.359396 -0.124896
v 0.059934 1.370062 -0.136255
v 0.070599 1.357817 -0.128009
v 0.063807 1.369010 -0.139952
v 0.052868 1.377095 -0.151956
v 0.068343 1.371387 -0.141319
v 0.056586 1.380141 -0.154203
v 0.040655 1.385892 -0.165673
v 0.058509 1.385084 -0.153130
v 0.041888 1.391179 -0.165125
v 0.057509 1.389031 -0.149367
v 0.040985 1.395150 -0.161382
v 0.054173 1.389668 -0.145117
v 0.038475 1.395479 -0.156635
v 0.050455 1.386623 -0.142871
v 0.035829 1.391972 -0.153666
v 0.048532 1.381679 -0.143943
v 0.034597 1.386684 -0.154214
v 0.049532 1.377733 -0.147707
v 0.035500 1.382713 -0.157958
v 0.038009 1.382385 -0.162705
v 0.018357 1.385560 -0.165386
v -0.000456 1.386483 -0.168254
v 0.019707 1.385438 -0.170524
v 0.017823 1.389506 -0.161573
v -0.000456 1.390406 -0.164388
v 0.018418 1.394964 -0.161318
v -0.000456 1.395908 -0.164220
v 0.019793 1.398737 -0.164771
v -0.000456 1.399765 -0.167850
v 0.021143 1.398614 -0.169909
v -0.000456 1.399719 -0.173150
v 0.021677 1.394668 -0.173722
v -0.000456 1.395795 -0.177016
v 0.021082 1.389210 -0.173977
v -0.000456 1.390293 -0.177184
v -0.021993 1.389210 -0.173977
v -0.000456 1.386436 -0.173554
v -0.020617 1.385437 -0.170524
v -0.038917 1.382386 -0.162706
v -0.019267 1.385561 -0.165386
v -0.036405 1.382717 -0.157962
v -0.018733 1.389507 -0.161573
v -0.035503 1.386689 -0.154218
v -0.019329 1.394965 -0.161318
v -0.036738 1.391974 -0.153668
v -0.020705 1.398736 -0.164771
v -0.039387 1.395477 -0.156634
v -0.022055 1.398613 -0.169909
v -0.041898 1.395146 -0.161378
v -0.022588 1.394667 -0.173722
v -0.042801 1.391175 -0.165121
v -0.059424 1.385051 -0.153100
v -0.041566 1.385889 -0.165671
v -0.057496 1.380114 -0.154180
v -0.069235 1.371213 -0.141173
v -0.053770 1.377079 -0.151944
v -0.064688 1.368854 -0.139826
v -0.050428 1.377724 -0.147703
v -0.060807 1.369920 -0.136144
v -0.049429 1.381671 -0.143940
v -0.059867 1.373785 -0.132283
v -0.051357 1.386608 -0.142860
v -0.062417 1.378187 -0.130505
v -0.055083 1.389644 -0.145096
v -0.066964 1.380546 -0.131851
v -0.058424 1.388999 -0.149337
v -0.070844 1.379481 -0.135534
v -0.078601 1.366294 -0.121477
v -0.071785 1.375615 -0.139395
v -0.079472 1.362548 -0.125469
v -0.076507 1.358849 -0.128021
v -0.074404 1.367892 -0.118384
v -0.069340 1.366406 -0.118001
v -0.066374 1.362707 -0.120552
v -0.067245 1.358960 -0.124544
vn 0.6574 -0.0673 -0.7505
vn 0.4989 -0.0772 -0.8632
vn 0.5016 -0.1801 -0.8461
vn 0.6591 -0.1683 -0.7330
vn 0.7325 0.0120 0.6807
vn 0.8361 0.0210 0.5482
vn 0.8451 -0.0404 0.5331
vn 0.7469 -0.0514 0.6630
vn 0.9095 0.0199 0.4152
vn 0.9070 -0.0328 0.4198
vn 0.9595 -0.0364 -0.2795
vn 0.8891 -0.0469 -0.4553
vn 0.8935 -0.1178 -0.4334
vn 0.9618 -0.0889 -0.2589
vn 0.3905 0.1795 0.9030
vn 0.5543 0.1466 0.8193
vn 0.5419 0.1741 0.8223
vn 0.3803 0.2081 0.9012
vn 0.5295 0.1989 0.8247
vn 0.3686 0.2352 0.8994
vn 0.6839 0.1311 0.7177
vn 0.6726 0.1533 0.7240
vn 0.6963 0.1052 0.7100
vn 0.9842 -0.0812 -0.1573
vn 0.9510 -0.0655 -0.3022
vn 0.9333 -0.0679 -0.3526
vn 0.9758 -0.0852 -0.2015
vn 0.9093 -0.1221 -0.3979
vn 0.9602 -0.1198 -0.2524
vn 0.8658 -0.0287 -0.4996
vn 0.8315 -0.1114 -0.5442
vn 0.8954 -0.0281 -0.4444
vn 0.3389 0.2647 0.9028
vn 0.5127 0.2106 0.8323
vn 0.5122 0.2050 0.8340
vn 0.3238 0.2773 0.9046
vn 0.6772 0.1483 0.7207
vn 0.7083 0.1103 0.6973
vn 0.8831 -0.3017 -0.3594
vn 0.8001 -0.4019 -0.4454
vn 0.8111 -0.3806 -0.4442
vn 0.8895 -0.2790 -0.3619
vn 0.6062 -0.5332 -0.5901
vn 0.6101 -0.5285 -0.5904
vn 0.9833 -0.1188 -0.1382
vn 0.9341 -0.1876 -0.3036
vn 0.9442 -0.1686 -0.2831
vn 0.9838 -0.1252 -0.1283
vn 0.9529 -0.1375 -0.2702
vn 0.9852 -0.1147 -0.1270
vn 0.8661 -0.2360 -0.4407
vn 0.8927 -0.1725 -0.4163
vn 0.8385 -0.2749 -0.4704
vn 0.4201 0.0589 0.9056
vn 0.5998 0.0382 0.7992
vn 0.5907 0.0637 0.8044
vn 0.4145 0.0901 0.9056
vn 0.5793 0.0911 0.8100
vn 0.4076 0.1210 0.9051
vn 0.7366 0.0296 0.6757
vn 0.7230 0.0532 0.6888
vn 0.7482 0.0120 0.6634
vn 0.8851 -0.1921 -0.4238
vn 0.9395 -0.1690 -0.2981
vn 0.8607 -0.2520 -0.4423
vn 0.9154 -0.2175 -0.3386
vn 0.7995 -0.2126 -0.5618
vn 0.7706 -0.2864 -0.5694
vn 0.5185 0.2130 0.8281
vn 0.3548 0.2546 0.8996
vn 0.6668 0.1626 0.7273
vn 0.5569 -0.0615 -0.8283
vn 0.3286 -0.0390 -0.9437
vn 0.2908 -0.1965 -0.9364
vn 0.5089 -0.2158 -0.8333
vn 0.2505 -0.3121 -0.9164
vn 0.4615 -0.3222 -0.8265
vn -0.0000 -0.1862 -0.9825
vn -0.0000 -0.3043 -0.9526
vn -0.0000 -0.0303 -0.9995
vn 0.4819 -0.4421 -0.7565
vn 0.2553 -0.4848 -0.8365
vn 0.2754 -0.4623 -0.8429
vn 0.5199 -0.4058 -0.7517
vn 0.3238 -0.3167 -0.8915
vn 0.5841 -0.2758 -0.7634
vn -0.0000 -0.4837 -0.8752
vn -0.0000 -0.3325 -0.9431
vn -0.0000 -0.5002 -0.8659
vn 0.2277 -0.6116 -0.7577
vn 0.1059 -0.6067 -0.7878
vn 0.0985 -0.6095 -0.7866
vn 0.2167 -0.6183 -0.7554
vn -0.0000 -0.6034 -0.7975
vn -0.0000 -0.6030 -0.7977
vn 0.2194 -0.3926 -0.8932
vn 0.4239 -0.3907 -0.8171
vn 0.2005 -0.4521 -0.8692
vn 0.3976 -0.4374 -0.8066
vn -0.0000 -0.3899 -0.9209
vn -0.0000 -0.4554 -0.8903
vn 0.6246 0.0845 -0.7764
vn 0.3667 0.1228 -0.9222
vn 0.3516 0.0997 -0.9308
vn 0.5935 0.0730 -0.8016
vn -0.0000 0.1075 -0.9942
vn -0.0000 0.1360 -0.9907
vn 0.7858 -0.0575 -0.6159
vn 0.7898 -0.1470 -0.5955
vn -0.0020 -0.0244 0.9997
vn 0.2203 -0.0212 0.9752
vn 0.2280 -0.0554 0.9721
vn -0.0002 -0.0535 0.9986
vn 0.8323 -0.3981 -0.3857
vn 0.7361 -0.4746 -0.4827
vn 0.7414 -0.4748 -0.4742
vn 0.8403 -0.3871 -0.3796
vn 0.7519 -0.4620 -0.4703
vn 0.8504 -0.3670 -0.3771
vn 0.6025 -0.5483 -0.5800
vn 0.5970 -0.5512 -0.5830
vn 0.6135 -0.5327 -0.5830
vn 0.4195 -0.0124 0.9077
vn 0.4311 -0.0578 0.9005
vn 0.5910 -0.0003 0.8067
vn 0.6048 -0.0574 0.7943
vn 0.3652 -0.0516 -0.9295
vn 0.6317 -0.0638 -0.7725
vn -0.0000 -0.0469 -0.9989
vn 0.9569 -0.0998 -0.2726
vn 0.9863 -0.0970 -0.1331
vn 0.9061 -0.0941 -0.4125
vn 0.5669 0.1189 0.8152
vn 0.3995 0.1508 0.9042
vn 0.7094 0.0787 0.7004
vn 0.9310 -0.2964 -0.2130
vn 0.8959 -0.3324 -0.2947
vn 0.8974 -0.3226 -0.3011
vn 0.9263 -0.2941 -0.2356
vn 0.8991 -0.3081 -0.3109
vn 0.9213 -0.2891 -0.2602
vn -0.0000 0.1448 0.9895
vn 0.2103 0.1389 0.9677
vn 0.2059 0.1706 0.9636
vn -0.0000 0.1772 0.9842
vn 0.2008 0.2008 0.9588
vn -0.0000 0.2080 0.9781
vn 0.7782 -0.2229 -0.5871
vn 0.8091 -0.0807 -0.5821
vn 0.7958 0.0275 -0.6050
vn 0.2845 -0.0871 -0.9547
vn 0.2899 -0.1877 -0.9385
vn 0.4689 -0.5679 -0.6765
vn 0.4472 -0.5869 -0.6749
vn 0.4282 -0.5963 -0.6791
vn 0.2949 -0.6048 -0.7397
vn 0.2792 -0.6102 -0.7414
vn 0.3109 -0.5911 -0.7443
vn 0.7577 0.0248 -0.6522
vn 0.7160 -0.0893 -0.6924
vn 0.6357 -0.3140 -0.7052
vn 0.6025 -0.3711 -0.7066
vn 0.7375 -0.3391 -0.5841
vn 0.5727 -0.4083 -0.7108
vn 0.7000 -0.3761 -0.6071
vn 0.1901 -0.4969 -0.8467
vn 0.3799 -0.4729 -0.7950
vn 0.1825 -0.5262 -0.8305
vn 0.3651 -0.5024 -0.7837
vn -0.0000 -0.5046 -0.8634
vn -0.0000 -0.5337 -0.8457
vn 0.3850 -0.6012 -0.7002
vn 0.3765 -0.6071 -0.6998
vn 0.6855 -0.3684 -0.6280
vn 0.7274 -0.3235 -0.6052
vn 0.6731 -0.2234 -0.7050
vn -0.0000 0.2684 0.9633
vn 0.1872 0.2598 0.9473
vn 0.1773 0.2835 0.9424
vn -0.0000 0.2936 0.9559
vn 0.1639 0.3025 0.9389
vn -0.0000 0.3158 0.9488
vn -0.0000 0.0756 0.9971
vn 0.2173 0.0714 0.9735
vn 0.2140 0.1056 0.9711
vn -0.0000 0.1107 0.9939
vn 0.1497 0.3231 0.9345
vn -0.0000 0.3384 0.9410
vn 0.1947 0.2309 0.9533
vn -0.0000 0.2387 0.9711
vn -0.0012 -0.0918 -0.9958
vn 0.0006 -0.1905 -0.9817
vn 0.9646 0.0067 0.2636
vn 0.9566 -0.0360 0.2891
vn 0.9662 -0.2393 -0.0958
vn 0.9484 -0.2675 -0.1702
vn 0.9410 -0.2624 -0.2138
vn 0.9604 -0.2301 -0.1569
vn 0.9697 -0.2432 -0.0251
vn 0.9559 -0.2694 -0.1168
vn 0.9067 -0.2627 -0.3299
vn 0.9029 -0.2676 -0.3363
vn 0.9041 -0.2548 -0.3431
vn 0.9062 -0.2559 -0.3368
vn 0.9704 -0.2372 0.0444
vn 0.9629 -0.2633 -0.0582
vn 0.9689 -0.2206 0.1122
vn 0.9686 -0.2486 -0.0015
vn 0.9655 -0.1960 0.1717
vn 0.9721 -0.2293 0.0505
vn 0.9608 -0.1696 0.2195
vn 0.9729 -0.2093 0.0984
vn 0.9962 -0.0110 0.0865
vn 0.9924 -0.0485 0.1134
vn 0.9948 -0.0254 -0.0989
vn 0.9948 -0.0660 -0.0781
vn 0.9004 -0.2929 -0.3216
vn 0.9163 -0.2821 -0.2844
vn 0.9009 -0.2837 -0.3284
vn 0.9115 -0.2772 -0.3040
vn 0.8602 -0.3447 -0.3759
vn 0.8683 -0.3293 -0.3710
vn 0.4142 -0.5995 -0.6849
vn 0.5966 -0.5473 -0.5869
vn 0.4035 -0.6012 -0.6897
vn 0.5988 -0.5437 -0.5881
vn 0.2654 -0.6105 -0.7462
vn 0.2526 -0.6109 -0.7504
vn 0.1380 -0.6156 -0.7759
vn 0.1305 -0.6101 -0.7815
vn 0.1225 -0.6070 -0.7852
vn -0.0000 -0.6089 -0.7932
vn -0.0000 -0.6042 -0.7968
vn -0.0000 -0.6173 -0.7867
vn 0.7644 -0.4441 -0.4675
vn 0.7764 -0.4301 -0.4607
vn 0.9504 -0.2202 -0.2197
vn 0.9329 -0.2541 -0.2551
vn 0.9225 -0.2473 -0.2964
vn 0.9292 -0.2316 -0.2879
vn 0.9372 -0.2844 -0.2020
vn 0.9289 -0.2825 -0.2396
vn 0.9210 -0.2792 -0.2715
vn -0.6579 -0.0668 -0.7501
vn -0.7861 -0.0569 -0.6155
vn -0.7909 -0.1372 -0.5964
vn -0.6598 -0.1600 -0.7342
vn 0.9107 -0.2602 -0.3207
vn 0.9111 -0.2511 -0.3269
vn 0.9536 -0.2754 -0.1216
vn 0.9457 -0.2821 -0.1615
vn -0.0000 -0.5519 -0.8339
vn 0.1742 -0.5463 -0.8192
vn 0.3507 -0.5258 -0.7749
vn 0.1656 -0.5675 -0.8066
vn 0.3372 -0.5479 -0.7655
vn -0.0000 -0.5727 -0.8197
vn -0.0000 -0.5950 -0.8037
vn 0.1583 -0.5892 -0.7923
vn 0.3248 -0.5708 -0.7541
vn 0.1521 -0.6069 -0.7801
vn -0.0000 -0.6125 -0.7904
vn -0.0000 -0.6206 -0.7841
vn 0.1453 -0.6163 -0.7740
vn 0.9144 -0.2732 -0.2988
vn 0.9081 -0.2718 -0.3185
vn 0.9016 -0.2773 -0.3321
vn 0.8757 -0.3171 -0.3641
vn 0.3940 -0.6021 -0.6944
vn 0.6022 -0.5398 -0.5882
vn 0.2400 -0.6116 -0.7539
vn 0.1141 -0.6067 -0.7867
vn -0.0000 -0.6034 -0.7974
vn 0.7882 -0.4176 -0.4520
vn 0.9529 -0.0397 0.3006
vn 0.9068 -0.0389 0.4198
vn 0.9540 -0.0323 0.2980
vn 0.9079 -0.0311 0.4181
vn 0.9905 -0.0464 0.1292
vn 0.9906 -0.0307 0.1336
vn 0.8493 -0.0436 0.5261
vn 0.7502 -0.0504 0.6593
vn 0.8530 -0.0251 0.5213
vn 0.7553 -0.0179 0.6551
vn 0.2256 -0.0513 0.9729
vn -0.0000 -0.0502 0.9987
vn 0.2223 0.0045 0.9750
vn -0.0000 0.0068 1.0000
vn 0.4285 -0.0535 0.9019
vn 0.4268 -0.0017 0.9044
vn 0.6528 -0.2093 -0.7280
vn 0.7871 -0.1790 -0.5903
vn 0.6482 -0.3490 -0.6767
vn 0.7988 -0.2813 -0.5318
vn 0.4935 -0.2254 -0.8400
vn 0.4723 -0.3875 -0.7917
vn 0.9959 -0.0629 -0.0655
vn 0.9981 -0.0511 -0.0346
vn 0.9638 -0.0940 -0.2494
vn 0.9745 -0.1101 -0.1954
vn 0.2818 -0.2344 -0.9304
vn 0.2635 -0.4045 -0.8758
vn -0.0000 -0.2386 -0.9711
vn -0.0000 -0.4107 -0.9118
vn 0.6042 -0.0540 0.7950
vn 0.6067 -0.0097 0.7949
vn 0.8940 -0.1367 -0.4267
vn 0.9103 -0.1950 -0.3651
vn 0.8509 -0.0184 0.5251
vn 0.7543 -0.0011 0.6565
vn 0.8427 -0.0148 0.5381
vn 0.9032 -0.0400 0.4273
vn 0.8877 -0.0485 0.4580
vn 0.2200 0.0385 0.9747
vn -0.0000 0.0418 0.9991
vn 0.4243 0.0292 0.9051
vn 0.6593 -0.3755 -0.6514
vn 0.8151 -0.2914 -0.5006
vn 0.4689 -0.4310 -0.7709
vn 0.9985 -0.0526 -0.0145
vn 0.9900 -0.0478 0.1325
vn 0.9967 -0.0811 -0.0031
vn 0.9894 -0.0920 0.1128
vn 0.9807 -0.1090 -0.1624
vn 0.2544 -0.4586 -0.8514
vn -0.0000 -0.4683 -0.8836
vn 0.6051 0.0152 0.7960
vn 0.9227 -0.1968 -0.3316
vn 0.8562 0.0384 0.5152
vn 0.8590 0.0193 0.5116
vn 0.8575 0.0208 0.5141
vn 0.8560 0.0397 0.5155
vn 0.9427 -0.1943 -0.2714
vn 0.8456 -0.3107 -0.4340
vn 0.8942 -0.2659 -0.3601
vn 0.9679 -0.1495 -0.2021
vn 0.8525 0.0647 0.5187
vn 0.8547 0.0532 0.5164
vn 0.8542 0.0532 0.5172
vn 0.8525 0.0643 0.5188
vn 0.8661 0.0002 0.4999
vn 0.8627 -0.0009 0.5057
vn 0.9344 -0.0045 0.3563
vn 0.9047 0.0183 0.4257
vn 0.9029 0.0317 0.4287
vn 0.9328 0.0100 0.3602
vn 0.9861 -0.1073 0.1265
vn 0.9662 -0.0379 0.2551
vn 0.9677 -0.0136 0.2517
vn 0.9914 -0.0916 0.0937
vn 0.8767 0.0493 0.4785
vn 0.8757 0.0576 0.4794
vn 0.8580 0.0606 0.5101
vn 0.8400 0.0782 0.5370
vn 0.8577 0.0667 0.5097
vn 0.9968 -0.0781 0.0197
vn 0.9962 -0.0853 0.0199
vn 0.9963 -0.0834 0.0218
vn 0.9968 -0.0782 0.0164
vn 0.8575 0.0693 0.5098
vn 0.9965 -0.0830 -0.0072
vn 0.9968 -0.0784 0.0158
vn 0.9968 -0.0793 0.0012
vn 0.9956 -0.0882 -0.0321
vn 0.9948 -0.0939 0.0389
vn 0.9953 -0.0916 0.0319
vn 0.9871 -0.1037 -0.1219
vn 0.9896 -0.0998 -0.1036
vn 0.9949 -0.0896 -0.0457
vn 0.9953 -0.0859 -0.0438
vn 0.6588 -0.4044 -0.6344
vn 0.6160 -0.4538 -0.6439
vn 0.5903 -0.4618 -0.6621
vn 0.6260 -0.4543 -0.6338
vn 0.9919 -0.1006 -0.0780
vn 0.9486 -0.2754 -0.1559
vn 0.9782 -0.2066 -0.0221
vn 0.9784 -0.2006 -0.0492
vn 0.9479 -0.2731 -0.1638
vn 0.6490 -0.4556 -0.6093
vn 0.6364 -0.4418 -0.6323
vn 0.7443 -0.4132 -0.5247
vn 0.7518 -0.3710 -0.5452
vn 0.8399 -0.3576 -0.4082
vn 0.8317 -0.3801 -0.4046
vn 0.8997 -0.3325 -0.2829
vn 0.9078 -0.3157 -0.2761
vn 0.8432 -0.3538 -0.4048
vn 0.7758 -0.3552 -0.5215
vn 0.9830 -0.1216 0.1375
vn 0.9678 -0.1194 0.2215
vn 0.9664 -0.1022 0.2358
vn 0.9046 -0.3184 -0.2833
vn 0.9433 -0.0870 0.3204
vn 0.9430 -0.0860 0.3214
vn 0.9177 -0.0836 0.3885
vn 0.9125 -0.0832 0.4005
vn 0.9444 -0.0874 0.3171
vn 0.9944 -0.0993 0.0351
vn 0.9905 -0.1158 0.0735
vn 0.9922 -0.1003 0.0747
vn 0.8903 -0.0657 0.4506
vn 0.9219 -0.0781 0.3795
vn 0.8908 -0.0713 0.4487
vn 0.8728 -0.0302 0.4871
vn 0.8746 -0.0299 0.4839
vn 0.9939 -0.0973 0.0523
vn 0.8790 -0.2738 -0.3905
vn 0.7724 -0.3614 -0.5223
vn 0.7315 -0.4085 -0.5459
vn 0.8582 0.0065 0.5132
vn 0.8669 -0.0184 0.4981
vn 0.6678 -0.4591 -0.5859
vn 0.7703 -0.3905 -0.5042
vn 0.7656 -0.3537 -0.5374
vn 0.6749 -0.3949 -0.6234
vn 0.7953 -0.3345 -0.5056
vn 0.8289 -0.3025 -0.4705
vn 0.8888 -0.2605 -0.3771
vn 0.9464 -0.1888 -0.2621
vn 0.9325 -0.2105 -0.2935
vn 0.9539 -0.1770 -0.2424
vn 0.9819 -0.1236 -0.1437
vn 0.9875 -0.1044 -0.1178
vn 0.9751 -0.1365 -0.1750
vn 0.8300 0.0007 0.5578
vn 0.8199 0.0223 0.5720
vn 0.8114 0.0433 0.5829
vn 0.8023 0.0654 0.5934
vn 0.8529 0.0258 0.5214
vn 0.8490 0.0437 0.5266
vn 0.7926 0.0872 0.6035
vn 0.7829 0.1056 0.6131
vn 0.8441 0.0604 0.5328
vn 0.8386 0.0741 0.5397
vn 0.7802 0.1121 0.6154
vn 0.7982 0.0928 0.5952
vn 0.8398 0.0466 0.5409
vn 0.8891 0.0264 0.4570
vn 0.9223 -0.0039 0.3865
vn 0.8896 -0.0150 0.4565
vn 0.9345 -0.0596 0.3509
vn 0.9554 -0.0399 0.2926
vn 0.9768 -0.1282 0.1713
vn 0.9539 -0.1035 0.2818
vn 0.9562 -0.1454 0.2540
vn 0.9707 -0.1987 0.1353
vn 0.9701 -0.2420 -0.0175
vn 0.9672 -0.2536 0.0125
vn 0.9625 -0.2675 -0.0458
vn 0.9457 -0.2878 -0.1514
vn 0.9951 -0.0975 -0.0149
vn 0.9960 -0.0877 -0.0196
vn 0.9961 -0.0808 -0.0352
vn 0.9948 -0.1016 -0.0087
vn 0.9941 -0.0842 -0.0690
vn 0.5480 -0.4363 -0.7137
vn 0.5239 -0.4691 -0.7110
vn 0.5047 -0.4899 -0.7108
vn 0.4971 -0.5096 -0.7023
vn 0.4874 -0.5402 -0.6860
vn 0.6273 -0.5018 -0.5956
vn 0.7380 -0.4584 -0.4951
vn 0.8281 -0.3999 -0.3930
vn 0.9598 -0.2677 -0.0847
vn 0.9342 -0.3012 -0.1911
vn 0.8949 -0.3403 -0.2887
vn 0.9508 -0.0596 0.3041
vn 0.0719 0.8061 -0.5875
vn 0.0755 0.8060 -0.5871
vn 0.1110 0.7995 -0.5904
vn 0.1089 0.7983 -0.5923
vn -0.0000 0.8111 -0.5849
vn -0.0000 0.8116 -0.5842
vn 0.0345 0.8105 -0.5848
vn 0.0325 0.8101 -0.5854
vn 0.1414 0.9786 -0.1493
vn 0.1029 0.9855 -0.1350
vn 0.1050 0.9715 0.2125
vn 0.1358 0.9729 0.1874
vn 0.0726 0.8671 0.4929
vn 0.0907 0.8743 0.4768
vn 0.0821 0.8153 -0.5731
vn 0.1183 0.8103 -0.5740
vn 0.1143 0.7990 -0.5903
vn 0.0785 0.8057 -0.5871
vn 0.0028 0.6459 0.7634
vn 0.0026 0.6471 0.7624
vn 0.0305 0.7279 0.6851
vn 0.0279 0.7217 0.6917
vn -0.0000 0.8194 -0.5732
vn 0.0381 0.8187 -0.5729
vn 0.0360 0.8108 -0.5842
vn -0.0000 0.8122 -0.5834
vn -0.0000 0.9634 -0.2682
vn 0.0555 0.9701 -0.2364
vn 0.0482 0.8742 -0.4831
vn -0.0000 0.8683 -0.4960
vn 0.0942 0.8826 -0.4605
vn 0.1272 0.8850 -0.4478
vn 0.0732 0.9485 0.3081
vn 0.0522 0.8463 0.5301
vn 0.0730 0.9883 0.1340
vn 0.0676 0.9579 0.2792
vn 0.0677 0.9081 0.4133
vn 0.0407 0.8132 0.5805
vn 0.0034 0.7108 0.7034
vn 0.0213 0.7187 0.6950
vn -0.0120 0.6592 0.7519
vn 0.0015 0.6533 0.7571
vn -0.0007 0.6362 0.7715
vn 0.0001 0.6367 0.7711
vn -0.0025 0.6414 0.7672
vn -0.0066 0.6425 0.7663
vn -0.2671 -0.3475 0.8988
vn -0.2672 -0.3475 0.8988
vn -0.4937 -0.2843 0.8219
vn -0.4938 -0.2843 0.8218
vn -0.6723 -0.1870 0.7163
vn -0.6723 -0.1869 0.7163
vn -0.8030 -0.0599 0.5930
vn -0.8851 0.0934 0.4560
vn -0.9132 0.2658 0.3089
vn -0.9132 0.2659 0.3088
vn -0.7917 0.6105 0.0223
vn -0.6474 0.7559 -0.0975
vn -0.6477 0.7557 -0.0973
vn -0.7917 0.6105 0.0222
vn -0.4587 0.8681 -0.1897
vn -0.4591 0.8679 -0.1894
vn -0.8821 0.4428 0.1608
vn -0.8820 0.4430 0.1606
vn -0.2377 0.9391 -0.2481
vn -0.2376 0.9391 -0.2481
vn 0.0745 0.9346 0.3478
vn 0.0468 0.8606 0.5072
vn 0.0776 0.8931 0.4431
vn 0.0728 0.9493 0.3059
vn -0.0316 0.7581 0.6514
vn 0.0402 0.7996 0.5992
vn -0.0067 0.7083 0.7059
vn -0.0229 0.6610 0.7501
vn -0.0771 0.6850 0.7245
vn -0.0519 0.6599 0.7496
vn -0.0076 0.6422 0.7665
vn -0.0005 0.6356 0.7721
vn -0.0137 0.6451 0.7640
vn -0.0009 0.6363 0.7715
vn -0.0000 0.6351 0.7724
vn -0.0000 0.6351 0.7725
vn 0.0001 0.6350 0.7725
vn -0.0000 0.6350 0.7725
vn -0.0000 0.6352 0.7724
vn -0.0000 0.6352 0.7723
vn -0.0001 0.6354 0.7722
vn -0.0002 0.6352 0.7723
vn 0.0002 0.6352 0.7724
vn 0.0398 0.9790 0.1998
vn 0.0372 0.9731 0.2272
vn -0.0000 0.9848 0.1737
vn -0.0000 0.9787 0.2051
vn -0.0000 0.9781 0.2079
vn 0.0452 0.9693 0.2415
vn 0.0450 0.9978 0.0490
vn -0.0000 0.9998 0.0194
vn -0.0000 0.9634 -0.2680
vn -0.0000 -0.3701 0.9290
vn 0.0002 0.6352 0.7723
vn 0.0001 0.6352 0.7723
vn 0.4549 0.8337 0.3131
vn 0.4809 0.8117 0.3315
vn -0.0002 0.6350 0.7725
vn -0.4808 0.1681 0.8606
vn -0.5961 0.3563 0.7195
vn -0.0003 0.6351 0.7724
vn -0.6132 0.5738 0.5429
vn -0.0002 0.6351 0.7724
vn -0.5046 0.7794 0.3714
vn -0.0002 0.6354 0.7722
vn -0.3604 0.8929 0.2700
vn -0.2635 0.9362 0.2325
vn -0.0001 0.6350 0.7725
vn 0.0137 0.0011 0.9999
vn -0.0424 0.0039 0.9991
vn -0.0002 0.6349 0.7726
vn -0.2807 0.0658 0.9575
vn -0.6119 0.6245 0.4854
vn -0.6098 0.6292 0.4819
vn -0.0001 0.6351 0.7724
vn -0.6204 0.5900 0.5167
vn -0.0002 0.6351 0.7725
vn -0.0003 0.6350 0.7725
vn -0.4973 0.2103 0.8417
vn -0.6145 0.4128 0.6723
vn 0.0002 0.6351 0.7724
vn 0.5910 0.6566 0.4687
vn 0.6268 0.4936 0.6029
vn 0.5757 0.3031 0.7594
vn 0.4877 0.1766 0.8550
vn 0.0001 0.6349 0.7726
vn 0.4540 0.1471 0.8788
vn 0.3518 0.0898 0.9318
vn 0.2514 0.0471 0.9667
vn -0.0002 0.6352 0.7724
vn -0.1770 0.9612 0.2116
vn -0.1000 0.9747 0.1999
vn -0.0000 0.6353 0.7723
vn -0.0417 0.9799 0.1950
vn -0.0000 0.9810 0.1938
vn -0.1775 0.0295 0.9837
vn -0.3257 0.0784 0.9422
vn -0.4618 0.1508 0.8741
vn -0.6088 0.6332 0.4780
vn -0.5927 0.6650 0.4544
vn -0.4504 0.8281 0.3338
vn -0.0001 0.6352 0.7723
vn -0.1396 0.9630 0.2307
vn 0.2125 0.9486 0.2346
vn -0.0000 0.6349 0.7726
vn 0.1498 0.0208 0.9885
vn -0.0000 0.0103 0.9999
vn -0.6763 0.2878 0.6781
vn -0.6992 0.5351 0.4741
vn -0.5713 0.7710 0.2815
vn -0.4038 0.8980 0.1748
vn -0.5361 0.0877 0.8396
vn -0.5150 0.0696 0.8544
vn -0.2946 0.9457 0.1370
vn -0.1976 0.9735 0.1147
vn -0.3169 -0.0410 0.9476
vn -0.5668 0.1208 0.8150
vn -0.0465 -0.0980 0.9941
vn 0.0152 -0.0992 0.9950
vn 0.1677 -0.0812 0.9825
vn -0.6778 0.6074 0.4142
vn -0.6783 0.6037 0.4189
vn -0.6809 0.5985 0.4222
vn -0.6933 0.5596 0.4541
vn -0.6968 0.3556 0.6229
vn 0.5360 0.8065 0.2493
vn 0.6662 0.6321 0.3957
vn 0.5080 0.8304 0.2289
vn 0.7085 0.4467 0.5463
vn 0.6480 0.2328 0.7252
vn 0.5069 0.0645 0.8596
vn 0.3952 -0.0037 0.9186
vn 0.2824 -0.0525 0.9579
vn 0.5447 0.0962 0.8331
vn -0.1121 0.9884 0.1026
vn -0.0466 0.9941 0.0979
vn -0.0000 0.9953 0.0970
vn 0.2454 0.9614 0.1246
vn -0.3668 -0.0179 0.9301
vn -0.0000 -0.0984 0.9951
vn -0.2005 -0.0759 0.9768
vn -0.5165 0.8230 0.2366
vn -0.1608 0.9808 0.1106
vn -0.6640 0.6410 0.3850
vn 0.5949 -0.0224 -0.8035
vn 0.4663 0.3164 -0.8261
vn 0.6093 0.3574 -0.7079
vn 0.7787 0.0382 -0.6262
vn 0.3208 0.5694 -0.7569
vn 0.4068 0.5945 -0.6936
vn 0.1218 0.7934 -0.5963
vn 0.1229 0.7958 -0.5930
vn 0.6641 0.3707 -0.6492
vn 0.8423 0.0531 -0.5364
vn 0.4439 0.6029 -0.6629
vn 0.1250 0.7965 -0.5915
vn 0.2200 0.5480 -0.8070
vn 0.0947 0.8016 -0.5903
vn 0.3018 0.2792 -0.9116
vn 0.3694 -0.0788 -0.9259
vn 0.1321 0.5423 -0.8297
vn 0.0614 0.8071 -0.5872
vn 0.1752 0.2654 -0.9481
vn 0.2081 -0.1001 -0.9730
vn 0.5558 -0.1769 0.8123
vn 0.3595 0.1011 0.9276
vn 0.2010 0.1235 0.9718
vn 0.3390 -0.1336 0.9313
vn 0.2054 0.3632 0.9088
vn 0.1133 0.3674 0.9231
vn 0.3894 0.4920 0.7787
vn 0.3930 0.4908 0.7776
vn 0.6745 0.2985 0.6752
vn 0.6807 0.2956 0.6703
vn 0.8920 0.0272 0.4512
vn 0.8985 0.0367 0.4375
vn 0.4051 0.5029 0.7635
vn 0.0035 0.6493 0.7605
vn 0.7001 0.2983 0.6488
vn 0.9156 0.0443 0.3997
vn 0.9880 0.1368 -0.0714
vn 0.8473 0.5283 0.0551
vn 0.8193 0.4761 0.3195
vn 0.9839 0.1251 0.1279
vn 0.5644 0.8146 0.1340
vn 0.5221 0.7390 0.4257
vn 0.1460 0.9676 0.2058
vn 0.0944 0.8709 0.4823
vn 0.1449 0.9002 -0.4106
vn 0.5079 0.6915 -0.5137
vn 0.4688 0.6068 -0.6419
vn 0.1325 0.8119 -0.5685
vn 0.7489 0.4220 -0.5110
vn 0.6938 0.3626 -0.6223
vn 0.9022 0.0472 -0.4288
vn 0.8650 0.0312 -0.5008
vn 0.0841 0.1657 0.9826
vn 0.1506 -0.0820 0.9852
vn 0.0466 0.3858 0.9214
vn -0.0000 0.1858 0.9826
vn -0.0000 -0.0624 0.9981
vn -0.0000 0.3953 0.9185
vn 0.8710 -0.0701 0.4863
vn 0.6586 0.2220 0.7190
vn 0.5403 0.1432 0.8292
vn 0.7576 -0.1482 0.6357
vn 0.3807 0.4504 0.8076
vn 0.3110 0.3978 0.8631
vn 0.8923 0.0143 0.4512
vn 0.6766 0.2951 0.6746
vn 0.6826 0.2895 0.6710
vn 0.8969 0.0045 0.4423
vn 0.3907 0.4908 0.7787
vn 0.3943 0.4889 0.7781
vn 0.0004 0.6349 0.7726
vn 0.0002 0.6351 0.7725
vn 0.3977 0.4866 0.7779
vn 0.6885 0.2833 0.6676
vn 0.9015 -0.0033 0.4327
vn 0.9010 -0.0206 0.4333
vn 0.6911 0.2716 0.6697
vn 0.3995 0.4809 0.7804
vn 0.0002 0.6350 0.7725
vn 0.9572 0.0949 -0.2734
vn 0.8280 0.5093 -0.2347
vn 0.5623 0.8036 -0.1952
vn 0.1581 0.9817 -0.1064
vn 0.6786 0.3633 -0.6384
vn 0.8544 0.0422 -0.5179
vn 0.4567 0.5981 -0.6586
vn 0.1284 0.7956 -0.5920
vn 0.4492 0.5928 0.6684
vn 0.0330 0.7324 0.6801
vn 0.7520 0.3637 0.5497
vn 0.9509 0.0764 0.3000
vn 0.0581 0.5424 -0.8381
vn 0.0280 0.8100 -0.5857
vn 0.0763 0.2618 -0.9621
vn 0.0897 -0.1061 -0.9903
vn -0.0000 0.5422 -0.8403
vn -0.0000 0.8109 -0.5852
vn -0.0000 0.2607 -0.9654
vn -0.0000 -0.1075 -0.9942
vn 0.9452 -0.1035 0.3096
vn 0.9226 -0.0642 0.3803
vn 0.8765 -0.0458 0.4793
vn 0.9136 -0.0743 0.3998
vn 0.9114 -0.0483 0.4088
vn 0.8687 -0.0518 0.4927
vn 0.9009 -0.0217 0.4334
vn 0.8632 -0.0796 0.4985
vn 0.7597 -0.0163 0.6501
vn 0.8132 0.0274 0.5813
vn 0.7525 -0.0487 0.6568
vn 0.7365 -0.1565 0.6581
vn 0.2065 -0.6245 -0.7532
vn 0.2207 -0.4359 -0.8725
vn 0.3846 -0.4203 -0.8218
vn 0.3643 -0.6151 -0.6992
vn 0.2221 -0.2971 -0.9286
vn 0.3855 -0.2783 -0.8797
vn 0.2145 -0.0998 -0.9716
vn 0.3783 -0.0773 -0.9224
vn 0.6196 -0.3539 -0.7006
vn 0.5997 -0.5347 -0.5954
vn 0.6140 -0.2158 -0.7592
vn 0.5907 -0.0238 -0.8065
vn 0.3592 0.2720 0.8928
vn 0.3592 0.1164 0.9260
vn 0.1597 0.1693 0.9725
vn 0.1601 0.3318 0.9297
vn 0.3629 0.0329 0.9312
vn 0.1640 0.0693 0.9840
vn 0.3274 -0.1301 0.9359
vn 0.1466 -0.0811 0.9859
vn -0.0000 0.1867 0.9824
vn -0.0000 0.3503 0.9366
vn -0.0000 0.0802 0.9968
vn 0.8248 -0.2333 -0.5150
vn 0.8101 -0.3754 -0.4503
vn 0.8133 -0.1156 -0.5702
vn 0.7644 0.0334 -0.6438
vn 0.8926 -0.1631 -0.4204
vn 0.8914 -0.2661 -0.3669
vn 0.8798 -0.0665 -0.4707
vn 0.8385 0.0541 -0.5422
vn 0.9735 -0.2285 0.0001
vn 0.9790 -0.1426 0.1457
vn 0.9654 -0.1448 0.2169
vn 0.9710 -0.2247 0.0821
vn 0.9649 -0.0532 0.2572
vn 0.9465 -0.0657 0.3160
vn 0.9140 0.0435 0.4035
vn 0.8980 0.0362 0.4385
vn 0.9517 -0.1367 0.2750
vn 0.9665 -0.2117 0.1454
vn 0.9322 -0.0710 0.3550
vn 0.8920 0.0265 0.4513
vn 0.9519 -0.1568 0.2631
vn 0.9352 -0.1107 0.3365
vn 0.9321 -0.0932 0.3499
vn 0.9474 -0.1310 0.2919
vn 0.9203 -0.0666 0.3855
vn 0.9199 -0.0595 0.3876
vn 0.8972 0.0041 0.4417
vn 0.9018 -0.0040 0.4322
vn -0.0000 -0.6027 -0.7980
vn -0.0000 -0.4378 -0.8991
vn 0.0966 -0.4377 -0.8939
vn 0.0927 -0.6116 -0.7857
vn -0.0000 -0.3011 -0.9536
vn 0.0968 -0.3009 -0.9487
vn -0.0000 -0.1076 -0.9942
vn 0.0922 -0.1062 -0.9901
vn 0.5586 0.0516 0.8278
vn 0.5705 0.1668 0.8042
vn 0.5642 -0.0131 0.8256
vn 0.5370 -0.1746 0.8253
vn 0.9826 0.1222 0.1399
vn 0.9994 0.0274 0.0232
vn 0.9892 0.0331 -0.1431
vn 0.9884 0.1374 -0.0641
vn 0.9958 -0.0784 -0.0475
vn 0.9826 -0.0670 -0.1731
vn 0.9666 -0.2144 -0.1405
vn 0.9578 -0.2075 -0.1987
vn 0.9513 -0.0133 -0.3079
vn 0.9560 0.0933 -0.2781
vn 0.9486 -0.0970 -0.3012
vn 0.9374 -0.2184 -0.2713
vn 0.8621 0.0330 -0.5056
vn 0.8932 -0.0675 -0.4445
vn 0.8894 -0.0646 -0.4525
vn 0.8531 0.0451 -0.5197
vn 0.9036 -0.1460 -0.4028
vn 0.9014 -0.1490 -0.4066
vn 0.9059 -0.2541 -0.3389
vn 0.9042 -0.2468 -0.3487
vn 0.9862 -0.0190 0.1643
vn 0.9471 0.0715 0.3130
vn 0.9913 -0.1168 0.0602
vn 0.9713 -0.2232 -0.0826
vn 0.9094 -0.0559 -0.4122
vn 0.8945 0.0420 -0.4451
vn 0.9155 -0.1320 -0.3800
vn 0.9127 -0.2500 -0.3233
vn 0.9407 -0.1266 0.3147
vn 0.9589 -0.1874 0.2131
vn 0.9230 -0.0721 0.3779
vn 0.8925 0.0137 0.4509
vn 0.9805 -0.1310 0.1462
vn 0.9635 -0.1153 0.2418
vn 0.6764 -0.3832 -0.6290
vn 0.6190 -0.4559 -0.6395
vn 0.9961 -0.0877 -0.0091
vn 0.9966 -0.0803 0.0162
vn 0.9968 -0.0776 0.0196
vn 0.9962 -0.0851 0.0196
vn -0.4998 -0.0767 -0.8627
vn -0.5017 -0.1740 -0.8474
vn -0.8382 0.0208 0.5449
vn -0.7350 0.0122 0.6779
vn -0.7479 -0.0481 0.6621
vn -0.8465 -0.0389 0.5310
vn -0.9081 0.0199 0.4184
vn -0.9069 -0.0332 0.4201
vn -0.8893 -0.0462 -0.4550
vn -0.9597 -0.0358 -0.2787
vn -0.9629 -0.0777 -0.2586
vn -0.8946 -0.1069 -0.4338
vn -0.3905 0.1795 0.9030
vn -0.3803 0.2081 0.9012
vn -0.5418 0.1741 0.8223
vn -0.5543 0.1466 0.8193
vn -0.3686 0.2352 0.8994
vn -0.5295 0.1989 0.8247
vn -0.6726 0.1533 0.7240
vn -0.6839 0.1311 0.7177
vn -0.6963 0.1052 0.7100
vn -0.9842 -0.0812 -0.1573
vn -0.9758 -0.0852 -0.2015
vn -0.9333 -0.0679 -0.3526
vn -0.9510 -0.0655 -0.3022
vn -0.9602 -0.1198 -0.2524
vn -0.9093 -0.1221 -0.3979
vn -0.8315 -0.1114 -0.5442
vn -0.8658 -0.0287 -0.4996
vn -0.8954 -0.0281 -0.4444
vn -0.3389 0.2647 0.9028
vn -0.3238 0.2773 0.9046
vn -0.5122 0.2050 0.8340
vn -0.5127 0.2106 0.8323
vn -0.7083 0.1103 0.6973
vn -0.6772 0.1483 0.7207
vn -0.8831 -0.3017 -0.3594
vn -0.8895 -0.2790 -0.3619
vn -0.8111 -0.3806 -0.4442
vn -0.8001 -0.4019 -0.4454
vn -0.6101 -0.5285 -0.5904
vn -0.6062 -0.5332 -0.5901
vn -0.9833 -0.1188 -0.1382
vn -0.9838 -0.1252 -0.1283
vn -0.9442 -0.1686 -0.2831
vn -0.9341 -0.1876 -0.3036
vn -0.9852 -0.1147 -0.1270
vn -0.9529 -0.1375 -0.2702
vn -0.8927 -0.1725 -0.4163
vn -0.8661 -0.2360 -0.4407
vn -0.8385 -0.2749 -0.4704
vn -0.4201 0.0589 0.9056
vn -0.4145 0.0901 0.9056
vn -0.5907 0.0637 0.8044
vn -0.5998 0.0382 0.7993
vn -0.4076 0.1210 0.9051
vn -0.5793 0.0911 0.8100
vn -0.7230 0.0532 0.6888
vn -0.7366 0.0296 0.6757
vn -0.7482 0.0120 0.6634
vn -0.9395 -0.1690 -0.2980
vn -0.8851 -0.1921 -0.4238
vn -0.9154 -0.2175 -0.3386
vn -0.8607 -0.2520 -0.4423
vn -0.7706 -0.2864 -0.5694
vn -0.7995 -0.2126 -0.5618
vn -0.3548 0.2546 0.8996
vn -0.5185 0.2130 0.8281
vn -0.6668 0.1626 0.7273
vn -0.5569 -0.0615 -0.8283
vn -0.5089 -0.2158 -0.8333
vn -0.2908 -0.1965 -0.9364
vn -0.3286 -0.0390 -0.9437
vn -0.4615 -0.3222 -0.8265
vn -0.2505 -0.3121 -0.9164
vn -0.4819 -0.4420 -0.7565
vn -0.5199 -0.4058 -0.7517
vn -0.2754 -0.4623 -0.8429
vn -0.2553 -0.4848 -0.8365
vn -0.5841 -0.2758 -0.7634
vn -0.3238 -0.3167 -0.8915
vn -0.2277 -0.6116 -0.7577
vn -0.2167 -0.6183 -0.7554
vn -0.0985 -0.6095 -0.7866
vn -0.1059 -0.6067 -0.7878
vn -0.4239 -0.3907 -0.8171
vn -0.2194 -0.3926 -0.8932
vn -0.3976 -0.4374 -0.8066
vn -0.2005 -0.4521 -0.8692
vn -0.6246 0.0845 -0.7764
vn -0.5935 0.0730 -0.8015
vn -0.3516 0.0997 -0.9308
vn -0.3667 0.1228 -0.9222
vn -0.2242 -0.0210 0.9743
vn -0.2286 -0.0542 0.9720
vn -0.8323 -0.3981 -0.3857
vn -0.8403 -0.3871 -0.3796
vn -0.7414 -0.4748 -0.4742
vn -0.7361 -0.4746 -0.4827
vn -0.8504 -0.3670 -0.3771
vn -0.7519 -0.4620 -0.4703
vn -0.5970 -0.5512 -0.5830
vn -0.6025 -0.5483 -0.5800
vn -0.6135 -0.5327 -0.5830
vn -0.4228 -0.0120 0.9061
vn -0.4315 -0.0555 0.9004
vn -0.5933 0.0001 0.8050
vn -0.6051 -0.0543 0.7943
vn -0.6317 -0.0638 -0.7725
vn -0.3652 -0.0516 -0.9295
vn -0.9863 -0.0970 -0.1332
vn -0.9569 -0.0998 -0.2726
vn -0.9061 -0.0941 -0.4125
vn -0.3995 0.1508 0.9042
vn -0.5669 0.1189 0.8152
vn -0.7094 0.0787 0.7004
vn -0.9310 -0.2964 -0.2130
vn -0.9263 -0.2941 -0.2356
vn -0.8974 -0.3226 -0.3011
vn -0.8959 -0.3323 -0.2947
vn -0.9213 -0.2891 -0.2602
vn -0.8991 -0.3081 -0.3109
vn -0.2059 0.1706 0.9636
vn -0.2103 0.1389 0.9677
vn -0.2008 0.2008 0.9588
vn -0.8091 -0.0807 -0.5821
vn -0.7782 -0.2229 -0.5871
vn -0.7958 0.0275 -0.6050
vn -0.2861 -0.0867 -0.9543
vn -0.2892 -0.1843 -0.9394
vn -0.4472 -0.5869 -0.6749
vn -0.4689 -0.5679 -0.6765
vn -0.4282 -0.5963 -0.6791
vn -0.2792 -0.6102 -0.7414
vn -0.2949 -0.6048 -0.7397
vn -0.3109 -0.5911 -0.7443
vn -0.7577 0.0248 -0.6522
vn -0.7160 -0.0893 -0.6924
vn -0.7375 -0.3391 -0.5841
vn -0.6025 -0.3711 -0.7066
vn -0.6357 -0.3140 -0.7052
vn -0.7000 -0.3761 -0.6071
vn -0.5727 -0.4083 -0.7108
vn -0.3799 -0.4729 -0.7950
vn -0.1901 -0.4969 -0.8467
vn -0.3651 -0.5024 -0.7837
vn -0.1825 -0.5262 -0.8305
vn -0.3765 -0.6071 -0.6998
vn -0.3850 -0.6012 -0.7002
vn -0.7274 -0.3235 -0.6052
vn -0.6855 -0.3684 -0.6280
vn -0.6731 -0.2234 -0.7050
vn -0.1773 0.2835 0.9424
vn -0.1872 0.2598 0.9473
vn -0.1639 0.3025 0.9389
vn -0.2140 0.1056 0.9711
vn -0.2173 0.0714 0.9735
vn -0.1497 0.3231 0.9345
vn -0.1947 0.2309 0.9533
vn -0.9610 0.0070 0.2764
vn -0.9552 -0.0349 0.2940
vn -0.9662 -0.2393 -0.0958
vn -0.9604 -0.2301 -0.1569
vn -0.9410 -0.2624 -0.2138
vn -0.9484 -0.2675 -0.1702
vn -0.9697 -0.2432 -0.0251
vn -0.9559 -0.2694 -0.1168
vn -0.9067 -0.2627 -0.3299
vn -0.9061 -0.2559 -0.3368
vn -0.9041 -0.2548 -0.3430
vn -0.9029 -0.2676 -0.3363
vn -0.9704 -0.2372 0.0444
vn -0.9629 -0.2633 -0.0582
vn -0.9689 -0.2206 0.1122
vn -0.9686 -0.2486 -0.0015
vn -0.9654 -0.1960 0.1717
vn -0.9721 -0.2293 0.0505
vn -0.9608 -0.1696 0.2195
vn -0.9733 -0.2071 0.0990
vn -0.9950 -0.0107 0.0991
vn -0.9920 -0.0426 0.1191
vn -0.9953 -0.0249 -0.0938
vn -0.9956 -0.0561 -0.0755
vn -0.9163 -0.2821 -0.2844
vn -0.9004 -0.2929 -0.3216
vn -0.9115 -0.2772 -0.3039
vn -0.9009 -0.2837 -0.3284
vn -0.8683 -0.3293 -0.3710
vn -0.8602 -0.3447 -0.3759
vn -0.5966 -0.5473 -0.5870
vn -0.4142 -0.5994 -0.6849
vn -0.5988 -0.5437 -0.5881
vn -0.4035 -0.6012 -0.6897
vn -0.2526 -0.6109 -0.7504
vn -0.2654 -0.6105 -0.7462
vn -0.1305 -0.6101 -0.7815
vn -0.1380 -0.6156 -0.7759
vn -0.1225 -0.6070 -0.7852
vn -0.7644 -0.4441 -0.4675
vn -0.7764 -0.4300 -0.4607
vn -0.9504 -0.2202 -0.2197
vn -0.9292 -0.2316 -0.2879
vn -0.9225 -0.2473 -0.2964
vn -0.9329 -0.2541 -0.2551
vn -0.9289 -0.2825 -0.2396
vn -0.9372 -0.2844 -0.2020
vn -0.9210 -0.2792 -0.2715
vn -0.9111 -0.2511 -0.3269
vn -0.9107 -0.2603 -0.3207
vn -0.9457 -0.2821 -0.1615
vn -0.9536 -0.2754 -0.1216
vn -0.1742 -0.5463 -0.8192
vn -0.3507 -0.5258 -0.7749
vn -0.3372 -0.5479 -0.7655
vn -0.1656 -0.5675 -0.8066
vn -0.1583 -0.5892 -0.7923
vn -0.3248 -0.5708 -0.7541
vn -0.1521 -0.6069 -0.7801
vn -0.1453 -0.6163 -0.7740
vn -0.9144 -0.2732 -0.2988
vn -0.9081 -0.2718 -0.3186
vn -0.9016 -0.2772 -0.3321
vn -0.8757 -0.3171 -0.3641
vn -0.6022 -0.5398 -0.5882
vn -0.3940 -0.6021 -0.6944
vn -0.2400 -0.6116 -0.7539
vn -0.1141 -0.6067 -0.7867
vn -0.7882 -0.4176 -0.4520
vn -0.9068 -0.0390 0.4198
vn -0.9529 -0.0397 0.3006
vn -0.9079 -0.0311 0.4181
vn -0.9540 -0.0323 0.2980
vn -0.9906 -0.0307 0.1336
vn -0.9905 -0.0464 0.1292
vn -0.7502 -0.0504 0.6593
vn -0.8493 -0.0436 0.5261
vn -0.7553 -0.0179 0.6551
vn -0.8530 -0.0251 0.5213
vn -0.2256 -0.0513 0.9729
vn -0.2223 0.0045 0.9750
vn -0.4268 -0.0017 0.9044
vn -0.4285 -0.0535 0.9019
vn -0.7871 -0.1790 -0.5903
vn -0.6528 -0.2093 -0.7280
vn -0.7988 -0.2813 -0.5318
vn -0.6482 -0.3490 -0.6767
vn -0.4723 -0.3875 -0.7917
vn -0.4935 -0.2254 -0.8400
vn -0.9959 -0.0629 -0.0655
vn -0.9981 -0.0511 -0.0346
vn -0.9745 -0.1101 -0.1954
vn -0.9638 -0.0940 -0.2494
vn -0.2818 -0.2344 -0.9304
vn -0.2635 -0.4045 -0.8758
vn -0.6042 -0.0540 0.7950
vn -0.6067 -0.0097 0.7949
vn -0.8940 -0.1367 -0.4267
vn -0.9103 -0.1950 -0.3651
vn -0.7543 -0.0012 0.6565
vn -0.8509 -0.0184 0.5251
vn -0.8427 -0.0148 0.5381
vn -0.8877 -0.0485 0.4579
vn -0.9032 -0.0400 0.4273
vn -0.2200 0.0385 0.9747
vn -0.4242 0.0292 0.9051
vn -0.8152 -0.2914 -0.5006
vn -0.6593 -0.3755 -0.6514
vn -0.4689 -0.4310 -0.7709
vn -0.9900 -0.0478 0.1325
vn -0.9985 -0.0526 -0.0145
vn -0.9893 -0.0920 0.1128
vn -0.9967 -0.0811 -0.0031
vn -0.9807 -0.1090 -0.1624
vn -0.2544 -0.4586 -0.8514
vn -0.6051 0.0152 0.7960
vn -0.9227 -0.1968 -0.3316
vn -0.8560 0.0396 0.5154
vn -0.8559 0.0377 0.5158
vn -0.8580 0.0154 0.5133
vn -0.8581 0.0209 0.5130
vn -0.9603 -0.1644 -0.2252
vn -0.9536 -0.1768 -0.2439
vn -0.8527 -0.3131 -0.4181
vn -0.8877 -0.2692 -0.3735
vn -0.8525 0.0647 0.5186
vn -0.8526 0.0642 0.5186
vn -0.8545 0.0522 0.5169
vn -0.8544 0.0535 0.5168
vn -0.8652 -0.0055 0.5015
vn -0.8643 0.0001 0.5030
vn -0.9330 0.0027 0.3599
vn -0.9366 0.0082 0.3504
vn -0.9057 0.0288 0.4230
vn -0.9031 0.0255 0.4287
vn -0.9892 -0.0952 0.1112
vn -0.9913 -0.0896 0.0965
vn -0.9712 -0.0171 0.2378
vn -0.9659 -0.0255 0.2576
vn -0.8770 0.0564 0.4772
vn -0.8757 0.0538 0.4799
vn -0.8576 0.0680 0.5098
vn -0.8400 0.0782 0.5370
vn -0.8580 0.0605 0.5101
vn -0.9968 -0.0781 0.0197
vn -0.9968 -0.0782 0.0164
vn -0.9963 -0.0834 0.0218
vn -0.9962 -0.0853 0.0199
vn -0.8578 0.0692 0.5093
vn -0.9963 -0.0855 -0.0084
vn -0.9956 -0.0883 -0.0321
vn -0.9968 -0.0793 0.0012
vn -0.9967 -0.0795 0.0159
vn -0.9953 -0.0916 0.0319
vn -0.9946 -0.0970 0.0383
vn -0.9889 -0.1007 -0.1092
vn -0.9951 -0.0877 -0.0454
vn -0.9950 -0.0898 -0.0442
vn -0.9882 -0.1028 -0.1135
vn -0.6670 -0.3955 -0.6314
vn -0.6260 -0.4543 -0.6338
vn -0.5903 -0.4618 -0.6621
vn -0.6173 -0.4517 -0.6442
vn -0.9919 -0.1006 -0.0780
vn -0.9467 -0.2771 -0.1644
vn -0.9474 -0.2739 -0.1659
vn -0.9788 -0.1991 -0.0475
vn -0.9788 -0.2015 -0.0372
vn -0.6364 -0.4418 -0.6323
vn -0.6604 -0.4561 -0.5965
vn -0.7605 -0.3642 -0.5376
vn -0.7443 -0.4132 -0.5247
vn -0.8392 -0.3565 -0.4106
vn -0.9029 -0.3199 -0.2871
vn -0.8997 -0.3325 -0.2829
vn -0.8317 -0.3801 -0.4046
vn -0.7714 -0.3540 -0.5288
vn -0.8446 -0.3531 -0.4024
vn -0.9821 -0.1256 0.1403
vn -0.9664 -0.1022 0.2358
vn -0.9654 -0.1162 0.2336
vn -0.9073 -0.3159 -0.2775
vn -0.9437 -0.0870 0.3191
vn -0.9176 -0.0826 0.3888
vn -0.9145 -0.0845 0.3957
vn -0.9430 -0.0861 0.3215
vn -0.9444 -0.0874 0.3171
vn -0.9914 -0.1076 0.0751
vn -0.9892 -0.1193 0.0853
vn -0.9939 -0.1024 0.0406
vn -0.9219 -0.0780 0.3795
vn -0.8903 -0.0680 0.4502
vn -0.8734 -0.0282 0.4862
vn -0.8752 -0.0409 0.4821
vn -0.8924 -0.0730 0.4452
vn -0.9939 -0.0973 0.0523
vn -0.7655 -0.3881 -0.5132
vn -0.7724 -0.3614 -0.5223
vn -0.8789 -0.2738 -0.3905
vn -0.8669 -0.0184 0.4981
vn -0.8582 0.0065 0.5132
vn -0.7448 -0.4111 -0.5257
vn -0.6580 -0.4639 -0.5932
vn -0.6749 -0.3948 -0.6234
vn -0.7656 -0.3537 -0.5374
vn -0.7953 -0.3344 -0.5056
vn -0.8888 -0.2604 -0.3771
vn -0.8289 -0.3025 -0.4705
vn -0.9325 -0.2104 -0.2935
vn -0.9464 -0.1888 -0.2621
vn -0.9539 -0.1770 -0.2424
vn -0.9819 -0.1235 -0.1436
vn -0.9751 -0.1365 -0.1750
vn -0.9875 -0.1044 -0.1178
vn -0.8300 0.0007 0.5578
vn -0.8199 0.0223 0.5720
vn -0.8114 0.0433 0.5829
vn -0.8023 0.0654 0.5934
vn -0.8490 0.0437 0.5266
vn -0.8529 0.0258 0.5214
vn -0.7926 0.0872 0.6035
vn -0.7829 0.1056 0.6131
vn -0.8386 0.0741 0.5397
vn -0.8441 0.0604 0.5328
vn -0.7802 0.1121 0.6154
vn -0.7982 0.0928 0.5952
vn -0.8398 0.0466 0.5409
vn -0.8896 -0.0150 0.4565
vn -0.9223 -0.0039 0.3865
vn -0.8891 0.0263 0.4570
vn -0.9345 -0.0596 0.3509
vn -0.9539 -0.1035 0.2818
vn -0.9769 -0.1269 0.1717
vn -0.9554 -0.0399 0.2926
vn -0.9562 -0.1454 0.2540
vn -0.9704 -0.1996 0.1360
vn -0.9669 -0.2549 0.0072
vn -0.9708 -0.2390 -0.0218
vn -0.9634 -0.2637 -0.0471
vn -0.9450 -0.2890 -0.1533
vn -0.9960 -0.0877 -0.0196
vn -0.9951 -0.0975 -0.0149
vn -0.9961 -0.0808 -0.0352
vn -0.9948 -0.1016 -0.0087
vn -0.9941 -0.0842 -0.0690
vn -0.5480 -0.4363 -0.7137
vn -0.5239 -0.4691 -0.7110
vn -0.5047 -0.4899 -0.7108
vn -0.4971 -0.5096 -0.7023
vn -0.6273 -0.5018 -0.5956
vn -0.4874 -0.5402 -0.6860
vn -0.8281 -0.3999 -0.3930
vn -0.7380 -0.4584 -0.4951
vn -0.9598 -0.2677 -0.0846
vn -0.9342 -0.3012 -0.1911
vn -0.8949 -0.3403 -0.2887
vn -0.9508 -0.0596 0.3041
vn -0.0719 0.8061 -0.5875
vn -0.1089 0.7983 -0.5923
vn -0.1110 0.7995 -0.5904
vn -0.0755 0.8060 -0.5871
vn -0.0325 0.8101 -0.5854
vn -0.0345 0.8105 -0.5848
vn -0.1414 0.9786 -0.1493
vn -0.1358 0.9729 0.1874
vn -0.1050 0.9715 0.2125
vn -0.1029 0.9855 -0.1350
vn -0.0907 0.8743 0.4768
vn -0.0726 0.8671 0.4929
vn -0.0821 0.8153 -0.5731
vn -0.0785 0.8057 -0.5871
vn -0.1143 0.7990 -0.5903
vn -0.1183 0.8103 -0.5740
vn -0.0028 0.6459 0.7634
vn -0.0279 0.7217 0.6917
vn -0.0305 0.7279 0.6851
vn -0.0026 0.6471 0.7624
vn -0.0360 0.8108 -0.5842
vn -0.0381 0.8187 -0.5729
vn -0.0482 0.8742 -0.4831
vn -0.0555 0.9701 -0.2364
vn -0.0942 0.8826 -0.4605
vn -0.1272 0.8850 -0.4478
vn -0.0522 0.8463 0.5301
vn -0.0732 0.9485 0.3081
vn -0.0730 0.9883 0.1340
vn -0.0677 0.9081 0.4133
vn -0.0676 0.9579 0.2792
vn -0.0407 0.8132 0.5805
vn -0.0213 0.7187 0.6950
vn -0.0034 0.7108 0.7034
vn -0.0015 0.6533 0.7571
vn 0.0120 0.6592 0.7519
vn 0.0007 0.6362 0.7715
vn 0.0066 0.6425 0.7663
vn 0.0025 0.6414 0.7672
vn -0.0001 0.6367 0.7711
vn 0.2671 -0.3475 0.8988
vn 0.4938 -0.2843 0.8218
vn 0.4937 -0.2843 0.8219
vn 0.2672 -0.3475 0.8988
vn 0.6723 -0.1869 0.7163
vn 0.8030 -0.0598 0.5930
vn 0.8030 -0.0599 0.5929
vn 0.8851 0.0934 0.4560
vn 0.9132 0.2658 0.3089
vn 0.9132 0.2655 0.3091
vn 0.7917 0.6104 0.0223
vn 0.7917 0.6105 0.0222
vn 0.6473 0.7560 -0.0976
vn 0.6477 0.7556 -0.0973
vn 0.4590 0.8680 -0.1895
vn 0.8820 0.4430 0.1606
vn 0.8822 0.4424 0.1611
vn 0.2376 0.9391 -0.2481
vn 0.2377 0.9391 -0.2481
vn -0.0745 0.9346 0.3478
vn -0.0728 0.9493 0.3059
vn -0.0776 0.8931 0.4431
vn -0.0468 0.8605 0.5072
vn -0.0402 0.7996 0.5992
vn 0.0316 0.7581 0.6514
vn 0.0229 0.6610 0.7501
vn 0.0067 0.7083 0.7059
vn 0.0771 0.6850 0.7245
vn 0.0514 0.6597 0.7498
vn 0.0006 0.6357 0.7719
vn 0.0076 0.6422 0.7665
vn 0.0135 0.6450 0.7641
vn 0.0009 0.6363 0.7715
vn 0.0001 0.6354 0.7722
vn -0.0372 0.9731 0.2272
vn -0.0398 0.9790 0.1998
vn -0.0451 0.9694 0.2415
vn -0.0450 0.9978 0.0490
vn -0.4809 0.8117 0.3315
vn -0.4550 0.8337 0.3130
vn -0.0001 0.6352 0.7724
vn 0.0003 0.6351 0.7724
vn 0.5961 0.3563 0.7195
vn 0.4808 0.1681 0.8606
vn 0.6132 0.5738 0.5429
vn 0.5046 0.7794 0.3714
vn 0.0002 0.6354 0.7722
vn 0.3604 0.8929 0.2700
vn 0.2635 0.9362 0.2325
vn 0.0424 0.0039 0.9991
vn -0.0137 0.0011 0.9999
vn 0.0002 0.6349 0.7726
vn 0.2807 0.0658 0.9575
vn 0.6098 0.6293 0.4819
vn 0.6119 0.6245 0.4854
vn 0.0003 0.6351 0.7725
vn 0.6204 0.5900 0.5167
vn 0.0001 0.6351 0.7724
vn 0.6145 0.4128 0.6723
vn 0.4973 0.2103 0.8417
vn 0.0003 0.6350 0.7725
vn -0.5910 0.6566 0.4687
vn -0.6268 0.4936 0.6029
vn -0.5757 0.3031 0.7594
vn -0.4877 0.1766 0.8550
vn -0.3518 0.0898 0.9318
vn -0.4540 0.1471 0.8788
vn -0.0001 0.6349 0.7726
vn -0.2514 0.0471 0.9667
vn 0.1000 0.9747 0.1999
vn 0.1770 0.9612 0.2116
vn 0.0001 0.6353 0.7723
vn 0.0417 0.9799 0.1949
vn 0.3257 0.0784 0.9422
vn 0.1775 0.0295 0.9837
vn 0.4618 0.1508 0.8741
vn 0.5926 0.6650 0.4545
vn 0.6087 0.6332 0.4780
vn 0.4504 0.8281 0.3338
vn 0.1396 0.9630 0.2307
vn -0.2125 0.9486 0.2346
vn -0.1498 0.0207 0.9885
vn 0.6763 0.2878 0.6781
vn 0.6992 0.5351 0.4741
vn 0.5713 0.7710 0.2815
vn 0.4038 0.8980 0.1748
vn 0.5361 0.0877 0.8396
vn 0.5150 0.0696 0.8544
vn 0.2946 0.9458 0.1370
vn 0.1976 0.9735 0.1147
vn 0.3165 -0.0412 0.9477
vn 0.5668 0.1208 0.8150
vn 0.0465 -0.0980 0.9941
vn -0.0152 -0.0992 0.9950
vn -0.1678 -0.0812 0.9825
vn 0.6778 0.6077 0.4138
vn 0.6783 0.6037 0.4189
vn 0.6810 0.5982 0.4223
vn 0.6933 0.5596 0.4541
vn 0.6968 0.3558 0.6227
vn -0.6662 0.6322 0.3957
vn -0.5360 0.8065 0.2493
vn -0.5080 0.8304 0.2289
vn -0.6480 0.2328 0.7252
vn -0.7085 0.4467 0.5463
vn -0.3952 -0.0037 0.9186
vn -0.5069 0.0645 0.8596
vn -0.2823 -0.0525 0.9579
vn -0.5447 0.0962 0.8331
vn 0.0461 0.9941 0.0979
vn 0.1114 0.9885 0.1025
vn -0.2454 0.9614 0.1246
vn 0.3668 -0.0179 0.9301
vn 0.2002 -0.0759 0.9768
vn 0.1608 0.9808 0.1106
vn 0.5165 0.8230 0.2365
vn 0.6640 0.6410 0.3850
vn -0.5949 -0.0224 -0.8035
vn -0.7787 0.0382 -0.6262
vn -0.6093 0.3574 -0.7079
vn -0.4663 0.3165 -0.8261
vn -0.4068 0.5941 -0.6940
vn -0.3208 0.5694 -0.7569
vn -0.1229 0.7958 -0.5930
vn -0.1218 0.7934 -0.5963
vn -0.8423 0.0531 -0.5364
vn -0.6641 0.3708 -0.6492
vn -0.4438 0.6030 -0.6629
vn -0.1250 0.7965 -0.5915
vn -0.0948 0.8015 -0.5904
vn -0.2198 0.5480 -0.8070
vn -0.3018 0.2792 -0.9116
vn -0.3694 -0.0788 -0.9259
vn -0.0614 0.8071 -0.5872
vn -0.1321 0.5423 -0.8297
vn -0.1752 0.2655 -0.9481
vn -0.2081 -0.1002 -0.9730
vn -0.5558 -0.1768 0.8123
vn -0.3390 -0.1336 0.9313
vn -0.2010 0.1235 0.9718
vn -0.3595 0.1011 0.9276
vn -0.1133 0.3673 0.9232
vn -0.2053 0.3632 0.9088
vn -0.3930 0.4908 0.7776
vn -0.3893 0.4920 0.7787
vn -0.6806 0.2956 0.6704
vn -0.6745 0.2985 0.6752
vn -0.8985 0.0367 0.4375
vn -0.8920 0.0272 0.4512
vn -0.0035 0.6493 0.7605
vn -0.4051 0.5029 0.7635
vn -0.7001 0.2983 0.6488
vn -0.9156 0.0443 0.3997
vn -0.9880 0.1368 -0.0714
vn -0.9839 0.1251 0.1279
vn -0.8193 0.4761 0.3195
vn -0.8473 0.5283 0.0551
vn -0.5221 0.7390 0.4257
vn -0.5644 0.8145 0.1340
vn -0.0943 0.8709 0.4823
vn -0.1460 0.9676 0.2058
vn -0.1449 0.9002 -0.4106
vn -0.1325 0.8119 -0.5685
vn -0.4688 0.6068 -0.6419
vn -0.5079 0.6915 -0.5137
vn -0.6938 0.3625 -0.6223
vn -0.7489 0.4220 -0.5110
vn -0.8650 0.0312 -0.5007
vn -0.9022 0.0472 -0.4288
vn -0.1506 -0.0820 0.9852
vn -0.0841 0.1657 0.9826
vn -0.0466 0.3859 0.9214
vn -0.8710 -0.0701 0.4863
vn -0.7576 -0.1482 0.6357
vn -0.5403 0.1432 0.8292
vn -0.6586 0.2220 0.7190
vn -0.3110 0.3978 0.8631
vn -0.3807 0.4504 0.8076
vn -0.8923 0.0143 0.4512
vn -0.8969 0.0045 0.4423
vn -0.6826 0.2895 0.6710
vn -0.6766 0.2951 0.6746
vn -0.3942 0.4890 0.7782
vn -0.3907 0.4909 0.7787
vn -0.0004 0.6349 0.7726
vn -0.3977 0.4866 0.7779
vn -0.6885 0.2834 0.6676
vn -0.9015 -0.0033 0.4327
vn -0.9010 -0.0206 0.4333
vn -0.6912 0.2716 0.6697
vn -0.3995 0.4809 0.7804
vn -0.9572 0.0949 -0.2734
vn -0.8280 0.5092 -0.2347
vn -0.5623 0.8036 -0.1952
vn -0.1581 0.9817 -0.1064
vn -0.8544 0.0422 -0.5179
vn -0.6786 0.3633 -0.6384
vn -0.4567 0.5982 -0.6585
vn -0.1284 0.7956 -0.5920
vn -0.0330 0.7324 0.6801
vn -0.4493 0.5928 0.6684
vn -0.7520 0.3636 0.5497
vn -0.9508 0.0764 0.3001
vn -0.0280 0.8100 -0.5857
vn -0.0581 0.5424 -0.8381
vn -0.0763 0.2618 -0.9621
vn -0.0897 -0.1061 -0.9903
vn -0.9452 -0.1035 0.3096
vn -0.9136 -0.0743 0.3998
vn -0.8765 -0.0458 0.4793
vn -0.9226 -0.0642 0.3804
vn -0.8684 -0.0518 0.4931
vn -0.9113 -0.0483 0.4088
vn -0.8632 -0.0796 0.4985
vn -0.9009 -0.0217 0.4334
vn -0.8132 0.0274 0.5813
vn -0.7598 -0.0163 0.6500
vn -0.7525 -0.0487 0.6568
vn -0.7365 -0.1565 0.6581
vn -0.2065 -0.6245 -0.7532
vn -0.3643 -0.6151 -0.6992
vn -0.3846 -0.4203 -0.8218
vn -0.2206 -0.4361 -0.8724
vn -0.3855 -0.2783 -0.8797
vn -0.2221 -0.2971 -0.9286
vn -0.3784 -0.0773 -0.9224
vn -0.2145 -0.0998 -0.9716
vn -0.5997 -0.5347 -0.5954
vn -0.6196 -0.3539 -0.7006
vn -0.6140 -0.2158 -0.7592
vn -0.5907 -0.0238 -0.8065
vn -0.3592 0.2720 0.8928
vn -0.1601 0.3318 0.9297
vn -0.1597 0.1693 0.9725
vn -0.3593 0.1163 0.9260
vn -0.1640 0.0693 0.9840
vn -0.3629 0.0331 0.9312
vn -0.1466 -0.0811 0.9859
vn -0.3274 -0.1301 0.9359
vn -0.8101 -0.3754 -0.4503
vn -0.8248 -0.2333 -0.5150
vn -0.8133 -0.1156 -0.5702
vn -0.7644 0.0333 -0.6438
vn -0.8914 -0.2661 -0.3669
vn -0.8926 -0.1631 -0.4204
vn -0.8798 -0.0665 -0.4707
vn -0.8385 0.0541 -0.5422
vn -0.9735 -0.2285 0.0001
vn -0.9710 -0.2247 0.0821
vn -0.9654 -0.1448 0.2169
vn -0.9790 -0.1426 0.1456
vn -0.9465 -0.0656 0.3160
vn -0.9649 -0.0533 0.2572
vn -0.8980 0.0362 0.4385
vn -0.9140 0.0435 0.4035
vn -0.9665 -0.2117 0.1454
vn -0.9517 -0.1367 0.2750
vn -0.9322 -0.0710 0.3550
vn -0.8920 0.0265 0.4513
vn -0.9519 -0.1568 0.2631
vn -0.9474 -0.1310 0.2919
vn -0.9322 -0.0933 0.3498
vn -0.9352 -0.1107 0.3365
vn -0.9199 -0.0594 0.3877
vn -0.9203 -0.0666 0.3854
vn -0.9018 -0.0040 0.4322
vn -0.8972 0.0041 0.4417
vn -0.0927 -0.6116 -0.7857
vn -0.0966 -0.4377 -0.8939
vn -0.0968 -0.3009 -0.9487
vn -0.0922 -0.1062 -0.9901
vn -0.5705 0.1668 0.8042
vn -0.5586 0.0516 0.8278
vn -0.5641 -0.0131 0.8256
vn -0.5370 -0.1746 0.8253
vn -0.9826 0.1222 0.1399
vn -0.9884 0.1374 -0.0641
vn -0.9892 0.0331 -0.1431
vn -0.9994 0.0274 0.0232
vn -0.9826 -0.0670 -0.1732
vn -0.9958 -0.0784 -0.0475
vn -0.9578 -0.2075 -0.1987
vn -0.9666 -0.2144 -0.1405
vn -0.9560 0.0933 -0.2781
vn -0.9513 -0.0133 -0.3079
vn -0.9486 -0.0970 -0.3012
vn -0.9374 -0.2184 -0.2713
vn -0.8621 0.0330 -0.5056
vn -0.8531 0.0451 -0.5197
vn -0.8894 -0.0645 -0.4526
vn -0.8932 -0.0675 -0.4445
vn -0.9014 -0.1490 -0.4065
vn -0.9036 -0.1460 -0.4028
vn -0.9042 -0.2468 -0.3486
vn -0.9059 -0.2542 -0.3388
vn -0.9471 0.0715 0.3130
vn -0.9862 -0.0190 0.1643
vn -0.9913 -0.1168 0.0601
vn -0.9713 -0.2232 -0.0826
vn -0.8945 0.0420 -0.4451
vn -0.9094 -0.0559 -0.4122
vn -0.9155 -0.1320 -0.3801
vn -0.9127 -0.2500 -0.3233
vn -0.9589 -0.1874 0.2131
vn -0.9407 -0.1267 0.3147
vn -0.9230 -0.0721 0.3779
vn -0.8925 0.0137 0.4509
vn -0.9789 -0.1325 0.1558
vn -0.9649 -0.1187 0.2343
vn -0.6758 -0.3836 -0.6294
vn -0.6189 -0.4530 -0.6417
vn -0.9962 -0.0873 -0.0069
vn -0.9966 -0.0803 0.0162
vn -0.9968 -0.0776 0.0196
vn -0.9961 -0.0861 0.0201
vn 0.4057 0.0366 0.9133
vn 0.2124 0.0166 0.9770
vn 0.1677 -0.5749 0.8009
vn 0.3376 -0.5510 0.7631
vn 0.0988 -0.8833 0.4582
vn 0.2137 -0.8657 0.4526
vn -0.0008 0.0077 1.0000
vn -0.0013 -0.5880 0.8089
vn -0.0042 -0.8937 0.4487
vn 0.4942 -0.0194 -0.8691
vn 0.6542 -0.0064 -0.7563
vn 0.4940 -0.5919 -0.6369
vn 0.3608 -0.6042 -0.7105
vn 0.2502 -0.8912 -0.3784
vn 0.1722 -0.8997 -0.4012
vn 0.7831 0.0021 -0.6219
vn 0.6044 -0.5835 -0.5424
vn 0.3179 -0.8854 -0.3392
vn 0.9043 0.0676 0.4216
vn 0.8225 0.0792 0.5632
vn 0.7390 -0.5072 0.4435
vn 0.7999 -0.5225 0.2953
vn 0.4990 -0.8318 0.2429
vn 0.5225 -0.8425 0.1312
vn 0.7144 0.0758 0.6956
vn 0.6378 -0.5073 0.5795
vn 0.4340 -0.8324 0.3446
vn 0.8874 0.0076 -0.4609
vn 0.6959 -0.5796 -0.4239
vn 0.3748 -0.8828 -0.2831
vn 0.9588 0.0123 -0.2838
vn 0.7630 -0.5776 -0.2901
vn 0.4197 -0.8816 -0.2162
vn 0.5734 0.0591 0.8171
vn 0.4976 -0.5246 0.6908
vn 0.3309 -0.8459 0.4184
vn 0.0012 -0.0434 -0.9991
vn 0.2803 -0.0343 -0.9593
vn 0.1961 -0.6165 -0.7625
vn 0.0005 -0.6213 -0.7836
vn 0.0870 -0.9077 -0.4104
vn 0.0003 -0.9105 -0.4135
vn 0.9965 0.0287 0.0790
vn 0.9648 0.0469 0.2589
vn 0.8268 -0.5445 0.1415
vn 0.8267 -0.5626 -0.0080
vn 0.5136 -0.8577 0.0242
vn 0.4875 -0.8706 -0.0667
vn 0.9945 0.0182 -0.1036
vn 0.8055 -0.5730 -0.1513
vn 0.4558 -0.8783 -0.1446
vn -0.2140 0.0144 0.9767
vn -0.4072 0.0325 0.9128
vn -0.3340 -0.5756 0.7464
vn -0.1687 -0.5875 0.7914
vn -0.2036 -0.8899 0.4082
vn -0.1023 -0.8955 0.4331
vn -0.6525 -0.0227 -0.7575
vn -0.4921 -0.0316 -0.8700
vn -0.3589 -0.6074 -0.7087
vn -0.4913 -0.5968 -0.6345
vn -0.1724 -0.8989 -0.4028
vn -0.2511 -0.8906 -0.3792
vn -0.7818 -0.0168 -0.6233
vn -0.5999 -0.5912 -0.5391
vn -0.3170 -0.8866 -0.3369
vn -0.8257 0.0755 0.5590
vn -0.9040 0.0680 0.4221
vn -0.7869 -0.5455 0.2885
vn -0.7244 -0.5382 0.4309
vn -0.4827 -0.8682 0.1149
vn -0.4543 -0.8650 0.2129
vn -0.7167 0.0692 0.6939
vn -0.6238 -0.5430 0.5622
vn -0.3924 -0.8694 0.3004
vn -0.8866 -0.0132 -0.4624
vn -0.6884 -0.5911 -0.4203
vn -0.3683 -0.8873 -0.2777
vn -0.9587 -0.0091 -0.2844
vn -0.7523 -0.5928 -0.2874
vn -0.4055 -0.8896 -0.2101
vn -0.5745 0.0532 0.8168
vn -0.4880 -0.5578 0.6713
vn -0.3029 -0.8795 0.3671
vn -0.2780 -0.0412 -0.9597
vn -0.1949 -0.6184 -0.7613
vn -0.0865 -0.9074 -0.4112
vn -0.9617 0.0453 0.2703
vn -0.9956 0.0182 0.0919
vn -0.8144 -0.5803 -0.0077
vn -0.8149 -0.5626 0.1395
vn -0.4604 -0.8851 -0.0671
vn -0.4808 -0.8766 0.0177
vn -0.9951 -0.0004 -0.0990
vn -0.7930 -0.5906 -0.1498
vn -0.4344 -0.8896 -0.1409
vn 0.2608 -0.9492 -0.1758
vn 0.2266 -0.9506 -0.2122
vn 0.2929 -0.9465 -0.1354
vn 0.3290 -0.9154 0.2319
vn 0.3778 -0.9138 0.1489
vn 0.2448 -0.9261 0.2871
vn 0.1864 -0.9525 -0.2407
vn 0.1389 -0.9567 -0.2559
vn 0.1504 -0.9406 0.3044
vn 0.0638 -0.9531 0.2960
vn 0.0863 -0.9628 -0.2562
vn 0.0372 -0.9685 -0.2462
vn 0.3856 -0.9209 0.0570
vn 0.3630 -0.9314 -0.0259
vn 0.3275 -0.9407 -0.0883
vn -0.0063 -0.9600 0.2800
vn -0.0702 -0.9616 0.2654
vn 0.0002 -0.9708 -0.2401
vn -0.0370 -0.9681 -0.2479
vn -0.2462 -0.9545 -0.1683
vn -0.2692 -0.9542 -0.1302
vn -0.2211 -0.9533 -0.2059
vn -0.2777 -0.9439 0.1790
vn -0.2112 -0.9512 0.2250
vn -0.3220 -0.9398 0.1139
vn -0.1871 -0.9529 -0.2387
vn -0.1412 -0.9558 -0.2579
vn -0.1397 -0.9580 0.2505
vn -0.0872 -0.9619 -0.2592
vn -0.3229 -0.9459 -0.0326
vn -0.3360 -0.9411 0.0387
vn -0.2958 -0.9512 -0.0880
vn -0.8102 -0.5323 -0.2454
vn -0.8388 -0.5025 -0.2094
vn -0.8625 -0.4788 -0.1640
vn -0.8040 -0.5607 -0.1980
vn -0.9024 -0.3963 -0.1693
vn -0.9173 -0.3808 -0.1162
vn -0.9496 -0.2960 -0.1034
vn -0.9536 -0.2979 -0.0429
vn -0.9761 -0.2171 -0.0092
vn -0.9739 -0.2208 0.0517
vn -0.9856 -0.1373 0.0983
vn -0.9788 -0.1351 0.1538
vn -0.9784 -0.0586 0.1981
vn -0.9684 -0.0564 0.2431
vn -0.9618 -0.0079 0.2736
vn -0.9512 -0.0074 0.3085
vn -0.9471 0.0091 0.3208
vn -0.9371 0.0115 0.3488
vn -0.9393 0.0112 0.3428
vn -0.9304 0.0152 0.3664
vn -0.9380 0.0100 0.3466
vn -0.9302 0.0146 0.3669
vn -0.9403 0.0061 0.3403
vn -0.9336 0.0115 0.3582
vn -0.9454 0.0207 0.3253
vn -0.9387 0.0153 0.3445
vn -0.9498 0.0512 0.3087
vn -0.9445 0.0388 0.3261
vn -0.9531 0.0668 0.2953
vn -0.9482 0.0611 0.3116
vn -0.8155 -0.4918 -0.3052
vn -0.8434 -0.4595 -0.2784
vn -0.9047 -0.3497 -0.2432
vn -0.9529 -0.2428 -0.1816
vn -0.9819 -0.1688 -0.0858
vn -0.9944 -0.1023 0.0256
vn -0.9907 -0.0387 0.1303
vn -0.9770 -0.0014 0.2133
vn -0.9631 0.0072 0.2691
vn -0.9543 0.0053 0.2988
vn -0.9508 0.0024 0.3098
vn -0.9510 -0.0024 0.3091
vn -0.9543 0.0172 0.2983
vn -0.9565 0.0533 0.2868
vn -0.9573 0.0673 0.2812
vn -0.8208 -0.4429 -0.3607
vn -0.8471 -0.3911 -0.3597
vn -0.9028 -0.2862 -0.3210
vn -0.9496 -0.1832 -0.2545
vn -0.9826 -0.1115 -0.1487
vn -0.9984 -0.0514 -0.0250
vn -0.9958 -0.0001 0.0916
vn -0.9822 0.0226 0.1862
vn -0.9681 0.0190 0.2499
vn -0.9589 0.0092 0.2835
vn -0.9553 0.0009 0.2957
vn -0.9558 -0.0087 0.2940
vn -0.9588 0.0099 0.2841
vn -0.9608 0.0457 0.2734
vn -0.9604 0.0630 0.2716
vn -0.8244 -0.3934 -0.4068
vn -0.8618 -0.3286 -0.3865
vn -0.9064 -0.2359 -0.3503
vn -0.9488 -0.1433 -0.2817
vn -0.9823 -0.0746 -0.1718
vn -0.9990 -0.0170 -0.0420
vn -0.9962 0.0290 0.0821
vn -0.9819 0.0433 0.1842
vn -0.9672 0.0322 0.2519
vn -0.9578 0.0162 0.2869
vn -0.9543 0.0041 0.2989
vn -0.9551 -0.0087 0.2962
vn -0.9583 -0.0035 0.2856
vn -0.9609 0.0299 0.2752
vn -0.9624 0.0526 0.2667
vn 0.7156 -0.5396 0.4436
vn 0.7156 -0.5395 0.4436
vn 0.7652 -0.4973 0.4089
vn -0.9872 0.1231 -0.1012
vn -0.9504 -0.2402 0.1975
vn -0.7986 0.4649 -0.3822
vn -0.5627 0.6385 -0.5250
vn -0.0588 -0.7711 0.6340
vn -0.4339 -0.6959 0.5722
vn 0.7540 0.5074 -0.4172
vn 0.9394 0.2649 -0.2178
vn 0.9395 0.2646 -0.2175
vn -0.7258 -0.5314 0.4369
vn -0.7525 -0.5087 0.4183
vn -0.7525 -0.5088 0.4182
vn 0.0210 -0.7723 0.6349
vn 0.0210 -0.7723 0.6350
vn 0.2355 -0.7507 0.6172
vn 0.3989 -0.7083 0.5824
vn 0.5613 -0.6393 0.5256
vn 0.5612 -0.6393 0.5256
vn -0.8010 -0.4624 0.3802
vn 0.3769 0.7155 -0.5883
vn 0.3769 0.7155 -0.5882
vn 0.7187 0.5371 -0.4416
vn 0.7188 0.5370 -0.4415
vn -0.4146 0.7029 -0.5779
vn -0.2788 0.7418 -0.6099
vn -0.2791 0.7417 -0.6099
vn -0.1572 0.7628 -0.6272
vn -0.9729 0.1827 -0.1420
vn -0.9591 0.2210 -0.1767
vn -0.9612 0.2160 -0.1716
vn -0.9445 0.2570 -0.2046
vn -0.9572 0.2261 -0.1809
vn -0.9445 0.2570 -0.2045
vn -0.9925 -0.0906 0.0817
vn -0.9591 0.2204 -0.1777
vn 1.0000 -0.0024 0.0019
vn 0.9136 -0.3142 0.2583
vn 0.9136 -0.3141 0.2583
vn -0.7713 0.4948 -0.4003
vn -0.2853 -0.7403 0.6087
vn -0.5231 -0.6583 0.5413
vn -0.2854 -0.7403 0.6087
vn -0.0650 0.7708 -0.6337
vn -0.2264 0.7524 -0.6186
vn -0.2265 0.7524 -0.6186
vn -0.0000 0.7725 -0.6351
vn -0.0000 -0.7724 0.6351
vn -0.7156 -0.5395 0.4436
vn -0.7652 -0.4973 0.4089
vn -0.7156 -0.5396 0.4436
vn 0.9872 0.1231 -0.1012
vn 0.9504 -0.2402 0.1975
vn 0.7986 0.4649 -0.3822
vn 0.5627 0.6385 -0.5250
vn 0.0588 -0.7711 0.6340
vn 0.4339 -0.6959 0.5722
vn -0.7540 0.5074 -0.4172
vn -0.9394 0.2648 -0.2178
vn 0.7258 -0.5314 0.4369
vn 0.7525 -0.5087 0.4183
vn -0.0210 -0.7723 0.6350
vn -0.2355 -0.7507 0.6172
vn -0.0210 -0.7723 0.6349
vn -0.3989 -0.7083 0.5824
vn -0.5613 -0.6393 0.5256
vn 0.8010 -0.4624 0.3802
vn -0.3769 0.7155 -0.5882
vn -0.7188 0.5370 -0.4415
vn -0.7187 0.5371 -0.4416
vn -0.3769 0.7155 -0.5883
vn 0.4146 0.7029 -0.5779
vn 0.2791 0.7417 -0.6099
vn 0.1572 0.7629 -0.6272
vn 0.1571 0.7629 -0.6272
vn 0.9729 0.1827 -0.1420
vn 0.9612 0.2160 -0.1716
vn 0.9591 0.2210 -0.1767
vn 0.9445 0.2570 -0.2046
vn 0.9445 0.2570 -0.2045
vn 0.9572 0.2261 -0.1809
vn 0.9925 -0.0906 0.0817
vn 0.9591 0.2204 -0.1777
vn -1.0000 -0.0024 0.0019
vn -0.9136 -0.3142 0.2583
vn 0.7713 0.4948 -0.4003
vn 0.2853 -0.7403 0.6087
vn 0.5231 -0.6583 0.5413
vn 0.0650 0.7708 -0.6337
vn 0.2265 0.7524 -0.6186
vn 0.2262 -0.6373 -0.7366
vn 0.8570 -0.3355 -0.3910
vn 0.8248 -0.1590 -0.5427
vn 0.2114 -0.5806 -0.7863
vn 0.2179 -0.7191 -0.6599
vn 0.8295 -0.5139 -0.2189
vn -0.5344 -0.4819 -0.6944
vn -0.5461 -0.5512 -0.6308
vn -0.5301 -0.6468 -0.5483
vn 0.1863 -0.5367 -0.8230
vn -0.4760 -0.7456 -0.4664
vn 0.7368 0.0030 -0.6761
vn -0.9405 -0.3398 -0.0082
vn -0.9748 -0.1477 -0.1670
vn -0.8415 -0.5220 0.1394
vn -0.8402 0.1420 0.5233
vn -0.8698 0.3248 0.3715
vn -0.7516 -0.0248 0.6592
vn -0.2718 0.5595 0.7830
vn -0.2852 0.6305 0.7219
vn -0.2396 0.5031 0.8303
vn 0.4830 0.6548 0.5813
vn 0.4952 0.5691 0.6565
vn 0.4359 0.7454 0.5044
vn 0.9369 0.3489 0.0222
vn 0.9699 0.1589 0.1844
vn 0.8381 0.5303 -0.1280
vn 0.6872 0.6813 -0.2522
vn 0.6045 0.1370 -0.7847
vn 0.3589 0.8241 0.4383
vn 0.1530 -0.5021 -0.8512
vn 0.4925 0.7980 -0.3474
vn 0.4333 0.2390 -0.8690
vn 0.1089 -0.4771 -0.8721
vn -0.3903 -0.8309 -0.3966
vn -0.2798 -0.8974 -0.3412
vn -0.6896 -0.6745 0.2636
vn -0.4932 -0.7919 0.3601
vn -0.6158 -0.1615 0.7712
vn -0.4406 -0.2671 0.8570
vn -0.1948 0.4603 0.8661
vn -0.1399 0.4263 0.8937
vn 0.2566 0.8848 0.3890
vn 0.1341 0.9245 0.3567
vn 0.2579 0.8748 -0.4103
vn -0.0734 0.4037 0.9119
vn 0.2268 0.3063 -0.9245
vn -0.0017 0.9018 -0.4322
vn -0.0015 0.3296 -0.9441
vn -0.0008 0.9383 0.3459
vn 0.0567 -0.4609 -0.8857
vn -0.0003 -0.4557 -0.8902
vn -0.1465 -0.9411 -0.3047
vn 0.0009 -0.9565 -0.2916
vn -0.2577 -0.8685 0.4233
vn 0.0015 -0.8953 0.4455
vn -0.2303 -0.3362 0.9132
vn 0.0014 -0.3605 0.9328
vn 0.0005 0.3953 0.9186
vn 0.0736 0.4041 0.9117
vn -0.1348 0.9246 0.3563
vn 0.2313 -0.3359 0.9130
vn -0.2588 0.8745 -0.4102
vn -0.2563 0.8849 0.3890
vn -0.4917 0.7984 -0.3475
vn 0.1399 0.4260 0.8938
vn -0.2277 0.3066 -0.9242
vn -0.4327 0.2395 -0.8692
vn -0.0572 -0.4603 -0.8859
vn -0.1089 -0.4770 -0.8721
vn 0.1469 -0.9409 -0.3052
vn 0.2795 -0.8975 -0.3411
vn 0.2588 -0.8683 0.4231
vn 0.4929 -0.7920 0.3602
vn 0.4404 -0.2674 0.8571
vn 0.6183 -0.1601 0.7694
vn 0.1964 0.4601 0.8659
vn 0.6922 -0.6724 0.2620
vn -0.3596 0.8228 0.4401
vn 0.2413 0.5043 0.8291
vn -0.4378 0.7425 0.5069
vn 0.7552 -0.0205 0.6551
vn -0.6898 0.6794 -0.2500
vn -0.8423 0.5249 -0.1231
vn -0.6068 0.1348 -0.7833
vn -0.7407 -0.0015 -0.6718
vn -0.1530 -0.5030 -0.8506
vn -0.1874 -0.5377 -0.8221
vn 0.3921 -0.8298 -0.3972
vn 0.4782 -0.7425 -0.4690
vn 0.8453 -0.5169 0.1351
vn 0.9415 -0.3367 -0.0112
vn 0.8414 0.1446 0.5208
vn 0.5301 -0.6451 -0.5504
vn 0.2719 0.5604 0.7824
vn 0.8700 0.3256 0.3702
vn 0.2859 0.6306 0.7215
vn 0.9748 -0.1468 -0.1681
vn -0.4844 0.6530 0.5823
vn -0.4946 0.5689 0.6570
vn -0.9380 0.3457 0.0247
vn -0.9698 0.1587 0.1852
vn -0.8263 -0.1609 -0.5397
vn -0.8572 -0.3359 -0.3904
vn -0.2132 -0.5806 -0.7858
vn -0.2264 -0.6376 -0.7363
vn 0.5460 -0.5509 -0.6312
vn 0.5342 -0.4803 -0.6957
vn 0.9443 0.0335 -0.3273
vn -0.2164 -0.7210 -0.6582
vn 0.8340 0.5132 0.2027
vn 0.8561 0.1805 -0.4842
vn 0.7289 0.6844 0.0186
vn 0.5128 -0.4421 -0.7359
vn 0.2693 0.7239 0.6352
vn 0.2040 0.8287 0.5211
vn -0.4786 0.5135 0.7122
vn -0.4623 0.4922 0.7376
vn -0.9362 -0.0112 0.3513
vn -0.8491 -0.1459 0.5077
vn -0.8278 -0.5182 -0.2150
vn -0.7243 -0.6892 -0.0208
vn -0.1567 -0.8220 -0.5476
vn -0.0642 -0.8888 -0.4537
vn 0.4701 -0.4133 -0.7798
vn -0.5592 -0.8155 0.1491
vn 0.7160 0.2809 -0.6390
vn 0.3766 -0.3779 -0.8458
vn 0.5274 0.3441 -0.7768
vn 0.0021 -0.9091 -0.4165
vn 0.5729 0.8043 -0.1581
vn 0.3962 0.8700 -0.2935
vn 0.1091 0.9011 0.4196
vn 0.0342 0.9286 0.3695
vn -0.4400 0.4662 0.7675
vn -0.3651 0.4258 0.8279
vn -0.7165 -0.2549 0.6494
vn -0.5327 -0.3326 0.7782
vn -0.3785 -0.8855 0.2694
vn -0.1946 -0.9199 0.3404
vn 0.0214 -0.9083 -0.4179
vn -0.2945 -0.3791 0.8772
vn -0.0000 -0.3976 0.9176
vn -0.0000 -0.9323 0.3616
vn -0.0000 -0.9043 -0.4269
vn -0.2165 0.3919 0.8941
vn -0.0000 0.3800 0.9250
vn 0.0005 0.9343 0.3565
vn -0.0000 0.9355 0.3533
vn 0.2073 0.9012 -0.3806
vn -0.0000 0.9100 -0.4145
vn 0.2889 0.3800 -0.8787
vn -0.0000 0.3919 -0.9200
vn 0.2187 -0.3471 -0.9120
vn -0.0000 -0.3341 -0.9425
vn -0.2187 -0.3471 -0.9120
vn -0.2889 0.3800 -0.8787
vn -0.0213 -0.9083 -0.4177
vn 0.1946 -0.9198 0.3406
vn -0.0017 -0.9091 -0.4165
vn -0.3768 -0.3778 -0.8457
vn 0.3790 -0.8853 0.2695
vn 0.2944 -0.3791 0.8773
vn 0.5330 -0.3324 0.7781
vn 0.2165 0.3920 0.8941
vn 0.3651 0.4260 0.8278
vn -0.0006 0.9343 0.3564
vn -0.0348 0.9287 0.3693
vn -0.2074 0.9012 -0.3807
vn -0.3969 0.8697 -0.2934
vn -0.5280 0.3441 -0.7764
vn -0.7185 0.2798 -0.6368
vn -0.5758 0.8026 -0.1560
vn -0.4712 -0.4133 -0.7792
vn 0.0655 -0.8880 -0.4552
vn -0.5144 -0.4433 -0.7341
vn -0.8598 0.1766 -0.4792
vn 0.1586 -0.8196 -0.5506
vn 0.5622 -0.8139 0.1468
vn 0.7287 -0.6843 -0.0266
vn 0.7189 -0.2531 0.6474
vn 0.8528 -0.1416 0.5026
vn 0.4402 0.4671 0.7668
vn 0.4630 0.4935 0.7363
vn -0.1114 0.9005 0.4204
vn -0.2066 0.8264 0.5238
vn -0.7329 0.6799 0.0236
vn -0.8353 0.5093 0.2069
vn -0.2693 0.7218 0.6376
vn -0.9458 0.0298 -0.3235
vn 0.4802 0.5140 0.7107
vn 0.9378 -0.0081 0.3470
vn 0.9579 0.1301 -0.2558
vn 0.9483 0.3088 -0.0727
vn 0.9776 0.2087 0.0284
vn 0.9891 0.0268 -0.1447
vn 0.9865 0.0809 0.1422
vn 0.9979 -0.0639 0.0090
vn 0.9724 0.0380 0.2301
vn 0.9928 -0.0430 0.1114
vn 0.9368 0.0730 0.3422
vn 0.9749 0.0124 0.2225
vn 0.8782 0.1227 0.4622
vn 0.9388 0.0613 0.3391
vn 0.8117 0.1519 0.5640
vn 0.8913 0.0930 0.4438
vn 0.7547 0.1568 0.6371
vn 0.8463 0.1107 0.5211
vn 0.7130 0.1418 0.6867
vn 0.8092 0.1051 0.5781
vn 0.6883 0.1152 0.7162
vn 0.7823 0.0892 0.6165
vn 0.6720 0.0831 0.7359
vn 0.7646 0.0679 0.6409
vn 0.6599 0.0317 0.7507
vn 0.7551 0.0207 0.6553
vn 0.6636 -0.0457 0.7467
vn 0.7539 -0.0495 0.6552
vn 0.6895 -0.1694 0.7042
vn 0.7472 -0.1954 0.6353
vn 0.7084 -0.3023 0.6378
vn 0.7199 -0.3628 0.5918
vn 0.8894 -0.0388 -0.4554
vn 0.9155 -0.1662 -0.3665
vn 0.9394 -0.2597 -0.2240
vn 0.9675 -0.2125 -0.1369
vn 0.9875 -0.1501 -0.0484
vn 0.9941 -0.0943 0.0542
vn 0.9853 -0.0444 0.1648
vn 0.9678 0.0004 0.2515
vn 0.9489 0.0154 0.3152
vn 0.9316 0.0238 0.3627
vn 0.9204 0.0198 0.3904
vn 0.9152 -0.0190 0.4025
vn 0.9128 -0.0872 0.3991
vn 0.8804 -0.2535 0.4009
vn 0.8079 -0.4291 0.4038
vn 0.7622 -0.1882 -0.6193
vn 0.7702 -0.3292 -0.5463
vn 0.7915 -0.4216 -0.4425
vn 0.8440 -0.3865 -0.3719
vn 0.8952 -0.3270 -0.3027
vn 0.9368 -0.2673 -0.2258
vn 0.9679 -0.2079 -0.1413
vn 0.9856 -0.1520 -0.0736
vn 0.9920 -0.1207 -0.0363
vn 0.9953 -0.0930 -0.0272
vn 0.9956 -0.0854 -0.0378
vn 0.9923 -0.1133 -0.0492
vn 0.9830 -0.1813 -0.0294
vn 0.9487 -0.3125 0.0474
vn 0.8949 -0.4270 0.1300
vn 0.6142 -0.3325 -0.7157
vn 0.6192 -0.4561 -0.6392
vn 0.6587 -0.5151 -0.5485
vn 0.7421 -0.4688 -0.4792
vn 0.8174 -0.4032 -0.4115
vn 0.8706 -0.3464 -0.3493
vn 0.9082 -0.2938 -0.2982
vn 0.9328 -0.2446 -0.2646
vn 0.9445 -0.2072 -0.2548
vn 0.9427 -0.1723 -0.2857
vn 0.9294 -0.1575 -0.3339
vn 0.9196 -0.1704 -0.3539
vn 0.9245 -0.2325 -0.3022
vn 0.9274 -0.3389 -0.1583
vn 0.9188 -0.3942 -0.0206
vt 0.570241 0.036440
vt 0.588080 0.036365
vt 0.590167 0.065298
vt 0.571629 0.065843
vt 0.433307 0.036186
vt 0.448705 0.036251
vt 0.447456 0.064477
vt 0.432604 0.064013
vt 0.464122 0.036302
vt 0.462609 0.064846
vt 0.522482 0.036394
vt 0.537460 0.036431
vt 0.538024 0.065776
vt 0.522544 0.065510
vt 0.405121 0.189634
vt 0.419109 0.189250
vt 0.420257 0.209060
vt 0.405928 0.208985
vt 0.421926 0.231699
vt 0.407063 0.231170
vt 0.433242 0.207815
vt 0.435417 0.231333
vt 0.431825 0.187000
vt 0.528346 0.169270
vt 0.544537 0.168418
vt 0.545515 0.189043
vt 0.529996 0.190771
vt 0.548112 0.212509
vt 0.533333 0.214577
vt 0.563218 0.187268
vt 0.565617 0.210147
vt 0.562456 0.167840
vt 0.411229 0.282493
vt 0.428059 0.284449
vt 0.433661 0.310767
vt 0.415132 0.306413
vt 0.443629 0.285807
vt 0.450888 0.314652
vt 0.638317 0.484042
vt 0.654267 0.478459
vt 0.658962 0.487656
vt 0.643018 0.493383
vt 0.670177 0.472889
vt 0.674790 0.482137
vt 0.524928 0.113058
vt 0.542473 0.114204
vt 0.543361 0.124104
vt 0.525860 0.122463
vt 0.543984 0.136015
vt 0.526805 0.134390
vt 0.561235 0.127465
vt 0.562094 0.138963
vt 0.559967 0.117095
vt 0.403723 0.126725
vt 0.417362 0.126219
vt 0.417503 0.140540
vt 0.403874 0.141290
vt 0.417798 0.155431
vt 0.404144 0.156305
vt 0.431071 0.138170
vt 0.430879 0.152373
vt 0.431349 0.124815
vt 0.553069 0.238321
vt 0.539140 0.240292
vt 0.560731 0.264860
vt 0.547686 0.265907
vt 0.570166 0.235720
vt 0.576932 0.262413
vt 0.424312 0.257441
vt 0.408686 0.256507
vt 0.438617 0.257739
vt 0.606131 0.205929
vt 0.628734 0.204155
vt 0.631991 0.227091
vt 0.609969 0.230042
vt 0.636721 0.251061
vt 0.615197 0.255477
vt 0.653722 0.223755
vt 0.658485 0.246055
vt 0.650867 0.202253
vt 0.597915 0.124722
vt 0.620100 0.126611
vt 0.622572 0.139783
vt 0.600032 0.136998
vt 0.624307 0.150579
vt 0.601583 0.147785
vt 0.646498 0.138525
vt 0.648583 0.149994
vt 0.643376 0.124511
vt 0.707635 0.458926
vt 0.726548 0.450690
vt 0.731303 0.459520
vt 0.712388 0.467999
vt 0.744981 0.441504
vt 0.749636 0.450235
vt 0.642842 0.274626
vt 0.621760 0.280396
vt 0.649876 0.296292
vt 0.629227 0.303070
vt 0.664703 0.268087
vt 0.671650 0.288624
vt 0.602502 0.168114
vt 0.625585 0.168103
vt 0.626711 0.183721
vt 0.603665 0.184704
vt 0.649839 0.182652
vt 0.649658 0.167254
vt 0.553213 0.036457
vt 0.554211 0.065968
vt 0.376740 0.035716
vt 0.390483 0.035866
vt 0.390686 0.061705
vt 0.376725 0.060618
vt 0.608234 0.421450
vt 0.624201 0.416186
vt 0.629762 0.428418
vt 0.613693 0.433554
vt 0.635308 0.440100
vt 0.619260 0.445246
vt 0.645926 0.422240
vt 0.651571 0.434205
vt 0.640083 0.409514
vt 0.404412 0.036002
vt 0.404404 0.062686
vt 0.418593 0.036107
vt 0.418315 0.063442
vt 0.625048 0.158461
vt 0.602157 0.156945
vt 0.649437 0.157808
vt 0.544233 0.150747
vt 0.527491 0.150188
vt 0.562334 0.152094
vt 0.418310 0.171518
vt 0.404550 0.172266
vt 0.431077 0.168560
vt 0.574861 0.427085
vt 0.591530 0.424419
vt 0.596970 0.437261
vt 0.580400 0.440975
vt 0.602565 0.449589
vt 0.586096 0.454286
vt 0.376725 0.155687
vt 0.390534 0.156108
vt 0.390747 0.171993
vt 0.376725 0.171561
vt 0.391043 0.189221
vt 0.376725 0.188768
vt 0.581166 0.143365
vt 0.581549 0.154458
vt 0.581682 0.167853
vt 0.606041 0.036198
vt 0.609358 0.064097
vt 0.656709 0.402774
vt 0.663218 0.415662
vt 0.669346 0.427701
vt 0.681454 0.408589
vt 0.688093 0.420565
vt 0.674319 0.395729
vt 0.582550 0.185809
vt 0.584973 0.207891
vt 0.595176 0.259257
vt 0.602635 0.284897
vt 0.585659 0.288183
vt 0.610880 0.308115
vt 0.595106 0.311094
vt 0.657252 0.314997
vt 0.637078 0.322350
vt 0.664666 0.331542
vt 0.645028 0.339186
vt 0.678603 0.306760
vt 0.685425 0.323048
vt 0.688206 0.466430
vt 0.692852 0.475662
vt 0.578157 0.121058
vt 0.579909 0.132298
vt 0.589218 0.232917
vt 0.376725 0.229828
vt 0.392032 0.230352
vt 0.392864 0.255496
vt 0.376725 0.254946
vt 0.394155 0.280981
vt 0.376725 0.280391
vt 0.376725 0.126052
vt 0.390298 0.126498
vt 0.390388 0.141097
vt 0.376725 0.140672
vt 0.396173 0.303878
vt 0.376725 0.303272
vt 0.391452 0.208368
vt 0.376725 0.207879
vt 0.623395 0.035811
vt 0.628354 0.061305
vt 0.478843 0.036337
vt 0.477571 0.065098
vt 0.553649 0.493580
vt 0.564248 0.483011
vt 0.570399 0.495042
vt 0.560996 0.505325
vt 0.546868 0.479314
vt 0.557991 0.468891
vt 0.604930 0.496449
vt 0.621411 0.489905
vt 0.625967 0.499556
vt 0.608927 0.506165
vt 0.539936 0.463715
vt 0.551676 0.453803
vt 0.532767 0.447631
vt 0.545379 0.438506
vt 0.525488 0.431638
vt 0.539159 0.423555
vt 0.518149 0.415558
vt 0.532875 0.409024
vt 0.493187 0.036359
vt 0.492327 0.065257
vt 0.507720 0.036372
vt 0.507285 0.065354
vt 0.607619 0.460496
vt 0.591310 0.466148
vt 0.612284 0.470476
vt 0.596104 0.476812
vt 0.624319 0.455644
vt 0.629024 0.465226
vt 0.674536 0.438194
vt 0.656563 0.444669
vt 0.679143 0.447747
vt 0.661140 0.454213
vt 0.693566 0.430978
vt 0.698317 0.440445
vt 0.706683 0.412750
vt 0.712217 0.423108
vt 0.717063 0.432476
vt 0.730474 0.414193
vt 0.735391 0.423476
vt 0.725012 0.403854
vt 0.640335 0.450419
vt 0.645014 0.459892
vt 0.569676 0.513257
vt 0.576463 0.503832
vt 0.581859 0.508433
vt 0.580246 0.515971
vt 0.571067 0.460558
vt 0.576739 0.473705
vt 0.582023 0.485231
vt 0.183818 0.036418
vt 0.200754 0.036432
vt 0.199482 0.065781
vt 0.182066 0.065680
vt 0.590830 0.503544
vt 0.593355 0.512639
vt 0.559361 0.431610
vt 0.565149 0.446263
vt 0.692172 0.338189
vt 0.671973 0.346929
vt 0.652888 0.354764
vt 0.679079 0.361324
vt 0.660391 0.369265
vt 0.698814 0.352364
vt 0.705344 0.365724
vt 0.685964 0.374789
vt 0.667398 0.382741
vt 0.692899 0.387827
vt 0.711935 0.378767
vt 0.718669 0.391775
vt 0.700034 0.400749
vt 0.586826 0.494921
vt 0.600648 0.486772
vt 0.616856 0.480223
vt 0.633660 0.474653
vt 0.683650 0.457118
vt 0.665640 0.463578
vt 0.702954 0.449728
vt 0.721802 0.441649
vt 0.740216 0.432556
vt 0.649628 0.469201
vt 0.476695 0.084637
vt 0.461764 0.084561
vt 0.475980 0.097770
vt 0.461342 0.097875
vt 0.491614 0.084439
vt 0.490862 0.096920
vt 0.446610 0.084326
vt 0.431805 0.084082
vt 0.446310 0.097855
vt 0.431518 0.097952
vt 0.390418 0.083017
vt 0.376725 0.082330
vt 0.390306 0.097781
vt 0.376725 0.097222
vt 0.403922 0.083584
vt 0.403723 0.098164
vt 0.573355 0.085369
vt 0.555798 0.085050
vt 0.574838 0.098540
vt 0.557254 0.097322
vt 0.592288 0.085263
vt 0.593975 0.099312
vt 0.507153 0.084092
vt 0.506998 0.095844
vt 0.523156 0.083997
vt 0.523812 0.095361
vt 0.612525 0.084469
vt 0.614983 0.099179
vt 0.632792 0.081526
vt 0.636381 0.096269
vt 0.417648 0.083893
vt 0.417388 0.098149
vt 0.539255 0.084435
vt 0.540473 0.096021
vt 0.446255 0.110495
vt 0.431457 0.111311
vt 0.445706 0.122643
vt 0.460994 0.109831
vt 0.460058 0.120771
vt 0.390277 0.111984
vt 0.376725 0.111496
vt 0.403673 0.112265
vt 0.576427 0.109957
vt 0.558631 0.107386
vt 0.595835 0.112119
vt 0.506675 0.105394
vt 0.490087 0.107321
vt 0.506990 0.113935
vt 0.489884 0.116221
vt 0.524326 0.104434
vt 0.617491 0.112932
vt 0.639898 0.110284
vt 0.417322 0.111996
vt 0.541528 0.105269
vt 0.453929 0.176554
vt 0.454454 0.155863
vt 0.455535 0.155542
vt 0.454988 0.176252
vt 0.552795 0.296413
vt 0.572499 0.320053
vt 0.572650 0.321193
vt 0.552604 0.297543
vt 0.458669 0.227036
vt 0.455378 0.200560
vt 0.456437 0.200319
vt 0.459740 0.226850
vt 0.456562 0.140108
vt 0.457682 0.139852
vt 0.497394 0.336100
vt 0.483781 0.311552
vt 0.484829 0.311307
vt 0.498443 0.335792
vt 0.526737 0.371407
vt 0.511163 0.355681
vt 0.512172 0.355211
vt 0.527432 0.370523
vt 0.471900 0.283803
vt 0.472958 0.283589
vt 0.466186 0.284897
vt 0.458577 0.256075
vt 0.463782 0.255149
vt 0.498969 0.171430
vt 0.495826 0.150694
vt 0.501665 0.150016
vt 0.504520 0.170699
vt 0.464853 0.254966
vt 0.509998 0.217815
vt 0.503454 0.193998
vt 0.508534 0.193012
vt 0.514746 0.216847
vt 0.492989 0.134364
vt 0.498969 0.133524
vt 0.534493 0.270026
vt 0.533752 0.270887
vt 0.519227 0.243897
vt 0.520307 0.243558
vt 0.618647 0.380876
vt 0.616092 0.368206
vt 0.623238 0.365909
vt 0.627824 0.383388
vt 0.524001 0.242339
vt 0.564676 0.392489
vt 0.545280 0.383734
vt 0.545751 0.382707
vt 0.564957 0.391393
vt 0.605781 0.353913
vt 0.610331 0.347559
vt 0.615173 0.395714
vt 0.611541 0.390974
vt 0.598400 0.396636
vt 0.600400 0.401916
vt 0.583757 0.402969
vt 0.582697 0.397034
vt 0.597997 0.395574
vt 0.610847 0.390069
vt 0.484806 0.121016
vt 0.479843 0.119086
vt 0.479589 0.115495
vt 0.582499 0.395920
vt 0.475253 0.119183
vt 0.475347 0.120252
vt 0.470271 0.121944
vt 0.470283 0.120881
vt 0.475063 0.116897
vt 0.491842 0.134491
vt 0.487707 0.125680
vt 0.488797 0.125372
vt 0.464419 0.124477
vt 0.470364 0.116997
vt 0.465266 0.125174
vt 0.460978 0.130375
vt 0.459846 0.130376
vt 0.495556 0.123273
vt 0.571442 0.311618
vt 0.591288 0.332887
vt 0.590698 0.338600
vt 0.451190 0.141506
vt 0.454294 0.130404
vt 0.605116 0.354847
vt 0.590581 0.339745
vt 0.592156 0.326990
vt 0.603610 0.329920
vt 0.582407 0.312234
vt 0.571042 0.290190
vt 0.560878 0.290475
vt 0.553455 0.292528
vt 0.553040 0.285944
vt 0.540049 0.266761
vt 0.536409 0.267772
vt 0.522186 0.215972
vt 0.529615 0.241408
vt 0.444051 0.134027
vt 0.442505 0.146735
vt 0.441740 0.162959
vt 0.442013 0.182535
vt 0.449424 0.157662
vt 0.449148 0.178230
vt 0.443513 0.204867
vt 0.446234 0.229806
vt 0.450635 0.201898
vt 0.453768 0.228056
vt 0.450315 0.257084
vt 0.456749 0.285741
vt 0.466148 0.314422
vt 0.477324 0.313042
vt 0.490348 0.338246
vt 0.477362 0.341103
vt 0.489932 0.362567
vt 0.504126 0.358989
vt 0.521352 0.378298
vt 0.501811 0.381402
vt 0.510636 0.398974
vt 0.526838 0.394666
vt 0.541981 0.390615
vt 0.538920 0.396182
vt 0.547463 0.404336
vt 0.562819 0.399788
vt 0.510907 0.133614
vt 0.512619 0.149966
vt 0.514505 0.170056
vt 0.508826 0.122364
vt 0.517381 0.192102
vt 0.619152 0.327860
vt 0.627401 0.345216
vt 0.636080 0.361305
vt 0.643642 0.376216
vt 0.650346 0.389788
vt 0.634440 0.396897
vt 0.619232 0.404640
vt 0.603638 0.410291
vt 0.553870 0.417415
vt 0.569851 0.413579
vt 0.586996 0.412387
vt 0.475269 0.109914
vt 0.827436 0.363066
vt 0.831559 0.343352
vt 0.854487 0.341110
vt 0.848473 0.359526
vt 0.784419 0.366076
vt 0.784334 0.345822
vt 0.808119 0.345070
vt 0.806027 0.365267
vt 0.875891 0.264862
vt 0.842755 0.264210
vt 0.852730 0.242438
vt 0.878996 0.242453
vt 0.855006 0.222210
vt 0.879495 0.219603
vt 0.839300 0.305595
vt 0.866318 0.303698
vt 0.860458 0.322501
vt 0.835504 0.324426
vt 0.851021 0.179642
vt 0.873611 0.176207
vt 0.877454 0.198278
vt 0.854224 0.202305
vt 0.784175 0.307829
vt 0.811885 0.307123
vt 0.810052 0.326030
vt 0.784255 0.326780
vt 0.784018 0.270886
vt 0.811908 0.269844
vt 0.813281 0.287718
vt 0.784093 0.288387
vt 0.842567 0.286149
vt 0.871685 0.284671
vt 0.834346 0.236464
vt 0.839109 0.220772
vt 0.823945 0.249158
vt 0.813300 0.239127
vt 0.823570 0.229747
vt 0.830524 0.217839
vt 0.834597 0.204662
vt 0.840920 0.204440
vt 0.835672 0.191398
vt 0.841346 0.188067
vt 0.829955 0.167716
vt 0.838272 0.172009
vt 0.836866 0.179778
vt 0.833886 0.179247
vt 0.836935 0.471095
vt 0.836935 0.515575
vt 0.826388 0.515575
vt 0.826388 0.471095
vt 0.815802 0.515575
vt 0.815802 0.471095
vt 0.805259 0.515575
vt 0.805259 0.471095
vt 0.794790 0.515575
vt 0.794790 0.471095
vt 0.784330 0.515575
vt 0.784330 0.471095
vt 0.763257 0.515575
vt 0.752698 0.515575
vt 0.752698 0.471095
vt 0.763257 0.471095
vt 0.742180 0.515575
vt 0.742180 0.471095
vt 0.773814 0.515575
vt 0.773814 0.471095
vt 0.731735 0.515575
vt 0.731735 0.471095
vt 0.807972 0.233956
vt 0.818066 0.226036
vt 0.819116 0.226680
vt 0.808904 0.234845
vt 0.826025 0.216037
vt 0.826996 0.216376
vt 0.831993 0.204540
vt 0.833742 0.191822
vt 0.831131 0.204451
vt 0.832977 0.191889
vt 0.832082 0.179038
vt 0.827240 0.166980
vt 0.831353 0.179120
vt 0.826427 0.167109
vt 0.813284 0.147625
vt 0.823163 0.156361
vt 0.819400 0.156430
vt 0.809075 0.148347
vt 0.818515 0.156781
vt 0.808230 0.148866
vt 0.783496 0.138851
vt 0.800824 0.142238
vt 0.796967 0.143325
vt 0.783508 0.141647
vt 0.796289 0.143944
vt 0.783509 0.142292
vt 0.847556 0.157969
vt 0.868980 0.150678
vt 0.832788 0.155492
vt 0.822985 0.146133
vt 0.804919 0.136955
vt 0.783460 0.130150
vt 0.799576 0.244747
vt 0.796881 0.240193
vt 0.783910 0.246616
vt 0.783889 0.242162
vt 0.783886 0.241113
vt 0.796324 0.239173
vt 0.805627 0.255213
vt 0.783956 0.256738
vt 0.721329 0.515575
vt 0.721329 0.471095
vt 0.847387 0.515575
vt 0.847387 0.471095
vt 0.805438 0.088833
vt 0.835168 0.056742
vt 0.836442 0.058431
vt 0.807227 0.090040
vt 0.836025 0.035247
vt 0.832561 0.041937
vt 0.830742 0.040746
vt 0.833837 0.034633
vt 0.836586 0.027024
vt 0.834292 0.027389
vt 0.833473 0.019382
vt 0.831591 0.020650
vt 0.827609 0.013689
vt 0.826272 0.015410
vt 0.819390 0.008815
vt 0.818448 0.010776
vt 0.861750 0.144505
vt 0.840663 0.144719
vt 0.840878 0.142595
vt 0.861366 0.142384
vt 0.869200 0.142394
vt 0.868161 0.140398
vt 0.871505 0.092517
vt 0.875484 0.106121
vt 0.873459 0.106668
vt 0.869494 0.093122
vt 0.879327 0.121166
vt 0.877177 0.121405
vt 0.879356 0.129013
vt 0.875905 0.136961
vt 0.874063 0.135550
vt 0.877153 0.128545
vt 0.801701 0.095789
vt 0.803780 0.096505
vt 0.800224 0.104348
vt 0.802446 0.104334
vt 0.801766 0.112929
vt 0.803849 0.112149
vt 0.807281 0.121700
vt 0.809003 0.120441
vt 0.824397 0.139125
vt 0.820439 0.135858
vt 0.821855 0.134260
vt 0.825605 0.137321
vt 0.829676 0.141967
vt 0.830540 0.139988
vt 0.801010 0.003321
vt 0.810315 0.005386
vt 0.809690 0.007451
vt 0.800664 0.005435
vt 0.791814 0.002327
vt 0.791668 0.004459
vt 0.782906 0.002050
vt 0.782913 0.004202
vt 0.796751 0.079388
vt 0.790209 0.082273
vt 0.789605 0.080164
vt 0.795643 0.077520
vt 0.801925 0.075450
vt 0.800528 0.073827
vt 0.861901 0.062907
vt 0.867232 0.078525
vt 0.865231 0.079174
vt 0.860003 0.063873
vt 0.857608 0.056291
vt 0.856051 0.057933
vt 0.850216 0.052072
vt 0.849701 0.054390
vt 0.841750 0.052708
vt 0.842457 0.054851
vt 0.835343 0.143879
vt 0.835866 0.141781
vt 0.783263 0.083282
vt 0.783254 0.081076
vt 0.827647 0.032930
vt 0.827937 0.028409
vt 0.844590 0.039373
vt 0.826227 0.024203
vt 0.822289 0.020453
vt 0.825289 0.037358
vt 0.834969 0.048516
vt 0.796369 0.068939
vt 0.803363 0.081084
vt 0.815608 0.016591
vt 0.807819 0.013636
vt 0.865218 0.134739
vt 0.868979 0.131685
vt 0.860222 0.136097
vt 0.885811 0.136004
vt 0.891299 0.155430
vt 0.841535 0.136204
vt 0.837373 0.135568
vt 0.859225 0.081366
vt 0.863376 0.094947
vt 0.867228 0.108103
vt 0.870806 0.121961
vt 0.870908 0.127230
vt 0.812600 0.093543
vt 0.809794 0.098606
vt 0.840177 0.063541
vt 0.795851 0.088584
vt 0.800565 0.083935
vt 0.808806 0.104296
vt 0.809841 0.109968
vt 0.783387 0.112909
vt 0.783329 0.099247
vt 0.783288 0.089316
vt 0.826002 0.129388
vt 0.829128 0.131991
vt 0.833095 0.134132
vt 0.814210 0.116702
vt 0.799607 0.011800
vt 0.791227 0.010900
vt 0.782936 0.010671
vt 0.844347 0.060853
vt 0.792409 0.072018
vt 0.783228 0.074700
vt 0.787863 0.074032
vt 0.851774 0.062560
vt 0.848314 0.060557
vt 0.854458 0.066878
vt 0.921634 0.561178
vt 0.921634 0.563873
vt 0.905182 0.563873
vt 0.905182 0.561178
vt 0.921634 0.566800
vt 0.905182 0.566800
vt 0.921634 0.569511
vt 0.905182 0.569511
vt 0.887671 0.563873
vt 0.887671 0.561178
vt 0.887671 0.566800
vt 0.887671 0.569511
vt 0.939912 0.566800
vt 0.939912 0.569511
vt 0.939912 0.563873
vt 0.939912 0.561178
vt 0.959839 0.566800
vt 0.959839 0.569511
vt 0.959839 0.563873
vt 0.959839 0.561178
vt 0.560437 0.561178
vt 0.560437 0.563873
vt 0.539972 0.563873
vt 0.539972 0.561178
vt 0.560437 0.566800
vt 0.539972 0.566800
vt 0.560437 0.569511
vt 0.539972 0.569511
vt 0.702977 0.569511
vt 0.702977 0.566800
vt 0.721932 0.566800
vt 0.721932 0.569511
vt 0.702977 0.563873
vt 0.721932 0.563873
vt 0.702977 0.561178
vt 0.721932 0.561178
vt 0.740604 0.566800
vt 0.740604 0.569511
vt 0.740604 0.563873
vt 0.740604 0.561178
vt 0.794329 0.561178
vt 0.794329 0.563873
vt 0.775777 0.563873
vt 0.775777 0.561178
vt 0.794329 0.566800
vt 0.775777 0.566800
vt 0.794329 0.569511
vt 0.775777 0.569511
vt 0.831243 0.569511
vt 0.831243 0.566800
vt 0.850316 0.566800
vt 0.850316 0.569511
vt 0.831243 0.563873
vt 0.850316 0.563873
vt 0.831243 0.561178
vt 0.850316 0.561178
vt 0.519988 0.563873
vt 0.519988 0.561178
vt 0.519988 0.566800
vt 0.519988 0.569511
vt 0.500000 0.563873
vt 0.500000 0.561178
vt 0.500000 0.566800
vt 0.500000 0.569511
vt 0.602301 0.561178
vt 0.602301 0.563873
vt 0.580336 0.563873
vt 0.580336 0.561178
vt 0.602301 0.566800
vt 0.580336 0.566800
vt 0.602301 0.569511
vt 0.580336 0.569511
vt 0.683473 0.561178
vt 0.683473 0.563873
vt 0.663794 0.563873
vt 0.663794 0.561178
vt 0.683473 0.566800
vt 0.663794 0.566800
vt 0.683473 0.569511
vt 0.663794 0.569511
vt 0.643780 0.569511
vt 0.643780 0.566800
vt 0.643780 0.563873
vt 0.643780 0.561178
vt 0.621928 0.561178
vt 0.621928 0.563873
vt 0.621928 0.566800
vt 0.621928 0.569511
vt 0.813119 0.561178
vt 0.813119 0.563873
vt 0.813119 0.566800
vt 0.813119 0.569511
vt 0.869219 0.563873
vt 0.869219 0.561178
vt 0.869219 0.566800
vt 0.869219 0.569511
vt 0.758617 0.566800
vt 0.758617 0.569511
vt 0.758617 0.563873
vt 0.758617 0.561178
vt 0.979559 0.566800
vt 0.979559 0.569511
vt 0.979559 0.563873
vt 0.979559 0.561178
vt 0.999023 0.566800
vt 0.999023 0.569511
vt 0.999023 0.563873
vt 0.999023 0.561178
vt 0.782903 0.000980
vt 0.784486 0.382318
vt 0.803453 0.381402
vt 0.840199 0.373114
vt 0.864896 0.352307
vt 0.854880 0.364571
vt 0.872758 0.336467
vt 0.880781 0.318408
vt 0.862990 0.058723
vt 0.869734 0.079554
vt 0.880553 0.116512
vt 0.875225 0.097892
vt 0.896528 0.174139
vt 0.901556 0.194068
vt 0.822263 0.378517
vt 0.819008 0.006443
vt 0.835451 0.014787
vt 0.904558 0.239402
vt 0.904558 0.215160
vt 0.895527 0.282987
vt 0.887925 0.301844
vt 0.901455 0.263089
vt 0.783424 0.121627
vt 0.801221 0.002230
vt 0.848671 0.026838
vt 0.857385 0.042647
vt 0.621928 0.521126
vt 0.621928 0.525254
vt 0.602301 0.525254
vt 0.602301 0.521126
vt 0.621928 0.529959
vt 0.602301 0.529959
vt 0.621928 0.534047
vt 0.602301 0.534047
vt 0.580336 0.525254
vt 0.580336 0.521126
vt 0.580336 0.529959
vt 0.580336 0.534047
vt 0.959839 0.521126
vt 0.959839 0.525254
vt 0.939912 0.525254
vt 0.939912 0.521126
vt 0.959839 0.529959
vt 0.939912 0.529959
vt 0.959839 0.534047
vt 0.939912 0.534047
vt 0.921634 0.525254
vt 0.921634 0.521126
vt 0.921634 0.529959
vt 0.921634 0.534047
vt 0.539972 0.521126
vt 0.539972 0.525254
vt 0.519988 0.525254
vt 0.519988 0.521126
vt 0.539972 0.529959
vt 0.519988 0.529959
vt 0.539972 0.534047
vt 0.519988 0.534047
vt 0.500000 0.525254
vt 0.500000 0.521126
vt 0.500000 0.529959
vt 0.500000 0.534047
vt 0.905182 0.525254
vt 0.905182 0.521126
vt 0.905182 0.529959
vt 0.905182 0.534047
vt 0.887671 0.525254
vt 0.887671 0.521126
vt 0.887671 0.529959
vt 0.887671 0.534047
vt 0.740604 0.521126
vt 0.740604 0.525254
vt 0.721932 0.525254
vt 0.721932 0.521126
vt 0.740604 0.529959
vt 0.721932 0.529959
vt 0.740604 0.534047
vt 0.721932 0.534047
vt 0.702977 0.525254
vt 0.702977 0.521126
vt 0.702977 0.529959
vt 0.702977 0.534047
vt 0.663794 0.521126
vt 0.663794 0.525254
vt 0.643780 0.525254
vt 0.643780 0.521126
vt 0.663794 0.529959
vt 0.643780 0.529959
vt 0.663794 0.534047
vt 0.643780 0.534047
vt 0.999023 0.521126
vt 0.999023 0.525254
vt 0.979559 0.525254
vt 0.979559 0.521126
vt 0.999023 0.529959
vt 0.979559 0.529959
vt 0.999023 0.534047
vt 0.979559 0.534047
vt 0.560437 0.525254
vt 0.560437 0.521126
vt 0.560437 0.529959
vt 0.560437 0.534047
vt 0.775777 0.534047
vt 0.775777 0.529959
vt 0.794329 0.529959
vt 0.794329 0.534047
vt 0.775777 0.525254
vt 0.794329 0.525254
vt 0.775777 0.521126
vt 0.794329 0.521126
vt 0.813119 0.529959
vt 0.813119 0.534047
vt 0.813119 0.525254
vt 0.813119 0.521126
vt 0.850316 0.534047
vt 0.850316 0.529959
vt 0.869219 0.529959
vt 0.869219 0.534047
vt 0.850316 0.525254
vt 0.869219 0.525254
vt 0.850316 0.521126
vt 0.869219 0.521126
vt 0.758617 0.529959
vt 0.758617 0.534047
vt 0.758617 0.525254
vt 0.758617 0.521126
vt 0.831243 0.529959
vt 0.831243 0.534047
vt 0.831243 0.525254
vt 0.831243 0.521126
vt 0.683473 0.525254
vt 0.683473 0.521126
vt 0.683473 0.529959
vt 0.683473 0.534047
vt 0.398910 0.318296
vt 0.376725 0.317764
vt 0.751189 0.453148
vt 0.733006 0.462541
vt 0.458717 0.341869
vt 0.477827 0.365157
vt 0.441371 0.330101
vt 0.489033 0.383645
vt 0.499536 0.402465
vt 0.694623 0.479056
vt 0.676522 0.485547
vt 0.660708 0.491056
vt 0.644821 0.496922
vt 0.628246 0.503170
vt 0.526600 0.455083
vt 0.533836 0.470012
vt 0.518041 0.437818
vt 0.541556 0.486178
vt 0.549315 0.501090
vt 0.714224 0.471258
vt 0.420140 0.321951
vt 0.566916 0.516787
vt 0.579131 0.518665
vt 0.593762 0.515877
vt 0.557053 0.510868
vt 0.610539 0.509896
vt 0.509092 0.420359
vt 0.483993 0.121758
vt 0.479917 0.120163
vt 0.617547 0.380572
vt 0.615005 0.368555
vt 0.508887 0.218017
vt 0.502338 0.194181
vt 0.497832 0.171548
vt 0.494674 0.150797
vt 0.166052 0.036349
vt 0.163535 0.065184
vt 0.305362 0.036237
vt 0.320260 0.036173
vt 0.321035 0.063918
vt 0.306214 0.064376
vt 0.290281 0.036287
vt 0.291084 0.064736
vt 0.216440 0.036404
vt 0.231367 0.036367
vt 0.231165 0.065317
vt 0.215674 0.065581
vt 0.348342 0.189595
vt 0.347526 0.208947
vt 0.333199 0.209002
vt 0.334359 0.189191
vt 0.346381 0.231133
vt 0.331514 0.231643
vt 0.318022 0.231258
vt 0.320216 0.207738
vt 0.321650 0.186923
vt 0.225238 0.169036
vt 0.223549 0.190519
vt 0.208051 0.188762
vt 0.209067 0.168159
vt 0.220165 0.214303
vt 0.205402 0.212202
vt 0.187920 0.209799
vt 0.190373 0.186951
vt 0.191176 0.167551
vt 0.342181 0.282472
vt 0.338255 0.306420
vt 0.319683 0.310758
vt 0.325330 0.284411
vt 0.302415 0.314615
vt 0.309739 0.285747
vt 0.114246 0.483480
vt 0.109506 0.492810
vt 0.093572 0.487018
vt 0.098306 0.477833
vt 0.077755 0.481435
vt 0.082406 0.472198
vt 0.228730 0.112870
vt 0.227788 0.122269
vt 0.210304 0.123895
vt 0.211200 0.114004
vt 0.226830 0.134187
vt 0.209669 0.135792
vt 0.191582 0.138719
vt 0.192452 0.127239
vt 0.193726 0.116885
vt 0.349775 0.126686
vt 0.349615 0.141249
vt 0.336003 0.140481
vt 0.336158 0.126160
vt 0.349335 0.156265
vt 0.335695 0.155370
vt 0.322628 0.152294
vt 0.322452 0.138091
vt 0.322191 0.124737
vt 0.214300 0.239994
vt 0.200383 0.237987
vt 0.205686 0.265581
vt 0.192646 0.264496
vt 0.176458 0.261999
vt 0.183303 0.235339
vt 0.344743 0.256474
vt 0.329107 0.257389
vt 0.314793 0.257667
vt 0.147472 0.205469
vt 0.143555 0.229537
vt 0.121568 0.226506
vt 0.124913 0.203617
vt 0.138237 0.254933
vt 0.116744 0.250436
vt 0.095016 0.245340
vt 0.099877 0.223081
vt 0.102829 0.201624
vt 0.155859 0.124485
vt 0.153736 0.136720
vt 0.131276 0.139463
vt 0.133757 0.126354
vt 0.152172 0.147472
vt 0.129522 0.150209
vt 0.105362 0.149549
vt 0.107478 0.138155
vt 0.110614 0.124240
vt 0.044977 0.458081
vt 0.040185 0.467141
vt 0.021291 0.458583
vt 0.026083 0.449765
vt 0.002982 0.449220
vt 0.007675 0.440502
vt 0.131582 0.279818
vt 0.110528 0.273967
vt 0.124029 0.302461
vt 0.103407 0.295601
vt 0.081665 0.287841
vt 0.088701 0.267336
vt 0.151209 0.167742
vt 0.150002 0.184290
vt 0.127011 0.183234
vt 0.128191 0.167665
vt 0.103947 0.182071
vt 0.104202 0.166722
vt 0.362922 0.035861
vt 0.362862 0.061667
vt 0.144583 0.420961
vt 0.139075 0.433052
vt 0.123016 0.427853
vt 0.128627 0.415635
vt 0.133461 0.444730
vt 0.117423 0.439521
vt 0.101172 0.433561
vt 0.106866 0.421609
vt 0.112761 0.408899
vt 0.348948 0.035994
vt 0.349205 0.062628
vt 0.334760 0.036096
vt 0.335322 0.063364
vt 0.151581 0.156603
vt 0.128760 0.158059
vt 0.104472 0.157318
vt 0.226122 0.149971
vt 0.209401 0.150507
vt 0.191325 0.151829
vt 0.348921 0.172226
vt 0.335171 0.171457
vt 0.322413 0.168481
vt 0.177954 0.426722
vt 0.172362 0.440600
vt 0.155795 0.436823
vt 0.161286 0.423994
vt 0.166613 0.453899
vt 0.150151 0.449138
vt 0.362714 0.171973
vt 0.362931 0.156088
vt 0.362414 0.189201
vt 0.172142 0.154160
vt 0.172542 0.143092
vt 0.171984 0.167527
vt 0.148115 0.036193
vt 0.144348 0.064061
vt 0.089589 0.414962
vt 0.096152 0.402091
vt 0.083412 0.426984
vt 0.064680 0.419771
vt 0.071370 0.407814
vt 0.078559 0.394975
vt 0.171074 0.185450
vt 0.168593 0.207493
vt 0.167648 0.287735
vt 0.150686 0.284390
vt 0.158234 0.258783
vt 0.158120 0.310613
vt 0.142356 0.307576
vt 0.116102 0.321713
vt 0.095953 0.314278
vt 0.108084 0.338522
vt 0.088471 0.330797
vt 0.067740 0.322215
vt 0.074632 0.305951
vt 0.059704 0.474886
vt 0.064390 0.465665
vt 0.173809 0.132051
vt 0.175567 0.120836
vt 0.164276 0.232480
vt 0.360576 0.255479
vt 0.361415 0.230334
vt 0.359276 0.280972
vt 0.363082 0.141077
vt 0.363177 0.126477
vt 0.357250 0.303886
vt 0.362000 0.208349
vt 0.130605 0.035824
vt 0.125342 0.061402
vt 0.275381 0.036319
vt 0.276147 0.064969
vt 0.198939 0.493339
vt 0.191543 0.505066
vt 0.182171 0.494740
vt 0.188370 0.482724
vt 0.205777 0.479088
vt 0.194684 0.468617
vt 0.147610 0.496021
vt 0.143573 0.505729
vt 0.126547 0.499051
vt 0.131142 0.489411
vt 0.212771 0.463503
vt 0.201058 0.453541
vt 0.220003 0.447434
vt 0.207415 0.438256
vt 0.227345 0.431456
vt 0.213694 0.423317
vt 0.234749 0.415390
vt 0.220036 0.408798
vt 0.260727 0.036337
vt 0.261396 0.065099
vt 0.246099 0.036348
vt 0.246434 0.065175
vt 0.161351 0.465750
vt 0.145053 0.460033
vt 0.156515 0.476403
vt 0.140347 0.470002
vt 0.123616 0.464686
vt 0.128360 0.455115
vt 0.096137 0.444011
vt 0.078177 0.437463
vt 0.091521 0.453544
vt 0.073531 0.447005
vt 0.054373 0.439624
vt 0.059164 0.430169
vt 0.040532 0.422221
vt 0.046110 0.411879
vt 0.035646 0.431576
vt 0.017341 0.422498
vt 0.022299 0.413229
vt 0.027804 0.402905
vt 0.112353 0.449827
vt 0.107635 0.459288
vt 0.182827 0.512972
vt 0.172240 0.515648
vt 0.170653 0.508099
vt 0.176070 0.503515
vt 0.175905 0.473366
vt 0.181629 0.460230
vt 0.170575 0.484879
vt 0.159133 0.512266
vt 0.161694 0.503173
vt 0.187604 0.445948
vt 0.193449 0.431305
vt 0.081099 0.346160
vt 0.060927 0.337334
vt 0.100160 0.354074
vt 0.092597 0.368552
vt 0.073932 0.360533
vt 0.054224 0.351490
vt 0.066991 0.373978
vt 0.047636 0.364830
vt 0.085535 0.382007
vt 0.060000 0.386995
vt 0.040989 0.377855
vt 0.052810 0.399897
vt 0.034199 0.390844
vt 0.165733 0.494559
vt 0.151931 0.486353
vt 0.135736 0.479739
vt 0.118941 0.474102
vt 0.086982 0.462898
vt 0.068985 0.456365
vt 0.049697 0.448895
vt 0.030869 0.440737
vt 0.012478 0.431566
vt 0.102984 0.468586
vt 0.291885 0.084445
vt 0.276972 0.084503
vt 0.292280 0.097756
vt 0.277660 0.097633
vt 0.262792 0.096765
vt 0.262064 0.084285
vt 0.321797 0.084000
vt 0.307017 0.084227
vt 0.322060 0.097872
vt 0.307291 0.097756
vt 0.363087 0.082994
vt 0.363185 0.097760
vt 0.349802 0.098123
vt 0.349626 0.083541
vt 0.197901 0.084868
vt 0.180359 0.085202
vt 0.196445 0.097133
vt 0.178883 0.098358
vt 0.159786 0.099148
vt 0.161453 0.085129
vt 0.246532 0.083920
vt 0.246669 0.095672
vt 0.229865 0.095178
vt 0.230533 0.083815
vt 0.141263 0.084392
vt 0.138847 0.099048
vt 0.117559 0.096201
vt 0.121070 0.081552
vt 0.335931 0.083829
vt 0.336166 0.098088
vt 0.214437 0.084248
vt 0.213213 0.095832
vt 0.322101 0.111232
vt 0.307325 0.110395
vt 0.307853 0.122544
vt 0.293521 0.120648
vt 0.292605 0.109711
vt 0.363205 0.111964
vt 0.349837 0.112225
vt 0.195066 0.107188
vt 0.177298 0.109757
vt 0.157937 0.111921
vt 0.263550 0.107165
vt 0.246978 0.105221
vt 0.263740 0.116062
vt 0.246652 0.113761
vt 0.229341 0.104249
vt 0.136361 0.112741
vt 0.114082 0.110116
vt 0.336213 0.111937
vt 0.212152 0.105075
vt 0.299572 0.176443
vt 0.298519 0.176136
vt 0.297996 0.155428
vt 0.299070 0.155751
vt 0.200485 0.296076
vt 0.200671 0.297208
vt 0.180542 0.320797
vt 0.180698 0.319655
vt 0.294774 0.226918
vt 0.293706 0.226727
vt 0.297042 0.200199
vt 0.298097 0.200446
vt 0.295870 0.139738
vt 0.296982 0.139992
vt 0.255791 0.335950
vt 0.254742 0.335636
vt 0.268436 0.311170
vt 0.269486 0.311421
vt 0.226312 0.371192
vt 0.225620 0.370304
vt 0.240940 0.355027
vt 0.241949 0.355502
vt 0.280382 0.283462
vt 0.281443 0.283681
vt 0.289619 0.255029
vt 0.294825 0.255967
vt 0.287160 0.284790
vt 0.254580 0.171243
vt 0.249038 0.170502
vt 0.251924 0.149834
vt 0.257754 0.150519
vt 0.288547 0.254841
vt 0.243477 0.217591
vt 0.238735 0.216613
vt 0.244988 0.192799
vt 0.250061 0.193794
vt 0.254641 0.133352
vt 0.260614 0.134197
vt 0.218865 0.269739
vt 0.233116 0.243308
vt 0.234194 0.243651
vt 0.219603 0.270604
vt 0.134315 0.380328
vt 0.125124 0.382806
vt 0.129778 0.365338
vt 0.136918 0.367663
vt 0.229427 0.242079
vt 0.188270 0.392145
vt 0.187993 0.391046
vt 0.207238 0.382420
vt 0.207704 0.383449
vt 0.142758 0.347030
vt 0.147286 0.353403
vt 0.141387 0.390457
vt 0.137736 0.395186
vt 0.154513 0.396170
vt 0.170223 0.396626
vt 0.169140 0.402561
vt 0.152493 0.401446
vt 0.142085 0.389554
vt 0.154920 0.395110
vt 0.268808 0.120860
vt 0.274025 0.115347
vt 0.273767 0.118935
vt 0.170426 0.395513
vt 0.278350 0.119037
vt 0.283309 0.120741
vt 0.283320 0.121805
vt 0.278254 0.120106
vt 0.278543 0.116753
vt 0.264816 0.125213
vt 0.265902 0.125521
vt 0.261756 0.134325
vt 0.283234 0.116859
vt 0.289159 0.124347
vt 0.293716 0.130254
vt 0.292588 0.130254
vt 0.288312 0.125044
vt 0.258064 0.123108
vt 0.162429 0.338143
vt 0.161859 0.332425
vt 0.181784 0.311221
vt 0.299261 0.130291
vt 0.302346 0.141397
vt 0.162541 0.339288
vt 0.147947 0.354341
vt 0.149546 0.329412
vt 0.161013 0.326522
vt 0.170816 0.311798
vt 0.192420 0.290109
vt 0.182257 0.289791
vt 0.200273 0.285603
vt 0.199837 0.292187
vt 0.213320 0.266457
vt 0.216956 0.267478
vt 0.223818 0.241133
vt 0.231302 0.215722
vt 0.309490 0.133929
vt 0.311016 0.146639
vt 0.311762 0.162866
vt 0.311470 0.182444
vt 0.304344 0.178127
vt 0.304090 0.157557
vt 0.309950 0.204775
vt 0.307205 0.229713
vt 0.299673 0.227950
vt 0.302834 0.201793
vt 0.303090 0.256993
vt 0.296606 0.285655
vt 0.287134 0.314345
vt 0.275827 0.341023
vt 0.262836 0.338122
vt 0.275947 0.312933
vt 0.263173 0.362465
vt 0.251221 0.381272
vt 0.231683 0.378099
vt 0.248980 0.358836
vt 0.242328 0.398822
vt 0.226132 0.394448
vt 0.213154 0.394480
vt 0.209949 0.388429
vt 0.205449 0.404050
vt 0.190101 0.399451
vt 0.240980 0.149769
vt 0.242713 0.133428
vt 0.239064 0.169845
vt 0.244806 0.122186
vt 0.236151 0.191873
vt 0.134009 0.327292
vt 0.125693 0.344622
vt 0.116949 0.360683
vt 0.109326 0.375571
vt 0.118455 0.396297
vt 0.102568 0.389124
vt 0.149223 0.409814
vt 0.133641 0.404101
vt 0.198993 0.417120
vt 0.183016 0.413225
vt 0.165866 0.411971
vt 0.278348 0.109773
vt 0.741378 0.363424
vt 0.720313 0.360058
vt 0.714147 0.341693
vt 0.737092 0.343745
vt 0.762804 0.365447
vt 0.760545 0.345268
vt 0.692124 0.265627
vt 0.688841 0.243245
vt 0.715102 0.243025
vt 0.725246 0.264711
vt 0.688165 0.220400
vt 0.712673 0.222816
vt 0.729039 0.306056
vt 0.732990 0.324853
vt 0.708022 0.323134
vt 0.702008 0.304381
vt 0.716323 0.180205
vt 0.713304 0.202900
vt 0.690038 0.199058
vt 0.693704 0.176956
vt 0.758453 0.326246
vt 0.756462 0.307356
vt 0.754905 0.287966
vt 0.756126 0.270087
vt 0.725613 0.286641
vt 0.696488 0.285399
vt 0.728559 0.221262
vt 0.733429 0.236914
vt 0.743922 0.249515
vt 0.744140 0.230130
vt 0.754472 0.239408
vt 0.737125 0.218271
vt 0.726633 0.204931
vt 0.732968 0.205103
vt 0.726074 0.188548
vt 0.731782 0.191829
vt 0.737284 0.168101
vt 0.733456 0.179662
vt 0.730481 0.180219
vt 0.729007 0.172464
vt 0.857838 0.471095
vt 0.868385 0.471095
vt 0.868385 0.515575
vt 0.857838 0.515575
vt 0.878971 0.471095
vt 0.878971 0.515575
vt 0.889514 0.471095
vt 0.889514 0.515575
vt 0.899983 0.471095
vt 0.899983 0.515575
vt 0.910443 0.471095
vt 0.910443 0.515575
vt 0.931517 0.515575
vt 0.931517 0.471095
vt 0.942075 0.471095
vt 0.942075 0.515575
vt 0.952593 0.471095
vt 0.952593 0.515575
vt 0.920959 0.471095
vt 0.920959 0.515575
vt 0.963039 0.471095
vt 0.963039 0.515575
vt 0.759749 0.234201
vt 0.758824 0.235096
vt 0.748554 0.227045
vt 0.749584 0.226407
vt 0.740644 0.216787
vt 0.741613 0.216439
vt 0.733722 0.192234
vt 0.735579 0.204957
vt 0.736447 0.204857
vt 0.734492 0.192291
vt 0.739992 0.167342
vt 0.735258 0.179438
vt 0.735989 0.179514
vt 0.740805 0.167464
vt 0.753783 0.147880
vt 0.757996 0.148568
vt 0.747741 0.156733
vt 0.743978 0.156694
vt 0.748628 0.157077
vt 0.758846 0.149082
vt 0.770063 0.143449
vt 0.766198 0.142391
vt 0.770745 0.144065
vt 0.698124 0.151394
vt 0.719605 0.158505
vt 0.734349 0.155905
vt 0.744072 0.146467
vt 0.762058 0.137140
vt 0.770885 0.240326
vt 0.768233 0.244899
vt 0.771433 0.239305
vt 0.762279 0.255411
vt 0.973444 0.471095
vt 0.973444 0.515575
vt 0.761133 0.089019
vt 0.759354 0.090242
vt 0.729861 0.058889
vt 0.731117 0.057190
vt 0.730058 0.035726
vt 0.732237 0.035091
vt 0.735379 0.041157
vt 0.733579 0.042367
vt 0.729423 0.027533
vt 0.731715 0.027876
vt 0.732458 0.019889
vt 0.734347 0.021136
vt 0.738255 0.014151
vt 0.739608 0.015863
vt 0.746412 0.009178
vt 0.747378 0.011129
vt 0.705301 0.145162
vt 0.705666 0.143038
vt 0.726152 0.143078
vt 0.726385 0.145200
vt 0.697835 0.143113
vt 0.698857 0.141110
vt 0.695105 0.093271
vt 0.697122 0.093859
vt 0.693274 0.107436
vt 0.691245 0.106906
vt 0.689684 0.122199
vt 0.687534 0.121978
vt 0.687571 0.129822
vt 0.689769 0.129336
vt 0.692917 0.136312
vt 0.691087 0.137738
vt 0.764928 0.095944
vt 0.762855 0.096677
vt 0.766478 0.104491
vt 0.764256 0.104496
vt 0.765008 0.113085
vt 0.762919 0.112323
vt 0.759567 0.121904
vt 0.757836 0.120659
vt 0.742601 0.139471
vt 0.741378 0.137678
vt 0.745102 0.134586
vt 0.746531 0.136172
vt 0.737347 0.142357
vt 0.736466 0.140385
vt 0.764793 0.003451
vt 0.765161 0.005569
vt 0.756123 0.007689
vt 0.755473 0.005627
vt 0.773994 0.002389
vt 0.774157 0.004522
vt 0.769741 0.079500
vt 0.770834 0.077622
vt 0.776894 0.080216
vt 0.776308 0.082331
vt 0.764532 0.075605
vt 0.765917 0.073969
vt 0.704454 0.063584
vt 0.706359 0.064534
vt 0.701263 0.079876
vt 0.699257 0.079245
vt 0.708690 0.056934
vt 0.710259 0.058563
vt 0.716040 0.052656
vt 0.716574 0.054968
vt 0.724503 0.053217
vt 0.723817 0.055365
vt 0.731157 0.142223
vt 0.731697 0.144316
vt 0.738397 0.033330
vt 0.738061 0.028834
vt 0.721547 0.039925
vt 0.739727 0.024636
vt 0.743644 0.020886
vt 0.740784 0.037713
vt 0.731239 0.048966
vt 0.770035 0.069044
vt 0.763142 0.081252
vt 0.750285 0.016921
vt 0.758065 0.013864
vt 0.701752 0.135428
vt 0.697966 0.132406
vt 0.706759 0.136744
vt 0.675850 0.156326
vt 0.681177 0.136863
vt 0.725442 0.136694
vt 0.729597 0.136023
vt 0.707287 0.082016
vt 0.703254 0.095631
vt 0.699516 0.108817
vt 0.696058 0.122700
vt 0.696001 0.127969
vt 0.756859 0.098830
vt 0.754009 0.093791
vt 0.726174 0.064030
vt 0.770718 0.088689
vt 0.765965 0.084080
vt 0.756908 0.110193
vt 0.757895 0.104512
vt 0.737810 0.132378
vt 0.740914 0.129749
vt 0.733862 0.134551
vt 0.752597 0.116964
vt 0.774650 0.010962
vt 0.766286 0.011931
vt 0.721981 0.061380
vt 0.774023 0.072092
vt 0.778587 0.074069
vt 0.718014 0.061119
vt 0.714573 0.063151
vt 0.711927 0.067491
vt 0.078366 0.561178
vt 0.094818 0.561178
vt 0.094818 0.563873
vt 0.078366 0.563873
vt 0.094818 0.566800
vt 0.078366 0.566800
vt 0.094818 0.569511
vt 0.078366 0.569511
vt 0.112329 0.561178
vt 0.112329 0.563873
vt 0.112329 0.566800
vt 0.112329 0.569511
vt 0.060088 0.569511
vt 0.060088 0.566800
vt 0.060088 0.563873
vt 0.060088 0.561178
vt 0.040161 0.569511
vt 0.040161 0.566800
vt 0.040161 0.563873
vt 0.040161 0.561178
vt 0.439563 0.561178
vt 0.460028 0.561178
vt 0.460028 0.563873
vt 0.439563 0.563873
vt 0.460028 0.566800
vt 0.439563 0.566800
vt 0.460028 0.569511
vt 0.439563 0.569511
vt 0.297023 0.569511
vt 0.278068 0.569511
vt 0.278068 0.566800
vt 0.297023 0.566800
vt 0.278068 0.563873
vt 0.297023 0.563873
vt 0.278068 0.561178
vt 0.297023 0.561178
vt 0.259396 0.569511
vt 0.259396 0.566800
vt 0.259396 0.563873
vt 0.259396 0.561178
vt 0.205671 0.561178
vt 0.224223 0.561178
vt 0.224223 0.563873
vt 0.205671 0.563873
vt 0.224223 0.566800
vt 0.205671 0.566800
vt 0.224223 0.569511
vt 0.205671 0.569511
vt 0.168757 0.569511
vt 0.149684 0.569511
vt 0.149684 0.566800
vt 0.168757 0.566800
vt 0.149684 0.563873
vt 0.168757 0.563873
vt 0.149684 0.561178
vt 0.168757 0.561178
vt 0.480012 0.561178
vt 0.480012 0.563873
vt 0.480012 0.566800
vt 0.480012 0.569511
vt 0.397699 0.561178
vt 0.419664 0.561178
vt 0.419664 0.563873
vt 0.397699 0.563873
vt 0.419664 0.566800
vt 0.397699 0.566800
vt 0.419664 0.569511
vt 0.397699 0.569511
vt 0.316527 0.561178
vt 0.336206 0.561178
vt 0.336206 0.563873
vt 0.316527 0.563873
vt 0.336206 0.566800
vt 0.316527 0.566800
vt 0.336206 0.569511
vt 0.316527 0.569511
vt 0.356221 0.569511
vt 0.356221 0.566800
vt 0.356221 0.563873
vt 0.356221 0.561178
vt 0.378072 0.561178
vt 0.378072 0.563873
vt 0.378072 0.566800
vt 0.378072 0.569511
vt 0.186881 0.561178
vt 0.186881 0.563873
vt 0.186881 0.566800
vt 0.186881 0.569511
vt 0.130781 0.561178
vt 0.130781 0.563873
vt 0.130781 0.566800
vt 0.130781 0.569511
vt 0.241383 0.569511
vt 0.241383 0.566800
vt 0.241383 0.563873
vt 0.241383 0.561178
vt 0.020441 0.569511
vt 0.020441 0.566800
vt 0.020441 0.563873
vt 0.020441 0.561178
vt 0.000977 0.569511
vt 0.000977 0.566800
vt 0.000977 0.563873
vt 0.000977 0.561178
vt 0.765512 0.381560
vt 0.728698 0.373577
vt 0.713947 0.365156
vt 0.703830 0.352975
vt 0.695837 0.337200
vt 0.687666 0.319208
vt 0.703331 0.059409
vt 0.696763 0.080295
vt 0.686268 0.117337
vt 0.691433 0.098678
vt 0.670772 0.175073
vt 0.665903 0.195039
vt 0.746678 0.378832
vt 0.730441 0.015326
vt 0.746764 0.006798
vt 0.663257 0.240396
vt 0.663067 0.216154
vt 0.680389 0.302702
vt 0.672635 0.283907
vt 0.666547 0.264058
vt 0.764571 0.002358
vt 0.708800 0.043304
vt 0.717367 0.027453
vt 0.378072 0.521126
vt 0.397699 0.521126
vt 0.397699 0.525254
vt 0.378072 0.525254
vt 0.397699 0.529959
vt 0.378072 0.529959
vt 0.397699 0.534047
vt 0.378072 0.534047
vt 0.419664 0.521126
vt 0.419664 0.525254
vt 0.419664 0.529959
vt 0.419664 0.534047
vt 0.040161 0.521126
vt 0.060088 0.521126
vt 0.060088 0.525254
vt 0.040161 0.525254
vt 0.060088 0.529959
vt 0.040161 0.529959
vt 0.060088 0.534047
vt 0.040161 0.534047
vt 0.078366 0.521126
vt 0.078366 0.525254
vt 0.078366 0.529959
vt 0.078366 0.534047
vt 0.460028 0.521126
vt 0.480012 0.521126
vt 0.480012 0.525254
vt 0.460028 0.525254
vt 0.480012 0.529959
vt 0.460028 0.529959
vt 0.480012 0.534047
vt 0.460028 0.534047
vt 0.094818 0.521126
vt 0.094818 0.525254
vt 0.094818 0.529959
vt 0.094818 0.534047
vt 0.112329 0.521126
vt 0.112329 0.525254
vt 0.112329 0.529959
vt 0.112329 0.534047
vt 0.259396 0.521126
vt 0.278068 0.521126
vt 0.278068 0.525254
vt 0.259396 0.525254
vt 0.278068 0.529959
vt 0.259396 0.529959
vt 0.278068 0.534047
vt 0.259396 0.534047
vt 0.297023 0.521126
vt 0.297023 0.525254
vt 0.297023 0.529959
vt 0.297023 0.534047
vt 0.336206 0.521126
vt 0.356221 0.521126
vt 0.356221 0.525254
vt 0.336206 0.525254
vt 0.356221 0.529959
vt 0.336206 0.529959
vt 0.356221 0.534047
vt 0.336206 0.534047
vt 0.000977 0.521126
vt 0.020441 0.521126
vt 0.020441 0.525254
vt 0.000977 0.525254
vt 0.020441 0.529959
vt 0.000977 0.529959
vt 0.020441 0.534047
vt 0.000977 0.534047
vt 0.439563 0.521126
vt 0.439563 0.525254
vt 0.439563 0.529959
vt 0.439563 0.534047
vt 0.224224 0.534047
vt 0.205671 0.534047
vt 0.205671 0.529959
vt 0.224224 0.529959
vt 0.205671 0.525254
vt 0.224224 0.525254
vt 0.205671 0.521126
vt 0.224224 0.521126
vt 0.186881 0.534047
vt 0.186881 0.529959
vt 0.186881 0.525254
vt 0.186881 0.521126
vt 0.149684 0.534047
vt 0.130781 0.534047
vt 0.130781 0.529959
vt 0.149684 0.529959
vt 0.130781 0.525254
vt 0.149684 0.525254
vt 0.130781 0.521126
vt 0.149684 0.521126
vt 0.241383 0.534047
vt 0.241383 0.529959
vt 0.241383 0.525254
vt 0.241383 0.521126
vt 0.168757 0.534047
vt 0.168757 0.529959
vt 0.168757 0.525254
vt 0.168757 0.521126
vt 0.316527 0.521126
vt 0.316527 0.525254
vt 0.316527 0.529959
vt 0.316527 0.534047
vt 0.354513 0.318329
vt 0.019575 0.461599
vt 0.001417 0.452129
vt 0.294494 0.341853
vt 0.275280 0.365100
vt 0.311913 0.330119
vt 0.263999 0.383562
vt 0.253422 0.402356
vt 0.076008 0.484840
vt 0.057919 0.478275
vt 0.091812 0.490414
vt 0.107688 0.496345
vt 0.124252 0.502660
vt 0.226147 0.454913
vt 0.218851 0.469827
vt 0.234775 0.437668
vt 0.211067 0.485977
vt 0.203248 0.500871
vt 0.038335 0.470395
vt 0.333220 0.321990
vt 0.185577 0.516514
vt 0.173345 0.518348
vt 0.158713 0.515505
vt 0.195468 0.510627
vt 0.141947 0.509457
vt 0.243794 0.420228
vt 0.269619 0.121603
vt 0.273692 0.120012
vt 0.135417 0.380028
vt 0.138005 0.368017
vt 0.244585 0.217797
vt 0.251173 0.193981
vt 0.255712 0.171363
vt 0.258900 0.150623
vt 0.404677 0.010244
vt 0.390742 0.010244
vt 0.390787 0.007469
vt 0.404773 0.007469
vt 0.390866 0.004616
vt 0.404930 0.004616
vt 0.376950 0.010244
vt 0.376963 0.007469
vt 0.376956 0.004616
vt 0.586095 0.010244
vt 0.569348 0.010244
vt 0.569281 0.007469
vt 0.585825 0.007469
vt 0.569253 0.004616
vt 0.585587 0.004616
vt 0.553005 0.010244
vt 0.553105 0.007469
vt 0.553263 0.004616
vt 0.463343 0.010244
vt 0.447936 0.010244
vt 0.448055 0.007469
vt 0.463518 0.007469
vt 0.448352 0.004616
vt 0.463889 0.004616
vt 0.432883 0.010244
vt 0.432981 0.007469
vt 0.433224 0.004616
vt 0.537692 0.010244
vt 0.537931 0.007469
vt 0.538256 0.004616
vt 0.522983 0.010244
vt 0.523318 0.007469
vt 0.523764 0.004616
vt 0.418596 0.010244
vt 0.418705 0.007469
vt 0.418913 0.004616
vt 0.618093 0.010244
vt 0.602487 0.010244
vt 0.601967 0.007469
vt 0.617380 0.007469
vt 0.601476 0.004616
vt 0.616360 0.004616
vt 0.493531 0.010244
vt 0.478556 0.010244
vt 0.478823 0.007469
vt 0.493887 0.007469
vt 0.479277 0.004616
vt 0.494403 0.004616
vt 0.508320 0.010244
vt 0.508699 0.007469
vt 0.509211 0.004616
vt 0.363111 0.010244
vt 0.349112 0.010244
vt 0.349066 0.007469
vt 0.363107 0.007469
vt 0.348931 0.004616
vt 0.363034 0.004616
vt 0.184340 0.010244
vt 0.167557 0.010244
vt 0.167790 0.007469
vt 0.184370 0.007469
vt 0.168018 0.004616
vt 0.184382 0.004616
vt 0.200722 0.010244
vt 0.200586 0.007469
vt 0.200404 0.004616
vt 0.305935 0.010244
vt 0.290582 0.010244
vt 0.290348 0.007469
vt 0.305790 0.007469
vt 0.289941 0.004616
vt 0.305468 0.004616
vt 0.320898 0.010244
vt 0.320826 0.007469
vt 0.320584 0.004616
vt 0.216054 0.010244
vt 0.215790 0.007469
vt 0.215446 0.004616
vt 0.230779 0.010244
vt 0.230432 0.007469
vt 0.229977 0.004616
vt 0.335155 0.010244
vt 0.335098 0.007469
vt 0.334908 0.004616
vt 0.151185 0.010244
vt 0.135713 0.010244
vt 0.136430 0.007469
vt 0.151640 0.007469
vt 0.137136 0.004616
vt 0.152114 0.004616
vt 0.275321 0.010244
vt 0.260277 0.010244
vt 0.259914 0.007469
vt 0.275016 0.007469
vt 0.259398 0.004616
vt 0.274543 0.004616
vt 0.245457 0.010244
vt 0.245076 0.007469
vt 0.244564 0.004616
vt 0.524321 0.000977
vt 0.538656 0.000977
vt 0.509856 0.000977
vt 0.433606 0.000977
vt 0.448819 0.000977
vt 0.419218 0.000977
vt 0.553460 0.000977
vt 0.569251 0.000977
vt 0.405131 0.000977
vt 0.390968 0.000977
vt 0.585373 0.000977
vt 0.600991 0.000977
vt 0.464449 0.000977
vt 0.479916 0.000977
vt 0.495076 0.000977
vt 0.376924 0.000977
vt 0.362881 0.000977
vt 0.138175 0.000977
vt 0.152603 0.000977
vt 0.615395 0.000977
vt 0.229413 0.000977
vt 0.243921 0.000977
vt 0.215033 0.000977
vt 0.320183 0.000977
vt 0.334593 0.000977
vt 0.304979 0.000977
vt 0.200192 0.000977
vt 0.184381 0.000977
vt 0.348707 0.000977
vt 0.168243 0.000977
vt 0.273903 0.000977
vt 0.289366 0.000977
vt 0.258730 0.000977
vt 0.040366 0.291185
vt 0.049048 0.277729
vt 0.067667 0.264870
vt 0.054214 0.280310
vt 0.057979 0.259637
vt 0.078888 0.246593
vt 0.065874 0.238866
vt 0.086068 0.226668
vt 0.071584 0.214128
vt 0.089871 0.203577
vt 0.075087 0.184628
vt 0.091335 0.176096
vt 0.075464 0.153110
vt 0.089905 0.146513
vt 0.071598 0.122533
vt 0.084676 0.117502
vt 0.064468 0.093916
vt 0.076596 0.089933
vt 0.055392 0.067846
vt 0.067007 0.064361
vt 0.045073 0.044647
vt 0.056386 0.041751
vt 0.034241 0.025258
vt 0.045228 0.023241
vt 0.024786 0.011214
vt 0.034982 0.010257
vt 0.018547 0.003732
vt 0.026933 0.003549
vt 0.014142 0.000981
vt 0.020299 0.001201
vt 0.026354 0.296723
vt 0.030519 0.284701
vt 0.037199 0.267147
vt 0.045212 0.246268
vt 0.052321 0.220926
vt 0.057653 0.190548
vt 0.059828 0.158141
vt 0.057511 0.126917
vt 0.051652 0.098018
vt 0.043472 0.072080
vt 0.033879 0.048779
vt 0.023785 0.028851
vt 0.015393 0.013937
vt 0.011043 0.005612
vt 0.008796 0.002165
vt 0.012829 0.296554
vt 0.013067 0.285184
vt 0.017832 0.268392
vt 0.025516 0.248134
vt 0.033533 0.223282
vt 0.040398 0.193211
vt 0.044242 0.161016
vt 0.043549 0.130105
vt 0.039202 0.101693
vt 0.032255 0.076478
vt 0.023773 0.053549
vt 0.014794 0.033457
vt 0.007674 0.017948
vt 0.005139 0.008817
vt 0.004786 0.004489
vt 0.003337 0.290593
vt 0.001002 0.279010
vt 0.004344 0.263195
vt 0.010974 0.244347
vt 0.018894 0.221123
vt 0.026406 0.192588
vt 0.031231 0.161740
vt 0.031739 0.132102
vt 0.028718 0.104923
vt 0.022994 0.080988
vt 0.015708 0.058923
vt 0.007943 0.039090
vt 0.002035 0.023316
vt 0.001002 0.013446
vt 0.002125 0.008045
vt 0.202930 0.299310
vt 0.209959 0.295252
vt 0.219593 0.306714
vt 0.197202 0.305051
vt 0.217795 0.293139
vt 0.225911 0.293139
vt 0.233754 0.295227
vt 0.240780 0.299279
vt 0.246509 0.304962
vt 0.250524 0.311878
vt 0.252599 0.319559
vt 0.221835 0.323635
vt 0.191070 0.327710
vt 0.191074 0.319753
vt 0.193150 0.312030
vt 0.209915 0.352042
vt 0.202889 0.347990
vt 0.224076 0.340555
vt 0.217758 0.354130
vt 0.225874 0.354130
vt 0.233710 0.352017
vt 0.240739 0.347959
vt 0.246468 0.342218
vt 0.250519 0.335239
vt 0.252595 0.327516
vt 0.193146 0.335391
vt 0.197161 0.342307
vt 0.116866 0.034675
vt 0.115033 0.038725
vt 0.112323 0.042653
vt 0.108979 0.046056
vt 0.105385 0.048436
vt 0.080604 0.000977
vt 0.108934 0.000977
vt 0.116186 0.002216
vt 0.120344 0.005454
vt 0.122342 0.010331
vt 0.122123 0.015892
vt 0.869445 0.422050
vt 0.869457 0.404650
vt 0.887513 0.404662
vt 0.887501 0.422062
vt 0.797828 0.384762
vt 0.797827 0.402162
vt 0.792940 0.402162
vt 0.792940 0.384762
vt 0.802715 0.402162
vt 0.802715 0.384762
vt 0.808483 0.384762
vt 0.808482 0.402162
vt 0.831653 0.404621
vt 0.831641 0.422024
vt 0.826076 0.422020
vt 0.826088 0.404617
vt 0.914529 0.404681
vt 0.914517 0.422081
vt 0.908346 0.422077
vt 0.908358 0.404677
vt 0.743050 0.402161
vt 0.743050 0.384762
vt 0.787579 0.384762
vt 0.787579 0.402162
vt 0.851146 0.422037
vt 0.851158 0.404637
vt 0.855603 0.404640
vt 0.855591 0.422040
vt 0.860363 0.422044
vt 0.860375 0.404643
vt 0.865146 0.404647
vt 0.865134 0.422047
vt 0.820806 0.422017
vt 0.820818 0.404613
vt 0.962590 0.404713
vt 0.962578 0.422114
vt 0.957155 0.422110
vt 0.957167 0.404709
vt 0.816547 0.384762
vt 0.816547 0.402162
vt 0.825194 0.384762
vt 0.825194 0.402162
vt 0.833901 0.384762
vt 0.833900 0.402162
vt 0.808178 0.422011
vt 0.779849 0.422048
vt 0.794993 0.404625
vt 0.809911 0.404605
vt 0.750012 0.404687
vt 0.765990 0.404664
vt 0.751676 0.422086
vt 0.815536 0.422013
vt 0.815547 0.404609
vt 0.780751 0.404644
vt 0.902160 0.422072
vt 0.902172 0.404673
vt 0.895974 0.422068
vt 0.895986 0.404668
vt 0.744540 0.422104
vt 0.744490 0.404703
vt 0.732435 0.384762
vt 0.737729 0.384762
vt 0.737729 0.402161
vt 0.732435 0.402161
vt 0.842607 0.384762
vt 0.842607 0.402162
vt 0.740094 0.422117
vt 0.740044 0.404716
vt 0.967035 0.404716
vt 0.967023 0.422117
vt 0.293151 0.354970
vt 0.297211 0.351531
vt 0.301971 0.349212
vt 0.306906 0.348351
vt 0.308746 0.415070
vt 0.300192 0.415070
vt 0.291510 0.414418
vt 0.282953 0.412812
vt 0.274759 0.410050
vt 0.267607 0.406325
vt 0.263180 0.402627
vt 0.261120 0.398195
vt 0.261413 0.393316
vt 0.263968 0.388603
vt 0.851161 0.384762
vt 0.851161 0.402162
vt 0.727425 0.402161
vt 0.727425 0.384762
vt 0.042072 0.005506
vt 0.045401 0.002559
vt 0.052434 0.001351
vt 0.089298 0.056636
vt 0.081225 0.059210
vt 0.075067 0.058624
vt 0.069522 0.055883
vt 0.065226 0.051452
vt 0.043088 0.015012
vt 0.041316 0.009887
vt 0.333012 0.359787
vt 0.327756 0.341004
vt 0.327537 0.335443
vt 0.329535 0.330566
vt 0.333692 0.327328
vt 0.340944 0.326088
vt 0.369274 0.326088
vt 0.344494 0.373548
vt 0.340899 0.371168
vt 0.337555 0.367764
vt 0.334845 0.363837
vt 0.880546 0.424628
vt 0.898602 0.424616
vt 0.898613 0.442016
vt 0.880558 0.442029
vt 0.904494 0.384762
vt 0.909382 0.384762
vt 0.909382 0.402162
vt 0.904494 0.402162
vt 0.899607 0.402162
vt 0.893839 0.402162
vt 0.893839 0.384762
vt 0.899607 0.384762
vt 0.842753 0.442057
vt 0.837188 0.442061
vt 0.837176 0.424658
vt 0.842741 0.424654
vt 0.925630 0.441997
vt 0.919458 0.442002
vt 0.919446 0.424602
vt 0.925618 0.424597
vt 0.959272 0.402161
vt 0.914743 0.402162
vt 0.914743 0.384762
vt 0.959272 0.384762
vt 0.862246 0.424641
vt 0.866692 0.424638
vt 0.866703 0.442038
vt 0.862258 0.442042
vt 0.871463 0.424635
vt 0.876235 0.424631
vt 0.876247 0.442032
vt 0.871475 0.442035
vt 0.831918 0.442065
vt 0.831906 0.424662
vt 0.973690 0.441965
vt 0.968267 0.441969
vt 0.968255 0.424568
vt 0.973678 0.424564
vt 0.885775 0.402162
vt 0.885775 0.384762
vt 0.877128 0.402162
vt 0.877128 0.384762
vt 0.868421 0.402162
vt 0.868421 0.384762
vt 0.819279 0.424667
vt 0.821011 0.442073
vt 0.806094 0.442054
vt 0.790949 0.424630
vt 0.761112 0.441992
vt 0.762776 0.424592
vt 0.777090 0.442014
vt 0.826648 0.442069
vt 0.826636 0.424665
vt 0.791851 0.442034
vt 0.913272 0.442006
vt 0.913261 0.424606
vt 0.907086 0.442010
vt 0.907075 0.424610
vt 0.755590 0.441975
vt 0.755640 0.424574
vt 0.969887 0.384762
vt 0.969887 0.402161
vt 0.964593 0.402161
vt 0.964593 0.384762
vt 0.859715 0.384762
vt 0.859715 0.402162
vt 0.751144 0.441962
vt 0.751194 0.424561
vt 0.978135 0.441962
vt 0.978123 0.424561
vt 0.321005 0.354202
vt 0.351997 0.386175
vt 0.354808 0.390741
vt 0.355370 0.395596
vt 0.353557 0.400135
vt 0.349341 0.404071
vt 0.342405 0.408185
vt 0.334376 0.411394
vt 0.325920 0.413469
vt 0.317287 0.414599
vt 0.311882 0.348939
vt 0.316762 0.350992
vt 0.974897 0.402161
vt 0.974897 0.384762
vt 0.407806 0.330618
vt 0.408562 0.334999
vt 0.406790 0.340124
vt 0.384652 0.376564
vt 0.380356 0.380994
vt 0.374811 0.383736
vt 0.368653 0.384322
vt 0.360580 0.381748
vt 0.397444 0.326463
vt 0.404478 0.327671
vt 0.786914 0.593173
vt 0.786914 0.596950
vt 0.773789 0.596950
vt 0.773789 0.593173
vt 0.800197 0.593173
vt 0.800197 0.596950
vt 0.800197 0.589465
vt 0.786914 0.589465
vt 0.773789 0.589465
vt 0.760532 0.593173
vt 0.760532 0.589465
vt 0.760532 0.596950
vt 0.773789 0.585657
vt 0.786914 0.585657
vt 0.760532 0.585657
vt 0.773789 0.581782
vt 0.786914 0.581782
vt 0.760532 0.581782
vt 0.773789 0.578004
vt 0.786914 0.578004
vt 0.760532 0.578004
vt 0.773789 0.574295
vt 0.786914 0.574295
vt 0.760532 0.574295
vt 0.773789 0.570488
vt 0.786914 0.570488
vt 0.760532 0.570488
vt 0.786914 0.600826
vt 0.773789 0.600826
vt 0.760532 0.600826
vt 0.746844 0.600826
vt 0.746844 0.596950
vt 0.746844 0.574295
vt 0.746844 0.570488
vt 0.746844 0.593173
vt 0.732934 0.600826
vt 0.732934 0.596950
vt 0.732934 0.593173
vt 0.746844 0.589465
vt 0.732934 0.589465
vt 0.746844 0.585657
vt 0.732934 0.585657
vt 0.746844 0.581782
vt 0.732934 0.581782
vt 0.746844 0.578004
vt 0.732934 0.578004
vt 0.732934 0.574295
vt 0.732934 0.570488
vt 0.719048 0.574295
vt 0.719048 0.570488
vt 0.719048 0.578004
vt 0.719048 0.600826
vt 0.719048 0.596950
vt 0.705192 0.600826
vt 0.705192 0.596950
vt 0.705192 0.574295
vt 0.705192 0.570488
vt 0.719048 0.593173
vt 0.705192 0.593173
vt 0.719048 0.589465
vt 0.705192 0.589465
vt 0.719048 0.585657
vt 0.705192 0.585657
vt 0.719048 0.581782
vt 0.705192 0.581782
vt 0.705192 0.578004
vt 0.691280 0.578004
vt 0.691280 0.574295
vt 0.691280 0.581782
vt 0.691280 0.570488
vt 0.677355 0.574295
vt 0.677355 0.570488
vt 0.677355 0.578004
vt 0.691280 0.596950
vt 0.691280 0.600826
vt 0.677355 0.600826
vt 0.677355 0.596950
vt 0.691280 0.593173
vt 0.677355 0.593173
vt 0.691280 0.589465
vt 0.677355 0.589465
vt 0.691280 0.585657
vt 0.677355 0.585657
vt 0.677355 0.581782
vt 0.663535 0.581782
vt 0.663535 0.578004
vt 0.663535 0.585657
vt 0.663535 0.574295
vt 0.649854 0.578004
vt 0.649854 0.574295
vt 0.649854 0.581782
vt 0.663535 0.570488
vt 0.649854 0.570488
vt 0.663535 0.596950
vt 0.663535 0.600826
vt 0.649854 0.600826
vt 0.649854 0.596950
vt 0.663535 0.593173
vt 0.649854 0.593173
vt 0.663535 0.589465
vt 0.649854 0.589465
vt 0.649854 0.585657
vt 0.978073 0.585657
vt 0.964549 0.585657
vt 0.964549 0.581782
vt 0.978073 0.581782
vt 0.978073 0.589464
vt 0.964549 0.589464
vt 0.964549 0.578004
vt 0.978073 0.578004
vt 0.951207 0.581782
vt 0.951207 0.578004
vt 0.951207 0.585657
vt 0.964549 0.574295
vt 0.951207 0.574295
vt 0.978073 0.574295
vt 0.964549 0.570488
vt 0.951207 0.570488
vt 0.978073 0.570488
vt 0.964549 0.596950
vt 0.964549 0.600826
vt 0.951207 0.600826
vt 0.951207 0.596950
vt 0.978073 0.600826
vt 0.978073 0.596950
vt 0.964549 0.593173
vt 0.951207 0.593173
vt 0.978073 0.593173
vt 0.951207 0.589465
vt 0.938063 0.589465
vt 0.938063 0.585657
vt 0.938063 0.593173
vt 0.938063 0.581782
vt 0.924979 0.585657
vt 0.924979 0.581782
vt 0.924979 0.589465
vt 0.938063 0.578004
vt 0.924979 0.578004
vt 0.938063 0.574295
vt 0.924979 0.574295
vt 0.938063 0.570488
vt 0.924979 0.570488
vt 0.938063 0.596950
vt 0.938063 0.600826
vt 0.924979 0.600826
vt 0.924979 0.596950
vt 0.924979 0.593173
vt 0.911812 0.593173
vt 0.911812 0.589465
vt 0.911812 0.596950
vt 0.911812 0.585657
vt 0.898159 0.589465
vt 0.898159 0.585657
vt 0.898159 0.593173
vt 0.911812 0.581782
vt 0.898159 0.581782
vt 0.911812 0.578004
vt 0.898159 0.578004
vt 0.911812 0.574295
vt 0.898159 0.574295
vt 0.911812 0.570488
vt 0.898159 0.570488
vt 0.911812 0.600826
vt 0.898159 0.600826
vt 0.898159 0.596950
vt 0.883808 0.596950
vt 0.883808 0.593173
vt 0.883808 0.600826
vt 0.869389 0.600826
vt 0.869389 0.596950
vt 0.869389 0.593173
vt 0.883808 0.570488
vt 0.883808 0.574295
vt 0.869389 0.574295
vt 0.869389 0.570488
vt 0.883808 0.578004
vt 0.869389 0.578004
vt 0.883808 0.581782
vt 0.869389 0.581782
vt 0.883808 0.585657
vt 0.869389 0.585657
vt 0.883808 0.589465
vt 0.869389 0.589465
vt 0.854970 0.589465
vt 0.854970 0.585657
vt 0.854970 0.593173
vt 0.854970 0.596950
vt 0.840619 0.593173
vt 0.840619 0.589465
vt 0.840619 0.596950
vt 0.854970 0.600826
vt 0.840619 0.600826
vt 0.854970 0.570488
vt 0.854970 0.574295
vt 0.840619 0.574295
vt 0.840619 0.570488
vt 0.854970 0.578004
vt 0.840619 0.578004
vt 0.854970 0.581782
vt 0.840619 0.581782
vt 0.840619 0.585657
vt 0.826767 0.585657
vt 0.826767 0.581782
vt 0.826767 0.589465
vt 0.826767 0.593173
vt 0.813345 0.589465
vt 0.813345 0.585657
vt 0.813345 0.593173
vt 0.826767 0.596950
vt 0.813345 0.596950
vt 0.826767 0.600826
vt 0.813345 0.600826
vt 0.826767 0.570488
vt 0.826767 0.574295
vt 0.813345 0.574295
vt 0.813345 0.570488
vt 0.826767 0.578004
vt 0.813345 0.578004
vt 0.813345 0.581782
vt 0.800197 0.581782
vt 0.800197 0.578004
vt 0.800197 0.585657
vt 0.800197 0.574295
vt 0.800197 0.570488
vt 0.800197 0.600826
vt 0.217923 0.477390
vt 0.228798 0.462993
vt 0.244618 0.449273
vt 0.237709 0.466769
vt 0.263119 0.437935
vt 0.254965 0.457786
vt 0.283139 0.430479
vt 0.274921 0.450181
vt 0.306326 0.426162
vt 0.298958 0.444639
vt 0.334003 0.424076
vt 0.327459 0.441240
vt 0.363868 0.425277
vt 0.356829 0.440376
vt 0.393156 0.430642
vt 0.386142 0.444186
vt 0.420962 0.439010
vt 0.414427 0.451314
vt 0.446723 0.448941
vt 0.440079 0.459807
vt 0.469490 0.459853
vt 0.463236 0.470156
vt 0.488059 0.471389
vt 0.481329 0.480348
vt 0.500989 0.482129
vt 0.494486 0.489551
vt 0.507523 0.490670
vt 0.502805 0.496644
vt 0.509698 0.497663
vt 0.509670 0.504123
vt 0.211838 0.491414
vt 0.231685 0.483290
vt 0.247845 0.476240
vt 0.267268 0.469095
vt 0.291310 0.462855
vt 0.320166 0.458450
vt 0.350502 0.456214
vt 0.380482 0.458465
vt 0.408972 0.464251
vt 0.433906 0.471706
vt 0.457617 0.480935
vt 0.475745 0.489959
vt 0.489341 0.497804
vt 0.499736 0.503555
vt 0.508266 0.509718
vt 0.211096 0.505111
vt 0.227569 0.500349
vt 0.243690 0.495464
vt 0.262062 0.489248
vt 0.285451 0.482356
vt 0.314163 0.476205
vt 0.345960 0.472491
vt 0.377083 0.473726
vt 0.405600 0.478048
vt 0.429901 0.484588
vt 0.453198 0.493191
vt 0.472149 0.501101
vt 0.486912 0.507576
vt 0.497594 0.510799
vt 0.505878 0.513963
vt 0.216449 0.515241
vt 0.228039 0.518448
vt 0.244100 0.515610
vt 0.263039 0.509015
vt 0.286305 0.500875
vt 0.315052 0.493338
vt 0.346184 0.488362
vt 0.376178 0.487888
vt 0.403688 0.491154
vt 0.427859 0.497267
vt 0.450100 0.504945
vt 0.470227 0.512608
vt 0.486447 0.517944
vt 0.496669 0.518448
vt 0.502231 0.516927
s 1
usemtl Material.001
f 1823/1/1 1813/2/2 108/3/3 178/4/4
f 1807/5/5 1824/6/6 179/7/7 88/8/8
f 1824/6/6 1814/9/9 122/10/10 179/7/7
f 1809/11/11 1825/12/12 197/13/13 97/14/14
f 120/15/15 231/16/16 367/17/17 244/18/18
f 244/18/18 367/17/17 226/19/19 115/20/20
f 367/17/17 181/21/21 90/22/22 226/19/19
f 231/16/16 103/23/23 181/21/21 367/17/17
f 105/24/24 214/25/25 368/26/26 204/27/27
f 204/27/27 368/26/26 198/28/28 98/29/29
f 368/26/26 182/30/30 91/31/31 198/28/28
f 214/25/25 104/32/32 182/30/30 368/26/26
f 117/33/33 228/34/34 369/35/35 243/36/36
f 228/34/34 95/37/37 190/38/38 369/35/35
f 134/39/39 277/40/40 370/41/41 203/42/42
f 277/40/40 133/43/43 186/44/44 370/41/41
f 149/45/45 309/46/46 371/47/47 202/48/48
f 202/48/48 371/47/47 199/49/49 99/50/50
f 371/47/47 188/51/51 94/52/52 199/49/49
f 309/46/46 148/53/53 188/51/51 371/47/47
f 151/54/54 308/55/55 372/56/56 242/57/57
f 242/57/57 372/56/56 227/58/58 116/59/59
f 372/56/56 187/60/60 93/61/61 227/58/58
f 308/55/55 147/62/62 187/60/60 372/56/56
f 98/29/29 198/28/28 373/63/63 201/64/64
f 201/64/64 373/63/63 200/65/65 100/66/66
f 373/63/63 191/67/67 96/68/68 200/65/65
f 198/28/28 91/31/31 191/67/67 373/63/63
f 115/20/20 226/19/19 374/69/69 241/70/70
f 241/70/70 374/69/69 228/34/34 117/33/33
f 374/69/69 183/71/71 95/37/37 228/34/34
f 226/19/19 90/22/22 183/71/71 374/69/69
f 109/72/72 220/73/73 375/74/74 240/75/75
f 240/75/75 375/74/74 224/76/76 113/77/77
f 375/74/74 28/78/78 11/79/79 224/76/76
f 220/73/73 10/80/80 28/78/78 375/74/74
f 150/81/81 307/82/82 376/83/83 239/84/84
f 239/84/84 376/83/83 223/85/85 112/86/86
f 376/83/83 27/87/87 3/88/88 223/85/85
f 307/82/82 19/89/89 27/87/87 376/83/83
f 135/90/90 276/91/91 377/92/92 238/93/93
f 276/91/91 8/94/94 26/95/95 377/92/92
f 113/77/77 224/76/76 378/96/96 237/97/97
f 237/97/97 378/96/96 221/98/98 110/99/99
f 378/96/96 30/100/100 12/101/101 221/98/98
f 224/76/76 11/79/79 30/100/100 378/96/96
f 119/102/102 230/103/103 379/104/104 236/105/105
f 236/105/105 379/104/104 220/73/73 109/72/72
f 379/104/104 29/106/106 10/80/80 220/73/73
f 230/103/103 4/107/107 29/106/106 379/104/104
f 1825/12/12 1808/108/108 89/109/109 197/13/13
f 1810/110/110 1826/111/111 193/112/112 7/113/113
f 107/114/114 217/115/115 380/116/116 206/117/117
f 206/117/117 380/116/116 209/118/118 102/119/119
f 380/116/116 205/120/120 101/121/121 209/118/118
f 217/115/115 106/122/122 205/120/120 380/116/116
f 1826/111/111 1812/123/123 114/124/124 193/112/112
f 1812/123/123 1827/125/125 225/126/126 114/124/124
f 112/86/86 223/85/85 381/127/127 234/128/128
f 234/128/128 381/127/127 230/103/103 119/102/102
f 381/127/127 21/129/129 4/107/107 230/103/103
f 223/85/85 3/88/88 21/129/129 381/127/127
f 99/50/50 199/49/49 382/130/130 212/131/131
f 212/131/131 382/130/130 214/25/25 105/24/24
f 382/130/130 211/132/132 104/32/32 214/25/25
f 199/49/49 94/52/52 211/132/132 382/130/130
f 116/59/59 227/58/58 383/133/133 233/134/134
f 233/134/134 383/133/133 231/16/16 120/15/15
f 383/133/133 210/135/135 103/23/23 231/16/16
f 227/58/58 93/61/61 210/135/135 383/133/133
f 131/136/136 262/137/137 384/138/138 266/139/139
f 266/139/139 384/138/138 261/140/140 130/141/141
f 384/138/138 206/117/117 102/119/119 261/140/140
f 262/137/137 107/114/114 206/117/117 384/138/138
f 1/142/142 195/143/143 385/144/144 20/145/145
f 20/145/145 385/144/144 215/146/146 2/147/147
f 385/144/144 233/134/134 120/15/15 215/146/146
f 195/143/143 116/59/59 233/134/134 385/144/144
f 94/52/52 189/148/148 386/149/149 211/132/132
f 211/132/132 386/149/149 213/150/150 104/32/32
f 386/149/149 234/128/128 119/102/102 213/150/150
f 189/148/148 112/86/86 234/128/128 386/149/149
f 1827/125/125 1807/5/5 88/8/8 225/126/126
f 1813/2/2 1828/151/151 219/152/152 108/3/3
f 106/122/122 218/153/153 387/154/154 205/120/120
f 205/120/120 387/154/154 208/155/155 101/121/121
f 387/154/154 235/156/156 118/157/157 208/155/155
f 218/153/153 121/158/158 235/156/156 387/154/154
f 104/32/32 213/150/150 388/159/159 182/30/30
f 182/30/30 388/159/159 180/160/160 91/31/31
f 388/159/159 236/105/105 109/72/72 180/160/160
f 213/150/150 119/102/102 236/105/105 388/159/159
f 96/68/68 192/161/161 389/162/162 184/163/163
f 184/163/163 389/162/162 185/164/164 92/165/165
f 389/162/162 237/97/97 110/99/99 185/164/164
f 192/161/161 113/77/77 237/97/97 389/162/162
f 110/99/99 221/98/98 390/166/166 310/167/167
f 310/167/167 390/166/166 222/168/168 111/169/169
f 390/166/166 35/170/170 13/171/171 222/168/168
f 221/98/98 12/101/101 35/170/170 390/166/166
f 133/43/43 275/172/172 391/173/173 186/44/44
f 275/172/172 135/90/90 238/93/93 391/173/173
f 148/53/53 305/174/174 392/175/175 188/51/51
f 188/51/51 392/175/175 189/148/148 94/52/52
f 392/175/175 239/84/84 112/86/86 189/148/148
f 305/174/174 150/81/81 239/84/84 392/175/175
f 91/31/31 180/160/160 393/176/176 191/67/67
f 191/67/67 393/176/176 192/161/161 96/68/68
f 393/176/176 240/75/75 113/77/77 192/161/161
f 180/160/160 109/72/72 240/75/75 393/176/176
f 5/177/177 194/178/178 394/179/179 22/180/180
f 22/180/180 394/179/179 196/181/181 6/182/182
f 394/179/179 241/70/70 117/33/33 196/181/181
f 194/178/178 115/20/20 241/70/70 394/179/179
f 18/183/183 304/184/184 395/185/185 25/186/186
f 25/186/186 395/185/185 195/143/143 1/142/142
f 395/185/185 242/57/57 116/59/59 195/143/143
f 304/184/184 151/54/54 242/57/57 395/185/185
f 6/182/182 196/181/181 396/187/187 24/188/188
f 196/181/181 117/33/33 243/36/36 396/187/187
f 2/147/147 215/146/146 397/189/189 23/190/190
f 23/190/190 397/189/189 194/178/178 5/177/177
f 397/189/189 244/18/18 115/20/20 194/178/178
f 215/146/146 120/15/15 244/18/18 397/189/189
f 1828/151/151 1811/191/191 9/192/192 219/152/152
f 1814/9/9 1829/193/193 246/194/194 122/10/10
f 398/195/195 255/196/196 128/197/197 245/198/198
f 207/199/199 123/200/200 255/196/196 398/195/195
f 137/201/201 274/202/202 399/203/203 265/204/204
f 274/202/202 134/39/39 203/42/42 399/203/203
f 400/205/205 249/206/206 123/200/200 207/199/199
f 216/207/207 124/208/208 249/206/206 400/205/205
f 401/209/209 250/210/210 124/208/208 216/207/207
f 295/211/211 146/212/212 250/210/210 401/209/209
f 1829/193/193 1815/213/213 129/214/214 246/194/194
f 1815/213/213 1830/215/215 260/216/216 129/214/214
f 130/141/141 261/140/140 402/217/217 264/218/218
f 264/218/218 402/217/217 263/219/219 132/220/220
f 402/217/217 253/221/221 126/222/222 263/219/219
f 261/140/140 102/119/119 253/221/221 402/217/217
f 101/121/121 208/155/155 403/223/223 252/224/224
f 252/224/224 403/223/223 257/225/225 125/226/226
f 403/223/223 254/227/227 127/228/228 257/225/225
f 208/155/155 118/157/157 254/227/227 403/223/223
f 118/157/157 229/229/229 404/230/230 254/227/227
f 254/227/227 404/230/230 258/231/231 127/228/228
f 404/230/230 31/232/232 15/233/233 258/231/231
f 229/229/229 14/234/234 31/232/232 404/230/230
f 102/119/119 209/118/118 405/235/235 253/221/221
f 253/221/221 405/235/235 259/236/236 126/222/222
f 405/235/235 252/224/224 125/226/226 259/236/236
f 209/118/118 101/121/121 252/224/224 405/235/235
f 406/237/237 271/238/238 136/239/239 251/240/240
f 245/198/198 128/197/197 271/238/238 406/237/237
f 123/200/200 247/241/241 407/242/242 255/196/196
f 255/196/196 407/242/242 256/243/243 128/197/197
f 407/242/242 264/218/218 132/220/220 256/243/243
f 247/241/241 130/141/141 264/218/218 407/242/242
f 1830/215/215 1809/11/11 97/14/14 260/216/216
f 1831/244/244 1817/245/245 968/246/246 1057/247/247
f 136/239/239 273/248/248 408/249/249 251/240/240
f 273/248/248 137/201/201 265/204/204 408/249/249
f 124/208/208 248/250/250 409/251/251 249/206/206
f 249/206/206 409/251/251 247/241/241 123/200/200
f 409/251/251 266/139/139 130/141/141 247/241/241
f 248/250/250 131/136/136 266/139/139 409/251/251
f 13/171/171 76/252/252 410/253/253 222/168/168
f 222/168/168 410/253/253 293/254/254 111/169/169
f 410/253/253 294/255/255 145/256/256 293/254/254
f 76/252/252 17/257/257 294/255/255 410/253/253
f 17/257/257 32/258/258 411/259/259 294/255/255
f 294/255/255 411/259/259 232/260/260 145/256/256
f 411/259/259 267/261/261 121/158/158 232/260/260
f 32/258/258 16/262/262 267/261/261 411/259/259
f 16/262/262 33/263/263 412/264/264 267/261/261
f 267/261/261 412/264/264 235/156/156 121/158/158
f 412/264/264 229/229/229 118/157/157 235/156/156
f 33/263/263 14/234/234 229/229/229 412/264/264
f 128/197/197 256/243/243 413/265/265 271/238/238
f 271/238/238 413/265/265 273/248/248 136/239/239
f 413/265/265 272/266/266 137/201/201 273/248/248
f 256/243/243 132/220/220 272/266/266 413/265/265
f 132/220/220 263/219/219 414/267/267 272/266/266
f 272/266/266 414/267/267 274/202/202 137/201/201
f 414/267/267 269/268/268 134/39/39 274/202/202
f 263/219/219 126/222/222 269/268/268 414/267/267
f 125/226/226 257/225/225 415/269/269 268/270/270
f 268/270/270 415/269/269 275/172/172 133/43/43
f 415/269/269 270/271/271 135/90/90 275/172/172
f 257/225/225 127/228/228 270/271/271 415/269/269
f 127/228/228 258/231/231 416/272/272 270/271/271
f 270/271/271 416/272/272 276/91/91 135/90/90
f 416/272/272 34/273/273 8/94/94 276/91/91
f 258/231/231 15/233/233 34/273/273 416/272/272
f 126/222/222 259/236/236 417/274/274 269/268/268
f 269/268/268 417/274/274 277/40/40 134/39/39
f 417/274/274 268/270/270 133/43/43 277/40/40
f 259/236/236 125/226/226 268/270/270 417/274/274
f 122/10/10 246/194/194 418/275/275 283/276/276
f 283/276/276 418/275/275 285/277/277 143/278/278
f 418/275/275 284/279/279 144/280/280 285/277/277
f 246/194/194 129/214/214 284/279/279 418/275/275
f 88/8/8 179/7/7 419/281/281 278/282/282
f 278/282/282 419/281/281 286/283/283 138/284/284
f 419/281/281 283/276/276 143/278/278 286/283/283
f 179/7/7 122/10/10 283/276/276 419/281/281
f 7/113/113 193/112/112 420/285/285 72/286/286
f 72/286/286 420/285/285 287/287/287 73/288/288
f 420/285/285 282/289/289 142/290/290 287/287/287
f 193/112/112 114/124/124 282/289/289 420/285/285
f 89/109/109 178/4/4 421/291/291 279/292/292
f 279/292/292 421/291/291 288/293/293 139/294/294
f 421/291/291 281/295/295 141/296/296 288/293/293
f 178/4/4 108/3/3 281/295/295 421/291/291
f 129/214/214 260/216/216 422/297/297 284/279/279
f 284/279/279 422/297/297 289/298/298 144/280/280
f 422/297/297 280/299/299 140/300/300 289/298/298
f 260/216/216 97/14/14 280/299/299 422/297/297
f 108/3/3 219/152/152 423/301/301 281/295/295
f 281/295/295 423/301/301 290/302/302 141/296/296
f 423/301/301 74/303/303 75/304/304 290/302/302
f 219/152/152 9/192/192 74/303/303 423/301/301
f 114/124/124 225/126/126 424/305/305 282/289/289
f 282/289/289 424/305/305 291/306/306 142/290/290
f 424/305/305 278/282/282 138/284/284 291/306/306
f 225/126/126 88/8/8 278/282/282 424/305/305
f 97/14/14 197/13/13 425/307/307 280/299/299
f 280/299/299 425/307/307 292/308/308 140/300/300
f 425/307/307 279/292/292 139/294/294 292/308/308
f 197/13/13 89/109/109 279/292/292 425/307/307
f 138/284/284 286/283/283 426/309/309 296/310/310
f 296/310/310 426/309/309 303/311/311 147/62/62
f 426/309/309 301/312/312 152/313/313 303/311/311
f 286/283/283 143/278/278 301/312/312 426/309/309
f 73/288/288 287/287/287 427/314/314 77/315/315
f 77/315/315 427/314/314 304/184/184 18/183/183
f 427/314/314 300/316/316 151/54/54 304/184/184
f 287/287/287 142/290/290 300/316/316 427/314/314
f 139/294/294 288/293/293 428/317/317 297/318/318
f 297/318/318 428/317/317 305/174/174 148/53/53
f 428/317/317 299/319/319 150/81/81 305/174/174
f 288/293/293 141/296/296 299/319/319 428/317/317
f 144/280/280 289/298/298 429/320/320 302/321/321
f 302/321/321 429/320/320 306/322/322 153/323/323
f 429/320/320 298/324/324 149/45/45 306/322/322
f 289/298/298 140/300/300 298/324/324 429/320/320
f 141/296/296 290/302/302 430/325/325 299/319/319
f 299/319/319 430/325/325 307/82/82 150/81/81
f 430/325/325 78/326/326 19/89/89 307/82/82
f 290/302/302 75/304/304 78/326/326 430/325/325
f 142/290/290 291/306/306 431/327/327 300/316/316
f 300/316/316 431/327/327 308/55/55 151/54/54
f 431/327/327 296/310/310 147/62/62 308/55/55
f 291/306/306 138/284/284 296/310/310 431/327/327
f 140/300/300 292/308/308 432/328/328 298/324/324
f 298/324/324 432/328/328 309/46/46 149/45/45
f 432/328/328 297/318/318 148/53/53 309/46/46
f 292/308/308 139/294/294 297/318/318 432/328/328
f 934/329/329 950/330/330 314/331/331 884/332/332
f 949/333/333 931/334/334 883/335/335 312/336/336
f 935/337/337 951/338/338 316/339/339 886/340/340
f 950/330/330 933/341/341 885/342/342 314/331/331
f 937/343/343 952/344/344 318/345/345 887/346/346
f 951/338/338 934/329/329 884/332/332 316/339/339
f 938/347/347 953/348/348 320/349/349 889/350/350
f 952/344/344 936/351/351 888/352/352 318/345/345
f 936/351/351 159/353/353 321/354/354 954/355/355
f 953/348/348 937/343/343 887/346/346 320/349/349
f 940/356/356 955/357/357 324/358/358 164/359/359
f 954/355/355 935/337/337 886/340/340 322/360/360
f 941/361/361 956/362/362 326/363/363 166/364/364
f 955/357/357 939/365/365 162/366/366 324/358/358
f 932/367/367 882/368/368 327/369/369 957/370/370
f 956/362/362 940/356/356 164/359/359 326/363/363
f 943/371/371 958/372/372 330/373/373 170/374/374
f 957/370/370 941/361/361 166/364/364 328/375/375
f 944/376/376 959/377/377 332/378/378 890/379/379
f 958/372/372 942/380/380 168/381/381 330/373/373
f 943/371/371 170/374/374 333/382/382 960/383/383
f 959/377/377 938/347/347 889/350/350 332/378/378
f 945/384/384 173/385/385 335/386/386 961/387/387
f 960/383/383 945/384/384 891/388/388 334/389/389
f 947/390/390 962/391/391 339/392/392 153/323/323
f 961/387/387 944/376/376 890/379/379 336/393/393
f 946/394/394 175/395/395 338/396/396 963/397/397
f 962/391/391 946/394/394 174/398/398 339/392/392
f 939/365/365 163/399/399 340/400/400 964/401/401
f 963/397/397 948/402/402 152/313/313 366/403/403
f 948/402/402 177/404/404 341/405/405 965/406/406
f 964/401/401 947/390/390 153/323/323 360/407/407
f 931/334/334 154/408/408 342/409/409 966/410/410
f 965/406/406 933/341/341 156/411/411 350/412/412
f 966/410/410 942/380/380 169/413/413 343/414/414
f 168/381/381 342/409/409 433/415/415 344/416/416
f 92/165/165 344/416/416 433/415/415 345/417/417
f 154/408/408 345/417/417 433/415/415 342/409/409
f 100/66/66 200/65/65 434/418/418 346/419/419
f 346/419/419 434/418/418 345/417/417 154/408/408
f 434/418/418 184/163/163 92/165/165 345/417/417
f 200/65/65 96/68/68 184/163/163 434/418/418
f 154/408/408 311/420/420 435/421/421 346/419/419
f 100/66/66 346/419/419 435/421/421 347/422/422
f 155/423/423 347/422/422 435/421/421 311/420/420
f 166/364/364 348/424/424 436/425/425 328/375/375
f 328/375/375 436/425/425 347/422/422 155/423/423
f 436/425/425 201/64/64 100/66/66 347/422/422
f 348/424/424 98/29/29 201/64/64 436/425/425
f 147/62/62 303/311/311 437/426/426 187/60/60
f 187/60/60 437/426/426 349/427/427 93/61/61
f 437/426/426 350/412/412 156/411/411 349/427/427
f 303/311/311 152/313/313 350/412/412 437/426/426
f 93/61/61 349/427/427 438/428/428 210/135/135
f 210/135/135 438/428/428 351/429/429 103/23/23
f 438/428/428 313/430/430 157/431/431 351/429/429
f 349/427/427 156/411/411 313/430/430 438/428/428
f 103/23/23 351/429/429 439/432/432 181/21/21
f 181/21/21 439/432/432 352/433/433 90/22/22
f 439/432/432 315/434/434 158/435/435 352/433/433
f 351/429/429 157/431/431 315/434/434 439/432/432
f 90/22/22 352/433/433 440/436/436 183/71/71
f 183/71/71 440/436/436 353/437/437 95/37/37
f 440/436/436 321/354/354 159/353/353 353/437/437
f 352/433/433 158/435/435 321/354/354 440/436/436
f 95/37/37 353/437/437 441/438/438 190/38/38
f 441/438/438 317/439/439 160/440/440 354/441/441
f 353/437/437 159/353/353 317/439/439 441/438/438
f 442/442/442 319/443/443 161/444/444 355/445/445
f 354/441/441 160/440/440 319/443/443 442/442/442
f 443/446/446 356/447/447 146/212/212 295/211/211
f 355/445/445 161/444/444 356/447/447 443/446/446
f 161/444/444 331/448/448 444/449/449 356/447/447
f 146/212/212 356/447/447 444/449/449 357/450/450
f 172/451/451 357/450/450 444/449/449 331/448/448
f 162/366/366 358/452/452 445/453/453 324/358/358
f 324/358/358 445/453/453 359/454/454 164/359/359
f 445/453/453 212/131/131 105/24/24 359/454/454
f 358/452/452 99/50/50 212/131/131 445/453/453
f 153/323/323 306/322/322 446/455/455 360/407/407
f 360/407/407 446/455/455 358/452/452 162/366/366
f 446/455/455 202/48/48 99/50/50 358/452/452
f 306/322/322 149/45/45 202/48/48 446/455/455
f 164/359/359 359/454/454 447/456/456 326/363/363
f 326/363/363 447/456/456 348/424/424 166/364/364
f 447/456/456 204/27/27 98/29/29 348/424/424
f 359/454/454 105/24/24 204/27/27 447/456/456
f 92/165/165 185/164/164 448/457/457 344/416/416
f 344/416/416 448/457/457 361/458/458 168/381/381
f 448/457/457 310/167/167 111/169/169 361/458/458
f 185/164/164 110/99/99 310/167/167 448/457/457
f 168/381/381 361/458/458 449/459/459 330/373/373
f 330/373/373 449/459/459 362/460/460 170/374/374
f 449/459/459 293/254/254 145/256/256 362/460/460
f 361/458/458 111/169/169 293/254/254 449/459/459
f 170/374/374 362/460/460 450/461/461 363/462/462
f 363/462/462 450/461/461 218/153/153 106/122/122
f 450/461/461 232/260/260 121/158/158 218/153/153
f 362/460/460 145/256/256 232/260/260 450/461/461
f 173/385/385 333/382/382 451/463/463 364/464/464
f 364/464/464 451/463/463 217/115/115 107/114/114
f 451/463/463 363/462/462 106/122/122 217/115/115
f 333/382/382 170/374/374 363/462/462 451/463/463
f 146/212/212 357/450/450 452/465/465 250/210/210
f 250/210/210 452/465/465 248/250/250 124/208/208
f 452/465/465 365/466/466 131/136/136 248/250/250
f 357/450/450 172/451/451 365/466/466 452/465/465
f 172/451/451 335/386/386 453/467/467 365/466/466
f 365/466/466 453/467/467 262/137/137 131/136/136
f 453/467/467 364/464/464 107/114/114 262/137/137
f 335/386/386 173/385/385 364/464/464 453/467/467
f 152/313/313 301/312/312 454/468/468 366/403/403
f 174/398/398 366/403/403 454/468/468 339/392/392
f 153/323/323 339/392/392 454/468/468 302/321/321
f 144/280/280 302/321/321 454/468/468 285/277/277
f 143/278/278 285/277/277 454/468/468 301/312/312
f 543/469/469 484/470/470 544/471/471 589/472/472
f 57/473/473 38/474/474 586/475/475 590/476/476
f 590/476/476 586/475/475 484/470/470 543/469/469
f 546/477/477 494/478/478 547/479/479 591/480/480
f 591/480/480 547/479/479 493/481/481 548/482/482
f 495/483/483 550/484/484 592/485/485 549/486/486
f 549/486/486 592/485/485 544/471/471 484/470/470
f 488/487/487 545/488/488 593/489/489 551/490/490
f 551/490/490 593/489/489 548/482/482 493/481/481
f 39/491/491 587/492/492 594/493/493 56/494/494
f 587/492/492 495/483/483 549/486/486 594/493/493
f 594/493/493 549/486/486 484/470/470 586/475/475
f 56/494/494 594/493/493 586/475/475 38/474/474
f 40/495/495 588/496/496 595/497/497 55/498/498
f 588/496/496 494/478/478 552/499/499 595/497/497
f 595/497/497 552/499/499 495/483/483 587/492/492
f 55/498/498 595/497/497 587/492/492 39/491/491
f 494/478/478 546/477/477 596/500/500 552/499/499
f 552/499/499 596/500/500 550/484/484 495/483/483
f 493/481/481 547/479/479 597/501/501 555/502/502
f 547/479/479 494/478/478 553/503/503 597/501/501
f 597/501/501 553/503/503 496/504/504 556/505/505
f 555/502/502 597/501/501 556/505/505 497/506/506
f 497/506/506 557/507/507 598/508/508 555/502/502
f 557/507/507 498/509/509 558/510/510 598/508/508
f 598/508/508 558/510/510 488/487/487 551/490/490
f 555/502/502 598/508/508 551/490/490 493/481/481
f 499/511/511 560/512/512 599/513/513 559/514/514
f 488/487/487 558/510/510 599/513/513 560/512/512
f 498/509/509 559/514/514 599/513/513 558/510/510
f 563/515/515 542/516/516 458/517/517 501/518/518
f 458/517/517 541/519/519 564/520/520 501/518/518
f 564/520/520 541/519/519 459/521/521 502/522/521
f 459/521/521 540/523/522 565/524/522 502/522/521
f 565/524/522 540/523/522 461/525/523 503/526/524
f 463/527/525 538/528/526 567/529/527 504/530/528
f 567/529/527 538/528/526 465/531/529 505/532/530
f 461/525/523 539/533/531 568/534/532 503/526/524
f 568/534/532 539/533/531 463/527/525 504/530/528
f 465/531/529 585/535/533 566/536/534 505/532/530
f 501/537/535 564/538/536 600/539/537 569/540/538
f 564/538/536 502/541/539 570/542/540 600/539/537
f 600/539/537 570/542/540 497/506/506 556/505/505
f 569/540/538 600/539/537 556/505/505 496/504/504
f 498/509/509 557/507/507 601/543/541 571/544/542
f 557/507/507 497/506/506 570/542/540 601/543/541
f 601/543/541 570/542/540 502/541/539 565/545/543
f 571/544/542 601/543/541 565/545/543 503/546/544
f 499/511/511 559/514/514 602/547/545 572/548/546
f 559/514/514 498/509/509 571/544/542 602/547/545
f 602/547/545 571/544/542 503/546/544 568/549/547
f 572/548/546 602/547/545 568/549/547 504/550/548
f 500/551/549 561/552/549 603/553/549 573/554/550
f 561/552/549 499/511/511 572/548/546 603/553/549
f 603/553/549 572/548/546 504/550/548 567/555/551
f 573/554/550 603/553/549 567/555/551 505/556/551
f 42/557/552 562/558/549 604/559/550 51/560/553
f 562/558/549 500/551/549 573/554/550 604/559/550
f 604/559/550 573/554/550 505/556/551 566/561/554
f 51/560/553 604/559/550 566/561/554 44/562/552
f 488/487/487 580/563/555 606/564/556 545/488/488
f 488/487/487 560/512/512 607/565/557 580/563/555
f 499/511/511 561/552/549 607/565/557 560/512/512
f 500/551/549 581/566/549 607/565/557 561/552/549
f 500/551/549 562/558/549 608/567/549 581/566/549
f 42/557/552 52/568/549 608/567/549 562/558/549
f 496/504/504 554/569/558 609/570/559 569/540/538
f 554/569/558 41/571/560 53/572/561 609/570/559
f 609/570/559 53/572/561 43/573/562 563/574/563
f 569/540/538 609/570/559 563/574/563 501/537/535
f 494/478/478 588/496/496 610/575/564 553/503/503
f 588/496/496 40/495/495 54/576/565 610/575/564
f 610/575/564 54/576/565 41/571/560 554/569/558
f 553/503/503 610/575/564 554/569/558 496/504/504
f 566/536/534 585/535/533 37/577/566 44/578/566
f 36/579/567 542/516/516 563/515/515 43/580/567
f 639/581/568 658/582/569 659/583/570 638/584/571
f 617/585/572 618/586/572 619/587/573 616/588/574
f 613/589/575 617/585/572 616/588/574 612/590/576
f 615/591/577 613/589/575 612/590/576 614/592/578
f 623/593/579 615/591/577 614/592/578 622/594/580
f 621/595/555 623/593/579 622/594/580 620/596/581
f 627/597/582 628/598/582 629/599/583 626/600/584
f 625/601/585 627/597/582 626/600/584 624/602/586
f 631/603/577 676/604/572 677/605/587 630/606/588
f 676/604/572 632/607/589 633/608/590 677/605/587
f 635/609/591 636/610/592 637/611/593 634/612/594
f 632/607/589 635/609/591 634/612/594 633/608/590
f 643/613/595 639/581/568 638/584/571 642/614/596
f 641/615/595 643/613/595 642/614/596 640/616/597
f 648/617/551 641/615/595 640/616/597 649/618/598
f 650/619/551 648/617/551 649/618/598 651/620/599
f 645/621/551 678/622/600 679/623/601 644/624/602
f 678/622/600 650/619/551 651/620/599 679/623/601
f 647/625/551 645/621/551 644/624/602 646/626/603
f 652/627/554 654/628/604 655/629/605 653/630/606
f 656/631/607 652/627/554 653/630/606 657/632/608
f 59/633/607 656/631/607 657/632/608 60/634/609
f 665/635/582 662/636/582 663/637/610 664/638/611
f 661/639/592 665/635/582 664/638/611 660/640/612
f 618/586/572 661/639/592 660/640/612 619/587/573
f 669/641/589 680/642/591 681/643/613 668/644/614
f 680/642/591 631/603/577 630/606/588 681/643/613
f 667/645/604 669/641/589 668/644/614 666/646/615
f 671/647/616 667/645/604 666/646/615 670/648/617
f 673/649/554 671/647/616 670/648/617 672/650/618
f 628/598/582 674/651/619 675/652/620 629/599/583
f 674/651/619 647/625/551 646/626/603 675/652/620
f 636/610/592 625/601/585 624/602/586 637/611/593
f 658/582/569 673/649/554 672/650/618 659/583/570
f 654/628/604 621/595/555 620/596/581 655/629/605
f 662/636/582 62/653/582 61/654/621 663/637/610
f 508/655/622 506/656/623 612/590/576 616/588/574
f 617/585/572 613/589/575 583/657/549
f 614/592/578 612/590/576 506/656/623 507/658/624
f 622/594/580 614/592/578 507/658/624 511/659/625
f 509/660/626 508/655/622 616/588/574 619/587/573
f 618/586/572 617/585/572 583/657/549 579/661/550
f 530/662/627 509/660/626 619/587/573 660/640/612
f 661/639/592 618/586/572 579/661/550 605/663/589
f 511/659/625 510/664/628 620/596/581 622/594/580
f 655/629/605 620/596/581 510/664/628 527/665/629
f 512/666/630 518/667/631 637/611/593 624/602/586
f 513/668/632 512/666/630 624/602/586 626/600/584
f 636/610/592 695/669/551 730/670/549 606/564/556 625/601/585
f 627/597/582 625/601/585 606/564/556
f 514/671/633 513/668/632 626/600/584 629/599/583
f 628/598/582 627/597/582 606/564/556 580/563/555
f 537/672/634 514/671/633 629/599/583 675/652/620
f 628/598/582 580/563/555 607/565/557 674/651/619
f 578/673/635 681/643/613 630/606/588 515/674/636
f 677/605/587 576/675/637 515/674/636 630/606/588
f 633/608/590 516/676/638 576/675/637 677/605/587
f 517/677/639 516/676/638 633/608/590 634/612/594
f 518/667/631 517/677/639 634/612/594 637/611/593
f 642/614/596 638/584/571 519/678/640 521/679/641
f 659/583/570 529/680/642 519/678/640 638/584/571
f 584/681/549 582/682/549 639/581/568 643/613/595
f 658/582/569 639/581/568 605/663/589 579/661/550
f 639/581/568 582/682/549 605/663/589
f 649/618/598 640/616/597 520/683/643 524/684/644
f 521/679/641 520/683/643 640/616/597 642/614/596
f 648/617/551 63/685/550 49/686/549 641/615/595
f 49/686/549 50/687/549 584/681/549 643/613/595 641/615/595
f 679/623/601 577/688/645 522/689/646 644/624/602
f 581/566/549 608/567/549 645/621/551 647/625/551
f 645/621/551 608/567/549 678/622/600
f 646/626/603 644/624/602 522/689/646 523/690/647
f 675/652/620 646/626/603 523/690/647 537/672/634
f 674/651/619 581/566/549 647/625/551
f 651/620/599 649/618/598 524/684/644 525/691/648
f 525/691/648 577/688/645 679/623/601 651/620/599
f 657/632/608 653/630/606 526/692/649 528/693/650
f 527/665/629 526/692/649 653/630/606 655/629/605
f 60/634/609 657/632/608 528/693/650 47/694/651
f 659/583/570 672/650/618 536/695/652 529/680/642
f 658/582/569 579/661/550 673/649/554
f 532/696/653 530/662/627 660/640/612 664/638/611
f 665/635/582 661/639/592 605/663/589 582/682/549
f 48/697/654 531/698/655 663/637/610 61/654/621
f 664/638/611 663/637/610 531/698/655 532/696/653
f 665/635/582 582/682/549 584/681/549 662/636/582
f 662/636/582 584/681/549 50/687/549 62/653/582
f 670/648/617 666/646/615 533/699/656 535/700/657
f 534/701/658 533/699/656 666/646/615 668/644/614
f 534/701/658 668/644/614 681/643/613 578/673/635
f 672/650/618 670/648/617 535/700/657 536/695/652
f 579/661/550 583/657/549 671/647/616 673/649/554
f 674/651/619 607/565/557 581/566/549
f 683/702/659 685/703/660 720/704/661 718/705/662
f 685/703/660 684/706/663 721/707/664 720/704/661
f 684/706/663 682/708/665 719/709/666 721/707/664
f 718/705/662 720/704/661 688/710/667 686/711/668
f 720/704/661 721/707/664 689/712/669 688/710/667
f 721/707/664 719/709/666 687/713/670 689/712/669
f 682/708/665 684/706/663 724/714/671 722/715/672
f 684/706/663 685/703/660 725/716/673 724/714/671
f 685/703/660 683/702/659 723/717/674 725/716/673
f 722/715/672 724/714/671 704/718/675 702/719/676
f 724/714/671 725/716/673 705/720/677 704/718/675
f 725/716/673 723/717/674 703/721/678 705/720/677
f 727/722/679 729/723/680 708/724/681 706/725/682
f 729/723/680 728/726/683 709/727/684 708/724/681
f 728/726/683 726/728/600 707/729/549 709/727/684
f 695/730/551 697/731/685 732/732/686 730/733/549
f 697/731/685 696/734/687 733/735/688 732/732/686
f 696/734/687 694/736/689 731/737/690 733/735/688
f 730/733/549 732/732/686 700/738/691 698/739/692
f 732/732/686 733/735/688 701/740/693 700/738/691
f 733/735/688 731/737/690 699/741/694 701/740/693
f 735/742/695 737/743/696 712/744/697 710/745/698
f 737/743/696 736/746/699 713/747/700 712/744/697
f 736/746/699 734/748/701 711/749/702 713/747/700
f 739/750/703 741/751/704 716/752/705 714/753/706
f 741/751/704 740/754/707 717/755/708 716/752/705
f 740/754/707 738/756/709 715/757/710 717/755/708
f 706/725/682 708/724/681 744/758/711 742/759/712
f 708/724/681 709/727/684 745/760/713 744/758/711
f 709/727/684 707/729/549 743/761/550 745/760/713
f 742/759/712 744/758/711 80/762/714 79/763/715
f 744/758/711 745/760/713 81/764/716 80/762/714
f 745/760/713 743/761/550 82/765/549 81/764/716
f 759/766/717 761/767/718 749/768/719 747/769/720
f 761/767/718 760/770/721 748/771/722 749/768/719
f 760/770/721 758/772/551 746/773/551 748/771/722
f 763/774/723 765/775/724 756/776/725 754/777/726
f 765/775/724 764/778/727 757/779/728 756/776/725
f 764/778/727 762/780/729 755/781/551 757/779/728
f 767/782/730 769/783/731 757/779/728 755/781/551
f 769/783/731 768/784/732 756/776/725 757/779/728
f 768/784/732 766/785/733 754/777/726 756/776/725
f 747/769/720 749/768/719 729/723/680 727/722/679
f 749/768/719 748/771/722 728/726/683 729/723/680
f 748/771/722 746/773/551 726/728/600 728/726/683
f 691/786/734 693/787/735 761/767/718 759/766/717
f 693/787/735 692/788/736 760/770/721 761/767/718
f 692/788/736 690/789/737 758/772/551 760/770/721
f 694/736/689 696/734/687 765/775/724 763/774/723
f 696/734/687 697/731/685 764/778/727 765/775/724
f 697/731/685 695/730/551 762/780/729 764/778/727
f 690/789/737 692/788/736 769/783/731 767/782/730
f 692/788/736 693/787/735 768/784/732 769/783/731
f 693/787/735 691/786/734 766/785/733 768/784/732
f 751/790/738 753/791/739 737/743/696 735/742/695
f 753/791/739 752/792/740 736/746/699 737/743/696
f 752/792/740 750/793/741 734/748/701 736/746/699
f 686/711/668 688/710/667 772/794/742 770/795/743
f 688/710/667 689/712/669 773/796/744 772/794/742
f 689/712/669 687/713/670 771/797/745 773/796/744
f 770/795/743 772/794/742 717/755/708 715/757/710
f 772/794/742 773/796/744 716/752/705 717/755/708
f 773/796/744 771/797/745 714/753/706 716/752/705
f 698/739/692 700/738/691 776/798/746 774/799/747
f 700/738/691 701/740/693 777/800/748 776/798/746
f 701/740/693 699/741/694 775/801/749 777/800/748
f 774/799/747 776/798/746 713/747/700 711/749/702
f 776/798/746 777/800/748 712/744/697 713/747/700
f 777/800/748 775/801/749 710/745/698 712/744/697
f 750/793/741 752/792/740 741/751/704 739/750/703
f 752/792/740 753/791/739 740/754/707 741/751/704
f 753/791/739 751/790/738 738/756/709 740/754/707
f 702/719/676 704/718/675 780/802/750 778/803/751
f 704/718/675 705/720/677 781/804/752 780/802/750
f 705/720/677 703/721/678 779/805/753 781/804/752
f 778/803/751 780/802/750 67/806/754 65/807/755
f 780/802/750 781/804/752 66/808/756 67/806/754
f 781/804/752 779/805/753 64/809/757 66/808/756
f 656/631/607 59/633/607 82/810/549
f 65/811/755 57/473/473 590/476/476 778/812/751
f 722/813/672 589/472/472 719/814/666 682/815/665
f 589/472/472 544/471/471 687/816/670 719/814/666
f 592/485/485 771/817/745 687/816/670 544/471/471
f 690/818/737 767/819/730 680/642/591 669/641/589
f 632/607/589 676/604/572 762/820/729
f 762/820/729 676/604/572 631/603/577 755/821/551
f 698/822/692 545/488/488 606/564/556 730/670/549
f 545/488/488 698/822/692 774/823/747 593/489/489
f 702/824/676 543/469/469 589/472/472 722/813/672
f 778/812/751 590/476/476 543/469/469 702/824/676
f 623/593/579 621/595/555 707/825/549 726/826/600
f 734/827/701 591/480/480 548/482/482 711/828/702
f 593/489/489 774/823/747 711/828/702 548/482/482
f 596/500/500 739/829/703 714/830/706 550/484/484
f 550/484/484 714/830/706 771/817/745 592/485/485
f 750/831/741 546/477/477 591/480/480 734/827/701
f 546/477/477 750/831/741 739/829/703 596/500/500
f 767/819/730 755/821/551 631/603/577 680/642/591
f 667/645/604 690/818/737 669/641/589
f 635/609/591 695/669/551 636/610/592
f 650/619/551 83/832/549 63/685/550 648/617/551
f 650/619/551 608/567/549 52/568/549 83/832/549
f 654/628/604 707/825/549 621/595/555
f 652/627/554 656/631/607 82/810/549 743/833/550
f 652/627/554 743/833/550 707/825/549 654/628/604
f 615/591/577 623/593/579 726/826/600
f 613/589/575 746/834/551 758/835/551 583/657/549
f 615/591/577 726/826/600 746/834/551 613/589/575
f 671/647/616 583/657/549 758/835/551 690/818/737 667/645/604
f 632/607/589 762/820/729 695/669/551 635/609/591
f 787/836/758 789/837/759 832/838/760 830/839/761
f 789/837/759 788/840/762 833/841/763 832/838/760
f 788/840/762 786/842/764 831/843/765 833/841/763
f 830/839/761 832/838/760 784/844/766 782/845/767
f 832/838/760 833/841/763 785/846/768 784/844/766
f 833/841/763 831/843/765 783/847/769 785/846/768
f 807/848/770 809/849/771 836/850/772 834/851/773
f 809/849/771 808/852/774 837/853/775 836/850/772
f 808/852/774 806/854/776 835/855/777 837/853/775
f 834/851/773 836/850/772 792/856/778 790/857/779
f 836/850/772 837/853/775 793/858/780 792/856/778
f 837/853/775 835/855/777 791/859/781 793/858/780
f 811/860/782 813/861/783 840/862/784 838/863/785
f 813/861/783 812/864/786 841/865/787 840/862/784
f 812/864/786 810/866/788 839/867/789 841/865/787
f 838/863/785 840/862/784 85/868/790 84/869/791
f 840/862/784 841/865/787 86/870/792 85/868/790
f 841/865/787 839/867/789 87/871/715 86/870/792
f 790/857/779 792/856/778 844/872/793 842/873/794
f 792/856/778 793/858/780 845/874/795 844/872/793
f 793/858/780 791/859/781 843/875/796 845/874/795
f 842/873/794 844/872/793 796/876/797 794/877/798
f 844/872/793 845/874/795 797/878/799 796/876/797
f 845/874/795 843/875/796 795/879/800 797/878/799
f 803/880/801 805/881/802 848/882/803 846/883/804
f 805/881/802 804/884/805 849/885/806 848/882/803
f 804/884/805 802/886/807 847/887/808 849/885/806
f 846/883/804 848/882/803 800/888/809 798/889/810
f 848/882/803 849/885/806 801/890/811 800/888/809
f 849/885/806 847/887/808 799/891/812 801/890/811
f 827/892/813 829/893/814 852/894/815 850/895/816
f 829/893/814 828/896/817 853/897/818 852/894/815
f 828/896/817 826/898/819 851/899/820 853/897/818
f 850/895/816 852/894/815 789/837/759 787/836/758
f 852/894/815 853/897/818 788/840/762 789/837/759
f 853/897/818 851/899/820 786/842/764 788/840/762
f 68/900/821 70/901/822 856/902/823 854/903/824
f 70/901/822 71/904/825 857/905/826 856/902/823
f 71/904/825 69/906/827 855/907/828 857/905/826
f 854/903/824 856/902/823 809/849/771 807/848/770
f 856/902/823 857/905/826 808/852/774 809/849/771
f 857/905/826 855/907/828 806/854/776 808/852/774
f 782/845/767 784/844/766 860/908/829 858/909/830
f 784/844/766 785/846/768 861/910/831 860/908/829
f 785/846/768 783/847/769 859/911/832 861/910/831
f 858/909/830 860/908/829 813/861/783 811/860/782
f 860/908/829 861/910/831 812/864/786 813/861/783
f 861/910/831 859/911/832 810/866/788 812/864/786
f 819/912/833 821/913/834 864/914/835 862/915/836
f 821/913/834 820/916/837 865/917/838 864/914/835
f 820/916/837 818/918/839 863/919/840 865/917/838
f 862/915/836 864/914/835 816/920/841 814/921/842
f 864/914/835 865/917/838 817/922/843 816/920/841
f 865/917/838 863/919/840 815/923/844 817/922/843
f 823/924/845 825/925/846 868/926/847 866/927/848
f 825/925/846 824/928/849 869/929/850 868/926/847
f 824/928/849 822/930/851 867/931/852 869/929/850
f 866/927/848 868/926/847 797/878/799 795/879/800
f 868/926/847 869/929/850 796/876/797 797/878/799
f 869/929/850 867/931/852 794/877/798 796/876/797
f 802/886/807 804/884/805 872/932/853 870/933/854
f 804/884/805 805/881/802 873/934/855 872/932/853
f 805/881/802 803/880/801 871/935/856 873/934/855
f 870/933/854 872/932/853 821/913/834 819/912/833
f 872/932/853 873/934/855 820/916/837 821/913/834
f 873/934/855 871/935/856 818/918/839 820/916/837
f 814/921/842 816/920/841 876/936/857 874/937/858
f 816/920/841 817/922/843 877/938/859 876/936/857
f 817/922/843 815/923/844 875/939/860 877/938/859
f 874/937/858 876/936/857 825/925/846 823/924/845
f 876/936/857 877/938/859 824/928/849 825/925/846
f 877/938/859 875/939/860 822/930/851 824/928/849
f 798/889/810 800/888/809 880/940/861 878/941/862
f 800/888/809 801/890/811 881/942/863 880/940/861
f 801/890/811 799/891/812 879/943/864 881/942/863
f 878/941/862 880/940/861 829/893/814 827/892/813
f 880/940/861 881/942/863 828/896/817 829/893/814
f 881/942/863 879/943/864 826/898/819 828/896/817
f 24/188/188 396/187/187 838/944/785 84/945/791
f 742/759/712 79/763/715 87/871/715 839/867/789
f 377/92/92 26/95/95 68/946/821 854/947/824
f 855/907/828 69/906/827 64/809/757 779/805/753
f 759/766/717 747/769/720 783/847/769 831/843/765
f 782/948/767 354/441/441 442/442/442 830/949/761
f 369/35/35 190/38/38 782/948/767 858/950/830
f 783/847/769 747/769/720 727/722/679 859/911/832
f 190/38/38 441/438/438 354/441/441 782/948/767
f 786/842/764 691/786/734 759/766/717 831/843/765
f 787/951/758 355/445/445 443/446/446 850/952/816
f 830/949/761 442/442/442 355/445/445 787/951/758
f 766/785/733 691/786/734 786/842/764 851/899/820
f 186/44/44 391/173/173 834/953/773 790/954/779
f 843/875/796 791/859/781 683/702/659 718/705/662
f 683/702/659 791/859/781 835/855/777 723/717/674
f 370/41/41 186/44/44 790/954/779 842/955/794
f 686/711/668 795/879/800 843/875/796 718/705/662
f 203/42/42 370/41/41 842/955/794 794/956/798
f 399/203/203 203/42/42 794/956/798 867/957/852
f 866/927/848 795/879/800 686/711/668 770/795/743
f 731/737/690 694/736/689 799/891/812 847/887/808
f 798/958/810 216/207/207 400/205/205 846/959/804
f 878/960/862 401/209/209 216/207/207 798/958/810
f 799/891/812 694/736/689 763/774/723 879/943/864
f 699/741/694 731/737/690 847/887/808 802/886/807
f 846/959/804 400/205/205 207/199/199 803/961/801
f 803/961/801 207/199/199 398/195/195 871/962/856
f 775/801/749 699/741/694 802/886/807 870/933/854
f 835/855/777 806/854/776 703/721/678 723/717/674
f 238/93/93 377/92/92 854/947/824 807/963/770
f 391/173/173 238/93/93 807/963/770 834/953/773
f 703/721/678 806/854/776 855/907/828 779/805/753
f 810/866/788 706/725/682 742/759/712 839/867/789
f 243/36/36 369/35/35 858/950/830 811/964/782
f 396/187/187 243/36/36 811/964/782 838/944/785
f 727/722/679 706/725/682 810/866/788 859/911/832
f 751/790/738 735/742/695 862/915/836 814/921/842
f 863/965/840 406/237/237 251/240/240 815/966/844
f 251/240/240 408/249/249 875/967/860 815/966/844
f 751/790/738 814/921/842 874/937/858 738/756/709
f 735/742/695 710/745/698 819/912/833 862/915/836
f 818/968/839 245/198/198 406/237/237 863/965/840
f 871/962/856 398/195/195 245/198/198 818/968/839
f 710/745/698 775/801/749 870/933/854 819/912/833
f 715/757/710 823/924/845 866/927/848 770/795/743
f 265/204/204 399/203/203 867/957/852 822/969/851
f 874/937/858 823/924/845 715/757/710 738/756/709
f 408/249/249 265/204/204 822/969/851 875/967/860
f 826/898/819 754/777/726 766/785/733 851/899/820
f 827/970/813 295/211/211 401/209/209 878/960/862
f 850/952/816 443/446/446 295/211/211 827/970/813
f 763/774/723 754/777/726 826/898/819 879/943/864
f 678/622/600 608/567/549 650/619/551
f 932/367/367 949/333/333 312/336/336 882/368/368
f 155/423/423 311/420/420 949/333/333 932/367/367
f 342/409/409 168/381/381 942/380/380 966/410/410
f 341/405/405 885/342/342 933/341/341 965/406/406
f 883/335/335 931/334/334 966/410/410 343/414/414
f 340/400/400 176/971/865 947/390/390 964/401/401
f 152/313/313 948/402/402 965/406/406 350/412/412
f 338/396/396 177/404/404 948/402/402 963/397/397
f 162/366/366 939/365/365 964/401/401 360/407/407
f 337/972/866 175/395/395 946/394/394 962/391/391
f 174/398/398 946/394/394 963/397/397 366/403/403
f 335/386/386 172/451/451 944/376/376 961/387/387
f 176/971/865 337/972/866 962/391/391 947/390/390
f 333/382/382 173/385/385 945/384/384 960/383/383
f 891/388/388 945/384/384 961/387/387 336/393/393
f 331/448/448 161/444/444 938/347/347 959/377/377
f 171/973/867 943/371/371 960/383/383 334/389/389
f 329/974/868 169/413/413 942/380/380 958/372/372
f 172/451/451 331/448/448 959/377/377 944/376/376
f 327/369/369 167/975/869 941/361/361 957/370/370
f 171/973/867 329/974/868 958/372/372 943/371/371
f 325/976/870 165/977/871 940/356/356 956/362/362
f 155/423/423 932/367/367 957/370/370 328/375/375
f 323/978/872 163/399/399 939/365/365 955/357/357
f 167/975/869 325/976/870 956/362/362 941/361/361
f 321/354/354 158/435/435 935/337/337 954/355/355
f 165/977/871 323/978/872 955/357/357 940/356/356
f 319/443/443 160/440/440 937/343/343 953/348/348
f 888/352/352 936/351/351 954/355/355 322/360/360
f 317/439/439 159/353/353 936/351/351 952/344/344
f 161/444/444 319/443/443 953/348/348 938/347/347
f 315/434/434 157/431/431 934/329/329 951/338/338
f 160/440/440 317/439/439 952/344/344 937/343/343
f 313/430/430 156/411/411 933/341/341 950/330/330
f 158/435/435 315/434/434 951/338/338 935/337/337
f 311/420/420 154/408/408 931/334/334 949/333/333
f 157/431/431 313/430/430 950/330/330 934/329/329
f 1820/979/873 1831/244/244 1057/247/247 987/980/874
f 1832/981/875 1816/982/876 967/983/877 1058/984/878
f 1821/985/879 1832/981/875 1058/984/878 1001/986/880
f 1833/987/881 1818/988/882 976/989/883 1076/990/884
f 999/991/885 1123/992/886 1246/993/887 1110/994/888
f 1123/992/886 994/995/889 1105/996/890 1246/993/887
f 1246/993/887 1105/996/890 969/997/891 1060/998/892
f 1110/994/888 1246/993/887 1060/998/892 982/999/893
f 984/1000/894 1083/1001/895 1247/1002/896 1093/1003/897
f 1083/1001/895 977/1004/898 1077/1005/899 1247/1002/896
f 1247/1002/896 1077/1005/899 970/1006/900 1061/1007/901
f 1093/1003/897 1247/1002/896 1061/1007/901 983/1008/902
f 996/1009/903 1122/1010/904 1248/1011/905 1107/1012/906
f 1107/1012/906 1248/1011/905 1069/1013/907 974/1014/908
f 1013/1015/909 1082/1016/910 1249/1017/911 1156/1018/912
f 1156/1018/912 1249/1017/911 1065/1019/913 1012/1020/914
f 1028/1021/915 1081/1022/916 1250/1023/917 1188/1024/918
f 1081/1022/916 978/1025/919 1078/1026/920 1250/1023/917
f 1250/1023/917 1078/1026/920 973/1027/921 1067/1028/922
f 1188/1024/918 1250/1023/917 1067/1028/922 1027/1029/923
f 1030/1030/924 1121/1031/925 1251/1032/926 1187/1033/927
f 1121/1031/925 995/1034/928 1106/1035/929 1251/1032/926
f 1251/1032/926 1106/1035/929 972/1036/930 1066/1037/931
f 1187/1033/927 1251/1032/926 1066/1037/931 1026/1038/932
f 977/1004/898 1080/1039/933 1252/1040/934 1077/1005/899
f 1080/1039/933 979/1041/935 1079/1042/936 1252/1040/934
f 1252/1040/934 1079/1042/936 975/1043/937 1070/1044/938
f 1077/1005/899 1252/1040/934 1070/1044/938 970/1006/900
f 994/995/889 1120/1045/939 1253/1046/940 1105/996/890
f 1120/1045/939 996/1009/903 1107/1012/906 1253/1046/940
f 1253/1046/940 1107/1012/906 974/1014/908 1062/1047/941
f 1105/996/890 1253/1046/940 1062/1047/941 969/997/891
f 988/1048/942 1119/1049/943 1254/1050/944 1099/1051/945
f 1119/1049/943 992/1052/946 1103/1053/947 1254/1050/944
f 1254/1050/944 1103/1053/947 11/1054/79 28/1055/78
f 1099/1051/945 1254/1050/944 28/1055/78 10/1056/80
f 1029/1057/948 1118/1058/949 1255/1059/950 1186/1060/951
f 1118/1058/949 991/1061/952 1102/1062/953 1255/1059/950
f 1255/1059/950 1102/1062/953 3/1063/88 27/1064/87
f 1186/1060/951 1255/1059/950 27/1064/87 19/1065/89
f 1014/1066/954 1117/1067/955 1256/1068/956 1155/1069/957
f 1155/1069/957 1256/1068/956 26/1070/95 8/1071/94
f 992/1052/946 1116/1072/958 1257/1073/959 1103/1053/947
f 1116/1072/958 989/1074/960 1100/1075/961 1257/1073/959
f 1257/1073/959 1100/1075/961 12/1076/101 30/1077/100
f 1103/1053/947 1257/1073/959 30/1077/100 11/1054/79
f 998/1078/962 1115/1079/963 1258/1080/964 1109/1081/965
f 1115/1079/963 988/1048/942 1099/1051/945 1258/1080/964
f 1258/1080/964 1099/1051/945 10/1056/80 29/1082/106
f 1109/1081/965 1258/1080/964 29/1082/106 4/1083/107
f 1817/245/245 1833/987/881 1076/990/884 968/246/246
f 1834/1084/966 1810/110/110 7/113/113 1072/1085/967
f 986/1086/968 1085/1087/969 1259/1088/970 1096/1089/971
f 1085/1087/969 981/1090/972 1088/1091/973 1259/1088/970
f 1259/1088/970 1088/1091/973 980/1092/974 1084/1093/975
f 1096/1089/971 1259/1088/970 1084/1093/975 985/1094/976
f 1819/1095/977 1834/1084/966 1072/1085/967 993/1096/978
f 1835/1097/979 1819/1095/977 993/1096/978 1104/1098/980
f 991/1061/952 1113/1099/981 1260/1100/982 1102/1062/953
f 1113/1099/981 998/1078/962 1109/1081/965 1260/1100/982
f 1260/1100/982 1109/1081/965 4/1083/107 21/1101/129
f 1102/1062/953 1260/1100/982 21/1101/129 3/1063/88
f 978/1025/919 1091/1102/983 1261/1103/984 1078/1026/920
f 1091/1102/983 984/1000/894 1093/1003/897 1261/1103/984
f 1261/1103/984 1093/1003/897 983/1008/902 1090/1104/985
f 1078/1026/920 1261/1103/984 1090/1104/985 973/1027/921
f 995/1034/928 1112/1105/986 1262/1106/987 1106/1035/929
f 1112/1105/986 999/991/885 1110/994/888 1262/1106/987
f 1262/1106/987 1110/994/888 982/999/893 1089/1107/988
f 1106/1035/929 1262/1106/987 1089/1107/988 972/1036/930
f 1010/1108/989 1145/1109/990 1263/1110/991 1141/1111/992
f 1145/1109/990 1009/1112/993 1140/1113/994 1263/1110/991
f 1263/1110/991 1140/1113/994 981/1090/972 1085/1087/969
f 1141/1111/992 1263/1110/991 1085/1087/969 986/1086/968
f 1/142/142 20/145/145 1264/1114/995 1074/1115/996
f 20/145/145 2/147/147 1094/1116/997 1264/1114/995
f 1264/1114/995 1094/1116/997 999/991/885 1112/1105/986
f 1074/1115/996 1264/1114/995 1112/1105/986 995/1034/928
f 973/1027/921 1090/1104/985 1265/1117/998 1068/1118/999
f 1090/1104/985 983/1008/902 1092/1119/1000 1265/1117/998
f 1265/1117/998 1092/1119/1000 998/1078/962 1113/1099/981
f 1068/1118/999 1265/1117/998 1113/1099/981 991/1061/952
f 1816/982/876 1835/1097/979 1104/1098/980 967/983/877
f 1836/1120/1001 1820/979/873 987/980/874 1098/1121/1002
f 985/1094/976 1084/1093/975 1266/1122/1003 1097/1123/1004
f 1084/1093/975 980/1092/974 1087/1124/1005 1266/1122/1003
f 1266/1122/1003 1087/1124/1005 997/1125/1006 1114/1126/1007
f 1097/1123/1004 1266/1122/1003 1114/1126/1007 1000/1127/1008
f 983/1008/902 1061/1007/901 1267/1128/1009 1092/1119/1000
f 1061/1007/901 970/1006/900 1059/1129/1010 1267/1128/1009
f 1267/1128/1009 1059/1129/1010 988/1048/942 1115/1079/963
f 1092/1119/1000 1267/1128/1009 1115/1079/963 998/1078/962
f 975/1043/937 1063/1130/1011 1268/1131/1012 1071/1132/1013
f 1063/1130/1011 971/1133/1014 1064/1134/1015 1268/1131/1012
f 1268/1131/1012 1064/1134/1015 989/1074/960 1116/1072/958
f 1071/1132/1013 1268/1131/1012 1116/1072/958 992/1052/946
f 989/1074/960 1189/1135/1016 1269/1136/1017 1100/1075/961
f 1189/1135/1016 990/1137/1018 1101/1138/1019 1269/1136/1017
f 1269/1136/1017 1101/1138/1019 13/1139/171 35/1140/170
f 1100/1075/961 1269/1136/1017 35/1140/170 12/1076/101
f 1012/1020/914 1065/1019/913 1270/1141/1020 1154/1142/1021
f 1154/1142/1021 1270/1141/1020 1117/1067/955 1014/1066/954
f 1027/1029/923 1067/1028/922 1271/1143/1022 1184/1144/1023
f 1067/1028/922 973/1027/921 1068/1118/999 1271/1143/1022
f 1271/1143/1022 1068/1118/999 991/1061/952 1118/1058/949
f 1184/1144/1023 1271/1143/1022 1118/1058/949 1029/1057/948
f 970/1006/900 1070/1044/938 1272/1145/1024 1059/1129/1010
f 1070/1044/938 975/1043/937 1071/1132/1013 1272/1145/1024
f 1272/1145/1024 1071/1132/1013 992/1052/946 1119/1049/943
f 1059/1129/1010 1272/1145/1024 1119/1049/943 988/1048/942
f 5/177/177 22/180/180 1273/1146/1025 1073/1147/1026
f 22/180/180 6/182/182 1075/1148/1027 1273/1146/1025
f 1273/1146/1025 1075/1148/1027 996/1009/903 1120/1045/939
f 1073/1147/1026 1273/1146/1025 1120/1045/939 994/995/889
f 18/183/183 25/186/186 1274/1149/1028 1183/1150/1029
f 25/186/186 1/142/142 1074/1115/996 1274/1149/1028
f 1274/1149/1028 1074/1115/996 995/1034/928 1121/1031/925
f 1183/1150/1029 1274/1149/1028 1121/1031/925 1030/1030/924
f 6/182/182 24/188/188 1275/1151/1030 1075/1148/1027
f 1075/1148/1027 1275/1151/1030 1122/1010/904 996/1009/903
f 2/147/147 23/190/190 1276/1152/1031 1094/1116/997
f 23/190/190 5/177/177 1073/1147/1026 1276/1152/1031
f 1276/1152/1031 1073/1147/1026 994/995/889 1123/992/886
f 1094/1116/997 1276/1152/1031 1123/992/886 999/991/885
f 1811/1153/191 1836/1120/1001 1098/1121/1002 9/1154/192
f 1837/1155/1032 1821/985/879 1001/986/880 1125/1156/1033
f 1277/1157/1034 1124/1158/1035 1007/1159/1036 1134/1160/1037
f 1086/1161/1038 1277/1157/1034 1134/1160/1037 1002/1162/1039
f 1016/1163/1040 1144/1164/1041 1278/1165/1042 1153/1166/1043
f 1153/1166/1043 1278/1165/1042 1082/1016/910 1013/1015/909
f 1279/1167/1044 1086/1161/1038 1002/1162/1039 1128/1168/1045
f 1095/1169/1046 1279/1167/1044 1128/1168/1045 1003/1170/1047
f 1280/1171/1048 1095/1169/1046 1003/1170/1047 1129/1172/1049
f 1174/1173/1050 1280/1171/1048 1129/1172/1049 1025/1174/1051
f 1822/1175/1052 1837/1155/1032 1125/1156/1033 1008/1176/1053
f 1838/1177/1054 1822/1175/1052 1008/1176/1053 1139/1178/1055
f 1009/1112/993 1143/1179/1056 1281/1180/1057 1140/1113/994
f 1143/1179/1056 1011/1181/1058 1142/1182/1059 1281/1180/1057
f 1281/1180/1057 1142/1182/1059 1005/1183/1060 1132/1184/1061
f 1140/1113/994 1281/1180/1057 1132/1184/1061 981/1090/972
f 980/1092/974 1131/1185/1062 1282/1186/1063 1087/1124/1005
f 1131/1185/1062 1004/1187/1064 1136/1188/1065 1282/1186/1063
f 1282/1186/1063 1136/1188/1065 1006/1189/1066 1133/1190/1067
f 1087/1124/1005 1282/1186/1063 1133/1190/1067 997/1125/1006
f 997/1125/1006 1133/1190/1067 1283/1191/1068 1108/1192/1069
f 1133/1190/1067 1006/1189/1066 1137/1193/1070 1283/1191/1068
f 1283/1191/1068 1137/1193/1070 15/1194/233 31/1195/232
f 1108/1192/1069 1283/1191/1068 31/1195/232 14/1196/234
f 981/1090/972 1132/1184/1061 1284/1197/1071 1088/1091/973
f 1132/1184/1061 1005/1183/1060 1138/1198/1072 1284/1197/1071
f 1284/1197/1071 1138/1198/1072 1004/1187/1064 1131/1185/1062
f 1088/1091/973 1284/1197/1071 1131/1185/1062 980/1092/974
f 1285/1199/1073 1130/1200/1074 1015/1201/1075 1150/1202/1076
f 1124/1158/1035 1285/1199/1073 1150/1202/1076 1007/1159/1036
f 1002/1162/1039 1134/1160/1037 1286/1203/1077 1126/1204/1078
f 1134/1160/1037 1007/1159/1036 1135/1205/1079 1286/1203/1077
f 1286/1203/1077 1135/1205/1079 1011/1181/1058 1143/1179/1056
f 1126/1204/1078 1286/1203/1077 1143/1179/1056 1009/1112/993
f 1818/988/882 1838/1177/1054 1139/1178/1055 976/989/883
f 1015/1201/1075 1130/1200/1074 1287/1206/1080 1152/1207/1081
f 1152/1207/1081 1287/1206/1080 1144/1164/1041 1016/1163/1040
f 1003/1170/1047 1128/1168/1045 1288/1208/1082 1127/1209/1083
f 1128/1168/1045 1002/1162/1039 1126/1204/1078 1288/1208/1082
f 1288/1208/1082 1126/1204/1078 1009/1112/993 1145/1109/990
f 1127/1209/1083 1288/1208/1082 1145/1109/990 1010/1108/989
f 13/1139/171 1101/1138/1019 1289/1210/1084 76/1211/252
f 1101/1138/1019 990/1137/1018 1172/1212/1085 1289/1210/1084
f 1289/1210/1084 1172/1212/1085 1024/1213/1086 1173/1214/1087
f 76/1211/252 1289/1210/1084 1173/1214/1087 17/1215/257
f 17/1215/257 1173/1214/1087 1290/1216/1088 32/1217/258
f 1173/1214/1087 1024/1213/1086 1111/1218/1089 1290/1216/1088
f 1290/1216/1088 1111/1218/1089 1000/1127/1008 1146/1219/1090
f 32/1217/258 1290/1216/1088 1146/1219/1090 16/1220/262
f 16/1220/262 1146/1219/1090 1291/1221/1091 33/1222/263
f 1146/1219/1090 1000/1127/1008 1114/1126/1007 1291/1221/1091
f 1291/1221/1091 1114/1126/1007 997/1125/1006 1108/1192/1069
f 33/1222/263 1291/1221/1091 1108/1192/1069 14/1196/234
f 1007/1159/1036 1150/1202/1076 1292/1223/1092 1135/1205/1079
f 1150/1202/1076 1015/1201/1075 1152/1207/1081 1292/1223/1092
f 1292/1223/1092 1152/1207/1081 1016/1163/1040 1151/1224/1093
f 1135/1205/1079 1292/1223/1092 1151/1224/1093 1011/1181/1058
f 1011/1181/1058 1151/1224/1093 1293/1225/1094 1142/1182/1059
f 1151/1224/1093 1016/1163/1040 1153/1166/1043 1293/1225/1094
f 1293/1225/1094 1153/1166/1043 1013/1015/909 1148/1226/1095
f 1142/1182/1059 1293/1225/1094 1148/1226/1095 1005/1183/1060
f 1004/1187/1064 1147/1227/1096 1294/1228/1097 1136/1188/1065
f 1147/1227/1096 1012/1020/914 1154/1142/1021 1294/1228/1097
f 1294/1228/1097 1154/1142/1021 1014/1066/954 1149/1229/1098
f 1136/1188/1065 1294/1228/1097 1149/1229/1098 1006/1189/1066
f 1006/1189/1066 1149/1229/1098 1295/1230/1099 1137/1193/1070
f 1149/1229/1098 1014/1066/954 1155/1069/957 1295/1230/1099
f 1295/1230/1099 1155/1069/957 8/1071/94 34/1231/273
f 1137/1193/1070 1295/1230/1099 34/1231/273 15/1194/233
f 1005/1183/1060 1148/1226/1095 1296/1232/1100 1138/1198/1072
f 1148/1226/1095 1013/1015/909 1156/1018/912 1296/1232/1100
f 1296/1232/1100 1156/1018/912 1012/1020/914 1147/1227/1096
f 1138/1198/1072 1296/1232/1100 1147/1227/1096 1004/1187/1064
f 1001/986/880 1162/1233/1101 1297/1234/1102 1125/1156/1033
f 1162/1233/1101 1022/1235/1103 1164/1236/1104 1297/1234/1102
f 1297/1234/1102 1164/1236/1104 1023/1237/1105 1163/1238/1106
f 1125/1156/1033 1297/1234/1102 1163/1238/1106 1008/1176/1053
f 967/983/877 1157/1239/1107 1298/1240/1108 1058/984/878
f 1157/1239/1107 1017/1241/1109 1165/1242/1110 1298/1240/1108
f 1298/1240/1108 1165/1242/1110 1022/1235/1103 1162/1233/1101
f 1058/984/878 1298/1240/1108 1162/1233/1101 1001/986/880
f 7/113/113 72/286/286 1299/1243/1111 1072/1085/967
f 72/286/286 73/288/288 1166/1244/1112 1299/1243/1111
f 1299/1243/1111 1166/1244/1112 1021/1245/1113 1161/1246/1114
f 1072/1085/967 1299/1243/1111 1161/1246/1114 993/1096/978
f 968/246/246 1158/1247/1115 1300/1248/1116 1057/247/247
f 1158/1247/1115 1018/1249/1117 1167/1250/1118 1300/1248/1116
f 1300/1248/1116 1167/1250/1118 1020/1251/1119 1160/1252/1120
f 1057/247/247 1300/1248/1116 1160/1252/1120 987/980/874
f 1008/1176/1053 1163/1238/1106 1301/1253/1121 1139/1178/1055
f 1163/1238/1106 1023/1237/1105 1168/1254/1122 1301/1253/1121
f 1301/1253/1121 1168/1254/1122 1019/1255/1123 1159/1256/1124
f 1139/1178/1055 1301/1253/1121 1159/1256/1124 976/989/883
f 987/980/874 1160/1252/1120 1302/1257/1125 1098/1121/1002
f 1160/1252/1120 1020/1251/1119 1169/1258/1126 1302/1257/1125
f 1302/1257/1125 1169/1258/1126 75/1259/304 74/1260/303
f 1098/1121/1002 1302/1257/1125 74/1260/303 9/1154/192
f 993/1096/978 1161/1246/1114 1303/1261/1127 1104/1098/980
f 1161/1246/1114 1021/1245/1113 1170/1262/1128 1303/1261/1127
f 1303/1261/1127 1170/1262/1128 1017/1241/1109 1157/1239/1107
f 1104/1098/980 1303/1261/1127 1157/1239/1107 967/983/877
f 976/989/883 1159/1256/1124 1304/1263/1129 1076/990/884
f 1159/1256/1124 1019/1255/1123 1171/1264/1130 1304/1263/1129
f 1304/1263/1129 1171/1264/1130 1018/1249/1117 1158/1247/1115
f 1076/990/884 1304/1263/1129 1158/1247/1115 968/246/246
f 1017/1241/1109 1175/1265/1131 1305/1266/1132 1165/1242/1110
f 1175/1265/1131 1026/1038/932 1182/1267/1133 1305/1266/1132
f 1305/1266/1132 1182/1267/1133 1031/1268/1134 1180/1269/1135
f 1165/1242/1110 1305/1266/1132 1180/1269/1135 1022/1235/1103
f 73/288/288 77/315/315 1306/1270/1136 1166/1244/1112
f 77/315/315 18/183/183 1183/1150/1029 1306/1270/1136
f 1306/1270/1136 1183/1150/1029 1030/1030/924 1179/1271/1137
f 1166/1244/1112 1306/1270/1136 1179/1271/1137 1021/1245/1113
f 1018/1249/1117 1176/1272/1138 1307/1273/1139 1167/1250/1118
f 1176/1272/1138 1027/1029/923 1184/1144/1023 1307/1273/1139
f 1307/1273/1139 1184/1144/1023 1029/1057/948 1178/1274/1140
f 1167/1250/1118 1307/1273/1139 1178/1274/1140 1020/1251/1119
f 1023/1237/1105 1181/1275/1141 1308/1276/1142 1168/1254/1122
f 1181/1275/1141 1032/1277/1143 1185/1278/1144 1308/1276/1142
f 1308/1276/1142 1185/1278/1144 1028/1021/915 1177/1279/1145
f 1168/1254/1122 1308/1276/1142 1177/1279/1145 1019/1255/1123
f 1020/1251/1119 1178/1274/1140 1309/1280/1146 1169/1258/1126
f 1178/1274/1140 1029/1057/948 1186/1060/951 1309/1280/1146
f 1309/1280/1146 1186/1060/951 19/1065/89 78/1281/326
f 1169/1258/1126 1309/1280/1146 78/1281/326 75/1259/304
f 1021/1245/1113 1179/1271/1137 1310/1282/1147 1170/1262/1128
f 1179/1271/1137 1030/1030/924 1187/1033/927 1310/1282/1147
f 1310/1282/1147 1187/1033/927 1026/1038/932 1175/1265/1131
f 1170/1262/1128 1310/1282/1147 1175/1265/1131 1017/1241/1109
f 1019/1255/1123 1177/1279/1145 1311/1283/1148 1171/1264/1130
f 1177/1279/1145 1028/1021/915 1188/1024/918 1311/1283/1148
f 1311/1283/1148 1188/1024/918 1027/1029/923 1176/1272/1138
f 1171/1264/1130 1311/1283/1148 1176/1272/1138 1018/1249/1117
f 1774/1284/1149 1763/1285/1150 1193/1286/1151 1790/1287/1152
f 1789/1288/1153 1191/1289/1154 1762/1290/1155 1771/1291/1156
f 1775/1292/1157 1765/1293/1158 1195/1294/1159 1791/1295/1160
f 1790/1287/1152 1193/1286/1151 1764/1296/1161 1773/1297/1162
f 1777/1298/1163 1766/1299/1164 1197/1300/1165 1792/1301/1166
f 1791/1295/1160 1195/1294/1159 1763/1285/1150 1774/1284/1149
f 1778/1302/1167 1768/1303/1168 1199/1304/1169 1793/1305/1170
f 1792/1301/1166 1197/1300/1165 1767/1306/1171 1776/1307/1172
f 1776/1307/1172 1794/1308/1173 1200/1309/1174 1038/1310/1175
f 1793/1305/1170 1199/1304/1169 1766/1299/1164 1777/1298/1163
f 1780/1311/1176 1043/1312/1177 1203/1313/1178 1795/1314/1179
f 1794/1308/1173 1201/1315/1180 1765/1293/1158 1775/1292/1157
f 1781/1316/1181 1045/1317/1182 1205/1318/1183 1796/1319/1184
f 1795/1314/1179 1203/1313/1178 1041/1320/1185 1779/1321/1186
f 1772/1322/1187 1797/1323/1188 1206/1324/1189 1761/1325/1190
f 1796/1319/1184 1205/1318/1183 1043/1312/1177 1780/1311/1176
f 1783/1326/1191 1049/1327/1192 1209/1328/1193 1798/1329/1194
f 1797/1323/1188 1207/1330/1195 1045/1317/1182 1781/1316/1181
f 1784/1331/1196 1769/1332/1197 1211/1333/1198 1799/1334/1199
f 1798/1329/1194 1209/1328/1193 1047/1335/1200 1782/1336/1201
f 1783/1326/1191 1800/1337/1202 1212/1338/1203 1049/1327/1192
f 1799/1334/1199 1211/1333/1198 1768/1303/1168 1778/1302/1167
f 1785/1339/1204 1801/1340/1205 1214/1341/1206 1052/1342/1207
f 1800/1337/1202 1213/1343/1208 1770/1344/1209 1785/1339/1204
f 1787/1345/1210 1032/1277/1143 1218/1346/1211 1802/1347/1212
f 1801/1340/1205 1215/1348/1213 1769/1332/1197 1784/1331/1196
f 1786/1349/1214 1803/1350/1215 1217/1351/1216 1054/1352/1217
f 1802/1347/1212 1218/1346/1211 1053/1353/1218 1786/1349/1214
f 1779/1321/1186 1804/1354/1219 1219/1355/1220 1042/1356/1221
f 1803/1350/1215 1245/1357/1222 1031/1268/1134 1788/1358/1223
f 1788/1358/1223 1805/1359/1224 1220/1360/1225 1056/1361/1226
f 1804/1354/1219 1239/1362/1227 1032/1277/1143 1787/1345/1210
f 1771/1291/1156 1806/1363/1228 1221/1364/1229 1033/1365/1230
f 1805/1359/1224 1229/1366/1231 1035/1367/1232 1773/1297/1162
f 1806/1363/1228 1222/1368/1233 1048/1369/1234 1782/1336/1201
f 1047/1335/1200 1223/1370/1235 1312/1371/1236 1221/1364/1229
f 971/1133/1014 1224/1372/1237 1312/1371/1236 1223/1370/1235
f 1033/1365/1230 1221/1364/1229 1312/1371/1236 1224/1372/1237
f 979/1041/935 1225/1373/1238 1313/1374/1239 1079/1042/936
f 1225/1373/1238 1033/1365/1230 1224/1372/1237 1313/1374/1239
f 1313/1374/1239 1224/1372/1237 971/1133/1014 1063/1130/1011
f 1079/1042/936 1313/1374/1239 1063/1130/1011 975/1043/937
f 1033/1365/1230 1225/1373/1238 1314/1375/1240 1190/1376/1241
f 979/1041/935 1226/1377/1242 1314/1375/1240 1225/1373/1238
f 1034/1378/1243 1190/1376/1241 1314/1375/1240 1226/1377/1242
f 1045/1317/1182 1207/1330/1195 1315/1379/1244 1227/1380/1245
f 1207/1330/1195 1034/1378/1243 1226/1377/1242 1315/1379/1244
f 1315/1379/1244 1226/1377/1242 979/1041/935 1080/1039/933
f 1227/1380/1245 1315/1379/1244 1080/1039/933 977/1004/898
f 1026/1038/932 1066/1037/931 1316/1381/1246 1182/1267/1133
f 1066/1037/931 972/1036/930 1228/1382/1247 1316/1381/1246
f 1316/1381/1246 1228/1382/1247 1035/1367/1232 1229/1366/1231
f 1182/1267/1133 1316/1381/1246 1229/1366/1231 1031/1268/1134
f 972/1036/930 1089/1107/988 1317/1383/1248 1228/1382/1247
f 1089/1107/988 982/999/893 1230/1384/1249 1317/1383/1248
f 1317/1383/1248 1230/1384/1249 1036/1385/1250 1192/1386/1251
f 1228/1382/1247 1317/1383/1248 1192/1386/1251 1035/1367/1232
f 982/999/893 1060/998/892 1318/1387/1252 1230/1384/1249
f 1060/998/892 969/997/891 1231/1388/1253 1318/1387/1252
f 1318/1387/1252 1231/1388/1253 1037/1389/1254 1194/1390/1255
f 1230/1384/1249 1318/1387/1252 1194/1390/1255 1036/1385/1250
f 969/997/891 1062/1047/941 1319/1391/1256 1231/1388/1253
f 1062/1047/941 974/1014/908 1232/1392/1257 1319/1391/1256
f 1319/1391/1256 1232/1392/1257 1038/1310/1175 1200/1309/1174
f 1231/1388/1253 1319/1391/1256 1200/1309/1174 1037/1389/1254
f 974/1014/908 1069/1013/907 1320/1393/1258 1232/1392/1257
f 1320/1393/1258 1233/1394/1259 1039/1395/1260 1196/1396/1261
f 1232/1392/1257 1320/1393/1258 1196/1396/1261 1038/1310/1175
f 1321/1397/1262 1234/1398/1263 1040/1399/1264 1198/1400/1265
f 1233/1394/1259 1321/1397/1262 1198/1400/1265 1039/1395/1260
f 1322/1401/1266 1174/1173/1050 1025/1174/1051 1235/1402/1267
f 1234/1398/1263 1322/1401/1266 1235/1402/1267 1040/1399/1264
f 1040/1399/1264 1235/1402/1267 1323/1403/1268 1210/1404/1269
f 1025/1174/1051 1236/1405/1270 1323/1403/1268 1235/1402/1267
f 1051/1406/1271 1210/1404/1269 1323/1403/1268 1236/1405/1270
f 1041/1320/1185 1203/1313/1178 1324/1407/1272 1237/1408/1273
f 1203/1313/1178 1043/1312/1177 1238/1409/1274 1324/1407/1272
f 1324/1407/1272 1238/1409/1274 984/1000/894 1091/1102/983
f 1237/1408/1273 1324/1407/1272 1091/1102/983 978/1025/919
f 1032/1277/1143 1239/1362/1227 1325/1410/1275 1185/1278/1144
f 1239/1362/1227 1041/1320/1185 1237/1408/1273 1325/1410/1275
f 1325/1410/1275 1237/1408/1273 978/1025/919 1081/1022/916
f 1185/1278/1144 1325/1410/1275 1081/1022/916 1028/1021/915
f 1043/1312/1177 1205/1318/1183 1326/1411/1276 1238/1409/1274
f 1205/1318/1183 1045/1317/1182 1227/1380/1245 1326/1411/1276
f 1326/1411/1276 1227/1380/1245 977/1004/898 1083/1001/895
f 1238/1409/1274 1326/1411/1276 1083/1001/895 984/1000/894
f 971/1133/1014 1223/1370/1235 1327/1412/1277 1064/1134/1015
f 1223/1370/1235 1047/1335/1200 1240/1413/1278 1327/1412/1277
f 1327/1412/1277 1240/1413/1278 990/1137/1018 1189/1135/1016
f 1064/1134/1015 1327/1412/1277 1189/1135/1016 989/1074/960
f 1047/1335/1200 1209/1328/1193 1328/1414/1279 1240/1413/1278
f 1209/1328/1193 1049/1327/1192 1241/1415/1280 1328/1414/1279
f 1328/1414/1279 1241/1415/1280 1024/1213/1086 1172/1212/1085
f 1240/1413/1278 1328/1414/1279 1172/1212/1085 990/1137/1018
f 1049/1327/1192 1242/1416/1281 1329/1417/1282 1241/1415/1280
f 1242/1416/1281 985/1094/976 1097/1123/1004 1329/1417/1282
f 1329/1417/1282 1097/1123/1004 1000/1127/1008 1111/1218/1089
f 1241/1415/1280 1329/1417/1282 1111/1218/1089 1024/1213/1086
f 1052/1342/1207 1243/1418/1283 1330/1419/1284 1212/1338/1203
f 1243/1418/1283 986/1086/968 1096/1089/971 1330/1419/1284
f 1330/1419/1284 1096/1089/971 985/1094/976 1242/1416/1281
f 1212/1338/1203 1330/1419/1284 1242/1416/1281 1049/1327/1192
f 1025/1174/1051 1129/1172/1049 1331/1420/1285 1236/1405/1270
f 1129/1172/1049 1003/1170/1047 1127/1209/1083 1331/1420/1285
f 1331/1420/1285 1127/1209/1083 1010/1108/989 1244/1421/1286
f 1236/1405/1270 1331/1420/1285 1244/1421/1286 1051/1406/1271
f 1051/1406/1271 1244/1421/1286 1332/1422/1287 1214/1341/1206
f 1244/1421/1286 1010/1108/989 1141/1111/992 1332/1422/1287
f 1332/1422/1287 1141/1111/992 986/1086/968 1243/1418/1283
f 1214/1341/1206 1332/1422/1287 1243/1418/1283 1052/1342/1207
f 1031/1268/1134 1245/1357/1222 1333/1423/1288 1180/1269/1135
f 1053/1353/1218 1218/1346/1211 1333/1423/1288 1245/1357/1222
f 1032/1277/1143 1181/1275/1141 1333/1423/1288 1218/1346/1211
f 1023/1237/1105 1164/1236/1104 1333/1423/1288 1181/1275/1141
f 1022/1235/1103 1180/1269/1135 1333/1423/1288 1164/1236/1104
f 1422/1424/1289 1468/1425/1290 1423/1426/1291 1363/1427/1292
f 57/473/473 1469/1428/1293 1465/1429/1294 38/474/474
f 1469/1428/1293 1422/1424/1289 1363/1427/1292 1465/1429/1294
f 1425/1430/1295 1470/1431/1296 1426/1432/1297 1373/1433/1298
f 1470/1431/1296 1427/1434/1299 1372/1435/1300 1426/1432/1297
f 1374/1436/1301 1428/1437/1302 1471/1438/1303 1429/1439/1304
f 1428/1437/1302 1363/1427/1292 1423/1426/1291 1471/1438/1303
f 1367/1440/1305 1430/1441/1306 1472/1442/1307 1424/1443/1308
f 1430/1441/1306 1372/1435/1300 1427/1434/1299 1472/1442/1307
f 39/491/491 56/494/494 1473/1444/1309 1466/1445/1310
f 1466/1445/1310 1473/1444/1309 1428/1437/1302 1374/1436/1301
f 1473/1444/1309 1465/1429/1294 1363/1427/1292 1428/1437/1302
f 56/494/494 38/474/474 1465/1429/1294 1473/1444/1309
f 40/495/495 55/498/498 1474/1446/1311 1467/1447/1312
f 1467/1447/1312 1474/1446/1311 1431/1448/1313 1373/1433/1298
f 1474/1446/1311 1466/1445/1310 1374/1436/1301 1431/1448/1313
f 55/498/498 39/491/491 1466/1445/1310 1474/1446/1311
f 1373/1433/1298 1431/1448/1313 1475/1449/1314 1425/1430/1295
f 1431/1448/1313 1374/1436/1301 1429/1439/1304 1475/1449/1314
f 1372/1435/1300 1434/1450/1315 1476/1451/1316 1426/1432/1297
f 1426/1432/1297 1476/1451/1316 1432/1452/1317 1373/1433/1298
f 1476/1451/1316 1435/1453/1318 1375/1454/1319 1432/1452/1317
f 1434/1450/1315 1376/1455/1320 1435/1453/1318 1476/1451/1316
f 1376/1455/1320 1434/1450/1315 1477/1456/1321 1436/1457/1322
f 1436/1457/1322 1477/1456/1321 1437/1458/1323 1377/1459/1324
f 1477/1456/1321 1430/1441/1306 1367/1440/1305 1437/1458/1323
f 1434/1450/1315 1372/1435/1300 1430/1441/1306 1477/1456/1321
f 1378/1460/1325 1438/1461/1326 1478/1462/1327 1439/1463/1328
f 1367/1440/1305 1439/1463/1328 1478/1462/1327 1437/1458/1323
f 1377/1459/1324 1437/1458/1323 1478/1462/1327 1438/1461/1326
f 1442/1464/1329 1380/1465/1330 1337/1466/1331 1421/1467/1332
f 1337/1466/1331 1380/1465/1330 1443/1468/1333 1420/1469/1333
f 1443/1468/1333 1381/1470/1334 1338/1471/1335 1420/1469/1333
f 1338/1471/1335 1381/1470/1334 1444/1472/1336 1419/1473/1336
f 1444/1472/1336 1382/1474/1337 1340/1475/1338 1419/1473/1336
f 1342/1476/1339 1383/1477/1340 1446/1478/1341 1417/1479/1342
f 1446/1478/1341 1384/1480/1343 1344/1481/1343 1417/1479/1342
f 1340/1475/1338 1382/1474/1337 1447/1482/1344 1418/1483/1345
f 1447/1482/1344 1383/1477/1340 1342/1476/1339 1418/1483/1345
f 1344/1481/1343 1384/1480/1343 1445/1484/1346 1464/1485/1347
f 1380/1486/1348 1448/1487/1349 1479/1488/1350 1443/1489/1351
f 1443/1489/1351 1479/1488/1350 1449/1490/1352 1381/1491/1353
f 1479/1488/1350 1435/1453/1318 1376/1455/1320 1449/1490/1352
f 1448/1487/1349 1375/1454/1319 1435/1453/1318 1479/1488/1350
f 1377/1459/1324 1450/1492/1354 1480/1493/1355 1436/1457/1322
f 1436/1457/1322 1480/1493/1355 1449/1490/1352 1376/1455/1320
f 1480/1493/1355 1444/1494/1356 1381/1491/1353 1449/1490/1352
f 1450/1492/1354 1382/1495/1357 1444/1494/1356 1480/1493/1355
f 1378/1460/1325 1451/1496/1358 1481/1497/1359 1438/1461/1326
f 1438/1461/1326 1481/1497/1359 1450/1492/1354 1377/1459/1324
f 1481/1497/1359 1447/1498/1360 1382/1495/1357 1450/1492/1354
f 1451/1496/1358 1383/1499/1361 1447/1498/1360 1481/1497/1359
f 1379/1500/549 1452/1501/550 1482/1502/549 1440/1503/549
f 1440/1503/549 1482/1502/549 1451/1496/1358 1378/1460/1325
f 1482/1502/549 1446/1504/582 1383/1499/1361 1451/1496/1358
f 1452/1501/550 1384/1505/582 1446/1504/582 1482/1502/549
f 42/557/552 51/560/553 1483/1506/550 1441/1507/549
f 1441/1507/549 1483/1506/550 1452/1501/550 1379/1500/549
f 1483/1506/550 1445/1508/554 1384/1505/582 1452/1501/550
f 51/560/553 44/562/552 1445/1508/554 1483/1506/550
f 1367/1440/1305 1424/1443/1308 1485/1509/568 1459/1510/1362
f 1367/1440/1305 1459/1510/1362 1486/1511/604 1439/1463/1328
f 1378/1460/1325 1439/1463/1328 1486/1511/604 1440/1503/549
f 1379/1500/549 1440/1503/549 1486/1511/604 1460/1512/549
f 1379/1500/549 1460/1512/549 1487/1513/549 1441/1507/549
f 42/557/552 1441/1507/549 1487/1513/549 52/568/549
f 1375/1454/1319 1448/1487/1349 1488/1514/1363 1433/1515/1364
f 1433/1515/1364 1488/1514/1363 53/572/561 41/571/560
f 1488/1514/1363 1442/1516/1365 43/573/562 53/572/561
f 1448/1487/1349 1380/1486/1348 1442/1516/1365 1488/1514/1363
f 1373/1433/1298 1432/1452/1317 1489/1517/1366 1467/1447/1312
f 1467/1447/1312 1489/1517/1366 54/576/565 40/495/495
f 1489/1517/1366 1433/1515/1364 41/571/560 54/576/565
f 1432/1452/1317 1375/1454/1319 1433/1515/1364 1489/1517/1366
f 1445/1484/1346 44/1518/566 37/1519/566 1464/1485/1347
f 36/579/567 43/580/567 1442/1464/1329 1421/1467/1332
f 1518/1520/604 1517/1521/1367 1538/1522/1368 1537/1523/1369
f 1496/1524/1370 1495/1525/1371 1498/1526/1372 1497/1527/737
f 1492/1528/1370 1491/1529/1373 1495/1525/1371 1496/1524/1370
f 1494/1530/557 1493/1531/1374 1491/1529/1373 1492/1528/1370
f 1502/1532/1375 1501/1533/1376 1493/1531/1374 1494/1530/557
f 1500/1534/1362 1499/1535/1377 1501/1533/1376 1502/1532/1375
f 1506/1536/551 1505/1537/1378 1508/1538/1379 1507/1539/551
f 1504/1540/1380 1503/1541/1381 1505/1537/1378 1506/1536/551
f 1510/1542/595 1509/1543/1382 1556/1544/1383 1555/1545/1384
f 1555/1545/1384 1556/1544/1383 1512/1546/1385 1511/1547/1386
f 1514/1548/595 1513/1549/1387 1516/1550/1388 1515/1551/1389
f 1511/1547/1386 1512/1546/1385 1513/1549/1387 1514/1548/595
f 1522/1552/575 1521/1553/1390 1517/1521/1367 1518/1520/604
f 1520/1554/577 1519/1555/1391 1521/1553/1390 1522/1552/575
f 1527/1556/572 1528/1557/1392 1519/1555/1391 1520/1554/577
f 1529/1558/582 1530/1559/1393 1528/1557/1392 1527/1556/572
f 1524/1560/582 1523/1561/1394 1558/1562/1395 1557/1563/1396
f 1557/1563/1396 1558/1562/1395 1530/1559/1393 1529/1558/582
f 1526/1564/552 1525/1565/1397 1523/1561/1394 1524/1560/582
f 1531/1566/554 1532/1567/1398 1534/1568/1399 1533/1569/1400
f 1535/1570/1400 1536/1571/1401 1532/1567/1398 1531/1566/554
f 59/633/607 60/634/609 1536/1571/1401 1535/1570/1400
f 1544/1572/619 1543/1573/1402 1542/1574/1403 1541/1575/552
f 1540/1576/1380 1539/1577/1404 1543/1573/1402 1544/1572/619
f 1497/1527/737 1498/1526/1372 1539/1577/1404 1540/1576/1380
f 1548/1578/1386 1547/1579/1405 1560/1580/1406 1559/1581/1386
f 1559/1581/1386 1560/1580/1406 1509/1543/1382 1510/1542/595
f 1546/1582/557 1545/1583/1407 1547/1579/1405 1548/1578/1386
f 1550/1584/569 1549/1585/1408 1545/1583/1407 1546/1582/557
f 1552/1586/553 1551/1587/1409 1549/1585/1408 1550/1584/569
f 1507/1539/551 1508/1538/1379 1554/1588/1410 1553/1589/1396
f 1553/1589/1396 1554/1588/1410 1525/1565/1397 1526/1564/552
f 1515/1551/1389 1516/1550/1388 1503/1541/1381 1504/1540/1380
f 1537/1523/1369 1538/1522/1368 1551/1587/1409 1552/1586/553
f 1533/1569/1400 1534/1568/1399 1499/1535/1377 1500/1534/1362
f 1541/1575/552 1542/1574/1403 61/654/621 62/653/582
f 1387/1590/1411 1495/1525/1371 1491/1529/1373 1385/1591/1412
f 1496/1524/1370 1462/1592/549 1492/1528/1370
f 1493/1531/1374 1386/1593/1413 1385/1591/1412 1491/1529/1373
f 1501/1533/1376 1390/1594/1414 1386/1593/1413 1493/1531/1374
f 1388/1595/1415 1498/1526/1372 1495/1525/1371 1387/1590/1411
f 1497/1527/737 1458/1596/550 1462/1592/549 1496/1524/1370
f 1409/1597/1416 1539/1577/1404 1498/1526/1372 1388/1595/1415
f 1540/1576/1380 1484/1598/1386 1458/1596/550 1497/1527/737
f 1390/1594/1414 1501/1533/1376 1499/1535/1377 1389/1599/1417
f 1534/1568/1399 1406/1600/1418 1389/1599/1417 1499/1535/1377
f 1391/1601/1419 1503/1541/1381 1516/1550/1388 1397/1602/1420
f 1392/1603/1421 1505/1537/1378 1503/1541/1381 1391/1601/1419
f 1515/1551/1389 1504/1540/1380 1485/1509/568 1609/1604/549 1574/1605/582
f 1506/1536/551 1485/1509/568 1504/1540/1380
f 1393/1606/1422 1508/1538/1379 1505/1537/1378 1392/1603/1421
f 1507/1539/551 1459/1510/1362 1485/1509/568 1506/1536/551
f 1416/1607/1423 1554/1588/1410 1508/1538/1379 1393/1606/1422
f 1507/1539/551 1553/1589/1396 1486/1511/604 1459/1510/1362
f 1457/1608/1424 1394/1609/1425 1509/1543/1382 1560/1580/1406
f 1556/1544/1383 1509/1543/1382 1394/1609/1425 1455/1610/1426
f 1512/1546/1385 1556/1544/1383 1455/1610/1426 1395/1611/1427
f 1396/1612/1428 1513/1549/1387 1512/1546/1385 1395/1611/1427
f 1397/1602/1420 1516/1550/1388 1513/1549/1387 1396/1612/1428
f 1521/1553/1390 1400/1613/1429 1398/1614/1430 1517/1521/1367
f 1538/1522/1368 1517/1521/1367 1398/1614/1430 1408/1615/1431
f 1463/1616/549 1522/1552/575 1518/1520/604 1461/1617/549
f 1537/1523/1369 1458/1596/550 1484/1598/1386 1518/1520/604
f 1518/1520/604 1484/1598/1386 1461/1617/549
f 1528/1557/1392 1403/1618/1432 1399/1619/1433 1519/1555/1391
f 1400/1613/1429 1521/1553/1390 1519/1555/1391 1399/1619/1433
f 1527/1556/572 1520/1554/577 49/686/549 63/685/550
f 49/686/549 1520/1554/577 1522/1552/575 1463/1616/549 50/687/549
f 1558/1562/1395 1523/1561/1394 1401/1620/1434 1456/1621/1435
f 1460/1512/549 1526/1564/552 1524/1560/582 1487/1513/549
f 1524/1560/582 1557/1563/1396 1487/1513/549
f 1525/1565/1397 1402/1622/1436 1401/1620/1434 1523/1561/1394
f 1554/1588/1410 1416/1607/1423 1402/1622/1436 1525/1565/1397
f 1553/1589/1396 1526/1564/552 1460/1512/549
f 1530/1559/1393 1404/1623/1437 1403/1618/1432 1528/1557/1392
f 1404/1623/1437 1530/1559/1393 1558/1562/1395 1456/1621/1435
f 1536/1571/1401 1407/1624/1438 1405/1625/1439 1532/1567/1398
f 1406/1600/1418 1534/1568/1399 1532/1567/1398 1405/1625/1439
f 60/634/609 47/694/651 1407/1624/1438 1536/1571/1401
f 1538/1522/1368 1408/1615/1431 1415/1626/1440 1551/1587/1409
f 1537/1523/1369 1552/1586/553 1458/1596/550
f 1411/1627/1441 1543/1573/1402 1539/1577/1404 1409/1597/1416
f 1544/1572/619 1461/1617/549 1484/1598/1386 1540/1576/1380
f 48/697/654 61/654/621 1542/1574/1403 1410/1628/1442
f 1543/1573/1402 1411/1627/1441 1410/1628/1442 1542/1574/1403
f 1544/1572/619 1541/1575/552 1463/1616/549 1461/1617/549
f 1541/1575/552 62/653/582 50/687/549 1463/1616/549
f 1549/1585/1408 1414/1629/1443 1412/1630/1444 1545/1583/1407
f 1413/1631/1445 1547/1579/1405 1545/1583/1407 1412/1630/1444
f 1413/1631/1445 1457/1608/1424 1560/1580/1406 1547/1579/1405
f 1551/1587/1409 1415/1626/1440 1414/1629/1443 1549/1585/1408
f 1458/1596/550 1552/1586/553 1550/1584/569 1462/1592/549
f 1553/1589/1396 1460/1512/549 1486/1511/604
f 1562/1632/1446 1597/1633/1447 1599/1634/1448 1564/1635/1449
f 1564/1635/1449 1599/1634/1448 1600/1636/1450 1563/1637/1451
f 1563/1637/1451 1600/1636/1450 1598/1638/1452 1561/1639/1453
f 1597/1633/1447 1565/1640/1454 1567/1641/1455 1599/1634/1448
f 1599/1634/1448 1567/1641/1455 1568/1642/1456 1600/1636/1450
f 1600/1636/1450 1568/1642/1456 1566/1643/1457 1598/1638/1452
f 1561/1639/1453 1601/1644/1458 1603/1645/1459 1563/1637/1451
f 1563/1637/1451 1603/1645/1459 1604/1646/1460 1564/1635/1449
f 1564/1635/1449 1604/1646/1460 1602/1647/1461 1562/1632/1446
f 1601/1644/1458 1581/1648/1462 1583/1649/1463 1603/1645/1459
f 1603/1645/1459 1583/1649/1463 1584/1650/1464 1604/1646/1460
f 1604/1646/1460 1584/1650/1464 1582/1651/1465 1602/1647/1461
f 1606/1652/1466 1585/1653/1467 1587/1654/1468 1608/1655/1469
f 1608/1655/1469 1587/1654/1468 1588/1656/1470 1607/1657/1471
f 1607/1657/1471 1588/1656/1470 1586/1658/549 1605/1659/1396
f 1574/1660/582 1609/1661/549 1611/1662/1472 1576/1663/1473
f 1576/1663/1473 1611/1662/1472 1612/1664/1474 1575/1665/1475
f 1575/1665/1475 1612/1664/1474 1610/1666/1476 1573/1667/1477
f 1609/1661/549 1577/1668/1478 1579/1669/1479 1611/1662/1472
f 1611/1662/1472 1579/1669/1479 1580/1670/1480 1612/1664/1474
f 1612/1664/1474 1580/1670/1480 1578/1671/1481 1610/1666/1476
f 1614/1672/1482 1589/1673/1483 1591/1674/1484 1616/1675/1485
f 1616/1675/1485 1591/1674/1484 1592/1676/1486 1615/1677/1487
f 1615/1677/1487 1592/1676/1486 1590/1678/1488 1613/1679/1489
f 1618/1680/1490 1593/1681/1491 1595/1682/1492 1620/1683/1493
f 1620/1683/1493 1595/1682/1492 1596/1684/1494 1619/1685/1495
f 1619/1685/1495 1596/1684/1494 1594/1686/1496 1617/1687/1497
f 1585/1653/1467 1621/1688/1498 1623/1689/1499 1587/1654/1468
f 1587/1654/1468 1623/1689/1499 1624/1690/1500 1588/1656/1470
f 1588/1656/1470 1624/1690/1500 1622/1691/550 1586/1658/549
f 1621/1688/1498 79/763/715 80/762/714 1623/1689/1499
f 1623/1689/1499 80/762/714 81/764/716 1624/1690/1500
f 1624/1690/1500 81/764/716 82/765/549 1622/1691/550
f 1638/1692/1501 1626/1693/1502 1628/1694/1503 1640/1695/1504
f 1640/1695/1504 1628/1694/1503 1627/1696/1505 1639/1697/1506
f 1639/1697/1506 1627/1696/1505 1625/1698/582 1637/1699/582
f 1642/1700/1507 1633/1701/1508 1635/1702/1509 1644/1703/1510
f 1644/1703/1510 1635/1702/1509 1636/1704/1511 1643/1705/1512
f 1643/1705/1512 1636/1704/1511 1634/1706/582 1641/1707/1513
f 1646/1708/582 1634/1706/582 1636/1704/1511 1648/1709/1514
f 1648/1709/1514 1636/1704/1511 1635/1702/1509 1647/1710/1515
f 1647/1710/1515 1635/1702/1509 1633/1701/1508 1645/1711/1516
f 1626/1693/1502 1606/1652/1466 1608/1655/1469 1628/1694/1503
f 1628/1694/1503 1608/1655/1469 1607/1657/1471 1627/1696/1505
f 1627/1696/1505 1607/1657/1471 1605/1659/1396 1625/1698/582
f 1570/1712/1517 1638/1692/1501 1640/1695/1504 1572/1713/1518
f 1572/1713/1518 1640/1695/1504 1639/1697/1506 1571/1714/1519
f 1571/1714/1519 1639/1697/1506 1637/1699/582 1569/1715/572
f 1573/1667/1477 1642/1700/1507 1644/1703/1510 1575/1665/1475
f 1575/1665/1475 1644/1703/1510 1643/1705/1512 1576/1663/1473
f 1576/1663/1473 1643/1705/1512 1641/1707/1513 1574/1660/582
f 1569/1715/572 1646/1708/582 1648/1709/1514 1571/1714/1519
f 1571/1714/1519 1648/1709/1514 1647/1710/1515 1572/1713/1518
f 1572/1713/1518 1647/1710/1515 1645/1711/1516 1570/1712/1517
f 1630/1716/1520 1614/1672/1482 1616/1675/1485 1632/1717/1521
f 1632/1717/1521 1616/1675/1485 1615/1677/1487 1631/1718/1522
f 1631/1718/1522 1615/1677/1487 1613/1679/1489 1629/1719/1523
f 1565/1640/1454 1649/1720/1524 1651/1721/1525 1567/1641/1455
f 1567/1641/1455 1651/1721/1525 1652/1722/1526 1568/1642/1456
f 1568/1642/1456 1652/1722/1526 1650/1723/1527 1566/1643/1457
f 1649/1720/1524 1594/1686/1496 1596/1684/1494 1651/1721/1525
f 1651/1721/1525 1596/1684/1494 1595/1682/1492 1652/1722/1526
f 1652/1722/1526 1595/1682/1492 1593/1681/1491 1650/1723/1527
f 1577/1668/1478 1653/1724/1528 1655/1725/1529 1579/1669/1479
f 1579/1669/1479 1655/1725/1529 1656/1726/1530 1580/1670/1480
f 1580/1670/1480 1656/1726/1530 1654/1727/1531 1578/1671/1481
f 1653/1724/1528 1590/1678/1488 1592/1676/1486 1655/1725/1529
f 1655/1725/1529 1592/1676/1486 1591/1674/1484 1656/1726/1530
f 1656/1726/1530 1591/1674/1484 1589/1673/1483 1654/1727/1531
f 1629/1719/1523 1618/1680/1490 1620/1683/1493 1631/1718/1522
f 1631/1718/1522 1620/1683/1493 1619/1685/1495 1632/1717/1521
f 1632/1717/1521 1619/1685/1495 1617/1687/1497 1630/1716/1520
f 1581/1648/1462 1657/1728/1532 1659/1729/1533 1583/1649/1463
f 1583/1649/1463 1659/1729/1533 1660/1730/1534 1584/1650/1464
f 1584/1650/1464 1660/1730/1534 1658/1731/1535 1582/1651/1465
f 1657/1728/1532 65/1732/755 67/1733/754 1659/1729/1533
f 1659/1729/1533 67/1733/754 66/1734/756 1660/1730/1534
f 1660/1730/1534 66/1734/756 64/1735/757 1658/1731/1535
f 1535/1570/1400 82/810/549 59/633/607
f 65/811/755 1657/1736/1532 1469/1428/1293 57/473/473
f 1601/1737/1458 1561/1738/1453 1598/1739/1452 1468/1425/1290
f 1468/1425/1290 1598/1739/1452 1566/1740/1457 1423/1426/1291
f 1471/1438/1303 1423/1426/1291 1566/1740/1457 1650/1741/1527
f 1569/1742/572 1548/1578/1386 1559/1581/1386 1646/1743/582
f 1511/1547/1386 1641/1744/1513 1555/1545/1384
f 1641/1744/1513 1634/1745/582 1510/1542/595 1555/1545/1384
f 1577/1746/1478 1609/1604/549 1485/1509/568 1424/1443/1308
f 1424/1443/1308 1472/1442/1307 1653/1747/1528 1577/1746/1478
f 1581/1748/1462 1601/1737/1458 1468/1425/1290 1422/1424/1289
f 1657/1736/1532 1581/1748/1462 1422/1424/1289 1469/1428/1293
f 1502/1532/1375 1605/1749/1396 1586/1750/549 1500/1534/1362
f 1613/1751/1489 1590/1752/1488 1427/1434/1299 1470/1431/1296
f 1472/1442/1307 1427/1434/1299 1590/1752/1488 1653/1747/1528
f 1475/1449/1314 1429/1439/1304 1593/1753/1491 1618/1754/1490
f 1429/1439/1304 1471/1438/1303 1650/1741/1527 1593/1753/1491
f 1629/1755/1523 1613/1751/1489 1470/1431/1296 1425/1430/1295
f 1425/1430/1295 1475/1449/1314 1618/1754/1490 1629/1755/1523
f 1646/1743/582 1559/1581/1386 1510/1542/595 1634/1745/582
f 1546/1582/557 1548/1578/1386 1569/1742/572
f 1514/1548/595 1515/1551/1389 1574/1605/582
f 1529/1558/582 1527/1556/572 63/685/550 83/832/549
f 1529/1558/582 83/832/549 52/568/549 1487/1513/549
f 1533/1569/1400 1500/1534/1362 1586/1750/549
f 1531/1566/554 1622/1756/550 82/810/549 1535/1570/1400
f 1531/1566/554 1533/1569/1400 1586/1750/549 1622/1756/550
f 1494/1530/557 1605/1749/1396 1502/1532/1375
f 1492/1528/1370 1462/1592/549 1637/1757/582 1625/1758/582
f 1494/1530/557 1492/1528/1370 1625/1758/582 1605/1749/1396
f 1550/1584/569 1546/1582/557 1569/1742/572 1637/1757/582 1462/1592/549
f 1511/1547/1386 1514/1548/595 1574/1605/582 1641/1744/1513
f 1666/1759/1536 1709/1760/1537 1711/1761/1538 1668/1762/1539
f 1668/1762/1539 1711/1761/1538 1712/1763/1540 1667/1764/1541
f 1667/1764/1541 1712/1763/1540 1710/1765/1542 1665/1766/1543
f 1709/1760/1537 1661/1767/1544 1663/1768/1545 1711/1761/1538
f 1711/1761/1538 1663/1768/1545 1664/1769/1546 1712/1763/1540
f 1712/1763/1540 1664/1769/1546 1662/1770/1547 1710/1765/1542
f 1686/1771/1548 1713/1772/1549 1715/1773/1550 1688/1774/1551
f 1688/1774/1551 1715/1773/1550 1716/1775/1552 1687/1776/1553
f 1687/1776/1553 1716/1775/1552 1714/1777/1554 1685/1778/1555
f 1713/1772/1549 1669/1779/1556 1671/1780/1557 1715/1773/1550
f 1715/1773/1550 1671/1780/1557 1672/1781/1558 1716/1775/1552
f 1716/1775/1552 1672/1781/1558 1670/1782/1559 1714/1777/1554
f 1690/1783/1560 1717/1784/1561 1719/1785/1562 1692/1786/1563
f 1692/1786/1563 1719/1785/1562 1720/1787/1564 1691/1788/1565
f 1691/1788/1565 1720/1787/1564 1718/1789/1566 1689/1790/1567
f 1717/1784/1561 84/869/791 85/868/790 1719/1785/1562
f 1719/1785/1562 85/868/790 86/870/792 1720/1787/1564
f 1720/1787/1564 86/870/792 87/871/715 1718/1789/1566
f 1669/1779/1556 1721/1791/1568 1723/1792/1569 1671/1780/1557
f 1671/1780/1557 1723/1792/1569 1724/1793/1570 1672/1781/1558
f 1672/1781/1558 1724/1793/1570 1722/1794/1571 1670/1782/1559
f 1721/1791/1568 1673/1795/1572 1675/1796/1573 1723/1792/1569
f 1723/1792/1569 1675/1796/1573 1676/1797/1574 1724/1793/1570
f 1724/1793/1570 1676/1797/1574 1674/1798/1575 1722/1794/1571
f 1682/1799/1576 1725/1800/1577 1727/1801/1578 1684/1802/1579
f 1684/1802/1579 1727/1801/1578 1728/1803/1580 1683/1804/1581
f 1683/1804/1581 1728/1803/1580 1726/1805/1582 1681/1806/1583
f 1725/1800/1577 1677/1807/1584 1679/1808/1585 1727/1801/1578
f 1727/1801/1578 1679/1808/1585 1680/1809/1586 1728/1803/1580
f 1728/1803/1580 1680/1809/1586 1678/1810/1587 1726/1805/1582
f 1706/1811/1588 1729/1812/1589 1731/1813/1590 1708/1814/1591
f 1708/1814/1591 1731/1813/1590 1732/1815/1592 1707/1816/1593
f 1707/1816/1593 1732/1815/1592 1730/1817/1594 1705/1818/1595
f 1729/1812/1589 1666/1759/1536 1668/1762/1539 1731/1813/1590
f 1731/1813/1590 1668/1762/1539 1667/1764/1541 1732/1815/1592
f 1732/1815/1592 1667/1764/1541 1665/1766/1543 1730/1817/1594
f 68/1819/821 1733/1820/1596 1735/1821/1597 70/1822/822
f 70/1822/822 1735/1821/1597 1736/1823/1598 71/1824/825
f 71/1824/825 1736/1823/1598 1734/1825/1599 69/1826/827
f 1733/1820/1596 1686/1771/1548 1688/1774/1551 1735/1821/1597
f 1735/1821/1597 1688/1774/1551 1687/1776/1553 1736/1823/1598
f 1736/1823/1598 1687/1776/1553 1685/1778/1555 1734/1825/1599
f 1661/1767/1544 1737/1827/1600 1739/1828/1601 1663/1768/1545
f 1663/1768/1545 1739/1828/1601 1740/1829/1602 1664/1769/1546
f 1664/1769/1546 1740/1829/1602 1738/1830/1603 1662/1770/1547
f 1737/1827/1600 1690/1783/1560 1692/1786/1563 1739/1828/1601
f 1739/1828/1601 1692/1786/1563 1691/1788/1565 1740/1829/1602
f 1740/1829/1602 1691/1788/1565 1689/1790/1567 1738/1830/1603
f 1698/1831/1604 1741/1832/1605 1743/1833/1606 1700/1834/1607
f 1700/1834/1607 1743/1833/1606 1744/1835/1608 1699/1836/1609
f 1699/1836/1609 1744/1835/1608 1742/1837/1610 1697/1838/1611
f 1741/1832/1605 1693/1839/1612 1695/1840/1613 1743/1833/1606
f 1743/1833/1606 1695/1840/1613 1696/1841/1614 1744/1835/1608
f 1744/1835/1608 1696/1841/1614 1694/1842/1615 1742/1837/1610
f 1702/1843/1616 1745/1844/1617 1747/1845/1618 1704/1846/1619
f 1704/1846/1619 1747/1845/1618 1748/1847/1620 1703/1848/1621
f 1703/1848/1621 1748/1847/1620 1746/1849/1622 1701/1850/1623
f 1745/1844/1617 1674/1798/1575 1676/1797/1574 1747/1845/1618
f 1747/1845/1618 1676/1797/1574 1675/1796/1573 1748/1847/1620
f 1748/1847/1620 1675/1796/1573 1673/1795/1572 1746/1849/1622
f 1681/1806/1583 1749/1851/1624 1751/1852/1625 1683/1804/1581
f 1683/1804/1581 1751/1852/1625 1752/1853/1626 1684/1802/1579
f 1684/1802/1579 1752/1853/1626 1750/1854/1627 1682/1799/1576
f 1749/1851/1624 1698/1831/1604 1700/1834/1607 1751/1852/1625
f 1751/1852/1625 1700/1834/1607 1699/1836/1609 1752/1853/1626
f 1752/1853/1626 1699/1836/1609 1697/1838/1611 1750/1854/1627
f 1693/1839/1612 1753/1855/1628 1755/1856/1629 1695/1840/1613
f 1695/1840/1613 1755/1856/1629 1756/1857/1630 1696/1841/1614
f 1696/1841/1614 1756/1857/1630 1754/1858/1631 1694/1842/1615
f 1753/1855/1628 1702/1843/1616 1704/1846/1619 1755/1856/1629
f 1755/1856/1629 1704/1846/1619 1703/1848/1621 1756/1857/1630
f 1756/1857/1630 1703/1848/1621 1701/1850/1623 1754/1858/1631
f 1677/1807/1584 1757/1859/1632 1759/1860/1633 1679/1808/1585
f 1679/1808/1585 1759/1860/1633 1760/1861/1634 1680/1809/1586
f 1680/1809/1586 1760/1861/1634 1758/1862/1635 1678/1810/1587
f 1757/1859/1632 1706/1811/1588 1708/1814/1591 1759/1860/1633
f 1759/1860/1633 1708/1814/1591 1707/1816/1593 1760/1861/1634
f 1760/1861/1634 1707/1816/1593 1705/1818/1595 1758/1862/1635
f 24/188/188 84/945/791 1717/1863/1561 1275/1151/1030
f 1621/1688/1498 1718/1789/1566 87/871/715 79/763/715
f 1256/1068/956 1733/1864/1596 68/1865/821 26/1070/95
f 1734/1825/1599 1658/1731/1535 64/1735/757 69/1826/827
f 1638/1692/1501 1710/1765/1542 1662/1770/1547 1626/1693/1502
f 1661/1866/1544 1709/1867/1537 1321/1397/1262 1233/1394/1259
f 1248/1011/905 1737/1868/1600 1661/1866/1544 1069/1013/907
f 1662/1770/1547 1738/1830/1603 1606/1652/1466 1626/1693/1502
f 1069/1013/907 1661/1866/1544 1233/1394/1259 1320/1393/1258
f 1665/1766/1543 1710/1765/1542 1638/1692/1501 1570/1712/1517
f 1666/1869/1536 1729/1870/1589 1322/1401/1266 1234/1398/1263
f 1709/1867/1537 1666/1869/1536 1234/1398/1263 1321/1397/1262
f 1645/1711/1516 1730/1817/1594 1665/1766/1543 1570/1712/1517
f 1065/1019/913 1669/1871/1556 1713/1872/1549 1270/1141/1020
f 1722/1794/1571 1597/1633/1447 1562/1632/1446 1670/1782/1559
f 1562/1632/1446 1602/1647/1461 1714/1777/1554 1670/1782/1559
f 1249/1017/911 1721/1873/1568 1669/1871/1556 1065/1019/913
f 1565/1640/1454 1597/1633/1447 1722/1794/1571 1674/1798/1575
f 1082/1016/910 1673/1874/1572 1721/1873/1568 1249/1017/911
f 1278/1165/1042 1746/1875/1622 1673/1874/1572 1082/1016/910
f 1745/1844/1617 1649/1720/1524 1565/1640/1454 1674/1798/1575
f 1610/1666/1476 1726/1805/1582 1678/1810/1587 1573/1667/1477
f 1677/1876/1584 1725/1877/1577 1279/1167/1044 1095/1169/1046
f 1757/1878/1632 1677/1876/1584 1095/1169/1046 1280/1171/1048
f 1678/1810/1587 1758/1862/1635 1642/1700/1507 1573/1667/1477
f 1578/1671/1481 1681/1806/1583 1726/1805/1582 1610/1666/1476
f 1725/1877/1577 1682/1879/1576 1086/1161/1038 1279/1167/1044
f 1682/1879/1576 1750/1880/1627 1277/1157/1034 1086/1161/1038
f 1654/1727/1531 1749/1851/1624 1681/1806/1583 1578/1671/1481
f 1714/1777/1554 1602/1647/1461 1582/1651/1465 1685/1778/1555
f 1117/1067/955 1686/1881/1548 1733/1864/1596 1256/1068/956
f 1270/1141/1020 1713/1872/1549 1686/1881/1548 1117/1067/955
f 1582/1651/1465 1658/1731/1535 1734/1825/1599 1685/1778/1555
f 1689/1790/1567 1718/1789/1566 1621/1688/1498 1585/1653/1467
f 1122/1010/904 1690/1882/1560 1737/1868/1600 1248/1011/905
f 1275/1151/1030 1717/1863/1561 1690/1882/1560 1122/1010/904
f 1606/1652/1466 1738/1830/1603 1689/1790/1567 1585/1653/1467
f 1630/1716/1520 1693/1839/1612 1741/1832/1605 1614/1672/1482
f 1742/1883/1610 1694/1884/1615 1130/1200/1074 1285/1199/1073
f 1130/1200/1074 1694/1884/1615 1754/1885/1631 1287/1206/1080
f 1630/1716/1520 1617/1687/1497 1753/1855/1628 1693/1839/1612
f 1614/1672/1482 1741/1832/1605 1698/1831/1604 1589/1673/1483
f 1697/1886/1611 1742/1883/1610 1285/1199/1073 1124/1158/1035
f 1750/1880/1627 1697/1886/1611 1124/1158/1035 1277/1157/1034
f 1589/1673/1483 1698/1831/1604 1749/1851/1624 1654/1727/1531
f 1594/1686/1496 1649/1720/1524 1745/1844/1617 1702/1843/1616
f 1144/1164/1041 1701/1887/1623 1746/1875/1622 1278/1165/1042
f 1753/1855/1628 1617/1687/1497 1594/1686/1496 1702/1843/1616
f 1287/1206/1080 1754/1885/1631 1701/1887/1623 1144/1164/1041
f 1705/1818/1595 1730/1817/1594 1645/1711/1516 1633/1701/1508
f 1706/1888/1588 1757/1878/1632 1280/1171/1048 1174/1173/1050
f 1729/1870/1589 1706/1888/1588 1174/1173/1050 1322/1401/1266
f 1642/1700/1507 1758/1862/1635 1705/1818/1595 1633/1701/1508
f 1557/1563/1396 1529/1558/582 1487/1513/549
f 1772/1322/1187 1761/1325/1190 1191/1289/1154 1789/1288/1153
f 1034/1378/1243 1772/1322/1187 1789/1288/1153 1190/1376/1241
f 1221/1364/1229 1806/1363/1228 1782/1336/1201 1047/1335/1200
f 1220/1360/1225 1805/1359/1224 1773/1297/1162 1764/1296/1161
f 1762/1290/1155 1222/1368/1233 1806/1363/1228 1771/1291/1156
f 1219/1355/1220 1804/1354/1219 1787/1345/1210 1055/1889/1636
f 1031/1268/1134 1229/1366/1231 1805/1359/1224 1788/1358/1223
f 1217/1351/1216 1803/1350/1215 1788/1358/1223 1056/1361/1226
f 1041/1320/1185 1239/1362/1227 1804/1354/1219 1779/1321/1186
f 1216/1890/1637 1802/1347/1212 1786/1349/1214 1054/1352/1217
f 1053/1353/1218 1245/1357/1222 1803/1350/1215 1786/1349/1214
f 1214/1341/1206 1801/1340/1205 1784/1331/1196 1051/1406/1271
f 1055/1889/1636 1787/1345/1210 1802/1347/1212 1216/1890/1637
f 1212/1338/1203 1800/1337/1202 1785/1339/1204 1052/1342/1207
f 1770/1344/1209 1215/1348/1213 1801/1340/1205 1785/1339/1204
f 1210/1404/1269 1799/1334/1199 1778/1302/1167 1040/1399/1264
f 1050/1891/1638 1213/1343/1208 1800/1337/1202 1783/1326/1191
f 1208/1892/1639 1798/1329/1194 1782/1336/1201 1048/1369/1234
f 1051/1406/1271 1784/1331/1196 1799/1334/1199 1210/1404/1269
f 1206/1324/1189 1797/1323/1188 1781/1316/1181 1046/1893/1640
f 1050/1891/1638 1783/1326/1191 1798/1329/1194 1208/1892/1639
f 1204/1894/1641 1796/1319/1184 1780/1311/1176 1044/1895/1642
f 1034/1378/1243 1207/1330/1195 1797/1323/1188 1772/1322/1187
f 1202/1896/1643 1795/1314/1179 1779/1321/1186 1042/1356/1221
f 1046/1893/1640 1781/1316/1181 1796/1319/1184 1204/1894/1641
f 1200/1309/1174 1794/1308/1173 1775/1292/1157 1037/1389/1254
f 1044/1895/1642 1780/1311/1176 1795/1314/1179 1202/1896/1643
f 1198/1400/1265 1793/1305/1170 1777/1298/1163 1039/1395/1260
f 1767/1306/1171 1201/1315/1180 1794/1308/1173 1776/1307/1172
f 1196/1396/1261 1792/1301/1166 1776/1307/1172 1038/1310/1175
f 1040/1399/1264 1778/1302/1167 1793/1305/1170 1198/1400/1265
f 1194/1390/1255 1791/1295/1160 1774/1284/1149 1036/1385/1250
f 1039/1395/1260 1777/1298/1163 1792/1301/1166 1196/1396/1261
f 1192/1386/1251 1790/1287/1152 1773/1297/1162 1035/1367/1232
f 1037/1389/1254 1775/1292/1157 1791/1295/1160 1194/1390/1255
f 1190/1376/1241 1789/1288/1153 1771/1291/1156 1033/1365/1230
f 1036/1385/1250 1774/1284/1149 1790/1287/1152 1192/1386/1251
f 1866/1897/1644 1904/1898/1645 1906/1899/1646 1867/1900/1647
f 1867/1900/1647 1906/1899/1646 1905/1901/1648 1865/1902/1649
f 1904/1898/1645 1877/1903/1650 1879/1904/1651 1906/1899/1646
f 1906/1899/1646 1879/1904/1651 1878/1905/1652 1905/1901/1648
f 1869/1906/1653 1907/1907/1654 1909/1908/1655 1870/1909/1656
f 1870/1909/1656 1909/1908/1655 1908/1910/1657 1868/1911/1658
f 1907/1907/1654 1862/1912/1659 1864/1913/1660 1909/1908/1655
f 1909/1908/1655 1864/1913/1660 1863/1914/1661 1908/1910/1657
f 1872/1915/1662 1910/1916/1663 1912/1917/1664 1873/1918/1665
f 1873/1918/1665 1912/1917/1664 1911/1919/1666 1871/1920/1667
f 1910/1916/1663 1859/1921/1668 1861/1922/1669 1912/1917/1664
f 1912/1917/1664 1861/1922/1669 1860/1923/1670 1911/1919/1666
f 1862/1912/1659 1913/1924/1671 1915/1925/1672 1864/1913/1660
f 1864/1913/1660 1915/1925/1672 1914/1926/1673 1863/1914/1661
f 1913/1924/1671 1856/1927/1674 1858/1928/1675 1915/1925/1672
f 1915/1925/1672 1858/1928/1675 1857/1929/1676 1914/1926/1673
f 1859/1921/1668 1916/1930/1677 1918/1931/1678 1861/1922/1669
f 1861/1922/1669 1918/1931/1678 1917/1932/1679 1860/1923/1670
f 1916/1930/1677 1866/1897/1644 1867/1900/1647 1918/1931/1678
f 1918/1931/1678 1867/1900/1647 1865/1902/1649 1917/1932/1679
f 1881/1933/1680 1919/1934/1681 1921/1935/1682 1882/1936/1683
f 1882/1936/1683 1921/1935/1682 1920/1937/1684 1880/1938/1685
f 1919/1934/1681 1869/1906/1653 1870/1909/1656 1921/1935/1682
f 1921/1935/1682 1870/1909/1656 1868/1911/1658 1920/1937/1684
f 1875/1939/1686 1922/1940/1687 1924/1941/1688 1876/1942/1689
f 1876/1942/1689 1924/1941/1688 1923/1943/1690 1874/1944/1691
f 1922/1940/1687 1872/1915/1662 1873/1918/1665 1924/1941/1688
f 1924/1941/1688 1873/1918/1665 1871/1920/1667 1923/1943/1690
f 1856/1927/1674 1925/1945/1692 1927/1946/1693 1858/1928/1675
f 1858/1928/1675 1927/1946/1693 1926/1947/1694 1857/1929/1676
f 1925/1945/1692 1875/1939/1686 1876/1942/1689 1927/1946/1693
f 1927/1946/1693 1876/1942/1689 1874/1944/1691 1926/1947/1694
f 1929/1948/1695 1892/1949/1696 1894/1950/1697 1930/1951/1698
f 1930/1951/1698 1894/1950/1697 1893/1952/1699 1928/1953/1700
f 1877/1903/1650 1929/1948/1695 1930/1951/1698 1879/1904/1651
f 1879/1904/1651 1930/1951/1698 1928/1953/1700 1878/1905/1652
f 1932/1954/1701 1895/1955/1702 1897/1956/1703 1933/1957/1704
f 1933/1957/1704 1897/1956/1703 1896/1958/1705 1931/1959/1706
f 1890/1960/1707 1932/1954/1701 1933/1957/1704 1891/1961/1708
f 1891/1961/1708 1933/1957/1704 1931/1959/1706 1889/1962/1709
f 1935/1963/1710 1898/1964/1711 1900/1965/1712 1936/1966/1713
f 1936/1966/1713 1900/1965/1712 1899/1967/1714 1934/1968/1715
f 1887/1969/1716 1935/1963/1710 1936/1966/1713 1888/1970/1717
f 1888/1970/1717 1936/1966/1713 1934/1968/1715 1886/1971/1718
f 1938/1972/1719 1890/1960/1707 1891/1961/1708 1939/1973/1720
f 1939/1973/1720 1891/1961/1708 1889/1962/1709 1937/1974/1721
f 1884/1975/1722 1938/1972/1719 1939/1973/1720 1885/1976/1723
f 1885/1976/1723 1939/1973/1720 1937/1974/1721 1883/1977/1724
f 1941/1978/1725 1887/1969/1716 1888/1970/1717 1942/1979/1726
f 1942/1979/1726 1888/1970/1717 1886/1971/1718 1940/1980/1727
f 1892/1949/1696 1941/1978/1725 1942/1979/1726 1894/1950/1697
f 1894/1950/1697 1942/1979/1726 1940/1980/1727 1893/1952/1699
f 1944/1981/1728 1881/1982/1680 1882/1983/1683 1945/1984/1729
f 1945/1984/1729 1882/1983/1683 1880/1985/1685 1943/1986/1730
f 1895/1955/1702 1944/1981/1728 1945/1984/1729 1897/1956/1703
f 1897/1956/1703 1945/1984/1729 1943/1986/1730 1896/1958/1705
f 1947/1987/1731 1901/1988/1732 1903/1989/1733 1948/1990/1734
f 1948/1990/1734 1903/1989/1733 1902/1991/1735 1946/1992/1736
f 1898/1964/1711 1947/1987/1731 1948/1990/1734 1900/1965/1712
f 1900/1965/1712 1948/1990/1734 1946/1992/1736 1899/1967/1714
f 1950/1993/1737 1884/1975/1722 1885/1976/1723 1951/1994/1738
f 1951/1994/1738 1885/1976/1723 1883/1977/1724 1949/1995/1739
f 1901/1988/1732 1950/1993/1737 1951/1994/1738 1903/1989/1733
f 1903/1989/1733 1951/1994/1738 1949/1995/1739 1902/1991/1735
f 1913/1924/1671 1825/12/12 1809/11/11 1856/1927/1674
f 1914/1926/1673 1857/1929/1676 1956/1996/1740 1955/1997/1741
f 1857/1929/1676 1926/1947/1694 1958/1998/1742 1956/1996/1740
f 1856/1927/1674 1809/11/11 1830/215/215 1925/1945/1692
f 1910/1916/1663 1824/6/6 1807/5/5 1859/1921/1668
f 1911/1919/1666 1860/1923/1670 1954/1999/1743 1849/2000/1744
f 1860/1923/1670 1917/1932/1679 1957/2001/1745 1954/1999/1743
f 1859/1921/1668 1807/5/5 1827/125/125 1916/1930/1677
f 1907/1907/1654 1823/1/1 1808/108/108 1862/1912/1659
f 1908/1910/1657 1863/1914/1661 1953/2002/1746 1848/2003/1747
f 1863/1914/1661 1914/1926/1673 1955/1997/1741 1953/2002/1746
f 1862/1912/1659 1808/108/108 1825/12/12 1913/1924/1671
f 1917/1932/1679 1865/1902/1649 1839/2004/1748 1957/2001/1745
f 1865/1902/1649 1905/1901/1648 1847/2005/1749 1839/2004/1748
f 1916/1930/1677 1827/125/125 1812/123/123 1866/1897/1644
f 1866/1897/1644 1812/123/123 1826/111/111 1904/1898/1645
f 1920/1937/1684 1868/1911/1658 1840/2006/1750 1850/2007/1751
f 1868/1911/1658 1908/1910/1657 1848/2003/1747 1840/2006/1750
f 1919/1934/1681 1828/151/151 1813/2/2 1869/1906/1653
f 1869/1906/1653 1813/2/2 1823/1/1 1907/1907/1654
f 1923/1943/1690 1871/1920/1667 1841/2008/1752 1851/2009/1753
f 1871/1920/1667 1911/1919/1666 1849/2000/1744 1841/2008/1752
f 1922/1940/1687 1829/193/193 1814/9/9 1872/1915/1662
f 1872/1915/1662 1814/9/9 1824/6/6 1910/1916/1663
f 1926/1947/1694 1874/1944/1691 1842/2010/1754 1958/1998/1742
f 1874/1944/1691 1923/1943/1690 1851/2009/1753 1842/2010/1754
f 1925/1945/1692 1830/215/215 1815/213/213 1875/1939/1686
f 1875/1939/1686 1815/213/213 1829/193/193 1922/1940/1687
f 1904/1898/1645 1826/111/111 1810/110/110 1877/1903/1650
f 1905/1901/1648 1878/1905/1652 1952/2011/1755 1847/2005/1749
f 1959/2012/1756 1952/2011/1755 1878/1905/1652 1928/1953/1700
f 1929/1948/1695 1877/1903/1650 1810/110/110 1834/1084/966
f 1843/2013/1757 1854/2014/1758 1943/1986/1730 1880/1985/1685
f 1880/1938/1685 1920/1937/1684 1850/2007/1751 1843/2015/1757
f 1881/1982/1680 1944/1981/1728 1836/1120/1001 1811/1153/191
f 1881/1933/1680 1811/191/191 1828/151/151 1919/1934/1681
f 1844/2016/1759 1855/2017/1760 1949/1995/1739 1883/1977/1724
f 1852/2018/1761 1844/2016/1759 1883/1977/1724 1937/1974/1721
f 1884/1975/1722 1950/1993/1737 1838/1177/1054 1818/988/882
f 1938/1972/1719 1884/1975/1722 1818/988/882 1833/987/881
f 1845/2019/1762 1853/2020/1763 1940/1980/1727 1886/1971/1718
f 1963/2021/1764 1845/2019/1762 1886/1971/1718 1934/1968/1715
f 1887/1969/1716 1941/1978/1725 1835/1097/979 1816/982/876
f 1935/1963/1710 1887/1969/1716 1816/982/876 1832/981/875
f 1846/2022/1765 1852/2018/1761 1937/1974/1721 1889/1962/1709
f 1961/2023/1766 1846/2022/1765 1889/1962/1709 1931/1959/1706
f 1890/1960/1707 1938/1972/1719 1833/987/881 1817/245/245
f 1932/1954/1701 1890/1960/1707 1817/245/245 1831/244/244
f 1853/2020/1763 1960/2024/1767 1893/1952/1699 1940/1980/1727
f 1941/1978/1725 1892/1949/1696 1819/1095/977 1835/1097/979
f 1960/2024/1767 1959/2012/1756 1928/1953/1700 1893/1952/1699
f 1892/1949/1696 1929/1948/1695 1834/1084/966 1819/1095/977
f 1854/2014/1758 1962/2025/1768 1896/1958/1705 1943/1986/1730
f 1944/1981/1728 1895/1955/1702 1820/979/873 1836/1120/1001
f 1962/2025/1768 1961/2023/1766 1931/1959/1706 1896/1958/1705
f 1895/1955/1702 1932/1954/1701 1831/244/244 1820/979/873
f 1965/2026/1769 1964/2027/1770 1899/1967/1714 1946/1992/1736
f 1947/1987/1731 1898/1964/1711 1821/985/879 1837/1155/1032
f 1964/2027/1770 1963/2021/1764 1934/1968/1715 1899/1967/1714
f 1898/1964/1711 1935/1963/1710 1832/981/875 1821/985/879
f 1855/2017/1760 1966/2028/1771 1902/1991/1735 1949/1995/1739
f 1950/1993/1737 1901/1988/1732 1822/1175/1052 1838/1177/1054
f 1966/2028/1771 1965/2026/1769 1946/1992/1736 1902/1991/1735
f 1901/1988/1732 1947/1987/1731 1837/1155/1032 1822/1175/1052
f 1808/108/108 1823/1/1 178/4/4 89/109/109
f 1215/2029/1772 1967/2030/1773 1211/2031/1774 1769/2032/1775
f 1967/2030/1773 1970/2033/1776 1768/2034/1777 1211/2031/1774
f 1970/2033/1776 1973/2035/1778 1199/2036/1779 1768/2034/1777
f 1973/2035/1778 1976/2037/1780 1766/2038/1781 1199/2036/1779
f 1976/2037/1780 1979/2039/1782 1197/2040/1783 1766/2038/1781
f 1979/2039/1782 1982/2041/1784 1767/2042/1785 1197/2040/1783
f 1982/2041/1784 1985/2043/1786 1201/2044/1787 1767/2042/1785
f 1985/2043/1786 1988/2045/1788 1765/2046/1789 1201/2044/1787
f 1988/2045/1788 1991/2047/1790 1195/2048/1791 1765/2046/1789
f 1991/2047/1790 1994/2049/1792 1763/2050/1793 1195/2048/1791
f 1994/2049/1792 1997/2051/1794 1193/2052/1795 1763/2050/1793
f 1997/2051/1794 2000/2053/1796 1764/2054/1797 1193/2052/1795
f 2000/2053/1796 2003/2055/1798 1220/2056/1799 1764/2054/1797
f 2003/2055/1798 1217/2057/1800 1056/2058/1801 1220/2056/1799
f 1770/2059/1802 1968/2060/1803 1967/2030/1773 1215/2029/1772
f 1968/2060/1803 1971/2061/1804 1970/2033/1776 1967/2030/1773
f 1971/2061/1804 1974/2062/1805 1973/2035/1778 1970/2033/1776
f 1974/2062/1805 1977/2063/1806 1976/2037/1780 1973/2035/1778
f 1977/2063/1806 1980/2064/1807 1979/2039/1782 1976/2037/1780
f 1980/2064/1807 1983/2065/1808 1982/2041/1784 1979/2039/1782
f 1983/2065/1808 1986/2066/1809 1985/2043/1786 1982/2041/1784
f 1986/2066/1809 1989/2067/1810 1988/2045/1788 1985/2043/1786
f 1989/2067/1810 1992/2068/1811 1991/2047/1790 1988/2045/1788
f 1992/2068/1811 1995/2069/1812 1994/2049/1792 1991/2047/1790
f 1995/2069/1812 1998/2070/1813 1997/2051/1794 1994/2049/1792
f 1998/2070/1813 2001/2071/1814 2000/2053/1796 1997/2051/1794
f 2001/2071/1814 2004/2072/1815 2003/2055/1798 2000/2053/1796
f 2004/2072/1815 1054/2073/1816 1217/2057/1800 2003/2055/1798
f 1213/2074/1817 1969/2075/1818 1968/2060/1803 1770/2059/1802
f 1969/2075/1818 1972/2076/1819 1971/2061/1804 1968/2060/1803
f 1972/2076/1819 1975/2077/1820 1974/2062/1805 1971/2061/1804
f 1975/2077/1820 1978/2078/1821 1977/2063/1806 1974/2062/1805
f 1978/2078/1821 1981/2079/1822 1980/2064/1807 1977/2063/1806
f 1981/2079/1822 1984/2080/1823 1983/2065/1808 1980/2064/1807
f 1984/2080/1823 1987/2081/1824 1986/2066/1809 1983/2065/1808
f 1987/2081/1824 1990/2082/1825 1989/2067/1810 1986/2066/1809
f 1990/2082/1825 1993/2083/1826 1992/2068/1811 1989/2067/1810
f 1993/2083/1826 1996/2084/1827 1995/2069/1812 1992/2068/1811
f 1996/2084/1827 1999/2085/1828 1998/2070/1813 1995/2069/1812
f 1999/2085/1828 2002/2086/1829 2001/2071/1814 1998/2070/1813
f 2002/2086/1829 2005/2087/1830 2004/2072/1815 2001/2071/1814
f 2005/2087/1830 1216/2088/1831 1054/2073/1816 2004/2072/1815
f 1050/2089/1832 1208/2090/1833 1969/2075/1818 1213/2074/1817
f 1208/2090/1833 1048/2091/1834 1972/2076/1819 1969/2075/1818
f 1048/2091/1834 1222/2092/1835 1975/2077/1820 1972/2076/1819
f 1222/2092/1835 1762/2093/1836 1978/2078/1821 1975/2077/1820
f 1762/2093/1836 1191/2094/1837 1981/2079/1822 1978/2078/1821
f 1191/2094/1837 1761/2095/1838 1984/2080/1823 1981/2079/1822
f 1761/2095/1838 1206/2096/1839 1987/2081/1824 1984/2080/1823
f 1206/2096/1839 1046/2097/1840 1990/2082/1825 1987/2081/1824
f 1046/2097/1840 1204/2098/1841 1993/2083/1826 1990/2082/1825
f 1204/2098/1841 1044/2099/1842 1996/2084/1827 1993/2083/1826
f 1044/2099/1842 1202/2100/1843 1999/2085/1828 1996/2084/1827
f 1202/2100/1843 1042/2101/1844 2002/2086/1829 1999/2085/1828
f 1042/2101/1844 1219/2102/1845 2005/2087/1830 2002/2086/1829
f 1219/2102/1845 1055/2103/1846 1216/2088/1831 2005/2087/1830
usemtl TAM
f 463/2104/550 539/2105/549 611/2106/549 538/2107/549
f 461/2108/549 540/2109/549 611/2106/549 539/2105/549
f 459/2110/549 541/2111/549 611/2106/549 540/2109/549
f 458/2112/549 542/2113/549 611/2106/549 541/2111/549
f 36/2114/549 58/2115/549 611/2106/549 542/2113/549
f 37/2116/549 585/2117/549 611/2106/549 58/2115/549
f 465/2118/549 538/2107/549 611/2106/549 585/2117/549
f 1342/2119/550 1417/2120/549 1490/2121/549 1418/2122/549
f 1340/2123/549 1418/2122/549 1490/2121/549 1419/2124/549
f 1338/2125/549 1419/2124/549 1490/2121/549 1420/2126/549
f 1337/2127/549 1420/2126/549 1490/2121/549 1421/2128/549
f 36/2114/549 1421/2128/549 1490/2121/549 58/2115/549
f 37/2116/549 58/2115/549 1490/2121/549 1464/2129/549
f 1344/2130/549 1464/2129/549 1490/2121/549 1417/2120/549
usemtl buttons
f 480/2131/549 481/2132/549 482/2133/549 483/2134/549 575/2135/549 574/2136/549 471/2137/549 474/2138/549 473/2139/549 472/2140/549 470/2141/549
f 575/2142/1847 577/2143/1848 525/2144/1849 464/2145/1849
f 489/2146/1850 506/2147/1850 508/2148/1851 487/2149/1851
f 507/2150/1852 490/2151/1852 486/2152/1853 511/2153/1853
f 513/2154/1854 470/2155/1854 472/2156/1855 512/2157/1855
f 519/2158/1856 466/2159/1856 469/2160/1857 521/2161/1858
f 530/2162/1859 457/2163/1859 485/2164/1860 509/2165/1861
f 480/2166/1862 514/2167/1863 537/2168/1864 481/2169/1864
f 482/2170/1865 523/2171/1865 522/2172/1866 483/2173/1867
f 512/2157/1855 472/2156/1855 473/2174/1868 518/2175/1868
f 509/2165/1861 485/2164/1860 487/2149/1851 508/2148/1851
f 536/2176/1869 477/2177/1870 475/2178/1871 529/2179/1872
f 506/2147/1850 489/2146/1850 490/2151/1852 507/2150/1852
f 529/2179/1872 475/2178/1871 466/2159/1856 519/2158/1856
f 511/2153/1853 486/2152/1853 492/2180/1873 510/2181/1873
f 510/2181/1873 492/2180/1873 455/2182/1874 527/2183/1875
f 455/2182/1874 491/2184/1876 526/2185/1876 527/2183/1875
f 514/2167/1863 480/2166/1862 470/2155/1854 513/2154/1854
f 471/2186/1877 574/2187/1878 576/2188/1879 516/2189/1877
f 534/2190/1880 578/2191/1881 574/2187/1878 476/2192/1882
f 518/2175/1868 473/2174/1868 474/2193/1883 517/2194/1883
f 515/2195/1884 574/2187/1878 578/2191/1881
f 517/2194/1883 474/2193/1883 471/2186/1877 516/2189/1877
f 521/2161/1858 469/2160/1857 468/2196/1885 520/2197/1885
f 520/2197/1885 468/2196/1885 467/2198/1886 524/2199/1887
f 534/2190/1880 476/2192/1882 479/2200/1888 533/2201/1888
f 524/2199/1887 467/2198/1886 464/2145/1849 525/2144/1849
f 481/2169/1864 537/2168/1864 523/2171/1865 482/2170/1865
f 522/2172/1866 577/2143/1848 575/2142/1847 483/2173/1867
f 460/2202/1889 462/2203/1890 532/2204/1890 531/2205/1891
f 456/2206/1892 528/2207/1892 526/2185/1876 491/2184/1876
f 532/2204/1890 462/2203/1890 457/2163/1859 530/2162/1859
f 533/2201/1888 479/2200/1888 478/2208/1893 535/2209/1894
f 535/2210/1894 478/2211/1893 477/2177/1870 536/2176/1869
f 457/2212/549 462/2213/549 460/2214/549 46/2215/549 45/2216/549 456/2217/549 491/2218/549 455/2219/549 492/2220/549 486/2221/549 490/2222/549 489/2223/549 487/2224/549 485/2225/549
f 456/2206/1892 45/2226/1895 47/2227/1895 528/2207/1892
f 48/2228/1896 46/2229/1896 460/2202/1889 531/2205/1891
f 478/2230/549 479/2231/549 476/2232/549 574/2136/549 575/2135/549 464/2233/549 467/2234/549 468/2235/549 469/2236/549 466/2237/549 475/2238/549 477/2239/549
f 576/2188/1879 574/2187/1878 515/2195/1884
f 1359/2240/549 1349/2241/549 1351/2242/549 1352/2243/549 1353/2244/549 1350/2245/549 1453/2246/549 1454/2247/549 1362/2248/549 1361/2249/549 1360/2250/549
f 1454/2251/1897 1343/2252/1898 1404/2253/1898 1456/2254/1899
f 1368/2255/1900 1366/2256/1901 1387/2257/1901 1385/2258/1900
f 1386/2259/1902 1390/2260/1903 1365/2261/1903 1369/2262/1902
f 1392/2263/1904 1391/2264/1905 1351/2265/1905 1349/2266/1904
f 1398/2267/1906 1400/2268/1907 1348/2269/1907 1345/2270/1906
f 1409/2271/1908 1388/2272/1909 1364/2273/1909 1336/2274/1908
f 1359/2275/1910 1360/2276/1911 1416/2277/1911 1393/2278/1912
f 1361/2279/1913 1362/2280/1914 1401/2281/1914 1402/2282/1913
f 1391/2264/1905 1397/2283/1915 1352/2284/1915 1351/2265/1905
f 1388/2272/1909 1387/2257/1901 1366/2256/1901 1364/2273/1909
f 1415/2285/1916 1408/2286/1917 1354/2287/1918 1356/2288/1919
f 1385/2258/1900 1386/2259/1902 1369/2262/1902 1368/2255/1900
f 1408/2286/1917 1398/2267/1906 1345/2270/1906 1354/2287/1918
f 1390/2260/1903 1389/2289/1920 1371/2290/1920 1365/2261/1903
f 1389/2289/1920 1406/2291/1921 1334/2292/1921 1371/2290/1920
f 1334/2292/1921 1406/2291/1921 1405/2293/1922 1370/2294/1923
f 1393/2278/1912 1392/2263/1904 1349/2266/1904 1359/2275/1910
f 1350/2295/1924 1395/2296/1924 1455/2297/1925 1453/2298/1926
f 1413/2299/1927 1355/2300/1928 1453/2298/1926 1457/2301/1929
f 1397/2283/1915 1396/2302/1930 1353/2303/1930 1352/2284/1915
f 1394/2304/1931 1457/2301/1929 1453/2298/1926
f 1396/2302/1930 1395/2296/1924 1350/2295/1924 1353/2303/1930
f 1400/2268/1907 1399/2305/1932 1347/2306/1932 1348/2269/1907
f 1399/2305/1932 1403/2307/1933 1346/2308/1933 1347/2306/1932
f 1413/2299/1927 1412/2309/1934 1358/2310/1934 1355/2300/1928
f 1403/2307/1933 1404/2253/1898 1343/2252/1898 1346/2308/1933
f 1360/2276/1911 1361/2279/1913 1402/2282/1913 1416/2277/1911
f 1401/2281/1914 1362/2280/1914 1454/2251/1897 1456/2254/1899
f 1339/2311/1935 1410/2312/1935 1411/2313/1936 1341/2314/1936
f 1335/2315/1937 1370/2294/1923 1405/2293/1922 1407/2316/1937
f 1411/2313/1936 1409/2271/1908 1336/2274/1908 1341/2314/1936
f 1412/2309/1934 1414/2317/1938 1357/2318/1938 1358/2310/1934
f 1414/2319/1938 1415/2285/1916 1356/2288/1919 1357/2320/1938
f 1336/2321/549 1364/2322/549 1366/2323/549 1368/2324/549 1369/2325/549 1365/2326/549 1371/2327/549 1334/2328/549 1370/2329/549 1335/2330/549 45/2216/549 46/2215/549 1339/2331/549 1341/2332/549
f 1335/2315/1937 1407/2316/1937 47/2227/1895 45/2226/1895
f 48/2333/1896 1410/2312/1935 1339/2311/1935 46/2334/1896
f 1357/2335/549 1356/2336/549 1354/2337/549 1345/2338/549 1348/2339/549 1347/2340/549 1346/2341/549 1343/2342/549 1454/2247/549 1453/2246/549 1355/2343/549 1358/2344/549
f 1455/2297/1925 1394/2304/1931 1453/2298/1926
f 2006/2345/1939 2007/2346/1940 2012/2347/1941 2010/2348/1942
f 2008/2349/1943 2197/2350/1944 2007/2346/1940 2006/2345/1939
f 2193/2351/1945 2008/2349/1943 2006/2345/1939 2009/2352/1946
f 2006/2345/1939 2010/2348/1942 2013/2353/1947 2009/2352/1946
f 2013/2353/1947 2010/2348/1942 2011/2354/1948 2014/2355/1949
f 2010/2348/1942 2012/2347/1941 2031/2356/1950 2011/2354/1948
f 2009/2352/1946 2013/2353/1947 2015/2357/1951 2016/2358/1952
f 2015/2357/1951 2013/2353/1947 2014/2355/1949 2017/2359/1953
f 2016/2358/1952 2015/2357/1951 2018/2360/1954 2019/2361/1955
f 2018/2360/1954 2015/2357/1951 2017/2359/1953 2020/2362/1956
f 2019/2361/1955 2018/2360/1954 2021/2363/1957 2022/2364/1958
f 2021/2363/1957 2018/2360/1954 2020/2362/1956 2023/2365/1959
f 2022/2364/1958 2021/2363/1957 2024/2366/1960 2025/2367/1961
f 2024/2366/1960 2021/2363/1957 2023/2365/1959 2026/2368/1962
f 2025/2367/1961 2024/2366/1960 2027/2369/1963 2028/2370/1964
f 2027/2369/1963 2024/2366/1960 2026/2368/1962 2029/2371/1965
f 2028/2372/1964 2027/2373/1963 2012/2347/1941 2007/2346/1940
f 2012/2347/1941 2027/2373/1963 2029/2374/1965 2031/2356/1950
f 2029/2374/1965 2030/2375/1966 2032/2376/1967 2031/2356/1950
f 2026/2368/1962 2044/2377/1968 2030/2378/1966 2029/2371/1965
f 2011/2354/1948 2031/2356/1950 2032/2376/1967 2034/2379/1969
f 2032/2376/1967 2030/2375/1966 2047/2380/1970 2033/2381/1971
f 2034/2379/1969 2032/2376/1967 2033/2381/1971 2035/2382/1972
f 2036/2383/1973 2034/2379/1969 2035/2382/1972 2037/2384/1974
f 2011/2354/1948 2034/2379/1969 2036/2383/1973 2014/2355/1949
f 2038/2385/1975 2036/2383/1973 2037/2384/1974 2039/2386/1976
f 2014/2355/1949 2036/2383/1973 2038/2385/1975 2017/2359/1953
f 2040/2387/1977 2038/2385/1975 2039/2386/1976 2041/2388/1978
f 2017/2359/1953 2038/2385/1975 2040/2387/1977 2020/2362/1956
f 2042/2389/1979 2040/2387/1977 2041/2388/1978 2043/2390/1980
f 2020/2362/1956 2040/2387/1977 2042/2389/1979 2023/2365/1959
f 2044/2377/1968 2042/2389/1979 2043/2390/1980 2045/2391/1981
f 2023/2365/1959 2042/2389/1979 2044/2377/1968 2026/2368/1962
f 2030/2378/1966 2044/2377/1968 2045/2391/1981 2047/2392/1970
f 2045/2391/1981 2046/2393/1982 2048/2394/1983 2047/2392/1970
f 2043/2390/1980 2060/2395/1984 2046/2393/1982 2045/2391/1981
f 2047/2380/1970 2048/2396/1983 2050/2397/1985 2033/2381/1971
f 2050/2397/1985 2048/2396/1983 2049/2398/1986 2051/2399/1987
f 2048/2394/1983 2046/2393/1982 2063/2400/1988 2049/2401/1986
f 2052/2402/1989 2050/2397/1985 2051/2399/1987 2053/2403/1990
f 2035/2382/1972 2033/2381/1971 2050/2397/1985 2052/2402/1989
f 2054/2404/1991 2052/2402/1989 2053/2403/1990 2055/2405/1992
f 2035/2382/1972 2052/2402/1989 2054/2404/1991 2037/2384/1974
f 2056/2406/1993 2054/2404/1991 2055/2405/1992 2057/2407/1994
f 2037/2384/1974 2054/2404/1991 2056/2406/1993 2039/2386/1976
f 2058/2408/1995 2056/2406/1993 2057/2407/1994 2059/2409/1996
f 2039/2386/1976 2056/2406/1993 2058/2408/1995 2041/2388/1978
f 2060/2395/1984 2058/2408/1995 2059/2409/1996 2061/2410/1997
f 2041/2388/1978 2058/2408/1995 2060/2395/1984 2043/2390/1980
f 2046/2393/1982 2060/2395/1984 2061/2410/1997 2063/2400/1988
f 2061/2410/1997 2062/2411/1998 2064/2412/1999 2063/2400/1988
f 2059/2409/1996 2076/2413/2000 2062/2411/1998 2061/2410/1997
f 2063/2400/1988 2064/2412/1999 2066/2414/2001 2049/2401/1986
f 2066/2414/2001 2064/2412/1999 2065/2415/2002 2067/2416/2003
f 2064/2412/1999 2062/2411/1998 2079/2417/2004 2065/2415/2002
f 2068/2418/2005 2066/2419/2001 2067/2420/2003 2069/2421/2006
f 2049/2398/1986 2066/2419/2001 2068/2418/2005 2051/2399/1987
f 2070/2422/2007 2068/2418/2005 2069/2421/2006 2071/2423/2008
f 2053/2403/1990 2051/2399/1987 2068/2418/2005 2070/2422/2007
f 2072/2424/2009 2070/2422/2007 2071/2423/2008 2073/2425/2010
f 2053/2403/1990 2070/2422/2007 2072/2424/2009 2055/2405/1992
f 2074/2426/2011 2072/2424/2009 2073/2425/2010 2075/2427/2012
f 2055/2405/1992 2072/2424/2009 2074/2426/2011 2057/2407/1994
f 2076/2413/2000 2074/2426/2011 2075/2427/2012 2077/2428/2013
f 2057/2407/1994 2074/2426/2011 2076/2413/2000 2059/2409/1996
f 2062/2411/1998 2076/2413/2000 2077/2428/2013 2079/2417/2004
f 2077/2428/2013 2078/2429/2014 2080/2430/2015 2079/2417/2004
f 2075/2427/2012 2092/2431/2016 2078/2429/2014 2077/2428/2013
f 2079/2417/2004 2080/2430/2015 2082/2432/2017 2065/2415/2002
f 2082/2432/2017 2080/2430/2015 2081/2433/2018 2083/2434/2019
f 2080/2430/2015 2078/2429/2014 2095/2435/2020 2081/2433/2018
f 2084/2436/2021 2082/2432/2017 2083/2434/2019 2085/2437/2022
f 2065/2415/2002 2082/2432/2017 2084/2436/2021 2067/2416/2003
f 2086/2438/2023 2084/2439/2021 2085/2440/2022 2087/2441/2024
f 2067/2420/2003 2084/2439/2021 2086/2438/2023 2069/2421/2006
f 2088/2442/2025 2086/2438/2023 2087/2441/2024 2089/2443/2026
f 2071/2423/2008 2069/2421/2006 2086/2438/2023 2088/2442/2025
f 2090/2444/2027 2088/2442/2025 2089/2443/2026 2091/2445/2028
f 2071/2423/2008 2088/2442/2025 2090/2444/2027 2073/2425/2010
f 2092/2431/2016 2090/2444/2027 2091/2445/2028 2093/2446/2029
f 2073/2425/2010 2090/2444/2027 2092/2431/2016 2075/2427/2012
f 2078/2429/2014 2092/2431/2016 2093/2446/2029 2095/2435/2020
f 2093/2447/2029 2094/2448/2030 2096/2449/2031 2095/2450/2020
f 2091/2451/2028 2108/2452/2032 2094/2448/2030 2093/2447/2029
f 2095/2450/2020 2096/2449/2031 2098/2453/2033 2081/2454/2018
f 2098/2453/2033 2096/2449/2031 2097/2455/2034 2099/2456/2035
f 2096/2449/2031 2094/2448/2030 2111/2457/2036 2097/2455/2034
f 2100/2458/2037 2098/2453/2033 2099/2456/2035 2101/2459/2038
f 2081/2454/2018 2098/2453/2033 2100/2458/2037 2083/2460/2019
f 2102/2461/2039 2100/2458/2037 2101/2459/2038 2103/2462/2040
f 2083/2460/2019 2100/2458/2037 2102/2461/2039 2085/2463/2022
f 2104/2464/2041 2102/2465/2039 2103/2466/2040 2105/2467/2042
f 2085/2468/2022 2102/2465/2039 2104/2464/2041 2087/2469/2024
f 2106/2470/2043 2104/2464/2041 2105/2467/2042 2107/2471/2044
f 2089/2472/2026 2087/2469/2024 2104/2464/2041 2106/2470/2043
f 2108/2452/2032 2106/2470/2043 2107/2471/2044 2109/2473/2045
f 2089/2472/2026 2106/2470/2043 2108/2452/2032 2091/2451/2028
f 2094/2448/2030 2108/2452/2032 2109/2473/2045 2111/2457/2036
f 2109/2473/2045 2110/2474/2046 2112/2475/2047 2111/2457/2036
f 2107/2471/2044 2124/2476/2048 2110/2474/2046 2109/2473/2045
f 2111/2457/2036 2112/2475/2047 2114/2477/2049 2097/2455/2034
f 2114/2477/2049 2112/2475/2047 2113/2478/2050 2115/2479/2051
f 2112/2475/2047 2110/2474/2046 2127/2480/2052 2113/2478/2050
f 2116/2481/2053 2114/2477/2049 2115/2479/2051 2117/2482/2054
f 2097/2455/2034 2114/2477/2049 2116/2481/2053 2099/2456/2035
f 2118/2483/2055 2116/2481/2053 2117/2482/2054 2119/2484/2056
f 2099/2456/2035 2116/2481/2053 2118/2483/2055 2101/2459/2038
f 2120/2485/2057 2118/2483/2055 2119/2484/2056 2121/2486/2058
f 2101/2459/2038 2118/2483/2055 2120/2485/2057 2103/2462/2040
f 2122/2487/2059 2120/2488/2057 2121/2489/2058 2123/2490/2060
f 2103/2466/2040 2120/2488/2057 2122/2487/2059 2105/2467/2042
f 2124/2476/2048 2122/2487/2059 2123/2490/2060 2125/2491/2061
f 2107/2471/2044 2105/2467/2042 2122/2487/2059 2124/2476/2048
f 2110/2474/2046 2124/2476/2048 2125/2491/2061 2127/2480/2052
f 2125/2491/2061 2126/2492/2062 2128/2493/2063 2127/2480/2052
f 2125/2491/2061 2123/2490/2060 2140/2494/2064 2126/2492/2062
f 2127/2480/2052 2128/2493/2063 2130/2495/2065 2113/2478/2050
f 2130/2495/2065 2128/2493/2063 2129/2496/2066 2131/2497/2067
f 2128/2493/2063 2126/2492/2062 2142/2498/2068 2129/2496/2066
f 2132/2499/2069 2130/2495/2065 2131/2497/2067 2133/2500/2070
f 2113/2478/2050 2130/2495/2065 2132/2499/2069 2115/2479/2051
f 2134/2501/2071 2132/2499/2069 2133/2500/2070 2135/2502/2072
f 2115/2479/2051 2132/2499/2069 2134/2501/2071 2117/2482/2054
f 2136/2503/2073 2134/2501/2071 2135/2502/2072 2137/2504/2074
f 2117/2482/2054 2134/2501/2071 2136/2503/2073 2119/2484/2056
f 2138/2505/2075 2136/2503/2073 2137/2504/2074 2139/2506/2076
f 2119/2484/2056 2136/2503/2073 2138/2505/2075 2121/2486/2058
f 2140/2494/2064 2138/2507/2075 2139/2508/2076 2141/2509/2077
f 2121/2489/2058 2138/2507/2075 2140/2494/2064 2123/2490/2060
f 2126/2492/2062 2140/2494/2064 2141/2509/2077 2142/2498/2068
f 2142/2498/2068 2141/2509/2077 2143/2510/2078 2145/2511/2079
f 2139/2508/2076 2146/2512/2080 2143/2510/2078 2141/2509/2077
f 2143/2510/2078 2146/2512/2080 2147/2513/2081 2144/2514/2082
f 2145/2511/2079 2143/2510/2078 2144/2514/2082 2159/2515/2083
f 2146/2516/2080 2148/2517/2084 2149/2518/2085 2147/2519/2081
f 2137/2504/2074 2148/2517/2084 2146/2516/2080 2139/2506/2076
f 2148/2517/2084 2150/2520/2086 2151/2521/2087 2149/2518/2085
f 2135/2502/2072 2150/2520/2086 2148/2517/2084 2137/2504/2074
f 2150/2520/2086 2152/2522/2088 2153/2523/2089 2151/2521/2087
f 2133/2500/2070 2152/2522/2088 2150/2520/2086 2135/2502/2072
f 2152/2522/2088 2154/2524/2090 2155/2525/2091 2153/2523/2089
f 2131/2497/2067 2154/2524/2090 2152/2522/2088 2133/2500/2070
f 2154/2524/2090 2156/2526/2092 2157/2527/2093 2155/2525/2091
f 2129/2496/2066 2156/2526/2092 2154/2524/2090 2131/2497/2067
f 2156/2526/2092 2145/2511/2079 2159/2515/2083 2157/2527/2093
f 2142/2498/2068 2145/2511/2079 2156/2526/2092 2129/2496/2066
f 2157/2527/2093 2158/2528/2094 2172/2529/2095 2155/2525/2091
f 2159/2515/2083 2160/2530/2096 2158/2528/2094 2157/2527/2093
f 2159/2515/2083 2144/2514/2082 2162/2531/2097 2160/2530/2096
f 2158/2528/2094 2160/2530/2096 2161/2532/2098 2175/2533/2099
f 2160/2530/2096 2162/2531/2097 2163/2534/2100 2161/2532/2098
f 2162/2531/2097 2164/2535/2101 2165/2536/2102 2163/2534/2100
f 2147/2513/2081 2164/2535/2101 2162/2531/2097 2144/2514/2082
f 2164/2537/2101 2166/2538/2103 2167/2539/2104 2165/2540/2102
f 2149/2518/2085 2166/2538/2103 2164/2537/2101 2147/2519/2081
f 2166/2538/2103 2168/2541/2105 2169/2542/2106 2167/2539/2104
f 2151/2521/2087 2168/2541/2105 2166/2538/2103 2149/2518/2085
f 2168/2541/2105 2170/2543/2107 2171/2544/2108 2169/2542/2106
f 2153/2523/2089 2170/2543/2107 2168/2541/2105 2151/2521/2087
f 2170/2543/2107 2172/2529/2095 2173/2545/2109 2171/2544/2108
f 2155/2525/2091 2172/2529/2095 2170/2543/2107 2153/2523/2089
f 2172/2529/2095 2158/2528/2094 2175/2533/2099 2173/2545/2109
f 2173/2545/2109 2174/2546/2110 2188/2547/2111 2171/2544/2108
f 2175/2533/2099 2176/2548/2112 2174/2546/2110 2173/2545/2109
f 2161/2532/2098 2178/2549/2113 2176/2548/2112 2175/2533/2099
f 2174/2546/2110 2176/2548/2112 2177/2550/2114 2191/2551/2115
f 2176/2548/2112 2178/2549/2113 2179/2552/2116 2177/2550/2114
f 2178/2549/2113 2180/2553/2117 2181/2554/2118 2179/2552/2116
f 2161/2532/2098 2163/2534/2100 2180/2553/2117 2178/2549/2113
f 2180/2553/2117 2182/2555/2119 2183/2556/2120 2181/2554/2118
f 2165/2536/2102 2182/2555/2119 2180/2553/2117 2163/2534/2100
f 2182/2557/2119 2184/2558/2121 2185/2559/2122 2183/2560/2120
f 2167/2539/2104 2184/2558/2121 2182/2557/2119 2165/2540/2102
f 2184/2558/2121 2186/2561/2123 2187/2562/2124 2185/2559/2122
f 2169/2542/2106 2186/2561/2123 2184/2558/2121 2167/2539/2104
f 2186/2561/2123 2188/2547/2111 2189/2563/2125 2187/2562/2124
f 2171/2544/2108 2188/2547/2111 2186/2561/2123 2169/2542/2106
f 2188/2547/2111 2174/2546/2110 2191/2551/2115 2189/2563/2125
f 2189/2563/2125 2190/2564/2126 2194/2565/2127 2187/2562/2124
f 2191/2551/2115 2192/2566/2128 2190/2564/2126 2189/2563/2125
f 2177/2550/2114 2193/2351/1945 2192/2566/2128 2191/2551/2115
f 2190/2564/2126 2192/2566/2128 2016/2358/1952 2019/2361/1955
f 2192/2566/2128 2193/2351/1945 2009/2352/1946 2016/2358/1952
f 2179/2552/2116 2008/2349/1943 2193/2351/1945 2177/2550/2114
f 2194/2565/2127 2190/2564/2126 2019/2361/1955 2022/2364/1958
f 2195/2567/2129 2194/2565/2127 2022/2364/1958 2025/2367/1961
f 2187/2562/2124 2194/2565/2127 2195/2567/2129 2185/2559/2122
f 2196/2568/2130 2195/2567/2129 2025/2367/1961 2028/2370/1964
f 2185/2559/2122 2195/2567/2129 2196/2568/2130 2183/2560/2120
f 2197/2350/1944 2196/2569/2130 2028/2372/1964 2007/2346/1940
f 2183/2556/2120 2196/2569/2130 2197/2350/1944 2181/2554/2118
f 2179/2552/2116 2181/2554/2118 2197/2350/1944 2008/2349/1943
usemtl Material.007
f 336/2570/2131 890/2571/2132 332/2572/2133 892/2573/2134
f 892/2573/2134 332/2572/2133 889/2574/2135 895/2575/2136
f 895/2575/2136 889/2574/2135 320/2576/2137 898/2577/2138
f 898/2577/2138 320/2576/2137 887/2578/2139 901/2579/2140
f 901/2579/2140 887/2578/2139 318/2580/2141 904/2581/2142
f 904/2581/2142 318/2580/2141 888/2582/2143 907/2583/2144
f 907/2583/2144 888/2582/2143 322/2584/2145 910/2585/2146
f 910/2585/2146 322/2584/2145 886/2586/2147 913/2587/2148
f 913/2587/2148 886/2586/2147 316/2588/2149 916/2589/2150
f 916/2589/2150 316/2588/2149 884/2590/2151 919/2591/2152
f 919/2591/2152 884/2590/2151 314/2592/2153 922/2593/2154
f 922/2593/2154 314/2592/2153 885/2594/2155 925/2595/2156
f 925/2595/2156 885/2594/2155 341/2596/2157 928/2597/2158
f 928/2597/2158 341/2596/2157 177/2598/2159 338/2599/2160
f 891/2600/2161 336/2570/2131 892/2573/2134 893/2601/2162
f 893/2601/2162 892/2573/2134 895/2575/2136 896/2602/2163
f 896/2602/2163 895/2575/2136 898/2577/2138 899/2603/2164
f 899/2603/2164 898/2577/2138 901/2579/2140 902/2604/2165
f 902/2604/2165 901/2579/2140 904/2581/2142 905/2605/2166
f 905/2605/2166 904/2581/2142 907/2583/2144 908/2606/2167
f 908/2606/2167 907/2583/2144 910/2585/2146 911/2607/2168
f 911/2607/2168 910/2585/2146 913/2587/2148 914/2608/2169
f 914/2608/2169 913/2587/2148 916/2589/2150 917/2609/2170
f 917/2609/2170 916/2589/2150 919/2591/2152 920/2610/2171
f 920/2610/2171 919/2591/2152 922/2593/2154 923/2611/2172
f 923/2611/2172 922/2593/2154 925/2595/2156 926/2612/2173
f 926/2612/2173 925/2595/2156 928/2597/2158 929/2613/2174
f 929/2613/2174 928/2597/2158 338/2599/2160 175/2614/2175
f 334/2615/2176 891/2600/2161 893/2601/2162 894/2616/2177
f 894/2616/2177 893/2601/2162 896/2602/2163 897/2617/2178
f 897/2617/2178 896/2602/2163 899/2603/2164 900/2618/2179
f 900/2618/2179 899/2603/2164 902/2604/2165 903/2619/2180
f 903/2619/2180 902/2604/2165 905/2605/2166 906/2620/2181
f 906/2620/2181 905/2605/2166 908/2606/2167 909/2621/2182
f 909/2621/2182 908/2606/2167 911/2607/2168 912/2622/2183
f 912/2622/2183 911/2607/2168 914/2608/2169 915/2623/2184
f 915/2623/2184 914/2608/2169 917/2609/2170 918/2624/2185
f 918/2624/2185 917/2609/2170 920/2610/2171 921/2625/2186
f 921/2625/2186 920/2610/2171 923/2611/2172 924/2626/2187
f 924/2626/2187 923/2611/2172 926/2612/2173 927/2627/2188
f 927/2627/2188 926/2612/2173 929/2613/2174 930/2628/2189
f 930/2628/2189 929/2613/2174 175/2614/2175 337/2629/2190
f 171/2630/2191 334/2615/2176 894/2616/2177 329/2631/2192
f 329/2631/2192 894/2616/2177 897/2617/2178 169/2632/2193
f 169/2632/2193 897/2617/2178 900/2618/2179 343/2633/2194
f 343/2633/2194 900/2618/2179 903/2619/2180 883/2634/2195
f 883/2634/2195 903/2619/2180 906/2620/2181 312/2635/2196
f 312/2635/2196 906/2620/2181 909/2621/2182 882/2636/2197
f 882/2636/2197 909/2621/2182 912/2622/2183 327/2637/2198
f 327/2637/2198 912/2622/2183 915/2623/2184 167/2638/2199
f 167/2638/2199 915/2623/2184 918/2624/2185 325/2639/2200
f 325/2639/2200 918/2624/2185 921/2625/2186 165/2640/2201
f 165/2640/2201 921/2625/2186 924/2626/2187 323/2641/2202
f 323/2641/2202 924/2626/2187 927/2627/2188 163/2642/2203
f 163/2642/2203 927/2627/2188 930/2628/2189 340/2643/2204
f 340/2643/2204 930/2628/2189 337/2629/2190 176/2644/2205
