# Blender 5.2.0 LTS
# www.blender.org
mtllib joystick_bottom_R.mtl
o stick_bottom_R
v 0.037449 0.432936 0.037432
v 0.037432 0.432880 -0.037449
v 0.090081 0.584439 0.124741
v 0.090247 0.608227 -0.079757
v 0.103263 0.503683 -0.094965
v 0.103771 0.485451 0.102889
v 0.073615 0.464072 -0.073254
v 0.075268 0.458233 0.074004
v -0.000307 0.432705 -0.052949
v 0.000409 0.581494 0.140644
v 0.001597 0.481020 0.134853
v 0.000312 0.456346 0.105297
v -0.000299 0.432784 0.052949
v -0.000426 0.464604 -0.102958
v 0.001010 0.502289 -0.124567
v 0.000356 0.610763 -0.110094
v 0.052949 0.432975 -0.000012
v 0.129122 0.598864 0.020298
v 0.151233 0.497781 0.002994
v 0.104971 0.461433 0.000046
v -0.037432 0.432610 0.037449
v -0.037449 0.432554 -0.037432
v -0.082152 0.585672 0.112139
v -0.082632 0.608877 -0.079588
v -0.088053 0.497262 -0.087656
v -0.087181 0.482715 0.097296
v -0.073795 0.462718 -0.071665
v -0.072141 0.456878 0.075594
v -0.052949 0.432514 0.000012
v -0.116955 0.596763 0.018897
v -0.125904 0.489218 0.005821
v -0.103498 0.459517 0.002294
v 0.145106 0.590169 -0.128471
v 0.140230 0.554073 0.162614
v 0.003649 0.587048 -0.148790
v 0.002015 0.547828 0.178737
v 0.215424 0.580546 0.018040
v -0.100987 0.581332 -0.112725
v -0.105324 0.551007 0.140883
v -0.148474 0.564041 0.016778
v -0.044043 0.610866 -0.102779
v -0.047072 0.500260 -0.114310
v -0.040214 0.463922 -0.094561
v -0.050529 0.585164 -0.139441
v -0.020347 0.432620 -0.048914
v 0.047338 0.610169 -0.103614
v 0.054697 0.503619 -0.118857
v 0.039531 0.464654 -0.095421
v 0.073707 0.589040 -0.148689
v 0.020178 0.432796 -0.048923
v 0.118912 0.604533 -0.035892
v 0.138339 0.501989 -0.052417
v 0.096549 0.462939 -0.039699
v 0.197619 0.588210 -0.068062
v 0.048914 0.432942 -0.020274
v 0.120043 0.591149 0.080498
v 0.138286 0.491355 0.058881
v 0.097444 0.459780 0.039963
v 0.194366 0.566774 0.103755
v 0.048923 0.432973 0.020251
v 0.047715 0.581669 0.139557
v 0.056237 0.482278 0.127624
v 0.041290 0.457029 0.096901
v 0.071510 0.548975 0.179567
v 0.020196 0.432869 0.048914
v -0.043722 0.582676 0.131916
v -0.046102 0.481226 0.124372
v -0.038454 0.456296 0.097761
v -0.056526 0.548424 0.165989
v -0.020329 0.432693 0.048923
v -0.107943 0.590389 0.072591
v -0.115422 0.485432 0.056367
v -0.095076 0.458011 0.042039
v -0.137814 0.555857 0.088277
v -0.048914 0.432547 0.020274
v -0.108974 0.603643 -0.036180
v -0.116255 0.493443 -0.046172
v -0.095970 0.461170 -0.037623
v -0.137493 0.573726 -0.058762
v -0.048923 0.432517 -0.020251
v 0.037449 0.459406 0.037432
v 0.037432 0.459350 -0.037449
v -0.000307 0.459176 -0.052949
v -0.000299 0.459255 0.052949
v 0.052949 0.459446 -0.000012
v -0.037432 0.459080 0.037449
v -0.037449 0.459024 -0.037432
v -0.052949 0.458985 0.000012
v -0.020347 0.459090 -0.048914
v 0.020178 0.459267 -0.048923
v 0.048914 0.459413 -0.020274
v 0.048923 0.459443 0.020251
v 0.020196 0.459340 0.048914
v -0.020329 0.459164 0.048923
v -0.048914 0.459017 0.020274
v -0.048923 0.458987 -0.020251
v 0.180262 0.587856 -0.151527
v 0.148390 0.495701 0.150511
v 0.112168 0.567050 0.142724
v 0.069968 0.609411 -0.094194
v 0.107258 0.587417 0.106010
v 0.152677 0.528482 -0.129631
v 0.082400 0.472321 0.080686
v 0.080195 0.503839 -0.109308
v 0.123145 0.488144 0.083022
v 0.080332 0.482337 -0.078555
v 0.088025 0.458978 0.058078
v 0.057667 0.464439 -0.086004
v 0.024104 0.581375 0.141292
v 0.028833 0.481455 0.133398
v 0.021057 0.456614 0.103051
v -0.000237 0.482951 -0.109162
v 0.005726 0.579539 -0.170292
v 0.003965 0.521588 -0.154865
v 0.000731 0.469351 0.113490
v 0.003177 0.489340 0.177604
v 0.003465 0.536177 0.204688
v 0.126350 0.601990 -0.008939
v 0.147944 0.500227 -0.025621
v 0.102714 0.462219 -0.020231
v 0.115240 0.478068 0.000551
v 0.271470 0.578258 0.017918
v 0.229429 0.521112 0.008557
v -0.114369 0.570700 -0.127993
v -0.109297 0.492097 0.127513
v -0.092617 0.566330 0.126486
v -0.064392 0.610254 -0.093583
v -0.097007 0.587812 0.094793
v -0.106144 0.513362 -0.112310
v -0.076227 0.470351 0.081889
v -0.068701 0.498883 -0.102978
v -0.103294 0.483923 0.078347
v -0.078340 0.479907 -0.075739
v -0.085252 0.457386 0.059947
v -0.058137 0.463375 -0.084755
v -0.022227 0.581896 0.137440
v -0.023233 0.480953 0.131807
v -0.019582 0.456240 0.103490
v -0.115244 0.600264 -0.009303
v -0.123594 0.491332 -0.020798
v -0.101697 0.460341 -0.018027
v -0.109979 0.474696 0.003594
v -0.171528 0.552849 0.016020
v -0.157150 0.501346 0.009586
v 0.113491 0.596307 -0.103032
v 0.172399 0.543829 0.186765
v 0.001747 0.596812 -0.127655
v 0.001038 0.562720 0.157341
v 0.166142 0.586704 0.019174
v -0.090252 0.593596 -0.096158
v -0.120849 0.539641 0.154214
v -0.130566 0.578585 0.017867
v -0.122015 0.577966 -0.089297
v -0.082391 0.549464 0.156034
v -0.145819 0.559579 0.054144
v -0.024721 0.586177 -0.145550
v 0.211342 0.585239 -0.026622
v 0.035928 0.548132 0.180630
v 0.170351 0.559710 0.138214
v 0.110565 0.589838 -0.142703
v 0.029415 0.432906 0.044016
v 0.044016 0.432914 -0.029425
v 0.010106 0.432751 -0.051931
v 0.051930 0.432978 0.010317
v -0.029414 0.432650 0.044030
v -0.044029 0.432531 -0.029405
v -0.010553 0.432661 -0.051926
v -0.051926 0.432526 0.010341
v -0.022360 0.610940 -0.108152
v -0.023905 0.501372 -0.121449
v -0.020725 0.464337 -0.100712
v -0.076401 0.583658 -0.129019
v -0.029434 0.432584 -0.044016
v -0.057037 0.575813 -0.158435
v -0.042591 0.481839 -0.100083
v -0.046363 0.596282 -0.120078
v -0.054977 0.517895 -0.142614
v 0.023822 0.610554 -0.108721
v 0.027723 0.503067 -0.123812
v 0.019914 0.464710 -0.101150
v 0.037094 0.588038 -0.150122
v 0.029396 0.432840 -0.044030
v 0.092185 0.584219 -0.173049
v 0.043025 0.483139 -0.101680
v 0.058116 0.597080 -0.124369
v 0.079653 0.525717 -0.153838
v 0.106767 0.606603 -0.059944
v 0.123052 0.503104 -0.075820
v 0.086726 0.463565 -0.057607
v 0.174893 0.589740 -0.103010
v 0.051926 0.432963 -0.010341
v 0.248093 0.587329 -0.083803
v 0.209082 0.527987 -0.073444
v 0.152537 0.593244 -0.051156
v 0.105790 0.480598 -0.042653
v 0.127216 0.595126 0.050956
v 0.147885 0.494706 0.031700
v 0.103170 0.460610 0.020367
v 0.209671 0.574095 0.062597
v 0.044029 0.432958 0.029405
v 0.242325 0.560305 0.118867
v 0.106868 0.475083 0.044020
v 0.152391 0.576377 0.091593
v 0.205737 0.507841 0.091447
v 0.069965 0.582588 0.135049
v 0.081383 0.483542 0.117631
v 0.059561 0.457576 0.087095
v 0.106755 0.550686 0.175059
v 0.010117 0.432829 0.051926
v 0.088270 0.537487 0.206616
v 0.078212 0.490622 0.174816
v 0.058007 0.563306 0.157584
v 0.045350 0.470367 0.104790
v -0.064024 0.583944 0.124020
v -0.067723 0.481815 0.112761
v -0.056243 0.456511 0.088344
v -0.028621 0.547907 0.173620
v -0.010541 0.432739 0.051931
v -0.064913 0.536995 0.187259
v -0.058201 0.490012 0.161668
v -0.049486 0.563557 0.147381
v -0.040338 0.469355 0.105412
v -0.114556 0.593413 0.046759
v -0.123089 0.487221 0.031908
v -0.101241 0.458731 0.022571
v -0.124109 0.553062 0.117876
v -0.044016 0.432575 0.029425
v -0.158589 0.544554 0.095661
v -0.100831 0.472218 0.046189
v -0.121206 0.571154 0.080616
v -0.144342 0.495792 0.076384
v -0.097839 0.606607 -0.060108
v -0.104178 0.495436 -0.068635
v -0.086551 0.461973 -0.055739
v -0.146043 0.568921 -0.022152
v -0.051930 0.432511 -0.010317
v -0.157320 0.562697 -0.069244
v -0.143765 0.507738 -0.061134
v -0.121313 0.587078 -0.047431
v -0.102019 0.477405 -0.039389
v 0.040358 0.605901 0.124505
v 0.075378 0.608416 0.106948
v 0.100022 0.613428 0.068960
v 0.108386 0.619271 0.020401
v 0.101322 0.624172 -0.025223
v 0.079044 0.627905 -0.063489
v 0.042610 0.630260 -0.089932
v -0.000270 0.631129 -0.099238
v -0.042876 0.631040 -0.090233
v -0.078281 0.629094 -0.065053
v -0.100433 0.624849 -0.026400
v -0.106572 0.619385 0.019471
v -0.097141 0.614061 0.064592
v -0.073405 0.609721 0.099612
v -0.039176 0.606755 0.120158
v -0.000042 0.605517 0.128605
v 0.029415 0.459376 0.044016
v 0.044016 0.459385 -0.029425
v 0.010106 0.459221 -0.051931
v 0.051930 0.459449 0.010317
v -0.029414 0.459120 0.044030
v -0.044029 0.459002 -0.029405
v -0.010553 0.459131 -0.051926
v -0.051926 0.458997 0.010341
v -0.029434 0.459054 -0.044016
v 0.029396 0.459310 -0.044030
v 0.051926 0.459433 -0.010341
v 0.044029 0.459429 0.029405
v 0.010117 0.459299 0.051926
v -0.010541 0.459209 0.051931
v -0.044016 0.459046 0.029425
v -0.051930 0.458981 -0.010317
v 0.106722 0.621873 -0.003175
v 0.021524 0.630836 -0.096901
v 0.179825 0.501089 0.125161
v 0.117456 0.527378 -0.145384
v 0.086920 0.596906 -0.117022
v 0.134933 0.571190 0.121426
v 0.062826 0.482860 -0.091942
v 0.096427 0.473629 0.063615
v 0.023226 0.469736 0.111192
v 0.029154 0.562791 0.158665
v 0.040015 0.489685 0.178479
v 0.020400 0.605489 0.128055
v 0.112695 0.479417 -0.021540
v 0.162705 0.590501 -0.017326
v 0.224634 0.525490 -0.034333
v -0.103751 0.616640 0.042733
v -0.091267 0.627213 -0.047082
v -0.129280 0.493713 0.104065
v -0.081501 0.515777 -0.129939
v -0.069113 0.595367 -0.110861
v -0.109179 0.568437 0.106564
v -0.061650 0.480963 -0.089657
v -0.090276 0.471189 0.065266
v -0.020430 0.469225 0.111517
v -0.025112 0.562941 0.153409
v -0.029231 0.489479 0.171986
v -0.108109 0.476049 -0.018299
v -0.128548 0.582881 -0.015677
v -0.153794 0.504551 -0.026916
v 0.062183 0.629278 -0.078560
v -0.168109 0.557805 -0.028085
v -0.032714 0.536358 0.197764
v -0.142519 0.541720 0.128135
v -0.086309 0.573574 -0.146245
v 0.266271 0.584074 -0.035180
v 0.044676 0.536492 0.207550
v 0.210734 0.551098 0.158705
v 0.137482 0.586343 -0.167060
v -0.022031 0.631241 -0.096916
v -0.027689 0.577653 -0.165807
v -0.021899 0.482506 -0.106656
v -0.023085 0.596657 -0.125354
v -0.027270 0.519738 -0.150543
v -0.105512 0.622179 -0.003907
v 0.046776 0.581817 -0.173246
v 0.021702 0.483166 -0.107476
v 0.029165 0.596988 -0.127521
v 0.040607 0.523671 -0.156406
v 0.092130 0.626190 -0.045501
v 0.218306 0.588387 -0.123431
v 0.184150 0.528833 -0.105571
v 0.135810 0.595131 -0.080523
v 0.094841 0.481578 -0.061908
v 0.106276 0.616382 0.045022
v 0.263180 0.569898 0.070651
v 0.058851 0.606840 0.117963
v 0.113240 0.476594 0.022705
v 0.162808 0.581801 0.056451
v 0.222832 0.514905 0.051580
v -0.057229 0.608037 0.111571
v 0.131184 0.539564 0.201290
v 0.114439 0.492388 0.166326
v 0.086086 0.564545 0.153602
v 0.065269 0.471229 0.094531
v -0.094556 0.538085 0.173345
v -0.085173 0.490878 0.146773
v -0.072319 0.564695 0.139285
v -0.059233 0.469735 0.095416
v 0.089435 0.610681 0.090216
v -0.168307 0.548325 0.057914
v -0.107493 0.473402 0.025368
v -0.128215 0.574589 0.050534
v -0.153837 0.498372 0.044578
v -0.061904 0.630357 -0.079539
v -0.138815 0.567055 -0.102632
v -0.127428 0.510685 -0.089606
v -0.108176 0.590762 -0.074764
v -0.091961 0.478707 -0.058774
v -0.020013 0.605928 0.125895
v -0.086890 0.611741 0.083809
v -0.000057 0.459215 0.000000
v 0.205102 0.587581 -0.165938
v 0.211028 0.585958 -0.169465
v 0.215472 0.581655 -0.172287
v 0.196691 0.537507 0.205762
v 0.201681 0.534638 0.209643
v 0.205362 0.529390 0.212465
v 0.207812 0.551086 -0.168154
v 0.216390 0.560497 -0.173837
v 0.212826 0.554721 -0.171574
v 0.198295 0.502895 0.204090
v 0.205714 0.509844 0.212148
v 0.202595 0.505090 0.208731
v 0.004573 0.529818 0.222934
v 0.004883 0.526469 0.228043
v 0.005108 0.520881 0.231783
v 0.004772 0.494301 0.221791
v 0.005130 0.501256 0.231629
v 0.004978 0.496506 0.227471
v 0.006904 0.575977 -0.182048
v 0.007388 0.572962 -0.186963
v 0.007750 0.567633 -0.190794
v 0.006965 0.536046 -0.184441
v 0.007797 0.545948 -0.192340
v 0.007450 0.539960 -0.189137
v 0.316650 0.577971 0.018341
v 0.323768 0.576374 0.018283
v 0.329200 0.572098 0.017995
v 0.319692 0.543270 0.015037
v 0.330718 0.551874 0.016318
v 0.326186 0.546444 0.015634
v -0.121863 0.565698 -0.135284
v -0.128205 0.555647 -0.141837
v -0.125521 0.561698 -0.138945
v -0.129683 0.534916 0.160710
v -0.136906 0.525215 0.165964
v -0.133848 0.531124 0.163758
v -0.123193 0.524611 -0.136125
v -0.126216 0.528170 -0.140248
v -0.128422 0.533898 -0.143054
v -0.131314 0.497846 0.157393
v -0.134698 0.500298 0.162003
v -0.137166 0.505224 0.165403
v -0.186508 0.547457 0.015716
v -0.196063 0.538181 0.015296
v -0.192023 0.543908 0.015543
v -0.187211 0.509236 0.013073
v -0.192384 0.512158 0.013734
v -0.196169 0.517425 0.014338
v -0.061100 0.571392 -0.168003
v -0.063002 0.567763 -0.172593
v -0.064397 0.561984 -0.176183
v -0.062311 0.530458 -0.169662
v -0.064576 0.540174 -0.177608
v -0.063620 0.534265 -0.174383
v 0.104498 0.582215 -0.187916
v 0.111131 0.575327 -0.196255
v 0.108299 0.580040 -0.192595
v 0.106042 0.544126 -0.190439
v 0.109275 0.547958 -0.194839
v 0.111593 0.553884 -0.197825
v 0.287376 0.588215 -0.094801
v 0.299407 0.582678 -0.098558
v 0.294220 0.586813 -0.096822
v 0.290196 0.552814 -0.097513
v 0.296358 0.556281 -0.099239
v 0.300693 0.561928 -0.100245
v 0.280324 0.556606 0.131534
v 0.291773 0.549682 0.135024
v 0.286844 0.554415 0.133620
v 0.282983 0.522176 0.128903
v 0.288796 0.524833 0.131821
v 0.292894 0.529906 0.134079
v 0.100865 0.530679 0.226950
v 0.106038 0.522017 0.235307
v 0.103853 0.527492 0.231776
v 0.101793 0.495672 0.225732
v 0.104308 0.497780 0.231160
v 0.106151 0.502465 0.235135
v -0.070294 0.531460 0.200618
v -0.072176 0.527958 0.205286
v -0.073558 0.522261 0.208700
v -0.070540 0.495339 0.199143
v -0.073609 0.502514 0.208490
v -0.072314 0.497673 0.204538
v -0.171303 0.539575 0.099631
v -0.176539 0.535959 0.101234
v -0.180379 0.530180 0.102347
v -0.172628 0.502257 0.095930
v -0.180587 0.509922 0.101553
v -0.177227 0.504875 0.099141
v -0.169292 0.557303 -0.074677
v -0.174225 0.553520 -0.077005
v -0.177842 0.547625 -0.078888
v -0.170105 0.517513 -0.075888
v -0.177983 0.526270 -0.079972
v -0.174657 0.520765 -0.078350
v 0.155856 0.585229 -0.182065
v 0.160885 0.583368 -0.186259
v 0.164642 0.578887 -0.189566
v 0.241950 0.545829 0.175325
v 0.247803 0.543278 0.178387
v 0.252177 0.538269 0.180569
v 0.244109 0.511354 0.173193
v 0.252893 0.518643 0.179994
v 0.249232 0.513749 0.177085
v 0.158068 0.547998 -0.184439
v 0.165334 0.557577 -0.191121
v 0.162307 0.551728 -0.188433
v 0.051191 0.529850 0.227157
v 0.052868 0.526570 0.232209
v 0.054095 0.521030 0.235905
v 0.051756 0.494586 0.226014
v 0.054162 0.501444 0.235746
v 0.053144 0.496734 0.231632
v 0.310091 0.584737 -0.041223
v 0.317163 0.583290 -0.042316
v 0.322549 0.579124 -0.043378
v 0.313039 0.549727 -0.044340
v 0.324001 0.558634 -0.045134
v 0.319488 0.553077 -0.044950
v -0.092058 0.568846 -0.154592
v -0.096938 0.559015 -0.162076
v -0.094872 0.564973 -0.158784
v -0.153239 0.536944 0.133179
v -0.161658 0.527355 0.137057
v -0.158095 0.533216 0.135442
v -0.154924 0.499752 0.129356
v -0.158970 0.502272 0.133371
v -0.161924 0.507249 0.136350
v -0.093445 0.527672 -0.155772
v -0.095589 0.531371 -0.160303
v -0.097153 0.537201 -0.163398
v -0.035449 0.530369 0.214070
v -0.036904 0.521341 0.222722
v -0.036288 0.526966 0.219065
v -0.035440 0.494603 0.212858
v -0.036290 0.496873 0.218460
v -0.036911 0.501669 0.222561
v -0.182083 0.552364 -0.031238
v -0.191336 0.542929 -0.033609
v -0.187423 0.548721 -0.032519
v -0.182748 0.513377 -0.033064
v -0.187771 0.516472 -0.034055
v -0.191444 0.521863 -0.034627
v -0.029679 0.573603 -0.176385
v -0.031208 0.564664 -0.184951
v -0.030562 0.570245 -0.181195
v -0.030371 0.533060 -0.178476
v -0.030909 0.536938 -0.183215
v -0.031303 0.542899 -0.186451
v 0.052946 0.578947 -0.186706
v 0.055155 0.576364 -0.191618
v 0.056798 0.571352 -0.195449
v 0.053792 0.539900 -0.189249
v 0.057041 0.549780 -0.197018
v 0.055682 0.543802 -0.193870
v 0.250660 0.588862 -0.136915
v 0.257146 0.587400 -0.139713
v 0.262035 0.583218 -0.142008
v 0.253469 0.552977 -0.139242
v 0.263142 0.562245 -0.143606
v 0.259134 0.556531 -0.141905
v 0.306194 0.568014 0.077672
v 0.313133 0.566157 0.078692
v 0.318418 0.561684 0.079245
v 0.309153 0.533510 0.074576
v 0.319823 0.541703 0.077880
v 0.315431 0.536442 0.076372
v 0.133870 0.531897 0.224133
v 0.137570 0.528785 0.228731
v 0.140287 0.523363 0.232091
v 0.135044 0.497047 0.222802
v 0.140484 0.503833 0.231887
v 0.138190 0.499150 0.228044
v -0.101824 0.533049 0.182874
v -0.107115 0.523545 0.189774
v -0.104875 0.529371 0.186864
v -0.102736 0.496406 0.180636
v -0.105357 0.498798 0.185701
v -0.107269 0.503682 0.189420
v -0.182685 0.543113 0.060127
v -0.192155 0.533840 0.061417
v -0.188150 0.539567 0.060923
v -0.183638 0.505460 0.056810
v -0.188641 0.508215 0.058909
v -0.192300 0.513362 0.060534
v -0.148475 0.561804 -0.109227
v -0.156044 0.551869 -0.114755
v -0.152840 0.557871 -0.112303
v -0.149563 0.521261 -0.110088
v -0.153416 0.524665 -0.113558
v -0.156229 0.530281 -0.115899
v 0.000088 0.447688 0.101423
v -0.000297 0.432848 0.078598
v -0.000104 0.440283 0.095941
v -0.000245 0.434851 0.087586
v 0.055585 0.433073 0.055560
v 0.071936 0.448067 0.071172
v 0.061971 0.435113 0.061846
v 0.067956 0.440602 0.067560
v 0.078593 0.433131 -0.000018
v 0.100293 0.448461 0.000015
v 0.087432 0.435221 -0.000015
v 0.095375 0.440832 -0.000003
v 0.055559 0.432990 -0.055585
v 0.070311 0.448540 -0.070147
v 0.061730 0.435098 -0.061732
v 0.067129 0.440790 -0.067062
v -0.000308 0.432731 -0.078598
v -0.000367 0.448316 -0.098787
v -0.000317 0.434825 -0.087233
v -0.000338 0.440529 -0.094623
v -0.070181 0.447577 0.072324
v -0.055568 0.432590 0.055594
v -0.067066 0.440079 0.068152
v -0.061717 0.434593 0.062028
v -0.099704 0.447692 0.001303
v -0.078601 0.432448 0.000018
v -0.095082 0.440055 0.000662
v -0.087357 0.434475 0.000192
v -0.070506 0.447974 -0.069400
v -0.055594 0.432506 -0.055569
v -0.067243 0.440229 -0.066675
v -0.061785 0.434568 -0.061613
v -0.030168 0.432605 -0.072611
v -0.038279 0.448152 -0.091045
v -0.033525 0.434684 -0.080558
v -0.036494 0.440375 -0.087306
v 0.037824 0.448460 -0.091427
v 0.029987 0.432866 -0.072618
v 0.036175 0.440679 -0.087504
v 0.033306 0.434971 -0.080619
v 0.092211 0.448551 -0.038056
v 0.072603 0.433083 -0.030093
v 0.087887 0.440849 -0.036346
v 0.080710 0.435188 -0.033431
v 0.093185 0.448302 0.038362
v 0.072617 0.433128 0.030060
v 0.088382 0.440751 0.036479
v 0.080854 0.435197 0.033441
v 0.039353 0.447867 0.093339
v 0.030014 0.432975 0.072604
v 0.036955 0.440445 0.088452
v 0.033536 0.434994 0.080862
v -0.030141 0.432713 0.072625
v -0.037674 0.447603 0.094010
v -0.033419 0.434713 0.080969
v -0.036176 0.440163 0.088796
v -0.072611 0.432496 0.030096
v -0.092023 0.447614 0.039703
v -0.080689 0.434510 0.033654
v -0.087794 0.440043 0.037170
v -0.072625 0.432451 -0.030063
v -0.092083 0.447825 -0.036990
v -0.080710 0.434496 -0.033259
v -0.087832 0.440123 -0.035794
v 0.043664 0.433028 0.065331
v 0.056852 0.447955 0.083836
v 0.048728 0.435056 0.072743
v 0.053556 0.440520 0.079516
v 0.065333 0.433041 -0.043676
v 0.082821 0.448556 -0.055180
v 0.072607 0.435149 -0.048514
v 0.079008 0.440828 -0.052725
v 0.015106 0.432799 -0.077087
v 0.019070 0.448391 -0.096967
v 0.016794 0.434899 -0.085567
v 0.018244 0.440606 -0.092843
v 0.077081 0.433136 0.015314
v 0.098620 0.448391 0.019521
v 0.085785 0.435216 0.017034
v 0.093668 0.440800 0.018573
v -0.054902 0.447591 0.084788
v -0.043662 0.432649 0.065363
v -0.052575 0.440120 0.080005
v -0.048460 0.434650 0.072895
v -0.082872 0.447897 -0.054265
v -0.065361 0.432473 -0.043651
v -0.079047 0.440171 -0.052251
v -0.072637 0.434526 -0.048366
v -0.019707 0.448238 -0.096776
v -0.015559 0.432665 -0.077078
v -0.018790 0.440453 -0.092743
v -0.017272 0.434753 -0.085533
v -0.097755 0.447647 0.020862
v -0.077082 0.432466 0.015351
v -0.093233 0.440042 0.019264
v -0.085666 0.434486 0.017247
v -0.055433 0.448061 -0.081802
v -0.043691 0.432551 -0.065343
v -0.052857 0.440298 -0.078501
v -0.048559 0.434621 -0.072476
v 0.043635 0.432931 -0.065352
v 0.055119 0.448510 -0.082371
v 0.048469 0.435039 -0.072566
v 0.052672 0.440741 -0.078795
v 0.077074 0.433113 -0.015350
v 0.098111 0.448517 -0.019421
v 0.085710 0.435212 -0.017054
v 0.093410 0.440850 -0.018544
v 0.065352 0.433106 0.043646
v 0.084177 0.448190 0.055805
v 0.072807 0.435161 0.048569
v 0.079698 0.440682 0.053020
v 0.015124 0.432914 0.077080
v 0.020023 0.447787 0.099288
v 0.016938 0.434926 0.085871
v 0.018731 0.440370 0.093999
v -0.019258 0.447618 0.099621
v -0.015541 0.432781 0.077085
v -0.018556 0.440209 0.094170
v -0.017196 0.434778 0.085921
v -0.082713 0.447587 0.057085
v -0.065341 0.432538 0.043682
v -0.078956 0.440054 0.053678
v -0.072597 0.434546 0.048772
v -0.097769 0.447754 -0.018228
v -0.077089 0.432443 -0.015316
v -0.093244 0.440083 -0.017927
v -0.085675 0.434479 -0.016861
v 0.166230 0.568483 -0.191441
v 0.217397 0.571345 -0.173993
v 0.264216 0.573012 -0.143539
v 0.206783 0.519526 0.213448
v 0.141303 0.513462 0.233307
v 0.254005 0.528434 0.181213
v 0.054539 0.511085 0.237255
v 0.005188 0.510915 0.233151
v -0.037134 0.511353 0.224061
v -0.031446 0.553851 -0.186981
v 0.007903 0.556911 -0.192855
v 0.057469 0.560743 -0.197510
v 0.325086 0.569134 -0.044484
v 0.331783 0.562197 0.017229
v 0.320891 0.551837 0.078940
v -0.129209 0.544713 -0.143488
v -0.097709 0.548085 -0.163906
v -0.157237 0.541004 -0.116204
v -0.107952 0.513441 0.190810
v -0.138048 0.515039 0.166710
v -0.162984 0.517139 0.137545
v -0.193630 0.523495 0.061363
v -0.197548 0.527718 0.014882
v -0.192778 0.532322 -0.034423
v -0.064917 0.551103 -0.178143
v 0.112305 0.564828 -0.198257
v 0.301793 0.572580 -0.099903
v 0.293986 0.539856 0.135222
v 0.106832 0.512096 0.236595
v -0.074073 0.512231 0.209944
v -0.181801 0.519917 0.102595
v -0.179184 0.536876 -0.080072
v 0.085662 0.652948 -0.016791
v 0.060867 0.640484 0.087080
v 0.068264 0.656097 -0.048840
v 0.000008 0.638946 0.112124
v -0.032389 0.639558 0.105717
v -0.037108 0.658667 -0.074710
v -0.081438 0.644823 0.055769
v -0.090016 0.649309 0.019182
v 0.078716 0.654604 -0.033348
v 0.047438 0.639447 0.098060
v 0.089455 0.651079 0.000840
v -0.016310 0.639136 0.110589
v -0.054081 0.657428 -0.063103
v -0.072313 0.642859 0.072556
v -0.087369 0.647062 0.037714
v 0.090724 0.652659 -0.018397
v 0.096760 0.647313 -0.020934
v 0.094579 0.650974 -0.019803
v 0.064505 0.640768 0.090932
v 0.069283 0.636065 0.096678
v 0.067428 0.639509 0.094227
v 0.072326 0.655798 -0.052258
v 0.076872 0.650425 -0.057110
v 0.075338 0.654101 -0.055093
v 0.037053 0.633573 0.117090
v 0.034434 0.638850 0.110725
v 0.036030 0.637262 0.114651
v 0.042142 0.652543 -0.085152
v 0.039547 0.658222 -0.079350
v 0.041337 0.656357 -0.082992
v 0.092622 0.639545 0.061806
v 0.086403 0.644403 0.058133
v 0.090213 0.643042 0.060162
v 0.101999 0.643529 0.020004
v 0.095388 0.648783 0.019551
v 0.099510 0.647167 0.019837
v 0.000003 0.638490 0.117346
v -0.000009 0.632747 0.123642
v -0.000003 0.636615 0.121399
v -0.000066 0.653442 -0.096210
v -0.000017 0.659397 -0.090188
v -0.000031 0.657367 -0.094150
v -0.096586 0.647296 -0.021244
v -0.090694 0.652745 -0.018446
v -0.094500 0.650992 -0.019942
v -0.068988 0.635765 0.095322
v -0.064363 0.641151 0.090643
v -0.067268 0.639500 0.093596
v -0.076710 0.650469 -0.057560
v -0.072304 0.655801 -0.052341
v -0.075266 0.654119 -0.055299
v -0.034360 0.639139 0.110541
v -0.036840 0.633431 0.116253
v -0.035922 0.637290 0.114260
v -0.039569 0.658203 -0.079369
v -0.042211 0.652548 -0.085267
v -0.041371 0.656353 -0.083044
v -0.086232 0.644655 0.057980
v -0.092101 0.639293 0.060956
v -0.089952 0.643014 0.059775
v -0.095294 0.648935 0.019524
v -0.101628 0.643400 0.019796
v -0.099333 0.647159 0.019745
v 0.017344 0.638500 0.115788
v 0.018692 0.632923 0.122168
v 0.018162 0.636731 0.119833
v 0.057413 0.657112 -0.067180
v 0.061027 0.651622 -0.072650
v 0.059859 0.655353 -0.070486
v 0.076798 0.642408 0.075814
v 0.082406 0.637713 0.080706
v 0.080228 0.641149 0.078548
v 0.083366 0.654317 -0.035910
v 0.088754 0.648973 -0.039744
v 0.086865 0.652633 -0.038092
v 0.050279 0.639584 0.102513
v 0.054042 0.634655 0.108724
v 0.052577 0.638198 0.106207
v 0.019932 0.659038 -0.087343
v 0.021352 0.653169 -0.093307
v 0.020920 0.657060 -0.091211
v 0.092628 0.646596 0.039097
v 0.099182 0.641508 0.041222
v 0.096672 0.645090 0.040283
v 0.094732 0.650814 0.000216
v 0.101170 0.645486 -0.000893
v 0.098791 0.649145 -0.000366
v -0.018620 0.632867 0.121744
v -0.017316 0.638652 0.115697
v -0.018124 0.636753 0.119635
v -0.060971 0.651654 -0.072953
v -0.057411 0.657092 -0.067236
v -0.059836 0.655360 -0.070625
v -0.081992 0.637420 0.079506
v -0.076630 0.642736 0.075577
v -0.080011 0.641127 0.077995
v -0.088579 0.648997 -0.040179
v -0.083340 0.654360 -0.035987
v -0.086787 0.652655 -0.038290
v -0.053782 0.634411 0.107526
v -0.050166 0.639959 0.102249
v -0.052439 0.638210 0.105647
v -0.021478 0.653164 -0.093327
v -0.019964 0.659031 -0.087344
v -0.020979 0.657056 -0.091219
v -0.098689 0.641320 0.040749
v -0.092488 0.646786 0.039021
v -0.096432 0.645070 0.040070
v -0.100924 0.645413 -0.001076
v -0.094678 0.650936 0.000194
v -0.098676 0.649151 -0.000446
v 0.016345 0.638821 0.110650
v 0.032473 0.638950 0.105843
v 0.054070 0.657476 -0.063074
v 0.037082 0.658707 -0.074700
v 0.072502 0.642128 0.072685
v 0.081601 0.644253 0.055829
v 0.018574 0.659653 -0.082301
v -0.000016 0.660072 -0.084998
v 0.087482 0.646633 0.037732
v 0.090084 0.648971 0.019179
v -0.068260 0.656092 -0.048883
v -0.060691 0.641324 0.086894
v -0.078705 0.654685 -0.033382
v -0.085642 0.653124 -0.016805
v -0.047302 0.640253 0.097878
v -0.018605 0.659640 -0.082301
v -0.089418 0.651343 0.000843
v 0.295151 0.562382 0.105528
v 0.301910 0.560364 0.107093
v 0.307041 0.555765 0.108083
v 0.308318 0.535889 0.106938
v 0.304053 0.530721 0.105047
v 0.297975 0.527925 0.102677
v 0.309399 0.545931 0.108038
v 0.262657 0.551075 0.154715
v 0.268871 0.548703 0.157306
v 0.273545 0.543832 0.159113
v 0.274470 0.524138 0.158364
v 0.270572 0.519157 0.155768
v 0.265075 0.516634 0.152345
v 0.275576 0.534005 0.159544
v 0.313548 0.573307 0.048422
v 0.320605 0.571591 0.048910
v 0.325988 0.567225 0.049048
v 0.327469 0.547122 0.047530
v 0.322987 0.541773 0.046430
v 0.316567 0.538713 0.045226
v 0.328534 0.557353 0.048516
v 0.315572 0.581775 -0.011637
v 0.322695 0.580266 -0.012211
v 0.328128 0.576055 -0.012886
v 0.329633 0.555698 -0.014609
v 0.325089 0.550198 -0.014860
v 0.318584 0.546929 -0.014855
v 0.330706 0.566112 -0.013825
v 0.300846 0.586861 -0.068908
v 0.307831 0.585449 -0.070468
v 0.313137 0.581308 -0.071872
v 0.314512 0.560687 -0.073604
v 0.310065 0.555081 -0.073006
v 0.303725 0.551667 -0.071831
v 0.315610 0.571265 -0.073104
v 0.270699 0.588846 -0.117290
v 0.277386 0.587428 -0.119706
v 0.282439 0.583279 -0.121728
v 0.283630 0.562414 -0.123376
v 0.279436 0.556732 -0.122013
v 0.273490 0.553219 -0.119805
v 0.284727 0.573127 -0.123171
v 0.228884 0.588416 -0.152967
v 0.235109 0.586885 -0.156141
v 0.239789 0.582650 -0.158709
v 0.240795 0.561581 -0.160282
v 0.236991 0.555836 -0.158287
v 0.231629 0.552242 -0.155229
v 0.241844 0.572392 -0.160331
v 0.180998 0.586530 -0.175661
v 0.186495 0.584798 -0.179551
v 0.190610 0.580413 -0.182636
v 0.191412 0.559175 -0.184188
v 0.188102 0.553364 -0.181692
v 0.183457 0.549684 -0.177958
v 0.192370 0.570055 -0.184433
v 0.220384 0.541351 0.192058
v 0.225830 0.538632 0.195550
v 0.229876 0.533496 0.198067
v 0.230412 0.513921 0.197628
v 0.227006 0.509103 0.194450
v 0.222271 0.506816 0.190161
v 0.231508 0.523650 0.198890
v 0.166076 0.534114 0.217309
v 0.170449 0.531105 0.221590
v 0.173669 0.525756 0.224713
v 0.173945 0.506232 0.224458
v 0.171222 0.501528 0.220800
v 0.167476 0.499398 0.215820
v 0.174895 0.515875 0.225826
vn -0.6445 0.5892 0.4873
vn -0.7422 0.3913 0.5440
vn -0.8463 0.3691 0.3841
vn -0.7555 0.5582 0.3430
vn 0.3017 0.9523 -0.0463
vn 0.8162 0.5280 -0.2347
vn 0.8444 0.5302 -0.0769
vn 0.3113 0.9497 0.0328
vn 0.8392 0.5393 0.0706
vn 0.3174 0.9422 0.1075
vn -0.0096 0.6543 -0.7562
vn 0.0002 0.3274 -0.9449
vn 0.1963 0.3572 -0.9132
vn 0.1046 0.6978 -0.7086
vn 0.2491 -0.9682 -0.0243
vn 0.2254 -0.9705 -0.0861
vn 0.2000 -0.9783 -0.0545
vn 0.2323 -0.9726 -0.0027
vn 0.1618 -0.9867 -0.0170
vn 0.1904 -0.9809 0.0386
vn 0.1229 -0.8768 -0.4648
vn 0.1166 -0.9209 -0.3719
vn 0.1640 -0.9358 -0.3121
vn 0.1802 -0.8983 -0.4006
vn 0.2032 -0.9452 -0.2556
vn 0.2475 -0.9218 -0.2985
vn -0.0013 0.9744 -0.2246
vn 0.0646 0.9403 -0.3343
vn 0.0640 0.9760 -0.2080
vn 0.0288 0.9889 -0.1457
vn 0.2091 0.7619 -0.6130
vn 0.3000 0.8220 -0.4841
vn 0.2459 0.9394 -0.2388
vn 0.0950 0.9883 -0.1196
vn 0.0268 0.9990 -0.0358
vn 0.0554 0.9767 0.2072
vn 0.1491 0.9585 0.2428
vn 0.1536 0.9477 0.2797
vn 0.0611 0.9645 0.2570
vn 0.3235 0.9074 0.2684
vn 0.3044 0.8765 0.3730
vn 0.3217 0.7718 0.5484
vn 0.1224 0.9050 0.4074
vn 0.0572 0.9496 0.3083
vn 0.3471 -0.3157 -0.8831
vn 0.2221 -0.6993 -0.6794
vn 0.3152 -0.7462 -0.5864
vn 0.5048 -0.3370 -0.7947
vn 0.3879 -0.7859 -0.4816
vn 0.6422 -0.3609 -0.6762
vn 0.8192 -0.4857 0.3050
vn 0.4233 -0.9009 0.0957
vn 0.3730 -0.9116 0.1727
vn 0.7378 -0.4976 0.4561
vn 0.3121 -0.9173 0.2471
vn 0.6286 -0.5048 0.5917
vn 0.3406 -0.4989 0.7969
vn 0.1688 -0.9048 0.3910
vn 0.0919 -0.8911 0.4443
vn 0.1811 -0.4921 0.8515
vn 0.0690 -0.9874 0.1427
vn 0.0326 -0.9848 0.1707
vn -0.0070 -0.9818 0.1898
vn 0.0244 -0.8207 0.5709
vn 0.0130 -0.4883 0.8726
vn -0.0034 0.9195 0.3931
vn 0.0336 0.7914 0.6104
vn -0.0088 0.7700 0.6379
vn -0.0218 0.9148 0.4032
vn 0.0969 0.6446 0.7583
vn 0.0235 0.5978 0.8013
vn -0.0606 0.5675 0.8212
vn -0.0618 0.7533 0.6548
vn -0.0464 0.8877 0.4581
vn 0.0432 -0.9960 0.0786
vn 0.0269 -0.9955 0.0910
vn 0.0010 -0.9943 0.1067
vn 0.3729 0.4159 -0.8294
vn 0.2095 0.4336 0.8764
vn 0.0877 0.3689 0.9253
vn 0.8316 -0.4090 -0.3758
vn 0.4721 -0.8393 -0.2697
vn 0.4867 -0.8570 -0.1694
vn 0.8781 -0.4315 -0.2068
vn 0.2848 -0.9372 -0.2012
vn 0.2939 -0.9446 -0.1464
vn 0.2901 -0.9513 -0.1038
vn 0.4827 -0.8726 -0.0750
vn 0.8913 -0.4522 -0.0320
vn 0.0326 0.9978 0.0574
vn 0.1173 0.9930 0.0112
vn 0.1224 0.9903 0.0653
vn 0.0360 0.9961 0.0811
vn 0.1292 0.9842 0.1212
vn 0.0430 0.9906 0.1300
vn 0.2431 -0.9569 -0.1590
vn 0.2459 -0.9606 -0.1293
vn 0.2429 -0.9626 -0.1197
vn -0.0451 0.3276 0.9437
vn -0.9132 0.3399 0.2247
vn -0.8239 0.5284 0.2048
vn -0.9443 0.3216 0.0703
vn -0.8537 0.5150 0.0771
vn -0.8012 0.5637 -0.2009
vn -0.9008 0.3507 -0.2560
vn -0.8178 0.3849 -0.4279
vn -0.7110 0.6066 -0.3557
vn -0.3037 -0.9512 0.0554
vn -0.2556 -0.9607 0.1085
vn -0.2156 -0.9733 0.0782
vn -0.2568 -0.9660 0.0313
vn -0.2053 -0.9671 0.1500
vn -0.1726 -0.9784 0.1141
vn -0.1385 -0.8581 -0.4945
vn -0.2046 -0.8707 -0.4472
vn -0.1627 -0.8991 -0.4064
vn -0.1063 -0.8877 -0.4481
vn -0.2609 -0.8847 -0.3864
vn -0.2113 -0.9113 -0.3533
vn -0.1805 0.8899 -0.4188
vn -0.2783 0.8760 -0.3940
vn -0.3234 0.8109 -0.4878
vn -0.1993 0.8231 -0.5317
vn -0.3854 0.8661 -0.3184
vn -0.4621 0.7941 -0.3948
vn -0.5799 0.6409 -0.5030
vn -0.4232 0.6547 -0.6263
vn -0.2726 0.6490 -0.7103
vn -0.4857 0.8368 0.2526
vn -0.4314 0.8332 0.3460
vn -0.5523 0.7193 0.4213
vn -0.6439 0.7042 0.2991
vn -0.3336 0.8328 0.4418
vn -0.4133 0.7311 0.5428
vn -0.4943 0.6032 0.6259
vn -0.3678 -0.2862 -0.8848
vn -0.5294 -0.2917 -0.7967
vn -0.4550 -0.5187 -0.7238
vn -0.3165 -0.5066 -0.8020
vn -0.6716 -0.3005 -0.6772
vn -0.5760 -0.5357 -0.6175
vn -0.8502 -0.3969 0.3459
vn -0.7581 -0.4176 0.5009
vn -0.6107 -0.6944 0.3807
vn -0.6975 -0.6682 0.2588
vn -0.6374 -0.4370 0.6347
vn -0.5051 -0.7158 0.4822
vn -0.3415 -0.4700 0.8139
vn -0.1677 -0.4826 0.8596
vn -0.1292 -0.7641 0.6320
vn -0.2653 -0.7488 0.6074
vn -0.0560 -0.9786 0.1981
vn -0.1075 -0.9751 0.1939
vn -0.1447 0.8510 0.5049
vn -0.0996 0.8636 0.4943
vn -0.1220 0.7401 0.6613
vn -0.1781 0.7321 0.6575
vn -0.1517 0.5566 0.8168
vn -0.2353 0.5666 0.7897
vn -0.0453 -0.9921 0.1167
vn -0.0918 -0.9844 0.1501
vn -0.8717 -0.3239 -0.3677
vn -0.9213 -0.3386 -0.1910
vn -0.7858 -0.5894 -0.1873
vn -0.7458 -0.5721 -0.3412
vn -0.9344 -0.3563 -0.0071
vn -0.7907 -0.6114 -0.0312
vn -0.3683 -0.9266 -0.0757
vn -0.3711 -0.9165 -0.1493
vn -0.3499 -0.9082 -0.2296
vn -0.5215 0.8496 -0.0786
vn -0.5357 0.8440 0.0243
vn -0.7040 0.7101 -0.0096
vn -0.6616 0.7381 -0.1321
vn -0.5289 0.8426 0.1011
vn -0.7126 0.6957 0.0905
vn -0.8478 0.5276 -0.0534
vn -0.3120 -0.9392 -0.1433
vn -0.2926 -0.9321 -0.2134
vn -0.3106 -0.9470 -0.0813
vn -0.6936 0.4108 -0.5918
vn 0.5229 0.4748 -0.7080
vn -0.4583 0.8881 0.0351
vn -0.4413 0.8915 0.1027
vn -0.4596 0.8861 -0.0596
vn -0.0814 0.9149 0.3955
vn -0.0448 0.9207 0.3876
vn -0.1225 0.9053 0.4068
vn -0.3659 0.8783 0.3077
vn -0.2927 0.8733 0.3895
vn -0.4024 0.8864 0.2290
vn -0.2669 0.8931 -0.3620
vn -0.3583 0.8870 -0.2914
vn -0.1891 0.9077 -0.3747
vn 0.0130 0.9979 0.0630
vn 0.0235 0.9956 0.0910
vn 0.0231 0.9908 0.1334
vn -0.0066 0.9326 0.3609
vn -0.0196 0.9249 0.3797
vn 0.0348 0.9776 0.2074
vn 0.0402 0.9669 0.2520
vn 0.0378 0.9545 0.2959
vn -0.0215 0.9776 -0.2093
vn 0.0042 0.9907 -0.1358
vn 0.6504 0.5126 -0.5606
vn -0.3754 0.3773 -0.8466
vn -0.1956 0.3396 -0.9200
vn -0.1350 0.6418 -0.7549
vn -0.1100 0.9279 -0.3562
vn -0.1046 0.9074 -0.4071
vn -0.0713 0.9416 -0.3292
vn -0.0581 0.9271 -0.3703
vn -0.0080 -0.2891 -0.9573
vn -0.1920 -0.2850 -0.9391
vn -0.1648 -0.5020 -0.8490
vn -0.0100 -0.5109 -0.8596
vn -0.0645 -0.8483 -0.5255
vn 0.0038 -0.8464 -0.5325
vn -0.1010 0.8376 -0.5369
vn -0.0313 0.8591 -0.5109
vn -0.0435 -0.8788 -0.4752
vn 0.0313 -0.8776 -0.4783
vn -0.9414 0.3256 -0.0876
vn -0.0287 0.9482 -0.3163
vn -0.0464 0.9604 -0.2746
vn 0.1366 -0.5392 -0.8310
vn 0.1744 -0.2992 -0.9381
vn 0.0634 -0.8569 -0.5115
vn 0.0204 0.8894 -0.4566
vn 0.0686 -0.9078 -0.4137
vn 0.7514 0.5262 -0.3981
vn 0.2828 0.9498 -0.1341
vn 0.0292 0.9995 0.0141
vn 0.0100 0.9997 0.0218
vn 0.2288 -0.9519 -0.2040
vn 0.2762 -0.9325 -0.2329
vn 0.1108 0.9927 -0.0472
vn 0.4395 -0.8163 -0.3747
vn 0.7526 -0.3853 -0.5340
vn 0.8042 0.5555 0.2113
vn 0.3232 0.9286 0.1824
vn 0.0511 0.9821 0.1812
vn 0.0361 0.9839 0.1750
vn 0.7385 0.5723 0.3565
vn 0.5099 0.5604 0.6526
vn 0.3501 0.5073 0.7875
vn 0.1978 0.7085 0.6774
vn 0.4609 -0.8873 0.0134
vn 0.8711 -0.4704 0.1411
vn 0.2752 -0.9592 -0.0645
vn 0.1391 0.9739 0.1795
vn 0.2329 -0.9675 -0.0984
vn -0.3145 0.3297 0.8902
vn -0.4508 0.3633 0.8153
vn -0.3421 0.5897 0.7316
vn 0.0199 0.9280 0.3720
vn 0.0167 0.9368 0.3495
vn 0.1098 -0.9936 0.0247
vn 0.1139 -0.9879 0.1048
vn 0.1008 0.8493 0.5182
vn 0.2425 -0.9151 0.3220
vn 0.4936 -0.5050 0.7080
vn -0.1838 0.8917 0.4136
vn -0.2185 0.8383 0.4996
vn -0.1562 -0.9715 0.1782
vn -0.1315 -0.9817 0.1376
vn -0.2673 0.7316 0.6272
vn -0.4967 -0.4542 0.7396
vn -0.3889 -0.7331 0.5579
vn -0.6038 0.3905 0.6950
vn 0.6419 0.5782 0.5036
vn -0.4229 0.8915 0.1626
vn -0.5133 0.8408 0.1720
vn -0.9100 -0.3760 0.1749
vn -0.7598 -0.6390 0.1202
vn -0.3438 -0.9390 -0.0068
vn -0.6941 0.6949 0.1880
vn -0.2907 -0.9565 -0.0229
vn -0.5410 0.4089 -0.7349
vn -0.4276 0.8860 -0.1793
vn -0.4719 0.8580 -0.2028
vn -0.3100 -0.8979 -0.3125
vn -0.2557 -0.9229 -0.2878
vn -0.5802 0.7691 -0.2680
vn -0.7877 -0.3113 -0.5317
vn -0.6745 -0.5545 -0.4875
vn -0.1841 0.3144 0.9313
vn -0.0465 0.9842 -0.1707
vn -0.0262 0.9948 -0.0987
vn 0.0534 0.7911 -0.6094
vn -0.0181 0.7598 -0.6499
vn 0.1293 0.3246 -0.9370
vn 0.0260 0.3522 -0.9356
vn 0.3169 0.0811 -0.9450
vn 0.2755 0.3980 -0.8750
vn 0.3812 0.4200 -0.8236
vn 0.4326 0.0848 -0.8976
vn -0.0191 0.9976 -0.0669
vn -0.0133 0.9998 -0.0124
vn 0.1956 0.8541 -0.4819
vn 0.1385 0.8295 -0.5410
vn 0.6435 0.3919 0.6575
vn 0.7532 0.0102 0.6577
vn 0.8334 0.0205 0.5523
vn 0.7151 0.4111 0.5654
vn 0.0180 0.9689 0.2467
vn 0.3012 0.7825 0.5449
vn 0.3366 0.8022 0.4931
vn 0.5663 0.3747 0.7341
vn 0.5639 -0.0032 0.8258
vn 0.4784 0.3585 0.8017
vn 0.3734 0.3406 0.8629
vn 0.4399 -0.0071 0.8980
vn 0.0175 0.9596 0.2809
vn 0.0155 0.9586 0.2843
vn 0.2047 0.7420 0.6384
vn 0.2586 0.7632 0.5922
vn 0.6655 0.0023 0.7464
vn 0.6610 -0.3931 0.6392
vn 0.7401 -0.3880 0.5492
vn 0.5666 -0.3948 0.7232
vn 0.4475 -0.3907 0.8044
vn 0.4612 -0.8341 0.3025
vn 0.5081 -0.8267 0.2415
vn 0.0495 0.0741 -0.9960
vn 0.1482 0.0509 -0.9876
vn 0.1663 -0.1726 -0.9708
vn 0.0678 -0.2079 -0.9758
vn 0.3253 -0.8414 0.4316
vn 0.4028 -0.8400 0.3636
vn 0.1587 -0.9872 -0.0130
vn 0.1632 -0.9864 -0.0190
vn 0.3238 -0.2321 -0.9172
vn 0.4323 -0.2438 -0.8682
vn 0.1683 -0.6478 -0.7430
vn 0.0858 -0.6296 -0.7722
vn -0.0368 0.3040 0.9520
vn -0.0342 -0.0084 0.9994
vn 0.0524 -0.0084 0.9986
vn 0.0403 0.3059 0.9512
vn 0.3401 -0.6919 -0.6369
vn 0.2696 -0.6744 -0.6874
vn 0.2032 -0.9452 -0.2557
vn -0.0121 0.9465 0.3225
vn -0.0219 0.9446 0.3276
vn -0.0341 0.6956 0.7176
vn 0.0158 0.6991 0.7148
vn -0.1357 0.3044 0.9428
vn -0.1430 -0.0081 0.9897
vn -0.0437 0.9424 0.3317
vn -0.1019 0.6941 0.7126
vn -0.0282 -0.3604 0.9324
vn 0.0588 -0.3633 0.9298
vn -0.1347 -0.3599 0.9232
vn -0.0111 -0.8143 0.5803
vn 0.0536 -0.8207 0.5688
vn 0.0401 -0.9961 0.0789
vn 0.8095 0.4998 -0.3081
vn 0.9198 0.0932 -0.3812
vn 0.8486 0.0950 -0.5205
vn 0.7489 0.4932 -0.4426
vn -0.0866 -0.8103 0.5796
vn 0.0010 -0.9943 0.1068
vn -0.0083 0.9976 0.0691
vn -0.0049 0.9958 0.0912
vn 0.4090 0.9122 -0.0232
vn 0.3900 0.9148 -0.1050
vn 0.8489 0.4998 -0.1719
vn 0.9918 0.0812 -0.0987
vn 0.8686 0.4941 -0.0380
vn 0.8702 0.4828 0.0986
vn 0.9965 0.0705 0.0445
vn -0.0018 0.9938 0.1112
vn 0.0020 0.9906 0.1368
vn 0.4245 0.8943 0.1415
vn 0.4203 0.9055 0.0575
vn 0.9670 0.0886 -0.2389
vn 0.9142 -0.3104 -0.2605
vn 0.8720 -0.3002 -0.3866
vn 0.9370 -0.3210 -0.1381
vn 0.9428 -0.3330 -0.0134
vn 0.6065 -0.7639 -0.2207
vn 0.5854 -0.7557 -0.2938
vn -0.4783 0.0576 -0.8763
vn -0.4730 0.3269 -0.8182
vn -0.3356 0.3302 -0.8822
vn -0.3335 0.0638 -0.9406
vn 0.6201 -0.7798 -0.0859
vn 0.6175 -0.7716 -0.1526
vn 0.2430 -0.9626 -0.1197
vn 0.2459 -0.9606 -0.1294
vn -0.6282 0.0498 -0.7765
vn -0.6146 0.3261 -0.7183
vn -0.4003 0.6732 -0.6217
vn -0.2904 0.6816 -0.6716
vn -0.2925 0.8717 -0.3932
vn -0.2110 0.8843 -0.4166
vn -0.8266 -0.0090 0.5628
vn -0.7748 0.3067 0.5528
vn -0.8706 0.3155 0.3774
vn -0.9281 -0.0051 0.3724
vn -0.5100 0.6749 -0.5333
vn -0.3708 0.8704 -0.3239
vn -0.6961 -0.0112 0.7179
vn -0.6529 0.2979 0.6964
vn -0.5757 0.6852 0.4462
vn -0.6374 0.7023 0.3170
vn -0.3433 0.8899 0.3003
vn -0.3053 0.9311 0.1996
vn -0.7857 -0.3529 0.5080
vn -0.8820 -0.3408 0.3255
vn -0.4903 0.6704 0.5570
vn -0.2920 0.8808 0.3727
vn -0.2166 -0.9762 0.0107
vn -0.1808 -0.9821 0.0519
vn -0.5384 -0.7847 0.3071
vn -0.6144 -0.7673 0.1835
vn -0.6623 -0.3588 0.6577
vn -0.1444 -0.9860 0.0832
vn -0.4493 -0.7949 0.4077
vn -0.4434 -0.2410 -0.8633
vn -0.3040 -0.2288 -0.9248
vn -0.0754 -0.9123 -0.4025
vn -0.1233 -0.9220 -0.3670
vn -0.3074 -0.6630 -0.6826
vn -0.2045 -0.6465 -0.7350
vn -0.5873 -0.2551 -0.7681
vn -0.1658 -0.9321 -0.3219
vn -0.4111 -0.6803 -0.6068
vn -0.2816 -0.0082 0.9595
vn -0.2635 0.3041 0.9155
vn -0.3976 0.3008 0.8668
vn -0.4255 -0.0092 0.9049
vn -0.1926 0.6910 0.6967
vn -0.2913 0.6825 0.6703
vn -0.0765 0.9390 0.3353
vn -0.1166 0.9320 0.3433
vn -0.2686 -0.3594 0.8937
vn -0.4062 -0.3594 0.8401
vn -0.0789 -0.9903 0.1141
vn -0.1793 -0.8065 0.5633
vn -0.2736 -0.8029 0.5296
vn -0.9819 0.0146 -0.1888
vn -0.9352 0.3211 -0.1493
vn -0.8795 0.3251 -0.3475
vn -0.9177 0.0263 -0.3964
vn -0.9999 0.0061 -0.0086
vn -0.9471 0.3201 0.0219
vn -0.7069 0.7045 -0.0637
vn -0.6831 0.6971 -0.2178
vn -0.3707 0.9280 0.0367
vn -0.3882 0.9203 -0.0482
vn -0.9320 -0.2966 -0.2082
vn -0.8681 -0.2851 -0.4064
vn -0.7004 0.7109 0.0637
vn -0.3440 0.9340 0.0960
vn -0.2429 -0.9494 -0.1990
vn -0.2620 -0.9552 -0.1379
vn -0.6695 -0.7164 -0.1960
vn -0.6181 -0.7086 -0.3404
vn -0.9501 -0.3097 -0.0367
vn -0.2619 -0.9613 -0.0856
vn -0.6812 -0.7286 -0.0712
vn -0.2033 0.0679 -0.9768
vn -0.2122 0.3333 -0.9186
vn -0.1366 0.3351 -0.9322
vn -0.1231 0.0701 -0.9899
vn -0.1931 0.6942 -0.6934
vn -0.1347 0.7088 -0.6924
vn -0.1422 0.9023 -0.4071
vn -0.0951 0.9359 -0.3392
vn -0.1776 -0.2177 -0.9597
vn -0.1002 -0.2088 -0.9728
vn 0.0309 -0.9001 -0.4345
vn -0.0240 -0.9039 -0.4271
vn -0.1089 -0.6306 -0.7684
vn -0.0473 -0.6191 -0.7839
vn -0.0740 0.3393 -0.9378
vn -0.0579 0.0720 -0.9957
vn -0.0691 0.9697 -0.2343
vn -0.0892 0.7285 -0.6792
vn -0.0362 -0.2044 -0.9782
vn 0.0044 -0.6171 -0.7869
vn 0.0686 -0.9078 -0.4138
vn 0.4784 0.4408 -0.7595
vn 0.5403 0.0885 -0.8368
vn -0.0121 0.9995 0.0307
vn 0.2888 0.8918 -0.3483
vn 0.2435 0.8744 -0.4197
vn 0.5768 0.4615 -0.6740
vn 0.7544 0.0945 -0.6495
vn 0.6677 0.4796 -0.5693
vn 0.3633 0.9125 -0.1880
vn 0.3284 0.9047 -0.2715
vn 0.6507 0.0920 -0.7537
vn 0.6324 -0.2658 -0.7276
vn 0.5320 -0.2544 -0.8076
vn 0.7254 -0.2775 -0.6299
vn 0.8089 -0.2894 -0.5117
vn 0.4592 -0.7210 -0.5190
vn 0.4013 -0.7067 -0.5827
vn 0.2032 -0.9451 -0.2557
vn 0.8538 0.4673 0.2295
vn 0.9814 0.0581 0.1829
vn 0.5534 -0.7459 -0.3707
vn 0.5098 -0.7340 -0.4487
vn 0.2431 -0.9569 -0.1591
vn 0.2288 -0.9518 -0.2040
vn 0.0059 0.9867 0.1623
vn 0.0094 0.9829 0.1841
vn 0.4100 0.8620 0.2981
vn 0.4208 0.8794 0.2228
vn 0.8216 0.4494 0.3507
vn 0.8991 0.0323 0.4366
vn 0.7750 0.4306 0.4626
vn 0.0132 0.9782 0.2074
vn 0.3677 0.8230 0.4330
vn 0.3922 0.8431 0.3680
vn 0.9485 0.0451 0.3136
vn 0.9064 -0.3580 0.2241
vn 0.9322 -0.3456 0.1075
vn 0.8659 -0.3697 0.3369
vn 0.8103 -0.3799 0.4461
vn 0.6011 -0.7980 0.0436
vn 0.6145 -0.7886 -0.0211
vn 0.2400 -0.9645 -0.1101
vn 0.2908 -0.0086 0.9567
vn 0.2457 0.3242 0.9135
vn 0.1053 0.2659 0.9582
vn 0.1337 -0.0084 0.9910
vn 0.5484 -0.8176 0.1754
vn 0.5792 -0.8079 0.1090
vn 0.2254 -0.9704 -0.0862
vn 0.0075 0.9509 0.3094
vn 0.0023 0.9492 0.3148
vn 0.0586 0.7048 0.7070
vn 0.1361 0.7223 0.6780
vn 0.2996 -0.3816 0.8744
vn 0.1287 -0.3147 0.9404
vn 0.1148 -0.8274 0.5497
vn 0.2263 -0.8380 0.4965
vn 0.1041 -0.9940 0.0322
vn 0.1020 -0.9942 0.0343
vn -0.5605 -0.0109 0.8281
vn -0.5248 0.2966 0.7979
vn -0.3906 0.6712 0.6300
vn -0.2163 0.8880 0.4058
vn -0.5337 -0.3600 0.7652
vn -0.1107 -0.9885 0.1034
vn -0.3607 -0.7999 0.4797
vn -0.9844 -0.0003 0.1762
vn -0.9272 0.3194 0.1958
vn -0.6773 0.7112 0.1881
vn -0.3217 0.9354 0.1467
vn -0.9355 -0.3251 0.1387
vn -0.2455 -0.9687 -0.0362
vn -0.6631 -0.7466 0.0539
vn -0.7871 0.0394 -0.6156
vn -0.7616 0.3274 -0.5593
vn -0.6123 0.6864 -0.3923
vn -0.4265 0.8802 -0.2083
vn -0.7404 -0.2709 -0.6152
vn -0.2069 -0.9418 -0.2650
vn -0.5215 -0.6971 -0.4920
vn 0.0307 -0.9974 0.0648
vn 0.0429 -0.9974 0.0584
vn 0.2288 -0.9139 0.3353
vn 0.1581 -0.9144 0.3727
vn 0.3883 -0.7242 0.5699
vn 0.2673 -0.7253 0.6344
vn 0.4943 -0.4891 0.7186
vn 0.3398 -0.4930 0.8009
vn 0.0537 -0.9973 0.0499
vn 0.2921 -0.9127 0.2857
vn 0.4963 -0.7206 0.4842
vn 0.6318 -0.4805 0.6082
vn 0.0710 -0.9971 -0.0271
vn 0.0646 -0.9971 -0.0397
vn 0.3642 -0.8992 -0.2423
vn 0.4009 -0.9009 -0.1661
vn 0.6167 -0.6681 -0.4162
vn 0.6794 -0.6755 -0.2866
vn 0.7654 -0.3704 -0.5263
vn 0.8468 -0.3855 -0.3665
vn 0.0558 -0.9971 -0.0509
vn 0.3124 -0.8978 -0.3104
vn 0.5282 -0.6616 -0.5322
vn 0.6524 -0.3570 -0.6685
vn 0.0321 -0.9972 -0.0670
vn 0.0185 -0.9973 -0.0713
vn 0.0895 -0.8951 -0.4368
vn 0.1719 -0.8957 -0.4101
vn 0.1481 -0.6477 -0.7474
vn 0.2886 -0.6510 -0.7020
vn 0.1786 -0.3296 -0.9271
vn 0.3527 -0.3360 -0.8733
vn 0.0043 -0.9973 -0.0728
vn 0.0031 -0.8948 -0.4465
vn 0.0003 -0.6453 -0.7639
vn -0.0043 -0.3250 -0.9457
vn 0.0695 -0.9972 0.0275
vn 0.0740 -0.9972 0.0144
vn 0.4135 -0.9070 0.0796
vn 0.3864 -0.9090 0.1563
vn 0.7019 -0.6999 0.1322
vn 0.6562 -0.7074 0.2627
vn 0.8857 -0.4363 0.1587
vn 0.8307 -0.4523 0.3245
vn 0.0757 -0.9971 0.0005
vn 0.4254 -0.9050 -0.0018
vn 0.7218 -0.6921 -0.0068
vn 0.9075 -0.4197 -0.0171
vn -0.3345 -0.4918 0.8039
vn -0.4878 -0.4783 0.7303
vn -0.3861 -0.7169 0.5805
vn -0.2638 -0.7237 0.6377
vn -0.2243 -0.9131 0.3406
vn -0.1525 -0.9146 0.3744
vn -0.0347 -0.9977 0.0589
vn -0.0225 -0.9976 0.0650
vn -0.6261 -0.4635 0.6270
vn -0.4967 -0.7098 0.4994
vn -0.2890 -0.9115 0.2928
vn -0.0455 -0.9977 0.0505
vn -0.8605 -0.3616 -0.3589
vn -0.7786 -0.3490 -0.5216
vn -0.6269 -0.6561 -0.4202
vn -0.6919 -0.6621 -0.2880
vn -0.3641 -0.8985 -0.2454
vn -0.4022 -0.9000 -0.1680
vn -0.0564 -0.9976 -0.0399
vn -0.0629 -0.9976 -0.0272
vn -0.6647 -0.3387 -0.6659
vn -0.5356 -0.6513 -0.5375
vn -0.3107 -0.8972 -0.3139
vn -0.0475 -0.9976 -0.0511
vn -0.3639 -0.3243 -0.8731
vn -0.1884 -0.3226 -0.9276
vn -0.1493 -0.6438 -0.7505
vn -0.2925 -0.6444 -0.7065
vn -0.0846 -0.8947 -0.4386
vn -0.1686 -0.8951 -0.4128
vn -0.0101 -0.9974 -0.0715
vn -0.0240 -0.9975 -0.0672
vn -0.8351 -0.4290 0.3443
vn -0.8943 -0.4114 0.1762
vn -0.7141 -0.6855 0.1422
vn -0.6653 -0.6936 0.2761
vn -0.4154 -0.9058 0.0835
vn -0.3871 -0.9077 0.1619
vn -0.0660 -0.9977 0.0146
vn -0.0615 -0.9977 0.0279
vn -0.9191 -0.3940 -0.0027
vn -0.7356 -0.6774 -0.0006
vn -0.4279 -0.9038 -0.0000
vn -0.0678 -0.9977 0.0007
vn -0.5243 -0.3301 -0.7849
vn -0.4226 -0.6472 -0.6344
vn -0.2447 -0.8960 -0.3706
vn -0.0365 -0.9975 -0.0603
vn 0.0448 -0.9972 -0.0602
vn 0.2474 -0.8966 -0.3674
vn 0.4173 -0.6557 -0.6292
vn 0.5127 -0.3452 -0.7861
vn 0.0747 -0.9971 -0.0135
vn 0.4214 -0.9029 -0.0849
vn 0.7145 -0.6837 -0.1483
vn 0.8945 -0.4023 -0.1949
vn 0.0627 -0.9972 0.0395
vn 0.3453 -0.9110 0.2256
vn 0.5867 -0.7145 0.3811
vn 0.7452 -0.4675 0.4756
vn 0.0044 -0.9975 0.0699
vn 0.0178 -0.9975 0.0686
vn 0.0830 -0.9148 0.3953
vn 0.0050 -0.9155 0.4022
vn 0.1396 -0.7263 0.6731
vn 0.0067 -0.7284 0.6851
vn 0.1782 -0.4961 0.8498
vn 0.0101 -0.5006 0.8656
vn -0.1657 -0.5004 0.8498
vn -0.1307 -0.7284 0.6726
vn -0.0749 -0.9157 0.3949
vn -0.0093 -0.9976 0.0687
vn -0.7445 -0.4467 0.4962
vn -0.5916 -0.7020 0.3965
vn -0.3442 -0.9097 0.2325
vn -0.0546 -0.9977 0.0400
vn -0.9078 -0.3770 -0.1840
vn -0.7284 -0.6693 -0.1462
vn -0.4236 -0.9019 -0.0850
vn -0.0667 -0.9977 -0.0135
vn 0.0047 -1.0000 0.0025
vn 0.0043 -1.0000 0.0025
vn 0.0040 -1.0000 0.0025
vn 0.0056 -1.0000 0.0020
vn 0.0053 -1.0000 0.0022
vn 0.0058 -1.0000 0.0017
vn 0.0061 -1.0000 0.0004
vn 0.0061 -1.0000 0.0007
vn 0.0061 -1.0000 0.0011
vn 0.0056 -1.0000 -0.0005
vn 0.0058 -1.0000 -0.0002
vn 0.0053 -1.0000 -0.0007
vn 0.0040 -1.0000 -0.0010
vn 0.0044 -1.0000 -0.0010
vn 0.0046 -1.0000 -0.0010
vn 0.0034 -1.0000 0.0022
vn 0.0031 -1.0000 0.0020
vn 0.0029 -1.0000 0.0017
vn 0.0026 -1.0000 0.0011
vn 0.0026 -1.0000 0.0007
vn 0.0026 -1.0000 0.0004
vn 0.0029 -1.0000 -0.0002
vn 0.0031 -1.0000 -0.0005
vn 0.0034 -1.0000 -0.0007
vn 0.0037 -1.0000 -0.0009
vn 0.0050 -1.0000 -0.0009
vn 0.0060 -1.0000 0.0001
vn 0.0060 -1.0000 0.0014
vn 0.0050 -1.0000 0.0024
vn 0.0037 -1.0000 0.0024
vn 0.0027 -1.0000 0.0014
vn 0.0027 -1.0000 0.0001
vn 0.1295 0.2227 0.9662
vn 0.2806 0.2829 0.9172
vn 0.1930 0.7908 0.5809
vn 0.1045 0.7594 0.6422
vn 0.0377 0.9834 0.1777
vn 0.0303 0.9757 0.2168
vn -0.0315 0.1828 0.9827
vn -0.0044 0.7374 0.6754
vn 0.0031 0.9698 0.2438
vn 0.6010 0.2303 -0.7654
vn 0.4344 0.1989 -0.8785
vn 0.3385 0.7416 -0.5792
vn 0.4416 0.7583 -0.4795
vn 0.1552 0.9677 -0.1988
vn 0.1868 0.9723 -0.1404
vn 0.7408 0.2440 -0.6258
vn 0.5227 0.7666 -0.3729
vn 0.2074 0.9745 -0.0859
vn 0.7518 0.3776 0.5405
vn 0.8587 0.3430 0.3806
vn 0.4846 0.8246 0.2919
vn 0.4075 0.8395 0.3594
vn 0.0746 0.9868 0.1436
vn 0.0371 0.9903 0.1340
vn 0.6103 0.3827 0.6936
vn 0.3356 0.8396 0.4271
vn 0.0240 0.9913 0.1294
vn 0.8539 0.2417 -0.4609
vn 0.5893 0.7669 -0.2543
vn 0.2226 0.9744 -0.0312
vn 0.9287 0.2362 -0.2858
vn 0.6304 0.7654 -0.1292
vn 0.2262 0.9738 0.0228
vn 0.4411 0.3467 0.8278
vn 0.2657 0.8217 0.5042
vn 0.0299 0.9892 0.1438
vn 0.2330 0.1632 -0.9587
vn 0.0017 0.1483 -0.9889
vn 0.0001 0.7149 -0.6992
vn 0.1949 0.7226 -0.6632
vn -0.0001 0.9602 -0.2792
vn 0.0970 0.9623 -0.2541
vn 0.9303 0.2966 0.2159
vn 0.9645 0.2586 0.0539
vn 0.6158 0.7804 0.1088
vn 0.5602 0.8014 0.2096
vn 0.1791 0.9771 0.1149
vn 0.1282 0.9818 0.1402
vn 0.9644 0.2394 -0.1125
vn 0.6397 0.7686 -0.0065
vn 0.2126 0.9744 0.0728
vn -0.3536 0.1710 0.9196
vn -0.1969 0.1654 0.9664
vn -0.1205 0.7297 0.6731
vn -0.2283 0.7353 0.6381
vn -0.0312 0.9679 0.2494
vn -0.0577 0.9700 0.2362
vn -0.4242 0.2177 -0.8790
vn -0.5927 0.2564 -0.7635
vn -0.4340 0.7677 -0.4715
vn -0.3335 0.7490 -0.5725
vn -0.1831 0.9735 -0.1369
vn -0.1532 0.9688 -0.1950
vn -0.7382 0.2651 -0.6203
vn -0.5171 0.7729 -0.3678
vn -0.2056 0.9748 -0.0860
vn -0.8870 0.2319 0.3992
vn -0.7913 0.2399 0.5624
vn -0.4848 0.7746 0.4060
vn -0.5527 0.7699 0.3190
vn -0.1066 0.9785 0.1763
vn -0.1369 0.9764 0.1670
vn -0.6617 0.2265 0.7148
vn -0.4107 0.7676 0.4920
vn -0.0887 0.9777 0.1903
vn -0.8559 0.2472 -0.4543
vn -0.5911 0.7654 -0.2545
vn -0.2279 0.9730 -0.0362
vn -0.9346 0.2224 -0.2776
vn -0.6432 0.7542 -0.1325
vn -0.2422 0.9701 0.0157
vn -0.5077 0.1968 0.8388
vn -0.3245 0.7511 0.5749
vn -0.0752 0.9742 0.2129
vn -0.2268 0.1712 -0.9588
vn -0.1932 0.7261 -0.6599
vn -0.0968 0.9628 -0.2522
vn -0.9770 0.2022 0.0670
vn -0.9488 0.2139 0.2325
vn -0.6131 0.7582 0.2217
vn -0.6537 0.7485 0.1113
vn -0.1784 0.9725 0.1497
vn -0.2175 0.9692 0.1155
vn -0.9734 0.2052 -0.1022
vn -0.6646 0.7472 -0.0089
vn -0.2400 0.9684 0.0678
vn 0.0785 0.9942 0.0737
vn 0.0586 0.9936 0.0969
vn 0.0873 0.9951 0.0469
vn -0.0866 0.9960 0.0198
vn -0.0541 0.9985 0.0101
vn -0.0935 0.9943 0.0512
vn 0.0900 0.9958 0.0171
vn 0.0910 0.9957 -0.0172
vn -0.0175 0.9995 0.0278
vn 0.0040 0.9983 0.0579
vn 0.0589 0.9932 -0.1003
vn 0.0854 0.9946 -0.0583
vn -0.0242 0.9934 0.1121
vn -0.0697 0.9937 0.0881
vn 0.0234 0.9933 0.1129
vn 0.0059 0.9966 0.0823
vn 0.0009 0.9959 0.0907
vn -0.0591 0.9934 -0.0985
vn -0.0002 0.9928 -0.1199
vn -0.0942 0.9934 0.0655
vn -0.0927 0.9949 0.0400
vn -0.0848 0.9922 0.0910
vn 0.0261 0.9967 0.0773
vn 0.0280 0.9956 0.0897
vn 0.0139 0.9969 0.0775
vn -0.0887 0.9959 0.0148
vn -0.0882 0.9960 -0.0146
vn 0.0033 0.9963 0.0857
vn -0.0841 0.9949 -0.0553
vn 0.0109 0.9940 0.1086
vn -0.0226 0.9926 0.1194
vn -0.0599 0.9919 0.1122
vn 0.9240 -0.0000 0.3824
vn 0.9240 -0.0000 0.3825
vn 0.9808 -0.0000 0.1949
vn 0.0044 -1.0000 0.0007
vn 0.0043 -1.0000 0.0008
vn 0.0044 -1.0000 0.0008
vn 0.0043 -1.0000 0.0007
vn -0.3791 -0.0000 0.9254
vn -0.3790 -0.0000 0.9254
vn -0.1929 -0.0000 0.9812
vn 1.0000 -0.0000 -0.0002
vn 1.0000 -0.0000 -0.0001
vn 0.9237 -0.0000 -0.3832
vn 0.9237 -0.0000 -0.3830
vn 0.8312 -0.0000 -0.5559
vn 0.8314 -0.0000 -0.5556
vn 0.0003 -0.0000 1.0000
vn 0.0002 -0.0000 1.0000
vn 0.3861 -0.0000 -0.9225
vn 0.3860 -0.0000 -0.9225
vn 0.1970 -0.0000 -0.9804
vn 0.1971 -0.0000 -0.9804
vn 0.7075 -0.0000 -0.7067
vn 0.7071 -0.0000 -0.7072
vn -0.0002 -0.0000 -1.0000
vn -0.1932 -0.0000 -0.9812
vn -0.1927 -0.0000 -0.9813
vn -0.7069 -0.0000 -0.7073
vn -0.7068 -0.0000 -0.7074
vn -0.8317 -0.0000 -0.5553
vn -0.8315 -0.0000 -0.5555
vn -0.3794 -0.0000 -0.9252
vn -1.0000 -0.0000 0.0002
vn -1.0000 -0.0000 0.0001
vn -0.9808 -0.0000 0.1952
vn -0.9807 -0.0000 0.1954
vn -0.9240 -0.0000 -0.3824
vn -0.9240 -0.0000 -0.3825
vn -0.9237 -0.0000 0.3830
vn -0.9238 -0.0000 0.3828
vn -0.8314 -0.0000 0.5556
vn -0.8312 -0.0000 0.5559
vn -0.7069 -0.0000 0.7073
vn -0.7066 -0.0000 0.7076
vn -0.5536 -0.0000 0.8328
vn -0.5537 -0.0000 0.8327
vn 0.3863 -0.0000 0.9224
vn 0.5576 -0.0000 0.8301
vn 0.5574 -0.0000 0.8303
vn -0.5540 -0.0000 -0.8325
vn -0.5541 -0.0000 -0.8325
vn 0.7077 -0.0000 0.7065
vn 0.7076 -0.0000 0.7066
vn 0.9807 -0.0000 -0.1954
vn 0.9808 -0.0000 -0.1952
vn 0.1974 -0.0000 0.9803
vn 0.1973 -0.0000 0.9803
vn 0.8315 -0.0000 0.5555
vn 0.8317 -0.0000 0.5553
vn 0.5571 -0.0000 -0.8304
vn -0.9808 -0.0000 -0.1949
vt 0.562161 0.665178
vt 0.549484 0.678357
vt 0.537514 0.672439
vt 0.547056 0.657847
vt 0.474409 0.815315
vt 0.482700 0.797940
vt 0.496908 0.801730
vt 0.493346 0.820656
vt 0.512184 0.802803
vt 0.513896 0.822366
vt 0.423673 0.732052
vt 0.438314 0.732284
vt 0.439102 0.745528
vt 0.424096 0.747891
vt 0.204885 0.727411
vt 0.229223 0.677124
vt 0.253618 0.697046
vt 0.222136 0.738895
vt 0.271764 0.720730
vt 0.236232 0.753359
vt 0.075209 0.783667
vt 0.046902 0.763443
vt 0.054019 0.736172
vt 0.082609 0.765750
vt 0.066262 0.710893
vt 0.093354 0.749569
vt 0.391754 0.783630
vt 0.410214 0.772211
vt 0.415611 0.792983
vt 0.396419 0.810511
vt 0.427311 0.764066
vt 0.433691 0.779962
vt 0.443698 0.794466
vt 0.425822 0.812298
vt 0.407046 0.835724
vt 0.578379 0.869690
vt 0.567331 0.838728
vt 0.589029 0.825228
vt 0.603884 0.851398
vt 0.556181 0.814246
vt 0.573992 0.804151
vt 0.586965 0.791208
vt 0.604479 0.808067
vt 0.621919 0.828811
vt 0.104089 0.799354
vt 0.092562 0.794108
vt 0.099372 0.780869
vt 0.109889 0.788344
vt 0.108665 0.769121
vt 0.117742 0.778562
vt 0.189189 0.763839
vt 0.193624 0.752304
vt 0.207193 0.759874
vt 0.200828 0.770025
vt 0.218957 0.769989
vt 0.211029 0.778464
vt 0.225364 0.800939
vt 0.235219 0.796454
vt 0.239186 0.812083
vt 0.228897 0.814230
vt 0.253436 0.788275
vt 0.257104 0.808208
vt 0.257499 0.827942
vt 0.240111 0.827880
vt 0.229734 0.827767
vt 0.634488 0.778234
vt 0.615483 0.768597
vt 0.616162 0.748100
vt 0.635101 0.752487
vt 0.597419 0.761162
vt 0.598467 0.744988
vt 0.597539 0.729032
vt 0.614786 0.728383
vt 0.633279 0.728188
vt 0.288649 0.772694
vt 0.290738 0.800800
vt 0.289357 0.827844
vt 0.442711 0.758752
vt 0.578672 0.755349
vt 0.580500 0.742712
vt 0.138597 0.764265
vt 0.133528 0.752043
vt 0.148165 0.747504
vt 0.150835 0.760388
vt 0.124517 0.725180
vt 0.143958 0.718732
vt 0.164652 0.716892
vt 0.163484 0.745977
vt 0.163670 0.758959
vt 0.451483 0.873954
vt 0.463534 0.840743
vt 0.488104 0.847998
vt 0.481967 0.883794
vt 0.514612 0.850154
vt 0.514917 0.886419
vt 0.108187 0.670832
vt 0.137020 0.660183
vt 0.168570 0.657576
vt 0.580253 0.730059
vt 0.524204 0.668743
vt 0.529779 0.653348
vt 0.510255 0.667435
vt 0.511314 0.651902
vt 0.475273 0.658744
vt 0.483152 0.672184
vt 0.471007 0.678055
vt 0.459677 0.666843
vt 0.196885 0.910350
vt 0.213279 0.902277
vt 0.231456 0.923265
vt 0.210521 0.933553
vt 0.227597 0.891205
vt 0.249393 0.909250
vt 0.076100 0.855673
vt 0.083589 0.871321
vt 0.060798 0.880680
vt 0.052143 0.861186
vt 0.093956 0.885548
vt 0.073012 0.898999
vt 0.399710 0.694421
vt 0.407809 0.676132
vt 0.422354 0.683267
vt 0.415161 0.698941
vt 0.419757 0.658607
vt 0.432982 0.668533
vt 0.446824 0.677314
vt 0.437170 0.689404
vt 0.430287 0.702720
vt 0.563989 0.628056
vt 0.585561 0.638383
vt 0.574522 0.652076
vt 0.556030 0.643287
vt 0.602565 0.652055
vt 0.589070 0.663746
vt 0.574385 0.674921
vt 0.103198 0.847432
vt 0.108533 0.858534
vt 0.098256 0.864419
vt 0.091869 0.851344
vt 0.115882 0.868486
vt 0.107037 0.876123
vt 0.185560 0.886620
vt 0.197399 0.881193
vt 0.203311 0.889777
vt 0.189629 0.896344
vt 0.207979 0.873482
vt 0.215436 0.880628
vt 0.223559 0.852647
vt 0.227902 0.840616
vt 0.238028 0.842642
vt 0.233120 0.856398
vt 0.254602 0.845856
vt 0.248551 0.862246
vt 0.622629 0.686631
vt 0.628962 0.706389
vt 0.611360 0.710208
vt 0.606167 0.693387
vt 0.594692 0.713985
vt 0.590023 0.699850
vt 0.284452 0.851547
vt 0.276093 0.872610
vt 0.135732 0.883494
vt 0.147572 0.887948
vt 0.144859 0.898685
vt 0.130729 0.893615
vt 0.160148 0.890018
vt 0.159818 0.900877
vt 0.159839 0.916204
vt 0.140677 0.913532
vt 0.122718 0.907210
vt 0.457827 0.630852
vt 0.483868 0.623094
vt 0.488468 0.638915
vt 0.466570 0.645323
vt 0.511953 0.620153
vt 0.511830 0.636527
vt 0.492783 0.653685
vt 0.133754 0.936980
vt 0.109089 0.928143
vt 0.160605 0.940910
vt 0.460338 0.685991
vt 0.449256 0.771451
vt 0.479358 0.605175
vt 0.511927 0.601381
vt 0.449634 0.614750
vt 0.648066 0.702436
vt 0.653813 0.728475
vt 0.639638 0.679369
vt 0.594794 0.623427
vt 0.614053 0.639286
vt 0.570978 0.611271
vt 0.394310 0.667456
vt 0.407774 0.647258
vt 0.384918 0.688450
vt 0.440157 0.911066
vt 0.476062 0.924304
vt 0.515573 0.927841
vt 0.656106 0.790211
vt 0.656482 0.758347
vt 0.591054 0.904922
vt 0.620742 0.880954
vt 0.641568 0.852287
vt 0.373692 0.797261
vt 0.378594 0.830404
vt 0.390291 0.861614
vt 0.458473 0.782650
vt 0.444716 0.706987
vt 0.440242 0.719311
vt 0.425788 0.716959
vt 0.378925 0.709609
vt 0.394624 0.712726
vt 0.375167 0.733916
vt 0.391704 0.732991
vt 0.099109 0.823363
vt 0.100024 0.835577
vt 0.088045 0.837371
vt 0.086868 0.822896
vt 0.071577 0.839111
vt 0.069902 0.821459
vt 0.410615 0.715019
vt 0.408266 0.732304
vt 0.046877 0.840968
vt 0.044287 0.818271
vt 0.496381 0.668569
vt 0.390539 0.757062
vt 0.373057 0.763967
vt 0.088378 0.808305
vt 0.100476 0.811164
vt 0.071043 0.802635
vt 0.407997 0.751588
vt 0.044005 0.791704
vt 0.469777 0.791546
vt 0.457536 0.806458
vt 0.425805 0.857439
vt 0.411018 0.889338
vt 0.084359 0.688436
vt 0.107447 0.735747
vt 0.442193 0.828575
vt 0.120193 0.759369
vt 0.127430 0.770422
vt 0.528136 0.801016
vt 0.535448 0.820337
vt 0.547888 0.881623
vt 0.555012 0.921085
vt 0.543593 0.796176
vt 0.567753 0.778485
vt 0.574656 0.767366
vt 0.594159 0.776727
vt 0.178847 0.747615
vt 0.176627 0.760118
vt 0.185355 0.719894
vt 0.541732 0.847111
vt 0.200133 0.663490
vt 0.573832 0.706393
vt 0.567747 0.695700
vt 0.583446 0.686652
vt 0.631134 0.804036
vt 0.652279 0.821783
vt 0.282905 0.745959
vt 0.246582 0.769878
vt 0.612442 0.788878
vt 0.228396 0.782274
vt 0.219319 0.788871
vt 0.628639 0.658161
vt 0.614371 0.668341
vt 0.239466 0.877584
vt 0.264340 0.892057
vt 0.599159 0.677707
vt 0.216829 0.863785
vt 0.225503 0.869269
vt 0.559653 0.686225
vt 0.557201 0.788404
vt 0.543100 0.603689
vt 0.539128 0.621906
vt 0.172971 0.889583
vt 0.174935 0.900087
vt 0.178853 0.915085
vt 0.534769 0.638051
vt 0.186662 0.939617
vt 0.451491 0.695742
vt 0.425913 0.629248
vt 0.436340 0.643098
vt 0.107042 0.897703
vt 0.088910 0.915155
vt 0.447805 0.655532
vt 0.125047 0.876914
vt 0.117978 0.885984
vt 0.578002 0.717908
vt 0.362777 0.806404
vt 0.367734 0.843973
vt 0.364425 0.847698
vt 0.358976 0.809194
vt 0.360503 0.850691
vt 0.354556 0.811246
vt 0.359925 0.872496
vt 0.367195 0.869353
vt 0.373887 0.888015
vt 0.366986 0.891969
vt 0.373811 0.861911
vt 0.379889 0.879850
vt 0.377162 0.884251
vt 0.370793 0.865974
vt 0.623161 0.927151
vt 0.628555 0.932396
vt 0.610727 0.948244
vt 0.605970 0.942293
vt 0.617742 0.918278
vt 0.634076 0.903722
vt 0.636951 0.908091
vt 0.620208 0.922918
vt 0.640353 0.912009
vt 0.658728 0.898172
vt 0.652287 0.894376
vt 0.664222 0.876742
vt 0.671074 0.879797
vt 0.645341 0.886817
vt 0.656606 0.869913
vt 0.660132 0.873593
vt 0.648541 0.890842
vt 0.282780 0.619941
vt 0.300378 0.636097
vt 0.295556 0.641811
vt 0.278672 0.626182
vt 0.307211 0.659836
vt 0.312648 0.654860
vt 0.324917 0.673622
vt 0.318866 0.677862
vt 0.292598 0.645840
vt 0.276135 0.630515
vt 0.289609 0.649897
vt 0.273540 0.634878
vt 0.001847 0.735065
vt 0.008931 0.694212
vt 0.016475 0.697410
vt 0.009824 0.736969
vt 0.315233 0.681097
vt 0.303916 0.663468
vt 0.311673 0.684433
vt 0.300641 0.667165
vt 0.023518 0.678745
vt 0.016382 0.674829
vt 0.023833 0.655446
vt 0.030561 0.660080
vt 0.020625 0.700583
vt 0.014439 0.739320
vt 0.024198 0.704159
vt 0.018467 0.742103
vt 0.681113 0.764559
vt 0.688590 0.764441
vt 0.688590 0.803716
vt 0.681130 0.802979
vt 0.034097 0.663960
vt 0.027361 0.682272
vt 0.037123 0.668142
vt 0.030661 0.686150
vt 0.671988 0.799241
vt 0.671706 0.762774
vt 0.676167 0.763871
vt 0.676296 0.801383
vt 0.677247 0.728547
vt 0.684648 0.727484
vt 0.667869 0.728819
vt 0.672327 0.728825
vt 0.342795 0.751268
vt 0.342795 0.791275
vt 0.335404 0.791285
vt 0.335486 0.752386
vt 0.338793 0.829024
vt 0.331461 0.827926
vt 0.330707 0.791933
vt 0.330944 0.753938
vt 0.326206 0.792877
vt 0.326612 0.755827
vt 0.449481 0.958482
vt 0.446720 0.965779
vt 0.425047 0.956660
vt 0.428886 0.949782
vt 0.326759 0.827656
vt 0.322236 0.827629
vt 0.451881 0.948328
vt 0.471656 0.956727
vt 0.470889 0.962097
vt 0.450750 0.953568
vt 0.470077 0.967181
vt 0.492943 0.977671
vt 0.493416 0.969813
vt 0.516754 0.972446
vt 0.517494 0.980444
vt 0.493961 0.959116
vt 0.516267 0.961506
vt 0.516441 0.967101
vt 0.493665 0.964599
vt 0.104342 0.583326
vt 0.125914 0.574735
vt 0.127751 0.582490
vt 0.107137 0.590755
vt 0.150839 0.580478
vt 0.149970 0.572614
vt 0.174026 0.570493
vt 0.173926 0.578465
vt 0.128632 0.587720
vt 0.108508 0.595836
vt 0.129340 0.593046
vt 0.109656 0.601031
vt 0.372875 0.652225
vt 0.379873 0.656807
vt 0.368902 0.680746
vt 0.361303 0.677315
vt 0.173739 0.583838
vt 0.151186 0.585779
vt 0.173428 0.589287
vt 0.151384 0.591167
vt 0.389092 0.628133
vt 0.395194 0.633831
vt 0.384125 0.659833
vt 0.373509 0.682937
vt 0.387837 0.662592
vt 0.377539 0.684889
vt 0.608907 0.600221
vt 0.604253 0.606502
vt 0.578451 0.592078
vt 0.581945 0.584967
vt 0.398883 0.637614
vt 0.402110 0.641087
vt 0.631454 0.619538
vt 0.625836 0.624872
vt 0.601468 0.610912
vt 0.576357 0.596885
vt 0.599135 0.615103
vt 0.574587 0.601410
vt 0.255235 0.950947
vt 0.259187 0.957554
vt 0.230946 0.971508
vt 0.228421 0.964132
vt 0.622353 0.628699
vt 0.619388 0.632342
vt 0.224029 0.955723
vt 0.249374 0.943506
vt 0.252352 0.947034
vt 0.226323 0.959713
vt 0.277931 0.933181
vt 0.283072 0.938824
vt 0.270899 0.926853
vt 0.274413 0.929851
vt 0.031155 0.892571
vt 0.023589 0.895839
vt 0.013088 0.870181
vt 0.021084 0.868137
vt 0.030367 0.866042
vt 0.040002 0.889011
vt 0.035779 0.890694
vt 0.025954 0.867019
vt 0.038868 0.920742
vt 0.045697 0.916200
vt 0.053723 0.911126
vt 0.049881 0.913540
vt 0.676912 0.695744
vt 0.669703 0.697847
vt 0.658617 0.671120
vt 0.665499 0.667948
vt 0.664913 0.699003
vt 0.654053 0.673126
vt 0.660573 0.699917
vt 0.649942 0.674899
vt 0.323754 0.859265
vt 0.330856 0.861559
vt 0.318999 0.890022
vt 0.312321 0.886548
vt 0.303684 0.882960
vt 0.314724 0.857247
vt 0.319162 0.858135
vt 0.307943 0.884621
vt 0.473028 0.575998
vt 0.474630 0.584117
vt 0.441206 0.596135
vt 0.437898 0.588595
vt 0.512359 0.570491
vt 0.512061 0.578901
vt 0.475720 0.589339
vt 0.443332 0.600954
vt 0.476798 0.594143
vt 0.445322 0.605359
vt 0.124254 0.967797
vt 0.121763 0.975520
vt 0.086795 0.962128
vt 0.090960 0.955190
vt 0.511925 0.584371
vt 0.511882 0.589435
vt 0.096150 0.947422
vt 0.127142 0.958845
vt 0.125782 0.963107
vt 0.093639 0.951109
vt 0.160662 0.981987
vt 0.161404 0.973847
vt 0.161496 0.964233
vt 0.161564 0.968817
vt 0.353794 0.702942
vt 0.361752 0.705267
vt 0.356973 0.734295
vt 0.348862 0.732993
vt 0.366562 0.706594
vt 0.361855 0.734586
vt 0.370773 0.707667
vt 0.366134 0.734492
vt 0.014821 0.843302
vt 0.006624 0.844255
vt 0.002630 0.814143
vt 0.010866 0.814105
vt 0.020398 0.815034
vt 0.024300 0.842553
vt 0.019813 0.842879
vt 0.015901 0.814489
vt 0.354041 0.770914
vt 0.345938 0.770643
vt 0.362929 0.768460
vt 0.358787 0.769988
vt 0.346575 0.812151
vt 0.000489 0.776555
vt 0.008652 0.777401
vt 0.013560 0.778781
vt 0.017906 0.780490
vt 0.385236 0.905115
vt 0.378965 0.909867
vt 0.390563 0.896452
vt 0.401237 0.913054
vt 0.399117 0.917883
vt 0.388139 0.901067
vt 0.396585 0.922214
vt 0.407996 0.942213
vt 0.412735 0.935998
vt 0.416672 0.926492
vt 0.432107 0.939929
vt 0.430610 0.945040
vt 0.414864 0.931461
vt 0.036104 0.637761
vt 0.048374 0.620076
vt 0.053830 0.626086
vt 0.042196 0.643083
vt 0.070176 0.612553
vt 0.065573 0.605997
vt 0.082771 0.591918
vt 0.086522 0.599020
vt 0.056597 0.630573
vt 0.045347 0.647267
vt 0.058960 0.635264
vt 0.048041 0.651703
vt 0.540197 0.967842
vt 0.542078 0.975415
vt 0.088384 0.603953
vt 0.072490 0.617263
vt 0.089972 0.609017
vt 0.074466 0.622141
vt 0.538631 0.957222
vt 0.560995 0.952937
vt 0.562159 0.958234
vt 0.539300 0.962667
vt 0.563640 0.963239
vt 0.588695 0.959315
vt 0.584805 0.952766
vt 0.581201 0.942885
vt 0.601407 0.932833
vt 0.603465 0.937745
vt 0.582812 0.947990
vt 0.197980 0.575793
vt 0.221934 0.581093
vt 0.220084 0.588595
vt 0.197005 0.583530
vt 0.240936 0.599574
vt 0.243558 0.592438
vt 0.265182 0.603784
vt 0.261787 0.610553
vt 0.218879 0.593662
vt 0.196309 0.588750
vt 0.217565 0.598786
vt 0.195497 0.594037
vt 0.677504 0.860974
vt 0.670433 0.858577
vt 0.676643 0.840412
vt 0.683935 0.842150
vt 0.259672 0.615190
vt 0.239276 0.604426
vt 0.257470 0.619859
vt 0.237517 0.609322
vt 0.662358 0.852490
vt 0.668111 0.835066
vt 0.672095 0.838032
vt 0.666114 0.855813
vt 0.324950 0.696235
vt 0.331436 0.692842
vt 0.337954 0.712061
vt 0.331034 0.714609
vt 0.326874 0.717016
vt 0.321054 0.699056
vt 0.322893 0.719679
vt 0.317283 0.702056
vt 0.650311 0.642391
vt 0.643941 0.646652
vt 0.639802 0.649594
vt 0.636152 0.652332
vt 0.296998 0.911393
vt 0.303036 0.915977
vt 0.289033 0.906356
vt 0.292980 0.908729
vt 0.549715 0.574576
vt 0.547620 0.582413
vt 0.546368 0.587579
vt 0.545324 0.592403
vt 0.196949 0.972097
vt 0.197919 0.979988
vt 0.194495 0.962907
vt 0.195846 0.967281
vt 0.410320 0.606487
vt 0.415177 0.613192
vt 0.418141 0.617549
vt 0.420790 0.621538
vt 0.065161 0.937527
vt 0.059474 0.943341
vt 0.071972 0.931064
vt 0.068695 0.934136
vt 0.204413 0.809926
vt 0.200462 0.802135
vt 0.204810 0.799245
vt 0.209277 0.807979
vt 0.209526 0.795983
vt 0.214579 0.805747
vt 0.213983 0.792787
vt 0.219612 0.803534
vt 0.195044 0.795371
vt 0.198698 0.791687
vt 0.202641 0.787584
vt 0.206355 0.783598
vt 0.148236 0.786187
vt 0.141081 0.790120
vt 0.138408 0.786212
vt 0.146332 0.781782
vt 0.135537 0.782031
vt 0.144275 0.777049
vt 0.132744 0.777995
vt 0.142267 0.772484
vt 0.134868 0.795288
vt 0.131543 0.792004
vt 0.127989 0.788500
vt 0.124533 0.785116
vt 0.125988 0.808535
vt 0.123569 0.816148
vt 0.119131 0.815171
vt 0.121778 0.806741
vt 0.114431 0.814142
vt 0.117309 0.804846
vt 0.109866 0.813154
vt 0.112964 0.803021
vt 0.122586 0.824022
vt 0.118063 0.823881
vt 0.113283 0.823736
vt 0.108642 0.823604
vt 0.180855 0.785880
vt 0.172719 0.783490
vt 0.173616 0.778564
vt 0.182731 0.781163
vt 0.174549 0.773198
vt 0.184729 0.775997
vt 0.175399 0.768030
vt 0.186591 0.771017
vt 0.164356 0.782765
vt 0.164268 0.777826
vt 0.164144 0.772475
vt 0.163986 0.767324
vt 0.218024 0.850444
vt 0.211741 0.860511
vt 0.207210 0.857517
vt 0.212952 0.848364
vt 0.202571 0.854287
vt 0.207709 0.846082
vt 0.198426 0.851210
vt 0.202990 0.843881
vt 0.203526 0.869117
vt 0.199738 0.865317
vt 0.195900 0.861274
vt 0.192498 0.857462
vt 0.139152 0.876092
vt 0.130060 0.870064
vt 0.132897 0.866200
vt 0.141203 0.871682
vt 0.135859 0.862256
vt 0.143375 0.867169
vt 0.138703 0.858586
vt 0.145491 0.862973
vt 0.122356 0.862540
vt 0.125845 0.859341
vt 0.129462 0.856084
vt 0.132913 0.853054
vt 0.111869 0.844209
vt 0.109313 0.834044
vt 0.113893 0.833299
vt 0.116230 0.842590
vt 0.118605 0.832545
vt 0.120723 0.840951
vt 0.123069 0.831846
vt 0.124987 0.839427
vt 0.183035 0.880342
vt 0.171724 0.882595
vt 0.170861 0.877552
vt 0.181135 0.875498
vt 0.170073 0.872320
vt 0.179278 0.870439
vt 0.169469 0.867450
vt 0.177696 0.865719
vt 0.160354 0.882567
vt 0.160522 0.877540
vt 0.160789 0.872354
vt 0.161155 0.867531
vt 0.116248 0.853813
vt 0.120246 0.851370
vt 0.124374 0.848887
vt 0.128300 0.846580
vt 0.129791 0.801503
vt 0.125952 0.798932
vt 0.121864 0.796201
vt 0.117889 0.793566
vt 0.156084 0.783695
vt 0.155055 0.778937
vt 0.153925 0.773804
vt 0.152807 0.768861
vt 0.188405 0.789881
vt 0.191218 0.785585
vt 0.194239 0.780843
vt 0.197072 0.776259
vt 0.207228 0.827203
vt 0.206702 0.818431
vt 0.211873 0.817541
vt 0.212475 0.827400
vt 0.217539 0.816496
vt 0.218245 0.827566
vt 0.222942 0.815439
vt 0.223759 0.827679
vt 0.222070 0.839430
vt 0.216678 0.838290
vt 0.211057 0.837022
vt 0.205965 0.835787
vt 0.193799 0.875808
vt 0.190906 0.871382
vt 0.188012 0.866722
vt 0.185479 0.862358
vt 0.149363 0.880341
vt 0.150515 0.875531
vt 0.151779 0.870591
vt 0.153058 0.865999
vt 0.192421 0.820761
vt 0.192778 0.826584
vt 0.191970 0.832257
vt 0.184813 0.805398
vt 0.188355 0.809919
vt 0.180454 0.801697
vt 0.158890 0.797189
vt 0.164467 0.796669
vt 0.170064 0.797260
vt 0.144369 0.804797
vt 0.148658 0.801349
vt 0.140837 0.808994
vt 0.136110 0.829832
vt 0.135774 0.824461
vt 0.136473 0.819034
vt 0.187057 0.842485
vt 0.183173 0.846689
vt 0.178549 0.850022
vt 0.167899 0.853626
vt 0.162308 0.853792
vt 0.156822 0.852867
vt 0.146983 0.848011
vt 0.142973 0.844293
vt 0.139757 0.839900
vt 0.137448 0.835018
vt 0.138176 0.813794
vt 0.153557 0.798772
vt 0.175470 0.798952
vt 0.190932 0.815105
vt 0.190035 0.837605
vt 0.173389 0.852360
vt 0.151654 0.850913
vt 0.352865 0.853023
vt 0.564497 0.741109
vt 0.562425 0.751010
vt 0.560095 0.750334
vt 0.562174 0.740843
vt 0.557806 0.749625
vt 0.559876 0.740568
vt 0.564682 0.731319
vt 0.562405 0.731487
vt 0.560148 0.731644
vt 0.460746 0.764643
vt 0.454780 0.754354
vt 0.456899 0.753539
vt 0.462751 0.763399
vt 0.458971 0.752677
vt 0.464682 0.762096
vt 0.468697 0.773437
vt 0.470437 0.771807
vt 0.472088 0.770124
vt 0.543652 0.776670
vt 0.533289 0.782621
vt 0.531831 0.780544
vt 0.541782 0.774910
vt 0.530583 0.778381
vt 0.540108 0.773024
vt 0.552195 0.769053
vt 0.550063 0.767654
vt 0.548072 0.766129
vt 0.477830 0.780113
vt 0.479173 0.778152
vt 0.480437 0.776163
vt 0.487873 0.784750
vt 0.488730 0.782525
vt 0.489543 0.780300
vt 0.558400 0.760413
vt 0.556130 0.759365
vt 0.553937 0.758237
vt 0.451337 0.743480
vt 0.450439 0.732776
vt 0.452524 0.732861
vt 0.453464 0.743096
vt 0.454596 0.732935
vt 0.455567 0.742690
vt 0.521906 0.786402
vt 0.510190 0.787953
vt 0.509904 0.785554
vt 0.520999 0.784101
vt 0.509707 0.783158
vt 0.520260 0.781765
vt 0.498742 0.787368
vt 0.499051 0.784999
vt 0.499374 0.782642
vt 0.559984 0.712523
vt 0.563210 0.721772
vt 0.561031 0.722339
vt 0.557931 0.713450
vt 0.558868 0.722893
vt 0.555901 0.714379
vt 0.455758 0.711768
vt 0.461925 0.702177
vt 0.463830 0.703433
vt 0.457776 0.712701
vt 0.465642 0.704764
vt 0.459749 0.713672
vt 0.469787 0.694143
vt 0.471463 0.695681
vt 0.473006 0.697303
vt 0.530321 0.685040
vt 0.540122 0.689939
vt 0.538718 0.691755
vt 0.529235 0.687040
vt 0.537416 0.693615
vt 0.528279 0.689078
vt 0.548537 0.696405
vt 0.546882 0.697973
vt 0.545289 0.699574
vt 0.478612 0.688086
vt 0.479917 0.689895
vt 0.481094 0.691758
vt 0.488155 0.683895
vt 0.488995 0.685929
vt 0.489754 0.687978
vt 0.555125 0.704005
vt 0.553252 0.705270
vt 0.551413 0.706550
vt 0.451870 0.722205
vt 0.453935 0.722754
vt 0.455977 0.723304
vt 0.508989 0.680829
vt 0.519777 0.682002
vt 0.519103 0.684136
vt 0.508800 0.683023
vt 0.518545 0.686282
vt 0.508672 0.685209
vt 0.498352 0.681446
vt 0.498681 0.683620
vt 0.498999 0.685783
vt 0.490481 0.777635
vt 0.499777 0.779827
vt 0.481876 0.773763
vt 0.545883 0.764246
vt 0.551456 0.756858
vt 0.538331 0.770708
vt 0.473974 0.768076
vt 0.466911 0.760496
vt 0.555163 0.748773
vt 0.557191 0.740240
vt 0.458051 0.742185
vt 0.461394 0.751610
vt 0.519541 0.778956
vt 0.529307 0.775752
vt 0.509557 0.780293
vt 0.557495 0.731820
vt 0.556317 0.723537
vt 0.458388 0.723950
vt 0.457055 0.733006
vt 0.490598 0.690454
vt 0.482394 0.694032
vt 0.499376 0.688382
vt 0.543458 0.701499
vt 0.535965 0.695865
vt 0.549262 0.708077
vt 0.474731 0.699301
vt 0.467713 0.706401
vt 0.553510 0.715478
vt 0.462049 0.714849
vt 0.527258 0.691547
vt 0.517985 0.688873
vt 0.508579 0.687838
vt 0.566662 0.970386
vt 0.646383 0.916547
vt 0.468393 0.974898
vt 0.390944 0.927765
vt 0.964244 0.159059
vt 0.945654 0.159076
vt 0.945652 0.151786
vt 0.964242 0.151769
vt 0.531579 0.750303
vt 0.526418 0.755459
vt 0.502786 0.726726
vt 0.535625 0.744240
vt 0.520312 0.759517
vt 0.513475 0.762317
vt 0.506266 0.763750
vt 0.499037 0.763744
vt 0.491989 0.762316
vt 0.485302 0.759522
vt 0.479245 0.755475
vt 0.474090 0.750321
vt 0.470037 0.744262
vt 0.467247 0.737528
vt 0.465820 0.730379
vt 0.465820 0.723090
vt 0.467238 0.715939
vt 0.470027 0.709205
vt 0.474073 0.703141
vt 0.479221 0.697987
vt 0.485234 0.693938
vt 0.491873 0.691158
vt 0.498963 0.689737
vt 0.506311 0.689731
vt 0.513558 0.691139
vt 0.520337 0.693924
vt 0.526407 0.697969
vt 0.531562 0.703124
vt 0.535616 0.709182
vt 0.538405 0.715917
vt 0.539832 0.723065
vt 0.539832 0.730355
vt 0.538415 0.737505
vt 0.964102 0.217330
vt 0.945512 0.217347
vt 0.945537 0.209965
vt 0.964127 0.209948
vt 0.945642 0.144497
vt 0.964233 0.144480
vt 0.964196 0.129901
vt 0.945606 0.129918
vt 0.945579 0.122628
vt 0.964169 0.122611
vt 0.945562 0.202617
vt 0.964153 0.202600
vt 0.964066 0.100790
vt 0.945476 0.100807
vt 0.945438 0.093616
vt 0.964028 0.093599
vt 0.945548 0.115339
vt 0.964138 0.115322
vt 0.964206 0.319635
vt 0.945615 0.319652
vt 0.945578 0.312301
vt 0.964168 0.312284
vt 0.964244 0.326863
vt 0.945654 0.326880
vt 0.964072 0.290270
vt 0.945482 0.290287
vt 0.945459 0.282998
vt 0.964049 0.282981
vt 0.945542 0.304914
vt 0.964132 0.304896
vt 0.964017 0.261112
vt 0.945427 0.261129
vt 0.945429 0.253840
vt 0.964019 0.253823
vt 0.945442 0.275708
vt 0.964032 0.275691
vt 0.964027 0.246533
vt 0.945436 0.246550
vt 0.945450 0.239261
vt 0.964040 0.239243
vt 0.964057 0.231954
vt 0.945467 0.231971
vt 0.945488 0.224677
vt 0.964078 0.224659
vt 0.964199 0.188172
vt 0.945609 0.188189
vt 0.945627 0.180940
vt 0.964218 0.180922
vt 0.945510 0.297582
vt 0.964100 0.297565
vt 0.945642 0.173655
vt 0.964232 0.173638
vt 0.945627 0.137207
vt 0.964217 0.137190
vt 0.945587 0.195386
vt 0.964177 0.195369
vt 0.945651 0.166365
vt 0.964241 0.166348
vt 0.945513 0.108055
vt 0.964104 0.108037
vt 0.945432 0.268419
vt 0.964022 0.268401
s 1
usemtl Material.001
f 128/1/1 352/2/2 253/3/3 71/4/4
f 51/5/5 245/6/6 273/7/7 118/8/8
f 118/8/8 273/7/7 244/9/9 18/10/10
f 16/11/11 248/12/12 274/13/13 178/14/14
f 57/15/15 204/16/16 275/17/17 105/18/18
f 105/18/18 275/17/17 98/19/19 6/20/20
f 47/21/21 186/22/22 276/23/23 104/24/24
f 104/24/24 276/23/23 102/25/25 5/26/26
f 49/27/27 185/28/28 277/29/29 160/30/30
f 185/28/28 46/31/31 100/32/32 277/29/29
f 277/29/29 100/32/32 4/33/33 145/34/34
f 160/30/30 277/29/29 145/34/34 33/35/35
f 59/36/36 203/37/37 278/38/38 159/39/39
f 203/37/37 56/40/40 101/41/41 278/38/38
f 278/38/38 101/41/41 3/42/42 99/43/43
f 159/39/39 278/38/38 99/43/43 34/44/44
f 48/45/45 184/46/46 279/47/47 108/48/48
f 184/46/46 47/21/21 104/24/24 279/47/47
f 279/47/47 104/24/24 5/26/26 106/49/49
f 108/48/48 279/47/47 106/49/49 7/50/50
f 58/51/51 202/52/52 280/53/53 107/54/54
f 202/52/52 57/15/15 105/18/18 280/53/53
f 280/53/53 105/18/18 6/20/20 103/55/55
f 107/54/54 280/53/53 103/55/55 8/56/56
f 63/57/57 213/58/58 281/59/59 111/60/60
f 213/58/58 62/61/61 110/62/62 281/59/59
f 281/59/59 110/62/62 11/63/63 115/64/64
f 111/60/60 281/59/59 115/64/64 12/65/65
f 64/66/66 212/67/67 282/68/68 158/69/69
f 212/67/67 61/70/70 109/71/71 282/68/68
f 282/68/68 109/71/71 10/72/72 148/73/73
f 158/69/69 282/68/68 148/73/73 36/74/74
f 62/61/61 211/75/75 283/76/76 110/62/62
f 110/62/62 283/76/76 116/77/77 11/63/63
f 178/14/14 274/13/13 247/78/78 46/31/31
f 61/70/70 241/79/79 284/80/80 109/71/71
f 53/81/81 195/82/82 285/83/83 120/84/84
f 195/82/82 52/85/85 119/86/86 285/83/83
f 285/83/83 119/86/86 19/87/87 121/88/88
f 120/84/84 285/83/83 121/88/88 20/89/89
f 54/90/90 194/91/91 286/92/92 157/93/93
f 194/91/91 51/5/5 118/8/8 286/92/92
f 286/92/92 118/8/8 18/10/10 149/94/94
f 157/93/93 286/92/92 149/94/94 37/95/95
f 52/85/85 193/96/96 287/97/97 119/86/86
f 119/86/86 287/97/97 123/98/98 19/87/87
f 109/71/71 284/80/80 256/99/99 10/72/72
f 71/4/4 253/3/3 288/100/100 223/101/101
f 223/101/101 288/100/100 252/102/102 30/103/103
f 76/104/104 251/105/105 289/106/106 232/107/107
f 72/108/108 132/109/109 290/110/110 231/111/111
f 132/109/109 26/112/112 125/113/113 290/110/110
f 42/114/114 131/115/115 291/116/116 177/117/117
f 131/115/115 25/118/118 129/119/119 291/116/116
f 44/120/120 172/121/121 292/122/122 176/123/123
f 172/121/121 38/124/124 150/125/125 292/122/122
f 292/122/122 150/125/125 24/126/126 127/127/127
f 176/123/123 292/122/122 127/127/127 41/128/128
f 74/129/129 226/130/130 293/131/131 230/132/132
f 226/130/130 39/133/133 126/134/134 293/131/131
f 293/131/131 126/134/134 23/135/135 128/1/1
f 230/132/132 293/131/131 128/1/1 71/4/4
f 43/136/136 135/137/137 294/138/138 175/139/139
f 135/137/137 27/140/140 133/141/141 294/138/138
f 294/138/138 133/141/141 25/118/118 131/115/115
f 175/139/139 294/138/138 131/115/115 42/114/114
f 73/142/142 134/143/143 295/144/144 229/145/145
f 134/143/143 28/146/146 130/147/147 295/144/144
f 295/144/144 130/147/147 26/112/112 132/109/109
f 229/145/145 295/144/144 132/109/109 72/108/108
f 68/148/148 138/149/149 296/150/150 222/151/151
f 138/149/149 12/65/65 115/64/64 296/150/150
f 296/150/150 115/64/64 11/63/63 137/152/152
f 222/151/151 296/150/150 137/152/152 67/153/153
f 69/154/154 217/155/155 297/156/156 221/157/157
f 217/155/155 36/74/74 148/73/73 297/156/156
f 297/156/156 148/73/73 10/72/72 136/158/158
f 221/157/157 297/156/156 136/158/158 66/159/159
f 67/153/153 137/152/152 298/160/160 220/161/161
f 137/152/152 11/63/63 116/77/77 298/160/160
f 78/162/162 141/163/163 299/164/164 240/165/165
f 141/163/163 32/166/166 142/167/167 299/164/164
f 299/164/164 142/167/167 31/168/168 140/169/169
f 240/165/165 299/164/164 140/169/169 77/170/170
f 79/171/171 235/172/172 300/173/173 239/174/174
f 235/172/172 40/175/175 152/176/176 300/173/173
f 300/173/173 152/176/176 30/103/103 139/177/177
f 239/174/174 300/173/173 139/177/177 76/104/104
f 77/170/170 140/169/169 301/178/178 238/179/179
f 140/169/169 31/168/168 144/180/180 301/178/178
f 232/107/107 289/106/106 250/181/181 24/126/126
f 46/31/31 247/78/78 302/182/182 100/32/32
f 303/183/183 143/184/184 40/175/175 235/172/172
f 237/185/185 303/183/183 235/172/172 79/171/171
f 304/186/186 117/187/187 36/74/74 217/155/155
f 219/188/188 304/186/186 217/155/155 69/154/154
f 305/189/189 151/190/190 39/133/133 226/130/130
f 228/191/191 305/189/189 226/130/130 74/129/129
f 306/192/192 124/193/193 38/124/124 172/121/121
f 174/194/194 306/192/192 172/121/121 44/120/120
f 192/195/195 54/90/90 157/93/93 307/196/196
f 307/196/196 157/93/93 37/95/95 122/197/197
f 210/198/198 64/66/66 158/69/69 308/199/199
f 308/199/199 158/69/69 36/74/74 117/187/187
f 201/200/200 59/36/36 159/39/39 309/201/201
f 309/201/201 159/39/39 34/44/44 146/202/202
f 183/203/203 49/27/27 160/30/30 310/204/204
f 310/204/204 160/30/30 33/35/35 97/205/35
f 100/32/32 302/182/182 246/206/205 4/33/33
f 41/128/128 249/207/206 311/208/207 169/209/208
f 312/210/209 174/194/194 44/120/120 156/211/210
f 113/212/211 312/210/209 156/211/210 35/213/212
f 14/214/213 171/215/214 313/216/215 112/217/216
f 171/215/214 43/136/136 175/139/139 313/216/215
f 313/216/215 175/139/139 42/114/114 170/218/217
f 112/217/216 313/216/215 170/218/217 15/219/218
f 35/213/212 156/211/210 314/220/219 147/221/220
f 156/211/210 44/120/120 176/123/123 314/220/219
f 314/220/219 176/123/123 41/128/128 169/209/208
f 147/221/220 314/220/219 169/209/208 16/11/11
f 15/219/218 170/218/217 315/222/221 114/223/222
f 170/218/217 42/114/114 177/117/117 315/222/221
f 169/209/208 311/208/207 248/12/12 16/11/11
f 30/103/103 252/102/102 316/224/223 139/177/177
f 113/212/211 35/213/212 181/225/224 317/226/225
f 317/226/225 181/225/224 49/27/27 183/203/203
f 14/214/213 112/217/216 318/227/226 180/228/227
f 112/217/216 15/219/218 179/229/228 318/227/226
f 318/227/226 179/229/228 47/21/21 184/46/46
f 180/228/227 318/227/226 184/46/46 48/45/45
f 35/213/212 147/221/220 319/230/229 181/225/224
f 147/221/220 16/11/11 178/14/14 319/230/229
f 319/230/229 178/14/14 46/31/31 185/28/28
f 181/225/224 319/230/229 185/28/28 49/27/27
f 15/219/218 114/223/222 320/231/230 179/229/228
f 179/229/228 320/231/230 186/22/22 47/21/21
f 139/177/177 316/224/223 251/105/105 76/104/104
f 4/33/33 246/206/205 321/232/231 187/233/232
f 97/205/35 33/35/35 190/234/233 322/235/234
f 322/235/234 190/234/233 54/90/90 192/195/195
f 5/26/26 102/25/25 323/236/235 188/237/236
f 188/237/236 323/236/235 193/96/96 52/85/85
f 33/35/35 145/34/34 324/238/237 190/234/233
f 145/34/34 4/33/33 187/233/232 324/238/237
f 324/238/237 187/233/232 51/5/5 194/91/91
f 190/234/233 324/238/237 194/91/91 54/90/90
f 7/50/50 106/49/49 325/239/238 189/240/239
f 106/49/49 5/26/26 188/237/236 325/239/238
f 325/239/238 188/237/236 52/85/85 195/82/82
f 189/240/239 325/239/238 195/82/82 53/81/81
f 187/233/232 321/232/231 245/6/6 51/5/5
f 18/10/10 244/9/9 326/241/240 196/242/241
f 122/197/197 37/95/95 199/243/242 327/244/243
f 327/244/243 199/243/242 59/36/36 201/200/200
f 196/242/241 326/241/240 243/245/244 56/40/40
f 3/42/42 242/246/245 328/247/246 205/248/247
f 20/89/89 121/88/88 329/249/248 198/250/249
f 121/88/88 19/87/87 197/251/250 329/249/248
f 329/249/248 197/251/250 57/15/15 202/52/52
f 198/250/249 329/249/248 202/52/52 58/51/51
f 37/95/95 149/94/94 330/252/251 199/243/242
f 149/94/94 18/10/10 196/242/241 330/252/251
f 330/252/251 196/242/241 56/40/40 203/37/37
f 199/243/242 330/252/251 203/37/37 59/36/36
f 19/87/87 123/98/98 331/253/252 197/251/250
f 197/251/250 331/253/252 204/16/16 57/15/15
f 205/248/247 328/247/246 241/79/79 61/70/70
f 66/159/159 255/254/253 332/255/254 214/256/255
f 146/202/202 34/44/44 208/257/256 333/258/257
f 333/258/257 208/257/256 64/66/66 210/198/198
f 6/20/20 98/19/19 334/259/258 206/260/259
f 206/260/259 334/259/258 211/75/75 62/61/61
f 34/44/44 99/43/43 335/261/260 208/257/256
f 99/43/43 3/42/42 205/248/247 335/261/260
f 335/261/260 205/248/247 61/70/70 212/67/67
f 208/257/256 335/261/260 212/67/67 64/66/66
f 8/56/56 103/55/55 336/262/261 207/263/262
f 103/55/55 6/20/20 206/260/259 336/262/261
f 336/262/261 206/260/259 62/61/61 213/58/58
f 207/263/262 336/262/261 213/58/58 63/57/57
f 337/264/263 219/188/188 69/154/154 154/265/264
f 151/190/190 337/264/263 154/265/264 39/133/133
f 26/112/112 215/266/265 338/267/266 125/113/113
f 215/266/265 67/153/153 220/161/161 338/267/266
f 39/133/133 154/265/264 339/268/267 126/134/134
f 154/265/264 69/154/154 221/157/157 339/268/267
f 339/268/267 221/157/157 66/159/159 214/256/255
f 126/134/134 339/268/267 214/256/255 23/135/135
f 28/146/146 216/269/268 340/270/269 130/147/147
f 216/269/268 68/148/148 222/151/151 340/270/269
f 340/270/269 222/151/151 67/153/153 215/266/265
f 130/147/147 340/270/269 215/266/265 26/112/112
f 214/256/255 332/255/254 254/271/270 23/135/135
f 56/40/40 243/245/244 341/272/271 101/41/41
f 342/273/272 228/191/191 74/129/129 155/274/273
f 143/184/184 342/273/272 155/274/273 40/175/175
f 32/166/166 225/275/274 343/276/275 142/167/167
f 225/275/274 73/142/142 229/145/145 343/276/275
f 343/276/275 229/145/145 72/108/108 224/277/276
f 142/167/167 343/276/275 224/277/276 31/168/168
f 40/175/175 155/274/273 344/278/277 152/176/176
f 155/274/273 74/129/129 230/132/132 344/278/277
f 344/278/277 230/132/132 71/4/4 223/101/101
f 152/176/176 344/278/277 223/101/101 30/103/103
f 31/168/168 224/277/276 345/279/278 144/180/180
f 224/277/276 72/108/108 231/111/111 345/279/278
f 101/41/41 341/272/271 242/246/245 3/42/42
f 24/126/126 250/181/181 346/280/279 127/127/127
f 347/281/280 237/185/185 79/171/171 153/282/281
f 124/193/193 347/281/280 153/282/281 38/124/124
f 25/118/118 233/283/282 348/284/283 129/119/119
f 233/283/282 77/170/170 238/179/179 348/284/283
f 38/124/124 153/282/281 349/285/284 150/125/125
f 153/282/281 79/171/171 239/174/174 349/285/284
f 349/285/284 239/174/174 76/104/104 232/107/107
f 150/125/125 349/285/284 232/107/107 24/126/126
f 27/140/140 234/286/285 350/287/286 133/141/141
f 234/286/285 78/162/162 240/165/165 350/287/286
f 350/287/286 240/165/165 77/170/170 233/283/282
f 133/141/141 350/287/286 233/283/282 25/118/118
f 127/127/127 346/280/279 249/207/206 41/128/128
f 10/72/72 256/99/99 351/288/287 136/158/158
f 136/158/158 351/288/287 255/254/253 66/159/159
f 23/135/135 254/271/270 352/2/2 128/1/1
f 408/289/288 450/290/289 451/291/290 410/292/291
f 410/292/291 451/291/290 452/293/292 409/294/293
f 889/295/294 885/296/295 356/297/296 675/298/297
f 883/299/298 354/300/299 355/301/300 884/302/301
f 884/302/301 355/301/300 356/297/296 885/296/295
f 843/303/302 847/304/303 701/305/304 421/306/305
f 841/307/306 453/308/306 454/309/307 842/310/308
f 842/310/308 454/309/307 455/311/309 843/303/302
f 896/312/310 892/313/311 359/314/312 677/315/313
f 890/316/314 357/317/315 358/318/316 891/319/317
f 891/319/317 358/318/316 359/314/312 892/313/311
f 847/320/303 679/321/318 457/322/319 844/323/320
f 893/324/321 896/325/310 677/326/313 364/327/322
f 844/323/320 457/322/319 458/328/323 845/329/324
f 845/329/324 458/328/323 456/330/17 846/331/17
f 699/332/325 674/333/326 460/334/327 413/335/328
f 893/324/321 364/327/322 365/336/329 894/337/330
f 894/337/330 365/336/329 363/338/331 895/339/332
f 886/340/333 889/341/294 675/342/297 361/343/334
f 413/335/328 460/334/327 461/344/335 412/345/336
f 412/345/336 461/344/335 459/346/23 411/347/22
f 464/348/337 680/349/338 702/350/339 427/351/340
f 886/340/333 361/343/334 362/352/341 887/353/342
f 887/353/342 362/352/341 360/354/343 888/355/23
f 426/356/344 462/357/345 463/358/346 428/359/347
f 428/359/347 463/358/346 464/348/337 427/351/340
f 680/349/338 464/348/337 368/360/348 681/361/349
f 462/357/345 366/362/350 367/363/351 463/358/346
f 463/358/346 367/363/351 368/360/348 464/348/337
f 702/364/339 680/365/338 466/366/352 431/367/353
f 466/366/352 680/365/338 681/368/349 370/369/354
f 431/367/353 466/366/352 467/370/355 430/371/356
f 430/371/356 467/370/355 465/372/76 429/373/357
f 864/374/358 868/375/359 700/376/360 415/377/361
f 466/366/352 370/369/354 371/378/362 467/370/355
f 467/370/355 371/378/362 369/379/363 465/372/76
f 862/380/364 468/381/365 469/382/366 863/383/367
f 863/383/367 469/382/366 470/384/368 864/374/358
f 861/385/369 857/386/370 380/387/371 687/388/372
f 855/389/373 378/390/374 379/391/375 856/392/376
f 856/392/376 379/391/375 380/387/371 857/386/370
f 868/393/359 686/394/377 472/395/378 865/396/379
f 858/397/380 861/398/369 687/399/372 382/400/381
f 865/396/379 472/395/378 473/401/382 866/402/383
f 866/402/383 473/401/382 471/403/97 867/404/96
f 690/405/384 475/406/385 404/407/386 698/408/387
f 858/397/380 382/400/381 383/409/388 859/410/389
f 859/410/389 383/409/388 381/411/390 860/412/391
f 475/406/385 690/405/384 689/413/392 385/414/393
f 404/407/386 475/406/385 476/415/394 403/416/395
f 403/416/395 476/415/394 474/417/396 402/418/397
f 694/419/398 478/420/399 440/421/400 704/422/401
f 475/406/385 385/414/393 386/423/402 476/415/394
f 476/415/394 386/423/402 384/424/403 474/417/396
f 693/425/404 388/426/405 478/420/399 694/419/398
f 440/421/400 478/420/399 479/427/406 439/428/407
f 439/428/407 479/427/406 477/429/408 438/430/409
f 482/431/410 694/432/398 704/433/401 442/434/411
f 478/420/399 388/426/405 389/435/412 479/427/406
f 479/427/406 389/435/412 387/436/413 477/429/408
f 441/437/414 480/438/415 481/439/416 443/440/417
f 443/440/417 481/439/416 482/431/410 442/434/411
f 395/441/418 693/442/404 694/432/398 482/431/410
f 480/438/415 393/443/419 394/444/420 481/439/416
f 481/439/416 394/444/420 395/441/418 482/431/410
f 485/445/421 690/446/384 698/447/387 406/448/422
f 405/449/423 483/450/424 484/451/425 407/452/426
f 407/452/426 484/451/425 485/445/421 406/448/422
f 689/453/392 690/446/384 485/445/421 392/454/427
f 483/450/424 390/455/428 391/456/429 484/451/425
f 484/451/425 391/456/429 392/454/427 485/445/421
f 682/457/430 487/458/431 434/459/432 703/460/433
f 487/458/431 682/457/430 681/361/349 368/360/348
f 434/459/432 487/458/431 488/461/434 433/462/435
f 433/462/435 488/461/434 486/463/436 432/464/437
f 491/465/438 682/466/430 703/467/433 436/468/439
f 487/458/431 368/360/348 367/363/351 488/461/434
f 488/461/434 367/363/351 366/362/350 486/463/436
f 435/469/440 489/470/160 490/471/441 437/472/442
f 437/472/442 490/471/441 491/465/438 436/468/439
f 681/368/349 682/466/430 491/465/438 370/369/354
f 489/470/160 369/379/363 371/378/362 490/471/441
f 490/471/441 371/378/362 370/369/354 491/465/438
f 697/473/443 493/474/444 446/475/445 705/476/446
f 493/474/444 697/473/443 696/477/447 397/478/448
f 446/475/445 493/474/444 494/479/449 445/480/450
f 445/480/450 494/479/449 492/481/451 444/482/452
f 497/483/453 697/484/443 705/485/446 448/486/454
f 493/474/444 397/478/448 398/487/455 494/479/449
f 494/479/449 398/487/455 396/488/456 492/481/451
f 447/489/457 495/490/458 496/491/459 449/492/460
f 449/492/460 496/491/459 497/483/453 448/486/454
f 696/493/447 697/484/443 497/483/453 401/494/461
f 495/490/458 399/495/462 400/496/463 496/491/459
f 496/491/459 400/496/463 401/494/461 497/483/453
f 683/497/464 499/498/465 374/499/466 684/500/467
f 698/408/387 404/407/386 499/498/465 683/497/464
f 374/499/466 499/498/465 500/501/468 373/502/469
f 373/502/469 500/501/468 498/503/470 372/504/471
f 503/505/472 683/506/464 684/507/467 376/508/473
f 499/498/465 404/407/386 403/416/395 500/501/468
f 500/501/468 403/416/395 402/418/397 498/503/470
f 375/509/474 501/510/475 502/511/476 377/512/477
f 377/512/477 502/511/476 503/505/472 376/508/473
f 406/448/422 698/447/387 683/506/464 503/505/472
f 501/510/475 405/449/423 407/452/426 502/511/476
f 502/511/476 407/452/426 406/448/422 503/505/472
f 506/513/478 685/514/479 684/500/467 374/499/466
f 372/504/471 504/515/480 505/516/481 373/502/469
f 373/502/469 505/516/481 506/513/478 374/499/466
f 685/514/479 506/513/478 409/294/293 699/517/325
f 504/515/480 408/289/288 410/292/291 505/516/481
f 505/516/481 410/292/291 409/294/293 506/513/478
f 684/507/467 685/518/479 508/519/482 376/508/473
f 508/519/482 685/518/479 699/332/325 413/335/328
f 376/508/473 508/519/482 509/520/483 377/512/477
f 377/512/477 509/520/483 507/521/484 375/509/474
f 878/522/485 882/523/486 675/298/297 356/297/296
f 508/519/482 413/335/328 412/345/336 509/520/483
f 509/520/483 412/345/336 411/347/22 507/521/484
f 876/524/299 510/525/487 511/526/488 877/527/489
f 877/527/489 511/526/488 512/528/490 878/522/485
f 875/529/491 871/530/492 415/377/361 700/376/360
f 869/531/487 414/532/364 416/533/493 870/534/494
f 870/534/494 416/533/493 415/377/361 871/530/492
f 882/535/486 676/536/495 514/537/496 879/538/497
f 872/539/498 875/540/491 700/541/360 419/542/499
f 879/538/497 514/537/496 515/543/500 880/544/501
f 880/544/501 515/543/500 513/545/235 881/546/502
f 850/547/503 854/548/504 687/388/372 380/387/371
f 872/539/498 419/542/499 418/549/505 873/550/506
f 873/550/506 418/549/505 417/551/507 874/552/508
f 848/553/509 516/554/510 517/555/511 849/556/512
f 849/556/512 517/555/511 518/557/513 850/547/503
f 840/558/514 836/559/515 421/306/305 701/305/304
f 834/560/516 420/561/516 422/562/517 835/563/518
f 835/563/518 422/562/517 421/306/305 836/559/515
f 854/564/504 688/565/519 520/566/520 851/567/521
f 837/568/522 840/569/514 701/570/304 425/571/523
f 851/567/521 520/566/520 521/572/524 852/573/525
f 852/573/525 521/572/524 519/574/252 853/575/526
f 903/576/527 899/577/528 524/578/529 678/579/530
f 837/568/522 425/571/523 424/580/531 838/581/532
f 838/581/532 424/580/531 423/582/533 839/583/533
f 897/584/534 522/585/535 523/586/536 898/587/537
f 898/587/537 523/586/536 524/578/529 899/577/528
f 678/579/530 524/578/529 427/351/340 702/350/339
f 522/585/535 426/356/344 428/359/347 523/586/536
f 523/586/536 428/359/347 427/351/340 524/578/529
f 900/588/538 903/589/527 678/590/530 526/591/539
f 526/591/539 678/590/530 702/364/339 431/367/353
f 900/588/538 526/591/539 527/592/540 901/593/541
f 901/593/541 527/592/540 525/594/542 902/595/543
f 692/596/544 529/597/545 388/426/405 693/425/404
f 526/591/539 431/367/353 430/371/356 527/592/540
f 527/592/540 430/371/356 429/373/357 525/594/542
f 703/460/433 434/459/432 529/597/545 692/596/544
f 388/426/405 529/597/545 530/598/546 389/435/412
f 389/435/412 530/598/546 528/599/547 387/436/413
f 533/600/548 692/601/544 693/442/404 395/441/418
f 529/597/545 434/459/432 433/462/435 530/598/546
f 530/598/546 433/462/435 432/464/437 528/599/547
f 393/443/419 531/602/549 532/603/550 394/444/420
f 394/444/420 532/603/550 533/600/548 395/441/418
f 436/468/439 703/467/433 692/601/544 533/600/548
f 531/602/549 435/469/440 437/472/442 532/603/550
f 532/603/550 437/472/442 436/468/439 533/600/548
f 695/604/551 535/605/552 397/478/448 696/477/447
f 704/422/401 440/421/400 535/605/552 695/604/551
f 397/478/448 535/605/552 536/606/553 398/487/455
f 398/487/455 536/606/553 534/607/554 396/488/456
f 539/608/555 695/609/551 696/493/447 401/494/461
f 535/605/552 440/421/400 439/428/407 536/606/553
f 536/606/553 439/428/407 438/430/409 534/607/554
f 399/495/462 537/610/556 538/611/557 400/496/463
f 400/496/463 538/611/557 539/608/555 401/494/461
f 442/434/411 704/433/401 695/609/551 539/608/555
f 537/610/556 441/437/414 443/440/417 538/611/557
f 538/611/557 443/440/417 442/434/411 539/608/555
f 691/612/558 541/613/559 385/414/393 689/413/392
f 705/476/446 446/475/445 541/613/559 691/612/558
f 385/414/393 541/613/559 542/614/560 386/423/402
f 386/423/402 542/614/560 540/615/561 384/424/403
f 545/616/562 691/617/558 689/453/392 392/454/427
f 541/613/559 446/475/445 445/480/450 542/614/560
f 542/614/560 445/480/450 444/482/452 540/615/561
f 390/455/428 543/618/563 544/619/564 391/456/429
f 391/456/429 544/619/564 545/616/562 392/454/427
f 448/486/454 705/485/446 691/617/558 545/616/562
f 543/618/563 447/489/457 449/492/460 544/619/564
f 544/619/564 449/492/460 448/486/454 545/616/562
f 354/300/299 97/205/35 322/235/234 510/525/487 876/524/299
f 450/290/289 310/204/204 97/205/35 354/300/299 883/299/298
f 453/308/306 309/201/201 146/202/202 357/317/315 890/316/314
f 357/317/315 146/202/202 333/258/257 522/585/535 897/584/534
f 276/23/23 459/346/23 888/355/23 360/354/343 102/25/25
f 102/25/25 360/354/343 881/546/502 513/545/235 323/236/235
f 275/17/17 456/330/17 895/339/332 363/338/331 98/19/19
f 98/19/19 363/338/331 902/595/543 525/594/542 334/259/258
f 462/357/345 308/199/199 117/187/187 366/362/350
f 486/463/436 366/362/350 117/187/187 304/186/186
f 283/76/76 465/372/76 369/379/363 116/77/77
f 298/160/160 116/77/77 369/379/363 489/470/160
f 372/504/471 113/212/211 317/226/225 504/515/480
f 372/504/471 498/503/470 312/210/209 113/212/211
f 114/223/222 375/509/474 507/521/484 320/231/230
f 114/223/222 315/222/221 501/510/475 375/509/474
f 468/381/365 307/196/196 122/197/197 378/390/374 855/389/373
f 378/390/374 122/197/197 327/244/243 516/554/510 848/553/509
f 287/97/97 471/403/97 860/412/391 381/411/390 123/98/98
f 123/98/98 381/411/390 853/575/526 519/574/252 331/253/252
f 384/424/403 540/615/561 347/281/280 124/193/193
f 474/417/396 384/424/403 124/193/193 306/192/192
f 477/429/408 387/436/413 151/190/190 305/189/189
f 387/436/413 528/599/547 337/264/263 151/190/190
f 291/116/116 129/119/119 390/455/428 483/450/424
f 129/119/119 348/284/283 543/618/563 390/455/428
f 125/113/113 338/267/266 531/602/549 393/443/419
f 290/110/110 125/113/113 393/443/419 480/438/415
f 492/481/451 396/488/456 143/184/184 303/183/183
f 396/488/456 534/607/554 342/273/272 143/184/184
f 301/178/178 144/180/180 399/495/462 495/490/458
f 144/180/180 345/279/278 537/610/556 399/495/462
f 402/418/397 474/417/396 306/192/192 174/194/194
f 498/503/470 402/418/397 174/194/194 312/210/209
f 177/117/117 291/116/116 483/450/424 405/449/423
f 315/222/221 177/117/117 405/449/423 501/510/475
f 504/515/480 317/226/225 183/203/203 408/289/288
f 408/289/288 183/203/203 310/204/204 450/290/289
f 186/22/22 411/347/22 459/346/23 276/23/23
f 320/231/230 507/521/484 411/347/22 186/22/22
f 414/532/364 192/195/195 307/196/196 468/381/365 862/380/364
f 510/525/487 322/235/234 192/195/195 414/532/364 869/531/487
f 193/96/96 417/551/507 867/404/96 471/403/97 287/97/97
f 323/236/235 513/545/235 874/552/508 417/551/507 193/96/96
f 420/561/516 201/200/200 309/201/201 453/308/306 841/307/306
f 516/554/510 327/244/243 201/200/200 420/561/516 834/560/516
f 204/16/16 423/582/533 846/331/17 456/330/17 275/17/17
f 331/253/252 519/574/252 839/583/533 423/582/533 204/16/16
f 426/356/344 210/198/198 308/199/199 462/357/345
f 522/585/535 333/258/257 210/198/198 426/356/344
f 211/75/75 429/373/357 465/372/76 283/76/76
f 334/259/258 525/594/542 429/373/357 211/75/75
f 432/464/437 486/463/436 304/186/186 219/188/188
f 528/599/547 432/464/437 219/188/188 337/264/263
f 338/267/266 220/161/161 435/469/440 531/602/549
f 220/161/161 298/160/160 489/470/160 435/469/440
f 438/430/409 477/429/408 305/189/189 228/191/191
f 534/607/554 438/430/409 228/191/191 342/273/272
f 231/111/111 290/110/110 480/438/415 441/437/414
f 345/279/278 231/111/111 441/437/414 537/610/556
f 444/482/452 492/481/451 303/183/183 237/185/185
f 540/615/561 444/482/452 237/185/185 347/281/280
f 348/284/283 238/179/179 447/489/457 543/618/563
f 238/179/179 301/178/178 495/490/458 447/489/457
f 595/620/565 610/621/566 612/622/567 597/623/568
f 597/623/568 612/622/567 613/624/569 596/625/570
f 596/625/570 613/624/569 611/626/571 594/627/572
f 610/621/566 550/628/573 552/629/574 612/622/567
f 612/622/567 552/629/574 553/630/575 613/624/569
f 613/624/569 553/630/575 551/631/576 611/626/571
f 587/632/577 614/633/578 616/634/579 589/635/580
f 589/635/580 616/634/579 617/636/581 588/637/582
f 588/637/582 617/636/581 615/638/583 586/639/584
f 614/633/578 558/640/585 560/641/586 616/634/579
f 616/634/579 560/641/586 561/642/587 617/636/581
f 617/636/581 561/642/587 559/643/588 615/638/583
f 583/644/589 618/645/590 620/646/591 585/647/592
f 585/647/592 620/646/591 621/648/593 584/649/594
f 584/649/594 621/648/593 619/650/595 582/651/596
f 618/645/590 562/652/597 564/653/598 620/646/591
f 620/646/591 564/653/598 565/654/599 621/648/593
f 621/648/593 565/654/599 563/655/600 619/650/595
f 591/656/601 622/657/602 624/658/603 593/659/604
f 593/659/604 624/658/603 625/660/605 592/661/606
f 592/661/606 625/660/605 623/662/607 590/663/608
f 622/657/602 554/664/609 556/665/610 624/658/603
f 624/658/603 556/665/610 557/666/611 625/660/605
f 625/660/605 557/666/611 555/667/612 623/662/607
f 599/668/613 626/669/614 628/670/615 601/671/616
f 601/671/616 628/670/615 629/672/617 600/673/618
f 600/673/618 629/672/617 627/674/619 598/675/620
f 626/669/614 566/676/621 568/677/622 628/670/615
f 628/670/615 568/677/622 569/678/623 629/672/617
f 629/672/617 569/678/623 567/679/624 627/674/619
f 607/680/625 630/681/626 632/682/627 609/683/628
f 609/683/628 632/682/627 633/684/629 608/685/630
f 608/685/630 633/684/629 631/686/631 606/687/632
f 630/681/626 574/688/633 576/689/634 632/682/627
f 632/682/627 576/689/634 577/690/635 633/684/629
f 633/684/629 577/690/635 575/691/636 631/686/631
f 579/692/637 634/693/638 636/694/639 581/695/640
f 581/695/640 636/694/639 637/696/641 580/697/642
f 580/697/642 637/696/641 635/698/643 578/699/644
f 634/693/638 563/655/600 565/654/599 636/694/639
f 636/694/639 565/654/599 564/653/598 637/696/641
f 637/696/641 564/653/598 562/652/597 635/698/643
f 603/700/645 638/701/646 640/702/647 605/703/648
f 605/703/648 640/702/647 641/704/649 604/705/650
f 604/705/650 641/704/649 639/706/651 602/707/652
f 638/701/646 570/708/653 572/709/654 640/702/647
f 640/702/647 572/709/654 573/710/655 641/704/649
f 641/704/649 573/710/655 571/711/656 639/706/651
f 574/688/633 642/712/657 644/713/658 576/689/634
f 576/689/634 644/713/658 645/714/659 577/690/635
f 577/690/635 645/714/659 643/715/660 575/691/636
f 642/712/657 579/692/637 581/695/640 644/713/658
f 644/713/658 581/695/640 580/697/642 645/714/659
f 645/714/659 580/697/642 578/699/644 643/715/660
f 558/640/585 646/716/661 648/717/662 560/641/586
f 560/641/586 648/717/662 649/718/663 561/642/587
f 561/642/587 649/718/663 647/719/664 559/643/588
f 646/716/661 583/644/589 585/647/592 648/717/662
f 648/717/662 585/647/592 584/649/594 649/718/663
f 649/718/663 584/649/594 582/651/596 647/719/664
f 554/664/609 650/720/665 652/721/666 556/665/610
f 556/665/610 652/721/666 653/722/667 557/666/611
f 557/666/611 653/722/667 651/723/668 555/667/612
f 650/720/665 587/632/577 589/635/580 652/721/666
f 652/721/666 589/635/580 588/637/582 653/722/667
f 653/722/667 588/637/582 586/639/584 651/723/668
f 550/628/573 654/724/669 656/725/670 552/629/574
f 552/629/574 656/725/670 657/726/671 553/630/575
f 553/630/575 657/726/671 655/727/672 551/631/576
f 654/724/669 591/656/601 593/659/604 656/725/670
f 656/725/670 593/659/604 592/661/606 657/726/671
f 657/726/671 592/661/606 590/663/608 655/727/672
f 547/728/673 658/729/674 660/730/675 549/731/676
f 549/731/676 660/730/675 661/732/677 548/733/678
f 548/733/678 661/732/677 659/734/679 546/735/680
f 658/729/674 595/620/565 597/623/568 660/730/675
f 660/730/675 597/623/568 596/625/570 661/732/677
f 661/732/677 596/625/570 594/627/572 659/734/679
f 546/735/680 662/736/681 664/737/682 548/733/678
f 548/733/678 664/737/682 665/738/683 549/731/676
f 549/731/676 665/738/683 663/739/684 547/728/673
f 662/736/681 599/668/613 601/671/616 664/737/682
f 664/737/682 601/671/616 600/673/618 665/738/683
f 665/738/683 600/673/618 598/675/620 663/739/684
f 566/676/621 666/740/685 668/741/686 568/677/622
f 568/677/622 668/741/686 669/742/687 569/678/623
f 569/678/623 669/742/687 667/743/688 567/679/624
f 666/740/685 603/700/645 605/703/648 668/741/686
f 668/741/686 605/703/648 604/705/650 669/742/687
f 669/742/687 604/705/650 602/707/652 667/743/688
f 570/708/653 670/744/689 672/745/690 572/709/654
f 572/709/654 672/745/690 673/746/691 573/710/655
f 573/710/655 673/746/691 671/747/692 571/711/656
f 670/744/689 607/680/625 609/683/628 672/745/690
f 672/745/690 609/683/628 608/685/630 673/746/691
f 673/746/691 608/685/630 606/687/632 671/747/692
f 12/65/65 138/149/149 662/736/681 546/735/680
f 209/748/693 658/729/674 547/728/673 13/749/694
f 659/734/679 111/60/60 12/65/65 546/735/680
f 547/728/673 663/739/684 218/750/695 13/749/694
f 1/751/696 550/628/573 610/621/566 161/752/697
f 551/631/576 8/56/56 207/263/262 611/626/571
f 200/753/698 654/724/669 550/628/573 1/751/696
f 655/727/672 107/54/54 8/56/56 551/631/576
f 20/89/89 198/250/249 623/662/607 555/667/612
f 191/754/699 650/720/665 554/664/609 17/755/700
f 651/723/668 120/84/84 20/89/89 555/667/612
f 554/664/609 622/657/602 164/756/701 17/755/700
f 7/50/50 189/240/239 615/638/583 559/643/588
f 2/757/702 558/640/585 614/633/578 162/758/703
f 182/759/704 646/716/661 558/640/585 2/757/702
f 647/719/664 108/48/48 7/50/50 559/643/588
f 14/214/213 180/228/227 619/650/595 563/655/600
f 634/693/638 171/215/214 14/214/213 563/655/600
f 167/760/705 635/698/643 562/652/597 9/761/706
f 9/761/706 562/652/597 618/645/590 163/762/707
f 626/669/614 216/269/268 28/146/146 566/676/621
f 566/676/621 28/146/146 134/143/143 666/740/685
f 165/763/708 627/674/619 567/679/624 21/764/709
f 567/679/624 667/743/688 227/765/710 21/764/709
f 638/701/646 225/275/274 32/166/166 570/708/653
f 32/166/166 141/163/163 670/744/689 570/708/653
f 168/766/711 639/706/651 571/711/656 29/767/712
f 29/767/712 571/711/656 671/747/692 236/768/713
f 630/681/626 234/286/285 27/140/140 574/688/633
f 166/769/714 631/686/631 575/691/636 22/770/715
f 575/691/636 643/715/660 173/771/716 22/770/715
f 27/140/140 135/137/137 642/712/657 574/688/633
f 45/772/717 578/699/644 635/698/643 167/760/705
f 642/712/657 135/137/137 43/136/136 579/692/637
f 173/771/716 643/715/660 578/699/644 45/772/717
f 579/692/637 43/136/136 171/215/214 634/693/638
f 619/650/595 180/228/227 48/45/45 582/651/596
f 50/773/718 583/644/589 646/716/661 182/759/704
f 163/762/707 618/645/590 583/644/589 50/773/718
f 48/45/45 108/48/48 647/719/664 582/651/596
f 615/638/583 189/240/239 53/81/81 586/639/584
f 55/774/719 587/632/577 650/720/665 191/754/699
f 162/758/703 614/633/578 587/632/577 55/774/719
f 53/81/81 120/84/84 651/723/668 586/639/584
f 623/662/607 198/250/249 58/51/51 590/663/608
f 60/775/720 591/656/601 654/724/669 200/753/698
f 164/756/701 622/657/602 591/656/601 60/775/720
f 58/51/51 107/54/54 655/727/672 590/663/608
f 611/626/571 207/263/262 63/57/57 594/627/572
f 65/776/721 595/620/565 658/729/674 209/748/693
f 161/752/697 610/621/566 595/620/565 65/776/721
f 63/57/57 111/60/60 659/734/679 594/627/572
f 599/668/613 68/148/148 216/269/268 626/669/614
f 70/777/722 598/675/620 627/674/619 165/763/708
f 662/736/681 138/149/149 68/148/148 599/668/613
f 218/750/695 663/739/684 598/675/620 70/777/722
f 603/700/645 73/142/142 225/275/274 638/701/646
f 75/778/723 602/707/652 639/706/651 168/766/711
f 666/740/685 134/143/143 73/142/142 603/700/645
f 227/765/710 667/743/688 602/707/652 75/778/723
f 607/680/625 78/162/162 234/286/285 630/681/626
f 80/779/724 606/687/632 631/686/631 166/769/714
f 670/744/689 141/163/163 78/162/162 607/680/625
f 236/768/713 671/747/692 606/687/632 80/779/724
f 452/293/292 674/780/326 699/517/325 409/294/293
f 770/781/725 730/782/726 732/783/727 771/784/728
f 771/784/728 732/783/727 731/785/729 769/786/730
f 743/787/731 770/781/725 771/784/728 744/788/732
f 744/788/732 771/784/728 769/786/730 742/789/733
f 773/790/734 733/791/735 735/792/736 774/793/737
f 774/793/737 735/792/736 734/794/738 772/795/739
f 728/796/740 773/790/734 774/793/737 729/797/741
f 729/797/741 774/793/737 772/795/739 727/798/742
f 776/799/743 736/800/744 738/801/745 777/802/746
f 777/802/746 738/801/745 737/803/747 775/804/748
f 725/805/749 776/799/743 777/802/746 726/806/750
f 726/806/750 777/802/746 775/804/748 724/807/751
f 779/808/752 728/796/740 729/797/741 780/809/753
f 780/809/753 729/797/741 727/798/742 778/810/754
f 722/811/755 779/808/752 780/809/753 723/812/756
f 723/812/756 780/809/753 778/810/754 721/813/757
f 782/814/758 725/805/749 726/806/750 783/815/759
f 783/815/759 726/806/750 724/807/751 781/816/760
f 730/782/726 782/814/758 783/815/759 732/783/727
f 732/783/727 783/815/759 781/816/760 731/785/729
f 785/817/761 745/818/762 747/819/763 786/820/764
f 786/820/764 747/819/763 746/821/765 784/822/766
f 733/791/735 785/817/761 786/820/764 735/792/736
f 735/792/736 786/820/764 784/822/766 734/794/738
f 788/823/767 739/824/768 741/825/769 789/826/770
f 789/826/770 741/825/769 740/827/771 787/828/772
f 736/800/744 788/823/767 789/826/770 738/801/745
f 738/801/745 789/826/770 787/828/772 737/803/747
f 791/829/773 722/811/755 723/812/756 792/830/774
f 792/830/774 723/812/756 721/813/757 790/831/775
f 739/824/768 791/829/773 792/830/774 741/825/769
f 741/825/769 792/830/774 790/831/775 740/827/771
f 758/832/776 793/833/777 795/834/778 759/835/779
f 759/835/779 795/834/778 794/836/780 757/837/781
f 793/833/777 743/787/731 744/788/732 795/834/778
f 795/834/778 744/788/732 742/789/733 794/836/780
f 761/838/782 796/839/783 798/840/784 762/841/785
f 762/841/785 798/840/784 797/842/786 760/843/787
f 796/839/783 754/844/788 756/845/789 798/840/784
f 798/840/784 756/845/789 755/846/790 797/842/786
f 764/847/791 799/848/792 801/849/793 765/850/794
f 765/850/794 801/849/793 800/851/795 763/852/796
f 799/848/792 751/853/797 753/854/798 801/849/793
f 801/849/793 753/854/798 752/855/799 800/851/795
f 754/844/788 802/856/800 804/857/801 756/845/789
f 756/845/789 804/857/801 803/858/802 755/846/790
f 802/856/800 748/859/803 750/860/804 804/857/801
f 804/857/801 750/860/804 749/861/805 803/858/802
f 751/853/797 805/862/806 807/863/807 753/854/798
f 753/854/798 807/863/807 806/864/808 752/855/799
f 805/862/806 758/832/776 759/835/779 807/863/807
f 807/863/807 759/835/779 757/837/781 806/864/808
f 745/818/762 808/865/809 810/866/810 747/819/763
f 747/819/763 810/866/810 809/867/811 746/821/765
f 808/865/809 761/838/782 762/841/785 810/866/810
f 810/866/810 762/841/785 760/843/787 809/867/811
f 767/868/812 811/869/813 813/870/814 768/871/815
f 768/871/815 813/870/814 812/872/816 766/873/817
f 811/869/813 764/847/791 765/850/794 813/870/814
f 813/870/814 765/850/794 763/852/796 812/872/816
f 748/859/803 814/874/818 816/875/819 750/860/804
f 750/860/804 816/875/819 815/876/820 749/861/805
f 814/874/818 767/868/812 768/871/815 816/875/819
f 816/875/819 768/871/815 766/873/817 815/876/820
f 706/877/821 716/878/822 790/831/775 721/813/757
f 714/879/823 706/877/821 721/813/757 778/810/754
f 245/6/6 722/811/755 791/829/773 273/7/7
f 321/232/231 779/808/752 722/811/755 245/6/6
f 707/880/824 715/881/825 781/816/760 724/807/751
f 821/882/826 707/880/824 724/807/751 775/804/748
f 242/246/245 725/805/749 782/814/758 328/247/246
f 341/272/271 776/799/743 725/805/749 242/246/245
f 708/883/827 714/879/823 778/810/754 727/798/742
f 819/884/828 708/883/827 727/798/742 772/795/739
f 246/206/205 728/796/740 779/808/752 321/232/231
f 302/182/182 773/790/734 728/796/740 246/206/205
f 715/881/825 818/885/829 731/785/729 781/816/760
f 328/247/246 782/814/758 730/782/726 241/79/79
f 818/885/829 817/886/830 769/786/730 731/785/729
f 241/79/79 730/782/726 770/781/725 284/80/80
f 823/887/831 820/888/832 734/794/738 784/822/766
f 274/13/13 785/817/761 733/791/735 247/78/78
f 820/888/832 819/884/828 772/795/739 734/794/738
f 247/78/78 733/791/735 773/790/734 302/182/182
f 825/889/833 822/890/834 737/803/747 787/828/772
f 326/241/240 788/823/767 736/800/744 243/245/244
f 822/890/834 821/882/826 775/804/748 737/803/747
f 243/245/244 736/800/744 776/799/743 341/272/271
f 716/878/822 826/891/835 740/827/771 790/831/775
f 273/7/7 791/829/773 739/824/768 244/9/9
f 826/891/835 825/889/833 787/828/772 740/827/771
f 244/9/9 739/824/768 788/823/767 326/241/240
f 794/836/780 742/789/733 709/892/836 717/893/837
f 817/886/830 709/892/836 742/789/733 769/786/730
f 256/99/99 743/787/731 793/833/777 351/288/287
f 284/80/80 770/781/725 743/787/731 256/99/99
f 746/821/765 809/867/811 832/894/838 824/895/839
f 311/208/207 808/865/809 745/818/762 248/12/12
f 824/895/839 823/887/831 784/822/766 746/821/765
f 248/12/12 745/818/762 785/817/761 274/13/13
f 251/105/105 748/859/803 802/856/800 289/106/106
f 803/858/802 749/861/805 830/896/840 829/897/841
f 749/861/805 815/876/820 833/898/842 830/896/840
f 316/224/223 814/874/818 748/859/803 251/105/105
f 254/271/270 751/853/797 799/848/792 352/2/2
f 800/851/795 752/855/799 828/899/843 719/900/844
f 752/855/799 806/864/808 831/901/845 828/899/843
f 332/255/254 805/862/806 751/853/797 254/271/270
f 250/181/181 754/844/788 796/839/783 346/280/279
f 797/842/786 755/846/790 827/902/846 718/903/847
f 755/846/790 803/858/802 829/897/841 827/902/846
f 289/106/106 802/856/800 754/844/788 250/181/181
f 806/864/808 757/837/781 710/904/848 831/901/845
f 757/837/781 794/836/780 717/893/837 710/904/848
f 255/254/253 758/832/776 805/862/806 332/255/254
f 351/288/287 793/833/777 758/832/776 255/254/253
f 809/867/811 760/843/787 711/905/849 832/894/838
f 760/843/787 797/842/786 718/903/847 711/905/849
f 249/207/206 761/838/782 808/865/809 311/208/207
f 346/280/279 796/839/783 761/838/782 249/207/206
f 812/872/816 763/852/796 712/906/850 720/907/851
f 763/852/796 800/851/795 719/900/844 712/906/850
f 253/3/3 764/847/791 811/869/813 288/100/100
f 352/2/2 799/848/792 764/847/791 253/3/3
f 815/876/820 766/873/817 713/908/852 833/898/842
f 766/873/817 812/872/816 720/907/851 713/908/852
f 252/102/102 767/868/812 814/874/818 316/224/223
f 288/100/100 811/869/813 767/868/812 252/102/102
f 521/572/524 838/581/532 839/583/533 519/574/252
f 520/566/520 837/568/522 838/581/532 521/572/524
f 520/566/520 688/565/519 840/569/514 837/568/522
f 517/555/511 835/563/518 836/559/515 518/557/513
f 516/554/510 834/560/516 835/563/518 517/555/511
f 688/909/519 518/557/513 836/559/515 840/558/514
f 424/580/531 845/329/324 846/331/17 423/582/533
f 425/571/523 844/323/320 845/329/324 424/580/531
f 701/570/304 847/320/303 844/323/320 425/571/523
f 422/562/517 842/310/308 843/303/302 421/306/305
f 420/561/516 841/307/306 842/310/308 422/562/517
f 455/311/309 679/910/318 847/304/303 843/303/302
f 383/409/388 852/573/525 853/575/526 381/411/390
f 382/400/381 851/567/521 852/573/525 383/409/388
f 687/399/372 854/564/504 851/567/521 382/400/381
f 379/391/375 849/556/512 850/547/503 380/387/371
f 378/390/374 848/553/509 849/556/512 379/391/375
f 518/557/513 688/909/519 854/548/504 850/547/503
f 473/401/382 859/410/389 860/412/391 471/403/97
f 472/395/378 858/397/380 859/410/389 473/401/382
f 472/395/378 686/394/377 861/398/369 858/397/380
f 469/382/366 856/392/376 857/386/370 470/384/368
f 468/381/365 855/389/373 856/392/376 469/382/366
f 686/911/377 470/384/368 857/386/370 861/385/369
f 418/549/505 866/402/383 867/404/96 417/551/507
f 419/542/499 865/396/379 866/402/383 418/549/505
f 700/541/360 868/393/359 865/396/379 419/542/499
f 416/533/493 863/383/367 864/374/358 415/377/361
f 414/532/364 862/380/364 863/383/367 416/533/493
f 470/384/368 686/911/377 868/375/359 864/374/358
f 515/543/500 873/550/506 874/552/508 513/545/235
f 514/537/496 872/539/498 873/550/506 515/543/500
f 514/537/496 676/536/495 875/540/491 872/539/498
f 511/526/488 870/534/494 871/530/492 512/528/490
f 510/525/487 869/531/487 870/534/494 511/526/488
f 676/912/495 512/528/490 871/530/492 875/529/491
f 362/352/341 880/544/501 881/546/502 360/354/343
f 361/343/334 879/538/497 880/544/501 362/352/341
f 675/342/297 882/535/486 879/538/497 361/343/334
f 355/301/300 877/527/489 878/522/485 356/297/296
f 354/300/299 876/524/299 877/527/489 355/301/300
f 512/528/490 676/912/495 882/523/486 878/522/485
f 461/344/335 887/353/342 888/355/23 459/346/23
f 460/334/327 886/340/333 887/353/342 461/344/335
f 460/334/327 674/333/326 889/341/294 886/340/333
f 451/291/290 884/302/301 885/296/295 452/293/292
f 450/290/289 883/299/298 884/302/301 451/291/290
f 674/780/326 452/293/292 885/296/295 889/295/294
f 458/328/323 894/337/330 895/339/332 456/330/17
f 457/322/319 893/324/321 894/337/330 458/328/323
f 457/322/319 679/321/318 896/325/310 893/324/321
f 454/309/307 891/319/317 892/313/311 455/311/309
f 453/308/306 890/316/314 891/319/317 454/309/307
f 679/910/318 455/311/309 892/313/311 896/312/310
f 365/336/329 901/593/541 902/595/543 363/338/331
f 364/327/322 900/588/538 901/593/541 365/336/329
f 364/327/322 677/326/313 903/589/527 900/588/538
f 358/318/316 898/587/537 899/577/528 359/314/312
f 357/317/315 897/584/534 898/587/537 358/318/316
f 677/315/313 359/314/312 899/577/528 903/576/527
usemtl TAM
f 80/913/853 96/914/854 272/915/855 236/916/855
f 81/917/856 257/918/857 353/919/856 268/920/856
f 93/921/857 269/922/857 353/919/856 257/918/857
f 84/923/858 270/924/858 353/919/856 269/922/857
f 94/925/858 261/926/858 353/919/856 270/924/858
f 86/927/859 271/928/856 353/919/856 261/926/858
f 95/929/858 264/930/858 353/919/856 271/928/856
f 88/931/858 272/932/856 353/919/856 264/930/858
f 96/933/856 262/934/856 353/919/856 272/932/856
f 87/935/857 265/936/858 353/919/856 262/934/856
f 89/937/856 263/938/856 353/919/856 265/936/858
f 83/939/856 259/940/859 353/919/856 263/938/856
f 90/941/859 266/942/859 353/919/856 259/940/859
f 82/943/858 258/944/856 353/919/856 266/942/859
f 91/945/859 267/946/856 353/919/856 258/944/856
f 85/947/858 260/948/858 353/919/856 267/946/856
f 92/949/857 268/920/856 353/919/856 260/948/858
f 50/950/860 90/951/861 259/952/862 163/953/862
f 236/916/855 272/915/855 88/954/863 29/955/864
f 75/956/865 95/957/866 271/958/867 227/959/868
f 163/953/862 259/952/862 83/960/869 9/961/870
f 70/962/871 94/963/872 270/964/873 218/965/874
f 227/959/868 271/958/867 86/966/875 21/967/876
f 13/968/877 84/969/877 269/970/878 209/971/879
f 218/972/874 270/973/873 84/969/877 13/968/877
f 1/974/880 81/975/881 268/976/882 200/977/883
f 209/971/879 269/970/878 93/978/884 65/979/884
f 17/980/885 85/981/886 267/982/887 191/983/888
f 200/977/883 268/976/882 92/984/889 60/985/890
f 55/986/891 91/987/892 258/988/893 162/989/894
f 191/983/888 267/982/887 91/987/892 55/986/891
f 2/990/895 82/991/896 266/992/897 182/993/898
f 162/989/894 258/988/893 82/991/896 2/990/895
f 45/994/899 89/995/899 265/996/900 173/997/901
f 182/993/898 266/992/897 90/951/861 50/950/860
f 65/979/884 93/978/884 257/998/902 161/999/903
f 173/997/901 265/996/900 87/1000/904 22/1001/905
f 29/955/864 88/954/863 264/1002/906 168/1003/907
f 161/999/903 257/998/902 81/975/881 1/974/880
f 9/961/870 83/960/869 263/1004/908 167/1005/909
f 168/1003/907 264/1002/906 95/957/866 75/956/865
f 22/1001/905 87/1000/904 262/1006/910 166/1007/911
f 167/1005/909 263/1004/908 89/995/899 45/994/899
f 21/967/876 86/966/875 261/1008/912 165/1009/912
f 166/1007/911 262/1006/910 96/914/854 80/913/853
f 60/985/890 92/984/889 260/1010/913 164/1011/913
f 165/1009/912 261/1008/912 94/963/872 70/962/871
f 164/1011/913 260/1010/913 85/981/886 17/980/885
