v -1.03752 0.145199 -0.38146
v -1.04142 0.140987 -0.383811
v -1.0442 0.140539 -0.370169
v -1.04003 0.144792 -0.369082
v -1.04113 0.045693 -0.371139
v -1.0442 0.052698 -0.373029
v -1.04142 0.053146 -0.386682
v -1.03845 0.046152 -0.384435
v -1.03066 0.145533 -0.391632
v -1.03387 0.141354 -0.394983
v -1.04142 0.140987 -0.383811
v -1.03752 0.145199 -0.38146
v -1.03845 0.046152 -0.384435
v -1.04142 0.053146 -0.386682
v -1.03386 0.053514 -0.397862
v -1.0311 0.04652 -0.395334
v -1.02048 0.145758 -0.398497
v -1.02269 0.141602 -0.402532
v -1.03387 0.141354 -0.394983
v -1.03066 0.145533 -0.391632
v -1.0311 0.04652 -0.395334
v -1.03386 0.053514 -0.397862
v -1.02267 0.053762 -0.405416
v -1.0202 0.046758 -0.402686
v -1.00809 0.145841 -0.400999
v -1.00904 0.141693 -0.405305
v -1.02269 0.141602 -0.402532
v -1.02048 0.145758 -0.398497
v -1.0202 0.046758 -0.402686
v -1.02267 0.053762 -0.405416
v -1.00901 0.053853 -0.408191
v -1.00689 0.046831 -0.405368
v 1.03845 0.046152 -0.384435
v 1.04142 0.053146 -0.386682
v 1.0442 0.052698 -0.373029
v 1.04113 0.045693 -0.371139
v 1.04003 0.144792 -0.369082
v 1.0442 0.140539 -0.370169
v 1.04142 0.140987 -0.383811
v 1.03752 0.145199 -0.38146
v 1.0311 0.04652 -0.395334
v 1.03386 0.053514 -0.397862
v 1.04142 0.053146 -0.386682
v 1.03845 0.046152 -0.384435
v 1.03752 0.145199 -0.38146
v 1.04142 0.140987 -0.383811
v 1.03387 0.141354 -0.394983
v 1.03066 0.145533 -0.391632
v 1.0202 0.046758 -0.402686
v 1.02267 0.053762 -0.405416
v 1.03386 0.053514 -0.397862
v 1.0311 0.04652 -0.395334
v 1.03066 0.145533 -0.391632
v 1.03387 0.141354 -0.394983
v 1.02269 0.141602 -0.402532
v 1.02048 0.145758 -0.398497
v 1.00689 0.046831 -0.405368
v 1.00901 0.053853 -0.408191
v 1.02267 0.053762 -0.405416
v 1.0202 0.046758 -0.402686
v 1.02048 0.145758 -0.398497
v 1.02269 0.141602 -0.402532
v 1.00904 0.141693 -0.405305
v 1.00809 0.145841 -0.400999
v 1.03752 0.120027 0.384628
v 1.04142 0.11567 0.386698
v 1.0442 0.116118 0.373055
v 1.04003 0.120433 0.37225
v 1.04109 0.021351 0.368671
v 1.0442 0.028279 0.370143
v 1.04142 0.02783 0.383795
v 1.03847 0.020927 0.381601
v 1.03066 0.119692 0.3948
v 1.03387 0.115303 0.39787
v 1.04142 0.11567 0.386698
v 1.03752 0.120027 0.384628
v 1.03847 0.020927 0.381601
v 1.04142 0.02783 0.383795
v 1.03386 0.027463 0.394976
v 1.03131 0.020575 0.392198
v 1.02048 0.119467 0.401665
v 1.02269 0.115055 0.405418
v 1.03387 0.115303 0.39787
v 1.03066 0.119692 0.3948
v 1.03131 0.020575 0.392198
v 1.03386 0.027463 0.394976
v 1.02267 0.027214 0.40253
v 1.02072 0.020334 0.399342
v 1.00809 0.119385 0.404166
v 1.00904 0.114964 0.408191
v 1.02269 0.115055 0.405418
v 1.02048 0.119467 0.401665
v 1.02072 0.020334 0.399342
v 1.02267 0.027214 0.40253
v 1.00901 0.027123 0.405305
v 1.00781 0.020238 0.401948
v -1.03847 0.020927 0.381601
v -1.04142 0.02783 0.383795
v -1.0442 0.028279 0.370143
v -1.04109 0.021351 0.368671
v -1.04003 0.120433 0.37225
v -1.0442 0.116118 0.373055
v -1.04142 0.11567 0.386698
v -1.03752 0.120027 0.384628
v -1.03131 0.020575 0.392198
v -1.03386 0.027463 0.394976
v -1.04142 0.02783 0.383795
v -1.03847 0.020927 0.381601
v -1.03752 0.120027 0.384628
v -1.04142 0.11567 0.386698
v -1.03387 0.115303 0.39787
v -1.03066 0.119692 0.3948
v -1.02072 0.020334 0.399342
v -1.02267 0.027214 0.40253
v -1.03386 0.027463 0.394976
v -1.03131 0.020575 0.392198
v -1.03066 0.119692 0.3948
v -1.03387 0.115303 0.39787
v -1.02269 0.115055 0.405418
v -1.02048 0.119467 0.401665
v -1.00781 0.020238 0.401948
v -1.00901 0.027123 0.405305
v -1.02267 0.027214 0.40253
v -1.02072 0.020334 0.399342
v -1.02048 0.119467 0.401665
v -1.02269 0.115055 0.405418
v -1.00904 0.114964 0.408191
v -1.00809 0.119385 0.404166
v -0.998017 0 0.372637
v -0.999682 0.002645 0.380194
v -1.00739 0.002644 0.37858
v -1.00364 0 0.371465
v -1.00364 0 0.371465
v -1.00739 0.002644 0.37858
v -1.01375 0.002647 0.374041
v -1.00795 0 0.368386
v -1.00795 0 0.368386
v -1.01375 0.002647 0.374041
v -1.01787 0.002651 0.367277
v -1.01078 0 0.363709
v -1.01078 0 0.363709
v -1.01787 0.002651 0.367277
v -1.01913 0.002664 0.359271
v -1.0117 0 0.357686
v -0.976113 0 -0.349267
v -0.980146 0.002682 -0.356157
v -0.97276 0.002702 -0.357592
v -0.970266 0 -0.35038
v -0.980802 0 -0.346319
v -0.986495 0.00267 -0.352141
v -0.980146 0.002682 -0.356157
v -0.976113 0 -0.349267
v -0.983991 0 -0.341957
v -0.990874 0.002669 -0.346151
v -0.986495 0.00267 -0.352141
v -0.980802 0 -0.346319
v -0.985332 0 -0.336469
v -0.992618 0.002677 -0.339061
v -0.990874 0.002669 -0.346151
v -0.983991 0 -0.341957
v 1.0117 0 0.357686
v 1.01913 0.002664 0.359271
v 1.01787 0.002651 0.367277
v 1.01078 0 0.363709
v 1.01078 0 0.363709
v 1.01787 0.002651 0.367277
v 1.01375 0.002647 0.374041
v 1.00795 0 0.368386
v 1.00795 0 0.368386
v 1.01375 0.002647 0.374041
v 1.00739 0.002644 0.37858
v 1.00364 0 0.371465
v 1.00364 0 0.371465
v 1.00739 0.002644 0.37858
v 0.999681 0.002645 0.380194
v 0.998017 0 0.372637
v 0.970266 0 -0.35038
v 0.97276 0.002702 -0.357592
v 0.980146 0.002682 -0.356157
v 0.976113 0 -0.349267
v 0.976113 0 -0.349267
v 0.980146 0.002682 -0.356157
v 0.986495 0.00267 -0.352141
v 0.980802 0 -0.346319
v 0.980802 0 -0.346319
v 0.986495 0.00267 -0.352141
v 0.990874 0.002669 -0.346151
v 0.983991 0 -0.341957
v 0.983991 0 -0.341957
v 0.990874 0.002669 -0.346151
v 0.992618 0.002677 -0.339061
v 0.985332 0 -0.336469
v -1.00402 0.140967 -0.383185
v -1.00496 0.145388 -0.387208
v -1.01313 0.145334 -0.385568
v -1.01092 0.140921 -0.381812
v -1.01092 0.140921 -0.381812
v -1.01313 0.145334 -0.385568
v -1.01999 0.145183 -0.380976
v -1.01678 0.140793 -0.377903
v -1.01678 0.140793 -0.377903
v -1.01999 0.145183 -0.380976
v -1.02459 0.144957 -0.374118
v -1.02069 0.140601 -0.372051
v -1.02069 0.140601 -0.372051
v -1.02459 0.144957 -0.374118
v -1.02623 0.144689 -0.365946
v -1.02206 0.140374 -0.365149
v -1.01092 0.115736 0.384698
v -1.01313 0.119892 0.388736
v -1.00496 0.119838 0.390375
v -1.00402 0.11569 0.386071
v -1.01678 0.115864 0.380789
v -1.01999 0.120043 0.384144
v -1.01313 0.119892 0.388736
v -1.01092 0.115736 0.384698
v -1.02069 0.116056 0.374938
v -1.02459 0.120268 0.377286
v -1.01999 0.120043 0.384144
v -1.01678 0.115864 0.380789
v -1.02206 0.116283 0.368036
v -1.02623 0.120536 0.369114
v -1.02459 0.120268 0.377286
v -1.02069 0.116056 0.374938
v 1.02069 0.116056 0.374938
v 1.02459 0.120268 0.377286
v 1.02623 0.120536 0.369114
v 1.02206 0.116283 0.368036
v 1.01678 0.115864 0.380789
v 1.01999 0.120043 0.384144
v 1.02459 0.120268 0.377286
v 1.02069 0.116056 0.374938
v 1.01092 0.115736 0.384698
v 1.01313 0.119892 0.388736
v 1.01999 0.120043 0.384144
v 1.01678 0.115864 0.380789
v 1.00402 0.11569 0.386071
v 1.00496 0.119838 0.390375
v 1.01313 0.119892 0.388736
v 1.01092 0.115736 0.384698
v 1.01092 0.140921 -0.381812
v 1.01313 0.145334 -0.385568
v 1.00496 0.145388 -0.387208
v 1.00402 0.140967 -0.383185
v 1.01678 0.140793 -0.377903
v 1.01999 0.145183 -0.380976
v 1.01313 0.145334 -0.385568
v 1.01092 0.140921 -0.381812
v 1.02069 0.140601 -0.372051
v 1.02459 0.144957 -0.374118
v 1.01999 0.145183 -0.380976
v 1.01678 0.140793 -0.377903
v 1.02206 0.140374 -0.365149
v 1.02623 0.144689 -0.365946
v 1.02459 0.144957 -0.374118
v 1.02069 0.140601 -0.372051
v 1.00366 0.042458 0.379376
v 1.00407 0.046601 0.383801
v 1.01096 0.046646 0.382432
v 1.00929 0.042494 0.378257
v 1.00929 0.042494 0.378257
v 1.01096 0.046646 0.382432
v 1.01679 0.046774 0.378534
v 1.01371 0.042591 0.375307
v 1.01371 0.042591 0.375307
v 1.01679 0.046774 0.378534
v 1.02069 0.046966 0.3727
v 1.01666 0.042736 0.370893
v 1.01666 0.042736 0.370893
v 1.02069 0.046966 0.3727
v 1.02206 0.047192 0.365817
v 1.01778 0.042921 0.365264
v 1.00929 0.067415 -0.380192
v 1.01096 0.071832 -0.384086
v 1.00407 0.071877 -0.385455
v 1.00366 0.067452 -0.381312
v 1.01371 0.067318 -0.377243
v 1.01679 0.071704 -0.380188
v 1.01096 0.071832 -0.384086
v 1.00929 0.067415 -0.380192
v 1.01666 0.067173 -0.372829
v 1.02069 0.071512 -0.374354
v 1.01679 0.071704 -0.380188
v 1.01371 0.067318 -0.377243
v 1.01778 0.066988 -0.3672
v 1.02206 0.071286 -0.367471
v 1.02069 0.071512 -0.374354
v 1.01666 0.067173 -0.372829
v -1.00366 0.067452 -0.381312
v -1.00407 0.071877 -0.385455
v -1.01096 0.071832 -0.384086
v -1.00929 0.067415 -0.380192
v -1.00929 0.067415 -0.380192
v -1.01096 0.071832 -0.384086
v -1.01679 0.071704 -0.380188
v -1.01371 0.067318 -0.377243
v -1.01371 0.067318 -0.377243
v -1.01679 0.071704 -0.380188
v -1.02069 0.071512 -0.374354
v -1.01666 0.067173 -0.372829
v -1.01666 0.067173 -0.372829
v -1.02069 0.071512 -0.374354
v -1.02206 0.071286 -0.367471
v -1.01778 0.066988 -0.3672
v -1.00929 0.042494 0.378257
v -1.01096 0.046646 0.382432
v -1.00407 0.046601 0.383801
v -1.00366 0.042458 0.379376
v -1.01371 0.042591 0.375307
v -1.01679 0.046774 0.378534
v -1.01096 0.046646 0.382432
v -1.00929 0.042494 0.378257
v -1.01666 0.042736 0.370893
v -1.02069 0.046966 0.3727
v -1.01679 0.046774 0.378534
v -1.01371 0.042591 0.375307
v -1.01778 0.042921 0.365264
v -1.02206 0.047192 0.365817
v -1.02069 0.046966 0.3727
v -1.01666 0.042736 0.370893
v -1.02623 0.138651 -0.182181
v -1.02206 0.134351 -0.181853
v -1.02206 0.140374 -0.365149
v -1.02623 0.144689 -0.365946
v 0.502009 0.11569 0.386071
v 0.502478 0.119838 0.390375
v 1.00496 0.119838 0.390375
v 1.00402 0.11569 0.386071
v 1.02206 0.134351 -0.181853
v 1.02623 0.138651 -0.182181
v 1.02623 0.144689 -0.365946
v 1.02206 0.140374 -0.365149
v 0.502478 0.145388 -0.387208
v 0.502009 0.140967 -0.383185
v 1.00402 0.140967 -0.383185
v 1.00496 0.145388 -0.387208
v -1.01778 0.048938 0.182148
v -1.02206 0.053215 0.182495
v -1.02206 0.047192 0.365817
v -1.01778 0.042921 0.365264
v -1.0442 0.134434 -0.184363
v -1.04003 0.138702 -0.183749
v -1.04003 0.144792 -0.369082
v -1.0442 0.140539 -0.370169
v -0.991924 0 -0.16293
v -0.999246 0.002674 -0.164478
v -0.992618 0.002677 -0.339061
v -0.985332 0 -0.336469
v -1.0442 0.034383 0.18435
v -1.0411 0.027437 0.183718
v -1.04109 0.021351 0.368671
v -1.0442 0.028279 0.370143
v -0.50452 0.114964 0.408191
v -0.504047 0.119385 0.404166
v -1.00809 0.119385 0.404166
v -1.00904 0.114964 0.408191
v 0.501829 0.042458 0.379376
v 0.502035 0.046601 0.383801
v 1.00407 0.046601 0.383801
v 1.00366 0.042458 0.379376
v -0.499009 0 0.372637
v -0.499841 0.002645 0.380194
v -0.999682 0.002645 0.380194
v -0.998017 0 0.372637
v 0.504507 0.027123 0.405305
v 0.503906 0.020238 0.401948
v 1.00781 0.020238 0.401948
v 1.00901 0.027123 0.405305
v -0.501829 0.067452 -0.381312
v -0.502035 0.071877 -0.385455
v -1.00407 0.071877 -0.385455
v -1.00366 0.067452 -0.381312
v 0.50452 0.141693 -0.405305
v 0.504047 0.145841 -0.400999
v 1.00809 0.145841 -0.400999
v 1.00904 0.141693 -0.405305
v 0.503448 0.046831 -0.405368
v 0.504507 0.053853 -0.408191
v 1.00901 0.053853 -0.408191
v 1.00689 0.046831 -0.405368
v 0.485133 0 -0.35038
v 0.48638 0.002702 -0.357592
v 0.97276 0.002702 -0.357592
v 0.970266 0 -0.35038
v 1.0442 0.122223 0.187249
v 1.04003 0.126523 0.186917
v 1.04003 0.120433 0.37225
v 1.0442 0.116118 0.373055
v 1.01778 0.060972 -0.184084
v 1.02206 0.065263 -0.184149
v 1.02206 0.071286 -0.367471
v 1.01778 0.066988 -0.3672
v 1.00511 0 0.184147
v 1.0125 0.002667 0.184688
v 1.01913 0.002664 0.359271
v 1.0117 0 0.357686
v 1.0442 0.046593 -0.187236
v 1.04112 0.039607 -0.186187
v 1.04113 0.045693 -0.371139
v 1.0442 0.052698 -0.373029
v -1.02069 0.046966 0.3727
v -1.02206 0.047192 0.365817
v -1.02206 0.116283 0.368036
v -1.02069 0.116056 0.374938
v -1.02459 0.120268 0.377286
v -1.02623 0.120536 0.369114
v -1.04003 0.120433 0.37225
v -1.03752 0.120027 0.384628
v -1.02206 0.134351 -0.181853
v -1.02206 0.065263 -0.184149
v -1.02206 0.071286 -0.367471
v -1.02206 0.140374 -0.365149
v -1.00407 0.046601 0.383801
v -1.01096 0.046646 0.382432
v -1.01092 0.115736 0.384698
v -1.00402 0.11569 0.386071
v -1.00496 0.119838 0.390375
v -1.01313 0.119892 0.388736
v -1.02048 0.119467 0.401665
v -1.00809 0.119385 0.404166
v -0.502009 0.11569 0.386071
v -0.502035 0.046601 0.383801
v -1.00407 0.046601 0.383801
v -1.00402 0.11569 0.386071
v -1.01679 0.046774 0.378534
v -1.02069 0.046966 0.3727
v -1.02069 0.116056 0.374938
v -1.01678 0.115864 0.380789
v -1.01999 0.120043 0.384144
v -1.02459 0.120268 0.377286
v -1.03752 0.120027 0.384628
v -1.03066 0.119692 0.3948
v -1.01096 0.046646 0.382432
v -1.01679 0.046774 0.378534
v -1.01678 0.115864 0.380789
v -1.01092 0.115736 0.384698
v -1.01313 0.119892 0.388736
v -1.01999 0.120043 0.384144
v -1.03066 0.119692 0.3948
v -1.02048 0.119467 0.401665
v 1.00402 0.11569 0.386071
v 1.01092 0.115736 0.384698
v 1.01096 0.046646 0.382432
v 1.00407 0.046601 0.383801
v 0.502478 0.119838 0.390375
v 0.504047 0.119385 0.404166
v 1.00809 0.119385 0.404166
v 1.00496 0.119838 0.390375
v 1.01313 0.119892 0.388736
v 1.00496 0.119838 0.390375
v 1.00809 0.119385 0.404166
v 1.02048 0.119467 0.401665
v 1.02069 0.116056 0.374938
v 1.02206 0.116283 0.368036
v 1.02206 0.047192 0.365817
v 1.02069 0.046966 0.3727
v 1.02623 0.120536 0.369114
v 1.02459 0.120268 0.377286
v 1.03752 0.120027 0.384628
v 1.04003 0.120433 0.37225
v 1.02206 0.122306 0.184739
v 1.02206 0.053215 0.182495
v 1.02206 0.047192 0.365817
v 1.02206 0.116283 0.368036
v 1.01092 0.115736 0.384698
v 1.01678 0.115864 0.380789
v 1.01679 0.046774 0.378534
v 1.01096 0.046646 0.382432
v 1.01999 0.120043 0.384144
v 1.01313 0.119892 0.388736
v 1.02048 0.119467 0.401665
v 1.03066 0.119692 0.3948
v 1.01678 0.115864 0.380789
v 1.02069 0.116056 0.374938
v 1.02069 0.046966 0.3727
v 1.01679 0.046774 0.378534
v 1.02459 0.120268 0.377286
v 1.01999 0.120043 0.384144
v 1.03066 0.119692 0.3948
v 1.03752 0.120027 0.384628
v -1.00809 0.145841 -0.400999
v -1.02048 0.145758 -0.398497
v -1.01313 0.145334 -0.385568
v -1.00496 0.145388 -0.387208
v -1.00402 0.140967 -0.383185
v -1.01092 0.140921 -0.381812
v -1.01096 0.071832 -0.384086
v -1.00407 0.071877 -0.385455
v 0.502009 0.140967 -0.383185
v 0.502035 0.071877 -0.385455
v 1.00407 0.071877 -0.385455
v 1.00402 0.140967 -0.383185
v -1.02069 0.140601 -0.372051
v -1.02206 0.140374 -0.365149
v -1.02206 0.071286 -0.367471
v -1.02069 0.071512 -0.374354
v -1.03752 0.145199 -0.38146
v -1.04003 0.144792 -0.369082
v -1.02623 0.144689 -0.365946
v -1.02459 0.144957 -0.374118
v -1.02623 0.126575 0.185349
v -1.04003 0.126523 0.186917
v -1.04003 0.120433 0.37225
v -1.02623 0.120536 0.369114
v -1.02048 0.145758 -0.398497
v -1.03066 0.145533 -0.391632
v -1.01999 0.145183 -0.380976
v -1.01313 0.145334 -0.385568
v -1.01092 0.140921 -0.381812
v -1.01678 0.140793 -0.377903
v -1.01679 0.071704 -0.380188
v -1.01096 0.071832 -0.384086
v -1.03066 0.145533 -0.391632
v -1.03752 0.145199 -0.38146
v -1.02459 0.144957 -0.374118
v -1.01999 0.145183 -0.380976
v -1.01678 0.140793 -0.377903
v -1.02069 0.140601 -0.372051
v -1.02069 0.071512 -0.374354
v -1.01679 0.071704 -0.380188
v 1.02069 0.071512 -0.374354
v 1.02206 0.071286 -0.367471
v 1.02206 0.140374 -0.365149
v 1.02069 0.140601 -0.372051
v 1.02623 0.138651 -0.182181
v 1.04003 0.138702 -0.183749
v 1.04003 0.144792 -0.369082
v 1.02623 0.144689 -0.365946
v 1.02459 0.144957 -0.374118
v 1.02623 0.144689 -0.365946
v 1.04003 0.144792 -0.369082
v 1.03752 0.145199 -0.38146
v 1.00407 0.071877 -0.385455
v 1.01096 0.071832 -0.384086
v 1.01092 0.140921 -0.381812
v 1.00402 0.140967 -0.383185
v 1.00496 0.145388 -0.387208
v 1.01313 0.145334 -0.385568
v 1.02048 0.145758 -0.398497
v 1.00809 0.145841 -0.400999
v -0.502478 0.145388 -0.387208
v -0.504047 0.145841 -0.400999
v -1.00809 0.145841 -0.400999
v -1.00496 0.145388 -0.387208
v 1.01679 0.071704 -0.380188
v 1.02069 0.071512 -0.374354
v 1.02069 0.140601 -0.372051
v 1.01678 0.140793 -0.377903
v 1.01999 0.145183 -0.380976
v 1.02459 0.144957 -0.374118
v 1.03752 0.145199 -0.38146
v 1.03066 0.145533 -0.391632
v 1.01096 0.071832 -0.384086
v 1.01679 0.071704 -0.380188
v 1.01678 0.140793 -0.377903
v 1.01092 0.140921 -0.381812
v 1.01313 0.145334 -0.385568
v 1.01999 0.145183 -0.380976
v 1.03066 0.145533 -0.391632
v 1.02048 0.145758 -0.398497
v -1.00781 0.020238 0.401948
v -1.02072 0.020334 0.399342
v -1.00739 0.002644 0.37858
v -0.999682 0.002645 0.380194
v -1.02267 0.027214 0.40253
v -1.00901 0.027123 0.405305
v -1.00904 0.114964 0.408191
v -1.02269 0.115055 0.405418
v -0.499841 0.002645 0.380194
v -0.503906 0.020238 0.401948
v -1.00781 0.020238 0.401948
v -0.999682 0.002645 0.380194
v -1.03847 0.020927 0.381601
v -1.04109 0.021351 0.368671
v -1.01913 0.002664 0.359271
v -1.01787 0.002651 0.367277
v -1.0442 0.028279 0.370143
v -1.04142 0.02783 0.383795
v -1.04142 0.11567 0.386698
v -1.0442 0.116118 0.373055
v -1.0442 0.122223 0.187249
v -1.0442 0.034383 0.18435
v -1.0442 0.028279 0.370143
v -1.0442 0.116118 0.373055
v -1.02072 0.020334 0.399342
v -1.03131 0.020575 0.392198
v -1.01375 0.002647 0.374041
v -1.00739 0.002644 0.37858
v -1.03386 0.027463 0.394976
v -1.02267 0.027214 0.40253
v -1.02269 0.115055 0.405418
v -1.03387 0.115303 0.39787
v -1.03131 0.020575 0.392198
v -1.03847 0.020927 0.381601
v -1.01787 0.002651 0.367277
v -1.01375 0.002647 0.374041
v -1.04142 0.02783 0.383795
v -1.03386 0.027463 0.394976
v -1.03387 0.115303 0.39787
v -1.04142 0.11567 0.386698
v 1.0442 0.116118 0.373055
v 1.04142 0.11567 0.386698
v 1.04142 0.02783 0.383795
v 1.0442 0.028279 0.370143
v 1.04109 0.021351 0.368671
v 1.03847 0.020927 0.381601
v 1.01787 0.002651 0.367277
v 1.01913 0.002664 0.359271
v 1.0125 0.002667 0.184688
v 1.0411 0.027437 0.183718
v 1.04109 0.021351 0.368671
v 1.01913 0.002664 0.359271
v 1.02072 0.020334 0.399342
v 1.00781 0.020238 0.401948
v 0.999681 0.002645 0.380194
v 1.00739 0.002644 0.37858
v 1.02269 0.115055 0.405418
v 1.00904 0.114964 0.408191
v 1.00901 0.027123 0.405305
v 1.02267 0.027214 0.40253
v 0.50452 0.114964 0.408191
v 0.504507 0.027123 0.405305
v 1.00901 0.027123 0.405305
v 1.00904 0.114964 0.408191
v 1.04142 0.11567 0.386698
v 1.03387 0.115303 0.39787
v 1.03386 0.027463 0.394976
v 1.04142 0.02783 0.383795
v 1.03847 0.020927 0.381601
v 1.03131 0.020575 0.392198
v 1.01375 0.002647 0.374041
v 1.01787 0.002651 0.367277
v 1.03387 0.115303 0.39787
v 1.02269 0.115055 0.405418
v 1.02267 0.027214 0.40253
v 1.03386 0.027463 0.394976
v 1.03131 0.020575 0.392198
v 1.02072 0.020334 0.399342
v 1.00739 0.002644 0.37858
v 1.01375 0.002647 0.374041
v -0.999246 0.002674 -0.164478
v -1.04112 0.039607 -0.186187
v -1.04113 0.045693 -0.371139
v -0.992618 0.002677 -0.339061
v -1.0442 0.140539 -0.370169
v -1.04142 0.140987 -0.383811
v -1.04142 0.053146 -0.386682
v -1.0442 0.052698 -0.373029
v -0.990874 0.002669 -0.346151
v -0.992618 0.002677 -0.339061
v -1.04113 0.045693 -0.371139
v -1.03845 0.046152 -0.384435
v -0.97276 0.002702 -0.357592
v -0.980146 0.002682 -0.356157
v -1.0202 0.046758 -0.402686
v -1.00689 0.046831 -0.405368
v -1.02269 0.141602 -0.402532
v -1.00904 0.141693 -0.405305
v -1.00901 0.053853 -0.408191
v -1.02267 0.053762 -0.405416
v 0.48638 0.002702 -0.357592
v 0.503448 0.046831 -0.405368
v 1.00689 0.046831 -0.405368
v 0.97276 0.002702 -0.357592
v -1.04142 0.140987 -0.383811
v -1.03387 0.141354 -0.394983
v -1.03386 0.053514 -0.397862
v -1.04142 0.053146 -0.386682
v -0.986495 0.00267 -0.352141
v -0.990874 0.002669 -0.346151
v -1.03845 0.046152 -0.384435
v -1.0311 0.04652 -0.395334
v -1.03387 0.141354 -0.394983
v -1.02269 0.141602 -0.402532
v -1.02267 0.053762 -0.405416
v -1.03386 0.053514 -0.397862
v -0.980146 0.002682 -0.356157
v -0.986495 0.00267 -0.352141
v -1.0311 0.04652 -0.395334
v -1.0202 0.046758 -0.402686
v 1.00689 0.046831 -0.405368
v 1.0202 0.046758 -0.402686
v 0.980146 0.002682 -0.356157
v 0.97276 0.002702 -0.357592
v -0.50452 0.141693 -0.405305
v -0.504507 0.053853 -0.408191
v -1.00901 0.053853 -0.408191
v -1.00904 0.141693 -0.405305
v 1.02267 0.053762 -0.405416
v 1.00901 0.053853 -0.408191
v 1.00904 0.141693 -0.405305
v 1.02269 0.141602 -0.402532
v 1.03845 0.046152 -0.384435
v 1.04113 0.045693 -0.371139
v 0.992618 0.002677 -0.339061
v 0.990874 0.002669 -0.346151
v 1.0442 0.052698 -0.373029
v 1.04142 0.053146 -0.386682
v 1.04142 0.140987 -0.383811
v 1.0442 0.140539 -0.370169
v 1.0442 0.134434 -0.184363
v 1.0442 0.046593 -0.187236
v 1.0442 0.052698 -0.373029
v 1.0442 0.140539 -0.370169
v 1.0202 0.046758 -0.402686
v 1.0311 0.04652 -0.395334
v 0.986495 0.00267 -0.352141
v 0.980146 0.002682 -0.356157
v 1.03386 0.053514 -0.397862
v 1.02267 0.053762 -0.405416
v 1.02269 0.141602 -0.402532
v 1.03387 0.141354 -0.394983
v 1.0311 0.04652 -0.395334
v 1.03845 0.046152 -0.384435
v 0.990874 0.002669 -0.346151
v 0.986495 0.00267 -0.352141
v 1.04142 0.053146 -0.386682
v 1.03386 0.053514 -0.397862
v 1.03387 0.141354 -0.394983
v 1.04142 0.140987 -0.383811
v 1.00795 0 0.368386
v 0.997443 0 0.357686
v 1.01078 0 0.363709
v 1.01371 0.067318 -0.377243
v 1.00366 0.066988 -0.3672
v 1.01666 0.067173 -0.372829
v -1.01371 0.067318 -0.377243
v -1.00366 0.066988 -0.3672
v -1.00929 0.067415 -0.380192
v -0.501829 0.066988 -0.3672
v -0.501829 0.067452 -0.381312
v -1.00366 0.067452 -0.381312
v -1.00366 0.066988 -0.3672
v 0.501829 0.042458 0.379376
v 1.00366 0.042458 0.379376
v 1.00366 0.042921 0.365264
v 0.501829 0.042921 0.365264
v 1.01371 0.042591 0.375307
v 1.00366 0.042921 0.365264
v 1.00929 0.042494 0.378257
v -1.01666 0.042736 0.370893
v -1.00366 0.042921 0.365264
v -1.01778 0.042921 0.365264
v -0.501829 0.060972 -0.184084
v -0.501829 0.066988 -0.3672
v -1.00366 0.066988 -0.3672
v -1.00366 0.060972 -0.184084
v 1.00366 0.060972 -0.184084
v 1.01778 0.060972 -0.184084
v 1.01778 0.066988 -0.3672
v 1.00366 0.066988 -0.3672
v -1.00366 0.060972 -0.184084
v -1.00366 0.066988 -0.3672
v -1.01778 0.066988 -0.3672
v -1.01778 0.060972 -0.184084
v 0.4854 0 -0.336469
v 0.485133 0 -0.35038
v 0.970266 0 -0.35038
v 0.9708 0 -0.336469
v 0.980802 0 -0.346319
v 0.9708 0 -0.336469
v 0.976113 0 -0.349267
v 0.498722 0 0.357686
v 0.997443 0 0.357686
v 0.998017 0 0.372637
v 0.499009 0 0.372637
v -0.980802 0 -0.346319
v -0.9708 0 -0.336469
v -0.983991 0 -0.341957
v -1.00364 0 0.371465
v -0.997443 0 0.357686
v -0.998017 0 0.372637
v 0.495391 0 0.184147
v 0.990782 0 0.184147
v 0.997443 0 0.357686
v 0.498722 0 0.357686
v 0.990782 0 0.184147
v 1.00511 0 0.184147
v 1.0117 0 0.357686
v 0.997443 0 0.357686
v -0.991924 0 -0.16293
v -0.985332 0 -0.336469
v -0.9708 0 -0.336469
v -0.977461 0 -0.16293
v -0.997443 0 0.357686
v -1.01078 0 0.363709
v -1.0117 0 0.357686
v -1.01078 0 0.363709
v -0.997443 0 0.357686
v -1.00795 0 0.368386
v -1.00795 0 0.368386
v -0.997443 0 0.357686
v -1.00364 0 0.371465
v -0.983991 0 -0.341957
v -0.9708 0 -0.336469
v -0.985332 0 -0.336469
v -0.9708 0 -0.336469
v -0.976113 0 -0.349267
v -0.970266 0 -0.35038
v -0.976113 0 -0.349267
v -0.9708 0 -0.336469
v -0.980802 0 -0.346319
v 1.0117 0 0.357686
v 1.01078 0 0.363709
v 0.997443 0 0.357686
v 0.997443 0 0.357686
v 1.00364 0 0.371465
v 0.998017 0 0.372637
v 1.00795 0 0.368386
v 1.00364 0 0.371465
v 0.997443 0 0.357686
v 0.976113 0 -0.349267
v 0.9708 0 -0.336469
v 0.970266 0 -0.35038
v 0.9708 0 -0.336469
v 0.983991 0 -0.341957
v 0.985332 0 -0.336469
v 0.983991 0 -0.341957
v 0.9708 0 -0.336469
v 0.980802 0 -0.346319
v 1.01778 0.066988 -0.3672
v 1.01666 0.067173 -0.372829
v 1.00366 0.066988 -0.3672
v 1.00366 0.066988 -0.3672
v 1.00929 0.067415 -0.380192
v 1.00366 0.067452 -0.381312
v 1.01371 0.067318 -0.377243
v 1.00929 0.067415 -0.380192
v 1.00366 0.066988 -0.3672
v 1.00929 0.042494 0.378257
v 1.00366 0.042921 0.365264
v 1.00366 0.042458 0.379376
v 1.00366 0.042921 0.365264
v 1.01666 0.042736 0.370893
v 1.01778 0.042921 0.365264
v 1.01666 0.042736 0.370893
v 1.00366 0.042921 0.365264
v 1.01371 0.042591 0.375307
v -1.00366 0.067452 -0.381312
v -1.00929 0.067415 -0.380192
v -1.00366 0.066988 -0.3672
v -1.00366 0.066988 -0.3672
v -1.01666 0.067173 -0.372829
v -1.01778 0.066988 -0.3672
v -1.01371 0.067318 -0.377243
v -1.01666 0.067173 -0.372829
v -1.00366 0.066988 -0.3672
v -1.00366 0.042921 0.365264
v -1.00929 0.042494 0.378257
v -1.00366 0.042458 0.379376
v -1.00929 0.042494 0.378257
v -1.00366 0.042921 0.365264
v -1.01371 0.042591 0.375307
v -1.01371 0.042591 0.375307
v -1.00366 0.042921 0.365264
v -1.01666 0.042736 0.370893
v -1.0117 0 0.357686
v -1.00511 0 0.184147
v -0.990782 0 0.184147
v -0.997443 0 0.357686
v -1.00511 0 0.184147
v -0.998516 0 0.010608
v -0.984122 0 0.010608
v -0.990782 0 0.184147
v -0.998516 0 0.010608
v -0.991924 0 -0.16293
v -0.977461 0 -0.16293
v -0.984122 0 0.010608
v 0.9708 0 -0.336469
v 0.985332 0 -0.336469
v 0.991924 0 -0.16293
v 0.977461 0 -0.16293
v 0.977461 0 -0.16293
v 0.991924 0 -0.16293
v 0.998516 0 0.010608
v 0.984122 0 0.010608
v 0.984122 0 0.010608
v 0.998516 0 0.010608
v 1.00511 0 0.184147
v 0.990782 0 0.184147
v 0.4854 0 -0.336469
v 0.9708 0 -0.336469
v 0.977461 0 -0.16293
v 0.48873 0 -0.16293
v 0.48873 0 -0.16293
v 0.977461 0 -0.16293
v 0.984122 0 0.010608
v 0.492061 0 0.010608
v 0.492061 0 0.010608
v 0.984122 0 0.010608
v 0.990782 0 0.184147
v 0.495391 0 0.184147
v -1.00366 0.042921 0.365264
v -1.00366 0.048938 0.182148
v -1.01778 0.048938 0.182148
v -1.01778 0.042921 0.365264
v -1.00366 0.048938 0.182148
v -1.00366 0.054955 -0.000968
v -1.01778 0.054955 -0.000968
v -1.01778 0.048938 0.182148
v -1.00366 0.054955 -0.000968
v -1.00366 0.060972 -0.184084
v -1.01778 0.060972 -0.184084
v -1.01778 0.054955 -0.000968
v 1.00366 0.042921 0.365264
v 1.01778 0.042921 0.365264
v 1.01778 0.048938 0.182148
v 1.00366 0.048938 0.182148
v 1.00366 0.048938 0.182148
v 1.01778 0.048938 0.182148
v 1.01778 0.054955 -0.000968
v 1.00366 0.054955 -0.000968
v 1.00366 0.054955 -0.000968
v 1.01778 0.054955 -0.000968
v 1.01778 0.060972 -0.184084
v 1.00366 0.060972 -0.184084
v -0.501829 0.042921 0.365264
v -0.501829 0.048938 0.182148
v -1.00366 0.048938 0.182148
v -1.00366 0.042921 0.365264
v -0.501829 0.048938 0.182148
v -0.501829 0.054955 -0.000968
v -1.00366 0.054955 -0.000968
v -1.00366 0.048938 0.182148
v -0.501829 0.054955 -0.000968
v -0.501829 0.060972 -0.184084
v -1.00366 0.060972 -0.184084
v -1.00366 0.054955 -0.000968
v 1.0442 0.116118 0.373055
v 1.0442 0.028279 0.370143
v 1.0442 0.034383 0.18435
v 1.0442 0.122223 0.187249
v 1.0442 0.122223 0.187249
v 1.0442 0.034383 0.18435
v 1.0442 0.040488 -0.001443
v 1.0442 0.128329 0.001443
v 1.0442 0.128329 0.001443
v 1.0442 0.040488 -0.001443
v 1.0442 0.046593 -0.187236
v 1.0442 0.134434 -0.184363
v -1.01913 0.002664 0.359271
v -1.04109 0.021351 0.368671
v -1.0411 0.027437 0.183718
v -1.0125 0.002667 0.184688
v -1.0125 0.002667 0.184688
v -1.0411 0.027437 0.183718
v -1.04111 0.033522 -0.001234
v -1.00587 0.002671 0.010105
v -1.00587 0.002671 0.010105
v -1.04111 0.033522 -0.001234
v -1.04112 0.039607 -0.186187
v -0.999246 0.002674 -0.164478
v 0.992618 0.002677 -0.339061
v 1.04113 0.045693 -0.371139
v 1.04112 0.039607 -0.186187
v 0.999246 0.002674 -0.164478
v 0.999246 0.002674 -0.164478
v 1.04112 0.039607 -0.186187
v 1.04111 0.033522 -0.001234
v 1.00587 0.002671 0.010105
v 1.00587 0.002671 0.010105
v 1.04111 0.033522 -0.001234
v 1.0411 0.027437 0.183718
v 1.0125 0.002667 0.184688
v -1.0442 0.140539 -0.370169
v -1.0442 0.052698 -0.373029
v -1.0442 0.046593 -0.187236
v -1.0442 0.134434 -0.184363
v -1.0442 0.134434 -0.184363
v -1.0442 0.046593 -0.187236
v -1.0442 0.040488 -0.001443
v -1.0442 0.128329 0.001443
v -1.0442 0.128329 0.001443
v -1.0442 0.040488 -0.001443
v -1.0442 0.034383 0.18435
v -1.0442 0.122223 0.187249
v 1.02623 0.120536 0.369114
v 1.04003 0.120433 0.37225
v 1.04003 0.126523 0.186917
v 1.02623 0.126575 0.185349
v 1.02623 0.126575 0.185349
v 1.04003 0.126523 0.186917
v 1.04003 0.132613 0.001584
v 1.02623 0.132613 0.001584
v 1.02623 0.132613 0.001584
v 1.04003 0.132613 0.001584
v 1.04003 0.138702 -0.183749
v 1.02623 0.138651 -0.182181
v -1.02623 0.144689 -0.365946
v -1.04003 0.144792 -0.369082
v -1.04003 0.138702 -0.183749
v -1.02623 0.138651 -0.182181
v -1.02623 0.138651 -0.182181
v -1.04003 0.138702 -0.183749
v -1.04003 0.132613 0.001584
v -1.02623 0.132613 0.001584
v -1.02623 0.132613 0.001584
v -1.04003 0.132613 0.001584
v -1.04003 0.126523 0.186917
v -1.02623 0.126575 0.185349
v 1.02206 0.140374 -0.365149
v 1.02206 0.071286 -0.367471
v 1.02206 0.065263 -0.184149
v 1.02206 0.134351 -0.181853
v 1.02206 0.134351 -0.181853
v 1.02206 0.065263 -0.184149
v 1.02206 0.059239 -0.000827
v 1.02206 0.128329 0.001443
v 1.02206 0.128329 0.001443
v 1.02206 0.059239 -0.000827
v 1.02206 0.053215 0.182495
v 1.02206 0.122306 0.184739
v -1.02206 0.116283 0.368036
v -1.02206 0.047192 0.365817
v -1.02206 0.053215 0.182495
v -1.02206 0.122306 0.184739
v -1.02206 0.122306 0.184739
v -1.02206 0.053215 0.182495
v -1.02206 0.059239 -0.000827
v -1.02206 0.128329 0.001443
v -1.02206 0.128329 0.001443
v -1.02206 0.059239 -0.000827
v -1.02206 0.065263 -0.184149
v -1.02206 0.134351 -0.181853
v 1.0442 0.028279 0.370143
v 1.04109 0.021351 0.368671
v 1.0411 0.027437 0.183718
v 1.0442 0.034383 0.18435
v 1.0442 0.034383 0.18435
v 1.0411 0.027437 0.183718
v 1.04111 0.033522 -0.001234
v 1.0442 0.040488 -0.001443
v 1.0442 0.040488 -0.001443
v 1.04111 0.033522 -0.001234
v 1.04112 0.039607 -0.186187
v 1.0442 0.046593 -0.187236
v 0.985332 0 -0.336469
v 0.992618 0.002677 -0.339061
v 0.999246 0.002674 -0.164478
v 0.991924 0 -0.16293
v 0.991924 0 -0.16293
v 0.999246 0.002674 -0.164478
v 1.00587 0.002671 0.010105
v 0.998516 0 0.010608
v 0.998516 0 0.010608
v 1.00587 0.002671 0.010105
v 1.0125 0.002667 0.184688
v 1.00511 0 0.184147
v 1.01778 0.042921 0.365264
v 1.02206 0.047192 0.365817
v 1.02206 0.053215 0.182495
v 1.01778 0.048938 0.182148
v 1.01778 0.048938 0.182148
v 1.02206 0.053215 0.182495
v 1.02206 0.059239 -0.000827
v 1.01778 0.054955 -0.000968
v 1.01778 0.054955 -0.000968
v 1.02206 0.059239 -0.000827
v 1.02206 0.065263 -0.184149
v 1.01778 0.060972 -0.184084
v 1.0442 0.140539 -0.370169
v 1.04003 0.144792 -0.369082
v 1.04003 0.138702 -0.183749
v 1.0442 0.134434 -0.184363
v 1.0442 0.134434 -0.184363
v 1.04003 0.138702 -0.183749
v 1.04003 0.132613 0.001584
v 1.0442 0.128329 0.001443
v 1.0442 0.128329 0.001443
v 1.04003 0.132613 0.001584
v 1.04003 0.126523 0.186917
v 1.0442 0.122223 0.187249
v -1.0442 0.052698 -0.373029
v -1.04113 0.045693 -0.371139
v -1.04112 0.039607 -0.186187
v -1.0442 0.046593 -0.187236
v -1.0442 0.046593 -0.187236
v -1.04112 0.039607 -0.186187
v -1.04111 0.033522 -0.001234
v -1.0442 0.040488 -0.001443
v -1.0442 0.040488 -0.001443
v -1.04111 0.033522 -0.001234
v -1.0411 0.027437 0.183718
v -1.0442 0.034383 0.18435
v -1.0117 0 0.357686
v -1.01913 0.002664 0.359271
v -1.0125 0.002667 0.184688
v -1.00511 0 0.184147
v -1.00511 0 0.184147
v -1.0125 0.002667 0.184688
v -1.00587 0.002671 0.010105
v -0.998516 0 0.010608
v -0.998516 0 0.010608
v -1.00587 0.002671 0.010105
v -0.999246 0.002674 -0.164478
v -0.991924 0 -0.16293
v -1.0442 0.116118 0.373055
v -1.04003 0.120433 0.37225
v -1.04003 0.126523 0.186917
v -1.0442 0.122223 0.187249
v -1.0442 0.122223 0.187249
v -1.04003 0.126523 0.186917
v -1.04003 0.132613 0.001584
v -1.0442 0.128329 0.001443
v -1.0442 0.128329 0.001443
v -1.04003 0.132613 0.001584
v -1.04003 0.138702 -0.183749
v -1.0442 0.134434 -0.184363
v -1.01778 0.066988 -0.3672
v -1.02206 0.071286 -0.367471
v -1.02206 0.065263 -0.184149
v -1.01778 0.060972 -0.184084
v -1.01778 0.060972 -0.184084
v -1.02206 0.065263 -0.184149
v -1.02206 0.059239 -0.000827
v -1.01778 0.054955 -0.000968
v -1.01778 0.054955 -0.000968
v -1.02206 0.059239 -0.000827
v -1.02206 0.053215 0.182495
v -1.01778 0.048938 0.182148
v 1.02206 0.116283 0.368036
v 1.02623 0.120536 0.369114
v 1.02623 0.126575 0.185349
v 1.02206 0.122306 0.184739
v 1.02206 0.122306 0.184739
v 1.02623 0.126575 0.185349
v 1.02623 0.132613 0.001584
v 1.02206 0.128329 0.001443
v 1.02206 0.128329 0.001443
v 1.02623 0.132613 0.001584
v 1.02623 0.138651 -0.182181
v 1.02206 0.134351 -0.181853
v -1.02623 0.120536 0.369114
v -1.02206 0.116283 0.368036
v -1.02206 0.122306 0.184739
v -1.02623 0.126575 0.185349
v -1.02623 0.126575 0.185349
v -1.02206 0.122306 0.184739
v -1.02206 0.128329 0.001443
v -1.02623 0.132613 0.001584
v -1.02623 0.132613 0.001584
v -1.02206 0.128329 0.001443
v -1.02206 0.134351 -0.181853
v -1.02623 0.138651 -0.182181
v 1.00366 0.054955 -0.000968
v 1.00366 0.060972 -0.184084
v 0.501829 0.060972 -0.184084
v 0.501829 0.054955 -0.000968
v 0.501829 0.054955 -0.000968
v 0.501829 0.060972 -0.184084
v 0 0.060972 -0.184084
v 0 0.054955 -0.000968
v 0 0.054955 -0.000968
v 0 0.060972 -0.184084
v -0.501829 0.060972 -0.184084
v -0.501829 0.054955 -0.000968
v 1.00366 0.048938 0.182148
v 1.00366 0.054955 -0.000968
v 0.501829 0.054955 -0.000968
v 0.501829 0.048938 0.182148
v 0.501829 0.048938 0.182148
v 0.501829 0.054955 -0.000968
v 0 0.054955 -0.000968
v 0 0.048938 0.182148
v 0 0.048938 0.182148
v 0 0.054955 -0.000968
v -0.501829 0.054955 -0.000968
v -0.501829 0.048938 0.182148
v 1.00366 0.042921 0.365264
v 1.00366 0.048938 0.182148
v 0.501829 0.048938 0.182148
v 0.501829 0.042921 0.365264
v 0.501829 0.042921 0.365264
v 0.501829 0.048938 0.182148
v 0 0.048938 0.182148
v 0 0.042921 0.365264
v 0 0.042921 0.365264
v 0 0.048938 0.182148
v -0.501829 0.048938 0.182148
v -0.501829 0.042921 0.365264
v -0.984122 0 0.010608
v -0.492061 0 0.010608
v -0.495391 0 0.184147
v -0.990782 0 0.184147
v -0.492061 0 0.010608
v 0 0 0.010608
v 0 0 0.184147
v -0.495391 0 0.184147
v 0 0 0.010608
v 0.492061 0 0.010608
v 0.495391 0 0.184147
v 0 0 0.184147
v -0.977461 0 -0.16293
v -0.48873 0 -0.16293
v -0.492061 0 0.010608
v -0.984122 0 0.010608
v -0.48873 0 -0.16293
v 0 0 -0.16293
v 0 0 0.010608
v -0.492061 0 0.010608
v 0 0 -0.16293
v 0.48873 0 -0.16293
v 0.492061 0 0.010608
v 0 0 0.010608
v -0.9708 0 -0.336469
v -0.4854 0 -0.336469
v -0.48873 0 -0.16293
v -0.977461 0 -0.16293
v -0.4854 0 -0.336469
v 0 0 -0.336469
v 0 0 -0.16293
v -0.48873 0 -0.16293
v 0 0 -0.336469
v 0.4854 0 -0.336469
v 0.48873 0 -0.16293
v 0 0 -0.16293
v -0.990782 0 0.184147
v -0.495391 0 0.184147
v -0.498722 0 0.357686
v -0.997443 0 0.357686
v -0.495391 0 0.184147
v 0 0 0.184147
v 0 0 0.357686
v -0.498722 0 0.357686
v 0 0 0.184147
v 0.495391 0 0.184147
v 0.498722 0 0.357686
v 0 0 0.357686
v -0.997443 0 0.357686
v -0.498722 0 0.357686
v -0.499009 0 0.372637
v -0.998017 0 0.372637
v -0.498722 0 0.357686
v 0 0 0.357686
v 0 0 0.372637
v -0.499009 0 0.372637
v 0 0 0.357686
v 0.498722 0 0.357686
v 0.499009 0 0.372637
v 0 0 0.372637
v -0.9708 0 -0.336469
v -0.970266 0 -0.35038
v -0.485133 0 -0.35038
v -0.4854 0 -0.336469
v -0.4854 0 -0.336469
v -0.485133 0 -0.35038
v 0 0 -0.35038
v 0 0 -0.336469
v 0 0 -0.336469
v 0 0 -0.35038
v 0.485133 0 -0.35038
v 0.4854 0 -0.336469
v 1.00366 0.060972 -0.184084
v 1.00366 0.066988 -0.3672
v 0.501829 0.066988 -0.3672
v 0.501829 0.060972 -0.184084
v 0.501829 0.060972 -0.184084
v 0.501829 0.066988 -0.3672
v 0 0.066988 -0.3672
v 0 0.060972 -0.184084
v 0 0.060972 -0.184084
v 0 0.066988 -0.3672
v -0.501829 0.066988 -0.3672
v -0.501829 0.060972 -0.184084
v -1.00366 0.042458 0.379376
v -0.501829 0.042458 0.379376
v -0.501829 0.042921 0.365264
v -1.00366 0.042921 0.365264
v -0.501829 0.042458 0.379376
v 0 0.042458 0.379376
v 0 0.042921 0.365264
v -0.501829 0.042921 0.365264
v 0 0.042458 0.379376
v 0.501829 0.042458 0.379376
v 0.501829 0.042921 0.365264
v 0 0.042921 0.365264
v 1.00366 0.066988 -0.3672
v 1.00366 0.067452 -0.381312
v 0.501829 0.067452 -0.381312
v 0.501829 0.066988 -0.3672
v 0.501829 0.066988 -0.3672
v 0.501829 0.067452 -0.381312
v 0 0.067452 -0.381312
v 0 0.066988 -0.3672
v 0 0.066988 -0.3672
v 0 0.067452 -0.381312
v -0.501829 0.067452 -0.381312
v -0.501829 0.066988 -0.3672
v 1.00904 0.141693 -0.405305
v 1.00901 0.053853 -0.408191
v 0.504507 0.053853 -0.408191
v 0.50452 0.141693 -0.405305
v 0.50452 0.141693 -0.405305
v 0.504507 0.053853 -0.408191
v 0 0.053853 -0.408191
v 0 0.141693 -0.405305
v 0 0.141693 -0.405305
v 0 0.053853 -0.408191
v -0.504507 0.053853 -0.408191
v -0.50452 0.141693 -0.405305
v -0.97276 0.002702 -0.357592
v -1.00689 0.046831 -0.405368
v -0.503448 0.046831 -0.405368
v -0.48638 0.002702 -0.357592
v -0.48638 0.002702 -0.357592
v -0.503448 0.046831 -0.405368
v 0 0.046831 -0.405368
v 0 0.002702 -0.357592
v 0 0.002702 -0.357592
v 0 0.046831 -0.405368
v 0.503448 0.046831 -0.405368
v 0.48638 0.002702 -0.357592
v -1.00904 0.114964 0.408191
v -1.00901 0.027123 0.405305
v -0.504507 0.027123 0.405305
v -0.50452 0.114964 0.408191
v -0.50452 0.114964 0.408191
v -0.504507 0.027123 0.405305
v 0 0.027123 0.405305
v 0 0.114964 0.408191
v 0 0.114964 0.408191
v 0 0.027123 0.405305
v 0.504507 0.027123 0.405305
v 0.50452 0.114964 0.408191
v 0.999681 0.002645 0.380194
v 1.00781 0.020238 0.401948
v 0.503906 0.020238 0.401948
v 0.499841 0.002645 0.380194
v 0.499841 0.002645 0.380194
v 0.503906 0.020238 0.401948
v 0 0.020238 0.401948
v -0 0.002645 0.380194
v -0 0.002645 0.380194
v 0 0.020238 0.401948
v -0.503906 0.020238 0.401948
v -0.499841 0.002645 0.380194
v 1.00496 0.145388 -0.387208
v 1.00809 0.145841 -0.400999
v 0.504047 0.145841 -0.400999
v 0.502478 0.145388 -0.387208
v 0.502478 0.145388 -0.387208
v 0.504047 0.145841 -0.400999
v -0 0.145841 -0.400999
v 0 0.145388 -0.387208
v 0 0.145388 -0.387208
v -0 0.145841 -0.400999
v -0.504047 0.145841 -0.400999
v -0.502478 0.145388 -0.387208
v -1.00402 0.140967 -0.383185
v -1.00407 0.071877 -0.385455
v -0.502035 0.071877 -0.385455
v -0.502009 0.140967 -0.383185
v -0.502009 0.140967 -0.383185
v -0.502035 0.071877 -0.385455
v 0 0.071877 -0.385455
v 0 0.140967 -0.383185
v 0 0.140967 -0.383185
v 0 0.071877 -0.385455
v 0.502035 0.071877 -0.385455
v 0.502009 0.140967 -0.383185
v -1.00496 0.119838 0.390375
v -1.00809 0.119385 0.404166
v -0.504047 0.119385 0.404166
v -0.502478 0.119838 0.390375
v -0.502478 0.119838 0.390375
v -0.504047 0.119385 0.404166
v 0 0.119385 0.404166
v 0 0.119838 0.390375
v 0 0.119838 0.390375
v 0 0.119385 0.404166
v 0.504047 0.119385 0.404166
v 0.502478 0.119838 0.390375
v 1.00402 0.11569 0.386071
v 1.00407 0.046601 0.383801
v 0.502035 0.046601 0.383801
v 0.502009 0.11569 0.386071
v 0.502009 0.11569 0.386071
v 0.502035 0.046601 0.383801
v 0 0.046601 0.383801
v 0 0.11569 0.386071
v 0 0.11569 0.386071
v 0 0.046601 0.383801
v -0.502035 0.046601 0.383801
v -0.502009 0.11569 0.386071
v -0.970266 0 -0.35038
v -0.97276 0.002702 -0.357592
v -0.48638 0.002702 -0.357592
v -0.485133 0 -0.35038
v -0.485133 0 -0.35038
v -0.48638 0.002702 -0.357592
v 0 0.002702 -0.357592
v 0 0 -0.35038
v 0 0 -0.35038
v 0 0.002702 -0.357592
v 0.48638 0.002702 -0.357592
v 0.485133 0 -0.35038
v -1.00689 0.046831 -0.405368
v -1.00901 0.053853 -0.408191
v -0.504507 0.053853 -0.408191
v -0.503448 0.046831 -0.405368
v -0.503448 0.046831 -0.405368
v -0.504507 0.053853 -0.408191
v 0 0.053853 -0.408191
v 0 0.046831 -0.405368
v 0 0.046831 -0.405368
v 0 0.053853 -0.408191
v 0.504507 0.053853 -0.408191
v 0.503448 0.046831 -0.405368
v -1.00904 0.141693 -0.405305
v -1.00809 0.145841 -0.400999
v -0.504047 0.145841 -0.400999
v -0.50452 0.141693 -0.405305
v -0.50452 0.141693 -0.405305
v -0.504047 0.145841 -0.400999
v -0 0.145841 -0.400999
v 0 0.141693 -0.405305
v 0 0.141693 -0.405305
v -0 0.145841 -0.400999
v 0.504047 0.145841 -0.400999
v 0.50452 0.141693 -0.405305
v 1.00366 0.067452 -0.381312
v 1.00407 0.071877 -0.385455
v 0.502035 0.071877 -0.385455
v 0.501829 0.067452 -0.381312
v 0.501829 0.067452 -0.381312
v 0.502035 0.071877 -0.385455
v 0 0.071877 -0.385455
v 0 0.067452 -0.381312
v 0 0.067452 -0.381312
v 0 0.071877 -0.385455
v -0.502035 0.071877 -0.385455
v -0.501829 0.067452 -0.381312
v -1.00901 0.027123 0.405305
v -1.00781 0.020238 0.401948
v -0.503906 0.020238 0.401948
v -0.504507 0.027123 0.405305
v -0.504507 0.027123 0.405305
v -0.503906 0.020238 0.401948
v 0 0.020238 0.401948
v 0 0.027123 0.405305
v 0 0.027123 0.405305
v 0 0.020238 0.401948
v 0.503906 0.020238 0.401948
v 0.504507 0.027123 0.405305
v 0.998017 0 0.372637
v 0.999681 0.002645 0.380194
v 0.499841 0.002645 0.380194
v 0.499009 0 0.372637
v 0.499009 0 0.372637
v 0.499841 0.002645 0.380194
v -0 0.002645 0.380194
v 0 0 0.372637
v 0 0 0.372637
v -0 0.002645 0.380194
v -0.499841 0.002645 0.380194
v -0.499009 0 0.372637
v -1.00366 0.042458 0.379376
v -1.00407 0.046601 0.383801
v -0.502035 0.046601 0.383801
v -0.501829 0.042458 0.379376
v -0.501829 0.042458 0.379376
v -0.502035 0.046601 0.383801
v 0 0.046601 0.383801
v 0 0.042458 0.379376
v 0 0.042458 0.379376
v 0 0.046601 0.383801
v 0.502035 0.046601 0.383801
v 0.501829 0.042458 0.379376
v 1.00904 0.114964 0.408191
v 1.00809 0.119385 0.404166
v 0.504047 0.119385 0.404166
v 0.50452 0.114964 0.408191
v 0.50452 0.114964 0.408191
v 0.504047 0.119385 0.404166
v 0 0.119385 0.404166
v 0 0.114964 0.408191
v 0 0.114964 0.408191
v 0 0.119385 0.404166
v -0.504047 0.119385 0.404166
v -0.50452 0.114964 0.408191
v -1.00496 0.145388 -0.387208
v -1.00402 0.140967 -0.383185
v -0.502009 0.140967 -0.383185
v -0.502478 0.145388 -0.387208
v -0.502478 0.145388 -0.387208
v -0.502009 0.140967 -0.383185
v 0 0.140967 -0.383185
v 0 0.145388 -0.387208
v 0 0.145388 -0.387208
v 0 0.140967 -0.383185
v 0.502009 0.140967 -0.383185
v 0.502478 0.145388 -0.387208
v -1.00402 0.11569 0.386071
v -1.00496 0.119838 0.390375
v -0.502478 0.119838 0.390375
v -0.502009 0.11569 0.386071
v -0.502009 0.11569 0.386071
v -0.502478 0.119838 0.390375
v 0 0.119838 0.390375
v 0 0.11569 0.386071
v 0 0.11569 0.386071
v 0 0.119838 0.390375
v 0.502478 0.119838 0.390375
v 0.502009 0.11569 0.386071
vn -0.2368 0.9693 -0.0666
vn -0.9223 0.0586 -0.3819
vn -1 -0 -0.0001
vn -0.2348 0.9716 0.0288
vn -0.6907 -0.7228 -0.0238
vn -1 -0 -0
vn -0.9226 -0.0259 -0.3848
vn -0.5767 -0.7725 -0.266
vn -0.1771 0.9734 -0.1452
vn -0.7063 0.0702 -0.7044
vn -0.9223 0.0586 -0.3819
vn -0.2368 0.9693 -0.0666
vn -0.5767 -0.7725 -0.266
vn -0.9226 -0.0259 -0.3848
vn -0.7065 -0.0176 -0.7075
vn -0.4249 -0.7843 -0.4521
vn -0.0984 0.9738 -0.2049
vn -0.3836 0.0763 -0.9203
vn -0.7063 0.0702 -0.7044
vn -0.1771 0.9734 -0.1452
vn -0.4249 -0.7843 -0.4521
vn -0.7065 -0.0176 -0.7075
vn -0.3837 -0.0082 -0.9234
vn -0.2393 -0.7616 -0.6022
vn -0.0012 0.9796 -0.2011
vn -0 0.0329 -0.9995
vn -0.3836 0.0763 -0.9203
vn -0.0984 0.9738 -0.2049
vn -0.2393 -0.7616 -0.6022
vn -0.3837 -0.0082 -0.9234
vn -0 0.0328 -0.9995
vn -0 -0.7346 -0.6786
vn 0.5767 -0.7725 -0.266
vn 0.9226 -0.0259 -0.3848
vn 1 -0 -0
vn 0.6907 -0.7228 -0.0237
vn 0.2348 0.9716 0.0288
vn 1 -0 -0
vn 0.9223 0.0586 -0.3819
vn 0.2368 0.9693 -0.0666
vn 0.425 -0.7843 -0.4521
vn 0.7065 -0.0176 -0.7075
vn 0.9226 -0.0259 -0.3848
vn 0.5767 -0.7725 -0.266
vn 0.2368 0.9693 -0.0666
vn 0.9223 0.0586 -0.3819
vn 0.7063 0.0702 -0.7044
vn 0.1771 0.9734 -0.1452
vn 0.2392 -0.7616 -0.6022
vn 0.3837 -0.0082 -0.9234
vn 0.7065 -0.0176 -0.7075
vn 0.425 -0.7843 -0.4521
vn 0.1771 0.9734 -0.1452
vn 0.7063 0.0702 -0.7044
vn 0.3836 0.0763 -0.9203
vn 0.0984 0.9738 -0.2049
vn -0 -0.7346 -0.6786
vn -0 0.0328 -0.9995
vn 0.3837 -0.0082 -0.9234
vn 0.2392 -0.7616 -0.6022
vn 0.0984 0.9738 -0.2049
vn 0.3836 0.0763 -0.9203
vn -0 0.0329 -0.9995
vn 0.0012 0.9796 -0.2011
vn 0.2368 0.9628 0.1301
vn 0.9223 0.0334 0.3849
vn 1 -0 0.0001
vn 0.2348 0.9714 0.0351
vn 0.7137 -0.7003 -0.0155
vn 1 -0 -0
vn 0.9227 -0.0485 0.3824
vn 0.6412 -0.7286 0.2406
vn 0.1771 0.9618 0.2088
vn 0.7063 0.0239 0.7075
vn 0.9223 0.0334 0.3849
vn 0.2368 0.9628 0.1301
vn 0.6412 -0.7286 0.2406
vn 0.9227 -0.0485 0.3824
vn 0.7066 -0.0604 0.705
vn 0.4828 -0.7476 0.4561
vn 0.0984 0.9583 0.2684
vn 0.3836 0.0157 0.9234
vn 0.7063 0.0239 0.7075
vn 0.1771 0.9618 0.2088
vn 0.4828 -0.7476 0.4561
vn 0.7066 -0.0604 0.705
vn 0.3838 -0.0662 0.921
vn 0.2675 -0.7394 0.6179
vn 0.0012 0.9643 0.2649
vn -0 -0.0328 0.9995
vn 0.3836 0.0157 0.9234
vn 0.0984 0.9583 0.2684
vn 0.2675 -0.7394 0.6179
vn 0.3838 -0.0662 0.921
vn -0 -0.0329 0.9995
vn -0 -0.7775 0.6289
vn -0.6412 -0.7286 0.2407
vn -0.9227 -0.0485 0.3824
vn -1 -0 -0
vn -0.7137 -0.7002 -0.0155
vn -0.2348 0.9714 0.0351
vn -1 -0 -0
vn -0.9223 0.0334 0.3849
vn -0.2368 0.9628 0.1301
vn -0.4828 -0.7476 0.4561
vn -0.7066 -0.0604 0.705
vn -0.9227 -0.0485 0.3824
vn -0.6412 -0.7286 0.2407
vn -0.2368 0.9628 0.1301
vn -0.9223 0.0334 0.3849
vn -0.7063 0.0238 0.7075
vn -0.1771 0.9618 0.2088
vn -0.2675 -0.7394 0.6179
vn -0.3838 -0.0662 0.921
vn -0.7066 -0.0604 0.705
vn -0.4828 -0.7476 0.4561
vn -0.1771 0.9618 0.2088
vn -0.7063 0.0238 0.7075
vn -0.3836 0.0157 0.9233
vn -0.0984 0.9583 0.2684
vn -0 -0.7775 0.6289
vn -0 -0.0329 0.9995
vn -0.3838 -0.0662 0.921
vn -0.2675 -0.7394 0.6179
vn -0.0984 0.9583 0.2684
vn -0.3836 0.0157 0.9233
vn -0 -0.0328 0.9995
vn -0.0012 0.9643 0.2649
vn -0.0003 -0.9931 0.1174
vn -0 -0.7776 0.6288
vn -0.22 -0.8359 0.5029
vn -0.0726 -0.9832 0.1673
vn -0.0726 -0.9832 0.1673
vn -0.22 -0.8359 0.5029
vn -0.3969 -0.8404 0.3689
vn -0.1348 -0.983 0.1244
vn -0.1348 -0.983 0.1244
vn -0.3969 -0.8404 0.3689
vn -0.5288 -0.8267 0.1924
vn -0.1756 -0.9825 0.0625
vn -0.1756 -0.9825 0.0625
vn -0.5288 -0.8267 0.1924
vn -0.601 -0.7991 -0.0173
vn -0.1241 -0.9923 -0.0038
vn -0.0685 -0.9818 -0.177
vn -0.2159 -0.8089 -0.5468
vn -0 -0.7346 -0.6785
vn -0.0003 -0.9918 -0.1276
vn -0.1269 -0.9824 -0.1368
vn -0.3828 -0.8277 -0.4104
vn -0.2159 -0.8089 -0.5468
vn -0.0685 -0.9818 -0.177
vn -0.1685 -0.9826 -0.0781
vn -0.5205 -0.8185 -0.2431
vn -0.3828 -0.8277 -0.4104
vn -0.1269 -0.9824 -0.1368
vn -0.1231 -0.9924 -0.0056
vn -0.6231 -0.7818 -0.0237
vn -0.5205 -0.8185 -0.2431
vn -0.1685 -0.9826 -0.0781
vn 0.1241 -0.9923 -0.0038
vn 0.601 -0.7991 -0.0173
vn 0.5288 -0.8267 0.1924
vn 0.1756 -0.9825 0.0625
vn 0.1756 -0.9825 0.0625
vn 0.5288 -0.8267 0.1924
vn 0.3969 -0.8404 0.3689
vn 0.1348 -0.983 0.1244
vn 0.1348 -0.983 0.1244
vn 0.3969 -0.8404 0.3689
vn 0.22 -0.8359 0.5029
vn 0.0726 -0.9832 0.1673
vn 0.0726 -0.9832 0.1673
vn 0.22 -0.8359 0.5029
vn -0 -0.7776 0.6288
vn 0.0003 -0.9931 0.1174
vn 0.0003 -0.9918 -0.1276
vn -0 -0.7346 -0.6785
vn 0.2159 -0.8089 -0.5468
vn 0.0685 -0.9818 -0.177
vn 0.0685 -0.9818 -0.177
vn 0.2159 -0.8089 -0.5468
vn 0.3828 -0.8277 -0.4104
vn 0.1269 -0.9824 -0.1368
vn 0.1269 -0.9824 -0.1368
vn 0.3828 -0.8277 -0.4104
vn 0.5205 -0.8185 -0.2431
vn 0.1685 -0.9826 -0.0781
vn 0.1685 -0.9826 -0.0781
vn 0.5205 -0.8185 -0.2431
vn 0.6231 -0.7818 -0.0237
vn 0.1231 -0.9924 -0.0056
vn 0.0001 -0.0328 0.9995
vn 0.0007 0.9649 0.2626
vn 0.0662 0.9792 0.192
vn 0.3819 0.0351 0.9235
vn 0.3819 0.0351 0.9235
vn 0.0662 0.9792 0.192
vn 0.1203 0.9809 0.1526
vn 0.7055 0.0435 0.7074
vn 0.7055 0.0435 0.7074
vn 0.1203 0.9809 0.1526
vn 0.1598 0.9822 0.0985
vn 0.9219 0.0529 0.3838
vn 0.9219 0.0529 0.3838
vn 0.1598 0.9822 0.0985
vn 0.2284 0.973 0.0338
vn 1 -0 -0
vn 0.3818 0.0957 -0.9193
vn 0.0662 0.9896 -0.1273
vn 0.0007 0.9801 -0.1986
vn -0 0.0329 -0.9995
vn 0.7055 0.0899 -0.703
vn 0.1203 0.9888 -0.0879
vn 0.0662 0.9896 -0.1273
vn 0.3818 0.0957 -0.9193
vn 0.9219 0.078 -0.3795
vn 0.1598 0.9866 -0.0338
vn 0.1203 0.9888 -0.0879
vn 0.7055 0.0899 -0.703
vn 1 -0 -0
vn 0.2284 0.9731 0.0302
vn 0.1598 0.9866 -0.0338
vn 0.9219 0.078 -0.3795
vn -0.9219 0.078 -0.3795
vn -0.1598 0.9866 -0.0338
vn -0.2283 0.9731 0.0302
vn -1 -0 -0
vn -0.7056 0.0899 -0.7029
vn -0.1203 0.9888 -0.0879
vn -0.1598 0.9866 -0.0338
vn -0.9219 0.078 -0.3795
vn -0.3819 0.0957 -0.9192
vn -0.0662 0.9896 -0.1273
vn -0.1203 0.9888 -0.0879
vn -0.7056 0.0899 -0.7029
vn -0.0001 0.0329 -0.9995
vn -0.0007 0.9801 -0.1986
vn -0.0662 0.9896 -0.1273
vn -0.3819 0.0957 -0.9192
vn -0.3818 0.0351 0.9236
vn -0.0662 0.9792 0.192
vn -0.0007 0.9649 0.2626
vn -0 -0.0328 0.9995
vn -0.7057 0.0435 0.7072
vn -0.1203 0.9809 0.1526
vn -0.0662 0.9792 0.192
vn -0.3818 0.0351 0.9236
vn -0.9219 0.0529 0.3838
vn -0.1598 0.9822 0.0985
vn -0.1203 0.9809 0.1526
vn -0.7057 0.0435 0.7072
vn -1 -0 -0
vn -0.2284 0.973 0.0338
vn -0.1598 0.9822 0.0985
vn -0.9219 0.0529 0.3838
vn -0.0006 0.9806 -0.1959
vn -0 0.0329 -0.9995
vn -0.3819 0.0834 -0.9204
vn -0.1422 0.938 -0.316
vn -0.1422 0.938 -0.316
vn -0.3819 0.0834 -0.9204
vn -0.7061 0.0754 -0.7041
vn -0.2675 0.9339 -0.237
vn -0.2675 0.9339 -0.237
vn -0.7061 0.0754 -0.7041
vn -0.9227 0.0657 -0.3799
vn -0.3467 0.9313 -0.1117
vn -0.3467 0.9313 -0.1117
vn -0.9227 0.0657 -0.3799
vn -1 -0 -0.0001
vn -0.23 0.9727 0.0304
vn -0.1422 0.9153 0.3769
vn -0.382 0.0228 0.9239
vn -0 -0.0328 0.9995
vn -0.0006 0.9656 0.2599
vn -0.2675 0.9164 0.2978
vn -0.7061 0.029 0.7075
vn -0.382 0.0228 0.9239
vn -0.1422 0.9153 0.3769
vn -0.3467 0.922 0.1726
vn -0.9226 0.0406 0.3835
vn -0.7061 0.029 0.7075
vn -0.2675 0.9164 0.2978
vn -0.2299 0.9726 0.0335
vn -1 -0 -0
vn -0.9226 0.0406 0.3835
vn -0.3467 0.922 0.1726
vn 0.0006 0.9656 0.2599
vn -0 -0.0328 0.9995
vn 0.3819 0.0228 0.9239
vn 0.1422 0.9153 0.3769
vn 0.1422 0.9153 0.3769
vn 0.3819 0.0228 0.9239
vn 0.7061 0.029 0.7075
vn 0.2675 0.9164 0.2978
vn 0.2675 0.9164 0.2978
vn 0.7061 0.029 0.7075
vn 0.9227 0.0406 0.3834
vn 0.3467 0.922 0.1726
vn 0.3467 0.922 0.1726
vn 0.9227 0.0406 0.3834
vn 1 -0 -0
vn 0.2299 0.9726 0.0335
vn 0.1422 0.938 -0.316
vn 0.382 0.0834 -0.9204
vn -0 0.0329 -0.9995
vn 0.0006 0.9806 -0.1959
vn 0.2675 0.9339 -0.237
vn 0.7061 0.0754 -0.7041
vn 0.382 0.0834 -0.9204
vn 0.1422 0.938 -0.316
vn 0.3467 0.9313 -0.1117
vn 0.9226 0.0657 -0.38
vn 0.7061 0.0754 -0.7041
vn 0.2675 0.9339 -0.237
vn 0.2299 0.9727 0.0304
vn 1 -0 -0
vn 0.9226 0.0657 -0.38
vn 0.3467 0.9313 -0.1117
vn 0.2312 0.9724 0.0319
vn 1 -0 -0
vn 1 -0 -0
vn 0.2284 0.973 0.0338
vn -0 0.0329 -0.9995
vn -0 0.9799 -0.1997
vn -0.0007 0.9801 -0.1986
vn -0.0001 0.0329 -0.9995
vn -1 -0 -0
vn -0.2312 0.9724 0.032
vn -0.2284 0.973 0.0338
vn -1 -0 -0
vn -0 0.9646 0.2636
vn -0 -0.0328 0.9995
vn -0 -0.0328 0.9995
vn -0.0007 0.9649 0.2626
vn 0.2269 0.9734 0.032
vn 1 -0 -0
vn 1 -0 -0
vn 0.2299 0.9727 0.0304
vn -1 -0 -0
vn -0.2331 0.9719 0.0319
vn -0.2348 0.9716 0.0288
vn -1 -0 -0.0001
vn -0.1218 -0.9925 -0.0046
vn -0.6208 -0.7836 -0.0236
vn -0.6231 -0.7818 -0.0237
vn -0.1231 -0.9924 -0.0056
vn -1 -0 -0
vn -0.7084 -0.7055 -0.0232
vn -0.7137 -0.7002 -0.0155
vn -1 -0 -0
vn -0 -0.0328 0.9995
vn -0 0.9645 0.2642
vn -0.0012 0.9643 0.2649
vn -0 -0.0328 0.9995
vn -0 0.9808 -0.1948
vn -0 0.0329 -0.9995
vn -0 0.0329 -0.9995
vn -0.0006 0.9806 -0.1959
vn -0 -0.9932 0.1168
vn -0 -0.7776 0.6288
vn -0 -0.7776 0.6288
vn -0.0003 -0.9931 0.1174
vn -0 -0.0329 0.9995
vn -0 -0.7775 0.6289
vn -0 -0.7775 0.6289
vn -0 -0.0329 0.9995
vn -0 0.9659 0.2588
vn -0 -0.0328 0.9995
vn -0 -0.0328 0.9995
vn 0.0006 0.9656 0.2599
vn -0 0.0329 -0.9995
vn -0 0.9797 -0.2004
vn 0.0012 0.9796 -0.2011
vn -0 0.0329 -0.9995
vn -0 -0.7346 -0.6785
vn -0 0.0328 -0.9995
vn -0 0.0328 -0.9995
vn -0 -0.7346 -0.6786
vn -0 -0.9919 -0.127
vn -0 -0.7346 -0.6785
vn -0 -0.7346 -0.6785
vn 0.0003 -0.9918 -0.1276
vn 1 -0 -0
vn 0.233 0.9719 0.0319
vn 0.2348 0.9714 0.0351
vn 1 -0 0.0001
vn -0.2269 0.9734 0.032
vn -1 -0 -0
vn -1 -0 -0
vn -0.2299 0.9726 0.0335
vn 0.1222 -0.9925 -0.0047
vn 0.6072 -0.7942 -0.0231
vn 0.601 -0.7991 -0.0173
vn 0.1241 -0.9923 -0.0038
vn 1 -0.0001 -0
vn 0.6932 -0.7203 -0.0237
vn 0.6907 -0.7228 -0.0237
vn 1 -0 -0
vn 0.9226 0.0657 -0.38
vn 1 -0 -0
vn 1 -0 -0
vn 0.9219 0.078 -0.3795
vn 0.1598 0.9866 -0.0338
vn 0.2284 0.9731 0.0302
vn -0.2348 0.9714 0.0351
vn -0.2368 0.9628 0.1301
vn 1 -0 -0
vn 1 -0 -0
vn 1 -0 -0
vn 1 -0 -0
vn -0 0.0329 -0.9995
vn 0.382 0.0834 -0.9204
vn 0.3818 0.0957 -0.9193
vn -0 0.0329 -0.9995
vn 0.0007 0.9801 -0.1986
vn 0.0662 0.9896 -0.1273
vn -0.0984 0.9583 0.2684
vn -0.0012 0.9643 0.2649
vn -0.0002 0.0329 -0.9995
vn -0 0.0329 -0.9995
vn -0 0.0329 -0.9995
vn -0 0.0329 -0.9995
vn 0.7061 0.0754 -0.7041
vn 0.9226 0.0657 -0.38
vn 0.9219 0.078 -0.3795
vn 0.7055 0.0899 -0.703
vn 0.1203 0.9888 -0.0879
vn 0.1598 0.9866 -0.0338
vn -0.2368 0.9628 0.1301
vn -0.1771 0.9618 0.2088
vn 0.382 0.0834 -0.9204
vn 0.7061 0.0754 -0.7041
vn 0.7055 0.0899 -0.703
vn 0.3818 0.0957 -0.9193
vn 0.0662 0.9896 -0.1273
vn 0.1203 0.9888 -0.0879
vn -0.1771 0.9618 0.2088
vn -0.0984 0.9583 0.2684
vn -0.0001 0.0329 -0.9995
vn -0.3819 0.0957 -0.9192
vn -0.3819 0.0834 -0.9204
vn -0 0.0329 -0.9995
vn -0 0.9799 -0.1997
vn -0 0.9645 0.2642
vn 0.0012 0.9643 0.2649
vn -0.0007 0.9801 -0.1986
vn -0.0662 0.9896 -0.1273
vn -0.0007 0.9801 -0.1986
vn 0.0012 0.9643 0.2649
vn 0.0984 0.9583 0.2684
vn -0.9219 0.078 -0.3795
vn -1 -0 -0
vn -1 -0 -0.0001
vn -0.9227 0.0657 -0.3799
vn -0.2283 0.9731 0.0302
vn -0.1598 0.9866 -0.0338
vn 0.2368 0.9628 0.1301
vn 0.2348 0.9714 0.0351
vn -1 -0 0.0002
vn -1 -0 -0
vn -1 -0 -0.0001
vn -1 -0 -0
vn -0.3819 0.0957 -0.9192
vn -0.7056 0.0899 -0.7029
vn -0.7061 0.0754 -0.7041
vn -0.3819 0.0834 -0.9204
vn -0.1203 0.9888 -0.0879
vn -0.0662 0.9896 -0.1273
vn 0.0984 0.9583 0.2684
vn 0.1771 0.9618 0.2088
vn -0.7056 0.0899 -0.7029
vn -0.9219 0.078 -0.3795
vn -0.9227 0.0657 -0.3799
vn -0.7061 0.0754 -0.7041
vn -0.1598 0.9866 -0.0338
vn -0.1203 0.9888 -0.0879
vn 0.1771 0.9618 0.2088
vn 0.2368 0.9628 0.1301
vn -0.0012 0.9796 -0.2011
vn -0.0984 0.9738 -0.2049
vn 0.0662 0.9792 0.192
vn 0.0007 0.9649 0.2626
vn 0.0001 -0.0328 0.9995
vn 0.3819 0.0351 0.9235
vn 0.3819 0.0228 0.9239
vn -0 -0.0328 0.9995
vn -0 -0.0328 0.9995
vn -0 -0.0328 0.9995
vn -0 -0.0328 0.9995
vn -0 -0.0328 0.9995
vn 0.9219 0.0529 0.3838
vn 1 -0 -0
vn 1 -0 -0
vn 0.9227 0.0406 0.3834
vn -0.2368 0.9693 -0.0666
vn -0.2348 0.9716 0.0288
vn 0.2284 0.973 0.0338
vn 0.1598 0.9822 0.0985
vn 0.2312 0.9724 0.032
vn -0.2331 0.9719 0.0319
vn -0.2348 0.9714 0.0351
vn 0.2284 0.9731 0.0302
vn -0.0984 0.9738 -0.2049
vn -0.1771 0.9734 -0.1452
vn 0.1203 0.9809 0.1526
vn 0.0662 0.9792 0.192
vn 0.3819 0.0351 0.9235
vn 0.7055 0.0435 0.7074
vn 0.7061 0.029 0.7075
vn 0.3819 0.0228 0.9239
vn -0.1771 0.9734 -0.1452
vn -0.2368 0.9693 -0.0666
vn 0.1598 0.9822 0.0985
vn 0.1203 0.9809 0.1526
vn 0.7055 0.0435 0.7074
vn 0.9219 0.0529 0.3838
vn 0.9227 0.0406 0.3834
vn 0.7061 0.029 0.7075
vn -0.9226 0.0406 0.3835
vn -1 -0 -0
vn -1 -0 -0
vn -0.9219 0.0529 0.3838
vn -0.2312 0.9724 0.032
vn 0.233 0.9719 0.0319
vn 0.2348 0.9716 0.0288
vn -0.2284 0.973 0.0338
vn -0.1598 0.9822 0.0985
vn -0.2284 0.973 0.0338
vn 0.2348 0.9716 0.0288
vn 0.2368 0.9693 -0.0666
vn -0 -0.0328 0.9995
vn -0.382 0.0228 0.9239
vn -0.3818 0.0351 0.9236
vn -0 -0.0328 0.9995
vn -0.0007 0.9649 0.2626
vn -0.0662 0.9792 0.192
vn 0.0984 0.9738 -0.2049
vn 0.0012 0.9796 -0.2011
vn -0 0.9646 0.2636
vn -0 0.9797 -0.2004
vn -0.0012 0.9796 -0.2011
vn 0.0007 0.9649 0.2626
vn -0.7061 0.029 0.7075
vn -0.9226 0.0406 0.3835
vn -0.9219 0.0529 0.3838
vn -0.7057 0.0435 0.7072
vn -0.1203 0.9809 0.1526
vn -0.1598 0.9822 0.0985
vn 0.2368 0.9693 -0.0666
vn 0.1771 0.9734 -0.1452
vn -0.382 0.0228 0.9239
vn -0.7061 0.029 0.7075
vn -0.7057 0.0435 0.7072
vn -0.3818 0.0351 0.9236
vn -0.0662 0.9792 0.192
vn -0.1203 0.9809 0.1526
vn 0.1771 0.9734 -0.1452
vn 0.0984 0.9738 -0.2049
vn -0 -0.7775 0.6289
vn -0.2675 -0.7394 0.6179
vn -0.22 -0.8359 0.5029
vn -0 -0.7776 0.6288
vn -0.3838 -0.0662 0.921
vn -0 -0.0329 0.9995
vn -0 -0.0328 0.9995
vn -0.3836 0.0157 0.9233
vn -0 -0.7776 0.6288
vn -0 -0.7775 0.6289
vn -0 -0.7775 0.6289
vn -0 -0.7776 0.6288
vn -0.6412 -0.7286 0.2407
vn -0.7137 -0.7002 -0.0155
vn -0.601 -0.7991 -0.0173
vn -0.5288 -0.8267 0.1924
vn -1 -0 -0
vn -0.9227 -0.0485 0.3824
vn -0.9223 0.0334 0.3849
vn -1 -0 -0
vn -1 -0 -0.0001
vn -1 -0 -0
vn -1 -0 -0
vn -1 -0 -0
vn -0.2675 -0.7394 0.6179
vn -0.4828 -0.7476 0.4561
vn -0.3969 -0.8404 0.3689
vn -0.22 -0.8359 0.5029
vn -0.7066 -0.0604 0.705
vn -0.3838 -0.0662 0.921
vn -0.3836 0.0157 0.9233
vn -0.7063 0.0238 0.7075
vn -0.4828 -0.7476 0.4561
vn -0.6412 -0.7286 0.2407
vn -0.5288 -0.8267 0.1924
vn -0.3969 -0.8404 0.3689
vn -0.9227 -0.0485 0.3824
vn -0.7066 -0.0604 0.705
vn -0.7063 0.0238 0.7075
vn -0.9223 0.0334 0.3849
vn 1 -0 0.0001
vn 0.9223 0.0334 0.3849
vn 0.9227 -0.0485 0.3824
vn 1 -0 -0
vn 0.7137 -0.7003 -0.0155
vn 0.6412 -0.7286 0.2406
vn 0.5288 -0.8267 0.1924
vn 0.601 -0.7991 -0.0173
vn 0.6072 -0.7942 -0.0231
vn 0.7084 -0.7055 -0.0232
vn 0.7137 -0.7003 -0.0155
vn 0.601 -0.7991 -0.0173
vn 0.2675 -0.7394 0.6179
vn -0 -0.7775 0.6289
vn -0 -0.7776 0.6288
vn 0.22 -0.8359 0.5029
vn 0.3836 0.0157 0.9234
vn -0 -0.0328 0.9995
vn -0 -0.0329 0.9995
vn 0.3838 -0.0662 0.921
vn -0.0001 -0.0328 0.9995
vn -0 -0.0329 0.9995
vn -0 -0.0329 0.9995
vn -0 -0.0328 0.9995
vn 0.9223 0.0334 0.3849
vn 0.7063 0.0239 0.7075
vn 0.7066 -0.0604 0.705
vn 0.9227 -0.0485 0.3824
vn 0.6412 -0.7286 0.2406
vn 0.4828 -0.7476 0.4561
vn 0.3969 -0.8404 0.3689
vn 0.5288 -0.8267 0.1924
vn 0.7063 0.0239 0.7075
vn 0.3836 0.0157 0.9234
vn 0.3838 -0.0662 0.921
vn 0.7066 -0.0604 0.705
vn 0.4828 -0.7476 0.4561
vn 0.2675 -0.7394 0.6179
vn 0.22 -0.8359 0.5029
vn 0.3969 -0.8404 0.3689
vn -0.6208 -0.7836 -0.0236
vn -0.6932 -0.7203 -0.0237
vn -0.6907 -0.7228 -0.0238
vn -0.6231 -0.7818 -0.0237
vn -1 -0 -0.0001
vn -0.9223 0.0586 -0.3819
vn -0.9226 -0.0259 -0.3848
vn -1 -0 -0
vn -0.5205 -0.8185 -0.2431
vn -0.6231 -0.7818 -0.0237
vn -0.6907 -0.7228 -0.0238
vn -0.5767 -0.7725 -0.266
vn -0 -0.7346 -0.6785
vn -0.2159 -0.8089 -0.5468
vn -0.2393 -0.7616 -0.6022
vn -0 -0.7346 -0.6786
vn -0.3836 0.0763 -0.9203
vn -0 0.0329 -0.9995
vn -0 0.0328 -0.9995
vn -0.3837 -0.0082 -0.9234
vn -0 -0.7346 -0.6785
vn -0 -0.7346 -0.6785
vn -0 -0.7346 -0.6786
vn -0 -0.7346 -0.6785
vn -0.9223 0.0586 -0.3819
vn -0.7063 0.0702 -0.7044
vn -0.7065 -0.0176 -0.7075
vn -0.9226 -0.0259 -0.3848
vn -0.3828 -0.8277 -0.4104
vn -0.5205 -0.8185 -0.2431
vn -0.5767 -0.7725 -0.266
vn -0.4249 -0.7843 -0.4521
vn -0.7063 0.0702 -0.7044
vn -0.3836 0.0763 -0.9203
vn -0.3837 -0.0082 -0.9234
vn -0.7065 -0.0176 -0.7075
vn -0.2159 -0.8089 -0.5468
vn -0.3828 -0.8277 -0.4104
vn -0.4249 -0.7843 -0.4521
vn -0.2393 -0.7616 -0.6022
vn -0 -0.7346 -0.6786
vn 0.2392 -0.7616 -0.6022
vn 0.2159 -0.8089 -0.5468
vn -0 -0.7346 -0.6785
vn 0.0001 0.0329 -0.9995
vn -0 0.0328 -0.9995
vn -0 0.0328 -0.9995
vn -0 0.0329 -0.9995
vn 0.3837 -0.0082 -0.9234
vn -0 0.0328 -0.9995
vn -0 0.0329 -0.9995
vn 0.3836 0.0763 -0.9203
vn 0.5767 -0.7725 -0.266
vn 0.6907 -0.7228 -0.0237
vn 0.6231 -0.7818 -0.0237
vn 0.5205 -0.8185 -0.2431
vn 1 -0 -0
vn 0.9226 -0.0259 -0.3848
vn 0.9223 0.0586 -0.3819
vn 1 -0 -0
vn 1 -0 0.0001
vn 1 -0.0001 -0
vn 1 -0 -0
vn 1 -0 -0
vn 0.2392 -0.7616 -0.6022
vn 0.425 -0.7843 -0.4521
vn 0.3828 -0.8277 -0.4104
vn 0.2159 -0.8089 -0.5468
vn 0.7065 -0.0176 -0.7075
vn 0.3837 -0.0082 -0.9234
vn 0.3836 0.0763 -0.9203
vn 0.7063 0.0702 -0.7044
vn 0.425 -0.7843 -0.4521
vn 0.5767 -0.7725 -0.266
vn 0.5205 -0.8185 -0.2431
vn 0.3828 -0.8277 -0.4104
vn 0.9226 -0.0259 -0.3848
vn 0.7065 -0.0176 -0.7075
vn 0.7063 0.0702 -0.7044
vn 0.9223 0.0586 -0.3819
vn 0.1348 -0.983 0.1244
vn -0 -1 -0
vn 0.1756 -0.9825 0.0625
vn -0.2675 0.9164 0.2978
vn -0 0.9995 0.0328
vn -0.3467 0.922 0.1726
vn 0.2675 0.9164 0.2978
vn -0 0.9995 0.0328
vn 0.1422 0.9153 0.3769
vn -0 0.9995 0.0328
vn -0 0.9659 0.2588
vn 0.0006 0.9656 0.2599
vn -0 0.9995 0.0328
vn -0 0.9808 -0.1948
vn -0.0006 0.9806 -0.1959
vn -0 0.9995 0.0328
vn -0 0.9995 0.0328
vn -0.2675 0.9339 -0.237
vn -0 0.9995 0.0328
vn -0.1422 0.938 -0.316
vn 0.3467 0.9313 -0.1117
vn -0 0.9995 0.0328
vn 0.2299 0.9727 0.0304
vn -0 0.9995 0.0328
vn -0 0.9995 0.0328
vn -0 0.9995 0.0328
vn -0 0.9995 0.0328
vn -0 0.9995 0.0328
vn -0.2269 0.9734 0.032
vn -0.2299 0.9726 0.0335
vn -0 0.9995 0.0328
vn -0 0.9995 0.0328
vn -0 0.9995 0.0328
vn 0.2299 0.9726 0.0335
vn 0.2269 0.9734 0.0319
vn -0 -1 -0
vn -0 -0.9919 -0.127
vn 0.0003 -0.9918 -0.1276
vn -0 -1 -0
vn 0.1269 -0.9824 -0.1368
vn -0 -1 -0
vn 0.0685 -0.9818 -0.177
vn -0 -1 -0
vn -0 -1 -0
vn 0.0003 -0.9931 0.1174
vn -0 -0.9932 0.1168
vn -0.1269 -0.9824 -0.1368
vn -0 -1 -0
vn -0.1685 -0.9826 -0.0781
vn -0.0726 -0.9832 0.1673
vn -0 -1 -0
vn -0.0003 -0.9931 0.1174
vn -0 -1 -0
vn -0 -1 -0
vn -0 -1 -0
vn -0 -1 -0
vn -0 -1 -0
vn 0.1222 -0.9925 -0.0047
vn 0.1241 -0.9923 -0.0038
vn -0 -1 -0
vn -0.1218 -0.9925 -0.0046
vn -0.1231 -0.9924 -0.0056
vn -0 -1 -0
vn -0 -1 -0
vn -0 -1 -0
vn -0.1756 -0.9825 0.0625
vn -0.1241 -0.9923 -0.0038
vn -0.1756 -0.9825 0.0625
vn -0 -1 -0
vn -0.1348 -0.983 0.1244
vn -0.1348 -0.983 0.1244
vn -0 -1 -0
vn -0.0726 -0.9832 0.1673
vn -0.1685 -0.9826 -0.0781
vn -0 -1 -0
vn -0.1231 -0.9924 -0.0056
vn -0 -1 -0
vn -0.0685 -0.9818 -0.177
vn -0.0003 -0.9918 -0.1276
vn -0.0685 -0.9818 -0.177
vn -0 -1 -0
vn -0.1269 -0.9824 -0.1368
vn 0.1241 -0.9923 -0.0038
vn 0.1756 -0.9825 0.0625
vn -0 -1 -0
vn -0 -1 -0
vn 0.0726 -0.9832 0.1673
vn 0.0003 -0.9931 0.1174
vn 0.1348 -0.983 0.1244
vn 0.0726 -0.9832 0.1673
vn -0 -1 -0
vn 0.0685 -0.9818 -0.177
vn -0 -1 -0
vn 0.0003 -0.9918 -0.1276
vn -0 -1 -0
vn 0.1685 -0.9826 -0.0781
vn 0.1231 -0.9924 -0.0056
vn 0.1685 -0.9826 -0.0781
vn -0 -1 -0
vn 0.1269 -0.9824 -0.1368
vn -0.2299 0.9726 0.0335
vn -0.3467 0.922 0.1726
vn -0 0.9995 0.0328
vn -0 0.9995 0.0328
vn -0.1422 0.9153 0.3769
vn -0.0006 0.9656 0.2599
vn -0.2675 0.9164 0.2978
vn -0.1422 0.9153 0.3769
vn -0 0.9995 0.0328
vn -0.1422 0.938 -0.316
vn -0 0.9995 0.0328
vn -0.0006 0.9806 -0.1959
vn -0 0.9995 0.0328
vn -0.3467 0.9313 -0.1117
vn -0.23 0.9727 0.0304
vn -0.3467 0.9313 -0.1117
vn -0 0.9995 0.0328
vn -0.2675 0.9339 -0.237
vn 0.0006 0.9656 0.2599
vn 0.1422 0.9153 0.3769
vn -0 0.9995 0.0328
vn -0 0.9995 0.0328
vn 0.3467 0.922 0.1726
vn 0.2299 0.9726 0.0335
vn 0.2675 0.9164 0.2978
vn 0.3467 0.922 0.1726
vn -0 0.9995 0.0328
vn -0 0.9995 0.0328
vn 0.1422 0.938 -0.316
vn 0.0006 0.9806 -0.1959
vn 0.1422 0.938 -0.316
vn -0 0.9995 0.0328
vn 0.2675 0.9339 -0.237
vn 0.2675 0.9339 -0.237
vn -0 0.9995 0.0328
vn 0.3467 0.9313 -0.1117
vn -0.1241 -0.9923 -0.0038
vn -0.1223 -0.9925 -0.0046
vn -0 -1 -0
vn -0 -1 -0
vn -0.1223 -0.9925 -0.0046
vn -0.122 -0.9925 -0.0046
vn -0 -1 -0
vn -0 -1 -0
vn -0.122 -0.9925 -0.0046
vn -0.1218 -0.9925 -0.0046
vn -0 -1 -0
vn -0 -1 -0
vn -0 -1 -0
vn 0.1231 -0.9924 -0.0056
vn 0.1218 -0.9925 -0.0046
vn -0 -1 -0
vn -0 -1 -0
vn 0.1218 -0.9925 -0.0046
vn 0.122 -0.9925 -0.0046
vn -0 -1 -0
vn -0 -1 -0
vn 0.122 -0.9925 -0.0046
vn 0.1222 -0.9925 -0.0047
vn -0 -1 -0
vn -0 -1 -0
vn -0 -1 -0
vn -0 -1 -0
vn -0 -1 -0
vn -0 -1 -0
vn -0 -1 -0
vn -0 -1 -0
vn -0 -1 -0
vn -0 -1 -0
vn -0 -1 -0
vn -0 -1 -0
vn -0 -1 -0
vn -0 0.9995 0.0328
vn -0 0.9995 0.0328
vn 0.2269 0.9734 0.032
vn 0.2299 0.9727 0.0304
vn -0 0.9995 0.0328
vn -0 0.9995 0.0328
vn 0.2269 0.9734 0.032
vn 0.2269 0.9734 0.032
vn -0 0.9995 0.0328
vn -0 0.9995 0.0328
vn 0.2269 0.9734 0.0319
vn 0.2269 0.9734 0.032
vn -0 0.9995 0.0328
vn -0.23 0.9727 0.0304
vn -0.2269 0.9734 0.032
vn -0 0.9995 0.0328
vn -0 0.9995 0.0328
vn -0.2269 0.9734 0.032
vn -0.227 0.9734 0.032
vn -0 0.9995 0.0328
vn -0 0.9995 0.0328
vn -0.227 0.9734 0.032
vn -0.2269 0.9734 0.032
vn -0 0.9995 0.0328
vn -0 0.9995 0.0328
vn -0 0.9995 0.0328
vn -0 0.9995 0.0328
vn -0 0.9995 0.0328
vn -0 0.9995 0.0328
vn -0 0.9995 0.0328
vn -0 0.9995 0.0328
vn -0 0.9995 0.0328
vn -0 0.9995 0.0328
vn -0 0.9995 0.0328
vn -0 0.9995 0.0328
vn -0 0.9995 0.0328
vn 1 -0 0.0001
vn 1 -0 -0
vn 1 -0.0001 -0
vn 1 -0 -0
vn 1 -0 -0
vn 1 -0.0001 -0
vn 1 -0.0001 -0
vn 1 0.0001 -0
vn 1 0.0001 -0
vn 1 -0.0001 -0
vn 1 -0.0001 -0
vn 1 -0 0.0001
vn -0.601 -0.7991 -0.0173
vn -0.7137 -0.7002 -0.0155
vn -0.7084 -0.7055 -0.0232
vn -0.6072 -0.7942 -0.0231
vn -0.6072 -0.7942 -0.0231
vn -0.7084 -0.7055 -0.0232
vn -0.6996 -0.7142 -0.0235
vn -0.6152 -0.788 -0.0234
vn -0.6152 -0.788 -0.0234
vn -0.6996 -0.7142 -0.0235
vn -0.6932 -0.7203 -0.0237
vn -0.6208 -0.7836 -0.0236
vn 0.6231 -0.7818 -0.0237
vn 0.6907 -0.7228 -0.0237
vn 0.6932 -0.7203 -0.0237
vn 0.6208 -0.7836 -0.0236
vn 0.6208 -0.7836 -0.0236
vn 0.6932 -0.7203 -0.0237
vn 0.6996 -0.7142 -0.0235
vn 0.6152 -0.788 -0.0234
vn 0.6152 -0.788 -0.0234
vn 0.6996 -0.7142 -0.0235
vn 0.7084 -0.7055 -0.0232
vn 0.6072 -0.7942 -0.0231
vn -1 -0 -0.0001
vn -1 -0 -0
vn -1 -0.0001 -0
vn -1 -0 -0
vn -1 -0 -0
vn -1 -0.0001 -0
vn -1 -0.0001 -0
vn -1 -0 -0
vn -1 -0 -0
vn -1 -0.0001 -0
vn -1 -0 -0
vn -1 -0 -0.0001
vn -0.2283 0.9731 0.0302
vn 0.2348 0.9714 0.0351
vn 0.233 0.9719 0.0319
vn -0.2312 0.9724 0.0319
vn -0.2312 0.9724 0.0319
vn 0.233 0.9719 0.0319
vn 0.233 0.9719 0.0319
vn -0.2312 0.9724 0.0319
vn -0.2312 0.9724 0.0319
vn 0.233 0.9719 0.0319
vn 0.233 0.9719 0.0319
vn -0.2312 0.9724 0.032
vn 0.2284 0.973 0.0338
vn -0.2348 0.9716 0.0288
vn -0.2331 0.9719 0.0319
vn 0.2312 0.9724 0.0319
vn 0.2312 0.9724 0.0319
vn -0.2331 0.9719 0.0319
vn -0.233 0.9719 0.0319
vn 0.2312 0.9724 0.032
vn 0.2312 0.9724 0.032
vn -0.233 0.9719 0.0319
vn -0.2331 0.9719 0.0319
vn 0.2312 0.9724 0.032
vn -1 -0 -0
vn -1 -0 -0
vn -1 -0 -0
vn -1 -0 -0
vn -1 -0 -0
vn -1 -0 -0
vn -1 -0 -0
vn -1 -0 -0
vn -1 -0 -0
vn -1 -0 -0
vn -1 -0 -0
vn -1 -0 0.0002
vn 1 -0 -0
vn 1 -0 -0
vn 1 -0 -0
vn 1 -0 -0
vn 1 -0 -0
vn 1 -0 -0
vn 1 0.0001 -0.0001
vn 1 -0 -0
vn 1 -0 -0
vn 1 0.0001 -0.0001
vn 1 -0 -0
vn 1 -0 -0
vn 1 -0 -0
vn 0.7137 -0.7003 -0.0155
vn 0.7084 -0.7055 -0.0232
vn 1 -0.0001 -0
vn 1 -0.0001 -0
vn 0.7084 -0.7055 -0.0232
vn 0.6996 -0.7142 -0.0235
vn 1 -0.0001 -0
vn 1 -0.0001 -0
vn 0.6996 -0.7142 -0.0235
vn 0.6932 -0.7203 -0.0237
vn 1 -0.0001 -0
vn 0.1231 -0.9924 -0.0056
vn 0.6231 -0.7818 -0.0237
vn 0.6208 -0.7836 -0.0236
vn 0.1218 -0.9925 -0.0046
vn 0.1218 -0.9925 -0.0046
vn 0.6208 -0.7836 -0.0236
vn 0.6152 -0.788 -0.0234
vn 0.122 -0.9925 -0.0046
vn 0.122 -0.9925 -0.0046
vn 0.6152 -0.788 -0.0234
vn 0.6072 -0.7942 -0.0231
vn 0.1222 -0.9925 -0.0047
vn -0.23 0.9727 0.0304
vn -1 -0 -0.0001
vn -1 -0 -0
vn -0.2269 0.9734 0.032
vn -0.2269 0.9734 0.032
vn -1 -0 -0
vn -1 -0 -0
vn -0.227 0.9734 0.032
vn -0.227 0.9734 0.032
vn -1 -0 -0
vn -1 -0 -0
vn -0.2269 0.9734 0.032
vn 1 -0 -0
vn 0.2348 0.9716 0.0288
vn 0.233 0.9719 0.0319
vn 1 -0 0.0001
vn 1 -0 0.0001
vn 0.233 0.9719 0.0319
vn 0.233 0.9719 0.0319
vn 1 0.0001 -0
vn 1 0.0001 -0
vn 0.233 0.9719 0.0319
vn 0.233 0.9719 0.0319
vn 1 -0 -0
vn -1 -0 -0
vn -0.6907 -0.7228 -0.0238
vn -0.6932 -0.7203 -0.0237
vn -1 -0.0001 -0
vn -1 -0.0001 -0
vn -0.6932 -0.7203 -0.0237
vn -0.6996 -0.7142 -0.0235
vn -1 -0.0001 -0
vn -1 -0.0001 -0
vn -0.6996 -0.7142 -0.0235
vn -0.7084 -0.7055 -0.0232
vn -1 -0 -0
vn -0.1241 -0.9923 -0.0038
vn -0.601 -0.7991 -0.0173
vn -0.6072 -0.7942 -0.0231
vn -0.1223 -0.9925 -0.0046
vn -0.1223 -0.9925 -0.0046
vn -0.6072 -0.7942 -0.0231
vn -0.6152 -0.788 -0.0234
vn -0.122 -0.9925 -0.0046
vn -0.122 -0.9925 -0.0046
vn -0.6152 -0.788 -0.0234
vn -0.6208 -0.7836 -0.0236
vn -0.1218 -0.9925 -0.0046
vn -1 -0 -0
vn -0.2348 0.9714 0.0351
vn -0.2331 0.9719 0.0319
vn -1 -0 -0.0001
vn -1 -0 -0.0001
vn -0.2331 0.9719 0.0319
vn -0.233 0.9719 0.0319
vn -1 -0 -0
vn -1 -0 -0
vn -0.233 0.9719 0.0319
vn -0.2331 0.9719 0.0319
vn -1 -0 -0
vn 0.2299 0.9726 0.0335
vn 1 -0 -0
vn 1 -0 -0
vn 0.2269 0.9734 0.0319
vn 0.2269 0.9734 0.0319
vn 1 -0 -0
vn 1 0.0001 -0.0001
vn 0.2269 0.9734 0.032
vn 0.2269 0.9734 0.032
vn 1 0.0001 -0.0001
vn 1 -0 -0
vn 0.2269 0.9734 0.032
vn -1 -0 -0
vn -0.2283 0.9731 0.0302
vn -0.2312 0.9724 0.0319
vn -1 -0 0.0002
vn -1 -0 0.0002
vn -0.2312 0.9724 0.0319
vn -0.2312 0.9724 0.0319
vn -1 -0 -0
vn -1 -0 -0
vn -0.2312 0.9724 0.0319
vn -0.2312 0.9724 0.032
vn -1 -0 -0
vn 0.2284 0.9731 0.0302
vn 1 -0 -0
vn 1 -0 -0
vn 0.2312 0.9724 0.032
vn 0.2312 0.9724 0.032
vn 1 -0 -0
vn 1 -0 -0
vn 0.2312 0.9724 0.032
vn 0.2312 0.9724 0.032
vn 1 -0 -0
vn 1 -0 -0
vn 0.2312 0.9724 0.0319
vn -0 0.9995 0.0328
vn -0 0.9995 0.0328
vn -0 0.9995 0.0328
vn -0 0.9995 0.0328
vn -0 0.9995 0.0328
vn -0 0.9995 0.0328
vn -0 0.9995 0.0328
vn -0 0.9995 0.0328
vn -0 0.9995 0.0328
vn -0 0.9995 0.0328
vn -0 0.9995 0.0328
vn -0 0.9995 0.0328
vn -0 0.9995 0.0328
vn -0 0.9995 0.0328
vn -0 0.9995 0.0328
vn -0 0.9995 0.0328
vn -0 0.9995 0.0328
vn -0 0.9995 0.0328
vn -0 0.9995 0.0328
vn -0 0.9995 0.0328
vn -0 0.9995 0.0328
vn -0 0.9995 0.0328
vn -0 0.9995 0.0328
vn -0 0.9995 0.0328
vn -0 0.9995 0.0328
vn -0 0.9995 0.0328
vn -0 0.9995 0.0328
vn -0 0.9995 0.0328
vn -0 0.9995 0.0328
vn -0 0.9995 0.0328
vn -0 0.9995 0.0328
vn -0 0.9995 0.0328
vn -0 0.9995 0.0328
vn -0 0.9995 0.0328
vn -0 0.9995 0.0328
vn -0 0.9995 0.0328
vn -0 -1 -0
vn -0 -1 -0
vn -0 -1 -0
vn -0 -1 -0
vn -0 -1 -0
vn -0 -1 -0
vn -0 -1 -0
vn -0 -1 -0
vn -0 -1 -0
vn -0 -1 -0
vn -0 -1 -0
vn -0 -1 -0
vn -0 -1 -0
vn -0 -1 -0
vn -0 -1 -0
vn -0 -1 -0
vn -0 -1 -0
vn -0 -1 -0
vn -0 -1 -0
vn -0 -1 -0
vn -0 -1 -0
vn -0 -1 -0
vn -0 -1 -0
vn -0 -1 -0
vn -0 -1 -0
vn -0 -1 -0
vn -0 -1 -0
vn -0 -1 -0
vn -0 -1 -0
vn -0 -1 -0
vn -0 -1 -0
vn -0 -1 -0
vn -0 -1 -0
vn -0 -1 -0
vn -0 -1 -0
vn -0 -1 -0
vn -0 -1 -0
vn -0 -1 -0
vn -0 -1 -0
vn -0 -1 -0
vn -0 -1 -0
vn -0 -1 -0
vn -0 -1 -0
vn -0 -1 -0
vn -0 -1 -0
vn -0 -1 -0
vn -0 -1 -0
vn -0 -1 -0
vn -0 -1 -0
vn -0 -1 -0
vn -0 -0.9932 0.1168
vn -0.0003 -0.9931 0.1174
vn -0 -1 -0
vn -0 -1 -0
vn -0 -0.9932 0.1168
vn -0 -0.9932 0.1168
vn -0 -1 -0
vn -0 -1 -0
vn -0 -0.9932 0.1168
vn -0 -0.9932 0.1168
vn -0 -1 -0
vn -0.0003 -0.9918 -0.1276
vn -0 -0.9919 -0.127
vn -0 -1 -0
vn -0 -1 -0
vn -0 -0.9919 -0.127
vn -0 -0.9919 -0.127
vn -0 -1 -0
vn -0 -1 -0
vn -0 -0.9919 -0.127
vn -0 -0.9919 -0.127
vn -0 -1 -0
vn -0 0.9995 0.0328
vn -0 0.9995 0.0328
vn -0 0.9995 0.0328
vn -0 0.9995 0.0328
vn -0 0.9995 0.0328
vn -0 0.9995 0.0328
vn -0 0.9995 0.0328
vn -0 0.9995 0.0328
vn -0 0.9995 0.0328
vn -0 0.9995 0.0328
vn -0 0.9995 0.0328
vn -0 0.9995 0.0328
vn 0.0006 0.9806 -0.1959
vn -0 0.9808 -0.1948
vn -0 0.9995 0.0328
vn -0 0.9995 0.0328
vn -0 0.9808 -0.1948
vn -0 0.9809 -0.1948
vn -0 0.9995 0.0328
vn -0 0.9995 0.0328
vn -0 0.9809 -0.1948
vn -0 0.9808 -0.1948
vn -0 0.9995 0.0328
vn -0 0.9995 0.0328
vn -0 0.9995 0.0328
vn -0.0006 0.9656 0.2599
vn -0 0.9659 0.2588
vn -0 0.9995 0.0328
vn -0 0.9995 0.0328
vn -0 0.9659 0.2588
vn -0 0.9659 0.2587
vn -0 0.9995 0.0328
vn -0 0.9995 0.0328
vn -0 0.9659 0.2587
vn -0 0.9659 0.2588
vn -0 0.9995 0.0328
vn -0 0.0329 -0.9995
vn -0 0.0328 -0.9995
vn -0 0.0328 -0.9995
vn -0 0.0329 -0.9995
vn -0 0.0329 -0.9995
vn -0 0.0328 -0.9995
vn -0 0.0328 -0.9995
vn -0 0.0329 -0.9995
vn -0 0.0329 -0.9995
vn -0 0.0328 -0.9995
vn -0 0.0328 -0.9995
vn 0.0001 0.0329 -0.9995
vn -0 -0.7346 -0.6785
vn -0 -0.7346 -0.6786
vn -0 -0.7346 -0.6785
vn -0 -0.7346 -0.6785
vn -0 -0.7346 -0.6785
vn -0 -0.7346 -0.6785
vn -0 -0.7345 -0.6786
vn -0 -0.7346 -0.6785
vn -0 -0.7346 -0.6785
vn -0 -0.7345 -0.6786
vn -0 -0.7346 -0.6785
vn -0 -0.7346 -0.6785
vn -0 -0.0328 0.9995
vn -0 -0.0329 0.9995
vn -0 -0.0329 0.9995
vn -0 -0.0328 0.9995
vn -0 -0.0328 0.9995
vn -0 -0.0329 0.9995
vn -0 -0.0329 0.9995
vn -0 -0.0328 0.9995
vn -0 -0.0328 0.9995
vn -0 -0.0329 0.9995
vn -0 -0.0329 0.9995
vn -0.0001 -0.0328 0.9995
vn -0 -0.7776 0.6288
vn -0 -0.7775 0.6289
vn -0 -0.7775 0.6289
vn -0 -0.7776 0.6288
vn -0 -0.7776 0.6288
vn -0 -0.7775 0.6289
vn -0 -0.7775 0.6289
vn -0 -0.7776 0.6288
vn -0 -0.7776 0.6288
vn -0 -0.7775 0.6289
vn -0 -0.7775 0.6289
vn -0 -0.7776 0.6288
vn -0.0007 0.9649 0.2626
vn 0.0012 0.9796 -0.2011
vn -0 0.9797 -0.2004
vn -0 0.9646 0.2636
vn -0 0.9646 0.2636
vn -0 0.9797 -0.2004
vn -0 0.9797 -0.2004
vn -0 0.9646 0.2636
vn -0 0.9646 0.2636
vn -0 0.9797 -0.2004
vn -0 0.9797 -0.2004
vn -0 0.9646 0.2636
vn 0.0001 -0.0328 0.9995
vn -0 -0.0328 0.9995
vn -0 -0.0328 0.9995
vn -0 -0.0328 0.9995
vn -0 -0.0328 0.9995
vn -0 -0.0328 0.9995
vn -0 -0.0328 0.9995
vn -0 -0.0328 0.9995
vn -0 -0.0328 0.9995
vn -0 -0.0328 0.9995
vn -0 -0.0328 0.9995
vn -0 -0.0328 0.9995
vn 0.0007 0.9801 -0.1986
vn -0.0012 0.9643 0.2649
vn -0 0.9645 0.2642
vn -0 0.9799 -0.1997
vn -0 0.9799 -0.1997
vn -0 0.9645 0.2642
vn -0 0.9645 0.2643
vn -0 0.9798 -0.1997
vn -0 0.9798 -0.1997
vn -0 0.9645 0.2643
vn -0 0.9645 0.2642
vn -0 0.9799 -0.1997
vn -0.0001 0.0329 -0.9995
vn -0 0.0329 -0.9995
vn -0 0.0329 -0.9995
vn -0 0.0329 -0.9995
vn -0 0.0329 -0.9995
vn -0 0.0329 -0.9995
vn -0 0.0329 -0.9995
vn -0 0.0329 -0.9995
vn -0 0.0329 -0.9995
vn -0 0.0329 -0.9995
vn -0 0.0329 -0.9995
vn -0.0002 0.0329 -0.9995
vn -0.0003 -0.9918 -0.1276
vn -0 -0.7346 -0.6785
vn -0 -0.7346 -0.6785
vn -0 -0.9919 -0.127
vn -0 -0.9919 -0.127
vn -0 -0.7346 -0.6785
vn -0 -0.7346 -0.6785
vn -0 -0.9919 -0.127
vn -0 -0.9919 -0.127
vn -0 -0.7346 -0.6785
vn -0 -0.7346 -0.6785
vn -0 -0.9919 -0.127
vn -0 -0.7346 -0.6786
vn -0 0.0328 -0.9995
vn -0 0.0328 -0.9995
vn -0 -0.7346 -0.6785
vn -0 -0.7346 -0.6785
vn -0 0.0328 -0.9995
vn -0 0.0328 -0.9995
vn -0 -0.7345 -0.6786
vn -0 -0.7345 -0.6786
vn -0 0.0328 -0.9995
vn -0 0.0328 -0.9995
vn -0 -0.7346 -0.6785
vn -0 0.0329 -0.9995
vn -0.0012 0.9796 -0.2011
vn -0 0.9797 -0.2004
vn 0.0001 0.0329 -0.9995
vn 0.0001 0.0329 -0.9995
vn -0 0.9797 -0.2004
vn -0 0.9797 -0.2004
vn -0 0.0329 -0.9995
vn -0 0.0329 -0.9995
vn -0 0.9797 -0.2004
vn -0 0.9797 -0.2004
vn -0 0.0329 -0.9995
vn -0.0006 0.9656 0.2599
vn -0 -0.0328 0.9995
vn -0 -0.0328 0.9995
vn -0 0.9659 0.2588
vn -0 0.9659 0.2588
vn -0 -0.0328 0.9995
vn -0 -0.0328 0.9995
vn -0 0.9659 0.2587
vn -0 0.9659 0.2587
vn -0 -0.0328 0.9995
vn -0 -0.0328 0.9995
vn -0 0.9659 0.2588
vn -0 -0.0329 0.9995
vn -0 -0.7775 0.6289
vn -0 -0.7775 0.6289
vn -0 -0.0329 0.9995
vn -0 -0.0329 0.9995
vn -0 -0.7775 0.6289
vn -0 -0.7775 0.6289
vn -0 -0.0329 0.9995
vn -0 -0.0329 0.9995
vn -0 -0.7775 0.6289
vn -0 -0.7775 0.6289
vn -0 -0.0329 0.9995
vn 0.0003 -0.9931 0.1174
vn -0 -0.7776 0.6288
vn -0 -0.7776 0.6288
vn -0 -0.9932 0.1168
vn -0 -0.9932 0.1168
vn -0 -0.7776 0.6288
vn -0 -0.7776 0.6288
vn -0 -0.9932 0.1168
vn -0 -0.9932 0.1168
vn -0 -0.7776 0.6288
vn -0 -0.7776 0.6288
vn -0 -0.9932 0.1168
vn 0.0006 0.9806 -0.1959
vn -0 0.0329 -0.9995
vn -0 0.0329 -0.9995
vn -0 0.9808 -0.1948
vn -0 0.9808 -0.1948
vn -0 0.0329 -0.9995
vn -0 0.0329 -0.9995
vn -0 0.9809 -0.1948
vn -0 0.9809 -0.1948
vn -0 0.0329 -0.9995
vn -0 0.0329 -0.9995
vn -0 0.9808 -0.1948
vn -0 -0.0328 0.9995
vn 0.0012 0.9643 0.2649
vn -0 0.9645 0.2642
vn -0.0001 -0.0328 0.9995
vn -0.0001 -0.0328 0.9995
vn -0 0.9645 0.2642
vn -0 0.9645 0.2643
vn -0 -0.0328 0.9995
vn -0 -0.0328 0.9995
vn -0 0.9645 0.2643
vn -0 0.9645 0.2642
vn -0 -0.0328 0.9995
vn 0.0007 0.9649 0.2626
vn 0.0001 -0.0328 0.9995
vn -0 -0.0328 0.9995
vn -0 0.9646 0.2636
vn -0 0.9646 0.2636
vn -0 -0.0328 0.9995
vn -0 -0.0328 0.9995
vn -0 0.9646 0.2636
vn -0 0.9646 0.2636
vn -0 -0.0328 0.9995
vn -0 -0.0328 0.9995
vn -0 0.9646 0.2636
vn -0 0.0329 -0.9995
vn 0.0007 0.9801 -0.1986
vn -0 0.9799 -0.1997
vn -0.0002 0.0329 -0.9995
vn -0.0002 0.0329 -0.9995
vn -0 0.9799 -0.1997
vn -0 0.9798 -0.1997
vn -0 0.0329 -0.9995
vn -0 0.0329 -0.9995
vn -0 0.9798 -0.1997
vn -0 0.9799 -0.1997
vn -0 0.0329 -0.9995
vt 0.958322 0.29135
vt 0.96106 0.29135
vt 0.96106 0.296007
vt 0.958322 0.296007
vt 0.933317 0.986665
vt 0.936887 0.986665
vt 0.936887 0.992942
vt 0.933317 0.992942
vt 0.958322 0.286791
vt 0.96106 0.286791
vt 0.96106 0.29135
vt 0.958322 0.29135
vt 0.933317 0.992942
vt 0.936887 0.992942
vt 0.936887 0.999023
vt 0.933317 0.999023
vt 0.92685 0.994466
vt 0.929587 0.994466
vt 0.929587 0.999023
vt 0.92685 0.999023
vt 0.472549 0.999023
vt 0.468962 0.999023
vt 0.468962 0.992949
vt 0.472549 0.992949
vt 0.92685 0.989812
vt 0.929587 0.989812
vt 0.929587 0.994466
vt 0.92685 0.994466
vt 0.472549 0.992949
vt 0.468962 0.992949
vt 0.468962 0.986677
vt 0.472549 0.986677
vt 0.951447 0.02646
vt 0.951447 0.03003
vt 0.94517 0.03003
vt 0.94517 0.02646
vt 0.942585 0.624029
vt 0.945324 0.624029
vt 0.945324 0.628686
vt 0.942585 0.628686
vt 0.957528 0.02646
vt 0.957528 0.03003
vt 0.951447 0.03003
vt 0.951447 0.02646
vt 0.942585 0.628686
vt 0.945324 0.628686
vt 0.945324 0.633245
vt 0.942585 0.633245
vt 0.472549 0.064885
vt 0.468962 0.064885
vt 0.468962 0.05881
vt 0.472549 0.05881
vt 0.92685 0.087121
vt 0.929587 0.087121
vt 0.929587 0.091678
vt 0.92685 0.091678
vt 0.472549 0.071156
vt 0.468962 0.071156
vt 0.468962 0.064885
vt 0.472549 0.064885
vt 0.92685 0.091678
vt 0.929587 0.091678
vt 0.929587 0.096332
vt 0.92685 0.096332
vt 0.942585 0.29135
vt 0.945324 0.29135
vt 0.945324 0.296007
vt 0.942585 0.296007
vt 0.607728 0.02646
vt 0.607728 0.03003
vt 0.601507 0.03003
vt 0.601507 0.02646
vt 0.942585 0.28679
vt 0.945324 0.28679
vt 0.945324 0.29135
vt 0.942585 0.29135
vt 0.601507 0.02646
vt 0.601507 0.03003
vt 0.59548 0.03003
vt 0.59548 0.02646
vt 0.911121 0.994466
vt 0.913858 0.994466
vt 0.913858 0.999023
vt 0.911121 0.999023
vt 0.425333 0.999023
vt 0.421783 0.999023
vt 0.421783 0.992999
vt 0.425333 0.992999
vt 0.911121 0.989812
vt 0.913858 0.989812
vt 0.913858 0.994466
vt 0.911121 0.994466
vt 0.425333 0.992999
vt 0.421783 0.992999
vt 0.421783 0.986784
vt 0.425333 0.986784
vt 0.933317 0.643002
vt 0.936887 0.643002
vt 0.936887 0.649224
vt 0.933317 0.649224
vt 0.958322 0.624029
vt 0.96106 0.624029
vt 0.96106 0.628686
vt 0.958322 0.628686
vt 0.933317 0.636975
vt 0.936887 0.636975
vt 0.936887 0.643002
vt 0.933317 0.643002
vt 0.958322 0.628686
vt 0.96106 0.628686
vt 0.96106 0.633245
vt 0.958322 0.633245
vt 0.425333 0.063942
vt 0.421783 0.063942
vt 0.421783 0.057918
vt 0.425333 0.057918
vt 0.911121 0.087116
vt 0.913858 0.087116
vt 0.913858 0.091673
vt 0.911121 0.091673
vt 0.425333 0.070157
vt 0.421783 0.070157
vt 0.421783 0.063942
vt 0.425333 0.063942
vt 0.911121 0.091673
vt 0.913858 0.091673
vt 0.913858 0.096327
vt 0.911121 0.096327
vt 0.361964 0.97387
vt 0.365433 0.97484
vt 0.364554 0.978083
vt 0.361376 0.976298
vt 0.361376 0.976298
vt 0.364554 0.978083
vt 0.362532 0.980779
vt 0.36001 0.978143
vt 0.36001 0.978143
vt 0.362532 0.980779
vt 0.35964 0.98259
vt 0.357994 0.979375
vt 0.357994 0.979375
vt 0.35964 0.98259
vt 0.356253 0.98328
vt 0.355383 0.979822
vt 0.033468 0.963547
vt 0.030659 0.965286
vt 0.03 0.962599
vt 0.032943 0.961207
vt 0.034638 0.96538
vt 0.032228 0.967695
vt 0.030659 0.965286
vt 0.033468 0.963547
vt 0.036326 0.966662
vt 0.034478 0.969431
vt 0.032228 0.967695
vt 0.034638 0.96538
vt 0.038511 0.967293
vt 0.037039 0.970224
vt 0.034478 0.969431
vt 0.036326 0.966662
vt 0.355384 0.057324
vt 0.356254 0.053867
vt 0.359642 0.054557
vt 0.357995 0.057771
vt 0.357995 0.057771
vt 0.359642 0.054557
vt 0.362533 0.056368
vt 0.360011 0.059004
vt 0.360011 0.059004
vt 0.362533 0.056368
vt 0.364556 0.059064
vt 0.361377 0.060849
vt 0.361377 0.060849
vt 0.364556 0.059064
vt 0.365434 0.062307
vt 0.361966 0.063277
vt 0.032943 0.075936
vt 0.030001 0.074544
vt 0.030659 0.071857
vt 0.033469 0.073597
vt 0.033469 0.073597
vt 0.030659 0.071857
vt 0.032229 0.069448
vt 0.034638 0.071764
vt 0.034638 0.071764
vt 0.032229 0.069448
vt 0.034479 0.067712
vt 0.036327 0.070481
vt 0.036327 0.070481
vt 0.034479 0.067712
vt 0.037039 0.06692
vt 0.038512 0.06985
vt 0.917588 0.989812
vt 0.920325 0.989812
vt 0.920325 0.994466
vt 0.917588 0.994466
vt 0.917588 0.994466
vt 0.920325 0.994466
vt 0.920325 0.999023
vt 0.917588 0.999023
vt 0.949053 0.286791
vt 0.951792 0.286791
vt 0.951792 0.29135
vt 0.949053 0.29135
vt 0.949053 0.29135
vt 0.951792 0.29135
vt 0.951792 0.296007
vt 0.949053 0.296007
vt 0.901859 0.091673
vt 0.904596 0.091673
vt 0.904596 0.096327
vt 0.901859 0.096327
vt 0.901859 0.087116
vt 0.904596 0.087116
vt 0.904596 0.091673
vt 0.901859 0.091673
vt 0.949053 0.628686
vt 0.951792 0.628686
vt 0.951792 0.633245
vt 0.949053 0.633245
vt 0.949053 0.624029
vt 0.951792 0.624029
vt 0.951792 0.628686
vt 0.949053 0.628686
vt 0.933317 0.29135
vt 0.936056 0.29135
vt 0.936056 0.296007
vt 0.933317 0.296007
vt 0.933317 0.28679
vt 0.936056 0.28679
vt 0.936056 0.29135
vt 0.933317 0.29135
vt 0.901859 0.994466
vt 0.904596 0.994466
vt 0.904596 0.999023
vt 0.901859 0.999023
vt 0.901859 0.989812
vt 0.904596 0.989812
vt 0.904596 0.994466
vt 0.901859 0.994466
vt 0.917588 0.091678
vt 0.920325 0.091678
vt 0.920325 0.096332
vt 0.917588 0.096332
vt 0.917588 0.087121
vt 0.920325 0.087121
vt 0.920325 0.091678
vt 0.917588 0.091678
vt 0.933317 0.628686
vt 0.936056 0.628686
vt 0.936056 0.633245
vt 0.933317 0.633245
vt 0.933317 0.624029
vt 0.936056 0.624029
vt 0.936056 0.628686
vt 0.933317 0.628686
vt 0.863923 0.993086
vt 0.866699 0.993086
vt 0.866699 0.996087
vt 0.863923 0.996087
vt 0.863923 0.996087
vt 0.866699 0.996087
vt 0.866699 0.999023
vt 0.863923 0.999023
vt 0.96479 0.287643
vt 0.967568 0.287643
vt 0.967568 0.290581
vt 0.96479 0.290581
vt 0.96479 0.290581
vt 0.967568 0.290581
vt 0.967568 0.293585
vt 0.96479 0.293585
vt 0.860194 0.996087
vt 0.857418 0.996087
vt 0.857418 0.993086
vt 0.860194 0.993086
vt 0.860194 0.999023
vt 0.857418 0.999023
vt 0.857418 0.996087
vt 0.860194 0.996087
vt 0.96479 0.630307
vt 0.967568 0.630307
vt 0.967568 0.633245
vt 0.96479 0.633245
vt 0.96479 0.627303
vt 0.967568 0.627303
vt 0.967568 0.630307
vt 0.96479 0.630307
vt 0.860194 0.080182
vt 0.857418 0.080182
vt 0.857418 0.077181
vt 0.860194 0.077181
vt 0.860194 0.077181
vt 0.857418 0.077181
vt 0.857418 0.074245
vt 0.860194 0.074245
vt 0.242134 0.036029
vt 0.242134 0.033251
vt 0.245072 0.033251
vt 0.245072 0.036029
vt 0.245072 0.036029
vt 0.245072 0.033251
vt 0.248076 0.033251
vt 0.248076 0.036029
vt 0.863923 0.077181
vt 0.866699 0.077181
vt 0.866699 0.080182
vt 0.863923 0.080182
vt 0.863923 0.074245
vt 0.866699 0.074245
vt 0.866699 0.077181
vt 0.863923 0.077181
vt 0.584798 0.036029
vt 0.584798 0.033251
vt 0.587736 0.033251
vt 0.587736 0.036029
vt 0.581794 0.036029
vt 0.581794 0.033251
vt 0.584798 0.033251
vt 0.584798 0.036029
vt 0.951792 0.378013
vt 0.949053 0.378013
vt 0.949053 0.296007
vt 0.951792 0.296007
vt 0.901859 0.766441
vt 0.904596 0.766441
vt 0.904596 0.989812
vt 0.901859 0.989812
vt 0.933317 0.542023
vt 0.936056 0.542023
vt 0.936056 0.624029
vt 0.933317 0.624029
vt 0.920325 0.319702
vt 0.917588 0.319702
vt 0.917588 0.096332
vt 0.920325 0.096332
vt 0.498364 0.036029
vt 0.498364 0.033251
vt 0.581794 0.033251
vt 0.581794 0.036029
vt 0.96106 0.378013
vt 0.958322 0.378013
vt 0.958322 0.296007
vt 0.96106 0.296007
vt 0.117729 0.970426
vt 0.116842 0.973488
vt 0.037039 0.970224
vt 0.038511 0.967293
vt 0.936887 0.733584
vt 0.933317 0.733584
vt 0.933317 0.649224
vt 0.936887 0.649224
vt 0.913858 0.319698
vt 0.911121 0.319698
vt 0.911121 0.096327
vt 0.913858 0.096327
vt 0.863923 0.76486
vt 0.866699 0.76486
vt 0.866699 0.993086
vt 0.863923 0.993086
vt 0.361964 0.746222
vt 0.365433 0.746707
vt 0.365433 0.97484
vt 0.361964 0.97387
vt 0.421783 0.757627
vt 0.425333 0.757627
vt 0.425333 0.986784
vt 0.421783 0.986784
vt 0.860194 0.308408
vt 0.857418 0.308408
vt 0.857418 0.080182
vt 0.860194 0.080182
vt 0.929587 0.319702
vt 0.92685 0.319702
vt 0.92685 0.096332
vt 0.929587 0.096332
vt 0.472549 0.300037
vt 0.468962 0.300037
vt 0.468962 0.071156
vt 0.472549 0.071156
vt 0.032943 0.297254
vt 0.030001 0.296558
vt 0.030001 0.074544
vt 0.032943 0.075936
vt 0.945324 0.378012
vt 0.942585 0.378012
vt 0.942585 0.296007
vt 0.945324 0.296007
vt 0.96479 0.543873
vt 0.967568 0.543873
vt 0.967568 0.627303
vt 0.96479 0.627303
vt 0.276166 0.060456
vt 0.276451 0.05713
vt 0.356254 0.053867
vt 0.355384 0.057324
vt 0.860809 0.03003
vt 0.860809 0.02646
vt 0.94517 0.02646
vt 0.94517 0.03003
vt 0.584798 0.033251
vt 0.581794 0.033251
vt 0.581794 0.00179499
vt 0.584798 0.00179499
vt 0.951792 0.628686
vt 0.951792 0.624029
vt 0.958322 0.624029
vt 0.958322 0.628686
vt 0.331506 0.00179499
vt 0.331506 0.033251
vt 0.248076 0.033251
vt 0.248076 0.00179499
vt 0.866699 0.080182
vt 0.866699 0.077181
vt 0.898129 0.077181
vt 0.898129 0.080182
vt 0.904596 0.096327
vt 0.904596 0.091673
vt 0.911121 0.091673
vt 0.911121 0.096327
vt 0.898129 0.308408
vt 0.866699 0.308408
vt 0.866699 0.080182
vt 0.898129 0.080182
vt 0.587736 0.033251
vt 0.584798 0.033251
vt 0.584798 0.00179499
vt 0.587736 0.00179499
vt 0.951792 0.633245
vt 0.951792 0.628686
vt 0.958322 0.628686
vt 0.958322 0.633245
vt 0.866699 0.077181
vt 0.866699 0.074245
vt 0.898129 0.074245
vt 0.898129 0.077181
vt 0.904596 0.091673
vt 0.904596 0.087116
vt 0.911121 0.087116
vt 0.911121 0.091673
vt 0.898129 0.993086
vt 0.898129 0.996087
vt 0.866699 0.996087
vt 0.866699 0.993086
vt 0.904596 0.766441
vt 0.911121 0.766441
vt 0.911121 0.989812
vt 0.904596 0.989812
vt 0.904596 0.994466
vt 0.904596 0.989812
vt 0.911121 0.989812
vt 0.911121 0.994466
vt 0.999023 0.290581
vt 0.999023 0.293585
vt 0.967568 0.293585
vt 0.967568 0.290581
vt 0.936056 0.296007
vt 0.936056 0.29135
vt 0.942585 0.29135
vt 0.942585 0.296007
vt 0.999023 0.377014
vt 0.967568 0.377015
vt 0.967568 0.293585
vt 0.999023 0.293585
vt 0.898129 0.996087
vt 0.898129 0.999023
vt 0.866699 0.999023
vt 0.866699 0.996087
vt 0.904596 0.999023
vt 0.904596 0.994466
vt 0.911121 0.994466
vt 0.911121 0.999023
vt 0.999023 0.287643
vt 0.999023 0.290581
vt 0.967568 0.290581
vt 0.967568 0.287643
vt 0.936056 0.29135
vt 0.936056 0.28679
vt 0.942585 0.28679
vt 0.942585 0.29135
vt 0.92685 0.989812
vt 0.92685 0.994466
vt 0.920325 0.994466
vt 0.920325 0.989812
vt 0.825988 0.080182
vt 0.825988 0.077181
vt 0.857418 0.077181
vt 0.857418 0.080182
vt 0.825988 0.76486
vt 0.857418 0.76486
vt 0.857418 0.993086
vt 0.825988 0.993086
vt 0.245072 0.00179499
vt 0.248076 0.00179499
vt 0.248076 0.033251
vt 0.245072 0.033251
vt 0.958322 0.29135
vt 0.958322 0.296007
vt 0.951792 0.296007
vt 0.951792 0.29135
vt 0.951792 0.542023
vt 0.958321 0.542023
vt 0.958322 0.624029
vt 0.951792 0.624029
vt 0.92685 0.994466
vt 0.92685 0.999023
vt 0.920325 0.999023
vt 0.920325 0.994466
vt 0.825988 0.077181
vt 0.825988 0.074245
vt 0.857418 0.074245
vt 0.857418 0.077181
vt 0.958322 0.286791
vt 0.958322 0.29135
vt 0.951792 0.29135
vt 0.951792 0.286791
vt 0.242134 0.00179499
vt 0.245072 0.00179499
vt 0.245072 0.033251
vt 0.242134 0.033251
vt 0.967568 0.630307
vt 0.967568 0.627303
vt 0.999023 0.627303
vt 0.999023 0.630307
vt 0.936056 0.542023
vt 0.942585 0.542023
vt 0.942585 0.624029
vt 0.936056 0.624029
vt 0.936056 0.628686
vt 0.936056 0.624029
vt 0.942585 0.624029
vt 0.942585 0.628686
vt 0.857418 0.993086
vt 0.857418 0.996087
vt 0.825988 0.996087
vt 0.825988 0.993086
vt 0.920325 0.096332
vt 0.920325 0.091678
vt 0.92685 0.091678
vt 0.92685 0.096332
vt 0.920325 0.766442
vt 0.92685 0.766442
vt 0.92685 0.989812
vt 0.920325 0.989812
vt 0.967568 0.633245
vt 0.967568 0.630307
vt 0.999023 0.630307
vt 0.999023 0.633245
vt 0.936056 0.633245
vt 0.936056 0.628686
vt 0.942585 0.628686
vt 0.942585 0.633245
vt 0.857418 0.996087
vt 0.857418 0.999023
vt 0.825988 0.999023
vt 0.825988 0.996087
vt 0.920325 0.091678
vt 0.920325 0.087121
vt 0.92685 0.087121
vt 0.92685 0.091678
vt 0.378116 0.979149
vt 0.376527 0.985652
vt 0.364554 0.978083
vt 0.365433 0.97484
vt 0.421783 0.063942
vt 0.421783 0.070157
vt 0.381847 0.070157
vt 0.381847 0.063942
vt 0.365433 0.746707
vt 0.378116 0.748861
vt 0.378116 0.979149
vt 0.365433 0.97484
vt 0.3675 0.994795
vt 0.360977 0.996488
vt 0.356253 0.98328
vt 0.35964 0.98259
vt 0.936887 0.649224
vt 0.936887 0.643002
vt 0.976831 0.643002
vt 0.976831 0.649224
vt 0.976831 0.733584
vt 0.936887 0.733584
vt 0.936887 0.649224
vt 0.976831 0.649224
vt 0.376527 0.985652
vt 0.372827 0.991015
vt 0.362532 0.980779
vt 0.364554 0.978083
vt 0.421783 0.057918
vt 0.421783 0.063942
vt 0.381847 0.063942
vt 0.381847 0.057918
vt 0.372827 0.991015
vt 0.3675 0.994795
vt 0.35964 0.98259
vt 0.362532 0.980779
vt 0.936887 0.643002
vt 0.936887 0.636975
vt 0.976831 0.636975
vt 0.976831 0.643002
vt 0.607728 0.069974
vt 0.601507 0.069974
vt 0.601507 0.03003
vt 0.607728 0.03003
vt 0.360978 0.040658
vt 0.367502 0.042351
vt 0.359642 0.054557
vt 0.356254 0.053867
vt 0.276451 0.05713
vt 0.27591 0.040024
vt 0.360978 0.040658
vt 0.356254 0.053867
vt 0.376529 0.051495
vt 0.378117 0.057998
vt 0.365434 0.062307
vt 0.364556 0.059064
vt 0.381847 0.992999
vt 0.381847 0.986784
vt 0.421783 0.986784
vt 0.421783 0.992999
vt 0.381847 0.757627
vt 0.421783 0.757627
vt 0.421783 0.986784
vt 0.381847 0.986784
vt 0.601507 0.069974
vt 0.59548 0.069974
vt 0.59548 0.03003
vt 0.601507 0.03003
vt 0.367502 0.042351
vt 0.372828 0.046132
vt 0.362533 0.056368
vt 0.359642 0.054557
vt 0.381847 0.999023
vt 0.381847 0.992999
vt 0.421783 0.992999
vt 0.421783 0.999023
vt 0.372828 0.046132
vt 0.376529 0.051495
vt 0.364556 0.059064
vt 0.362533 0.056368
vt 0.116842 0.973488
vt 0.105773 0.998388
vt 0.020705 0.999021
vt 0.037039 0.970224
vt 0.976831 0.986665
vt 0.976831 0.992942
vt 0.936887 0.992942
vt 0.936887 0.986665
vt 0.034478 0.969431
vt 0.037039 0.970224
vt 0.020705 0.999021
vt 0.013442 0.996858
vt 0.03 0.962599
vt 0.030659 0.965286
vt 0.003175 0.98664
vt 0.000977 0.979394
vt 0.429063 0.992949
vt 0.429063 0.986677
vt 0.468962 0.986677
vt 0.468962 0.992949
vt 0.030001 0.296558
vt 0.000977 0.288161
vt 0.000977 0.05775
vt 0.030001 0.074544
vt 0.976831 0.992942
vt 0.976831 0.999023
vt 0.936887 0.999023
vt 0.936887 0.992942
vt 0.032228 0.967695
vt 0.034478 0.969431
vt 0.013442 0.996858
vt 0.007474 0.992588
vt 0.429063 0.999023
vt 0.429063 0.992949
vt 0.468962 0.992949
vt 0.468962 0.999023
vt 0.030659 0.965286
vt 0.032228 0.967695
vt 0.007474 0.992588
vt 0.003175 0.98664
vt 0.000977 0.05775
vt 0.003175 0.050504
vt 0.030659 0.071857
vt 0.030001 0.074544
vt 0.429063 0.757797
vt 0.468962 0.757797
vt 0.468962 0.986677
vt 0.429063 0.986677
vt 0.468962 0.064885
vt 0.468962 0.071156
vt 0.429063 0.071156
vt 0.429063 0.064885
vt 0.013442 0.040285
vt 0.020706 0.038122
vt 0.037039 0.06692
vt 0.034479 0.067712
vt 0.94517 0.03003
vt 0.951447 0.03003
vt 0.951447 0.069974
vt 0.94517 0.069974
vt 0.860809 0.069974
vt 0.860809 0.03003
vt 0.94517 0.03003
vt 0.94517 0.069974
vt 0.003175 0.050504
vt 0.007474 0.044556
vt 0.032229 0.069448
vt 0.030659 0.071857
vt 0.468962 0.05881
vt 0.468962 0.064885
vt 0.429063 0.064885
vt 0.429063 0.05881
vt 0.007474 0.044556
vt 0.013442 0.040285
vt 0.034479 0.067712
vt 0.032229 0.069448
vt 0.951447 0.03003
vt 0.957528 0.03003
vt 0.957528 0.069974
vt 0.951447 0.069974
vt 0.360011 0.059004
vt 0.355303 0.063711
vt 0.357995 0.057771
vt 0.820408 0.075554
vt 0.81584 0.080122
vt 0.8184 0.074213
vt 0.820408 0.997173
vt 0.81584 0.992605
vt 0.821749 0.995165
vt 0.81584 0.764484
vt 0.822258 0.764484
vt 0.822258 0.992605
vt 0.81584 0.992605
vt 0.476279 0.308243
vt 0.476279 0.080122
vt 0.482698 0.080122
vt 0.482697 0.308243
vt 0.47813 0.075554
vt 0.482698 0.080122
vt 0.476788 0.077562
vt 0.480137 0.998514
vt 0.482697 0.992605
vt 0.482697 0.999023
vt 0.732554 0.764484
vt 0.81584 0.764484
vt 0.81584 0.992605
vt 0.732554 0.992605
vt 0.732554 0.080122
vt 0.732554 0.073704
vt 0.81584 0.073704
vt 0.81584 0.080122
vt 0.732554 0.992605
vt 0.81584 0.992605
vt 0.81584 0.999023
vt 0.732554 0.999023
vt 0.038818 0.297269
vt 0.032943 0.297254
vt 0.032943 0.075936
vt 0.038818 0.075967
vt 0.034638 0.071764
vt 0.038818 0.075967
vt 0.033469 0.073597
vt 0.355302 0.291142
vt 0.355303 0.063711
vt 0.361966 0.063277
vt 0.361965 0.290925
vt 0.034638 0.96538
vt 0.038818 0.961176
vt 0.036326 0.966662
vt 0.361376 0.976298
vt 0.355301 0.973436
vt 0.361964 0.97387
vt 0.276181 0.292674
vt 0.276181 0.066775
vt 0.355303 0.063711
vt 0.355302 0.291142
vt 0.276181 0.066775
vt 0.276166 0.060456
vt 0.355384 0.057324
vt 0.355303 0.063711
vt 0.117729 0.970426
vt 0.038511 0.967293
vt 0.038818 0.961176
vt 0.117939 0.964241
vt 0.355301 0.973436
vt 0.357994 0.979375
vt 0.355383 0.979822
vt 0.357994 0.979375
vt 0.355301 0.973436
vt 0.36001 0.978143
vt 0.36001 0.978143
vt 0.355301 0.973436
vt 0.361376 0.976298
vt 0.036326 0.966662
vt 0.038818 0.961176
vt 0.038511 0.967293
vt 0.038818 0.961176
vt 0.033468 0.963547
vt 0.032943 0.961207
vt 0.033468 0.963547
vt 0.038818 0.961176
vt 0.034638 0.96538
vt 0.355384 0.057324
vt 0.357995 0.057771
vt 0.355303 0.063711
vt 0.355303 0.063711
vt 0.361377 0.060849
vt 0.361966 0.063277
vt 0.360011 0.059004
vt 0.361377 0.060849
vt 0.355303 0.063711
vt 0.033469 0.073597
vt 0.038818 0.075967
vt 0.032943 0.075936
vt 0.038818 0.075967
vt 0.036327 0.070481
vt 0.038512 0.06985
vt 0.036327 0.070481
vt 0.038818 0.075967
vt 0.034638 0.071764
vt 0.81584 0.073704
vt 0.8184 0.074213
vt 0.81584 0.080122
vt 0.81584 0.080122
vt 0.821749 0.077562
vt 0.822258 0.080122
vt 0.820408 0.075554
vt 0.821749 0.077562
vt 0.81584 0.080122
vt 0.476788 0.077562
vt 0.482698 0.080122
vt 0.476279 0.080122
vt 0.482698 0.080122
vt 0.480137 0.074213
vt 0.482698 0.073704
vt 0.480137 0.074213
vt 0.482698 0.080122
vt 0.47813 0.075554
vt 0.822258 0.992605
vt 0.821749 0.995165
vt 0.81584 0.992605
vt 0.81584 0.992605
vt 0.8184 0.998514
vt 0.81584 0.999023
vt 0.820408 0.997173
vt 0.8184 0.998514
vt 0.81584 0.992605
vt 0.482697 0.992605
vt 0.476788 0.995165
vt 0.476279 0.992605
vt 0.476788 0.995165
vt 0.482697 0.992605
vt 0.47813 0.997173
vt 0.47813 0.997173
vt 0.482697 0.992605
vt 0.480137 0.998514
vt 0.355383 0.979822
vt 0.276165 0.97669
vt 0.27618 0.970371
vt 0.355301 0.973436
vt 0.276165 0.97669
vt 0.196947 0.973558
vt 0.197059 0.967306
vt 0.27618 0.970371
vt 0.196947 0.973558
vt 0.117729 0.970426
vt 0.117939 0.964241
vt 0.197059 0.967306
vt 0.038818 0.075967
vt 0.038512 0.06985
vt 0.11773 0.066718
vt 0.117939 0.072903
vt 0.117939 0.072903
vt 0.11773 0.066718
vt 0.196948 0.063587
vt 0.19706 0.069839
vt 0.19706 0.069839
vt 0.196948 0.063587
vt 0.276166 0.060456
vt 0.276181 0.066775
vt 0.038818 0.297269
vt 0.038818 0.075967
vt 0.117939 0.072903
vt 0.117939 0.295738
vt 0.117939 0.295738
vt 0.117939 0.072903
vt 0.19706 0.069839
vt 0.19706 0.294206
vt 0.19706 0.294206
vt 0.19706 0.069839
vt 0.276181 0.066775
vt 0.276181 0.292674
vt 0.482697 0.992605
vt 0.565983 0.992605
vt 0.565983 0.999023
vt 0.482697 0.999023
vt 0.565983 0.992605
vt 0.649269 0.992605
vt 0.649269 0.999023
vt 0.565983 0.999023
vt 0.649269 0.992605
vt 0.732554 0.992605
vt 0.732554 0.999023
vt 0.649269 0.999023
vt 0.482698 0.080122
vt 0.482698 0.073704
vt 0.565983 0.073704
vt 0.565983 0.080122
vt 0.565983 0.080122
vt 0.565983 0.073704
vt 0.649269 0.073704
vt 0.649269 0.080122
vt 0.649269 0.080122
vt 0.649269 0.073704
vt 0.732554 0.073704
vt 0.732554 0.080122
vt 0.482697 0.764484
vt 0.565983 0.764484
vt 0.565983 0.992605
vt 0.482697 0.992605
vt 0.565983 0.764484
vt 0.649269 0.764484
vt 0.649269 0.992605
vt 0.565983 0.992605
vt 0.649269 0.764484
vt 0.732554 0.764484
vt 0.732554 0.992605
vt 0.649269 0.992605
vt 0.607728 0.069974
vt 0.607728 0.03003
vt 0.692089 0.03003
vt 0.692089 0.069974
vt 0.692089 0.069974
vt 0.692089 0.03003
vt 0.776449 0.03003
vt 0.776449 0.069974
vt 0.776449 0.069974
vt 0.776449 0.03003
vt 0.860809 0.03003
vt 0.860809 0.069974
vt 0.356253 0.98328
vt 0.360977 0.996488
vt 0.275909 0.997122
vt 0.276449 0.980016
vt 0.276449 0.980016
vt 0.275909 0.997122
vt 0.190841 0.997755
vt 0.196646 0.976752
vt 0.196646 0.976752
vt 0.190841 0.997755
vt 0.105773 0.998388
vt 0.116842 0.973488
vt 0.037039 0.06692
vt 0.020706 0.038122
vt 0.105774 0.038756
vt 0.116843 0.063656
vt 0.116843 0.063656
vt 0.105774 0.038756
vt 0.190842 0.03939
vt 0.196647 0.060393
vt 0.196647 0.060393
vt 0.190842 0.03939
vt 0.27591 0.040024
vt 0.276451 0.05713
vt 0.976831 0.986665
vt 0.936887 0.986665
vt 0.936887 0.902304
vt 0.976831 0.902304
vt 0.976831 0.902304
vt 0.936887 0.902304
vt 0.936887 0.817944
vt 0.976831 0.817944
vt 0.976831 0.817944
vt 0.936887 0.817944
vt 0.936887 0.733584
vt 0.976831 0.733584
vt 0.936056 0.296007
vt 0.942585 0.296007
vt 0.942585 0.378012
vt 0.936056 0.378012
vt 0.936056 0.378012
vt 0.942585 0.378012
vt 0.942585 0.460018
vt 0.936056 0.460018
vt 0.936056 0.460018
vt 0.942585 0.460018
vt 0.942585 0.542023
vt 0.936056 0.542023
vt 0.951792 0.296007
vt 0.958322 0.296007
vt 0.958322 0.378013
vt 0.951792 0.378013
vt 0.951792 0.378013
vt 0.958322 0.378013
vt 0.958321 0.460018
vt 0.951792 0.460018
vt 0.951792 0.460018
vt 0.958321 0.460018
vt 0.958321 0.542023
vt 0.951792 0.542023
vt 0.999023 0.627303
vt 0.967568 0.627303
vt 0.967568 0.543873
vt 0.999023 0.543873
vt 0.999023 0.543873
vt 0.967568 0.543873
vt 0.967568 0.460444
vt 0.999023 0.460444
vt 0.999023 0.460444
vt 0.967568 0.460444
vt 0.967568 0.377015
vt 0.999023 0.377014
vt 0.581794 0.00179499
vt 0.581794 0.033251
vt 0.498364 0.033251
vt 0.498364 0.00179499
vt 0.498364 0.00179499
vt 0.498364 0.033251
vt 0.414935 0.033251
vt 0.414935 0.00179499
vt 0.414935 0.00179499
vt 0.414935 0.033251
vt 0.331506 0.033251
vt 0.331506 0.00179499
vt 0.607728 0.03003
vt 0.607728 0.02646
vt 0.692089 0.02646
vt 0.692089 0.03003
vt 0.692089 0.03003
vt 0.692089 0.02646
vt 0.776449 0.02646
vt 0.776449 0.03003
vt 0.776449 0.03003
vt 0.776449 0.02646
vt 0.860809 0.02646
vt 0.860809 0.03003
vt 0.038512 0.06985
vt 0.037039 0.06692
vt 0.116843 0.063656
vt 0.11773 0.066718
vt 0.11773 0.066718
vt 0.116843 0.063656
vt 0.196647 0.060393
vt 0.196948 0.063587
vt 0.196948 0.063587
vt 0.196647 0.060393
vt 0.276451 0.05713
vt 0.276166 0.060456
vt 0.96479 0.293585
vt 0.967568 0.293585
vt 0.967568 0.377015
vt 0.96479 0.377014
vt 0.96479 0.377014
vt 0.967568 0.377015
vt 0.967568 0.460444
vt 0.96479 0.460444
vt 0.96479 0.460444
vt 0.967568 0.460444
vt 0.967568 0.543873
vt 0.96479 0.543873
vt 0.945324 0.624029
vt 0.942585 0.624029
vt 0.942585 0.542023
vt 0.945324 0.542023
vt 0.945324 0.542023
vt 0.942585 0.542023
vt 0.942585 0.460018
vt 0.945324 0.460018
vt 0.945324 0.460018
vt 0.942585 0.460018
vt 0.942585 0.378012
vt 0.945324 0.378012
vt 0.936887 0.986665
vt 0.933317 0.986665
vt 0.933317 0.902304
vt 0.936887 0.902304
vt 0.936887 0.902304
vt 0.933317 0.902304
vt 0.933317 0.817944
vt 0.936887 0.817944
vt 0.936887 0.817944
vt 0.933317 0.817944
vt 0.933317 0.733584
vt 0.936887 0.733584
vt 0.355383 0.979822
vt 0.356253 0.98328
vt 0.276449 0.980016
vt 0.276165 0.97669
vt 0.276165 0.97669
vt 0.276449 0.980016
vt 0.196646 0.976752
vt 0.196947 0.973558
vt 0.196947 0.973558
vt 0.196646 0.976752
vt 0.116842 0.973488
vt 0.117729 0.970426
vt 0.96106 0.624029
vt 0.958322 0.624029
vt 0.958321 0.542023
vt 0.96106 0.542023
vt 0.96106 0.542023
vt 0.958321 0.542023
vt 0.958321 0.460018
vt 0.96106 0.460018
vt 0.96106 0.460018
vt 0.958321 0.460018
vt 0.958322 0.378013
vt 0.96106 0.378013
vt 0.248076 0.036029
vt 0.248076 0.033251
vt 0.331506 0.033251
vt 0.331506 0.036029
vt 0.331506 0.036029
vt 0.331506 0.033251
vt 0.414935 0.033251
vt 0.414935 0.036029
vt 0.414935 0.036029
vt 0.414935 0.033251
vt 0.498364 0.033251
vt 0.498364 0.036029
vt 0.933317 0.296007
vt 0.936056 0.296007
vt 0.936056 0.378012
vt 0.933317 0.378012
vt 0.933317 0.378012
vt 0.936056 0.378012
vt 0.936056 0.460018
vt 0.933317 0.460018
vt 0.933317 0.460018
vt 0.936056 0.460018
vt 0.936056 0.542023
vt 0.933317 0.542023
vt 0.951792 0.624029
vt 0.949053 0.624029
vt 0.949053 0.542023
vt 0.951792 0.542023
vt 0.951792 0.542023
vt 0.949053 0.542023
vt 0.949053 0.460018
vt 0.951792 0.460018
vt 0.951792 0.460018
vt 0.949053 0.460018
vt 0.949053 0.378013
vt 0.951792 0.378013
vt 0.649269 0.080122
vt 0.732554 0.080122
vt 0.732554 0.308243
vt 0.649269 0.308243
vt 0.649269 0.308243
vt 0.732554 0.308243
vt 0.732554 0.536364
vt 0.649269 0.536364
vt 0.649269 0.536364
vt 0.732554 0.536364
vt 0.732554 0.764484
vt 0.649269 0.764484
vt 0.565983 0.080122
vt 0.649269 0.080122
vt 0.649269 0.308243
vt 0.565983 0.308243
vt 0.565983 0.308243
vt 0.649269 0.308243
vt 0.649269 0.536364
vt 0.565983 0.536364
vt 0.565983 0.536364
vt 0.649269 0.536364
vt 0.649269 0.764484
vt 0.565983 0.764484
vt 0.482698 0.080122
vt 0.565983 0.080122
vt 0.565983 0.308243
vt 0.482697 0.308243
vt 0.482697 0.308243
vt 0.565983 0.308243
vt 0.565983 0.536364
vt 0.482697 0.536363
vt 0.482697 0.536363
vt 0.565983 0.536364
vt 0.565983 0.764484
vt 0.482697 0.764484
vt 0.197059 0.967306
vt 0.19706 0.742939
vt 0.276181 0.744472
vt 0.27618 0.970371
vt 0.19706 0.742939
vt 0.19706 0.518573
vt 0.276181 0.518573
vt 0.276181 0.744472
vt 0.19706 0.518573
vt 0.19706 0.294206
vt 0.276181 0.292674
vt 0.276181 0.518573
vt 0.117939 0.964241
vt 0.117939 0.741406
vt 0.19706 0.742939
vt 0.197059 0.967306
vt 0.117939 0.741406
vt 0.117939 0.518572
vt 0.19706 0.518573
vt 0.19706 0.742939
vt 0.117939 0.518572
vt 0.117939 0.295738
vt 0.19706 0.294206
vt 0.19706 0.518573
vt 0.038818 0.961176
vt 0.038818 0.739874
vt 0.117939 0.741406
vt 0.117939 0.964241
vt 0.038818 0.739874
vt 0.038818 0.518572
vt 0.117939 0.518572
vt 0.117939 0.741406
vt 0.038818 0.518572
vt 0.038818 0.297269
vt 0.117939 0.295738
vt 0.117939 0.518572
vt 0.27618 0.970371
vt 0.276181 0.744472
vt 0.355301 0.746005
vt 0.355301 0.973436
vt 0.276181 0.744472
vt 0.276181 0.518573
vt 0.355302 0.518573
vt 0.355301 0.746005
vt 0.276181 0.518573
vt 0.276181 0.292674
vt 0.355302 0.291142
vt 0.355302 0.518573
vt 0.355301 0.973436
vt 0.355301 0.746005
vt 0.361964 0.746222
vt 0.361964 0.97387
vt 0.355301 0.746005
vt 0.355302 0.518573
vt 0.361965 0.518573
vt 0.361964 0.746222
vt 0.355302 0.518573
vt 0.355302 0.291142
vt 0.361965 0.290925
vt 0.361965 0.518573
vt 0.038818 0.961176
vt 0.032943 0.961207
vt 0.032943 0.739889
vt 0.038818 0.739874
vt 0.038818 0.739874
vt 0.032943 0.739889
vt 0.032943 0.518572
vt 0.038818 0.518572
vt 0.038818 0.518572
vt 0.032943 0.518572
vt 0.032943 0.297254
vt 0.038818 0.297269
vt 0.732554 0.080122
vt 0.81584 0.080122
vt 0.81584 0.308243
vt 0.732554 0.308243
vt 0.732554 0.308243
vt 0.81584 0.308243
vt 0.81584 0.536364
vt 0.732554 0.536364
vt 0.732554 0.536364
vt 0.81584 0.536364
vt 0.81584 0.764484
vt 0.732554 0.764484
vt 0.476279 0.992605
vt 0.476279 0.764484
vt 0.482697 0.764484
vt 0.482697 0.992605
vt 0.476279 0.764484
vt 0.476279 0.536363
vt 0.482697 0.536363
vt 0.482697 0.764484
vt 0.476279 0.536363
vt 0.476279 0.308243
vt 0.482697 0.308243
vt 0.482697 0.536363
vt 0.81584 0.080122
vt 0.822258 0.080122
vt 0.822258 0.308243
vt 0.81584 0.308243
vt 0.81584 0.308243
vt 0.822258 0.308243
vt 0.822258 0.536364
vt 0.81584 0.536364
vt 0.81584 0.536364
vt 0.822258 0.536364
vt 0.822258 0.764484
vt 0.81584 0.764484
vt 0.429063 0.071156
vt 0.468962 0.071156
vt 0.468962 0.300037
vt 0.429063 0.300037
vt 0.429063 0.300037
vt 0.468962 0.300037
vt 0.468962 0.528917
vt 0.429063 0.528917
vt 0.429063 0.528917
vt 0.468962 0.528917
vt 0.468962 0.757797
vt 0.429063 0.757797
vt 0.03 0.962599
vt 0.000977 0.979394
vt 0.000977 0.748983
vt 0.03 0.740586
vt 0.03 0.740586
vt 0.000977 0.748983
vt 0.000977 0.518572
vt 0.030001 0.518572
vt 0.030001 0.518572
vt 0.000977 0.518572
vt 0.000977 0.288161
vt 0.030001 0.296558
vt 0.381847 0.070157
vt 0.421783 0.070157
vt 0.421783 0.299314
vt 0.381847 0.299314
vt 0.381847 0.299314
vt 0.421783 0.299314
vt 0.421783 0.528471
vt 0.381847 0.528471
vt 0.381847 0.528471
vt 0.421783 0.528471
vt 0.421783 0.757627
vt 0.381847 0.757627
vt 0.365434 0.062307
vt 0.378117 0.057998
vt 0.378117 0.288286
vt 0.365434 0.29044
vt 0.365434 0.29044
vt 0.378117 0.288286
vt 0.378117 0.518574
vt 0.365434 0.518573
vt 0.365434 0.518573
vt 0.378117 0.518574
vt 0.378116 0.748861
vt 0.365433 0.746707
vt 0.920325 0.096332
vt 0.92685 0.096332
vt 0.92685 0.319702
vt 0.920325 0.319702
vt 0.920325 0.319702
vt 0.92685 0.319702
vt 0.92685 0.543072
vt 0.920325 0.543072
vt 0.920325 0.543072
vt 0.92685 0.543072
vt 0.92685 0.766442
vt 0.920325 0.766442
vt 0.825988 0.080182
vt 0.857418 0.080182
vt 0.857418 0.308408
vt 0.825988 0.308408
vt 0.825988 0.308408
vt 0.857418 0.308408
vt 0.857418 0.536634
vt 0.825988 0.536634
vt 0.825988 0.536634
vt 0.857418 0.536634
vt 0.857418 0.76486
vt 0.825988 0.76486
vt 0.904596 0.096327
vt 0.911121 0.096327
vt 0.911121 0.319698
vt 0.904596 0.319698
vt 0.904596 0.319698
vt 0.911121 0.319698
vt 0.911121 0.54307
vt 0.904596 0.54307
vt 0.904596 0.54307
vt 0.911121 0.54307
vt 0.911121 0.766441
vt 0.904596 0.766441
vt 0.898129 0.993086
vt 0.866699 0.993086
vt 0.866699 0.76486
vt 0.898129 0.76486
vt 0.898129 0.76486
vt 0.866699 0.76486
vt 0.866699 0.536634
vt 0.898129 0.536634
vt 0.898129 0.536634
vt 0.866699 0.536634
vt 0.866699 0.308408
vt 0.898129 0.308408
vt 0.032943 0.961207
vt 0.03 0.962599
vt 0.03 0.740586
vt 0.032943 0.739889
vt 0.032943 0.739889
vt 0.03 0.740586
vt 0.030001 0.518572
vt 0.032943 0.518572
vt 0.032943 0.518572
vt 0.030001 0.518572
vt 0.030001 0.296558
vt 0.032943 0.297254
vt 0.472549 0.986677
vt 0.468962 0.986677
vt 0.468962 0.757797
vt 0.472549 0.757797
vt 0.472549 0.757797
vt 0.468962 0.757797
vt 0.468962 0.528917
vt 0.472549 0.528917
vt 0.472549 0.528917
vt 0.468962 0.528917
vt 0.468962 0.300037
vt 0.472549 0.300037
vt 0.929587 0.989812
vt 0.92685 0.989812
vt 0.92685 0.766442
vt 0.929587 0.766442
vt 0.929587 0.766442
vt 0.92685 0.766442
vt 0.92685 0.543072
vt 0.929587 0.543072
vt 0.929587 0.543072
vt 0.92685 0.543072
vt 0.92685 0.319702
vt 0.929587 0.319702
vt 0.860194 0.993086
vt 0.857418 0.993086
vt 0.857418 0.76486
vt 0.860194 0.76486
vt 0.860194 0.76486
vt 0.857418 0.76486
vt 0.857418 0.536634
vt 0.860194 0.536634
vt 0.860194 0.536634
vt 0.857418 0.536634
vt 0.857418 0.308408
vt 0.860194 0.308408
vt 0.421783 0.070157
vt 0.425333 0.070157
vt 0.425333 0.299314
vt 0.421783 0.299314
vt 0.421783 0.299314
vt 0.425333 0.299314
vt 0.425333 0.528471
vt 0.421783 0.528471
vt 0.421783 0.528471
vt 0.425333 0.528471
vt 0.425333 0.757627
vt 0.421783 0.757627
vt 0.361966 0.063277
vt 0.365434 0.062307
vt 0.365434 0.29044
vt 0.361965 0.290925
vt 0.361965 0.290925
vt 0.365434 0.29044
vt 0.365434 0.518573
vt 0.361965 0.518573
vt 0.361965 0.518573
vt 0.365434 0.518573
vt 0.365433 0.746707
vt 0.361964 0.746222
vt 0.863923 0.080182
vt 0.866699 0.080182
vt 0.866699 0.308408
vt 0.863923 0.308408
vt 0.863923 0.308408
vt 0.866699 0.308408
vt 0.866699 0.536634
vt 0.863923 0.536634
vt 0.863923 0.536634
vt 0.866699 0.536634
vt 0.866699 0.76486
vt 0.863923 0.76486
vt 0.913858 0.989812
vt 0.911121 0.989812
vt 0.911121 0.766441
vt 0.913858 0.766441
vt 0.913858 0.766441
vt 0.911121 0.766441
vt 0.911121 0.54307
vt 0.913858 0.54307
vt 0.913858 0.54307
vt 0.911121 0.54307
vt 0.911121 0.319698
vt 0.913858 0.319698
vt 0.920325 0.989812
vt 0.917588 0.989812
vt 0.917588 0.766442
vt 0.920325 0.766442
vt 0.920325 0.766442
vt 0.917588 0.766442
vt 0.917588 0.543072
vt 0.920325 0.543072
vt 0.920325 0.543072
vt 0.917588 0.543072
vt 0.917588 0.319702
vt 0.920325 0.319702
vt 0.901859 0.096327
vt 0.904596 0.096327
vt 0.904596 0.319698
vt 0.901859 0.319698
vt 0.901859 0.319698
vt 0.904596 0.319698
vt 0.904596 0.54307
vt 0.901859 0.54307
vt 0.901859 0.54307
vt 0.904596 0.54307
vt 0.904596 0.766441
vt 0.901859 0.766441
s off
f 1/1/1 2/2/2 3/3/3
f 1/1/1 3/3/3 4/4/4
f 5/5/5 6/6/6 7/7/7
f 5/5/5 7/7/7 8/8/8
f 9/9/9 10/10/10 11/11/11
f 9/9/9 11/11/11 12/12/12
f 13/13/13 14/14/14 15/15/15
f 13/13/13 15/15/15 16/16/16
f 17/17/17 18/18/18 19/19/19
f 17/17/17 19/19/19 20/20/20
f 21/21/21 22/22/22 23/23/23
f 21/21/21 23/23/23 24/24/24
f 25/25/25 26/26/26 27/27/27
f 25/25/25 27/27/27 28/28/28
f 29/29/29 30/30/30 31/31/31
f 29/29/29 31/31/31 32/32/32
f 33/33/33 34/34/34 35/35/35
f 33/33/33 35/35/35 36/36/36
f 37/37/37 38/38/38 39/39/39
f 37/37/37 39/39/39 40/40/40
f 41/41/41 42/42/42 43/43/43
f 41/41/41 43/43/43 44/44/44
f 45/45/45 46/46/46 47/47/47
f 45/45/45 47/47/47 48/48/48
f 49/49/49 50/50/50 51/51/51
f 49/49/49 51/51/51 52/52/52
f 53/53/53 54/54/54 55/55/55
f 53/53/53 55/55/55 56/56/56
f 57/57/57 58/58/58 59/59/59
f 57/57/57 59/59/59 60/60/60
f 61/61/61 62/62/62 63/63/63
f 61/61/61 63/63/63 64/64/64
f 65/65/65 66/66/66 67/67/67
f 65/65/65 67/67/67 68/68/68
f 69/69/69 70/70/70 71/71/71
f 69/69/69 71/71/71 72/72/72
f 73/73/73 74/74/74 75/75/75
f 73/73/73 75/75/75 76/76/76
f 77/77/77 78/78/78 79/79/79
f 77/77/77 79/79/79 80/80/80
f 81/81/81 82/82/82 83/83/83
f 81/81/81 83/83/83 84/84/84
f 85/85/85 86/86/86 87/87/87
f 85/85/85 87/87/87 88/88/88
f 89/89/89 90/90/90 91/91/91
f 89/89/89 91/91/91 92/92/92
f 93/93/93 94/94/94 95/95/95
f 93/93/93 95/95/95 96/96/96
f 97/97/97 98/98/98 99/99/99
f 97/97/97 99/99/99 100/100/100
f 101/101/101 102/102/102 103/103/103
f 101/101/101 103/103/103 104/104/104
f 105/105/105 106/106/106 107/107/107
f 105/105/105 107/107/107 108/108/108
f 109/109/109 110/110/110 111/111/111
f 109/109/109 111/111/111 112/112/112
f 113/113/113 114/114/114 115/115/115
f 113/113/113 115/115/115 116/116/116
f 117/117/117 118/118/118 119/119/119
f 117/117/117 119/119/119 120/120/120
f 121/121/121 122/122/122 123/123/123
f 121/121/121 123/123/123 124/124/124
f 125/125/125 126/126/126 127/127/127
f 125/125/125 127/127/127 128/128/128
f 129/129/129 130/130/130 131/131/131
f 129/129/129 131/131/131 132/132/132
f 133/133/133 134/134/134 135/135/135
f 133/133/133 135/135/135 136/136/136
f 137/137/137 138/138/138 139/139/139
f 137/137/137 139/139/139 140/140/140
f 141/141/141 142/142/142 143/143/143
f 141/141/141 143/143/143 144/144/144
f 145/145/145 146/146/146 147/147/147
f 145/145/145 147/147/147 148/148/148
f 149/149/149 150/150/150 151/151/151
f 149/149/149 151/151/151 152/152/152
f 153/153/153 154/154/154 155/155/155
f 153/153/153 155/155/155 156/156/156
f 157/157/157 158/158/158 159/159/159
f 157/157/157 159/159/159 160/160/160
f 161/161/161 162/162/162 163/163/163
f 161/161/161 163/163/163 164/164/164
f 165/165/165 166/166/166 167/167/167
f 165/165/165 167/167/167 168/168/168
f 169/169/169 170/170/170 171/171/171
f 169/169/169 171/171/171 172/172/172
f 173/173/173 174/174/174 175/175/175
f 173/173/173 175/175/175 176/176/176
f 177/177/177 178/178/178 179/179/179
f 177/177/177 179/179/179 180/180/180
f 181/181/181 182/182/182 183/183/183
f 181/181/181 183/183/183 184/184/184
f 185/185/185 186/186/186 187/187/187
f 185/185/185 187/187/187 188/188/188
f 189/189/189 190/190/190 191/191/191
f 189/189/189 191/191/191 192/192/192
f 193/193/193 194/194/194 195/195/195
f 193/193/193 195/195/195 196/196/196
f 197/197/197 198/198/198 199/199/199
f 197/197/197 199/199/199 200/200/200
f 201/201/201 202/202/202 203/203/203
f 201/201/201 203/203/203 204/204/204
f 205/205/205 206/206/206 207/207/207
f 205/205/205 207/207/207 208/208/208
f 209/209/209 210/210/210 211/211/211
f 209/209/209 211/211/211 212/212/212
f 213/213/213 214/214/214 215/215/215
f 213/213/213 215/215/215 216/216/216
f 217/217/217 218/218/218 219/219/219
f 217/217/217 219/219/219 220/220/220
f 221/221/221 222/222/222 223/223/223
f 221/221/221 223/223/223 224/224/224
f 225/225/225 226/226/226 227/227/227
f 225/225/225 227/227/227 228/228/228
f 229/229/229 230/230/230 231/231/231
f 229/229/229 231/231/231 232/232/232
f 233/233/233 234/234/234 235/235/235
f 233/233/233 235/235/235 236/236/236
f 237/237/237 238/238/238 239/239/239
f 237/237/237 239/239/239 240/240/240
f 241/241/241 242/242/242 243/243/243
f 241/241/241 243/243/243 244/244/244
f 245/245/245 246/246/246 247/247/247
f 245/245/245 247/247/247 248/248/248
f 249/249/249 250/250/250 251/251/251
f 249/249/249 251/251/251 252/252/252
f 253/253/253 254/254/254 255/255/255
f 253/253/253 255/255/255 256/256/256
f 257/257/257 258/258/258 259/259/259
f 257/257/257 259/259/259 260/260/260
f 261/261/261 262/262/262 263/263/263
f 261/261/261 263/263/263 264/264/264
f 265/265/265 266/266/266 267/267/267
f 265/265/265 267/267/267 268/268/268
f 269/269/269 270/270/270 271/271/271
f 269/269/269 271/271/271 272/272/272
f 273/273/273 274/274/274 275/275/275
f 273/273/273 275/275/275 276/276/276
f 277/277/277 278/278/278 279/279/279
f 277/277/277 279/279/279 280/280/280
f 281/281/281 282/282/282 283/283/283
f 281/281/281 283/283/283 284/284/284
f 285/285/285 286/286/286 287/287/287
f 285/285/285 287/287/287 288/288/288
f 289/289/289 290/290/290 291/291/291
f 289/289/289 291/291/291 292/292/292
f 293/293/293 294/294/294 295/295/295
f 293/293/293 295/295/295 296/296/296
f 297/297/297 298/298/298 299/299/299
f 297/297/297 299/299/299 300/300/300
f 301/301/301 302/302/302 303/303/303
f 301/301/301 303/303/303 304/304/304
f 305/305/305 306/306/306 307/307/307
f 305/305/305 307/307/307 308/308/308
f 309/309/309 310/310/310 311/311/311
f 309/309/309 311/311/311 312/312/312
f 313/313/313 314/314/314 315/315/315
f 313/313/313 315/315/315 316/316/316
f 317/317/317 318/318/318 319/319/319
f 317/317/317 319/319/319 320/320/320
f 321/321/321 322/322/322 323/323/323
f 321/321/321 323/323/323 324/324/324
f 325/325/325 326/326/326 327/327/327
f 325/325/325 327/327/327 328/328/328
f 329/329/329 330/330/330 331/331/331
f 329/329/329 331/331/331 332/332/332
f 333/333/333 334/334/334 335/335/335
f 333/333/333 335/335/335 336/336/336
f 337/337/337 338/338/338 339/339/339
f 337/337/337 339/339/339 340/340/340
f 341/341/341 342/342/342 343/343/343
f 341/341/341 343/343/343 344/344/344
f 345/345/345 346/346/346 347/347/347
f 345/345/345 347/347/347 348/348/348
f 349/349/349 350/350/350 351/351/351
f 349/349/349 351/351/351 352/352/352
f 353/353/353 354/354/354 355/355/355
f 353/353/353 355/355/355 356/356/356
f 357/357/357 358/358/358 359/359/359
f 357/357/357 359/359/359 360/360/360
f 361/361/361 362/362/362 363/363/363
f 361/361/361 363/363/363 364/364/364
f 365/365/365 366/366/366 367/367/367
f 365/365/365 367/367/367 368/368/368
f 369/369/369 370/370/370 371/371/371
f 369/369/369 371/371/371 372/372/372
f 373/373/373 374/374/374 375/375/375
f 373/373/373 375/375/375 376/376/376
f 377/377/377 378/378/378 379/379/379
f 377/377/377 379/379/379 380/380/380
f 381/381/381 382/382/382 383/383/383
f 381/381/381 383/383/383 384/384/384
f 385/385/385 386/386/386 387/387/387
f 385/385/385 387/387/387 388/388/388
f 389/389/389 390/390/390 391/391/391
f 389/389/389 391/391/391 392/392/392
f 393/393/393 394/394/394 395/395/395
f 393/393/393 395/395/395 396/396/396
f 397/397/397 398/398/398 399/399/399
f 397/397/397 399/399/399 400/400/400
f 401/401/401 402/402/402 403/403/403
f 401/401/401 403/403/403 404/404/404
f 405/405/405 406/406/406 407/407/407
f 405/405/405 407/407/407 408/408/408
f 409/409/409 410/410/410 411/411/411
f 409/409/409 411/411/411 412/412/412
f 413/413/413 414/414/414 415/415/415
f 413/413/413 415/415/415 416/416/416
f 417/417/417 418/418/418 419/419/419
f 417/417/417 419/419/419 420/420/420
f 421/421/421 422/422/422 423/423/423
f 421/421/421 423/423/423 424/424/424
f 425/425/425 426/426/426 427/427/427
f 425/425/425 427/427/427 428/428/428
f 429/429/429 430/430/430 431/431/431
f 429/429/429 431/431/431 432/432/432
f 433/433/433 434/434/434 435/435/435
f 433/433/433 435/435/435 436/436/436
f 437/437/437 438/438/438 439/439/439
f 437/437/437 439/439/439 440/440/440
f 441/441/441 442/442/442 443/443/443
f 441/441/441 443/443/443 444/444/444
f 445/445/445 446/446/446 447/447/447
f 445/445/445 447/447/447 448/448/448
f 449/449/449 450/450/450 451/451/451
f 449/449/449 451/451/451 452/452/452
f 453/453/453 454/454/454 455/455/455
f 453/453/453 455/455/455 456/456/456
f 457/457/457 458/458/458 459/459/459
f 457/457/457 459/459/459 460/460/460
f 461/461/461 462/462/462 463/463/463
f 461/461/461 463/463/463 464/464/464
f 465/465/465 466/466/466 467/467/467
f 465/465/465 467/467/467 468/468/468
f 469/469/469 470/470/470 471/471/471
f 469/469/469 471/471/471 472/472/472
f 473/473/473 474/474/474 475/475/475
f 473/473/473 475/475/475 476/476/476
f 477/477/477 478/478/478 479/479/479
f 477/477/477 479/479/479 480/480/480
f 481/481/481 482/482/482 483/483/483
f 481/481/481 483/483/483 484/484/484
f 485/485/485 486/486/486 487/487/487
f 485/485/485 487/487/487 488/488/488
f 489/489/489 490/490/490 491/491/491
f 489/489/489 491/491/491 492/492/492
f 493/493/493 494/494/494 495/495/495
f 493/493/493 495/495/495 496/496/496
f 497/497/497 498/498/498 499/499/499
f 497/497/497 499/499/499 500/500/500
f 501/501/501 502/502/502 503/503/503
f 501/501/501 503/503/503 504/504/504
f 505/505/505 506/506/506 507/507/507
f 505/505/505 507/507/507 508/508/508
f 509/509/509 510/510/510 511/511/511
f 509/509/509 511/511/511 512/512/512
f 513/513/513 514/514/514 515/515/515
f 513/513/513 515/515/515 516/516/516
f 517/517/517 518/518/518 519/519/519
f 517/517/517 519/519/519 520/520/520
f 521/521/521 522/522/522 523/523/523
f 521/521/521 523/523/523 524/524/524
f 525/525/525 526/526/526 527/527/527
f 525/525/525 527/527/527 528/528/528
f 529/529/529 530/530/530 531/531/531
f 529/529/529 531/531/531 532/532/532
f 533/533/533 534/534/534 535/535/535
f 533/533/533 535/535/535 536/536/536
f 537/537/537 538/538/538 539/539/539
f 537/537/537 539/539/539 540/540/540
f 541/541/541 542/542/542 543/543/543
f 541/541/541 543/543/543 544/544/544
f 545/545/545 546/546/546 547/547/547
f 545/545/545 547/547/547 548/548/548
f 549/549/549 550/550/550 551/551/551
f 549/549/549 551/551/551 552/552/552
f 553/553/553 554/554/554 555/555/555
f 553/553/553 555/555/555 556/556/556
f 557/557/557 558/558/558 559/559/559
f 557/557/557 559/559/559 560/560/560
f 561/561/561 562/562/562 563/563/563
f 561/561/561 563/563/563 564/564/564
f 565/565/565 566/566/566 567/567/567
f 565/565/565 567/567/567 568/568/568
f 569/569/569 570/570/570 571/571/571
f 569/569/569 571/571/571 572/572/572
f 573/573/573 574/574/574 575/575/575
f 573/573/573 575/575/575 576/576/576
f 577/577/577 578/578/578 579/579/579
f 577/577/577 579/579/579 580/580/580
f 581/581/581 582/582/582 583/583/583
f 581/581/581 583/583/583 584/584/584
f 585/585/585 586/586/586 587/587/587
f 585/585/585 587/587/587 588/588/588
f 589/589/589 590/590/590 591/591/591
f 589/589/589 591/591/591 592/592/592
f 593/593/593 594/594/594 595/595/595
f 593/593/593 595/595/595 596/596/596
f 597/597/597 598/598/598 599/599/599
f 597/597/597 599/599/599 600/600/600
f 601/601/601 602/602/602 603/603/603
f 601/601/601 603/603/603 604/604/604
f 605/605/605 606/606/606 607/607/607
f 605/605/605 607/607/607 608/608/608
f 609/609/609 610/610/610 611/611/611
f 609/609/609 611/611/611 612/612/612
f 613/613/613 614/614/614 615/615/615
f 613/613/613 615/615/615 616/616/616
f 617/617/617 618/618/618 619/619/619
f 617/617/617 619/619/619 620/620/620
f 621/621/621 622/622/622 623/623/623
f 621/621/621 623/623/623 624/624/624
f 625/625/625 626/626/626 627/627/627
f 625/625/625 627/627/627 628/628/628
f 629/629/629 630/630/630 631/631/631
f 629/629/629 631/631/631 632/632/632
f 633/633/633 634/634/634 635/635/635
f 633/633/633 635/635/635 636/636/636
f 637/637/637 638/638/638 639/639/639
f 637/637/637 639/639/639 640/640/640
f 641/641/641 642/642/642 643/643/643
f 641/641/641 643/643/643 644/644/644
f 645/645/645 646/646/646 647/647/647
f 645/645/645 647/647/647 648/648/648
f 649/649/649 650/650/650 651/651/651
f 649/649/649 651/651/651 652/652/652
f 653/653/653 654/654/654 655/655/655
f 653/653/653 655/655/655 656/656/656
f 657/657/657 658/658/658 659/659/659
f 657/657/657 659/659/659 660/660/660
f 661/661/661 662/662/662 663/663/663
f 661/661/661 663/663/663 664/664/664
f 665/665/665 666/666/666 667/667/667
f 665/665/665 667/667/667 668/668/668
f 669/669/669 670/670/670 671/671/671
f 669/669/669 671/671/671 672/672/672
f 673/673/673 674/674/674 675/675/675
f 673/673/673 675/675/675 676/676/676
f 677/677/677 678/678/678 679/679/679
f 677/677/677 679/679/679 680/680/680
f 681/681/681 682/682/682 683/683/683
f 681/681/681 683/683/683 684/684/684
f 685/685/685 686/686/686 687/687/687
f 685/685/685 687/687/687 688/688/688
f 689/689/689 690/690/690 691/691/691
f 689/689/689 691/691/691 692/692/692
f 693/693/693 694/694/694 695/695/695
f 693/693/693 695/695/695 696/696/696
f 697/697/697 698/698/698 699/699/699
f 697/697/697 699/699/699 700/700/700
f 701/701/701 702/702/702 703/703/703
f 701/701/701 703/703/703 704/704/704
f 705/705/705 706/706/706 707/707/707
f 705/705/705 707/707/707 708/708/708
f 709/709/709 710/710/710 711/711/711
f 709/709/709 711/711/711 712/712/712
f 713/713/713 714/714/714 715/715/715
f 713/713/713 715/715/715 716/716/716
f 717/717/717 718/718/718 719/719/719
f 717/717/717 719/719/719 720/720/720
f 721/721/721 722/722/722 723/723/723
f 724/724/724 725/725/725 726/726/726
f 727/727/727 728/728/728 729/729/729
f 730/730/730 731/731/731 732/732/732
f 730/730/730 732/732/732 733/733/733
f 734/734/734 735/735/735 736/736/736
f 734/734/734 736/736/736 737/737/737
f 738/738/738 739/739/739 740/740/740
f 741/741/741 742/742/742 743/743/743
f 744/744/744 745/745/745 746/746/746
f 744/744/744 746/746/746 747/747/747
f 748/748/748 749/749/749 750/750/750
f 748/748/748 750/750/750 751/751/751
f 752/752/752 753/753/753 754/754/754
f 752/752/752 754/754/754 755/755/755
f 756/756/756 757/757/757 758/758/758
f 756/756/756 758/758/758 759/759/759
f 760/760/760 761/761/761 762/762/762
f 763/763/763 764/764/764 765/765/765
f 763/763/763 765/765/765 766/766/766
f 767/767/767 768/768/768 769/769/769
f 770/770/770 771/771/771 772/772/772
f 773/773/773 774/774/774 775/775/775
f 773/773/773 775/775/775 776/776/776
f 777/777/777 778/778/778 779/779/779
f 777/777/777 779/779/779 780/780/780
f 781/781/781 782/782/782 783/783/783
f 781/781/781 783/783/783 784/784/784
f 785/785/785 786/786/786 787/787/787
f 788/788/788 789/789/789 790/790/790
f 791/791/791 792/792/792 793/793/793
f 794/794/794 795/795/795 796/796/796
f 797/797/797 798/798/798 799/799/799
f 800/800/800 801/801/801 802/802/802
f 803/803/803 804/804/804 805/805/805
f 806/806/806 807/807/807 808/808/808
f 809/809/809 810/810/810 811/811/811
f 812/812/812 813/813/813 814/814/814
f 815/815/815 816/816/816 817/817/817
f 818/818/818 819/819/819 820/820/820
f 821/821/821 822/822/822 823/823/823
f 824/824/824 825/825/825 826/826/826
f 827/827/827 828/828/828 829/829/829
f 830/830/830 831/831/831 832/832/832
f 833/833/833 834/834/834 835/835/835
f 836/836/836 837/837/837 838/838/838
f 839/839/839 840/840/840 841/841/841
f 842/842/842 843/843/843 844/844/844
f 845/845/845 846/846/846 847/847/847
f 848/848/848 849/849/849 850/850/850
f 851/851/851 852/852/852 853/853/853
f 854/854/854 855/855/855 856/856/856
f 857/857/857 858/858/858 859/859/859
f 857/857/857 859/859/859 860/860/860
f 861/861/861 862/862/862 863/863/863
f 861/861/861 863/863/863 864/864/864
f 865/865/865 866/866/866 867/867/867
f 865/865/865 867/867/867 868/868/868
f 869/869/869 870/870/870 871/871/871
f 869/869/869 871/871/871 872/872/872
f 873/873/873 874/874/874 875/875/875
f 873/873/873 875/875/875 876/876/876
f 877/877/877 878/878/878 879/879/879
f 877/877/877 879/879/879 880/880/880
f 881/881/881 882/882/882 883/883/883
f 881/881/881 883/883/883 884/884/884
f 885/885/885 886/886/886 887/887/887
f 885/885/885 887/887/887 888/888/888
f 889/889/889 890/890/890 891/891/891
f 889/889/889 891/891/891 892/892/892
f 893/893/893 894/894/894 895/895/895
f 893/893/893 895/895/895 896/896/896
f 897/897/897 898/898/898 899/899/899
f 897/897/897 899/899/899 900/900/900
f 901/901/901 902/902/902 903/903/903
f 901/901/901 903/903/903 904/904/904
f 905/905/905 906/906/906 907/907/907
f 905/905/905 907/907/907 908/908/908
f 909/909/909 910/910/910 911/911/911
f 909/909/909 911/911/911 912/912/912
f 913/913/913 914/914/914 915/915/915
f 913/913/913 915/915/915 916/916/916
f 917/917/917 918/918/918 919/919/919
f 917/917/917 919/919/919 920/920/920
f 921/921/921 922/922/922 923/923/923
f 921/921/921 923/923/923 924/924/924
f 925/925/925 926/926/926 927/927/927
f 925/925/925 927/927/927 928/928/928
f 929/929/929 930/930/930 931/931/931
f 929/929/929 931/931/931 932/932/932
f 933/933/933 934/934/934 935/935/935
f 933/933/933 935/935/935 936/936/936
f 937/937/937 938/938/938 939/939/939
f 937/937/937 939/939/939 940/940/940
f 941/941/941 942/942/942 943/943/943
f 941/941/941 943/943/943 944/944/944
f 945/945/945 946/946/946 947/947/947
f 945/945/945 947/947/947 948/948/948
f 949/949/949 950/950/950 951/951/951
f 949/949/949 951/951/951 952/952/952
f 953/953/953 954/954/954 955/955/955
f 953/953/953 955/955/955 956/956/956
f 957/957/957 958/958/958 959/959/959
f 957/957/957 959/959/959 960/960/960
f 961/961/961 962/962/962 963/963/963
f 961/961/961 963/963/963 964/964/964
f 965/965/965 966/966/966 967/967/967
f 965/965/965 967/967/967 968/968/968
f 969/969/969 970/970/970 971/971/971
f 969/969/969 971/971/971 972/972/972
f 973/973/973 974/974/974 975/975/975
f 973/973/973 975/975/975 976/976/976
f 977/977/977 978/978/978 979/979/979
f 977/977/977 979/979/979 980/980/980
f 981/981/981 982/982/982 983/983/983
f 981/981/981 983/983/983 984/984/984
f 985/985/985 986/986/986 987/987/987
f 985/985/985 987/987/987 988/988/988
f 989/989/989 990/990/990 991/991/991
f 989/989/989 991/991/991 992/992/992
f 993/993/993 994/994/994 995/995/995
f 993/993/993 995/995/995 996/996/996
f 997/997/997 998/998/998 999/999/999
f 997/997/997 999/999/999 1000/1000/1000
f 1001/1001/1001 1002/1002/1002 1003/1003/1003
f 1001/1001/1001 1003/1003/1003 1004/1004/1004
f 1005/1005/1005 1006/1006/1006 1007/1007/1007
f 1005/1005/1005 1007/1007/1007 1008/1008/1008
f 1009/1009/1009 1010/1010/1010 1011/1011/1011
f 1009/1009/1009 1011/1011/1011 1012/1012/1012
f 1013/1013/1013 1014/1014/1014 1015/1015/1015
f 1013/1013/1013 1015/1015/1015 1016/1016/1016
f 1017/1017/1017 1018/1018/1018 1019/1019/1019
f 1017/1017/1017 1019/1019/1019 1020/1020/1020
f 1021/1021/1021 1022/1022/1022 1023/1023/1023
f 1021/1021/1021 1023/1023/1023 1024/1024/1024
f 1025/1025/1025 1026/1026/1026 1027/1027/1027
f 1025/1025/1025 1027/1027/1027 1028/1028/1028
f 1029/1029/1029 1030/1030/1030 1031/1031/1031
f 1029/1029/1029 1031/1031/1031 1032/1032/1032
f 1033/1033/1033 1034/1034/1034 1035/1035/1035
f 1033/1033/1033 1035/1035/1035 1036/1036/1036
f 1037/1037/1037 1038/1038/1038 1039/1039/1039
f 1037/1037/1037 1039/1039/1039 1040/1040/1040
f 1041/1041/1041 1042/1042/1042 1043/1043/1043
f 1041/1041/1041 1043/1043/1043 1044/1044/1044
f 1045/1045/1045 1046/1046/1046 1047/1047/1047
f 1045/1045/1045 1047/1047/1047 1048/1048/1048
f 1049/1049/1049 1050/1050/1050 1051/1051/1051
f 1049/1049/1049 1051/1051/1051 1052/1052/1052
f 1053/1053/1053 1054/1054/1054 1055/1055/1055
f 1053/1053/1053 1055/1055/1055 1056/1056/1056
f 1057/1057/1057 1058/1058/1058 1059/1059/1059
f 1057/1057/1057 1059/1059/1059 1060/1060/1060
f 1061/1061/1061 1062/1062/1062 1063/1063/1063
f 1061/1061/1061 1063/1063/1063 1064/1064/1064
f 1065/1065/1065 1066/1066/1066 1067/1067/1067
f 1065/1065/1065 1067/1067/1067 1068/1068/1068
f 1069/1069/1069 1070/1070/1070 1071/1071/1071
f 1069/1069/1069 1071/1071/1071 1072/1072/1072
f 1073/1073/1073 1074/1074/1074 1075/1075/1075
f 1073/1073/1073 1075/1075/1075 1076/1076/1076
f 1077/1077/1077 1078/1078/1078 1079/1079/1079
f 1077/1077/1077 1079/1079/1079 1080/1080/1080
f 1081/1081/1081 1082/1082/1082 1083/1083/1083
f 1081/1081/1081 1083/1083/1083 1084/1084/1084
f 1085/1085/1085 1086/1086/1086 1087/1087/1087
f 1085/1085/1085 1087/1087/1087 1088/1088/1088
f 1089/1089/1089 1090/1090/1090 1091/1091/1091
f 1089/1089/1089 1091/1091/1091 1092/1092/1092
f 1093/1093/1093 1094/1094/1094 1095/1095/1095
f 1093/1093/1093 1095/1095/1095 1096/1096/1096
f 1097/1097/1097 1098/1098/1098 1099/1099/1099
f 1097/1097/1097 1099/1099/1099 1100/1100/1100
f 1101/1101/1101 1102/1102/1102 1103/1103/1103
f 1101/1101/1101 1103/1103/1103 1104/1104/1104
f 1105/1105/1105 1106/1106/1106 1107/1107/1107
f 1105/1105/1105 1107/1107/1107 1108/1108/1108
f 1109/1109/1109 1110/1110/1110 1111/1111/1111
f 1109/1109/1109 1111/1111/1111 1112/1112/1112
f 1113/1113/1113 1114/1114/1114 1115/1115/1115
f 1113/1113/1113 1115/1115/1115 1116/1116/1116
f 1117/1117/1117 1118/1118/1118 1119/1119/1119
f 1117/1117/1117 1119/1119/1119 1120/1120/1120
f 1121/1121/1121 1122/1122/1122 1123/1123/1123
f 1121/1121/1121 1123/1123/1123 1124/1124/1124
f 1125/1125/1125 1126/1126/1126 1127/1127/1127
f 1125/1125/1125 1127/1127/1127 1128/1128/1128
f 1129/1129/1129 1130/1130/1130 1131/1131/1131
f 1129/1129/1129 1131/1131/1131 1132/1132/1132
f 1133/1133/1133 1134/1134/1134 1135/1135/1135
f 1133/1133/1133 1135/1135/1135 1136/1136/1136
f 1137/1137/1137 1138/1138/1138 1139/1139/1139
f 1137/1137/1137 1139/1139/1139 1140/1140/1140
f 1141/1141/1141 1142/1142/1142 1143/1143/1143
f 1141/1141/1141 1143/1143/1143 1144/1144/1144
f 1145/1145/1145 1146/1146/1146 1147/1147/1147
f 1145/1145/1145 1147/1147/1147 1148/1148/1148
f 1149/1149/1149 1150/1150/1150 1151/1151/1151
f 1149/1149/1149 1151/1151/1151 1152/1152/1152
f 1153/1153/1153 1154/1154/1154 1155/1155/1155
f 1153/1153/1153 1155/1155/1155 1156/1156/1156
f 1157/1157/1157 1158/1158/1158 1159/1159/1159
f 1157/1157/1157 1159/1159/1159 1160/1160/1160
f 1161/1161/1161 1162/1162/1162 1163/1163/1163
f 1161/1161/1161 1163/1163/1163 1164/1164/1164
f 1165/1165/1165 1166/1166/1166 1167/1167/1167
f 1165/1165/1165 1167/1167/1167 1168/1168/1168
f 1169/1169/1169 1170/1170/1170 1171/1171/1171
f 1169/1169/1169 1171/1171/1171 1172/1172/1172
f 1173/1173/1173 1174/1174/1174 1175/1175/1175
f 1173/1173/1173 1175/1175/1175 1176/1176/1176
f 1177/1177/1177 1178/1178/1178 1179/1179/1179
f 1177/1177/1177 1179/1179/1179 1180/1180/1180
f 1181/1181/1181 1182/1182/1182 1183/1183/1183
f 1181/1181/1181 1183/1183/1183 1184/1184/1184
f 1185/1185/1185 1186/1186/1186 1187/1187/1187
f 1185/1185/1185 1187/1187/1187 1188/1188/1188
f 1189/1189/1189 1190/1190/1190 1191/1191/1191
f 1189/1189/1189 1191/1191/1191 1192/1192/1192
f 1193/1193/1193 1194/1194/1194 1195/1195/1195
f 1193/1193/1193 1195/1195/1195 1196/1196/1196
f 1197/1197/1197 1198/1198/1198 1199/1199/1199
f 1197/1197/1197 1199/1199/1199 1200/1200/1200
f 1201/1201/1201 1202/1202/1202 1203/1203/1203
f 1201/1201/1201 1203/1203/1203 1204/1204/1204
f 1205/1205/1205 1206/1206/1206 1207/1207/1207
f 1205/1205/1205 1207/1207/1207 1208/1208/1208
f 1209/1209/1209 1210/1210/1210 1211/1211/1211
f 1209/1209/1209 1211/1211/1211 1212/1212/1212
f 1213/1213/1213 1214/1214/1214 1215/1215/1215
f 1213/1213/1213 1215/1215/1215 1216/1216/1216
f 1217/1217/1217 1218/1218/1218 1219/1219/1219
f 1217/1217/1217 1219/1219/1219 1220/1220/1220
f 1221/1221/1221 1222/1222/1222 1223/1223/1223
f 1221/1221/1221 1223/1223/1223 1224/1224/1224
f 1225/1225/1225 1226/1226/1226 1227/1227/1227
f 1225/1225/1225 1227/1227/1227 1228/1228/1228
f 1229/1229/1229 1230/1230/1230 1231/1231/1231
f 1229/1229/1229 1231/1231/1231 1232/1232/1232
f 1233/1233/1233 1234/1234/1234 1235/1235/1235
f 1233/1233/1233 1235/1235/1235 1236/1236/1236
f 1237/1237/1237 1238/1238/1238 1239/1239/1239
f 1237/1237/1237 1239/1239/1239 1240/1240/1240
f 1241/1241/1241 1242/1242/1242 1243/1243/1243
f 1241/1241/1241 1243/1243/1243 1244/1244/1244
f 1245/1245/1245 1246/1246/1246 1247/1247/1247
f 1245/1245/1245 1247/1247/1247 1248/1248/1248
f 1249/1249/1249 1250/1250/1250 1251/1251/1251
f 1249/1249/1249 1251/1251/1251 1252/1252/1252
f 1253/1253/1253 1254/1254/1254 1255/1255/1255
f 1253/1253/1253 1255/1255/1255 1256/1256/1256
f 1257/1257/1257 1258/1258/1258 1259/1259/1259
f 1257/1257/1257 1259/1259/1259 1260/1260/1260
f 1261/1261/1261 1262/1262/1262 1263/1263/1263
f 1261/1261/1261 1263/1263/1263 1264/1264/1264
f 1265/1265/1265 1266/1266/1266 1267/1267/1267
f 1265/1265/1265 1267/1267/1267 1268/1268/1268
f 1269/1269/1269 1270/1270/1270 1271/1271/1271
f 1269/1269/1269 1271/1271/1271 1272/1272/1272
f 1273/1273/1273 1274/1274/1274 1275/1275/1275
f 1273/1273/1273 1275/1275/1275 1276/1276/1276
f 1277/1277/1277 1278/1278/1278 1279/1279/1279
f 1277/1277/1277 1279/1279/1279 1280/1280/1280
f 1281/1281/1281 1282/1282/1282 1283/1283/1283
f 1281/1281/1281 1283/1283/1283 1284/1284/1284
f 1285/1285/1285 1286/1286/1286 1287/1287/1287
f 1285/1285/1285 1287/1287/1287 1288/1288/1288
f 1289/1289/1289 1290/1290/1290 1291/1291/1291
f 1289/1289/1289 1291/1291/1291 1292/1292/1292
f 1293/1293/1293 1294/1294/1294 1295/1295/1295
f 1293/1293/1293 1295/1295/1295 1296/1296/1296
f 1297/1297/1297 1298/1298/1298 1299/1299/1299
f 1297/1297/1297 1299/1299/1299 1300/1300/1300
f 1301/1301/1301 1302/1302/1302 1303/1303/1303
f 1301/1301/1301 1303/1303/1303 1304/1304/1304
f 1305/1305/1305 1306/1306/1306 1307/1307/1307
f 1305/1305/1305 1307/1307/1307 1308/1308/1308
f 1309/1309/1309 1310/1310/1310 1311/1311/1311
f 1309/1309/1309 1311/1311/1311 1312/1312/1312
f 1313/1313/1313 1314/1314/1314 1315/1315/1315
f 1313/1313/1313 1315/1315/1315 1316/1316/1316
f 1317/1317/1317 1318/1318/1318 1319/1319/1319
f 1317/1317/1317 1319/1319/1319 1320/1320/1320
f 1321/1321/1321 1322/1322/1322 1323/1323/1323
f 1321/1321/1321 1323/1323/1323 1324/1324/1324
f 1325/1325/1325 1326/1326/1326 1327/1327/1327
f 1325/1325/1325 1327/1327/1327 1328/1328/1328
f 1329/1329/1329 1330/1330/1330 1331/1331/1331
f 1329/1329/1329 1331/1331/1331 1332/1332/1332
f 1333/1333/1333 1334/1334/1334 1335/1335/1335
f 1333/1333/1333 1335/1335/1335 1336/1336/1336
f 1337/1337/1337 1338/1338/1338 1339/1339/1339
f 1337/1337/1337 1339/1339/1339 1340/1340/1340
f 1341/1341/1341 1342/1342/1342 1343/1343/1343
f 1341/1341/1341 1343/1343/1343 1344/1344/1344
f 1345/1345/1345 1346/1346/1346 1347/1347/1347
f 1345/1345/1345 1347/1347/1347 1348/1348/1348
f 1349/1349/1349 1350/1350/1350 1351/1351/1351
f 1349/1349/1349 1351/1351/1351 1352/1352/1352
f 1353/1353/1353 1354/1354/1354 1355/1355/1355
f 1353/1353/1353 1355/1355/1355 1356/1356/1356
f 1357/1357/1357 1358/1358/1358 1359/1359/1359
f 1357/1357/1357 1359/1359/1359 1360/1360/1360
f 1361/1361/1361 1362/1362/1362 1363/1363/1363
f 1361/1361/1361 1363/1363/1363 1364/1364/1364
f 1365/1365/1365 1366/1366/1366 1367/1367/1367
f 1365/1365/1365 1367/1367/1367 1368/1368/1368
f 1369/1369/1369 1370/1370/1370 1371/1371/1371
f 1369/1369/1369 1371/1371/1371 1372/1372/1372
f 1373/1373/1373 1374/1374/1374 1375/1375/1375
f 1373/1373/1373 1375/1375/1375 1376/1376/1376
f 1377/1377/1377 1378/1378/1378 1379/1379/1379
f 1377/1377/1377 1379/1379/1379 1380/1380/1380
f 1381/1381/1381 1382/1382/1382 1383/1383/1383
f 1381/1381/1381 1383/1383/1383 1384/1384/1384
f 1385/1385/1385 1386/1386/1386 1387/1387/1387
f 1385/1385/1385 1387/1387/1387 1388/1388/1388
f 1389/1389/1389 1390/1390/1390 1391/1391/1391
f 1389/1389/1389 1391/1391/1391 1392/1392/1392
f 1393/1393/1393 1394/1394/1394 1395/1395/1395
f 1393/1393/1393 1395/1395/1395 1396/1396/1396
f 1397/1397/1397 1398/1398/1398 1399/1399/1399
f 1397/1397/1397 1399/1399/1399 1400/1400/1400
f 1401/1401/1401 1402/1402/1402 1403/1403/1403
f 1401/1401/1401 1403/1403/1403 1404/1404/1404
f 1405/1405/1405 1406/1406/1406 1407/1407/1407
f 1405/1405/1405 1407/1407/1407 1408/1408/1408
f 1409/1409/1409 1410/1410/1410 1411/1411/1411
f 1409/1409/1409 1411/1411/1411 1412/1412/1412
f 1413/1413/1413 1414/1414/1414 1415/1415/1415
f 1413/1413/1413 1415/1415/1415 1416/1416/1416
f 1417/1417/1417 1418/1418/1418 1419/1419/1419
f 1417/1417/1417 1419/1419/1419 1420/1420/1420
f 1421/1421/1421 1422/1422/1422 1423/1423/1423
f 1421/1421/1421 1423/1423/1423 1424/1424/1424
f 1425/1425/1425 1426/1426/1426 1427/1427/1427
f 1425/1425/1425 1427/1427/1427 1428/1428/1428
f 1429/1429/1429 1430/1430/1430 1431/1431/1431
f 1429/1429/1429 1431/1431/1431 1432/1432/1432
f 1433/1433/1433 1434/1434/1434 1435/1435/1435
f 1433/1433/1433 1435/1435/1435 1436/1436/1436
f 1437/1437/1437 1438/1438/1438 1439/1439/1439
f 1437/1437/1437 1439/1439/1439 1440/1440/1440
f 1441/1441/1441 1442/1442/1442 1443/1443/1443
f 1441/1441/1441 1443/1443/1443 1444/1444/1444
f 1445/1445/1445 1446/1446/1446 1447/1447/1447
f 1445/1445/1445 1447/1447/1447 1448/1448/1448
f 1449/1449/1449 1450/1450/1450 1451/1451/1451
f 1449/1449/1449 1451/1451/1451 1452/1452/1452
f 1453/1453/1453 1454/1454/1454 1455/1455/1455
f 1453/1453/1453 1455/1455/1455 1456/1456/1456
f 1457/1457/1457 1458/1458/1458 1459/1459/1459
f 1457/1457/1457 1459/1459/1459 1460/1460/1460
f 1461/1461/1461 1462/1462/1462 1463/1463/1463
f 1461/1461/1461 1463/1463/1463 1464/1464/1464
f 1465/1465/1465 1466/1466/1466 1467/1467/1467
f 1465/1465/1465 1467/1467/1467 1468/1468/1468
f 1469/1469/1469 1470/1470/1470 1471/1471/1471
f 1469/1469/1469 1471/1471/1471 1472/1472/1472
f 1473/1473/1473 1474/1474/1474 1475/1475/1475
f 1473/1473/1473 1475/1475/1475 1476/1476/1476
f 1477/1477/1477 1478/1478/1478 1479/1479/1479
f 1477/1477/1477 1479/1479/1479 1480/1480/1480
f 1481/1481/1481 1482/1482/1482 1483/1483/1483
f 1481/1481/1481 1483/1483/1483 1484/1484/1484
f 1485/1485/1485 1486/1486/1486 1487/1487/1487
f 1485/1485/1485 1487/1487/1487 1488/1488/1488
f 1489/1489/1489 1490/1490/1490 1491/1491/1491
f 1489/1489/1489 1491/1491/1491 1492/1492/1492
f 1493/1493/1493 1494/1494/1494 1495/1495/1495
f 1493/1493/1493 1495/1495/1495 1496/1496/1496
f 1497/1497/1497 1498/1498/1498 1499/1499/1499
f 1497/1497/1497 1499/1499/1499 1500/1500/1500
f 1501/1501/1501 1502/1502/1502 1503/1503/1503
f 1501/1501/1501 1503/1503/1503 1504/1504/1504
