# Blender 4.5.0
# www.blender.org
mtllib shell.mtl
o shell
v -0.190341 0.589541 0.249220
v -0.168615 0.583871 0.321136
v -0.130273 0.597836 0.305030
v -0.231914 0.571541 0.269945
v -0.201617 0.568003 0.337921
v -0.019037 0.625891 0.159022
v -0.010122 0.622329 0.241579
v 0.032438 0.623785 0.218760
v -0.053271 0.616913 0.266569
v 0.072983 0.623618 0.107022
v 0.076895 0.621627 0.193777
v 0.123455 0.615127 0.166945
v 0.220563 0.583402 0.018589
v 0.170555 0.602599 0.049429
v 0.171664 0.603667 0.138819
v 0.220257 0.587187 0.110748
v 0.324111 0.526480 -0.049495
v 0.268343 0.559455 -0.011943
v 0.267182 0.566567 0.085856
v 0.319455 0.535910 0.019607
v 0.310445 0.544226 0.081870
v 0.358999 0.513299 0.053726
v 0.368109 0.503634 -0.014638
v -0.226039 0.554312 0.347831
v -0.223800 0.527068 0.423201
v -0.193087 0.547514 0.409339
v -0.190223 0.510081 0.490986
v -0.180000 0.469276 0.568884
v -0.236698 0.425064 0.581048
v -0.191798 0.423295 0.625410
v -0.240462 0.400155 0.608885
v -0.222198 0.259061 0.770182
v -0.222211 0.293982 0.739050
v -0.197961 0.364563 0.690194
v -0.251322 0.204284 0.788357
v 0.335290 0.523789 0.214685
v 0.347851 0.520457 0.129021
v 0.317536 0.539572 0.141034
v 0.318948 0.511480 0.340047
v 0.326498 0.520020 0.278256
v 0.311946 0.481316 0.445743
v 0.313704 0.498989 0.394823
v 0.322215 0.428268 0.537329
v 0.315078 0.457389 0.493587
v 0.344860 0.356021 0.613844
v 0.332509 0.394056 0.577624
v 0.377911 0.252170 0.688250
v 0.358949 0.313003 0.647733
v 0.403052 0.165833 0.735488
v 0.419524 0.110364 0.766731
v 0.015148 0.615109 0.297996
v -0.047412 0.606400 0.330216
v -0.044139 0.587737 0.401754
v 0.017528 0.604270 0.350387
v 0.077780 0.610635 0.294522
v 0.120882 0.606174 0.274066
v 0.187022 0.595571 0.205633
v 0.182730 0.589467 0.269933
v 0.269983 0.564205 0.166014
v 0.263517 0.561476 0.234874
v -0.159228 0.565452 0.395203
v -0.105868 0.591183 0.358081
v -0.100691 0.578067 0.403849
v -0.001261 0.579648 0.433163
v 0.038349 0.583683 0.419852
v -0.038989 0.548418 0.503852
v 0.078309 0.584630 0.405268
v 0.138141 0.587052 0.352086
v 0.135829 0.571767 0.410475
v 0.221444 0.567142 0.314428
v 0.217107 0.554037 0.376509
v 0.285126 0.542127 0.291074
v 0.279060 0.531480 0.353337
v -0.148734 0.534668 0.476262
v -0.115396 0.546689 0.473083
v 0.019955 0.550627 0.507775
v -0.042162 0.500199 0.595934
v 0.018849 0.526478 0.558602
v 0.076558 0.543521 0.516932
v 0.133781 0.552788 0.467494
v 0.132949 0.530062 0.522593
v 0.213748 0.536961 0.435651
v 0.212002 0.515767 0.492238
v 0.275480 0.516289 0.411040
v 0.274607 0.496717 0.464599
v -0.142352 0.488301 0.566774
v -0.093776 0.520259 0.539152
v -0.094946 0.495099 0.583568
v 0.017651 0.499257 0.607356
v -0.046030 0.439342 0.684695
v -0.004672 0.449561 0.679699
v 0.035932 0.455089 0.674709
v 0.073433 0.503685 0.595055
v 0.134094 0.503644 0.575091
v 0.077271 0.458399 0.666177
v 0.136922 0.473492 0.625230
v 0.212971 0.490341 0.545692
v 0.217261 0.460382 0.595992
v 0.277392 0.472217 0.514774
v 0.283831 0.442404 0.562222
v -0.151030 0.436525 0.638690
v -0.097585 0.467672 0.625463
v -0.122843 0.414987 0.684079
v -0.246181 0.373172 0.633619
v -0.053550 0.369498 0.764766
v -0.008178 0.378819 0.764676
v 0.035943 0.383245 0.763126
v 0.123159 0.422753 0.702350
v 0.081535 0.384436 0.758065
v 0.167768 0.418841 0.688811
v 0.224945 0.425590 0.643649
v 0.214899 0.392775 0.694148
v 0.292652 0.407606 0.607523
v 0.259856 0.363964 0.696896
v 0.301475 0.369107 0.651299
v -0.162314 0.374740 0.707234
v -0.135745 0.349509 0.751134
v -0.063805 0.289639 0.836680
v -0.015779 0.296145 0.842241
v 0.033965 0.299804 0.843242
v 0.130385 0.363089 0.768805
v 0.085493 0.300748 0.838823
v 0.137079 0.298932 0.828870
v 0.178213 0.358918 0.754412
v 0.224337 0.352204 0.735982
v 0.188683 0.295094 0.812471
v 0.236497 0.292352 0.788542
v 0.313366 0.330796 0.685308
v 0.280732 0.283713 0.764610
v 0.321553 0.271226 0.738959
v -0.176923 0.319694 0.753157
v -0.189103 0.269943 0.789045
v -0.153507 0.276058 0.808316
v -0.177602 0.146901 0.885256
v -0.130247 0.147311 0.910620
v -0.079252 0.147055 0.930947
v -0.025918 0.146191 0.944769
v 0.029316 0.144734 0.951314
v 0.086310 0.142202 0.950235
v 0.145394 0.138755 0.940733
v 0.206022 0.133978 0.921876
v 0.266466 0.128085 0.893282
v 0.323704 0.121435 0.856296
v 0.370470 0.115268 0.819263
v -0.264692 0.144008 0.820183
v -0.310125 0.141584 0.775308
v -0.219688 0.145812 0.856816
v -0.208794 0.199266 0.828811
v -0.168792 0.203588 0.853705
v -0.108412 0.613634 0.206901
v -0.093158 0.608431 0.288169
v -0.081322 0.557535 0.467031
v -0.087310 0.425071 0.688575
v -0.098098 0.357373 0.761623
v -0.110986 0.281558 0.825843
v -0.074058 0.211284 0.892581
v -0.122908 0.207855 0.875619
v 0.029624 0.214581 0.908114
v -0.023366 0.213592 0.903578
v 0.084425 0.212316 0.906850
v 0.141523 0.211300 0.895582
v 0.252817 0.204751 0.849315
v 0.198308 0.207544 0.877067
v 0.303791 0.195001 0.819460
v 0.346895 0.184492 0.788711
v 0.120951 0.615929 0.079097
v 0.024558 0.626668 0.134388
v -0.065675 0.621235 0.183784
v -0.153138 0.602133 0.229689
v -0.298665 0.182434 0.755639
v -0.283208 0.234414 0.727490
v -0.267021 0.290605 0.692752
v -0.254420 0.338471 0.660325
v -0.235487 0.448060 0.549656
v -0.237998 0.478712 0.499131
v -0.247859 0.509184 0.432356
v -0.260253 0.530970 0.363245
v -0.271875 0.547534 0.290336
v 0.377835 0.490027 -0.089856
v 0.422477 0.106621 0.764776
v 0.350155 0.262704 0.714843
v 0.401277 0.110841 0.790169
v -0.134710 0.140259 0.873639
v -0.175843 0.140299 0.850680
v -0.213160 0.140281 0.826128
v -0.188618 0.092934 0.796138
v -0.156004 0.094193 0.820406
v -0.119870 0.094885 0.843068
v -0.051131 0.139781 0.905537
v -0.092750 0.140092 0.892029
v -0.082824 0.094797 0.861055
v -0.045745 0.094174 0.874174
v 0.030135 0.138098 0.918878
v -0.010328 0.139244 0.914462
v -0.008933 0.093335 0.882941
v 0.027884 0.092474 0.887829
v 0.110437 0.133718 0.915311
v 0.070661 0.136083 0.918931
v 0.064848 0.091685 0.889186
v 0.101012 0.090800 0.886888
v 0.184736 0.129299 0.899137
v 0.148529 0.131534 0.908689
v 0.135365 0.089610 0.880774
v 0.167739 0.088014 0.870986
v 0.250783 0.124084 0.872201
v 0.218961 0.126732 0.886734
v 0.198097 0.085982 0.857897
v 0.226103 0.083685 0.842510
v 0.307000 0.119294 0.838682
v 0.279925 0.121644 0.856219
v 0.251554 0.081298 0.825766
v 0.275104 0.078802 0.807764
v -0.391963 0.131441 0.639507
v -0.411003 0.126269 0.611657
v -0.432604 0.118796 0.579219
v -0.376767 0.069566 0.588818
v -0.340714 0.076676 0.635100
v -0.471040 0.102435 0.523760
v -0.432335 0.056996 0.518838
v -0.497895 0.091422 0.486942
v -0.480367 0.045525 0.461852
v -0.538473 0.076476 0.431484
v -0.519907 0.034373 0.413194
v -0.503697 0.039288 0.433751
v -0.556911 0.070234 0.406201
v -0.563009 0.067962 0.396474
v -0.533403 0.028303 0.391434
v -0.529039 0.030799 0.399931
v -0.569375 0.065274 0.341398
v -0.570022 0.063308 0.261142
v -0.536773 0.018924 0.262636
v -0.539519 0.023330 0.344017
v -0.568774 0.061410 0.183660
v -0.535090 0.017373 0.207025
v -0.564946 0.059647 0.115722
v -0.532541 0.017064 0.128185
v -0.555115 0.057011 0.010793
v -0.526298 0.016543 0.044613
v -0.529845 0.016920 0.084798
v -0.550629 0.056516 -0.021292
v -0.517495 0.015707 -0.015633
v -0.521986 0.016134 0.010894
v -0.546165 0.055739 -0.044170
v -0.540075 0.054750 -0.064168
v -0.507917 0.014844 -0.052519
v -0.513157 0.015255 -0.035735
v -0.531315 0.053809 -0.084017
v -0.514540 0.053622 -0.111979
v -0.489692 0.014650 -0.087092
v -0.500444 0.014579 -0.069200
v -0.485935 0.056172 -0.147055
v -0.442091 0.018312 -0.145549
v -0.475129 0.015261 -0.106716
v -0.421956 0.021619 -0.168137
v -0.434610 0.064783 -0.194778
v -0.426194 0.067787 -0.201263
v -0.347872 0.062690 -0.277323
v -0.353830 0.054959 -0.264380
v -0.363169 0.045478 -0.246597
v -0.345148 0.066970 -0.284180
v -0.270433 0.140155 0.780501
v -0.294049 0.139861 0.758131
v -0.316004 0.139263 0.735217
v -0.278901 0.085618 0.708788
v -0.259213 0.087733 0.730249
v -0.238402 0.089640 0.751590
v -0.336781 0.138257 0.711578
v -0.356163 0.136803 0.687860
v -0.306707 0.081963 0.676990
v -0.244193 0.140259 0.802839
v -0.215578 0.091385 0.773260
v -0.374109 0.134751 0.664403
v -0.566505 0.065789 0.381653
v -0.539158 0.024300 0.363562
v -0.537263 0.025587 0.379746
v -0.406732 0.081669 -0.224327
v -0.343723 0.073268 -0.290017
v -0.451552 0.060580 -0.180514
v -0.389408 0.030412 -0.207540
v -0.405040 0.025389 -0.187914
v -0.375255 0.037093 -0.227258
v 0.412627 0.052546 0.624568
v 0.465419 0.098657 0.642682
v 0.458033 0.100765 0.663305
v 0.450418 0.102603 0.681125
v 0.397242 0.057753 0.661459
v 0.442242 0.104197 0.697511
v 0.433300 0.105609 0.712993
v 0.385411 0.061125 0.684387
v 0.419182 0.107516 0.733987
v 0.367171 0.065486 0.713590
v 0.376480 0.063390 0.699479
v 0.402596 0.109708 0.754806
v 0.390210 0.111241 0.768300
v 0.346764 0.069214 0.739491
v 0.357607 0.067360 0.726526
v 0.355381 0.114687 0.800735
v 0.332478 0.116907 0.819663
v 0.297252 0.076177 0.788730
v 0.317044 0.073605 0.770252
v 0.374632 0.112844 0.783514
v 0.333470 0.071275 0.753855
v 0.496497 0.085772 0.508729
v 0.489074 0.089751 0.549744
v 0.480815 0.093307 0.586927
v 0.427080 0.047524 0.579112
v 0.438105 0.043683 0.532476
v 0.444601 0.041466 0.496808
v 0.505473 0.078271 0.418417
v 0.501914 0.081733 0.465974
v 0.449342 0.039741 0.459354
v 0.452349 0.038416 0.415956
v 0.507952 0.074635 0.303329
v 0.507527 0.075928 0.363187
v 0.453837 0.037367 0.362903
v 0.453862 0.036591 0.304054
v 0.506024 0.074277 0.224326
v 0.452545 0.036079 0.244140
v 0.449380 0.035275 0.153633
v 0.495466 0.076895 0.016973
v 0.445483 0.034329 0.061785
v 0.487402 0.079411 -0.099416
v 0.441928 0.033190 -0.016861
v 0.479121 0.081400 -0.197442
v 0.435064 0.031577 -0.145301
v 0.470045 0.082159 -0.290242
v 0.427727 0.031457 -0.261444
v 0.461747 0.081808 -0.367602
v 0.422370 0.031006 -0.345312
v 0.449200 0.079737 -0.487847
v 0.415496 0.028735 -0.439450
v 0.411095 0.024949 -0.496312
v 0.439423 0.069788 -0.561430
v 0.442057 0.075274 -0.540849
v 0.411422 0.024368 -0.574915
v 0.414978 0.029027 -0.586928
v 0.420055 0.035107 -0.596394
v 0.444240 0.077895 -0.525055
v 0.410041 0.022668 -0.540353
v 0.410072 0.022549 -0.559223
v 0.418361 0.029996 -0.402745
v 0.446400 0.079173 -0.509034
v 0.410346 0.023511 -0.519090
v 0.449673 0.129109 -0.694590
v 0.452013 0.142653 -0.656971
v 0.454618 0.134035 -0.648906
v 0.451637 0.106679 -0.673663
v 0.451843 0.104984 -0.620635
v 0.450110 0.086969 -0.653934
v 0.472920 0.096231 0.617703
v 0.448618 0.081789 -0.598739
v 0.439962 0.067276 -0.573522
v 0.439328 0.068226 -0.568070
v 0.425801 0.041158 -0.604740
v 0.432273 0.047877 -0.612924
v -0.347231 0.163501 -0.356423
v -0.344822 0.167288 -0.316099
v -0.346337 0.189813 -0.331890
v -0.345516 0.176548 -0.365633
v -0.344024 0.128237 -0.332125
v -0.351480 0.139619 -0.294227
v -0.346401 0.153189 -0.305416
v -0.369282 0.115009 -0.270152
v -0.359437 0.126920 -0.282606
v -0.343196 0.116041 -0.323585
v -0.342641 0.104284 -0.315054
v -0.342610 0.083736 -0.298924
v -0.342410 0.093353 -0.306706
v -0.392468 0.092739 -0.241195
v -0.380203 0.103691 -0.256413
v 0.443410 0.060647 -0.626078
v 0.448007 0.066214 -0.631472
v 0.441706 0.066931 -0.579253
v 0.444977 0.067987 -0.584959
v 0.445182 0.145308 -0.660507
v 0.441946 0.132598 -0.696797
v 0.435398 0.134934 -0.691776
v 0.437684 0.143831 -0.666326
v -0.338949 0.180986 -0.367858
v -0.340062 0.194916 -0.336195
v -0.332918 0.193429 -0.341332
v -0.332059 0.183660 -0.363540
v 0.410134 0.000144 0.459062
v 0.423045 0.000114 0.364756
v 0.319077 0.000173 0.426068
v 0.386761 0.000115 0.532960
v 0.306931 0.000157 0.471430
v 0.329532 0.000155 0.632581
v 0.265888 0.000033 0.559611
v 0.253860 0.000120 0.711685
v 0.162144 0.000190 0.659261
v 0.159771 0.000091 0.769349
v 0.123566 0.000248 0.781775
v 0.087800 0.000161 0.788142
v 0.014668 0.000033 0.691679
v -0.078185 0.000110 0.760121
v -0.054814 0.000185 0.663596
v -0.228260 0.000098 0.634696
v -0.231756 0.000256 0.619993
v 0.369920 0.000139 0.304612
v 0.419230 0.000103 0.334503
v -0.117297 0.000256 0.616186
v 0.082637 0.000249 0.691718
v 0.111986 0.000188 0.684178
v 0.195776 0.000314 0.633873
v 0.330255 0.000077 0.336373
v 0.337549 0.000265 0.322483
v 0.388912 0.000247 0.306260
v -0.229110 0.000265 0.601702
v -0.204030 0.000266 0.574054
v -0.185837 0.000186 0.569449
v -0.219374 0.000124 0.585664
v 0.411986 0.000193 0.321399
v 0.351552 0.000265 0.310470
v -0.150991 0.006001 0.582048
v -0.152188 0.000203 0.581197
v -0.054787 0.006001 0.662783
v 0.014847 0.006001 0.689113
v 0.135330 0.006001 0.673634
v 0.136880 0.000714 0.675004
v 0.082163 0.006001 0.689528
v 0.194361 0.006001 0.633313
v 0.306550 0.006001 0.471048
v 0.318642 0.006001 0.425890
v 0.161282 0.006001 0.658430
v 0.327206 0.006001 0.346456
v 0.327356 0.000823 0.346487
v -0.211382 0.006001 0.659584
v -0.211274 0.000180 0.659628
v -0.078116 0.006001 0.760237
v -0.162747 0.006001 0.706799
v -0.162083 0.000174 0.706277
v 0.011910 0.006001 0.786937
v 0.010999 0.000077 0.787024
v 0.049960 0.000954 0.790931
v 0.191780 0.006001 0.754458
v 0.191651 0.000812 0.754782
v 0.123511 0.006001 0.782036
v 0.304736 0.006001 0.663037
v 0.301663 0.000765 0.666020
v 0.248212 0.006001 0.717436
v 0.348896 0.000117 0.604673
v 0.409531 0.006001 0.458728
v 0.348524 0.006001 0.604118
v 0.385521 0.006001 0.533718
v 0.066175 0.006001 0.791285
v 0.224093 0.000137 0.734084
v 0.423222 0.006001 0.364933
v 0.420203 0.000818 0.403166
v 0.329391 0.006001 0.632420
v -0.230717 0.006001 0.629689
v -0.231290 0.006001 0.605383
v -0.218774 0.006001 0.584221
v 0.389078 0.006001 0.305657
v 0.351425 0.006001 0.310313
v 0.401514 0.000850 0.311896
v 0.420999 0.006001 0.335400
v -0.202963 0.006001 0.573035
v -0.184808 0.006001 0.568915
v -0.166372 0.006001 0.572145
v -0.167700 0.000807 0.571901
v 0.330131 0.006001 0.336245
v 0.369621 0.006001 0.304212
v 0.005963 0.003915 0.070367
v 0.007758 0.040686 -0.119744
v -0.000850 0.040687 -0.113475
v 0.105839 0.040686 -0.119797
v 0.114669 0.040686 -0.113360
v -0.000934 0.040686 0.065256
v 0.007880 0.040686 0.071693
v 0.105934 0.040686 0.071668
v 0.101765 0.004402 -0.119587
v 0.107212 0.003967 -0.118716
v 0.006416 0.003963 -0.118659
v -0.000069 0.003882 -0.112393
v 0.002006 0.004419 -0.116396
v -0.001091 0.004250 -0.107040
v 0.111737 0.004411 -0.116395
v 0.113794 0.003888 -0.112434
v 0.114860 0.004371 -0.107178
v -0.000762 0.004016 0.062613
v 0.002006 0.004413 0.068301
v 0.012107 0.004381 0.071492
v 0.107629 0.003838 0.070360
v 0.111741 0.004416 0.068301
v 0.114864 0.004371 0.058966
v 0.113828 0.003936 0.064353
v 0.011879 0.004399 -0.119574
v 0.022040 0.003837 -0.113621
v 0.022032 0.003828 0.054829
v 0.101866 0.004363 0.071468
v 0.114606 0.040687 0.065371
v 0.091672 0.003992 0.054794
v 0.091336 0.048442 -0.113664
v 0.022252 0.048442 -0.113414
v 0.091493 0.048442 0.054616
v 0.022409 0.048442 0.054866
v 0.056862 0.004049 -0.114428
v 0.091716 0.003846 -0.113618
v 0.056751 0.004048 0.055632
v -0.183965 0.005970 -0.578004
v -0.180489 0.005970 -0.492912
v -0.179252 0.001133 -0.493052
v -0.189522 0.000664 -0.503415
v -0.032854 0.005970 -0.503399
v -0.035253 0.005970 -0.624459
v -0.035562 0.000734 -0.623160
v -0.042932 0.001127 -0.638176
v -0.042968 0.005970 -0.638950
v -0.052262 0.000701 -0.643914
v -0.056138 0.005970 -0.645750
v -0.060682 0.001410 -0.646405
v -0.070425 0.005970 -0.645669
v -0.185928 0.001381 -0.574984
v -0.189918 0.005970 -0.565656
v -0.038690 0.005970 -0.494405
v -0.189358 0.005970 -0.500366
v -0.187471 0.001134 -0.498416
v -0.180973 0.000646 -0.579721
v -0.038813 0.000592 -0.632193
v -0.072270 0.000642 -0.644269
v -0.189473 0.000668 -0.565080
v -0.041110 0.000682 -0.493857
v -0.032983 0.001393 -0.503835
v -0.035107 0.000602 -0.499254
v -0.183051 0.000605 -0.494731
v 0.314677 0.001157 -0.631482
v 0.311258 0.005995 -0.633716
v 0.329204 0.005995 -0.492844
v 0.327722 0.001196 -0.492786
v 0.150450 0.001086 -0.641560
v 0.150690 0.005995 -0.500763
v 0.150540 0.005995 -0.647958
v 0.160081 0.005995 -0.670366
v 0.155831 0.001216 -0.662994
v 0.181203 0.005995 -0.685249
v 0.170979 0.001172 -0.679393
v 0.205568 0.005995 -0.685530
v 0.196797 0.000631 -0.686322
v 0.323826 0.005995 -0.624116
v 0.333695 0.005995 -0.609321
v 0.338301 0.005995 -0.593655
v 0.334879 0.001046 -0.605943
v 0.155611 0.001018 -0.495367
v 0.159499 0.005995 -0.492746
v 0.160564 0.000481 -0.493155
v 0.337938 0.005995 -0.500916
v 0.150822 0.000632 -0.502119
v 0.320280 0.000401 -0.625936
v 0.211454 0.000605 -0.682750
v 0.152797 0.000441 -0.653791
v 0.163185 0.000742 -0.672611
v 0.182875 0.000500 -0.684674
v 0.335859 0.000402 -0.599881
v 0.337654 0.000649 -0.502063
v 0.338268 0.001177 -0.591520
v 0.326375 0.001062 -0.620698
v 0.332547 0.000462 -0.495428
v -0.400993 0.006052 -0.166832
v -0.422871 0.001095 -0.149232
v -0.436025 0.005976 0.440770
v -0.514638 0.005861 0.376081
v -0.503792 0.006157 -0.045089
v -0.513153 0.005984 0.018513
v -0.363906 0.005970 0.406509
v -0.363268 0.005977 -0.046228
v -0.363554 0.000832 -0.054858
v -0.520981 0.000415 0.362529
v -0.525041 0.005842 0.350384
v -0.455010 0.006300 -0.119626
v -0.484248 0.001244 -0.084828
v -0.490122 0.006272 -0.077202
v -0.500283 0.001112 -0.055069
v -0.525848 0.005922 0.252367
v -0.525984 0.000886 0.281279
v -0.517393 0.000215 0.084227
v -0.365049 0.006000 -0.150405
v -0.365327 0.000234 -0.147663
v -0.372617 0.000926 -0.161907
v -0.371848 0.006003 -0.161490
v -0.383417 0.006015 -0.168309
v -0.388536 0.000939 -0.168765
v -0.372525 0.005970 0.428245
v -0.374892 0.001266 0.430884
v -0.390329 0.005970 0.442771
v -0.387297 0.000441 0.440375
v -0.412491 0.005970 0.447680
v -0.419896 0.000460 0.446054
v -0.513511 0.000110 0.375603
v -0.524607 0.000057 0.348118
v -0.457084 0.000702 -0.116570
v -0.492330 0.000497 -0.071822
v -0.510548 0.000243 0.000457
v -0.400875 0.000338 -0.165807
v -0.367320 0.000457 -0.154520
v -0.380647 0.000240 -0.166375
v -0.364836 0.000169 0.406545
v -0.429467 0.000184 0.442865
v -0.403020 0.000331 0.446393
v -0.505922 0.000680 0.384177
v -0.438393 0.001088 0.438662
v -0.366910 0.000844 0.415902
v -0.363520 0.000964 0.329754
v -0.372912 0.000197 0.426482
v -0.506616 0.000372 -0.027605
v 0.006186 0.001323 -0.119914
v 0.115771 0.000635 0.059565
v 0.111208 0.001067 0.069868
v 0.003420 0.001087 0.070598
v 0.150502 0.003443 0.070769
v 0.117487 0.000679 0.105415
v -0.037503 0.000533 0.062497
v 0.115849 0.000587 -0.109112
v 0.133671 0.000539 -0.144743
v 0.142855 0.000574 -0.134174
v 0.111623 0.000549 -0.118043
v 0.105707 0.000621 -0.120419
v 0.100364 0.000560 -0.156183
v 0.007725 0.000348 -0.120839
v 0.000356 0.000549 -0.116276
v -0.031846 0.000549 -0.129944
v -0.002021 0.000621 -0.110361
v -0.037446 0.000477 -0.110336
v 0.151292 0.000516 0.060482
v 0.145202 0.000496 0.082394
v 0.114293 0.000529 0.067178
v 0.132623 0.000388 0.097460
v 0.105730 0.000630 0.072309
v 0.009180 0.000582 0.072383
v -0.011890 0.000520 0.101905
v -0.023106 0.000491 0.093413
v -0.031571 0.000516 0.082234
v -0.000546 0.000529 0.067180
v -0.002108 0.000606 0.058992
v 0.012769 0.000578 -0.156135
v -0.004443 0.000530 -0.153125
v 0.151412 0.000512 -0.105307
v 0.148509 0.000526 -0.122731
v 0.115139 0.008057 0.064406
v -0.001491 0.008057 0.064213
v 0.101442 0.000486 0.107915
v 0.118325 0.000519 -0.153064
v 0.005322 0.008056 -0.119809
v -0.019926 0.000540 -0.144741
v 0.114604 0.001135 -0.113606
v 0.005322 0.008056 0.071716
v 0.008271 0.000585 0.107938
v 0.023061 0.017738 0.423819
v 0.024743 0.009723 0.430991
v 0.034491 0.033180 0.424885
v 0.045308 0.033180 0.439610
v 0.060815 0.033180 0.441955
v 0.074590 0.033180 0.434447
v 0.079069 0.018069 0.424914
v 0.079527 0.033180 0.420057
v 0.077174 0.033180 0.409389
v 0.074704 0.018092 0.405301
v 0.067733 0.033180 0.399418
v 0.049463 0.033180 0.397547
v 0.055719 0.018108 0.396812
v 0.036484 0.033180 0.409341
v 0.083014 0.017704 0.397650
v 0.034471 0.018104 0.424941
v 0.028431 0.017747 0.438287
v 0.041199 0.018049 0.436201
v 0.039811 0.017704 0.449135
v 0.052874 0.018076 0.442283
v 0.055164 0.017713 0.453628
v 0.065857 0.018054 0.440575
v 0.070627 0.017726 0.450766
v 0.074322 0.018054 0.434310
v 0.082950 0.017747 0.441465
v 0.090072 0.017718 0.427450
v 0.079118 0.018059 0.414497
v 0.089998 0.017747 0.411734
v 0.065982 0.018042 0.398640
v 0.070359 0.017735 0.388321
v 0.023071 0.009567 0.419390
v 0.058844 0.017734 0.385768
v 0.045903 0.018069 0.399531
v 0.046834 0.017713 0.387008
v 0.033285 0.017726 0.394984
v 0.037832 0.018054 0.406983
v 0.024753 0.017726 0.408187
v 0.034541 0.018073 0.415381
v -0.046787 0.038448 -0.165363
v 0.161653 0.038448 -0.165363
v 0.161653 0.038448 0.117270
v -0.046787 0.038448 0.117270
v 0.061510 0.019726 -0.062984
v 0.057789 0.019503 -0.072254
v 0.053302 0.019155 -0.066680
v 0.046187 0.023224 -0.059375
v 0.052773 0.023143 -0.054519
v 0.070114 0.023181 -0.067144
v 0.067559 0.023224 -0.074903
v 0.046187 0.023224 -0.074903
v 0.060924 0.023361 -0.054672
v 0.060924 0.023360 -0.079605
v 0.052825 0.023381 -0.079589
v 0.043765 0.023361 -0.067138
v 0.067402 0.023483 -0.059489
v 0.094617 0.007123 -0.116579
v 0.094964 0.049297 -0.116803
v 0.094654 0.007129 0.012298
v 0.094552 0.028156 0.057968
v 0.094617 0.049297 0.058120
v 0.019032 0.007285 -0.116736
v 0.018799 0.049297 -0.116913
v 0.019026 0.049297 0.057927
v 0.019225 0.027938 0.057873
v 0.019271 0.007024 0.012357
v 0.031165 0.007118 -0.038968
v 0.039820 0.023011 -0.048367
v 0.030830 0.007088 -0.091989
v 0.082889 0.007103 -0.091971
v 0.082722 0.007078 -0.039085
v 0.039760 0.023113 -0.082484
v 0.073779 0.023189 -0.082531
v 0.073957 0.023147 -0.048638
v -0.219231 0.568689 0.150884
v -0.170421 0.581796 0.125678
v -0.161335 0.518467 0.115927
v -0.205277 0.506447 0.140259
v -0.254879 0.555307 0.173904
v -0.232818 0.494988 0.167261
v -0.108271 0.593187 0.090794
v -0.102832 0.528936 0.085134
v -0.045077 0.598494 0.056733
v -0.043096 0.533839 0.053420
v -0.311096 0.523170 0.193992
v -0.281893 0.542332 0.183782
v -0.251678 0.485437 0.178334
v -0.269653 0.475383 0.185025
v -0.006959 0.601255 0.049381
v -0.002876 0.602436 0.054262
v -0.002466 0.537484 0.055740
v -0.005058 0.536429 0.049131
v 0.007745 0.602344 0.053426
v 0.009146 0.537385 0.054573
v 0.058485 0.597301 0.020920
v 0.100219 0.592051 -0.004987
v 0.097395 0.527171 -0.000385
v 0.056672 0.532609 0.024327
v 0.212451 0.541180 -0.110118
v 0.254043 0.517372 -0.137974
v 0.229360 0.459462 -0.122720
v 0.189893 0.482180 -0.095770
v 0.319646 0.473186 -0.182866
v 0.344994 0.454121 -0.199625
v 0.314433 0.399840 -0.181852
v 0.290614 0.417894 -0.165648
v 0.413331 0.394416 -0.248540
v 0.439490 0.368821 -0.267182
v 0.398004 0.320530 -0.255331
v 0.375671 0.343712 -0.234513
v 0.462480 0.343326 -0.285082
v 0.416545 0.298907 -0.275361
v 0.479665 0.319320 -0.306440
v 0.426333 0.283786 -0.301579
v 0.488901 0.299668 -0.326444
v 0.428381 0.278282 -0.323745
v 0.427098 0.276812 -0.339373
v 0.491190 0.284695 -0.343324
v 0.289942 0.494457 -0.162647
v 0.262962 0.437930 -0.146168
v 0.491933 0.274330 -0.337898
v 0.493138 0.264607 -0.333315
v 0.428853 0.263130 -0.330478
v 0.371177 0.432868 -0.217263
v 0.337850 0.380087 -0.200090
v -0.007249 0.535359 0.037296
v -0.023130 0.534424 0.043656
v -0.008204 0.599793 0.037837
v 0.176538 0.559961 -0.085387
v 0.156325 0.499887 -0.072057
v 0.140538 0.507162 -0.060630
v 0.141624 0.517313 -0.026492
v 0.144650 0.581403 -0.035338
v 0.145232 0.573995 -0.064717
v 0.137084 0.583940 -0.029175
v -0.327742 0.501334 0.200247
v -0.278938 0.460030 0.189102
v 0.429243 0.249231 -0.327842
v 0.493913 0.253011 -0.328773
v 0.462221 0.096604 -0.328773
v 0.397553 0.092823 -0.327842
v 0.441320 0.096604 -0.685975
v 0.397553 0.092823 -0.711629
v 0.253456 0.092823 -0.327842
v 0.285147 0.249231 -0.327842
v 0.253456 0.092823 -0.792109
v 0.039846 0.009700 0.449075
v 0.066464 0.009729 0.452071
v 0.090009 0.009700 0.427435
v 0.082960 0.009699 0.397695
v 0.054894 0.009699 0.385587
v 0.077014 0.009723 0.447093
v 0.024929 0.009723 0.407666
v 0.030910 0.009741 0.441369
v 0.085191 0.009741 0.438208
v 0.033677 0.009723 0.394596
v 0.054618 0.009723 0.453603
v 0.090091 0.009749 0.411711
v 0.070394 0.009748 0.388237
v 0.043576 0.009729 0.388428
v -0.370419 0.354449 -0.448526
v -0.368870 0.324673 -0.364796
v -0.365793 0.311283 -0.419987
v -0.362511 0.302548 -0.226224
v -0.360034 0.295011 -0.203570
v -0.358421 0.288249 -0.197005
v -0.361118 0.299176 -0.199940
v -0.355790 0.276106 -0.192734
v -0.361466 0.299356 -0.212393
v -0.349328 0.179146 -0.191453
v -0.347544 0.190473 -0.188998
v -0.346496 0.203472 -0.188307
v -0.352368 0.163131 -0.204910
v -0.351007 0.169873 -0.197088
v -0.352770 0.156932 -0.229022
v -0.353103 0.159141 -0.214413
v -0.346041 0.151899 -0.304723
v -0.362346 0.303653 -0.220736
v -0.367347 0.321316 -0.189269
v -0.350379 0.155875 -0.253097
v -0.378425 0.096968 -0.269587
v -0.364283 0.114731 -0.285157
v -0.418375 0.067215 -0.224383
v -0.396918 0.080576 -0.248816
v -0.461280 0.053370 -0.175654
v -0.440190 0.058548 -0.199449
v -0.494399 0.048781 -0.140002
v -0.523899 0.048789 -0.104354
v -0.544229 0.049851 -0.064617
v -0.554559 0.049848 -0.018303
v -0.563011 0.049926 0.067239
v -0.569577 0.050510 0.190639
v -0.571327 0.052729 0.302372
v -0.567775 0.055703 0.383328
v -0.561816 0.057958 0.401454
v -0.548954 0.061146 0.393704
v -0.520168 0.071966 0.458903
v -0.465696 0.096416 0.530422
v -0.453385 0.101410 0.552190
v -0.431549 0.114254 0.570192
v -0.415861 0.115007 0.606216
v -0.348486 0.121391 0.701958
v -0.377583 0.122728 0.663603
v -0.361555 0.122460 0.685483
v -0.318577 0.214952 0.659805
v -0.332365 0.172464 0.681921
v -0.339955 0.149437 0.692816
v -0.305192 0.262461 0.632147
v -0.290596 0.326699 0.589358
v -0.297334 0.294814 0.611641
v -0.281610 0.381795 0.541518
v -0.285403 0.355848 0.566032
v -0.299738 0.487459 0.331084
v -0.297909 0.484329 0.343148
v -0.294443 0.478058 0.363511
v -0.290366 0.469462 0.388718
v -0.286346 0.459497 0.415335
v -0.282785 0.448787 0.441147
v -0.279854 0.437193 0.465630
v -0.278421 0.422967 0.490063
v -0.279139 0.404419 0.515705
v -0.366092 0.317065 -0.276820
v -0.362589 0.299162 -0.310680
v -0.365614 0.309802 -0.325775
v -0.362760 0.304167 -0.191402
v -0.351922 0.256893 -0.190332
v -0.348267 0.235666 -0.189200
v -0.346567 0.218096 -0.188467
v -0.388289 0.333709 -0.437080
v -0.385453 0.313195 -0.423967
v -0.379770 0.286503 -0.406028
v -0.378086 0.290154 -0.204076
v -0.376956 0.283579 -0.197853
v -0.373301 0.268442 -0.192973
v -0.380055 0.296471 -0.216956
v -0.367723 0.183373 -0.193245
v -0.365521 0.197418 -0.190142
v -0.370795 0.169137 -0.205939
v -0.369397 0.175271 -0.198415
v -0.371439 0.164395 -0.219115
v -0.380863 0.298284 -0.234217
v -0.380946 0.297009 -0.266916
v -0.397241 0.350734 0.033522
v -0.366984 0.162292 -0.267120
v -0.358311 0.159806 -0.292263
v -0.376791 0.125241 -0.272123
v -0.397872 0.099998 -0.247956
v -0.426686 0.080862 -0.214525
v -0.445148 0.071961 -0.194006
v -0.469137 0.065004 -0.168783
v -0.485870 0.063193 -0.152063
v -0.524827 0.064313 -0.111095
v -0.540106 0.066040 -0.089913
v -0.549734 0.067227 -0.071529
v -0.557364 0.068315 -0.049741
v -0.565294 0.069579 -0.011961
v -0.582036 0.071885 0.253524
v -0.580489 0.074118 0.351970
v -0.577561 0.075733 0.385802
v -0.574002 0.077578 0.398231
v -0.535008 0.088590 0.455723
v -0.362573 0.137907 0.713268
v -0.378410 0.137768 0.692628
v -0.396321 0.137404 0.666373
v -0.346495 0.179066 0.692454
v -0.330636 0.231988 0.663083
v -0.314105 0.294460 0.625357
v -0.304864 0.337181 0.596168
v -0.299212 0.366481 0.573280
v -0.294860 0.392532 0.549454
v -0.307388 0.500762 0.346187
v -0.297654 0.479090 0.409830
v -0.291228 0.454213 0.466504
v -0.290076 0.434919 0.498704
v -0.291539 0.415841 0.523962
v -0.366886 0.233282 -0.190520
v -0.365060 0.215052 -0.190056
v -0.394987 0.120244 0.637680
v -0.369233 0.333341 -0.435164
v -0.352198 0.135480 -0.298231
v -0.394475 0.380718 -0.333078
v -0.394282 0.381024 -0.329171
v -0.393272 0.360207 -0.305491
v -0.388488 0.331229 -0.268894
v -0.386606 0.323100 -0.252691
v -0.385786 0.320419 -0.238307
v -0.386114 0.321488 -0.217961
v -0.389307 0.328774 -0.157146
v -0.395126 0.339386 -0.071225
v -0.396667 0.343393 -0.031375
v -0.395024 0.358611 0.111327
v -0.392295 0.363069 0.163717
v -0.386566 0.367832 0.224519
v -0.380850 0.372253 0.270028
v -0.375506 0.377934 0.303553
v -0.372160 0.383700 0.325710
v -0.369053 0.390365 0.340113
v -0.366880 0.397146 0.345902
v -0.364695 0.405948 0.348653
v -0.352830 0.446508 0.343224
v -0.342585 0.468918 0.338409
v -0.332210 0.485040 0.333804
v -0.310218 0.504823 0.325550
v -0.354746 0.154405 0.705169
v -0.420504 0.133278 0.628629
v -0.451482 0.123913 0.579200
v -0.477386 0.113049 0.539303
v -0.565934 0.079113 0.412517
v -0.579643 0.070635 0.171933
v -0.573678 0.070317 0.072750
v -0.362921 0.161588 -0.282480
v -0.389117 0.353297 -0.449026
v -0.324853 0.463614 0.333346
v -0.330760 0.452258 0.336479
v -0.336078 0.439779 0.339293
v -0.342075 0.421923 0.342504
v -0.347071 0.400661 0.344176
v -0.349423 0.391902 0.340299
v -0.352127 0.385200 0.330339
v -0.354986 0.379877 0.313225
v -0.357926 0.375901 0.294645
v -0.364927 0.370610 0.248146
v -0.370895 0.367620 0.195312
v -0.376348 0.363881 0.133920
v -0.374581 0.364753 0.149529
v -0.377361 0.359287 0.083372
v -0.378739 0.353723 0.025561
v -0.379529 0.354498 0.032166
v -0.378602 0.349724 -0.012074
v -0.378178 0.344900 -0.058000
v -0.377682 0.346128 -0.046237
v -0.375392 0.340556 -0.091248
v -0.371722 0.334004 -0.142130
v -0.368992 0.328375 -0.189600
v -0.367014 0.324343 -0.234475
v -0.368144 0.327517 -0.253016
v -0.369865 0.334456 -0.267643
v -0.373996 0.359485 -0.301041
v -0.375585 0.382654 -0.329314
v -0.361494 0.290806 -0.405870
v -0.345501 0.154994 -0.304622
v -0.336009 0.162910 0.687694
v -0.299152 0.487072 0.336831
v -0.300994 0.489172 0.321686
v -0.312767 0.480515 0.327045
v -0.318722 0.473229 0.330125
v -0.346890 0.155107 -0.286345
v -0.355706 0.134058 -0.276102
v -0.350947 0.143843 -0.281447
v -0.364126 0.119788 -0.266712
v -0.376515 0.103465 -0.252959
v -0.392753 0.087932 -0.234941
v -0.411966 0.074570 -0.213365
v -0.432988 0.064199 -0.189383
v -0.465909 0.053661 -0.152325
v -0.492224 0.050246 -0.123006
v -0.507864 0.049642 -0.104134
v -0.520787 0.049800 -0.085760
v -0.530807 0.050016 -0.066854
v -0.538192 0.050182 -0.045706
v -0.543443 0.050333 -0.020303
v -0.547541 0.050499 0.011881
v -0.551322 0.050709 0.052215
v -0.554587 0.051018 0.096887
v -0.557834 0.051733 0.158559
v -0.560210 0.053096 0.228956
v -0.560744 0.054323 0.272753
v -0.559954 0.055842 0.316603
v -0.557845 0.057485 0.353532
v -0.554390 0.059147 0.377619
v -0.540948 0.063899 0.408375
v -0.525872 0.069264 0.431533
v -0.493703 0.083329 0.480061
v -0.462047 0.099710 0.526859
v -0.416687 0.120875 0.592306
v -0.403146 0.126237 0.613289
v -0.389936 0.130474 0.633855
v -0.377827 0.133283 0.652477
v -0.344482 0.134778 0.698554
v -0.367065 0.134573 0.668910
v -0.307467 0.485111 0.324504
v -0.322545 0.496167 0.329844
v 0.359455 0.488271 -0.015776
v 0.350033 0.498255 0.051713
v 0.338610 0.505902 0.128430
v 0.327179 0.508811 0.205104
v 0.317563 0.505542 0.274491
v 0.310017 0.497106 0.336072
v 0.304724 0.484620 0.390953
v 0.302975 0.467329 0.440643
v 0.305787 0.444146 0.487352
v 0.312659 0.415197 0.531067
v 0.322565 0.381359 0.571016
v 0.334564 0.343500 0.607135
v 0.347691 0.302617 0.639544
v 0.361281 0.258723 0.669326
v 0.374368 0.213435 0.696142
v 0.386462 0.170144 0.717459
v 0.383397 0.110919 0.761596
v 0.404429 0.106727 0.738406
v 0.408655 0.091562 0.742726
v -0.076135 0.129974 0.901806
v -0.124460 0.130064 0.882317
v -0.169502 0.129430 0.858187
v -0.167250 0.144586 0.853415
v -0.122077 0.146214 0.876966
v -0.073531 0.146922 0.895837
v 0.028553 0.127668 0.921964
v -0.024965 0.129220 0.915317
v -0.022939 0.146758 0.908613
v 0.029611 0.145651 0.914654
v 0.141295 0.122008 0.911729
v 0.084228 0.125365 0.920959
v 0.084222 0.143523 0.913415
v 0.140541 0.140410 0.904023
v 0.257593 0.111784 0.865957
v 0.199566 0.117489 0.893490
v 0.197883 0.136280 0.885741
v 0.254687 0.130718 0.858708
v 0.356451 0.099513 0.795775
v 0.312597 0.105177 0.830548
v 0.308240 0.123645 0.824651
v 0.352066 0.116666 0.790765
v -0.251065 0.138424 0.792703
v -0.258392 0.125296 0.791579
v -0.210384 0.128005 0.830604
v -0.207467 0.142088 0.827037
v -0.190341 0.589541 0.249220
v -0.231914 0.571541 0.269945
v -0.019037 0.625891 0.159022
v 0.072983 0.623618 0.107022
v 0.220563 0.583402 0.018589
v 0.170555 0.602599 0.049429
v 0.324111 0.526480 -0.049495
v 0.268343 0.559455 -0.011943
v 0.358999 0.513299 0.053726
v 0.368109 0.503634 -0.014638
v -0.236698 0.425064 0.581048
v -0.240462 0.400155 0.608885
v 0.335290 0.523789 0.214685
v 0.347851 0.520457 0.129021
v 0.318948 0.511480 0.340047
v 0.326498 0.520020 0.278256
v 0.311946 0.481316 0.445743
v 0.313704 0.498989 0.394823
v 0.322215 0.428268 0.537329
v 0.315078 0.457389 0.493587
v 0.344860 0.356021 0.613844
v 0.332509 0.394056 0.577624
v 0.377911 0.252170 0.688250
v 0.358949 0.313003 0.647733
v 0.403052 0.165833 0.735488
v -0.246181 0.373172 0.633619
v -0.177602 0.146901 0.885256
v -0.130247 0.147311 0.910620
v -0.079252 0.147055 0.930947
v -0.025918 0.146191 0.944769
v 0.029316 0.144734 0.951314
v 0.086310 0.142202 0.950235
v 0.145394 0.138755 0.940733
v 0.206022 0.133978 0.921876
v 0.266466 0.128085 0.893282
v 0.323704 0.121435 0.856296
v 0.370470 0.115268 0.819263
v -0.264692 0.144008 0.820183
v -0.310125 0.141584 0.775308
v -0.219688 0.145812 0.856816
v -0.108412 0.613634 0.206901
v -0.182994 0.574107 0.245262
v -0.215582 0.560488 0.261799
v -0.145071 0.586643 0.225813
v -0.017697 0.608644 0.157581
v -0.061006 0.604479 0.181347
v 0.026353 0.609360 0.132762
v 0.071716 0.606398 0.106542
v 0.118770 0.598776 0.078644
v 0.167541 0.585502 0.048971
v 0.216748 0.566329 0.018127
v 0.264271 0.542102 -0.012757
v 0.314325 0.512173 -0.046960
v 0.368863 0.475460 -0.088171
v -0.263889 0.532859 0.286230
v -0.239867 0.547761 0.274160
v -0.250118 0.513039 0.370219
v -0.256427 0.522573 0.332529
v -0.243430 0.501640 0.407325
v -0.237358 0.488673 0.441557
v -0.232311 0.473521 0.474808
v -0.228763 0.455606 0.508295
v -0.227287 0.435177 0.541425
v -0.228191 0.412411 0.572799
v -0.231605 0.387683 0.600675
v -0.237013 0.360509 0.625681
v -0.262083 0.259819 0.696823
v -0.247960 0.313079 0.661557
v -0.276377 0.210612 0.725380
v -0.284313 0.181107 0.739134
v 0.375671 0.096797 0.781068
v -0.295717 0.123130 0.755249
v -0.293839 0.134335 0.752664
v -0.103849 0.596994 0.204260
v 0.120951 0.615929 0.079097
v 0.024558 0.626668 0.134388
v -0.065675 0.621235 0.183784
v -0.153138 0.602133 0.229689
v -0.309000 0.143024 0.771674
v -0.298665 0.182434 0.755639
v -0.283208 0.234414 0.727490
v -0.267021 0.290605 0.692752
v -0.254420 0.338471 0.660325
v -0.235487 0.448060 0.549656
v -0.237998 0.478712 0.499131
v -0.247859 0.509184 0.432356
v -0.260253 0.530970 0.363245
v -0.271875 0.547534 0.290336
v 0.377835 0.490027 -0.089856
v 0.422477 0.106621 0.764776
v 0.401277 0.110841 0.790169
v 0.385286 0.095242 0.768740
v -0.290261 0.153971 0.747973
v 0.396921 0.133033 0.731065
v 0.483983 0.259294 -0.310084
v 0.477756 0.234013 -0.383421
v 0.437236 0.142461 -0.677056
v 0.435929 0.083259 -0.606275
v 0.455854 0.062800 -0.379196
v 0.446482 0.092545 -0.506841
v 0.463494 0.153759 -0.409346
v 0.459394 0.104180 -0.374587
v 0.453745 0.083481 0.669263
v 0.464982 0.081072 0.640099
v 0.489706 0.072257 0.540724
v 0.477978 0.076977 0.594972
v 0.502174 0.064613 0.428014
v 0.497660 0.068063 0.484706
v 0.504617 0.060929 0.353492
v 0.503214 0.058187 0.250269
v 0.499524 0.057711 0.159274
v 0.489039 0.059582 -0.009237
v 0.476359 0.062441 -0.169725
v 0.476176 0.179760 -0.270690
v 0.474269 0.154661 -0.260929
v 0.471788 0.116186 -0.248831
v 0.442808 0.127628 -0.615574
v 0.472915 0.225725 -0.433829
v 0.480723 0.227176 -0.295067
v 0.478654 0.204697 -0.283078
v 0.482431 0.243667 -0.303058
v 0.470829 0.090433 -0.241774
v 0.477623 0.367681 -0.228644
v 0.512007 0.270319 -0.293293
v 0.507246 0.243134 -0.346886
v 0.499909 0.220542 -0.423029
v 0.446886 0.400122 -0.203393
v 0.453041 0.413371 -0.115324
v 0.458280 0.400128 -0.165121
v 0.436227 0.426355 -0.127661
v 0.433940 0.447653 0.050679
v 0.444819 0.431011 -0.039018
v 0.411060 0.469763 0.052485
v 0.463602 0.140490 -0.677006
v 0.471419 0.130545 -0.597980
v 0.461659 0.096849 -0.634035
v 0.460094 0.063542 -0.595385
v 0.480773 0.063807 -0.386563
v 0.470934 0.091376 -0.529799
v 0.487532 0.138863 -0.414668
v 0.490363 0.117590 -0.341796
v 0.417147 0.458930 0.172878
v 0.424584 0.455816 0.121279
v 0.401574 0.478517 0.120935
v 0.394134 0.481836 0.170916
v 0.408430 0.457408 0.239591
v 0.385351 0.482640 0.223331
v 0.376518 0.480591 0.275424
v 0.395373 0.454889 0.311203
v 0.379367 0.452574 0.369027
v 0.369677 0.475619 0.320631
v 0.364596 0.468598 0.358800
v 0.391376 0.424719 0.411406
v 0.361224 0.459808 0.391761
v 0.360553 0.448796 0.420810
v 0.402646 0.396514 0.445276
v 0.363753 0.434434 0.448186
v 0.369780 0.415600 0.475719
v 0.413614 0.333224 0.530424
v 0.377610 0.391429 0.505318
v 0.386464 0.364578 0.534165
v 0.430585 0.282976 0.565918
v 0.395759 0.337388 0.559627
v 0.407970 0.300194 0.589293
v 0.423667 0.244635 0.625901
v 0.487159 0.092278 0.649162
v 0.475776 0.095938 0.679478
v 0.463359 0.099340 0.705092
v 0.479987 0.123820 0.637673
v 0.455575 0.222295 0.584146
v 0.447599 0.206697 0.622527
v 0.468630 0.126692 0.666394
v 0.444123 0.172959 0.667370
v 0.499884 0.087639 0.607570
v 0.514124 0.080669 0.545597
v 0.522737 0.075701 0.492615
v 0.528080 0.071149 0.435585
v 0.530761 0.066625 0.355359
v 0.529815 0.063788 0.258542
v 0.521950 0.061326 0.093528
v 0.514851 0.062043 -0.011492
v 0.502634 0.063390 -0.163844
v 0.489994 0.359921 -0.187401
v 0.478011 0.378792 -0.164004
v 0.415922 0.415029 0.357120
v 0.426419 0.359151 0.453145
v 0.435570 0.383651 0.363772
v 0.459227 0.414959 0.020956
v 0.477162 0.385052 0.019704
v 0.445474 0.424849 0.148188
v 0.464484 0.393555 0.147238
v 0.431875 0.425007 0.246448
v 0.451956 0.393073 0.247506
v 0.500450 0.338472 -0.203958
v 0.507734 0.316870 -0.215472
v 0.453207 0.343866 0.384613
v 0.444147 0.317608 0.474025
v 0.470822 0.318330 0.351992
v 0.492303 0.352055 0.009673
v 0.499993 0.320578 0.059727
v 0.480561 0.360054 0.145515
v 0.486959 0.325302 0.213612
v 0.467804 0.360810 0.253389
v 0.484896 0.308000 0.283898
v 0.489617 0.142364 0.580641
v 0.469394 0.221730 0.543325
v 0.498488 0.156938 0.523681
v 0.510922 0.145477 0.471589
v 0.518608 0.135066 0.417434
v 0.507359 0.186645 0.404205
v 0.521190 0.134703 0.361009
v 0.514156 0.175860 0.343807
v 0.520311 0.145594 0.264109
v 0.520383 0.135429 0.170968
v 0.511796 0.212743 0.224083
v 0.518158 0.134512 0.074757
v 0.512267 0.233426 0.091106
v 0.512380 0.156855 -0.058121
v 0.507666 0.146379 -0.144894
v 0.502112 0.147059 -0.229230
v 0.501827 0.179967 -0.286898
v 0.510812 0.220351 -0.171176
v 0.512028 0.275247 -0.287926
v 0.511751 0.258876 -0.108287
v 0.511238 0.295189 -0.234925
v 0.509440 0.286695 -0.054050
v 0.514142 0.201038 0.024232
v 0.505829 0.276864 0.124663
v 0.474303 0.247239 0.485633
v 0.475369 0.273575 0.428673
v 0.492954 0.227652 0.425058
v 0.482557 0.286122 0.357085
v 0.497894 0.243843 0.340946
v 0.502805 0.244988 0.281968
v 0.497089 0.286449 0.227911
v 0.525680 0.065121 0.157723
v 0.529447 0.082638 0.355625
v 0.509599 0.106877 0.539385
v 0.458174 0.122185 0.694083
v 0.456889 0.353404 -0.222384
v 0.444501 0.367299 -0.209946
v 0.467502 0.339057 -0.234798
v 0.476692 0.322650 -0.248388
v 0.482970 0.305806 -0.261865
v 0.485682 0.290242 -0.273969
v 0.486176 0.279273 -0.282856
v 0.486309 0.273274 -0.288930
v 0.484490 0.264415 -0.313878
v 0.451578 0.176690 -0.586076
v 0.433892 0.379988 -0.200426
v 0.425441 0.394738 -0.158473
v 0.417219 0.411538 -0.108811
v 0.397876 0.445003 0.023368
v 0.391054 0.453445 0.070704
v 0.404374 0.435226 -0.021408
v 0.437834 0.144183 -0.677638
v 0.437757 0.098860 -0.634849
v 0.434670 0.062986 -0.600901
v 0.446008 0.062092 -0.496535
v 0.384239 0.459551 0.118693
v 0.376695 0.463060 0.168462
v 0.367991 0.463834 0.220697
v 0.359555 0.461742 0.271129
v 0.352826 0.456832 0.315472
v 0.347932 0.449723 0.353334
v 0.344653 0.441091 0.385417
v 0.343968 0.430543 0.413392
v 0.346608 0.417269 0.439387
v 0.352022 0.399541 0.466114
v 0.359216 0.376408 0.495211
v 0.367521 0.350322 0.523934
v 0.376356 0.323880 0.549288
v 0.385152 0.296880 0.571581
v 0.393461 0.268717 0.591836
v 0.403093 0.233744 0.614490
v 0.442051 0.087763 0.693926
v 0.458886 0.082743 0.661166
v 0.441656 0.085147 0.693418
v 0.429241 0.139084 0.668487
v 0.418472 0.178791 0.646609
v 0.483405 0.075337 0.580948
v 0.501274 0.066479 0.469336
v 0.498802 0.057285 0.122083
v 0.478589 0.061619 -0.163192
v 0.410081 0.425202 -0.061265
v 0.438328 0.101949 0.686658
v 0.431855 0.380044 -0.197897
v 0.423823 0.450627 -0.039702
v 0.457265 0.100225 0.646614
v 0.474909 0.095522 0.588455
v 0.486950 0.090908 0.534947
v 0.495436 0.086548 0.479920
v 0.500426 0.082793 0.424749
v 0.502653 0.079771 0.369503
v 0.502975 0.077530 0.315020
v 0.502176 0.076095 0.261802
v 0.500586 0.075462 0.208242
v 0.497832 0.075654 0.138180
v 0.490147 0.077498 0.005646
v 0.479417 0.080501 -0.139633
v 0.474643 0.080833 -0.195062
v 0.470425 0.080524 -0.239732
v 0.462596 0.141082 -0.680995
v 0.461323 0.139432 -0.680546
v 0.458360 0.064165 -0.607403
v 0.456943 0.064759 -0.609170
v 0.462760 0.384631 -0.216370
v 0.487243 0.353568 -0.239232
v 0.498364 0.333519 -0.252492
v 0.506292 0.312628 -0.265740
v 0.510228 0.293985 -0.276477
v 0.510405 0.272365 -0.291531
v 0.503461 0.239070 -0.389450
v 0.494973 0.216701 -0.460959
v 0.477990 0.175960 -0.583434
v 0.436889 0.106905 -0.640538
v -0.233375 0.578583 0.160939
v -0.210628 0.585155 0.148496
v -0.290852 0.551260 0.216971
v -0.260374 0.567061 0.210209
v -0.142920 0.600980 0.111767
v -0.021903 0.616892 0.066945
v -0.314433 0.531929 0.232369
v -0.304685 0.545901 0.191039
v -0.322724 0.531667 0.197002
v -0.260356 0.550436 0.296627
v -0.260257 0.536638 0.342943
v -0.263132 0.542702 0.317893
v -0.286730 0.517101 0.344997
v -0.253320 0.524273 0.386812
v -0.265318 0.495842 0.428213
v -0.245643 0.508682 0.431179
v -0.240390 0.496371 0.460909
v -0.232983 0.467021 0.519489
v -0.235824 0.482473 0.490320
v -0.265172 0.450034 0.506788
v -0.231780 0.448427 0.548283
v -0.267372 0.418956 0.548297
v -0.232921 0.427891 0.576110
v -0.268228 0.389820 0.583707
v -0.235974 0.405040 0.602254
v -0.240819 0.379762 0.626712
v -0.280598 0.337758 0.625522
v -0.247266 0.352142 0.649602
v -0.254818 0.323193 0.670830
v -0.263012 0.293757 0.690454
v -0.297517 0.247373 0.692364
v -0.271843 0.263075 0.709334
v -0.281234 0.230753 0.728016
v -0.326873 0.174536 0.721428
v -0.290334 0.199459 0.745006
v -0.298792 0.170316 0.759650
v -0.330463 0.142682 0.744294
v -0.306060 0.144556 0.771588
v -0.300860 0.531726 0.273838
v -0.288429 0.543128 0.263241
v -0.166564 0.596035 0.239746
v -0.176716 0.593921 0.130550
v -0.073054 0.617709 0.191217
v -0.103392 0.612242 0.207603
v 0.085194 0.613718 0.040997
v 0.110368 0.606536 0.002386
v 0.202300 0.577205 -0.045709
v 0.257627 0.562788 -0.004732
v 0.233612 0.553732 -0.092422
v 0.178741 0.573362 -0.086829
v 0.237172 0.541888 -0.126239
v 0.371711 0.447459 -0.216735
v 0.421951 0.401932 -0.251619
v 0.463552 0.359875 -0.281676
v 0.480527 0.338559 -0.297411
v 0.495683 0.312359 -0.318823
v 0.500409 0.298830 -0.330683
v 0.360285 0.501547 -0.063430
v 0.380344 0.488837 -0.035853
v 0.399216 0.466170 -0.090360
v 0.403203 0.468965 -0.025222
v 0.393202 0.482500 0.063756
v 0.359434 0.508722 0.029061
v 0.353754 0.513813 0.072359
v 0.377549 0.493799 0.137787
v 0.339326 0.521887 0.158828
v 0.346649 0.518531 0.116036
v 0.360855 0.498599 0.230875
v 0.332500 0.522966 0.201900
v 0.350052 0.486967 0.325904
v 0.352393 0.495168 0.285512
v 0.343325 0.475042 0.381520
v 0.337074 0.454627 0.446730
v 0.311074 0.463036 0.481045
v 0.348438 0.416141 0.505270
v 0.320490 0.421501 0.543178
v 0.373187 0.349560 0.574298
v 0.362078 0.378142 0.548219
v 0.397512 0.279564 0.623497
v 0.385790 0.318567 0.595667
v 0.348057 0.332439 0.632765
v 0.358555 0.300246 0.656175
v 0.442546 0.103868 0.731139
v 0.369277 0.266571 0.677592
v 0.176852 0.582522 -0.060046
v 0.274688 0.528327 -0.124185
v 0.381447 0.460394 -0.168624
v 0.357876 0.473997 -0.169245
v 0.434366 0.402363 -0.227270
v 0.464301 0.374061 -0.234135
v 0.447998 0.397152 -0.204687
v 0.477231 0.351367 -0.264861
v 0.493521 0.336544 -0.241686
v 0.506336 0.302193 -0.264291
v 0.504728 0.288444 -0.310003
v 0.503879 0.274958 -0.338645
v 0.305157 0.508903 -0.143558
v 0.294881 0.505844 -0.165503
v 0.292941 0.532716 -0.076055
v 0.385462 0.471761 -0.119862
v 0.365052 0.488495 -0.106141
v 0.461597 0.381938 -0.208614
v 0.480089 0.358325 -0.227349
v 0.501698 0.318179 -0.253660
v 0.509073 0.282111 -0.279195
v 0.509163 0.268486 -0.293481
v 0.505890 0.254432 -0.328847
v 0.430300 0.419392 -0.180284
v -0.227964 0.570865 0.270438
v -0.247201 0.560029 0.281610
v -0.133032 0.605585 0.223006
v -0.037527 0.622589 0.171349
v -0.016855 0.619679 0.087992
v 0.031692 0.619648 0.076162
v 0.076559 0.621314 0.108204
v 0.117995 0.615193 0.083785
v 0.152597 0.606342 0.062388
v 0.203487 0.588287 0.029905
v 0.291168 0.543657 -0.026772
v 0.332673 0.517469 -0.054910
v 0.419127 0.446604 -0.088433
v 0.425695 0.439660 -0.065192
v 0.458573 0.100585 0.704762
v 0.404269 0.308332 0.575670
v 0.369311 0.410357 0.472438
v 0.362035 0.440133 0.423499
v 0.364605 0.461191 0.363067
v 0.374383 0.474182 0.286872
v 0.387270 0.478436 0.202748
v 0.401713 0.473351 0.108134
v 0.336947 0.475652 -0.193146
v 0.364248 0.500771 -0.043874
v 0.363150 0.504037 -0.010763
v 0.326568 0.521620 0.245479
v 0.321401 0.517778 0.289977
v 0.316420 0.511666 0.333953
v 0.311443 0.503470 0.375756
v 0.308244 0.492780 0.414388
v 0.308454 0.479232 0.449091
v 0.314913 0.444207 0.511952
v 0.328374 0.393927 0.575350
v 0.337822 0.363540 0.605962
v 0.391959 0.191843 0.721021
v 0.416111 0.106656 0.767540
v 0.421563 0.184516 0.685059
v 0.451430 0.086674 0.677227
v 0.427334 0.091784 0.717539
v 0.401726 0.095037 0.754194
v 0.451954 0.149876 0.666033
v -0.332205 0.513080 0.230246
v -0.323410 0.512505 0.262595
v -0.311056 0.508847 0.308509
v -0.305643 0.498227 0.344374
v -0.300654 0.487224 0.376376
v -0.290856 0.461928 0.446521
v -0.290983 0.446456 0.472032
v -0.290236 0.432540 0.495095
v -0.291614 0.409889 0.525533
v -0.295666 0.380118 0.556186
v -0.300874 0.351149 0.580895
v -0.311197 0.305575 0.613487
v -0.327123 0.238451 0.655305
v -0.359212 0.140120 0.708723
v 0.180957 0.588029 -0.028115
v 0.331231 0.506183 -0.108804
v 0.348761 0.507453 -0.064634
v 0.027373 0.624886 0.135831
v -0.042114 0.612733 0.056008
v -0.007061 0.615271 0.047398
v -0.201518 0.583175 0.257012
v -0.253496 0.572185 0.170858
v 0.146287 0.597375 -0.026860
v 0.132619 0.601400 -0.015185
v -0.324515 0.130998 0.731081
v -0.295138 0.133714 0.762232
v -0.348506 0.128678 0.702230
v -0.293301 0.137940 0.760272
v -0.298262 0.139160 0.754189
v -0.293521 0.138798 0.759276
v -0.324787 0.137893 0.725386
v -0.345825 0.135596 0.700271
v 0.447657 0.095994 0.674866
v 0.437768 0.098257 0.693192
v 0.448226 0.095106 0.674554
v 0.418729 0.101769 0.723214
v 0.401027 0.103780 0.747721
v 0.399142 0.101897 0.751680
v 0.398953 0.103311 0.750820
v -0.168198 0.581510 0.124065
v -0.194274 0.575201 0.138033
v -0.217038 0.568643 0.150520
v -0.236601 0.562000 0.162074
v -0.253440 0.555375 0.171714
v -0.108097 0.592173 0.090932
v -0.139046 0.587329 0.108052
v -0.104212 0.607022 0.089673
v -0.077755 0.595611 0.074378
v -0.282258 0.541300 0.183836
v -0.296247 0.532608 0.188798
v -0.308749 0.523055 0.193230
v -0.280969 0.560280 0.182323
v -0.321045 0.502429 0.225251
v -0.304172 0.498603 0.290649
v -0.298504 0.493163 0.318500
v -0.293856 0.486484 0.343574
v -0.310665 0.505489 0.315220
v -0.282806 0.451122 0.435397
v -0.293493 0.462874 0.437647
v -0.280593 0.436162 0.465452
v -0.279846 0.422292 0.488510
v -0.280622 0.406663 0.510028
v -0.282485 0.389373 0.530166
v -0.285006 0.370434 0.549156
v -0.290937 0.337304 0.577178
v -0.299548 0.298499 0.604749
v -0.305481 0.271128 0.622399
v -0.310995 0.241465 0.639412
v -0.316056 0.210148 0.655606
v -0.321997 0.187060 0.669078
v -0.336581 0.184227 0.682750
v -0.312761 0.501905 0.256175
v -0.002976 0.602142 0.053120
v -0.006850 0.601080 0.047501
v -0.003391 0.616374 0.052485
v 0.020110 0.601078 0.045127
v 0.003641 0.602253 0.053002
v 0.003626 0.616505 0.052579
v 0.017289 0.615606 0.046327
v 0.106982 0.590327 -0.009503
v 0.075112 0.595235 0.010610
v 0.082949 0.608671 0.005090
v 0.145156 0.574164 -0.064605
v 0.263210 0.511406 -0.144325
v 0.223559 0.534755 -0.117521
v 0.415602 0.433538 -0.058626
v 0.429356 0.406616 -0.150304
v 0.352900 0.447660 -0.204961
v 0.325918 0.468434 -0.186974
v 0.438824 0.391438 -0.185640
v 0.452750 0.373950 -0.207076
v 0.463605 0.360480 -0.218155
v 0.433045 0.374981 -0.262705
v 0.402934 0.403814 -0.240841
v 0.474834 0.345052 -0.229282
v 0.484749 0.328517 -0.240703
v 0.457188 0.348889 -0.281625
v 0.491863 0.311785 -0.252352
v 0.496080 0.295225 -0.264395
v 0.478341 0.320045 -0.306213
v 0.470786 0.331444 -0.295804
v 0.490437 0.322687 -0.310136
v 0.497727 0.279473 -0.277188
v 0.497043 0.261560 -0.299440
v 0.487721 0.300608 -0.325759
v 0.483970 0.309703 -0.316328
v 0.493953 0.253402 -0.328605
v 0.502328 0.284510 -0.343564
v 0.491241 0.284359 -0.343187
v 0.489974 0.292287 -0.334853
v 0.408282 0.446752 -0.001977
v 0.396832 0.461464 0.082676
v 0.402616 0.455099 0.040828
v 0.384384 0.468767 0.165734
v 0.390710 0.466003 0.124448
v 0.371764 0.468720 0.245870
v 0.378042 0.469739 0.206045
v 0.360380 0.460191 0.323946
v 0.365698 0.465522 0.285562
v 0.354172 0.443347 0.391699
v 0.356393 0.452809 0.359606
v 0.354403 0.427607 0.428740
v 0.368599 0.382038 0.493395
v 0.361364 0.401960 0.468851
v 0.386847 0.329778 0.546864
v 0.377539 0.357322 0.520159
v 0.403643 0.272482 0.592537
v 0.395397 0.301540 0.570960
v 0.418870 0.211189 0.628170
v 0.411962 0.242168 0.611976
v 0.145854 0.588358 -0.065320
v 0.295716 0.490153 -0.166569
v 0.491962 0.274963 -0.338310
v 0.373839 0.430002 -0.219536
v 0.428215 0.161339 0.648713
v 0.423367 0.181754 0.640114
v 0.443293 0.158912 0.659082
v -0.318077 0.513604 0.196610
v -0.327554 0.501557 0.200389
v 0.168383 0.563726 -0.080014
v -0.041875 0.598580 0.054961
v 0.187494 0.554222 -0.092935
v 0.146157 0.594032 -0.042572
v 0.144525 0.580868 -0.037616
v 0.138032 0.583458 -0.030053
v 0.128711 0.600111 -0.024272
v -0.008304 0.599849 0.038088
v -0.268252 0.548699 0.178576
v -0.008537 0.613802 0.038798
v -0.339367 0.511865 0.203198
v -0.315925 0.509596 0.291219
v -0.344474 0.178456 0.689909
v -0.346435 0.134940 0.699960
v 0.468683 0.098382 0.685919
v 0.430656 0.217537 0.634929
v 0.440258 0.186573 0.650174
v 0.416466 0.265552 0.606741
v 0.395328 0.337504 0.550846
v 0.385515 0.366213 0.523080
v 0.376575 0.390608 0.496715
v 0.364373 0.426370 0.448836
v 0.362166 0.451633 0.395232
v 0.368716 0.468562 0.326905
v 0.380754 0.477480 0.244853
v 0.393318 0.477386 0.163803
v 0.413603 0.460462 0.023760
v 0.438252 0.415015 -0.148983
v 0.445242 0.403030 -0.178640
v 0.452227 0.393275 -0.195511
v 0.508043 0.260365 -0.308929
v -0.340322 0.185528 0.685346
v 0.143401 0.595985 -0.035055
v 0.447398 0.159593 0.661453
v 0.315121 0.256277 -0.608346
v 0.378098 0.182159 -0.675713
v 0.263424 0.275793 -0.635735
v 0.332577 0.187738 -0.722178
v 0.242393 0.343508 -0.534952
v 0.231939 0.284294 -0.655007
v 0.196207 0.259321 -0.730334
v 0.360022 0.319976 -0.389069
v 0.398597 0.308899 -0.326422
v 0.329184 0.364953 -0.333565
v 0.303290 0.357866 -0.409492
v 0.273526 0.415873 -0.307455
v 0.254684 0.388946 -0.419872
v 0.212898 0.453156 -0.317938
v 0.193559 0.427470 -0.416307
v 0.237807 0.381456 -0.463252
v 0.351082 0.280995 -0.500346
v 0.301013 0.331891 -0.473390
v 0.194452 0.387494 -0.503368
v 0.310888 0.288567 -0.547952
v 0.408068 0.191175 -0.592539
v 0.400509 0.198549 -0.601865
v 0.392718 0.217581 -0.579232
v 0.432958 0.273492 -0.313969
v 0.428710 0.254148 -0.389628
v 0.422453 0.276493 -0.358530
v 0.410579 0.274220 -0.401024
v 0.416730 0.210810 -0.529395
v 0.413425 0.230644 -0.501418
v 0.403388 0.242306 -0.500377
v 0.393427 0.342314 -0.210744
v 0.369012 0.387304 -0.116057
v 0.381238 0.373324 -0.130501
v 0.395970 0.358517 -0.131473
v 0.322998 0.417404 -0.167151
v 0.314167 0.399615 -0.260772
v 0.277329 0.440878 -0.216624
v 0.276717 0.468177 -0.103162
v 0.233940 0.468454 -0.223912
v 0.193071 0.491586 -0.226070
v 0.191684 0.517575 -0.117513
v 0.234046 0.494535 -0.113565
v 0.363408 0.404930 -0.032037
v 0.301628 0.463960 -0.026115
v 0.303022 0.478164 0.072546
v 0.362316 0.418579 0.076672
v 0.262745 0.506358 0.042945
v 0.233694 0.525418 0.041660
v 0.197639 0.537618 0.002611
v 0.204499 0.546030 0.082126
v 0.354933 0.439974 0.179818
v 0.361263 0.427202 0.134283
v 0.315064 0.481760 0.200805
v 0.338584 0.458817 0.198586
v 0.240733 0.541543 0.194469
v 0.287937 0.505993 0.198828
v 0.203854 0.559369 0.192356
v 0.413383 0.339949 -0.129644
v 0.429768 0.318004 -0.126559
v 0.426961 0.297782 -0.257922
v 0.433406 0.293902 -0.223015
v 0.418265 0.306783 -0.264729
v 0.437785 0.246045 -0.347022
v 0.440117 0.269713 -0.249533
v 0.357412 0.091055 -0.678580
v 0.358556 0.091530 -0.676347
v 0.376983 0.144874 -0.742353
v 0.367764 0.119099 -0.710872
v 0.145788 0.546131 -0.069024
v 0.143842 0.559616 0.033183
v 0.164313 0.554240 0.031299
v 0.142765 0.547181 -0.060047
v 0.141691 0.542755 -0.071138
v 0.159546 0.154186 -0.905110
v 0.156372 0.171822 -0.888457
v 0.167881 0.194202 -0.851612
v 0.148939 0.204973 -0.847695
v 0.211010 0.170228 -0.848642
v 0.146598 0.259479 -0.766273
v 0.265396 0.211433 -0.749149
v 0.301190 0.179855 -0.765455
v 0.348735 0.149335 -0.766653
v 0.367504 0.147422 -0.751587
v 0.146120 0.309883 -0.686454
v 0.145834 0.356287 -0.606500
v 0.144702 0.476918 -0.341948
v 0.175234 0.470765 -0.324334
v 0.146922 0.405677 -0.511358
v 0.188103 0.333611 -0.611298
v 0.417500 0.182813 -0.564567
v 0.428959 0.216913 -0.459463
v 0.386480 0.148177 -0.720501
v 0.378014 0.153016 -0.729648
v 0.390722 0.141181 -0.717890
v 0.396616 0.141686 -0.695457
v 0.147324 0.497184 -0.276322
v 0.145725 0.526259 -0.167569
v 0.170124 0.569177 0.191860
v 0.141566 0.232765 -0.775388
v 0.144948 0.198437 -0.849786
v 0.141373 0.137536 -0.801402
v 0.141183 0.157974 -0.779608
v 0.141157 0.180892 -0.750566
v 0.142795 0.110540 -0.823541
v 0.141874 0.121635 -0.815450
v 0.150740 0.155763 -0.900973
v 0.145106 0.101119 -0.829388
v 0.154800 0.149959 -0.904093
v 0.151296 0.093366 -0.832237
v 0.160517 0.147512 -0.903670
v 0.160550 0.089847 -0.832964
v 0.171936 0.148666 -0.899567
v 0.166646 0.089125 -0.830538
v 0.188610 0.146212 -0.883428
v 0.237613 0.150492 -0.843080
v 0.217178 0.091648 -0.784839
v 0.278842 0.148962 -0.810938
v 0.295201 0.119855 -0.761992
v 0.269954 0.091100 -0.740106
v 0.296989 0.091023 -0.718838
v 0.141281 0.335438 -0.611903
v 0.141157 0.246751 -0.646209
v 0.141157 0.274543 -0.597932
v 0.142000 0.415349 -0.482363
v 0.141157 0.353797 -0.419235
v 0.141157 0.369037 -0.373194
v 0.141157 0.382745 -0.325241
v 0.141157 0.318334 -0.509575
v 0.141157 0.337066 -0.464504
v 0.141157 0.297240 -0.554512
v 0.363327 0.144950 -0.756091
v 0.334239 0.090886 -0.692426
v 0.345978 0.090736 -0.684985
v 0.141157 0.404917 -0.222050
v 0.141157 0.413533 -0.169111
v 0.141157 0.422517 -0.116697
v 0.141155 0.524135 0.198294
v 0.141157 0.445655 -0.014861
v 0.141157 0.457254 0.036063
v 0.141157 0.466817 0.089721
v 0.141408 0.555477 0.195449
v 0.141157 0.475114 0.145032
v 0.141157 0.491821 0.186087
v 0.379262 0.133388 -0.517435
v 0.373680 0.121380 -0.563599
v 0.407817 0.160613 -0.624938
v 0.432456 0.224687 -0.417648
v 0.397772 0.188419 -0.300969
v 0.393717 0.174534 -0.358617
v 0.362494 0.099294 -0.645887
v 0.401303 0.210050 -0.203897
v 0.408263 0.237914 -0.119074
v 0.402861 0.221791 -0.153971
v 0.431827 0.280827 -0.117126
v 0.420076 0.260638 -0.111499
v 0.399859 0.199059 -0.254411
v 0.141157 0.394749 -0.274536
v 0.142535 0.334009 -0.645510
v 0.142763 0.241325 -0.789304
v 0.143905 0.247939 -0.784243
v 0.148189 0.186916 -0.872204
v 0.149149 0.165838 -0.895149
v 0.152056 0.157347 -0.904208
v 0.152241 0.162591 -0.899996
v 0.157598 0.151873 -0.906789
v 0.166991 0.150340 -0.902585
v 0.242731 0.155025 -0.841879
v 0.288957 0.152898 -0.807711
v 0.349661 0.146735 -0.766900
v 0.142649 0.524196 -0.175198
v 0.142709 0.467422 -0.359528
v 0.144864 0.457520 -0.395012
v 0.144304 0.433953 -0.451787
v 0.143354 0.378217 -0.565567
v 0.392180 0.137297 -0.714290
v 0.420751 0.187849 -0.538081
v 0.142454 0.572985 0.192371
v 0.438453 0.292453 -0.121568
v 0.141157 0.204222 -0.715674
v 0.363982 0.397574 -0.079190
v 0.141157 0.433544 -0.065430
v -0.122823 0.501867 -0.227003
v -0.235668 0.431803 -0.385296
v -0.181922 0.490118 -0.226009
v -0.258285 0.445840 -0.316102
v -0.280671 0.413963 -0.404227
v -0.280838 0.456474 -0.244029
v -0.050264 0.490005 -0.300143
v -0.079707 0.433758 -0.449244
v -0.221968 0.382184 -0.543949
v -0.228103 0.407555 -0.467917
v -0.196126 0.505556 -0.152686
v -0.225273 0.503522 -0.120960
v -0.131925 0.525597 -0.130888
v -0.299833 0.470286 -0.135546
v -0.064690 0.535347 -0.131136
v -0.062443 0.516894 -0.204159
v -0.176254 0.537293 -0.025679
v -0.128389 0.541427 -0.061922
v -0.219674 0.518076 -0.055542
v -0.218185 0.528815 0.010820
v -0.124858 0.554196 0.007387
v -0.278353 0.492276 -0.059420
v -0.063242 0.564099 0.016724
v -0.063450 0.551377 -0.056925
v -0.288865 0.334587 -0.654547
v -0.263040 0.329217 -0.672943
v -0.192287 0.362460 -0.602055
v -0.141648 0.336739 -0.667493
v -0.134249 0.303445 -0.734944
v -0.301535 0.429894 -0.315788
v -0.304942 0.408578 -0.383862
v -0.308275 0.450360 -0.216152
v -0.286140 0.356431 -0.586588
v -0.297821 0.336684 -0.636554
v -0.295132 0.372585 -0.518130
v -0.296985 0.488645 -0.021634
v -0.154853 0.560540 0.129956
v -0.149560 0.564582 0.194053
v -0.205119 0.546586 0.158604
v -0.201494 0.547894 0.207149
v -0.276225 0.514398 0.134321
v -0.269561 0.519298 0.173845
v -0.063053 0.575785 0.108984
v -0.104491 0.569678 0.103525
v -0.102082 0.575011 0.192423
v -0.070885 0.579750 0.190945
v -0.263492 0.521986 0.205260
v -0.135466 0.531501 0.356815
v -0.188130 0.522152 0.347041
v -0.185249 0.499539 0.413184
v -0.133399 0.507985 0.416166
v -0.252656 0.500932 0.334518
v -0.214370 0.489716 0.409295
v -0.096275 0.524087 0.387326
v -0.067806 0.511073 0.417339
v -0.248077 0.477360 0.403551
v -0.145981 0.561794 0.244735
v -0.174719 0.544293 0.290081
v -0.107844 0.559739 0.294495
v -0.198437 0.545770 0.245125
v -0.149103 0.543965 0.314768
v -0.223926 0.527223 0.288322
v -0.251042 0.524635 0.243637
v -0.159012 0.554463 0.070764
v -0.214545 0.536900 0.071128
v -0.291421 0.500460 0.058638
v -0.336289 0.435598 -0.119053
v -0.336520 0.394307 -0.217903
v -0.328232 0.322956 -0.078819
v -0.328185 0.309594 -0.211344
v -0.331208 0.446804 -0.020626
v -0.322766 0.336565 0.066034
v -0.318135 0.342531 0.135246
v -0.304933 0.347332 0.262346
v -0.298355 0.346049 0.304867
v -0.310009 0.447044 0.195941
v -0.314931 0.345297 0.175045
v -0.310692 0.347132 0.217164
v -0.275620 0.440819 0.398791
v -0.296765 0.441276 0.289983
v -0.283341 0.356653 0.388583
v -0.279917 0.387880 0.396704
v -0.291704 0.344025 0.344123
v -0.287307 0.344536 0.369058
v -0.332484 0.371910 -0.318902
v -0.325472 0.297381 -0.320422
v -0.324334 0.343321 -0.415246
v -0.317843 0.340512 -0.495774
v -0.319544 0.283314 -0.439415
v -0.313687 0.272295 -0.527964
v -0.012915 0.294606 -0.673557
v -0.015183 0.236804 -0.700502
v -0.012126 0.278453 -0.612021
v -0.013636 0.256460 -0.660025
v -0.010683 0.321825 -0.508509
v -0.011130 0.300227 -0.561760
v -0.012822 0.451027 -0.238140
v -0.011155 0.364982 -0.389579
v -0.013107 0.404099 -0.260932
v -0.012042 0.385082 -0.326361
v -0.020798 0.248116 -0.795211
v -0.016560 0.221794 -0.728685
v -0.018125 0.209958 -0.748238
v -0.020253 0.199045 -0.764469
v -0.022614 0.189333 -0.777589
v -0.031111 0.204931 -0.850284
v -0.028073 0.211152 -0.837759
v -0.026934 0.172496 -0.795895
v -0.031461 0.156963 -0.808861
v -0.033682 0.198133 -0.850896
v -0.034082 0.154995 -0.810967
v -0.052897 0.199788 -0.841462
v -0.059729 0.165501 -0.804052
v -0.037575 0.195626 -0.849817
v -0.042798 0.157743 -0.809570
v -0.083417 0.198485 -0.812698
v -0.075758 0.172284 -0.796993
v -0.123437 0.192090 -0.766654
v -0.145904 0.201439 -0.748539
v -0.104196 0.183970 -0.780454
v -0.015362 0.439210 -0.123053
v -0.014257 0.422306 -0.192847
v -0.016674 0.466833 0.016443
v -0.016304 0.454192 -0.052819
v -0.202706 0.224580 -0.692247
v -0.168428 0.210603 -0.727613
v -0.024762 0.181219 -0.787248
v -0.087829 0.177281 -0.790598
v -0.010703 0.343648 -0.450736
v -0.017322 0.483112 0.138243
v -0.017322 0.476829 0.082776
v -0.015400 0.481156 0.233710
v -0.009996 0.548372 0.292259
v -0.013247 0.475613 0.268156
v -0.011661 0.470728 0.288832
v -0.007633 0.453893 0.333813
v -0.002729 0.443067 0.381730
v -0.005146 0.444511 0.359370
v 0.000634 0.473812 0.403307
v -0.000783 0.455950 0.395613
v -0.016396 0.484223 0.204416
v -0.017004 0.485140 0.177100
v -0.201570 0.273831 -0.731198
v -0.136811 0.250487 -0.795060
v -0.062973 0.228676 -0.858464
v -0.012455 0.305869 -0.732676
v -0.012704 0.335691 -0.680515
v -0.012563 0.551448 -0.035046
v -0.096726 0.572335 0.245845
v -0.056852 0.579810 0.232084
v -0.048810 0.575694 0.269974
v -0.279258 0.320059 -0.663490
v -0.191000 0.286289 -0.755093
v -0.295951 0.332465 -0.649972
v -0.327884 0.398338 -0.366937
v -0.332544 0.413792 -0.302716
v -0.335002 0.426886 -0.244340
v -0.332466 0.397504 -0.329927
v -0.337330 0.421960 -0.214441
v -0.306835 0.355219 -0.549127
v -0.316472 0.365793 -0.490392
v -0.309045 0.326059 -0.628962
v -0.311205 0.304870 -0.611610
v -0.300698 0.329388 -0.643357
v -0.310286 0.336216 -0.595447
v -0.012061 0.571027 0.125945
v -0.011473 0.580938 0.194934
v -0.009912 0.580334 0.250134
v -0.015175 0.580471 0.164721
v -0.013457 0.582636 0.229273
v 0.002506 0.505539 0.414582
v -0.004205 0.541882 0.360976
v -0.031073 0.509745 0.416590
v -0.000445 0.506894 0.415105
v -0.293051 0.501015 0.260091
v -0.287508 0.498045 0.292352
v -0.038686 0.228947 -0.866239
v -0.040711 0.223253 -0.872864
v -0.029987 0.229302 -0.864255
v -0.098180 0.255049 -0.821406
v -0.053095 0.256924 -0.824747
v -0.019813 0.274294 -0.797339
v -0.016570 0.422985 -0.494072
v -0.016036 0.536217 -0.142581
v -0.039359 0.297378 -0.757721
v -0.182803 0.284692 -0.762045
v -0.015183 0.290411 -0.770085
v -0.218510 0.302393 -0.727679
v -0.304127 0.330476 -0.637134
v -0.310715 0.317329 -0.620179
v -0.335542 0.439962 -0.181681
v -0.330782 0.464093 -0.050301
v -0.042802 0.581876 0.191808
v -0.311924 0.478528 0.159254
v -0.028939 0.552548 0.340965
v -0.281108 0.488732 0.333558
v -0.055166 0.560964 0.316417
v -0.291354 0.477653 0.298091
v -0.013812 0.571545 0.072776
v -0.321279 0.462854 0.090424
v -0.309082 0.264905 -0.585389
v -0.088180 0.237749 -0.839456
v -0.040672 0.219616 -0.872889
v -0.036070 0.218404 -0.874174
v -0.033497 0.218889 -0.873827
v -0.030798 0.220991 -0.872247
v -0.014953 0.275955 -0.759497
v -0.011991 0.413422 -0.504098
v -0.013162 0.477130 -0.350304
v -0.012161 0.498941 -0.271240
v -0.006521 0.555434 0.330459
v -0.013769 0.307998 -0.738088
v -0.017724 0.272402 -0.797753
v -0.014245 0.344607 -0.667879
v -0.013470 0.388371 -0.574021
v -0.013316 0.449731 -0.426194
v -0.013933 0.498744 -0.283810
v -0.027337 0.229747 -0.860394
v -0.034195 0.221508 -0.874695
v -0.049384 0.226005 -0.868206
v -0.104496 0.248808 -0.828015
v -0.137357 0.262677 -0.801715
v -0.013556 0.518039 -0.215890
v -0.013532 0.546906 -0.090769
v -0.013547 0.561932 -0.001587
v -0.279396 0.329730 -0.667288
v -0.334045 0.452626 -0.115852
v -0.307852 0.264151 -0.589145
v -0.284087 0.292949 -0.632070
v -0.277482 0.254319 -0.613335
v -0.294649 0.260120 -0.598706
v -0.322995 0.479276 0.040612
v -0.308585 0.496083 0.157951
v -0.010635 0.579912 0.260118
v -0.010004 0.574907 0.284409
v -0.008928 0.567282 0.308478
v -0.270879 0.466980 0.399584
v -0.298315 0.501628 0.226811
v -0.009812 0.463363 0.310309
v -0.007174 0.557404 0.332024
v -0.485958 0.056748 0.428183
v -0.443431 0.069201 0.479453
v 0.397429 0.005084 -0.572545
v 0.392646 0.004020 -0.608635
v -0.504288 0.037156 0.444225
v 0.414795 0.020322 -0.512292
v -0.451721 0.052144 0.505443
v -0.514716 0.036095 0.430181
v 0.418860 0.026126 -0.500477
v -0.515394 0.004307 0.399150
v -0.494417 0.005100 0.420220
v -0.454823 0.005444 0.454517
v -0.493376 0.019152 0.437157
v -0.524245 0.017564 0.405194
v 0.396747 0.046652 -0.487595
v 0.395373 0.046410 -0.519691
v -0.534090 0.030685 0.405012
v -0.515877 0.048295 0.389275
v -0.506271 0.051152 0.402604
v -0.529772 0.004262 0.377613
v -0.525871 0.005330 0.388099
v 0.410664 0.017421 -0.553825
v 0.417249 0.025322 -0.539875
v 0.417716 0.025824 -0.571091
v -0.537917 0.026590 0.398210
v -0.542091 0.020348 0.383386
v 0.395444 0.005230 -0.610166
v 0.388900 0.003751 -0.610310
v -0.544576 0.018705 0.370733
v -0.526206 0.003725 0.381157
v -0.532272 0.004033 0.353608
v -0.533145 0.005074 0.367403
v -0.534881 0.005458 0.329009
v -0.547469 0.021097 0.360814
v -0.544864 0.016587 0.332862
v -0.543504 0.027366 0.388985
v -0.546791 0.025175 0.377357
v 0.395381 0.046895 -0.555509
v 0.397359 0.048731 -0.579888
v -0.524362 0.044187 0.370662
v -0.522972 0.045444 0.376358
v -0.520414 0.046684 0.381926
v 0.426452 0.034097 -0.599333
v 0.425600 0.032337 -0.606316
v 0.421352 0.029201 -0.590054
v 0.419388 0.027321 -0.583423
v 0.424529 0.034128 -0.597217
v -0.547193 0.020956 0.337823
v -0.524106 0.040719 0.332305
v -0.524668 0.042366 0.359984
v 0.418763 0.026083 -0.622781
v 0.445457 0.053570 -0.622017
v 0.406096 0.015343 -0.619666
v 0.371413 0.004796 -0.623264
v 0.429359 0.037327 -0.635279
v 0.447115 0.055998 -0.645315
v 0.450259 0.060751 -0.626073
v 0.450965 0.060586 -0.633452
v 0.403518 0.054396 -0.596585
v 0.399932 0.051088 -0.589472
v 0.452219 0.064684 -0.630670
v 0.452343 0.067364 -0.643179
v 0.450835 0.064804 -0.629027
v 0.422327 0.077424 -0.625675
v 0.449945 0.060650 -0.649472
v 0.418233 0.068712 -0.614833
v 0.447573 0.058368 -0.650028
v 0.420719 0.071704 -0.618307
v 0.418010 0.066769 -0.626834
v 0.444725 0.087497 -0.648245
v 0.421351 0.072893 -0.619754
v -0.544592 0.017199 0.244082
v 0.266483 0.004619 -0.677534
v 0.326847 0.022480 -0.672822
v -0.518689 0.037889 0.156318
v -0.522254 0.039142 0.254594
v -0.538642 0.016661 0.111578
v -0.543086 0.018111 0.197477
v 0.426206 0.119949 -0.678724
v 0.424146 0.110623 -0.682747
v 0.391280 0.003702 -0.438518
v 0.377455 0.042695 -0.670971
v 0.381372 0.090203 -0.723295
v 0.457312 0.126851 -0.694984
v 0.456207 0.117775 -0.683018
v 0.455973 0.125169 -0.713669
v 0.452862 0.101259 -0.692719
v 0.424440 0.115820 -0.688468
v 0.454838 0.125750 -0.716757
v 0.456073 0.133621 -0.699204
v 0.456788 0.133391 -0.699694
v 0.453901 0.131509 -0.706362
v 0.454802 0.127049 -0.716781
v 0.425741 0.135833 -0.696252
v 0.424388 0.125483 -0.697361
v 0.421665 0.134556 -0.699362
v 0.409481 0.118822 -0.737518
v 0.414508 0.124725 -0.700232
v 0.425921 0.124809 -0.726216
v 0.411134 0.132698 -0.703012
v 0.392484 0.124327 -0.705003
v 0.396913 0.132274 -0.708062
v 0.137229 0.045516 -0.713809
v 0.140084 0.174529 -0.901223
v 0.228133 0.023468 -0.723881
v 0.386562 0.125615 -0.707265
v 0.387996 0.124967 -0.706254
v 0.410088 0.120502 -0.737709
v 0.409165 0.121915 -0.736502
v 0.161382 0.170306 -0.875114
v 0.385493 0.126787 -0.709036
v 0.404054 0.127070 -0.745893
v 0.392875 0.133001 -0.710086
v 0.132008 0.004326 -0.582406
v 0.138804 0.003813 -0.579910
v 0.134738 0.004757 -0.585359
v -0.521807 0.004802 0.024509
v -0.499906 0.003734 -0.066579
v 0.130508 0.005978 -0.585098
v 0.133204 0.008221 -0.588678
v 0.134406 0.007270 -0.590868
v 0.399482 0.112783 -0.737845
v -0.516260 0.004239 -0.014036
v 0.400809 0.129328 -0.751080
v 0.135466 0.005086 -0.592274
v 0.379772 0.139753 -0.727283
v 0.382210 0.136048 -0.721684
v 0.389669 0.140827 -0.720645
v 0.386240 0.146686 -0.729199
v -0.524584 0.011161 -0.008651
v -0.502574 0.034470 -0.012204
v -0.506913 0.035136 0.016742
v -0.510983 0.035941 0.052222
v -0.514621 0.036795 0.093207
v 0.130565 0.018772 -0.597655
v -0.524343 0.014357 -0.018017
v -0.530906 0.015138 0.026717
v 0.221394 0.103840 -0.828347
v 0.245066 0.138770 -0.856929
v 0.136556 0.058637 -0.634678
v 0.137126 0.059325 -0.638458
v 0.395308 0.125296 -0.752441
v 0.392708 0.131951 -0.759041
v 0.368973 0.136575 -0.776750
v 0.393732 0.133414 -0.757360
v 0.336705 0.147918 -0.763773
v 0.357857 0.146061 -0.747843
v 0.370305 0.144197 -0.737837
v 0.376722 0.142150 -0.731676
v 0.138418 0.003904 -0.705364
v 0.134606 0.005622 -0.666584
v 0.372877 0.152598 -0.743682
v 0.382179 0.149844 -0.734971
v 0.334309 0.156292 -0.773111
v 0.133225 0.056263 -0.631397
v -0.016475 0.006154 -0.585192
v 0.158853 0.003730 -0.724256
v 0.155286 0.005204 -0.728798
v -0.512187 0.004544 -0.039081
v -0.504298 0.004657 -0.064645
v -0.509106 0.008549 -0.064927
v 0.165998 0.006192 -0.728033
v 0.158060 0.023292 -0.753774
v 0.139033 0.004733 -0.715902
v -0.519776 0.013324 -0.041629
v 0.135660 0.005967 -0.704417
v 0.137228 0.006512 -0.714668
v -0.481603 0.033695 -0.073752
v -0.487817 0.033657 -0.062899
v -0.493228 0.033748 -0.050317
v -0.498068 0.034011 -0.034071
v 0.147434 0.004078 -0.724181
v -0.514207 0.013521 -0.059571
v -0.347110 0.003737 -0.225607
v -0.465693 0.003882 -0.116129
v -0.505878 0.013869 -0.077921
v -0.357692 0.005691 -0.224303
v -0.376653 0.004957 -0.203965
v -0.354878 0.004276 -0.223955
v -0.489295 0.004909 -0.091101
v -0.454437 0.004719 -0.130979
v -0.435026 0.007718 -0.153728
v 0.141214 0.006166 -0.722789
v 0.147574 0.006285 -0.728372
v 0.153404 0.025753 -0.756256
v -0.337710 0.005329 -0.248267
v -0.014404 0.020152 -0.598694
v 0.168164 0.042964 -0.776962
v -0.497179 0.010794 -0.089812
v -0.478822 0.011773 -0.114783
v -0.323633 0.004711 -0.270331
v -0.438518 0.036494 -0.127302
v -0.465668 0.034252 -0.096053
v -0.474331 0.033863 -0.084577
v -0.455233 0.034975 -0.108640
v -0.373492 0.022522 -0.225127
v -0.429353 0.017467 -0.169729
v -0.364265 0.035955 -0.246482
v -0.017789 0.004464 -0.582629
v -0.019719 0.004988 -0.585842
v -0.375966 0.047477 -0.194238
v -0.489349 0.014344 -0.103286
v -0.470939 0.015427 -0.126107
v -0.402193 0.041541 -0.165633
v 0.139330 0.042307 -0.758232
v 0.138084 0.042825 -0.749454
v -0.309516 0.004374 -0.311307
v -0.315651 0.004882 -0.290121
v -0.307895 0.003703 -0.289671
v -0.458319 0.015405 -0.140319
v -0.018705 0.007163 -0.588536
v -0.017839 0.025665 -0.604798
v -0.311770 0.008548 -0.318416
v 0.145525 0.038878 -0.767213
v -0.357576 0.047217 -0.264804
v 0.141585 0.040739 -0.762955
v -0.399773 0.027810 -0.204211
v -0.422664 0.022135 -0.179013
v -0.390244 0.030778 -0.216258
v -0.360726 0.053979 -0.213673
v -0.350611 0.060752 -0.229779
v -0.021224 0.004618 -0.651379
v -0.019448 0.006488 -0.648035
v -0.379276 0.036969 -0.230881
v -0.370214 0.045883 -0.246931
v 0.232603 0.153737 -0.839623
v 0.244162 0.145893 -0.864205
v 0.235202 0.161660 -0.845315
v -0.340518 0.068628 -0.248713
v -0.329452 0.066393 -0.265650
v -0.325036 0.092214 -0.293186
v -0.363318 0.055664 -0.261865
v -0.358786 0.063268 -0.275118
v -0.358428 0.064329 -0.274200
v -0.334393 0.073954 -0.261326
v -0.018709 0.038286 -0.671623
v -0.356003 0.075696 -0.282938
v -0.026622 0.003926 -0.665353
v -0.022857 0.005712 -0.664099
v -0.346547 0.064202 -0.314220
v -0.351791 0.064404 -0.295690
v -0.340626 0.040760 -0.286977
v -0.341374 0.063996 -0.338091
v -0.355060 0.060128 -0.281547
v 0.149382 0.103024 -0.851845
v 0.154997 0.130204 -0.890419
v 0.144545 0.158509 -0.915485
v -0.035134 0.003742 -0.671390
v -0.030745 0.005778 -0.673508
v -0.353014 0.093070 -0.311137
v -0.322647 0.113555 -0.314391
v -0.321826 0.129187 -0.329094
v -0.326400 0.116384 -0.304247
v -0.331005 0.089339 -0.277303
v -0.324566 0.143360 -0.329111
v -0.342258 0.079428 -0.351619
v -0.021075 0.007358 -0.661835
v -0.046552 0.004009 -0.672197
v -0.045616 0.006467 -0.676802
v -0.034472 0.007703 -0.678155
v -0.353811 0.121603 -0.322211
v -0.355408 0.096001 -0.301568
v -0.063559 0.005187 -0.666549
v -0.025591 0.007403 -0.670896
v -0.050370 0.022431 -0.692395
v -0.353049 0.132326 -0.339651
v -0.348917 0.123043 -0.361281
v 0.165447 0.129532 -0.888549
v 0.158893 0.131608 -0.892958
v -0.130719 0.006749 -0.629915
v -0.041806 0.044188 -0.716982
v -0.035736 0.057798 -0.728991
v -0.054738 0.053789 -0.721435
v -0.046977 0.054071 -0.725369
v 0.138301 0.110562 -0.831351
v 0.139850 0.108624 -0.842037
v -0.294333 0.024334 -0.513742
v 0.138854 0.178338 -0.889957
v -0.137454 0.004403 -0.622503
v -0.204003 0.005801 -0.584095
v -0.022359 0.048775 -0.706643
v -0.022934 0.003771 -0.579649
v -0.102133 0.040132 -0.677257
v -0.157021 0.025473 -0.629159
v -0.122937 0.071870 -0.689665
v -0.265191 0.004251 -0.540886
v -0.029250 0.048840 -0.716532
v -0.239991 0.004087 -0.558367
v -0.252417 0.004152 -0.549992
v -0.278400 0.004763 -0.528967
v -0.275530 0.018981 -0.544274
v -0.017989 0.065710 -0.641100
v -0.277902 0.005602 -0.533076
v -0.280770 0.007862 -0.532256
v -0.322094 0.145613 -0.343619
v -0.323448 0.162934 -0.357926
v -0.325789 0.181421 -0.372178
v -0.330338 0.208868 -0.391813
v -0.326582 0.177841 -0.357399
v -0.332175 0.215100 -0.384166
v -0.193837 0.041222 -0.615788
v -0.019826 0.075610 -0.719923
v -0.362129 0.208584 -0.385672
v -0.217254 0.060622 -0.611927
v -0.241418 0.072449 -0.601293
v 0.159659 0.244874 -0.765651
v 0.165424 0.239308 -0.771854
v 0.167445 0.228244 -0.789323
v -0.325325 0.083083 -0.499833
v -0.354669 0.154354 -0.347587
v -0.364814 0.219637 -0.401352
v 0.167276 0.248269 -0.775911
v 0.169547 0.243241 -0.783486
v 0.163904 0.251820 -0.771947
v -0.313541 0.058851 -0.532160
v -0.357999 0.178740 -0.365650
v -0.348757 0.138570 -0.394326
v -0.359457 0.197042 -0.422277
v 0.141449 0.252526 -0.763460
v 0.136699 0.245809 -0.791505
v 0.169641 0.230875 -0.802565
v 0.147453 0.259485 -0.768606
v 0.158502 0.254982 -0.769590
v 0.137248 0.232088 -0.783765
v 0.141969 0.247952 -0.789618
v 0.165147 0.159351 -0.885502
v 0.173659 0.157477 -0.881049
v 0.170093 0.166605 -0.890274
v 0.178097 0.165145 -0.885710
v 0.141543 0.163752 -0.913535
v 0.166203 0.150523 -0.915603
v 0.157647 0.151428 -0.919319
v 0.137567 0.243826 -0.792942
v 0.161964 0.162877 -0.884408
v 0.134227 0.246745 -0.791320
v 0.166313 0.169880 -0.889927
v 0.164768 0.173584 -0.886294
v -0.036300 0.195418 -0.858851
v -0.165088 0.089981 -0.671971
v -0.187773 0.116108 -0.671733
v 0.138394 0.245611 -0.793670
v 0.148906 0.159784 -0.918499
v 0.137081 0.247485 -0.791586
v 0.151525 0.154234 -0.919640
v 0.147699 0.156377 -0.917987
v -0.060973 0.100028 -0.760594
v -0.069881 0.155003 -0.804513
v 0.106887 0.261390 -0.767537
v 0.167391 0.151863 -0.915605
v 0.157769 0.153935 -0.920559
v 0.141593 0.167492 -0.911130
v 0.115846 0.267974 -0.771811
v -0.019099 0.205718 -0.783101
v 0.149803 0.157116 -0.920516
v -0.254341 0.094644 -0.603526
v -0.307661 0.098001 -0.559597
v -0.288524 0.135089 -0.594682
v -0.312041 0.058593 -0.538160
v 0.144732 0.161300 -0.917436
v 0.139875 0.167459 -0.908390
v -0.328696 0.114899 -0.547400
v -0.333971 0.130048 -0.547024
v -0.104804 0.113094 -0.737648
v -0.149291 0.151317 -0.729811
v -0.023811 0.184080 -0.830428
v -0.027529 0.194874 -0.849271
v -0.031404 0.195190 -0.854919
v 0.075617 0.267980 -0.770963
v -0.342276 0.146808 -0.505169
v -0.349747 0.193375 -0.560247
v 0.078055 0.276052 -0.776424
v -0.341147 0.261149 -0.414087
v -0.337576 0.244366 -0.415131
v 0.081869 0.259002 -0.800046
v -0.042211 0.192568 -0.857867
v -0.206671 0.147723 -0.676013
v -0.059806 0.198705 -0.854131
v -0.371214 0.254786 -0.415138
v -0.390708 0.344000 -0.472396
v -0.386987 0.326730 -0.484555
v -0.256565 0.134769 -0.623839
v -0.248976 0.193526 -0.664317
v 0.012366 0.276175 -0.777759
v 0.036055 0.274274 -0.775196
v 0.009097 0.266833 -0.807438
v 0.039674 0.282191 -0.780691
v -0.318955 0.171931 -0.583065
v -0.097018 0.182419 -0.803815
v -0.152675 0.185699 -0.752285
v 0.040003 0.263097 -0.804824
v 0.036867 0.266001 -0.805286
v 0.003879 0.268843 -0.807127
v -0.017811 0.266976 -0.808651
v -0.015970 0.265738 -0.807099
v -0.008967 0.276953 -0.778895
v -0.021328 0.239416 -0.847090
v 0.009203 0.284625 -0.783464
v -0.028940 0.285062 -0.785417
v -0.048375 0.195052 -0.859021
v -0.212339 0.200276 -0.704237
v -0.175628 0.227964 -0.760460
v -0.368469 0.270147 -0.570150
v -0.018247 0.266051 -0.809283
v -0.023176 0.230587 -0.862959
v -0.036699 0.275902 -0.780861
v -0.044734 0.272715 -0.785591
v -0.037736 0.283871 -0.786981
v -0.041650 0.217220 -0.879419
v -0.019343 0.268970 -0.808402
v -0.291056 0.234957 -0.644389
v -0.029556 0.227607 -0.872928
v -0.025313 0.227721 -0.870892
v -0.357018 0.336441 -0.480464
v -0.360049 0.349468 -0.468910
v -0.346215 0.202250 -0.569282
v -0.066546 0.225227 -0.870434
v -0.052890 0.219696 -0.877832
v -0.027641 0.223138 -0.873204
v -0.032422 0.221156 -0.877990
v -0.048260 0.265971 -0.795712
v -0.048125 0.274610 -0.800764
v -0.045940 0.279339 -0.793564
v -0.042766 0.282108 -0.789554
v -0.023820 0.231907 -0.865051
v -0.031402 0.223845 -0.877794
v -0.050490 0.245665 -0.844754
v -0.051018 0.235834 -0.841549
v -0.389510 0.344278 -0.470359
v -0.037458 0.220226 -0.880426
v -0.042935 0.221251 -0.881382
v -0.058777 0.235565 -0.841898
v -0.052526 0.243772 -0.847530
v -0.052450 0.242928 -0.849117
v -0.056568 0.243335 -0.848176
v -0.058754 0.243434 -0.848163
v -0.057633 0.223852 -0.875645
v -0.046897 0.220111 -0.881091
v -0.060416 0.244143 -0.846809
v -0.239942 0.230930 -0.695746
v -0.138109 0.268281 -0.777692
v -0.138201 0.252214 -0.816965
v -0.087554 0.233549 -0.855981
v -0.158054 0.263325 -0.801681
v -0.359923 0.350058 -0.470995
v -0.357622 0.343648 -0.493293
v -0.390287 0.344114 -0.472294
v -0.248553 0.313556 -0.685685
v -0.183100 0.271779 -0.781741
v -0.178445 0.293102 -0.750152
v -0.389526 0.345389 -0.471571
v -0.389209 0.344129 -0.477061
v -0.337775 0.297071 -0.625450
v -0.331543 0.259269 -0.612983
v -0.344286 0.310927 -0.569329
v -0.373834 0.304956 -0.587038
v -0.346714 0.322164 -0.564370
v -0.251349 0.303517 -0.725083
v -0.321115 0.302453 -0.595349
v -0.315798 0.302829 -0.601771
v -0.338078 0.307723 -0.578338
v -0.329425 0.304604 -0.587187
v -0.314047 0.304195 -0.604610
v -0.310143 0.309957 -0.612622
v -0.315181 0.316646 -0.663255
v -0.215443 0.286253 -0.755771
v -0.374435 0.311960 -0.587043
v -0.319002 0.311940 -0.601322
v -0.343959 0.319070 -0.574298
v -0.304689 0.320427 -0.624986
v -0.338121 0.316838 -0.582315
v -0.313204 0.321537 -0.614006
v -0.254900 0.325076 -0.684772
v -0.279161 0.305026 -0.697729
v -0.286121 0.338923 -0.656367
v -0.342795 0.303329 -0.620470
v -0.301224 0.327742 -0.632927
v -0.298517 0.331053 -0.637811
v -0.295466 0.332523 -0.642184
v -0.376215 0.311185 -0.583744
v -0.339472 0.307758 -0.626887
v -0.342159 0.304646 -0.619471
v -0.374788 0.310640 -0.587702
v -0.341421 0.305002 -0.620582
v -0.305750 0.335957 -0.630897
v -0.302246 0.339832 -0.637179
v -0.296976 0.341852 -0.644694
v -0.291407 0.332259 -0.646890
v -0.285049 0.329990 -0.653345
v -0.274655 0.003765 -0.530414
v -0.015983 0.063446 -0.637384
v -0.288822 0.318320 -0.693370
v -0.304624 0.326812 -0.679064
v -0.307033 0.328964 -0.676032
v -0.328977 0.325813 -0.649770
v -0.321351 0.332186 -0.660473
v -0.329356 0.326528 -0.647248
v -0.325882 0.330162 -0.654719
v -0.317097 0.331599 -0.666504
v -0.452971 0.049413 0.503609
v -0.412040 0.024198 0.511187
v -0.446756 0.004102 0.458014
v 0.432107 0.029287 -0.331843
v -0.421662 0.076053 0.507272
v 0.419063 0.004160 -0.159100
v 0.428465 0.003973 0.045785
v -0.422645 0.059625 0.542853
v -0.403870 0.055488 0.557508
v -0.342812 0.003766 0.537490
v 0.410371 0.049976 -0.311026
v -0.360481 0.007649 0.533458
v -0.374501 0.004413 0.516537
v 0.432312 0.030464 -0.321861
v 0.431405 0.024480 -0.291540
v -0.397022 0.083707 0.540749
v -0.358496 0.094199 0.594805
v -0.376800 0.071693 0.605582
v 0.417439 0.050573 -0.209206
v -0.377978 0.039841 0.561405
v 0.439876 0.030643 -0.213518
v 0.411327 0.005067 -0.333696
v -0.330989 0.004666 0.555474
v 0.422367 0.051345 -0.141792
v -0.297776 0.106698 0.673239
v -0.334114 0.099702 0.627325
v -0.339655 0.079984 0.654240
v -0.302671 0.085272 0.700074
v -0.293245 0.088460 0.710822
v -0.342067 0.077142 0.650243
v 0.443885 0.031821 -0.151638
v 0.444927 0.030480 -0.141549
v 0.437915 0.024788 -0.185434
v 0.424126 0.005508 -0.115029
v -0.274493 0.035393 0.657392
v -0.198641 0.027484 0.721520
v 0.450058 0.032650 -0.052020
v -0.280763 0.004343 0.603641
v 0.444783 0.025279 -0.079297
v -0.266835 0.111205 0.709042
v -0.240714 0.114259 0.737150
v -0.017058 0.003844 0.380683
v -0.267558 0.089836 0.739614
v -0.250641 0.092859 0.758054
v 0.451998 0.031247 -0.027608
v 0.432063 0.005053 0.069544
v 0.007463 0.003797 0.362798
v 0.434459 0.053273 0.077843
v 0.428838 0.052618 -0.041530
v -0.026711 0.003783 0.432775
v 0.022422 0.029293 0.391645
v 0.455352 0.032788 0.053097
v -0.202471 0.004315 0.686087
v 0.009919 0.029230 0.412565
v -0.214855 0.116850 0.763347
v -0.190096 0.118785 0.786472
v 0.451004 0.025700 0.041401
v 0.016140 0.029296 0.444123
v -0.228563 0.094771 0.780537
v -0.203227 0.097810 0.802981
v 0.025747 0.029241 0.450146
v 0.085336 0.029255 0.390449
v -0.181507 0.079930 0.801559
v 0.093117 0.003842 0.360931
v 0.096306 0.029299 0.395157
v 0.103379 0.029240 0.407107
v 0.089453 0.029228 0.449581
v -0.169807 0.004739 0.716407
v 0.115388 0.003849 0.367387
v 0.114188 0.003704 0.359348
v -0.148479 0.003757 0.729606
v -0.166780 0.119992 0.805779
v -0.142467 0.120838 0.823052
v 0.129014 0.003848 0.379269
v 0.103148 0.029293 0.434156
v 0.097287 0.029295 0.444426
v -0.183509 0.097903 0.820180
v -0.157919 0.098603 0.838595
v 0.140826 0.003781 0.416500
v -0.134940 0.084529 0.837502
v 0.439090 0.053585 0.191703
v 0.106831 0.003824 0.477659
v -0.137928 0.004785 0.740924
v 0.138435 0.003856 0.442662
v -0.115974 0.121512 0.838916
v -0.088418 0.121901 0.852401
v -0.125815 0.099286 0.857664
v -0.091350 0.087620 0.861962
v -0.097185 0.099518 0.871485
v 0.459825 0.032089 0.149213
v 0.447281 0.016488 0.173925
v 0.462032 0.031031 0.224755
v -0.026430 0.003801 0.407116
v -0.092439 0.007629 0.772197
v -0.093524 0.003799 0.765538
v -0.067989 0.004689 0.779889
v -0.067018 0.121971 0.860716
v -0.044661 0.121916 0.867887
v 0.444124 0.055279 0.360200
v 0.443052 0.054330 0.302521
v -0.066916 0.100280 0.882286
v -0.033393 0.100027 0.891619
v -0.064374 0.098276 0.883277
v -0.023976 0.097884 0.894031
v 0.013109 0.029295 0.400868
v 0.437603 0.004484 0.305037
v 0.435500 0.004580 0.371612
v 0.464169 0.030918 0.312387
v 0.464362 0.031400 0.364627
v -0.036919 0.004337 0.789569
v 0.006901 0.004852 0.799457
v 0.464165 0.033089 0.320059
v -0.010893 0.121683 0.876007
v 0.024311 0.121456 0.881829
v 0.010795 0.029290 0.434393
v -0.021213 0.003837 0.451845
v 0.003838 0.098772 0.899583
v 0.039278 0.098560 0.903924
v 0.011707 0.003956 0.797857
v 0.438392 0.060307 0.477015
v 0.441033 0.058693 0.451288
v 0.442767 0.057392 0.424922
v 0.443737 0.056361 0.398124
v -0.008310 0.003870 0.468972
v 0.048179 0.121407 0.884003
v 0.063784 0.121391 0.884573
v 0.078962 0.121318 0.884350
v 0.101166 0.121019 0.882669
v 0.428356 0.003710 0.414364
v 0.423157 0.004424 0.456526
v 0.431583 0.006056 0.424564
v 0.458173 0.034619 0.471200
v 0.462739 0.032471 0.416725
v 0.463320 0.034082 0.405521
v 0.458337 0.036105 0.472283
v 0.069795 0.003708 0.799749
v 0.055377 0.004712 0.803729
v 0.087904 0.004391 0.801568
v 0.071462 0.098408 0.904997
v 0.033920 0.082350 0.887441
v 0.073686 0.080133 0.886483
v 0.130642 0.120069 0.877638
v 0.159357 0.118638 0.869779
v 0.418947 0.068973 0.569775
v 0.424883 0.066655 0.548308
v 0.430196 0.064372 0.525626
v 0.434751 0.062222 0.501815
v 0.102525 0.097988 0.902905
v 0.133620 0.096955 0.897607
v 0.163918 0.095420 0.889331
v 0.412562 0.004217 0.494916
v 0.393710 0.004881 0.548322
v 0.131266 0.004253 0.792562
v 0.010981 0.003838 0.478196
v -0.015816 0.003703 0.486935
v 0.444487 0.032091 0.514602
v 0.432275 0.035217 0.559723
v 0.113343 0.014789 0.809723
v 0.186945 0.116804 0.859280
v 0.214807 0.114390 0.845602
v 0.110091 0.081376 0.885213
v 0.156810 0.082269 0.877387
v 0.451006 0.039096 0.518033
v 0.439552 0.043420 0.565390
v 0.394637 0.076786 0.635666
v 0.405594 0.073481 0.609079
v 0.412510 0.071245 0.589976
v 0.159477 0.004511 0.783524
v 0.222063 0.090924 0.864037
v 0.192993 0.093463 0.878289
v 0.368306 0.004113 0.596669
v 0.188908 0.016623 0.786860
v 0.242596 0.111346 0.828849
v 0.269287 0.107707 0.809364
v 0.417895 0.038623 0.600715
v 0.402374 0.042066 0.636534
v 0.220308 0.004410 0.751865
v 0.186735 0.076899 0.862079
v 0.359832 0.086644 0.701588
v 0.378039 0.081513 0.669662
v 0.139146 0.003703 0.386889
v 0.250845 0.088662 0.846091
v 0.280134 0.083814 0.825202
v 0.344769 0.004266 0.633247
v 0.325635 0.004554 0.658124
v 0.309015 0.003706 0.672340
v 0.266648 0.004435 0.717279
v 0.288018 0.104557 0.792988
v 0.300176 0.102201 0.781018
v 0.311920 0.099632 0.768202
v 0.201020 0.003864 0.762864
v 0.301018 0.004163 0.684109
v 0.323270 0.096840 0.754492
v 0.339319 0.092512 0.733018
v 0.380878 0.044888 0.673721
v 0.362508 0.054274 0.713514
v 0.425887 0.047868 0.607542
v 0.410531 0.052288 0.645048
v 0.055413 0.003852 0.480337
v 0.300258 0.057542 0.775506
v 0.344979 0.068835 0.755885
v 0.304788 0.080322 0.802593
v 0.328563 0.075295 0.776773
v 0.289762 0.081016 0.816693
v 0.231944 0.088863 0.858216
v 0.266260 0.084747 0.835430
v 0.138369 0.003851 0.397334
v 0.393190 0.057019 0.680235
v 0.317717 0.076214 0.789407
v 0.351588 0.069272 0.746755
v 0.370182 0.063177 0.719870
v 0.135593 0.003702 0.479330
v 0.129337 0.003861 0.461589
v -0.038877 0.003704 0.042324
v 0.146352 0.003707 -0.130709
v 0.087054 0.003704 0.108838
v -0.127090 0.003703 0.204075
v -0.012288 0.003707 0.102928
v 0.134171 0.003702 0.097301
v 0.115279 0.008057 -0.112221
v 0.108344 0.008056 0.071768
v -0.001533 0.008057 -0.112222
v 0.108342 0.008056 -0.119861
v 0.010503 0.003695 -0.156733
v 0.129169 0.003710 -0.149576
v -0.035801 0.003713 0.074680
v -0.038238 0.003698 -0.102252
v -0.015420 0.003709 -0.149576
v -0.033778 0.003713 -0.128773
v 0.151713 0.003698 -0.110561
v -0.026997 0.003702 0.090730
v 0.007830 0.003682 0.108074
v 0.152620 0.003700 0.043424
v 0.146193 0.003706 0.082866
v -0.532199 0.004874 0.218087
v -0.526529 0.003801 0.114011
v -0.539482 0.014034 0.151795
v -0.533619 0.012689 0.067413
v 0.125397 0.474592 -0.350524
v 0.125143 0.448857 -0.338397
v 0.125132 0.467914 -0.280995
v 0.142962 0.461445 -0.382156
v 0.125143 0.426292 -0.398835
v 0.125828 0.446666 -0.424652
v 0.125143 0.401385 -0.458683
v 0.143012 0.405204 -0.514680
v 0.125441 0.405804 -0.517707
v 0.125143 0.381185 -0.502816
v 0.125143 0.359986 -0.546186
v 0.091255 0.571822 0.086185
v 0.096776 0.564418 0.018839
v 0.064504 0.582007 0.190133
v 0.142906 0.572377 0.190152
v 0.142866 0.557412 0.011244
v 0.142888 0.543901 -0.083023
v 0.109198 0.555472 -0.037656
v 0.110971 0.552205 -0.044648
v 0.078667 0.531945 -0.024244
v 0.107835 0.526453 -0.039337
v 0.107235 0.554634 -0.038557
v 0.059674 0.534471 -0.014673
v 0.077861 0.560913 -0.022709
v 0.061178 0.567324 0.017768
v 0.088268 0.513482 -0.123300
v 0.083238 0.542304 -0.122635
v 0.108449 0.539128 -0.125201
v 0.107086 0.511070 -0.125136
v 0.111666 0.540002 -0.124141
v 0.113421 0.531582 -0.161899
v 0.111112 0.515902 -0.216356
v 0.111387 0.499976 -0.172040
v 0.111107 0.509926 -0.128427
v 0.087343 0.489467 -0.221216
v 0.103531 0.487591 -0.222468
v 0.104174 0.516098 -0.222760
v 0.075642 0.519145 -0.220576
v 0.111083 0.488579 -0.216139
v 0.142902 0.504763 -0.252204
v 0.107131 0.516416 -0.224360
v 0.064869 0.547849 -0.105250
v 0.072276 0.544595 -0.120224
v 0.108120 0.543676 -0.104564
v 0.082225 0.517977 -0.104366
v 0.108341 0.515219 -0.104051
v 0.110987 0.515495 -0.101228
v 0.111066 0.525102 -0.045750
v 0.142890 0.526936 -0.165793
v 0.121332 0.471166 -0.271825
v 0.125093 0.494952 -0.289011
v 0.111983 0.473884 -0.266539
v 0.061134 0.520345 -0.222233
v 0.110881 0.501347 -0.275493
v 0.085694 0.476261 -0.266999
v 0.059975 0.477416 -0.267484
v 0.068936 0.490922 -0.220230
v 0.069080 0.515090 -0.122431
v 0.020363 0.369603 -0.614461
v 0.071271 0.339749 -0.601991
v 0.110938 0.360341 -0.610660
v 0.113266 0.334204 -0.599092
v 0.114495 0.360041 -0.611370
v 0.080136 0.339630 -0.660787
v 0.118654 0.361015 -0.606808
v 0.093799 0.295876 -0.733544
v 0.143119 0.306852 -0.694407
v 0.122014 0.336230 -0.592299
v 0.124887 0.364148 -0.598869
v 0.124988 0.339468 -0.585200
v 0.142319 0.260424 -0.768035
v 0.070601 0.277004 -0.776320
v 0.058190 0.367230 -0.614337
v 0.014896 0.370229 -0.615102
v 0.011573 0.371687 -0.611492
v 0.017814 0.344175 -0.603329
v -0.012333 0.327981 -0.703208
v 0.039744 0.342626 -0.603196
v 0.025406 0.313606 -0.723187
v 0.029157 0.282138 -0.780614
v -0.012192 0.388399 -0.580193
v 0.005391 0.376547 -0.602541
v 0.005034 0.400123 -0.552742
v 0.005277 0.370490 -0.549785
v 0.006413 0.348990 -0.594954
v 0.005277 0.396628 -0.490480
v -0.012595 0.283942 -0.784154
v 0.015192 0.535050 -0.162471
v 0.020748 0.514556 -0.125276
v 0.050247 0.543882 -0.122312
v 0.046413 0.515634 -0.122824
v 0.017279 0.513394 -0.130120
v 0.017260 0.503525 -0.171828
v 0.017527 0.491866 -0.216035
v 0.022994 0.519280 -0.224467
v 0.051394 0.519703 -0.220991
v 0.049589 0.491247 -0.220861
v -0.012227 0.560531 -0.027464
v -0.012229 0.542409 -0.125276
v 0.016450 0.556798 -0.055930
v 0.017470 0.547535 -0.101612
v 0.017535 0.519637 -0.101079
v 0.041851 0.519498 -0.104363
v 0.059814 0.519262 -0.104364
v 0.016484 0.520816 -0.217268
v 0.057080 0.503849 -0.278172
v 0.038946 0.477504 -0.267520
v 0.019002 0.503209 -0.278131
v 0.015525 0.476576 -0.268408
v 0.012933 0.501792 -0.280703
v -0.012224 0.509342 -0.254083
v 0.005064 0.498052 -0.293022
v 0.006040 0.473155 -0.278289
v -0.012230 0.477820 -0.355146
v 0.027055 0.567805 0.017126
v -0.012237 0.583876 0.190232
v 0.037022 0.574728 0.082342
v 0.036526 0.565344 -0.001440
v 0.032133 0.564179 -0.003198
v 0.037666 0.536364 -0.003875
v 0.039101 0.564066 -0.004154
v 0.017484 0.528658 -0.052729
v 0.017657 0.561141 -0.015662
v 0.017595 0.534411 -0.016140
v -0.012214 0.573396 0.073924
v 0.004601 0.476474 -0.360142
v 0.005277 0.458781 -0.323566
v 0.005277 0.443163 -0.369692
v -0.012232 0.432971 -0.477493
v 0.004610 0.424330 -0.497497
v 0.005277 0.420879 -0.430283
v 0.005039 0.450400 -0.431908
v 0.135448 0.236609 -0.753850
v 0.136932 0.276142 -0.691534
v 0.137772 0.311995 -0.630290
v 0.138267 0.334607 -0.589651
v 0.138704 0.358148 -0.545301
v -0.011057 0.462998 -0.308642
v -0.011408 0.442674 -0.369713
v -0.011856 0.420623 -0.430434
v -0.012370 0.396681 -0.490712
v -0.012922 0.370914 -0.550082
v 0.138885 0.522556 -0.037344
v 0.138790 0.530171 0.022252
v 0.138780 0.536007 0.081859
v 0.138826 0.540496 0.138813
v 0.138810 0.544272 0.192102
v -0.012079 0.551009 0.139495
v -0.012248 0.555582 0.192536
v -0.011686 0.545608 0.082322
v -0.011333 0.538819 0.022686
v -0.011045 0.530255 -0.036741
v 0.045732 0.554462 0.192197
v 0.067723 0.553028 0.192116
v 0.022165 0.555197 0.192329
v 0.139708 0.467308 -0.277795
v 0.139552 0.484980 -0.217284
v 0.139317 0.500132 -0.156838
v 0.139073 0.512671 -0.096716
v -0.013512 0.342776 -0.609997
v -0.014128 0.313037 -0.669786
v -0.014640 0.287398 -0.719604
v -0.014907 0.259130 -0.771009
v -0.010883 0.522292 -0.081122
v -0.010789 0.513096 -0.125711
v -0.010752 0.498517 -0.186169
v -0.010832 0.481800 -0.246944
v 0.139074 0.379199 -0.502548
v 0.139354 0.399553 -0.458394
v 0.139616 0.424519 -0.398741
v 0.139737 0.447127 -0.338410
v 0.079661 0.249868 -0.760789
v 0.053365 0.254342 -0.764075
v 0.093286 0.550467 0.192076
v 0.024299 0.257453 -0.767362
v 0.118326 0.498475 -0.279721
v 0.007080 0.499870 -0.286871
v 0.126048 0.364299 -0.599495
v 0.111561 0.537966 -0.129282
v 0.017030 0.544074 -0.123639
v 0.107699 0.487727 -0.220427
v 0.020241 0.542671 -0.125179
v 0.019715 0.519350 -0.220078
v 0.023351 0.490336 -0.222051
v 0.017427 0.519323 -0.215489
v 0.022324 0.535652 -0.007823
v 0.021975 0.563382 -0.007845
v 0.028928 0.536275 -0.004088
v 0.023196 0.564243 -0.005890
v 0.020895 0.547392 -0.104619
v 0.020550 0.519057 -0.104149
v 0.112097 0.518008 -0.215012
v 0.109498 0.500151 -0.276898
v 0.108342 0.516499 -0.220985
v 0.017081 0.541725 -0.129202
v 0.025696 0.518796 -0.223037
v 0.111581 0.553920 -0.043521
v 0.113173 0.544384 -0.101278
v 0.111197 0.543590 -0.101537
v 0.015700 0.548300 -0.102380
v 0.016698 0.562927 -0.015581
v 0.143042 0.350542 -0.618785
v -0.339662 0.506100 0.051251
v -0.323582 0.511608 0.142509
v -0.348687 0.386353 0.143138
v -0.327269 0.384201 0.317875
v -0.318411 0.477337 0.222923
v -0.305767 0.509859 0.232521
v -0.363397 0.478541 -0.129026
v -0.363250 0.383435 -0.046770
v -0.354288 0.381434 0.085755
v -0.353355 0.494500 -0.039739
v -0.365235 0.366522 -0.117356
v -0.357902 0.322813 0.034037
v -0.358879 0.297317 -0.065392
v -0.352310 0.255528 -0.109050
v -0.347496 0.261730 0.125587
v -0.345413 0.328458 0.206404
v -0.336694 0.270499 0.266804
v -0.288938 0.499303 0.316788
v -0.313864 0.385739 0.405546
v -0.296192 0.436280 0.402696
v -0.283143 0.475934 0.378459
v -0.321731 0.327624 0.404650
v -0.320189 0.272071 0.403917
v -0.365504 0.361276 -0.184692
v -0.368153 0.460333 -0.213475
v -0.368795 0.441910 -0.290248
v -0.362162 0.349014 -0.286823
v -0.357442 0.296350 -0.233318
v -0.347214 0.236696 -0.234740
v -0.366795 0.424859 -0.357467
v -0.360636 0.397125 -0.464314
v -0.354434 0.346647 -0.413432
v -0.336247 0.210071 -0.315448
v -0.348740 0.280239 -0.335631
v -0.331586 0.148529 0.026845
v -0.328556 0.145472 -0.102824
v -0.332075 0.149611 0.060933
v -0.330522 0.200674 0.256268
v -0.331353 0.151892 0.144581
v -0.326702 0.153562 0.229218
v -0.314603 0.215789 0.399720
v -0.318094 0.156716 0.311924
v -0.312069 0.173725 0.374329
v -0.325565 0.143616 -0.237995
v -0.315079 0.138564 -0.343507
v -0.321228 0.141687 -0.293225
v -0.340295 0.299437 -0.489348
v -0.341624 0.311025 -0.499234
v -0.349664 0.347906 -0.521282
v -0.356038 0.377505 -0.540238
v -0.338127 0.377271 -0.540788
v -0.323933 0.216942 -0.453387
v -0.333858 0.270005 -0.478083
v -0.304507 0.132601 -0.417759
v -0.286269 0.132522 -0.418165
v -0.247595 0.311330 -0.499598
v -0.307002 0.376001 -0.539941
v -0.274460 0.367275 -0.534114
v -0.256452 0.344910 -0.519538
v -0.231021 0.224999 -0.457277
v -0.239813 0.270160 -0.478288
v -0.255892 0.134455 -0.418961
v -0.223255 0.180812 -0.438175
v -0.228507 0.147745 -0.424432
v -0.345405 0.257311 -0.456073
v -0.351099 0.263787 -0.476566
v -0.353273 0.270262 -0.497058
v -0.352371 0.276738 -0.517551
v -0.348881 0.283214 -0.538043
v -0.342314 0.289689 -0.558536
v -0.332346 0.296165 -0.579028
v -0.341060 0.290358 -0.548669
v -0.338640 0.296978 -0.548035
v -0.339228 0.306055 -0.553760
v -0.345352 0.312385 -0.548059
v -0.347877 0.307670 -0.523227
v -0.350158 0.320015 -0.528536
v -0.348963 0.278375 -0.506485
v -0.344565 0.291525 -0.521860
v -0.346878 0.285208 -0.502449
v -0.348558 0.298860 -0.498503
v -0.345529 0.269749 -0.470881
v -0.346031 0.282377 -0.480417
v -0.352922 0.316327 -0.503234
v -0.346414 0.292324 -0.477887
v 0.127606 0.444170 -0.363008
v 0.003394 0.448894 -0.350622
v 0.003394 0.476796 -0.266093
v 0.127606 0.476796 -0.266093
v 0.127606 0.374453 -0.528232
v 0.003394 0.378078 -0.520379
v 0.127606 0.336734 -0.604105
v 0.003394 0.336734 -0.604105
v 0.117884 0.003707 0.106128
v 0.106303 0.003708 -0.156306
v 0.504682 0.037081 -0.581510
v 0.548110 0.062602 -0.476030
v 0.556379 0.083915 0.041463
v 0.464921 0.140639 -0.665890
v 0.525507 0.041897 -0.574342
v 0.535938 0.017208 -0.554593
v 0.563119 0.058889 -0.484933
v 0.531036 0.068283 -0.481270
v 0.537733 0.061944 -0.528871
v 0.522205 0.116133 0.183337
v 0.525291 0.070724 0.162939
v 0.459419 0.069546 -0.611915
v 0.461685 0.064372 -0.582639
v 0.473700 0.142079 -0.592225
v 0.483018 0.117604 -0.571911
v 0.484044 0.093767 -0.633051
v 0.497642 0.076017 -0.614441
v 0.478520 0.092549 -0.634598
v 0.510335 0.065416 -0.599927
v 0.529185 0.058004 -0.582663
v 0.545890 0.054463 -0.568878
v 0.587512 0.051537 -0.536298
v 0.573134 0.018455 -0.525686
v 0.562887 0.007315 -0.522742
v 0.501399 0.007325 -0.556333
v 0.490457 0.024847 -0.577160
v 0.482736 0.036987 -0.543818
v 0.499044 0.092014 -0.523620
v 0.513375 0.070551 -0.566906
v 0.523959 0.067888 -0.533336
v 0.559496 0.056605 -0.526144
v 0.607611 0.052078 -0.506232
v 0.618616 0.052193 -0.469185
v 0.594460 0.018820 -0.470265
v 0.584353 0.018343 -0.504187
v 0.579585 0.007315 -0.489406
v 0.471806 0.092764 -0.522374
v 0.490848 0.108662 -0.520586
v 0.507559 0.082239 -0.511463
v 0.518264 0.074402 -0.496286
v 0.583539 0.056887 -0.442441
v 0.487430 0.145451 -0.428244
v 0.495044 0.121979 -0.426146
v 0.509524 0.092978 -0.415085
v 0.613644 0.018395 -0.357674
v 0.605143 0.007315 -0.348026
v 0.533004 0.007314 -0.548130
v 0.551564 0.065400 -0.332801
v 0.581337 0.058252 -0.322647
v 0.508433 0.034764 -0.316893
v 0.568530 0.060448 -0.306212
v 0.637736 0.052191 -0.354372
v 0.484167 0.068286 -0.354927
v 0.519961 0.081968 -0.400824
v 0.539673 0.072277 -0.320418
v 0.490685 0.116480 -0.336734
v 0.502570 0.151685 -0.228980
v 0.510185 0.127187 -0.234604
v 0.532020 0.097325 -0.153596
v 0.572642 0.065825 -0.117763
v 0.554935 0.073879 -0.149955
v 0.533608 0.026693 -0.116453
v 0.506149 0.064943 -0.124356
v 0.500450 0.065845 -0.188100
v 0.508109 0.155621 -0.144669
v 0.541587 0.085352 -0.151896
v 0.620909 0.056495 -0.105522
v 0.623804 0.055116 -0.305565
v 0.662947 0.052496 -0.153963
v 0.660485 0.052148 -0.184425
v 0.637150 0.016218 -0.172230
v 0.629816 0.007315 -0.170161
v 0.631896 0.007359 -0.131066
v 0.537895 0.007317 -0.220333
v 0.582936 0.061240 -0.143369
v 0.605254 0.058105 -0.096924
v 0.662403 0.052103 -0.128317
v 0.623620 0.019658 -0.089085
v 0.551760 0.082330 -0.066663
v 0.565500 0.072587 -0.057820
v 0.611669 0.053754 -0.015729
v 0.581972 0.015925 -0.009575
v 0.560756 0.007229 0.017842
v 0.511699 0.064161 -0.054315
v 0.526553 0.117214 -0.092699
v 0.538112 0.100694 -0.053341
v 0.584094 0.063498 -0.055314
v 0.595366 0.060181 -0.073872
v 0.596158 0.056677 -0.013466
v 0.594139 0.056670 0.025626
v 0.560684 0.007317 -0.002911
v 0.533307 0.040744 0.007966
v 0.542125 0.110321 0.034851
v 0.551973 0.089542 0.001793
v 0.567151 0.072447 -0.011880
v 0.572725 0.065738 0.040889
v 0.583607 0.060072 0.018025
v 0.581143 0.061651 0.057460
v 0.553090 0.024455 0.055288
v 0.530730 0.052968 0.097677
v 0.515265 0.181934 0.040032
v 0.536122 0.129651 0.065964
v 0.569961 0.071792 0.085241
v 0.558699 0.090955 0.115637
v 0.554146 0.055282 0.094963
v 0.542218 0.043250 0.104529
v 0.519279 0.063192 0.050317
v 0.517814 0.139783 0.070932
v 0.530462 0.150376 0.092614
v 0.551122 0.107728 0.134850
v 0.544749 0.076858 0.128653
v 0.537722 0.047223 0.118713
v 0.523211 0.062026 0.122208
v 0.513133 0.213992 0.147641
v 0.545956 0.119383 0.148466
v 0.535772 0.148602 0.173243
v 0.513311 0.204963 0.210138
v 0.518527 0.197038 0.205837
v 0.507037 0.243694 0.214928
v 0.478171 0.058996 -0.605592
v 0.468528 0.055020 -0.602011
v 0.470341 0.101604 -0.641011
v 0.513024 0.166087 -0.048925
v 0.502111 0.104495 -0.424896
v 0.527821 0.173487 0.189793
v 0.096451 0.542801 -0.419809
v 0.102634 0.537573 -0.426013
v 0.090203 0.537573 -0.426013
v 0.102634 0.537573 -0.413604
v 0.090203 0.537573 -0.413604
v 0.046466 0.542801 -0.419809
v 0.052714 0.537573 -0.426013
v 0.040218 0.537573 -0.426013
v 0.052714 0.537573 -0.413604
v 0.040218 0.537573 -0.413604
v 0.033969 0.542801 -0.419809
v 0.027786 0.537573 -0.426013
v 0.027786 0.537573 -0.413604
v 0.083955 0.542801 -0.419809
v 0.077707 0.537573 -0.426013
v 0.077707 0.537573 -0.413604
v 0.058962 0.542801 -0.419809
v 0.065210 0.537573 -0.426013
v 0.065210 0.537573 -0.413604
v 0.071458 0.542801 -0.419809
v 0.096451 0.540002 -0.451794
v 0.102634 0.533776 -0.456996
v 0.090203 0.533776 -0.456996
v 0.102634 0.535931 -0.444776
v 0.090203 0.535931 -0.444776
v 0.046466 0.540002 -0.451794
v 0.052714 0.533776 -0.456996
v 0.040218 0.533776 -0.456996
v 0.052714 0.535931 -0.444776
v 0.040218 0.535931 -0.444776
v 0.033969 0.540002 -0.451794
v 0.027786 0.533776 -0.456996
v 0.027786 0.535931 -0.444776
v 0.083955 0.540002 -0.451794
v 0.077707 0.533776 -0.456996
v 0.077707 0.535931 -0.444776
v 0.058962 0.540002 -0.451794
v 0.065210 0.533776 -0.456996
v 0.065210 0.535931 -0.444776
v 0.071458 0.540002 -0.451794
v 0.096451 0.531692 -0.482807
v 0.102634 0.524657 -0.486849
v 0.090203 0.524657 -0.486849
v 0.102634 0.528902 -0.475189
v 0.090203 0.528902 -0.475189
v 0.046466 0.531692 -0.482807
v 0.052714 0.524657 -0.486849
v 0.040218 0.524657 -0.486849
v 0.052714 0.528902 -0.475189
v 0.040218 0.528902 -0.475189
v 0.033969 0.531692 -0.482807
v 0.027786 0.524657 -0.486849
v 0.027786 0.528902 -0.475189
v 0.083955 0.531692 -0.482807
v 0.077707 0.524657 -0.486849
v 0.077707 0.528902 -0.475189
v 0.058962 0.531692 -0.482807
v 0.065210 0.524657 -0.486849
v 0.065210 0.528902 -0.475189
v 0.071458 0.531692 -0.482807
v 0.096451 0.518123 -0.511906
v 0.102634 0.510493 -0.514666
v 0.090203 0.510493 -0.514666
v 0.102634 0.516698 -0.503919
v 0.090203 0.516698 -0.503919
v 0.046466 0.518123 -0.511906
v 0.052714 0.510493 -0.514666
v 0.040218 0.510493 -0.514666
v 0.052714 0.516698 -0.503919
v 0.040218 0.516698 -0.503919
v 0.033969 0.518123 -0.511906
v 0.027786 0.510493 -0.514666
v 0.027786 0.516698 -0.503919
v 0.083955 0.518123 -0.511906
v 0.077707 0.510493 -0.514666
v 0.077707 0.516698 -0.503919
v 0.058962 0.518123 -0.511906
v 0.065210 0.510493 -0.514666
v 0.065210 0.516698 -0.503919
v 0.071458 0.518123 -0.511906
v 0.096451 0.499707 -0.538207
v 0.102634 0.491714 -0.539599
v 0.090203 0.491714 -0.539599
v 0.102634 0.499690 -0.530094
v 0.090203 0.499690 -0.530094
v 0.046466 0.499707 -0.538207
v 0.052714 0.491714 -0.539599
v 0.040218 0.491714 -0.539599
v 0.052714 0.499690 -0.530094
v 0.040218 0.499690 -0.530094
v 0.033969 0.499707 -0.538207
v 0.027786 0.491714 -0.539599
v 0.027786 0.499690 -0.530094
v 0.083955 0.499707 -0.538207
v 0.077707 0.491714 -0.539599
v 0.077707 0.499690 -0.530094
v 0.058962 0.499707 -0.538207
v 0.065210 0.491714 -0.539599
v 0.065210 0.499690 -0.530094
v 0.071458 0.499707 -0.538207
v 0.096451 0.477004 -0.560910
v 0.102634 0.468890 -0.560894
v 0.090203 0.468890 -0.560894
v 0.102634 0.478396 -0.552917
v 0.090203 0.478396 -0.552917
v 0.046466 0.477004 -0.560910
v 0.052714 0.468890 -0.560894
v 0.040218 0.468890 -0.560894
v 0.052714 0.478396 -0.552917
v 0.040218 0.478396 -0.552917
v 0.033969 0.477004 -0.560910
v 0.027786 0.468890 -0.560894
v 0.027786 0.478396 -0.552917
v 0.083955 0.477004 -0.560910
v 0.077707 0.468890 -0.560894
v 0.077707 0.478396 -0.552917
v 0.058962 0.477004 -0.560910
v 0.065210 0.468890 -0.560894
v 0.065210 0.478396 -0.552917
v 0.071458 0.477004 -0.560910
v 0.096451 0.450703 -0.579326
v 0.102634 0.442716 -0.577901
v 0.090203 0.442716 -0.577901
v 0.102634 0.453462 -0.571697
v 0.090203 0.453462 -0.571697
v 0.046466 0.450703 -0.579326
v 0.052714 0.442716 -0.577901
v 0.040218 0.442716 -0.577901
v 0.052714 0.453462 -0.571697
v 0.040218 0.453462 -0.571697
v 0.033969 0.450703 -0.579326
v 0.027786 0.442716 -0.577901
v 0.027786 0.453462 -0.571697
v 0.083955 0.450703 -0.579326
v 0.077707 0.442716 -0.577901
v 0.077707 0.453462 -0.571697
v 0.058962 0.450703 -0.579326
v 0.065210 0.442716 -0.577901
v 0.065210 0.453462 -0.571697
v 0.071458 0.450703 -0.579326
v 0.096451 0.421604 -0.592896
v 0.102634 0.413985 -0.590105
v 0.090203 0.413985 -0.590105
v 0.102634 0.425646 -0.585861
v 0.090203 0.425646 -0.585861
v 0.046466 0.421604 -0.592896
v 0.052714 0.413985 -0.590105
v 0.040218 0.413985 -0.590105
v 0.052714 0.425646 -0.585861
v 0.040218 0.425646 -0.585861
v 0.033969 0.421604 -0.592896
v 0.027786 0.413985 -0.590105
v 0.027786 0.425646 -0.585861
v 0.083955 0.421604 -0.592896
v 0.077707 0.413985 -0.590105
v 0.077707 0.425646 -0.585861
v 0.058962 0.421604 -0.592896
v 0.065210 0.413985 -0.590105
v 0.065210 0.425646 -0.585861
v 0.071458 0.421604 -0.592896
v 0.096451 0.390590 -0.601205
v 0.102634 0.383572 -0.597134
v 0.090203 0.383572 -0.597134
v 0.102634 0.395793 -0.594980
v 0.090203 0.395793 -0.594980
v 0.046466 0.390590 -0.601205
v 0.052714 0.383572 -0.597134
v 0.040218 0.383572 -0.597134
v 0.052714 0.395793 -0.594980
v 0.040218 0.395793 -0.594980
v 0.033969 0.390590 -0.601205
v 0.027786 0.383572 -0.597134
v 0.027786 0.395793 -0.594980
v 0.083955 0.390590 -0.601205
v 0.077707 0.383572 -0.597134
v 0.077707 0.395793 -0.594980
v 0.058962 0.390590 -0.601205
v 0.065210 0.383572 -0.597134
v 0.065210 0.395793 -0.594980
v 0.071458 0.390590 -0.601205
v 0.096451 0.358605 -0.604004
v 0.102634 0.352401 -0.598776
v 0.090203 0.352401 -0.598776
v 0.102634 0.364810 -0.598776
v 0.090203 0.364810 -0.598776
v 0.046466 0.358605 -0.604004
v 0.052714 0.352401 -0.598776
v 0.040218 0.352401 -0.598776
v 0.052714 0.364810 -0.598776
v 0.040218 0.364810 -0.598776
v 0.033969 0.358605 -0.604004
v 0.027786 0.352401 -0.598776
v 0.027786 0.364810 -0.598776
v 0.083955 0.358605 -0.604004
v 0.077707 0.352401 -0.598776
v 0.077707 0.364810 -0.598776
v 0.058962 0.358605 -0.604004
v 0.065210 0.352401 -0.598776
v 0.065210 0.364810 -0.598776
v 0.071458 0.358605 -0.604004
v 0.096451 0.477004 -0.278707
v 0.102634 0.478396 -0.286700
v 0.090203 0.478396 -0.286700
v 0.102634 0.468890 -0.278724
v 0.090203 0.468890 -0.278724
v 0.046466 0.477004 -0.278707
v 0.052714 0.478396 -0.286700
v 0.040218 0.478396 -0.286700
v 0.052714 0.468890 -0.278724
v 0.040218 0.468890 -0.278724
v 0.033969 0.477004 -0.278707
v 0.027786 0.478396 -0.286700
v 0.027786 0.468890 -0.278724
v 0.083955 0.477004 -0.278707
v 0.077707 0.478396 -0.286700
v 0.077707 0.468890 -0.278724
v 0.058962 0.477004 -0.278707
v 0.065210 0.478396 -0.286700
v 0.065210 0.468890 -0.278724
v 0.071458 0.477004 -0.278707
v 0.096451 0.499707 -0.301411
v 0.102634 0.499690 -0.309524
v 0.090203 0.499690 -0.309524
v 0.102634 0.491714 -0.300018
v 0.090203 0.491714 -0.300018
v 0.046466 0.499707 -0.301411
v 0.052714 0.499690 -0.309524
v 0.040218 0.499690 -0.309524
v 0.052714 0.491714 -0.300018
v 0.040218 0.491714 -0.300018
v 0.033969 0.499707 -0.301411
v 0.027786 0.499690 -0.309524
v 0.027786 0.491714 -0.300018
v 0.083955 0.499707 -0.301411
v 0.077707 0.499690 -0.309524
v 0.077707 0.491714 -0.300018
v 0.058962 0.499707 -0.301411
v 0.065210 0.499690 -0.309524
v 0.065210 0.491714 -0.300018
v 0.071458 0.499707 -0.301411
v 0.096451 0.518123 -0.327711
v 0.102634 0.516698 -0.335698
v 0.090203 0.516698 -0.335698
v 0.102634 0.510493 -0.324952
v 0.090203 0.510493 -0.324952
v 0.046466 0.518123 -0.327711
v 0.052714 0.516698 -0.335698
v 0.040218 0.516698 -0.335698
v 0.052714 0.510493 -0.324952
v 0.040218 0.510493 -0.324952
v 0.033969 0.518123 -0.327711
v 0.027786 0.516698 -0.335698
v 0.027786 0.510493 -0.324952
v 0.083955 0.518123 -0.327711
v 0.077707 0.516698 -0.335698
v 0.077707 0.510493 -0.324952
v 0.058962 0.518123 -0.327711
v 0.065210 0.516698 -0.335698
v 0.065210 0.510493 -0.324952
v 0.071458 0.518123 -0.327711
v 0.096451 0.531692 -0.356810
v 0.102634 0.528902 -0.364429
v 0.090203 0.528902 -0.364429
v 0.102634 0.524657 -0.352768
v 0.090203 0.524657 -0.352768
v 0.046466 0.531692 -0.356810
v 0.052714 0.528902 -0.364429
v 0.040218 0.528902 -0.364429
v 0.052714 0.524657 -0.352768
v 0.040218 0.524657 -0.352768
v 0.033969 0.531692 -0.356810
v 0.027786 0.528902 -0.364429
v 0.027786 0.524657 -0.352768
v 0.083955 0.531692 -0.356810
v 0.077707 0.528902 -0.364429
v 0.077707 0.524657 -0.352768
v 0.058962 0.531692 -0.356810
v 0.065210 0.528902 -0.364429
v 0.065210 0.524657 -0.352768
v 0.071458 0.531692 -0.356810
v 0.096451 0.540002 -0.387824
v 0.102634 0.535931 -0.394842
v 0.090203 0.535931 -0.394842
v 0.102634 0.533776 -0.382621
v 0.090203 0.533776 -0.382621
v 0.046466 0.540002 -0.387824
v 0.052714 0.535931 -0.394842
v 0.040218 0.535931 -0.394842
v 0.052714 0.533776 -0.382621
v 0.040218 0.533776 -0.382621
v 0.033969 0.540002 -0.387824
v 0.027786 0.535931 -0.394842
v 0.027786 0.533776 -0.382621
v 0.083955 0.540002 -0.387824
v 0.077707 0.535931 -0.394842
v 0.077707 0.533776 -0.382621
v 0.058962 0.540002 -0.387824
v 0.065210 0.535931 -0.394842
v 0.065210 0.533776 -0.382621
v 0.071458 0.540002 -0.387824
v -0.038514 0.541985 0.022249
v 0.169927 0.541985 0.022249
v 0.169927 0.491083 -0.255763
v -0.038514 0.491083 -0.255763
v 0.263027 0.006001 0.557388
v 0.421474 0.005739 0.402717
v 0.111480 0.006001 0.682958
v -0.117162 0.006001 0.615915
v 0.159718 0.006001 0.769366
v 0.401782 0.006001 0.311541
v 0.412442 0.006001 0.321174
v 0.337403 0.006001 0.322280
v -0.388289 0.333709 -0.437080
v -0.385453 0.313195 -0.423967
v -0.379770 0.286503 -0.406028
v -0.378086 0.290154 -0.204076
v -0.376956 0.283579 -0.197853
v -0.373301 0.268442 -0.192973
v -0.380055 0.296471 -0.216956
v -0.367723 0.183373 -0.193245
v -0.365521 0.197418 -0.190142
v -0.370795 0.169137 -0.205939
v -0.369397 0.175271 -0.198415
v -0.371439 0.164395 -0.219115
v -0.388942 0.328636 -0.351455
v -0.380863 0.298284 -0.234217
v -0.380946 0.297009 -0.266916
v -0.397241 0.350734 0.033522
v -0.387116 0.339245 0.188856
v -0.359854 0.349509 0.410930
v -0.360251 0.424247 0.348526
v -0.333751 0.477937 0.349123
v -0.320868 0.493354 0.343721
v -0.366984 0.162292 -0.267120
v -0.358311 0.159806 -0.292263
v -0.376791 0.125241 -0.272123
v -0.397872 0.099998 -0.247956
v -0.392214 0.113864 -0.247606
v -0.426686 0.080862 -0.214525
v -0.445148 0.071961 -0.194006
v -0.469137 0.065004 -0.168783
v -0.460182 0.071908 -0.168651
v -0.485870 0.063193 -0.152063
v -0.524827 0.064313 -0.111095
v -0.540106 0.066040 -0.089913
v -0.549734 0.067227 -0.071529
v -0.557364 0.068315 -0.049741
v -0.565294 0.069579 -0.011961
v -0.582036 0.071885 0.253524
v -0.580489 0.074118 0.351970
v -0.577561 0.075733 0.385802
v -0.574002 0.077578 0.398231
v -0.543953 0.086152 0.439230
v -0.535008 0.088590 0.455723
v -0.497220 0.104734 0.507018
v -0.362573 0.137907 0.713268
v -0.378410 0.137768 0.692628
v -0.396321 0.137404 0.666373
v -0.346495 0.179066 0.692454
v -0.330636 0.231988 0.663083
v -0.314105 0.294460 0.625357
v -0.304864 0.337181 0.596168
v -0.299212 0.366481 0.573280
v -0.294860 0.392532 0.549454
v -0.307388 0.500762 0.346187
v -0.297654 0.479090 0.409830
v -0.291228 0.454213 0.466504
v -0.290076 0.434919 0.498704
v -0.291539 0.415841 0.523962
v -0.384288 0.304776 -0.331510
v -0.390186 0.321343 -0.103042
v -0.382769 0.305877 -0.208002
v -0.366886 0.233282 -0.190520
v -0.376784 0.254420 -0.028120
v -0.369699 0.201637 -0.138776
v -0.371238 0.181106 -0.161749
v -0.385502 0.147828 -0.137212
v -0.402002 0.128034 -0.078914
v -0.376271 0.162065 -0.172066
v -0.388702 0.135423 -0.187160
v -0.373413 0.149900 -0.257117
v -0.401879 0.120189 -0.164753
v -0.387523 0.126363 -0.240658
v -0.406496 0.103133 -0.225746
v -0.413083 0.100516 -0.208635
v -0.419769 0.102360 -0.162640
v -0.436947 0.086301 -0.177084
v -0.435036 0.094109 -0.133024
v -0.475295 0.071332 -0.144394
v -0.482164 0.074755 -0.115365
v -0.461925 0.082778 -0.104141
v -0.451966 0.088311 -0.078965
v -0.486703 0.077059 -0.072746
v -0.473681 0.082482 -0.011628
v -0.513099 0.071385 -0.083512
v -0.506494 0.074500 -0.040271
v -0.560904 0.074508 0.219516
v -0.489689 0.084047 0.130845
v -0.523070 0.078477 0.168643
v -0.379077 0.260510 0.134477
v -0.378216 0.239968 0.130531
v -0.385895 0.303346 0.097463
v -0.381682 0.195646 0.104397
v -0.385217 0.171696 0.031257
v -0.402019 0.149750 0.158658
v -0.409002 0.129774 0.043829
v -0.433301 0.108905 0.082787
v -0.417792 0.133481 0.213326
v -0.370669 0.242331 -0.147166
v -0.385589 0.297237 -0.005992
v -0.380193 0.280336 -0.074317
v -0.381243 0.275898 0.062360
v -0.374555 0.236469 -0.038838
v -0.375906 0.196888 -0.035693
v -0.378035 0.178416 -0.068087
v -0.386055 0.158478 -0.051535
v -0.395895 0.139503 -0.055651
v -0.414394 0.116270 -0.053655
v -0.423815 0.111719 0.009753
v -0.421829 0.106278 -0.093305
v -0.533226 0.082941 0.304700
v -0.494831 0.095282 0.329254
v -0.524366 0.087939 0.355302
v -0.514503 0.094232 0.404620
v -0.478495 0.106389 0.382364
v -0.495509 0.104142 0.439624
v -0.463053 0.121008 0.442085
v -0.451087 0.131073 0.469684
v -0.431806 0.146885 0.491414
v -0.473328 0.117809 0.503244
v -0.419136 0.158149 0.527957
v -0.441618 0.136242 0.555220
v -0.407583 0.168129 0.551614
v -0.451448 0.093991 0.032516
v -0.436286 0.098388 -0.051531
v -0.413924 0.155995 0.581122
v -0.411819 0.146436 0.618732
v -0.386678 0.183693 0.596596
v -0.462838 0.096481 0.164348
v -0.381353 0.290114 0.186507
v -0.378093 0.279837 0.252395
v -0.376917 0.248538 0.299050
v -0.375191 0.321862 0.316173
v -0.381420 0.215583 0.306681
v -0.390358 0.177064 0.198064
v -0.396184 0.173250 0.315938
v -0.439433 0.117970 0.257747
v -0.460394 0.110914 0.330883
v -0.425913 0.138522 0.362497
v -0.370615 0.357314 0.346327
v -0.353106 0.413789 0.387298
v -0.326753 0.460935 0.397647
v -0.314465 0.477628 0.390092
v -0.322146 0.417360 0.470577
v -0.304695 0.443279 0.466543
v -0.311312 0.414181 0.496449
v -0.327560 0.396608 0.483320
v -0.324873 0.284047 0.614993
v -0.326674 0.334578 0.552386
v -0.339120 0.267487 0.597784
v -0.353655 0.202743 0.653937
v -0.345416 0.230694 0.634814
v -0.374191 0.184774 0.633234
v -0.363896 0.172573 0.673262
v -0.369028 0.308512 0.376165
v -0.351361 0.338597 0.462221
v -0.443594 0.128528 0.398012
v -0.428983 0.144213 0.430350
v -0.409728 0.163602 0.421429
v -0.411981 0.165453 0.472579
v -0.396289 0.185704 0.461670
v -0.390230 0.194331 0.498838
v -0.385689 0.197254 0.546587
v -0.373338 0.222209 0.528251
v -0.362694 0.228811 0.576445
v -0.373855 0.283707 0.332956
v -0.385590 0.199531 0.318562
v -0.407622 0.157076 0.342371
v -0.384191 0.207304 0.402769
v -0.377342 0.230264 0.394700
v -0.394740 0.184972 0.410864
v -0.372048 0.261815 0.385193
v -0.384216 0.207696 0.450633
v -0.368392 0.252247 0.455315
v -0.364097 0.290327 0.430844
v -0.379510 0.220265 0.164830
v -0.374598 0.216918 -0.025809
v -0.369592 0.219036 -0.130431
v -0.365060 0.215052 -0.190056
v -0.341672 0.330690 0.508575
v -0.356613 0.279606 0.498678
v -0.348540 0.277837 0.545204
v -0.368241 0.239724 0.505484
v -0.343381 0.432273 0.397480
v -0.346300 0.452930 0.358739
v -0.339135 0.380226 0.468471
v -0.394475 0.380718 -0.333078
v -0.394282 0.381024 -0.329171
v -0.393272 0.360207 -0.305491
v -0.388488 0.331229 -0.268894
v -0.386606 0.323100 -0.252691
v -0.385786 0.320419 -0.238307
v -0.386114 0.321488 -0.217961
v -0.389307 0.328774 -0.157146
v -0.395126 0.339386 -0.071225
v -0.396667 0.343393 -0.031375
v -0.395024 0.358611 0.111327
v -0.392295 0.363069 0.163717
v -0.386566 0.367832 0.224519
v -0.380850 0.372253 0.270028
v -0.375506 0.377934 0.303553
v -0.372160 0.383700 0.325710
v -0.369053 0.390365 0.340113
v -0.366880 0.397146 0.345902
v -0.364695 0.405948 0.348653
v -0.352830 0.446508 0.343224
v -0.342585 0.468918 0.338409
v -0.332210 0.485040 0.333804
v -0.310218 0.504823 0.325550
v -0.354746 0.154405 0.705169
v -0.420504 0.133278 0.628629
v -0.451482 0.123913 0.579200
v -0.477386 0.113049 0.539303
v -0.565934 0.079113 0.412517
v -0.579643 0.070635 0.171933
v -0.573678 0.070317 0.072750
v -0.362921 0.161588 -0.282480
v -0.389117 0.353297 -0.449026
v -0.374699 0.138032 -0.268039
v -0.322545 0.496167 0.329844
v -0.311691 0.372295 0.545304
vn 0.3015 0.7589 0.5771
vn 0.2556 0.8153 0.5196
vn 0.2014 0.7667 0.6096
vn 0.1142 0.9105 0.3975
vn -0.0021 0.9184 0.3957
vn -0.0210 0.8885 0.4584
vn 0.4954 0.8685 -0.0177
vn 0.5040 0.8627 0.0418
vn 0.5300 0.8477 -0.0230
vn -0.6268 0.5213 0.5791
vn -0.6015 0.4977 0.6249
vn -0.5770 0.5666 0.5882
vn 0.0696 0.9502 0.3036
vn 0.0280 0.9694 0.2439
vn -0.0353 0.9415 0.3353
vn 0.4261 0.8987 0.1037
vn 0.4542 0.8755 0.1647
vn 0.4955 0.8643 0.0865
vn -0.0896 0.9506 0.2970
vn -0.1176 0.9005 0.4187
vn 0.0138 0.8006 0.5990
vn -0.0206 0.8524 0.5225
vn -0.0903 0.7932 0.6022
vn 0.8942 0.3897 0.2205
vn 0.6994 0.4903 0.5201
vn 0.8034 0.4066 0.4350
vn -0.4350 0.8665 0.2447
vn -0.4210 0.8645 0.2745
vn -0.3676 0.9074 0.2039
vn 0.5402 0.8412 0.0248
vn -0.3659 0.6601 0.6561
vn -0.4404 0.6701 0.5974
vn -0.4811 0.6070 0.6325
vn -0.2376 0.9558 0.1733
vn -0.1856 0.9522 0.2427
vn -0.1672 0.9767 0.1346
vn -0.4524 0.8050 0.3837
vn -0.4409 0.7772 0.4491
vn -0.4246 0.8281 0.3660
vn -0.3556 0.9008 0.2493
vn 0.4819 0.6647 0.5709
vn 0.4067 0.7514 0.5196
vn 0.3706 0.7221 0.5841
vn -0.3259 0.7315 0.5989
vn -0.3747 0.7490 0.5465
vn -0.3891 0.8124 0.4343
vn -0.3550 0.8698 0.3427
vn -0.2602 0.8776 0.4025
vn -0.2244 0.8652 0.4484
vn -0.1668 0.9087 0.3828
vn 0.1037 0.8131 0.5728
vn 0.1012 0.7299 0.6760
vn 0.3951 0.6719 0.6264
vn 0.3600 0.9125 0.1944
vn -0.6087 0.5578 0.5642
vn -0.5485 0.6167 0.5647
vn 0.3331 0.9335 0.1329
vn 0.2514 0.9435 0.2158
vn 0.1298 0.9766 0.1714
vn 0.0182 0.9860 0.1656
vn 0.1325 0.9499 0.2831
vn 0.6083 0.6315 0.4809
vn 0.5068 0.7119 0.4862
vn 0.5474 0.6666 0.5060
vn -0.1781 0.9793 0.0959
vn -0.1014 0.9876 0.1200
vn -0.1125 0.9912 0.0696
vn 0.3323 0.9407 0.0690
vn 0.2152 0.9674 0.1334
vn -0.2932 0.9317 0.2143
vn -0.4716 0.7175 0.5126
vn -0.5139 0.6572 0.5513
vn -0.4565 0.7071 0.5400
vn -0.3103 0.8550 0.4156
vn -0.2892 0.9014 0.3221
vn 0.0052 0.7328 0.6804
vn 0.1068 0.6467 0.7552
vn 0.3541 0.5131 0.7819
vn 0.2307 0.5634 0.7934
vn 0.2339 0.5223 0.8201
vn 0.5917 0.5514 0.5881
vn 0.6654 0.5195 0.5360
vn 0.5925 0.6004 0.5370
vn 0.1124 0.9935 0.0168
vn 0.2073 0.9772 0.0466
vn 0.1996 0.9799 0.0016
vn -0.2200 0.6283 0.7462
vn -0.2797 0.6870 0.6707
vn -0.3180 0.6070 0.7283
vn -0.4096 0.7723 0.4856
vn -0.1999 0.9245 0.3244
vn -0.3631 0.4991 0.7868
vn -0.2469 0.5516 0.7967
vn -0.3498 0.5354 0.7688
vn 0.6427 0.5818 0.4984
vn -0.1392 0.8507 0.5069
vn -0.2403 0.8362 0.4931
vn -0.0358 0.9955 0.0873
vn 0.0529 0.9962 0.0686
vn 0.3555 0.9003 0.2512
vn 0.4412 0.8503 0.2870
vn 0.4443 0.8669 0.2261
vn 0.6689 0.4970 0.5528
vn 0.6082 0.5065 0.6111
vn 0.5971 0.4847 0.6391
vn 0.5140 0.5824 0.6298
vn 0.2169 0.7043 0.6760
vn 0.5433 0.4900 0.6817
vn 0.5349 0.5181 0.6674
vn 0.3628 0.8275 0.4286
vn 0.4816 0.7539 0.4468
vn 0.4607 0.7926 0.3995
vn 0.2806 0.9596 0.0199
vn 0.2854 0.9583 -0.0168
vn -0.4533 0.8377 0.3046
vn -0.0136 0.5707 0.8210
vn -0.1155 0.6428 0.7573
vn -0.1336 0.5640 0.8149
vn -0.1646 0.7860 0.5959
vn -0.2586 0.7969 0.5460
vn -0.2429 0.7596 0.6034
vn -0.5049 0.6416 0.5773
vn -0.0034 0.6495 0.7604
vn 0.1094 0.5705 0.8140
vn -0.0971 0.7244 0.6825
vn 0.2376 0.8538 0.4633
vn 0.2525 0.8801 0.4021
vn 0.2496 0.9090 0.3339
vn 0.4954 0.8421 0.2133
vn 0.3529 0.8821 0.3121
vn 0.4466 0.8253 0.3456
vn 0.1075 0.5264 0.8434
vn 0.4280 0.9017 -0.0607
vn 0.4884 0.8700 -0.0672
vn 0.4801 0.8737 -0.0782
vn 0.4980 0.8516 0.1634
vn -0.4994 0.5552 0.6651
vn 0.6810 0.5196 0.5161
vn -0.6360 0.4809 0.6035
vn -0.6250 0.5380 0.5657
vn 0.3740 0.7918 0.4828
vn -0.5534 0.5380 0.6359
vn -0.3313 0.8107 0.4826
vn 0.4225 0.9045 0.0572
vn 0.4215 0.9065 -0.0241
vn 0.1060 0.8633 0.4934
vn 0.5442 0.7240 0.4238
vn -0.4428 0.5181 0.7318
vn -0.5279 0.5021 0.6850
vn 0.5183 0.7656 0.3811
vn -0.1911 0.7087 0.6791
vn -0.0874 0.9728 0.2147
vn 0.5755 0.6780 0.4573
vn -0.4104 0.5823 0.7018
vn 0.4506 0.5337 0.7156
vn 0.4305 0.6002 0.6741
vn -0.6036 0.4718 0.6427
vn -0.5400 0.4770 0.6934
vn 0.3047 0.6954 0.6508
vn -0.4494 0.7502 0.4850
vn -0.2978 0.9404 0.1643
vn -0.0211 0.5263 0.8500
vn 0.0340 0.9989 0.0310
vn 0.1225 0.9904 0.0642
vn -0.2365 0.9633 0.1267
vn 0.5176 0.8530 -0.0666
vn 0.3550 0.8580 0.3712
vn 0.3298 0.6180 0.7137
vn 0.3468 0.5503 0.7596
vn 0.4603 0.5007 0.7331
vn -0.4538 0.4867 0.7464
vn -0.1431 0.5208 0.8416
vn -0.2594 0.5108 0.8196
vn 0.3692 0.9293 -0.0057
vn 0.3646 0.9304 -0.0382
vn 0.2534 0.9244 0.2853
vn 0.2190 0.6348 0.7410
vn -0.6357 0.4685 0.6135
vn -0.0430 0.9979 0.0486
vn 0.5003 0.8003 0.3303
vn 0.4927 0.8263 0.2728
vn 0.7248 -0.6860 -0.0641
vn 0.7060 -0.7066 -0.0469
vn 0.7391 -0.6714 -0.0554
vn 0.5975 -0.8015 -0.0237
vn 0.5775 -0.8163 -0.0102
vn 0.6045 -0.7961 -0.0291
vn -0.6042 -0.5346 0.5909
vn -0.6138 -0.5285 0.5864
vn -0.5983 -0.5367 0.5950
vn -0.7709 -0.5851 0.2516
vn -0.8097 -0.5769 0.1077
vn -0.8144 -0.5754 0.0757
vn -0.5498 -0.6489 -0.5260
vn -0.5437 -0.6303 -0.5543
vn -0.5305 -0.6071 -0.5916
vn -0.6388 -0.4115 -0.6501
vn -0.6779 -0.3151 -0.6642
vn -0.6911 -0.2984 -0.6582
vn -0.7135 -0.5708 0.4063
vn -0.5923 -0.6036 0.5338
vn -0.5879 -0.6137 0.5271
vn -0.5996 -0.5951 0.5351
vn -0.5455 -0.5950 -0.5902
vn -0.5503 -0.5602 -0.6191
vn -0.5695 -0.5102 -0.6445
vn 0.7550 -0.6523 -0.0674
vn 0.7671 -0.6391 -0.0567
vn 0.8330 -0.5487 0.0709
vn 0.8413 -0.5382 0.0516
vn 0.8158 -0.5674 0.1115
vn 0.9951 -0.0986 0.0043
vn 0.9946 -0.1038 0.0001
vn 0.9919 -0.1232 0.0299
vn 0.9357 0.2953 -0.1931
vn 0.7466 0.6092 -0.2673
vn 0.9980 -0.0423 -0.0475
vn 0.5665 -0.7711 0.2907
vn 0.5828 -0.7671 0.2682
vn 0.5487 -0.7743 0.3153
vn 0.7853 -0.6157 -0.0648
vn 0.7906 -0.6094 -0.0593
vn -0.9976 0.0420 0.0557
vn -0.9995 0.0190 -0.0250
vn -0.9986 0.0197 -0.0481
vn 0.9916 -0.1229 0.0400
vn 0.9797 -0.1876 0.0710
vn -0.0008 -1.0000 -0.0010
vn -0.0000 -1.0000 -0.0004
vn 0.0008 -1.0000 -0.0002
vn -0.0001 -1.0000 -0.0009
vn 0.0181 -0.9994 -0.0301
vn 0.0004 -1.0000 -0.0018
vn 0.0002 -1.0000 -0.0006
vn 0.0003 -1.0000 0.0002
vn 0.0006 -1.0000 0.0023
vn 0.9592 -0.1495 -0.2400
vn 0.9898 -0.1417 -0.0135
vn 0.9590 -0.1500 -0.2403
vn -0.0051 -1.0000 -0.0008
vn -0.0147 -0.9997 -0.0195
vn -0.0201 -0.9998 -0.0034
vn 0.0004 -1.0000 -0.0002
vn -0.0230 -0.9997 -0.0045
vn 0.0359 -0.9977 -0.0582
vn -0.9843 -0.0646 -0.1644
vn -0.9907 -0.0517 -0.1255
vn 0.7979 0.0197 0.6025
vn 0.8639 0.1001 0.4936
vn 0.8639 0.1001 0.4937
vn 0.6724 -0.0589 0.7378
vn 0.6282 -0.0041 0.7780
vn 0.5604 0.0119 0.8281
vn -0.6008 -0.0743 0.7960
vn -0.4192 -0.0275 0.9075
vn -0.2253 0.0509 0.9730
vn 0.5490 -0.0906 -0.8309
vn 0.7804 -0.1126 -0.6151
vn 0.0004 -1.0000 0.0005
vn 0.0041 -1.0000 0.0042
vn 0.0002 -1.0000 -0.0000
vn 0.0001 -1.0000 -0.0004
vn 0.0026 -1.0000 0.0007
vn 0.0015 -1.0000 0.0019
vn -0.0023 -1.0000 -0.0008
vn -0.0001 -1.0000 0.0001
vn -0.4085 -0.9114 -0.0499
vn 0.1485 -0.9787 0.1417
vn -0.0025 -0.9702 0.2423
vn 0.0015 -0.9991 0.0422
vn -0.0648 -0.3533 -0.9333
vn 0.1861 -0.3235 -0.9277
vn 0.1862 -0.3235 -0.9277
vn 0.0008 -1.0000 -0.0000
vn -0.0007 -1.0000 -0.0005
vn -0.8954 -0.2506 -0.3682
vn 0.3708 0.0009 0.9287
vn 0.4952 0.0640 0.8664
vn 0.0548 -0.9863 -0.1555
vn 0.0018 -1.0000 -0.0015
vn 0.0055 -0.9998 -0.0214
vn -0.0029 -0.9957 -0.0926
vn -0.0046 -1.0000 -0.0007
vn -0.0133 -0.9999 -0.0004
vn -0.0035 -0.9987 0.0511
vn -0.0040 -1.0000 -0.0007
vn 0.0001 -1.0000 0.0080
vn 0.9990 0.0055 0.0443
vn 0.6371 0.0004 0.7708
vn 0.9479 -0.0289 0.3173
vn 0.1205 -0.9927 0.0024
vn 0.2560 -0.9341 0.2488
vn -0.0134 -0.9999 0.0006
vn 0.0018 -0.0109 0.9999
vn 0.0017 -0.0105 0.9999
vn -0.0232 0.0008 0.9997
vn 0.4532 -0.0011 0.8914
vn 0.0467 -0.0050 0.9989
vn 0.0060 -0.0062 1.0000
vn -0.0026 -1.0000 -0.0009
vn 0.0028 -0.9957 -0.0925
vn 0.0330 -0.9995 -0.0010
vn 0.9466 -0.0306 -0.3209
vn 0.9989 0.0114 -0.0454
vn 1.0000 0.0056 -0.0029
vn -0.2216 -0.9447 -0.2416
vn -0.9991 0.0006 -0.0434
vn -0.6387 0.0002 -0.7694
vn -0.9488 -0.0294 -0.3146
vn 0.0023 -0.9997 -0.0224
vn -0.0091 -1.0000 -0.0007
vn 0.6363 0.0011 -0.7714
vn 0.8911 -0.0111 -0.4537
vn 0.9971 -0.0412 -0.0637
vn 0.9981 -0.0505 -0.0340
vn -0.5365 -0.0273 -0.8435
vn -0.8822 -0.0388 -0.4693
vn -0.9981 -0.0240 -0.0562
vn 0.6956 0.0011 -0.7184
vn 0.4356 -0.0612 -0.8981
vn 0.2591 0.0334 -0.9653
vn 0.6522 -0.1149 -0.7493
vn 0.0022 0.0368 0.9993
vn -0.0357 0.0383 0.9986
vn -0.5974 0.0186 0.8017
vn -0.7206 -0.0071 0.6933
vn -0.9939 -0.0255 0.1077
vn -0.9992 -0.0343 0.0197
vn 0.0080 -0.9999 -0.0091
vn 0.0218 -0.9966 -0.0788
vn 0.1685 -0.9647 -0.2023
vn -0.2821 -0.9375 0.2039
vn -0.0192 -0.9998 0.0076
vn -0.0007 -1.0000 0.0068
vn 0.0081 -0.9541 -0.2993
vn 0.0003 -1.0000 -0.0007
vn -0.0000 -0.9963 0.0856
vn -0.0013 -0.9532 0.3025
vn 0.0216 -0.9998 -0.0001
vn 0.0029 -1.0000 -0.0002
vn 0.9963 -0.0316 0.0802
vn 0.6811 -0.0510 0.7304
vn 0.9987 -0.0378 0.0338
vn 0.7992 -0.0795 -0.5958
vn 0.7181 -0.0157 -0.6958
vn 0.8914 -0.0171 -0.4529
vn -0.5511 0.0371 -0.8336
vn -0.2860 0.0605 -0.9563
vn -0.2585 -0.1781 -0.9494
vn -0.9999 -0.0121 -0.0058
vn -0.9991 0.0017 -0.0434
vn -0.9607 -0.1362 -0.2420
vn 0.9361 -0.0680 -0.3450
vn -0.9018 0.0361 -0.4307
vn -0.7555 0.1035 -0.6470
vn -0.7272 -0.1428 -0.6714
vn 0.0314 -0.0322 0.9990
vn 0.0069 -0.0357 0.9993
vn 0.4669 -0.0384 -0.8835
vn 0.9990 -0.0310 -0.0323
vn 0.9993 -0.0363 -0.0115
vn 0.4527 -0.0310 -0.8911
vn -0.0024 -1.0000 -0.0004
vn -0.0702 -0.9960 -0.0547
vn -0.0035 -1.0000 -0.0074
vn -0.2889 -0.9413 -0.1745
vn -0.1648 -0.9542 -0.2498
vn -0.0672 -0.9977 0.0028
vn -0.2767 -0.9610 -0.0024
vn 0.0041 -0.9999 -0.0094
vn 0.1609 -0.9431 -0.2911
vn 0.0072 -0.9999 -0.0124
vn -0.1890 -0.9636 0.1892
vn -0.0008 -1.0000 0.0031
vn 0.0035 -0.9618 0.2736
vn 0.0002 -1.0000 0.0030
vn 0.9959 -0.0438 -0.0791
vn 0.9985 -0.0472 -0.0277
vn 0.8736 -0.0508 -0.4840
vn -0.7403 -0.0455 -0.6708
vn -0.7148 0.0407 -0.6981
vn -0.6580 0.0270 -0.7525
vn -0.9963 0.0320 -0.0800
vn -0.9970 -0.0554 -0.0547
vn -0.9993 -0.0189 -0.0323
vn -0.9934 -0.1136 -0.0166
vn 0.5423 -0.0270 0.8398
vn 0.4479 0.0245 0.8937
vn 0.1890 -0.0839 0.9784
vn -0.5736 0.0523 0.8175
vn -0.6222 0.0500 0.7812
vn -0.3234 0.0131 0.9462
vn -0.0773 0.0121 0.9969
vn 0.9867 -0.1579 0.0386
vn 0.9998 -0.0102 0.0141
vn 0.9243 -0.0471 0.3788
vn -0.5366 0.0900 -0.8390
vn -0.4884 -0.1639 -0.8571
vn 0.0027 -1.0000 0.0038
vn 0.0987 -0.9879 0.1196
vn 0.0060 -0.9997 0.0236
vn -0.0081 -1.0000 -0.0058
vn -0.2512 -0.9643 -0.0839
vn -0.0500 -0.9982 -0.0318
vn -0.9002 0.0086 -0.4354
vn -0.8286 0.0049 -0.5599
vn -0.7776 -0.0223 -0.6284
vn -0.9266 -0.0335 0.3745
vn -0.7006 0.0399 0.7124
vn -0.9966 0.0106 0.0811
vn -0.9904 -0.0791 -0.1137
vn 0.3559 -0.9232 0.1454
vn 0.0049 -1.0000 -0.0002
vn -0.0188 -0.9997 -0.0163
vn -0.1972 -0.9558 -0.2180
vn -0.0312 -0.9987 -0.0393
vn -0.0032 -1.0000 -0.0002
vn 0.0029 -1.0000 -0.0003
vn -0.0007 -1.0000 -0.0007
vn -0.0055 -1.0000 -0.0070
vn -0.0116 -0.9694 -0.2452
vn 0.1932 -0.9606 -0.1997
vn 0.1080 -0.9888 -0.1033
vn -0.0013 -1.0000 -0.0003
vn 0.9968 -0.0757 0.0263
vn 0.7539 -0.0563 0.6546
vn 0.0561 -0.0491 0.9972
vn 0.9975 -0.0711 -0.0043
vn 0.9967 -0.0746 -0.0331
vn 0.8421 -0.0722 -0.5344
vn 0.0006 -1.0000 -0.0017
vn 0.0010 -1.0000 -0.0020
vn -0.0026 -1.0000 0.0012
vn -0.0015 -1.0000 -0.0030
vn -0.2843 0.8236 -0.4907
vn -0.0031 -1.0000 -0.0060
vn -0.0121 -0.0764 -0.9970
vn -0.0572 -0.0819 -0.9950
vn -0.6335 -0.0767 -0.7699
vn -0.0033 -1.0000 0.0016
vn -0.0008 -1.0000 0.0009
vn -0.0003 -1.0000 -0.0001
vn 0.0007 -1.0000 -0.0023
vn -0.0003 -1.0000 0.0001
vn 0.0035 -1.0000 0.0006
vn -0.0073 -1.0000 0.0007
vn 0.0030 -1.0000 0.0002
vn 0.0032 -1.0000 -0.0001
vn 0.0015 -1.0000 -0.0003
vn 0.0025 -1.0000 -0.0038
vn 0.0009 -1.0000 -0.0006
vn 0.0001 -1.0000 -0.0030
vn 0.1957 0.9061 -0.3750
vn 0.0007 -1.0000 -0.0021
vn -0.9540 -0.2984 -0.0283
vn -0.9853 -0.1685 -0.0294
vn -0.8937 -0.0894 -0.4396
vn -0.9970 -0.0777 -0.0048
vn -0.9947 -0.0849 -0.0578
vn -0.9962 -0.0813 0.0299
vn -0.9626 -0.1001 0.2519
vn -0.9393 -0.3412 0.0375
vn -0.8428 -0.3413 0.4162
vn 0.9617 0.0180 0.2737
vn 0.9965 0.0401 0.0739
vn 0.7613 0.0405 0.6472
vn -0.1650 -0.0007 0.9863
vn 0.1604 0.0513 0.9857
vn -0.6092 0.0392 0.7921
vn 0.9763 -0.0010 -0.2165
vn 0.8782 0.0352 -0.4769
vn 0.4024 0.0115 0.9154
vn -0.9403 -0.0002 0.3403
vn -0.9975 0.0298 0.0647
vn -0.9989 -0.0040 -0.0476
vn -0.7376 0.0021 0.6752
vn -0.8058 0.0344 0.5912
vn 0.7528 0.0085 -0.6581
vn 0.3989 0.0506 -0.9156
vn 0.8585 0.0024 0.5128
vn 0.7976 0.0345 0.6022
vn 0.5980 0.0015 0.8015
vn 0.3487 0.0334 0.9366
vn 0.2403 0.0005 0.9707
vn -0.4390 0.0043 -0.8985
vn -0.3627 0.0209 -0.9317
vn 0.0222 -0.0158 -0.9996
vn -0.0326 0.9995 0.0026
vn -0.0303 0.9995 -0.0066
vn -0.0287 0.9995 -0.0109
vn -0.0243 0.9996 -0.0166
vn -0.0211 0.9995 -0.0221
vn -0.0137 0.9995 -0.0285
vn -0.0113 0.9994 -0.0315
vn -0.0043 -1.0000 0.0069
vn -0.0193 -0.9997 0.0148
vn 0.0005 -1.0000 -0.0000
vn 0.1238 -0.8994 -0.4193
vn 0.3054 -0.9347 -0.1816
vn 0.0875 -0.9674 -0.2378
vn 0.1585 -0.9005 0.4050
vn -0.0960 -0.9386 0.3314
vn 0.2012 -0.9687 0.1453
vn -0.2242 -0.9714 0.0788
vn -0.2888 -0.9286 -0.2331
vn -0.1192 -0.9088 -0.3999
vn -0.3150 -0.9258 0.2089
vn -1.0000 -0.0068 0.0016
vn -1.0000 -0.0055 0.0018
vn -1.0000 -0.0072 0.0016
vn 1.0000 -0.0042 0.0012
vn 1.0000 -0.0037 0.0014
vn 1.0000 -0.0082 -0.0003
vn 0.0031 -1.0000 -0.0021
vn 0.0040 -1.0000 -0.0030
vn 0.0014 -1.0000 -0.0015
vn -0.0010 -1.0000 -0.0006
vn -0.0030 -1.0000 -0.0031
vn 0.0002 -1.0000 -0.0020
vn 0.0014 -1.0000 -0.0003
vn 0.0005 -1.0000 -0.0005
vn -0.8740 -0.4859 -0.0003
vn -0.8740 -0.4859 -0.0002
vn -0.8771 -0.4802 -0.0030
vn -0.1530 0.0303 -0.9878
vn 0.6600 0.0224 -0.7509
vn -0.4344 0.0223 -0.9004
vn -0.0120 -0.4035 -0.9149
vn -0.0085 -0.4893 -0.8721
vn -0.0209 -0.3181 -0.9478
vn 0.0011 -1.0000 0.0036
vn 0.0009 -1.0000 0.0038
vn 0.0019 -1.0000 0.0004
vn 0.0020 -1.0000 0.0026
vn 0.0017 -1.0000 -0.0015
vn 0.0026 -1.0000 -0.0008
vn 0.0008 -1.0000 -0.0032
vn 0.0015 -1.0000 -0.0035
vn -0.0047 -1.0000 -0.0084
vn -0.0260 -0.9995 0.0172
vn 0.0021 -1.0000 0.0015
vn -0.0110 -0.9999 -0.0110
vn -0.0261 -0.9995 -0.0175
vn -0.7426 -0.2356 -0.6269
vn -0.7888 -0.3639 -0.4953
vn -0.8093 -0.3876 -0.4414
vn -0.4539 0.0017 -0.8910
vn -0.5125 0.2316 -0.8269
vn -0.4595 0.0016 -0.8882
vn -0.2911 -0.0909 -0.9524
vn -0.3093 -0.0924 -0.9465
vn -0.2780 -0.0932 -0.9560
vn -0.7235 -0.1842 -0.6653
vn -0.2367 -0.0576 -0.9699
vn -0.2138 0.0552 -0.9753
vn -0.2464 -0.0793 -0.9659
vn -0.2007 0.9747 -0.0985
vn 0.1104 0.9885 -0.1034
vn -0.2005 0.9721 -0.1216
vn 0.9773 0.2048 0.0536
vn 0.9923 0.1240 0.0027
vn 0.9901 0.1380 0.0243
vn -0.7349 -0.0157 -0.6780
vn -0.7316 -0.0151 -0.6815
vn -0.7236 -0.0116 -0.6901
vn 0.9769 -0.1743 -0.1237
vn 0.9849 -0.1467 -0.0915
vn 0.9815 -0.1642 -0.0982
vn -0.9940 0.0510 0.0966
vn -0.9926 0.0764 0.0939
vn -0.9951 0.0415 0.0894
vn -0.3174 0.4891 -0.8124
vn -0.2253 0.5195 -0.8242
vn -0.2189 0.5428 -0.8108
vn 0.9900 -0.1262 -0.0629
vn 0.9945 -0.0969 -0.0395
vn 0.9947 -0.0808 -0.0633
vn -0.7912 -0.0384 -0.6103
vn -0.9491 -0.0451 -0.3117
vn -0.7621 -0.0845 -0.6419
vn 0.9578 0.2539 0.1349
vn 0.9800 0.1870 0.0672
vn 0.9659 0.2444 0.0858
vn 0.9294 0.3129 0.1955
vn 0.9533 0.2439 0.1783
vn 0.9499 -0.2991 0.0903
vn 0.9499 -0.2992 0.0903
vn 0.9819 -0.1737 0.0757
vn 0.4773 -0.0593 0.8767
vn -0.4510 -0.0041 -0.8925
vn -0.4503 -0.0093 -0.8928
vn 0.9313 -0.2815 -0.2311
vn 0.9891 -0.0971 -0.1107
vn 0.9820 -0.1366 -0.1301
vn 0.9593 -0.1130 -0.2586
vn -0.7750 0.5500 -0.3114
vn -0.7820 0.5416 -0.3084
vn -0.7984 0.5101 -0.3200
vn 0.6953 -0.2293 -0.6811
vn 0.6862 -0.2087 -0.6968
vn 0.6814 -0.1893 -0.7070
vn 0.8266 0.5628 0.0052
vn 0.7425 0.6676 -0.0549
vn 0.7526 0.6584 -0.0002
vn -0.5998 0.3474 0.7208
vn -0.6105 0.3584 0.7063
vn -0.5880 0.3295 0.7387
vn 0.2659 -0.9630 0.0444
vn 0.3408 -0.9399 0.0215
vn 0.2599 -0.9647 0.0416
vn 0.9847 0.1624 0.0629
vn 0.9966 0.0816 0.0065
vn 0.9909 0.1339 0.0101
vn -0.2550 -0.9663 0.0350
vn 0.2479 -0.9646 0.0895
vn 0.3215 -0.9330 0.1618
vn 0.6500 0.7484 -0.1318
vn 0.7462 0.6618 -0.0721
vn 0.6785 0.7207 -0.1419
vn 0.5924 0.6840 -0.4256
vn -0.5315 -0.7520 0.3898
vn -0.5286 -0.7504 0.3969
vn 0.8102 0.5845 -0.0440
vn 0.7407 0.6602 -0.1248
vn 0.9944 -0.0629 -0.0847
vn 0.9971 -0.0403 -0.0648
vn 0.9974 -0.0194 -0.0690
vn -0.1156 0.4765 -0.8716
vn -0.1013 0.6017 -0.7922
vn -0.0178 0.8334 -0.5524
vn -0.7522 -0.0013 -0.6590
vn -0.7468 -0.0077 -0.6650
vn -0.7406 -0.0153 -0.6718
vn 0.6658 0.6766 0.3144
vn 0.7032 0.6595 0.2657
vn 0.6423 0.7099 0.2888
vn -0.7203 -0.0057 -0.6936
vn -0.6600 0.1392 -0.7383
vn -0.7086 0.0122 -0.7055
vn -0.7153 -0.1309 -0.6864
vn 0.0614 -0.0057 -0.9981
vn 0.0895 -0.0265 -0.9956
vn 0.1040 0.0560 -0.9930
vn -0.2052 0.9723 -0.1122
vn -0.1959 0.9744 -0.1103
vn -0.1757 0.9755 -0.1320
vn 0.9743 0.2250 -0.0071
vn 0.9807 0.1951 -0.0122
vn 0.9756 0.2194 -0.0089
vn -0.1156 -0.9927 0.0350
vn 0.3131 -0.8641 0.3941
vn 0.2647 -0.8656 0.4251
vn 0.7491 -0.4636 -0.4732
vn 0.7316 -0.4144 -0.5413
vn 0.7253 -0.4028 -0.5583
vn -0.4792 0.2638 -0.8371
vn -0.5263 0.2219 -0.8209
vn -0.5248 0.2030 -0.8267
vn -0.1567 -0.6732 -0.7227
vn 0.3241 -0.4968 -0.8051
vn 0.4663 -0.6728 -0.5744
vn 0.3540 0.9352 0.0074
vn 0.3753 0.9269 -0.0035
vn 0.3872 0.9219 0.0127
vn 0.2197 -0.9754 -0.0173
vn 0.2458 -0.9224 -0.2981
vn 0.2169 -0.9760 0.0191
vn -0.8777 -0.4787 0.0221
vn -0.8839 -0.4677 0.0012
vn -0.8801 -0.4738 -0.0302
vn -0.8678 -0.4811 0.1246
vn -0.8665 -0.4535 0.2085
vn -0.8842 -0.4647 0.0481
vn -0.2823 -0.9586 0.0372
vn 0.2129 -0.9762 0.0406
vn -0.0993 0.7708 0.6293
vn -0.1012 0.7634 0.6380
vn -0.1509 0.7931 0.5901
vn -0.4505 -0.0140 -0.8927
vn -0.4584 -0.0198 -0.8885
vn 0.0162 0.9567 -0.2907
vn -0.0067 0.9123 -0.4096
vn 0.0123 0.9671 -0.2539
vn 0.3440 0.9389 -0.0090
vn 0.0151 -0.9998 0.0162
vn 0.0350 -0.9991 0.0259
vn 0.0385 -0.9984 0.0407
vn 0.6477 0.1551 0.7459
vn 0.6384 0.1323 0.7582
vn 0.6448 0.0661 0.7615
vn 0.2387 -0.9707 0.0272
vn 0.2183 -0.9755 0.0260
vn 0.2030 -0.9788 0.0258
vn 0.9863 0.1649 -0.0018
vn 0.9943 0.1050 0.0177
vn 0.9909 0.1347 0.0058
vn 0.7943 0.5753 0.1950
vn 0.7484 0.5938 0.2955
vn -0.3506 -0.0693 -0.9339
vn -0.3522 -0.0402 -0.9351
vn -0.3604 -0.0174 -0.9326
vn 0.8144 0.5173 0.2630
vn 0.7698 0.5447 0.3327
vn 0.9988 -0.0414 -0.0267
vn 0.9998 0.0174 0.0034
vn 0.9996 0.0284 0.0003
vn 0.1361 0.9847 -0.1085
vn 0.1905 0.9753 -0.1115
vn 0.0548 -0.5182 -0.8535
vn 0.0652 -0.5247 -0.8488
vn 0.0684 -0.5263 -0.8475
vn -0.2665 -0.0881 -0.9598
vn 0.1062 -0.9942 -0.0194
vn 0.1322 -0.9912 -0.0097
vn 0.0544 -0.9985 -0.0112
vn 0.1093 0.1182 -0.9870
vn 0.1042 -0.5385 -0.8361
vn 0.1096 -0.5407 -0.8340
vn 0.2645 -0.9611 0.0799
vn 0.2276 -0.9698 0.0877
vn 0.2460 -0.9670 0.0662
vn 0.9709 0.2279 0.0734
vn 0.9818 0.1842 0.0456
vn 0.9996 0.0237 -0.0146
vn 0.9960 0.0889 0.0055
vn -0.4513 -0.8922 0.0185
vn -0.9967 0.0205 0.0781
vn -0.9976 0.0070 0.0687
vn 0.3137 -0.8538 0.4154
vn 0.2519 -0.8583 0.4472
vn -0.9918 0.1207 0.0426
vn -0.9888 0.1382 0.0566
vn -0.9918 0.1205 0.0432
vn 0.9351 0.3337 0.1197
vn 0.9651 0.2505 0.0760
vn 0.9498 0.3014 0.0832
vn 0.9676 0.2483 0.0453
vn 0.9311 0.3635 0.0305
vn 0.9196 0.3848 0.0791
vn -0.7451 -0.2090 -0.6333
vn -0.7790 -0.2215 -0.5866
vn -0.7436 -0.1891 -0.6413
vn 0.3685 -0.9002 0.2320
vn 0.3809 -0.8993 0.2148
vn 0.3977 -0.8739 0.2797
vn 0.0155 0.9104 -0.4134
vn -0.0099 0.9466 -0.3222
vn -0.1762 0.5616 -0.8085
vn -0.5564 0.2713 0.7854
vn -0.5693 0.2764 0.7743
vn -0.5707 0.2910 0.7679
vn 0.6892 -0.1516 -0.7086
vn 0.7345 -0.0954 -0.6718
vn 0.7771 -0.0201 -0.6290
vn 0.9707 0.2394 0.0186
vn 0.9745 0.2242 0.0032
vn 0.9734 0.2279 0.0224
vn -0.3934 -0.8037 0.4464
vn -0.3614 -0.8157 0.4517
vn -0.3523 -0.8197 0.4516
vn -0.9813 0.1708 0.0890
vn -0.9855 0.1451 0.0885
vn -0.9827 0.1508 0.1078
vn 0.9953 0.0939 -0.0230
vn 0.9984 0.0158 -0.0538
vn 0.9977 0.0553 -0.0383
vn -0.3863 0.9161 -0.1070
vn -0.2095 0.9728 -0.0986
vn -0.2215 0.9682 -0.1160
vn -0.9876 0.1167 0.1046
vn -0.9865 0.1408 0.0833
vn 0.9795 0.2012 -0.0064
vn 0.9779 0.2092 0.0022
vn 0.8722 0.4888 -0.0200
vn 0.8803 0.4737 0.0255
vn 0.9098 0.3623 0.2024
vn 0.9442 0.2994 0.1373
vn 0.9046 0.3840 0.1851
vn -0.7423 0.6042 -0.2898
vn -0.7514 0.5910 -0.2935
vn -0.5335 -0.7524 0.3862
vn 0.2608 -0.9649 0.0310
vn 0.2496 -0.9679 0.0284
vn 0.2460 -0.9689 0.0269
vn 0.9705 0.2409 0.0120
vn 0.9923 0.1223 0.0190
vn 0.9959 0.0909 0.0040
vn 0.5891 -0.7970 -0.1334
vn 0.6392 -0.7349 -0.2267
vn 0.4986 -0.8643 -0.0663
vn -0.9901 0.1162 0.0794
vn -0.9927 0.0801 0.0902
vn -0.9904 0.1162 0.0746
vn 0.8536 0.5193 0.0398
vn 0.9699 0.2251 -0.0931
vn 0.8630 0.5051 -0.0069
vn -0.4832 0.0049 -0.8755
vn -0.4872 0.0316 -0.8727
vn -0.4926 0.0408 -0.8693
vn -0.8711 -0.4893 -0.0423
vn -0.8729 -0.4879 -0.0040
vn -0.8723 -0.4832 -0.0747
vn -0.7350 -0.1588 -0.6592
vn -0.7410 -0.1400 -0.6568
vn 0.9990 0.0046 -0.0446
vn -0.7999 -0.4016 -0.4459
vn -0.2404 -0.6657 -0.7064
vn -0.2485 -0.6700 -0.6995
vn 0.9964 0.0825 0.0214
vn -0.9853 0.1493 0.0831
vn -0.9867 0.1449 0.0738
vn -0.7836 -0.0082 -0.6212
vn -0.8214 -0.0824 -0.5644
vn 0.9757 0.2192 -0.0028
vn 0.8972 0.4213 0.1326
vn -0.8780 -0.4545 -0.1498
vn -0.8770 -0.4695 -0.1022
vn -0.8844 -0.4247 -0.1933
vn -0.5893 0.5941 0.5475
vn 0.9789 0.2037 0.0163
vn 0.9584 0.2687 0.0961
vn 0.2735 -0.9595 0.0675
vn 0.7040 -0.6337 -0.3208
vn 0.5964 -0.7792 -0.1928
vn 0.8826 0.3879 0.2657
vn -0.6824 -0.3649 -0.6334
vn -0.6902 -0.3657 -0.6244
vn -0.7200 -0.3627 -0.5916
vn 0.9637 0.2669 0.0089
vn 0.8088 0.4388 0.3915
vn 0.8537 0.3908 0.3442
vn 0.8275 0.4300 0.3610
vn 0.6082 0.2173 0.7634
vn 0.5936 0.2543 0.7635
vn 0.5728 0.2859 0.7682
vn 0.9767 0.2131 -0.0242
vn 0.9598 0.2808 0.0038
vn -0.9047 -0.2899 -0.3121
vn -0.9260 -0.2636 -0.2703
vn -0.8722 -0.3144 -0.3748
vn -0.9889 0.1350 0.0626
vn -0.9921 0.1178 0.0424
vn 0.9863 -0.1480 -0.0724
vn 0.9863 -0.1406 -0.0868
vn 0.9741 0.2255 -0.0150
vn 0.4239 -0.9057 -0.0054
vn -0.7818 -0.5674 0.2585
vn -0.0023 0.9507 -0.3101
vn 0.1202 -0.9912 0.0554
vn 0.1415 -0.9885 0.0537
vn 0.2994 -0.9497 0.0915
vn 0.9917 -0.0052 -0.1285
vn 0.9874 -0.1356 -0.0814
vn 0.9115 0.3279 0.2484
vn 0.9340 0.2759 0.2271
vn 0.7878 0.4700 0.3979
vn 0.8224 0.4667 0.3253
vn -0.2365 -0.6556 -0.7171
vn 0.8329 0.5436 -0.1041
vn -0.4729 0.0104 -0.8811
vn -0.4673 0.3394 -0.8163
vn 0.9897 -0.1325 -0.0543
vn 0.9950 0.0032 -0.0997
vn 0.8168 0.5439 0.1923
vn 0.8044 0.5406 0.2462
vn 0.8265 0.5450 0.1409
vn 0.9912 -0.1007 -0.0859
vn -0.1891 -0.6761 -0.7121
vn 0.9349 0.3291 0.1328
vn 0.9979 0.0565 -0.0311
vn -0.7253 0.6437 -0.2441
vn -0.7300 0.6323 -0.2594
vn -0.7363 0.6184 -0.2746
vn 0.8279 0.5554 0.0775
vn 0.7621 0.6462 0.0404
vn 0.7554 0.6482 0.0960
vn 0.9893 -0.1110 -0.0942
vn 0.9636 0.2066 0.1698
vn -0.5788 0.3059 0.7559
vn 0.1868 -0.9821 0.0247
vn 0.1482 -0.9888 0.0189
vn 0.1642 -0.9862 0.0225
vn -0.7204 0.6651 -0.1965
vn -0.7207 0.6589 -0.2156
vn -0.7233 0.6497 -0.2341
vn 0.9174 0.3976 -0.0186
vn -0.4941 0.3199 -0.8084
vn 0.9955 -0.0937 -0.0112
vn 0.2634 -0.9639 0.0398
vn -0.8399 0.0562 0.5399
vn -0.5600 0.2377 0.7937
vn 0.0114 0.9990 -0.0427
vn 0.3369 0.9363 -0.0989
vn -0.9938 0.0622 0.0920
vn -0.9772 -0.0083 -0.2121
vn 0.7692 0.5124 0.3817
vn -0.4631 -0.0171 -0.8861
vn -0.4779 -0.0041 -0.8784
vn -0.8740 0.4123 0.2573
vn -0.6824 0.6599 0.3145
vn -0.6856 0.6792 0.2622
vn 0.6288 0.7704 0.1058
vn 0.6748 0.7239 0.1439
vn 0.6621 0.7440 0.0896
vn -0.4208 0.3598 -0.8327
vn -0.4011 0.4053 -0.8215
vn -0.4305 0.2814 -0.8576
vn -0.4892 0.0780 -0.8687
vn -0.4804 0.0573 -0.8752
vn -0.4872 0.0535 -0.8717
vn 0.2227 0.9358 -0.2731
vn 0.2817 0.9253 -0.2539
vn 0.2822 0.9140 -0.2914
vn 0.6457 0.7616 -0.0551
vn 0.5675 0.8087 -0.1548
vn 0.6166 0.7841 -0.0706
vn 0.5417 0.7969 -0.2673
vn 0.4859 0.8126 -0.3218
vn 0.4496 0.8469 -0.2840
vn 0.6177 0.7861 0.0206
vn 0.6107 0.7893 0.0641
vn 0.6348 0.7713 0.0463
vn -0.2949 -0.0598 -0.9536
vn -0.3286 -0.0541 -0.9429
vn -0.3149 -0.0542 -0.9476
vn 0.7467 0.6461 -0.1580
vn 0.8320 0.5326 -0.1554
vn 0.7394 0.6474 -0.1850
vn 0.6443 0.6219 0.4451
vn 0.6716 0.5749 0.4674
vn 0.6774 0.6046 0.4191
vn 0.5984 0.7763 -0.1985
vn 0.4865 0.8429 -0.2298
vn 0.0625 0.9912 -0.1165
vn 0.1307 0.9853 -0.1101
vn 0.1017 0.9860 -0.1319
vn 0.3775 -0.8622 0.3378
vn 0.1907 -0.9582 0.2132
vn 0.2227 -0.9416 0.2526
vn 0.3558 0.9061 -0.2289
vn 0.4025 0.8917 -0.2068
vn 0.3798 0.8886 -0.2571
vn 0.7094 0.7032 -0.0485
vn 0.6629 0.7397 -0.1161
vn 0.3709 0.9110 -0.1801
vn 0.4157 0.8909 -0.1828
vn -0.4690 0.0545 -0.8815
vn -0.4534 0.0480 -0.8900
vn -0.4499 0.0379 -0.8923
vn 0.5941 0.7654 -0.2471
vn 0.5311 0.7905 -0.3050
vn -0.6504 0.6466 0.3985
vn -0.6507 0.6681 0.3609
vn -0.8144 0.4995 0.2953
vn -0.2784 0.9601 0.0260
vn -0.2502 0.9682 -0.0039
vn -0.2412 0.9704 -0.0073
vn 0.6312 0.7349 -0.2479
vn 0.6800 0.7055 -0.1996
vn 0.3540 0.9183 -0.1771
vn 0.7124 0.6883 -0.1371
vn 0.6443 0.7431 -0.1809
vn 0.6404 0.6798 0.3574
vn 0.6399 0.6633 0.3881
vn 0.6632 0.6656 0.3422
vn 0.6641 0.6429 0.3816
vn 0.6981 0.6208 0.3567
vn 0.7822 0.4473 0.4338
vn 0.7893 0.4416 0.4266
vn 0.8118 0.4243 0.4012
vn 0.7272 0.6760 -0.1195
vn 0.7442 0.6651 -0.0619
vn 0.7433 0.6645 -0.0777
vn -0.6285 -0.2793 -0.7260
vn -0.6320 -0.2602 -0.7300
vn -0.4850 -0.3371 -0.8069
vn -0.5165 0.8203 0.2455
vn -0.5299 0.8169 0.2277
vn -0.5466 0.7914 0.2739
vn 0.2910 0.9454 -0.1468
vn 0.3031 0.9447 -0.1256
vn 0.6252 0.7793 -0.0437
vn 0.6297 0.7764 -0.0255
vn -0.0277 0.9971 -0.0707
vn -0.0903 0.9930 -0.0765
vn -0.1283 0.9897 -0.0638
vn 0.6449 0.6919 0.3246
vn 0.6518 0.6967 0.2997
vn 0.6360 0.7428 0.2094
vn 0.6711 0.7029 0.2357
vn 0.6813 0.7021 0.2071
vn 0.6387 0.6432 0.4224
vn -0.8251 -0.2605 -0.5013
vn -0.5934 0.7086 0.3819
vn -0.5656 0.7540 0.3340
vn -0.6154 0.7244 0.3105
vn -0.6648 -0.2995 -0.6844
vn -0.6836 -0.3084 -0.6615
vn -0.6509 -0.2887 -0.7022
vn 0.3932 -0.8577 0.3313
vn -0.7146 0.4855 0.5036
vn -0.7147 0.4834 0.5055
vn -0.7314 0.4943 0.4699
vn 0.7396 0.4778 0.4740
vn 0.7544 0.4783 0.4497
vn 0.7625 0.4571 0.4579
vn 0.7267 0.4749 0.4963
vn -0.6436 0.6324 0.4310
vn -0.5921 0.6783 0.4352
vn 0.6622 0.7459 0.0713
vn 0.6945 0.7191 0.0236
vn -0.6970 0.4994 0.5146
vn -0.7285 0.4886 0.4802
vn 0.3164 0.9018 -0.2943
vn 0.4486 0.8707 -0.2014
vn 0.4386 0.8679 -0.2331
vn -0.1384 0.9865 -0.0874
vn -0.0540 0.9916 -0.1172
vn -0.0910 0.9844 -0.1507
vn 0.2237 0.9485 -0.2241
vn 0.2464 0.9606 -0.1288
vn -0.5532 -0.0026 -0.8331
vn -0.5533 0.0096 -0.8329
vn -0.5591 0.0088 -0.8291
vn -0.1796 0.9827 -0.0458
vn -0.1972 0.9797 -0.0365
vn -0.2132 0.9767 -0.0252
vn 0.0308 0.9884 -0.1487
vn 0.0012 0.9917 -0.1286
vn 0.0115 0.9938 -0.1105
vn -0.8098 -0.3936 -0.4351
vn -0.7714 -0.4081 -0.4882
vn -0.4938 0.0787 -0.8660
vn -0.4919 0.0721 -0.8677
vn -0.4937 0.0972 -0.8642
vn 0.1209 -0.9921 -0.0331
vn -0.3133 -0.8880 0.3366
vn 0.6850 -0.4518 -0.5715
vn 0.7332 -0.4327 -0.5247
vn 0.7107 -0.4326 -0.5549
vn -0.2205 -0.9430 0.2494
vn -0.5516 0.0247 -0.8337
vn -0.5375 0.0412 -0.8422
vn -0.5493 0.0275 -0.8352
vn -0.6452 -0.2820 -0.7101
vn -0.6400 -0.2590 -0.7234
vn -0.8296 -0.3902 -0.3995
vn -0.8170 -0.4285 -0.3859
vn -0.6735 0.5334 0.5118
vn -0.6980 0.5308 0.4807
vn 0.6540 0.7564 -0.0097
vn -0.7423 -0.6573 -0.1301
vn -0.7518 -0.6419 -0.1510
vn -0.7051 -0.7041 -0.0843
vn -0.4329 0.8977 0.0819
vn -0.3887 0.9125 0.1276
vn -0.3151 0.9472 0.0590
vn 0.4256 -0.3092 0.8504
vn 0.4282 -0.3193 0.8454
vn 0.4329 -0.3219 0.8420
vn 0.1220 0.9722 -0.1998
vn -0.5500 0.0256 -0.8348
vn -0.5520 0.0218 -0.8335
vn -0.4482 0.2134 -0.8681
vn 0.7419 0.6699 -0.0279
vn -0.4542 0.1867 -0.8711
vn -0.4972 0.1248 -0.8586
vn -0.4706 0.1545 -0.8687
vn -0.3586 -0.0671 -0.9311
vn 0.1051 -0.9588 0.2640
vn 0.1722 -0.8746 0.4532
vn 0.0882 -0.9617 0.2597
vn 0.7547 -0.4960 -0.4295
vn 0.7625 -0.5384 -0.3589
vn 0.7496 -0.5952 -0.2894
vn -0.5165 0.0808 -0.8524
vn -0.6768 -0.7319 0.0792
vn -0.6860 -0.7250 0.0621
vn -0.7025 -0.7114 -0.0213
vn -0.5290 0.0516 -0.8470
vn -0.5410 0.0686 -0.8382
vn 0.5986 -0.6521 0.4652
vn 0.5911 -0.5773 0.5634
vn 0.5458 -0.4833 0.6845
vn -0.4738 0.0586 -0.8787
vn -0.9662 0.0761 -0.2463
vn -0.9952 0.0671 -0.0708
vn -0.9965 0.0794 -0.0263
vn 0.7178 0.5125 0.4713
vn 0.7485 0.5069 0.4276
vn 0.7767 0.6282 -0.0448
vn 0.8108 0.5833 -0.0479
vn 0.6389 0.7243 0.2592
vn 0.6652 0.6889 0.2879
vn 0.6664 0.6948 0.2704
vn -0.5532 0.8244 0.1196
vn -0.4921 0.8569 0.1538
vn -0.4919 0.0627 -0.8684
vn -0.6047 0.7587 0.2424
vn -0.5586 -0.0419 -0.8284
vn -0.5461 -0.0367 -0.8369
vn -0.5373 -0.0374 -0.8426
vn -0.4418 0.8787 0.1808
vn -0.4264 0.8891 0.1662
vn -0.6830 0.4876 0.5438
vn -0.6818 0.4713 0.5595
vn -0.2946 0.9546 0.0438
vn -0.2573 0.9663 0.0090
vn -0.7195 -0.4287 -0.5464
vn -0.7419 -0.4359 -0.5094
vn -0.6980 -0.4583 -0.5502
vn -0.1578 0.9853 -0.0659
vn -0.1356 0.9831 -0.1233
vn 0.0487 0.9940 -0.0984
vn 0.6346 0.7169 0.2885
vn 0.8627 0.4897 -0.1262
vn 0.7559 0.6320 -0.1707
vn 0.6889 0.6394 0.3416
vn 0.6823 0.6584 0.3178
vn 0.1549 0.9799 -0.1258
vn -0.2004 -0.4454 -0.8726
vn -0.0175 0.9938 -0.1101
vn 0.4351 0.8818 -0.1818
vn 0.4156 0.8687 -0.2693
vn 0.3863 0.8690 -0.3092
vn 0.0691 0.5663 -0.8213
vn 0.9195 0.3760 -0.1149
vn 0.6731 0.6716 0.3096
vn 0.6261 0.7628 0.1615
vn 0.6745 0.7185 0.1695
vn 0.9972 -0.0044 -0.0752
vn 0.9299 0.3199 -0.1813
vn 0.9997 -0.0150 -0.0192
vn -0.5367 -0.5662 -0.6256
vn -0.5853 -0.5243 -0.6185
vn -0.5912 -0.5081 -0.6263
vn -0.5782 -0.5280 -0.6220
vn -0.6444 -0.4659 -0.6063
vn 0.5393 0.7606 -0.3614
vn 0.5638 0.7540 -0.3370
vn 0.5546 0.7596 -0.3398
vn 0.2519 0.9627 -0.0982
vn 0.1885 0.9772 -0.0975
vn 0.1344 0.9875 -0.0818
vn 0.6409 0.7228 -0.2585
vn 0.7584 0.6194 -0.2030
vn 0.7798 0.5717 -0.2553
vn 0.6444 0.7352 -0.2101
vn 0.6019 0.7392 -0.3023
vn 0.5580 0.7548 -0.3450
vn 0.6469 0.7508 -0.1333
vn 0.5736 0.8009 -0.1716
vn 0.5852 0.8009 -0.1270
vn -0.6514 -0.4497 -0.6111
vn 0.4298 0.8357 -0.3420
vn 0.5310 0.7905 -0.3051
vn 0.5096 0.7797 -0.3639
vn -0.9605 0.1795 0.2126
vn -0.9752 0.1405 0.1711
vn -0.9768 0.0928 0.1928
vn 0.6871 0.7214 -0.0863
vn 0.6653 0.7403 -0.0968
vn 0.6234 0.7762 -0.0939
vn -0.0249 0.8862 0.4626
vn -0.0394 0.8918 0.4507
vn -0.0968 0.9053 0.4136
vn -0.9277 0.3690 -0.0574
vn -0.9812 0.1854 -0.0536
vn -0.9997 0.0220 -0.0048
vn 0.8090 0.5746 -0.1240
vn 0.9262 0.3711 -0.0669
vn 0.9080 0.4011 -0.1214
vn 0.3030 0.9461 -0.1148
vn 0.3296 0.9300 -0.1628
vn -0.0823 0.9238 -0.3740
vn -0.0692 0.9175 -0.3917
vn -0.1157 0.9334 -0.3397
vn -0.9266 0.3376 -0.1658
vn -0.9977 0.0626 -0.0259
vn -0.8937 0.4121 -0.1772
vn -0.7165 -0.4263 -0.5522
vn -0.7226 -0.4426 -0.5309
vn -0.7320 -0.4270 -0.5308
vn 0.9961 -0.0568 -0.0677
vn 0.9975 -0.0582 -0.0407
vn 0.9992 -0.0336 -0.0207
vn 0.6062 0.7543 -0.2520
vn 0.6180 0.7552 -0.2184
vn 0.6428 0.7459 -0.1746
vn 0.7005 0.6966 -0.1552
vn 0.6715 0.7206 -0.1728
vn 0.6692 0.7216 -0.1772
vn 0.7224 0.6739 -0.1551
vn 0.5944 0.7022 -0.3920
vn 0.7827 0.4020 -0.4752
vn 0.4766 0.7412 -0.4728
vn 0.4052 0.8659 -0.2932
vn 0.3237 0.8908 -0.3188
vn 0.3266 0.9093 -0.2577
vn -0.4012 0.8896 0.2184
vn -0.4079 0.9044 0.1253
vn -0.4495 0.8848 0.1225
vn -1.0000 -0.0000 -0.0000
vn -1.0000 0.0049 -0.0009
vn -1.0000 -0.0001 -0.0000
vn -0.7989 -0.3042 -0.5189
vn -0.8588 0.1294 -0.4958
vn -0.6979 -0.4445 -0.5616
vn 0.6461 0.2323 -0.7271
vn 0.9926 -0.0212 -0.1197
vn 0.9953 -0.0092 -0.0965
vn 0.9950 0.0131 -0.0993
vn -0.0480 0.8486 -0.5268
vn 0.1257 0.8137 -0.5675
vn -0.0557 0.8116 -0.5815
vn 0.4634 0.6424 -0.6104
vn 0.5250 0.4779 -0.7043
vn 0.4491 0.6462 -0.6171
vn 0.6963 -0.6862 -0.2106
vn 0.7790 -0.6239 -0.0623
vn 0.7968 -0.6039 0.0205
vn 0.1790 0.7398 -0.6486
vn 0.3660 0.8186 -0.4427
vn 0.4140 0.7947 -0.4440
vn 0.3472 0.8041 -0.4826
vn 0.5067 0.8175 -0.2737
vn -0.0962 0.8848 -0.4560
vn 0.3718 0.8321 -0.4116
vn 0.4448 0.7802 -0.4399
vn 0.4952 0.7723 -0.3978
vn -0.9939 0.0941 -0.0569
vn -0.9999 0.0103 -0.0046
vn 0.9516 0.2812 -0.1237
vn 0.9528 0.2565 -0.1627
vn 0.8959 0.4046 -0.1837
vn -0.7052 0.6685 -0.2361
vn -0.5543 0.7962 -0.2427
vn -0.5916 0.7688 -0.2428
vn 0.3369 -0.7456 -0.5750
vn 0.4039 -0.7202 -0.5641
vn 0.4721 -0.5313 -0.7034
vn 0.8042 0.5008 -0.3201
vn 0.9151 0.3056 -0.2632
vn 0.5716 0.3535 -0.7405
vn 0.6592 0.7361 -0.1539
vn -0.3309 0.6729 -0.6616
vn -0.0250 0.7851 -0.6189
vn 0.0837 0.7144 -0.6947
vn 0.4346 0.7083 -0.5563
vn 0.4386 0.7343 -0.5181
vn 0.4537 0.6854 -0.5696
vn 0.4187 -0.7243 -0.5478
vn 0.3474 -0.7692 -0.5363
vn 0.3546 -0.7776 -0.5192
vn 0.9222 -0.0121 -0.3866
vn 0.9408 0.2478 -0.2312
vn -0.1708 0.9381 -0.3013
vn -0.2382 0.9260 -0.2929
vn -0.2990 0.9141 -0.2738
vn -0.5311 -0.5852 -0.6127
vn -0.3459 -0.6635 -0.6634
vn -0.4580 -0.6146 -0.6422
vn 0.3593 -0.7787 -0.5143
vn 0.4800 -0.7424 -0.4673
vn 0.4220 -0.7600 -0.4942
vn -0.7395 -0.2494 -0.6252
vn -0.7190 -0.3874 -0.5770
vn 0.9871 -0.1404 -0.0775
vn 0.9915 -0.1138 -0.0626
vn 0.9920 -0.0852 -0.0936
vn 0.8956 0.3879 -0.2176
vn 0.9484 0.2377 -0.2098
vn 0.8849 0.3859 -0.2608
vn 0.8504 -0.5193 0.0848
vn 0.8554 -0.5102 0.0892
vn 0.8588 -0.5040 0.0915
vn -0.4363 0.8701 -0.2292
vn -0.3393 0.9171 -0.2094
vn -0.2760 0.9287 -0.2479
vn -0.1818 0.8456 -0.5018
vn -0.1838 0.8240 -0.5360
vn 0.5247 0.7615 -0.3806
vn 0.5159 0.7678 -0.3798
vn -0.0673 0.8565 -0.5118
vn -0.0748 0.8428 -0.5331
vn -0.1426 0.7802 -0.6091
vn -0.1892 0.8253 -0.5321
vn -0.0479 0.9034 -0.4262
vn -0.0622 0.8701 -0.4889
vn 0.9879 -0.0933 -0.1241
vn 0.9934 -0.0707 -0.0902
vn 0.4110 0.6966 -0.5881
vn 0.3942 0.7585 -0.5190
vn -0.0478 0.8849 -0.4633
vn -0.0526 0.8762 -0.4790
vn 0.4750 0.7695 -0.4268
vn 0.4257 0.7642 -0.4846
vn -0.9988 -0.0322 0.0380
vn -0.9993 0.0293 -0.0252
vn -0.9972 -0.0750 0.0003
vn 0.3628 0.8510 -0.3797
vn 0.3776 0.8625 -0.3369
vn 0.9996 -0.0241 -0.0135
vn 0.9995 0.0240 -0.0185
vn 0.9961 -0.0459 -0.0748
vn 0.8424 0.4833 -0.2383
vn 0.3711 -0.7756 -0.5106
vn 0.4278 -0.7459 -0.5106
vn -0.9379 0.3451 -0.0364
vn -0.9919 0.1266 -0.0116
vn -0.5039 0.8270 -0.2491
vn -0.1209 0.9322 -0.3412
vn 0.4828 -0.7367 -0.4735
vn -0.1316 -0.4543 -0.8811
vn -0.6015 -0.6052 -0.5214
vn -0.8287 -0.1383 -0.5423
vn 0.7374 0.5978 -0.3145
vn 0.5595 0.7865 -0.2614
vn 0.5793 0.7613 -0.2912
vn -0.7361 -0.4053 -0.5421
vn 0.6009 0.7472 -0.2840
vn 0.6983 0.7092 -0.0968
vn 0.9981 -0.0581 -0.0226
vn 0.9988 -0.0480 -0.0019
vn 0.9988 -0.0444 -0.0224
vn -0.6772 -0.4304 -0.5968
vn -0.6872 -0.3382 -0.6429
vn -0.3710 0.9214 -0.1156
vn -0.2601 0.9515 -0.1645
vn -0.3450 0.9241 -0.1643
vn -0.3414 0.9218 -0.1838
vn -0.2532 0.9414 -0.2228
vn -0.9758 0.1649 0.1437
vn -0.9823 0.1389 0.1260
vn -0.9291 -0.2550 -0.2679
vn -0.5116 -0.6618 -0.5479
vn -0.4609 0.8497 -0.2561
vn -0.2046 -0.0392 -0.9781
vn 0.2559 -0.7034 -0.6631
vn -0.0354 -0.6702 -0.7414
vn -1.0000 0.0023 -0.0009
vn -1.0000 0.0021 -0.0009
vn -0.1527 -0.6898 -0.7077
vn 0.7941 -0.6053 0.0537
vn 0.7997 -0.5980 0.0533
vn 0.8003 -0.5966 0.0597
vn -0.4299 0.8890 -0.1578
vn -0.4856 0.8545 -0.1845
vn -0.4489 0.8916 -0.0598
vn -0.3660 0.9264 -0.0889
vn -0.4645 0.8815 -0.0850
vn -0.3473 0.9370 0.0391
vn -0.2489 0.9685 0.0085
vn -0.3476 0.9367 -0.0430
vn -0.5753 -0.0383 -0.8170
vn -0.5443 -0.5610 -0.6237
vn -0.1076 0.9913 0.0759
vn -0.0158 0.9989 0.0439
vn -0.0389 0.9987 -0.0314
vn -0.7197 -0.0678 -0.6910
vn -0.3585 0.8786 0.3154
vn -0.2738 0.9033 0.3304
vn -0.3646 0.8817 0.2995
vn 0.9523 0.3010 0.0500
vn 0.8542 0.5132 0.0836
vn -0.3617 0.9016 0.2372
vn -0.3325 0.9352 0.1221
vn -0.3963 0.9066 -0.1451
vn 0.3815 0.9175 -0.1129
vn 0.4227 0.8925 -0.1572
vn 0.0392 0.8624 0.5047
vn 0.0482 0.8603 0.5075
vn -1.0000 0.0045 -0.0012
vn -1.0000 0.0035 -0.0010
vn 0.9999 0.0140 -0.0074
vn 0.9994 0.0309 -0.0134
vn 0.6939 -0.5059 -0.5125
vn 0.9272 -0.2948 -0.2308
vn 0.8398 -0.3856 -0.3821
vn -0.3938 0.8590 0.3271
vn 0.9553 -0.1987 -0.2188
vn 0.9659 -0.1869 -0.1794
vn 0.9994 -0.0268 -0.0224
vn -0.3000 0.9029 0.3077
vn -0.2283 0.9226 0.3111
vn -0.2814 0.9302 0.2359
vn 0.5686 -0.1182 -0.8141
vn 0.5683 0.7945 -0.2141
vn 0.1369 0.8362 0.5310
vn -0.6953 -0.4232 -0.5809
vn -0.7199 -0.4163 -0.5553
vn -0.4380 0.8315 0.3418
vn -0.4025 0.8602 0.3132
vn 0.9898 -0.0790 -0.1187
vn 0.9876 -0.0722 -0.1391
vn 0.2700 0.7931 -0.5460
vn 0.3490 0.7886 -0.5063
vn 0.4898 0.7729 -0.4034
vn 0.9980 -0.0620 0.0136
vn 0.9992 -0.0384 0.0110
vn 0.9985 -0.0518 0.0196
vn 0.9996 -0.0238 0.0146
vn 0.5232 0.8240 -0.2176
vn 0.4373 0.8700 -0.2278
vn 0.4172 0.8142 -0.4037
vn -0.0036 0.8625 -0.5061
vn -0.0074 0.8836 -0.4683
vn -0.9941 -0.0214 -0.1065
vn -0.9930 -0.0212 -0.1159
vn -0.0930 0.8018 -0.5904
vn 1.0000 0.0037 0.0028
vn 0.9804 0.1862 -0.0649
vn 0.8871 0.4423 -0.1320
vn -0.2466 0.9602 0.1312
vn -0.2060 0.9413 -0.2674
vn 0.9921 -0.0583 -0.1107
vn -0.0269 0.9823 -0.1854
vn -0.0747 0.9627 -0.2600
vn -0.0558 0.9724 -0.2263
vn 0.2276 0.5064 -0.8317
vn -0.6600 -0.4350 -0.6126
vn 0.3509 0.9120 -0.2123
vn -0.9954 0.0309 0.0911
vn -0.9852 0.1519 0.0794
vn -0.9980 -0.0114 0.0622
vn -0.7255 -0.3968 -0.5623
vn -0.6502 -0.4199 -0.6332
vn 0.5844 0.6221 -0.5210
vn 0.6243 0.5090 -0.5926
vn 0.0325 0.9966 -0.0753
vn -0.0712 0.9924 -0.1007
vn -0.0528 0.9027 -0.4271
vn -0.7279 0.6513 -0.2143
vn -0.5750 0.7084 -0.4092
vn -0.1280 0.9411 -0.3129
vn -0.0942 0.9539 -0.2848
vn -0.1109 0.9380 -0.3285
vn -0.9974 -0.0044 -0.0722
vn -0.9972 -0.0492 -0.0555
vn -0.9971 -0.0465 -0.0609
vn 0.9737 0.2265 0.0260
vn 0.9581 0.2825 0.0470
vn -0.8840 0.3767 -0.2767
vn -0.9911 0.1062 -0.0797
vn -0.8731 -0.2525 -0.4170
vn -0.9951 0.0700 -0.0694
vn -0.9922 0.0964 -0.0787
vn -0.9905 0.1170 -0.0721
vn -0.4266 0.9038 0.0337
vn -0.4874 0.8720 0.0463
vn -0.0481 0.7647 -0.6426
vn 0.7399 -0.4607 -0.4903
vn -1.0000 0.0027 -0.0009
vn -0.9493 -0.2024 -0.2404
vn 0.9956 -0.0159 -0.0918
vn 0.9946 -0.0151 -0.1026
vn -0.0597 0.9105 -0.4092
vn -0.4956 0.8316 -0.2507
vn -1.0000 0.0030 -0.0008
vn -0.2488 0.9402 -0.2329
vn 0.4564 0.8883 -0.0514
vn -0.8988 0.4074 -0.1617
vn -0.9897 0.1353 -0.0467
vn -0.8770 0.4573 -0.1475
vn -0.1203 0.9139 0.3878
vn -0.1728 0.9182 0.3565
vn -0.9913 0.0808 -0.1036
vn -0.1890 0.9446 0.2682
vn -0.1134 0.9702 0.2140
vn -0.1844 0.9755 0.1198
vn 0.9997 -0.0143 0.0196
vn 0.9999 -0.0036 0.0120
vn -0.2069 0.9371 -0.2812
vn 0.9481 0.3121 -0.0610
vn -0.9988 0.0147 -0.0467
vn -0.9966 0.0285 -0.0774
vn -0.9965 0.0008 -0.0841
vn -1.0000 0.0057 -0.0047
vn -0.9997 0.0161 -0.0196
vn -0.9992 0.0125 -0.0367
vn -0.1297 0.9914 -0.0192
vn -0.2656 0.9587 -0.1016
vn -0.1672 0.9755 -0.1427
vn 0.8437 -0.5302 0.0839
vn 0.8052 -0.5888 0.0712
vn 0.8147 -0.5749 0.0758
vn 0.8272 -0.5558 0.0825
vn 0.9961 -0.0318 -0.0825
vn -1.0000 0.0019 -0.0009
vn -1.0000 0.0024 -0.0024
vn 0.9488 0.2880 -0.1298
vn 0.9615 0.2550 -0.1025
vn -0.3653 0.0019 -0.9309
vn -0.4404 0.8978 -0.0078
vn -0.6302 -0.1174 -0.7675
vn 0.9592 0.2739 -0.0703
vn 0.9857 0.1648 -0.0346
vn -0.2573 0.9644 -0.0614
vn -0.1740 0.9808 -0.0880
vn -0.6741 0.0953 -0.7325
vn 0.4419 0.8777 -0.1851
vn 0.9869 -0.1114 -0.1169
vn -0.5188 0.8544 -0.0286
vn -0.0959 0.9348 -0.3421
vn -0.9997 0.0263 -0.0023
vn 0.9816 0.1890 -0.0280
vn 0.9835 0.1787 -0.0290
vn 0.9997 -0.0214 0.0072
vn 0.9972 -0.0209 -0.0715
vn 0.9980 -0.0333 -0.0538
vn 0.9974 -0.0377 -0.0621
vn -0.9907 0.0518 0.1257
vn -0.9975 -0.0610 0.0349
vn -0.9953 -0.0968 -0.0053
vn -0.1106 0.9334 -0.3414
vn -0.9526 0.2343 0.1940
vn -0.9635 0.2068 0.1702
vn 0.8768 0.4737 -0.0827
vn -0.9922 0.1157 0.0466
vn -0.9927 0.1204 0.0061
vn -0.9947 0.0207 0.1003
vn -0.9967 -0.0025 0.0808
vn 0.5002 0.8538 -0.1445
vn -0.9850 0.0588 0.1624
vn -0.0769 -0.9942 -0.0754
vn -0.0014 -1.0000 -0.0006
vn -0.1932 -0.9725 -0.1302
vn -0.7506 -0.1951 -0.6313
vn -0.8011 -0.1998 -0.5642
vn -0.7973 -0.0554 -0.6011
vn -0.4761 -0.7287 0.4923
vn -0.4885 -0.7092 0.5084
vn -0.4604 -0.7137 0.5279
vn 0.6581 0.7505 -0.0598
vn 0.6652 0.7449 -0.0509
vn 0.8865 0.4571 -0.0721
vn -0.5696 0.7668 0.2960
vn -0.5558 0.7908 0.2564
vn -0.5826 0.7764 0.2403
vn -0.0000 -1.0000 0.0014
vn -0.0129 -0.9969 0.0781
vn -0.0113 -0.9996 0.0275
vn -0.4519 -0.6656 0.5939
vn -0.4305 -0.6968 0.5736
vn -0.3960 -0.6805 0.6166
vn 0.9786 0.1957 0.0639
vn 0.9810 0.1727 0.0889
vn 0.9834 0.1740 0.0515
vn -0.5257 -0.6236 0.5786
vn -0.5973 -0.5327 0.5995
vn -0.5187 -0.6224 0.5861
vn 0.2146 -0.7564 0.6179
vn 0.2762 -0.7579 0.5911
vn 0.2231 -0.7481 0.6250
vn 0.2759 -0.6544 -0.7040
vn 0.6171 -0.4971 -0.6100
vn 0.5549 -0.5639 -0.6116
vn -0.1919 -0.9633 -0.1877
vn -0.0014 -1.0000 -0.0011
vn -0.7332 -0.6800 0.0011
vn -0.7744 -0.6326 0.0083
vn -0.7536 -0.6572 -0.0133
vn 0.6801 0.7327 -0.0233
vn 0.6584 0.7502 -0.0617
vn 0.6881 0.7256 -0.0061
vn -0.4737 -0.6859 0.5525
vn 0.6929 -0.7210 -0.0050
vn 0.7120 -0.7021 -0.0101
vn 0.6902 -0.7233 0.0216
vn 0.7065 0.6770 0.2061
vn 0.7066 0.7028 0.0826
vn 0.6888 0.6671 0.2839
vn 0.8190 -0.5729 -0.0331
vn 0.7508 -0.6601 -0.0242
vn 0.7376 -0.6745 -0.0312
vn -0.7285 -0.5935 0.3420
vn -0.8304 -0.3746 0.4124
vn -0.8540 -0.4668 0.2298
vn -0.5569 -0.6089 -0.5649
vn -0.5034 -0.7125 -0.4889
vn -0.5726 -0.6507 -0.4987
vn 0.0004 -1.0000 -0.0001
vn 0.0581 -0.9983 -0.0023
vn 0.0015 -1.0000 0.0002
vn 0.2503 0.8019 -0.5425
vn 0.2475 0.8054 -0.5385
vn 0.2725 0.8130 -0.5147
vn 0.0190 0.8370 -0.5468
vn 0.0076 0.8392 -0.5438
vn 0.0160 0.8334 -0.5524
vn -0.0054 -1.0000 -0.0015
vn -0.3251 -0.9456 -0.0096
vn -0.4195 -0.9078 -0.0038
vn 0.0109 0.8287 -0.5595
vn -0.1171 0.7980 -0.5911
vn -0.0921 0.8119 -0.5764
vn -0.0551 0.8116 -0.5816
vn -0.9973 -0.0735 -0.0003
vn -0.9802 -0.1422 -0.1380
vn -0.9872 -0.0911 -0.1309
vn 0.0478 -0.7689 -0.6376
vn 0.1128 -0.7653 -0.6337
vn 0.3654 -0.8018 -0.4730
vn 0.0102 -0.7094 -0.7047
vn 0.0017 -0.6717 -0.7409
vn -0.0038 -0.6810 -0.7323
vn -0.5495 -0.5823 -0.5991
vn -0.6829 -0.2941 -0.6687
vn 0.0688 -0.7909 -0.6081
vn 0.2678 -0.7605 -0.5915
vn 0.2382 -0.8066 -0.5410
vn 0.8246 -0.4176 -0.3816
vn 0.9479 0.2357 -0.2143
vn 0.9775 -0.1756 -0.1167
vn -0.2670 -0.7120 0.6494
vn -0.3564 -0.7050 0.6131
vn -0.3264 -0.7152 0.6180
vn -0.6592 -0.5426 -0.5206
vn -0.7261 -0.5000 -0.4720
vn -0.7485 -0.5277 -0.4016
vn -0.1763 -0.9831 -0.0498
vn -0.2540 -0.9599 -0.1185
vn -0.0000 -1.0000 -0.0000
vn -0.6859 -0.3617 -0.6314
vn -0.6809 -0.3476 -0.6446
vn -0.7067 -0.3277 -0.6271
vn 0.3946 0.7790 -0.4872
vn 0.4428 0.7353 -0.5132
vn 0.4709 0.7291 -0.4966
vn 0.1471 -0.9325 -0.3297
vn -0.0196 -0.8210 -0.5705
vn -0.6521 -0.3778 -0.6573
vn -0.6081 -0.4242 -0.6710
vn -0.6207 -0.3814 -0.6850
vn 0.5586 -0.5292 -0.6387
vn 0.0409 -0.3368 -0.9407
vn 0.0022 -0.6412 -0.7674
vn -0.0003 -1.0000 -0.0002
vn -0.0001 -1.0000 -0.0001
vn 0.4801 -0.4756 -0.7371
vn 0.4196 -0.6064 -0.6755
vn 0.4391 -0.5613 -0.7015
vn -0.0051 -1.0000 0.0009
vn -0.2883 -0.9157 -0.2801
vn -0.1189 -0.9832 -0.1383
vn -0.9694 -0.1183 -0.2150
vn -0.9543 -0.1415 -0.2633
vn -0.9684 0.2093 0.1353
vn -0.3891 0.6385 0.6640
vn -0.3083 0.6138 0.7268
vn -0.4155 0.6313 0.6548
vn 0.7318 -0.6789 -0.0599
vn 0.8779 -0.4785 -0.0144
vn 0.7481 -0.6634 0.0178
vn -0.5048 -0.7000 0.5052
vn -0.7072 -0.3799 0.5963
vn -0.5943 -0.5793 0.5579
vn -0.0000 -1.0000 0.0002
vn -0.0006 -1.0000 -0.0002
vn -0.7574 -0.0878 0.6470
vn -0.3449 0.6139 -0.7100
vn -0.0361 0.8942 -0.4462
vn -0.0497 0.8640 -0.5010
vn -0.3626 -0.6368 -0.6805
vn -0.0177 -0.6842 -0.7291
vn -0.2245 -0.6741 -0.7037
vn 0.4369 0.7963 -0.4184
vn 0.5357 0.7679 -0.3512
vn 0.4065 0.7852 -0.4671
vn -0.0003 -1.0000 0.0003
vn 0.0001 -1.0000 -0.0001
vn -0.6676 0.5076 -0.5447
vn -0.5227 0.7696 -0.3667
vn -0.7401 0.1416 -0.6574
vn -0.0065 -1.0000 -0.0066
vn -0.0002 -1.0000 -0.0003
vn -0.0030 -0.9996 -0.0284
vn -0.4733 -0.8133 0.3385
vn -0.5465 -0.8268 0.1330
vn -0.3918 -0.8110 0.4344
vn -0.0705 -0.9921 -0.1038
vn -0.0400 -0.9968 -0.0686
vn 0.3513 -0.7058 -0.6152
vn 0.3795 -0.6772 -0.6304
vn 0.3500 -0.7028 -0.6193
vn -0.7054 0.0928 -0.7028
vn -0.5116 0.5880 -0.6265
vn -0.7439 -0.0274 -0.6677
vn 0.3149 -0.7344 -0.6012
vn 0.2835 -0.7623 -0.5819
vn 0.3594 0.7702 -0.5269
vn 0.3909 0.7856 -0.4797
vn 0.3869 0.7894 -0.4766
vn 0.3952 0.7884 -0.4715
vn -0.3819 0.1178 0.9167
vn -0.4024 0.0802 0.9119
vn -0.6053 -0.0062 0.7959
vn -0.9577 -0.1559 -0.2419
vn -0.9660 -0.1753 -0.1900
vn -0.9455 -0.1690 -0.2781
vn -0.7149 -0.1561 -0.6815
vn -0.5926 0.1813 -0.7848
vn -0.6978 -0.2332 -0.6772
vn 0.3447 -0.7653 0.5436
vn 0.3579 -0.7748 0.5212
vn 0.3807 -0.7750 0.5045
vn 0.5638 -0.8222 0.0781
vn 0.5671 -0.8221 -0.0508
vn 0.5628 -0.8190 0.1117
vn 0.7125 -0.7017 -0.0031
vn 0.7954 -0.5832 0.1653
vn 0.7842 -0.6145 0.0864
vn -0.6792 0.7330 -0.0377
vn -0.6604 0.7502 -0.0335
vn -0.6684 0.7425 -0.0441
vn 0.7052 -0.7070 -0.0535
vn -0.0009 -1.0000 0.0017
vn -0.0003 -1.0000 0.0007
vn -0.0021 -0.9982 0.0597
vn 0.9985 -0.0498 -0.0247
vn 0.9946 -0.0871 -0.0561
vn 0.9995 -0.0200 -0.0231
vn 0.3304 -0.7223 -0.6075
vn 0.4492 -0.4200 -0.7885
vn -0.4259 -0.7112 -0.5593
vn -0.2359 -0.7669 -0.5969
vn -0.3807 -0.7307 -0.5667
vn -0.5466 -0.8195 0.1720
vn -0.3445 -0.7038 -0.6213
vn -0.4065 -0.6294 -0.6623
vn -0.3750 -0.6515 -0.6595
vn 0.8984 -0.4209 0.1251
vn -0.0098 -0.9998 0.0195
vn 0.8016 -0.4480 -0.3959
vn 0.9633 -0.1956 -0.1840
vn 0.7996 -0.5836 -0.1415
vn 0.0065 -1.0000 -0.0066
vn 0.0004 -1.0000 -0.0006
vn 0.0176 -0.9998 -0.0065
vn -0.9796 -0.0940 0.1776
vn -0.9805 -0.1965 0.0019
vn -0.9895 -0.1140 0.0891
vn -0.2152 -0.9671 -0.1358
vn -0.9378 0.2780 -0.2078
vn -0.9998 0.0024 -0.0189
vn -0.9318 0.2914 -0.2163
vn 0.7093 0.7011 -0.0737
vn 0.7380 0.6748 0.0074
vn 0.6795 0.7121 -0.1768
vn 0.3441 -0.9388 -0.0157
vn 0.4993 -0.8663 -0.0168
vn 0.0008 -1.0000 -0.0013
vn -0.5914 0.3566 -0.7232
vn -0.0012 -1.0000 0.0007
vn -0.0984 -0.9881 0.1179
vn -0.1340 -0.9818 0.1348
vn 0.0108 -0.9999 -0.0074
vn -0.5526 -0.8253 -0.1165
vn -0.5704 -0.8214 -0.0006
vn -0.5565 -0.8189 -0.1404
vn -0.0340 -0.9994 -0.0068
vn 0.0058 -1.0000 -0.0021
vn -0.9609 -0.2540 -0.1100
vn -0.8956 -0.3038 -0.3250
vn -0.9604 -0.2601 -0.0993
vn 0.8094 -0.5860 -0.0386
vn 0.4441 -0.8130 -0.3766
vn -0.8931 -0.0411 -0.4480
vn -0.7398 -0.2910 -0.6067
vn 0.2554 -0.7622 -0.5948
vn -0.6710 0.7383 -0.0688
vn -0.6725 0.7375 -0.0619
vn -0.5149 -0.6746 0.5290
vn -0.6651 -0.3976 -0.6321
vn -0.6377 -0.4534 -0.6227
vn -0.6674 -0.3924 -0.6329
vn -0.0067 -1.0000 0.0057
vn 0.9962 -0.0854 0.0196
vn 0.9845 -0.1605 -0.0706
vn -0.9975 0.0457 -0.0536
vn -0.9999 -0.0066 -0.0137
vn -0.0948 0.6631 -0.7425
vn 0.1750 0.6305 -0.7562
vn -0.0000 -1.0000 0.0001
vn -0.2704 -0.7892 0.5514
vn -0.9984 -0.0399 -0.0411
vn -0.9999 0.0056 -0.0098
vn -0.2504 0.5086 0.8238
vn -0.4053 0.6167 0.6748
vn -0.3692 0.5899 0.7181
vn 0.7538 0.6569 -0.0163
vn 0.9937 0.1115 0.0102
vn 0.9980 0.0612 -0.0168
vn -0.7245 -0.2958 -0.6225
vn -0.4981 -0.7126 0.4941
vn -0.4845 -0.7002 0.5243
vn -0.4910 -0.7190 0.4918
vn 0.6468 -0.6377 -0.4184
vn 0.9271 -0.3215 -0.1925
vn -0.9896 -0.1439 0.0057
vn 0.4245 -0.9052 -0.0214
vn 0.2421 -0.9702 -0.0132
vn 0.3833 -0.9233 -0.0219
vn -0.2228 0.6963 -0.6823
vn -0.4306 0.3545 -0.8300
vn -0.9848 0.1147 0.1301
vn -0.9823 0.1618 0.0945
vn -0.9848 0.1148 0.1301
vn 0.0002 -1.0000 -0.0002
vn 0.8636 -0.4998 -0.0664
vn 0.0044 -0.8448 -0.5351
vn -0.5572 -0.5535 -0.6190
vn -0.4845 -0.5873 -0.6483
vn -0.1932 -0.9808 -0.0279
vn -0.9999 0.0045 -0.0096
vn -0.9994 0.0278 -0.0185
vn -0.2733 -0.9609 -0.0443
vn -0.4932 -0.5467 -0.6767
vn -0.5935 -0.5169 -0.6169
vn -0.4964 -0.1136 -0.8607
vn 0.0947 -0.9952 -0.0239
vn 0.0002 -1.0000 -0.0014
vn -0.4322 -0.8206 -0.3739
vn -0.5445 -0.7328 -0.4081
vn -0.2764 0.3079 0.9104
vn -0.2789 0.2739 0.9204
vn 0.0019 -1.0000 0.0002
vn -0.0000 -1.0000 0.0008
vn 0.0001 -1.0000 -0.0013
vn -0.0046 -0.7580 -0.6522
vn 0.3297 -0.7249 -0.6049
vn -0.0990 -0.9950 -0.0133
vn -0.5187 -0.6415 -0.5651
vn 0.7788 0.2548 0.5732
vn 0.7424 0.2539 0.6200
vn 0.7512 0.2338 0.6173
vn 0.1104 -0.9900 0.0875
vn 0.1449 -0.9806 0.1322
vn 0.0016 -1.0000 0.0014
vn -0.9556 0.2662 0.1263
vn -0.9527 0.2761 0.1273
vn -0.6532 -0.6263 -0.4256
vn -0.7147 -0.3444 -0.6087
vn 0.0241 0.9318 -0.3622
vn 0.0276 0.9323 -0.3606
vn 0.2299 0.9061 -0.3553
vn -0.1372 -0.9635 -0.2301
vn -0.1604 -0.9448 -0.2858
vn 0.2058 -0.9149 -0.3473
vn 0.2842 -0.7958 -0.5348
vn 0.2848 -0.8207 -0.4953
vn -0.9743 -0.2196 -0.0493
vn -0.9701 -0.2336 -0.0664
vn -0.9727 -0.2259 -0.0535
vn -0.9804 -0.1760 -0.0880
vn -0.9382 -0.2558 -0.2331
vn -0.9935 -0.0707 -0.0891
vn 0.9957 -0.0898 -0.0242
vn 0.9906 0.1311 -0.0402
vn 0.9791 0.1081 0.1724
vn 0.9257 0.2699 -0.2651
vn 0.8369 0.4202 -0.3508
vn 0.9976 -0.0268 -0.0634
vn -0.6443 -0.3191 -0.6951
vn -0.6304 -0.3353 -0.7001
vn -0.6625 -0.3379 -0.6686
vn -0.5581 -0.4223 -0.7143
vn -0.5359 -0.4592 -0.7085
vn -0.5353 -0.4403 -0.7208
vn -0.6815 -0.3613 -0.6364
vn -0.5136 -0.5107 -0.6894
vn -0.4874 -0.4807 -0.7290
vn -0.4372 -0.6064 -0.6641
vn -0.7494 -0.5821 -0.3154
vn -0.0176 -0.8505 -0.5257
vn -0.0626 -0.9948 -0.0799
vn 0.0006 -1.0000 -0.0026
vn -0.1040 -0.9946 -0.0060
vn -0.5924 -0.4460 -0.6709
vn -0.5881 -0.3788 -0.7146
vn -0.9253 -0.2829 -0.2525
vn -0.7895 -0.4757 -0.3878
vn -0.9401 -0.2623 -0.2178
vn -0.2342 0.5896 0.7730
vn -0.2004 0.5669 0.7990
vn -0.1839 0.5509 0.8140
vn -0.8631 0.1319 0.4876
vn -0.2365 -0.7669 -0.5966
vn -0.0405 -0.7616 -0.6467
vn 0.0338 -0.7899 -0.6123
vn -0.6365 -0.5183 -0.5712
vn -0.6796 -0.3768 -0.6294
vn -0.7297 -0.3990 -0.5552
vn 0.3456 0.7692 -0.5375
vn -0.7641 0.4378 -0.4738
vn -0.0001 -1.0000 -0.0000
vn 0.3716 -0.6257 -0.6859
vn 0.4495 0.6673 -0.5939
vn 0.9973 -0.0468 -0.0559
vn 0.3956 0.4652 0.7919
vn 0.3917 0.5376 0.7467
vn 0.4346 0.4631 0.7724
vn -0.4680 -0.5349 -0.7034
vn -0.4981 -0.5056 -0.7044
vn -0.0116 -0.9999 0.0019
vn -0.0049 -1.0000 0.0007
vn -0.0004 -1.0000 0.0005
vn 0.8005 -0.5990 -0.0203
vn 0.7814 -0.6224 -0.0445
vn 0.7344 -0.6779 -0.0335
vn -0.9829 -0.1770 -0.0500
vn -0.9755 -0.2082 -0.0707
vn -0.9732 -0.2045 -0.1053
vn 0.4425 -0.5593 -0.7010
vn 0.3791 -0.6748 -0.6332
vn 0.9729 0.2126 0.0913
vn 0.9689 0.2122 0.1269
vn 0.9646 0.2087 0.1609
vn 0.3031 -0.7549 -0.5816
vn 0.3100 -0.7664 -0.5626
vn 0.7803 0.6253 0.0131
vn 0.9975 -0.0288 0.0641
vn -0.2442 0.3593 0.9007
vn -0.2505 0.3822 0.8895
vn -0.5268 -0.6320 -0.5683
vn -0.5719 -0.5761 -0.5840
vn -0.6087 -0.5673 -0.5546
vn 0.6981 0.3255 0.6377
vn 0.6858 0.3842 0.6181
vn 0.6762 0.4142 0.6093
vn -0.6845 -0.3076 -0.6610
vn -0.5869 -0.4010 -0.7034
vn 0.3261 -0.7421 -0.5856
vn -0.3185 -0.7814 -0.5367
vn 0.5213 -0.8192 0.2391
vn 0.4719 -0.8155 0.3350
vn 0.1032 -0.7759 0.6224
vn -0.6003 0.7340 0.3177
vn -0.5706 0.7664 0.2949
vn -0.9993 0.0333 -0.0146
vn 0.9990 -0.0238 -0.0369
vn -0.5334 -0.4991 -0.6829
vn -0.4851 -0.5574 -0.6738
vn 0.3190 -0.7664 0.5576
vn 0.3125 -0.7588 0.5714
vn -0.6171 -0.6128 -0.4936
vn -0.6394 -0.5998 -0.4811
vn -0.0672 -0.8667 -0.4943
vn -0.1309 -0.7482 -0.6505
vn -0.4349 -0.8106 -0.3921
vn -0.3903 -0.8026 -0.4512
vn 0.9606 -0.2448 0.1315
vn 0.9603 -0.1807 0.2126
vn 0.9109 -0.0815 0.4045
vn 0.0284 0.9443 -0.3279
vn 0.0939 0.9402 -0.3273
vn 0.0477 0.9437 -0.3273
vn 0.1070 0.8736 -0.4748
vn 0.7873 -0.4131 -0.4577
vn 0.9302 -0.2221 -0.2921
vn 0.9452 -0.2114 -0.2486
vn -0.0017 -1.0000 0.0019
vn -0.0014 -1.0000 0.0015
vn -0.9857 0.1158 0.1224
vn -0.9977 0.0532 0.0425
vn -0.5624 0.4268 0.7082
vn -0.0233 0.5612 0.8274
vn -0.1447 0.5926 0.7924
vn 0.6371 0.1525 0.7556
vn 0.0001 -1.0000 0.0002
vn -0.7538 -0.3427 -0.5606
vn -0.0282 -0.9993 0.0235
vn 0.1968 -0.7190 -0.6666
vn 0.6076 -0.5472 -0.5757
vn 0.4655 -0.6524 -0.5981
vn 0.0052 0.9068 -0.4216
vn -0.0047 0.8423 -0.5390
vn -0.2579 -0.9181 0.3010
vn 0.2343 0.8130 -0.5330
vn 0.2810 0.7941 -0.5390
vn 0.0800 0.8309 -0.5507
vn 0.0119 0.8349 -0.5503
vn 0.1478 0.8189 -0.5546
vn -0.6376 0.6897 0.3431
vn -0.6397 0.6840 0.3505
vn -0.6321 0.7042 0.3234
vn 0.6330 -0.7691 0.0878
vn 0.6008 -0.7868 0.1415
vn 0.4478 -0.8919 0.0634
vn -0.0286 -0.7619 0.6471
vn -0.0129 -0.7580 0.6521
vn -0.6269 -0.4340 -0.6470
vn -0.0456 -0.9990 -0.0024
vn -0.4572 0.6910 0.5599
vn -0.5019 0.6940 0.5163
vn -0.5328 0.6931 0.4854
vn -0.5752 -0.4416 -0.6886
vn -0.8450 0.5325 -0.0494
vn -0.7459 0.6643 -0.0483
vn -0.5755 0.7554 -0.3134
vn -0.5953 0.7536 -0.2788
vn -0.5559 0.7569 -0.3437
vn 0.0856 -0.2502 -0.9644
vn 0.0302 -0.4997 -0.8657
vn 0.0950 -0.0552 -0.9939
vn 0.0536 -0.3739 -0.9259
vn -0.0059 -0.6421 -0.7666
vn 0.9720 0.1686 0.1638
vn 0.8828 0.2043 0.4230
vn 0.9814 0.1552 0.1130
vn -0.6605 0.7434 -0.1056
vn -0.6674 0.7393 -0.0893
vn -0.6702 0.7380 -0.0788
vn -0.5307 0.7605 -0.3742
vn -0.5467 0.7579 -0.3559
vn -0.5222 0.7632 -0.3807
vn 0.8769 -0.3965 0.2718
vn 0.0827 0.8233 -0.5616
vn 0.1555 0.8110 -0.5640
vn 0.0608 0.8106 -0.5825
vn 0.9899 -0.0814 -0.1163
vn 0.9934 -0.0695 -0.0908
vn -0.4585 -0.5554 -0.6938
vn 0.4015 -0.7834 0.4744
vn 0.4220 -0.7808 0.4607
vn 0.0386 -0.6978 -0.7153
vn -0.0865 0.8345 -0.5442
vn 0.5723 0.0139 -0.8199
vn 0.7846 -0.3813 -0.4890
vn 0.9973 -0.0351 -0.0645
vn -0.1476 -0.9881 -0.0427
vn -0.3340 -0.6796 0.6531
vn -0.2986 -0.8683 -0.3961
vn -0.7156 -0.5415 -0.4413
vn -0.5852 -0.5866 0.5599
vn -0.7210 -0.3145 -0.6174
vn 0.8560 -0.3507 -0.3799
vn 0.9440 -0.2950 0.1478
vn 0.9264 -0.3189 0.2003
vn 0.9469 -0.2889 0.1413
vn 0.6351 0.3480 -0.6896
vn -0.9688 -0.2384 -0.0680
vn -0.0007 -1.0000 -0.0000
vn 0.6168 -0.7720 -0.1537
vn 0.6771 -0.7353 -0.0292
vn 0.6522 -0.7567 -0.0451
vn -0.2173 0.5501 -0.8063
vn 0.3552 -0.5265 -0.7724
vn 0.0296 0.9457 -0.3238
vn 0.3751 -0.6751 -0.6353
vn -0.1793 -0.9838 -0.0009
vn -0.1383 0.9608 -0.2401
vn -0.1532 0.9835 -0.0964
vn -0.1554 0.9530 0.2601
vn -0.8273 0.5031 -0.2498
vn 0.3809 0.6424 0.6650
vn 0.3827 0.6874 0.6172
vn -0.1335 0.5035 0.8536
vn -0.1311 0.5063 0.8523
vn -0.1609 0.7267 0.6679
vn -0.0578 0.8603 -0.5066
vn -0.6004 -0.4908 0.6313
vn -0.4885 -0.6921 0.5315
vn 0.7040 0.7090 0.0409
vn -0.7635 -0.2648 0.5890
vn -0.6620 -0.5330 0.5270
vn 0.7182 0.2555 0.6473
vn 0.7581 0.2539 0.6007
vn 0.0637 -0.9977 0.0241
vn 0.0291 -0.9995 0.0135
vn -0.6774 0.7345 -0.0411
vn -0.6531 0.7537 -0.0731
vn -0.6550 0.7546 -0.0381
vn -0.7678 -0.6395 0.0393
vn -0.7675 -0.6173 0.1731
vn 0.0602 -0.7457 0.6636
vn 0.0876 -0.7366 0.6706
vn 0.0163 -0.7343 0.6786
vn -0.3415 -0.9399 -0.0060
vn -0.4367 -0.8996 -0.0058
vn 0.5155 -0.8150 -0.2648
vn -0.0719 0.8793 -0.4709
vn -0.4418 -0.6003 -0.6667
vn -0.7732 -0.4009 -0.4913
vn 0.7133 0.3155 0.6259
vn 0.7196 0.2969 0.6277
vn -0.5321 0.7580 0.3772
vn -0.5379 0.7605 0.3638
vn -0.2657 0.9623 -0.0588
vn 0.0435 -0.6438 -0.7640
vn 0.6675 -0.5370 -0.5158
vn 0.4742 -0.7828 -0.4030
vn -0.3069 -0.9472 -0.0924
vn -0.8035 -0.5161 -0.2967
vn -0.8361 -0.5027 -0.2196
vn -0.8429 -0.5204 -0.1370
vn 0.6965 -0.7169 -0.0314
vn -0.8414 0.4041 -0.3589
vn -0.5891 0.4813 -0.6491
vn -0.4461 -0.7040 0.5527
vn -0.0480 0.9123 -0.4066
vn -0.0235 0.8835 -0.4679
vn -0.3947 -0.8627 -0.3161
vn 0.3222 0.7087 0.6276
vn -0.6073 -0.7935 -0.0402
vn 0.5462 -0.4595 -0.7004
vn 0.4792 -0.1794 -0.8591
vn -0.0584 0.8425 -0.5356
vn -0.7139 -0.4488 -0.5376
vn 0.0249 -0.3711 -0.9283
vn -0.0231 -0.7399 0.6724
vn -0.0731 -0.7301 0.6795
vn 0.6509 0.4458 0.6145
vn 0.0229 0.6028 0.7975
vn 0.6660 0.4365 0.6049
vn -0.9226 -0.3114 -0.2278
vn -0.9559 -0.2643 -0.1283
vn 0.0203 -0.9974 0.0692
vn 0.0197 -0.9845 0.1740
vn -0.1686 -0.9631 0.2098
vn -0.3094 -0.8722 0.3789
vn 0.0054 0.9253 -0.3791
vn 0.7358 -0.6759 -0.0422
vn 0.7792 -0.6251 -0.0455
vn 0.7542 -0.6552 -0.0444
vn -0.6053 0.6894 0.3980
vn -0.6262 0.6784 0.3842
vn -0.5967 0.6726 0.4377
vn 0.6628 0.7471 -0.0516
vn 0.6792 0.7320 -0.0534
vn 0.6552 0.7537 -0.0515
vn 0.7117 -0.7022 -0.0198
vn -0.0750 0.5453 0.8348
vn -0.0474 0.5433 0.8382
vn -0.0335 0.5650 0.8244
vn 0.6687 -0.7424 0.0422
vn 0.6654 -0.7437 0.0641
vn -0.8117 -0.5712 -0.1216
vn -0.7573 -0.6431 -0.1137
vn 0.8101 -0.5841 -0.0505
vn 0.7418 -0.6693 -0.0410
vn -0.7311 -0.6737 -0.1080
vn -0.9449 0.1789 0.2740
vn -0.8369 0.3521 0.4191
vn 0.6798 0.7327 -0.0326
vn 0.6918 0.7214 -0.0325
vn 0.6713 0.7399 -0.0422
vn -0.5693 0.6974 0.4354
vn -0.7465 0.0477 0.6637
vn -0.7646 0.1377 0.6297
vn 0.9562 0.2880 -0.0530
vn 0.6876 0.7247 -0.0457
vn 0.6877 0.7254 -0.0288
vn 0.7187 0.6948 -0.0262
vn -0.8477 -0.5179 -0.1149
vn -0.0345 -0.9918 0.1231
vn -0.0674 -0.9812 0.1808
vn 0.8970 0.2358 0.3739
vn 0.9017 0.2116 0.3771
vn 0.8725 0.2669 0.4092
vn -0.8418 -0.5278 -0.1133
vn -0.8270 -0.5312 -0.1839
vn 0.9625 0.2640 -0.0629
vn -0.7189 -0.6489 0.2493
vn -0.0871 0.9440 -0.3183
vn -0.1480 0.9420 -0.3013
vn -0.1207 0.9465 -0.2992
vn 0.1239 -0.7164 0.6866
vn 0.0594 -0.7111 0.7006
vn 0.1463 -0.9815 0.1238
vn -0.0866 -0.9923 0.0886
vn -0.1386 0.6755 0.7242
vn -0.1710 0.6446 0.7452
vn -0.1143 0.6604 0.7422
vn 0.8936 -0.0928 0.4392
vn -0.5390 0.7841 0.3077
vn -0.4473 0.8883 0.1042
vn -0.8988 0.3674 -0.2392
vn 0.7028 -0.7108 -0.0266
vn -0.0007 -1.0000 0.0017
vn -0.7414 -0.6690 0.0531
vn -0.2725 0.6147 0.7402
vn -0.2424 0.0912 0.9659
vn 0.1280 -0.7477 0.6516
vn 0.1688 -0.7441 0.6464
vn 0.2580 -0.9058 -0.3361
vn 0.7370 0.6758 -0.0106
vn 0.7090 0.7048 -0.0251
vn -0.1901 0.6813 0.7069
vn -0.2402 0.6501 0.7209
vn -0.0053 -0.7416 -0.6708
vn -0.2416 -0.7194 0.6513
vn -0.2867 -0.8095 0.5124
vn -0.0928 0.6690 0.7374
vn -0.0551 0.6636 0.7460
vn 0.2749 0.8135 -0.5125
vn 0.2432 0.6150 -0.7501
vn 0.2180 0.8035 -0.5540
vn -0.4883 -0.7298 0.4785
vn 0.2813 0.7265 -0.6270
vn 0.0925 0.7705 -0.6307
vn 0.7844 0.5999 0.1578
vn 0.7864 0.6025 0.1363
vn 0.7823 0.5968 0.1787
vn 0.7850 0.6108 0.1038
vn 0.7825 0.6172 0.0826
vn 0.7864 0.6055 0.1222
vn 0.1445 -0.9889 0.0345
vn 0.2559 0.8200 -0.5120
vn 0.2565 0.8315 -0.4928
vn 0.3480 0.8258 -0.4438
vn -0.5824 -0.4870 -0.6509
vn -0.5338 -0.5380 -0.6524
vn -0.7442 0.4180 0.5210
vn -0.9966 0.0764 -0.0307
vn -0.4994 -0.6967 0.5150
vn -0.7472 -0.2383 0.6204
vn 0.2646 0.7081 0.6546
vn -0.0002 -1.0000 -0.0029
vn -0.3905 -0.7096 0.5866
vn 0.0065 -0.6453 -0.7639
vn 0.0212 0.8082 -0.5885
vn 0.0695 0.3263 -0.9427
vn 0.3262 -0.6522 -0.6843
vn -0.6706 0.7400 -0.0522
vn -0.6539 0.7561 -0.0257
vn -0.6200 -0.0160 -0.7844
vn 0.5174 -0.7969 0.3118
vn 0.5516 -0.7848 0.2826
vn 0.5233 -0.7838 0.3345
vn -0.6562 -0.4110 -0.6329
vn -0.9229 0.3512 -0.1577
vn 0.7747 0.5943 0.2158
vn 0.7799 0.5953 0.1933
vn 0.7689 0.5942 0.2360
vn 0.2719 -0.7500 0.6030
vn -0.6530 -0.6118 0.4464
vn 0.6816 0.5781 0.4486
vn 0.7305 -0.0706 0.6793
vn 0.7893 -0.0604 0.6111
vn 0.4319 -0.7879 0.4389
vn 0.4558 -0.7828 0.4237
vn -0.5825 0.7860 0.2071
vn -0.5607 -0.5419 -0.6261
vn 0.6173 0.5921 0.5181
vn 0.5530 -0.7983 0.2386
vn 0.5781 -0.7826 0.2310
vn -0.9195 0.3539 0.1712
vn -0.9243 0.3610 0.1239
vn 0.1154 0.4941 0.8617
vn 0.1624 0.4810 0.8615
vn 0.0324 0.5392 0.8415
vn 0.7158 0.5775 0.3925
vn 0.7330 0.5833 0.3499
vn -0.2094 -0.6140 -0.7610
vn 0.1383 -0.1385 -0.9807
vn -0.1692 -0.9548 0.2444
vn -0.4283 -0.6157 -0.6614
vn -0.9645 -0.2404 -0.1093
vn -0.4830 -0.6720 0.5614
vn 0.1616 -0.9844 0.0693
vn 0.3111 0.3915 0.8660
vn 0.5415 0.3584 0.7605
vn 0.5623 -0.0355 0.8262
vn 0.5484 0.6123 0.5695
vn 0.4896 0.6115 0.6216
vn 0.0814 -0.9836 -0.1609
vn 0.1425 -0.9525 -0.2692
vn 0.9656 -0.2599 -0.0106
vn 0.9922 -0.1155 -0.0476
vn 0.9713 -0.2379 0.0035
vn 0.3693 -0.2275 0.9010
vn 0.2691 -0.1045 0.9574
vn 0.0362 -0.1921 0.9807
vn -0.8225 -0.1931 -0.5350
vn 0.5612 -0.1329 -0.8169
vn 0.6546 -0.2190 -0.7235
vn 0.2973 -0.2604 -0.9186
vn 0.7788 -0.1432 -0.6107
vn 0.8485 -0.1016 -0.5193
vn 0.9336 -0.2410 -0.2652
vn -0.0997 -0.1040 0.9896
vn -0.0551 -0.1824 0.9817
vn 0.0098 -0.1333 0.9910
vn -0.6528 -0.2791 0.7043
vn -0.7257 -0.2135 0.6541
vn -0.9590 -0.2835 0.0065
vn 0.0754 -0.0659 -0.9950
vn 0.0173 -0.1375 -0.9904
vn -0.0434 -0.0991 -0.9941
vn -0.0285 -0.2083 -0.9776
vn -0.2957 -0.2049 -0.9331
vn 0.9890 0.1460 -0.0253
vn -0.4702 0.6388 0.6090
vn -0.4772 0.6328 0.6098
vn -0.0069 -0.6504 -0.7595
vn -0.4492 -0.7019 0.5528
vn 0.6284 -0.7669 0.1306
vn 0.0120 -0.9997 0.0213
vn 0.0311 0.8256 -0.5634
vn 0.4614 -0.7927 0.3984
vn 0.4959 -0.7853 0.3705
vn 0.7527 0.6477 0.1179
vn -0.9004 -0.4350 -0.0032
vn -0.2944 -0.9483 0.1182
vn -0.9280 -0.3703 -0.0402
vn -0.7361 -0.6762 -0.0298
vn -0.7051 -0.7088 -0.0193
vn -0.6703 -0.7413 -0.0352
vn -0.9172 -0.3942 -0.0580
vn -0.7366 -0.6742 -0.0537
vn -0.6813 -0.7295 -0.0599
vn 0.9915 0.1260 -0.0320
vn 0.8824 -0.3566 -0.3070
vn 0.9309 -0.2971 -0.2123
vn 0.0760 0.9831 -0.1668
vn 0.0912 0.9814 -0.1688
vn -0.3543 0.9254 -0.1348
vn -0.8807 -0.1779 -0.4389
vn -0.8258 -0.2387 -0.5111
vn -0.9972 -0.0252 -0.0709
vn 0.1114 0.9873 -0.1135
vn 0.1118 0.9903 -0.0821
vn 0.1465 0.9840 -0.1015
vn 0.9901 -0.1389 0.0215
vn 0.9894 -0.1445 0.0150
vn 0.9898 -0.1415 0.0163
vn 0.0702 0.9868 -0.1459
vn 0.1273 0.9819 -0.1403
vn 0.0541 0.9926 -0.1084
vn 0.1917 0.8521 -0.4870
vn 0.2057 0.8440 -0.4954
vn 0.2388 0.8250 -0.5122
vn 0.9911 -0.1300 0.0272
vn 0.9907 -0.1334 0.0252
vn 0.9999 0.0170 0.0015
vn 0.9998 0.0172 -0.0031
vn 1.0000 0.0081 -0.0034
vn 0.0750 0.9539 -0.2905
vn 0.0854 0.9620 -0.2594
vn 0.1202 0.9531 -0.2777
vn -0.4500 -0.3290 -0.8302
vn -0.2116 -0.3600 -0.9086
vn -0.0457 -0.3773 -0.9250
vn 0.9933 -0.1096 0.0365
vn 0.9930 -0.1126 0.0346
vn 0.9929 -0.1148 0.0320
vn 0.1500 0.8674 -0.4745
vn 0.1463 0.8776 -0.4565
vn 0.1819 0.8582 -0.4799
vn 0.2152 0.8355 -0.5055
vn 0.0303 0.7915 -0.6104
vn -0.0097 0.9769 -0.2137
vn 0.0400 0.9646 -0.2607
vn -0.7928 0.2498 0.5559
vn -0.9978 0.0255 0.0613
vn -0.6496 0.2939 0.7011
vn -0.9971 0.0017 0.0760
vn -0.9996 0.0205 0.0174
vn -0.7855 0.0058 0.6188
vn 0.0989 0.8775 -0.4692
vn 0.0725 0.8853 -0.4594
vn 0.1003 0.8840 -0.4567
vn 0.1173 0.8713 -0.4766
vn -0.9970 0.0704 -0.0328
vn -0.9968 0.0715 -0.0354
vn -0.9966 0.0741 -0.0355
vn 0.4223 -0.3208 -0.8478
vn 0.6791 -0.2642 -0.6849
vn 0.0637 -0.3689 -0.9273
vn -0.0396 0.9819 -0.1852
vn -0.0389 0.9840 -0.1737
vn 0.4404 0.8882 -0.1310
vn -0.9989 -0.0459 0.0073
vn -0.9987 -0.0492 0.0098
vn -0.9987 -0.0492 0.0099
vn 0.0176 0.9566 -0.2907
vn 0.0417 0.9624 -0.2683
vn -0.0200 0.9612 -0.2753
vn -0.0570 0.9616 -0.2683
vn -0.0503 0.9672 -0.2489
vn -0.9986 -0.0510 0.0132
vn -0.9988 -0.0463 0.0151
vn -0.9989 -0.0437 0.0144
vn -1.0000 -0.0079 -0.0019
vn -0.9998 -0.0186 -0.0004
vn -0.9998 -0.0203 -0.0044
vn -0.0153 0.9929 -0.1180
vn 0.0242 0.9959 -0.0869
vn -0.0201 0.9943 -0.1045
vn 0.0095 0.9967 -0.0802
vn 0.0048 0.0763 0.9971
vn 0.0072 0.0706 0.9975
vn 0.0047 0.0785 0.9969
vn 0.0695 0.9949 -0.0727
vn -0.9995 -0.0306 0.0011
vn -0.9992 -0.0395 0.0048
vn -0.9991 -0.0432 0.0051
vn 0.3189 0.0220 -0.9475
vn 0.4458 0.0181 -0.8950
vn 0.0792 0.0084 -0.9968
vn -1.0000 0.0001 -0.0032
vn -1.0000 -0.0036 -0.0008
vn 0.0171 -0.3680 -0.9297
vn 0.0009 -0.3769 -0.9263
vn 0.0140 0.9204 -0.3907
vn -0.0083 0.9294 -0.3689
vn -0.0161 0.9366 -0.3499
vn 0.0548 -0.4772 -0.8771
vn 0.0477 -0.4813 -0.8753
vn 0.0337 -0.4879 -0.8722
vn 0.1370 0.8802 -0.4544
vn 0.1464 0.8954 -0.4204
vn -0.0294 0.9422 -0.3338
vn -0.0344 0.9455 -0.3237
vn -0.0327 0.9535 -0.2997
vn -0.0577 0.0042 -0.9983
vn -0.0103 0.0078 -0.9999
vn 0.0482 0.0051 -0.9988
vn -0.0430 0.9874 -0.1523
vn -0.0161 0.9888 -0.1483
vn 0.1396 0.9874 -0.0746
vn 0.9988 0.0221 0.0428
vn 1.0000 0.0026 0.0029
vn 0.9882 0.0091 0.1529
vn 0.0291 0.9073 -0.4194
vn 0.0431 0.8988 -0.4361
vn 0.0802 0.9387 0.3352
vn 0.0815 0.9761 0.2013
vn 0.1238 0.9158 -0.3821
vn 0.1365 0.9266 -0.3504
vn 0.0832 0.7222 -0.6867
vn 0.0131 0.9871 -0.1594
vn -0.1774 0.8147 -0.5522
vn 0.9977 0.0382 0.0554
vn 0.8515 0.1683 0.4967
vn 0.9977 0.0383 0.0557
vn 0.9891 -0.1467 0.0116
vn 0.9892 -0.1462 0.0114
vn 0.9896 -0.1435 0.0105
vn 0.1140 0.9375 -0.3288
vn -1.0000 0.0034 0.0020
vn 0.0651 0.9675 -0.2445
vn 0.1067 0.9679 -0.2273
vn 0.6868 0.0095 0.7268
vn 0.6598 0.0044 0.7514
vn 0.9992 0.0258 0.0309
vn 0.0301 0.7803 -0.6247
vn 0.9890 -0.1474 0.0123
vn -0.6049 -0.0097 0.7962
vn -0.0900 0.0138 0.9959
vn 0.0289 0.0099 0.9995
vn 0.6419 0.7402 -0.2004
vn -0.0428 0.9685 -0.2451
vn -0.9998 0.0025 0.0221
vn -0.9989 0.0151 0.0454
vn -0.1882 0.0170 0.9820
vn -0.0601 0.9740 -0.2185
vn -0.0169 0.9836 -0.1797
vn 0.0699 0.8055 -0.5885
vn 0.9999 0.0106 -0.0067
vn 0.9997 0.0159 -0.0176
vn 0.9690 -0.0675 -0.2375
vn -0.0068 -0.3750 -0.9270
vn -0.9854 0.1576 -0.0651
vn -0.9999 0.0136 -0.0045
vn -0.9999 0.0127 -0.0060
vn 0.4688 0.8801 0.0751
vn 0.0593 0.8952 -0.4417
vn 0.3090 0.3881 0.8683
vn 0.0205 0.4022 0.9153
vn 0.5465 0.3498 0.7609
vn -0.9988 0.0457 -0.0168
vn -0.9996 0.0276 -0.0094
vn -0.9980 0.0582 -0.0250
vn -0.8522 0.0676 0.5188
vn -0.8834 0.4623 -0.0769
vn 0.0951 0.9939 0.0563
vn 0.0091 0.9829 -0.1837
vn -0.0254 0.9573 -0.2881
vn 0.1653 -0.9752 0.1471
vn -0.0320 0.9530 -0.3012
vn -0.0002 -0.4999 -0.8661
vn -0.0080 -0.5019 -0.8649
vn -0.4474 0.0066 -0.8943
vn -0.4696 0.0242 -0.8825
vn -0.4544 0.0103 -0.8907
vn 0.3545 0.9009 0.2506
vn -0.9993 0.0258 -0.0282
vn -0.3164 0.9443 0.0904
vn -1.0000 0.0038 0.0023
vn -0.0223 0.9486 0.3158
vn -0.8917 0.0153 -0.4524
vn -0.9995 0.0137 -0.0293
vn -0.9996 0.0029 -0.0287
vn 0.0815 0.9828 -0.1656
vn 0.9984 0.0248 -0.0516
vn 0.8856 0.4564 -0.0864
vn 0.0195 0.9136 -0.4061
vn 0.1155 0.9392 -0.3235
vn -0.0233 0.9675 0.2518
vn -0.0000 0.0086 1.0000
vn -0.0235 0.0243 0.9994
vn 0.0021 0.0255 0.9997
vn -0.0452 0.0184 0.9988
vn -0.0047 0.0210 0.9998
vn 0.0545 0.0301 0.9981
vn 0.0421 0.9829 -0.1794
vn 0.1159 0.9724 -0.2024
vn -0.6775 0.0298 0.7349
vn -0.1932 0.9518 0.2383
vn 0.0054 0.0132 0.9999
vn 0.0097 0.0165 0.9998
vn -0.0777 0.3917 0.9168
vn -0.0279 0.4066 0.9132
vn 0.4431 -0.0054 0.8965
vn 0.0110 0.2719 0.9623
vn 0.1341 0.9757 -0.1735
vn -0.9988 -0.0474 0.0072
vn -0.9969 -0.0777 0.0131
vn -0.9984 0.0207 0.0518
vn -0.9893 -0.0830 0.1203
vn -0.9919 0.0313 0.1233
vn -0.9917 -0.0710 0.1067
vn -0.9725 0.1856 0.1410
vn -0.9951 0.0057 0.0989
vn -0.9942 -0.1030 -0.0308
vn -0.9984 -0.0554 -0.0079
vn -0.9932 -0.1111 -0.0342
vn -0.9917 -0.1173 0.0519
vn -0.9975 -0.0408 0.0579
vn -0.9910 -0.1330 0.0150
vn -0.9841 -0.1315 0.1198
vn -0.9883 -0.1178 0.0970
vn -0.9887 -0.1315 0.0718
vn -0.9748 -0.2076 -0.0817
vn -0.9860 -0.1593 -0.0502
vn -0.6548 -0.4794 -0.5844
vn -0.9894 -0.1425 -0.0270
vn -0.9799 -0.1854 -0.0735
vn -0.0013 -0.4842 -0.8750
vn -0.0166 -0.4415 -0.8971
vn -0.0335 -0.4899 -0.8711
vn -0.0116 -0.5501 -0.8350
vn -0.9707 -0.2207 -0.0950
vn -0.7883 -0.3694 -0.4921
vn -0.0012 -0.4398 -0.8981
vn -0.0021 -0.4145 -0.9100
vn -0.0008 -0.5508 -0.8347
vn -0.0007 -0.5313 -0.8472
vn 0.9947 -0.0023 -0.1023
vn 0.9994 -0.0336 -0.0098
vn 0.8979 -0.4342 -0.0719
vn 0.9851 0.0414 0.1671
vn 0.9800 0.1992 0.0011
vn 0.9637 -0.0520 0.2620
vn 0.8317 0.5053 0.2302
vn 0.9800 0.1978 0.0215
vn 0.5012 0.8625 0.0705
vn 0.9565 -0.1235 0.2644
vn 0.9456 0.2781 0.1689
vn 0.8182 0.5645 0.1090
vn 0.9763 0.2143 0.0312
vn 0.9763 0.1967 0.0901
vn 0.6792 0.7338 -0.0163
vn 0.5523 0.8320 0.0530
vn 0.9763 0.1868 0.1089
vn 0.0006 -1.0000 0.0003
vn 0.0004 -1.0000 -0.0003
vn 0.4337 -0.4849 -0.7595
vn 0.5001 -0.4800 -0.7207
vn 0.2895 -0.5863 -0.7566
vn 0.3354 -0.6255 -0.7044
vn 0.2588 0.9655 -0.0305
vn 0.1498 0.9880 -0.0373
vn 0.2150 0.9730 -0.0835
vn 0.9512 0.2945 -0.0921
vn 0.9505 0.2924 -0.1053
vn 0.9488 0.2962 -0.1101
vn 0.3700 -0.5554 -0.7447
vn 0.1345 -0.6114 -0.7798
vn 0.1581 -0.6847 -0.7115
vn 0.5176 -0.4307 -0.7393
vn 0.6001 -0.4536 -0.6588
vn 0.6409 -0.5472 -0.5384
vn -0.8428 -0.5327 0.0763
vn -0.8217 -0.5698 0.0063
vn -0.8344 -0.5449 0.0828
vn 0.9153 0.3884 -0.1063
vn 0.9155 0.3910 -0.0950
vn 0.8233 0.5588 -0.0993
vn 0.6448 0.7541 -0.1250
vn 0.8062 0.5785 -0.1242
vn 0.1199 0.9906 -0.0663
vn 0.1320 0.9875 -0.0856
vn 0.7754 -0.5402 -0.3271
vn 0.7584 -0.5901 -0.2769
vn -0.0002 -1.0000 -0.0000
vn -0.8307 -0.5507 0.0819
vn -0.8497 -0.5200 0.0872
vn -0.9892 0.1130 0.0934
vn -0.9865 0.1395 0.0858
vn -0.9831 0.1572 0.0940
vn 0.9431 0.3214 -0.0852
vn 0.3413 0.9353 -0.0931
vn 0.2611 0.9583 -0.1160
vn 0.7282 0.6813 -0.0748
vn 0.5479 0.8345 -0.0587
vn 0.7187 0.6909 -0.0776
vn 0.1046 0.9944 -0.0145
vn 0.0978 0.9951 -0.0118
vn 0.1230 0.9921 -0.0233
vn 0.1402 0.9899 -0.0206
vn 0.8139 -0.5685 -0.1197
vn 0.7957 -0.5937 -0.1198
vn 0.8056 -0.5704 -0.1601
vn -0.8122 -0.5771 0.0853
vn -0.8264 -0.5579 0.0760
vn -0.9910 0.1020 0.0862
vn -0.9872 0.1391 0.0779
vn 0.5691 0.8202 -0.0586
vn 0.3738 0.9262 -0.0502
vn 0.3935 0.9185 -0.0380
vn 0.1131 0.9935 -0.0100
vn 0.2404 0.9704 -0.0231
vn 0.8164 -0.5678 -0.1057
vn 0.1976 -0.6265 -0.7540
vn 0.0726 -0.6319 -0.7717
vn -0.2358 -0.5760 -0.7827
vn -0.1444 -0.5397 -0.8294
vn -0.8495 -0.5224 0.0734
vn -0.8243 -0.5614 0.0734
vn 0.9393 0.3329 -0.0828
vn 0.9486 0.3052 -0.0834
vn 0.9465 0.3126 -0.0800
vn 0.9228 0.3764 -0.0823
vn 0.8344 0.5455 -0.0785
vn 0.8984 0.4311 -0.0842
vn 0.8296 0.5522 -0.0826
vn 0.7145 0.6963 -0.0683
vn 0.4084 0.9119 -0.0412
vn 0.1564 0.9875 -0.0183
vn 0.1035 0.9946 0.0063
vn 0.1085 0.9941 -0.0083
vn 0.7982 -0.5954 -0.0915
vn 0.7578 -0.6458 -0.0933
vn 0.7341 -0.6693 -0.1142
vn -0.8005 -0.5948 0.0740
vn -0.9941 0.0670 0.0850
vn -0.9971 0.0340 0.0675
vn -0.9942 0.0756 0.0762
vn 0.7713 -0.6064 0.1933
vn 0.2502 0.9676 -0.0331
vn 0.1256 0.9914 0.0375
vn 0.8239 -0.5663 -0.0224
vn 0.8502 0.5203 -0.0799
vn 0.2854 0.9584 0.0074
vn 0.7544 -0.5558 0.3492
vn 0.7712 -0.5214 0.3653
vn 0.7321 -0.5721 0.3697
vn 0.0038 -1.0000 0.0009
vn -0.2166 -0.6087 -0.7633
vn 0.2553 0.9659 0.0435
vn 0.1621 0.9860 0.0395
vn -0.9987 -0.0068 0.0502
vn -0.9977 0.0168 0.0660
vn 0.9109 0.4054 -0.0766
vn 0.6359 0.7718 -0.0023
vn 0.6740 0.7363 -0.0590
vn 0.7954 0.6030 -0.0606
vn 0.4211 0.9069 0.0094
vn -0.7421 -0.6634 0.0958
vn -0.7804 -0.6216 0.0669
vn -0.7826 -0.6174 0.0797
vn 0.9409 0.3312 -0.0710
vn 0.8177 0.5741 -0.0426
vn 0.6273 0.7787 -0.0111
vn 0.7438 0.6648 -0.0688
vn 0.4482 0.8932 -0.0373
vn 0.7820 -0.4421 0.4394
vn 0.7284 -0.5513 0.4067
vn 0.7525 -0.4241 0.5039
vn 0.8774 0.4742 -0.0726
vn 0.8844 0.4610 -0.0732
vn 0.7813 -0.3590 0.5106
vn 0.7932 -0.2730 0.5443
vn 0.8335 -0.3026 0.4623
vn 0.8304 -0.3574 0.4274
vn 0.7899 -0.4908 0.3676
vn -0.6854 -0.7191 0.1148
vn -0.7084 -0.6999 0.0913
vn -0.7376 -0.6720 0.0655
vn -0.9984 -0.0161 0.0544
vn -0.9984 -0.0157 0.0543
vn -0.9974 -0.0639 0.0342
vn -0.9961 -0.0875 0.0074
vn -0.9986 -0.0509 0.0129
vn -0.9983 -0.0514 0.0288
vn 0.9241 0.3777 -0.0580
vn 0.8341 -0.2061 0.5117
vn 0.7781 -0.1749 0.6032
vn 0.8412 -0.2592 0.4746
vn 0.8241 -0.0767 0.5612
vn 0.7570 -0.0708 0.6495
vn 0.8945 0.1374 0.4254
vn 0.4742 -0.1579 0.8661
vn 0.9517 0.3046 -0.0389
vn 0.9485 0.3117 -0.0569
vn 0.9533 0.2985 -0.0454
vn -0.8369 -0.5465 -0.0318
vn -0.7729 -0.6305 0.0707
vn -0.9957 0.0403 0.0837
vn 0.9421 0.3261 -0.0789
vn 0.3330 -0.4783 -0.8126
vn -0.0000 0.7647 0.6444
vn -0.0000 0.7647 -0.6444
vn 0.6457 0.7636 -0.0000
vn -0.6457 0.7636 -0.0000
vn -0.6417 0.7670 -0.0000
vn 0.6417 0.7670 -0.0000
vn -0.6417 0.7669 -0.0000
vn 0.6417 0.7669 -0.0000
vn -0.0000 0.8650 0.5018
vn -0.0000 0.6412 -0.7674
vn 0.6457 0.7520 -0.1326
vn -0.6457 0.7520 -0.1326
vn -0.6417 0.7553 -0.1332
vn 0.6417 0.7553 -0.1332
vn -0.0000 0.9390 0.3439
vn -0.0000 0.4982 -0.8671
vn 0.6457 0.7175 -0.2612
vn -0.6457 0.7176 -0.2612
vn -0.6417 0.7207 -0.2623
vn 0.6417 0.7207 -0.2623
vn -0.0000 0.9844 0.1757
vn -0.0000 0.3401 -0.9404
vn 0.6457 0.6613 -0.3818
vn -0.6457 0.6613 -0.3818
vn -0.6417 0.6642 -0.3835
vn 0.6417 0.6642 -0.3835
vn -0.0000 1.0000 0.0021
vn -0.0000 0.1716 -0.9852
vn 0.6457 0.5849 -0.4908
vn -0.6457 0.5850 -0.4908
vn -0.6417 0.5875 -0.4930
vn 0.6417 0.5875 -0.4930
vn -0.0000 1.0000 0.0020
vn -0.0000 0.9852 -0.1716
vn -0.0000 -0.0021 -1.0000
vn 0.6457 0.4908 -0.5849
vn -0.6457 0.4908 -0.5850
vn -0.6417 0.4930 -0.5875
vn 0.6417 0.4930 -0.5875
vn -0.0000 0.9404 -0.3401
vn -0.0000 -0.1757 -0.9844
vn 0.6457 0.3818 -0.6613
vn -0.6457 0.3818 -0.6613
vn -0.6417 0.3835 -0.6642
vn 0.6417 0.3835 -0.6642
vn -0.0000 0.8670 -0.4982
vn -0.0000 -0.3440 -0.9390
vn 0.6457 0.2612 -0.7175
vn -0.6457 0.2612 -0.7176
vn -0.6417 0.2623 -0.7207
vn 0.6417 0.2623 -0.7207
vn -0.0000 0.8671 -0.4982
vn -0.0000 0.7674 -0.6412
vn -0.0000 -0.5018 -0.8650
vn 0.6457 0.1326 -0.7520
vn -0.6457 0.1326 -0.7520
vn -0.6417 0.1332 -0.7553
vn 0.6417 0.1332 -0.7553
vn -0.0000 0.6444 -0.7647
vn -0.0000 -0.6444 -0.7647
vn 0.6457 -0.0000 -0.7636
vn -0.6457 -0.0000 -0.7636
vn -0.6417 -0.0000 -0.7670
vn 0.6417 -0.0000 -0.7670
vn -0.6417 -0.0000 -0.7669
vn -0.0000 -0.0021 1.0000
vn -0.0000 0.9852 0.1716
vn 0.6457 0.4908 0.5849
vn -0.6457 0.4908 0.5850
vn -0.6417 0.4930 0.5875
vn 0.6417 0.4930 0.5875
vn -0.0000 0.1716 0.9852
vn -0.0000 1.0000 -0.0021
vn 0.6457 0.5849 0.4908
vn -0.6457 0.5850 0.4908
vn -0.6417 0.5875 0.4930
vn 0.6417 0.5875 0.4930
vn -0.0000 0.3401 0.9404
vn -0.0000 0.9844 -0.1757
vn 0.6457 0.6613 0.3818
vn -0.6457 0.6613 0.3818
vn -0.6417 0.6642 0.3835
vn 0.6417 0.6642 0.3835
vn -0.0000 0.4982 0.8671
vn -0.0000 0.9390 -0.3440
vn -0.0000 0.4982 0.8670
vn 0.6457 0.7175 0.2612
vn -0.6457 0.7176 0.2612
vn -0.6417 0.7207 0.2623
vn 0.6417 0.7207 0.2623
vn -0.0000 0.6412 0.7674
vn -0.0000 0.8650 -0.5018
vn 0.6457 0.7520 0.1326
vn -0.6457 0.7520 0.1326
vn -0.6417 0.7553 0.1332
vn 0.6417 0.7553 0.1332
vn -0.5490 0.0273 -0.8354
vn -0.5478 0.0428 -0.8355
vn -0.4197 -0.6166 0.6661
vn -0.4536 -0.6310 0.6293
vn 0.0019 -0.5584 0.8296
vn -0.0748 -0.5590 0.8258
vn -0.6031 -0.4543 -0.6557
vn -0.6203 -0.4526 -0.6406
vn -0.5830 -0.4930 -0.6459
vn -0.8027 -0.5963 0.0059
vn -0.7937 -0.6083 -0.0099
vn -0.8028 -0.5963 0.0060
vn -0.3050 -0.5833 0.7529
vn -0.3708 -0.5997 0.7092
vn -0.3706 -0.5996 0.7093
vn 0.2691 -0.6448 0.7154
vn 0.3077 -0.6774 0.6682
vn 0.3078 -0.6775 0.6680
vn 0.5783 -0.8158 0.0043
vn 0.3627 -0.7279 0.5819
vn 0.3388 -0.7059 0.6220
vn 0.3387 -0.7058 0.6222
vn 0.7941 -0.5915 0.1401
vn -0.5985 -0.5788 0.5539
vn -0.6005 -0.5888 0.5411
vn 0.4948 -0.7793 0.3845
vn 0.5126 -0.7789 0.3613
vn 0.4949 -0.7793 0.3844
vn -0.5963 -0.5683 0.5670
vn -0.5884 -0.5599 0.5834
vn -0.7893 -0.6132 -0.0304
vn -0.7932 -0.6088 -0.0144
vn -0.7904 -0.6105 -0.0495
vn -0.8105 -0.5852 0.0246
vn -0.7828 -0.6175 -0.0765
vn -0.7900 -0.6105 -0.0571
vn 0.3793 -0.7436 0.5505
vn 0.3916 -0.7541 0.5272
vn 0.3916 -0.7540 0.5273
vn 0.8022 -0.5946 -0.0546
vn 0.8271 -0.5611 -0.0329
vn 0.8076 -0.5874 -0.0525
vn -0.5846 -0.5581 0.5889
vn -0.6808 -0.5645 0.4668
vn -0.6319 -0.5352 0.5606
vn -0.5883 -0.5473 0.5953
vn -0.5283 -0.6458 0.5512
vn -0.5458 -0.6402 0.5406
vn -0.5278 -0.6459 0.5515
vn 0.4783 -0.7790 0.4056
vn 0.4676 -0.7773 0.4209
vn -0.4826 -0.6412 0.5966
vn -0.7180 -0.6510 -0.2465
vn -0.6704 -0.6568 -0.3453
vn -0.6705 -0.6567 -0.3453
vn 0.6269 -0.7782 -0.0380
vn -0.5619 -0.6340 0.5313
vn -0.5454 -0.6404 0.5407
vn -0.7634 -0.6346 -0.1202
vn -0.7702 -0.6296 -0.1018
vn -0.5900 -0.6580 -0.4679
vn -0.5630 -0.6563 -0.5023
vn -0.6290 -0.6609 -0.4093
vn -0.7473 -0.6431 -0.1672
vn -0.7179 -0.6510 -0.2466
vn -0.7874 -0.6129 -0.0661
vn -0.7472 -0.6432 -0.1673
vn -0.7635 -0.6346 -0.1201
vn -0.5069 -0.6465 0.5702
vn 0.5935 -0.7640 0.2533
vn 0.4409 -0.7724 0.4572
vn 0.4280 -0.7694 0.4742
vn -0.9281 -0.0031 -0.3724
vn -0.8667 -0.0870 -0.4912
vn -0.8665 -0.0865 -0.4916
vn -0.5820 -0.6191 0.5272
vn -0.8829 0.4253 -0.1992
vn -0.4553 0.8137 -0.3614
vn -0.5350 -0.5958 -0.5991
vn -0.7192 -0.2340 -0.6543
vn -0.7539 -0.2192 -0.6194
vn -0.7539 -0.2197 -0.6191
vn -0.5070 -0.6462 0.5704
vn -0.5708 -0.6259 0.5315
vn -0.5883 -0.5474 0.5953
vn -0.7191 -0.2335 -0.6545
vn -0.2315 -0.5708 0.7877
vn -0.3050 -0.5833 0.7528
vn 0.0775 -0.5651 0.8214
vn 0.0018 -0.5584 0.8296
vn 0.2690 -0.6447 0.7155
vn 0.2172 -0.6114 0.7609
vn 0.2172 -0.6114 0.7610
vn -0.9718 0.2220 -0.0792
vn 0.7805 -0.6098 0.1379
vn 0.7940 -0.5915 0.1401
vn 0.7806 -0.6096 0.1383
vn 0.3628 -0.7281 0.5816
vn 0.3793 -0.7437 0.5505
vn 0.5370 -0.7764 0.3298
vn 0.5258 -0.7778 0.3444
vn 0.4551 -0.7759 0.4369
vn 0.5975 -0.7993 0.0634
vn 0.5846 -0.8107 0.0297
vn 0.5847 -0.8107 0.0298
vn 0.4118 -0.7641 0.4966
vn 0.4043 -0.7611 0.5072
vn 0.4047 -0.7612 0.5067
vn 0.6038 -0.7622 0.2334
vn 0.6187 -0.7615 0.1931
vn 0.6150 -0.7588 0.2143
vn 0.6181 -0.7855 -0.0306
vn 0.6642 -0.7466 -0.0375
vn 0.6112 -0.7839 0.1089
vn 0.6188 -0.7616 0.1925
vn 0.6193 -0.7698 0.1542
vn 0.6111 -0.7841 0.1085
vn 0.8538 -0.5206 -0.0040
vn 0.8484 -0.5286 0.0290
vn 0.8511 -0.5249 0.0107
vn 0.6824 -0.7291 -0.0524
vn 0.8394 -0.5425 -0.0347
vn 0.8504 -0.5257 -0.0193
vn 0.8393 -0.5425 -0.0347
vn 0.9969 -0.0691 -0.0379
vn 0.8505 -0.5257 -0.0193
vn -0.1539 -0.5632 0.8119
vn -0.2316 -0.5708 0.7877
vn 0.7598 -0.6394 0.1178
vn 0.7166 -0.6908 0.0960
vn 0.7596 -0.6396 0.1180
vn -0.8059 -0.1648 -0.5686
vn -0.8060 -0.1653 -0.5683
vn 0.0776 -0.5651 0.8214
vn 0.1515 -0.5830 0.7982
vn 0.1514 -0.5830 0.7982
vn -0.1537 -0.5632 0.8119
vn -0.9877 0.0025 -0.1565
vn -0.9282 -0.0036 -0.3720
vn -0.9877 0.0020 -0.1560
vn 0.3142 0.8874 -0.3373
vn 0.0762 0.9390 -0.3355
vn -0.1008 0.9094 -0.4036
vn -0.0998 0.9094 -0.4039
vn 0.0030 -1.0000 0.0003
vn -0.0017 -1.0000 0.0012
vn 0.0022 -1.0000 0.0035
vn 0.0021 -0.9999 0.0116
vn -0.6557 -0.3473 -0.6704
vn -0.5536 -0.2365 -0.7985
vn -0.0020 -1.0000 -0.0009
vn 0.9869 -0.0813 0.1396
vn 0.9899 -0.1414 -0.0135
vn 0.0071 -1.0000 -0.0051
vn -0.0003 -1.0000 -0.0003
vn -0.0109 -0.9999 -0.0127
vn -0.0112 -0.9996 -0.0270
vn 0.2183 -0.0907 -0.9717
vn -0.1169 -0.0724 -0.9905
vn 0.9869 -0.0813 0.1397
vn 0.9638 0.0642 0.2589
vn 0.9638 0.0642 0.2588
vn -0.0463 -0.0753 -0.9961
vn 0.3463 -0.0487 -0.9368
vn -0.2763 -0.2844 -0.9180
vn -0.4264 -0.2734 -0.8622
vn -0.4263 -0.2734 -0.8623
vn -0.7730 -0.0372 -0.6333
vn -0.4848 -0.0493 -0.8732
vn -0.7730 -0.0373 -0.6333
vn -0.7459 -0.0511 -0.6641
vn -0.9076 -0.0980 -0.4083
vn -0.9557 -0.0314 -0.2925
vn -0.0443 -0.0002 0.9990
vn 0.0475 0.0080 0.9988
vn -0.7675 -0.3657 -0.5265
vn -0.7675 -0.3657 -0.5266
vn -0.4217 -0.0887 -0.9024
vn -0.7424 -0.0327 0.6692
vn 0.2390 0.0021 0.9710
vn 0.2390 0.0022 0.9710
vn 0.4818 -0.1759 -0.8584
vn 0.4819 -0.1759 -0.8584
vn -0.4848 -0.0492 -0.8733
vn 0.9147 0.1252 0.3843
vn 0.9147 0.1251 0.3843
vn 0.1387 -0.0634 0.9883
vn 0.7227 -0.0213 0.6908
vn -0.9959 -0.0871 0.0252
vn -0.8679 0.0059 0.4967
vn -0.9174 0.0374 0.3962
vn -0.9197 -0.0315 -0.3915
vn 0.3464 -0.0487 -0.9368
vn 0.6631 -0.0437 -0.7473
vn 0.0007 -1.0000 -0.0004
vn 0.6428 -0.0690 -0.7629
vn 0.4002 -0.9164 0.0001
vn 0.1493 -0.9615 -0.2309
vn -0.5539 0.0118 0.8325
vn -0.0469 -0.0049 0.9989
vn -0.0466 -0.0047 -0.9989
vn -0.0051 -0.0058 -1.0000
vn -0.4539 0.0021 -0.8911
vn -0.3412 -0.9400 -0.0006
vn -0.2098 -0.9630 0.1693
vn -0.0001 -0.8989 -0.4382
vn 0.0468 -0.0046 -0.9989
vn 0.4546 0.0019 -0.8907
vn 1.0000 0.0057 0.0032
vn -1.0000 0.0006 -0.0022
vn 0.2140 -0.9478 -0.2362
vn -0.4524 0.0008 0.8918
vn -0.0056 -0.0062 1.0000
vn -1.0000 -0.0062 0.0003
vn -1.0000 -0.0063 0.0003
vn -1.0000 -0.0064 0.0004
vn -0.0004 -0.9140 0.4057
vn 0.0042 -0.0058 -1.0000
vn -1.0000 0.0003 0.0086
vn -1.0000 0.0003 0.0090
vn -0.8976 -0.0359 0.4394
vn 1.0000 -0.0067 -0.0005
vn 1.0000 -0.0065 -0.0004
vn 1.0000 -0.0066 -0.0005
vn 0.0101 -0.0149 0.9998
vn 0.0102 -0.0149 0.9998
vn -0.0001 0.9685 0.2492
vn -0.0019 -0.0103 -0.9999
vn -0.0105 -0.0147 -0.9998
vn 0.0231 0.0006 -0.9997
vn -0.0021 -0.0109 -0.9999
vn 0.9990 -0.0419 0.0138
vn 0.8014 -0.0601 0.5951
vn -0.4787 -0.0290 -0.8775
vn -0.5160 -0.0328 -0.8560
vn 0.0282 0.0316 0.9991
vn 0.0735 0.0323 0.9968
vn 0.0069 -0.0500 -0.9987
vn -0.9991 -0.0346 -0.0230
vn -0.4974 -0.0370 -0.8668
vn -0.3085 -0.9345 -0.1777
vn -0.0008 -1.0000 -0.0004
vn 0.3450 -0.9386 -0.0023
vn -0.9973 -0.0731 0.0069
vn 0.4295 -0.0500 -0.9017
vn -0.9989 -0.0027 0.0472
vn -0.9998 -0.0082 0.0193
vn -0.0301 -0.0307 0.9991
vn 0.3918 -0.0304 -0.9195
vn 0.0303 -0.0304 -0.9991
vn -0.6743 -0.0283 0.7380
vn -0.0082 -0.0362 0.9993
vn 0.2720 -0.9431 -0.1911
vn 0.0021 -1.0000 -0.0006
vn 0.0037 -1.0000 -0.0008
vn 0.2880 -0.9471 -0.1417
vn 0.3464 -0.9380 -0.0128
vn 0.1270 -0.9919 0.0002
vn 0.7893 0.0332 0.6131
vn 0.7196 -0.0284 0.6938
vn 0.8319 -0.3215 0.4523
vn -0.0555 -0.0296 -0.9980
vn 0.2678 0.0135 -0.9634
vn -0.9994 -0.0106 0.0343
vn 1.0000 -0.0055 -0.0030
vn 0.9999 -0.0118 0.0021
vn -0.2061 -0.0448 0.9775
vn -0.9717 -0.0018 -0.2361
vn -0.8025 -0.2039 0.5608
vn -0.6390 0.0452 0.7678
vn -0.0089 -0.9999 0.0142
vn -0.0099 -0.9932 0.1158
vn 0.4408 -0.0725 -0.8947
vn 0.4996 -0.0289 -0.8658
vn -0.2030 -0.9450 0.2565
vn -0.0107 -0.9998 0.0140
vn -0.9374 -0.0345 -0.3465
vn -0.2943 -0.9261 -0.2360
vn -0.2391 -0.9710 -0.0071
vn 0.8365 -0.0056 -0.5480
vn 0.4118 -0.9113 -0.0002
vn 0.5273 -0.8497 0.0002
vn -0.9863 -0.0282 -0.1625
vn 0.3347 -0.8701 0.3618
vn -0.1484 -0.9870 0.0618
vn 0.7087 -0.1352 -0.6925
vn -0.8430 -0.0783 -0.5322
vn -0.8232 -0.0846 0.5615
vn 0.0087 -0.0765 -0.9970
vn 0.3008 0.0704 -0.9511
vn 0.0088 -0.0765 -0.9970
vn 0.0028 -1.0000 -0.0001
vn -0.0030 -1.0000 0.0003
vn -0.0014 -1.0000 -0.0004
vn -0.0025 -1.0000 0.0062
vn -0.0048 -1.0000 0.0011
vn 0.0010 -1.0000 -0.0010
vn -0.0043 -1.0000 -0.0016
vn 0.0014 -1.0000 -0.0028
vn 0.0002 -1.0000 -0.0051
vn -0.0028 -1.0000 0.0025
vn 0.7978 -0.4029 0.4485
vn 0.9311 -0.3631 0.0341
vn 0.9342 -0.2999 0.1929
vn -0.0028 -1.0000 0.0002
vn -0.0026 -1.0000 -0.0002
vn -0.0033 -1.0000 -0.0008
vn -0.5246 0.8154 0.2447
vn 0.0182 -0.0990 0.9949
vn 0.5268 0.0257 0.8496
vn 0.9974 -0.0721 0.0072
vn -0.0093 -0.0983 0.9951
vn 0.0029 -1.0000 -0.0001
vn -0.3713 0.0621 0.9264
vn -0.0098 -0.0436 0.9990
vn -0.0012 -0.6890 0.7247
vn -0.7645 -0.1190 0.6336
vn -0.4252 -0.2135 0.8795
vn 0.4172 -0.0137 -0.9087
vn 0.1008 0.0014 -0.9949
vn 0.9731 0.0018 -0.2305
vn 0.7662 0.0013 -0.6427
vn 0.9731 0.0018 -0.2304
vn -0.0155 0.9995 0.0275
vn -0.0045 0.9995 0.0302
vn -0.0186 0.9996 0.0224
vn -0.9326 0.0143 -0.3607
vn -0.7389 0.0143 0.6736
vn -0.7044 0.0186 -0.7096
vn -0.0283 0.9996 0.0099
vn 0.7637 -0.0193 0.6452
vn -0.8277 0.0511 0.5589
vn -0.9955 0.0482 -0.0818
vn -0.9870 0.0288 -0.1579
vn 0.9780 0.0172 0.2078
vn 0.0257 0.0347 -0.9991
vn 0.2684 0.0427 -0.9624
vn -0.2937 0.0482 -0.9547
vn -0.5796 0.0269 -0.8144
vn -0.8932 0.0448 -0.4474
vn -0.7500 0.0388 -0.6603
vn -0.0804 0.0177 0.9966
vn -0.4796 0.0183 0.8773
vn -0.0001 0.9995 0.0317
vn 0.0103 0.9996 0.0274
vn 0.0292 0.9996 -0.0023
vn 0.0288 0.9996 0.0069
vn 0.0297 0.9995 -0.0070
vn 0.0237 0.9995 -0.0199
vn 0.0136 0.9995 -0.0272
vn 0.0228 0.9995 -0.0228
vn 0.0138 0.9995 -0.0272
vn 0.0214 0.9996 0.0183
vn 0.0293 0.9995 0.0064
vn 0.0208 0.9996 0.0187
vn 0.0109 0.9996 0.0268
vn -0.0000 0.9995 -0.0307
vn 0.0001 0.9995 -0.0306
vn -0.0240 0.9995 0.0182
vn -1.0000 -0.0072 0.0013
vn -0.4035 -0.9150 -0.0000
vn 0.3832 -0.8753 0.2950
vn 0.3589 -0.9327 -0.0357
vn 0.0022 -1.0000 -0.0013
vn 1.0000 -0.0022 0.0029
vn 1.0000 -0.0014 0.0021
vn 0.0022 -1.0000 0.0005
vn 0.0019 -0.9085 0.4178
vn 0.0018 -0.9085 0.4180
vn 0.0021 -0.9087 0.4175
vn 0.0017 -0.0049 -1.0000
vn 0.0016 -0.0050 -1.0000
vn 0.0021 -0.0042 -1.0000
vn -0.0019 -0.0049 1.0000
vn -0.0019 -0.0048 1.0000
vn 0.8758 -0.4826 -0.0044
vn 0.8758 -0.4827 -0.0045
vn 0.8759 -0.4825 -0.0043
vn 0.0008 -0.5082 0.8613
vn 0.0007 -0.5079 0.8614
vn 0.0008 -0.5081 0.8613
vn -0.0033 -0.5101 -0.8601
vn -0.0033 -0.5100 -0.8602
vn -0.8691 -0.4946 0.0040
vn -0.0069 -1.0000 -0.0047
vn -0.5335 -0.0306 -0.8452
vn -0.4746 -0.0272 -0.8798
vn -0.0148 -0.0191 -0.9997
vn -0.0048 -0.0061 -1.0000
vn -0.0899 -0.0214 -0.9957
vn -0.4970 0.3766 -0.7818
vn -0.4682 0.6079 -0.6413
vn -0.4972 0.3767 -0.7816
vn -0.5640 -0.0026 -0.8258
vn -0.5661 0.0064 -0.8243
vn -0.5661 0.0063 -0.8243
vn -0.5373 0.0015 -0.8434
vn -0.4831 0.0520 -0.8740
vn 0.9595 0.0187 -0.2812
vn 0.9594 0.0187 -0.2815
vn -0.5608 0.0129 -0.8279
vn -0.5574 0.0254 -0.8298
vn -0.5573 0.0252 -0.8300
vn -0.5304 -0.0435 -0.8466
vn -0.5337 -0.0305 -0.8451
vn -0.0146 0.0030 -0.9999
vn -0.0045 0.0009 -1.0000
vn -0.0173 0.9999 0.0005
vn -0.0000 1.0000 -0.0000
vn -0.0173 0.9999 0.0007
vn -0.5569 0.0178 -0.8304
vn -0.5611 0.0130 -0.8276
vn -0.5203 -0.0701 -0.8511
vn -0.5200 -0.0701 -0.8513
vn -0.4833 0.0517 -0.8739
vn -0.4793 0.0420 -0.8766
vn -0.4666 0.0320 -0.8839
vn -0.5345 0.1509 -0.8316
vn -0.5533 0.1047 -0.8264
vn -0.5568 0.0179 -0.8305
vn -0.4791 0.0422 -0.8767
vn -0.8098 -0.0139 -0.5866
vn -0.9983 0.0580 -0.0081
vn -0.9983 0.0581 -0.0081
vn -0.3395 -0.0740 -0.9377
vn -0.3394 -0.0740 -0.9377
vn -0.4918 0.2175 -0.8431
vn -0.5346 0.1509 -0.8315
vn -0.2900 -0.0708 -0.9544
vn -0.2898 -0.0708 -0.9545
vn 0.8639 0.0106 -0.5036
vn -0.5456 -0.0557 -0.8362
vn -0.5306 -0.0439 -0.8465
vn -0.2818 -0.0694 -0.9570
vn -0.5479 0.0432 -0.8354
vn -0.0000 -0.5117 -0.8591
vn -0.4918 0.2174 -0.8431
vn -0.9928 0.0423 -0.1120
vn -0.0000 -0.0000 -1.0000
vn -0.4678 0.6078 -0.6417
vn -0.3316 0.7957 -0.5069
vn -0.2273 0.8660 -0.4454
vn -0.2271 0.8663 -0.4448
vn -0.0700 0.9975 0.0020
vn 0.0013 -0.8666 0.4990
vn 0.0574 -0.8685 0.4923
vn 0.0014 -0.8665 0.4993
vn 0.9530 0.2979 -0.0545
vn -0.8584 -0.4328 -0.2753
vn -0.8303 -0.4145 -0.3725
vn 0.7923 -0.5947 0.1362
vn 0.8603 -0.4952 0.1213
vn -0.6374 -0.4941 0.5913
vn -0.6813 -0.4517 0.5760
vn -0.7150 -0.4553 0.5305
vn -0.3682 0.4225 -0.8282
vn -0.4316 0.3382 -0.8363
vn -0.3681 0.4226 -0.8282
vn -0.8841 -0.4656 -0.0395
vn -0.8858 -0.4596 -0.0641
vn -0.7642 0.6272 0.1503
vn -0.7616 0.5800 0.2892
vn -0.7642 0.6271 0.1504
vn 0.8880 0.3572 0.2896
vn 0.9054 0.3160 0.2837
vn 0.1017 0.6404 -0.7613
vn 0.7065 -0.6918 0.1493
vn 0.6909 0.7116 0.1279
vn 0.7565 0.6395 0.1368
vn 0.1971 -0.9803 0.0122
vn 0.2146 -0.9759 0.0407
vn 0.0279 0.9950 -0.0960
vn -0.5483 0.2634 0.7937
vn 0.7019 0.4561 0.5472
vn 0.7463 0.4853 0.4556
vn 0.7463 0.4852 0.4556
vn -0.9449 -0.2397 -0.2228
vn 0.6928 0.7206 -0.0259
vn 0.7000 0.7135 0.0290
vn -0.0331 -0.9994 -0.0091
vn 0.0341 -0.9978 -0.0566
vn 0.0510 -0.9987 -0.0092
vn 0.8349 0.5377 0.1174
vn 0.8510 0.5227 0.0507
vn 0.8418 0.5328 0.0864
vn 0.0573 -0.8685 0.4923
vn 0.1122 -0.8697 0.4807
vn -0.9930 0.0717 0.0938
vn 0.7417 -0.2864 -0.6065
vn 0.7767 -0.3286 -0.5373
vn 0.7767 -0.3286 -0.5374
vn 0.6560 0.4222 0.6256
vn 0.6122 0.3839 0.6912
vn 0.6122 0.3840 0.6912
vn -0.8127 -0.2518 -0.5254
vn -0.7850 -0.2286 -0.5758
vn -0.8127 -0.2517 -0.5254
vn -0.2185 -0.8519 0.4759
vn -0.1683 -0.8579 0.4855
vn 0.9754 0.1913 0.1093
vn -0.1884 0.9729 -0.1340
vn -0.9983 -0.0139 0.0562
vn -0.9979 -0.0038 0.0646
vn 0.8756 -0.0432 0.4812
vn 0.9637 0.2544 -0.0811
vn 0.8560 0.5164 -0.0229
vn 0.9740 0.1963 -0.1134
vn -0.8705 -0.4920 0.0168
vn -0.8720 -0.4887 0.0278
vn -0.7696 -0.0411 -0.6372
vn -0.1126 -0.8617 0.4948
vn -0.0557 -0.8639 0.5006
vn -0.0552 -0.8640 0.5005
vn 0.3570 -0.9339 0.0178
vn 0.6781 0.7183 0.1559
vn 0.7292 0.6591 0.1840
vn -0.7095 0.4759 0.5198
vn -0.6831 0.4488 0.5762
vn -0.6830 0.4488 0.5763
vn -0.2717 -0.9617 0.0352
vn -0.7387 0.5200 0.4289
vn -0.7386 0.5200 0.4289
vn -0.1611 -0.2057 -0.9653
vn -0.5508 0.2470 0.7972
vn 0.5239 0.7944 -0.3073
vn 0.5189 0.7948 -0.3146
vn -0.7173 0.6821 -0.1421
vn -0.7228 0.6817 -0.1129
vn -0.7179 0.6815 -0.1422
vn 0.9098 0.3863 0.1517
vn 0.7460 -0.5242 -0.4107
vn 0.7534 -0.4839 -0.4453
vn -0.8861 -0.4485 -0.1174
vn -0.8858 -0.4596 -0.0640
vn 0.3149 -0.9383 0.1429
vn -0.1904 0.9780 -0.0852
vn -0.1751 0.9823 -0.0669
vn -0.1573 0.9846 -0.0760
vn -0.0028 0.9857 -0.1685
vn -0.0352 0.9945 -0.0983
vn 0.0226 0.9781 -0.2067
vn -0.0623 0.7703 0.6347
vn 0.0841 -0.0405 -0.9956
vn 0.2400 -0.9685 0.0669
vn -0.0630 0.9960 -0.0630
vn 0.3166 0.9444 -0.0886
vn 0.7348 -0.5733 -0.3626
vn 0.7982 0.0019 -0.6024
vn 0.7077 -0.2531 -0.6596
vn 0.7417 -0.2864 -0.6066
vn 0.8565 0.4480 0.2563
vn 0.8316 -0.5252 0.1805
vn 0.8344 -0.5157 0.1946
vn 0.8397 -0.5098 0.1869
vn 0.2313 -0.8962 -0.3785
vn 0.2271 -0.7792 -0.5841
vn 0.1583 -0.4414 -0.8832
vn 0.1583 -0.4415 -0.8832
vn -0.7407 -0.0154 -0.6716
vn -0.7530 0.0031 -0.6580
vn 0.3188 0.9070 -0.2752
vn 0.3006 0.8148 -0.4956
vn 0.3006 0.8148 -0.4957
vn -0.2242 0.9745 0.0071
vn 0.1673 0.3277 -0.9299
vn -0.0931 0.9937 -0.0625
vn 0.3745 -0.9056 0.1991
vn 0.1020 -0.2193 -0.9703
vn -0.2071 0.1734 -0.9628
vn 0.6054 -0.7805 0.1561
vn 0.6053 -0.7805 0.1561
vn 0.8547 0.5186 -0.0224
vn -0.5615 -0.6431 0.5207
vn -0.6138 -0.5309 0.5843
vn -0.5812 -0.5802 0.5706
vn -0.6618 -0.4641 0.5888
vn -0.5471 -0.6700 0.5018
vn -0.9976 -0.0574 0.0377
vn -0.9983 -0.0272 0.0509
vn 0.8532 0.5210 0.0265
vn 0.9607 0.1234 -0.2488
vn 0.1209 -0.5433 -0.8308
vn 0.0812 -0.0645 -0.9946
vn 0.0946 -0.1270 -0.9874
vn -0.5276 -0.7459 0.4066
vn -0.5254 -0.7308 0.4357
vn -0.7209 -0.3682 -0.5872
vn -0.8861 -0.4484 -0.1174
vn -0.8768 -0.4354 -0.2040
vn -0.0543 0.9723 -0.2273
vn -0.0536 0.9712 -0.2322
vn -0.0540 0.9718 -0.2296
vn -0.2406 -0.3833 -0.8917
vn -0.3684 -0.3813 -0.8479
vn -0.3684 -0.3812 -0.8479
vn 0.9384 -0.3308 0.0999
vn 0.8941 -0.4329 0.1150
vn 0.9142 -0.3909 0.1070
vn 0.8778 0.4723 0.0797
vn 0.8101 -0.3769 -0.4490
vn 0.8375 -0.4280 -0.3396
vn 0.8379 -0.4276 -0.3392
vn -0.4922 0.1097 -0.8635
vn -0.4955 0.0856 -0.8644
vn -0.4954 0.0861 -0.8644
vn -0.0872 0.9935 -0.0734
vn 0.7241 0.5951 0.3486
vn 0.7381 0.5635 0.3709
vn -0.8162 -0.4391 0.3756
vn 0.2341 0.6089 -0.7579
vn 0.8476 -0.4941 0.1934
vn -0.2131 0.9228 0.3211
vn -0.2185 0.9713 0.0937
vn 0.5831 0.3266 0.7439
vn 0.5769 0.3044 0.7580
vn 0.5941 0.3539 0.7223
vn 0.1675 0.3276 -0.9299
vn 0.8100 -0.3769 -0.4494
vn 0.6351 0.0454 0.7711
vn 0.7826 0.5203 0.3417
vn 0.7826 0.5203 0.3418
vn 0.6554 0.7278 0.2021
vn 0.7018 0.4561 0.5473
vn 0.6561 0.4222 0.6255
vn 0.1523 0.9838 -0.0942
vn -0.5273 -0.7230 0.4463
vn -0.5329 -0.7380 0.4139
vn 0.8539 -0.4757 -0.2109
vn 0.8556 -0.5101 -0.0883
vn 0.8554 -0.5105 -0.0883
vn -0.0499 0.9955 -0.0811
vn -0.7229 0.6818 -0.1125
vn -0.7327 0.6771 -0.0682
vn -0.3256 -0.0789 -0.9422
vn -0.3256 -0.0788 -0.9422
vn 0.8603 -0.4951 0.1213
vn 0.8539 -0.4758 -0.2110
vn -0.4466 -0.8939 0.0373
vn -0.4871 0.1318 -0.8633
vn -0.4922 0.1098 -0.8635
vn -0.6564 0.4201 0.6267
vn -0.6563 0.4199 0.6269
vn -0.1832 0.8239 0.5363
vn -0.2131 0.9228 0.3210
vn -0.8722 -0.4889 0.0180
vn 0.0750 -0.9971 -0.0105
vn 0.9957 0.0920 -0.0132
vn -0.8420 -0.3037 -0.4458
vn -0.8421 -0.3038 -0.4457
vn 0.0407 -0.9991 0.0105
vn 0.0641 -0.9979 0.0094
vn 0.0557 -0.9984 0.0097
vn -0.3540 0.0002 -0.9353
vn 0.8380 0.3949 0.3767
vn -0.9930 0.0747 0.0919
vn -0.7219 -0.0791 -0.6874
vn -0.7219 -0.0790 -0.6875
vn -0.8666 -0.3530 -0.3528
vn -0.8667 -0.3529 -0.3525
vn -0.2680 -0.9633 0.0137
vn 0.8639 0.4053 0.2990
vn 0.6380 0.7173 0.2802
vn 0.6477 0.7282 0.2240
vn 0.6656 0.7049 0.2451
vn -0.7555 0.6527 0.0570
vn -0.7555 0.6527 0.0571
vn 0.6713 -0.2948 -0.6800
vn 0.6384 -0.2955 -0.7108
vn 0.1123 -0.8697 0.4807
vn 0.1665 -0.8687 0.4665
vn 0.0618 -0.9968 0.0499
vn -0.4992 0.2011 -0.8429
vn -0.4922 0.1842 -0.8508
vn 0.9970 0.0725 0.0261
vn -0.9917 0.0911 0.0906
vn -0.9976 0.0667 0.0181
vn -0.9960 0.0443 0.0770
vn 0.9845 -0.0983 0.1451
vn -0.9680 -0.1912 -0.1623
vn -0.9681 -0.1912 -0.1623
vn -0.8764 -0.4067 -0.2579
vn -0.2625 -0.9649 0.0054
vn 0.8767 0.3434 0.3369
vn 0.4739 -0.8690 0.1425
vn 0.3313 -0.9381 0.1011
vn 0.4738 -0.8690 0.1425
vn -0.6262 0.3838 0.6787
vn -0.6260 0.3839 0.6787
vn 0.9007 -0.1034 0.4219
vn 0.8847 0.4298 0.1807
vn 0.8397 0.5082 0.1914
vn -0.3942 -0.7998 0.4527
vn 0.9844 0.1728 0.0329
vn 0.6785 0.6575 0.3276
vn 0.7153 0.6076 0.3451
vn 0.8454 -0.5306 0.0608
vn 0.8498 -0.5271 -0.0026
vn 0.8454 -0.5306 0.0609
vn 0.8310 -0.5329 0.1592
vn 0.8314 -0.5324 0.1590
vn 0.8531 0.3642 0.3736
vn 0.0732 -0.9973 -0.0080
vn 0.0344 -0.9994 -0.0052
vn 0.2157 -0.8651 0.4529
vn 0.4894 -0.3271 -0.8084
vn 0.5750 -0.3065 -0.7586
vn -0.4950 0.0597 -0.8669
vn -0.4949 0.0593 -0.8669
vn -0.4847 0.1559 -0.8607
vn -0.4843 0.1546 -0.8611
vn 0.8372 -0.5338 0.1187
vn 0.3954 -0.3430 -0.8521
vn 0.3953 -0.3430 -0.8521
vn -0.1127 -0.8617 0.4948
vn -0.4812 -0.3753 -0.7922
vn -0.4813 -0.3754 -0.7921
vn 0.8234 0.0690 -0.5633
vn 0.7981 0.0019 -0.6025
vn 0.2143 -0.8664 0.4510
vn 0.0315 -0.9994 0.0109
vn 0.3872 -0.8766 0.2859
vn -0.0748 -0.9963 0.0434
vn 0.3192 -0.8598 0.3986
vn -0.9919 0.0858 0.0934
vn -0.1800 -0.9822 -0.0538
vn 0.0323 -0.3774 -0.9255
vn -0.1047 -0.3817 -0.9184
vn -0.5962 -0.0654 0.8002
vn 0.9830 0.1803 -0.0352
vn -0.5666 -0.3686 -0.7370
vn -0.6314 -0.3664 -0.6834
vn 0.0820 -0.9966 0.0099
vn 0.1091 -0.9939 0.0131
vn -0.2638 -0.8442 0.4667
vn -0.2188 -0.8518 0.4760
vn 0.6300 0.7568 -0.1744
vn -0.8534 -0.3409 -0.3944
vn 0.2874 -0.3571 -0.8887
vn 0.6995 0.7096 0.0849
vn 0.5748 -0.3067 -0.7586
vn 0.6384 -0.2955 -0.7107
vn 0.0456 0.9441 -0.3265
vn 0.0371 0.9484 -0.3148
vn 0.6086 0.7725 -0.1813
vn -0.7643 0.1792 -0.6195
vn 0.5013 0.4972 -0.7082
vn 0.4830 0.5147 -0.7083
vn -0.7444 0.6677 -0.0091
vn -0.7443 0.6678 -0.0088
vn 0.8600 0.4913 0.1381
vn -0.4771 -0.8777 0.0452
vn -0.3108 -0.8323 0.4590
vn -0.3107 -0.8324 0.4590
vn 0.6799 0.7295 -0.0755
vn 0.8145 0.5628 0.1407
vn -0.4870 0.1322 -0.8633
vn 0.7214 -0.4001 -0.5652
vn 0.4611 0.0008 -0.8874
vn -0.7407 -0.0155 -0.6716
vn 0.1945 -0.9808 0.0122
vn -0.4308 -0.9022 0.0187
vn -0.9976 -0.0636 0.0260
vn -0.2405 -0.3833 -0.8918
vn -0.9837 -0.1466 -0.1043
vn -0.9837 -0.1465 -0.1043
vn -0.5668 -0.3687 -0.7367
vn 0.8912 0.4457 -0.0839
vn -0.9971 -0.0750 0.0112
vn -0.9976 -0.0636 0.0259
vn 0.1811 -0.9835 -0.0020
vn 0.0653 0.9368 -0.3438
vn -0.5244 0.2171 -0.8233
vn -0.4820 0.2809 -0.8299
vn 0.2941 -0.9481 0.1211
vn -0.0208 0.5645 0.8252
vn 0.9930 -0.0218 -0.1159
vn -0.9955 0.0303 0.0894
vn -0.9954 -0.0930 -0.0224
vn -0.9967 -0.0805 -0.0052
vn 0.0626 0.9400 -0.3354
vn 0.2873 -0.3574 -0.8887
vn 0.1642 -0.3686 -0.9150
vn -0.7164 0.6763 -0.1713
vn 0.0821 -0.9966 0.0100
vn -0.7095 0.4758 0.5198
vn -0.9930 -0.1055 -0.0524
vn -0.9421 0.3345 0.0226
vn -0.9857 0.1242 0.1140
vn 0.1641 -0.3687 -0.9149
vn 0.7235 -0.6196 -0.3043
vn -0.2640 -0.8440 0.4668
vn 0.8788 0.4712 0.0751
vn 0.8787 0.4715 0.0751
vn -0.8749 -0.4834 0.0295
vn -0.9931 -0.1053 -0.0521
vn -0.3082 -0.0237 -0.9510
vn -0.5140 -0.0315 -0.8572
vn -0.5141 -0.0315 -0.8572
vn -0.6111 0.6343 0.4735
vn -0.6778 0.5603 0.4760
vn -0.6370 0.5865 0.5003
vn -0.6161 0.5861 0.5263
vn -0.6257 0.5717 0.5307
vn 0.6296 -0.3571 -0.6899
vn 0.6229 -0.3262 -0.7110
vn 0.6296 -0.3571 -0.6900
vn -0.6905 0.4668 0.5525
vn -0.6782 0.4578 0.5749
vn 0.9864 0.0191 -0.1633
vn 0.9381 0.0126 -0.3463
vn 0.4921 -0.3742 0.7860
vn -0.7051 0.6709 0.2298
vn -0.8831 0.3868 0.2655
vn 0.9217 0.3765 -0.0930
vn 0.9722 0.2104 -0.1027
vn 0.9568 0.2741 -0.0974
vn 0.4247 0.8482 -0.3164
vn 0.7037 -0.7100 0.0264
vn 0.7006 -0.7100 0.0711
vn 0.2550 -0.6592 0.7074
vn 0.2192 -0.7794 0.5869
vn 0.2551 -0.6592 0.7074
vn 0.5395 -0.2225 -0.8121
vn 0.4374 -0.2458 -0.8650
vn 0.5347 -0.2095 -0.8186
vn 0.7019 -0.7038 0.1097
vn 0.6212 0.7836 0.0066
vn 0.5946 0.7990 0.0900
vn 0.6295 -0.7237 0.2828
vn 0.6422 -0.7251 0.2487
vn 0.7103 0.5054 0.4899
vn 0.7172 0.4927 0.4928
vn -0.2930 -0.0591 -0.9543
vn -0.2908 -0.0585 -0.9550
vn -0.2988 -0.0494 -0.9530
vn 0.7048 0.5542 0.4429
vn 0.6856 0.5478 0.4795
vn 0.3360 -0.5141 0.7891
vn 0.3810 -0.4240 0.8216
vn -0.2889 0.5755 -0.7650
vn -0.3691 0.4769 -0.7977
vn -0.2888 0.5756 -0.7651
vn 0.5983 -0.5363 -0.5953
vn 0.5990 -0.5362 -0.5947
vn -0.0245 -0.4614 -0.8868
vn -0.0102 -0.4334 -0.9012
vn -0.0238 -0.4620 -0.8865
vn 0.9879 0.1181 -0.1005
vn 0.9884 0.1503 -0.0198
vn 0.9798 0.1713 -0.1030
vn -0.5577 0.6808 0.4749
vn -0.5556 0.7104 0.4320
vn -0.1092 0.6895 -0.7160
vn -0.0838 0.6814 -0.7271
vn 0.6176 0.7498 0.2374
vn 0.8201 0.4175 0.3912
vn 0.7381 0.5388 0.4060
vn -0.6633 0.5239 0.5344
vn -0.6686 0.5171 0.5343
vn -0.4569 0.7834 -0.4214
vn -0.4314 -0.0256 -0.9018
vn 0.7229 0.5751 0.3829
vn -0.5331 0.0424 -0.8450
vn 0.6936 -0.4195 -0.5856
vn 0.7421 -0.4482 -0.4984
vn -0.6379 0.5495 0.5396
vn 0.4119 -0.3478 0.8422
vn -0.5706 0.6593 0.4897
vn -0.5841 0.6328 0.5084
vn 0.6293 0.7269 0.2749
vn 0.5914 0.7960 0.1288
vn 0.5989 0.7846 0.1606
vn 0.6117 0.7630 0.2092
vn 0.6818 -0.7047 0.1964
vn 0.6532 -0.7212 0.2307
vn 0.6888 -0.7019 0.1812
vn 0.3787 -0.8604 0.3409
vn -0.5650 0.7119 0.4171
vn -0.5745 0.7004 0.4236
vn -0.7578 -0.6265 -0.1825
vn -0.7578 -0.6265 -0.1826
vn -0.4296 -0.7791 0.4565
vn -0.4806 -0.7472 0.4591
vn -0.5999 -0.0206 -0.7998
vn -0.7372 -0.0175 -0.6754
vn -0.6595 -0.7403 0.1307
vn -0.6596 -0.7402 0.1303
vn -0.7275 -0.3991 -0.5581
vn -0.7423 -0.4397 -0.5057
vn -0.7275 -0.3991 -0.5580
vn -0.4844 0.0131 -0.8747
vn -0.5139 0.0950 -0.8526
vn 0.5946 -0.2790 -0.7541
vn 0.5680 -0.2539 -0.7829
vn 0.5680 -0.2538 -0.7829
vn 0.0798 0.9779 -0.1931
vn -0.6814 0.6530 0.3306
vn -0.5348 -0.0343 -0.8443
vn -0.4898 -0.7423 0.4572
vn 0.6289 -0.6991 0.3404
vn 0.6289 -0.6991 0.3403
vn 0.6462 -0.4915 -0.5838
vn -0.3824 0.9121 0.1481
vn 0.7145 -0.6990 -0.0289
vn 0.7041 -0.7096 0.0258
vn 0.7305 -0.6757 -0.0994
vn 0.7305 -0.6757 -0.0991
vn -0.5454 0.7486 0.3771
vn -0.6557 0.6037 0.4534
vn -0.7079 -0.7055 -0.0343
vn -0.7564 -0.5401 -0.3689
vn -0.7574 -0.4959 -0.4247
vn -0.7471 -0.4713 -0.4688
vn -0.6353 -0.7519 0.1762
vn -0.6241 -0.7567 0.1948
vn -0.7542 -0.5956 -0.2765
vn -0.7026 -0.3380 -0.6261
vn -0.7026 -0.3380 -0.6262
vn -0.6352 -0.7520 0.1765
vn 0.4511 -0.0197 -0.8922
vn 0.9380 0.0126 -0.3463
vn 0.4511 -0.0198 -0.8922
vn -0.2273 0.6401 -0.7339
vn -0.1706 0.6583 -0.7332
vn 0.7050 -0.6904 0.1623
vn 0.7026 -0.6971 0.1432
vn 0.7017 -0.6980 0.1428
vn 0.7019 -0.7037 0.1098
vn 0.6730 -0.3995 -0.6225
vn 0.6935 -0.4200 -0.5854
vn 0.6728 -0.3994 -0.6228
vn 0.6553 -0.3821 -0.6516
vn 0.6543 -0.3822 -0.6526
vn 0.7536 -0.6271 -0.1971
vn -0.0039 -0.4208 -0.9072
vn -0.0038 -0.4208 -0.9072
vn 0.6034 -0.3047 -0.7369
vn -0.2905 -0.0608 -0.9549
vn 0.5487 -0.2205 -0.8064
vn -0.5519 -0.0074 -0.8339
vn -0.4330 0.1786 -0.8835
vn 0.1988 -0.9169 0.3460
vn -0.6523 0.7430 0.1497
vn -0.6508 0.7359 0.1867
vn -0.7266 0.6633 0.1793
vn -0.3180 0.9452 0.0742
vn 0.2278 0.9672 -0.1127
vn 0.6743 -0.7083 0.2088
vn 0.4151 -0.8508 0.3222
vn 0.2395 -0.3198 -0.9167
vn -0.6802 0.4948 0.5408
vn -0.1104 0.9809 -0.1601
vn -0.7510 0.4734 0.4604
vn 0.9878 0.1165 -0.1034
vn -0.9988 0.0491 0.0010
vn -0.3691 0.4768 -0.7977
vn 0.5376 -0.2093 -0.8168
vn -0.5085 0.3216 -0.7988
vn -0.4327 0.2016 -0.8787
vn 0.9901 0.0933 -0.1050
vn 0.9920 0.0403 -0.1193
vn 0.7775 0.6261 -0.0590
vn 0.8723 -0.4796 0.0952
vn 0.8677 -0.4880 0.0945
vn -0.5367 -0.5437 -0.6453
vn 0.5516 0.8276 -0.1041
vn 0.6630 0.7372 -0.1307
vn -0.0584 0.9015 -0.4289
vn -0.6540 -0.4467 -0.6105
vn -1.0000 0.0062 -0.0039
vn -1.0000 0.0030 -0.0030
vn -0.9966 -0.0537 -0.0625
vn -0.9956 -0.0880 -0.0314
vn -0.9968 -0.0692 -0.0394
vn 0.7062 0.7025 -0.0876
vn -0.7289 0.6494 -0.2170
vn -0.9821 0.0558 0.1800
vn -0.9853 0.0429 0.1654
vn -0.9843 0.0439 0.1711
vn 0.8728 -0.4789 0.0946
vn 0.8708 -0.4825 0.0947
vn 0.9999 -0.0024 -0.0138
vn -0.1550 0.9724 -0.1744
vn 0.5171 0.8368 -0.1799
vn -0.9545 0.2121 0.2095
vn 0.3534 -0.7813 -0.5145
vn 0.5475 -0.4927 -0.6764
vn 0.4742 -0.6902 -0.5466
vn -0.8149 0.5456 -0.1955
vn 0.3942 0.7814 -0.4837
vn 0.9961 -0.0175 -0.0870
vn 0.9934 -0.0185 -0.1128
vn 0.9943 -0.0151 -0.1052
vn 0.9922 -0.0228 -0.1222
vn 0.4660 -0.6981 -0.5436
vn 0.4997 -0.6771 -0.5403
vn 0.5797 0.2794 -0.7654
vn 0.4461 -0.5600 -0.6981
vn 0.9998 -0.0124 -0.0166
vn 0.7795 0.6222 -0.0733
vn 0.8385 -0.5383 0.0850
vn -1.0000 0.0095 -0.0020
vn -0.9798 0.0671 0.1882
vn 0.8616 -0.4989 0.0932
vn 0.3962 -0.6827 -0.6140
vn -0.0100 -0.7734 -0.6338
vn -0.0036 -0.7668 -0.6419
vn 0.3282 -0.4284 -0.8419
vn 0.4685 -0.7014 -0.5371
vn -0.9969 0.0218 -0.0755
vn -0.9837 0.1349 -0.1188
vn 0.0517 0.8403 -0.5397
vn 0.7996 -0.6003 0.0167
vn -0.9770 0.1879 0.1011
vn 0.2427 -0.6883 -0.6836
vn -0.1147 0.9586 -0.2607
vn -0.6186 0.1671 -0.7677
vn 0.9999 0.0131 -0.0035
vn -0.1762 0.9652 -0.1930
vn -0.1119 0.9669 -0.2294
vn -0.0783 0.9859 -0.1481
vn 0.0005 0.5990 -0.8008
vn -0.1803 0.9568 -0.2280
vn -0.9964 -0.0612 -0.0582
vn -0.1840 0.9829 -0.0079
vn -0.9897 0.1208 -0.0764
vn -0.9910 0.1205 -0.0584
vn -0.9840 0.0440 0.1726
vn -0.9921 0.0330 0.1209
vn -0.9892 0.0407 0.1407
vn -0.8717 0.3760 -0.3143
vn -0.1977 0.7434 -0.6390
vn 0.9978 -0.0651 -0.0129
vn -0.9910 0.1329 -0.0135
vn 0.9996 -0.0226 0.0197
vn -0.9977 -0.0279 0.0624
vn -0.0610 0.9894 0.1319
vn -0.1643 0.9457 -0.2804
vn 0.0187 0.9932 -0.1153
vn -0.0139 0.9890 -0.1474
vn 0.8800 -0.4655 0.0942
vn -0.1200 0.9270 0.3553
vn -0.0931 0.9776 -0.1885
vn -0.5212 0.8300 -0.1988
vn -0.5212 0.8251 -0.2179
vn -0.9912 -0.1055 -0.0805
vn 0.9754 0.2191 0.0233
vn -0.5272 0.8467 -0.0716
vn -0.4613 0.8805 -0.1089
vn -0.5182 0.8483 -0.1092
vn 0.9164 0.3974 -0.0481
vn -0.5231 0.8374 -0.1584
vn -0.5145 0.8466 -0.1364
vn 0.4361 0.7693 0.4670
vn -0.0419 0.9121 0.4079
vn -0.9389 -0.2223 -0.2628
vn 0.5639 0.6458 -0.5148
vn 0.9996 -0.0163 0.0211
vn -0.0735 0.9411 0.3302
vn -0.0779 0.9585 0.2742
vn 0.9996 -0.0168 0.0210
vn 0.5155 0.8568 0.0070
vn 0.9982 -0.0595 0.0017
vn 0.7442 0.6541 -0.1353
vn 0.9490 0.3122 -0.0428
vn -0.5989 0.7815 0.1750
vn -0.6177 0.7769 0.1218
vn -0.0008 -0.9770 -0.2133
vn -0.8121 -0.4499 -0.3716
vn -0.6038 -0.5042 -0.6174
vn -0.6227 -0.4806 -0.6175
vn 0.1921 0.7294 0.6565
vn 0.8007 -0.4610 -0.3827
vn -0.4366 0.6160 0.6556
vn -0.4320 0.6205 0.6545
vn -0.4444 0.6093 0.6567
vn -0.9689 -0.2110 -0.1293
vn 0.1193 -0.4087 -0.9048
vn 0.7750 -0.6318 0.0091
vn 0.3874 0.7880 -0.4785
vn -0.6569 0.7429 -0.1285
vn -0.6449 0.7446 -0.1724
vn -0.6449 0.7446 -0.1723
vn 0.8560 0.0454 0.5149
vn 0.4002 -0.7578 0.5153
vn 0.2495 -0.7190 0.6487
vn -0.5588 0.6907 0.4589
vn -0.5274 0.7026 0.4777
vn -0.5542 0.6974 0.4544
vn 0.5089 -0.7467 0.4282
vn -0.1022 -0.7056 0.7012
vn -0.1447 -0.7256 0.6727
vn -0.6403 0.7668 0.0455
vn -0.0001 -0.9999 -0.0109
vn -0.6073 0.7418 0.2845
vn 0.2171 0.8067 -0.5496
vn -0.7538 -0.6489 -0.1033
vn -0.6939 -0.7104 -0.1181
vn 0.7250 -0.6877 -0.0379
vn -0.0521 -0.9299 0.3641
vn 0.4038 -0.6308 -0.6626
vn -0.4869 0.6279 0.6071
vn -0.5971 -0.7426 -0.3034
vn -0.6874 -0.6646 -0.2929
vn 0.6311 0.6084 0.4812
vn 0.5304 0.5013 0.6837
vn 0.5286 0.5018 0.6847
vn 0.2629 -0.8081 -0.5271
vn -0.9545 -0.2219 -0.1993
vn -0.9172 0.3878 -0.0912
vn -0.8338 -0.3173 -0.4517
vn -0.7457 0.6552 0.1209
vn -0.6968 -0.3115 -0.6461
vn -0.6117 -0.4747 -0.6329
vn 0.5517 -0.8245 -0.1257
vn 0.6902 0.4739 0.5468
vn 0.8466 -0.5296 -0.0520
vn 0.1981 0.7075 0.6784
vn 0.0001 -1.0000 -0.0002
vn -0.5151 0.7684 -0.3797
vn -0.4949 0.7862 -0.3700
vn 0.2698 0.6507 0.7098
vn 0.3464 0.6447 0.6814
vn 0.3458 0.6448 0.6817
vn -0.9765 0.2152 -0.0130
vn 0.6772 -0.7057 0.2084
vn 0.5970 -0.7800 0.1877
vn 0.5323 -0.7490 0.3946
vn 0.8409 -0.5386 -0.0523
vn 0.0772 -0.7679 0.6359
vn 0.7935 0.2590 0.5508
vn 0.7649 0.6064 0.2172
vn 0.7425 0.6599 0.1145
vn -0.1492 0.9431 -0.2971
vn 0.0084 -1.0000 0.0004
vn 0.0265 -0.9996 0.0017
vn -0.9987 -0.0002 -0.0508
vn -0.9834 0.1354 0.1208
vn 0.0085 0.5552 0.8317
vn 0.0221 0.5339 0.8453
vn 0.6319 0.6061 0.4831
vn 0.4393 0.4578 0.7729
vn 0.6344 0.6073 0.4783
vn 0.5843 0.6160 0.5284
vn 0.7897 0.6113 0.0525
vn 0.9968 0.0148 0.0780
vn -0.9097 -0.4041 -0.0960
vn -0.9274 -0.3461 -0.1419
vn 0.0011 -1.0000 0.0001
vn 0.0016 -0.9999 -0.0106
vn -0.8298 -0.4828 -0.2800
vn -0.8053 -0.4410 -0.3962
vn -0.4688 0.6446 0.6039
vn -0.4697 0.6434 0.6045
vn -0.9323 -0.2629 -0.2483
vn -0.5750 -0.7701 -0.2764
vn 0.5324 -0.2993 -0.7918
vn -0.1044 -0.7780 -0.6195
vn 0.0798 0.9510 -0.2987
vn -0.5693 0.8061 0.1615
vn -0.4396 0.8839 0.1598
vn -0.5233 0.8207 0.2293
vn 0.1665 0.7830 -0.5993
vn 0.6331 -0.7319 0.2522
vn 0.0008 -0.9743 -0.2252
vn 0.1340 0.7229 0.6779
vn 0.3563 0.7668 -0.5339
vn 0.5825 -0.7918 0.1838
vn -0.4210 -0.7054 -0.5702
vn -0.4575 -0.4156 -0.7861
vn 0.7714 0.6354 0.0344
vn 0.7806 0.6213 0.0684
vn 0.9805 0.1725 0.0937
vn -0.5504 0.7920 0.2641
vn -0.5212 -0.6389 0.5658
vn -0.9979 -0.0349 -0.0551
vn 0.7340 0.2891 0.6145
vn -0.4449 0.6043 0.6609
vn -0.4459 0.6063 0.6585
vn 0.7365 -0.6763 -0.0131
vn 0.2913 0.7921 -0.5364
vn -0.1041 -0.7780 -0.6196
vn -0.5346 0.7896 -0.3013
vn -0.5174 0.7862 -0.3379
vn -0.5578 0.7889 -0.2579
vn 0.9545 0.2018 0.2196
vn 0.9613 0.2054 0.1835
vn -0.1609 0.5280 0.8339
vn 0.4610 -0.8771 -0.1346
vn -0.6108 -0.4783 -0.6310
vn 0.9745 0.2164 0.0586
vn 0.0510 -0.8707 -0.4891
vn 0.0272 0.9442 -0.3282
vn -0.6202 0.7790 -0.0926
vn -0.6204 0.7825 0.0537
vn -0.6201 0.7790 -0.0928
vn -0.4543 -0.6294 -0.6305
vn -0.5886 0.7860 -0.1892
vn 0.9284 0.2029 0.3114
vn -0.6203 0.7825 0.0539
vn -0.6004 0.7832 0.1613
vn -0.0144 0.5652 0.8248
vn -0.0327 0.5617 0.8267
vn -0.8854 -0.4648 -0.0065
vn -0.2874 -0.9092 -0.3011
vn -0.2732 -0.9178 -0.2881
vn -0.4712 -0.6690 0.5748
vn -0.5179 0.6385 0.5693
vn -0.0883 0.8337 -0.5451
vn 0.1655 0.9192 0.3574
vn 0.6530 0.7547 -0.0633
vn 0.6525 0.7554 -0.0594
vn 0.1903 -0.7170 0.6706
vn 0.1840 -0.9828 -0.0121
vn -0.7392 -0.6529 -0.1653
vn -0.8116 -0.4900 -0.3181
vn -0.6305 0.7001 0.3350
vn -0.7433 -0.3283 -0.5828
vn 0.0001 -1.0000 0.0001
vn -0.1811 -0.9582 0.2213
vn 0.7230 0.2455 0.6457
vn 0.8465 0.4730 -0.2445
vn -0.5173 0.6357 0.5730
vn -0.1379 0.5061 0.8514
vn -0.1411 0.5075 0.8500
vn -0.8007 -0.5493 -0.2390
vn -0.0144 0.6624 0.7490
vn -0.0378 0.6642 0.7466
vn 0.7658 0.2725 0.5825
vn 0.7511 0.2759 0.5998
vn 0.7506 0.2763 0.6003
vn -0.0406 -0.9991 0.0111
vn -0.7948 -0.4199 -0.4382
vn 0.9400 0.1932 0.2813
vn -0.4511 0.6017 0.6591
vn -0.4454 0.5996 0.6649
vn -0.4502 0.6018 0.6596
vn -0.2662 -0.8628 -0.4298
vn -0.3770 -0.8438 -0.3820
vn -0.1092 -0.7316 0.6730
vn -0.4054 0.6274 0.6648
vn 0.3873 -0.9218 -0.0162
vn 0.1292 -0.9916 -0.0017
vn -0.0875 0.9479 -0.3062
vn -0.0592 0.9504 -0.3054
vn -0.0833 0.9503 -0.3001
vn -0.0002 -1.0000 0.0005
vn -0.4727 -0.5391 -0.6971
vn -0.5699 -0.6207 0.5384
vn 0.5784 0.5853 0.5682
vn 0.1408 0.7220 0.6774
vn 0.8467 -0.5294 -0.0532
vn -0.7869 -0.2994 -0.5396
vn 0.0087 -0.7126 0.7015
vn 0.6719 0.4351 0.5994
vn -0.0128 -0.9639 0.2660
vn 0.9768 0.2139 0.0146
vn 0.9772 0.2122 0.0091
vn -0.5332 0.7746 0.3402
vn 0.0084 0.5552 0.8317
vn 0.0024 -1.0000 -0.0007
vn -0.8517 -0.5106 -0.1177
vn -0.3544 0.6893 0.6319
vn -0.2980 0.6760 0.6740
vn -0.2960 0.6848 0.6659
vn -0.0036 0.8195 -0.5731
vn -0.4714 0.6135 0.6336
vn 0.6071 0.7609 -0.2290
vn 0.5014 -0.4747 0.7234
vn -0.6518 0.6224 -0.4333
vn 0.9850 0.1408 0.0997
vn 0.1589 -0.9873 0.0065
vn -0.2344 -0.9450 0.2281
vn -0.1195 -0.9846 0.1278
vn 0.6812 -0.0652 0.7292
vn 0.0675 -0.9942 0.0834
vn -0.2521 0.5065 0.8246
vn -0.4423 0.4971 0.7465
vn 0.0030 0.8221 -0.5693
vn 0.7783 0.2698 0.5670
vn 0.7735 0.2726 0.5722
vn -0.4034 0.5107 -0.7593
vn 0.7438 0.5921 0.3100
vn 0.7282 0.5926 0.3444
vn -0.1278 0.9356 -0.3291
vn -0.3308 0.9410 -0.0719
vn -0.2087 0.9505 -0.2300
vn -0.9963 0.0614 0.0603
vn -0.9963 0.0613 0.0603
vn 0.0532 -0.9890 0.1379
vn -0.9604 -0.2471 -0.1288
vn -0.6967 -0.6993 -0.1600
vn -0.4052 0.6949 0.5941
vn -0.3543 0.6894 0.6318
vn 0.4166 0.6351 0.6505
vn 0.5393 -0.0372 0.8413
vn 0.1854 -0.7541 0.6301
vn -0.0930 0.9474 -0.3062
vn 0.7715 0.2721 0.5751
vn -0.0870 -0.9905 -0.1068
vn -0.7628 0.5859 -0.2738
vn -0.2723 -0.9619 -0.0251
vn 0.3859 -0.9222 -0.0239
vn 0.3623 -0.9318 -0.0211
vn 0.7426 0.2805 0.6082
vn 0.7381 0.2859 0.6111
vn 0.7267 -0.6643 0.1748
vn 0.5641 -0.7472 0.3514
vn -0.4382 0.8923 0.1090
vn -0.3126 -0.9262 0.2106
vn -0.9313 -0.1924 -0.3093
vn 0.8491 0.3105 0.4273
vn -0.0456 -0.7063 0.7064
vn -0.5170 0.4679 -0.7168
vn -0.8015 0.1468 -0.5796
vn 0.7662 0.6421 0.0259
vn -0.6266 0.6860 0.3698
vn -0.6421 -0.7322 -0.2272
vn 0.9479 0.1937 0.2528
vn -0.3025 -0.6862 0.6615
vn -0.2105 -0.7180 0.6634
vn 0.6006 -0.7403 0.3020
vn -0.4496 0.7025 0.5517
vn 0.2253 -0.7199 0.6565
vn -0.5594 0.4385 0.7034
vn -0.0004 -0.9999 0.0104
vn -0.4716 0.6136 0.6334
vn -0.1881 -0.7226 0.6651
vn -0.6226 0.7485 -0.2283
vn 0.3066 0.8472 -0.4339
vn 0.4245 -0.0050 -0.9054
vn 0.1893 0.6557 0.7309
vn 0.2691 0.6508 0.7100
vn -0.4949 0.7052 0.5076
vn -0.0003 -0.9999 -0.0136
vn -0.2844 0.0370 0.9580
vn -0.1239 0.9469 -0.2967
vn 0.4952 -0.7957 0.3488
vn 0.1711 0.8141 -0.5550
vn -0.4450 0.6034 0.6617
vn -0.2508 0.6834 0.6856
vn 0.0206 0.6613 0.7498
vn 0.0513 0.6608 0.7488
vn -0.9332 0.3148 -0.1734
vn -0.6227 0.7485 -0.2281
vn 0.1078 0.6588 0.7445
vn 0.1886 0.6559 0.7309
vn -0.3659 -0.9295 0.0470
vn -0.6188 -0.7853 0.0201
vn 0.9768 0.2138 0.0146
vn 0.5446 0.6218 0.5629
vn 0.4817 0.6320 0.6071
vn 0.7595 0.5932 0.2668
vn 0.7440 0.5921 0.3097
vn 0.6870 0.5997 0.4105
vn 0.7065 0.5964 0.3811
vn 0.6492 0.6048 0.4613
vn 0.4146 0.6391 0.6479
vn 0.7594 0.5934 0.2668
vn 0.7462 0.6657 -0.0028
vn 0.1078 0.6588 0.7446
vn 0.6143 -0.2728 0.7404
vn -0.5765 -0.1189 -0.8084
vn -0.6751 -0.2260 -0.7023
vn 0.7773 -0.3186 0.5425
vn -0.4252 -0.2138 0.8795
vn -0.0003 -0.9997 -0.0258
vn 0.2787 0.9347 -0.2204
vn -0.0311 -0.9576 -0.2865
vn -0.0006 0.0082 1.0000
vn 0.0705 0.0061 0.9975
vn 0.0321 0.0086 0.9994
vn -0.9999 0.0093 -0.0040
vn -1.0000 0.0047 -0.0034
vn 0.9917 -0.1192 0.0492
vn 0.9907 -0.1255 0.0524
vn 0.9900 -0.1287 0.0581
vn 0.9878 -0.1393 0.0689
vn -0.3959 0.0080 -0.9183
vn -0.4264 0.0282 -0.9041
vn 0.0083 0.0687 0.9976
vn 0.0084 0.0688 0.9976
vn 0.0084 0.0686 0.9976
vn 0.1290 0.9668 -0.2206
vn 0.0084 0.0692 0.9976
vn 0.9920 -0.1228 0.0301
vn 1.0000 0.0079 -0.0029
vn 0.9998 0.0166 -0.0063
vn -0.6193 0.7598 -0.1978
vn -0.0149 -0.5041 -0.8635
vn -0.9999 0.0094 -0.0044
vn -0.3807 0.8583 -0.3441
vn 0.0899 0.9006 -0.4252
vn 0.9968 0.0347 -0.0720
vn 0.8714 0.0087 -0.4905
vn 0.9976 -0.0015 -0.0687
vn 0.9771 -0.1866 0.1026
vn 0.9812 -0.1702 0.0911
vn 0.9864 -0.1468 0.0736
vn 0.9839 -0.1585 0.0831
vn -0.9998 0.0204 -0.0040
vn 0.0575 -0.4762 -0.8774
vn 0.0574 -0.4763 -0.8774
vn 0.0798 0.8759 -0.4759
vn 0.9988 0.0041 -0.0484
vn -0.0445 0.0111 0.9989
vn 0.5833 0.0371 -0.8114
vn 0.5828 0.0370 -0.8118
vn 0.9500 0.2953 -0.1015
vn -0.9999 0.0112 -0.0003
vn -1.0000 -0.0021 0.0040
vn 0.0069 0.0811 0.9967
vn 0.0079 0.0694 0.9976
vn 0.0004 -0.3748 -0.9271
vn -0.9997 -0.0213 0.0108
vn -0.9992 -0.0387 0.0138
vn -0.9995 -0.0299 0.0129
vn -0.9999 -0.0137 0.0090
vn 1.0000 0.0079 -0.0031
vn 0.7984 0.0208 -0.6017
vn 0.9739 -0.1990 0.1095
vn -0.0822 0.0076 -0.9966
vn 0.9982 0.0035 0.0592
vn 0.0093 0.3910 0.9203
vn -0.0021 0.3909 0.9204
vn -0.9997 0.0040 -0.0234
vn -0.7960 -0.0056 -0.6053
vn 0.0415 0.6989 0.7141
vn -0.5675 0.5837 -0.5808
vn -0.8457 0.0347 -0.5325
vn -0.9999 0.0097 -0.0042
vn 0.8743 0.4790 -0.0779
vn -0.3723 0.3872 -0.8435
vn 0.0949 0.0052 -0.9955
vn 0.0726 0.0082 -0.9973
vn 0.7974 0.0475 0.6015
vn 0.7956 0.0257 0.6053
vn -0.0054 0.0131 0.9999
vn 0.9927 -0.1130 0.0423
vn 0.1009 0.9893 0.1049
vn -0.2785 0.9601 -0.0261
vn -0.9982 0.0262 0.0547
vn 0.6460 0.3481 0.6793
vn -0.9995 -0.0057 -0.0306
vn -0.5335 -0.2886 -0.7950
vn 0.0068 0.7960 -0.6052
vn 0.0476 0.7369 -0.6743
vn 0.9353 0.3268 -0.1360
vn 1.0000 -0.0017 -0.0013
vn 0.8024 -0.2106 -0.5584
vn 0.1142 0.9448 -0.3071
vn 0.9933 -0.1095 0.0374
vn 0.9923 -0.1151 0.0461
vn -0.9274 0.3692 -0.0596
vn -0.1570 0.0068 -0.9876
vn -0.6281 0.0287 -0.7776
vn -0.1576 0.0068 -0.9875
vn -0.1336 0.8537 -0.5033
vn -0.5393 0.0118 -0.8420
vn -0.9975 0.0673 -0.0235
vn 0.8165 0.1224 -0.5642
vn 0.8694 0.0235 -0.4935
vn 0.8716 0.4785 -0.1069
vn -0.9499 0.2607 0.1722
vn -0.9518 0.2603 0.1624
vn -0.9439 0.2716 0.1878
vn -0.9839 -0.1787 -0.0038
vn -0.9063 0.3664 0.2108
vn -0.9787 -0.2051 -0.0086
vn -0.9830 0.1394 0.1191
vn -0.9932 0.0773 0.0875
vn -0.9889 -0.1432 0.0385
vn -0.9876 -0.1553 0.0207
vn -0.9531 0.2542 0.1640
vn -0.9725 0.1911 0.1333
vn -0.9894 0.1111 0.0939
vn -0.9860 -0.1135 0.1219
vn -0.9975 0.0441 0.0559
vn -0.9278 0.3251 0.1829
vn -0.9790 -0.2019 -0.0283
vn -0.9711 -0.2233 -0.0841
vn -0.9736 -0.2261 -0.0316
vn -0.9616 -0.2536 -0.1044
vn -0.9701 -0.2321 -0.0714
vn -0.9742 -0.2248 -0.0177
vn -0.9392 -0.2864 -0.1892
vn -0.9887 -0.1445 -0.0392
vn -0.0083 -0.3882 -0.9215
vn -0.0003 -0.3889 -0.9213
vn 0.0013 -0.3843 -0.9232
vn 0.7829 0.0996 0.6141
vn 0.4736 -0.8802 -0.0325
vn 0.8043 -0.5908 0.0639
vn 0.5193 -0.8540 -0.0323
vn 0.6225 -0.7762 -0.1000
vn 0.6576 -0.7426 -0.1269
vn 0.7697 -0.5994 -0.2197
vn 0.7865 -0.5528 -0.2755
vn 0.0004 0.9319 -0.3628
vn -0.0008 0.9140 -0.4058
vn 0.0023 0.9486 -0.3165
vn -0.0007 0.9139 -0.4058
vn -0.0011 0.8962 -0.4437
vn 0.4484 -0.4880 -0.7489
vn 0.6159 0.7679 -0.1761
vn 0.5781 -0.6508 -0.4921
vn 0.7727 -0.6138 -0.1616
vn -0.9831 0.1579 0.0931
vn 0.4840 0.8697 -0.0966
vn 0.4441 0.8861 -0.1325
vn 0.7087 -0.6845 -0.1708
vn -0.0003 -1.0000 -0.0000
vn -0.0745 -0.6395 -0.7652
vn -0.7863 -0.6157 0.0511
vn -0.8101 -0.5833 0.0591
vn 0.5786 0.8137 -0.0557
vn 0.2148 0.9762 -0.0285
vn -0.0008 -1.0000 -0.0003
vn 0.9397 0.3316 -0.0833
vn 0.7962 -0.5296 0.2924
vn 0.7094 -0.6018 0.3668
vn 0.9382 0.3355 -0.0844
vn 0.4917 0.8705 -0.0223
vn 0.7509 -0.5457 0.3721
vn 0.3017 0.9534 0.0008
vn 0.4280 0.9035 0.0225
vn 0.7317 -0.5530 0.3985
vn 0.8962 0.4388 -0.0650
vn -0.6762 -0.7302 0.0983
vn 0.2328 -0.6430 -0.7296
vn -0.6793 -0.7098 0.1863
vn -0.9959 -0.0906 0.0048
vn 0.9443 0.3254 -0.0493
vn 0.8082 -0.1617 0.5663
vn -0.9933 -0.1147 -0.0137
vn -0.9873 -0.1575 -0.0199
vn -0.8287 -0.5595 0.0118
vn -0.9804 0.1629 0.1110
vn -0.9802 0.1622 0.1136
vn -0.0000 0.9836 -0.1801
vn -0.0031 -1.0000 -0.0059
vn 0.0038 -1.0000 0.0057
vn -0.7423 0.6032 0.2917
vn -0.8410 0.4985 0.2105
vn -0.8619 0.4283 0.2714
vn -0.9093 0.4064 -0.0900
vn -0.9393 0.3331 -0.0823
vn -0.9290 0.3594 -0.0881
vn -0.7369 0.6075 -0.2964
vn -0.7922 0.5758 -0.2019
vn -0.8191 0.4332 -0.3761
vn -0.9837 -0.1772 0.0303
vn -0.9852 -0.1713 0.0003
vn -0.9897 -0.1396 0.0324
vn -0.8629 0.5033 -0.0467
vn -0.9362 0.3501 -0.0319
vn -0.9419 0.3329 -0.0446
vn -0.9571 0.2812 -0.0702
vn -0.9918 0.1108 -0.0632
vn -0.9915 0.0968 -0.0872
vn -0.8832 0.4649 -0.0623
vn -0.9984 0.0434 -0.0355
vn -0.9866 0.1565 -0.0466
vn -0.9778 0.2073 -0.0297
vn -0.8271 0.5613 0.0305
vn -0.8410 0.5407 -0.0206
vn -0.7319 0.6804 -0.0385
vn -0.9587 0.1966 0.2057
vn -0.9621 0.1766 0.2078
vn -0.9804 0.1057 0.1660
vn -0.9738 -0.2273 -0.0013
vn -0.9783 -0.2061 0.0235
vn -0.9722 -0.2341 -0.0011
vn -0.9896 -0.1421 -0.0221
vn -0.9893 -0.1396 -0.0425
vn -0.9975 -0.0639 -0.0317
vn -0.1446 0.9889 -0.0325
vn -0.0963 0.9951 -0.0235
vn -0.1272 0.9915 -0.0262
vn -0.2029 0.9782 -0.0441
vn -0.2803 0.9586 -0.0496
vn -0.5446 0.8374 -0.0466
vn -0.3180 0.9473 -0.0400
vn -0.4710 0.8808 -0.0484
vn -0.9678 0.2454 -0.0555
vn -0.8989 0.4350 -0.0522
vn -0.8187 0.5711 -0.0590
vn -0.7846 0.6178 -0.0519
vn -0.2209 0.9742 -0.0460
vn -0.1914 0.9812 -0.0261
vn -0.4246 0.9040 -0.0490
vn -0.3473 0.9338 -0.0864
vn -0.2576 0.9650 -0.0499
vn -0.3051 0.9447 -0.1203
vn -0.4362 0.8815 -0.1806
vn -0.2741 0.9363 -0.2195
vn -0.6153 0.7862 -0.0577
vn -0.6718 0.7390 -0.0509
vn -0.9806 0.1959 -0.0045
vn -0.9932 -0.0620 0.0984
vn -0.9884 -0.1261 0.0841
vn -0.9920 -0.1092 0.0636
vn -0.4457 0.8929 -0.0632
vn -0.3235 0.9441 -0.0631
vn -0.9979 -0.0487 0.0428
vn -0.9954 -0.0958 0.0053
vn -0.9998 -0.0163 -0.0068
vn -0.9951 -0.0257 0.0954
vn -0.9910 0.0167 0.1327
vn -0.7291 0.5457 0.4131
vn -0.7062 0.6524 0.2749
vn -0.7024 0.6006 0.3820
vn -0.9646 0.1518 0.2154
vn -0.9793 0.0915 0.1803
vn -0.9085 0.4176 0.0130
vn -0.9245 0.3808 -0.0160
vn -0.8479 0.5287 -0.0403
vn -0.9946 0.1024 -0.0143
vn -0.9979 0.0620 0.0176
vn -0.8650 0.4934 -0.0910
vn -0.7575 0.6474 -0.0834
vn -0.4932 0.8669 -0.0725
vn -0.5848 0.8061 -0.0906
vn -0.4185 0.9046 -0.0811
vn -0.7664 0.5423 0.3443
vn -0.2390 0.9704 -0.0347
vn -0.4421 0.8875 0.1299
vn -0.3171 0.9479 -0.0302
vn -0.9248 0.3686 0.0944
vn -0.9661 0.2435 0.0856
vn -0.3320 0.9410 -0.0663
vn -0.4189 0.9067 -0.0488
vn -0.9878 0.0506 0.1476
vn -0.9904 0.0690 0.1196
vn -0.5016 0.8569 0.1185
vn -0.4451 0.8954 0.0120
vn -0.1416 0.9898 -0.0173
vn -0.9702 0.2409 0.0255
vn -0.9480 0.3177 -0.0165
vn -0.9809 0.1489 0.1252
vn -0.9712 -0.2370 -0.0245
vn -0.9782 -0.2057 -0.0275
vn -0.9671 -0.2527 -0.0291
vn -0.9579 -0.2870 0.0112
vn -0.9544 -0.2953 -0.0445
vn -0.9761 -0.2172 0.0078
vn -0.9771 -0.2126 0.0112
vn -0.9853 -0.1706 0.0026
vn -0.9152 0.2634 -0.3050
vn -0.8889 0.2256 -0.3986
vn -0.8971 0.3132 -0.3116
vn -0.9757 -0.2188 0.0080
vn -0.9756 -0.2183 -0.0250
vn -0.9936 -0.1127 -0.0092
vn -0.9988 0.0070 0.0487
vn -0.9970 -0.0742 -0.0242
vn -0.2838 0.9574 -0.0540
vn -0.9630 0.2522 -0.0949
vn -0.9772 -0.2096 -0.0353
vn -0.9770 -0.2044 -0.0604
vn -0.5484 0.8362 0.0036
vn -0.3946 0.9187 -0.0134
vn -0.4502 0.8929 -0.0037
vn -0.9686 -0.2484 0.0022
vn -0.9756 -0.2194 0.0054
vn -0.9820 -0.1889 -0.0091
vn -0.8857 0.3485 0.3067
vn -0.8255 0.4281 0.3678
vn -0.8018 0.4478 0.3958
vn -0.1849 0.9785 -0.0919
vn -0.1529 0.9739 -0.1680
vn -0.9504 0.2946 -0.1003
vn -0.6409 0.6528 0.4038
vn -0.7323 0.5415 0.4129
vn -0.9338 0.2573 0.2485
vn -0.9602 0.2310 0.1569
vn -0.5921 0.7194 0.3633
vn -0.5333 0.7556 0.3803
vn -0.4913 0.8104 0.3192
vn -0.6123 0.7878 -0.0667
vn -0.4932 0.8666 -0.0762
vn -0.8709 0.4529 0.1908
vn -0.9003 0.4201 0.1140
vn -0.8121 0.5749 0.0994
vn -0.7679 0.6378 -0.0600
vn -0.6417 0.7647 -0.0593
vn -0.6301 0.6377 0.4431
vn -0.5579 0.7258 0.4024
vn -0.5776 0.8146 -0.0529
vn -0.6725 0.7362 -0.0761
vn -0.9976 0.0284 0.0629
vn -0.9005 0.4168 -0.1238
vn -0.8453 0.5182 -0.1300
vn -0.6917 0.5402 0.4793
vn -0.6392 0.7420 0.2022
vn -0.6650 0.6767 0.3161
vn -0.7931 0.6065 -0.0555
vn -0.7436 0.6663 -0.0556
vn -0.9213 0.3337 0.1996
vn -0.8856 0.3834 0.2622
vn -0.7857 0.5472 0.2884
vn -0.8310 0.4632 0.3080
vn -0.1256 0.9889 -0.0793
vn -0.6102 0.7854 -0.1042
vn -0.7274 0.6661 -0.1648
vn -0.5958 0.7766 -0.2045
vn -0.8586 0.3886 -0.3344
vn -0.5782 0.7408 -0.3420
vn -0.6621 0.6831 -0.3082
vn -0.4507 0.8181 -0.3572
vn -0.9881 0.0600 0.1419
vn -0.7877 0.4945 0.3674
vn -0.7777 0.4750 0.4117
vn -0.7849 0.5891 0.1922
vn -0.8733 0.2977 -0.3857
vn -0.9155 0.2879 0.2811
vn -0.8459 0.4082 0.3433
vn -0.6864 0.7235 -0.0735
vn -0.7083 0.6860 0.1663
vn -0.7414 0.6667 0.0763
vn -0.6133 0.7841 0.0951
vn -0.9911 0.1156 0.0666
vn -0.6929 0.7190 -0.0543
vn -0.6973 0.5176 0.4959
vn -0.9338 0.2686 0.2363
vn -0.8857 0.4626 -0.0385
vn -0.9983 -0.0116 -0.0563
vn -0.7887 0.4538 0.4148
vn -0.7990 0.4481 0.4011
vn -0.5282 0.8441 -0.0921
vn -0.7161 0.5404 0.4418
vn -0.6582 0.6068 0.4456
vn -0.9976 -0.0614 -0.0316
vn -0.9950 -0.0979 -0.0208
vn -0.9738 -0.2267 0.0161
vn -0.9894 -0.1325 -0.0596
vn -0.9966 -0.0366 -0.0739
vn -0.7017 0.7118 0.0296
vn -0.7749 0.6286 -0.0660
vn -0.9867 -0.1623 0.0105
vn -0.3654 0.9305 -0.0250
vn -0.9867 -0.1554 0.0469
vn -0.8072 0.4703 0.3568
vn -0.8676 0.3934 0.3041
vn -0.9213 0.3482 -0.1729
vn -0.9728 -0.2308 -0.0198
vn -0.9844 -0.1714 -0.0395
vn -0.1512 0.4925 0.8571
vn -0.6795 0.5373 0.4996
vn -0.5414 0.8363 0.0869
vn -0.9096 0.3872 0.1509
vn -0.6604 0.7508 -0.0120
vn -0.6970 0.2562 -0.6698
vn -0.9298 0.2658 0.2547
vn -0.1152 0.9914 -0.0619
vn -0.6005 0.7646 0.2340
vn -0.6227 0.7210 0.3038
vn -0.7393 0.5112 0.4383
vn -0.7377 0.6398 0.2158
vn -0.9835 0.0726 0.1657
vn -0.2239 -0.9262 -0.3034
vn 0.5117 0.8549 -0.0856
vn 0.5491 -0.0907 -0.8309
vn 0.3702 -0.0001 0.9290
vn 0.5782 -0.8159 0.0033
vn 0.4117 -0.7641 0.4966
vn 0.7170 -0.6904 0.0959
vn 0.0767 0.9389 -0.3354
vn -0.0004 -0.9140 0.4056
vn 0.7085 -0.1350 -0.6926
vn -0.7644 -0.1190 0.6336
vn 0.7661 0.0014 -0.6427
vn 0.9780 0.0173 0.2078
vn -1.0000 -0.0074 0.0015
vn 0.0014 -0.0053 -1.0000
vn 0.8759 -0.4825 -0.0044
vn -0.0033 -0.5100 -0.8601
vn -0.4665 0.0320 -0.8839
vn 0.8636 0.0106 -0.5041
vn -0.0000 -0.5117 -0.8592
vn -0.3315 0.7954 -0.5074
vn -0.4412 0.3303 -0.8344
vn -0.7613 0.5803 0.2893
vn 0.7078 -0.2531 -0.6595
vn 0.2270 -0.7793 -0.5841
vn 0.1195 -0.5437 -0.8308
vn -0.7508 -0.0931 -0.6539
vn 0.8354 -0.5138 0.1951
vn -0.7328 0.6771 -0.0681
vn -0.3540 0.0002 -0.9352
vn -0.4921 0.1840 -0.8509
vn 0.8497 -0.5272 -0.0015
vn -0.4518 -0.0022 -0.8921
vn 0.0318 -0.3769 -0.9257
vn 0.4614 0.0007 -0.8872
vn 0.3941 -0.8723 0.2894
vn -0.7164 0.6763 -0.1714
vn -0.3081 -0.0237 -0.9510
vn -0.4276 -0.0393 -0.9031
vn 0.7145 -0.6990 -0.0288
vn -0.6357 -0.2584 -0.7274
vn -0.5519 -0.0074 -0.8338
vn -0.7281 0.6655 0.1644
vn -0.5085 0.3217 -0.7987
vn 0.3770 0.9199 -0.1077
vn 0.7794 0.6222 -0.0733
vn 0.6983 0.7104 -0.0880
vn 0.9861 -0.1033 -0.1298
vn -0.6429 -0.4221 -0.6392
vn 0.9746 0.2162 0.0587
vn -0.4055 0.6274 0.6648
vn 0.0656 -0.9945 0.0819
vn 0.9919 -0.1232 0.0301
vn -0.0149 -0.5042 -0.8634
vn 0.7984 0.0208 -0.6018
vn -0.9997 -0.0191 0.0150
vn -0.9840 -0.1273 0.1248
vn -0.8989 0.3861 0.2073
vn 0.0019 -0.3841 -0.9233
vn -0.0010 -0.5497 -0.8353
vn 0.7829 0.0996 0.6142
vn -0.0009 0.8961 -0.4439
vn 0.0070 -1.0000 0.0013
vn -0.5022 0.8332 0.2315
vt 0.464116 0.161731
vt 0.455660 0.182990
vt 0.452308 0.159299
vt 0.438874 0.216262
vt 0.424978 0.218584
vt 0.424807 0.204096
vt 0.511945 0.330399
vt 0.512817 0.312681
vt 0.528473 0.336615
vt 0.336719 0.116280
vt 0.346832 0.097678
vt 0.356101 0.128783
vt 0.428940 0.243573
vt 0.424379 0.261970
vt 0.418713 0.239900
vt 0.493753 0.288848
vt 0.499348 0.272784
vt 0.516225 0.293917
vt 0.408085 0.248364
vt 0.409093 0.219601
vt 0.429196 0.169472
vt 0.424681 0.189727
vt 0.418724 0.167394
vt 0.542799 0.109297
vt 0.550082 0.091664
vt 0.551305 0.091356
vt 0.341993 0.273296
vt 0.354365 0.258299
vt 0.355062 0.281214
vt 0.522859 0.315408
vt 0.384520 0.135501
vt 0.376291 0.148620
vt 0.372450 0.129347
vt 0.382591 0.273559
vt 0.390923 0.259779
vt 0.393766 0.279035
vt 0.349827 0.232425
vt 0.353101 0.211562
vt 0.357877 0.236675
vt 0.362530 0.262281
vt 0.491287 0.151978
vt 0.479803 0.173361
vt 0.477477 0.156816
vt 0.387728 0.160370
vt 0.379468 0.173306
vt 0.367973 0.218583
vt 0.366879 0.242283
vt 0.389151 0.226577
vt 0.394920 0.207987
vt 0.398939 0.229340
vt 0.439821 0.171954
vt 0.441984 0.141672
vt 0.480630 0.141646
vt 0.480305 0.267914
vt 0.346473 0.146532
vt 0.350005 0.162525
vt 0.469950 0.280816
vt 0.456601 0.259929
vt 0.440041 0.277370
vt 0.423785 0.276368
vt 0.439434 0.247260
vt 0.518286 0.168163
vt 0.500088 0.178749
vt 0.503045 0.163522
vt 0.389833 0.301471
vt 0.405077 0.285399
vt 0.402211 0.308393
vt 0.472264 0.297985
vt 0.451758 0.282279
vt 0.371965 0.268128
vt 0.353421 0.183747
vt 0.352124 0.173086
vt 0.367449 0.173404
vt 0.379471 0.224314
vt 0.376128 0.247657
vt 0.430135 0.140172
vt 0.443953 0.111525
vt 0.480920 0.064441
vt 0.460733 0.084362
vt 0.463471 0.061299
vt 0.511540 0.127492
vt 0.521359 0.130993
vt 0.507654 0.148855
vt 0.441189 0.328766
vt 0.453639 0.311476
vt 0.455478 0.335708
vt 0.404869 0.108655
vt 0.395591 0.135038
vt 0.392054 0.108737
vt 0.369937 0.193636
vt 0.392528 0.247028
vt 0.385252 0.065914
vt 0.402323 0.082896
vt 0.388330 0.084867
vt 0.523503 0.153723
vt 0.408963 0.192511
vt 0.394828 0.194565
vt 0.416515 0.292307
vt 0.428334 0.298385
vt 0.478390 0.251093
vt 0.495144 0.239370
vt 0.496746 0.255539
vt 0.542447 0.086709
vt 0.522553 0.101483
vt 0.532088 0.081883
vt 0.498976 0.124512
vt 0.455042 0.136322
vt 0.516837 0.075517
vt 0.508348 0.097153
vt 0.476270 0.203757
vt 0.497245 0.193850
vt 0.495278 0.208835
vt 0.467455 0.318319
vt 0.470754 0.342979
vt 0.346470 0.252056
vt 0.430738 0.081680
vt 0.417708 0.109226
vt 0.416422 0.081818
vt 0.408312 0.164562
vt 0.394367 0.181334
vt 0.397871 0.161247
vt 0.365395 0.149889
vt 0.430667 0.110121
vt 0.445504 0.081972
vt 0.418583 0.138831
vt 0.454799 0.197939
vt 0.454510 0.212973
vt 0.454860 0.228327
vt 0.509129 0.257276
vt 0.476982 0.234851
vt 0.494570 0.223923
vt 0.446793 0.059665
vt 0.503009 0.357517
vt 0.516942 0.347954
vt 0.522355 0.365613
vt 0.512283 0.274648
vt 0.368238 0.112960
vt 0.531475 0.134435
vt 0.330803 0.100515
vt 0.342007 0.131286
vt 0.477478 0.188586
vt 0.357176 0.114245
vt 0.380732 0.197053
vt 0.497182 0.307567
vt 0.496368 0.330777
vt 0.438898 0.193623
vt 0.509647 0.197155
vt 0.374764 0.087598
vt 0.362102 0.090975
vt 0.507105 0.211817
vt 0.407114 0.136898
vt 0.406772 0.267984
vt 0.513593 0.182647
vt 0.379779 0.110623
vt 0.492339 0.092796
vt 0.485351 0.120892
vt 0.342396 0.080940
vt 0.357495 0.074751
vt 0.467828 0.138785
vt 0.354061 0.194855
vt 0.366721 0.288300
vt 0.430786 0.059397
vt 0.427698 0.321954
vt 0.440641 0.304793
vt 0.377892 0.294615
vt 0.534587 0.355722
vt 0.476170 0.219100
vt 0.471596 0.116311
vt 0.476508 0.087582
vt 0.498948 0.069245
vt 0.370876 0.070079
vt 0.415316 0.060432
vt 0.400169 0.062598
vt 0.481902 0.325010
vt 0.486790 0.350328
vt 0.455636 0.244000
vt 0.457617 0.113479
vt 0.326278 0.088140
vt 0.414784 0.315195
vt 0.506381 0.226612
vt 0.507138 0.241517
vt 0.909924 0.638439
vt 0.927592 0.624874
vt 0.927592 0.656622
vt 0.909924 0.523172
vt 0.927592 0.518202
vt 0.927592 0.543046
vt 0.903709 0.668790
vt 0.887647 0.672441
vt 0.887647 0.665401
vt 0.887647 0.682687
vt 0.903709 0.683894
vt 0.887647 0.687134
vt 0.887647 0.826498
vt 0.903709 0.824388
vt 0.887647 0.832651
vt 0.887647 0.858139
vt 0.903709 0.858820
vt 0.887647 0.859774
vt 0.903709 0.679852
vt 0.887647 0.597002
vt 0.903709 0.593859
vt 0.903709 0.601670
vt 0.887647 0.842346
vt 0.903709 0.843144
vt 0.887647 0.846956
vt 0.909924 0.663946
vt 0.927592 0.679520
vt 0.909924 0.743933
vt 0.927592 0.741669
vt 0.927592 0.744230
vt 0.188425 0.595101
vt 0.178590 0.592442
vt 0.178651 0.583796
vt 0.188592 0.610946
vt 0.178679 0.606663
vt 0.178670 0.603398
vt 0.927592 0.408624
vt 0.909924 0.411777
vt 0.909924 0.405846
vt 0.909924 0.685251
vt 0.927592 0.695172
vt 0.311664 0.323651
vt 0.319203 0.315687
vt 0.312884 0.328289
vt 0.187956 0.586964
vt 0.178588 0.578532
vt 0.235932 0.047450
vt 0.231291 0.016315
vt 0.245864 0.006372
vt 0.265593 0.209280
vt 0.255904 0.214839
vt 0.252228 0.214474
vt 0.216574 0.082488
vt 0.188409 0.093937
vt 0.198202 0.055221
vt 0.251547 0.215621
vt 0.245283 0.210887
vt 0.265680 0.196784
vt 0.267156 0.200348
vt 0.261347 0.005051
vt 0.264812 0.008153
vt 0.257050 0.003503
vt 0.262373 0.212702
vt 0.250679 0.177512
vt 0.264345 0.194501
vt 0.249194 0.178868
vt 0.199301 0.151011
vt 0.204204 0.158933
vt 0.203197 0.159279
vt 0.191597 0.122866
vt 0.189846 0.121037
vt 0.189819 0.113374
vt 0.211321 0.034016
vt 0.230207 0.014960
vt 0.211530 0.034010
vt 0.211924 0.034565
vt 0.259335 0.214412
vt 0.255893 0.215812
vt 0.200459 0.150669
vt 0.226847 0.145403
vt 0.241002 0.168681
vt 0.217799 0.118448
vt 0.196480 0.139951
vt 0.194050 0.064598
vt 0.191092 0.074128
vt 0.218150 0.082779
vt 0.223315 0.064346
vt 0.224916 0.065114
vt 0.242202 0.167773
vt 0.187607 0.093656
vt 0.188639 0.103249
vt 0.187397 0.103139
vt 0.265932 0.021411
vt 0.263026 0.024873
vt 0.267171 0.017055
vt 0.499300 0.892832
vt 0.503510 0.894147
vt 0.497583 0.894473
vt 0.499152 0.943519
vt 0.503514 0.939479
vt 0.526445 0.943569
vt 0.440059 0.440609
vt 0.449833 0.439541
vt 0.449835 0.440859
vt 0.528123 0.941974
vt 0.527643 0.943014
vt 0.497465 0.941538
vt 0.661323 0.836021
vt 0.649392 0.845314
vt 0.649387 0.835996
vt 0.449809 0.438223
vt 0.440059 0.437743
vt 0.449753 0.436729
vt 0.522211 0.894116
vt 0.526402 0.892774
vt 0.528115 0.894444
vt 0.449809 0.488471
vt 0.440059 0.488689
vt 0.449832 0.487131
vt 0.498098 0.893433
vt 0.440059 0.520876
vt 0.449832 0.519812
vt 0.449829 0.521129
vt 0.512864 0.939796
vt 0.522206 0.939408
vt 0.449833 0.489789
vt 0.011690 0.918257
vt 0.013531 0.917450
vt 0.013640 0.918747
vt 0.002645 0.959142
vt 0.004009 0.959631
vt 0.004751 0.962506
vt 0.008645 0.917322
vt 0.006409 0.919716
vt 0.004691 0.919462
vt 0.009132 0.918421
vt 0.022677 0.968902
vt 0.023270 0.969985
vt 0.021897 0.969630
vt 0.020711 0.969961
vt 0.020109 0.971022
vt 0.019393 0.969725
vt 0.075823 0.830794
vt 0.070648 0.832259
vt 0.074022 0.830702
vt 0.085489 0.883337
vt 0.084347 0.883011
vt 0.087013 0.882763
vt 0.069131 0.833880
vt 0.068111 0.836867
vt 0.107026 0.849811
vt 0.088099 0.882263
vt 0.078334 0.831268
vt 0.106465 0.847856
vt 0.248731 0.610961
vt 0.246365 0.611696
vt 0.247644 0.610165
vt 0.246080 0.578157
vt 0.246327 0.576466
vt 0.249146 0.580794
vt 0.204026 0.561757
vt 0.206519 0.559369
vt 0.207195 0.560509
vt 0.198450 0.571829
vt 0.197491 0.569812
vt 0.199179 0.568637
vt 0.248247 0.582192
vt 0.200010 0.566147
vt 0.200371 0.563512
vt 0.202076 0.563564
vt 0.246074 0.613382
vt 0.245203 0.612358
vt 0.243083 0.575171
vt 0.250359 0.585371
vt 0.249184 0.586183
vt 0.242869 0.573489
vt 0.198853 0.609166
vt 0.214950 0.560908
vt 0.244221 0.577041
vt 0.199912 0.610818
vt 0.201175 0.611414
vt 0.813167 0.653879
vt 0.814496 0.653034
vt 0.814521 0.654969
vt 0.814542 0.313865
vt 0.813167 0.312535
vt 0.814532 0.300776
vt 0.813167 0.354119
vt 0.814525 0.372815
vt 0.813167 0.417283
vt 0.814544 0.425118
vt 0.814453 0.492249
vt 0.813167 0.491260
vt 0.814534 0.487429
vt 0.813167 0.478571
vt 0.814488 0.477656
vt 0.814552 0.480545
vt 0.813167 0.485154
vt 0.814504 0.503831
vt 0.813167 0.503706
vt 0.814532 0.501071
vt 0.813167 0.293230
vt 0.814527 0.293426
vt 0.004542 0.049879
vt 0.008081 0.046504
vt 0.012614 0.044711
vt 0.040651 0.172277
vt 0.038885 0.179547
vt 0.036663 0.184064
vt 0.814539 0.329414
vt 0.813167 0.327374
vt 0.814552 0.324846
vt 0.814555 0.447090
vt 0.813167 0.451159
vt 0.813167 0.443706
vt 0.814540 0.349675
vt 0.002893 0.052785
vt 0.002555 0.055277
vt 0.027460 0.196100
vt 0.018063 0.205100
vt 0.012229 0.209413
vt 0.045282 0.071144
vt 0.002680 0.204548
vt 0.041803 0.164491
vt 0.006921 0.209606
vt 0.009002 0.210250
vt 0.004731 0.208424
vt 0.003317 0.206529
vt 0.043498 0.141279
vt 0.458141 0.442243
vt 0.456231 0.441250
vt 0.458141 0.439497
vt 0.456202 0.488452
vt 0.458141 0.489798
vt 0.456245 0.490292
vt 0.280461 0.965806
vt 0.281415 0.975377
vt 0.276746 0.974435
vt 0.280425 0.913782
vt 0.278948 0.914476
vt 0.278181 0.915253
vt 0.652041 0.188851
vt 0.650122 0.188551
vt 0.652011 0.187672
vt 0.278445 0.965021
vt 0.272802 0.972183
vt 0.270414 0.969536
vt 0.306456 0.913893
vt 0.306963 0.904590
vt 0.312170 0.906212
vt 0.273360 0.907278
vt 0.309106 0.963015
vt 0.318506 0.963385
vt 0.316904 0.968596
vt 0.309003 0.915340
vt 0.315026 0.908414
vt 0.317197 0.911285
vt 0.307994 0.914432
vt 0.281468 0.904194
vt 0.319589 0.961395
vt 0.317808 0.968454
vt 0.652059 0.184525
vt 0.650122 0.185866
vt 0.650122 0.138259
vt 0.318843 0.913084
vt 0.318731 0.916542
vt 0.062811 0.637457
vt 0.066843 0.636267
vt 0.066843 0.640376
vt 0.062813 0.646799
vt 0.066843 0.644612
vt 0.066843 0.648847
vt 0.062817 0.634778
vt 0.066843 0.633316
vt 0.062813 0.643254
vt 0.043482 0.192097
vt 0.041511 0.189662
vt 0.043996 0.189158
vt 0.043921 0.195134
vt 0.041507 0.194621
vt 0.062815 0.631974
vt 0.066843 0.629609
vt 0.057379 0.199239
vt 0.057580 0.201703
vt 0.054601 0.200526
vt 0.052832 0.203109
vt 0.051634 0.200911
vt 0.051712 0.183416
vt 0.052813 0.181189
vt 0.054700 0.183849
vt 0.027133 0.937815
vt 0.023503 0.937134
vt 0.024876 0.934313
vt 0.021651 0.935563
vt 0.021279 0.932198
vt 0.018831 0.934775
vt 0.017110 0.931923
vt 0.045501 0.197738
vt 0.005462 0.040119
vt 0.003281 0.039389
vt 0.005647 0.037822
vt 0.003307 0.033382
vt 0.005499 0.032663
vt 0.003961 0.035614
vt 0.006350 0.035904
vt 0.009036 0.037560
vt 0.007663 0.039427
vt 0.007698 0.033392
vt 0.001989 0.216448
vt 0.013118 0.216647
vt 0.013278 0.251147
vt 0.247221 0.968208
vt 0.258515 0.933405
vt 0.258378 0.968027
vt 0.064591 0.953691
vt 0.072890 0.961861
vt 0.064715 0.961983
vt 0.146703 0.135217
vt 0.149790 0.121614
vt 0.146754 0.149683
vt 0.129783 0.156179
vt 0.132843 0.135370
vt 0.132767 0.149633
vt 0.076753 0.949523
vt 0.076819 0.965893
vt 0.846374 0.500312
vt 0.828917 0.500320
vt 0.828917 0.495563
vt 0.179679 0.958558
vt 0.180970 0.975922
vt 0.178053 0.975860
vt 0.048663 0.200132
vt 0.059421 0.196980
vt 0.060357 0.189228
vt 0.060828 0.193218
vt 0.058184 0.185856
vt 0.048798 0.184151
vt 0.045556 0.186525
vt 0.945839 0.077980
vt 0.951481 0.081635
vt 0.945804 0.085207
vt 0.812093 0.997807
vt 0.799177 0.997823
vt 0.787693 0.997789
vt 0.751991 0.915638
vt 0.746970 0.917298
vt 0.746970 0.913539
vt 0.951578 0.069464
vt 0.746973 0.904178
vt 0.751963 0.898704
vt 0.751986 0.909290
vt 0.747205 0.809850
vt 0.746967 0.797792
vt 0.747205 0.785285
vt 0.612491 0.182475
vt 0.621246 0.204103
vt 0.601268 0.212544
vt 0.951421 0.014522
vt 0.945879 0.014256
vt 0.951405 0.007297
vt 0.625773 0.449169
vt 0.617608 0.438989
vt 0.635093 0.438162
vt 0.052907 0.714251
vt 0.055048 0.676767
vt 0.058171 0.732941
vt 0.786333 0.317009
vt 0.793194 0.317281
vt 0.786336 0.322652
vt 0.607477 0.353549
vt 0.582338 0.353135
vt 0.617198 0.339148
vt 0.454045 0.967693
vt 0.453226 0.967453
vt 0.465979 0.967418
vt 0.621920 0.148414
vt 0.624871 0.162733
vt 0.610282 0.166674
vt 0.618326 0.134310
vt 0.632220 0.130349
vt 0.918159 0.303173
vt 0.921544 0.302493
vt 0.921561 0.303179
vt 0.818041 0.993105
vt 0.826456 0.993107
vt 0.809836 0.993114
vt 0.634982 0.442386
vt 0.605820 0.436382
vt 0.614161 0.458318
vt 0.613094 0.461204
vt 0.859555 0.420735
vt 0.852637 0.409302
vt 0.859559 0.409086
vt 0.383755 0.982285
vt 0.378750 0.987205
vt 0.369771 0.982291
vt 0.545898 0.267045
vt 0.538513 0.282036
vt 0.534388 0.258279
vt 0.852632 0.642157
vt 0.859560 0.638596
vt 0.859550 0.648308
vt 0.918159 0.094100
vt 0.920948 0.079011
vt 0.918159 0.098019
vt 0.642514 0.159988
vt 0.643451 0.180428
vt 0.638566 0.180226
vt 0.799978 0.595742
vt 0.800311 0.576356
vt 0.800311 0.607404
vt 0.536891 0.307254
vt 0.541759 0.304767
vt 0.545683 0.317476
vt 0.951476 0.314577
vt 0.951448 0.320013
vt 0.951370 0.307082
vt 0.552462 0.317299
vt 0.554026 0.334689
vt 0.637319 0.326759
vt 0.617571 0.315043
vt 0.638102 0.285424
vt 0.751959 0.895814
vt 0.746967 0.895152
vt 0.751958 0.893517
vt 0.951453 0.030134
vt 0.945907 0.026118
vt 0.951441 0.021707
vt 0.533501 0.149963
vt 0.538308 0.161268
vt 0.529311 0.156963
vt 0.945979 0.001961
vt 0.951353 0.001953
vt 0.951368 0.002612
vt 0.946004 0.064981
vt 0.961567 0.479312
vt 0.966560 0.474222
vt 0.966559 0.485707
vt 0.746967 0.749398
vt 0.751960 0.741919
vt 0.746987 0.762290
vt 0.311041 0.567840
vt 0.313411 0.581118
vt 0.308517 0.571694
vt 0.704977 0.986890
vt 0.695456 0.986846
vt 0.709267 0.986482
vt 0.921448 0.014473
vt 0.918160 0.011388
vt 0.921531 0.007073
vt 0.793176 0.292372
vt 0.786396 0.291535
vt 0.786670 0.286295
vt 0.340704 0.973714
vt 0.340425 0.973989
vt 0.340726 0.945391
vt 0.961499 0.515906
vt 0.966554 0.500832
vt 0.966419 0.519422
vt 0.966522 0.451176
vt 0.961533 0.453611
vt 0.961547 0.448900
vt 0.951324 0.191172
vt 0.945904 0.178801
vt 0.951524 0.164778
vt 0.951387 0.213544
vt 0.945946 0.214413
vt 0.945799 0.205822
vt 0.799978 0.564724
vt 0.799995 0.544767
vt 0.746980 0.716738
vt 0.751935 0.706590
vt 0.751985 0.724773
vt 0.799177 0.993105
vt 0.787055 0.993105
vt 0.751949 0.888534
vt 0.746968 0.891684
vt 0.746968 0.886718
vt 0.961700 0.519253
vt 0.918159 0.218070
vt 0.921465 0.215779
vt 0.918159 0.223528
vt 0.957935 0.140891
vt 0.962614 0.146602
vt 0.957692 0.148947
vt 0.918159 0.117814
vt 0.921569 0.123633
vt 0.918159 0.129561
vt 0.316544 0.557593
vt 0.319397 0.538292
vt 0.324730 0.574693
vt 0.544598 0.176537
vt 0.548235 0.151706
vt 0.746968 0.923591
vt 0.751970 0.924495
vt 0.746968 0.925810
vt 0.559801 0.150916
vt 0.566743 0.130248
vt 0.599288 0.320453
vt 0.580900 0.351969
vt 0.588333 0.303856
vt 0.746967 0.788481
vt 0.746967 0.776184
vt 0.193026 0.177252
vt 0.188080 0.177257
vt 0.192837 0.171309
vt 0.746969 0.909603
vt 0.807229 0.435248
vt 0.800311 0.482141
vt 0.800311 0.404985
vt 0.961539 0.484402
vt 0.188060 0.171554
vt 0.193094 0.165563
vt 0.961542 0.403043
vt 0.966509 0.403046
vt 0.966553 0.428953
vt 0.594187 0.197880
vt 0.584209 0.240393
vt 0.603890 0.270714
vt 0.595068 0.249291
vt 0.799978 0.453952
vt 0.053573 0.741353
vt 0.059831 0.775963
vt 0.704977 0.978195
vt 0.715825 0.978211
vt 0.003937 0.696688
vt 0.010614 0.676827
vt 0.008212 0.698498
vt 0.577106 0.199028
vt 0.582769 0.212745
vt 0.571851 0.216766
vt 0.572240 0.258089
vt 0.563688 0.271126
vt 0.562176 0.234651
vt 0.498537 0.967557
vt 0.509456 0.972487
vt 0.492258 0.972485
vt 0.800311 0.630539
vt 0.806877 0.624328
vt 0.806833 0.633105
vt 0.792853 0.329747
vt 0.786318 0.329193
vt 0.786300 0.326804
vt 0.859553 0.690332
vt 0.852709 0.674742
vt 0.859541 0.659920
vt 0.356926 0.982291
vt 0.352622 0.987139
vt 0.346235 0.982286
vt 0.313839 0.604594
vt 0.315015 0.592501
vt 0.315805 0.604591
vt 0.918681 0.978227
vt 0.903961 0.986600
vt 0.902244 0.978080
vt 0.049881 0.614912
vt 0.037674 0.612783
vt 0.043478 0.605960
vt 0.642099 0.212163
vt 0.643148 0.251708
vt 0.640453 0.239931
vt 0.751988 0.794154
vt 0.751840 0.809289
vt 0.751855 0.782312
vt 0.023984 0.624732
vt 0.014329 0.661735
vt 0.306659 0.546160
vt 0.313168 0.542850
vt 0.559010 0.323708
vt 0.554678 0.267938
vt 0.592646 0.142996
vt 0.598849 0.159616
vt 0.585741 0.158293
vt 0.859544 0.434975
vt 0.852486 0.430708
vt 0.946070 0.314745
vt 0.918159 0.101919
vt 0.921560 0.102792
vt 0.918159 0.107995
vt 0.571543 0.331821
vt 0.580903 0.288932
vt 0.576976 0.337376
vt 0.918159 0.056104
vt 0.918163 0.041997
vt 0.920768 0.055168
vt 0.040648 0.679335
vt 0.043219 0.712035
vt 0.032701 0.709107
vt 0.957690 0.013854
vt 0.957691 0.008046
vt 0.957935 0.006187
vt 0.747207 0.993110
vt 0.733983 0.997795
vt 0.733447 0.993112
vt 0.590102 0.967435
vt 0.594986 0.972463
vt 0.585139 0.972474
vt 0.482628 0.967472
vt 0.477372 0.972454
vt 0.616228 0.289566
vt 0.347137 0.959137
vt 0.346748 0.957127
vt 0.346930 0.943943
vt 0.330960 0.566226
vt 0.047460 0.643682
vt 0.029864 0.669236
vt 0.456110 0.972457
vt 0.453209 0.972449
vt 0.308795 0.595824
vt 0.562062 0.205663
vt 0.570665 0.967623
vt 0.575389 0.972481
vt 0.565485 0.972470
vt 0.751988 0.715118
vt 0.317917 0.583484
vt 0.594820 0.182880
vt 0.961610 0.429707
vt 0.921391 0.031581
vt 0.921536 0.048766
vt 0.598907 0.127035
vt 0.216527 0.996974
vt 0.217605 0.992391
vt 0.226265 0.996988
vt 0.309065 0.603968
vt 0.609527 0.093627
vt 0.624446 0.094472
vt 0.601400 0.105227
vt 0.962802 0.131953
vt 0.957688 0.124757
vt 0.962737 0.119594
vt 0.306575 0.600646
vt 0.307677 0.601660
vt 0.047984 0.953989
vt 0.053514 0.951896
vt 0.052050 0.960379
vt 0.018910 0.703523
vt 0.012757 0.700516
vt 0.615573 0.388389
vt 0.626522 0.419816
vt 0.315954 0.587529
vt 0.918159 0.071442
vt 0.786295 0.336496
vt 0.786404 0.366929
vt 0.918159 0.235404
vt 0.921442 0.238267
vt 0.918159 0.245689
vt 0.595474 0.399440
vt 0.595506 0.390746
vt 0.621508 0.118163
vt 0.636984 0.112897
vt 0.589207 0.104094
vt 0.580405 0.120759
vt 0.347102 0.973506
vt 0.559384 0.337457
vt 0.761207 0.997796
vt 0.747207 0.997823
vt 0.588188 0.365798
vt 0.589673 0.380280
vt 0.962808 0.041325
vt 0.957693 0.043679
vt 0.957694 0.036349
vt 0.621404 0.368115
vt 0.341028 0.945871
vt 0.582395 0.178425
vt 0.624145 0.256732
vt 0.859560 0.459748
vt 0.852627 0.454590
vt 0.859559 0.448527
vt 0.542754 0.232899
vt 0.532131 0.238961
vt 0.531187 0.225116
vt 0.636788 0.381936
vt 0.639211 0.128590
vt 0.852787 0.660831
vt 0.918159 0.141103
vt 0.921347 0.152668
vt 0.918159 0.159365
vt 0.859561 0.485434
vt 0.852630 0.480055
vt 0.859561 0.472274
vt 0.565392 0.328414
vt 0.774076 0.997823
vt 0.308703 0.594593
vt 0.921558 0.097129
vt 0.859562 0.701492
vt 0.859227 0.705660
vt 0.961497 0.510955
vt 0.961588 0.497879
vt 0.050218 0.713774
vt 0.025833 0.706686
vt 0.573632 0.113325
vt 0.774076 0.993106
vt 0.760698 0.993108
vt 0.081866 0.143380
vt 0.081540 0.137492
vt 0.082210 0.147894
vt 0.289344 0.160107
vt 0.297408 0.156170
vt 0.297492 0.167145
vt 0.276698 0.614235
vt 0.275202 0.610851
vt 0.282290 0.610851
vt 0.482356 0.993723
vt 0.489193 0.997476
vt 0.479840 0.997476
vt 0.220602 0.240614
vt 0.229078 0.239126
vt 0.230206 0.246014
vt 0.291137 0.232080
vt 0.283326 0.239543
vt 0.284602 0.234291
vt 0.293653 0.269370
vt 0.291390 0.281879
vt 0.285624 0.268688
vt 0.280796 0.190781
vt 0.279526 0.178958
vt 0.291239 0.185627
vt 0.418839 0.997476
vt 0.426383 0.993661
vt 0.423710 0.997476
vt 0.330390 0.288212
vt 0.336908 0.292760
vt 0.329743 0.297744
vt 0.316954 0.055569
vt 0.325342 0.047858
vt 0.325839 0.065503
vt 0.292783 0.255776
vt 0.285063 0.252286
vt 0.200972 0.212419
vt 0.210351 0.200234
vt 0.207487 0.221963
vt 0.028384 0.908497
vt 0.018235 0.902363
vt 0.043283 0.902368
vt 0.247127 0.247855
vt 0.262734 0.242754
vt 0.259417 0.256185
vt 0.298662 0.230341
vt 0.297301 0.247799
vt 0.248721 0.224160
vt 0.261520 0.229236
vt 0.500205 0.997476
vt 0.510323 0.993615
vt 0.510337 0.997476
vt 0.313812 0.285788
vt 0.309665 0.292750
vt 0.074605 0.100817
vt 0.077684 0.110273
vt 0.076967 0.110224
vt 0.128755 0.163025
vt 0.139234 0.167110
vt 0.131314 0.193218
vt 0.323763 0.302415
vt 0.324497 0.289347
vt 0.238143 0.235417
vt 0.318245 0.279903
vt 0.309498 0.273374
vt 0.295611 0.082076
vt 0.301512 0.073340
vt 0.306969 0.085209
vt 0.317527 0.073109
vt 0.324395 0.079858
vt 0.373071 0.041871
vt 0.393667 0.025467
vt 0.382318 0.036666
vt 0.322531 0.281972
vt 0.318873 0.278056
vt 0.305617 0.247050
vt 0.248502 0.993723
vt 0.232502 0.994707
vt 0.232502 0.993927
vt 0.098136 0.144305
vt 0.093796 0.159742
vt 0.097337 0.137280
vt 0.229350 0.229171
vt 0.234452 0.213899
vt 0.284381 0.225282
vt 0.283507 0.214390
vt 0.184546 0.187449
vt 0.173161 0.199376
vt 0.168686 0.180433
vt 0.290799 0.090648
vt 0.297199 0.100706
vt 0.291274 0.133323
vt 0.299387 0.124650
vt 0.298176 0.134567
vt 0.308807 0.064279
vt 0.030426 0.902329
vt 0.088032 0.113757
vt 0.096384 0.124977
vt 0.088853 0.137476
vt 0.266435 0.993748
vt 0.270443 0.998047
vt 0.261593 0.998047
vt 0.038247 0.908584
vt 0.002978 0.022582
vt 0.016878 0.021799
vt 0.013031 0.029343
vt 0.369136 0.031070
vt 0.363978 0.046102
vt 0.390076 0.017394
vt 0.385437 0.005769
vt 0.072218 0.093822
vt 0.079872 0.090059
vt 0.298169 0.178244
vt 0.299827 0.194306
vt 0.034442 0.030739
vt 0.042700 0.055565
vt 0.248194 0.256699
vt 0.279817 0.239802
vt 0.275612 0.251245
vt 0.172175 0.207026
vt 0.177605 0.210725
vt 0.176562 0.212065
vt 0.219853 0.234340
vt 0.220144 0.229539
vt 0.392786 0.610851
vt 0.389765 0.614277
vt 0.386195 0.610851
vt 0.156286 0.174376
vt 0.139645 0.197223
vt 0.147652 0.170594
vt 0.201579 0.221856
vt 0.183332 0.211976
vt 0.186562 0.203908
vt 0.037555 0.899561
vt 0.027583 0.899561
vt 0.445889 0.994119
vt 0.461062 0.997476
vt 0.452770 0.997476
vt 0.171438 0.597739
vt 0.159990 0.598099
vt 0.158960 0.595940
vt 0.149729 0.596178
vt 0.149902 0.596024
vt 0.149712 0.598023
vt 0.359549 0.610851
vt 0.348066 0.614350
vt 0.347724 0.610851
vt 0.252374 0.998047
vt 0.242577 0.998047
vt 0.043225 0.899561
vt 0.043284 0.899882
vt 0.055360 0.052576
vt 0.054566 0.066672
vt 0.295313 0.206123
vt 0.359635 0.998047
vt 0.351415 0.993641
vt 0.360903 0.993620
vt 0.098417 0.181114
vt 0.104771 0.172925
vt 0.105853 0.182589
vt 0.289757 0.982828
vt 0.288019 0.986060
vt 0.283781 0.982828
vt 0.218920 0.232327
vt 0.369629 0.614275
vt 0.373588 0.610851
vt 0.286300 0.614143
vt 0.302965 0.217444
vt 0.293127 0.610849
vt 0.305850 0.610851
vt 0.300025 0.614288
vt 0.428365 0.997476
vt 0.328412 0.986118
vt 0.320627 0.982828
vt 0.328451 0.982828
vt 0.095676 0.986122
vt 0.100735 0.982828
vt 0.103338 0.986118
vt 0.320224 0.614157
vt 0.375448 0.993702
vt 0.374511 0.998047
vt 0.368888 0.993770
vt 0.326389 0.610851
vt 0.318076 0.610851
vt 0.267625 0.986127
vt 0.270053 0.982828
vt 0.273081 0.986104
vt 0.500608 0.993942
vt 0.334913 0.583185
vt 0.333955 0.586889
vt 0.327666 0.583185
vt 0.345174 0.050579
vt 0.350929 0.056008
vt 0.307570 0.241859
vt 0.313172 0.264669
vt 0.292860 0.118272
vt 0.303946 0.107847
vt 0.301281 0.115704
vt 0.090994 0.179314
vt 0.094681 0.172690
vt 0.470218 0.997476
vt 0.088917 0.156944
vt 0.340569 0.586910
vt 0.347985 0.583185
vt 0.352325 0.586620
vt 0.100229 0.150085
vt 0.104849 0.153865
vt 0.027621 0.013376
vt 0.020368 0.007940
vt 0.113907 0.186087
vt 0.122640 0.189793
vt 0.018237 0.899870
vt 0.018372 0.899561
vt 0.018237 0.900306
vt 0.150984 0.202356
vt 0.167121 0.210114
vt 0.198268 0.194110
vt 0.286701 0.099448
vt 0.336114 0.310227
vt 0.331062 0.306247
vt 0.317453 0.087379
vt 0.311835 0.094209
vt 0.214710 0.226512
vt 0.232502 0.993553
vt 0.179463 0.210455
vt 0.274726 0.237062
vt 0.269360 0.261766
vt 0.266783 0.267682
vt 0.341731 0.296797
vt 0.346301 0.300420
vt 0.307402 0.100800
vt 0.289419 0.144355
vt 0.297559 0.145207
vt 0.911796 0.034858
vt 0.911841 0.044326
vt 0.910304 0.046052
vt 0.600755 0.473666
vt 0.590413 0.479574
vt 0.578775 0.473327
vt 0.599258 0.482590
vt 0.598831 0.487751
vt 0.733445 0.491558
vt 0.740998 0.512592
vt 0.723668 0.500532
vt 0.781551 0.702021
vt 0.790802 0.659617
vt 0.788992 0.702728
vt 0.705663 0.528714
vt 0.701789 0.537990
vt 0.702512 0.497502
vt 0.711368 0.548331
vt 0.707262 0.498243
vt 0.709315 0.476845
vt 0.742972 0.636124
vt 0.752830 0.615705
vt 0.755903 0.658219
vt 0.578518 0.480794
vt 0.776848 0.533015
vt 0.756853 0.530447
vt 0.762433 0.517574
vt 0.269934 0.587204
vt 0.265522 0.559369
vt 0.276884 0.586251
vt 0.734831 0.698705
vt 0.741131 0.664310
vt 0.744731 0.699604
vt 0.744984 0.005230
vt 0.756688 0.028637
vt 0.738031 0.015929
vt 0.847729 0.068836
vt 0.847714 0.100153
vt 0.845613 0.071989
vt 0.700208 0.565258
vt 0.696024 0.574457
vt 0.696972 0.549019
vt 0.785759 0.658807
vt 0.792193 0.633184
vt 0.764257 0.264041
vt 0.720301 0.293664
vt 0.712557 0.274341
vt 0.847729 0.211632
vt 0.846958 0.187444
vt 0.847729 0.182649
vt 0.589875 0.556953
vt 0.581254 0.553938
vt 0.583948 0.523787
vt 0.887652 0.034858
vt 0.907005 0.034957
vt 0.887651 0.044326
vt 0.734623 0.549098
vt 0.739330 0.570547
vt 0.736859 0.596970
vt 0.710487 0.602487
vt 0.712136 0.582285
vt 0.716018 0.603796
vt 0.703669 0.565632
vt 0.707138 0.436345
vt 0.706634 0.428914
vt 0.709300 0.426577
vt 0.783596 0.559737
vt 0.792023 0.555459
vt 0.792403 0.573945
vt 0.688305 0.045773
vt 0.699834 0.057206
vt 0.687701 0.055109
vt 0.823864 0.032469
vt 0.834944 0.001953
vt 0.823864 0.047529
vt 0.583048 0.564998
vt 0.580884 0.562691
vt 0.580716 0.561244
vt 0.709208 0.425645
vt 0.902146 0.365434
vt 0.909006 0.338370
vt 0.911779 0.365430
vt 0.752223 0.359322
vt 0.758512 0.373078
vt 0.756575 0.372469
vt 0.742057 0.399918
vt 0.760911 0.381985
vt 0.763038 0.381968
vt 0.181384 0.162360
vt 0.164118 0.167868
vt 0.181292 0.161803
vt 0.757191 0.376431
vt 0.784604 0.477552
vt 0.771761 0.473480
vt 0.780498 0.451371
vt 0.772263 0.559939
vt 0.786885 0.489409
vt 0.787918 0.505571
vt 0.755083 0.459336
vt 0.758325 0.494541
vt 0.847451 0.235854
vt 0.842590 0.227435
vt 0.692559 0.539331
vt 0.694370 0.506748
vt 0.697915 0.527984
vt 0.683203 0.259458
vt 0.680627 0.227123
vt 0.686235 0.277518
vt 0.847592 0.381827
vt 0.846810 0.360304
vt 0.847729 0.359770
vt 0.704634 0.434579
vt 0.702035 0.434636
vt 0.755578 0.386094
vt 0.720274 0.608577
vt 0.767401 0.386642
vt 0.768980 0.392923
vt 0.765668 0.383663
vt 0.750417 0.400290
vt 0.728940 0.423217
vt 0.715427 0.421744
vt 0.823864 0.365508
vt 0.834944 0.368825
vt 0.823864 0.374227
vt 0.700673 0.434935
vt 0.699592 0.439593
vt 0.711458 0.253264
vt 0.692663 0.287220
vt 0.694358 0.233081
vt 0.587805 0.468871
vt 0.587774 0.464520
vt 0.602178 0.468461
vt 0.847568 0.387442
vt 0.847717 0.392402
vt 0.836858 0.394050
vt 0.579123 0.559622
vt 0.578035 0.517043
vt 0.911381 0.007080
vt 0.911676 0.026387
vt 0.902508 0.022394
vt 0.698780 0.488865
vt 0.695798 0.477332
vt 0.700887 0.470820
vt 0.180062 0.043844
vt 0.158877 0.057180
vt 0.180834 0.029920
vt 0.689215 0.209674
vt 0.696396 0.188683
vt 0.701607 0.207182
vt 0.783292 0.463378
vt 0.775661 0.421178
vt 0.711143 0.451909
vt 0.730946 0.471471
vt 0.718234 0.339322
vt 0.741888 0.358042
vt 0.739065 0.360697
vt 0.694557 0.309838
vt 0.701184 0.312296
vt 0.710091 0.328125
vt 0.697290 0.454131
vt 0.694714 0.481568
vt 0.765197 0.389260
vt 0.764756 0.400606
vt 0.733093 0.331732
vt 0.756553 0.337961
vt 0.722737 0.436599
vt 0.740771 0.428995
vt 0.267439 0.447094
vt 0.269016 0.420171
vt 0.277064 0.419381
vt 0.790016 0.523140
vt 0.791383 0.539583
vt 0.823864 0.016968
vt 0.900229 0.058658
vt 0.910457 0.061866
vt 0.692471 0.525272
vt 0.911944 0.062291
vt 0.823864 0.391459
vt 0.823865 0.397979
vt 0.847729 0.040997
vt 0.847643 0.001954
vt 0.689080 0.301458
vt 0.691184 0.305431
vt 0.847494 0.398030
vt 0.847678 0.319926
vt 0.846620 0.319067
vt 0.847729 0.317819
vt 0.703902 0.469081
vt 0.753265 0.559824
vt 0.741436 0.530451
vt 0.599878 0.525508
vt 0.725837 0.530573
vt 0.720413 0.632671
vt 0.887649 0.307189
vt 0.910554 0.286700
vt 0.911141 0.318875
vt 0.579528 0.498185
vt 0.577145 0.498083
vt 0.712811 0.119771
vt 0.724707 0.128796
vt 0.712691 0.138114
vt 0.711210 0.156805
vt 0.720309 0.164331
vt 0.257320 0.539749
vt 0.262384 0.521957
vt 0.823876 0.315404
vt 0.823864 0.318753
vt 0.823864 0.001953
vt 0.690017 0.268210
vt 0.578334 0.461888
vt 0.578943 0.461616
vt 0.578975 0.462294
vt 0.823864 0.189676
vt 0.823864 0.203473
vt 0.602876 0.466209
vt 0.181051 0.153271
vt 0.163030 0.142278
vt 0.180122 0.130110
vt 0.690724 0.156713
vt 0.687454 0.183387
vt 0.694857 0.088365
vt 0.713333 0.102321
vt 0.689992 0.107814
vt 0.715489 0.067014
vt 0.729966 0.069681
vt 0.715214 0.079741
vt 0.578146 0.466797
vt 0.578802 0.463651
vt 0.754309 0.057433
vt 0.765990 0.058640
vt 0.759141 0.068472
vt 0.577618 0.552228
vt 0.704374 0.011082
vt 0.713316 0.009691
vt 0.698770 0.032444
vt 0.911829 0.327060
vt 0.911854 0.320601
vt 0.706923 0.044514
vt 0.715510 0.056944
vt 0.695592 0.138219
vt 0.773388 0.671138
vt 0.775607 0.645796
vt 0.756137 0.004533
vt 0.764047 0.020042
vt 0.823864 0.148702
vt 0.823864 0.162519
vt 0.887651 0.103323
vt 0.910704 0.112238
vt 0.911310 0.001953
vt 0.911632 0.002899
vt 0.902990 0.002539
vt 0.694299 0.012964
vt 0.887651 0.002931
vt 0.904541 0.003923
vt 0.887651 0.057200
vt 0.714633 0.030908
vt 0.725162 0.037263
vt 0.720395 0.044502
vt 0.911943 0.001953
vt 0.752795 0.585083
vt 0.763293 0.002765
vt 0.598440 0.503039
vt 0.598811 0.511702
vt 0.687840 0.014094
vt 0.688177 0.033581
vt 0.887651 0.012626
vt 0.887651 0.016813
vt 0.770686 0.400825
vt 0.775519 0.425785
vt 0.745571 0.466228
vt 0.887651 0.272249
vt 0.887672 0.253795
vt 0.887651 0.234442
vt 0.898065 0.185296
vt 0.766770 0.585837
vt 0.779427 0.587061
vt 0.774384 0.506996
vt 0.763886 0.342900
vt 0.764777 0.332976
vt 0.823864 0.310966
vt 0.846795 0.313735
vt 0.750299 0.371909
vt 0.910630 0.178368
vt 0.911647 0.156936
vt 0.911943 0.175745
vt 0.729943 0.056150
vt 0.722537 0.184075
vt 0.887651 0.021868
vt 0.768824 0.144424
vt 0.768650 0.178312
vt 0.768589 0.158329
vt 0.763447 0.380926
vt 0.823864 0.062284
vt 0.590937 0.566420
vt 0.792998 0.603653
vt 0.265204 0.502353
vt 0.259483 0.490009
vt 0.266845 0.473673
vt 0.602418 0.555795
vt 0.602763 0.562067
vt 0.759378 0.371488
vt 0.758117 0.375989
vt 0.766791 0.076785
vt 0.755092 0.091387
vt 0.731083 0.309133
vt 0.686874 0.302100
vt 0.689641 0.305064
vt 0.755753 0.203831
vt 0.768618 0.198018
vt 0.768711 0.217250
vt 0.283178 0.342081
vt 0.291608 0.311101
vt 0.298617 0.333313
vt 0.911809 0.340484
vt 0.911811 0.333649
vt 0.847729 0.279013
vt 0.846917 0.281105
vt 0.586331 0.566169
vt 0.287388 0.308526
vt 0.283431 0.312811
vt 0.284760 0.306589
vt 0.697568 0.067980
vt 0.686848 0.064389
vt 0.755571 0.375781
vt 0.887651 0.001953
vt 0.823864 0.176064
vt 0.846826 0.317036
vt 0.887651 0.340484
vt 0.887651 0.348013
vt 0.766401 0.283374
vt 0.688591 0.229148
vt 0.823864 0.119927
vt 0.793733 0.602351
vt 0.767161 0.066862
vt 0.847729 0.162519
vt 0.846917 0.152113
vt 0.847729 0.142348
vt 0.727141 0.007674
vt 0.729061 0.025033
vt 0.277716 0.343066
vt 0.738436 0.042277
vt 0.754668 0.047565
vt 0.742827 0.055083
vt 0.887651 0.156936
vt 0.887649 0.138553
vt 0.707387 0.227053
vt 0.691271 0.566454
vt 0.823864 0.300604
vt 0.845383 0.303740
vt 0.823864 0.306756
vt 0.823864 0.281205
vt 0.841645 0.278529
vt 0.823864 0.291910
vt 0.751678 0.069180
vt 0.728854 0.101653
vt 0.738675 0.119179
vt 0.179568 0.056725
vt 0.179778 0.117163
vt 0.161535 0.117427
vt 0.179373 0.072751
vt 0.887651 0.027805
vt 0.823864 0.217421
vt 0.823864 0.231089
vt 0.911859 0.090839
vt 0.911876 0.129701
vt 0.578146 0.463714
vt 0.696291 0.076832
vt 0.577525 0.482978
vt 0.911885 0.195100
vt 0.911885 0.222985
vt 0.729443 0.086341
vt 0.743315 0.092996
vt 0.576934 0.533109
vt 0.779138 0.616292
vt 0.903829 0.007481
vt 0.684515 0.082378
vt 0.767851 0.240115
vt 0.843269 0.001953
vt 0.911931 0.253965
vt 0.911875 0.304217
vt 0.910216 0.242733
vt 0.887651 0.327060
vt 0.887651 0.316199
vt 0.905346 0.329855
vt 0.271263 0.532473
vt 0.298721 0.454110
vt 0.299220 0.418176
vt 0.751024 0.246780
vt 0.259321 0.557833
vt 0.257996 0.548984
vt 0.696181 0.600941
vt 0.261531 0.465186
vt 0.263062 0.447131
vt 0.298182 0.523144
vt 0.298081 0.512325
vt 0.765122 0.659092
vt 0.275696 0.557532
vt 0.246782 0.443668
vt 0.255529 0.430197
vt 0.253850 0.435090
vt 0.509001 0.731212
vt 0.513196 0.729298
vt 0.511979 0.730752
vt 0.674566 0.354168
vt 0.661435 0.347837
vt 0.673623 0.346003
vt 0.874475 0.115754
vt 0.873185 0.144905
vt 0.873426 0.113911
vt 0.873386 0.707415
vt 0.881433 0.711918
vt 0.873273 0.715663
vt 0.099383 0.198700
vt 0.115095 0.198696
vt 0.143646 0.206584
vt 0.644430 0.433720
vt 0.649952 0.432668
vt 0.643760 0.444375
vt 0.001953 0.539919
vt 0.004775 0.535996
vt 0.004809 0.541389
vt 0.658308 0.320633
vt 0.663310 0.298080
vt 0.667984 0.300428
vt 0.677331 0.521543
vt 0.673314 0.530324
vt 0.650820 0.522045
vt 0.411029 0.685789
vt 0.408728 0.693903
vt 0.408708 0.685699
vt 0.217471 0.473642
vt 0.215373 0.473958
vt 0.673284 0.266422
vt 0.669270 0.268920
vt 0.667574 0.242914
vt 0.881426 0.061764
vt 0.873569 0.067238
vt 0.873328 0.056259
vt 0.644829 0.424765
vt 0.680707 0.687911
vt 0.670540 0.687610
vt 0.670395 0.673438
vt 0.881432 0.045590
vt 0.873254 0.048081
vt 0.873269 0.044726
vt 0.671762 0.743769
vt 0.670989 0.711078
vt 0.675359 0.761899
vt 0.668980 0.281088
vt 0.667297 0.282092
vt 0.667860 0.279671
vt 0.667849 0.129757
vt 0.671027 0.131824
vt 0.668827 0.139625
vt 0.013227 0.515533
vt 0.005156 0.403151
vt 0.004808 0.303836
vt 0.301080 0.679672
vt 0.294397 0.688814
vt 0.294350 0.681854
vt 0.910157 0.898494
vt 0.918608 0.880667
vt 0.918613 0.896541
vt 0.085322 0.572293
vt 0.085927 0.575238
vt 0.085800 0.593946
vt 0.918604 0.898836
vt 0.910108 0.873390
vt 0.918391 0.876039
vt 0.910129 0.876691
vt 0.124876 0.903698
vt 0.123093 0.896558
vt 0.125550 0.892118
vt 0.111340 0.294059
vt 0.115938 0.284932
vt 0.120634 0.287170
vt 0.386706 0.622183
vt 0.386230 0.626973
vt 0.338475 0.626630
vt 0.667110 0.117531
vt 0.664728 0.113559
vt 0.302830 0.628188
vt 0.299479 0.634081
vt 0.299036 0.622569
vt 0.645616 0.974440
vt 0.645253 0.974370
vt 0.645607 0.973537
vt 0.646887 0.458300
vt 0.648001 0.447322
vt 0.675730 0.449084
vt 0.670056 0.084740
vt 0.655453 0.083992
vt 0.670160 0.076947
vt 0.258752 0.422848
vt 0.256743 0.429751
vt 0.088724 0.386192
vt 0.084306 0.388552
vt 0.498389 0.722311
vt 0.500857 0.699267
vt 0.513462 0.705973
vt 0.955897 0.822216
vt 0.947692 0.824069
vt 0.947681 0.822170
vt 0.301470 0.621597
vt 0.303804 0.622005
vt 0.487585 0.685412
vt 0.473286 0.669895
vt 0.489537 0.665519
vt 0.386951 0.709007
vt 0.386148 0.709551
vt 0.386147 0.708856
vt 0.081753 0.449975
vt 0.080241 0.444606
vt 0.223476 0.664350
vt 0.223441 0.662371
vt 0.272432 0.669055
vt 0.196614 0.556568
vt 0.197481 0.557259
vt 0.194334 0.559621
vt 0.126321 0.882752
vt 0.127471 0.872784
vt 0.127634 0.872681
vt 0.682857 0.403699
vt 0.690908 0.399776
vt 0.690089 0.408382
vt 0.664773 0.955011
vt 0.663175 0.951757
vt 0.665277 0.948884
vt 0.646873 0.374520
vt 0.646252 0.365466
vt 0.653411 0.335711
vt 0.118354 0.456429
vt 0.205713 0.491253
vt 0.657496 0.320971
vt 0.910015 0.793839
vt 0.910333 0.791614
vt 0.910360 0.811797
vt 0.416657 0.685395
vt 0.413935 0.684924
vt 0.416689 0.638707
vt 0.947708 0.756112
vt 0.955727 0.753500
vt 0.955762 0.761293
vt 0.131006 0.402827
vt 0.130005 0.394071
vt 0.873215 0.860231
vt 0.873341 0.879067
vt 0.873141 0.866162
vt 0.084978 0.290245
vt 0.084661 0.287143
vt 0.090798 0.285912
vt 0.085193 0.312293
vt 0.093124 0.304229
vt 0.094737 0.307031
vt 0.187690 0.564844
vt 0.135703 0.596030
vt 0.225843 0.651697
vt 0.203305 0.654089
vt 0.205297 0.639802
vt 0.528734 0.723089
vt 0.518157 0.722297
vt 0.518247 0.721940
vt 0.279052 0.654106
vt 0.280699 0.627593
vt 0.955361 0.824450
vt 0.955937 0.795684
vt 0.947276 0.800445
vt 0.947744 0.768740
vt 0.964130 0.527157
vt 0.961497 0.525785
vt 0.964135 0.525846
vt 0.123869 0.883212
vt 0.119103 0.878743
vt 0.122775 0.875963
vt 0.504328 0.729171
vt 0.494097 0.724835
vt 0.500145 0.725664
vt 0.650069 0.548011
vt 0.677805 0.542923
vt 0.656877 0.555407
vt 0.115133 0.302689
vt 0.126140 0.297355
vt 0.126176 0.304384
vt 0.673395 0.944275
vt 0.673398 0.942362
vt 0.675392 0.940091
vt 0.873220 0.771044
vt 0.881414 0.755504
vt 0.881428 0.782252
vt 0.672097 0.952067
vt 0.117145 0.316158
vt 0.089466 0.316647
vt 0.094747 0.317179
vt 0.388313 0.622385
vt 0.400375 0.622341
vt 0.395715 0.635813
vt 0.299804 0.670544
vt 0.299608 0.670680
vt 0.306894 0.654547
vt 0.304564 0.628883
vt 0.306778 0.622213
vt 0.082594 0.307536
vt 0.423456 0.621756
vt 0.441924 0.622401
vt 0.419394 0.626921
vt 0.676247 0.938206
vt 0.088894 0.315450
vt 0.404706 0.621898
vt 0.403560 0.622388
vt 0.402052 0.621624
vt 0.124212 0.281665
vt 0.124625 0.292186
vt 0.125650 0.935850
vt 0.123354 0.926330
vt 0.124904 0.921772
vt 0.209463 0.485359
vt 0.086498 0.454799
vt 0.315565 0.678331
vt 0.316637 0.677718
vt 0.334701 0.701824
vt 0.947700 0.750980
vt 0.955728 0.749105
vt 0.955764 0.751048
vt 0.128822 0.590582
vt 0.127894 0.572867
vt 0.128274 0.571434
vt 0.506705 0.730570
vt 0.259406 0.310683
vt 0.239724 0.289428
vt 0.258586 0.305521
vt 0.018518 0.578729
vt 0.093150 0.297871
vt 0.082004 0.302285
vt 0.082347 0.295321
vt 0.086543 0.945257
vt 0.074691 0.926538
vt 0.078567 0.926661
vt 0.672613 0.781363
vt 0.113588 0.295253
vt 0.517114 0.723127
vt 0.516665 0.719579
vt 0.300125 0.663442
vt 0.881423 0.799482
vt 0.873282 0.794032
vt 0.654778 0.341901
vt 0.464803 0.711893
vt 0.462586 0.696174
vt 0.483847 0.696476
vt 0.081170 0.392470
vt 0.662103 0.951114
vt 0.660904 0.954110
vt 0.334643 0.701399
vt 0.334193 0.696693
vt 0.955956 0.825077
vt 0.955968 0.823792
vt 0.154326 0.358823
vt 0.314799 0.657815
vt 0.321547 0.636769
vt 0.961497 0.535357
vt 0.964134 0.535756
vt 0.961497 0.535730
vt 0.873824 0.288657
vt 0.873141 0.299256
vt 0.873141 0.285198
vt 0.526765 0.721141
vt 0.675074 0.408309
vt 0.667899 0.419480
vt 0.665891 0.389226
vt 0.663802 0.956389
vt 0.663177 0.956004
vt 0.125799 0.963689
vt 0.006721 0.444374
vt 0.008168 0.458571
vt 0.010715 0.505409
vt 0.908515 0.860488
vt 0.910006 0.870740
vt 0.105002 0.400364
vt 0.102388 0.406107
vt 0.102435 0.400309
vt 0.097187 0.385301
vt 0.388042 0.621711
vt 0.386845 0.621583
vt 0.422734 0.685859
vt 0.423722 0.654482
vt 0.205424 0.497084
vt 0.335289 0.640349
vt 0.335993 0.622476
vt 0.197827 0.555874
vt 0.418950 0.693603
vt 0.425260 0.695664
vt 0.421217 0.694734
vt 0.130303 0.594327
vt 0.132705 0.595683
vt 0.671611 0.136510
vt 0.671352 0.146598
vt 0.964040 0.530227
vt 0.961497 0.528781
vt 0.114486 0.305492
vt 0.112267 0.307483
vt 0.104220 0.284412
vt 0.228553 0.636068
vt 0.259991 0.415991
vt 0.669674 0.123499
vt 0.306040 0.518955
vt 0.308683 0.519635
vt 0.306040 0.519610
vt 0.025372 0.245154
vt 0.036572 0.231838
vt 0.036284 0.235092
vt 0.105002 0.406791
vt 0.102385 0.423100
vt 0.669317 0.148256
vt 0.667840 0.136841
vt 0.022604 0.225576
vt 0.026080 0.227072
vt 0.025828 0.227536
vt 0.159992 0.582366
vt 0.139561 0.594547
vt 0.223260 0.621587
vt 0.230630 0.621735
vt 0.222686 0.621942
vt 0.120353 0.963442
vt 0.095126 0.964375
vt 0.115792 0.925726
vt 0.097353 0.974988
vt 0.092593 0.965311
vt 0.313464 0.675947
vt 0.645218 0.968553
vt 0.643673 0.969972
vt 0.648971 0.964246
vt 0.402624 0.697968
vt 0.387616 0.708832
vt 0.387690 0.708370
vt 0.499012 0.665555
vt 0.503911 0.652844
vt 0.508820 0.676222
vt 0.483828 0.644138
vt 0.476681 0.640063
vt 0.495644 0.628008
vt 0.475403 0.716359
vt 0.495592 0.621820
vt 0.486975 0.622968
vt 0.337022 0.622917
vt 0.336636 0.621667
vt 0.337541 0.621643
vt 0.082466 0.610582
vt 0.079348 0.610448
vt 0.084806 0.605519
vt 0.498783 0.626162
vt 0.506968 0.639349
vt 0.311920 0.674675
vt 0.309966 0.672991
vt 0.312937 0.657358
vt 0.690850 0.388071
vt 0.682806 0.382190
vt 0.690891 0.378824
vt 0.127618 0.965229
vt 0.304817 0.663640
vt 0.303698 0.670728
vt 0.302960 0.664045
vt 0.659491 0.090644
vt 0.659451 0.096748
vt 0.655913 0.090818
vt 0.955916 0.826706
vt 0.312711 0.675612
vt 0.127650 0.389793
vt 0.387819 0.628831
vt 0.956005 0.819588
vt 0.388007 0.642425
vt 0.873320 0.029626
vt 0.881430 0.029541
vt 0.881390 0.031191
vt 0.470343 0.622990
vt 0.486975 0.622985
vt 0.467890 0.633791
vt 0.677533 0.925266
vt 0.679801 0.918109
vt 0.680689 0.930257
vt 0.124224 0.912245
vt 0.113257 0.907695
vt 0.116313 0.898814
vt 0.217781 0.660060
vt 0.221092 0.658301
vt 0.485219 0.767854
vt 0.482351 0.764657
vt 0.485219 0.762011
vt 0.244847 0.628870
vt 0.219346 0.625140
vt 0.873756 0.311451
vt 0.873141 0.313542
vt 0.486981 0.622982
vt 0.961497 0.534297
vt 0.964098 0.534454
vt 0.670393 0.101666
vt 0.664547 0.096483
vt 0.670405 0.093377
vt 0.308718 0.487092
vt 0.306040 0.485927
vt 0.308687 0.460129
vt 0.511976 0.656510
vt 0.488358 0.652030
vt 0.212261 0.631860
vt 0.448119 0.621671
vt 0.123416 0.311267
vt 0.873384 0.680958
vt 0.881390 0.684250
vt 0.322268 0.622353
vt 0.392111 0.688008
vt 0.459433 0.650427
vt 0.443862 0.643451
vt 0.677755 0.533979
vt 0.647567 0.540119
vt 0.308036 0.672161
vt 0.308088 0.633120
vt 0.416133 0.621614
vt 0.415830 0.622314
vt 0.094391 0.295369
vt 0.961497 0.647668
vt 0.964138 0.651177
vt 0.961497 0.653294
vt 0.026865 0.227941
vt 0.022281 0.212441
vt 0.023133 0.216882
vt 0.021703 0.212407
vt 0.406480 0.685677
vt 0.405034 0.695899
vt 0.404394 0.682014
vt 0.211557 0.268091
vt 0.158611 0.216592
vt 0.306040 0.414222
vt 0.308676 0.413496
vt 0.308676 0.414555
vt 0.961497 0.615242
vt 0.964134 0.615025
vt 0.964128 0.616322
vt 0.118244 0.385292
vt 0.668321 0.144149
vt 0.411801 0.622867
vt 0.408640 0.636838
vt 0.409039 0.622084
vt 0.918613 0.877022
vt 0.918160 0.878871
vt 0.248855 0.296487
vt 0.954478 0.861344
vt 0.954660 0.828934
vt 0.955949 0.860470
vt 0.910692 0.879962
vt 0.909939 0.882163
vt 0.873757 0.646708
vt 0.881390 0.645405
vt 0.881462 0.663363
vt 0.679868 0.653997
vt 0.680047 0.645329
vt 0.680615 0.658025
vt 0.097386 0.307975
vt 0.475872 0.687440
vt 0.262150 0.381107
vt 0.873339 0.568603
vt 0.873445 0.575829
vt 0.873484 0.584850
vt 0.467477 0.659746
vt 0.127583 0.965667
vt 0.127278 0.965550
vt 0.873302 0.844744
vt 0.881432 0.843489
vt 0.881432 0.847072
vt 0.344745 0.704459
vt 0.368055 0.708257
vt 0.367733 0.708408
vt 0.335530 0.702437
vt 0.336371 0.702285
vt 0.001953 0.515932
vt 0.004813 0.515284
vt 0.004810 0.517238
vt 0.881425 0.820508
vt 0.873273 0.816675
vt 0.881423 0.810719
vt 0.873290 0.852472
vt 0.881432 0.850787
vt 0.881431 0.854851
vt 0.663653 0.949757
vt 0.294370 0.717508
vt 0.301705 0.709781
vt 0.301738 0.719098
vt 0.402503 0.696999
vt 0.401915 0.646285
vt 0.453076 0.629025
vt 0.678131 0.559128
vt 0.651976 0.565276
vt 0.414556 0.635437
vt 0.910284 0.844870
vt 0.408154 0.694888
vt 0.406466 0.694741
vt 0.398865 0.699046
vt 0.207018 0.491595
vt 0.643759 0.451493
vt 0.307313 0.621615
vt 0.310048 0.622203
vt 0.669042 0.287938
vt 0.508738 0.726420
vt 0.405474 0.636402
vt 0.961497 0.619769
vt 0.964128 0.617778
vt 0.964058 0.644657
vt 0.956017 0.753553
vt 0.085096 0.927253
vt 0.681538 0.947702
vt 0.676566 0.948136
vt 0.684950 0.945677
vt 0.909997 0.875685
vt 0.411729 0.693741
vt 0.030744 0.216169
vt 0.270575 0.665424
vt 0.262864 0.317211
vt 0.265658 0.705876
vt 0.273992 0.706113
vt 0.265650 0.706194
vt 0.125626 0.966380
vt 0.873745 0.027965
vt 0.881431 0.028989
vt 0.690808 0.326222
vt 0.682818 0.325877
vt 0.690830 0.325711
vt 0.918450 0.831910
vt 0.643673 0.417612
vt 0.644903 0.409226
vt 0.881426 0.052144
vt 0.666077 0.286326
vt 0.667754 0.284836
vt 0.306040 0.524369
vt 0.308672 0.527428
vt 0.008395 0.281942
vt 0.019331 0.254993
vt 0.873882 0.732854
vt 0.881432 0.726515
vt 0.881428 0.734333
vt 0.668649 0.275984
vt 0.669228 0.278266
vt 0.676596 0.502220
vt 0.649489 0.503015
vt 0.649477 0.495957
vt 0.263105 0.358237
vt 0.263487 0.336889
vt 0.918610 0.878816
vt 0.435775 0.632949
vt 0.335499 0.702053
vt 0.306040 0.500187
vt 0.308662 0.499974
vt 0.918602 0.777570
vt 0.910056 0.772639
vt 0.918589 0.772411
vt 0.413964 0.692864
vt 0.406739 0.622476
vt 0.406757 0.621615
vt 0.084693 0.608321
vt 0.658736 0.075617
vt 0.649938 0.067985
vt 0.668870 0.063546
vt 0.683490 0.934785
vt 0.529276 0.723842
vt 0.528917 0.724165
vt 0.676071 0.422369
vt 0.918576 0.791199
vt 0.918499 0.804179
vt 0.670704 0.088117
vt 0.881349 0.025194
vt 0.085609 0.604953
vt 0.221107 0.663501
vt 0.217595 0.660498
vt 0.918603 0.898017
vt 0.336111 0.640143
vt 0.378562 0.709284
vt 0.677296 0.492418
vt 0.648654 0.487190
vt 0.306040 0.416365
vt 0.308672 0.415650
vt 0.308675 0.416757
vt 0.066716 0.910989
vt 0.068138 0.910156
vt 0.084734 0.199850
vt 0.091783 0.198463
vt 0.219935 0.273335
vt 0.236818 0.286586
vt 0.030691 0.219508
vt 0.684235 0.868684
vt 0.676041 0.856654
vt 0.675994 0.826618
vt 0.881406 0.618232
vt 0.873887 0.630080
vt 0.874371 0.611393
vt 0.881409 0.163742
vt 0.874908 0.162866
vt 0.881420 0.145503
vt 0.676681 0.724583
vt 0.524309 0.783363
vt 0.521661 0.777981
vt 0.524320 0.773204
vt 0.680506 0.669327
vt 0.669105 0.659145
vt 0.668253 0.003095
vt 0.670232 0.062453
vt 0.673497 0.813911
vt 0.675417 0.796283
vt 0.669200 0.003206
vt 0.308682 0.396922
vt 0.306040 0.396070
vt 0.308688 0.395350
vt 0.881392 0.222878
vt 0.874690 0.217094
vt 0.881437 0.190818
vt 0.881397 0.605363
vt 0.874125 0.601665
vt 0.874617 0.615273
vt 0.873161 0.194589
vt 0.874688 0.188395
vt 0.881363 0.253704
vt 0.873454 0.242707
vt 0.662177 0.008411
vt 0.129122 0.200989
vt 0.137025 0.203691
vt 0.485219 0.738110
vt 0.482370 0.736115
vt 0.482395 0.728886
vt 0.651637 0.003743
vt 0.651602 0.002278
vt 0.873141 0.164121
vt 0.673758 0.281022
vt 0.265635 0.675674
vt 0.273994 0.675628
vt 0.265654 0.677455
vt 0.644939 0.509112
vt 0.644454 0.502590
vt 0.030449 0.238528
vt 0.177071 0.232320
vt 0.881432 0.519703
vt 0.873444 0.524570
vt 0.873241 0.514762
vt 0.961497 0.616571
vt 0.910173 0.782119
vt 0.910049 0.784487
vt 0.909924 0.782738
vt 0.681724 0.754141
vt 0.082348 0.310243
vt 0.673748 0.277782
vt 0.682813 0.393847
vt 0.873141 0.524668
vt 0.673496 0.507834
vt 0.649286 0.514553
vt 0.131773 0.596152
vt 0.881443 0.299303
vt 0.881406 0.283688
vt 0.881434 0.529307
vt 0.873438 0.533677
vt 0.338068 0.622188
vt 0.676714 0.456131
vt 0.676961 0.446351
vt 0.881432 0.509837
vt 0.873257 0.505297
vt 0.294353 0.678987
vt 0.302230 0.679905
vt 0.301366 0.697911
vt 0.675486 0.376376
vt 0.909963 0.880369
vt 0.910010 0.878957
vt 0.873268 0.354408
vt 0.881428 0.351393
vt 0.881427 0.357555
vt 0.873282 0.341489
vt 0.881428 0.338269
vt 0.881429 0.344955
vt 0.005228 0.294240
vt 0.947689 0.859923
vt 0.947678 0.862096
vt 0.947675 0.861229
vt 0.453403 0.671163
vt 0.437614 0.657851
vt 0.873134 0.704260
vt 0.873141 0.757182
vt 0.645242 0.394716
vt 0.644522 0.378959
vt 0.874788 0.020326
vt 0.676477 0.433801
vt 0.386407 0.641601
vt 0.302142 0.727259
vt 0.302361 0.717968
vt 0.411540 0.639900
vt 0.873352 0.723408
vt 0.881432 0.723157
vt 0.452192 0.706711
vt 0.679269 0.603576
vt 0.664644 0.608251
vt 0.663095 0.598326
vt 0.451046 0.706169
vt 0.517844 0.722523
vt 0.873281 0.366202
vt 0.881426 0.363424
vt 0.881426 0.369041
vt 0.648246 0.531802
vt 0.673753 0.283988
vt 0.873448 0.418381
vt 0.873141 0.422946
vt 0.873141 0.413225
vt 0.678471 0.572807
vt 0.658379 0.576428
vt 0.881430 0.716679
vt 0.426705 0.671568
vt 0.873440 0.427737
vt 0.679248 0.618446
vt 0.666255 0.619677
vt 0.105002 0.425999
vt 0.102358 0.425981
vt 0.521661 0.736181
vt 0.524315 0.735252
vt 0.524282 0.744046
vt 0.873437 0.408480
vt 0.873222 0.399653
vt 0.416404 0.693789
vt 0.413424 0.693982
vt 0.155224 0.213669
vt 0.420983 0.638153
vt 0.076858 0.912041
vt 0.667818 0.328690
vt 0.012123 0.270644
vt 0.521661 0.730816
vt 0.524319 0.730195
vt 0.524317 0.732000
vt 0.873141 0.441741
vt 0.873329 0.436767
vt 0.873445 0.446259
vt 0.049383 0.597194
vt 0.022402 0.583467
vt 0.267898 0.961730
vt 0.267355 0.963404
vt 0.267075 0.921400
vt 0.277097 0.905139
vt 0.276994 0.904312
vt 0.273758 0.973755
vt 0.269019 0.968806
vt 0.268894 0.966501
vt 0.307099 0.903813
vt 0.285631 0.903203
vt 0.316451 0.908763
vt 0.320026 0.922153
vt 0.279862 0.976056
vt 0.305952 0.976093
vt 0.305237 0.975507
vt 0.309827 0.974526
vt 0.873141 0.261863
vt 0.961497 0.536298
vt 0.964134 0.539210
vt 0.338281 0.639610
vt 0.675005 0.335102
vt 0.668441 0.644557
vt 0.064740 0.207809
vt 0.294358 0.725960
vt 0.678866 0.582365
vt 0.662286 0.588516
vt 0.947782 0.748446
vt 0.334978 0.621675
vt 0.261581 0.310023
vt 0.668244 0.226889
vt 0.669359 0.217865
vt 0.672642 0.234528
vt 0.672538 0.205317
vt 0.668356 0.205641
vt 0.669232 0.193095
vt 0.671943 0.181478
vt 0.002103 0.627745
vt 0.002816 0.616951
vt 0.004650 0.612631
vt 0.783897 0.215794
vt 0.783625 0.200163
vt 0.784041 0.200100
vt 0.955282 0.606670
vt 0.947720 0.607084
vt 0.947745 0.604713
vt 0.787692 0.233011
vt 0.788102 0.252067
vt 0.775155 0.230978
vt 0.941453 0.720138
vt 0.933807 0.705550
vt 0.941453 0.703810
vt 0.793306 0.221885
vt 0.784536 0.217468
vt 0.797289 0.233235
vt 0.794070 0.003144
vt 0.787697 0.017559
vt 0.774659 0.003133
vt 0.941453 0.736517
vt 0.933807 0.730962
vt 0.955244 0.724297
vt 0.947718 0.722030
vt 0.955244 0.706701
vt 0.784393 0.151263
vt 0.785488 0.166449
vt 0.776823 0.158807
vt 0.947741 0.614473
vt 0.955244 0.616147
vt 0.947736 0.616792
vt 0.941453 0.787322
vt 0.933807 0.771814
vt 0.941453 0.770182
vt 0.794652 0.038816
vt 0.783375 0.053465
vt 0.776314 0.048641
vt 0.775107 0.024718
vt 0.800488 0.194640
vt 0.809090 0.193758
vt 0.794758 0.195150
vt 0.955282 0.512845
vt 0.947732 0.514373
vt 0.947732 0.511447
vt 0.402723 0.030067
vt 0.409964 0.028430
vt 0.402776 0.031205
vt 0.807868 0.021905
vt 0.817433 0.028757
vt 0.798592 0.052690
vt 0.806176 0.002705
vt 0.941449 0.391466
vt 0.933807 0.375667
vt 0.941449 0.375667
vt 0.955245 0.642140
vt 0.947738 0.642951
vt 0.947738 0.640652
vt 0.809563 0.200258
vt 0.809487 0.212954
vt 0.809245 0.200420
vt 0.941449 0.576699
vt 0.933807 0.567074
vt 0.941449 0.564314
vt 0.798962 0.151485
vt 0.798449 0.166288
vt 0.807925 0.166464
vt 0.817554 0.158145
vt 0.809711 0.168461
vt 0.941449 0.547412
vt 0.933807 0.530759
vt 0.941449 0.530302
vt 0.941449 0.637109
vt 0.933807 0.619290
vt 0.941449 0.621570
vt 0.808624 0.234115
vt 0.804906 0.251974
vt 0.816923 0.247411
vt 0.816616 0.279657
vt 0.264639 0.134442
vt 0.256993 0.143023
vt 0.256993 0.125095
vt 0.798237 0.278678
vt 0.941449 0.605290
vt 0.933807 0.592440
vt 0.941449 0.588968
vt 0.377657 0.740489
vt 0.370181 0.741097
vt 0.370175 0.739623
vt 0.941449 0.651479
vt 0.933807 0.651479
vt 0.955244 0.635721
vt 0.947736 0.628699
vt 0.813215 0.087661
vt 0.817643 0.094069
vt 0.813165 0.105229
vt 0.228857 0.086639
vt 0.236479 0.086347
vt 0.229152 0.094564
vt 0.780342 0.056593
vt 0.775584 0.081960
vt 0.813251 0.127102
vt 0.817609 0.129230
vt 0.812882 0.146704
vt 0.394319 0.562159
vt 0.401742 0.565429
vt 0.394236 0.570821
vt 0.817145 0.220405
vt 0.809183 0.223839
vt 0.774653 0.278988
vt 0.333566 0.944373
vt 0.326579 0.954753
vt 0.326371 0.942497
vt 0.817572 0.063869
vt 0.812946 0.057148
vt 0.786602 0.166377
vt 0.793666 0.167012
vt 0.780194 0.108871
vt 0.775670 0.120816
vt 0.805239 0.227179
vt 0.803991 0.227492
vt 0.803296 0.226955
vt 0.955245 0.737623
vt 0.947689 0.738780
vt 0.947662 0.735569
vt 0.941453 0.672114
vt 0.933807 0.657695
vt 0.941453 0.657694
vt 0.782449 0.150139
vt 0.402924 0.017857
vt 0.784005 0.168631
vt 0.783503 0.183113
vt 0.316341 0.863531
vt 0.323792 0.863406
vt 0.323781 0.864370
vt 0.791901 0.194488
vt 0.941453 0.687570
vt 0.383872 0.716340
vt 0.391423 0.717534
vt 0.383872 0.717617
vt 0.809422 0.192806
vt 0.809990 0.183582
vt 0.235361 0.955588
vt 0.227808 0.955567
vt 0.235360 0.954534
vt 0.816841 0.194521
vt 0.808354 0.199535
vt 0.808506 0.193851
vt 0.955244 0.658357
vt 0.947739 0.647122
vt 0.955245 0.645980
vt 0.955244 0.623172
vt 0.947664 0.566564
vt 0.947819 0.538961
vt 0.947695 0.587678
vt 0.810980 0.054508
vt 0.810006 0.053646
vt 0.955282 0.483982
vt 0.947739 0.484622
vt 0.947694 0.482321
vt 0.941449 0.424689
vt 0.933807 0.437229
vt 0.933807 0.402285
vt 0.410358 0.029168
vt 0.410348 0.027898
vt 0.784192 0.053382
vt 0.807467 0.226563
vt 0.809030 0.151120
vt 0.810706 0.150276
vt 0.812363 0.148544
vt 0.236724 0.098440
vt 0.228973 0.101806
vt 0.377657 0.731305
vt 0.370107 0.717038
vt 0.377657 0.725487
vt 0.808979 0.167861
vt 0.410231 0.004149
vt 0.785062 0.167054
vt 0.955282 0.526647
vt 0.800427 0.167055
vt 0.235284 0.971349
vt 0.228111 0.971048
vt 0.235368 0.970774
vt 0.784865 0.199213
vt 0.333872 0.968472
vt 0.333980 0.944933
vt 0.813177 0.069812
vt 0.780204 0.131008
vt 0.807292 0.166759
vt 0.235354 0.941573
vt 0.227843 0.954372
vt 0.227798 0.930986
vt 0.383872 0.732245
vt 0.391530 0.738643
vt 0.383872 0.739313
vt 0.796535 0.199178
vt 0.784256 0.193507
vt 0.391240 0.716019
vt 0.391624 0.716451
vt 0.235352 0.936564
vt 0.235349 0.930918
vt 0.955282 0.509804
vt 0.947728 0.509147
vt 0.391485 0.740059
vt 0.227718 0.941648
vt 0.775356 0.205338
vt 0.801559 0.807683
vt 0.801271 0.829551
vt 0.798323 0.848740
vt 0.837663 0.967747
vt 0.822092 0.969129
vt 0.835021 0.930687
vt 0.804736 0.947078
vt 0.818339 0.915589
vt 0.802452 0.780501
vt 0.777532 0.784708
vt 0.780733 0.766330
vt 0.838324 0.891095
vt 0.816574 0.869216
vt 0.823805 0.840279
vt 0.866858 0.940776
vt 0.850560 0.926736
vt 0.865902 0.918382
vt 0.811559 0.727754
vt 0.799387 0.749553
vt 0.798271 0.719866
vt 0.817052 0.797004
vt 0.818307 0.768823
vt 0.822449 0.703136
vt 0.820870 0.729844
vt 0.808733 0.724908
vt 0.791480 0.712067
vt 0.788740 0.716088
vt 0.837546 0.735924
vt 0.834165 0.707869
vt 0.846916 0.712704
vt 0.796535 0.705389
vt 0.812333 0.699523
vt 0.006977 0.609239
vt 0.007069 0.603498
vt 0.005026 0.603034
vt 0.007559 0.597931
vt 0.010780 0.610074
vt 0.006545 0.590317
vt 0.009120 0.587447
vt 0.010869 0.603832
vt 0.005512 0.578011
vt 0.003040 0.575709
vt 0.012008 0.596181
vt 0.011930 0.589065
vt 0.021571 0.606966
vt 0.015475 0.602207
vt 0.010445 0.582943
vt 0.008276 0.580399
vt 0.015460 0.594449
vt 0.079877 0.396302
vt 0.079537 0.403063
vt 0.703977 0.937738
vt 0.707597 0.929019
vt 0.707373 0.941825
vt 0.711171 0.927158
vt 0.498366 0.537330
vt 0.503553 0.539448
vt 0.501504 0.551357
vt 0.466486 0.554892
vt 0.472301 0.561379
vt 0.462248 0.585934
vt 0.699973 0.946084
vt 0.697652 0.960420
vt 0.699064 0.952372
vt 0.697927 0.931967
vt 0.693547 0.919565
vt 0.703286 0.917163
vt 0.003386 0.711277
vt 0.009816 0.708642
vt 0.012491 0.721177
vt 0.476198 0.578778
vt 0.478383 0.548099
vt 0.482840 0.549477
vt 0.488153 0.561847
vt 0.482964 0.574516
vt 0.514791 0.546346
vt 0.509328 0.553776
vt 0.691409 0.910545
vt 0.702369 0.910488
vt 0.500204 0.735095
vt 0.507606 0.742621
vt 0.510653 0.752103
vt 0.012613 0.783882
vt 0.003065 0.772958
vt 0.474253 0.803787
vt 0.462148 0.759868
vt 0.467649 0.742470
vt 0.476856 0.522698
vt 0.495970 0.551598
vt 0.499177 0.562569
vt 0.490265 0.516644
vt 0.490041 0.542555
vt 0.486295 0.546446
vt 0.508290 0.527977
vt 0.519245 0.492444
vt 0.517780 0.536404
vt 0.524074 0.504904
vt 0.692035 0.867918
vt 0.702681 0.872650
vt 0.691073 0.900172
vt 0.513972 0.790563
vt 0.022798 0.810245
vt 0.021859 0.719584
vt 0.462532 0.809734
vt 0.451125 0.786521
vt 0.497188 0.495258
vt 0.494248 0.538771
vt 0.500777 0.498748
vt 0.511961 0.495998
vt 0.505826 0.491767
vt 0.492552 0.823043
vt 0.515655 0.839043
vt 0.694510 0.821895
vt 0.712927 0.941855
vt 0.705992 0.952434
vt 0.697251 0.963666
vt 0.689120 0.973524
vt 0.003635 0.816334
vt 0.003839 0.830583
vt 0.481619 0.470738
vt 0.470257 0.522636
vt 0.474728 0.475664
vt 0.489015 0.432590
vt 0.493325 0.449935
vt 0.481853 0.522520
vt 0.485995 0.520217
vt 0.497621 0.449731
vt 0.507550 0.441141
vt 0.516380 0.436593
vt 0.520658 0.438641
vt 0.532630 0.451126
vt 0.705964 0.820367
vt 0.709570 0.820113
vt 0.707156 0.868629
vt 0.016707 0.838039
vt 0.480810 0.847227
vt 0.459974 0.865625
vt 0.459534 0.835694
vt 0.710545 0.809126
vt 0.511022 0.448061
vt 0.532667 0.444453
vt 0.695256 0.813311
vt 0.495545 0.422809
vt 0.514288 0.429048
vt 0.710562 0.798156
vt 0.707672 0.775434
vt 0.720323 0.775096
vt 0.491885 0.887763
vt 0.514813 0.850036
vt 0.707622 0.958517
vt 0.516563 0.412901
vt 0.520347 0.413368
vt 0.458144 0.888100
vt 0.484418 0.886809
vt 0.491080 0.390456
vt 0.506942 0.412303
vt 0.501700 0.427052
vt 0.501447 0.407880
vt 0.511914 0.424227
vt 0.017926 0.883141
vt 0.012036 0.870616
vt 0.022974 0.874868
vt 0.485806 0.381742
vt 0.503747 0.397714
vt 0.509731 0.398596
vt 0.509889 0.387321
vt 0.512981 0.394130
vt 0.719571 0.744379
vt 0.713809 0.755427
vt 0.714503 0.747947
vt 0.504329 0.379618
vt 0.496413 0.399443
vt 0.713605 0.738699
vt 0.711388 0.729228
vt 0.718795 0.733458
vt 0.725801 0.736934
vt 0.725824 0.742588
vt 0.007965 0.902022
vt 0.003520 0.901728
vt 0.008500 0.895523
vt 0.486565 0.908500
vt 0.490941 0.931488
vt 0.490567 0.942459
vt 0.450613 0.943473
vt 0.456444 0.913526
vt 0.469354 0.920026
vt 0.494498 0.366503
vt 0.711152 0.722880
vt 0.715702 0.714752
vt 0.725124 0.725018
vt 0.702918 0.706489
vt 0.698670 0.700320
vt 0.689351 0.691254
vt 0.698774 0.698961
vt 0.476212 0.353334
vt 0.468811 0.366614
vt 0.462530 0.347505
vt 0.002248 0.703051
vt 0.023320 0.869196
vt 0.479819 0.862915
vt 0.475290 0.396501
vt 0.696328 0.959926
vt 0.975542 0.032915
vt 0.975542 0.021950
vt 0.980992 0.027431
vt 0.986441 0.076733
vt 0.980992 0.071290
vt 0.986441 0.065812
vt 0.975542 0.076733
vt 0.975542 0.065812
vt 0.986441 0.011029
vt 0.980992 0.016472
vt 0.975542 0.011029
vt 0.986441 0.021950
vt 0.986441 0.054846
vt 0.980992 0.060331
vt 0.975542 0.054846
vt 0.986441 0.043881
vt 0.980992 0.038399
vt 0.986441 0.032915
vt 0.980992 0.049363
vt 0.975542 0.043881
vt 0.846374 0.619492
vt 0.828917 0.628897
vt 0.828917 0.619492
vt 0.903709 0.525714
vt 0.887647 0.536783
vt 0.887647 0.525714
vt 0.887647 0.461522
vt 0.903709 0.471583
vt 0.887647 0.471583
vt 0.903709 0.853447
vt 0.887647 0.855288
vt 0.887647 0.851355
vt 0.903709 0.714451
vt 0.887647 0.728351
vt 0.887647 0.713905
vt 0.887647 0.502788
vt 0.903709 0.514071
vt 0.887647 0.514071
vt 0.903709 0.423794
vt 0.887647 0.415088
vt 0.903709 0.415088
vt 0.909924 0.501724
vt 0.887647 0.398748
vt 0.903709 0.406802
vt 0.887647 0.406802
vt 0.909924 0.746671
vt 0.887647 0.612508
vt 0.903709 0.610458
vt 0.927592 0.390543
vt 0.909924 0.395437
vt 0.909924 0.390543
vt 0.903709 0.620745
vt 0.887647 0.635954
vt 0.887647 0.748929
vt 0.903709 0.734527
vt 0.903709 0.752065
vt 0.887647 0.692492
vt 0.903709 0.693851
vt 0.903709 0.779031
vt 0.887647 0.760311
vt 0.903709 0.390810
vt 0.887647 0.383418
vt 0.903709 0.383418
vt 0.927592 0.705086
vt 0.927592 0.719955
vt 0.909924 0.719161
vt 0.903709 0.638713
vt 0.887647 0.679475
vt 0.903709 0.676859
vt 0.887647 0.655673
vt 0.903709 0.563058
vt 0.887647 0.570962
vt 0.887647 0.563058
vt 0.887647 0.676859
vt 0.927592 0.385700
vt 0.909924 0.383649
vt 0.887647 0.546406
vt 0.903709 0.536783
vt 0.903709 0.546406
vt 0.887647 0.797846
vt 0.903709 0.803034
vt 0.887647 0.803034
vt 0.909924 0.579734
vt 0.903709 0.578805
vt 0.903709 0.570962
vt 0.903709 0.787158
vt 0.887647 0.779919
vt 0.903709 0.811282
vt 0.887647 0.814929
vt 0.887647 0.808713
vt 0.887647 0.792851
vt 0.903709 0.797846
vt 0.887647 0.770914
vt 0.903709 0.792851
vt 0.887647 0.787158
vt 0.903709 0.554964
vt 0.909924 0.418587
vt 0.927592 0.376480
vt 0.909924 0.371649
vt 0.927592 0.371649
vt 0.314367 0.338232
vt 0.325274 0.334266
vt 0.314311 0.343592
vt 0.903709 0.586450
vt 0.317924 0.311524
vt 0.308800 0.314115
vt 0.316943 0.309528
vt 0.887647 0.837636
vt 0.328729 0.344472
vt 0.312597 0.355146
vt 0.327673 0.340901
vt 0.887647 0.554964
vt 0.887647 0.582431
vt 0.903709 0.650776
vt 0.310985 0.361620
vt 0.329214 0.346575
vt 0.308776 0.369412
vt 0.887647 0.492010
vt 0.903709 0.502788
vt 0.887647 0.451631
vt 0.903709 0.461522
vt 0.887647 0.423794
vt 0.903709 0.432823
vt 0.887647 0.432823
vt 0.309495 0.316532
vt 0.909924 0.749126
vt 0.927592 0.746671
vt 0.927592 0.749126
vt 0.903709 0.398748
vt 0.887647 0.390810
vt 0.909924 0.400483
vt 0.927592 0.397642
vt 0.909924 0.376480
vt 0.927592 0.381005
vt 0.927592 0.470711
vt 0.909924 0.485512
vt 0.909924 0.470711
vt 0.927592 0.485512
vt 0.887647 0.371649
vt 0.903709 0.377034
vt 0.887647 0.377034
vt 0.927592 0.422369
vt 0.909924 0.436492
vt 0.909924 0.426736
vt 0.927592 0.568196
vt 0.927592 0.589718
vt 0.927592 0.458239
vt 0.927592 0.436492
vt 0.909924 0.447169
vt 0.909924 0.458239
vt 0.927592 0.447169
vt 0.927592 0.735149
vt 0.927592 0.738764
vt 0.909924 0.736078
vt 0.909924 0.611571
vt 0.927592 0.725619
vt 0.909924 0.730739
vt 0.909924 0.725619
vt 0.188620 0.602628
vt 0.927592 0.730739
vt 0.887647 0.481683
vt 0.903709 0.492010
vt 0.927592 0.753053
vt 0.909924 0.754988
vt 0.909924 0.752311
vt 0.313707 0.349199
vt 0.326565 0.337749
vt 0.903709 0.451631
vt 0.887647 0.442080
vt 0.903709 0.442080
vt 0.903709 0.481683
vt 0.313850 0.333137
vt 0.323941 0.330574
vt 0.322656 0.326758
vt 0.188072 0.613130
vt 0.179431 0.611304
vt 0.178586 0.608856
vt 0.309173 0.311734
vt 0.314874 0.308499
vt 0.227527 0.193692
vt 0.215711 0.106871
vt 0.189268 0.083607
vt 0.219433 0.117858
vt 0.217180 0.106573
vt 0.253313 0.003574
vt 0.237100 0.205272
vt 0.244497 0.211942
vt 0.215155 0.091018
vt 0.214898 0.177317
vt 0.267243 0.204881
vt 0.266929 0.012428
vt 0.263155 0.213878
vt 0.266427 0.209778
vt 0.237714 0.204169
vt 0.226469 0.194547
vt 0.268632 0.017531
vt 0.216666 0.098257
vt 0.214792 0.098560
vt 0.268255 0.200119
vt 0.266175 0.007650
vt 0.261024 0.003423
vt 0.197182 0.054715
vt 0.191474 0.068171
vt 0.228608 0.144645
vt 0.268382 0.012453
vt 0.230604 0.015418
vt 0.245518 0.004929
vt 0.187576 0.093669
vt 0.187837 0.083356
vt 0.237466 0.048520
vt 0.266848 0.209840
vt 0.268172 0.204985
vt 0.213828 0.177656
vt 0.195439 0.141248
vt 0.254625 0.001961
vt 0.187970 0.083373
vt 0.267180 0.196161
vt 0.265421 0.193675
vt 0.266971 0.022379
vt 0.252450 0.033165
vt 0.263822 0.026284
vt 0.253249 0.034153
vt 0.528439 0.940608
vt 0.528408 0.895774
vt 0.217296 0.091062
vt 0.449832 0.409518
vt 0.440059 0.411334
vt 0.440059 0.409518
vt 0.440059 0.518029
vt 0.449760 0.517005
vt 0.449809 0.518494
vt 0.497319 0.895683
vt 0.498097 0.943085
vt 0.500422 0.892642
vt 0.525259 0.892591
vt 0.440059 0.491612
vt 0.449809 0.491107
vt 0.449836 0.442205
vt 0.449670 0.522509
vt 0.527614 0.893386
vt 0.449827 0.410836
vt 0.449730 0.412400
vt 0.661323 0.790699
vt 0.500453 0.943907
vt 0.449761 0.492628
vt 0.440059 0.568956
vt 0.449816 0.568337
vt 0.449832 0.570059
vt 0.649386 0.899885
vt 0.661323 0.854633
vt 0.661323 0.899890
vt 0.649386 0.854631
vt 0.512857 0.893827
vt 0.649408 0.781381
vt 0.649386 0.790699
vt 0.649386 0.772090
vt 0.661323 0.772109
vt 0.041566 0.935364
vt 0.041300 0.937227
vt 0.040454 0.936007
vt 0.002622 0.923170
vt 0.003592 0.957884
vt 0.041504 0.939032
vt 0.042696 0.938503
vt 0.004767 0.921211
vt 0.005626 0.961653
vt 0.003585 0.924084
vt 0.070114 0.874439
vt 0.068591 0.872616
vt 0.068083 0.870890
vt 0.105800 0.846951
vt 0.651948 0.139746
vt 0.197693 0.610019
vt 0.200297 0.612525
vt 0.213506 0.559090
vt 0.210993 0.559937
vt 0.248166 0.583931
vt 0.813167 0.497435
vt 0.814357 0.496521
vt 0.814628 0.497652
vt 0.814540 0.289929
vt 0.813167 0.288518
vt 0.814524 0.442940
vt 0.813167 0.625801
vt 0.814477 0.523399
vt 0.814557 0.626617
vt 0.814536 0.483164
vt 0.813167 0.336779
vt 0.814535 0.450871
vt 0.814477 0.454379
vt 0.019644 0.045477
vt 0.017155 0.044789
vt 0.814563 0.287602
vt 0.813167 0.285905
vt 0.814540 0.285905
vt 0.039928 0.061104
vt 0.042173 0.063630
vt 0.814540 0.334077
vt 0.034595 0.187659
vt 0.045473 0.088853
vt 0.813167 0.657368
vt 0.002183 0.178230
vt 0.001953 0.074964
vt 0.814557 0.341972
vt 0.006179 0.047707
vt 0.044179 0.067159
vt 0.458141 0.491254
vt 0.652017 0.186307
vt 0.652038 0.137857
vt 0.652004 0.214746
vt 0.652009 0.216879
vt 0.650122 0.216299
vt 0.277484 0.962255
vt 0.308341 0.965058
vt 0.313756 0.972338
vt 0.306597 0.965942
vt 0.269971 0.911071
vt 0.268265 0.916883
vt 0.268069 0.914459
vt 0.277610 0.917189
vt 0.277860 0.963970
vt 0.456296 0.439283
vt 0.307766 0.965467
vt 0.456250 0.442738
vt 0.456250 0.412461
vt 0.309542 0.917385
vt 0.456231 0.410972
vt 0.458141 0.411758
vt 0.456121 0.438864
vt 0.651986 0.136772
vt 0.312490 0.905475
vt 0.056627 0.182023
vt 0.059770 0.184251
vt 0.062535 0.188490
vt 0.063063 0.193524
vt 0.026189 0.945824
vt 0.022209 0.945714
vt 0.024341 0.942938
vt 0.043755 0.185132
vt 0.062816 0.650396
vt 0.047816 0.182092
vt 0.024467 0.939470
vt 0.062817 0.640425
vt 0.066843 0.653783
vt 0.062811 0.653735
vt 0.066843 0.617077
vt 0.062826 0.618489
vt 0.062808 0.617077
vt 0.061312 0.198283
vt 0.062817 0.626334
vt 0.062813 0.629111
vt 0.066843 0.624636
vt 0.062814 0.623502
vt 0.066843 0.619896
vt 0.062812 0.620774
vt 0.047844 0.202263
vt 0.043699 0.199180
vt 0.023108 0.948731
vt 0.019008 0.946970
vt 0.012719 0.942319
vt 0.011707 0.946695
vt 0.009825 0.942967
vt 0.012680 0.939617
vt 0.013941 0.936944
vt 0.009827 0.938792
vt 0.011685 0.935047
vt 0.015059 0.949188
vt 0.013974 0.944794
vt 0.016249 0.946485
vt 0.019105 0.949905
vt 0.016156 0.935300
vt 0.014081 0.932962
vt 0.027598 0.941895
vt 0.002267 0.263658
vt 0.009033 0.035257
vt 0.001962 0.035243
vt 0.001950 0.037524
vt 0.072780 0.953595
vt 0.247487 0.921027
vt 0.253091 0.921305
vt 0.129652 0.121591
vt 0.286475 0.940298
vt 0.299890 0.920210
vt 0.299778 0.940397
vt 0.266147 0.302485
vt 0.277462 0.282283
vt 0.277305 0.302345
vt 0.002071 0.655026
vt 0.007637 0.634806
vt 0.007714 0.654826
vt 0.060845 0.966135
vt 0.060690 0.949658
vt 0.149849 0.156222
vt 0.846374 0.524106
vt 0.828917 0.508355
vt 0.846374 0.508355
vt 0.174697 0.975628
vt 0.175888 0.958200
vt 0.828917 0.505350
vt 0.846374 0.505350
vt 0.846374 0.676614
vt 0.828917 0.685801
vt 0.828917 0.676614
vt 0.828917 0.560531
vt 0.846374 0.568723
vt 0.828917 0.568723
vt 0.846374 0.437339
vt 0.828917 0.451893
vt 0.828917 0.437339
vt 0.828917 0.503513
vt 0.846374 0.503513
vt 0.846374 0.581138
vt 0.828917 0.608579
vt 0.846374 0.608579
vt 0.846374 0.537210
vt 0.828917 0.524106
vt 0.133940 0.961827
vt 0.135131 0.944399
vt 0.140761 0.106169
vt 0.095944 0.005125
vt 0.134732 0.002861
vt 0.828917 0.595722
vt 0.828917 0.581138
vt 0.828917 0.425933
vt 0.846374 0.425933
vt 0.846374 0.451893
vt 0.828917 0.470619
vt 0.846374 0.489437
vt 0.846374 0.656026
vt 0.828917 0.638819
vt 0.846374 0.638819
vt 0.846374 0.595722
vt 0.846374 0.470619
vt 0.828917 0.551435
vt 0.846374 0.560531
vt 0.828917 0.418473
vt 0.846374 0.418473
vt 0.828917 0.666715
vt 0.828917 0.656026
vt 0.828917 0.410660
vt 0.846374 0.410660
vt 0.846374 0.549033
vt 0.828917 0.537210
vt 0.846374 0.404387
vt 0.828917 0.404395
vt 0.846374 0.628897
vt 0.184122 0.958709
vt 0.846374 0.666715
vt 0.846374 0.551810
vt 0.180793 0.919657
vt 0.846374 0.685801
vt 0.828917 0.692862
vt 0.846374 0.698035
vt 0.828917 0.698035
vt 0.152183 0.098573
vt 0.267102 0.196189
vt 0.800113 0.986815
vt 0.784138 0.978197
vt 0.800113 0.978206
vt 0.570847 0.344853
vt 0.951412 0.093556
vt 0.945866 0.091026
vt 0.921626 0.284313
vt 0.918159 0.291116
vt 0.918159 0.284313
vt 0.951410 0.236856
vt 0.946160 0.222182
vt 0.951333 0.218957
vt 0.786348 0.310587
vt 0.793158 0.304015
vt 0.793032 0.310587
vt 0.946522 0.156970
vt 0.951251 0.129600
vt 0.859561 0.572517
vt 0.852646 0.580649
vt 0.852631 0.572517
vt 0.626115 0.103041
vt 0.634547 0.099654
vt 0.793228 0.297927
vt 0.921631 0.276309
vt 0.918159 0.276309
vt 0.521882 0.210882
vt 0.531298 0.207234
vt 0.806823 0.515003
vt 0.806888 0.544544
vt 0.746967 0.808046
vt 0.852578 0.696341
vt 0.962824 0.069028
vt 0.957692 0.059816
vt 0.962798 0.059816
vt 0.050476 0.937799
vt 0.055439 0.939210
vt 0.525990 0.258089
vt 0.523531 0.239320
vt 0.800024 0.286123
vt 0.806853 0.285917
vt 0.806669 0.287634
vt 0.957694 0.028790
vt 0.957692 0.021139
vt 0.962803 0.025206
vt 0.784138 0.986813
vt 0.767256 0.978193
vt 0.412252 0.987240
vt 0.426381 0.982292
vt 0.426381 0.987215
vt 0.957694 0.078639
vt 0.962817 0.088692
vt 0.957694 0.088692
vt 0.525444 0.972472
vt 0.512785 0.967478
vt 0.525444 0.967516
vt 0.859215 0.978215
vt 0.844687 0.986882
vt 0.844687 0.978233
vt 0.641122 0.144395
vt 0.751921 0.761670
vt 0.056508 0.816323
vt 0.055275 0.780588
vt 0.957691 0.137823
vt 0.957691 0.004613
vt 0.957694 0.001946
vt 0.615705 0.972458
vt 0.605377 0.972441
vt 0.628298 0.972460
vt 0.461257 0.972470
vt 0.830130 0.978181
vt 0.815369 0.986822
vt 0.815369 0.978233
vt 0.918159 0.087094
vt 0.521951 0.196771
vt 0.530864 0.187407
vt 0.852631 0.597474
vt 0.859560 0.607754
vt 0.852640 0.607754
vt 0.799978 0.580129
vt 0.859561 0.588633
vt 0.852647 0.588633
vt 0.347028 0.973932
vt 0.852662 0.706071
vt 0.793228 0.357576
vt 0.793228 0.330297
vt 0.859562 0.512380
vt 0.852631 0.526744
vt 0.852622 0.512380
vt 0.572934 0.179475
vt 0.921388 0.022108
vt 0.918159 0.016385
vt 0.945797 0.106936
vt 0.945893 0.128664
vt 0.806888 0.595742
vt 0.751473 0.824842
vt 0.751981 0.844602
vt 0.747205 0.837522
vt 0.746968 0.881580
vt 0.751943 0.874629
vt 0.751951 0.882612
vt 0.747005 0.706591
vt 0.961567 0.474186
vt 0.806891 0.564724
vt 0.746973 0.854242
vt 0.746967 0.841771
vt 0.918159 0.028453
vt 0.918159 0.022108
vt 0.334776 0.987295
vt 0.398012 0.987225
vt 0.412252 0.982291
vt 0.572496 0.145908
vt 0.572119 0.982287
vt 0.590079 0.982300
vt 0.572436 0.987321
vt 0.966520 0.454935
vt 0.961532 0.457529
vt 0.966562 0.460026
vt 0.961540 0.460026
vt 0.951469 0.048084
vt 0.945945 0.039145
vt 0.951462 0.039145
vt 0.966559 0.496833
vt 0.961541 0.494122
vt 0.966561 0.494122
vt 0.746989 0.737300
vt 0.961582 0.488660
vt 0.751807 0.864256
vt 0.806885 0.611200
vt 0.966561 0.463442
vt 0.746970 0.897891
vt 0.921573 0.267631
vt 0.918159 0.267631
vt 0.962776 0.002004
vt 0.945991 0.280485
vt 0.946193 0.266948
vt 0.951359 0.270255
vt 0.946064 0.236861
vt 0.951435 0.288340
vt 0.056901 0.835193
vt 0.061119 0.820868
vt 0.962796 0.007386
vt 0.859562 0.677735
vt 0.188091 0.156154
vt 0.966562 0.468597
vt 0.961546 0.464424
vt 0.945874 0.307197
vt 0.951412 0.298586
vt 0.226289 0.992391
vt 0.951394 0.106389
vt 0.945829 0.097139
vt 0.358867 0.748294
vt 0.358851 0.715258
vt 0.363555 0.747419
vt 0.137044 0.996983
vt 0.153992 0.992391
vt 0.153992 0.996982
vt 0.918159 0.299645
vt 0.918159 0.296326
vt 0.921551 0.298345
vt 0.552368 0.233714
vt 0.440368 0.987267
vt 0.454240 0.982294
vt 0.454240 0.987167
vt 0.688185 0.997794
vt 0.704131 0.993112
vt 0.704131 0.997782
vt 0.363818 0.748393
vt 0.554290 0.127750
vt 0.562384 0.121093
vt 0.945953 0.218143
vt 0.966562 0.491442
vt 0.961541 0.491442
vt 0.608331 0.987329
vt 0.746988 0.732302
vt 0.751969 0.735770
vt 0.962810 0.102740
vt 0.957691 0.109646
vt 0.957694 0.099185
vt 0.966562 0.488660
vt 0.440368 0.982292
vt 0.962791 0.152317
vt 0.962805 0.051307
vt 0.957692 0.051307
vt 0.522827 0.184350
vt 0.957694 0.069028
vt 0.962826 0.078639
vt 0.746967 0.823775
vt 0.945821 0.295478
vt 0.363792 0.715256
vt 0.945915 0.320031
vt 0.468011 0.987277
vt 0.481905 0.982275
vt 0.481905 0.987231
vt 0.746968 0.868766
vt 0.859562 0.526744
vt 0.852642 0.540649
vt 0.751977 0.920708
vt 0.746969 0.920708
vt 0.921499 0.291116
vt 0.468011 0.982288
vt 0.799978 0.404585
vt 0.671560 0.997801
vt 0.688185 0.993112
vt 0.859559 0.618534
vt 0.852646 0.618534
vt 0.747036 0.727426
vt 0.751966 0.732000
vt 0.608032 0.967392
vt 0.806900 0.397775
vt 0.623635 0.229674
vt 0.535319 0.972465
vt 0.535319 0.967555
vt 0.918159 0.205694
vt 0.918159 0.197381
vt 0.921563 0.203618
vt 0.751907 0.928243
vt 0.623992 0.086992
vt 0.951505 0.056746
vt 0.945875 0.056746
vt 0.545162 0.972464
vt 0.545162 0.967582
vt 0.799978 0.611200
vt 0.597743 0.115621
vt 0.526412 0.164742
vt 0.524356 0.173741
vt 0.530946 0.171959
vt 0.859562 0.563454
vt 0.852629 0.563454
vt 0.001974 0.992391
vt 0.017909 0.996975
vt 0.002004 0.996964
vt 0.767256 0.986807
vt 0.749526 0.978197
vt 0.921413 0.226879
vt 0.615572 0.993109
vt 0.634535 0.997769
vt 0.616201 0.997816
vt 0.324064 0.534981
vt 0.055508 0.619001
vt 0.002473 0.695741
vt 0.590079 0.987338
vt 0.057375 0.924228
vt 0.052455 0.923152
vt 0.555300 0.972467
vt 0.555300 0.967608
vt 0.799978 0.624328
vt 0.632835 0.090794
vt 0.918159 0.258835
vt 0.921598 0.250319
vt 0.921580 0.258835
vt 0.859560 0.628785
vt 0.852649 0.628785
vt 0.957691 0.144794
vt 0.565588 0.169175
vt 0.554087 0.175355
vt 0.918684 0.986875
vt 0.623892 0.177629
vt 0.539165 0.142938
vt 0.546305 0.135291
vt 0.513083 0.987171
vt 0.496699 0.982278
vt 0.513083 0.982280
vt 0.551754 0.982279
vt 0.551754 0.987181
vt 0.631076 0.083353
vt 0.807004 0.349639
vt 0.800311 0.315081
vt 0.749526 0.986799
vt 0.731517 0.978208
vt 0.047311 0.996992
vt 0.033787 0.992391
vt 0.047311 0.992391
vt 0.719164 0.993112
vt 0.719164 0.997767
vt 0.654825 0.993113
vt 0.654825 0.997812
vt 0.531454 0.987153
vt 0.531453 0.982278
vt 0.061615 0.996982
vt 0.061615 0.992391
vt 0.830130 0.986861
vt 0.171773 0.992391
vt 0.171773 0.996980
vt 0.334716 0.982311
vt 0.338866 0.982289
vt 0.731517 0.986777
vt 0.918159 0.212321
vt 0.800000 0.640226
vt 0.799978 0.633105
vt 0.695483 0.978206
vt 0.715825 0.986890
vt 0.105677 0.996985
vt 0.121001 0.992391
vt 0.121001 0.996983
vt 0.859549 0.705816
vt 0.575825 0.348104
vt 0.189803 0.996974
vt 0.205546 0.992391
vt 0.205546 0.996970
vt 0.921586 0.181330
vt 0.918159 0.175325
vt 0.873435 0.978195
vt 0.859215 0.986842
vt 0.548577 0.330376
vt 0.046015 0.965745
vt 0.076221 0.996983
vt 0.522489 0.225448
vt 0.033787 0.996985
vt 0.018224 0.992391
vt 0.786591 0.414895
vt 0.793094 0.376489
vt 0.543222 0.327553
vt 0.786294 0.285632
vt 0.793228 0.322652
vt 0.793228 0.328708
vt 0.859562 0.552911
vt 0.852625 0.552911
vt 0.551990 0.206750
vt 0.799978 0.357863
vt 0.886883 0.986738
vt 0.886883 0.978164
vt 0.530939 0.283472
vt 0.542150 0.206408
vt 0.671560 0.993113
vt 0.918159 0.001960
vt 0.966563 0.478745
vt 0.945925 0.048084
vt 0.800025 0.515403
vt 0.799978 0.484690
vt 0.061536 0.846330
vt 0.137044 0.992391
vt 0.058895 0.909007
vt 0.054082 0.908252
vt 0.189803 0.992391
vt 0.565189 0.341166
vt 0.056691 0.863928
vt 0.056931 0.849612
vt 0.806834 0.476819
vt 0.793131 0.440742
vt 0.786484 0.440668
vt 0.793120 0.285811
vt 0.786335 0.297927
vt 0.806891 0.580129
vt 0.188047 0.165279
vt 0.307859 0.598319
vt 0.053106 0.726354
vt 0.056162 0.878568
vt 0.061070 0.874198
vt 0.793001 0.411541
vt 0.076221 0.992391
vt 0.090848 0.996983
vt 0.852630 0.498688
vt 0.918159 0.186919
vt 0.859561 0.597474
vt 0.060073 0.893906
vt 0.033136 0.596354
vt 0.033477 0.596513
vt 0.090848 0.992391
vt 0.918159 0.034986
vt 0.873435 0.986799
vt 0.966563 0.507209
vt 0.966563 0.515438
vt 0.628228 0.967454
vt 0.055307 0.893406
vt 0.380781 0.583185
vt 0.376700 0.586908
vt 0.375843 0.583185
vt 0.073404 0.077251
vt 0.061303 0.074703
vt 0.067289 0.066221
vt 0.071569 0.053582
vt 0.065097 0.046209
vt 0.048567 0.986123
vt 0.038666 0.982828
vt 0.048567 0.982828
vt 0.008760 0.012848
vt 0.014022 0.003351
vt 0.386754 0.586899
vt 0.384411 0.583185
vt 0.386781 0.583185
vt 0.278278 0.982828
vt 0.081019 0.161000
vt 0.081735 0.151389
vt 0.339247 0.313440
vt 0.347049 0.312312
vt 0.342836 0.317090
vt 0.280442 0.275488
vt 0.140563 0.986118
vt 0.151293 0.982828
vt 0.151293 0.986125
vt 0.313052 0.982828
vt 0.318186 0.986105
vt 0.313052 0.986020
vt 0.010540 0.986017
vt 0.001953 0.985845
vt 0.001953 0.985231
vt 0.162036 0.982828
vt 0.282255 0.202655
vt 0.278782 0.167204
vt 0.236290 0.986144
vt 0.218432 0.982828
vt 0.233994 0.982828
vt 0.342961 0.034420
vt 0.362633 0.020936
vt 0.414171 0.997476
vt 0.410253 0.997476
vt 0.412683 0.993553
vt 0.334679 0.059256
vt 0.333995 0.040928
vt 0.307522 0.986048
vt 0.301794 0.982828
vt 0.307522 0.982828
vt 0.266308 0.610851
vt 0.270551 0.614289
vt 0.266308 0.614226
vt 0.171192 0.596120
vt 0.171422 0.596396
vt 0.029643 0.002265
vt 0.032243 0.005196
vt 0.029409 0.005160
vt 0.349338 0.320720
vt 0.346596 0.321771
vt 0.350047 0.304911
vt 0.086270 0.077625
vt 0.089502 0.086246
vt 0.259022 0.610851
vt 0.255881 0.614191
vt 0.255863 0.610851
vt 0.281466 0.119658
vt 0.395697 0.030012
vt 0.339657 0.065215
vt 0.050953 0.032581
vt 0.043388 0.026072
vt 0.438865 0.993657
vt 0.433231 0.993661
vt 0.332038 0.072274
vt 0.336513 0.610851
vt 0.079282 0.986059
vt 0.087922 0.982828
vt 0.087922 0.986106
vt 0.058142 0.039201
vt 0.295869 0.982828
vt 0.301794 0.986100
vt 0.295869 0.986084
vt 0.082175 0.069255
vt 0.077276 0.061250
vt 0.283521 0.108992
vt 0.278672 0.155333
vt 0.279193 0.143226
vt 0.280156 0.131199
vt 0.195365 0.982828
vt 0.211564 0.986122
vt 0.188701 0.986123
vt 0.018237 0.908471
vt 0.093639 0.103539
vt 0.091907 0.094863
vt 0.333101 0.998047
vt 0.334106 0.993735
vt 0.171572 0.602572
vt 0.160665 0.602588
vt 0.337725 0.583185
vt 0.336076 0.586909
vt 0.384125 0.998047
vt 0.383747 0.993663
vt 0.295179 0.993841
vt 0.302439 0.998047
vt 0.295179 0.998047
vt 0.438865 0.997476
vt 0.445381 0.997476
vt 0.028824 0.982828
vt 0.019352 0.986124
vt 0.019352 0.982828
vt 0.214661 0.229394
vt 0.080385 0.127909
vt 0.358253 0.583185
vt 0.149378 0.602539
vt 0.259582 0.982828
vt 0.258890 0.986091
vt 0.169320 0.596002
vt 0.110954 0.156460
vt 0.130142 0.986123
vt 0.140563 0.982828
vt 0.120379 0.982828
vt 0.120379 0.986124
vt 0.094942 0.112223
vt 0.067559 0.084292
vt 0.366715 0.998047
vt 0.316797 0.993726
vt 0.309617 0.998047
vt 0.306399 0.993746
vt 0.392759 0.998047
vt 0.399571 0.993654
vt 0.399573 0.998047
vt 0.324055 0.993614
vt 0.324055 0.998047
vt 0.284883 0.993852
vt 0.283408 0.998047
vt 0.392543 0.993645
vt 0.382561 0.583185
vt 0.384335 0.586882
vt 0.382575 0.586908
vt 0.278278 0.986094
vt 0.262536 0.610851
vt 0.261283 0.614221
vt 0.184058 0.982828
vt 0.172909 0.986095
vt 0.172909 0.982828
vt 0.162036 0.986020
vt 0.069275 0.985957
vt 0.079282 0.982828
vt 0.069275 0.982828
vt 0.058737 0.986072
vt 0.058737 0.982828
vt 0.111444 0.982828
vt 0.038624 0.005195
vt 0.033977 0.002182
vt 0.038570 0.002098
vt 0.034316 0.986121
vt 0.405872 0.993635
vt 0.405891 0.997476
vt 0.010540 0.982828
vt 0.400619 0.614268
vt 0.418839 0.993553
vt 0.323014 0.986009
vt 0.084850 0.177897
vt 0.085754 0.168732
vt 0.079493 0.169443
vt 0.117230 0.159039
vt 0.219876 0.205549
vt 0.206737 0.982828
vt 0.043284 0.908496
vt 0.001953 0.986176
vt 0.035385 0.019496
vt 0.176171 0.214311
vt 0.027030 0.040848
vt 0.353084 0.309227
vt 0.327604 0.586899
vt 0.316797 0.998047
vt 0.270551 0.610851
vt 0.001953 0.982828
vt 0.470218 0.993553
vt 0.331280 0.614288
vt 0.354580 0.314041
vt 0.355177 0.319263
vt 0.316061 0.273179
vt 0.159464 0.041399
vt 0.179417 0.005813
vt 0.599771 0.478687
vt 0.760865 0.700588
vt 0.721471 0.619037
vt 0.765061 0.312073
vt 0.598500 0.494795
vt 0.823864 0.269268
vt 0.823864 0.246545
vt 0.287188 0.361698
vt 0.299865 0.388541
vt 0.280295 0.388924
vt 0.720114 0.690665
vt 0.684281 0.291697
vt 0.299414 0.581576
vt 0.300650 0.558443
vt 0.301952 0.569139
vt 0.166781 0.001955
vt 0.173260 0.002078
vt 0.887651 0.087342
vt 0.793069 0.633990
vt 0.766474 0.616366
vt 0.262834 0.569875
vt 0.823864 0.386378
vt 0.847729 0.344963
vt 0.846558 0.345370
vt 0.684930 0.300352
vt 0.761720 0.438460
vt 0.887651 0.333649
vt 0.887651 0.365434
vt 0.887651 0.356527
vt 0.895566 0.365434
vt 0.823864 0.324585
vt 0.846503 0.328358
vt 0.713580 0.421797
vt 0.729575 0.409940
vt 0.887651 0.072061
vt 0.718926 0.661871
vt 0.159929 0.077843
vt 0.823864 0.134371
vt 0.291144 0.584493
vt 0.181384 0.016094
vt 0.846579 0.324076
vt 0.823864 0.321751
vt 0.847020 0.322119
vt 0.847729 0.322521
vt 0.823864 0.346552
vt 0.273004 0.388569
vt 0.271806 0.378256
vt 0.762481 0.352029
vt 0.164178 0.163161
vt 0.257411 0.521504
vt 0.588926 0.463660
vt 0.755886 0.177610
vt 0.823864 0.077036
vt 0.576845 0.516493
vt 0.887650 0.120524
vt 0.737992 0.138185
vt 0.755325 0.157819
vt 0.755292 0.118725
vt 0.765251 0.381922
vt 0.737092 0.157545
vt 0.300725 0.356204
vt 0.823864 0.091591
vt 0.743074 0.069312
vt 0.269217 0.395505
vt 0.267030 0.411814
vt 0.302301 0.575974
vt 0.298604 0.534589
vt 0.299465 0.546870
vt 0.847729 0.304186
vt 0.730130 0.352295
vt 0.887651 0.299024
vt 0.264952 0.429160
vt 0.887651 0.214771
vt 0.298805 0.492979
vt 0.765940 0.049856
vt 0.738048 0.183878
vt 0.767630 0.099463
vt 0.767960 0.118712
vt 0.163082 0.002188
vt 0.752423 0.035221
vt 0.755534 0.138101
vt 0.678930 0.192910
vt 0.679629 0.209483
vt 0.823864 0.105770
vt 0.302215 0.316491
vt 0.911884 0.351601
vt 0.681252 0.113924
vt 0.689946 0.130043
vt 0.679535 0.138894
vt 0.911943 0.277177
vt 0.678685 0.175314
vt 0.678883 0.157124
vt 0.763974 0.002635
vt 0.764503 0.028990
vt 0.302301 0.315578
vt 0.762852 0.351357
vt 0.887651 0.175745
vt 0.764967 0.036112
vt 0.765500 0.043043
vt 0.887651 0.195100
vt 0.766613 0.056626
vt 0.887651 0.287832
vt 0.703612 0.601650
vt 0.688887 0.600534
vt 0.881435 0.719289
vt 0.873272 0.720409
vt 0.086718 0.572331
vt 0.310874 0.633726
vt 0.436796 0.680329
vt 0.434861 0.699226
vt 0.881345 0.007970
vt 0.652377 0.967886
vt 0.964254 0.592626
vt 0.961497 0.593175
vt 0.961497 0.558384
vt 0.112987 0.887282
vt 0.303689 0.671159
vt 0.676964 0.934736
vt 0.947676 0.819488
vt 0.873282 0.828578
vt 0.881431 0.834798
vt 0.873339 0.834798
vt 0.964140 0.653701
vt 0.649374 0.556360
vt 0.646313 0.528871
vt 0.873436 0.593489
vt 0.881429 0.584953
vt 0.881422 0.594951
vt 0.654178 0.577007
vt 0.643902 0.481278
vt 0.645204 0.474608
vt 0.881431 0.721230
vt 0.881432 0.674580
vt 0.294377 0.699122
vt 0.669507 0.171801
vt 0.671965 0.170272
vt 0.681670 0.805725
vt 0.118080 0.198740
vt 0.202796 0.662136
vt 0.961497 0.540673
vt 0.671735 0.155179
vt 0.670165 0.155786
vt 0.881427 0.042819
vt 0.873551 0.040483
vt 0.881417 0.040284
vt 0.265913 0.621744
vt 0.312500 0.634096
vt 0.649465 0.081077
vt 0.649564 0.080877
vt 0.652261 0.085191
vt 0.518682 0.691871
vt 0.661983 0.102347
vt 0.114929 0.297636
vt 0.873156 0.028102
vt 0.677381 0.914220
vt 0.874113 0.008860
vt 0.131344 0.441773
vt 0.881432 0.859421
vt 0.881433 0.866365
vt 0.881431 0.471938
vt 0.873313 0.464104
vt 0.881431 0.463763
vt 0.873141 0.726513
vt 0.665246 0.631731
vt 0.667817 0.632231
vt 0.657105 0.588673
vt 0.674194 0.833878
vt 0.306040 0.527728
vt 0.947698 0.745826
vt 0.955301 0.745687
vt 0.273587 0.704485
vt 0.314969 0.621913
vt 0.105002 0.404558
vt 0.524329 0.754624
vt 0.521661 0.745887
vt 0.873277 0.042819
vt 0.873192 0.040240
vt 0.881432 0.425401
vt 0.881435 0.430136
vt 0.873290 0.329316
vt 0.873141 0.324258
vt 0.668588 0.181747
vt 0.668789 0.169186
vt 0.649711 0.073516
vt 0.651384 0.078206
vt 0.683044 0.413809
vt 0.689584 0.415672
vt 0.312793 0.622138
vt 0.311676 0.621692
vt 0.231926 0.665675
vt 0.031010 0.212079
vt 0.880745 0.909141
vt 0.881432 0.913479
vt 0.873301 0.913253
vt 0.955883 0.862097
vt 0.663123 0.619236
vt 0.127399 0.572064
vt 0.881414 0.002072
vt 0.947685 0.826619
vt 0.680047 0.633773
vt 0.306037 0.671478
vt 0.307299 0.672390
vt 0.881430 0.324258
vt 0.881430 0.331361
vt 0.001953 0.534550
vt 0.881434 0.702635
vt 0.673773 0.296765
vt 0.314388 0.634399
vt 0.306040 0.502932
vt 0.961497 0.551195
vt 0.964100 0.560749
vt 0.128181 0.582350
vt 0.947755 0.855877
vt 0.096238 0.294273
vt 0.873289 0.888484
vt 0.881444 0.880808
vt 0.881431 0.891464
vt 0.482352 0.753566
vt 0.485219 0.756411
vt 0.682813 0.369793
vt 0.690852 0.369850
vt 0.129406 0.593512
vt 0.454775 0.681904
vt 0.482294 0.776395
vt 0.411816 0.621619
vt 0.030889 0.220741
vt 0.881431 0.898306
vt 0.873336 0.903665
vt 0.873277 0.898061
vt 0.492548 0.621541
vt 0.487142 0.623019
vt 0.873269 0.892980
vt 0.482298 0.744198
vt 0.881428 0.903690
vt 0.873296 0.908638
vt 0.524329 0.764962
vt 0.521661 0.772139
vt 0.521661 0.765608
vt 0.668330 0.269034
vt 0.123650 0.386622
vt 0.223800 0.467289
vt 0.237546 0.453774
vt 0.673319 0.312011
vt 0.682770 0.419722
vt 0.918607 0.875380
vt 0.663188 0.106535
vt 0.881419 0.070374
vt 0.881294 0.117628
vt 0.645354 0.515535
vt 0.016244 0.579724
vt 0.668948 0.162662
vt 0.668871 0.157692
vt 0.873408 0.667952
vt 0.310053 0.673735
vt 0.092612 0.456762
vt 0.163710 0.220012
vt 0.306040 0.521342
vt 0.955957 0.745736
vt 0.690818 0.419667
vt 0.682827 0.356207
vt 0.691199 0.354516
vt 0.670313 0.071403
vt 0.881434 0.498872
vt 0.881432 0.503200
vt 0.308689 0.508663
vt 0.306040 0.506541
vt 0.308681 0.506541
vt 0.668717 0.152337
vt 0.485219 0.745612
vt 0.964150 0.544302
vt 0.961497 0.546816
vt 0.961497 0.544302
vt 0.177510 0.571820
vt 0.217788 0.473764
vt 0.676449 0.478032
vt 0.961497 0.612606
vt 0.004249 0.396836
vt 0.002248 0.334465
vt 0.918597 0.761628
vt 0.918602 0.763788
vt 0.910125 0.772200
vt 0.125198 0.454351
vt 0.482686 0.621600
vt 0.486909 0.623026
vt 0.673919 0.287972
vt 0.873202 0.002466
vt 0.873447 0.002096
vt 0.675180 0.865921
vt 0.521243 0.690403
vt 0.644193 0.496016
vt 0.306059 0.445284
vt 0.102411 0.197552
vt 0.482349 0.790930
vt 0.485219 0.816437
vt 0.482346 0.816093
vt 0.486978 0.622976
vt 0.918576 0.782328
vt 0.521661 0.754624
vt 0.650388 0.059693
vt 0.881429 0.550653
vt 0.873263 0.542198
vt 0.881434 0.542160
vt 0.294348 0.727430
vt 0.961497 0.542665
vt 0.947693 0.752825
vt 0.647782 0.545858
vt 0.211816 0.481604
vt 0.482471 0.816315
vt 0.002579 0.315645
vt 0.193969 0.249534
vt 0.210731 0.265810
vt 0.308679 0.529955
vt 0.873141 0.430136
vt 0.045379 0.222800
vt 0.521661 0.785549
vt 0.524312 0.785922
vt 0.294353 0.728289
vt 0.306040 0.516383
vt 0.308686 0.514793
vt 0.914256 0.824693
vt 0.873274 0.387481
vt 0.881433 0.397687
vt 0.910077 0.788224
vt 0.910075 0.786264
vt 0.918599 0.786962
vt 0.306040 0.399469
vt 0.308677 0.399303
vt 0.076664 0.202649
vt 0.112990 0.882172
vt 0.671885 0.162758
vt 0.881429 0.559184
vt 0.873252 0.550682
vt 0.130049 0.448847
vt 0.873326 0.455532
vt 0.873141 0.448512
vt 0.677012 0.512688
vt 0.910047 0.761959
vt 0.306040 0.511811
vt 0.086099 0.573197
vt 0.274136 0.679610
vt 0.261731 0.399215
vt 0.015678 0.577110
vt 0.013632 0.549341
vt 0.306040 0.504831
vt 0.308684 0.504158
vt 0.666840 0.641572
vt 0.659260 0.598173
vt 0.918597 0.784487
vt 0.261181 0.308571
vt 0.096138 0.974171
vt 0.485219 0.728885
vt 0.644025 0.489058
vt 0.956017 0.825822
vt 0.510522 0.731433
vt 0.881431 0.317006
vt 0.881430 0.634199
vt 0.669051 0.002521
vt 0.485219 0.750955
vt 0.643712 0.458474
vt 0.643863 0.465485
vt 0.661160 0.608054
vt 0.873474 0.560384
vt 0.881429 0.567407
vt 0.645801 0.521994
vt 0.524321 0.787487
vt 0.521661 0.787487
vt 0.964151 0.542241
vt 0.676114 0.466070
vt 0.873332 0.839582
vt 0.294355 0.679955
vt 0.203364 0.662443
vt 0.881430 0.480193
vt 0.873308 0.472323
vt 0.881433 0.575708
vt 0.873141 0.533767
vt 0.265623 0.699180
vt 0.679020 0.591098
vt 0.294372 0.709542
vt 0.964137 0.547751
vt 0.881434 0.535806
vt 0.873267 0.496687
vt 0.881430 0.494663
vt 0.513912 0.728763
vt 0.881430 0.839582
vt 0.881433 0.488483
vt 0.873317 0.480567
vt 0.262650 0.312338
vt 0.673983 0.273911
vt 0.485219 0.787154
vt 0.881431 0.437036
vt 0.881432 0.446190
vt 0.881428 0.376999
vt 0.881433 0.387484
vt 0.881429 0.415599
vt 0.881429 0.408127
vt 0.881432 0.420562
vt 0.881430 0.455174
vt 0.873268 0.377000
vt 0.881433 0.309662
vt 0.873312 0.488473
vt 0.272510 0.906777
vt 0.312795 0.973879
vt 0.269242 0.910695
vt 0.031033 0.211371
vt 0.080435 0.611312
vt 0.383872 0.726962
vt 0.383872 0.722033
vt 0.391622 0.725074
vt 0.955282 0.570573
vt 0.955282 0.588101
vt 0.941453 0.839782
vt 0.941453 0.853002
vt 0.933807 0.852939
vt 0.941453 0.865956
vt 0.377657 0.738113
vt 0.370183 0.737751
vt 0.256993 0.166554
vt 0.264639 0.154047
vt 0.264639 0.166538
vt 0.775464 0.182546
vt 0.264639 0.146983
vt 0.933807 0.753493
vt 0.955244 0.671564
vt 0.947782 0.684747
vt 0.783959 0.192434
vt 0.235457 0.117793
vt 0.955282 0.539764
vt 0.780534 0.056761
vt 0.780136 0.081450
vt 0.323482 0.887671
vt 0.316326 0.889981
vt 0.316341 0.887526
vt 0.933807 0.909777
vt 0.941453 0.892202
vt 0.941453 0.911409
vt 0.941453 0.879593
vt 0.933807 0.886509
vt 0.941449 0.442641
vt 0.235366 0.075295
vt 0.227841 0.076063
vt 0.817271 0.002083
vt 0.326415 0.966260
vt 0.391502 0.731743
vt 0.370489 0.741626
vt 0.377657 0.741626
vt 0.947668 0.666675
vt 0.941449 0.460212
vt 0.933807 0.467222
vt 0.264639 0.125106
vt 0.264639 0.140907
vt 0.955245 0.630049
vt 0.941449 0.495350
vt 0.941449 0.512807
vt 0.933807 0.502141
vt 0.941449 0.477820
vt 0.955245 0.689081
vt 0.326363 0.967358
vt 0.933807 0.931311
vt 0.941453 0.931313
vt 0.401967 0.560250
vt 0.316341 0.864460
vt 0.955282 0.490179
vt 0.955282 0.498019
vt 0.402723 0.005863
vt 0.410189 0.003258
vt 0.947664 0.495826
vt 0.370065 0.716293
vt 0.370489 0.716017
vt 0.955282 0.552957
vt 0.323882 0.877116
vt 0.370065 0.726642
vt 0.394856 0.578887
vt 0.401872 0.571525
vt 0.402461 0.578427
vt 0.333812 0.943348
vt 0.326388 0.941324
vt 0.235357 0.947763
vt 0.933807 0.814440
vt 0.808613 0.053348
vt 0.782110 0.054307
vt 0.955282 0.515113
vt 0.955282 0.481641
vt 0.955282 0.604097
vt 0.955244 0.614095
vt 0.784868 0.193518
vt 0.784728 0.151121
vt 0.947668 0.706015
vt 0.316341 0.877116
vt 0.947750 0.645356
vt 0.780492 0.147249
vt 0.941453 0.804688
vt 0.941453 0.822201
vt 0.227727 0.970996
vt 0.394829 0.555092
vt 0.402559 0.554336
vt 0.402424 0.555146
vt 0.785143 0.217449
vt 0.377657 0.716834
vt 0.941449 0.406611
vt 0.807941 0.225901
vt 0.323759 0.890042
vt 0.323882 0.887707
vt 0.767215 0.903128
vt 0.785942 0.923122
vt 0.769119 0.927759
vt 0.831401 0.829549
vt 0.773193 0.950705
vt 0.852458 0.855366
vt 0.801432 0.899878
vt 0.804805 0.882096
vt 0.864612 0.895587
vt 0.863617 0.873078
vt 0.807059 0.970828
vt 0.767083 0.878129
vt 0.768507 0.853176
vt 0.852788 0.965589
vt 0.770979 0.828759
vt 0.792665 0.971869
vt 0.835397 0.795998
vt 0.835843 0.773913
vt 0.859745 0.792620
vt 0.859591 0.763971
vt 0.859373 0.777673
vt 0.861741 0.829003
vt 0.860410 0.743641
vt 0.785763 0.737054
vt 0.862836 0.739348
vt 0.859208 0.717479
vt 0.866485 0.731955
vt 0.592648 0.001953
vt 0.533740 0.074662
vt 0.592648 0.074662
vt 0.964143 0.655394
vt 0.002314 0.581738
vt 0.004947 0.590780
vt 0.003211 0.588680
vt 0.003529 0.594738
vt 0.003471 0.600421
vt 0.003193 0.605938
vt 0.002909 0.611410
vt 0.570562 0.495974
vt 0.537070 0.541996
vt 0.537070 0.492400
vt 0.570562 0.468401
vt 0.570562 0.544328
vt 0.537070 0.567174
vt 0.699512 0.939184
vt 0.487955 0.570943
vt 0.707391 0.917261
vt 0.702189 0.901195
vt 0.450556 0.743476
vt 0.491472 0.552814
vt 0.493301 0.566416
vt 0.706348 0.907315
vt 0.491942 0.732387
vt 0.708334 0.953393
vt 0.003777 0.878470
vt 0.004523 0.855878
vt 0.502071 0.449468
vt 0.531671 0.459665
vt 0.492672 0.881989
vt 0.476870 0.442863
vt 0.696236 0.806669
vt 0.727498 0.768173
vt 0.476877 0.421618
vt 0.507965 0.425154
vt 0.711549 0.764807
vt 0.516478 0.403077
vt 0.513576 0.404454
vt 0.726264 0.758894
vt 0.498926 0.372087
vt 0.010989 0.897759
vt 0.716411 0.934209
vt 0.002183 0.912629
vt 0.478204 0.949540
vt 0.487669 0.360881
vt 0.705689 0.714323
vt 0.456062 0.958488
vt 0.444642 0.962483
vt 0.016501 0.713135
vt 0.465544 0.734523
vt 0.444612 0.722493
vt 0.533740 0.001953
vt 0.237106 0.048454
vt 0.255965 0.215923
vt 0.459242 0.400083
vt 0.456368 0.403245
vt 0.451751 0.398549
vt 0.376965 0.543874
vt 0.379726 0.552988
vt 0.378867 0.556543
vt 0.351431 0.556583
vt 0.359749 0.559602
vt 0.360309 0.565385
vt 0.412087 0.469337
vt 0.405160 0.479353
vt 0.408266 0.447054
vt 0.370884 0.454410
vt 0.377909 0.443678
vt 0.377989 0.488549
vt 0.383342 0.540722
vt 0.388193 0.534305
vt 0.387442 0.548346
vt 0.372336 0.534491
vt 0.390428 0.503633
vt 0.385373 0.506458
vt 0.383446 0.468739
vt 0.379899 0.360480
vt 0.376227 0.371431
vt 0.368784 0.368492
vt 0.419987 0.371348
vt 0.438839 0.401935
vt 0.422244 0.386930
vt 0.411463 0.497408
vt 0.426514 0.483773
vt 0.424727 0.503525
vt 0.400837 0.503825
vt 0.399044 0.535749
vt 0.395736 0.506927
vt 0.332676 0.505118
vt 0.317958 0.499026
vt 0.321126 0.437719
vt 0.331097 0.451117
vt 0.339603 0.461582
vt 0.353531 0.510814
vt 0.342647 0.499780
vt 0.349443 0.488185
vt 0.381087 0.515317
vt 0.374732 0.511152
vt 0.368577 0.512257
vt 0.364445 0.485332
vt 0.330166 0.414715
vt 0.315993 0.428408
vt 0.347712 0.518268
vt 0.343068 0.525100
vt 0.338029 0.516053
vt 0.337310 0.528364
vt 0.338941 0.535279
vt 0.326870 0.526780
vt 0.356150 0.474793
vt 0.358098 0.494476
vt 0.389042 0.414444
vt 0.428171 0.433721
vt 0.427869 0.451086
vt 0.421337 0.445233
vt 0.347768 0.452815
vt 0.341824 0.408721
vt 0.404992 0.426797
vt 0.400410 0.460152
vt 0.395187 0.461378
vt 0.415805 0.409999
vt 0.429822 0.423142
vt 0.375964 0.312647
vt 0.364616 0.328833
vt 0.364961 0.313762
vt 0.436436 0.402493
vt 0.434556 0.404379
vt 0.383467 0.374387
vt 0.384408 0.387983
vt 0.377066 0.385718
vt 0.389905 0.452313
vt 0.397190 0.415915
vt 0.369250 0.548238
vt 0.363119 0.540951
vt 0.349787 0.379027
vt 0.357259 0.390041
vt 0.345988 0.394295
vt 0.455020 0.387235
vt 0.319181 0.389825
vt 0.321019 0.386488
vt 0.327670 0.380479
vt 0.393335 0.359088
vt 0.396927 0.372664
vt 0.335562 0.389095
vt 0.340599 0.379211
vt 0.425817 0.402773
vt 0.412536 0.395206
vt 0.327487 0.377659
vt 0.341719 0.361524
vt 0.316628 0.475963
vt 0.391227 0.390121
vt 0.382509 0.410888
vt 0.407459 0.379685
vt 0.419825 0.521791
vt 0.421684 0.553523
vt 0.416525 0.551501
vt 0.414666 0.553825
vt 0.412785 0.550431
vt 0.421762 0.558993
vt 0.422763 0.562752
vt 0.425389 0.589047
vt 0.380065 0.573618
vt 0.380244 0.576303
vt 0.372924 0.570168
vt 0.415634 0.558474
vt 0.407682 0.515654
vt 0.433432 0.576334
vt 0.439516 0.582103
vt 0.439792 0.589870
vt 0.331356 0.401526
vt 0.383528 0.549304
vt 0.410817 0.548839
vt 0.406611 0.547932
vt 0.347630 0.361029
vt 0.317177 0.401597
vt 0.318059 0.393133
vt 0.415705 0.604068
vt 0.419720 0.583865
vt 0.423400 0.608213
vt 0.420879 0.345166
vt 0.408304 0.328700
vt 0.433173 0.346807
vt 0.329133 0.518678
vt 0.323067 0.520435
vt 0.381311 0.550860
vt 0.451240 0.367273
vt 0.443549 0.360141
vt 0.419111 0.358051
vt 0.405041 0.361258
vt 0.460378 0.387710
vt 0.462634 0.381960
vt 0.468195 0.398869
vt 0.356690 0.427868
vt 0.351136 0.408234
vt 0.390639 0.340233
vt 0.387801 0.352604
vt 0.379547 0.347776
vt 0.364776 0.518585
vt 0.357423 0.522359
vt 0.451108 0.358487
vt 0.456167 0.367127
vt 0.353236 0.371170
vt 0.361983 0.380611
vt 0.405821 0.406587
vt 0.375497 0.567095
vt 0.367920 0.562865
vt 0.368018 0.305738
vt 0.353617 0.338580
vt 0.360501 0.325235
vt 0.369213 0.404691
vt 0.363866 0.439782
vt 0.405442 0.348135
vt 0.403637 0.333926
vt 0.379292 0.324426
vt 0.394131 0.323184
vt 0.320939 0.514976
vt 0.355000 0.540960
vt 0.356603 0.552532
vt 0.348895 0.544443
vt 0.364746 0.565404
vt 0.342376 0.542731
vt 0.345660 0.550217
vt 0.339475 0.542646
vt 0.431094 0.414214
vt 0.386567 0.317775
vt 0.396030 0.314915
vt 0.376026 0.335507
vt 0.369383 0.571709
vt 0.432547 0.369095
vt 0.437151 0.364956
vt 0.362615 0.399547
vt 0.366514 0.338375
vt 0.369909 0.347816
vt 0.356859 0.346318
vt 0.399799 0.392805
vt 0.361396 0.511492
vt 0.380618 0.306315
vt 0.444054 0.401627
vt 0.374816 0.411650
vt 0.392208 0.531874
vt 0.423851 0.332527
vt 0.412081 0.324672
vt 0.349642 0.532665
vt 0.439253 0.345183
vt 0.445742 0.351817
vt 0.434132 0.614252
vt 0.429050 0.611557
vt 0.417579 0.567506
vt 0.397109 0.547721
vt 0.392755 0.547879
vt 0.365981 0.354626
vt 0.369756 0.382994
vt 0.425106 0.567091
vt 0.315912 0.451565
vt 0.427112 0.465324
vt 0.443231 0.368114
vt 0.446483 0.388250
vt 0.379621 0.569391
vt 0.423980 0.517737
vt 0.422512 0.536549
vt 0.373114 0.301900
vt 0.369250 0.300298
vt 0.348708 0.347433
vt 0.449862 0.402601
vt 0.360821 0.362927
vt 0.335188 0.537216
vt 0.441510 0.390885
vt 0.319271 0.509103
vt 0.465456 0.404048
vt 0.464635 0.400461
vt 0.431982 0.338739
vt 0.461558 0.403679
vt 0.432664 0.408127
vt 0.190791 0.563917
vt 0.540579 0.376182
vt 0.265435 0.193648
vt 0.259719 0.215422
vt 0.927592 0.501724
vt 0.903709 0.371649
vt 0.927592 0.754970
vt 0.186080 0.614305
vt 0.268166 0.205104
vt 0.259671 0.215440
vt 0.525343 0.943809
vt 0.021379 0.046353
vt 0.814540 0.657539
vt 0.456276 0.491251
vt 0.650122 0.136772
vt 0.007869 0.263369
vt 0.286575 0.920109
vt 0.266198 0.282076
vt 0.001991 0.634638
vt 0.103238 0.130096
vt 0.828917 0.489437
vt 0.184122 0.976154
vt 0.140035 0.905856
vt 0.846374 0.692862
vt 0.152183 0.002093
vt 0.268323 0.200155
vt 0.786348 0.304015
vt 0.859561 0.580649
vt 0.398012 0.982286
vt 0.966563 0.457529
vt 0.193025 0.156193
vt 0.468644 0.972460
vt 0.609441 0.982285
vt 0.957710 0.152361
vt 0.859562 0.540649
vt 0.746964 0.928306
vt 0.918159 0.229181
vt 0.636389 0.993067
vt 0.496699 0.987196
vt 0.826359 0.997788
vt 0.105677 0.992391
vt 0.050387 0.967346
vt 0.921533 0.001998
vt 0.966563 0.482433
vt 0.806870 0.640611
vt 0.859562 0.498688
vt 0.380781 0.586915
vt 0.433231 0.997476
vt 0.130142 0.982828
vt 0.232502 0.998047
vt 0.111444 0.986113
vt 0.400632 0.610851
vt 0.078069 0.176376
vt 0.461062 0.993553
vt 0.772019 0.701264
vt 0.718354 0.677762
vt 0.726053 0.696773
vt 0.887651 0.008639
vt 0.602897 0.566593
vt 0.881429 0.828578
vt 0.485219 0.776352
vt 0.306040 0.508511
vt 0.964131 0.612475
vt 0.306040 0.530154
vt 0.058874 0.211904
vt 0.941453 0.753230
vt 0.227825 0.117326
vt 0.333800 0.969370
vt 0.774145 0.805682
vt 0.863643 0.957982
vt 0.780665 0.966885
vt 0.866858 0.723593
vt 0.803700 0.699664
vt 0.961497 0.655394
vt 0.537070 0.468401
vt 0.570562 0.567174
vt 0.253403 0.034314
vt 0.469604 0.404226
s 1
usemtl mouse_tex
f 110/1/1 96/2/2 108/3/3
f 79/4/4 76/5/5 78/6/6
f 21/7/7 38/8/8 22/9/9
f 171/10/10 35/11/11 33/12/12
f 65/13/13 54/14/14 64/15/15
f 60/16/16 72/17/17 36/18/18
f 64/15/15 53/19/19 66/20/20
f 92/21/21 89/22/22 91/23/23
f 49/24/24 50/25/25 180/26/26
f 178/27/27 24/28/28 4/29/29
f 38/8/8 36/18/18 37/30/30
f 117/31/31 116/32/32 131/33/33
f 3/34/34 62/35/35 151/36/36
f 176/37/37 175/38/38 25/39/39
f 24/28/28 5/40/40 4/29/29
f 114/41/41 111/42/42 112/43/43
f 103/44/44 101/45/45 116/32/32
f 25/39/39 27/46/46 26/47/47
f 75/48/48 87/49/49 152/50/50
f 108/3/3 95/51/51 109/52/52
f 114/41/41 112/43/43 125/53/53
f 72/17/17 60/16/16 70/54/54
f 173/55/55 33/12/12 104/56/56
f 70/54/54 58/57/57 68/58/58
f 152/50/50 66/20/20 53/19/19
f 55/59/59 51/60/60 54/14/14
f 54/14/14 67/61/61 55/59/59
f 45/62/62 113/63/63 115/64/64
f 150/65/65 9/66/66 168/67/67
f 58/57/57 57/68/68 56/69/69
f 2/70/70 62/35/35 3/34/34
f 29/71/71 31/72/72 30/73/73
f 26/47/47 74/74/74 61/75/75
f 107/76/76 122/77/77 109/52/52
f 68/58/58 58/57/57 56/69/69
f 141/78/78 161/79/79 140/80/80
f 55/59/59 68/58/58 56/69/69
f 130/81/81 181/82/82 128/83/83
f 10/84/84 12/85/85 166/86/86
f 118/87/87 154/88/88 155/89/89
f 25/39/39 175/38/38 27/46/46
f 28/90/90 29/71/71 30/73/73
f 63/91/91 75/48/48 152/50/50
f 135/92/92 156/93/93 157/94/94
f 115/64/64 48/95/95 45/62/62
f 77/96/96 87/49/49 88/97/97
f 9/66/66 51/60/60 7/98/98
f 76/5/5 64/15/15 66/20/20
f 76/5/5 65/13/13 64/15/15
f 51/60/60 8/99/99 7/98/98
f 64/15/15 54/14/14 53/19/19
f 71/100/100 84/101/101 73/102/102
f 182/103/103 165/104/104 144/105/105
f 128/83/83 129/106/106 130/81/81
f 121/107/107 108/3/3 109/52/52
f 143/108/108 165/104/104 164/109/109
f 74/74/74 87/49/49 75/48/48
f 65/13/13 79/4/4 67/61/61
f 97/110/110 100/111/111 99/112/112
f 166/86/86 15/113/113 14/114/114
f 181/82/82 165/104/104 182/103/103
f 178/27/27 177/115/115 24/28/28
f 158/116/116 119/117/117 159/118/118
f 177/115/115 176/37/37 25/39/39
f 182/103/103 180/26/26 50/25/25
f 66/20/20 78/6/6 76/5/5
f 30/73/73 116/32/32 101/45/45
f 90/119/119 102/120/120 153/121/121
f 111/42/42 115/64/64 113/63/63
f 34/122/122 131/33/33 116/32/32
f 30/73/73 104/56/56 34/122/122
f 102/120/120 103/44/44 153/121/121
f 120/123/123 160/124/124 122/77/77
f 106/125/125 120/123/123 107/76/76
f 79/4/4 94/126/126 81/127/127
f 81/127/127 80/128/128 79/4/4
f 164/109/109 130/81/81 129/106/106
f 39/129/129 72/17/17 73/102/102
f 82/130/130 85/131/131 84/101/101
f 140/80/80 160/124/124 139/132/132
f 18/133/133 20/134/134 17/135/135
f 36/18/18 72/17/17 40/136/136
f 33/12/12 132/137/137 131/33/33
f 49/24/24 47/138/138 50/25/25
f 171/10/10 170/139/139 35/11/11
f 68/58/58 71/100/100 70/54/54
f 88/97/97 102/120/120 77/96/96
f 172/140/140 171/10/10 33/12/12
f 96/2/2 111/42/42 98/141/141
f 33/12/12 35/11/11 32/142/142
f 22/9/9 38/8/8 37/30/30
f 88/97/97 87/49/49 86/143/143
f 59/144/144 21/7/7 19/145/145
f 89/22/22 95/51/51 93/146/146
f 43/147/147 99/112/112 100/111/111
f 149/148/148 132/137/137 148/149/149
f 159/118/118 118/87/87 156/93/93
f 89/22/22 78/6/6 77/96/96
f 44/150/150 85/131/131 99/112/112
f 105/151/151 153/121/121 154/88/88
f 61/75/75 75/48/48 63/91/91
f 24/28/28 26/47/47 5/40/40
f 148/149/149 32/142/142 35/11/11
f 52/152/152 151/36/36 62/35/35
f 53/19/19 62/35/35 63/91/91
f 78/6/6 93/146/146 79/4/4
f 46/153/153 100/111/111 113/63/63
f 157/94/94 133/154/154 149/148/148
f 162/155/155 129/106/106 127/156/156
f 21/7/7 20/134/134 19/145/145
f 52/152/152 54/14/14 51/60/60
f 103/44/44 102/120/120 101/45/45
f 77/96/96 91/23/23 89/22/22
f 94/126/126 98/141/141 97/110/110
f 145/157/157 148/149/149 35/11/11
f 128/83/83 115/64/64 114/41/41
f 147/158/158 149/148/148 148/149/149
f 5/40/40 61/75/75 2/70/70
f 124/159/159 127/156/156 125/53/53
f 104/56/56 33/12/12 34/122/122
f 28/90/90 175/38/38 174/160/160
f 4/29/29 2/70/70 1/161/161
f 138/162/162 160/124/124 158/116/116
f 167/163/163 11/164/164 10/84/84
f 21/7/7 59/144/144 38/8/8
f 169/165/165 151/36/36 150/65/65
f 23/166/166 17/135/135 20/134/134
f 80/128/128 83/167/167 82/130/130
f 27/46/46 86/143/143 74/74/74
f 162/155/155 126/168/168 163/169/169
f 25/39/39 24/28/28 177/115/115
f 142/170/170 163/169/169 141/78/78
f 98/141/141 113/63/63 100/111/111
f 121/107/107 126/168/168 124/159/159
f 134/171/171 157/94/94 149/148/148
f 137/172/172 158/116/116 159/118/118
f 136/173/173 159/118/118 156/93/93
f 11/164/164 56/69/69 12/85/85
f 112/43/43 111/42/42 110/1/1
f 14/114/114 16/174/174 13/175/175
f 154/88/88 103/44/44 117/31/31
f 48/95/95 181/82/82 47/138/138
f 83/167/167 99/112/112 85/131/131
f 13/175/175 19/145/145 18/133/133
f 36/18/18 59/144/144 60/16/16
f 152/50/50 87/49/49 66/20/20
f 12/85/85 57/68/68 15/113/113
f 67/61/61 80/128/128 69/176/176
f 142/170/170 164/109/109 162/155/155
f 122/77/77 161/79/79 123/177/177
f 70/54/54 60/16/16 58/57/57
f 181/82/82 50/25/25 47/138/138
f 28/90/90 101/45/45 86/143/143
f 90/119/119 106/125/125 91/23/23
f 108/3/3 96/2/2 95/51/51
f 131/33/33 133/154/154 117/31/31
f 92/21/21 109/52/52 95/51/51
f 145/157/157 170/139/139 146/178/178
f 6/179/179 8/99/99 167/163/163
f 108/3/3 124/159/159 110/1/1
f 41/180/180 84/101/101 85/131/131
f 122/77/77 121/107/107 109/52/52
f 70/54/54 73/102/102 72/17/17
f 16/174/174 59/144/144 19/145/145
f 22/9/9 20/134/134 21/7/7
f 57/68/68 16/174/174 15/113/113
f 57/68/68 60/16/16 59/144/144
f 117/31/31 103/44/44 116/32/32
f 173/55/55 172/140/140 33/12/12
f 125/53/53 129/106/106 114/41/41
f 69/176/176 68/58/58 67/61/61
f 69/176/176 82/130/130 71/100/100
f 42/181/181 73/102/102 84/101/101
f 168/67/67 7/98/98 6/179/179
f 156/93/93 155/89/89 157/94/94
f 81/127/127 97/110/110 83/167/167
f 93/146/146 96/2/2 94/126/126
f 91/23/23 107/76/76 92/21/21
f 86/143/143 102/120/120 88/97/97
f 63/91/91 62/35/35 61/75/75
f 1/161/161 3/34/34 169/165/165
f 8/99/99 55/59/59 11/164/164
f 163/169/169 123/177/177 161/79/79
f 124/159/159 112/43/43 110/1/1
f 105/151/151 119/117/117 106/125/125
f 63/91/91 152/50/50 53/19/19
f 155/89/89 117/31/31 133/154/154
f 324/182/182 325/183/183 327/184/184
f 317/185/185 318/186/186 319/187/187
f 222/188/188 223/189/189 224/190/190
f 275/191/191 273/192/192 274/193/193
f 252/194/194 251/195/195 254/196/196
f 257/197/197 256/198/198 260/199/199
f 273/192/192 275/191/191 226/200/200
f 217/201/201 272/202/202 213/203/203
f 279/204/204 278/205/205 281/206/206
f 326/207/207 327/184/184 329/208/208
f 333/209/209 336/210/210 337/211/211
f 349/212/212 348/213/213 351/214/214
f 344/215/215 345/216/216 346/217/217
f 282/218/218 283/219/219 284/220/220
f 328/221/221 329/208/208 341/222/222
f 357/223/223 356/224/224 362/225/225
f 372/226/226 351/214/214 374/227/227
f 397/228/228 432/229/229 429/230/230
f 400/231/231 413/232/232 401/233/233
f 403/234/234 392/235/235 434/236/236
f 457/237/237 384/238/238 401/233/239
f 400/231/231 406/239/240 407/240/241
f 409/241/242 412/242/243 399/243/244
f 413/232/232 400/231/231 408/244/245
f 424/245/246 427/246/247 385/247/246
f 450/248/248 442/249/249 444/250/250
f 390/251/251 441/252/252 447/253/253
f 432/229/254 430/254/255 431/255/254
f 434/236/256 430/256/255 396/257/255
f 456/258/257 3601/259/258 413/232/258
f 442/249/259 388/260/260 389/261/261
f 387/262/262 442/249/259 389/261/261
f 400/231/231 401/233/233 384/238/263
f 389/261/261 390/251/264 405/263/265
f 406/239/240 385/247/266 427/246/267
f 388/260/260 440/264/268 390/251/264
f 435/265/269 434/236/236 394/266/270
f 421/267/271 395/268/272 418/269/273
f 403/234/234 434/236/236 395/268/274
f 396/257/275 432/229/229 397/228/228
f 395/268/274 396/257/275 397/228/228
f 385/247/246 423/270/276 424/245/246
f 3599/271/277 437/272/278 436/273/278
f 461/274/279 416/275/280 411/276/281
f 474/277/282 489/278/283 475/279/284
f 464/280/285 490/281/286 484/282/287
f 492/283/288 485/284/289 487/285/290
f 484/282/287 487/286/291 485/287/292
f 490/281/286 464/280/285 481/288/293
f 494/289/294 498/290/295 499/291/296
f 484/292/297 471/293/298 491/294/299
f 499/295/300 473/296/301 479/297/302
f 479/298/303 468/299/304 480/300/305
f 474/277/282 475/279/284 476/301/306
f 466/302/307 476/303/308 475/304/309
f 484/282/287 490/281/286 500/305/310
f 493/306/311 484/282/287 500/305/310
f 478/307/312 468/299/304 479/298/303
f 520/308/313 506/309/314 507/310/315
f 501/311/316 514/312/317 515/313/318
f 509/314/319 510/315/320 511/316/321
f 509/314/319 508/317/322 510/315/320
f 503/318/323 502/319/324 526/320/325
f 518/321/326 517/322/327 504/323/328
f 520/324/329 510/325/330 508/326/331
f 518/327/332 504/328/333 526/329/334
f 512/330/335 510/325/330 521/331/336
f 523/332/337 503/333/338 526/329/334
f 521/331/336 520/324/329 507/334/339
f 507/334/339 525/335/340 521/331/336
f 547/336/341 558/337/342 555/338/343
f 557/339/344 540/340/345 541/341/346
f 537/342/347 536/343/348 553/344/349
f 531/345/350 533/346/351 551/347/352
f 557/339/344 541/341/346 543/348/353
f 535/349/354 534/350/355 552/351/356
f 529/352/357 558/337/342 547/336/341
f 529/352/357 530/353/358 558/337/342
f 527/354/359 540/340/345 557/339/344
f 535/349/354 533/346/351 534/350/355
f 537/342/347 534/350/355 536/343/348
f 543/348/353 542/355/360 556/356/361
f 543/348/353 541/341/346 542/355/360
f 540/340/345 527/354/359 528/357/362
f 551/347/363 552/351/364 553/344/365
f 535/349/366 552/351/364 551/347/363
f 552/351/367 537/342/367 553/344/367
f 548/358/368 531/345/369 551/347/363
f 550/359/370 527/354/371 549/360/372
f 544/361/373 548/358/368 546/362/374
f 530/353/375 546/362/374 558/337/376
f 551/347/363 546/362/374 548/358/368
f 577/363/377 578/364/378 595/365/379
f 591/366/380 570/367/381 560/368/382
f 564/369/383 576/370/384 574/371/385
f 575/372/386 574/371/385 576/370/384
f 586/373/387 585/374/388 599/375/389
f 561/376/390 601/377/391 598/378/392
f 599/375/389 585/374/388 587/379/393
f 597/380/394 565/381/395 602/382/396
f 560/368/382 559/383/397 594/384/398
f 604/385/399 586/386/400 599/387/401
f 605/388/402 573/389/403 592/390/404
f 559/383/397 560/368/382 570/367/381
f 592/391/405 572/392/406 571/393/407
f 568/394/408 562/395/409 569/396/410
f 576/370/384 564/369/383 593/397/411
f 602/398/412 604/385/399 597/399/413
f 591/400/414 560/401/415 594/402/416
f 597/399/413 604/385/399 590/403/417
f 605/388/402 578/404/418 593/405/419
f 596/406/420 578/404/418 605/388/402
f 594/402/416 582/407/421 596/406/420
f 579/408/422 595/409/423 596/406/420
f 590/403/417 576/410/424 597/399/413
f 591/400/414 596/406/420 605/388/402
f 2852/411/425 620/412/426 643/413/427
f 634/414/428 640/415/429 633/416/430
f 617/417/431 618/418/432 642/419/433
f 628/420/434 608/421/435 626/422/436
f 628/423/437 2851/424/438 608/425/439
f 616/426/440 614/427/441 615/428/442
f 629/429/443 647/430/444 630/431/445
f 626/422/436 627/432/446 628/420/434
f 622/433/447 623/434/448 621/435/449
f 633/436/450 631/437/451 632/438/452
f 609/439/453 629/429/443 633/436/450
f 628/420/434 641/440/454 629/429/443
f 623/434/455 2857/441/456 2859/442/457
f 607/443/458 639/444/459 2850/445/460
f 629/429/443 641/440/454 647/430/444
f 2856/446/461 612/447/462 632/438/463
f 654/448/464 655/449/465 653/450/466
f 667/451/467 652/452/468 651/453/469
f 674/454/470 656/455/471 655/449/465
f 652/452/468 669/456/472 653/450/466
f 649/457/473 648/458/474 678/459/475
f 800/460/476 664/461/477 649/457/473
f 656/455/471 657/462/478 658/463/479
f 801/464/480 672/465/481 798/466/482
f 798/466/482 670/467/483 794/468/484
f 806/469/485 681/470/486 797/471/487
f 648/472/488 685/473/489 684/474/490
f 684/474/490 683/475/491 682/476/492
f 682/476/492 680/477/493 681/478/494
f 793/479/495 800/460/496 678/459/497
f 699/480/498 696/481/499 691/482/500
f 698/483/501 694/484/502 690/485/503
f 691/482/500 692/486/504 697/487/505
f 699/480/498 691/482/500 700/488/506
f 692/486/504 694/484/502 693/489/507
f 709/490/508 708/491/509 712/492/510
f 704/493/511 705/494/512 703/495/513
f 718/496/514 720/497/514 714/498/515
f 713/499/516 712/500/517 715/501/518
f 703/502/519 717/503/520 716/504/521
f 720/497/522 716/505/523 717/506/524
f 774/507/525 772/508/526 773/509/527
f 769/510/528 767/511/529 768/512/530
f 794/468/531 803/513/532 678/459/497
f 795/514/533 801/464/534 678/459/497
f 796/515/535 804/516/536 678/459/497
f 797/471/537 805/517/538 678/459/497
f 678/459/497 803/513/532 793/479/495
f 678/459/497 804/516/536 795/514/533
f 678/459/497 805/517/538 796/515/535
f 678/459/497 806/469/539 797/471/537
f 800/460/496 649/457/540 678/459/497
f 801/464/534 798/466/541 678/459/497
f 802/518/542 806/469/539 678/459/497
f 678/459/497 798/466/541 794/468/531
f 678/459/497 799/519/543 802/518/542
f 898/520/544 834/521/545 899/522/546
f 1075/523/547 1074/524/548 1151/525/549
f 947/526/550 959/527/551 960/528/552
f 834/521/545 898/520/544 833/529/553
f 962/530/554 945/531/555 946/532/556
f 974/533/557 975/534/558 976/535/559
f 1285/536/560 1286/537/561 1288/538/562
f 828/539/563 892/540/564 926/541/565
f 1209/542/566 1208/543/567 1210/544/568
f 1375/545/569 1172/546/570 1186/547/571
f 1317/548/572 1383/549/573 1318/550/574
f 1294/551/575 1197/552/576 1293/553/577
f 1152/554/578 1112/555/579 1153/556/580
f 1281/557/581 1282/558/582 1283/559/583
f 1281/557/581 1280/560/584 1311/561/585
f 993/562/586 823/563/587 987/564/588
f 1129/565/589 1128/566/590 1116/567/591
f 1378/568/592 1209/542/566 1210/544/568
f 1388/569/593 1207/570/594 1376/571/595
f 1324/572/596 1200/573/597 1360/574/598
f 1042/575/599 1096/576/600 1043/577/601
f 1261/578/602 1205/579/603 1204/580/604
f 1237/581/605 1346/582/606 1347/583/607
f 1017/584/608 843/585/609 842/586/610
f 1250/587/611 1251/588/612 1310/589/613
f 1178/590/614 1355/591/615 1354/592/616
f 1203/593/617 1201/594/618 1202/595/619
f 850/596/620 848/597/621 849/598/622
f 1202/595/619 1257/599/623 1196/600/624
f 1255/601/625 1292/602/626 1254/603/627
f 944/604/628 964/605/629 943/606/630
f 830/607/631 893/608/632 827/609/633
f 1230/610/634 1226/611/635 1228/612/636
f 891/613/637 987/614/638 823/615/639
f 897/616/640 833/529/553 898/520/544
f 923/617/641 873/618/642 817/619/643
f 980/620/644 933/621/645 979/622/646
f 870/623/647 868/624/648 869/625/649
f 1165/626/650 1047/627/651 1144/628/652
f 849/629/653 1026/630/654 850/631/655
f 1380/632/656 1314/633/657 1323/634/658
f 1377/635/659 1376/636/660 1378/637/661
f 957/638/662 821/639/663 987/640/664
f 810/641/665 881/642/666 887/643/667
f 839/644/668 903/645/669 838/646/670
f 840/647/671 905/648/672 904/649/673
f 1180/650/674 1182/651/675 1355/591/615
f 984/652/676 928/653/677 930/654/678
f 1115/655/679 1151/525/549 1117/656/680
f 942/657/681 965/658/682 966/659/683
f 987/640/664 891/660/684 957/638/662
f 1005/661/685 835/662/686 1004/663/687
f 988/664/688 950/665/689 1025/666/690
f 1014/667/691 839/668/692 1013/669/693
f 808/670/694 925/671/695 984/672/696
f 1258/673/697 1226/611/635 1229/674/698
f 991/675/699 1028/676/700 1027/677/701
f 1259/678/702 1229/674/698 1232/679/703
f 1295/680/704 1296/681/705 1297/682/706
f 926/541/565 891/613/637 823/615/639
f 976/535/559 977/683/707 978/684/708
f 958/685/709 807/686/710 875/687/711
f 946/532/556 961/688/712 962/530/554
f 1254/689/713 1356/690/714 1357/691/715
f 817/619/643 883/692/716 923/617/641
f 925/693/717 876/694/718 875/687/711
f 877/695/719 986/696/720 869/697/721
f 1307/698/722 1288/538/562 1301/699/723
f 1300/700/724 1297/682/706 1290/701/725
f 1185/702/726 1357/691/715 1356/690/714
f 1373/703/727 1186/547/571 1185/704/728
f 1144/628/652 1164/705/729 1110/706/730
f 1168/707/731 1169/708/732 1194/709/733
f 1277/710/734 1308/711/735 1275/712/736
f 1273/713/737 1272/714/738 1274/715/739
f 1155/716/740 1141/717/741 1140/718/742
f 1350/719/743 1239/720/744 1240/721/745
f 1385/722/746 1320/723/747 1319/724/748
f 1352/725/749 1246/726/750 1348/727/751
f 1044/728/752 1098/729/753 1167/730/754
f 1277/710/734 1307/698/722 1308/711/735
f 825/731/755 981/732/756 980/733/757
f 1112/734/758 1071/735/759 1111/736/760
f 1171/737/761 1190/738/762 1389/739/763
f 1252/740/764 1253/741/765 1309/742/766
f 936/743/767 889/744/768 935/745/769
f 1322/746/770 1190/738/762 1191/747/771
f 986/748/772 809/749/773 869/625/649
f 1272/714/738 1256/750/774 1262/751/775
f 1302/752/776 1304/753/777 1303/754/778
f 1325/755/779 1203/756/780 1324/572/596
f 909/757/781 849/598/622 848/597/621
f 1016/758/782 840/759/783 1015/760/784
f 1268/761/785 1299/762/786 1298/763/787
f 1020/764/788 846/765/789 844/766/790
f 1175/767/791 1189/768/792 1188/769/793
f 861/770/794 860/771/795 989/772/796
f 1118/773/797 1149/774/798 1120/775/799
f 1159/776/800 1132/777/801 1133/778/802
f 1154/779/803 1140/718/742 1142/780/804
f 1291/781/805 1292/602/626 1295/680/704
f 1389/782/806 1330/783/807 1331/784/808
f 925/671/695 985/785/809 984/672/696
f 1173/786/810 1174/787/811 1190/738/762
f 1290/701/725 1299/762/786 1301/699/723
f 1152/554/578 1146/788/812 1145/789/813
f 869/625/649 868/624/648 824/790/814
f 1275/712/736 1274/715/739 1276/791/815
f 1158/792/816 1134/793/817 1135/794/818
f 928/653/677 929/795/819 930/654/678
f 868/624/648 984/672/696 983/796/820
f 1306/797/821 1285/536/560 1307/698/722
f 869/697/721 888/798/822 877/695/719
f 846/765/789 847/799/823 845/800/824
f 1279/801/825 1280/560/584 1302/752/776
f 1165/802/826 1045/803/827 1047/804/828
f 871/805/829 824/790/814 825/731/755
f 1254/603/627 1291/781/805 1253/741/765
f 1252/740/764 1286/537/561 1310/589/613
f 1246/806/830 1245/807/831 1244/808/832
f 1257/599/623 1202/595/619 1201/594/618
f 1169/708/732 1191/747/771 1174/787/811
f 911/809/833 851/810/834 912/811/835
f 811/812/836 824/790/814 813/813/837
f 1362/814/838 1177/815/839 1176/816/840
f 1193/817/841 1192/818/842 1169/708/732
f 1213/819/843 1212/820/844 1208/543/567
f 981/732/756 868/624/648 982/821/845
f 809/749/773 870/623/647 869/625/649
f 1019/822/846 844/766/790 843/585/609
f 1321/823/847 1320/723/747 1191/824/848
f 1290/701/725 1301/699/723 1288/538/562
f 1002/825/849 833/826/850 1001/827/851
f 1387/828/852 1199/829/853 1388/569/593
f 1311/561/585 1278/830/854 1247/831/855
f 1238/832/856 1244/808/832 1235/833/857
f 1170/834/858 1377/635/659 1330/783/807
f 1196/600/624 1256/750/774 1381/835/859
f 1150/836/860 1076/837/861 1149/774/798
f 1197/552/576 1198/838/862 1386/839/863
f 868/624/648 870/623/647 808/670/694
f 919/840/864 865/841/865 864/842/866
f 1293/553/577 1255/601/625 1214/843/867
f 1330/783/807 1379/844/868 1331/784/808
f 1303/754/778 1304/753/777 1305/845/869
f 1275/712/736 1276/791/815 1277/710/734
f 1290/701/725 1289/846/870 1300/700/724
f 1328/847/871 1361/848/872 1358/849/873
f 1263/850/874 1216/851/875 1215/852/876
f 1291/781/805 1295/680/704 1300/700/724
f 1210/544/568 1212/820/844 1211/853/877
f 1294/551/575 1214/843/867 1213/819/843
f 1247/831/855 1248/854/878 1311/561/585
f 1348/727/751 1238/855/879 1347/583/607
f 1299/762/786 1268/761/785 1273/713/737
f 1012/856/880 838/857/881 1011/858/882
f 1327/859/883 1206/860/884 1326/861/885
f 1268/761/785 1267/862/886 1272/714/738
f 1151/525/549 1114/863/887 1150/836/860
f 1194/709/733 1169/708/732 1192/818/842
f 869/625/649 824/790/814 810/864/888
f 842/586/610 843/585/609 841/865/889
f 809/749/773 925/671/695 808/670/694
f 1293/553/577 1295/680/704 1292/602/626
f 1352/725/749 1359/866/890 1349/867/891
f 1214/843/867 1212/820/844 1213/819/843
f 890/868/892 886/869/893 957/638/662
f 1195/870/894 1189/768/792 1175/767/791
f 1188/769/793 1187/871/895 1193/817/841
f 1237/872/896 1235/833/857 1232/679/703
f 808/670/694 984/672/696 868/624/648
f 1147/873/897 1150/836/860 1119/874/898
f 1378/568/592 1207/570/594 1209/542/566
f 1212/820/844 1210/544/568 1208/543/567
f 1595/875/899 1542/876/900 1541/877/901
f 1457/878/902 1702/879/903 1518/880/904
f 1444/881/905 1639/882/906 1635/883/907
f 1585/884/908 1586/885/909 1583/886/910
f 1669/887/911 1474/888/912 1439/889/913
f 1448/890/914 1447/891/915 1521/892/916
f 1476/893/917 1441/894/918 1477/895/919
f 1456/896/920 1455/897/921 1454/898/922
f 1588/899/923 1590/900/924 1587/901/925
f 1492/902/926 1482/903/927 1481/904/928
f 1531/905/929 1470/906/930 1466/907/931
f 1489/908/932 1476/893/917 1490/909/933
f 1434/910/934 1505/911/935 1435/912/936
f 1472/913/937 1537/914/938 1535/915/939
f 1438/916/940 1488/917/941 1475/918/942
f 1450/919/943 1449/920/944 1448/890/914
f 1437/921/945 1508/922/946 1488/917/941
f 1679/923/947 1687/924/948 1685/925/949
f 1478/926/950 1442/927/951 1476/893/917
f 1545/928/952 1544/929/953 1597/930/954
f 1430/931/955 1500/932/956 1431/933/957
f 1481/904/928 1443/934/958 1479/935/959
f 1436/936/960 1437/921/945 1438/916/940
f 1480/937/961 1478/926/950 1497/938/962
f 1529/939/963 1465/940/964 1464/941/965
f 1467/942/966 1466/907/931 1697/943/967
f 1694/944/968 1512/945/969 1538/946/970
f 1491/947/971 1480/937/961 1707/948/972
f 1497/938/962 1510/949/973 1480/937/961
f 1551/950/974 1609/951/975 1709/952/976
f 1401/953/977 1429/954/978 1400/955/979
f 1449/920/944 1489/908/932 1447/891/915
f 1436/936/960 1553/956/980 1507/957/981
f 1522/958/982 1452/959/983 1448/890/914
f 1556/960/984 1502/961/985 1501/962/986
f 1463/963/987 1464/941/965 1462/964/988
f 1459/965/989 1516/966/990 1701/967/991
f 1530/968/992 1466/907/931 1467/942/966
f 1536/969/993 1535/915/939 1537/914/938
f 1404/970/994 1403/971/995 1402/972/996
f 1550/973/997 1604/974/998 1605/975/999
f 1535/915/939 1512/976/1000 1472/913/937
f 1552/977/1001 1423/978/1002 1690/979/1003
f 1534/980/1004 1694/944/968 1693/981/1005
f 1472/982/1006 1534/980/1004 1533/983/1007
f 1546/984/1008 1409/985/1009 1545/928/952
f 1454/898/922 1703/986/1010 1519/987/1011
f 1423/978/1002 1420/988/1012 1550/989/1013
f 1475/918/942 1440/990/1014 1438/916/940
f 1488/917/941 1555/991/1015 1554/992/1016
f 1395/993/1017 1613/994/1018 1558/995/1019
f 1474/888/912 1669/887/911 1681/996/1020
f 1490/909/933 1447/891/915 1489/908/932
f 1681/996/1020 1561/997/1021 1474/888/912
f 1678/998/1022 1439/999/1023 1680/1000/1024
f 1432/1001/1025 1394/1002/1026 1433/1003/1027
f 1620/1004/1028 1617/1005/1029 1503/1006/1030
f 1561/997/1021 1507/957/981 1553/956/980
f 1572/1007/1031 1536/969/993 1574/1008/1032
f 1391/1009/1033 1578/1010/1034 1579/1011/1035
f 1564/1012/1036 1563/1013/1037 1569/1014/1038
f 1691/1015/1039 1570/1016/1040 1565/1017/1041
f 1409/985/1009 1404/970/994 1544/929/953
f 1622/1018/1042 1487/1019/1043 1670/1020/1044
f 1551/950/974 1606/1021/1045 1607/1022/1046
f 1572/1007/1031 1571/1023/1047 1573/1024/1048
f 1550/989/1013 1416/1025/1049 1549/1026/1050
f 1448/890/914 1451/1027/1051 1450/919/943
f 1594/1028/1052 1543/1029/1053 1542/1030/1054
f 1590/1031/1055 1393/1032/1056 1560/1033/1057
f 1633/1034/1058 1492/1035/1059 1630/1036/1060
f 1561/997/1021 1681/996/1020 1710/1037/1061
f 1440/1038/1062 1623/1039/1063 1439/999/1023
f 1444/881/905 1635/883/907 1443/1040/1064
f 1451/1027/1051 1519/987/1011 1704/1041/1065
f 1631/1042/1066 1632/1043/1067 1442/1044/1068
f 1587/901/925 1590/900/924 1686/1045/1069
f 1496/1046/1070 1642/1047/1071 1645/1048/1072
f 1699/1049/1073 1660/1050/1074 1515/1051/1075
f 1487/1019/1043 1622/1018/1042 1440/1038/1062
f 1442/1044/1068 1632/1043/1067 1441/1052/1076
f 1554/992/1016 1490/909/933 1477/895/919
f 1689/1053/1077 1592/1054/1078 1595/1055/1079
f 1626/1056/1080 1441/1052/1076 1672/1057/1081
f 1706/1058/1082 1628/1059/1083 1707/1060/1084
f 1465/940/964 1467/942/966 1464/941/965
f 1687/924/948 1679/923/947 1557/1061/1085
f 1682/1062/1086 1681/1063/1087 1621/1064/1088
f 1468/1065/1089 1693/981/1005 1695/1066/1090
f 1510/949/973 1511/1067/1091 1705/1068/1092
f 1461/1069/1093 1515/1070/1094 1700/1071/1095
f 1433/1003/1027 1431/933/957 1500/932/956
f 1397/1072/1096 1392/1073/1097 1590/1031/1055
f 1585/884/908 1583/886/910 1584/1074/1098
f 1541/877/901 1402/972/996 1428/1075/1099
f 1684/1076/1100 1618/1077/1101 1620/1078/1102
f 1399/1079/1103 1499/1080/1104 1393/1032/1056
f 1544/929/953 1404/970/994 1402/972/996
f 1424/1081/1105 1423/978/1002 1425/1082/1106
f 1565/1017/1041 1569/1014/1038 1563/1013/1037
f 1503/1006/1030 1502/961/985 1556/960/984
f 1390/1083/1107 1430/931/955 1391/1084/1108
f 1577/1085/1109 1575/1086/1110 1576/1087/1111
f 1448/890/914 1521/892/916 1522/958/982
f 1585/1088/1112 1395/993/1017 1557/1089/1113
f 1504/1090/1114 1503/1006/1030 1556/960/984
f 1528/1091/1115 1463/963/987 1462/964/988
f 1438/916/940 1474/888/912 1436/936/960
f 1640/1092/1116 1444/1093/1117 1482/903/927
f 1698/1094/1118 1514/1095/1119 1464/941/965
f 1562/1096/1120 1435/912/936 1505/911/935
f 1551/950/974 1709/952/976 1690/1097/1121
f 1616/1098/1122 1613/994/1018 1502/961/985
f 1488/917/941 1509/1099/1123 1555/991/1015
f 1486/1100/1124 1487/1101/1125 1475/918/942
f 1510/949/973 1497/938/962 1449/920/944
f 1493/1102/1126 1483/1103/1127 1482/903/927
f 1478/926/950 1443/934/958 1442/927/951
f 1479/935/959 1478/926/950 1480/937/961
f 1510/949/973 1449/920/944 1450/919/943
f 1462/964/988 1464/941/965 1699/1104/1128
f 1455/897/921 1457/878/902 1454/898/922
f 1460/1105/1129 1459/965/989 1517/1106/1130
f 1477/895/919 1490/909/933 1476/893/917
f 1502/961/985 1613/994/1018 1395/993/1017
f 2079/1107/1131 2104/1108/1132 2038/1109/1133
f 2005/1110/1134 2008/1111/1135 2037/1112/1136
f 2020/1113/1137 2012/1114/1138 2008/1111/1135
f 1731/1115/1139 1729/1116/1140 1728/1117/1141
f 1809/1118/1142 1781/1119/1143 1888/1120/1144
f 1738/1121/1145 1737/1122/1146 1740/1123/1147
f 1737/1122/1146 1738/1121/1145 1720/1124/1148
f 1741/1125/1149 1734/1126/1150 1728/1117/1141
f 1755/1127/1151 1749/1128/1152 1758/1129/1153
f 2008/1111/1135 2094/1130/1154 2037/1112/1136
f 1726/1131/1155 1724/1132/1156 1727/1133/1157
f 2129/1134/1158 2090/1135/1159 1971/1136/1160
f 1764/1137/1161 1756/1138/1162 1767/1139/1163
f 1947/1140/1164 2087/1141/1165 1946/1142/1166
f 1783/1143/1167 1881/1144/1168 1784/1145/1169
f 1771/1146/1170 1772/1147/1171 1735/1148/1172
f 1782/1149/1173 1780/1150/1174 1781/1119/1143
f 2075/1151/1175 1919/1152/1176 1901/1153/1177
f 1885/1154/1178 1835/1155/1179 1884/1156/1180
f 2121/1157/1181 2044/1158/1182 2035/1159/1183
f 1994/1160/1184 2099/1161/1185 1984/1162/1186
f 1720/1124/1148 1721/1163/1187 1747/1164/1188
f 1720/1124/1148 1747/1164/1188 1746/1165/1189
f 1745/1166/1190 1742/1167/1191 1744/1168/1192
f 1773/1169/1193 1720/1124/1148 1742/1167/1191
f 1804/1170/1194 1778/1171/1195 1794/1172/1196
f 1798/1173/1197 1797/1174/1198 1807/1175/1199
f 2068/1176/1200 1955/1177/1201 2067/1178/1202
f 1851/1179/1203 1848/1180/1204 1850/1181/1205
f 2054/1182/1206 2081/1183/1207 2056/1184/1208
f 1794/1172/1196 1778/1171/1195 1842/1185/1209
f 2031/1186/1210 2103/1187/1211 2063/1188/1212
f 2073/1189/1213 2071/1190/1214 2069/1191/1215
f 1878/1192/1216 1877/1193/1217 1785/1194/1218
f 1776/1195/1219 1886/1196/1220 1777/1197/1221
f 2069/1191/1215 2071/1190/1214 2111/1198/1222
f 1796/1199/1223 1800/1200/1224 1795/1201/1225
f 1725/1202/1226 1726/1131/1155 1798/1173/1197
f 1796/1199/1223 1885/1203/1227 1799/1204/1228
f 1717/1205/1229 1800/1200/1224 1716/1206/1230
f 1869/1207/1231 1832/1208/1232 1835/1155/1179
f 1774/1209/1233 1802/1210/1234 1736/1211/1235
f 2053/1212/1236 2047/1213/1237 2052/1214/1238
f 1880/1215/1239 1828/1216/1240 1879/1217/1241
f 1803/1218/1242 1805/1219/1243 1778/1171/1195
f 1878/1192/1216 1823/1220/1244 1877/1193/1217
f 1744/1168/1192 1742/1167/1191 1743/1221/1245
f 1873/1222/1246 1872/1223/1247 1875/1224/1248
f 1789/1225/1249 1792/1226/1250 1793/1227/1251
f 1830/1228/1252 1829/1229/1253 1831/1230/1254
f 1886/1231/1255 1805/1219/1243 1806/1232/1256
f 1902/1233/1257 1925/1234/1258 1897/1235/1259
f 2004/1236/1260 2006/1237/1261 2007/1238/1262
f 1842/1239/1263 1778/1240/1264 1779/1241/1265
f 2044/1158/1182 2046/1242/1266 2045/1243/1267
f 2005/1110/1134 2004/1236/1260 2007/1238/1262
f 2110/1244/1268 2105/1245/1269 1993/1246/1270
f 1739/1247/1271 1801/1248/1272 1732/1249/1273
f 1867/1250/1274 1774/1251/1275 1862/1252/1276
f 1922/1253/1277 1898/1254/1278 1896/1255/1279
f 1869/1256/1280 1795/1201/1225 1871/1257/1281
f 1713/1258/1282 1712/1259/1283 1734/1126/1150
f 2078/1260/1284 2072/1261/1285 2113/1262/1286
f 2118/1263/1287 1918/1264/1288 2080/1265/1289
f 1857/1266/1290 1801/1248/1272 1887/1267/1291
f 1789/1225/1249 1786/1268/1292 1787/1269/1293
f 1921/1270/1294 2077/1271/1295 2078/1260/1284
f 1794/1172/1196 1715/1272/1296 1804/1170/1194
f 1789/1225/1249 1787/1269/1293 1791/1273/1297
f 1793/1227/1251 1878/1192/1216 1789/1225/1249
f 1959/1274/1298 2051/1275/1299 1960/1276/1300
f 1835/1155/1179 1832/1208/1232 1784/1145/1169
f 1726/1131/1155 1884/1277/1301 1883/1278/1302
f 1853/1279/1203 1848/1180/1204 1851/1179/1203
f 1983/1280/1303 2038/1109/1133 2039/1281/1304
f 1887/1267/1291 1802/1210/1234 1858/1282/1305
f 2039/1281/1304 2104/1108/1132 2106/1283/1306
f 1774/1209/1233 1736/1211/1235 1735/1148/1172
f 1774/1209/1233 1858/1282/1305 1802/1210/1234
f 1802/1210/1234 1887/1267/1291 1801/1248/1272
f 1804/1170/1194 1803/1218/1242 1778/1171/1195
f 1844/1284/1307 1779/1241/1265 1776/1285/1308
f 1781/1286/1309 1784/1145/1169 1888/1287/1310
f 1926/1288/1311 1925/1234/1258 1917/1289/1312
f 1779/1241/1265 1886/1290/1313 1776/1285/1308
f 1805/1219/1243 1886/1231/1255 1778/1171/1195
f 1876/1291/1314 1819/1292/1315 1874/1293/1316
f 1733/1294/1317 1803/1218/1242 1804/1170/1194
f 1724/1132/1156 1723/1295/1318 1722/1296/1319
f 2017/1297/1320 2121/1157/1181 2035/1159/1183
f 1738/1121/1145 1741/1125/1149 1719/1298/1321
f 2005/1110/1134 2037/1112/1136 2004/1236/1260
f 1754/1299/1322 1755/1127/1151 1756/1138/1162
f 2033/1300/1323 2058/1301/1324 2060/1302/1325
f 2036/1303/1326 2045/1243/1267 2114/1304/1327
f 1912/1305/1328 1909/1306/1329 1911/1307/1330
f 1904/1308/1331 1903/1309/1332 1898/1254/1278
f 2090/1135/1159 2130/1310/1333 2086/1311/1334
f 1818/1312/1335 1819/1292/1315 1820/1313/1336
f 1854/1314/1205 1848/1180/1204 1853/1279/1203
f 1917/1289/1312 1919/1152/1176 1918/1264/1288
f 1925/1234/1258 1926/1288/1311 1927/1315/1337
f 1727/1133/1157 1724/1132/1156 1729/1116/1140
f 2111/1316/1338 2097/1317/1339 2096/1318/1340
f 1840/1319/1341 1832/1208/1232 1839/1320/1342
f 2007/1238/1262 2006/1237/1261 2003/1321/1343
f 1861/1322/1344 1857/1323/1345 1856/1324/1346
f 1906/1325/1347 1898/1254/1278 1924/1326/1348
f 1933/1327/1349 1957/1328/1350 1958/1329/1351
f 1932/1330/1352 1930/1331/1353 1931/1332/1354
f 2112/1333/1355 2095/1334/1356 2037/1112/1136
f 2042/1335/1357 2062/1336/1358 2085/1337/1359
f 2118/1338/1360 2045/1243/1267 2046/1242/1266
f 1945/1339/1361 1942/1340/1362 1944/1341/1363
f 2127/1342/1364 2060/1302/1325 2126/1343/1365
f 1954/1344/1366 1952/1345/1367 1955/1177/1201
f 1912/1305/1328 1911/1307/1330 1914/1346/1368
f 1761/1347/1369 1760/1348/1370 1782/1149/1173
f 2065/1349/1371 2064/1350/1372 2087/1141/1165
f 1838/1351/1373 1832/1208/1232 1837/1352/1374
f 1987/1353/1375 2039/1281/1304 2100/1354/1376
f 2097/1355/1377 2098/1356/1378 2002/1357/1379
f 1948/1358/1380 1945/1339/1361 1944/1341/1363
f 2001/1359/1381 2002/1357/1379 1998/1360/1382
f 1986/1361/1383 1984/1162/1186 1983/1280/1303
f 1941/1362/1384 1953/1363/1385 1950/1364/1386
f 2111/1365/1387 2098/1356/1378 2097/1355/1377
f 1746/1165/1189 1748/1366/1388 1749/1128/1152
f 1947/1140/1164 2065/1349/1371 2087/1141/1165
f 1722/1296/1319 1721/1163/1187 1719/1298/1321
f 2066/1367/1389 2064/1350/1372 2065/1349/1371
f 2011/1368/1390 2045/1243/1267 2036/1303/1326
f 2018/1369/1391 2017/1297/1320 2045/1243/1267
f 1903/1309/1332 1896/1255/1279 1898/1254/1278
f 2129/1370/1392 1948/1358/1380 2088/1371/1393
f 2019/1372/1394 1993/1246/1270 1997/1373/1395
f 1787/1269/1293 1788/1374/1396 1790/1375/1397
f 1717/1205/1229 1716/1206/1230 1714/1376/1398
f 2023/1377/1399 2015/1378/1400 2058/1301/1324
f 1927/1315/1337 1897/1235/1259 1925/1234/1258
f 2016/1379/1401 1989/1380/1402 2015/1378/1400
f 1871/1257/1281 1790/1375/1397 1788/1374/1396
f 1750/1381/1403 1725/1202/1226 1751/1382/1404
f 2012/1114/1138 2036/1303/1326 2094/1130/1154
f 1730/1383/1405 1727/1133/1157 1716/1206/1230
f 2079/1384/1406 2077/1271/1295 2104/1385/1407
f 1815/1386/1408 1873/1387/1409 1818/1312/1335
f 2072/1261/1285 2112/1388/1410 2113/1262/1286
f 2099/1161/1185 2105/1245/1269 2079/1107/1131
f 1716/1206/1230 1731/1115/1139 1712/1259/1283
f 1726/1131/1155 1725/1202/1226 1724/1132/1156
f 2035/1159/1183 2044/1158/1182 2045/1243/1267
f 2102/1389/1411 2101/1390/1412 2109/1391/1413
f 1950/1364/1386 1949/1392/1414 1952/1345/1367
f 1895/1393/1415 1896/1255/1279 1903/1309/1332
f 1997/1373/1395 1993/1246/1270 1996/1394/1416
f 2116/1395/1417 2115/1396/1418 2076/1397/1419
f 1877/1193/1217 1876/1398/1420 1785/1194/1218
f 1850/1181/1205 1848/1180/1204 1849/1399/1205
f 2055/1400/1421 2054/1182/1206 2056/1184/1208
f 1751/1382/1404 1807/1175/1199 1808/1401/1422
f 2092/1402/1423 2124/1403/1424 1963/1404/1425
f 2121/1157/1181 2122/1405/1426 2123/1406/1427
f 2071/1190/1214 2110/1407/1428 2098/1408/1429
f 2085/1337/1359 2061/1409/1430 1935/1410/1431
f 1921/1270/1294 1920/1411/1432 2077/1271/1295
f 2081/1412/1433 1926/1288/1311 2046/1413/1434
f 1899/1414/1435 2109/1415/1436 2101/1416/1437
f 1980/1417/1438 2055/1418/1439 1982/1419/1440
f 2132/1420/1441 2103/1187/1211 2128/1421/1442
f 1869/1207/1231 1871/1422/1443 1870/1423/1444
f 1918/1264/1288 1920/1411/1432 1921/1270/1294
f 2055/1400/1421 2082/1424/1445 2054/1182/1206
f 2082/1425/1446 2057/1426/1447 2054/1427/1448
f 1872/1223/1247 1788/1374/1396 1786/1268/1292
f 1939/1428/1449 2130/1429/1450 1955/1177/1201
f 2070/1430/1451 2069/1191/1215 2111/1198/1222
f 1789/1225/1249 1791/1273/1297 1792/1226/1250
f 2003/1431/1452 2002/1357/1379 2001/1359/1381
f 2080/1265/1289 1921/1270/1294 2078/1260/1284
f 1836/1432/1453 1832/1208/1232 1840/1319/1341
f 1873/1387/1409 1817/1433/1454 1818/1312/1335
f 2131/1434/1455 2103/1187/1211 2028/1435/1456
f 1919/1152/1176 2075/1151/1175 2107/1436/1457
f 1923/1437/1458 1922/1253/1277 1897/1235/1259
f 1845/1438/1459 1848/1180/1204 1832/1208/1232
f 1807/1175/1199 1797/1174/1198 1881/1439/1460
f 2059/1440/1461 2061/1409/1430 2062/1336/1358
f 1883/1441/1462 1882/1442/1463 1797/1443/1464
f 1943/1444/1465 1946/1142/1166 1940/1445/1466
f 1980/1417/1438 2053/1446/1467 2057/1426/1447
f 1951/1447/1468 2043/1448/1469 2041/1449/1470
f 1992/1450/1471 1990/1451/1472 1989/1380/1402
f 1897/1235/1259 1896/1255/1279 1894/1452/1473
f 1775/1453/1474 1735/1148/1172 1772/1147/1171
f 1812/1454/1475 1811/1455/1476 1816/1456/1477
f 1993/1246/1270 2099/1161/1185 1994/1160/1184
f 1747/1164/1188 1723/1295/1318 1748/1366/1388
f 1814/1457/1478 1810/1458/1479 1813/1459/1480
f 2038/1109/1133 2104/1108/1132 2039/1281/1304
f 2042/1335/1357 2085/1337/1359 1938/1460/1481
f 1956/1461/1482 1913/1462/1483 1909/1306/1329
f 1859/1463/1484 1774/1251/1275 1867/1250/1274
f 1855/1464/1485 1887/1465/1486 1860/1466/1487
f 1996/1394/1416 1993/1246/1270 1995/1467/1488
f 1839/1320/1342 1832/1208/1232 1841/1468/1489
f 1923/1437/1458 2052/1214/1238 2047/1213/1237
f 1841/1468/1489 1832/1208/1232 1834/1469/1490
f 1837/1352/1374 1832/1208/1232 1836/1432/1453
f 2100/1354/1376 2107/1470/1491 2108/1471/1492
f 2102/1389/1411 2100/1354/1376 2101/1390/1412
f 1917/1289/1312 1901/1153/1177 1919/1152/1176
f 1734/1126/1150 1733/1294/1317 1713/1258/1282
f 2118/1263/1287 2046/1413/1434 1917/1289/1312
f 2056/1184/1208 2121/1157/1181 2055/1400/1421
f 2112/1333/1355 2070/1472/1493 2095/1334/1356
f 1934/1473/1494 1931/1332/1354 1933/1327/1349
f 2113/1474/1495 2112/1333/1355 2037/1112/1136
f 2102/1389/1411 2115/1475/1496 2116/1476/1497
f 1929/1477/1498 1936/1478/1499 1956/1461/1482
f 2118/1338/1360 2080/1479/1500 2045/1243/1267
f 1917/1289/1312 2046/1413/1434 1926/1288/1311
f 1752/1480/1501 1808/1401/1422 1780/1150/1174
f 1784/1145/1169 1882/1442/1463 1835/1155/1179
f 1998/1360/1382 2110/1244/1268 1999/1481/1502
f 1933/1327/1349 2125/1482/1503 1934/1473/1494
f 2068/1176/1200 2088/1371/1393 1944/1341/1363
f 2108/1483/1504 2107/1436/1457 2075/1151/1175
f 1848/1180/1204 1852/1484/1505 1784/1145/1169
f 2058/1301/1324 2117/1485/1506 2059/1486/1507
f 2040/1487/1508 2116/1476/1497 2117/1485/1506
f 1737/1122/1146 1735/1148/1172 1736/1211/1235
f 2121/1157/1181 2017/1297/1320 2122/1405/1426
f 1741/1125/1149 1728/1117/1141 1729/1116/1140
f 1787/1269/1293 1786/1268/1292 1788/1374/1396
f 2026/1488/1509 2024/1489/1510 2025/1490/1511
f 2130/1429/1450 2067/1178/1202 1955/1177/1201
f 1968/1491/1512 2086/1311/1334 2092/1402/1423
f 1961/1492/1513 1960/1276/1300 1962/1493/1514
f 1900/1494/1515 2108/1483/1504 2075/1151/1175
f 2103/1187/1211 2025/1490/1511 2060/1302/1325
f 1941/1362/1384 1950/1364/1386 1954/1344/1366
f 2068/1495/1516 2067/1496/1517 2090/1135/1159
f 1771/1146/1170 1770/1497/1518 1772/1147/1171
f 2084/1498/1519 2119/1499/1520 1959/1274/1298
f 1969/1500/1521 2092/1402/1423 1965/1501/1522
f 1942/1340/1362 1940/1445/1466 1941/1362/1384
f 1760/1348/1370 1780/1150/1174 1782/1149/1173
f 1759/1502/1523 1760/1348/1370 1761/1347/1369
f 1972/1503/1524 2090/1135/1159 1968/1491/1512
f 1951/1447/1468 2041/1449/1470 1949/1392/1414
f 1953/1363/1385 1951/1447/1468 1950/1364/1386
f 2307/1504/1525 2250/1505/1526 2312/1506/1527
f 2630/1507/1528 2626/1508/1529 2629/1509/1530
f 2653/1510/1531 2650/1511/1532 2642/1512/1533
f 2644/1513/1534 2651/1514/1535 2634/1515/1536
f 2140/1516/1537 2151/1517/1538 2149/1518/1539
f 2766/1519/1540 2749/1520/1541 2725/1521/1542
f 2707/1522/1543 2693/1523/1544 2708/1524/1545
f 2545/1525/1546 2577/1526/1547 2576/1527/1548
f 2631/1528/1549 2137/1529/1550 2145/1530/1551
f 2798/1531/1552 2802/1532/1553 2808/1533/1554
f 2470/1534/1555 2551/1535/1556 2499/1536/1557
f 2307/1504/1525 2311/1537/1558 2306/1538/1559
f 2165/1539/1560 2167/1540/1561 2204/1541/1562
f 2148/1542/1563 2141/1543/1564 2155/1544/1565
f 2689/1545/1566 2693/1523/1544 2707/1522/1543
f 2736/1546/1567 2738/1547/1568 2739/1548/1569
f 2171/1549/1570 2156/1550/1571 2178/1551/1572
f 2720/1552/1573 2722/1553/1574 2687/1554/1575
f 2158/1555/1576 2168/1556/1577 2169/1557/1578
f 2342/1558/1579 2313/1559/1580 2322/1560/1581
f 2213/1561/1582 2637/1562/1583 2759/1563/1584
f 2457/1564/1585 2484/1565/1586 2454/1566/1587
f 2541/1567/1588 2558/1568/1589 2553/1569/1590
f 2247/1570/1591 2257/1571/1592 2283/1572/1593
f 2541/1567/1588 2553/1569/1590 2555/1573/1594
f 2568/1574/1595 2567/1575/1596 2562/1576/1597
f 2442/1577/1598 2398/1578/1599 2393/1579/1600
f 2691/1580/1601 2784/1581/1602 2754/1582/1603
f 2288/1583/1604 2319/1584/1605 2267/1585/1606
f 2329/1586/1607 2342/1558/1579 2350/1587/1608
f 2295/1588/1609 2320/1589/1610 2294/1590/1611
f 2221/1591/1612 2225/1592/1613 2218/1593/1614
f 2718/1594/1615 2710/1595/1616 2724/1596/1617
f 2318/1597/1618 2347/1598/1619 2323/1599/1620
f 2250/1505/1526 2291/1600/1621 2292/1601/1622
f 2759/1563/1584 3164/1602/1623 2849/1603/1623
f 2605/1604/1624 2542/1605/1625 2585/1606/1626
f 2482/1607/1627 2468/1608/1628 2460/1609/1629
f 2294/1590/1611 2289/1610/1630 2290/1611/1631
f 2514/1612/1632 2508/1613/1633 2513/1614/1634
f 2525/1615/1635 2541/1616/1636 2526/1617/1637
f 2710/1595/1616 2708/1524/1545 2693/1523/1544
f 2845/1618/1638 2213/1561/1582 2860/1619/1639
f 2275/1620/1640 2274/1621/1641 2359/1622/1642
f 2621/1623/1643 2425/1624/1644 2418/1625/1645
f 2394/1626/1646 2365/1627/1647 2366/1628/1648
f 2385/1629/1649 2393/1630/1650 2394/1631/1651
f 2188/1632/1652 2190/1633/1653 2184/1634/1654
f 2660/1635/1655 2648/1636/1656 2638/1637/1657
f 2854/1638/1658 2341/1639/1659 2213/1561/1582
f 2638/1637/1657 2139/1640/1660 2631/1528/1549
f 2624/1641/1661 2625/1642/1662 2589/1643/1663
f 2531/1644/1664 2507/1645/1665 2406/1646/1666
f 2284/1647/1667 2277/1648/1668 2276/1649/1669
f 2844/1650/1670 2856/1651/1671 2341/1639/1659
f 2335/1652/1672 2350/1653/1673 2342/1654/1674
f 2843/1655/1675 2842/1656/1676 2712/1657/1677
f 2704/1658/1678 2696/1659/1679 2695/1660/1680
f 2621/1623/1643 2420/1661/1681 2390/1662/1682
f 2215/1663/1683 2219/1664/1684 2199/1665/1685
f 2614/1666/1686 2613/1667/1687 2607/1668/1688
f 2320/1589/1610 2270/1669/1689 2237/1670/1690
f 2474/1671/1691 2468/1608/1628 2482/1607/1627
f 2359/1672/1692 2360/1673/1693 2286/1674/1694
f 2228/1675/1695 2227/1676/1696 2226/1677/1697
f 2382/1678/1698 2372/1679/1699 2373/1680/1700
f 2624/1681/1701 2589/1682/1702 2623/1683/1703
f 2834/1684/1704 2807/1685/1705 2830/1686/1706
f 2684/1687/1707 2680/1688/1708 2723/1689/1709
f 2176/1690/1710 2175/1691/1711 2177/1692/1712
f 2210/1693/1713 2208/1694/1714 2207/1695/1715
f 2187/1696/1716 2184/1634/1654 2176/1690/1710
f 2677/1697/1717 2700/1698/1718 2694/1699/1719
f 2343/1700/1720 2355/1701/1721 2368/1702/1722
f 2359/1622/1642 2463/1703/1723 2481/1704/1724
f 2377/1705/1725 2317/1706/1726 2316/1707/1727
f 2696/1659/1679 2704/1658/1678 2837/1708/1728
f 2395/1709/1729 2402/1710/1730 2397/1711/1731
f 2176/1690/1710 2177/1692/1712 2178/1712/1732
f 2700/1698/1718 2699/1713/1733 2694/1699/1719
f 2371/1714/1734 2389/1715/1735 2354/1716/1736
f 2754/1582/1737 2785/1717/1738 2746/1718/1739
f 2510/1719/1740 2443/1720/1741 2435/1721/1742
f 2323/1722/1743 2306/1538/1559 2311/1537/1558
f 2213/1561/1582 2845/1618/1638 2855/1723/1623
f 2236/1724/1744 2410/1725/1745 2473/1726/1746
f 2261/1727/1747 2244/1728/1748 2256/1729/1749
f 2354/1730/1750 2332/1731/1751 2414/1732/1752
f 2630/1507/1528 2625/1733/1753 2624/1681/1701
f 2162/1734/1754 2633/1735/1755 2142/1736/1756
f 2637/1562/1583 2213/1561/1582 2160/1737/1757
f 2705/1738/1758 2709/1739/1759 2714/1740/1760
f 2842/1656/1676 2843/1655/1675 2714/1740/1761
f 2746/1718/1739 2785/1717/1738 2680/1688/1762
f 2176/1690/1710 2184/1634/1654 2175/1691/1711
f 2502/1741/1763 2493/1742/1764 2494/1743/1765
f 2720/1552/1573 2687/1554/1575 2675/1744/1766
f 2754/1582/1603 2688/1745/1767 2691/1580/1601
f 2607/1668/1688 2612/1746/1768 2584/1747/1769
f 2400/1748/1770 2463/1703/1723 2270/1669/1689
f 2266/1749/1771 2209/1750/1772 2207/1695/1715
f 2660/1635/1655 2639/1751/1773 2650/1511/1532
f 2580/1752/1774 2533/1753/1775 2571/1754/1776
f 2759/1563/1584 2849/1603/1623 2864/1755/1777
f 2193/1756/1778 2190/1633/1653 2194/1757/1779
f 2465/1758/1780 2410/1725/1745 2456/1759/1781
f 2491/1760/1782 2474/1671/1691 2486/1761/1783
f 2306/1538/1559 2847/1762/1784 2250/1505/1526
f 2695/1660/1680 2699/1713/1785 2704/1658/1678
f 2410/1725/1745 2407/1763/1786 2235/1764/1787
f 2215/1663/1683 2270/1669/1689 2463/1703/1723
f 2239/1765/1788 2245/1766/1789 2238/1767/1790
f 2742/1768/1791 2739/1769/1792 2738/1770/1793
f 2587/1771/1794 2607/1668/1688 2584/1747/1769
f 2210/1693/1713 2207/1695/1715 2209/1750/1772
f 2683/1772/1795 2666/1773/1796 2665/1774/1797
f 2290/1611/1631 2316/1707/1727 2317/1706/1726
f 2199/1775/1798 2197/1776/1799 2188/1632/1652
f 2511/1777/1800 2443/1720/1741 2510/1719/1740
f 2664/1778/1801 2636/1779/1802 2652/1780/1803
f 2574/1781/1804 2568/1574/1595 2548/1782/1805
f 2227/1783/1806 2211/1784/1807 2226/1785/1808
f 2759/1563/1584 2846/1786/1809 3164/1602/1623
f 2332/1787/1810 2288/1583/1604 2331/1788/1811
f 2509/1789/1812 2531/1644/1664 2478/1790/1813
f 2339/1791/1814 2621/1623/1643 2341/1639/1659
f 2273/1792/1815 2235/1764/1787 2253/1793/1816
f 2621/1623/1643 2339/1791/1814 2422/1794/1817
f 2549/1795/1818 2548/1796/1819 2568/1797/1820
f 2370/1798/1821 2414/1732/1752 2380/1799/1822
f 2313/1559/1580 2307/1800/1823 2312/1801/1824
f 2232/1802/1825 2230/1803/1826 2228/1675/1695
f 2735/1804/1827 2681/1805/1828 2688/1745/1829
f 2691/1580/1601 2829/1806/1830 2784/1581/1602
f 2214/1807/1831 2270/1669/1689 2199/1665/1685
f 2250/1505/1526 2255/1808/1832 2291/1600/1621
f 2329/1586/1607 2314/1809/1833 2342/1558/1579
f 2594/1810/1834 2599/1811/1835 2591/1812/1836
f 2814/1813/1837 2822/1814/1838 2816/1815/1839
f 2211/1784/1807 2212/1816/1840 2196/1817/1841
f 2312/1801/1824 2321/1818/1842 2322/1560/1581
f 2335/1819/1843 2342/1558/1579 2322/1560/1581
f 2225/1820/1844 2224/1821/1845 2223/1822/1846
f 2390/1662/1682 2411/1823/1847 2395/1824/1848
f 2136/1825/1849 2186/1826/1850 2159/1827/1851
f 2512/1828/1852 2534/1829/1853 2450/1830/1854
f 2534/1829/1853 2611/1831/1855 2587/1832/1856
f 2314/1809/1833 2313/1559/1580 2342/1558/1579
f 2236/1724/1744 2492/1833/1857 2410/1725/1745
f 2216/1834/1858 2223/1835/1859 2217/1836/1860
f 2398/1578/1599 2372/1679/1699 2382/1678/1698
f 2556/1837/1861 2541/1838/1862 2535/1839/1863
f 2489/1840/1864 2488/1841/1865 2519/1842/1866
f 2437/1843/1867 2436/1844/1868 2423/1845/1869
f 2571/1754/1776 2605/1604/1624 2597/1846/1870
f 2425/1847/1871 2423/1845/1869 2421/1848/1872
f 2252/1849/1873 2248/1850/1874 2246/1851/1875
f 2237/1670/1690 2294/1590/1611 2320/1589/1610
f 2304/1852/1876 2289/1853/1877 2282/1854/1878
f 2423/1845/1869 2426/1855/1879 2490/1856/1880
f 2462/1857/1881 2379/1858/1882 2408/1859/1883
f 2442/1860/1884 2431/1861/1885 2448/1862/1886
f 2312/1506/1527 2250/1505/1526 2292/1601/1622
f 2560/1863/1887 2511/1777/1800 2510/1719/1740
f 2378/1864/1888 2464/1865/1889 2401/1866/1890
f 2330/1867/1891 2356/1868/1892 2357/1869/1893
f 2847/1762/1784 2306/1538/1559 2341/1639/1659
f 2483/1870/1894 2474/1671/1691 2491/1760/1782
f 2492/1833/1857 2483/1871/1895 2462/1857/1881
f 2861/1872/1896 2847/1762/1784 2341/1639/1659
f 2319/1584/1605 2288/1583/1604 2344/1873/1897
f 2482/1607/1627 2359/1672/1692 2481/1874/1898
f 2343/1700/1720 2424/1875/1899 2344/1873/1897
f 2189/1876/1900 2200/1877/1901 2198/1878/1902
f 2412/1879/1903 2421/1880/1872 2433/1881/1904
f 2696/1659/1905 2705/1738/1906 2695/1660/1907
f 2155/1882/1908 2138/1883/1909 2154/1884/1910
f 2341/1639/1659 2306/1538/1559 2323/1722/1743
f 2448/1885/1911 2449/1886/1912 2399/1887/1913
f 2274/1621/1641 2229/1888/1914 2254/1889/1915
f 2429/1890/1916 2431/1891/1917 2428/1892/1918
f 2343/1700/1720 2344/1873/1897 2288/1583/1604
f 2186/1826/1850 2206/1893/1919 2185/1894/1920
f 2535/1839/1863 2525/1615/1635 2424/1875/1899
f 2519/1842/1866 2513/1614/1634 2489/1840/1864
f 2764/1895/1921 2763/1896/1922 2739/1769/1792
f 2436/1844/1868 2433/1881/1904 2421/1897/1872
f 2295/1588/1609 2400/1748/1770 2320/1589/1610
f 2233/1898/1923 2234/1899/1924 2239/1765/1788
f 2310/1900/1925 2328/1901/1926 2309/1902/1927
f 2604/1903/1928 2579/1904/1929 2581/1905/1930
f 2493/1906/1931 2519/1842/1866 2488/1841/1865
f 2490/1856/1880 2487/1907/1932 2437/1843/1867
f 2187/1908/1933 2214/1807/1831 2199/1665/1685
f 2402/1710/1730 2395/1709/1729 2411/1909/1934
f 2735/1804/1935 2672/1910/1936 2681/1805/1937
f 2139/1911/1938 2134/1912/1939 2140/1516/1537
f 2283/1913/1940 2253/1793/1816 2235/1764/1787
f 2514/1612/1632 2519/1842/1866 2542/1605/1625
f 2449/1886/1912 2494/1743/1765 2399/1887/1913
f 2424/1875/1899 2368/1702/1722 2485/1914/1941
f 2471/1915/1942 2417/1916/1943 2433/1881/1904
f 2821/1917/1944 2834/1684/1704 2836/1918/1945
f 2541/1838/1862 2525/1615/1635 2535/1839/1863
f 2477/1919/1946 2377/1705/1725 2346/1920/1947
f 2390/1921/1948 2395/1709/1729 2391/1922/1949
f 2705/1738/1758 2843/1655/1950 2706/1923/1951
f 2440/1924/1952 2445/1925/1953 2439/1926/1954
f 2224/1821/1845 2222/1927/1955 2223/1822/1846
f 2241/1928/1956 2231/1929/1957 2240/1930/1958
f 2498/1931/1959 2544/1932/1960 2497/1933/1961
f 2250/1505/1526 2307/1504/1525 2306/1538/1559
f 2640/1934/1962 2847/1762/1784 2701/1935/1963
f 2559/1936/1964 2558/1937/1965 2564/1938/1966
f 2458/1939/1967 2460/1940/1968 2468/1941/1969
f 2213/1561/1582 2247/1570/1591 2289/1853/1877
f 2759/1563/1584 2847/1762/1784 2862/1942/1970
f 2322/1560/1581 2334/1943/1971 2335/1819/1843
f 2700/1698/1718 2704/1658/1972 2699/1713/1733
f 2392/1944/1973 2419/1945/1974 2381/1946/1975
f 2567/1575/1596 2566/1947/1976 2565/1948/1977
f 2511/1777/1800 2611/1831/1855 2512/1828/1852
f 2473/1726/1746 2410/1725/1745 2465/1758/1780
f 2236/1724/1744 2483/1871/1895 2492/1833/1857
f 2141/1543/1564 2644/1513/1534 2634/1515/1536
f 2143/1949/1978 2142/1736/1756 2633/1735/1755
f 2457/1950/1979 2236/1951/1980 2473/1952/1981
f 2543/1953/1982 2541/1567/1588 2556/1954/1983
f 2648/1955/1984 2647/1956/1985 2646/1957/1986
f 2847/1762/1784 2785/1717/1738 2766/1519/1540
f 2761/1958/1987 2760/1959/1988 2759/1960/1989
f 2692/1961/1990 2694/1699/1991 2699/1713/1785
f 2571/1754/1776 2532/1962/1992 2514/1612/1632
f 2250/1505/1526 2162/1734/1754 2866/1963/1993
f 2707/1964/1994 2690/1965/1995 2689/1966/1996
f 2472/1967/1997 2471/1915/1942 2436/1844/1868
f 2582/1968/1998 2578/1969/1999 2560/1863/1887
f 2308/1970/2000 2301/1971/2001 2300/1972/2002
f 2506/1973/2003 2522/1974/2004 2523/1975/2005
f 2522/1974/2004 2475/1976/2006 2467/1977/2007
f 2586/1978/2008 2600/1979/2009 2588/1980/2010
f 2264/1981/2011 2269/1982/2012 2265/1983/2013
f 2334/1984/2014 2326/1985/2015 2325/1986/2016
f 2512/1828/1852 2450/1830/1854 2443/1720/1741
f 2190/1633/1653 2193/1756/1778 2189/1987/2017
f 2255/1808/1832 2250/1505/1526 2866/1963/1993
f 2529/1988/2018 2523/1989/2019 2524/1990/2020
f 2497/1933/1961 2536/1991/2021 2434/1992/2022
f 2433/1881/1904 2416/1993/2023 2412/1879/1903
f 2817/1994/2024 2831/1995/2025 2830/1686/1706
f 2403/1996/2026 2392/1944/1973 2391/1922/1949
f 2568/1574/1595 2574/1781/1804 2575/1997/2027
f 2551/1535/1556 2557/1998/2028 2550/1999/2029
f 2448/1885/1911 2399/1887/1913 2398/1578/1599
f 2528/2000/2030 2535/1839/1863 2485/1914/1941
f 2245/1766/1789 2239/1765/1788 2234/1899/1924
f 2340/2001/2031 2341/1639/1659 2323/1722/1743
f 2708/1524/1545 2710/1595/1616 2717/2002/2032
f 2304/2003/2033 2315/2004/2034 2316/1707/1727
f 2544/1932/1960 2556/1837/1861 2536/1991/2021
f 2489/1840/1864 2513/1614/1634 2488/1841/1865
f 2137/1529/1550 2146/2005/2035 2145/1530/1551
f 2596/2006/2036 2585/1606/1626 2584/1747/1769
f 2543/1953/1982 2565/1948/1977 2558/1568/1589
f 2498/1931/1959 2497/1933/1961 2413/2007/2037
f 2242/2008/2038 2469/2009/2039 2453/2010/2040
f 2275/2011/2041 2276/1649/1669 2277/1648/1668
f 2494/1743/1765 2449/1886/1912 2501/2012/2042
f 2759/1563/1584 2842/1656/1676 2709/1739/2043
f 2185/2013/2044 2183/2014/2045 2159/2015/2046
f 2568/1574/1595 2562/1576/1597 2569/2016/2047
f 2561/2017/2048 2557/1998/2028 2551/1535/1556
f 2231/1929/1957 2232/2018/2049 2225/1820/1844
f 2271/2019/2050 2274/1621/1641 2254/1889/1915
f 2270/1669/1689 2215/1663/1683 2199/1665/1685
f 2162/1734/1754 2163/2020/2051 2866/1963/1993
f 2576/2021/2052 2582/2022/2053 2546/2023/2054
f 2583/2024/2055 2511/1777/1800 2578/1969/1999
f 2195/2025/2056 2203/2026/2057 2200/1877/1901
f 2560/2027/2058 2546/2028/2059 2582/2029/2060
f 2398/1578/1599 2399/1887/1913 2372/1679/1699
f 2589/1643/1663 2581/2030/2061 2575/1997/2027
f 2605/1604/1624 2514/1612/1632 2542/1605/1625
f 2689/1545/1566 2674/2031/2062 2673/2032/2063
f 2156/1550/1571 2171/1549/1570 2170/2033/2064
f 2149/2034/2065 2168/1556/1577 2157/2035/2066
f 2593/2036/2067 2599/1811/1835 2602/2037/2068
f 2781/2038/2069 2801/2039/2070 2759/1563/1584
f 2180/2040/2071 2182/2041/2072 2181/2042/2073
f 2184/1634/1654 2189/1987/2017 2175/1691/1711
f 2166/2043/2074 2161/2044/2075 2169/1557/1578
f 2768/2045/2076 2791/2046/2077 2771/2047/2078
f 2865/2048/2079 2163/2020/2051 2165/2049/2080
f 2688/1745/1767 2754/1582/1603 2746/1718/2081
f 2565/1948/1977 2566/1947/1976 2564/2050/2082
f 2402/1710/1730 2416/1993/2023 2415/2051/2083
f 2596/2006/2036 2624/1681/1701 2623/1683/1703
f 2861/1872/1896 2341/1639/1659 2856/1651/1671
f 2534/1829/1853 2512/1828/1852 2611/1831/1855
f 2452/2052/2084 2473/1726/1746 2465/1758/1780
f 2578/1969/1999 2582/1968/1998 2583/2024/2055
f 2620/2053/2085 2604/1903/1928 2606/2054/2086
f 2603/2055/2087 2615/2056/2088 2599/2057/2089
f 2725/1521/1542 2701/1935/1963 2766/1519/1540
f 2540/2058/2090 2470/1534/1555 2507/1645/1665
f 2381/1946/1975 2396/2059/2091 2370/2060/2092
f 2296/2061/2093 2304/1852/1876 2282/1854/1878
f 2374/2062/2094 2372/2063/2095 2345/2064/2096
f 2159/2015/2046 2183/2014/2045 2135/2065/2097
f 2611/2066/2098 2598/2067/2099 2614/1666/1686
f 2587/1832/1856 2502/1741/1763 2534/1829/1853
f 2666/1773/1796 2698/2068/2100 2693/1523/1544
f 2625/1642/1662 2606/2069/2101 2604/2070/2102
f 2309/1902/1927 2318/1597/1618 2311/2071/2103
f 2197/1776/1799 2194/1757/1779 2190/1633/1653
f 2549/1795/1818 2531/1644/1664 2509/1789/1812
f 2195/2025/2056 2196/2072/2104 2203/2026/2057
f 2677/1697/1717 2847/1762/1784 2700/1698/1718
f 2298/2073/2105 2296/2061/2093 2282/1854/1878
f 2562/1576/1597 2567/1575/1596 2543/1953/1982
f 2256/2074/2106 2240/2075/2107 2229/1888/1914
f 2555/1573/1594 2553/1569/1590 2554/2076/2108
f 2272/2077/2109 2253/1793/1816 2252/1849/1873
f 2389/1715/1735 2434/1992/2022 2355/1701/1721
f 2526/1617/1637 2517/2078/2110 2522/1974/2004
f 2767/2079/2111 2771/2047/2078 2770/2080/2112
f 2467/1977/2007 2526/1617/1637 2522/1974/2004
f 2563/2081/2113 2566/2082/2114 2570/2083/2115
f 2494/1743/1765 2490/2084/2116 2447/2085/2117
f 2766/1519/1540 2783/2086/2118 2768/2087/2119
f 2633/1735/1755 2643/2088/2120 2144/2089/2121
f 2228/2090/2122 2225/1820/1844 2232/2018/2049
f 2652/2091/2123 2645/2092/2124 2663/2093/2125
f 2655/2094/2126 2657/2095/2127 2659/2096/2128
f 2654/2097/2129 2661/2098/2130 2649/2099/2131
f 2721/2100/2132 2687/1554/1575 2722/1553/1574
f 2530/2101/2133 2527/2102/2134 2529/2103/2135
f 2737/2104/2136 2739/1548/1569 2763/2105/2137
f 2345/2064/2096 2426/2106/2138 2339/2107/2139
f 2665/1774/1797 2660/1635/1655 2650/1511/1532
f 2662/2108/2140 2669/2109/2141 2663/2093/2125
f 2517/2078/2110 2523/1975/2005 2522/1974/2004
f 2422/2110/2142 2339/2107/2139 2426/2106/2138
f 2554/2111/2143 2538/2112/2143 2555/2113/2144
f 2678/2114/2145 2682/2115/2146 2679/2116/2147
f 2659/2096/2128 2670/2117/2148 2655/2094/2126
f 2673/2118/2149 2659/2096/2128 2658/2119/2150
f 2682/2115/2146 2675/2120/2151 2667/2121/2152
f 2682/2115/2146 2711/2122/2153 2720/2123/2154
f 2711/2122/2153 2682/2115/2146 2678/2114/2145
f 2426/2106/2138 2345/2064/2096 2409/2124/2155
f 2740/2125/2156 2726/2126/2157 2725/1521/1542
f 2363/2127/2158 2386/2128/2159 2367/2129/2160
f 2447/2130/2161 2490/2131/2162 2426/2106/2138
f 2401/1866/1890 2463/1703/1723 2400/1748/1770
f 2661/2098/2130 2662/2132/2163 2651/1514/1535
f 2152/2133/2164 2158/1555/1576 2161/2044/2075
f 2600/2134/2165 2598/2135/2166 2588/2136/2167
f 2736/1546/1567 2721/2100/2132 2738/1547/1568
f 2452/2052/2084 2456/1759/1781 2272/2077/2109
f 2791/2046/2077 2779/2137/2168 2778/2138/2169
f 2815/2139/2170 2822/1814/1838 2814/1813/1837
f 2701/1935/1963 2683/2140/2171 2640/1934/1962
f 2743/2141/2172 2732/2142/2173 2747/2143/2174
f 2466/2144/2175 2468/1941/1969 2469/2009/2039
f 2628/2145/2176 2629/2146/2177 2626/2147/2178
f 2721/2100/2132 2736/1546/1567 2676/2148/2179
f 2213/1561/1582 2289/1853/1877 2160/1737/1757
f 2700/1698/1718 2759/1563/1584 2811/2149/2180
f 2534/1829/1853 2502/1741/1763 2501/2012/2042
f 2164/2150/2181 2161/2044/2075 2166/2043/2074
f 2393/1630/1650 2385/1629/1649 2387/2151/2182
f 2178/1712/1732 2154/1884/1910 2176/1690/1710
f 2747/2143/2174 2732/2142/2173 2734/2152/2183
f 2559/1936/1964 2564/1938/1966 2566/2082/2114
f 2225/1820/1844 2228/2090/2122 2224/1821/1845
f 2242/2008/2038 2453/2010/2040 2440/1924/1952
f 2788/2153/2184 2792/2154/2185 2791/2046/2077
f 2346/1920/1947 2316/1707/1727 2315/2004/2034
f 2380/1799/1822 2381/2155/2186 2370/1798/1821
f 2729/2156/2187 2742/1768/1791 2730/2157/2188
f 2732/2142/2173 2728/2158/2189 2731/2159/2190
f 2246/1851/1875 2331/1788/1811 2251/2160/2191
f 2726/2161/2192 2724/1596/1617 2725/2162/2193
f 2744/2163/2194 2747/2143/2174 2748/2164/2195
f 2341/1639/1659 2380/1799/1822 2414/1732/1752
f 2457/1564/1585 2454/1566/1587 2446/2165/2196
f 2457/1564/1585 2475/2166/2197 2506/2167/2198
f 2683/1772/1795 2665/1774/1797 2668/2168/2199
f 2693/1523/1544 2689/1545/1566 2666/1773/1796
f 2543/1953/1982 2544/2169/2200 2557/2170/2201
f 2180/2040/2071 2181/2042/2073 2208/1694/1714
f 2794/2171/2202 2775/2172/2203 2774/2173/2204
f 2185/1894/1920 2206/1893/1919 2187/1908/1933
f 2793/2174/2205 2777/2175/2206 2776/2176/2207
f 2760/2177/2208 2781/2038/2069 2759/1563/1584
f 2445/2178/2209 2446/2179/2210 2444/2180/2211
f 2496/2181/2212 2495/2182/2213 2471/1915/1942
f 2149/1518/1539 2137/2183/2214 2140/1516/1537
f 2204/2184/2215 2180/2040/2071 2210/1693/1713
f 2658/2185/2216 2657/2186/2217 2660/1635/1655
f 2195/2025/2056 2202/2187/2218 2196/2072/2104
f 2633/1735/1755 2144/2089/2121 2143/1949/1978
f 2706/1923/2219 2695/1660/1907 2705/1738/1906
f 2724/1596/1617 2710/1595/1616 2713/2188/2220
f 2344/1873/1897 2622/2189/2221 2319/1584/1605
f 2541/2190/2222 2524/1990/2020 2517/2191/2223
f 2749/1520/1541 2740/2125/2156 2725/1521/1542
f 2456/1759/1781 2235/1764/1787 2273/1792/1815
f 2419/1945/1974 2392/1944/1973 2404/2192/2224
f 2169/2193/2225 2172/2194/2226 2182/2041/2072
f 2402/1710/1730 2412/1879/1903 2416/1993/2023
f 2580/1752/1774 2597/1846/1870 2575/2195/2227
f 2801/2196/2228 2805/2197/2229 2806/2198/2230
f 2396/2059/2091 2413/2007/2037 2371/1714/1734
f 2533/1753/1775 2580/1752/1774 2573/2199/2231
f 2607/1668/1688 2613/1667/1687 2615/2200/2232
f 2807/1685/1705 2817/1994/2024 2830/1686/1706
f 2827/2201/2233 2797/2202/2234 2796/2203/2235
f 2802/1532/1553 2835/2204/2236 2808/1533/1554
f 2153/2205/2237 2157/2035/2066 2158/1555/1576
f 2406/1646/1666 2403/1996/2026 2397/1711/1731
f 2833/2206/2238 2839/2207/2239 2831/2208/2240
f 2571/1754/1776 2533/1753/1775 2532/1962/1992
f 2822/2209/2241 2826/2210/2242 2831/1995/2025
f 2170/2033/2064 2155/1544/1565 2156/1550/1571
f 2150/2211/2243 2149/1518/1539 2151/1517/1538
f 2499/1536/1557 2404/2192/2224 2470/1534/1555
f 2811/2149/2180 2759/1563/1584 2709/1739/2043
f 2509/1789/1812 2478/1790/1813 2479/2212/2244
f 2839/2207/2239 2833/2206/2238 2832/2213/2245
f 2782/2214/2246 2787/2215/2247 2805/2197/2229
f 2196/1817/1841 2201/2216/2248 2203/2217/2249
f 2451/2218/2250 2454/2219/2251 2484/2220/2252
f 2840/2221/2253 2831/2208/2240 2841/2222/2254
f 2571/1754/1776 2597/1846/1870 2580/1752/1774
f 2240/1930/1958 2231/1929/1957 2225/1820/1844
f 2540/2058/2090 2569/2223/2255 2562/2224/2256
f 2725/1521/1542 2713/2225/2257 2701/1935/1963
f 2531/1644/1664 2406/1646/1666 2405/2226/2258
f 2494/1743/1765 2447/2085/2117 2441/2227/2259
f 2632/2228/2260 2631/1528/1549 2145/1530/1551
f 2782/2229/2261 2801/2039/2070 2781/2038/2069
f 2341/1639/1659 2414/1732/1752 2213/1561/1582
f 2438/2230/2262 2446/2231/2263 2455/2232/2262
f 2836/2233/2264 2813/2234/2265 2812/2235/2266
f 2162/1734/1754 2640/1934/1962 2633/1735/1755
f 2802/1532/1553 2836/1918/1945 2835/2204/2236
f 2160/1737/1757 2205/2236/2267 2186/2237/2268
f 637/2238/2269 2860/2239/2270 2863/2240/2271
f 611/2241/2272 3164/2242/2273 641/440/2274
f 2859/442/457 621/435/2275 623/434/455
f 2855/2243/2276 614/427/2277 642/419/2278
f 615/428/2279 2845/2244/2280 638/2245/2281
f 2862/2246/2282 647/430/2283 2846/2247/2284
f 631/437/2285 2861/2248/2286 632/438/463
f 2857/441/456 623/434/455 2844/2249/2287
f 2860/2239/2270 637/2238/2269 638/2245/2281
f 3165/2250/2288 618/418/2289 2854/2251/2290
f 2846/2247/2284 647/430/2283 641/440/2274
f 2854/2251/2290 635/2252/2291 636/2253/2292
f 2742/1768/1791 2738/1770/1793 2722/2254/2293
f 2669/2109/2141 2662/2108/2140 2675/1744/1766
f 2243/2255/2294 2245/1766/1789 2260/2256/2295
f 2287/2257/2296 2252/1849/1873 2267/1585/1606
f 2642/1512/1533 2632/2228/2260 2643/2258/2297
f 2706/1923/2219 2688/1745/1829 2695/1660/1907
f 2760/1959/1988 2761/1958/1987 2762/2259/2298
f 2507/1645/1665 2470/1534/1555 2403/1996/2026
f 2766/1519/1540 2821/2260/2299 2783/2086/2118
f 2541/2190/2222 2530/2261/2300 2524/1990/2020
f 2815/2262/2301 2825/2263/2302 2826/2210/2242
f 2244/1728/1748 2261/1727/1747 2260/2264/2303
f 2218/1593/1614 2223/1835/1859 2216/1834/1858
f 2253/1793/1816 2257/2265/2304 2248/1850/1874
f 2467/1977/2007 2272/2077/2109 2287/2257/2296
f 2142/1736/1756 2152/2266/2305 2162/1734/1754
f 2847/1762/1784 2162/1734/1754 2250/1505/1526
f 2204/1541/1562 2210/2267/2306 2867/2268/2307
f 2163/2020/2051 2865/2048/2079 2866/1963/1993
f 2865/2269/2308 2867/2268/2307 2866/2270/2309
f 2867/2268/2307 2209/2271/2310 2868/2272/2311
f 2866/2270/2309 2868/2272/2311 2249/2273/2312
f 2505/2274/2313 3135/2275/2314 3152/2276/2315
f 3065/2277/2316 3066/2278/2317 3067/2279/2318
f 2918/2280/2319 3044/2281/2320 2919/2282/2321
f 2881/2283/2322 2880/2284/2323 2884/2285/2324
f 3011/2286/2325 2884/2287/2326 3012/2288/2327
f 2892/2289/2328 2881/2283/2322 2886/2290/2329
f 2893/2291/2330 2880/2284/2323 2881/2283/2322
f 2940/2292/2331 2934/2293/2332 2939/2294/2333
f 3027/2295/2334 2885/2296/2335 3011/2286/2325
f 2952/2297/2336 2951/2298/2337 2954/2299/2338
f 2922/2300/2339 2909/2301/2340 2908/2302/2341
f 3044/2303/2342 2920/2304/2343 3061/2305/2344
f 3024/2306/2345 2908/2307/2346 3025/2308/2347
f 2932/2309/2348 2931/2310/2349 3070/2311/2350
f 2934/2293/2332 3070/2311/2350 2935/2312/2351
f 2958/2313/2352 3048/2314/2353 2911/2315/2354
f 2934/2293/2332 2935/2312/2351 2939/2294/2333
f 2936/2316/2355 2937/2317/2356 2933/2318/2357
f 2907/2319/2358 2900/2320/2359 3049/2321/2360
f 2947/2322/2361 2945/2323/2362 2941/2324/2363
f 2948/2325/2364 2947/2322/2361 2932/2309/2348
f 3030/2326/2365 2955/2327/2366 3031/2328/2367
f 2977/2329/2368 2978/2330/2369 2976/2331/2370
f 3068/2332/2371 2968/2333/2372 2969/2334/2373
f 3032/2335/2374 2967/2336/2375 3033/2337/2376
f 2974/2338/2377 2921/2339/2378 2922/2300/2339
f 2963/2340/2379 2979/2341/2380 2973/2342/2381
f 3034/2343/2382 2979/2344/2383 3035/2345/2384
f 3033/2337/2376 2967/2336/2375 3034/2343/2382
f 3016/2346/2385 2993/2347/2386 3018/2348/2387
f 2983/2349/2388 2985/2350/2389 2893/2291/2330
f 2993/2351/2390 2984/2352/2391 2985/2350/2389
f 3023/2353/2392 2882/2354/2393 2984/2355/2394
f 2984/2352/2391 2882/2356/2395 2985/2350/2389
f 2985/2350/2389 2882/2356/2395 2880/2284/2323
f 3019/2357/2396 2966/2358/2397 3020/2359/2398
f 3056/2360/2399 3057/2361/2400 2987/2362/2401
f 3018/2348/2387 2993/2347/2386 3019/2357/2396
f 3017/2363/2402 2984/2364/2403 3016/2346/2385
f 2975/2365/2404 2976/2331/2370 2974/2366/2405
f 2998/2367/2406 2997/2368/2407 3000/2369/2408
f 2940/2292/2331 2948/2325/2364 2932/2309/2348
f 3043/2370/2409 2948/2371/2410 3041/2372/2411
f 3046/2373/2412 2876/2374/2413 3070/2311/2350
f 2994/2375/2414 2982/2376/2415 2980/2377/2416
f 2895/2378/2417 2926/2379/2418 2958/2380/2419
f 2968/2333/2372 2966/2381/2420 3069/2382/2421
f 2880/2284/2323 2883/2383/2422 2884/2285/2324
f 3069/2382/2421 2966/2381/2420 2983/2349/2388
f 2983/2349/2388 2993/2351/2390 2985/2350/2389
f 3053/2384/2423 2961/2385/2424 2962/2386/2425
f 2945/2323/2362 2949/2387/2426 2950/2388/2427
f 2905/2389/2428 2909/2301/2340 2906/2390/2429
f 2874/2391/2430 2872/2392/2431 2876/2374/2413
f 2987/2393/2432 2986/2394/2433 2989/2395/2434
f 2953/2396/2435 2943/2397/2436 2950/2398/2437
f 3014/2399/2438 2883/2400/2439 3015/2401/2440
f 3044/2402/2441 2922/2300/2339 2908/2302/2341
f 2901/2403/2442 2900/2320/2359 2907/2319/2358
f 3060/2404/2443 2899/2405/2444 2908/2302/2341
f 3059/2406/2445 3058/2407/2446 2969/2408/2447
f 2911/2315/2354 2895/2409/2448 2958/2313/2352
f 3012/2288/2327 2884/2287/2326 3013/2410/2449
f 3049/2411/2450 2905/2412/2451 2904/2413/2452
f 3063/2414/2453 2956/2415/2454 3048/2314/2353
f 2915/2416/2455 3067/2417/2456 2914/2418/2457
f 2967/2419/2458 3068/2332/2371 3058/2420/2459
f 3048/2314/2353 3050/2421/2460 3063/2414/2453
f 2995/2422/2461 2980/2423/2462 2981/2424/2463
f 3061/2305/2344 2923/2425/2464 2974/2366/2405
f 2874/2426/2465 2877/2427/2466 2869/2428/2467
f 2950/2388/2427 2943/2429/2468 2942/2430/2469
f 2944/2431/2470 2927/2432/2471 2943/2433/2472
f 3028/2434/2473 2949/2435/2474 2945/2436/2475
f 3062/2437/2476 2900/2320/2359 3060/2438/2477
f 2931/2310/2349 2941/2324/2363 2929/2439/2478
f 2986/2394/2433 3057/2440/2479 2983/2349/2388
f 2941/2324/2363 2931/2310/2349 2932/2309/2348
f 2976/2441/2480 2978/2442/2481 3045/2443/2482
f 3041/2372/2411 2940/2444/2483 3040/2445/2484
f 2891/2446/2485 2890/2447/2486 2888/2448/2487
f 3051/2449/2488 2963/2340/2379 2973/2342/2381
f 2900/2320/2359 3047/2450/2489 3060/2438/2477
f 2909/2301/2340 2905/2389/2428 3062/2451/2490
f 2937/2317/2356 2879/2452/2491 2877/2427/2466
f 2906/2390/2429 2921/2339/2378 2964/2453/2492
f 2889/2454/2493 2887/2455/2494 2916/2456/2495
f 2912/2457/2496 3067/2279/2318 3066/2278/2317
f 3063/2458/2497 3053/2384/2423 2973/2459/2498
f 2892/2289/2328 2989/2395/2434 2986/2394/2433
f 2950/2388/2427 2949/2387/2426 2951/2460/2499
f 2869/2461/2500 2908/2302/2341 2872/2392/2431
f 3064/2462/2501 2921/2339/2378 2963/2340/2379
f 2972/2463/2502 2912/2464/2503 3058/2465/2504
f 2969/2334/2373 3058/2420/2459 3068/2332/2371
f 2965/2466/2505 3064/2467/2506 3052/2468/2507
f 2911/2315/2354 2910/2469/2508 2898/2470/2509
f 2900/2471/2510 3062/2472/2511 2905/2412/2451
f 3048/2314/2353 2910/2469/2508 2911/2315/2354
f 2974/2338/2377 2963/2340/2379 2921/2339/2378
f 2971/2473/2512 3058/2465/2504 3059/2474/2513
f 2930/2475/2514 2933/2318/2357 2929/2476/2515
f 3052/2468/2507 3064/2467/2506 3051/2477/2516
f 2912/2464/2503 2910/2478/2517 3058/2465/2504
f 3045/2443/2482 2979/2341/2380 2976/2441/2480
f 3057/2440/2479 3069/2382/2421 2983/2349/2388
f 2912/2457/2496 3066/2278/2317 2898/2470/2509
f 2885/2479/2518 3065/2277/2316 2886/2290/2329
f 3046/2373/2412 3070/2311/2350 2931/2310/2349
f 2980/2377/2416 2979/2341/2380 3045/2443/2482
f 3094/2480/2519 3081/2481/2520 3078/2482/2521
f 3093/2483/2522 3092/2484/2523 3087/2485/2524
f 3092/2484/2523 3074/2486/2525 3086/2487/2526
f 3097/2488/2527 3096/2489/2528 3100/2490/2529
f 3085/2491/2530 3082/2492/2531 3083/2493/2532
f 3087/2485/2524 3086/2487/2526 3085/2491/2530
f 3112/2494/2533 3108/2495/2534 3110/2496/2535
f 3117/2497/2536 3102/2498/2537 3119/2499/2538
f 3098/2500/2539 3094/2480/2519 3097/2488/2527
f 3097/2488/2527 3104/2501/2540 3098/2500/2539
f 3126/2502/2541 3123/2503/2542 3118/2504/2543
f 3121/2505/2544 3119/2499/2538 3120/2506/2545
f 3123/2503/2542 3117/2497/2536 3118/2504/2543
f 3122/2507/2546 3117/2497/2536 3123/2503/2542
f 3131/2508/2547 3130/2509/2548 3123/2503/2542
f 3127/2510/2549 3119/2499/2538 3121/2505/2544
f 3129/2511/2550 3126/2502/2541 3119/2499/2538
f 2505/2274/2313 3152/2276/2315 3153/2512/2551
f 3150/2513/2552 3148/2514/2553 3149/2515/2554
f 2505/2274/2313 3153/2512/2551 3155/2516/2555
f 3149/2515/2554 3143/2517/2556 3144/2518/2557
f 3155/2516/2555 3153/2512/2551 3151/2519/2558
f 2593/2520/2559 3144/2518/2557 2590/2521/2560
f 3151/2519/2558 3149/2515/2554 3146/2522/2561
f 3145/2523/2562 3146/2522/2561 3144/2518/2557
f 2545/2524/2563 3151/2519/2558 3154/2525/2564
f 2586/2526/2565 3145/2523/2562 2592/2527/2566
f 3147/2528/2567 3154/2525/2564 3145/2523/2562
f 610/2529/2568 2863/2530/2569 2759/1563/1584
f 691/482/500 690/485/503 692/486/504
f 3170/2531/2570 3171/2532/2571 3166/2533/2572
f 3171/2532/2571 3212/2534/2573 3166/2533/2572
f 3167/2535/2574 3172/2536/2575 3196/2537/2576
f 3179/2538/2577 3180/2539/2578 3169/2540/2579
f 3184/2541/2580 3183/2542/2581 3182/2543/2582
f 3186/2544/2583 3187/2545/2584 3171/2532/2571
f 3187/2545/2584 3188/2546/2585 3171/2532/2571
f 3178/2547/2586 3286/2548/2587 3192/2549/2588
f 3181/2550/2589 3180/2539/2578 3203/2551/2590
f 3193/2552/2591 3194/2553/2592 3182/2554/2593
f 3172/2536/2575 3197/2555/2594 3187/2556/2595
f 3187/2545/2584 3197/2557/2596 3188/2546/2585
f 3200/2558/2597 3188/2546/2585 3197/2557/2596
f 3212/2559/2598 3189/2560/1623 3201/2561/1623
f 3215/2562/2599 3218/2563/2600 3192/2549/2588
f 3218/2564/2601 3202/2565/2602 3178/2566/2603
f 3208/2567/2604 3203/2551/2590 3179/2538/2577
f 3174/2568/2605 3196/2537/2576 3186/2569/2606
f 3219/2570/2607 3205/2571/2608 3204/2572/2609
f 3206/2573/2610 3233/2574/2611 3198/2575/2612
f 3233/2574/2611 3217/2576/2613 3198/2575/2612
f 3217/2577/2614 3210/2578/2615 3198/2579/2616
f 3211/2580/1623 3212/2559/2598 3201/2561/1623
f 3239/2581/2617 3192/2549/2588 3190/2582/2618
f 3221/2583/2619 3207/2584/2620 3202/2565/2602
f 3219/2570/2607 3220/2585/2621 3205/2571/2608
f 3173/2586/2622 3205/2571/2608 3213/2587/2623
f 3213/2587/2623 3167/2535/2574 3173/2586/2622
f 3167/2535/2574 3214/2588/2624 3172/2536/2575
f 3213/2587/2623 3216/2589/2625 3167/2535/2574
f 3239/2590/1623 3211/2580/1623 3237/2591/1639
f 3210/2578/2615 3217/2577/2614 3235/2592/2626
f 3166/2533/2572 3191/2593/2627 3285/2594/2628
f 3287/2595/2629 3169/2596/2630 3183/2542/2581
f 3229/2597/2631 3215/2562/2599 3228/2598/2632
f 3223/2599/2633 3207/2600/2634 3222/2601/2635
f 3250/2602/2636 3224/2603/2637 3289/2604/2638
f 3224/2603/2637 3219/2570/2607 3209/2605/2639
f 3231/2606/2640 3220/2585/2621 3219/2570/2607
f 3225/2607/2641 3216/2589/2625 3213/2587/2623
f 3241/2608/2642 3232/2609/2643 3214/2588/2624
f 3234/2610/2644 3217/2576/2613 3233/2574/2611
f 3236/2611/2645 3237/2612/2646 3211/2613/2647
f 3228/2598/2632 3215/2562/2599 3227/2614/2648
f 3229/2615/2649 3230/2616/2650 3222/2617/2651
f 3236/2611/2645 3238/2618/2652 3237/2612/2646
f 3240/2619/2653 3241/2608/2642 3216/2589/2625
f 3232/2609/2643 3242/2620/2654 3234/2610/2644
f 3232/2609/2643 3234/2610/2644 3233/2574/2611
f 3234/2621/2655 3238/2618/2652 3236/2611/2645
f 3211/2580/1623 3239/2590/1623 3212/2559/2598
f 3224/2603/2637 3251/2622/2656 3231/2606/2640
f 3225/2607/2641 3253/2623/2657 3241/2608/2642
f 3241/2608/2642 3240/2619/2653 3225/2607/2641
f 3243/2624/2658 3246/2625/2659 3247/2626/2660
f 3248/2627/419 3237/2591/1639 3238/2628/2661
f 3287/2595/2629 3177/2629/2662 3169/2596/2630
f 3253/2623/2657 3254/2630/2663 3232/2609/2643
f 3254/2630/2663 3246/2631/2664 3232/2609/2643
f 3288/2632/2665 3230/2616/2650 3249/2633/2666
f 3250/2602/2636 3267/2634/2667 3251/2622/2656
f 3260/2635/2668 3244/2636/2669 3259/2637/2670
f 3254/2630/2663 3253/2623/2657 3252/2638/2671
f 3264/2639/2672 3257/2640/2673 3248/2641/2674
f 3250/2602/2636 3274/2642/2675 3267/2634/2667
f 3259/2637/2670 3168/2643/2676 3260/2635/2668
f 3261/2644/2677 3168/2643/2676 3268/2645/2678
f 3268/2645/2678 3263/2646/2679 3261/2644/2677
f 3270/2647/2680 3263/2648/2681 3268/2649/2682
f 3269/2650/2683 3168/2643/2676 3258/2651/2684
f 3269/2650/2683 3268/2645/2678 3168/2643/2676
f 3269/2652/2685 3275/2653/2686 3276/2654/2687
f 3277/2655/2688 3271/2656/2689 3270/2647/2680
f 3277/2657/2690 3278/2658/2691 3265/2659/2692
f 3272/2660/2693 3278/2661/2694 3176/2662/2695
f 3279/2663/2696 3266/2664/2697 3273/2665/2698
f 3274/2642/2675 3280/2666/2699 3267/2634/2667
f 3280/2667/2700 3175/2668/2701 3176/2669/2702
f 3176/2669/2702 3276/2654/2687 3280/2667/2700
f 3290/2670/2703 3283/2671/2704 3175/2668/2701
f 3284/2672/2705 3282/2673/2706 3283/2671/2704
f 3290/2674/2707 3279/2675/2708 3284/2676/2709
f 3178/2547/2586 3177/2677/2710 3286/2548/2587
f 3256/2678/2711 3248/2641/2674 3257/2640/2673
f 3176/2662/2695 3273/2665/2698 3272/2660/2693
f 3230/2616/2650 3229/2615/2649 3228/2679/2712
f 3218/2564/2601 3221/2583/2619 3202/2565/2602
f 3266/2680/2713 3274/2642/2675 3250/2602/2636
f 3223/2599/2633 3289/2604/2638 3208/2567/2604
f 3208/2567/2604 3289/2604/2638 3203/2551/2590
f 3182/2543/2582 3183/2542/2581 3181/2681/2714
f 3306/2682/2715 3295/2683/2715 3304/2684/2715
f 3302/2685/2716 3301/2686/2716 3298/2687/2716
f 3303/2688/2715 3300/2689/2715 3301/2686/2715
f 3292/2690/2717 3291/2691/2717 3294/2692/2717
f 3303/2688/2718 3301/2686/2718 3302/2685/2718
f 3295/2683/2719 3291/2691/2719 3293/2693/2719
f 3297/2694/2720 3296/2695/2720 3299/2696/2720
f 3300/2689/2721 3296/2695/2721 3298/2687/2721
f 3308/2697/2716 3310/2698/2716 3305/2699/2716
f 3300/2689/2715 3299/2696/2715 3296/2695/2715
f 3293/2693/2716 3291/2691/2716 3292/2690/2716
f 3298/2687/2720 3301/2686/2720 3300/2689/2720
f 3293/2693/2722 3304/2684/2722 3295/2683/2722
f 3308/2697/2722 3307/2700/2722 3309/2701/2722
f 3295/2683/2715 3294/2692/2715 3291/2691/2715
f 3299/2696/2721 3307/2700/2721 3297/2694/2721
f 3305/2699/2716 3304/2684/2716 3293/2693/2716
f 3297/2694/2716 3307/2700/2716 3308/2697/2716
f 3298/2687/2716 3296/2695/2716 3297/2694/2716
f 3309/2701/2715 3306/2682/2715 3310/2698/2715
f 3309/2701/2721 3310/2698/2721 3308/2697/2721
f 3305/2699/2720 3310/2698/2720 3306/2682/2720
f 3299/2696/2715 3309/2701/2715 3307/2700/2715
f 3306/2682/2721 3304/2684/2721 3305/2699/2721
f 3326/2682/2723 3315/2683/2723 3324/2684/2723
f 3322/2685/2724 3321/2686/2724 3318/2687/2724
f 3323/2688/2723 3320/2689/2723 3321/2686/2723
f 3312/2690/2725 3311/2691/2725 3314/2692/2725
f 3323/2688/2726 3321/2686/2726 3322/2685/2726
f 3315/2683/2727 3311/2691/2727 3313/2693/2727
f 3317/2694/2728 3316/2695/2728 3319/2696/2728
f 3320/2689/2727 3316/2695/2727 3318/2687/2727
f 3328/2697/2724 3330/2698/2724 3325/2699/2724
f 3320/2689/2723 3319/2696/2723 3316/2695/2723
f 3313/2693/2724 3311/2691/2724 3312/2690/2724
f 3318/2687/2728 3321/2686/2728 3320/2689/2728
f 3313/2693/2728 3324/2684/2728 3315/2683/2728
f 3328/2697/2728 3327/2700/2728 3329/2701/2728
f 3315/2683/2723 3314/2692/2723 3311/2691/2723
f 3319/2696/2727 3327/2700/2727 3317/2694/2727
f 3325/2699/2724 3324/2684/2724 3313/2693/2724
f 3317/2694/2724 3327/2700/2724 3328/2697/2724
f 3318/2687/2724 3316/2695/2724 3317/2694/2724
f 3329/2701/2723 3326/2682/2723 3330/2698/2723
f 3329/2701/2727 3330/2698/2727 3328/2697/2727
f 3325/2699/2728 3330/2698/2728 3326/2682/2728
f 3319/2696/2723 3329/2701/2723 3327/2700/2723
f 3326/2682/2727 3324/2684/2727 3325/2699/2727
f 3346/2682/2729 3335/2683/2729 3344/2684/2729
f 3342/2685/2730 3341/2686/2730 3338/2687/2730
f 3343/2688/2729 3340/2689/2729 3341/2686/2729
f 3332/2690/2731 3331/2691/2731 3334/2692/2731
f 3343/2688/2732 3341/2686/2732 3342/2685/2732
f 3335/2683/2733 3331/2691/2733 3333/2693/2733
f 3337/2694/2734 3336/2695/2734 3339/2696/2734
f 3340/2689/2733 3336/2695/2733 3338/2687/2733
f 3348/2697/2730 3350/2698/2730 3345/2699/2730
f 3340/2689/2729 3339/2696/2729 3336/2695/2729
f 3333/2693/2730 3331/2691/2730 3332/2690/2730
f 3338/2687/2734 3341/2686/2734 3340/2689/2734
f 3333/2693/2734 3344/2684/2734 3335/2683/2734
f 3348/2697/2734 3347/2700/2734 3349/2701/2734
f 3335/2683/2729 3334/2692/2729 3331/2691/2729
f 3339/2696/2733 3347/2700/2733 3337/2694/2733
f 3345/2699/2730 3344/2684/2730 3333/2693/2730
f 3337/2694/2730 3347/2700/2730 3348/2697/2730
f 3338/2687/2730 3336/2695/2730 3337/2694/2730
f 3349/2701/2729 3346/2682/2729 3350/2698/2729
f 3349/2701/2733 3350/2698/2733 3348/2697/2733
f 3345/2699/2734 3350/2698/2734 3346/2682/2734
f 3339/2696/2729 3349/2701/2729 3347/2700/2729
f 3346/2682/2733 3344/2684/2733 3345/2699/2733
f 3366/2682/2735 3355/2683/2735 3364/2684/2735
f 3362/2685/2736 3361/2686/2736 3358/2687/2736
f 3363/2688/2735 3360/2689/2735 3361/2686/2735
f 3352/2690/2737 3351/2691/2737 3354/2692/2737
f 3363/2688/2738 3361/2686/2738 3362/2685/2738
f 3355/2683/2739 3351/2691/2739 3353/2693/2739
f 3357/2694/2740 3356/2695/2740 3359/2696/2740
f 3360/2689/2739 3356/2695/2739 3358/2687/2739
f 3368/2697/2736 3370/2698/2736 3365/2699/2736
f 3360/2689/2735 3359/2696/2735 3356/2695/2735
f 3353/2693/2736 3351/2691/2736 3352/2690/2736
f 3358/2687/2740 3361/2686/2740 3360/2689/2740
f 3353/2693/2740 3364/2684/2740 3355/2683/2740
f 3368/2697/2740 3367/2700/2740 3369/2701/2740
f 3355/2683/2735 3354/2692/2735 3351/2691/2735
f 3359/2696/2739 3367/2700/2739 3357/2694/2739
f 3365/2699/2736 3364/2684/2736 3353/2693/2736
f 3357/2694/2736 3367/2700/2736 3368/2697/2736
f 3358/2687/2736 3356/2695/2736 3357/2694/2736
f 3369/2701/2735 3366/2682/2735 3370/2698/2735
f 3369/2701/2739 3370/2698/2739 3368/2697/2739
f 3365/2699/2740 3370/2698/2740 3366/2682/2740
f 3359/2696/2735 3369/2701/2735 3367/2700/2735
f 3366/2682/2739 3364/2684/2739 3365/2699/2739
f 3386/2682/2741 3375/2683/2741 3384/2684/2741
f 3382/2685/2742 3381/2686/2742 3378/2687/2742
f 3383/2688/2741 3380/2689/2741 3381/2686/2741
f 3372/2690/2743 3371/2691/2743 3374/2692/2743
f 3383/2688/2744 3381/2686/2744 3382/2685/2744
f 3375/2683/2745 3371/2691/2745 3373/2693/2745
f 3377/2694/2746 3376/2695/2746 3379/2696/2746
f 3380/2689/2745 3376/2695/2745 3378/2687/2745
f 3388/2697/2742 3390/2698/2742 3385/2699/2742
f 3380/2689/2747 3379/2696/2747 3376/2695/2747
f 3373/2693/2742 3371/2691/2742 3372/2690/2742
f 3378/2687/2746 3381/2686/2746 3380/2689/2746
f 3373/2693/2746 3384/2684/2746 3375/2683/2746
f 3388/2697/2746 3387/2700/2746 3389/2701/2746
f 3375/2683/2747 3374/2692/2747 3371/2691/2747
f 3379/2696/2745 3387/2700/2745 3377/2694/2745
f 3385/2699/2742 3384/2684/2742 3373/2693/2742
f 3377/2694/2742 3387/2700/2742 3388/2697/2742
f 3378/2687/2742 3376/2695/2742 3377/2694/2742
f 3389/2701/2747 3386/2682/2747 3390/2698/2747
f 3389/2701/2745 3390/2698/2745 3388/2697/2745
f 3385/2699/2746 3390/2698/2746 3386/2682/2746
f 3379/2696/2741 3389/2701/2741 3387/2700/2741
f 3386/2682/2745 3384/2684/2745 3385/2699/2745
f 3406/2682/2748 3395/2683/2748 3404/2684/2748
f 3402/2685/2749 3401/2686/2749 3398/2687/2749
f 3403/2688/2748 3400/2689/2748 3401/2686/2748
f 3392/2690/2750 3391/2691/2750 3394/2692/2750
f 3403/2688/2751 3401/2686/2751 3402/2685/2751
f 3395/2683/2752 3391/2691/2752 3393/2693/2752
f 3397/2694/2753 3396/2695/2753 3399/2696/2753
f 3400/2689/2752 3396/2695/2752 3398/2687/2752
f 3408/2697/2749 3410/2698/2749 3405/2699/2749
f 3400/2689/2748 3399/2696/2748 3396/2695/2748
f 3393/2693/2749 3391/2691/2749 3392/2690/2749
f 3398/2687/2753 3401/2686/2753 3400/2689/2753
f 3393/2693/2753 3404/2684/2753 3395/2683/2753
f 3408/2697/2753 3407/2700/2753 3409/2701/2753
f 3395/2683/2748 3394/2692/2748 3391/2691/2748
f 3399/2696/2752 3407/2700/2752 3397/2694/2752
f 3405/2699/2749 3404/2684/2749 3393/2693/2749
f 3397/2694/2749 3407/2700/2749 3408/2697/2749
f 3398/2687/2749 3396/2695/2749 3397/2694/2749
f 3409/2701/2748 3406/2682/2748 3410/2698/2748
f 3409/2701/2752 3410/2698/2752 3408/2697/2752
f 3405/2699/2753 3410/2698/2753 3406/2682/2753
f 3399/2696/2748 3409/2701/2748 3407/2700/2748
f 3406/2682/2752 3404/2684/2752 3405/2699/2752
f 3426/2682/2754 3415/2683/2754 3424/2684/2754
f 3422/2685/2755 3421/2686/2755 3418/2687/2755
f 3423/2688/2754 3420/2689/2754 3421/2686/2754
f 3412/2690/2756 3411/2691/2756 3414/2692/2756
f 3423/2688/2757 3421/2686/2757 3422/2685/2757
f 3415/2683/2758 3411/2691/2758 3413/2693/2758
f 3417/2694/2759 3416/2695/2759 3419/2696/2759
f 3420/2689/2758 3416/2695/2758 3418/2687/2758
f 3428/2697/2755 3430/2698/2755 3425/2699/2755
f 3420/2689/2754 3419/2696/2754 3416/2695/2754
f 3413/2693/2755 3411/2691/2755 3412/2690/2755
f 3418/2687/2759 3421/2686/2759 3420/2689/2759
f 3413/2693/2759 3424/2684/2759 3415/2683/2759
f 3428/2697/2759 3427/2700/2759 3429/2701/2759
f 3415/2683/2754 3414/2692/2754 3411/2691/2754
f 3419/2696/2758 3427/2700/2758 3417/2694/2758
f 3425/2699/2755 3424/2684/2755 3413/2693/2755
f 3417/2694/2755 3427/2700/2755 3428/2697/2755
f 3418/2687/2755 3416/2695/2755 3417/2694/2755
f 3429/2701/2754 3426/2682/2754 3430/2698/2754
f 3429/2701/2758 3430/2698/2758 3428/2697/2758
f 3425/2699/2759 3430/2698/2759 3426/2682/2759
f 3419/2696/2754 3429/2701/2754 3427/2700/2754
f 3426/2682/2758 3424/2684/2758 3425/2699/2758
f 3446/2682/2760 3435/2683/2760 3444/2684/2760
f 3442/2685/2761 3441/2686/2761 3438/2687/2761
f 3443/2688/2760 3440/2689/2760 3441/2686/2760
f 3432/2690/2762 3431/2691/2762 3434/2692/2762
f 3443/2688/2763 3441/2686/2763 3442/2685/2763
f 3435/2683/2764 3431/2691/2764 3433/2693/2764
f 3437/2694/2765 3436/2695/2765 3439/2696/2765
f 3440/2689/2764 3436/2695/2764 3438/2687/2764
f 3448/2697/2761 3450/2698/2761 3445/2699/2761
f 3440/2689/2760 3439/2696/2760 3436/2695/2760
f 3433/2693/2761 3431/2691/2761 3432/2690/2761
f 3438/2687/2765 3441/2686/2765 3440/2689/2765
f 3433/2693/2765 3444/2684/2765 3435/2683/2765
f 3448/2697/2765 3447/2700/2765 3449/2701/2765
f 3435/2683/2760 3434/2692/2760 3431/2691/2760
f 3439/2696/2764 3447/2700/2764 3437/2694/2764
f 3445/2699/2761 3444/2684/2761 3433/2693/2761
f 3437/2694/2761 3447/2700/2761 3448/2697/2761
f 3438/2687/2761 3436/2695/2761 3437/2694/2761
f 3449/2701/2766 3446/2682/2766 3450/2698/2766
f 3449/2701/2764 3450/2698/2764 3448/2697/2764
f 3445/2699/2765 3450/2698/2765 3446/2682/2765
f 3439/2696/2760 3449/2701/2760 3447/2700/2760
f 3446/2682/2764 3444/2684/2764 3445/2699/2764
f 3466/2682/2767 3455/2683/2767 3464/2684/2767
f 3462/2685/2768 3461/2686/2768 3458/2687/2768
f 3463/2688/2767 3460/2689/2767 3461/2686/2767
f 3452/2690/2769 3451/2691/2769 3454/2692/2769
f 3463/2688/2770 3461/2686/2770 3462/2685/2770
f 3455/2683/2771 3451/2691/2771 3453/2693/2771
f 3457/2694/2772 3456/2695/2772 3459/2696/2772
f 3460/2689/2771 3456/2695/2771 3458/2687/2771
f 3468/2697/2768 3470/2698/2768 3465/2699/2768
f 3460/2689/2767 3459/2696/2767 3456/2695/2767
f 3453/2693/2768 3451/2691/2768 3452/2690/2768
f 3458/2687/2772 3461/2686/2772 3460/2689/2772
f 3453/2693/2772 3464/2684/2772 3455/2683/2772
f 3468/2697/2772 3467/2700/2772 3469/2701/2772
f 3455/2683/2767 3454/2692/2767 3451/2691/2767
f 3459/2696/2771 3467/2700/2771 3457/2694/2771
f 3465/2699/2768 3464/2684/2768 3453/2693/2768
f 3457/2694/2768 3467/2700/2768 3468/2697/2768
f 3458/2687/2768 3456/2695/2768 3457/2694/2768
f 3469/2701/2767 3466/2682/2767 3470/2698/2767
f 3469/2701/2771 3470/2698/2771 3468/2697/2771
f 3465/2699/2772 3470/2698/2772 3466/2682/2772
f 3459/2696/2767 3469/2701/2767 3467/2700/2767
f 3466/2682/2771 3464/2684/2771 3465/2699/2771
f 3486/2682/2773 3475/2683/2773 3484/2684/2773
f 3482/2685/2774 3481/2686/2774 3478/2687/2774
f 3483/2688/2773 3480/2689/2773 3481/2686/2773
f 3472/2690/2775 3471/2691/2775 3474/2692/2775
f 3483/2688/2776 3481/2686/2776 3482/2685/2776
f 3475/2683/2777 3471/2691/2777 3473/2693/2777
f 3477/2694/2778 3476/2695/2778 3479/2696/2778
f 3480/2689/2779 3476/2695/2779 3478/2687/2779
f 3488/2697/2774 3490/2698/2774 3485/2699/2774
f 3480/2689/2773 3479/2696/2773 3476/2695/2773
f 3473/2693/2774 3471/2691/2774 3472/2690/2774
f 3478/2687/2778 3481/2686/2778 3480/2689/2778
f 3473/2693/2778 3484/2684/2778 3475/2683/2778
f 3488/2697/2778 3487/2700/2778 3489/2701/2778
f 3475/2683/2773 3474/2692/2773 3471/2691/2773
f 3479/2696/2779 3487/2700/2779 3477/2694/2779
f 3485/2699/2774 3484/2684/2774 3473/2693/2774
f 3477/2694/2774 3487/2700/2774 3488/2697/2774
f 3478/2687/2774 3476/2695/2774 3477/2694/2774
f 3489/2701/2773 3486/2682/2773 3490/2698/2773
f 3489/2701/2779 3490/2698/2779 3488/2697/2779
f 3485/2699/2778 3490/2698/2778 3486/2682/2778
f 3479/2696/2773 3489/2701/2773 3487/2700/2773
f 3486/2682/2779 3484/2684/2779 3485/2699/2779
f 3506/2682/2780 3495/2683/2780 3504/2684/2780
f 3502/2685/2781 3501/2686/2781 3498/2687/2781
f 3503/2688/2780 3500/2689/2780 3501/2686/2780
f 3492/2690/2782 3491/2691/2782 3494/2692/2782
f 3503/2688/2783 3501/2686/2783 3502/2685/2783
f 3495/2683/2784 3491/2691/2784 3493/2693/2784
f 3497/2694/2785 3496/2695/2785 3499/2696/2785
f 3500/2689/2784 3496/2695/2784 3498/2687/2784
f 3508/2697/2781 3510/2698/2781 3505/2699/2781
f 3500/2689/2780 3499/2696/2780 3496/2695/2780
f 3493/2693/2781 3491/2691/2781 3492/2690/2781
f 3498/2687/2785 3501/2686/2785 3500/2689/2785
f 3493/2693/2785 3504/2684/2785 3495/2683/2785
f 3508/2697/2785 3507/2700/2785 3509/2701/2785
f 3495/2683/2780 3494/2692/2780 3491/2691/2780
f 3499/2696/2784 3507/2700/2784 3497/2694/2784
f 3505/2699/2781 3504/2684/2781 3493/2693/2781
f 3497/2694/2781 3507/2700/2781 3508/2697/2781
f 3498/2687/2781 3496/2695/2781 3497/2694/2781
f 3509/2701/2780 3506/2682/2780 3510/2698/2780
f 3509/2701/2784 3510/2698/2784 3508/2697/2784
f 3505/2699/2785 3510/2698/2785 3506/2682/2785
f 3499/2696/2780 3509/2701/2780 3507/2700/2780
f 3506/2682/2784 3504/2684/2784 3505/2699/2784
f 3526/2682/2786 3515/2683/2786 3524/2684/2786
f 3522/2685/2787 3521/2686/2787 3518/2687/2787
f 3523/2688/2786 3520/2689/2786 3521/2686/2786
f 3512/2690/2788 3511/2691/2788 3514/2692/2788
f 3523/2688/2789 3521/2686/2789 3522/2685/2789
f 3515/2683/2790 3511/2691/2790 3513/2693/2790
f 3517/2694/2791 3516/2695/2791 3519/2696/2791
f 3520/2689/2790 3516/2695/2790 3518/2687/2790
f 3528/2697/2787 3530/2698/2787 3525/2699/2787
f 3520/2689/2786 3519/2696/2786 3516/2695/2786
f 3513/2693/2787 3511/2691/2787 3512/2690/2787
f 3518/2687/2791 3521/2686/2791 3520/2689/2791
f 3513/2693/2791 3524/2684/2791 3515/2683/2791
f 3528/2697/2791 3527/2700/2791 3529/2701/2791
f 3515/2683/2786 3514/2692/2786 3511/2691/2786
f 3519/2696/2790 3527/2700/2790 3517/2694/2790
f 3525/2699/2787 3524/2684/2787 3513/2693/2787
f 3517/2694/2787 3527/2700/2787 3528/2697/2787
f 3518/2687/2787 3516/2695/2787 3517/2694/2787
f 3529/2701/2786 3526/2682/2786 3530/2698/2786
f 3529/2701/2790 3530/2698/2790 3528/2697/2790
f 3525/2699/2791 3530/2698/2791 3526/2682/2791
f 3519/2696/2786 3529/2701/2786 3527/2700/2786
f 3526/2682/2790 3524/2684/2790 3525/2699/2790
f 3546/2682/2792 3535/2683/2792 3544/2684/2792
f 3542/2685/2793 3541/2686/2793 3538/2687/2793
f 3543/2688/2792 3540/2689/2792 3541/2686/2792
f 3532/2690/2794 3531/2691/2794 3534/2692/2794
f 3543/2688/2795 3541/2686/2795 3542/2685/2795
f 3535/2683/2796 3531/2691/2796 3533/2693/2796
f 3537/2694/2797 3536/2695/2797 3539/2696/2797
f 3540/2689/2796 3536/2695/2796 3538/2687/2796
f 3548/2697/2793 3550/2698/2793 3545/2699/2793
f 3540/2689/2792 3539/2696/2792 3536/2695/2792
f 3533/2693/2793 3531/2691/2793 3532/2690/2793
f 3538/2687/2797 3541/2686/2797 3540/2689/2797
f 3533/2693/2797 3544/2684/2797 3535/2683/2797
f 3548/2697/2797 3547/2700/2797 3549/2701/2797
f 3535/2683/2792 3534/2692/2792 3531/2691/2792
f 3539/2696/2796 3547/2700/2796 3537/2694/2796
f 3545/2699/2793 3544/2684/2793 3533/2693/2793
f 3537/2694/2793 3547/2700/2793 3548/2697/2793
f 3538/2687/2793 3536/2695/2793 3537/2694/2793
f 3549/2701/2792 3546/2682/2792 3550/2698/2792
f 3549/2701/2796 3550/2698/2796 3548/2697/2796
f 3545/2699/2797 3550/2698/2797 3546/2682/2797
f 3539/2696/2792 3549/2701/2792 3547/2700/2792
f 3546/2682/2796 3544/2684/2796 3545/2699/2796
f 3566/2682/2798 3555/2683/2798 3564/2684/2798
f 3562/2685/2799 3561/2686/2799 3558/2687/2799
f 3563/2688/2800 3560/2689/2800 3561/2686/2800
f 3552/2690/2801 3551/2691/2801 3554/2692/2801
f 3563/2688/2802 3561/2686/2802 3562/2685/2802
f 3555/2683/2803 3551/2691/2803 3553/2693/2803
f 3557/2694/2804 3556/2695/2804 3559/2696/2804
f 3560/2689/2803 3556/2695/2803 3558/2687/2803
f 3568/2697/2799 3570/2698/2799 3565/2699/2799
f 3560/2689/2798 3559/2696/2798 3556/2695/2798
f 3553/2693/2799 3551/2691/2799 3552/2690/2799
f 3558/2687/2804 3561/2686/2804 3560/2689/2804
f 3553/2693/2804 3564/2684/2804 3555/2683/2804
f 3568/2697/2804 3567/2700/2804 3569/2701/2804
f 3555/2683/2798 3554/2692/2798 3551/2691/2798
f 3559/2696/2803 3567/2700/2803 3557/2694/2803
f 3565/2699/2799 3564/2684/2799 3553/2693/2799
f 3557/2694/2799 3567/2700/2799 3568/2697/2799
f 3558/2687/2799 3556/2695/2799 3557/2694/2799
f 3569/2701/2800 3566/2682/2800 3570/2698/2800
f 3569/2701/2803 3570/2698/2803 3568/2697/2803
f 3565/2699/2804 3570/2698/2804 3566/2682/2804
f 3559/2696/2798 3569/2701/2798 3567/2700/2798
f 3566/2682/2803 3564/2684/2803 3565/2699/2803
f 3586/2682/2805 3575/2683/2805 3584/2684/2805
f 3582/2685/2806 3581/2686/2806 3578/2687/2806
f 3583/2688/2805 3580/2689/2805 3581/2686/2805
f 3572/2690/2807 3571/2691/2807 3574/2692/2807
f 3583/2688/2808 3581/2686/2808 3582/2685/2808
f 3575/2683/2809 3571/2691/2809 3573/2693/2809
f 3577/2694/2810 3576/2695/2810 3579/2696/2810
f 3580/2689/2809 3576/2695/2809 3578/2687/2809
f 3588/2697/2806 3590/2698/2806 3585/2699/2806
f 3580/2689/2805 3579/2696/2805 3576/2695/2805
f 3573/2693/2806 3571/2691/2806 3572/2690/2806
f 3578/2687/2810 3581/2686/2810 3580/2689/2810
f 3573/2693/2810 3584/2684/2810 3575/2683/2810
f 3588/2697/2810 3587/2700/2810 3589/2701/2810
f 3575/2683/2805 3574/2692/2805 3571/2691/2805
f 3579/2696/2809 3587/2700/2809 3577/2694/2809
f 3585/2699/2806 3584/2684/2806 3573/2693/2806
f 3577/2694/2806 3587/2700/2806 3588/2697/2806
f 3578/2687/2806 3576/2695/2806 3577/2694/2806
f 3589/2701/2805 3586/2682/2805 3590/2698/2805
f 3589/2701/2809 3590/2698/2809 3588/2697/2809
f 3585/2699/2810 3590/2698/2810 3586/2682/2810
f 3579/2696/2805 3589/2701/2805 3587/2700/2805
f 3586/2682/2809 3584/2684/2809 3585/2699/2809
f 749/2702/2811 751/2703/2812 752/2704/2811
f 184/2705/2813 186/2706/2814 187/2707/2813
f 199/2708/2815 193/2709/2816 196/2710/2816
f 255/2711/2817 258/2712/2818 259/2713/2819
f 230/2714/2820 234/2715/2821 231/2716/2822
f 191/2717/2823 183/2718/2824 188/2719/2825
f 206/2720/2826 208/2721/2827 205/2722/2828
f 313/2723/2829 318/186/186 317/185/185
f 212/2724/2830 210/2725/2831 211/2726/2832
f 205/2722/2828 211/2726/2832 210/2725/2831
f 337/211/211 353/2727/2833 333/209/209
f 372/226/226 349/212/212 351/214/214
f 216/2728/2834 213/203/203 214/2729/2835
f 289/2730/2836 287/2731/2837 288/2732/2838
f 215/2733/2839 219/2734/2840 216/2728/2834
f 236/2735/2841 233/2736/2842 235/2737/2843
f 230/2714/2820 232/2738/2844 229/2739/2844
f 237/2740/2845 239/2741/2846 235/2737/2843
f 298/2742/2847 300/2743/2848 297/2744/2849
f 331/2745/2850 332/2746/2851 330/2747/2852
f 219/2734/2840 215/2733/2839 218/2748/2853
f 214/2729/2835 215/2733/2839 216/2728/2834
f 233/2736/2842 236/2735/2841 234/2715/2821
f 227/2749/2854 225/2750/2855 226/200/200
f 221/2751/2856 222/188/188 224/190/190
f 229/2739/2844 274/193/193 273/192/192
f 262/2752/2857 264/2753/2858 265/2754/2859
f 223/189/189 225/2750/2855 228/2755/2855
f 292/2756/2860 288/2732/2838 290/2757/2861
f 271/2758/2862 185/2759/2814 270/2760/2862
f 245/2761/2863 247/2762/2864 250/2763/2865
f 319/187/187 320/2764/2866 317/185/185
f 267/2765/2867 264/2753/2858 263/2766/2868
f 240/2767/2869 242/2768/2870 237/2740/2845
f 235/2737/2843 239/2741/2846 236/2735/2841
f 248/2769/2871 253/2770/2872 249/2771/2873
f 246/2772/2874 244/2773/2875 245/2761/2863
f 237/2740/2845 242/2768/2870 238/2774/2876
f 243/2775/2877 241/2776/2878 240/2767/2869
f 247/2762/2864 249/2771/2873 250/2763/2865
f 253/2770/2872 251/195/195 252/194/194
f 265/2754/2859 261/2777/2879 262/2752/2857
f 282/218/218 350/2778/2880 283/219/219
f 296/2779/2881 294/2780/2882 295/2781/2882
f 364/2782/2883 366/2783/2884 363/2784/2885
f 217/201/201 268/2785/2886 272/202/202
f 359/2786/2887 380/2787/2888 379/2788/2888
f 254/196/196 278/205/205 280/2789/2889
f 277/2790/2890 369/2791/2891 367/2792/2892
f 266/2793/2893 270/2760/2862 261/2777/2879
f 255/2711/2817 281/206/206 278/205/205
f 278/205/205 279/204/204 280/2789/2889
f 267/2765/2867 268/2785/2886 269/2794/2894
f 220/2795/2895 219/2734/2840 218/2748/2853
f 226/200/200 275/191/191 227/2749/2854
f 276/2796/2896 260/2797/199 256/2798/198
f 192/2799/2897 190/2800/2898 191/2717/2823
f 200/2801/2899 198/2802/2900 199/2708/2815
f 207/2803/2901 201/2804/2902 204/2805/2903
f 356/224/224 357/223/223 358/2806/2904
f 352/2807/2905 354/2808/2906 355/2809/2907
f 188/2719/2825 184/2705/2813 187/2707/2813
f 209/2810/2908 299/2811/2909 298/2742/2847
f 285/2812/2910 287/2731/2837 286/2813/2911
f 293/2814/2881 291/2815/2912 290/2757/2861
f 312/2816/2913 314/2817/2914 309/2818/2913
f 315/2819/2915 313/2723/2829 314/2817/2914
f 295/2820/2916 301/2821/2917 302/2822/2918
f 297/2744/2849 302/2822/2918 301/2821/2917
f 306/2823/2919 304/2824/2920 305/2825/2921
f 321/2826/2922 323/2827/2923 320/2764/2866
f 309/2818/2913 311/2828/2924 312/2816/2913
f 307/2829/2925 303/2830/2926 304/2824/2920
f 310/2831/2927 308/2832/2926 311/2828/2924
f 340/2833/2928 335/2834/2929 334/2835/2930
f 322/2836/2931 320/2764/2866 323/2827/2923
f 331/2745/2850 328/221/221 341/222/222
f 324/182/182 322/2836/2931 325/183/183
f 323/2827/2923 325/183/183 322/2836/2931
f 343/2837/2932 338/2838/2933 342/2839/2934
f 326/207/207 324/182/182 327/184/184
f 328/221/221 326/207/207 329/208/208
f 347/2840/2935 344/215/215 346/217/217
f 335/2834/2929 333/209/209 334/2835/2930
f 305/2825/2921 350/2778/2880 306/2823/2919
f 334/2835/2930 339/2841/2936 340/2833/2928
f 195/2842/2937 189/2843/2938 192/2799/2897
f 332/2746/2851 342/2839/2934 330/2747/2852
f 349/212/212 346/217/217 348/213/213
f 358/2806/2904 359/2786/2887 356/224/224
f 371/2844/2939 374/2845/2940 373/2846/2941
f 367/2792/2892 370/2847/2942 368/2848/2943
f 197/2849/2944 203/2850/2945 202/2851/2946
f 373/2846/2941 355/2809/2907 371/2844/2939
f 196/2710/2816 194/2852/2947 195/2842/2937
f 361/2853/2948 365/2854/2949 364/2782/2883
f 368/2848/2943 363/2784/2885 366/2783/2884
f 360/2855/2950 362/225/225 356/224/224
f 284/220/220 286/2813/2911 282/218/218
f 376/2856/2951 378/2857/2952 375/2858/2951
f 379/2788/2888 381/2859/2953 382/2860/2954
f 256/198/198 258/2712/2818 255/2711/2817
f 291/2815/2912 292/2756/2860 290/2757/2861
f 344/215/215 375/2858/2951 345/216/216
f 383/2861/2955 387/262/262 385/247/266
f 391/2862/2956 390/251/264 447/253/2957
f 389/261/261 388/260/260 390/251/264
f 394/266/270 392/235/235 393/2863/2958
f 391/2862/2956 405/263/265 390/251/264
f 422/2864/2959 391/2862/2960 425/2865/2960
f 412/242/243 398/2866/2961 399/243/244
f 202/2851/2946 204/2805/2903 201/2804/2902
f 3596/2867/2962 384/238/238 448/2868/2963
f 403/234/234 404/2869/2964 392/235/235
f 387/262/262 386/2870/2965 442/249/259
f 395/268/274 434/236/236 396/257/275
f 407/240/241 414/2871/2966 400/231/231
f 410/2872/2967 411/276/281 412/242/243
f 454/2873/2968 400/231/2969 463/2874/2969
f 449/2875/2970 443/2876/2971 383/2861/2972
f 459/2877/2973 461/274/2974 411/276/2973
f 404/2869/2975 419/2878/2976 420/2879/2977
f 3602/2880/2978 414/2871/2979 407/240/2980
f 453/2881/2981 409/241/2982 452/2882/2983
f 433/2883/256 435/265/2984 446/2884/2985
f 3595/2885/2986 387/262/276 389/261/2987
f 454/2873/2968 456/258/257 408/244/2968
f 458/2886/2988 411/276/2973 410/2872/2988
f 429/230/2989 431/2887/254 428/2888/2989
f 393/2863/2990 3599/2889/277 438/2890/2991
f 418/269/273 397/228/2992 417/2891/2993
f 453/2881/2981 410/2872/2988 412/242/2981
f 463/2892/2969 414/2871/2979 455/2893/2994
f 386/2870/2995 443/2876/2971 445/2894/2996
f 436/273/278 447/253/253 441/252/252
f 435/265/2984 394/266/2997 446/2884/2985
f 390/251/251 439/2895/2998 441/252/252
f 420/2879/2977 425/2865/2960 391/2862/2960
f 439/2895/2998 388/260/248 450/248/248
f 399/243/2999 398/2866/3000 451/2896/3001
f 394/266/2997 438/2897/2991 446/2884/2985
f 442/249/249 445/2894/2996 444/250/250
f 462/2898/3002 427/246/247 426/2899/247
f 399/243/2999 451/2896/3001 452/2882/2983
f 409/241/2982 399/243/2999 452/2882/2983
f 3595/2885/2986 405/263/2959 422/2864/2959
f 460/2900/3003 416/275/3004 461/274/2974
f 429/230/230 416/275/280 402/2901/3005
f 384/238/263 406/239/240 400/231/231
f 402/2901/3006 415/2902/3004 3598/2903/3006
f 411/276/281 416/275/280 412/242/243
f 486/2904/3007 479/297/302 480/2905/3007
f 3597/2906/2975 403/234/271 421/267/271
f 412/242/243 429/230/230 398/2866/2961
f 402/2901/3005 397/228/228 429/230/230
f 456/258/3008 413/232/232 408/244/245
f 482/2907/3009 470/2908/3010 469/2909/3009
f 479/297/302 487/286/291 484/282/287
f 465/2910/3011 488/2911/3012 474/2912/3013
f 499/295/300 484/282/287 493/306/311
f 485/284/289 471/293/298 484/292/297
f 477/2913/3014 475/279/284 481/288/293
f 464/280/285 482/2914/3015 481/288/293
f 473/296/301 488/2915/3016 472/2916/3016
f 467/2917/3017 478/307/312 473/2918/3018
f 467/2917/3017 488/2911/3012 465/2910/3011
f 486/2919/3019 468/299/304 492/283/288
f 465/2910/3011 476/303/308 466/302/307
f 475/304/309 477/2920/3020 466/302/307
f 473/296/301 478/2921/3021 479/297/302
f 473/296/301 489/278/283 474/277/282
f 464/2922/3022 483/2923/3023 470/2908/3010
f 487/285/290 486/2919/3019 492/283/288
f 499/291/3024 496/2924/3025 494/289/3026
f 484/282/287 483/2925/3027 464/280/285
f 484/282/287 499/295/300 479/297/302
f 473/2918/3018 472/2926/3028 467/2917/3017
f 469/2927/3029 481/2928/3030 482/2929/3031
f 483/2923/3023 471/293/298 470/2908/3010
f 490/2930/3032 495/2931/3033 497/2932/3034
f 498/290/295 495/2931/3035 489/2933/3036
f 499/295/300 498/2934/3037 489/278/283
f 500/2935/3038 496/2924/3039 493/2936/3039
f 477/2920/3020 469/2927/3029 466/302/307
f 475/279/284 490/281/286 481/288/293
f 500/2935/3038 490/2937/3040 497/2938/3041
f 505/2939/3042 525/2940/3043 524/2941/3042
f 517/322/327 526/320/325 502/319/324
f 513/2942/3044 519/2943/3045 501/311/316
f 501/311/316 519/2943/3045 514/312/317
f 509/314/319 506/309/314 520/308/313
f 523/2944/3046 525/2940/3043 516/2945/3047
f 515/313/318 504/323/328 517/322/327
f 511/316/321 510/315/320 512/2946/3048
f 502/319/324 523/2944/3046 516/2945/3047
f 515/313/318 514/312/317 522/2947/3049
f 505/2939/3042 507/310/315 506/309/314
f 513/2942/3044 512/2946/3048 521/2948/3050
f 509/314/319 520/308/313 508/317/322
f 513/2942/3044 511/316/321 512/2946/3048
f 525/335/340 523/332/337 526/329/334
f 526/329/334 504/328/333 522/2949/275
f 522/2949/275 514/2950/3051 519/2951/3052
f 507/334/339 524/2952/3053 525/335/340
f 522/2949/275 521/331/336 525/335/340
f 510/325/330 520/324/329 521/331/336
f 2850/445/460 613/2953/3054 607/443/458
f 550/359/3055 528/357/362 527/354/359
f 526/329/334 522/2949/275 525/335/340
f 532/2954/3056 531/345/350 548/358/3057
f 545/2955/3058 530/353/358 529/352/357
f 556/356/361 547/336/341 555/338/343
f 538/2956/3059 550/359/3055 539/2957/3060
f 539/2957/3060 536/343/348 538/2956/3059
f 545/2955/3058 532/2954/3056 544/361/3061
f 539/2957/3060 553/344/349 536/343/348
f 533/346/351 535/349/354 551/347/352
f 545/2955/3058 544/361/3061 546/362/3062
f 532/2954/3056 548/358/3057 544/361/3061
f 557/339/3063 554/2958/3064 549/360/372
f 534/350/355 537/342/347 552/351/356
f 550/359/370 553/344/365 539/2957/3065
f 527/354/371 557/339/3063 549/360/372
f 543/348/3066 556/356/3067 554/2958/3064
f 555/338/3068 554/2958/3064 556/356/3067
f 554/2958/3064 546/362/374 551/347/363
f 554/2958/3064 550/359/370 549/360/372
f 554/2958/3064 555/338/3068 558/337/376
f 583/2959/3069 586/373/387 584/2960/3070
f 602/382/396 584/2960/3070 604/2961/3071
f 582/2962/3072 559/383/397 581/2963/3073
f 590/2964/3074 568/394/408 569/396/410
f 566/2965/3075 603/2966/3076 567/2967/3075
f 561/376/390 588/2968/3077 587/379/393
f 563/2969/3078 593/397/411 564/369/383
f 565/381/395 583/2959/3069 602/382/396
f 597/380/394 603/2966/3076 565/381/395
f 584/2960/3070 602/382/396 583/2959/3069
f 588/2968/3077 599/375/389 587/379/393
f 589/2970/3079 600/2971/3080 562/395/409
f 598/2972/3081 599/387/401 588/2973/3082
f 596/2974/3083 580/2975/3084 579/2976/3084
f 598/2972/3081 600/2977/3085 589/2978/3086
f 573/2979/3087 572/392/406 592/391/405
f 592/390/404 571/2980/3088 591/400/414
f 576/410/424 590/403/417 575/2981/3089
f 595/365/379 580/2982/3090 577/363/377
f 567/2983/3091 603/2984/3092 597/399/413
f 575/372/386 569/396/410 574/371/385
f 563/2969/3078 573/2979/3087 605/2985/3093
f 581/2963/3073 596/2974/3083 582/2962/3072
f 568/394/408 589/2970/3079 562/395/409
f 604/385/399 584/2986/3094 586/386/400
f 567/2967/3075 577/363/377 566/2965/3075
f 570/367/381 571/393/407 572/392/406
f 559/383/397 582/2962/3072 594/384/398
f 590/403/417 589/2978/3086 568/2987/3095
f 561/376/390 600/2971/3080 601/377/391
f 597/399/413 578/404/418 567/2983/3091
f 598/2972/3081 590/403/417 604/385/399
f 592/390/404 591/400/414 605/388/402
f 578/404/418 596/406/420 595/409/423
f 576/410/424 578/404/418 597/399/413
f 591/400/414 594/402/416 596/406/420
f 646/2988/3096 633/416/430 640/415/429
f 599/387/401 598/2972/3081 604/385/399
f 607/443/458 626/2989/3097 639/444/459
f 2850/445/460 645/2990/3098 613/2953/3054
f 629/2991/3099 609/2992/3100 646/2993/3101
f 612/447/3102 633/436/450 632/438/452
f 613/2994/3103 615/428/442 638/2245/3104
f 620/2995/3105 622/433/447 621/435/449
f 620/2995/3105 621/435/449 644/2996/3106
f 639/444/459 608/425/439 2851/424/438
f 619/2997/3107 636/2253/3108 635/2252/3109
f 626/422/436 625/2998/3110 627/432/446
f 628/420/434 611/2241/3111 641/440/454
f 625/2998/3112 624/2999/3113 610/3000/3114
f 613/2994/3103 638/2245/3104 637/2238/3115
f 642/419/433 616/426/440 617/417/431
f 619/2997/3107 644/2996/3106 636/2253/3108
f 625/2998/3110 607/3001/3116 624/2999/3117
f 618/418/432 619/2997/3107 635/2252/3109
f 628/420/434 627/432/446 611/2241/3111
f 633/436/450 630/431/445 631/437/451
f 633/436/450 629/429/443 630/431/445
f 645/3002/3118 616/426/440 613/2994/3103
f 620/412/426 606/3003/3119 643/413/427
f 606/3004/3120 620/2995/3105 619/2997/3107
f 622/3005/3121 620/412/426 2852/411/425
f 617/3006/3122 643/413/427 606/3003/3119
f 629/2991/3099 2851/424/438 628/423/437
f 2852/411/425 634/414/428 622/3005/3121
f 623/434/448 634/3007/3123 612/447/3102
f 3165/2250/2288 642/419/2278 618/418/2289
f 617/3006/3122 616/3008/3124 2853/3009/3125
f 606/3003/3119 619/3010/3126 617/3006/3122
f 607/3001/3116 637/2238/3115 624/2999/3117
f 2850/445/460 616/3011/3127 645/2990/3098
f 2863/2530/2569 2213/1561/1582 2759/1563/1584
f 631/437/2285 2848/3012/3128 2861/2248/2286
f 632/438/463 2861/2248/2286 2856/446/461
f 805/517/3129 679/3013/3130 677/3014/3129
f 2845/2244/2280 2860/2239/2270 638/2245/2281
f 804/516/3131 662/3015/3132 675/3016/3133
f 797/471/487 681/470/486 679/3013/3130
f 666/3017/3134 667/3018/3135 665/3019/3136
f 684/3020/3137 678/459/475 648/458/474
f 665/3021/3138 667/451/467 651/453/469
f 682/3022/3139 799/519/3137 684/3020/3137
f 649/457/473 664/461/477 648/458/474
f 806/469/485 682/3022/3139 681/470/486
f 652/452/468 667/451/467 669/456/472
f 648/472/488 663/3023/3140 685/473/489
f 653/450/466 669/456/472 671/3024/3141
f 665/3021/3138 650/3025/3142 663/3026/3142
f 653/450/466 671/3024/3141 654/448/464
f 650/3027/3143 685/3028/3144 663/3029/3143
f 655/449/465 654/448/464 674/454/470
f 656/455/471 674/454/470 657/462/478
f 801/464/480 673/3030/3145 672/465/481
f 660/3031/3146 658/463/479 676/3032/3147
f 662/3015/3132 805/517/3129 677/3014/3129
f 659/3033/3148 660/3031/3146 680/3034/3149
f 798/466/482 672/465/481 670/467/483
f 661/3035/3150 680/3034/3149 683/3036/3151
f 661/3035/3150 683/3036/3151 685/3028/3144
f 668/3037/3152 794/468/484 670/467/483
f 666/3038/3153 803/513/3152 668/3037/3152
f 673/3030/3145 804/516/3131 675/3016/3133
f 800/460/476 666/3038/3153 664/461/477
f 668/3039/3154 669/3040/3155 667/3018/3135
f 658/463/479 657/462/478 676/3032/3147
f 674/3041/3156 673/3042/3157 675/3043/3158
f 675/3043/3158 657/3044/3159 674/3041/3156
f 676/3045/3160 662/3046/3161 677/3047/3162
f 672/3048/3163 654/3049/3164 671/3050/3165
f 670/3051/3166 671/3050/3165 669/3040/3155
f 675/3043/3158 662/3046/3161 657/3044/3159
f 660/3052/3167 681/478/494 680/477/493
f 684/474/490 685/473/489 683/475/491
f 682/476/492 683/475/491 680/477/493
f 676/3045/3160 679/3053/3168 660/3052/3167
f 696/481/499 690/485/503 691/482/500
f 666/3017/3134 668/3039/3154 667/3018/3135
f 664/3054/3169 666/3017/3134 665/3019/3136
f 664/3054/3169 665/3019/3136 663/3023/3140
f 648/472/488 664/3054/3169 663/3023/3140
f 712/492/510 710/3055/3170 709/490/508
f 701/3056/3171 692/486/504 693/489/507
f 700/488/506 691/482/500 697/487/505
f 697/487/505 692/486/504 701/3056/3171
f 698/483/501 690/485/503 702/3057/3172
f 702/3057/3172 690/485/503 695/3058/3173
f 694/484/502 692/486/504 690/485/503
f 718/496/514 719/3059/3174 720/497/514
f 705/494/512 707/3060/3175 706/3061/3176
f 705/3062/3177 717/503/520 703/502/519
f 712/3063/3178 706/3064/3179 711/3065/3180
f 709/3066/3181 703/3067/3182 708/3068/3183
f 707/3069/3184 711/3070/3185 706/3071/3184
f 713/3072/3186 718/496/3187 714/498/3188
f 716/504/521 715/501/518 703/502/519
f 715/3073/3189 719/3059/3190 718/496/3191
f 713/499/516 717/503/520 712/500/517
f 717/506/3192 714/498/3193 720/497/3192
f 716/505/523 720/497/522 719/3059/3194
f 715/501/518 708/3074/3195 703/502/519
f 741/3075/3196 740/3076/3197 739/3077/3197
f 715/501/518 712/500/517 708/3074/3195
f 717/503/520 705/3062/3177 712/500/517
f 769/510/528 785/3078/3198 784/3079/3199
f 739/3077/3197 737/3080/3200 736/3081/3200
f 757/3082/3201 760/3083/3202 758/3084/3203
f 777/3085/3204 775/3086/3205 776/3087/3206
f 721/3088/3207 723/3089/3208 724/3090/3207
f 738/3091/3209 774/507/525 735/3092/3210
f 745/3093/3211 776/3087/3206 775/3086/3205
f 749/2702/2811 766/3094/3212 765/3095/3213
f 742/3096/3214 744/3097/3215 741/3075/3196
f 784/3079/3199 786/3098/3216 787/3099/3217
f 789/3100/3218 790/3101/3219 787/3102/3220
f 745/3093/3211 747/3103/3221 748/3104/3222
f 721/3088/3207 726/3105/3223 725/3106/3224
f 722/3107/3225 728/3108/3226 723/3089/3208
f 773/509/527 729/3109/3227 774/507/525
f 753/3110/3228 771/3111/3229 770/3112/3229
f 746/3113/3230 766/3094/3212 747/3103/3221
f 729/3109/3227 728/3108/3226 727/3114/3231
f 778/3115/3232 780/3116/3233 777/3085/3234
f 725/3106/3224 733/3117/3235 732/3118/3236
f 753/3110/3228 755/3119/3237 756/3120/3238
f 732/3118/3236 734/3121/3239 731/3122/3240
f 735/3092/3210 737/3080/3241 738/3091/3209
f 781/3123/3242 743/3124/3243 742/3096/3214
f 782/3125/3244 734/3121/3239 783/3126/3244
f 750/3127/3245 771/3111/3229 751/2703/2812
f 763/3128/3246 767/511/529 769/510/528
f 754/3129/3247 758/3084/3203 755/3119/3237
f 778/3115/3232 781/3123/3242 779/3130/3248
f 787/3099/3217 791/3131/3249 784/3079/3199
f 759/3132/3250 762/3133/3251 760/3083/3202
f 762/3133/3251 764/3134/3252 763/3135/3253
f 787/3102/3220 788/3136/3254 789/3100/3218
f 462/3137/3002 407/240/2980 406/239/3002
f 1059/3138/3255 1106/3139/3256 1105/3140/3257
f 1378/568/592 1376/571/595 1207/570/594
f 1298/763/787 1383/3141/3258 1268/761/785
f 899/522/546 835/3142/3259 900/3143/3260
f 827/3144/3261 996/3145/3262 997/3146/3261
f 843/3147/3263 954/3148/3264 841/3149/3265
f 1316/3150/3266 1381/3151/3267 1382/3152/3268
f 955/3153/3269 837/3154/3270 838/646/670
f 1339/3155/3271 1228/3156/3272 1227/3157/3273
f 1242/3158/3274 1239/3159/3275 1247/831/855
f 843/585/609 844/766/790 845/800/824
f 1385/722/746 1318/550/574 1383/549/573
f 1380/632/656 1196/3160/3276 1381/3151/3267
f 830/3161/3277 997/3146/3261 998/3162/3277
f 1281/557/581 1302/752/776 1280/560/584
f 1215/852/876 1220/3163/3278 1219/3164/3279
f 1182/651/675 1252/3165/3280 1251/3166/3281
f 974/533/557 973/3167/3282 975/534/558
f 1352/725/749 1312/3168/3283 1246/726/750
f 916/3169/3284 867/3170/3285 921/3171/3286
f 1177/815/839 1363/3172/3287 1179/3173/3287
f 839/668/692 1015/760/784 840/759/783
f 1216/851/875 1206/3174/3288 1217/3175/3289
f 1348/727/751 1246/726/750 1238/855/879
f 1331/3176/3290 1378/3177/3291 1210/3178/3292
f 863/3179/3293 862/3180/3294 918/3181/3295
f 1058/3182/3296 1107/3183/3297 1106/3139/3256
f 1238/855/879 1237/581/605 1347/583/607
f 1375/545/569 1195/870/3298 1172/546/570
f 1094/3184/3299 1039/3185/3300 1095/3186/3301
f 858/3187/3302 914/3188/3303 855/3189/3304
f 1377/635/659 1379/844/868 1330/783/807
f 1386/839/863 1199/829/853 1387/828/852
f 1139/3190/3305 1156/3191/3306 1099/3192/3307
f 1101/3193/3308 1048/3194/3309 1102/3195/3309
f 1277/710/734 1306/797/821 1307/698/722
f 1311/561/585 1248/854/878 1249/3196/3310
f 976/535/559 979/622/646 934/3197/3311
f 1213/819/843 1199/829/853 1198/838/862
f 1185/704/728 1371/3198/3312 1372/3199/3313
f 851/810/834 988/664/688 852/3200/3314
f 989/772/796 859/3201/3315 990/3202/3316
f 1174/787/811 1193/817/841 1169/708/732
f 1193/817/841 1175/767/791 1188/769/793
f 1131/3203/3317 1130/3204/3318 1128/3205/3319
f 1166/3206/3320 1146/788/812 1152/554/578
f 1103/3207/3321 1054/3208/3322 1104/3209/3323
f 1017/584/608 1018/3210/3324 843/585/609
f 1219/3164/3279 1221/3211/3325 1222/3212/3326
f 1231/3213/3327 1343/3214/3328 1233/3215/3329
f 1178/590/614 1181/3216/3330 1355/591/615
f 1297/682/706 1298/763/787 1299/762/786
f 1228/3156/3272 1341/3217/3331 1230/3218/3332
f 1295/680/704 1197/552/576 1296/681/705
f 1389/782/806 1170/834/858 1330/783/807
f 1329/3219/3333 1377/635/659 1170/834/858
f 1352/725/749 1349/867/891 1241/3220/3334
f 1386/3221/3335 1385/722/746 1197/3222/3336
f 1334/3223/3337 1220/3224/3338 1218/3225/3339
f 825/731/755 824/790/814 981/732/756
f 1204/580/604 1263/850/874 1261/578/602
f 926/541/565 892/540/564 891/613/637
f 957/638/662 886/869/893 821/639/663
f 1271/3226/3340 1305/845/869 1277/710/734
f 924/3227/3341 1024/3228/3342 849/629/653
f 902/3229/3343 837/3154/3270 956/3230/3344
f 875/687/711 807/686/710 925/693/717
f 1355/591/615 1248/3231/3345 1354/592/616
f 937/3232/3346 938/3233/3347 970/3234/3348
f 967/3235/3349 940/3236/3350 941/3237/3351
f 984/652/676 985/3238/3352 928/653/677
f 923/617/641 922/3239/3353 873/618/642
f 1182/651/675 1250/3240/3354 1355/591/615
f 970/3234/3348 969/3241/3355 971/3242/3356
f 924/3227/3341 1022/3243/3357 1023/3244/3341
f 1242/3158/3274 1244/808/832 1245/807/831
f 1163/3245/3358 1167/730/754 1098/729/753
f 1098/729/753 1043/577/601 1096/576/600
f 1097/3246/3359 1040/3247/3360 1094/3184/3299
f 864/842/866 918/3181/3295 919/840/864
f 1232/679/703 1270/3248/3361 1259/678/702
f 960/528/552 946/532/556 947/526/550
f 1301/699/723 1299/762/786 1273/713/737
f 1030/3249/3362 1029/3250/3363 1082/3251/3364
f 815/3252/3365 878/3253/3366 881/642/666
f 1173/786/810 1175/767/791 1174/787/811
f 878/3253/3366 812/3254/3367 879/3255/3368
f 832/3256/3369 894/3257/3370 829/3258/3370
f 822/3259/3371 884/3260/3372 819/3261/3373
f 810/641/665 815/3252/3365 881/642/666
f 980/620/644 981/3262/3374 933/621/645
f 817/619/643 882/3263/3375 883/692/716
f 939/3264/3376 969/3241/3355 970/3234/3348
f 1361/848/872 1326/861/885 1206/860/884
f 1350/719/743 1247/3265/3377 1239/720/744
f 1155/716/740 1156/3191/3306 1141/717/741
f 814/3266/3378 879/3255/3368 812/3254/3367
f 887/643/667 869/697/721 810/641/665
f 962/530/554 963/3267/3379 945/531/555
f 829/3268/3380 998/3162/3277 999/3269/3381
f 949/3270/3382 989/772/796 990/3202/3316
f 838/646/670 903/645/669 955/3153/3269
f 904/649/673 903/645/669 839/644/668
f 952/3271/3383 953/3272/3384 845/3273/3385
f 843/3147/3263 845/3273/3385 953/3272/3384
f 953/3272/3384 907/3274/3386 843/3147/3263
f 1388/569/593 1208/543/567 1207/570/594
f 952/3271/3383 845/3273/3385 847/3275/3387
f 1059/3138/3255 1104/3209/3323 1054/3208/3322
f 1370/3276/3388 1371/3198/3312 1184/3277/3389
f 917/3278/3390 861/770/794 989/772/796
f 1353/3279/3391 1352/725/749 1348/727/751
f 986/3280/3392 876/694/718 925/693/717
f 922/3239/3353 872/3281/3393 873/618/642
f 814/3266/3378 872/3281/3393 880/3282/3394
f 910/3283/3395 924/3284/3396 849/598/622
f 942/657/681 943/606/630 965/658/682
f 1306/797/821 1283/559/583 1285/536/560
f 1154/779/803 1155/716/740 1140/718/742
f 1142/780/804 1153/556/580 1154/779/803
f 1047/804/828 1045/803/827 1046/3285/3397
f 892/540/564 827/609/633 893/608/632
f 836/3286/3398 901/3287/3399 835/3142/3259
f 840/759/783 842/586/610 841/865/889
f 985/3288/3400 807/3289/3401 927/3290/3402
f 1058/3291/3403 1064/3292/3404 1063/3293/3405
f 995/3294/3406 994/3295/3407 926/3296/3408
f 1261/578/602 1264/3297/3409 1262/751/775
f 974/533/557 937/3232/3346 970/3234/3348
f 1092/3298/3410 1037/3299/3411 1093/3300/3412
f 1079/3301/3413 1122/3302/3414 1148/3303/3415
f 970/3234/3348 938/3233/3347 939/3264/3376
f 943/606/630 964/605/629 965/658/682
f 985/3288/3400 927/3290/3402 928/3304/3416
f 1234/3305/3417 1236/3306/3418 1232/679/703
f 976/535/559 889/744/768 974/533/557
f 1214/843/867 1255/601/625 1211/853/877
f 934/3197/3311 935/745/769 976/535/559
f 906/3307/3419 840/647/671 841/3149/3265
f 820/3308/3420 884/3260/3372 885/3309/3420
f 1029/3250/3363 1162/3310/3421 1082/3251/3364
f 982/3311/3422 932/3312/3423 981/3262/3374
f 913/3313/3424 854/3314/3425 856/3315/3426
f 944/604/628 963/3267/3379 964/605/629
f 822/3259/3371 821/639/663 886/869/893
f 816/3316/3427 885/3309/3420 882/3263/3375
f 1095/3186/3301 1038/3317/3428 1092/3298/3410
f 908/3318/3429 1025/666/690 950/665/689
f 1303/754/778 1270/3248/3361 1302/752/776
f 1112/555/579 1152/554/578 1145/789/813
f 920/3319/3430 867/3170/3285 866/3320/3431
f 1221/3211/3325 1224/3321/3432 1222/3212/3326
f 857/3322/3433 915/3323/3434 858/3187/3302
f 941/3237/3351 966/659/683 967/3235/3349
f 970/3234/3348 971/3242/3356 972/3324/3435
f 976/535/559 975/534/558 977/683/707
f 839/644/668 840/647/671 904/649/673
f 914/3188/3303 856/3315/3426 855/3189/3304
f 979/622/646 976/535/559 978/684/708
f 951/3325/3436 847/3275/3387 924/3284/3396
f 1289/846/870 1253/741/765 1291/781/805
f 954/3148/3264 906/3307/3419 841/3149/3265
f 958/3326/3401 927/3290/3402 807/3289/3401
f 908/3327/3437 909/757/781 848/597/621
f 1090/3328/3438 1035/3329/3439 1091/3330/3440
f 940/3236/3350 967/3235/3349 968/3331/3441
f 1317/548/572 1382/3152/3268 1383/549/573
f 1335/3332/3442 1221/3333/3443 1220/3224/3338
f 959/527/551 948/3334/3444 992/3335/3445
f 828/3336/3446 994/3295/3407 996/3145/3262
f 1093/3300/3412 1036/3337/3447 1090/3328/3438
f 1185/702/726 1186/3338/3448 1357/691/715
f 1078/3339/3449 1123/3340/3450 1079/3301/3413
f 1233/3215/3329 1344/3341/3451 1234/3342/3452
f 1248/3231/3345 1247/3265/3377 1354/592/616
f 1134/793/817 1159/776/800 1133/778/802
f 983/3343/3453 931/3344/3454 982/3311/3422
f 1160/3345/3455 1132/777/801 1159/776/800
f 1267/862/886 1381/835/859 1256/750/774
f 1255/3346/3456 1254/689/713 1357/691/715
f 1287/3347/3457 1288/538/562 1286/537/561
f 1272/714/738 1267/862/886 1256/750/774
f 1138/3348/3458 1099/3192/3307 1085/3349/3459
f 1007/3350/3460 1008/3351/3461 836/3352/3462
f 1304/753/777 1281/557/581 1283/559/583
f 808/670/694 870/623/647 809/749/773
f 1018/3210/3324 1019/822/846 843/585/609
f 1262/751/775 1274/715/739 1272/714/738
f 1255/601/625 1293/553/577 1292/602/626
f 949/3353/3463 1027/677/701 1028/676/700
f 849/598/622 909/757/781 910/3283/3395
f 1273/713/737 1268/761/785 1272/714/738
f 1246/806/830 1312/3354/3464 1245/807/831
f 1195/870/3298 1175/767/3465 1172/546/570
f 1196/600/624 1257/599/623 1256/750/774
f 831/3355/3466 897/616/640 896/3356/3467
f 1181/3216/3330 1180/650/674 1355/591/615
f 1137/3357/3468 1085/3349/3459 1084/3358/3469
f 1179/3359/3470 1178/590/614 1354/592/616
f 1279/801/825 1278/830/854 1280/560/584
f 1278/830/854 1243/3360/3471 1242/3158/3274
f 1226/611/635 1227/3361/3472 1228/612/636
f 1225/3362/3473 1227/3361/3472 1223/3363/3474
f 1249/3196/3310 1281/557/581 1311/561/585
f 1338/3364/3475 1227/3157/3273 1225/3365/3476
f 1146/3366/3477 1071/3367/3478 1145/3368/3477
f 981/732/756 824/790/814 868/624/648
f 1063/3369/3479 1108/3370/3480 1107/3183/3297
f 835/3142/3259 901/3287/3399 900/3143/3260
f 834/3371/3481 1004/663/687 835/662/686
f 1127/3372/3482 1080/3373/3483 1162/3374/3482
f 1201/594/618 1261/578/602 1257/599/623
f 974/533/557 972/3324/3435 973/3167/3282
f 1293/553/577 1197/552/576 1295/680/704
f 925/671/695 807/3375/3484 985/785/809
f 1198/838/862 1294/551/575 1213/819/843
f 1173/786/810 1190/738/762 1171/737/761
f 1171/737/3485 1389/739/3486 1331/3376/3485
f 1321/3377/3487 1191/747/771 1169/708/732
f 1162/3310/3421 1083/3378/3488 1082/3251/3364
f 847/3275/3387 951/3325/3436 952/3271/3383
f 1178/3379/3489 1363/3172/3287 1364/3380/3490
f 1308/711/735 1307/698/722 1301/699/723
f 1136/3381/3491 1084/3358/3469 1157/3382/3491
f 1354/592/616 1177/3383/3492 1179/3359/3470
f 1239/3159/3275 1245/807/831 1240/3384/3493
f 1000/3385/3494 831/3386/3495 832/3387/3496
f 1001/827/851 833/826/850 831/3386/3495
f 1234/3342/3452 1345/3388/3497 1236/3389/3498
f 853/3390/3499 988/664/688 1025/666/690
f 1305/845/869 1269/3391/3500 1303/754/778
f 1259/678/702 1269/3391/3500 1260/3392/3501
f 1112/734/758 1145/3393/3502 1071/735/759
f 1284/3394/3503 1283/559/583 1282/558/582
f 1307/698/722 1285/536/560 1288/538/562
f 1231/3395/3504 1233/3396/3505 1229/674/698
f 1247/831/855 1278/830/854 1242/3158/3274
f 1285/536/560 1284/3394/3503 1286/537/561
f 1089/3397/3506 1034/3398/3507 1033/3399/3508
f 1147/873/897 1151/525/549 1150/836/860
f 1031/3400/3509 1082/3251/3364 1087/3401/3510
f 1240/3384/3493 1312/3354/3464 1241/3402/3511
f 1211/3403/3512 1357/691/715 1332/3404/3513
f 1238/832/856 1246/806/830 1244/808/832
f 1062/3405/3480 1109/3406/3514 1108/3370/3480
f 1294/551/575 1293/553/577 1214/843/867
f 1294/551/575 1198/838/862 1197/552/576
f 1128/566/590 1075/523/547 1116/567/591
f 1050/3407/3515 1073/3408/3516 1051/3409/3515
f 1115/655/679 1075/523/547 1151/525/549
f 1148/3303/3415 1121/3410/3517 1077/3411/3518
f 1080/3373/3483 1125/3412/3519 1081/3413/3520
f 1034/3398/3507 1091/3330/3440 1035/3329/3439
f 1086/3414/3521 1033/3399/3508 1032/3415/3521
f 1332/3404/3513 1331/3176/3290 1210/3178/3292
f 1042/575/599 1097/3246/3359 1096/576/600
f 912/811/835 854/3314/3425 913/3313/3424
f 1049/3416/3522 1051/3409/3515 1052/3417/3523
f 1102/3195/3309 1055/3418/3524 1103/3207/3321
f 844/766/790 846/765/789 845/800/824
f 1063/3293/3405 1065/3419/3525 1062/3420/3526
f 1270/3248/3361 1279/801/825 1302/752/776
f 1163/3245/3358 1047/3421/3527 1046/3422/3528
f 1067/3423/3529 1110/706/730 1109/3406/3514
f 1254/603/627 1292/602/626 1291/781/805
f 1208/543/567 1388/569/593 1199/829/853
f 836/3352/3462 1006/3424/3530 1007/3350/3460
f 1077/3411/3518 1120/775/799 1149/774/798
f 1236/3306/3418 1237/872/896 1232/679/703
f 1351/3425/3531 1176/3426/3532 1350/719/743
f 1163/3427/3533 1144/628/652 1047/627/651
f 1002/825/849 834/3371/3481 833/826/850
f 1257/599/623 1262/751/775 1256/750/774
f 1175/767/3465 1173/786/3534 1172/546/570
f 1066/3428/3535 1165/626/650 1144/628/652
f 1067/3423/3529 1066/3428/3535 1144/628/652
f 824/790/814 871/805/829 813/813/837
f 865/841/865 920/3319/3430 866/3320/3431
f 1236/3389/3498 1346/582/606 1237/581/605
f 979/622/646 933/621/645 934/3197/3311
f 1054/3429/3536 1060/3430/3537 1059/3431/3537
f 1349/867/891 1359/866/890 1351/3432/3538
f 1279/801/825 1235/833/857 1243/3360/3471
f 983/3343/3453 984/652/676 930/654/678
f 1118/773/797 1150/836/860 1149/774/798
f 1384/3433/3539 1298/763/787 1296/681/705
f 1067/3434/3540 1069/3435/3541 1066/3436/3541
f 837/3437/3542 1010/3438/3543 838/857/881
f 939/3264/3376 968/3331/3441 969/3241/3355
f 1310/589/613 1286/537/561 1284/3394/3503
f 1100/3439/3544 1049/3440/3545 1101/3193/3308
f 1190/738/762 1174/787/811 1191/747/771
f 1380/3441/3546 1202/595/619 1196/600/624
f 1331/3376/3485 1173/786/3534 1171/737/3485
f 1223/3363/3474 1226/611/635 1222/3212/3326
f 1012/856/880 839/668/692 838/857/881
f 1311/561/585 1280/560/584 1278/830/854
f 1019/822/846 1020/764/788 844/766/790
f 1176/816/840 1359/3442/3547 1362/814/838
f 1052/3417/3523 1048/3443/3548 1049/3416/3522
f 1215/852/876 1217/3175/3289 1218/3444/3549
f 982/821/845 868/624/648 983/796/820
f 1300/700/724 1289/846/870 1291/781/805
f 1281/557/581 1250/587/611 1282/558/582
f 1072/3445/3550 1070/3446/3551 1073/3408/3516
f 1275/712/736 1273/713/737 1274/715/739
f 1322/3447/3552 1191/824/848 1387/3448/3553
f 893/608/632 829/3258/3370 894/3257/3370
f 1258/673/697 1222/3212/3326 1226/611/635
f 1290/701/725 1297/682/706 1299/762/786
f 1235/833/857 1244/808/832 1243/3360/3471
f 1087/3401/3510 1032/3415/3521 1031/3400/3509
f 1202/595/619 1200/3449/3554 1203/593/617
f 1314/633/657 1360/3450/3555 1323/634/658
f 1385/722/746 1384/3451/3556 1296/3452/3557
f 1229/674/698 1260/3392/3501 1258/673/697
f 1223/3363/3474 1224/3321/3432 1225/3362/3473
f 1337/3453/3558 1225/3365/3476 1224/3454/3559
f 861/770/794 918/3181/3295 862/3180/3294
f 1263/850/874 1266/3455/3560 1264/3297/3409
f 849/629/653 1024/3228/3342 1026/630/654
f 1172/3456/3561 1331/3176/3290 1332/3404/3513
f 1111/736/760 1072/3457/3562 1113/3458/3563
f 1357/691/715 1172/3456/3561 1332/3404/3513
f 1352/725/749 1241/3220/3334 1312/3168/3283
f 1204/580/604 1361/3459/3564 1206/3174/3288
f 1215/852/876 1265/3460/3565 1263/850/874
f 1260/3392/3501 1276/791/815 1266/3455/3560
f 1081/3413/3520 1124/3461/3566 1078/3339/3449
f 1025/3462/3567 850/631/655 1026/630/654
f 874/3463/3568 817/619/643 873/618/642
f 831/3355/3466 895/3464/3569 832/3256/3369
f 911/809/833 988/664/688 851/810/834
f 1356/690/714 1252/3165/3280 1183/3465/3570
f 1183/3465/3570 1184/3466/3571 1356/690/714
f 1183/3467/3572 1370/3276/3388 1184/3277/3389
f 1184/3466/3571 1185/702/726 1356/690/714
f 1059/3431/3537 1061/3468/3573 1058/3291/3403
f 1181/3469/3574 1364/3380/3490 1365/3470/3575
f 1062/3420/3526 1068/3471/3576 1067/3434/3540
f 1203/756/780 1358/849/873 1361/848/872
f 1268/761/785 1382/3472/3577 1267/862/886
f 1203/593/617 1205/579/603 1201/594/618
f 1183/3467/3572 1368/3473/3578 1369/3474/3579
f 1258/673/697 1266/3455/3560 1265/3460/3565
f 1254/689/713 1253/3475/3580 1356/690/714
f 1372/3199/3313 1373/703/727 1185/704/728
f 1349/867/891 1351/3432/3538 1241/3220/3334
f 1237/872/896 1238/832/856 1235/833/857
f 926/3296/3408 993/562/586 995/3294/3406
f 1322/3447/3552 1376/3476/3581 1329/3477/3581
f 1240/721/745 1351/3425/3531 1350/719/743
f 1323/634/658 1360/3450/3555 1200/3478/3582
f 1331/784/808 1379/844/868 1378/637/661
f 1313/3479/3583 1314/633/657 1380/632/656
f 1250/3240/3354 1249/3480/3584 1355/591/615
f 986/3280/3392 925/693/717 809/3481/3585
f 815/3482/3586 810/864/888 824/790/814
f 1266/3455/3560 1274/715/739 1264/3297/3409
f 869/697/721 887/643/667 888/798/822
f 1381/3151/3267 1313/3479/3583 1380/632/656
f 1374/3483/3587 1375/545/569 1186/547/571
f 1324/572/596 1203/756/780 1200/573/597
f 1367/3484/3588 1368/3473/3578 1182/3485/3589
f 1135/794/818 1157/3382/3491 1158/792/816
f 1210/3178/3292 1211/3403/3512 1332/3404/3513
f 1387/3448/3553 1388/3486/3590 1322/3447/3552
f 1053/3487/3591 1055/3488/3592 1048/3443/3548
f 1217/3489/3593 1334/3223/3337 1218/3225/3339
f 837/3437/3542 1008/3351/3461 1009/3490/3594
f 1230/3218/3332 1342/3491/3595 1231/3213/3327
f 1221/3333/3443 1337/3453/3558 1224/3454/3559
f 1327/859/883 1217/3489/3593 1206/860/884
f 1180/3492/3596 1367/3484/3588 1182/3485/3589
f 1373/703/727 1374/3483/3587 1186/547/571
f 1310/589/613 1251/588/612 1252/740/764
f 1209/542/566 1207/570/594 1208/543/567
f 1199/829/853 1213/819/843 1208/543/567
f 1322/746/770 1329/3493/3597 1170/3494/3598
f 948/3334/3444 991/675/699 992/3335/3445
f 1191/824/848 1385/722/746 1387/3448/3553
f 988/664/688 853/3390/3499 852/3200/3314
f 981/3262/3374 932/3312/3423 933/621/645
f 1200/3478/3582 1380/632/656 1323/634/658
f 1305/845/869 1304/753/777 1306/797/821
f 1056/3495/3599 1054/3429/3536 1055/3488/3592
f 811/812/836 815/3482/3586 824/790/814
f 999/3269/3381 832/3387/3496 829/3268/3380
f 1168/707/731 1321/3377/3487 1169/708/732
f 1230/610/634 1229/674/698 1226/611/635
f 846/765/789 1021/3496/3600 847/799/823
f 1222/3212/3326 1265/3460/3565 1219/3164/3279
f 1379/844/868 1377/635/659 1378/637/661
f 989/772/796 860/771/795 859/3201/3315
f 1005/661/685 1006/3424/3530 835/662/686
f 1010/3438/3543 1011/858/882 838/857/881
f 1113/3458/3563 1050/3497/3601 1100/3439/3544
f 1389/739/763 1190/738/762 1170/3494/3598
f 1021/3496/3600 1022/3243/3357 847/799/823
f 1232/679/703 1233/3396/3505 1234/3305/3417
f 1271/3226/3340 1276/791/815 1269/3391/3500
f 1275/712/736 1301/699/723 1273/713/737
f 1176/3426/3532 1177/3383/3492 1350/719/743
f 1214/843/867 1211/853/877 1212/820/844
f 987/640/664 826/3498/3602 993/3499/3603
f 1045/803/827 1066/3436/3541 1069/3435/3541
f 1287/3347/3457 1309/742/766 1289/846/870
f 1300/700/724 1295/680/704 1297/682/706
f 1282/558/582 1310/589/613 1284/3394/3503
f 1386/839/863 1198/838/862 1199/829/853
f 1290/701/725 1287/3347/3457 1289/846/870
f 1153/556/580 1166/3206/3320 1152/554/578
f 1128/3205/3319 1160/3345/3455 1161/3500/3604
f 1385/722/746 1296/3452/3557 1197/3222/3336
f 1180/3492/3596 1365/3470/3575 1366/3501/3605
f 1615/3502/3606 1617/3503/3607 1614/3504/3608
f 1252/740/764 1287/3347/3457 1286/537/561
f 1322/746/770 1170/3494/3598 1190/738/762
f 1572/1007/1031 1535/915/939 1536/969/993
f 1465/940/964 1530/968/992 1467/942/966
f 1411/3505/3609 1548/3506/3610 1413/3507/3611
f 1415/3508/3612 1416/1025/1049 1417/3509/3613
f 1702/879/903 1460/1105/1129 1517/1106/1130
f 1513/3510/3614 1665/3511/3615 1666/3512/3616
f 1518/880/904 1454/898/922 1457/878/902
f 1428/1075/1099 1400/955/979 1429/954/978
f 1426/3513/3617 1427/3514/3618 1425/1082/1106
f 1687/3515/3619 1612/3516/3620 1685/3517/3619
f 1629/3518/3621 1707/1060/1084 1628/1059/1083
f 1540/3519/3622 1689/3520/3623 1541/877/901
f 1552/977/1001 1426/3513/3617 1423/978/1002
f 1445/3521/3624 1484/3522/3625 1446/3523/3626
f 1585/1088/1112 1432/1001/1025 1501/962/986
f 1433/1003/1027 1394/1002/1026 1431/933/957
f 1477/895/919 1441/894/918 1520/3524/3627
f 1482/903/927 1483/1103/1127 1640/1092/1116
f 1517/3525/3628 1654/3526/3629 1702/3527/3629
f 1641/3528/3630 1495/3529/3631 1494/3530/3632
f 1694/3531/3633 1711/3532/3634 1675/3533/3635
f 1655/3534/3636 1702/3527/3629 1654/3526/3629
f 1452/959/983 1453/3535/3637 1451/1027/1051
f 1455/897/921 1458/3536/3638 1457/878/902
f 1448/890/914 1452/959/983 1451/1027/1051
f 1511/3537/3639 1649/3538/3640 1624/3539/3639
f 1534/980/1004 1473/3540/3641 1532/3541/3642
f 1589/3542/3643 1676/3543/3644 1398/3544/3645
f 1491/947/971 1479/935/959 1480/937/961
f 1466/907/931 1470/906/930 1469/3545/3646
f 1469/3545/3646 1471/3546/3647 1468/1065/1089
f 1483/3547/3648 1636/3548/3649 1637/3549/3648
f 1644/3550/3650 1640/3551/3651 1445/3552/3652
f 1564/1012/1036 1568/3553/3653 1566/3554/3654
f 1554/992/1016 1475/918/942 1488/917/941
f 1434/910/934 1504/1090/1114 1505/911/935
f 1646/3555/3655 1671/3556/3656 1647/3557/3657
f 1471/3546/3647 1473/3540/3641 1468/1065/1089
f 1446/3523/3626 1485/3558/3658 1646/3559/3659
f 1494/3530/3632 1637/3549/3648 1641/3528/3630
f 1483/1103/1127 1494/3560/3660 1484/3522/3625
f 1484/3522/3625 1485/3558/3658 1446/3523/3626
f 1476/893/917 1442/927/951 1441/894/918
f 1502/961/985 1585/1088/1112 1501/962/986
f 1409/985/1009 1410/3561/3661 1407/3562/3662
f 1648/3563/3663 1646/3564/3664 1647/3565/3664
f 1438/916/940 1437/921/945 1488/917/941
f 1459/965/989 1526/3566/3665 1461/1069/1093
f 1538/946/970 1512/945/969 1692/3567/3666
f 1468/1065/1089 1534/980/1004 1693/981/1005
f 1513/3568/3667 1468/1065/1089 1695/1066/1090
f 1419/3569/3668 1420/988/1012 1421/3570/3669
f 1390/3571/3670 1391/1009/1033 1560/3572/3671
f 1451/1027/1051 1454/898/922 1519/987/1011
f 1696/3573/3672 1469/3545/3646 1513/3568/3667
f 1432/1001/1025 1585/1088/1112 1394/1002/1026
f 1461/1069/1093 1462/964/988 1515/1070/1094
f 1627/3574/3673 1441/1052/1076 1626/1056/1080
f 1459/965/989 1461/1069/1093 1516/966/990
f 1441/1052/1076 1632/1043/1067 1672/1057/1081
f 1698/3575/3674 1662/3576/3675 1514/3577/3675
f 1416/1025/1049 1418/3578/3676 1417/3509/3613
f 1634/3579/3677 1493/3580/3649 1482/3581/3677
f 1412/3582/3678 1413/3507/3611 1414/3583/3679
f 1462/964/988 1527/3584/3680 1528/1091/1115
f 1401/953/977 1399/1079/1103 1429/954/978
f 1526/3566/3665 1527/3584/3680 1461/1069/1093
f 1458/3536/3638 1523/3585/3681 1457/878/902
f 1459/965/989 1524/3586/3682 1525/3587/3683
f 1650/3588/3684 1704/3589/3685 1519/3590/3686
f 1463/963/987 1529/939/963 1464/941/965
f 1413/3507/3611 1549/1026/1050 1416/1025/1049
f 1472/913/937 1533/3591/3687 1537/914/938
f 1406/3592/3688 1407/3562/3662 1408/3593/3689
f 1543/1029/1053 1596/3594/3690 1597/3595/3691
f 1533/983/1007 1534/980/1004 1532/3541/3642
f 1427/3596/3692 1426/3597/3693 1563/1013/1037
f 1683/3598/3694 1684/1076/1100 1710/3599/3695
f 1443/1040/1064 1635/883/907 1631/1042/1066
f 1610/3600/3696 1689/1053/1077 1540/3601/3697
f 1548/3602/3698 1601/3603/3699 1602/3604/3700
f 1581/3605/3701 1560/3572/3671 1391/1009/1033
f 1391/1009/1033 1579/1011/1035 1580/3606/3702
f 1410/3561/3661 1411/3505/3609 1412/3582/3678
f 1668/3607/3703 1693/3608/3704 1667/3609/3705
f 1561/997/1021 1684/3610/3706 1562/1096/1120
f 1543/3611/3707 1544/929/953 1402/972/996
f 1617/3503/3607 1619/3612/3708 1614/3504/3608
f 1530/968/992 1531/905/929 1466/907/931
f 1552/3613/3709 1563/1013/1037 1426/3597/3693
f 1486/1100/1124 1520/3524/3627 1487/1101/1125
f 1554/992/1016 1477/895/919 1486/1100/1124
f 1490/909/933 1555/991/1015 1447/891/915
f 1710/3599/3695 1682/1062/1086 1683/3598/3694
f 1391/1084/1108 1430/931/955 1431/933/957
f 1476/893/917 1497/938/962 1478/926/950
f 1435/912/936 1684/3610/3706 1620/1004/1028
f 1487/1019/1043 1627/3574/3673 1670/1020/1044
f 1697/943/967 1466/907/931 1696/3573/3672
f 1439/889/913 1438/916/940 1440/990/1014
f 1511/3537/3639 1625/3614/3710 1705/3615/3711
f 1434/910/934 1620/1004/1028 1503/1006/1030
f 1563/1013/1037 1564/1012/1036 1427/3596/3692
f 1567/3616/3712 1564/1012/1036 1569/1014/1038
f 1409/985/1009 1407/3562/3662 1404/970/994
f 1393/1032/1056 1499/1080/1104 1498/3617/3713
f 1620/1078/1102 1618/1077/1101 1619/3612/3708
f 1578/1010/1034 1585/884/908 1584/1074/1098
f 1391/1009/1033 1580/3606/3702 1581/3605/3701
f 1701/3618/3714 1657/3619/3715 1517/3525/3628
f 1659/3620/3716 1701/3618/3714 1516/3621/3717
f 1404/970/994 1405/3622/3718 1403/971/995
f 1409/985/1009 1547/3623/3719 1411/3505/3609
f 1425/1082/1106 1423/978/1002 1426/3513/3617
f 1537/914/938 1574/1008/1032 1536/969/993
f 1576/1087/1111 1575/1086/1110 1537/914/938
f 1593/3624/3720 1542/1030/1054 1595/1055/1079
f 1546/3625/3721 1600/3626/3722 1547/3627/3723
f 1591/3628/3724 1688/3629/3725 1677/3630/3725
f 1689/3520/3623 1595/875/899 1541/877/901
f 1545/3631/3726 1596/3594/3690 1598/3632/3726
f 1602/3604/3700 1549/3633/3727 1548/3602/3698
f 1547/3627/3723 1600/3626/3722 1601/3603/3699
f 1550/973/997 1603/3634/3728 1604/974/998
f 1605/975/999 1551/950/974 1550/973/997
f 1607/1022/1046 1609/951/975 1551/950/974
f 1610/3600/3696 1539/3635/3729 1591/3628/3724
f 1404/970/994 1406/3592/3688 1405/3622/3718
f 1611/3636/3730 1558/3637/3731 1613/3638/3732
f 1613/3638/3732 1615/3502/3606 1611/3636/3730
f 1630/1036/1060 1491/3639/3621 1629/3518/3621
f 1643/3640/3733 1445/3552/3652 1446/3641/3734
f 1448/890/914 1449/920/944 1447/891/915
f 1517/1106/1130 1459/965/989 1701/967/991
f 1633/1034/1058 1482/3581/3677 1492/1035/1059
f 1653/3642/3735 1703/3643/3736 1652/3644/3737
f 1518/3645/3738 1652/3644/3737 1703/3643/3736
f 1620/1004/1028 1434/910/934 1435/912/936
f 1697/3646/3739 1661/3647/3740 1698/3575/3674
f 1664/3648/3741 1696/3649/3742 1663/3650/3743
f 1516/3621/3717 1658/3651/3744 1659/3620/3716
f 1519/3590/3686 1653/3642/3735 1650/3588/3684
f 1658/3651/3744 1515/1051/1075 1660/1050/1074
f 1699/1049/1073 1662/3576/3675 1660/1050/1074
f 1663/3650/3743 1513/3510/3614 1666/3512/3616
f 1645/3652/3745 1485/3653/3656 1496/3654/3746
f 1695/3655/3747 1668/3607/3703 1665/3511/3615
f 1688/3656/3748 1676/3543/3644 1677/3657/3748
f 1706/1058/1082 1625/3614/3710 1628/1059/1083
f 1693/3608/3704 1674/3658/3749 1667/3609/3705
f 1678/998/1022 1669/3659/3750 1439/999/1023
f 1560/3572/3671 1686/1045/1069 1590/900/924
f 1439/999/1023 1623/1039/1063 1680/1000/1024
f 1684/1076/1100 1683/3598/3694 1618/1077/1101
f 1682/1062/1086 1710/3599/3695 1681/1063/1087
f 1698/1094/1118 1467/942/966 1697/943/967
f 1492/902/926 1481/904/928 1479/935/959
f 1397/3660/3751 1590/900/924 1398/3544/3645
f 1648/3563/3663 1643/3640/3733 1446/3641/3734
f 1708/3661/3752 1495/3529/3631 1642/1047/1071
f 1699/1104/1128 1464/941/965 1514/1095/1119
f 1460/1105/1129 1523/3585/3681 1524/3586/3682
f 1392/1073/1097 1398/3662/3753 1396/3663/3754
f 1590/1031/1055 1392/1073/1097 1393/1032/1056
f 1440/1038/1062 1622/1018/1042 1623/1039/1063
f 1398/3662/3753 1539/3664/3755 1396/3663/3754
f 1559/3665/3756 1390/1083/1107 1560/1033/1057
f 1541/877/901 1542/876/900 1402/972/996
f 1595/1055/1079 1592/1054/1078 1593/3624/3720
f 1539/3664/3755 1540/3519/3622 1396/3663/3754
f 1392/1073/1097 1399/1079/1103 1393/1032/1056
f 1545/928/952 1409/985/1009 1544/929/953
f 1575/1086/1110 1574/1008/1032 1537/914/938
f 1542/876/900 1543/3611/3707 1402/972/996
f 1565/1017/1041 1570/1016/1040 1569/1014/1038
f 1496/1046/1070 1708/3661/3752 1642/1047/1071
f 1561/997/1021 1506/3666/3757 1507/957/981
f 1504/1090/1114 1434/910/934 1503/1006/1030
f 1651/3667/3758 1649/3538/3640 1704/3589/3685
f 1692/3668/3759 1512/976/1000 1535/915/939
f 1694/3531/3633 1538/3669/3760 1711/3532/3634
f 1420/988/1012 1424/1081/1105 1422/3670/3761
f 1559/3665/3756 1560/1033/1057 1393/1032/1056
f 1393/1032/1056 1498/3617/3713 1559/3665/3756
f 1450/919/943 1451/1027/1051 1704/1041/1065
f 1395/993/1017 1687/3671/3762 1557/1089/1113
f 1481/904/928 1444/1093/1117 1443/934/958
f 1416/1025/1049 1419/3569/3668 1418/3578/3676
f 1551/3672/3763 1423/978/1002 1550/989/1013
f 1512/945/969 1534/980/1004 1472/982/1006
f 1687/3671/3762 1395/993/1017 1558/995/1019
f 1494/3560/3660 1495/3673/3764 1484/3522/3625
f 1621/1064/1088 1681/1063/1087 1669/3674/3765
f 1599/3675/3721 1545/3631/3726 1598/3632/3726
f 1403/971/995 1400/955/979 1402/972/996
f 1588/899/923 1398/3544/3645 1590/900/924
f 1597/930/954 1544/929/953 1543/3611/3707
f 1428/1075/1099 1540/3519/3622 1541/877/901
f 1396/3663/3754 1429/954/978 1392/1073/1097
f 1444/881/905 1638/3676/3766 1639/882/906
f 1399/1079/1103 1392/1073/1097 1429/954/978
f 1550/989/1013 1420/988/1012 1416/1025/1049
f 1690/979/1003 1423/978/1002 1551/3672/3763
f 1616/1098/1122 1503/1006/1030 1617/1005/1029
f 1694/3531/3633 1673/3677/3767 1674/3658/3749
f 1483/1103/1127 1445/3521/3624 1640/1092/1116
f 1443/1040/1064 1631/1042/1066 1442/1044/1068
f 1391/1009/1033 1394/3678/3768 1585/884/908
f 1520/3679/3769 1441/1052/1076 1487/1019/1043
f 1420/988/1012 1422/3670/3761 1421/3570/3669
f 1480/937/961 1510/949/973 1705/1068/1092
f 1515/1070/1094 1462/964/988 1699/1104/1128
f 1485/3558/3658 1708/3680/3770 1496/3681/3771
f 1413/3507/3611 1415/3508/3612 1414/3583/3679
f 1535/915/939 1572/1007/1031 1573/1024/1048
f 1454/898/922 1453/3535/3637 1456/896/920
f 1488/917/941 1508/922/946 1509/1099/1123
f 1475/918/942 1487/1101/1125 1440/990/1014
f 1449/920/944 1497/938/962 1489/908/932
f 1705/1068/1092 1706/3682/3772 1480/937/961
f 1482/903/927 1444/1093/1117 1481/904/928
f 1708/3680/3770 1484/3522/3625 1495/3673/3764
f 1516/966/990 1461/1069/1093 1700/1071/1095
f 1561/997/1021 1553/956/980 1474/888/912
f 1706/3682/3772 1707/948/972 1480/937/961
f 1437/921/945 1436/936/960 1507/957/981
f 1511/1067/1091 1450/919/943 1704/1041/1065
f 1479/935/959 1443/934/958 1478/926/950
f 1557/1061/1085 1586/885/909 1585/884/908
f 1506/3666/3757 1561/997/1021 1562/1096/1120
f 1506/3666/3757 1562/1096/1120 1505/911/935
f 1553/956/980 1436/936/960 1474/888/912
f 1729/1116/1140 1716/1206/1230 1727/1133/1157
f 1971/1136/1160 2090/1135/1159 1972/1503/1524
f 1775/3683/3773 1863/3684/3774 1774/1251/1275
f 1715/1272/1296 1791/1273/1297 1717/1205/1229
f 2005/1110/1134 2009/3685/3775 2008/1111/1135
f 1766/3686/3776 1758/1129/1153 1759/1502/1523
f 1943/1444/1465 1947/1140/1164 1946/1142/1166
f 1995/1467/1488 1993/1246/1270 1994/1160/1184
f 1746/1165/1189 1891/3687/3777 1743/1221/1245
f 2077/1271/1295 1920/1411/1432 2106/3688/3778
f 2010/3689/3779 2011/1368/1390 2036/1303/1326
f 1871/1257/1281 1795/1201/1225 1790/1375/1397
f 1800/1200/1224 1730/1383/1405 1716/1206/1230
f 2009/3685/3775 2020/1113/1137 2008/1111/1135
f 1810/1458/1479 1890/3690/3780 1833/3691/3781
f 2106/3688/3778 2104/1385/1407 2077/1271/1295
f 1737/1122/1146 1773/1169/1193 1771/1146/1170
f 1796/1199/1223 1869/1256/1280 1885/1203/1227
f 1747/1164/1188 1721/1163/1187 1723/1295/1318
f 1742/1167/1191 1720/1124/1148 1746/1165/1189
f 1750/1381/1403 1723/1295/1318 1725/1202/1226
f 1755/1127/1151 1746/1165/1189 1749/1128/1152
f 1979/3692/3782 1978/3693/3783 1977/3694/3784
f 1754/1299/1322 1891/3687/3777 1755/1127/1151
f 1762/3695/3785 1754/1299/1322 1756/1138/1162
f 2099/1161/1185 2079/1107/1131 2038/1109/1133
f 1756/1138/1162 1755/1127/1151 1758/1129/1153
f 1766/3686/3776 1756/1138/1162 1758/1129/1153
f 2081/1412/1433 2057/3696/3786 2052/1214/1238
f 1973/3697/3787 1967/3698/3788 1975/3699/3789
f 2006/1237/1261 2004/1236/1260 2095/1334/1356
f 1751/1382/1404 1725/1202/1226 1798/1173/1197
f 1863/3684/3774 1865/3700/3790 1866/3701/3791
f 1987/1353/1375 1988/3702/3792 2039/1281/1304
f 1781/1119/1143 1780/1150/1174 1783/3703/3793
f 1753/3704/3794 1758/1129/1153 1749/1128/1152
f 2129/1134/1158 2088/3705/3795 2090/1135/1159
f 1730/1383/1405 1796/1199/1223 1799/1204/1228
f 1779/1241/1265 1843/3706/3796 1842/1239/1263
f 1878/3707/3797 1828/1216/1240 1826/3708/3798
f 1781/1286/1309 1783/1143/1167 1784/1145/1169
f 1875/1224/1248 1872/1223/1247 1786/1268/1292
f 1883/1441/1462 1835/1155/1179 1882/1442/1463
f 2057/3696/3786 2081/1412/1433 2054/3709/3799
f 1795/1201/1225 1800/1200/1224 1718/3710/3800
f 1718/3710/3800 1791/1273/1297 1787/1269/1293
f 1740/1123/1147 1736/1211/1235 1739/1247/1271
f 1829/1229/1253 1880/1215/1239 1842/1239/1263
f 2025/1490/1511 2027/3711/3801 2026/1488/1509
f 1730/1383/1405 1884/1277/1301 1726/1131/1155
f 2028/1435/1456 2029/3712/3802 2030/3713/3803
f 1811/1455/1476 1810/1458/1479 1870/1423/1444
f 2029/3712/3802 2031/1186/1210 2032/3714/3804
f 1999/1481/1502 2110/1244/1268 1993/1246/1270
f 1874/1293/1316 1817/1433/1454 1873/1387/1409
f 1789/1225/1249 1785/1194/1218 1786/1268/1292
f 1998/1360/1382 2098/1356/1378 2110/1244/1268
f 1874/1293/1316 1819/1292/1315 1817/1433/1454
f 2057/3696/3786 2053/1212/1236 2052/1214/1238
f 1826/3708/3798 1824/3715/3805 1825/3716/3806
f 1793/1227/1251 1880/3717/3807 1879/3718/3808
f 1715/1272/1296 1792/1226/1250 1791/1273/1297
f 1830/1228/1252 1828/1216/1240 1829/1229/1253
f 1761/1347/1369 1766/3686/3776 1759/1502/1523
f 1843/3706/3796 1829/1229/1253 1842/1239/1263
f 1985/3719/3809 1986/1361/1383 1983/1280/1303
f 1762/3695/3785 1757/3720/3810 1754/1299/1322
f 1875/1224/1248 1786/1268/1292 1785/1194/1218
f 2056/1184/1208 2081/1183/1207 2046/1242/1266
f 1832/1208/1232 1848/1180/1204 1784/1145/1169
f 1888/1287/1310 1784/1145/1169 1852/1484/1505
f 1860/1466/1487 1887/1465/1486 1858/3721/3811
f 2072/1261/1285 2077/1271/1295 2073/1189/1213
f 1774/1251/1275 1860/1466/1487 1858/3721/3811
f 1804/1170/1194 1715/1272/1296 1713/1258/1282
f 1993/1246/1270 2105/1245/1269 2099/1161/1185
f 1961/1492/1513 1963/1404/1425 1959/1274/1298
f 1753/3704/3794 1748/1366/1388 1750/1381/1403
f 1963/1404/1425 2084/1498/1519 1959/1274/1298
f 1832/1208/1232 1838/1351/1373 1868/3722/3812
f 2045/1243/1267 2017/1297/1320 2035/1159/1183
f 1724/1132/1156 1725/1202/1226 1723/1295/1318
f 1764/1137/1161 1762/3695/3785 1756/1138/1162
f 1971/1136/1160 1973/3697/3787 1974/3723/3813
f 1856/1324/1346 1887/1465/1486 1855/1464/1485
f 1857/1266/1290 1806/1232/1256 1801/1248/1272
f 1862/1252/1276 1863/3684/3774 1864/3724/3814
f 1823/3725/3815 1822/3726/3816 1821/3727/3817
f 1877/3728/3818 1823/3725/3815 1821/3727/3817
f 1828/1216/1240 1827/3729/3819 1826/3708/3798
f 1793/1227/1251 1879/3718/3808 1878/1192/1216
f 1829/1229/1253 1828/1216/1240 1880/1215/1239
f 1977/3694/3784 1962/1493/1514 1960/1276/1300
f 1751/1382/1404 1798/1173/1197 1807/1175/1199
f 2008/1111/1135 2012/1114/1138 2094/1130/1154
f 1980/1417/1438 2050/3730/3820 2053/1446/1467
f 2053/1446/1467 2050/3730/3820 2047/3731/3821
f 1734/1126/1150 1740/1123/1147 1733/1294/1317
f 1809/1118/1142 1761/1347/1369 1782/1149/1173
f 1876/1291/1314 1821/3727/3817 1819/1292/1315
f 2073/1189/1213 2074/3732/3822 2071/1190/1214
f 1777/1197/1221 1886/1196/1220 1806/3733/3823
f 1718/3710/3800 1787/1269/1293 1790/1375/1397
f 1715/1272/1296 1717/1205/1229 1714/1376/1398
f 2082/1425/1446 1980/1417/1438 2057/1426/1447
f 1793/1227/1251 1842/1185/1209 1880/3717/3807
f 2092/1402/1423 2125/3734/3824 2124/1403/1424
f 2131/1434/1455 2025/1490/1511 2103/1187/1211
f 2002/3735/3825 2096/1318/1340 2097/1317/1339
f 1732/1249/1273 1806/1232/1256 1805/1219/1243
f 1779/1241/1265 1778/1240/1264 1886/1290/1313
f 1872/1223/1247 1871/1257/1281 1788/1374/1396
f 1861/1322/1344 1777/1197/1221 1857/1323/1345
f 1777/1197/1221 1806/3733/3823 1857/1323/1345
f 2074/3732/3822 2110/1407/1428 2071/1190/1214
f 2080/1265/1289 1918/1264/1288 1921/1270/1294
f 2019/1372/1394 1999/1481/1502 1993/1246/1270
f 1902/1233/1257 1901/1153/1177 1925/1234/1258
f 1810/1458/1479 1869/1207/1231 1870/1423/1444
f 1927/1315/1337 1926/1288/1311 2052/1214/1238
f 2056/1184/1208 2044/1158/1182 2121/1157/1181
f 1979/3692/3782 2050/3730/3820 1980/1417/1438
f 1718/3710/3800 1790/1375/1397 1795/1201/1225
f 1746/1165/1189 1747/1164/1188 1748/1366/1388
f 1908/3736/3826 2076/1397/1419 2115/1396/1418
f 1752/1480/1501 1751/1382/1404 1808/1401/1422
f 1737/1122/1146 1771/1146/1170 1735/1148/1172
f 1802/1210/1234 1739/1247/1271 1736/1211/1235
f 1894/1452/1473 1902/1233/1257 1897/1235/1259
f 1848/1180/1204 1892/3737/1205 1849/1399/1205
f 2045/1243/1267 2080/1479/1500 2078/3738/3827
f 1931/1332/1354 1930/1331/1353 1929/1477/1498
f 1990/1451/1472 2021/3739/3828 2102/1389/1411
f 1868/3722/3812 1845/1438/1459 1832/1208/1232
f 1909/1306/1329 1913/1462/1483 1910/3740/3829
f 1907/3741/3830 2116/1395/1417 2076/1397/1419
f 1915/3742/3831 1936/1478/1499 1935/1410/1431
f 1906/1325/1347 1904/1308/1331 1898/1254/1278
f 1956/1461/1482 1936/1478/1499 1913/1462/1483
f 2123/1406/1427 2055/1400/1421 2121/1157/1181
f 2002/1357/1379 2098/1356/1378 1998/1360/1382
f 1923/1437/1458 1927/1315/1337 2052/1214/1238
f 1741/1125/1149 1738/1121/1145 1740/1123/1147
f 1875/1224/1248 1874/3743/3832 1873/1222/1246
f 2055/1418/1439 1980/1417/1438 2082/1425/1446
f 1809/1118/1142 1782/1149/1173 1781/1119/1143
f 1927/1315/1337 1923/1437/1458 1897/1235/1259
f 1719/1298/1321 1741/1125/1149 1729/1116/1140
f 1932/1330/1352 1949/1392/1414 1930/1331/1353
f 2115/1475/1496 2102/1389/1411 2109/1391/1413
f 1910/3740/3829 1907/3741/3830 1905/3744/3833
f 2090/1135/1159 2067/1496/1517 2130/1310/1333
f 1980/1417/1438 1981/3745/3834 1979/3692/3782
f 1922/1253/1277 1924/1326/1348 1898/1254/1278
f 1847/3746/1203 1892/3737/1205 1848/1180/1204
f 1942/1340/1362 1943/1444/1465 1940/1445/1466
f 1929/1477/1498 1937/3747/3835 1936/1478/1499
f 1968/1491/1512 2090/1135/1159 2086/1311/1334
f 1740/1123/1147 1737/1122/1146 1736/1211/1235
f 1935/1410/1431 1937/3747/3835 1938/1460/1481
f 2050/3730/3820 1960/1276/1300 2051/1275/1299
f 1897/1235/1259 1922/1253/1277 1896/1255/1279
f 1773/1169/1193 1737/1122/1146 1720/1124/1148
f 1969/1500/1521 1968/1491/1512 2092/1402/1423
f 1894/1452/1473 1896/1255/1279 1895/1393/1415
f 2048/3748/3836 2051/1275/1299 2049/3749/3837
f 2074/3732/3822 2077/1271/1295 2079/1384/1406
f 1975/3699/3789 1976/3750/3838 1973/3697/3787
f 2039/1281/1304 1985/3719/3809 1983/1280/1303
f 1810/1458/1479 1814/1457/1478 1890/3690/3780
f 2107/1470/1491 2039/1281/1304 2106/1283/1306
f 1999/1481/1502 2001/1359/1381 1998/1360/1382
f 2088/1371/1393 1948/1358/1380 1944/1341/1363
f 2024/1489/1510 2033/1300/1323 2025/1490/1511
f 1729/1116/1140 1722/1296/1319 1719/1298/1321
f 1972/1503/1524 1970/3751/3839 1966/3752/3840
f 1733/1294/1317 1732/1249/1273 1803/1218/1242
f 1873/1387/1409 1811/1455/1476 1872/3753/3841
f 1869/1256/1280 1796/1199/1223 1795/1201/1225
f 2011/1368/1390 2018/1369/1391 2045/1243/1267
f 2114/3754/3842 2078/1260/1284 2113/1262/1286
f 1717/1205/1229 1718/3710/3800 1800/1200/1224
f 2034/3755/3843 2058/1301/1324 2033/1300/1323
f 1989/1380/1402 1990/1451/1472 2102/1389/1411
f 2012/1114/1138 2010/3689/3779 2036/1303/1326
f 1728/1117/1141 1734/1126/1150 1731/1115/1139
f 1912/1305/1328 1958/1329/1351 1957/1328/1350
f 2096/1318/1340 2070/1472/1493 2111/1316/1338
f 1825/3716/3806 1878/3707/3797 1826/3708/3798
f 2094/1130/1154 2036/1303/1326 2114/1304/1327
f 2083/3756/3844 1959/1274/1298 2119/1499/1520
f 2016/1379/1401 2013/3757/3845 1989/1380/1402
f 2003/1321/1343 2006/1237/1261 2002/3735/3825
f 1900/1494/1515 2075/1151/1175 1901/1153/1177
f 1799/1204/1228 1885/1203/1227 1884/1277/1301
f 1751/1382/1404 1753/3704/3794 1750/1381/1403
f 1964/3758/3846 2092/1402/1423 1963/1404/1425
f 2107/1436/1457 1920/1411/1432 1919/1152/1176
f 2095/1334/1356 2004/1236/1260 2037/1112/1136
f 2127/1342/1364 2103/1187/1211 2060/1302/1325
f 1944/1341/1363 1942/1340/1362 1941/1362/1384
f 1730/1383/1405 1726/1131/1155 1727/1133/1157
f 1885/1154/1178 1869/1207/1231 1835/1155/1179
f 1729/1116/1140 1724/1132/1156 1722/1296/1319
f 1983/1280/1303 2099/1161/1185 2038/1109/1133
f 1983/1280/1303 1984/1162/1186 2099/1161/1185
f 2042/1335/1357 2126/3759/3847 2062/1336/1358
f 1893/3760/3848 1894/1452/1473 1895/1393/1415
f 1957/1328/1350 1929/1477/1498 1956/1461/1482
f 1833/3691/3781 1832/1208/1232 1810/1458/1479
f 1893/3760/3848 1899/1414/1435 1902/1233/1257
f 1714/1376/1398 1716/1206/1230 1712/1259/1283
f 2070/1430/1451 2112/1388/1410 2069/1191/1215
f 2130/1429/1450 1934/1473/1494 2125/1482/1503
f 1915/3742/3831 2091/3761/3849 2117/3762/3850
f 2068/1176/1200 1954/1344/1366 1955/1177/1201
f 1889/3763/3851 1865/3700/3790 1775/3683/3773
f 2111/1198/1222 2071/1190/1214 2098/1408/1429
f 2085/1337/1359 2062/1336/1358 2061/1409/1430
f 1720/1124/1148 1719/1298/1321 1721/1163/1187
f 1821/3727/3817 1820/1313/1336 1819/1292/1315
f 2051/1275/1299 2083/3756/3844 2049/3749/3837
f 1801/1248/1272 1739/1247/1271 1802/1210/1234
f 1946/1142/1166 2087/1141/1165 2089/3764/3852
f 1877/3728/3818 1821/3727/3817 1876/1291/1314
f 2058/1301/1324 2015/1378/1400 2040/1487/1508
f 1908/3736/3826 2109/1415/1436 1899/1414/1435
f 1905/3744/3833 1908/3736/3826 1893/3760/3848
f 1916/3765/3853 2117/3762/3850 2116/1395/1417
f 2073/1189/1213 2112/1388/1410 2072/1261/1285
f 2045/1243/1267 2078/3738/3827 2114/1304/1327
f 2049/3766/3854 1922/1253/1277 2048/3767/3855
f 2118/1263/1287 1917/1289/1312 1918/1264/1288
f 2081/1412/1433 2052/1214/1238 1926/1288/1311
f 1882/1442/1463 1881/1144/1168 1797/1443/1464
f 1961/1492/1513 1959/1274/1298 1960/1276/1300
f 1846/3768/1203 1847/3746/1203 1848/1180/1204
f 1918/1264/1288 1919/1152/1176 1920/1411/1432
f 1982/1419/1440 2055/1418/1439 2093/3769/3856
f 2103/1187/1211 2064/3770/3857 2063/1188/1212
f 2124/3771/3858 1928/3772/3859 2084/3773/3860
f 2086/1311/1334 2130/1310/1333 2125/3734/3824
f 1845/1438/1459 1846/3768/1203 1848/1180/1204
f 2059/1486/1507 2117/1485/1506 2091/3774/3861
f 1906/1325/1347 2083/3775/3862 2119/3776/3863
f 1931/1332/1354 1939/1428/1449 1932/1330/1352
f 2066/1367/1389 2063/3777/3864 2064/1350/1372
f 1760/1348/1370 1752/1480/1501 1780/1150/1174
f 1881/1439/1460 1780/1150/1174 1808/1401/1422
f 1938/1460/1481 2085/1337/1359 1935/1410/1431
f 1903/1309/1332 1893/3760/3848 1895/1393/1415
f 1924/1326/1348 2049/3766/3854 2083/3775/3862
f 1963/1404/1425 2124/1403/1424 2084/1498/1519
f 1899/1414/1435 1901/1153/1177 1902/1233/1257
f 2101/1390/1412 2100/1354/1376 2108/1471/1492
f 2087/1141/1165 2064/1350/1372 2132/3778/3865
f 1928/3772/3859 1912/1305/1328 1914/1346/1368
f 1713/1258/1282 1715/1272/1296 1714/1376/1398
f 1954/1344/1366 2068/1176/1200 1944/1341/1363
f 1913/1462/1483 1916/3765/3853 1910/3740/3829
f 1908/3736/3826 1899/1414/1435 1893/3760/3848
f 1760/1348/1370 1753/3704/3794 1752/1480/1501
f 1954/1344/1366 1950/1364/1386 1952/1345/1367
f 1933/1327/1349 1931/1332/1354 1957/1328/1350
f 2101/1416/1437 1900/1494/1515 1899/1414/1435
f 2100/1354/1376 2039/1281/1304 2107/1470/1491
f 1899/1414/1435 1900/1494/1515 1901/1153/1177
f 1874/3743/3832 1785/1194/1218 1876/1398/1420
f 2120/3779/3866 2093/3769/3856 2055/1418/1439
f 2105/3780/3867 2074/3732/3822 2079/1384/1406
f 1873/1387/1409 1816/1456/1477 1811/1455/1476
f 1944/1341/1363 1941/1362/1384 1954/1344/1366
f 2060/1302/1325 2058/1301/1324 2059/1486/1507
f 1935/1410/1431 2061/1409/1430 2091/3761/3849
f 1805/1219/1243 1803/1218/1242 1732/1249/1273
f 1991/3781/3868 1992/1450/1471 1989/1380/1402
f 1871/1422/1443 1811/1455/1476 1870/1423/1444
f 2113/1474/1495 2037/1112/1136 2094/1130/1154
f 1713/1258/1282 1714/1376/1398 1712/1259/1283
f 2043/1448/1469 2128/3782/3869 2127/3783/3870
f 2013/3757/3845 2014/3784/3871 1989/1380/1402
f 1937/3747/3835 1949/1392/1414 2041/1449/1470
f 1811/1455/1476 1813/1459/1480 1810/1458/1479
f 2060/3785/3872 2059/1440/1461 2062/1336/1358
f 2058/1301/1324 2040/1487/1508 2117/1485/1506
f 1951/1447/1468 2089/3764/3852 2043/1448/1469
f 1928/3772/3859 1914/1346/1368 1906/1325/1347
f 2088/3705/3795 2068/1495/1516 2090/1135/1159
f 2050/3730/3820 2048/3748/3836 2047/3731/3821
f 1713/1258/1282 1733/1294/1317 1804/1170/1194
f 1818/1312/1335 1817/1433/1454 1819/1292/1315
f 1746/1165/1189 1743/1221/1245 1742/1167/1191
f 1917/1289/1312 1925/1234/1258 1901/1153/1177
f 1722/1296/1319 1723/1295/1318 1721/1163/1187
f 2047/1213/1237 1922/1253/1277 1923/1437/1458
f 1734/1126/1150 1712/1259/1283 1731/1115/1139
f 1912/1305/1328 1956/1461/1482 1909/1306/1329
f 1784/1145/1169 1881/1144/1168 1882/1442/1463
f 1808/1401/1422 1807/1175/1199 1881/1439/1460
f 2059/1440/1461 2091/3761/3849 2061/1409/1430
f 1883/1278/1302 1798/1173/1197 1726/1131/1155
f 2034/3755/3843 2022/3786/3873 2058/1301/1324
f 2043/1448/1469 2127/3783/3870 2126/3759/3847
f 2114/1304/1327 2113/1474/1495 2094/1130/1154
f 2040/1487/1508 1989/1380/1402 2102/1389/1411
f 1793/1227/1251 1792/1226/1250 1794/1172/1196
f 1824/3715/3805 1823/3725/3815 1825/3716/3806
f 2056/1184/1208 2046/1242/1266 2044/1158/1182
f 2084/3773/3860 1906/1325/1347 2119/3776/3863
f 2125/1482/1503 1958/1329/1351 2124/3771/3858
f 1771/1146/1170 1769/3787/3874 1770/1497/1518
f 1904/1308/1331 1914/1346/1368 1911/1307/1330
f 1775/1453/1474 1774/1209/1233 1735/1148/1172
f 1940/1445/1466 1946/1142/1166 2089/3764/3852
f 1966/3752/3840 1967/3698/3788 1972/1503/1524
f 2128/3782/3869 2087/1141/1165 2132/3778/3865
f 2014/3784/3871 1991/3781/3868 1989/1380/1402
f 2022/3786/3873 2023/1377/1399 2058/1301/1324
f 2096/1318/1340 2006/1237/1261 2095/1334/1356
f 1772/1147/1171 1889/3788/3875 1775/1453/1474
f 2025/1490/1511 2033/1300/1323 2060/1302/1325
f 1932/1330/1352 1955/1177/1201 1952/1345/1367
f 1953/1363/1385 1940/1445/1466 1951/1447/1468
f 1940/1445/1466 2089/3764/3852 1951/1447/1468
f 1733/1294/1317 1739/1247/1271 1732/1249/1273
f 1941/1362/1384 1940/1445/1466 1953/1363/1385
f 1742/1167/1191 1769/3787/3874 1773/1169/1193
f 2100/1354/1376 2021/3739/3828 1987/1353/1375
f 1903/1309/1332 1911/1307/1330 1909/1306/1329
f 1905/3744/3833 1909/1306/1329 1910/3740/3829
f 1937/3747/3835 2042/1335/1357 1938/1460/1481
f 2040/1487/1508 2102/1389/1411 2116/1476/1497
f 2126/3759/3847 2060/3785/3872 2062/1336/1358
f 2149/1518/1539 2174/3789/3876 2168/3790/3877
f 2041/1449/1470 2043/1448/1469 2042/1335/1357
f 1950/1364/1386 1951/1447/1468 1949/1392/1414
f 2247/1570/1591 2414/1732/1752 2246/3791/3878
f 2408/1859/1883 2379/1858/1882 2348/3792/3879
f 2423/1845/1869 2490/1856/1880 2437/1843/1867
f 2185/2013/2044 2187/1696/1716 2183/2014/2045
f 2509/1789/1812 2520/3793/3880 2574/3794/3881
f 2211/3795/3882 2196/2072/2104 2202/2187/2218
f 2666/1773/1796 2683/1772/1795 2698/2068/2100
f 2169/1557/1578 2161/2044/2075 2158/1555/1576
f 2272/2077/2109 2273/1792/1815 2253/1793/1816
f 2199/1775/1798 2219/3796/3883 2197/1776/1799
f 2360/3797/3884 2358/3798/3885 2278/3799/3886
f 2372/1679/1699 2399/1887/1913 2388/3800/3887
f 2463/1703/1723 2482/3801/3888 2481/1704/1724
f 2666/1773/1796 2658/2185/2216 2660/1635/1655
f 2467/1977/2007 2287/2257/2296 2622/2189/2221
f 2156/3802/3889 2155/1882/1908 2154/1884/1910
f 2467/1977/2007 2452/2052/2084 2272/2077/2109
f 2286/1674/1694 2284/1647/1667 2276/1649/1669
f 2460/1609/1629 2461/3803/3890 2482/1607/1627
f 2268/3804/3891 2303/3805/3892 2297/3806/3893
f 2439/1926/1954 2445/1925/1953 2444/3807/3894
f 2831/1995/2025 2839/3808/3895 2830/1686/1706
f 2695/1660/1680 2692/1961/1990 2699/1713/1785
f 2799/3809/3896 2808/1533/1554 2835/2204/2236
f 2674/3810/3897 2685/3811/3898 2671/3812/3899
f 2831/1995/2025 2826/2210/2242 2841/3813/3900
f 2604/2070/2102 2581/2030/2061 2589/1643/1663
f 2631/1528/1549 2139/1640/1660 2137/1529/1550
f 2747/3814/3901 2734/3815/3902 2770/2080/2112
f 2168/3790/3877 2174/3789/3876 2173/3816/3903
f 2691/1580/3904 2688/1745/1829 2706/1923/2219
f 2776/2176/2207 2794/2171/2202 2793/2174/2205
f 2139/1911/1938 2635/3817/3905 2134/1912/1939
f 2744/2163/2194 2743/2141/2172 2747/2143/2174
f 2176/1690/1710 2135/2065/2097 2183/2014/2045
f 2523/1989/2019 2503/3818/3906 2506/2167/2198
f 2262/3819/3907 2255/3820/3908 2249/2273/2312
f 2687/1554/1575 2676/2148/2179 2664/3821/3909
f 2740/2125/2156 2749/1520/1541 2741/3822/3910
f 2397/1711/1731 2415/2051/2083 2405/2226/2258
f 2541/1567/1588 2543/1953/1982 2558/1568/1589
f 2478/1790/1813 2417/1916/1943 2495/2182/2213
f 2696/1659/1679 2837/1708/1728 2709/1739/1759
f 2693/1523/1544 2698/2068/2100 2713/2188/2220
f 2219/1664/1684 2254/1889/1915 2221/3823/3911
f 2259/3824/3912 2243/2255/2294 2260/2256/2295
f 2359/1622/1642 2271/2019/2050 2463/1703/1723
f 2574/3794/3881 2548/1796/1819 2509/1789/1812
f 2321/1818/1842 2292/3825/3913 2293/3826/3914
f 2192/3827/3915 2179/3828/3916 2191/3829/3917
f 2237/1670/1690 2205/3830/3918 2294/1590/1611
f 2337/3831/3919 2407/1763/1786 2408/1859/1883
f 2596/2006/2036 2605/1604/1624 2585/1606/1626
f 2287/2257/2296 2272/2077/2109 2252/1849/1873
f 2397/1711/1731 2403/1996/2026 2391/1922/1949
f 2366/3832/3920 2365/3833/3921 2364/3834/3922
f 2547/3835/3923 2585/1606/1626 2542/1605/1625
f 2184/1634/1654 2190/1633/1653 2189/1987/2017
f 2496/2181/2212 2520/3793/3880 2479/2212/2244
f 2330/1867/1891 2351/3836/3924 2356/1868/1892
f 2377/1705/1725 2378/1864/1888 2317/1706/1726
f 2745/3837/3925 2746/1718/2081 2680/1688/1708
f 2189/1876/1900 2193/3838/3926 2195/2025/2056
f 2723/1689/1709 2735/1804/1935 2684/1687/1707
f 2155/1882/1908 2141/3839/3927 2138/1883/1909
f 2217/3840/3928 2195/2025/2056 2193/3838/3926
f 2197/1776/1799 2219/3796/3883 2218/1593/1614
f 2243/2255/2294 2238/1767/1790 2245/1766/1789
f 2857/3841/3929 2844/1650/1670 2341/1639/1659
f 2327/3842/3930 2324/3843/3931 2350/1653/1673
f 2186/1826/1850 2205/3830/3918 2206/1893/1919
f 2195/2025/2056 2217/3840/3928 2202/2187/2218
f 2221/3823/3911 2229/1888/1914 2240/2075/2107
f 2773/3844/3932 2800/3845/3933 2789/3846/3934
f 2287/2257/2296 2267/1585/1606 2319/1584/1605
f 2158/1555/1576 2157/2035/2066 2168/1556/1577
f 2180/2040/2071 2166/3847/3935 2169/2193/2225
f 2793/3848/3936 2787/2215/2247 2786/3849/3937
f 2838/3850/3938 2826/2210/2242 2825/2263/2302
f 2664/3821/3909 2669/2109/2141 2687/1554/1575
f 2651/3851/3939 2662/2108/2140 2663/2093/2125
f 2409/2124/2155 2447/2130/2161 2426/2106/2138
f 2694/1699/1991 2681/1805/1937 2677/1697/3940
f 2592/3852/3941 2593/2036/2067 2602/2037/2068
f 2260/2264/2303 2245/3853/3942 2241/3854/3943
f 2585/1606/1626 2587/1771/1794 2584/1747/1769
f 2332/1787/1810 2343/1700/1720 2288/1583/1604
f 2584/1747/1769 2626/1508/1529 2596/2006/2036
f 2135/2065/2097 2154/1884/1910 2652/2091/2123
f 2705/1738/1758 2714/1740/1760 2843/1655/1950
f 2583/3855/3944 2588/2136/2167 2598/2135/2166
f 2745/3837/3945 2684/1687/3946 2735/1804/1827
f 2235/1764/1787 2298/3856/3947 2283/1913/1940
f 2197/1776/1799 2218/1593/1614 2194/1757/1779
f 2220/3857/3948 2212/1816/1840 2211/1784/1807
f 2503/3858/3949 2480/3859/3950 2484/2220/2252
f 2658/2119/2150 2659/2096/2128 2657/2095/2127
f 2177/3860/3951 2175/3861/3952 2179/3828/3916
f 2660/1635/1655 2657/2186/2217 2648/1636/1656
f 2668/2168/2199 2665/1774/1797 2653/1510/1531
f 2511/1777/1800 2512/1828/1852 2443/1720/1741
f 2832/2213/2245 2819/3862/3953 2818/3863/3954
f 2763/1896/1922 2765/3864/3955 2762/3865/3956
f 2405/2226/2258 2417/1916/1943 2478/1790/1813
f 2262/3819/3907 2269/3866/3957 2268/3867/3958
f 2680/1688/1708 2684/1687/1707 2745/3837/3925
f 2847/1762/1784 2677/1697/1717 2672/1910/3959
f 2456/1759/1781 2410/1725/1745 2235/1764/1787
f 2754/1582/1737 2784/1581/3960 2785/1717/1738
f 2365/3833/3921 2373/3868/3961 2376/3869/3962
f 2341/1639/1659 2621/1623/1643 2380/1799/1822
f 2701/1935/1963 2847/1762/1784 2766/1519/1540
f 2574/3794/3881 2533/1753/1775 2573/2199/2231
f 2386/3870/3963 2394/1631/1651 2369/3871/3964
f 2347/1598/1619 2357/1869/1893 2365/3833/3921
f 2227/1783/1806 2220/3857/3948 2211/1784/1807
f 2298/3856/3947 2299/3872/3965 2296/3873/3966
f 2614/1666/1686 2598/2067/2099 2613/1667/1687
f 2354/1716/1736 2389/1715/1735 2355/1701/1721
f 2276/3874/3967 2275/1620/1640 2359/1622/1642
f 2712/1657/3968 2706/1923/1951 2843/1655/1950
f 2315/2004/2034 2337/3831/3919 2348/3792/3879
f 2231/1929/1957 2234/3875/3969 2232/2018/2049
f 2206/1893/1919 2270/1669/1689 2214/1807/1831
f 2390/1662/1682 2420/1661/1681 2411/1823/1847
f 2361/3876/3970 2367/3877/3971 2366/3878/3972
f 2411/1909/1934 2412/1879/1903 2402/1710/1730
f 2498/1931/1959 2550/1999/2029 2544/1932/1960
f 2457/1950/1979 2473/1952/1981 2475/3879/3973
f 2794/3880/3974 2805/2197/2229 2787/2215/2247
f 2354/1730/1750 2414/1732/1752 2370/1798/1821
f 2414/1732/1752 2332/1731/1751 2331/3881/3975
f 2457/1950/1979 2446/2179/2210 2445/2178/2209
f 2217/3840/3928 2226/3882/3976 2211/3795/3882
f 2474/1671/1691 2469/3883/3977 2468/1608/1628
f 2663/2093/2125 2664/3821/3909 2652/2091/2123
f 2216/1834/1858 2193/1756/1778 2194/1757/1779
f 2435/1721/1742 2443/1720/1741 2448/1885/1911
f 2642/1512/1533 2650/1511/1532 2632/2228/2260
f 2786/3849/3937 2782/2214/2246 2781/3884/3978
f 2482/3801/3888 2476/3885/3979 2486/3886/3980
f 2442/1577/1598 2448/1885/1911 2398/1578/1599
f 2720/2123/2154 2711/2122/2153 2730/2157/2188
f 2765/3864/3955 2751/3887/3981 2750/3888/3982
f 3147/3889/3983 2588/1980/2010 2577/1526/1547
f 2351/3836/3924 2330/1867/1891 2328/1901/1926
f 2396/2059/2091 2419/1945/1974 2413/2007/2037
f 2452/2052/2084 2475/1976/2006 2473/1726/1746
f 2373/1680/1700 2394/1626/1646 2382/1678/1698
f 2821/1917/1944 2807/1685/1705 2834/1684/1704
f 2251/2160/2191 2331/1788/1811 2288/1583/1604
f 2414/1732/1752 2331/3881/3975 2246/3791/3878
f 2365/3833/3921 2376/3869/3962 2347/1598/1619
f 2645/2092/2124 2651/3851/3939 2663/2093/2125
f 2140/1516/1537 2133/3890/3984 2151/1517/1538
f 2146/2005/2035 2143/3891/3985 2145/1530/1551
f 2235/1764/1787 2407/1763/1786 2338/3892/3986
f 2606/2054/2086 2619/3893/3987 2620/2053/2085
f 2210/1693/1713 2180/2040/2071 2208/1694/1714
f 2556/1954/1983 2544/2169/2200 2543/1953/1982
f 2791/2046/2077 2792/2154/2185 2779/2137/2168
f 2434/1992/2022 2528/2000/2030 2485/1914/1941
f 2279/3894/3988 2286/3895/3989 2278/3799/3886
f 2354/1730/1750 2355/3896/3990 2332/1731/1751
f 2453/3897/3991 2236/1951/1980 2457/1950/1979
f 2722/1553/1574 2738/1547/1568 2721/2100/2132
f 2448/1885/1911 2450/1830/1854 2449/1886/1912
f 2720/2123/2154 2742/1768/1791 2722/2254/2293
f 2343/1700/1720 2332/1787/1810 2355/1701/1721
f 2574/3794/3881 2573/2199/2231 2575/2195/2227
f 2829/1806/1830 2697/3898/3992 2712/1657/3968
f 2349/3899/3993 2336/3900/3994 2333/3901/3995
f 2322/1560/1581 2321/1818/1842 2334/1943/1971
f 2251/2160/2191 2252/1849/1873 2246/1851/1875
f 2681/1805/1937 2672/1910/1936 2677/1697/3940
f 2428/1892/1918 2387/3902/3996 2427/3903/3997
f 2359/1672/1692 2461/3803/3890 2360/1673/1693
f 2278/3799/3886 2286/3895/3989 2360/3797/3884
f 2448/1862/1886 2432/3904/3998 2435/3905/3998
f 2519/1842/1866 2547/3835/3923 2542/1605/1625
f 2290/1611/1631 2317/1706/1726 2295/1588/1609
f 2187/1696/1716 2188/1632/1652 2184/1634/1654
f 2370/1798/1821 2371/3906/3999 2354/1730/1750
f 2495/2182/2213 2479/2212/2244 2478/1790/1813
f 2532/1962/1992 2533/1753/1775 2521/3907/4000
f 2334/1984/2014 2350/1653/1673 2335/1652/1672
f 2429/1890/1916 2432/3908/4001 2431/1891/1917
f 2501/2012/2042 2449/1886/1912 2450/1830/1854
f 2272/2077/2109 2456/1759/1781 2273/1792/1815
f 2550/1999/2029 2557/1998/2028 2544/1932/1960
f 2380/3909/4002 2392/1944/1973 2381/1946/1975
f 2520/3793/3880 2509/1789/1812 2479/2212/2244
f 2224/1821/1845 2226/3910/4003 2222/1927/1955
f 2630/1507/1528 2596/2006/2036 2626/1508/1529
f 2493/1906/1931 2547/3835/3923 2519/1842/1866
f 2348/3792/3879 2346/1920/1947 2315/2004/2034
f 2253/1793/1816 2283/1913/1940 2257/2265/2304
f 2847/1762/1784 2680/1688/1762 2785/1717/1738
f 2352/3911/4004 2357/3912/4005 2356/3913/4006
f 2418/3914/4007 2425/1847/1871 2421/3915/1872
f 2352/3911/4004 2351/3916/4008 2333/3901/3995
f 2382/1678/1698 2393/1579/1600 2398/1578/1599
f 2370/2060/2092 2396/2059/2091 2371/1714/1734
f 2424/1875/1899 2343/1700/1720 2368/1702/1722
f 2385/3917/4009 2386/2128/2159 2363/2127/2158
f 2419/1945/1974 2498/1931/1959 2413/2007/2037
f 2424/1875/1899 2485/1914/1941 2535/1839/1863
f 2556/1837/1861 2528/2000/2030 2536/1991/2021
f 2276/1649/1669 2359/1672/1692 2286/1674/1694
f 2571/1754/1776 2514/1612/1632 2605/1604/1624
f 2353/3918/4010 2364/3919/4011 2357/3912/4005
f 2364/3834/3922 2365/3833/3921 2357/1869/1893
f 2496/2181/2212 2532/1962/1992 2521/3907/4000
f 2330/1867/1891 2309/1902/1927 2328/1901/1926
f 2242/2008/2038 2466/2144/2175 2469/2009/2039
f 2596/2006/2036 2630/1507/1528 2624/1681/1701
f 2543/1953/1982 2567/1575/1596 2565/1948/1977
f 2424/1875/1899 2525/1615/1635 2622/2189/2221
f 2518/3920/4012 2515/3921/4013 2516/3922/4012
f 2639/1751/1773 2660/1635/1655 2638/1637/1657
f 2137/1529/1550 2157/2035/2066 2146/2005/2035
f 2436/1844/1868 2487/1907/1932 2472/1967/1997
f 2204/1541/1562 2167/1540/1561 2180/3923/4014
f 2848/3924/1639 2847/1762/1784 2861/1872/1896
f 2310/3925/4015 2307/1504/1525 2313/3926/4016
f 2347/1598/1619 2376/3869/3962 2374/2062/2094
f 2485/1914/1941 2368/1702/1722 2434/1992/2022
f 2143/3891/3985 2144/3927/4017 2145/1530/1551
f 2369/3871/3964 2367/3928/4018 2386/3870/3963
f 2295/1588/1609 2401/1866/1890 2400/1748/1770
f 2567/1575/1596 2570/3929/4019 2566/1947/1976
f 2587/1771/1794 2614/1666/1686 2607/1668/1688
f 2410/1725/1745 2492/1833/1857 2407/1763/1786
f 2350/1587/1608 2349/3930/4020 2351/3836/3924
f 2350/1587/1608 2351/3836/3924 2329/1586/1607
f 2644/1513/1534 2147/3931/4021 2641/3932/4022
f 2664/1778/1801 2637/1562/1583 2636/1779/1802
f 2709/1739/1759 2705/1738/1758 2696/1659/1679
f 2380/1799/1822 2621/1623/1643 2390/1662/1682
f 2442/1860/1884 2387/2151/2182 2431/1861/1885
f 2415/2051/2083 2416/1993/2023 2417/1916/1943
f 2780/3933/4023 2779/2137/2168 2792/2154/2185
f 2636/1779/1802 2160/1737/1757 2136/3934/4024
f 2675/1744/1766 2687/1554/1575 2669/2109/2141
f 2297/3935/4025 2305/3936/4026 2293/3826/3914
f 2466/2144/2175 2458/1939/1967 2468/1941/1969
f 2433/1881/1904 2417/1916/1943 2416/1993/2023
f 2472/1967/1997 2513/1614/1634 2508/1613/1633
f 2371/1714/1734 2413/2007/2037 2389/1715/1735
f 2139/1911/1938 2638/3937/4027 2646/1957/1986
f 2462/1857/1881 2491/3938/4028 2379/1858/1882
f 3165/3939/4029 2854/1638/1658 2213/1561/1582
f 2701/1935/1963 2713/2225/2257 2698/3940/4030
f 2593/2036/2067 2590/3941/4031 2599/1811/1835
f 2215/1663/1683 2271/2019/2050 2254/1889/1915
f 2256/1729/1749 2244/1728/1748 2240/3942/4032
f 2369/3871/3964 2394/1631/1651 2366/3943/4033
f 2318/1597/1618 2330/1867/1891 2347/1598/1619
f 2401/1866/1890 2317/1706/1726 2378/1864/1888
f 2504/3944/4034 2560/2027/2058 2510/3945/4035
f 2533/1753/1775 2520/3793/3880 2521/3907/4000
f 2345/2064/2096 2339/2107/2139 2340/3946/4036
f 2399/1887/1913 2494/1743/1765 2441/2227/2259
f 2748/2164/2195 2756/3947/4037 2755/3948/4038
f 2616/3949/4039 2609/3950/4040 2617/3951/4041
f 2837/1708/4042 2811/2149/2180 2709/1739/2043
f 2308/3952/4043 2334/1943/1971 2321/1818/1842
f 2329/1586/1607 2351/3836/3924 2328/1901/1926
f 2204/1541/1562 2865/2269/2308 2165/1539/1560
f 2440/1924/1952 2453/2010/2040 2445/1925/1953
f 2363/2127/2158 2383/3953/4044 2385/3917/4009
f 2443/1720/1741 2450/1830/1854 2448/1885/1911
f 2285/3954/4045 2280/3955/4046 2281/3956/4047
f 2411/1823/1847 2420/1661/1681 2412/3957/4048
f 2311/1537/1558 2310/3925/4015 2309/3958/4049
f 2770/2080/2112 2734/3815/3902 2741/3959/4050
f 2459/3960/4051 2460/1940/1968 2458/1939/1967
f 2840/2221/2253 2833/2206/2238 2831/2208/2240
f 2676/3961/4052 2736/3962/4053 2637/1562/1583
f 2600/3963/4054 2602/3964/4055 2613/3965/4056
f 2854/1638/1658 2858/3966/4057 2341/1639/1659
f 2205/2236/2267 2160/1737/1757 2289/1853/1877
f 2560/2027/2058 2504/3944/4034 2546/2028/2059
f 2187/1696/1716 2199/1775/1798 2188/1632/1652
f 2412/1879/1903 2420/3967/4058 2421/3968/1872
f 2478/1790/1813 2531/1644/1664 2405/2226/2258
f 2560/1863/1887 2578/1969/1999 2511/1777/1800
f 2549/1795/1818 2568/1797/1820 2569/2223/2255
f 2146/2005/2035 2153/2205/2237 2142/3969/4059
f 2348/3792/3879 2379/1858/1882 2346/1920/1947
f 2445/2178/2209 2453/3897/3991 2457/1950/1979
f 2249/2273/2312 2868/2272/2311 2262/3819/3907
f 2413/2007/2037 2497/1933/1961 2434/1992/2022
f 2848/3924/1639 2862/1942/1970 2847/1762/1784
f 2217/3840/3928 2223/3970/4060 2222/3971/4061
f 2232/1802/1825 2233/1898/1923 2230/1803/1826
f 2634/3972/4062 2138/1883/1909 2141/3839/3927
f 2493/1906/1931 2502/3973/4063 2587/1771/1794
f 2313/1559/1580 2314/1809/1833 2310/1900/1925
f 2202/2187/2218 2217/3840/3928 2211/3795/3882
f 2274/1621/1641 2275/1620/1640 2256/2074/2106
f 2802/1532/1553 2821/1917/1944 2836/1918/1945
f 2477/1919/1946 2486/3886/3980 2476/3885/3979
f 2320/1589/1610 2400/1748/1770 2270/1669/1689
f 2252/1849/1873 2253/1793/1816 2248/1850/1874
f 2228/1675/1695 2230/1803/1826 2227/1676/1696
f 2374/2062/2094 2376/3869/3962 2373/3868/3961
f 2264/1981/2011 2268/3804/3891 2269/1982/2012
f 2234/3875/3969 2231/1929/1957 2241/1928/1956
f 2771/2047/2078 2778/2138/2169 2769/3974/4064
f 2570/2083/2115 2572/3975/4065 2563/2081/2113
f 2334/1984/2014 2300/1972/2002 2326/1985/2015
f 2622/2189/2221 2525/1615/1635 2526/1617/1637
f 2798/1531/1552 2821/1917/1944 2802/1532/1553
f 2401/1866/1890 2464/1865/1889 2463/1703/1723
f 2219/3796/3883 2221/1591/1612 2218/1593/1614
f 2766/1519/1540 2767/3976/4066 2749/1520/1541
f 2504/3977/4067 2545/3978/4068 2546/3979/4068
f 2436/1844/1868 2421/3980/1872 2423/1845/1869
f 2561/2017/2048 2562/2224/2256 2557/1998/2028
f 2405/2226/2258 2406/1646/1666 2397/1711/1731
f 2628/2145/2176 2615/2056/2088 2616/3981/4069
f 2518/3920/4012 2500/3982/4070 2503/3858/3949
f 2237/1670/1690 2206/1893/1919 2205/3830/3918
f 2672/1910/3959 2723/1689/4071 2847/1762/1784
f 2589/1643/1663 2625/1642/1662 2604/2070/2102
f 2345/2064/2096 2372/2063/2095 2375/3983/4072
f 2759/1563/1584 2816/1815/1839 2842/1656/1676
f 2270/1669/1689 2206/1893/1919 2237/1670/1690
f 2313/1559/1580 2312/1801/1824 2322/1560/1581
f 2256/1729/1749 2275/2011/2041 2277/1648/1668
f 2305/3936/4026 2308/3952/4043 2293/3826/3914
f 2506/2167/2198 2484/1565/1586 2457/1564/1585
f 2715/3984/4073 2719/3985/4074 2716/3986/4075
f 2522/1974/2004 2506/1973/2003 2475/1976/2006
f 2528/2000/2030 2556/1837/1861 2535/1839/1863
f 2508/1613/1633 2496/2181/2212 2472/1967/1997
f 2541/2190/2222 2539/3987/4076 2530/2261/2300
f 2260/2256/2295 2258/3988/4077 2259/3824/3912
f 2284/1647/1667 2285/3989/4078 2277/1648/1668
f 2836/1918/1945 2834/1684/1704 2813/3990/4079
f 2318/3991/4080 2323/1722/1743 2311/1537/1558
f 2194/1757/1779 2218/1593/1614 2216/1834/1858
f 2476/3885/3979 2377/1705/1725 2477/1919/1946
f 2494/1743/1765 2493/1742/1764 2490/2084/2116
f 2324/3843/3931 2336/3900/3994 2350/1653/1673
f 2164/2150/2181 2152/2133/2164 2161/2044/2075
f 2389/1715/1735 2413/2007/2037 2434/1992/2022
f 2545/3978/4068 2576/3992/4081 2546/3979/4068
f 2736/3962/4053 2737/3993/4082 2759/1563/1584
f 2434/1992/2022 2536/1991/2021 2528/2000/2030
f 2442/1860/1884 2393/1630/1650 2387/2151/2182
f 2152/2133/2164 2153/2205/2237 2158/1555/1576
f 2640/1934/1962 2668/3994/4083 2653/3995/4084
f 2140/1516/1537 2134/1912/1939 2133/3890/3984
f 2209/1750/1772 2265/1983/2013 2269/1982/2012
f 2837/1708/4042 2704/1658/1972 2811/2149/2180
f 2524/1990/2020 2530/2261/2300 2529/1988/2018
f 2244/1728/1748 2260/2264/2303 2241/3854/3943
f 2180/3923/4014 2167/1540/1561 2166/2043/2074
f 2801/2196/2228 2782/2214/2246 2805/2197/2229
f 2252/1849/1873 2251/2160/2191 2267/1585/1606
f 2441/2227/2259 2388/3800/3887 2399/1887/1913
f 2576/2021/2052 2583/3855/3944 2582/2022/2053
f 2321/1818/1842 2293/3826/3914 2308/3952/4043
f 2600/3996/2009 2592/3852/3941 2602/2037/2068
f 2813/2234/2265 2834/3997/4085 2832/2213/2245
f 2822/1814/1838 2817/3998/4086 2816/1815/1839
f 2337/3831/3919 2408/1859/1883 2348/3792/3879
f 2745/3837/3925 2688/1745/1767 2746/1718/2081
f 2408/1859/1883 2407/1763/1786 2492/1833/1857
f 2550/1999/2029 2499/1536/1557 2551/1535/1556
f 2490/1856/1880 2493/1906/1931 2488/1841/1865
f 2530/2101/2133 2537/3999/4087 2527/2102/2134
f 2537/3999/4087 2530/2101/2133 2539/4000/4088
f 2541/2190/2222 2555/4001/4089 2539/3987/4076
f 2269/3866/3957 2262/3819/3907 2868/2272/2311
f 2595/4002/4090 2603/4003/4091 2599/1811/1835
f 2737/2104/2136 2761/1958/1987 2759/1960/1989
f 2501/2012/2042 2502/1741/1763 2494/1743/1765
f 2589/1643/1663 2575/1997/2027 2597/4004/4092
f 2817/1994/2024 2822/2209/2241 2831/1995/2025
f 2838/4005/4093 2809/4006/4094 2841/2222/2254
f 2630/4007/4095 2627/4008/4096 2618/4009/4097
f 2183/2014/2045 2187/1696/1716 2176/1690/1710
f 2340/2001/2031 2339/1791/1814 2341/1639/1659
f 2558/1937/1965 2552/4010/4098 2553/4011/4099
f 2519/1842/1866 2514/1612/1632 2513/1614/1634
f 2379/1858/1882 2477/1919/1946 2346/1920/1947
f 2783/2086/2118 2821/2260/2299 2798/4012/4100
f 2490/1856/1880 2488/1841/1865 2487/1907/1932
f 2548/1796/1819 2549/1795/1818 2509/1789/1812
f 2822/2209/2241 2815/2262/2301 2826/2210/2242
f 2375/4013/4101 2441/2227/2259 2447/2085/2117
f 2497/1933/1961 2544/1932/1960 2536/1991/2021
f 2486/1761/1783 2474/1671/1691 2482/1607/1627
f 2422/1794/1817 2425/1624/1644 2621/1623/1643
f 2173/3816/3903 2169/2193/2225 2168/3790/3877
f 2406/1646/1666 2507/1645/1665 2403/1996/2026
f 2271/2019/2050 2215/1663/1683 2463/1703/1723
f 2293/3826/3914 2291/4014/4102 2297/3935/4025
f 2218/1593/1614 2225/1592/1613 2223/1835/1859
f 2470/1534/1555 2561/2017/2048 2551/1535/1556
f 2703/4015/4103 2717/4016/4104 2715/3984/4073
f 2581/1905/1930 2579/1904/1929 2572/3975/4065
f 2858/3966/4057 2859/4017/1809 2341/1639/1659
f 2615/2056/2088 2603/2055/2087 2616/3981/4069
f 2213/1561/1582 2414/1732/1752 2247/1570/1591
f 2187/1908/1933 2206/1893/1919 2214/1807/1831
f 2799/4018/4105 2835/4019/4106 2812/2235/2266
f 2188/1632/1652 2197/1776/1799 2190/1633/1653
f 2596/2006/2036 2623/1683/1703 2605/1604/1624
f 2834/1684/1704 2830/1686/1706 2839/3808/3895
f 2549/1795/1818 2569/2223/2255 2531/1644/1664
f 2283/1572/1593 2298/2073/2105 2282/1854/1878
f 2496/2181/2212 2479/2212/2244 2495/2182/2213
f 2801/2039/2070 2814/1813/1837 2816/1815/1839
f 2590/3941/4031 2591/1812/1836 2599/1811/1835
f 2768/2045/2076 2788/2153/2184 2791/2046/2077
f 2529/2103/2135 2527/2102/2134 2515/3921/4013
f 2262/3819/3907 2268/3867/3958 2297/3935/4025
f 2289/1853/1877 2247/1570/1591 2282/1854/1878
f 2144/3927/4017 2632/2228/2260 2145/1530/1551
f 2768/2045/2076 2783/4020/4107 2788/2153/2184
f 2377/1705/1725 2476/3885/3979 2378/1864/1888
f 2514/1612/1632 2532/1962/1992 2508/1613/1633
f 2511/1777/1800 2583/2024/2055 2611/1831/1855
f 2613/3965/4056 2598/4021/4108 2600/3963/4054
f 2452/2052/2084 2465/1758/1780 2456/1759/1781
f 2603/4003/4091 2595/4002/4090 2601/4022/4109
f 2570/3929/4019 2568/1574/1595 2575/1997/2027
f 2391/1922/1949 2380/3909/4002 2390/1921/1948
f 2248/4023/4110 2257/1571/1592 2247/1570/1591
f 2640/1934/1962 2683/2140/2171 2668/3994/4083
f 2598/2135/2166 2611/4024/4111 2583/3855/3944
f 2601/4022/4109 2616/3949/4039 2603/4003/4091
f 2419/1945/1974 2499/1536/1557 2498/1931/1959
f 2488/1841/1865 2513/1614/1634 2487/1907/1932
f 2620/2053/2085 2579/1904/1929 2604/1903/1928
f 2344/1873/1897 2424/1875/1899 2622/2189/2221
f 2737/2104/2136 2736/1546/1567 2739/1548/1569
f 2817/3998/4086 2821/2260/2299 2816/1815/1839
f 2623/1683/1703 2589/1682/1702 2597/1846/1870
f 2605/1604/1624 2623/1683/1703 2597/1846/1870
f 2552/4010/4098 2554/2111/2143 2553/4011/4099
f 2255/1808/1832 2866/1963/1993 2249/4025/4112
f 2575/1997/2027 2581/2030/2061 2570/3929/4019
f 2136/3934/4024 2159/4026/4113 2135/4027/4114
f 2323/1599/1620 2347/1598/1619 2374/2062/2094
f 2602/3964/4055 2599/2057/2089 2613/3965/4056
f 2610/4028/4115 2617/3951/4041 2609/3950/4040
f 2714/1740/1761 2709/1739/2043 2842/1656/1676
f 2347/1598/1619 2330/1867/1891 2357/1869/1893
f 2610/4028/4115 2619/3893/3987 2618/4029/4116
f 2786/3849/3937 2765/4030/4117 2793/3848/3936
f 2828/4031/4118 2825/2263/2302 2806/2198/2230
f 2834/3997/4085 2839/2207/2239 2832/2213/2245
f 2765/3864/3955 2777/2175/2206 2793/2174/2205
f 2617/4032/4119 2627/4008/4096 2629/2146/2177
f 2191/3829/3917 2175/3861/3952 2198/1878/1902
f 2626/1508/1529 2584/1747/1769 2612/1746/1768
f 2329/1586/1607 2310/1900/1925 2314/1809/1833
f 2139/1911/1938 2646/1957/1986 2635/3817/3905
f 2142/1736/1756 2153/4033/4120 2152/2266/2305
f 2540/2058/2090 2562/2224/2256 2561/2017/2048
f 2297/3935/4025 2255/3820/3908 2262/3819/3907
f 2175/3861/3952 2189/1876/1900 2198/1878/1902
f 2447/2130/2161 2409/2124/2155 2375/3983/4072
f 2701/1935/1963 2698/3940/4030 2683/2140/2171
f 2587/1832/1856 2611/1831/1855 2614/4034/4121
f 2606/2069/2101 2630/4007/4095 2618/4009/4097
f 2403/1996/2026 2470/1534/1555 2404/2192/2224
f 2562/1576/1597 2543/1953/1982 2557/2170/2201
f 2367/2129/2160 2362/4035/4122 2363/2127/2158
f 2771/2047/2078 2748/4036/4123 2770/2080/2112
f 2282/1854/1878 2247/1570/1591 2283/1572/1593
f 2351/3916/4008 2349/3899/3993 2333/3901/3995
f 2359/1622/1642 2274/1621/1641 2271/2019/2050
f 2462/4037/4124 2483/1870/1894 2491/1760/1782
f 2855/1723/1623 3165/3939/4029 2213/1561/1582
f 2547/3835/3923 2587/1771/1794 2585/1606/1626
f 2425/1847/1871 2426/1855/1879 2423/1845/1869
f 2666/1773/1796 2673/2032/2063 2658/2185/2216
f 2627/4038/4125 2630/1507/1528 2629/1509/1530
f 2652/1780/1803 2136/3934/4024 2135/4027/4114
f 2170/2033/2064 2148/1542/1563 2155/1544/1565
f 2138/1883/1909 2652/2091/2123 2154/1884/1910
f 2765/3864/3955 2752/4039/4126 2751/3887/3981
f 2641/3932/4022 2651/1514/1535 2644/1513/1534
f 2648/1955/1984 2656/4040/4127 2647/1956/1985
f 2654/2097/2129 2667/2121/2152 2661/2098/2130
f 2144/3927/4017 2643/2258/2297 2632/2228/2260
f 2319/1584/1605 2622/2189/2221 2287/2257/2296
f 2422/2110/2142 2426/2106/2138 2425/4041/4128
f 2649/2099/2131 2661/2098/2130 2651/1514/1535
f 2638/3937/4027 2648/1955/1984 2646/1957/1986
f 2792/2154/2185 2788/2153/2184 2783/4020/4107
f 2267/1585/1606 2251/2160/2191 2288/1583/1604
f 2653/1510/1531 2642/1512/1533 2643/2258/2297
f 2655/2094/2126 2656/4040/4127 2657/2095/2127
f 2665/1774/1797 2666/1773/1796 2660/1635/1655
f 2385/3917/4009 2384/4042/4129 2387/3902/3996
f 2717/2002/2032 2718/1594/1615 2719/4043/4130
f 2558/1568/1589 2565/1948/1977 2564/2050/2082
f 2690/1965/1995 2685/3811/3898 2689/1966/1996
f 2719/4043/4130 2718/1594/1615 2733/4044/4131
f 2653/3995/4084 2643/2088/2120 2640/1934/1962
f 2806/2198/2230 2827/4045/4132 2828/4031/4118
f 2650/1511/1532 2653/1510/1531 2665/1774/1797
f 2166/2043/2074 2165/1539/1560 2164/2150/2181
f 2638/1637/1657 2631/1528/1549 2639/1751/1773
f 2863/2530/2569 2860/1619/1639 2213/1561/1582
f 2670/2117/2148 2674/3810/3897 2671/3812/3899
f 2745/3837/3945 2735/1804/1827 2688/1745/1829
f 2622/2189/2221 2526/1617/1637 2467/1977/2007
f 2679/2116/2147 2682/2115/2146 2667/2121/2152
f 2708/4046/4103 2702/4047/4133 2707/1964/1994
f 2364/3919/4011 2361/3876/3970 2366/3878/3972
f 2762/2259/2298 2781/3884/3978 2760/1959/1988
f 2673/2118/2149 2674/3810/3897 2659/2096/2128
f 2792/2154/2185 2800/4048/4134 2780/3933/4023
f 2219/1664/1684 2215/1663/1683 2254/1889/1915
f 2759/1563/1584 2700/1698/1718 2847/1762/1784
f 2384/4042/4129 2427/3903/3997 2387/3902/3996
f 2137/1529/1550 2149/2034/2065 2157/2035/2066
f 2725/2162/2193 2724/1596/1617 2713/2188/2220
f 2504/3944/4034 2435/3905/3998 2432/3904/3998
f 2274/1621/1641 2256/2074/2106 2229/1888/1914
f 2537/3999/4087 2555/4049/4135 2538/4050/4135
f 2526/1617/1637 2541/1616/1636 2517/2078/2110
f 2299/3872/3965 2315/2004/2034 2296/3873/3966
f 2517/2191/2223 2524/1990/2020 2523/1989/2019
f 2729/2156/2187 2764/1895/1921 2742/1768/1791
f 2692/1961/4136 2695/1660/1907 2681/1805/1828
f 2261/4051/4137 2281/3956/4047 2258/3988/4077
f 2355/1701/1721 2434/1992/2022 2368/1702/1722
f 2667/2121/2152 2662/2132/2163 2661/2098/2130
f 2471/1915/1942 2495/2182/2213 2417/1916/1943
f 2740/4052/4138 2741/3959/4050 2734/3815/3902
f 2290/1611/1631 2304/2003/2033 2316/1707/1727
f 2305/4053/4139 2301/1971/2001 2308/1970/2000
f 2682/2115/2146 2720/2123/2154 2675/2120/2151
f 2446/2165/2196 2454/1566/1587 2455/4054/4140
f 2477/1919/1946 2491/3938/4028 2486/3886/3980
f 2221/3823/3911 2240/2075/2107 2225/4055/4141
f 2378/1864/1888 2476/3885/3979 2464/1865/1889
f 2599/2057/2089 2615/2056/2088 2613/3965/4056
f 2772/4056/4142 2780/4057/4143 2773/3844/3932
f 2540/2058/2090 2561/2017/2048 2470/1534/1555
f 2707/1964/1994 2686/4058/4144 2690/1965/1995
f 2706/1923/2219 2697/3898/4145 2691/1580/3904
f 2573/2199/2231 2580/1752/1774 2575/2195/2227
f 2733/4059/4146 2732/2142/2173 2731/2159/2190
f 2291/4014/4102 2293/3826/3914 2292/3825/3913
f 2583/3855/3944 2576/2021/2052 2577/4060/4147
f 2178/1712/1732 2156/3802/3889 2154/1884/1910
f 2808/1533/1554 2783/4020/4107 2798/1531/1552
f 2616/3981/4069 2629/2146/2177 2628/2145/2176
f 2374/2062/2094 2340/3946/4036 2323/1599/1620
f 2806/2198/2230 2814/4061/4148 2801/2196/2228
f 2640/1934/1962 2162/1734/1754 2847/1762/1784
f 2296/3873/3966 2315/2004/2034 2304/2003/2033
f 2180/2040/2071 2169/2193/2225 2182/2041/2072
f 2529/1988/2018 2518/4062/4149 2523/1989/2019
f 2221/3823/3911 2254/1889/1915 2229/1888/1914
f 2284/4063/4150 2279/3894/3988 2280/3955/4046
f 2732/2142/2173 2743/2141/2172 2728/2158/2189
f 2726/2161/2192 2718/1594/1615 2724/1596/1617
f 2607/1668/1688 2615/2200/2232 2612/1746/1768
f 2723/1689/4071 2680/1688/1762 2847/1762/1784
f 2719/3985/4074 2727/4064/4151 2716/3986/4075
f 2769/4065/4152 2757/4066/4153 2756/3947/4037
f 2277/1648/1668 2261/1727/1747 2256/1729/1749
f 2391/1922/1949 2395/1709/1729 2397/1711/1731
f 2290/1611/1631 2295/1588/1609 2294/1590/1611
f 2469/3883/3977 2474/1671/1691 2483/1870/1894
f 2360/3797/3884 2459/3960/4051 2358/3798/3885
f 2628/4067/4154 2612/1746/1768 2615/2200/2232
f 2637/1562/1583 2736/3962/4053 2759/1563/1584
f 2770/2080/2112 2748/4036/4123 2747/3814/3901
f 2761/1958/1987 2737/2104/2136 2763/2105/2137
f 2297/3806/3893 2302/4068/4155 2305/4053/4139
f 2545/1525/1546 3147/3889/3983 2577/1526/1547
f 2193/1756/1778 2216/1834/1858 2217/1836/1860
f 2381/1946/1975 2419/1945/1974 2396/2059/2091
f 2244/1728/1748 2241/3854/3943 2240/3942/4032
f 2247/1570/1591 2246/3791/3878 2248/4023/4110
f 2730/2157/2188 2742/1768/1791 2720/2123/2154
f 2864/1755/1777 610/2529/2568 2759/1563/1584
f 2163/2020/2051 2162/1734/1754 2152/2266/2305
f 2676/2148/2179 2687/1554/1575 2721/2100/2132
f 2755/3948/4038 2744/2163/2194 2748/2164/2195
f 2136/3934/4024 2160/1737/1757 2186/2237/2268
f 2695/1660/1907 2688/1745/1829 2681/1805/1828
f 2733/4059/4146 2731/2159/2190 2719/3985/4074
f 2633/1735/1755 2640/1934/1962 2643/2088/2120
f 2766/1519/1540 2768/2087/2119 2767/3976/4066
f 2700/1698/1718 2811/2149/2180 2704/1658/1972
f 2299/3872/3965 2338/3892/3986 2337/3831/3919
f 2666/1773/1796 2689/1545/1566 2673/2032/2063
f 2718/1594/1615 2740/4052/4138 2733/4044/4131
f 2713/2188/2220 2710/1595/1616 2693/1523/1544
f 2799/4018/4105 2789/3846/3934 2800/3845/3933
f 2758/4069/4156 2779/4070/4157 2772/4056/4142
f 2563/2081/2113 2559/1936/1964 2566/2082/2114
f 2835/4019/4106 2836/2233/2264 2812/2235/2266
f 2334/1984/2014 2327/3842/3930 2350/1653/1673
f 2163/2020/2051 2152/2266/2305 2164/4071/4158
f 2164/2150/2181 2165/1539/1560 2163/4072/4159
f 2741/3959/4050 2767/2079/2111 2770/2080/2112
f 2432/3908/4001 2505/4073/4160 2504/3977/4067
f 2767/3976/4066 2741/3822/3910 2749/1520/1541
f 2818/3863/3954 2813/2234/2265 2832/2213/2245
f 2531/1644/1664 2540/2058/2090 2507/1645/1665
f 2812/2235/2266 2804/4074/4161 2803/4075/4162
f 2492/1833/1857 2462/1857/1881 2408/1859/1883
f 2632/2228/2260 2639/1751/1773 2631/1528/1549
f 2404/2192/2224 2392/1944/1973 2403/1996/2026
f 2766/1519/1540 2816/1815/1839 2821/2260/2299
f 2499/1536/1557 2419/1945/1974 2404/2192/2224
f 2340/3946/4036 2374/2062/2094 2345/2064/2096
f 2838/4005/4093 2795/4076/4163 2810/4077/4164
f 2450/1830/1854 2534/1829/1853 2501/2012/2042
f 2823/4078/4165 2840/2221/2253 2824/4079/4166
f 2819/3862/3953 2833/2206/2238 2820/4080/4167
f 2841/2222/2254 2824/4079/4166 2840/2221/2253
f 2833/2206/2238 2823/4078/4165 2820/4080/4167
f 2790/4081/4168 2812/2235/2266 2803/4075/4162
f 2827/2201/2233 2774/2173/2204 2797/2202/2234
f 2236/1951/1980 2469/3883/3977 2483/1870/1894
f 2196/1817/1841 2212/1816/1840 2201/2216/2248
f 2467/1977/2007 2475/1976/2006 2452/2052/2084
f 2189/1876/1900 2195/2025/2056 2200/1877/1901
f 2796/2203/2235 2828/4082/4169 2827/2201/2233
f 2192/3827/3915 2178/1551/1572 2177/3860/3951
f 2731/2159/2190 2728/2158/2189 2727/4064/4151
f 2137/2183/2214 2139/1911/1938 2140/1516/1537
f 2141/1543/1564 2148/1542/1563 2147/3931/4021
f 2455/2232/2262 2451/2218/2250 2438/2230/2262
f 2767/2079/2111 2768/2045/2076 2771/2047/2078
f 2764/1895/1921 2753/4083/4170 2752/4039/4126
f 2159/1827/1851 2186/1826/1850 2185/1894/1920
f 2734/3815/3902 2733/4044/4131 2740/4052/4138
f 2345/2064/2096 2375/3983/4072 2409/2124/2155
f 2472/1967/1997 2496/2181/2212 2471/1915/1942
f 2436/1844/1868 2471/1915/1942 2433/1881/1904
f 2757/4066/4153 2778/4084/4171 2758/4069/4156
f 627/432/4172 3164/2242/2273 611/2241/2272
f 2815/2262/2301 2814/4061/4148 2825/2263/2302
f 2845/2244/2280 614/427/2277 2855/2243/2276
f 625/2998/3112 2849/4085/4172 627/432/4172
f 624/2999/3113 2863/2240/2271 610/3000/3114
f 2856/446/461 2844/2249/2287 612/447/462
f 2858/4086/4173 636/2253/2292 644/2996/4174
f 642/419/2278 3165/2250/2288 2855/2243/2276
f 2844/2249/2287 623/434/455 612/447/462
f 2854/2251/2290 618/418/2289 635/2252/2291
f 2864/4087/4175 625/2998/3112 610/3000/3114
f 2858/4086/4173 2854/2251/2290 636/2253/2292
f 630/431/4176 2862/2246/2282 2848/3012/3128
f 624/2999/3113 637/2238/2269 2863/2240/2271
f 2829/1806/4177 2712/1657/1677 2766/1519/1540
f 641/440/2274 3164/2242/2273 2846/2247/2284
f 2742/1768/1791 2764/1895/1921 2739/1769/1792
f 2480/3859/3950 2451/2218/2250 2484/2220/2252
f 2763/2105/2137 2762/2259/2298 2761/1958/1987
f 2346/1920/1947 2377/1705/1725 2316/1707/1727
f 2372/1679/1699 2388/3800/3887 2375/4013/4101
f 2493/1906/1931 2587/1771/1794 2547/3835/3923
f 2241/1928/1956 2245/4088/4178 2234/3875/3969
f 2759/1563/1584 2801/2039/2070 2816/1815/1839
f 2374/2062/2094 2373/3868/3961 2372/2063/2095
f 2304/1852/1876 2290/4089/4179 2289/1853/1877
f 2289/1610/1630 2294/1590/1611 2205/3830/3918
f 2883/2400/2439 3013/2410/2449 2884/2287/2326
f 2599/1811/1835 2594/1810/1834 2595/4002/4090
f 2865/2269/2308 2204/1541/1562 2867/2268/2307
f 2867/2268/2307 2210/2267/2306 2209/2271/2310
f 2866/2270/2309 2867/2268/2307 2868/2272/2311
f 2868/2272/2311 2209/2271/2310 2269/3866/3957
f 2925/4090/4180 2903/4091/4181 2906/4092/4182
f 2869/2428/2467 2873/4093/4183 2870/4094/4184
f 3037/4095/4185 3036/4096/4186 2876/4097/4187
f 3036/4096/4186 3005/4098/4188 2876/4097/4187
f 2988/4099/4189 3056/2360/2399 2987/2362/2401
f 2988/4099/4189 2987/2362/2401 2989/4100/4190
f 2883/4101/4191 3042/4102/4192 3015/4103/4193
f 2917/4104/4194 2898/2470/2509 2885/2479/2518
f 3011/2286/2325 2885/2296/2335 2884/2287/2326
f 2886/2290/2329 2881/2283/2322 2884/2285/2324
f 3022/4105/4195 3042/4102/4192 2882/2354/2393
f 2901/2403/2442 3047/2450/2489 2900/2320/2359
f 3027/2295/2334 2917/4106/4196 2885/2296/2335
f 2898/2470/2509 3066/2278/2317 2885/2479/2518
f 2980/2423/2462 2996/4107/4197 3000/4108/4198
f 2908/2302/2341 2899/2405/2444 2917/4104/4194
f 3060/2404/2443 3047/4109/4199 2899/2405/2444
f 2939/4110/4200 3040/2445/2484 2940/2444/2483
f 2877/2427/2466 2879/2452/2491 2878/4111/4201
f 2934/2293/2332 2932/2309/2348 3070/2311/2350
f 3030/2326/2365 2945/2436/2475 2955/2327/2366
f 2937/4112/4202 2877/4113/4203 3046/2373/2412
f 2991/4114/4204 3054/4115/4205 2992/4116/4206
f 2934/2293/2332 2940/2292/2331 2932/2309/2348
f 2935/4117/4207 3003/4118/4208 3002/4119/4207
f 3004/4120/4209 3003/4118/4208 3070/4121/4210
f 3028/2434/2473 3010/4122/4211 2949/2435/2474
f 2955/4123/4212 3043/2370/2409 3031/4124/4213
f 3041/2372/2411 2948/2371/2410 2940/2444/2483
f 2947/2322/2361 2955/4125/4214 2945/2323/2362
f 2961/2385/2424 3063/2458/2497 2960/4126/4215
f 2885/2479/2518 2886/2290/2329 2884/2285/2324
f 2964/4127/4216 2925/4090/4180 2906/4092/4182
f 3061/2305/2344 2920/2304/2343 2923/2425/2464
f 3032/2335/2374 2966/2358/2397 2967/2336/2375
f 2968/2333/2372 2967/2419/2458 2966/2381/2420
f 3055/4128/4217 3056/2360/2399 3054/4129/4218
f 3058/2420/2459 2910/2469/2508 3048/2314/2353
f 2971/2473/2512 2972/2463/2502 3058/2465/2504
f 2967/2419/2458 2973/2342/2381 2979/2341/2380
f 2994/4130/4219 2980/2423/2462 3000/4108/4198
f 2975/2365/2404 2977/2329/2368 2976/2331/2370
f 2976/2441/2480 2979/2341/2380 2963/2340/2379
f 2974/2338/2377 2976/2441/2480 2963/2340/2379
f 3034/2343/2382 2967/2336/2375 2979/2344/2383
f 2949/2435/2474 3009/4131/4220 2997/4132/4221
f 3017/4133/4222 3023/2353/2392 2984/2355/2394
f 3023/2353/2392 3021/4134/4223 2882/2354/2393
f 2893/2291/2330 2985/2350/2389 2880/2284/2323
f 3021/4134/4223 3022/4105/4195 2882/2354/2393
f 2974/2366/2405 2923/2425/2464 2924/4135/4224
f 3016/2346/2385 2984/2364/2403 2993/2347/2386
f 3007/4136/4225 3006/4137/4226 2982/4138/4227
f 2982/2376/2415 3000/2369/2408 2997/2368/2407
f 2982/4138/4227 3008/4139/4228 3007/4136/4225
f 3009/4131/4220 3008/4139/4228 2997/4132/4221
f 2996/4107/4197 2999/4140/4229 3000/4108/4198
f 3063/2458/2497 2957/4141/4230 2960/4126/4215
f 2939/4142/4231 3002/4119/4207 3001/4143/4231
f 2986/2394/2433 2983/2349/2388 2893/2291/2330
f 2983/2349/2388 2966/2381/2420 2993/2351/2390
f 3019/2357/2396 2993/2347/2386 2966/2358/2397
f 3066/2278/2317 3065/2277/2316 2885/2479/2518
f 2980/2377/2416 2982/2376/2415 2979/2341/2380
f 2874/2391/2430 2869/2461/2500 2872/2392/2431
f 2898/2470/2509 2895/2409/2448 2911/2315/2354
f 2880/2284/2323 2882/2356/2395 2883/2383/2422
f 2895/2378/2417 2894/4144/4232 2926/2379/2418
f 2970/4145/4233 3059/2406/2445 2969/2408/2447
f 2877/4113/4203 2874/2391/2430 2876/2374/2413
f 2946/4146/4234 2928/4147/4235 2927/2432/2471
f 2944/2431/2470 2946/4146/4234 2927/2432/2471
f 2902/4148/4236 2896/4149/4237 3047/2450/2489
f 2870/4094/4184 2919/2282/2321 2869/2428/2467
f 2979/2344/2383 3006/4137/4226 3035/2345/2384
f 2929/2476/2515 2941/4150/4238 2927/2432/2471
f 2906/2390/2429 2909/2301/2340 2921/2339/2378
f 3065/4151/4239 2887/4152/4240 2890/2447/2486
f 2877/2427/2466 2878/4111/4201 2875/4153/4241
f 2968/4154/4242 2991/4114/4204 2969/2408/2447
f 2965/2466/2505 2964/4127/4216 3064/2467/2506
f 2892/4155/4243 2890/2447/2486 2989/4100/4190
f 3000/4108/4198 2954/2299/2338 2951/2298/2337
f 2997/2368/2407 2951/2460/2499 2949/2387/2426
f 3050/4156/4244 2959/4157/4245 2957/4158/4244
f 2932/2309/2348 2947/2322/2361 2941/2324/2363
f 3051/4159/4246 2962/2386/2425 3052/4160/4247
f 2956/2415/2454 3063/2414/2453 2973/2342/2381
f 2873/4093/4183 2877/2427/2466 2875/4153/4241
f 3057/2440/2479 2986/2394/2433 2987/2393/2432
f 2913/4161/4248 2914/2418/2457 2912/2464/2503
f 2872/4162/4249 3037/4095/4185 2876/4097/4187
f 3046/2373/2412 2877/4113/4203 2876/2374/2413
f 2942/2430/2469 2927/4163/4250 2941/2324/2363
f 2933/4164/4251 3046/2373/2412 2931/2310/2349
f 2956/2415/2454 2967/2419/2458 3048/2314/2353
f 2937/2317/2356 2938/4165/4252 2879/2452/2491
f 2937/2317/2356 2936/2316/2355 2938/4165/4252
f 2953/4166/4253 2944/2431/2470 2943/2433/2472
f 2871/4167/4254 2918/2280/2319 2919/2282/2321
f 3044/2303/2342 2918/4168/4255 2920/2304/2343
f 3048/2314/2353 2967/2419/2458 3058/2420/2459
f 2898/2470/2509 3047/4109/4199 2896/4169/4256
f 2922/2300/2339 3061/4170/4257 2974/2338/2377
f 2951/2298/2337 2998/4171/4258 3000/4108/4198
f 2922/2300/2339 2921/2339/2378 2909/2301/2340
f 2928/4147/4235 2929/2476/2515 2927/2432/2471
f 2991/4114/4204 2990/4172/4259 2969/2408/2447
f 2929/2439/2478 2933/4164/4251 2931/2310/2349
f 2981/2424/2463 2980/2423/2462 3045/4173/4260
f 2908/2302/2341 2919/4174/4261 3044/2402/2441
f 2945/2323/2362 2950/2388/2427 2942/2430/2469
f 3051/2449/2488 3064/2462/2501 2963/2340/2379
f 2917/4106/4196 3025/2308/2347 2908/2307/2346
f 2924/4135/4224 2975/2365/2404 2974/2366/2405
f 2958/2380/2419 2926/2379/2418 2959/4157/4245
f 3039/4175/4262 3038/4176/4263 2872/4162/4249
f 2950/2398/2437 2952/2297/2336 2953/2396/2435
f 2942/2430/2469 2943/2429/2468 2927/4163/4250
f 3051/4159/4246 2973/2459/2498 3053/2384/2423
f 2941/2324/2363 2945/2323/2362 2942/2430/2469
f 2958/2313/2352 3050/2421/2460 3048/2314/2353
f 2908/2307/2346 3039/4175/4262 2872/4162/4249
f 3067/2417/2456 2916/2456/2495 2887/2455/2494
f 2910/2469/2508 2912/2457/2496 2898/2470/2509
f 3064/2462/2501 2964/2453/2492 2921/2339/2378
f 2930/2475/2514 2936/2316/2355 2933/2318/2357
f 2909/2301/2340 3062/2451/2490 3060/2404/2443
f 2887/2455/2494 3065/4177/4264 3067/2417/2456
f 2978/2330/2369 2981/2424/2463 3045/4173/4260
f 2896/4178/4265 2902/4179/4266 2897/4180/4267
f 2886/2290/2329 2890/4181/4268 2892/2289/2328
f 3049/2411/2450 2900/2471/2510 2905/2412/2451
f 2893/2291/2330 2892/2289/2328 2986/2394/2433
f 3070/4121/4210 3005/4098/4188 3004/4120/4209
f 2889/4182/4269 2890/2447/2486 2887/4152/4240
f 2886/2290/2329 3065/2277/2316 2890/4181/4268
f 3030/2326/2365 3029/4183/4270 2945/2436/2475
f 2894/4144/4232 2896/4178/4265 2897/4180/4267
f 3055/4184/4271 3069/2382/2421 3057/2440/2479
f 2989/4100/4190 2891/2446/2485 2988/4099/4189
f 2869/2461/2500 2919/4174/4261 2908/2302/2341
f 2903/4091/4181 2905/2412/2451 2906/4092/4182
f 2990/4172/4259 2970/4145/4233 2969/2408/2447
f 2892/2289/2328 2893/2291/2330 2881/2283/2322
f 2914/2418/2457 3067/2417/2456 2912/2464/2503
f 3055/4185/4272 2991/4114/4204 3069/4186/4273
f 3072/4187/4274 3075/4188/4275 3076/4189/4276
f 3029/4183/4270 3028/2434/2473 2945/2436/2475
f 2972/2463/2502 2913/4161/4248 2912/2464/2503
f 3047/4109/4199 2898/2470/2509 2899/2405/2444
f 2890/2447/2486 2889/4182/4269 2888/2448/2487
f 2908/2302/2341 2909/2301/2340 3060/2404/2443
f 2922/2300/2339 3044/2402/2441 3061/4170/4257
f 3098/2500/2539 3084/4190/4277 3083/2493/2532
f 3088/4191/4278 3076/4189/4276 3075/4188/4275
f 3105/4192/4279 3083/2493/2532 3084/4190/4277
f 3083/2493/2532 3078/2482/2521 3081/2481/2520
f 3082/2492/2531 3073/4193/4280 3079/4194/4281
f 3082/2492/2531 3079/4194/4281 3078/2482/2521
f 3109/4195/4282 3108/2495/2534 3085/2491/2530
f 3107/4196/4283 3083/2493/2532 3105/4192/4279
f 3092/2484/2523 3089/4197/4284 3074/2486/2525
f 3079/4194/4281 3071/4198/4285 3080/4199/4286
f 3087/2485/2524 3111/4200/4287 3093/2483/2522
f 3086/2487/2526 3074/2486/2525 3073/4193/4280
f 3077/4201/4288 3094/2480/2519 3078/2482/2521
f 3074/2486/2525 3090/4202/4289 3075/4188/4275
f 3094/2480/2519 3096/2489/2528 3097/2488/2527
f 3099/4203/4290 3105/4192/4279 3084/4190/4277
f 3078/2482/2521 3080/4199/4286 3077/4201/4288
f 3100/2490/2529 3102/2498/2537 3097/2488/2527
f 3103/4204/4291 3114/4205/4292 3099/4203/4290
f 3115/4206/4293 3116/4207/4294 3103/4204/4291
f 3107/4196/4283 3085/2491/2530 3083/2493/2532
f 3085/2491/2530 3086/2487/2526 3082/2492/2531
f 3108/2495/2534 3087/2485/2524 3085/2491/2530
f 3087/2485/2524 3092/2484/2523 3086/2487/2526
f 3099/4203/4290 3106/4208/4295 3105/4192/4279
f 3073/4193/4280 3075/4188/4275 3071/4198/4285
f 3083/2493/2532 3094/2480/2519 3098/2500/2539
f 3099/4203/4290 3104/2501/2540 3103/4204/4291
f 3103/4204/4291 3124/4209/4296 3115/4206/4293
f 3097/2488/2527 3102/2498/2537 3104/2501/2540
f 3101/4210/4297 3119/2499/2538 3102/2498/2537
f 3112/2494/2533 3111/4200/4287 3108/2495/2534
f 3104/2501/2540 3122/2507/2546 3103/4204/4291
f 3117/2497/2536 3104/2501/2540 3102/2498/2537
f 3090/4202/4289 3088/4191/4278 3075/4188/4275
f 3122/2507/2546 3125/4211/4298 3124/4209/4296
f 3133/4212/4299 3132/4213/4300 3122/2507/2546
f 3118/2504/2543 3117/2497/2536 3119/2499/2538
f 3126/2502/2541 3131/2508/2547 3123/2503/2542
f 3127/2510/2549 3129/2511/2550 3119/2499/2538
f 3119/2499/2538 3126/2502/2541 3118/2504/2543
f 3123/2503/2542 3130/2509/2548 3122/2507/2546
f 3130/2509/2548 3133/4212/4299 3122/2507/2546
f 3122/2507/2546 3132/4213/4300 3125/4211/4298
f 686/4214/1623 688/4215/1623 689/4216/1623
f 2446/4217/4301 2439/1926/1954 2444/3807/3894
f 3141/4218/4302 3142/4219/4303 3140/4220/4304
f 3139/4221/4305 3148/2514/2553 3138/4222/4306
f 3142/4219/4303 3139/4221/4305 3140/4220/4304
f 3137/4223/4307 3152/2276/2315 3136/4224/4308
f 3148/2514/2553 3137/4223/4307 3138/4222/4306
f 3142/4219/4303 3149/2515/2554 3148/2514/2553
f 3152/2276/2315 3135/2275/2314 3136/4224/4308
f 2590/2521/2560 3143/2517/2556 3142/4219/4303
f 3148/2514/2553 3153/2512/2551 3152/2276/2315
f 3144/2518/2557 2592/2527/2566 3145/2523/2562
f 3155/2516/2555 2545/2524/2563 2505/2274/2313
f 2590/2521/2560 3144/2518/2557 3143/2517/2556
f 3151/2519/2558 3150/2513/2552 3149/2515/2554
f 3151/2519/2558 3153/2512/2551 3150/2513/2552
f 3144/2518/2557 3146/2522/2561 3149/2515/2554
f 3146/2522/2561 3154/2525/2564 3151/2519/2558
f 2545/2524/2563 3155/2516/2555 3151/2519/2558
f 3145/2523/2562 3154/2525/2564 3146/2522/2561
f 2586/2526/2565 3147/2528/2567 3145/2523/2562
f 3147/2528/2567 2545/2524/2563 3154/2525/2564
f 3156/4225/4309 3161/4226/4310 3157/4227/4309
f 3157/4227/4309 3159/4228/4311 3156/4225/4309
f 3160/4229/4312 3163/4230/4313 3161/4226/4310
f 644/2996/4174 2859/442/457 2858/4086/4173
f 2846/1786/1809 2759/1563/1584 2862/1942/1970
f 2859/4017/1809 2857/3841/3929 2341/1639/1659
f 3174/2568/2605 3167/2535/2574 3196/2537/2576
f 3185/4231/4314 3166/2533/2572 3184/2541/2580
f 3181/2550/2589 3169/2540/2579 3180/2539/2578
f 3182/2554/2593 3194/2553/2592 3184/4232/4315
f 3184/2541/2580 3166/2533/2572 3183/2542/2581
f 3166/2533/2572 3285/2594/2628 3183/2542/2581
f 3186/2544/2583 3170/2531/2570 3185/4231/4314
f 3189/4233/4316 3171/2532/2571 3188/2546/2585
f 3199/4234/4317 3197/2557/2596 3198/2579/2616
f 3202/2565/2602 3207/2584/2620 3179/4235/4318
f 3179/2538/2577 3203/2551/2590 3180/2539/2578
f 3193/2552/2591 3204/2572/2609 3194/2553/2592
f 3194/2553/2592 3195/4236/4319 3185/4237/4320
f 3185/4237/4320 3184/4232/4315 3194/2553/2592
f 3186/2569/2606 3196/2537/2576 3187/2556/2595
f 3196/2537/2576 3172/2536/2575 3187/2556/2595
f 3200/2558/2597 3189/4233/4316 3188/2546/2585
f 3200/2558/2597 3199/4234/4317 3201/4238/4321
f 3174/2568/2605 3205/2571/2608 3173/2586/2622
f 3207/2600/2634 3208/2567/2604 3179/2538/2577
f 3204/2572/2609 3205/2571/2608 3195/4236/4319
f 3195/4236/4319 3194/2553/2592 3204/2572/2609
f 3195/4236/4319 3186/2569/2606 3185/4237/4320
f 3193/2552/2591 3289/2604/2638 3209/2605/2639
f 3172/2536/2575 3206/2573/2610 3198/2575/2612
f 3198/2575/2612 3197/2555/2594 3172/2536/2575
f 3239/2590/1623 3190/4239/4322 3212/2559/2598
f 3229/2597/2631 3218/2563/2600 3215/2562/2599
f 3204/2572/2609 3209/2605/2639 3219/2570/2607
f 3199/4234/4317 3211/2613/2647 3201/4238/4321
f 3198/2579/2616 3210/2578/2615 3199/4234/4317
f 3177/2629/2662 3285/2594/2628 3286/4240/4323
f 3239/2581/2617 3215/2562/2599 3192/2549/2588
f 3207/2600/2634 3223/2599/2633 3208/2567/2604
f 3205/2571/2608 3220/2585/2621 3213/2587/2623
f 3172/2536/2575 3214/2588/2624 3206/2573/2610
f 3272/4241/4324 3249/4242/4325 3257/2640/2673
f 3167/2535/2574 3216/2589/2625 3214/2588/2624
f 3233/2574/2611 3206/2573/2610 3214/2588/2624
f 3214/2588/2624 3232/2609/2643 3233/2574/2611
f 3210/2578/2615 3236/2611/2645 3211/2613/2647
f 3218/2564/2601 3229/2615/2649 3221/2583/2619
f 3222/2617/2651 3207/2584/2620 3221/2583/2619
f 3289/2604/2638 3224/2603/2637 3209/2605/2639
f 3224/2603/2637 3231/2606/2640 3219/2570/2607
f 3220/2585/2621 3225/2607/2641 3213/2587/2623
f 3225/2607/2641 3220/2585/2621 3226/4243/4326
f 3216/2589/2625 3241/2608/2642 3214/2588/2624
f 3234/2610/2644 3235/4244/4327 3217/2576/2613
f 3236/2611/2645 3210/2578/2615 3235/2592/2626
f 3227/2614/2648 3215/2562/2599 3239/2581/2617
f 3229/2615/2649 3222/2617/2651 3221/2583/2619
f 3231/2606/2640 3226/4243/4326 3220/2585/2621
f 3244/2636/2669 3225/2607/2641 3226/4243/4326
f 3191/2593/2627 3286/4240/4323 3285/2594/2628
f 3237/2591/1639 3256/4245/4328 3239/2590/1623
f 3222/2601/2635 3230/4246/4329 3223/2599/2633
f 3240/2619/2653 3216/2589/2625 3225/2607/2641
f 3234/2621/2655 3242/4247/4330 3238/2618/2652
f 3234/2621/2655 3236/2611/2645 3235/2592/2626
f 3238/2618/2652 3242/4247/4330 3243/2624/2658
f 3239/2581/2617 3256/2678/2711 3227/2614/2648
f 3249/4242/4325 3228/2598/2632 3227/2614/2648
f 3231/2606/2640 3251/2622/2656 3244/2636/2669
f 3244/2636/2669 3226/4243/4326 3231/2606/2640
f 3243/2624/2658 3248/4248/4331 3238/2618/2652
f 3243/2624/2658 3242/4247/4330 3246/2625/2659
f 3250/2602/2636 3230/4246/4329 3288/4249/4332
f 3245/4250/4333 3253/2623/2657 3225/2607/2641
f 3251/2622/2656 3224/2603/2637 3250/2602/2636
f 3260/2635/2668 3252/2638/2671 3245/4250/4333
f 3253/2623/2657 3232/2609/2643 3241/2608/2642
f 3246/2631/2664 3242/2620/2654 3232/2609/2643
f 3247/2626/2660 3246/2625/2659 3255/4251/4334
f 3257/2640/2673 3227/2614/2648 3256/2678/2711
f 3257/2640/2673 3249/4242/4325 3227/2614/2648
f 3288/4249/4332 3266/2680/2713 3250/2602/2636
f 3251/2622/2656 3267/2634/2667 3258/2651/2684
f 3251/2622/2656 3258/2651/2684 3259/2637/2670
f 3259/2637/2670 3244/2636/2669 3251/2622/2656
f 3260/2635/2668 3245/4250/4333 3244/2636/2669
f 3254/2630/2663 3255/4252/4335 3246/2631/2664
f 3252/2638/2671 3262/4253/4336 3254/2630/2663
f 3261/2644/2677 3255/4252/4335 3262/4253/4336
f 3263/2648/2681 3248/4248/4331 3247/2626/2660
f 3263/2648/2681 3247/2626/2660 3255/4251/4334
f 3263/2648/2681 3270/2647/2680 3264/4254/4337
f 3269/2650/2683 3267/2634/2667 3275/4255/4338
f 3264/2639/2672 3265/2659/2692 3257/2640/2673
f 3265/2659/2692 3278/2658/2691 3272/4241/4324
f 3259/2637/2670 3258/2651/2684 3168/2643/2676
f 3260/2635/2668 3168/2643/2676 3261/2644/2677
f 3261/2644/2677 3262/4253/4336 3260/2635/2668
f 3268/2649/2682 3269/2652/2685 3270/2647/2680
f 3271/2656/2689 3264/4254/4337 3270/2647/2680
f 3271/4256/4339 3265/2659/2692 3264/2639/2672
f 3272/4241/4324 3257/2640/2673 3265/2659/2692
f 3192/2549/2588 3218/2563/2600 3178/2547/2586
f 3288/2632/2665 3249/2633/2666 3272/2660/2693
f 3272/2660/2693 3273/2665/2698 3288/2632/2665
f 3273/2665/2698 3266/2664/2697 3288/2632/2665
f 3279/2675/2708 3274/2642/2675 3266/2680/2713
f 3277/2655/2688 3276/2654/2687 3176/2669/2702
f 3276/2654/2687 3270/2647/2680 3269/2652/2685
f 3166/2533/2572 3190/4257/4340 3191/2593/2627
f 3277/2657/2690 3265/2659/2692 3271/4256/4339
f 3278/2658/2691 3277/2657/2690 3176/4258/4341
f 3176/2662/2695 3279/2663/2696 3273/2665/2698
f 3279/2663/2696 3176/2662/2695 3175/4259/4342
f 3267/2634/2667 3280/2666/2699 3275/4255/4338
f 3274/2642/2675 3281/4260/4343 3280/2666/2699
f 3280/2667/2700 3281/4261/4344 3175/2668/2701
f 3280/2667/2700 3276/2654/2687 3275/2653/2686
f 3283/2671/2704 3282/2673/2706 3175/2668/2701
f 3290/2670/2703 3284/2672/2705 3283/2671/2704
f 3175/4259/4342 3282/4262/4345 3279/2663/2696
f 3282/4262/4345 3284/4263/4346 3279/2663/2696
f 3290/2670/2703 3175/2668/2701 3281/4261/4344
f 3191/4264/4347 3192/2549/2588 3286/2548/2587
f 3203/2551/2590 3182/2554/2593 3181/2550/2589
f 3177/4265/4348 3179/4235/4318 3169/4266/4349
f 3256/4245/4328 3237/2591/1639 3248/2627/419
f 3183/2542/2581 3169/2596/2630 3181/2681/2714
f 3249/2633/2666 3230/2616/2650 3228/2679/2712
f 3202/2565/2602 3179/4235/4318 3178/2566/2603
f 3178/2566/2603 3179/4235/4318 3177/4265/4348
f 3279/2675/2708 3290/2674/2707 3281/4260/4343
f 3274/2642/2675 3279/2675/2708 3281/4260/4343
f 3287/2595/2629 3183/2542/2581 3177/2629/2662
f 3223/2599/2633 3250/2602/2636 3289/2604/2638
f 3594/4216/4350 3592/4267/4350 3593/4215/4350
f 384/238/263 383/2861/2955 385/247/266
f 420/2879/4351 392/235/235 404/2869/2964
f 391/2862/2956 392/235/235 420/2879/4351
f 402/2901/3006 417/4268/2993 397/228/2992
f 392/235/235 447/253/2957 437/272/4352
f 398/2866/3000 428/2888/2989 451/2896/3001
f 3601/4269/258 401/233/239 413/232/258
f 3622/4270/4353 3807/4271/4354 3785/4272/4355
f 3669/4273/4356 3612/4274/4357 3614/4275/4358
f 3629/4276/4359 3674/4277/4360 3627/4278/4361
f 3692/4279/4362 3702/4280/4363 3730/4281/4364
f 3695/4282/4365 3735/4283/4366 3694/4284/4367
f 3666/4285/4368 3665/4286/4369 3611/4287/4370
f 3666/4285/4368 3669/4273/4356 3667/4288/4371
f 3777/4289/4372 3704/4290/4373 3693/4291/4374
f 3762/4292/4375 3761/4293/4376 3760/4294/4377
f 3756/4295/4378 3805/4296/4379 3620/4297/4380
f 3700/4298/4381 3618/4299/4382 3796/4300/4383
f 3664/4301/4384 3699/4302/4385 3703/4303/4386
f 3686/4304/4387 3638/4305/4388 3687/4306/4389
f 3689/4307/4390 3688/4308/4391 3686/4304/4387
f 3725/4309/4392 3684/4310/4393 3724/4311/4394
f 3705/4312/4395 3704/4290/4373 3665/4286/4369
f 3706/4313/4396 3667/4288/4371 3707/4314/4397
f 3706/4313/4396 3707/4314/4397 3696/4315/4398
f 3711/4316/4399 3687/4306/4389 3639/4317/4400
f 3682/4318/4401 3681/4319/4402 3683/4320/4403
f 3680/4321/4404 3679/4322/4405 3634/4323/4406
f 3697/4324/4407 3696/4315/4398 3709/4325/4408
f 3735/4283/4366 3734/4326/4409 3693/4291/4374
f 3799/4327/4410 3798/4328/4411 3619/4329/4412
f 3729/4330/4413 3697/4324/4407 3724/4311/4394
f 3729/4330/4413 3688/4308/4391 3712/4331/4414
f 3731/4332/4415 3730/4281/4364 3690/4333/4416
f 3702/4280/4363 3664/4301/4384 3690/4333/4416
f 3664/4301/4384 3703/4303/4386 3691/4334/4417
f 3733/4335/4418 3800/4336/4419 3799/4327/4410
f 3754/4337/4420 3727/4338/4421 3648/4339/4422
f 3804/4340/4423 3803/4341/4424 3620/4297/4380
f 3773/4342/4425 3769/4343/4426 3771/4344/4427
f 3776/4345/4428 3693/4291/4374 3734/4326/4409
f 3732/4346/4429 3731/4332/4415 3691/4334/4417
f 3667/4288/4371 3670/4347/4430 3672/4348/4431
f 3717/4349/4432 3757/4350/4433 3715/4351/4434
f 3694/4284/4367 3693/4291/4374 3704/4290/4373
f 3785/4272/4355 3742/4352/4435 3622/4270/4353
f 3642/4353/4436 3814/4354/4437 3643/4355/4438
f 3783/4356/4439 3774/4357/4440 3773/4342/4425
f 3714/4358/4441 3643/4355/4438 3716/4359/4442
f 3620/4297/4380 3740/4360/4443 3755/4361/4444
f 3643/4355/4438 3644/4362/4445 3645/4363/4446
f 3688/4308/4391 3724/4311/4394 3684/4310/4393
f 3687/4306/4389 3816/4364/4447 3639/4317/4400
f 3691/4334/4417 3777/4289/4372 3776/4345/4428
f 3770/4365/4448 3734/4326/4409 3767/4366/4449
f 3756/4295/4378 3620/4297/4380 3775/4367/4450
f 3661/4368/4451 3793/4369/4452 3662/4370/4453
f 3731/4332/4415 3619/4329/4412 3730/4281/4364
f 3618/4299/4382 3700/4298/4381 3692/4279/4362
f 3609/4371/4454 3606/4372/4455 3662/4370/4453
f 3792/4373/4456 3791/4374/4457 3615/4375/4458
f 3817/4376/4459 3625/4377/4460 3819/4378/4461
f 3616/4379/4462 3609/4371/4454 3662/4370/4453
f 3700/4298/4381 3701/4380/4463 3702/4280/4363
f 3733/4335/4418 3799/4327/4410 3619/4329/4412
f 3789/4381/4464 3788/4382/4465 3787/4383/4466
f 3713/4384/4467 3711/4316/4399 3642/4353/4436
f 3666/4285/4368 3611/4287/4370 3610/4385/4468
f 3607/4386/4469 3608/4387/4470 3699/4302/4385
f 3716/4359/4442 3645/4363/4446 3720/4388/4471
f 3642/4353/4436 3640/4389/4472 3641/4390/4473
f 3605/4391/4474 3660/4392/4475 3604/4393/4476
f 3749/4394/4477 3748/4395/4478 3821/4396/4479
f 3685/4397/4480 3634/4323/4406 3635/4398/4481
f 3669/4273/4356 3613/4399/4482 3612/4274/4357
f 3745/4400/4483 3742/4352/4435 3746/4401/4484
f 3780/4402/4485 3756/4295/4378 3781/4403/4486
f 3774/4357/4440 3770/4365/4448 3769/4343/4426
f 3743/4404/4487 3656/4405/4488 3655/4406/4489
f 3737/4407/4490 3729/4330/4413 3738/4408/4491
f 3711/4316/4399 3639/4317/4400 3642/4353/4436
f 3765/4409/4492 3764/4410/4493 3763/4411/4494
f 3764/4410/4493 3783/4356/4439 3762/4292/4375
f 3668/4412/4495 3672/4348/4431 3710/4413/4496
f 3745/4400/4483 3658/4414/4497 3657/4415/4498
f 3718/4416/4499 3758/4417/4500 3717/4349/4432
f 3805/4296/4379 3804/4340/4423 3620/4297/4380
f 3755/4361/4444 3733/4335/4418 3766/4418/4501
f 3766/4418/4501 3733/4335/4418 3731/4332/4415
f 3671/4419/4502 3819/4378/4461 3673/4420/4503
f 3754/4337/4420 3648/4339/4422 3647/4421/4504
f 3727/4338/4421 3812/4422/4505 3811/4423/4506
f 3686/4304/4387 3684/4310/4393 3683/4320/4403
f 3771/4344/4427 3769/4343/4426 3768/4424/4507
f 3738/4408/4491 3712/4331/4414 3715/4351/4434
f 3695/4282/4365 3696/4315/4398 3698/4425/4508
f 3767/4366/4449 3734/4326/4409 3735/4283/4366
f 3782/4426/4509 3750/4427/4510 3749/4394/4477
f 3753/4428/4511 3752/4429/4512 3765/4409/4492
f 3685/4397/4480 3635/4398/4481 3636/4430/4513
f 3669/4273/4356 3610/4385/4468 3613/4399/4482
f 3676/4431/4514 3675/4432/4515 3677/4433/4516
f 3682/4318/4401 3725/4309/4392 3710/4413/4496
f 3698/4425/4508 3697/4324/4407 3737/4407/4490
f 3674/4277/4360 3673/4420/4503 3628/4434/4517
f 3740/4360/4443 3800/4336/4419 3733/4335/4418
f 3686/4304/4387 3683/4320/4403 3685/4397/4480
f 3632/4435/4518 3630/4436/4519 3631/4437/4520
f 3740/4360/4443 3801/4438/4521 3800/4336/4419
f 3751/4439/4522 3650/4440/4523 3752/4429/4512
f 3706/4313/4396 3694/4284/4367 3705/4312/4395
f 3774/4357/4440 3775/4367/4450 3770/4365/4448
f 3727/4338/4421 3753/4428/4511 3728/4441/4524
f 3626/4442/4525 3627/4278/4361 3628/4434/4517
f 3677/4433/4516 3630/4436/4519 3632/4435/4518
f 3675/4432/4515 3674/4277/4360 3629/4276/4359
f 3786/4443/4526 3749/4394/4477 3747/4444/4527
f 3679/4322/4405 3632/4435/4518 3631/4437/4520
f 3757/4350/4433 3739/4445/4528 3738/4408/4491
f 3672/4348/4431 3675/4432/4515 3676/4431/4514
f 3752/4429/4512 3748/4395/4478 3750/4427/4510
f 3726/4446/4529 3723/4447/4530 3722/4448/4531
f 3772/4449/4532 3766/4418/4501 3732/4346/4429
f 3728/4441/4524 3763/4411/4494 3726/4446/4529
f 3782/4426/4509 3781/4403/4486 3783/4356/4439
f 3707/4314/4397 3668/4412/4495 3708/4450/4533
f 3650/4440/4523 3754/4337/4420 3649/4451/4534
f 3756/4295/4378 3621/4452/4535 3805/4296/4379
f 3682/4318/4401 3684/4310/4393 3725/4309/4392
f 3793/4369/4452 3616/4379/4462 3662/4370/4453
f 3717/4349/4432 3758/4417/4500 3757/4350/4433
f 3736/4453/4536 3767/4366/4449 3735/4283/4366
f 3704/4290/4373 3778/4454/4537 3665/4286/4369
f 3675/4432/4515 3673/4420/4503 3674/4277/4360
f 3673/4420/4503 3672/4348/4431 3670/4347/4430
f 3699/4302/4385 3701/4380/4463 3607/4386/4469
f 3776/4345/4428 3777/4289/4372 3693/4291/4374
f 3700/4298/4381 3661/4368/4451 3701/4380/4463
f 3730/4281/4364 3702/4280/4363 3690/4333/4416
f 3668/4412/4495 3667/4288/4371 3672/4348/4431
f 3702/4280/4363 3701/4380/4463 3664/4301/4384
f 3705/4312/4395 3694/4284/4367 3704/4290/4373
f 3652/4455/4538 3748/4395/4478 3651/4456/4539
f 3678/4457/4540 3682/4318/4401 3710/4413/4496
f 3746/4401/4484 3654/4458/4541 3659/4459/4542
f 3714/4358/4441 3642/4353/4436 3643/4355/4438
f 3787/4383/4466 3818/4460/4543 3603/4461/4544
f 3660/4392/4475 3617/4462/4545 3615/4375/4458
f 3699/4302/4385 3608/4387/4470 3663/4463/4546
f 3779/4464/4547 3665/4286/4369 3778/4454/4537
f 3778/4454/4537 3703/4303/4386 3699/4302/4385
f 3760/4294/4377 3721/4465/4548 3762/4292/4375
f 3731/4332/4415 3733/4335/4418 3619/4329/4412
f 3666/4285/4368 3706/4313/4396 3705/4312/4395
f 3701/4380/4463 3661/4368/4451 3662/4370/4453
f 3757/4350/4433 3759/4466/4549 3739/4445/4528
f 3692/4279/4362 3700/4298/4381 3702/4280/4363
f 3667/4288/4371 3669/4273/4356 3670/4347/4430
f 3629/4276/4359 3677/4433/4516 3675/4432/4515
f 3671/4419/4502 3670/4347/4430 3669/4273/4356
f 3615/4375/4458 3790/4467/4550 3789/4381/4464
f 3639/4317/4400 3816/4364/4447 3815/4468/4551
f 3726/4446/4529 3763/4411/4494 3723/4447/4530
f 3786/4443/4526 3780/4402/4485 3749/4394/4477
f 3709/4325/4408 3707/4314/4397 3708/4450/4533
f 3691/4334/4417 3731/4332/4415 3690/4333/4416
f 3797/4469/4552 3618/4299/4382 3692/4279/4362
f 3694/4284/4367 3735/4283/4366 3693/4291/4374
f 3770/4365/4448 3775/4367/4450 3772/4449/4532
f 3691/4334/4417 3703/4303/4386 3777/4289/4372
f 3776/4345/4428 3732/4346/4429 3691/4334/4417
f 3796/4300/4383 3661/4368/4451 3700/4298/4381
f 3744/4470/4553 3784/4471/4554 3747/4444/4527
f 3690/4333/4416 3664/4301/4384 3691/4334/4417
f 3669/4273/4356 3666/4285/4368 3610/4385/4468
f 3688/4308/4391 3729/4330/4413 3724/4311/4394
f 3753/4428/4511 3754/4337/4420 3751/4439/4522
f 3779/4464/4547 3699/4302/4385 3663/4463/4546
f 3753/4428/4511 3751/4439/4522 3752/4429/4512
f 3711/4316/4399 3713/4384/4467 3712/4331/4414
f 3718/4416/4499 3760/4294/4377 3758/4417/4500
f 3662/4370/4453 3606/4372/4455 3607/4386/4469
f 3614/4275/4358 3624/4472/4555 3671/4419/4502
f 3677/4433/4516 3678/4457/4540 3676/4431/4514
f 3695/4282/4365 3706/4313/4396 3696/4315/4398
f 3661/4368/4451 3795/4473/4556 3794/4474/4557
f 3749/4394/4477 3750/4427/4510 3748/4395/4478
f 3666/4285/4368 3705/4312/4395 3665/4286/4369
f 3797/4469/4552 3619/4329/4412 3798/4328/4411
f 3661/4368/4451 3794/4474/4557 3793/4369/4452
f 3698/4425/4508 3768/4424/4507 3736/4453/4536
f 3706/4313/4396 3695/4282/4365 3694/4284/4367
f 3627/4278/4361 3674/4277/4360 3628/4434/4517
f 3711/4316/4399 3689/4307/4390 3687/4306/4389
f 3810/4475/4558 3649/4451/4534 3646/4476/4559
f 3713/4384/4467 3715/4351/4434 3712/4331/4414
f 3745/4400/4483 3743/4404/4487 3742/4352/4435
f 3813/4477/4560 3720/4388/4471 3645/4363/4446
f 3706/4313/4396 3666/4285/4368 3667/4288/4371
f 3621/4452/4535 3806/4478/4561 3805/4296/4379
f 3719/4479/4562 3722/4448/4531 3721/4465/4548
f 3747/4444/4527 3746/4401/4484 3744/4470/4553
f 3695/4282/4365 3736/4453/4536 3735/4283/4366
f 3734/4326/4409 3732/4346/4429 3776/4345/4428
f 3716/4359/4442 3718/4416/4499 3717/4349/4432
f 3782/4426/4509 3780/4402/4485 3781/4403/4486
f 3634/4323/4406 3631/4437/4520 3633/4480/4563
f 3603/4461/4544 3789/4381/4464 3787/4383/4466
f 3746/4401/4484 3742/4352/4435 3744/4470/4553
f 3764/4410/4493 3782/4426/4509 3783/4356/4439
f 3715/4351/4434 3757/4350/4433 3738/4408/4491
f 3680/4321/4404 3683/4320/4403 3681/4319/4402
f 3786/4443/4526 3756/4295/4378 3780/4402/4485
f 3621/4452/4535 3756/4295/4378 3741/4481/4564
f 3645/4363/4446 3644/4362/4445 3813/4477/4560
f 3759/4466/4549 3760/4294/4377 3761/4293/4376
f 3771/4344/4427 3761/4293/4376 3773/4342/4425
f 3716/4359/4442 3643/4355/4438 3645/4363/4446
f 3634/4323/4406 3679/4322/4405 3631/4437/4520
f 3720/4388/4471 3719/4479/4562 3718/4416/4499
f 3775/4367/4450 3781/4403/4486 3756/4295/4378
f 3739/4445/4528 3771/4344/4427 3768/4424/4507
f 3780/4402/4485 3782/4426/4509 3749/4394/4477
f 3768/4424/4507 3769/4343/4426 3736/4453/4536
f 3747/4444/4527 3749/4394/4477 3821/4396/4479
f 3734/4326/4409 3772/4449/4532 3732/4346/4429
f 3765/4409/4492 3752/4429/4512 3750/4427/4510
f 3722/4448/4531 3723/4447/4530 3721/4465/4548
f 3686/4304/4387 3636/4430/4513 3637/4482/4565
f 3768/4424/4507 3737/4407/4490 3739/4445/4528
f 3679/4322/4405 3681/4319/4402 3678/4457/4540
f 3655/4406/4489 3820/4483/4566 3623/4484/4567
f 3671/4419/4502 3669/4273/4356 3614/4275/4358
f 3785/4272/4355 3807/4271/4354 3806/4478/4561
f 3692/4279/4362 3619/4329/4412 3797/4469/4552
f 3727/4338/4421 3754/4337/4420 3753/4428/4511
f 3739/4445/4528 3737/4407/4490 3738/4408/4491
f 3687/4306/4389 3638/4305/4388 3816/4364/4447
f 3741/4481/4564 3785/4272/4355 3621/4452/4535
f 3748/4395/4478 3650/4440/4523 3651/4456/4539
f 3658/4414/4497 3746/4401/4484 3659/4459/4542
f 3715/4351/4434 3716/4359/4442 3717/4349/4432
f 3722/4448/4531 3813/4477/4560 3812/4422/4505
f 3785/4272/4355 3784/4471/4554 3742/4352/4435
f 3685/4397/4480 3680/4321/4404 3634/4323/4406
f 3650/4440/4523 3751/4439/4522 3754/4337/4420
f 3738/4408/4491 3729/4330/4413 3712/4331/4414
f 3783/4356/4439 3781/4403/4486 3774/4357/4440
f 3642/4353/4436 3639/4317/4400 3640/4389/4472
f 3689/4307/4390 3712/4331/4414 3688/4308/4391
f 3654/4458/4541 3821/4396/4479 3653/4485/4568
f 3728/4441/4524 3765/4409/4492 3763/4411/4494
f 3656/4405/4488 3745/4400/4483 3657/4415/4498
f 3819/4378/4461 3626/4442/4525 3628/4434/4517
f 3622/4270/4353 3743/4404/4487 3623/4484/4567
f 3819/4378/4461 3625/4377/4460 3626/4442/4525
f 3784/4471/4554 3786/4443/4526 3747/4444/4527
f 3767/4366/4449 3769/4343/4426 3770/4365/4448
f 3785/4272/4355 3806/4478/4561 3621/4452/4535
f 3763/4411/4494 3764/4410/4493 3762/4292/4375
f 3792/4373/4456 3617/4462/4545 3616/4379/4462
f 3673/4420/4503 3819/4378/4461 3628/4434/4517
f 3732/4346/4429 3766/4418/4501 3731/4332/4415
f 3789/4381/4464 3603/4461/4544 3615/4375/4458
f 3773/4342/4425 3762/4292/4375 3783/4356/4439
f 3708/4450/4533 3710/4413/4496 3725/4309/4392
f 3737/4407/4490 3697/4324/4407 3729/4330/4413
f 3724/4311/4394 3697/4324/4407 3709/4325/4408
f 3687/4306/4389 3689/4307/4390 3686/4304/4387
f 3684/4310/4393 3682/4318/4401 3683/4320/4403
f 3623/4484/4567 3743/4404/4487 3655/4406/4489
f 3740/4360/4443 3733/4335/4418 3755/4361/4444
f 3728/4441/4524 3753/4428/4511 3765/4409/4492
f 3821/4396/4479 3652/4455/4538 3653/4485/4568
f 3808/4486/4569 3623/4484/4567 3820/4483/4566
f 3697/4324/4407 3698/4425/4508 3696/4315/4398
f 3701/4380/4463 3662/4370/4453 3607/4386/4469
f 3726/4446/4529 3812/4422/4505 3727/4338/4421
f 3679/4322/4405 3677/4433/4516 3632/4435/4518
f 3707/4314/4397 3667/4288/4371 3668/4412/4495
f 3678/4457/4540 3672/4348/4431 3676/4431/4514
f 3622/4270/4353 3808/4486/4569 3807/4271/4354
f 3682/4318/4401 3678/4457/4540 3681/4319/4402
f 3740/4360/4443 3802/4487/4570 3801/4438/4521
f 3736/4453/4536 3695/4282/4365 3698/4425/4508
f 3686/4304/4387 3637/4482/4565 3638/4305/4388
f 3782/4426/4509 3765/4409/4492 3750/4427/4510
f 3819/4378/4461 3624/4472/4555 3817/4376/4459
f 3686/4304/4387 3688/4308/4391 3684/4310/4393
f 3647/4421/4504 3649/4451/4534 3754/4337/4420
f 3648/4339/4422 3727/4338/4421 3811/4423/4506
f 3604/4393/4476 3660/4392/4475 3615/4375/4458
f 3786/4443/4526 3784/4471/4554 3741/4481/4564
f 3643/4355/4438 3814/4354/4437 3644/4362/4445
f 3615/4375/4458 3791/4374/4457 3790/4467/4550
f 3772/4449/4532 3755/4361/4444 3766/4418/4501
f 3727/4338/4421 3728/4441/4524 3726/4446/4529
f 3605/4391/4474 3617/4462/4545 3660/4392/4475
f 3773/4342/4425 3774/4357/4440 3769/4343/4426
f 3755/4361/4444 3775/4367/4450 3620/4297/4380
f 3721/4465/4548 3763/4411/4494 3762/4292/4375
f 3740/4360/4443 3803/4341/4424 3802/4487/4570
f 3770/4365/4448 3772/4449/4532 3734/4326/4409
f 3709/4325/4408 3725/4309/4392 3724/4311/4394
f 3604/4393/4476 3615/4375/4458 3603/4461/4544
f 2421/4488/4571 2621/1623/1643 2418/1625/1645
f 54/14/14 65/13/13 67/61/61
f 45/62/62 46/153/153 113/63/63
f 150/65/65 151/36/36 9/66/66
f 2/70/70 61/75/75 62/35/35
f 26/47/47 27/46/46 74/74/74
f 107/76/76 120/123/123 122/77/77
f 141/78/78 163/169/169 161/79/79
f 55/59/59 67/61/61 68/58/58
f 10/84/84 11/164/164 12/85/85
f 118/87/87 105/151/151 154/88/88
f 28/90/90 174/160/160 29/71/71
f 135/92/92 136/173/173 156/93/93
f 115/64/64 128/83/83 48/95/95
f 77/96/96 66/20/20 87/49/49
f 9/66/66 52/152/152 51/60/60
f 71/100/100 82/130/130 84/101/101
f 128/83/83 114/41/41 129/106/106
f 143/108/108 144/105/105 165/104/104
f 74/74/74 86/143/143 87/49/49
f 65/13/13 76/5/5 79/4/4
f 97/110/110 98/141/141 100/111/111
f 166/86/86 12/85/85 15/113/113
f 181/82/82 130/81/81 165/104/104
f 158/116/116 120/123/123 119/117/117
f 66/20/20 77/96/96 78/6/6
f 30/73/73 34/122/122 116/32/32
f 90/119/119 77/96/96 102/120/120
f 111/42/42 114/41/41 115/64/64
f 34/122/122 33/12/12 131/33/33
f 30/73/73 31/72/72 104/56/56
f 120/123/123 158/116/116 160/124/124
f 106/125/125 119/117/117 120/123/123
f 79/4/4 93/146/146 94/126/126
f 164/109/109 165/104/104 130/81/81
f 39/129/129 40/136/136 72/17/17
f 82/130/130 83/167/167 85/131/131
f 140/80/80 161/79/79 160/124/124
f 18/133/133 19/145/145 20/134/134
f 33/12/12 32/142/142 132/137/137
f 68/58/58 69/176/176 71/100/100
f 96/2/2 110/1/1 111/42/42
f 89/22/22 92/21/21 95/51/51
f 43/147/147 44/150/150 99/112/112
f 149/148/148 133/154/154 132/137/137
f 159/118/118 119/117/117 118/87/87
f 44/150/150 41/180/180 85/131/131
f 105/151/151 90/119/119 153/121/121
f 61/75/75 74/74/74 75/48/48
f 24/28/28 25/39/39 26/47/47
f 148/149/149 132/137/137 32/142/142
f 52/152/152 9/66/66 151/36/36
f 53/19/19 52/152/152 62/35/35
f 78/6/6 89/22/22 93/146/146
f 46/153/153 43/147/147 100/111/111
f 157/94/94 155/89/89 133/154/154
f 162/155/155 164/109/109 129/106/106
f 52/152/152 53/19/19 54/14/14
f 77/96/96 90/119/119 91/23/23
f 94/126/126 96/2/2 98/141/141
f 145/157/157 147/158/158 148/149/149
f 147/158/158 134/171/171 149/148/148
f 5/40/40 26/47/47 61/75/75
f 124/159/159 126/168/168 127/156/156
f 28/90/90 27/46/46 175/38/38
f 4/29/29 5/40/40 2/70/70
f 138/162/162 139/132/132 160/124/124
f 167/163/163 8/99/99 11/164/164
f 169/165/165 3/34/34 151/36/36
f 23/166/166 179/4489/4572 17/135/135
f 80/128/128 81/127/127 83/167/167
f 27/46/46 28/90/90 86/143/143
f 162/155/155 127/156/156 126/168/168
f 142/170/170 162/155/155 163/169/169
f 98/141/141 111/42/42 113/63/63
f 121/107/107 123/177/177 126/168/168
f 134/171/171 135/92/92 157/94/94
f 137/172/172 138/162/162 158/116/116
f 136/173/173 137/172/172 159/118/118
f 11/164/164 55/59/59 56/69/69
f 14/114/114 15/113/113 16/174/174
f 154/88/88 153/121/121 103/44/44
f 48/95/95 128/83/83 181/82/82
f 83/167/167 97/110/110 99/112/112
f 13/175/175 16/174/174 19/145/145
f 36/18/18 38/8/8 59/144/144
f 12/85/85 56/69/69 57/68/68
f 67/61/61 79/4/4 80/128/128
f 142/170/170 143/108/108 164/109/109
f 122/77/77 160/124/124 161/79/79
f 181/82/82 182/103/103 50/25/25
f 28/90/90 30/73/73 101/45/45
f 90/119/119 105/151/151 106/125/125
f 131/33/33 132/137/137 133/154/154
f 92/21/21 107/76/76 109/52/52
f 145/157/157 35/11/11 170/139/139
f 6/179/179 7/98/98 8/99/99
f 108/3/3 121/107/107 124/159/159
f 41/180/180 42/181/181 84/101/101
f 122/77/77 123/177/177 121/107/107
f 70/54/54 71/100/100 73/102/102
f 16/174/174 57/68/68 59/144/144
f 22/9/9 23/166/166 20/134/134
f 57/68/68 58/57/57 60/16/16
f 125/53/53 127/156/156 129/106/106
f 69/176/176 80/128/128 82/130/130
f 42/181/181 39/129/129 73/102/102
f 168/67/67 9/66/66 7/98/98
f 156/93/93 118/87/87 155/89/89
f 81/127/127 94/126/126 97/110/110
f 93/146/146 95/51/51 96/2/2
f 91/23/23 106/125/125 107/76/76
f 86/143/143 101/45/45 102/120/120
f 1/161/161 2/70/70 3/34/34
f 8/99/99 51/60/60 55/59/59
f 163/169/169 126/168/168 123/177/177
f 124/159/159 125/53/53 112/43/43
f 105/151/151 118/87/87 119/117/117
f 155/89/89 154/88/88 117/31/31
f 457/237/237 448/2868/2963 384/238/238
f 424/245/246 426/4490/247 427/246/247
f 450/248/248 388/260/248 442/249/249
f 432/229/254 396/257/255 430/254/255
f 434/236/256 433/2883/256 430/256/255
f 456/258/257 3600/4491/4573 3601/259/258
f 421/267/271 403/234/271 395/268/272
f 385/247/246 387/262/276 423/270/276
f 3599/271/277 392/235/4574 437/272/278
f 749/2702/2811 750/3127/3245 751/2703/2812
f 184/2705/2813 185/2759/2814 186/2706/2814
f 199/2708/2815 198/2802/2900 193/2709/2816
f 230/2714/2820 233/2736/2842 234/2715/2821
f 191/2717/2823 190/2800/2898 183/2718/2824
f 206/2720/2826 207/2803/2901 208/2721/2827
f 313/2723/2829 316/4492/4575 318/186/186
f 212/2724/2830 209/2810/2908 210/2725/2831
f 205/2722/2828 208/2721/2827 211/2726/2832
f 337/211/211 354/2808/2906 353/2727/2833
f 216/2728/2834 217/201/201 213/203/203
f 289/2730/2836 286/2813/2911 287/2731/2837
f 230/2714/2820 231/2716/2822 232/2738/2844
f 237/2740/2845 238/2774/2876 239/2741/2846
f 298/2742/2847 299/2811/2909 300/2743/2848
f 227/2749/2854 228/2755/2855 225/2750/2855
f 221/2751/2856 220/2795/2895 222/188/188
f 229/2739/2844 232/2738/2844 274/193/193
f 262/2752/2857 263/2766/2868 264/2753/2858
f 223/189/189 222/188/188 225/2750/2855
f 292/2756/2860 289/2730/2836 288/2732/2838
f 271/2758/2862 186/2706/2814 185/2759/2814
f 245/2761/2863 244/2773/2875 247/2762/2864
f 319/187/187 321/2826/2922 320/2764/2866
f 267/2765/2867 269/2794/2894 264/2753/2858
f 240/2767/2869 241/2776/2878 242/2768/2870
f 246/2772/2874 243/2775/2877 244/2773/2875
f 243/2775/2877 246/2772/2874 241/2776/2878
f 247/2762/2864 248/2769/2871 249/2771/2873
f 253/2770/2872 248/2769/2871 251/195/195
f 265/2754/2859 266/2793/2893 261/2777/2879
f 282/218/218 306/2823/2919 350/2778/2880
f 296/2779/2881 293/2814/2881 294/2780/2882
f 364/2782/2883 365/2854/2949 366/2783/2884
f 217/201/201 269/2794/2894 268/2785/2886
f 359/2786/2887 358/2806/2904 380/2787/2888
f 254/196/196 251/195/195 278/205/205
f 277/2790/2890 276/2796/2896 369/2791/2891
f 266/2793/2893 271/2758/2862 270/2760/2862
f 255/2711/2817 259/2713/2819 281/206/206
f 220/2795/2895 221/2751/2856 219/2734/2840
f 276/2796/2896 277/2790/2890 260/2797/199
f 192/2799/2897 189/2843/2938 190/2800/2898
f 200/2801/2899 197/2849/2944 198/2802/2900
f 207/2803/2901 206/2720/2826 201/2804/2902
f 352/2807/2905 353/2727/2833 354/2808/2906
f 188/2719/2825 183/2718/2824 184/2705/2813
f 209/2810/2908 212/2724/2830 299/2811/2909
f 293/2814/2881 296/2779/2881 291/2815/2912
f 312/2816/2913 315/2819/2915 314/2817/2914
f 315/2819/2915 316/4492/4575 313/2723/2829
f 295/2820/2916 294/4493/4576 301/2821/2917
f 297/2744/2849 300/2743/2848 302/2822/2918
f 306/2823/2919 307/2829/2925 304/2824/2920
f 309/2818/2913 310/2831/2927 311/2828/2924
f 307/2829/2925 308/2832/2926 303/2830/2926
f 310/2831/2927 303/2830/2926 308/2832/2926
f 331/2745/2850 330/2747/2852 328/221/221
f 343/2837/2932 339/2841/2936 338/2838/2933
f 335/2834/2929 336/210/210 333/209/209
f 334/2835/2930 338/2838/2933 339/2841/2936
f 195/2842/2937 194/2852/2947 189/2843/2938
f 332/2746/2851 343/2837/2932 342/2839/2934
f 349/212/212 347/2840/2935 346/217/217
f 371/2844/2939 372/4494/4577 374/2845/2940
f 367/2792/2892 369/2791/2891 370/2847/2942
f 197/2849/2944 200/2801/2899 203/2850/2945
f 373/2846/2941 352/2807/2905 355/2809/2907
f 196/2710/2816 193/2709/2816 194/2852/2947
f 361/2853/2948 360/2855/2950 365/2854/2949
f 368/2848/2943 370/2847/2942 363/2784/2885
f 360/2855/2950 361/2853/2948 362/225/225
f 284/220/220 285/2812/2910 286/2813/2911
f 376/2856/2951 377/4495/4578 378/2857/2952
f 379/2788/2888 380/2787/2888 381/2859/2953
f 256/198/198 257/197/197 258/2712/2818
f 344/215/215 376/2856/2951 375/2858/2951
f 383/2861/2955 386/2870/2965 387/262/262
f 394/266/270 434/236/236 392/235/235
f 422/2864/2959 405/263/2959 391/2862/2960
f 202/2851/2946 203/2850/2945 204/2805/2903
f 3596/2867/2962 449/2875/2970 384/238/238
f 454/2873/2968 408/244/2968 400/231/2969
f 449/2875/2970 3596/2867/2962 443/2876/2971
f 459/2877/2973 460/2900/3003 461/274/2974
f 404/2869/2975 3597/2906/2975 419/2878/2976
f 3602/2880/2978 455/4496/2994 414/2871/2979
f 453/2881/2981 412/242/2981 409/241/2982
f 433/2883/256 434/236/256 435/265/2984
f 3595/2885/2986 423/270/276 387/262/276
f 454/2873/2968 3600/4497/4573 456/258/257
f 458/2886/2988 459/2877/2973 411/276/2973
f 429/230/2989 432/229/254 431/2887/254
f 393/2863/2990 392/235/4574 3599/2889/277
f 418/269/273 395/268/272 397/228/2992
f 453/2881/2981 458/2886/2988 410/2872/2988
f 463/2892/2969 400/231/2969 414/2871/2979
f 386/2870/2995 383/2861/2972 443/2876/2971
f 436/273/278 437/272/278 447/253/253
f 390/251/251 440/264/2998 439/2895/2998
f 420/2879/2977 419/2878/2976 425/2865/2960
f 439/2895/2998 440/264/2998 388/260/248
f 394/266/2997 393/2863/2990 438/2897/2991
f 442/249/249 386/2870/2995 445/2894/2996
f 462/2898/3002 406/239/3002 427/246/247
f 3595/2885/2986 389/261/2987 405/263/2959
f 460/2900/3003 415/2902/3004 416/275/3004
f 429/230/230 412/242/243 416/275/280
f 384/238/263 385/247/266 406/239/240
f 402/2901/3006 416/275/3004 415/2902/3004
f 486/2904/3007 487/286/291 479/297/302
f 3597/2906/2975 404/2869/2975 403/234/271
f 482/2907/3009 464/2922/3022 470/2908/3010
f 485/284/289 492/283/288 471/293/298
f 473/296/301 474/277/282 488/2915/3016
f 467/2917/3017 468/299/304 478/307/312
f 467/2917/3017 472/2926/3028 488/2911/3012
f 486/2919/3019 480/300/305 468/299/304
f 465/2910/3011 474/2912/3013 476/303/308
f 473/296/301 499/295/300 489/278/283
f 499/291/3024 493/2936/3025 496/2924/3025
f 484/282/287 491/4498/4579 483/2925/3027
f 483/2923/3023 491/294/299 471/293/298
f 490/2930/3032 489/2933/3033 495/2931/3033
f 498/290/295 494/289/294 495/2931/3035
f 500/2935/3038 497/2938/3041 496/2924/3039
f 477/2920/3020 481/2928/3030 469/2927/3029
f 475/279/284 489/278/283 490/281/286
f 505/2939/3042 516/2945/3047 525/2940/3043
f 517/322/327 518/321/326 526/320/325
f 513/2942/3044 521/2948/3050 519/2943/3045
f 515/313/318 522/2947/3049 504/323/328
f 502/319/324 503/318/323 523/2944/3046
f 505/2939/3042 524/2941/3042 507/310/315
f 522/2949/275 519/2951/3052 521/331/336
f 550/359/3055 538/2956/3059 528/357/362
f 532/2954/3056 533/346/351 531/345/350
f 545/2955/3058 546/362/3062 530/353/358
f 556/356/361 542/355/360 547/336/341
f 557/339/3063 543/348/3066 554/2958/3064
f 550/359/370 551/347/363 553/344/365
f 554/2958/3064 558/337/376 546/362/374
f 554/2958/3064 551/347/363 550/359/370
f 583/2959/3069 585/374/388 586/373/387
f 566/2965/3075 565/381/395 603/2966/3076
f 561/376/390 598/378/392 588/2968/3077
f 563/2969/3078 605/2985/3093 593/397/411
f 596/2974/3083 581/2963/3073 580/2975/3084
f 598/2972/3081 601/4499/3085 600/2977/3085
f 573/2979/3087 563/2969/3078 572/392/406
f 595/365/379 579/4500/3090 580/2982/3090
f 575/372/386 590/2964/3074 569/396/410
f 567/2967/3075 578/364/378 577/363/377
f 570/367/381 591/366/380 571/393/407
f 561/376/390 562/395/409 600/2971/3080
f 598/2972/3081 589/2978/3086 590/403/417
f 576/410/424 593/405/419 578/404/418
f 646/2988/3096 609/4501/4580 633/416/430
f 612/447/3102 634/3007/3123 633/436/450
f 613/2994/3103 616/426/440 615/428/442
f 639/444/459 626/2989/3097 608/425/439
f 642/419/433 614/427/441 616/426/440
f 619/2997/3107 620/2995/3105 644/2996/3106
f 625/2998/3110 626/422/436 607/3001/3116
f 618/418/432 617/417/431 619/2997/3107
f 617/3006/3122 2853/3009/3125 643/413/427
f 629/2991/3099 646/2993/3101 2851/424/438
f 2852/411/425 640/415/429 634/414/428
f 623/434/448 622/433/447 634/3007/3123
f 607/3001/3116 613/2994/3103 637/2238/3115
f 2850/445/460 2853/4502/4581 616/3011/3127
f 631/437/2285 630/431/4176 2848/3012/3128
f 805/517/3129 797/471/487 679/3013/3130
f 804/516/3131 796/515/4582 662/3015/3132
f 684/3020/3137 799/519/3137 678/459/475
f 682/3022/3139 802/518/3139 799/519/3137
f 806/469/485 802/518/3139 682/3022/3139
f 665/3021/3138 651/453/469 650/3025/3142
f 650/3027/3143 661/3035/3150 685/3028/3144
f 801/464/480 795/514/4583 673/3030/3145
f 660/3031/3146 659/3033/3148 658/463/479
f 662/3015/3132 796/515/4582 805/517/3129
f 661/3035/3150 659/3033/3148 680/3034/3149
f 668/3037/3152 803/513/3152 794/468/484
f 666/3038/3153 793/479/3153 803/513/3152
f 673/3030/3145 795/514/4583 804/516/3131
f 800/460/476 793/479/3153 666/3038/3153
f 668/3039/3154 670/3051/3166 669/3040/3155
f 674/3041/3156 654/3049/3164 673/3042/3157
f 676/3045/3160 657/3044/3159 662/3046/3161
f 672/3048/3163 673/3042/3157 654/3049/3164
f 670/3051/3166 672/3048/3163 671/3050/3165
f 660/3052/3167 679/3053/3168 681/478/494
f 676/3045/3160 677/3047/3162 679/3053/3168
f 696/481/499 695/3058/3173 690/485/503
f 712/492/510 711/4503/4584 710/3055/3170
f 705/494/512 704/493/511 707/3060/3175
f 712/3063/3178 705/4504/3179 706/3064/3179
f 709/3066/3181 704/4505/4585 703/3067/3182
f 707/3069/3184 710/4506/3185 711/3070/3185
f 713/3072/3186 715/3073/4586 718/496/3187
f 715/3073/3189 716/505/3191 719/3059/3190
f 717/506/3192 713/3072/4587 714/498/3193
f 741/3075/3196 744/3097/3215 740/3076/3197
f 769/510/528 768/512/530 785/3078/3198
f 739/3077/3197 740/3076/3197 737/3080/3200
f 757/3082/3201 759/3132/3250 760/3083/3202
f 777/3085/3204 780/3116/3204 775/3086/3205
f 721/3088/3207 722/3107/3225 723/3089/3208
f 738/3091/3209 772/508/526 774/507/525
f 745/3093/3211 748/3104/3222 776/3087/3206
f 749/2702/2811 752/2704/2811 766/3094/3212
f 742/3096/3214 743/3124/3243 744/3097/3215
f 784/3079/3199 785/3078/3198 786/3098/3216
f 789/3100/3218 792/4507/3219 790/3101/3219
f 745/3093/3211 746/3113/3230 747/3103/3221
f 721/3088/3207 724/3090/3207 726/3105/3223
f 722/3107/3225 727/3114/3231 728/3108/3226
f 773/509/527 730/4508/4588 729/3109/3227
f 753/3110/3228 756/3120/3238 771/3111/3229
f 746/3113/3230 765/3095/3213 766/3094/3212
f 729/3109/3227 730/4508/4588 728/3108/3226
f 778/3115/3232 779/3130/3248 780/3116/3233
f 725/3106/3224 726/3105/3223 733/3117/3235
f 753/3110/3228 754/3129/3247 755/3119/3237
f 732/3118/3236 733/3117/3235 734/3121/3239
f 735/3092/3210 736/3081/4589 737/3080/3241
f 781/3123/3242 778/3115/3232 743/3124/3243
f 782/3125/3244 731/3122/3240 734/3121/3239
f 750/3127/3245 770/3112/3229 771/3111/3229
f 763/3128/3246 764/4509/4590 767/511/529
f 754/3129/3247 757/3082/3201 758/3084/3203
f 787/3099/3217 790/4510/3249 791/3131/3249
f 759/3132/3250 761/4511/4591 762/3133/3251
f 762/3133/3251 761/4511/4591 764/3134/3252
f 787/3102/3220 786/4512/3254 788/3136/3254
f 462/3137/3002 3602/4513/2978 407/240/2980
f 1059/3138/3255 1058/3182/3296 1106/3139/3256
f 1298/763/787 1384/3433/3539 1383/3141/3258
f 899/522/546 834/521/545 835/3142/3259
f 827/3144/3261 828/3336/3446 996/3145/3262
f 843/3147/3263 907/3274/3386 954/3148/3264
f 1316/3150/3266 1315/4514/4592 1381/3151/3267
f 955/3153/3269 956/3230/3344 837/3154/3270
f 1339/3155/3271 1340/4515/4593 1228/3156/3272
f 1385/722/746 1319/724/748 1318/550/574
f 830/3161/3277 827/3144/3261 997/3146/3261
f 1281/557/581 1304/753/777 1302/752/776
f 1215/852/876 1218/3444/3549 1220/3163/3278
f 1182/651/675 1183/3465/3570 1252/3165/3280
f 916/3169/3284 857/3322/3433 867/3170/3285
f 1177/815/839 1362/814/838 1363/3172/3287
f 839/668/692 1014/667/691 1015/760/784
f 1216/851/875 1204/580/604 1206/3174/3288
f 1058/3182/3296 1063/3369/3479 1107/3183/3297
f 1094/3184/3299 1040/3247/3360 1039/3185/3300
f 858/3187/3302 915/3323/3434 914/3188/3303
f 1139/3190/3305 1141/717/741 1156/3191/3306
f 1101/3193/3308 1049/3440/3545 1048/3194/3309
f 1277/710/734 1305/845/869 1306/797/821
f 1185/704/728 1184/3277/3389 1371/3198/3312
f 1193/817/841 1174/787/811 1175/767/791
f 1103/3207/3321 1055/3418/3524 1054/3208/3322
f 1219/3164/3279 1220/3163/3278 1221/3211/3325
f 1231/3213/3327 1342/3491/3595 1343/3214/3328
f 1297/682/706 1296/681/705 1298/763/787
f 1228/3156/3272 1340/4515/4593 1341/3217/3331
f 1329/3219/3333 1376/636/660 1377/635/659
f 1386/3221/3335 1387/3448/3553 1385/722/746
f 1334/3223/3337 1335/3332/3442 1220/3224/3338
f 1204/580/604 1216/851/875 1263/850/874
f 924/3227/3341 1023/3244/3341 1024/3228/3342
f 902/3229/3343 836/3286/3398 837/3154/3270
f 1355/591/615 1249/3480/3584 1248/3231/3345
f 1182/651/675 1251/3166/3281 1250/3240/3354
f 924/3227/3341 847/799/823 1022/3243/3357
f 1242/3158/3274 1243/3360/3471 1244/808/832
f 1163/3245/3358 1046/3422/3528 1167/730/754
f 1098/729/753 1044/728/752 1043/577/601
f 1097/3246/3359 1041/4516/4594 1040/3247/3360
f 864/842/866 863/3179/3293 918/3181/3295
f 1232/679/703 1235/833/857 1270/3248/3361
f 960/528/552 961/688/712 946/532/556
f 815/3252/3365 811/4517/4595 878/3253/3366
f 878/3253/3366 811/4517/4595 812/3254/3367
f 832/3256/3369 895/3464/3569 894/3257/3370
f 822/3259/3371 886/869/893 884/3260/3372
f 817/619/643 816/3316/3427 882/3263/3375
f 1361/848/872 1328/847/871 1326/861/885
f 1350/719/743 1354/592/616 1247/3265/3377
f 814/3266/3378 880/3282/3394 879/3255/3368
f 829/3268/3380 830/3161/3277 998/3162/3277
f 949/3270/3382 917/3278/3390 989/772/796
f 1059/3138/3255 1105/3140/3257 1104/3209/3323
f 986/3280/3392 877/4518/4596 876/694/718
f 922/3239/3353 880/3282/3394 872/3281/3393
f 910/3283/3395 951/3325/3436 924/3284/3396
f 1306/797/821 1304/753/777 1283/559/583
f 1142/780/804 1143/4519/4597 1153/556/580
f 892/540/564 828/539/563 827/609/633
f 836/3286/3398 902/3229/3343 901/3287/3399
f 840/759/783 1016/758/782 842/586/610
f 1058/3291/3403 1061/3468/3573 1064/3292/3404
f 1261/578/602 1263/850/874 1264/3297/3409
f 974/533/557 889/744/768 937/3232/3346
f 1092/3298/3410 1038/3317/3428 1037/3299/3411
f 1079/3301/3413 1123/3340/3450 1122/3302/3414
f 976/535/559 935/745/769 889/744/768
f 906/3307/3419 905/648/672 840/647/671
f 820/3308/3420 819/3261/3373 884/3260/3372
f 1029/3250/3363 1127/4520/4598 1162/3310/3421
f 982/3311/3422 931/3344/3454 932/3312/3423
f 944/604/628 945/531/555 963/3267/3379
f 816/3316/3427 820/3308/3420 885/3309/3420
f 1095/3186/3301 1039/3185/3300 1038/3317/3428
f 908/3318/3429 848/4521/3429 1025/666/690
f 1303/754/778 1269/3391/3500 1270/3248/3361
f 920/3319/3430 921/3171/3286 867/3170/3285
f 857/3322/3433 916/3169/3284 915/3323/3434
f 941/3237/3351 942/657/681 966/659/683
f 914/3188/3303 913/3313/3424 856/3315/3426
f 1289/846/870 1309/742/766 1253/741/765
f 1090/3328/3438 1036/3337/3447 1035/3329/3439
f 1317/548/572 1316/3150/3266 1382/3152/3268
f 1335/3332/3442 1336/4522/4599 1221/3333/3443
f 959/527/551 947/526/550 948/3334/3444
f 828/3336/3446 926/3296/3408 994/3295/3407
f 1093/3300/3412 1037/3299/3411 1036/3337/3447
f 1078/3339/3449 1124/3461/3566 1123/3340/3450
f 1233/3215/3329 1343/3214/3328 1344/3341/3451
f 1134/793/817 1158/792/816 1159/776/800
f 983/3343/3453 930/654/678 931/3344/3454
f 1160/3345/3455 1130/3204/3318 1132/777/801
f 1267/862/886 1382/3472/3577 1381/835/859
f 1287/3347/3457 1290/701/725 1288/538/562
f 1138/3348/3458 1139/3190/3305 1099/3192/3307
f 1262/751/775 1264/3297/3409 1274/715/739
f 949/3353/3463 990/4523/4600 1027/677/701
f 831/3355/3466 833/529/553 897/616/640
f 1137/3357/3468 1138/3348/3458 1085/3349/3459
f 1278/830/854 1279/801/825 1243/3360/3471
f 1226/611/635 1223/3363/3474 1227/3361/3472
f 1338/3364/3475 1339/3155/3271 1227/3157/3273
f 1146/3366/3477 1070/3446/3551 1071/3367/3478
f 1063/3369/3479 1062/3405/3480 1108/3370/3480
f 834/3371/3481 1003/4524/3481 1004/663/687
f 1127/3372/3482 1126/4525/4601 1080/3373/3483
f 1201/594/618 1205/579/603 1261/578/602
f 974/533/557 970/3234/3348 972/3324/3435
f 1178/3379/3489 1179/3173/3287 1363/3172/3287
f 1136/3381/3491 1137/3357/3468 1084/3358/3469
f 1354/592/616 1350/719/743 1177/3383/3492
f 1239/3159/3275 1242/3158/3274 1245/807/831
f 1000/3385/3494 1001/827/851 831/3386/3495
f 1234/3342/3452 1344/3341/3451 1345/3388/3497
f 1305/845/869 1271/3226/3340 1269/3391/3500
f 1259/678/702 1270/3248/3361 1269/3391/3500
f 1284/3394/3503 1285/536/560 1283/559/583
f 1089/3397/3506 1088/4526/4602 1034/3398/3507
f 1147/873/897 1117/656/680 1151/525/549
f 1031/3400/3509 1030/3249/3362 1082/3251/3364
f 1240/3384/3493 1245/807/831 1312/3354/3464
f 1211/3403/3512 1255/3346/3456 1357/691/715
f 1062/3405/3480 1067/3423/3529 1109/3406/3514
f 1128/566/590 1161/4527/4603 1075/523/547
f 1050/3407/3515 1072/3445/3550 1073/3408/3516
f 1115/655/679 1116/567/591 1075/523/547
f 1148/3303/3415 1122/3302/3414 1121/3410/3517
f 1080/3373/3483 1126/4525/4601 1125/3412/3519
f 1034/3398/3507 1088/4526/4602 1091/3330/3440
f 1086/3414/3521 1089/3397/3506 1033/3399/3508
f 1042/575/599 1041/4516/4594 1097/3246/3359
f 912/811/835 851/810/834 854/3314/3425
f 1049/3416/3522 1050/3407/3515 1051/3409/3515
f 1102/3195/3309 1048/3194/3309 1055/3418/3524
f 1063/3293/3405 1064/3292/3404 1065/3419/3525
f 1067/3423/3529 1144/628/652 1110/706/730
f 836/3352/3462 835/662/686 1006/3424/3530
f 1077/3411/3518 1121/3410/3517 1120/775/799
f 1163/3427/3533 1164/705/729 1144/628/652
f 1002/825/849 1003/4524/3481 834/3371/3481
f 1257/599/623 1261/578/602 1262/751/775
f 865/841/865 919/840/864 920/3319/3430
f 1236/3389/3498 1345/3388/3497 1346/582/606
f 1054/3429/3536 1057/4528/4604 1060/3430/3537
f 1279/801/825 1270/3248/3361 1235/833/857
f 1118/773/797 1119/874/898 1150/836/860
f 1067/3434/3540 1068/3471/3576 1069/3435/3541
f 837/3437/3542 1009/3490/3594 1010/3438/3543
f 939/3264/3376 940/3236/3350 968/3331/3441
f 1100/3439/3544 1050/3497/3601 1049/3440/3545
f 1331/3376/3485 1172/546/570 1173/786/3534
f 1012/856/880 1013/669/693 839/668/692
f 1176/816/840 1351/4529/3547 1359/3442/3547
f 1052/3417/3523 1053/3487/3591 1048/3443/3548
f 1215/852/876 1216/851/875 1217/3175/3289
f 1281/557/581 1249/3196/3310 1250/587/611
f 1072/3445/3550 1071/3367/3478 1070/3446/3551
f 893/608/632 830/607/631 829/3258/3370
f 1087/3401/3510 1086/3414/3521 1032/3415/3521
f 1202/595/619 1380/3441/3546 1200/3449/3554
f 1385/722/746 1383/549/573 1384/3451/3556
f 1229/674/698 1259/678/702 1260/3392/3501
f 1223/3363/3474 1222/3212/3326 1224/3321/3432
f 1337/3453/3558 1338/3364/3475 1225/3365/3476
f 861/770/794 917/3278/3390 918/3181/3295
f 1263/850/874 1265/3460/3565 1266/3455/3560
f 1111/736/760 1071/735/759 1072/3457/3562
f 1357/691/715 1186/3338/3448 1172/3456/3561
f 1204/580/604 1205/579/603 1361/3459/3564
f 1215/852/876 1219/3164/3279 1265/3460/3565
f 1260/3392/3501 1269/3391/3500 1276/791/815
f 1081/3413/3520 1125/3412/3519 1124/3461/3566
f 1025/3462/3567 848/4530/3567 850/631/655
f 874/3463/3568 818/4531/4605 817/619/643
f 831/3355/3466 896/3356/3467 895/3464/3569
f 911/809/833 950/665/689 988/664/688
f 1356/690/714 1253/3475/3580 1252/3165/3280
f 1183/3467/3572 1369/3474/3579 1370/3276/3388
f 1059/3431/3537 1060/3430/3537 1061/3468/3573
f 1181/3469/3574 1178/3379/3489 1364/3380/3490
f 1062/3420/3526 1065/3419/3525 1068/3471/3576
f 1203/756/780 1325/755/779 1358/849/873
f 1268/761/785 1383/3141/3258 1382/3472/3577
f 1203/593/617 1361/3459/3564 1205/579/603
f 1183/3467/3572 1182/3485/3589 1368/3473/3578
f 1258/673/697 1260/3392/3501 1266/3455/3560
f 926/3296/3408 823/563/587 993/562/586
f 1322/3447/3552 1388/3486/3590 1376/3476/3581
f 1240/721/745 1241/4532/4606 1351/3425/3531
f 1266/3455/3560 1276/791/815 1274/715/739
f 1381/3151/3267 1315/4514/4592 1313/3479/3583
f 1135/794/818 1136/3381/3491 1157/3382/3491
f 1053/3487/3591 1056/3495/3599 1055/3488/3592
f 1217/3489/3593 1333/4533/4607 1334/3223/3337
f 837/3437/3542 836/3352/3462 1008/3351/3461
f 1230/3218/3332 1341/3217/3331 1342/3491/3595
f 1221/3333/3443 1336/4522/4599 1337/3453/3558
f 1327/859/883 1333/4533/4607 1217/3489/3593
f 1180/3492/3596 1366/3501/3605 1367/3484/3588
f 948/3334/3444 1028/676/700 991/675/699
f 1191/824/848 1320/723/747 1385/722/746
f 1056/3495/3599 1057/4528/4604 1054/3429/3536
f 999/3269/3381 1000/3385/3494 832/3387/3496
f 1230/610/634 1231/3395/3504 1229/674/698
f 1222/3212/3326 1258/673/697 1265/3460/3565
f 1113/3458/3563 1072/3457/3562 1050/3497/3601
f 1232/679/703 1229/674/698 1233/3396/3505
f 1271/3226/3340 1277/710/734 1276/791/815
f 1275/712/736 1308/711/735 1301/699/723
f 987/640/664 821/639/663 826/3498/3602
f 1045/803/827 1165/802/826 1066/3436/3541
f 1287/3347/3457 1252/740/764 1309/742/766
f 1282/558/582 1250/587/611 1310/589/613
f 1153/556/580 1143/4519/4597 1166/3206/3320
f 1128/3205/3319 1130/3204/3318 1160/3345/3455
f 1180/3492/3596 1181/3469/3574 1365/3470/3575
f 1615/3502/3606 1616/4534/4608 1617/3503/3607
f 1411/3505/3609 1547/3623/3719 1548/3506/3610
f 1415/3508/3612 1413/3507/3611 1416/1025/1049
f 1702/879/903 1457/878/902 1460/1105/1129
f 1513/3510/3614 1695/3655/3747 1665/3511/3615
f 1518/880/904 1703/986/1010 1454/898/922
f 1428/1075/1099 1402/972/996 1400/955/979
f 1687/3515/3619 1558/3637/3731 1612/3516/3620
f 1629/3518/3621 1491/3639/3621 1707/1060/1084
f 1445/3521/3624 1483/1103/1127 1484/3522/3625
f 1517/3525/3628 1657/3619/3715 1654/3526/3629
f 1641/3528/3630 1642/1047/1071 1495/3529/3631
f 1655/3534/3636 1518/3645/3738 1702/3527/3629
f 1511/3537/3639 1704/3589/3685 1649/3538/3640
f 1534/980/1004 1468/1065/1089 1473/3540/3641
f 1491/947/971 1492/902/926 1479/935/959
f 1469/3545/3646 1470/906/930 1471/3546/3647
f 1483/3547/3648 1493/3580/3649 1636/3548/3649
f 1644/3550/3650 1638/3676/3766 1640/3551/3651
f 1564/1012/1036 1567/3616/3712 1568/3553/3653
f 1554/992/1016 1486/1100/1124 1475/918/942
f 1646/3555/3655 1485/3653/3656 1671/3556/3656
f 1494/3530/3632 1483/3547/3648 1637/3549/3648
f 1502/961/985 1395/993/1017 1585/1088/1112
f 1648/3563/3663 1446/3641/3734 1646/3564/3664
f 1459/965/989 1525/3587/3683 1526/3566/3665
f 1513/3568/3667 1469/3545/3646 1468/1065/1089
f 1419/3569/3668 1416/1025/1049 1420/988/1012
f 1696/3573/3672 1466/907/931 1469/3545/3646
f 1627/3574/3673 1487/1019/1043 1441/1052/1076
f 1698/3575/3674 1661/3647/3740 1662/3576/3675
f 1634/3579/3677 1636/3548/3649 1493/3580/3649
f 1412/3582/3678 1411/3505/3609 1413/3507/3611
f 1462/964/988 1461/1069/1093 1527/3584/3680
f 1459/965/989 1460/1105/1129 1524/3586/3682
f 1650/3588/3684 1651/3667/3758 1704/3589/3685
f 1413/3507/3611 1548/3506/3610 1549/1026/1050
f 1406/3592/3688 1404/970/994 1407/3562/3662
f 1543/1029/1053 1594/1028/1052 1596/3594/3690
f 1610/3600/3696 1592/1054/1078 1689/1053/1077
f 1548/3602/3698 1547/3627/3723 1601/3603/3699
f 1581/3605/3701 1582/4535/4609 1560/3572/3671
f 1410/3561/3661 1409/985/1009 1411/3505/3609
f 1668/3607/3703 1695/3655/3747 1693/3608/3704
f 1561/997/1021 1710/1037/1061 1684/3610/3706
f 1617/3503/3607 1620/1078/1102 1619/3612/3708
f 1552/3613/3709 1565/1017/1041 1563/1013/1037
f 1486/1100/1124 1477/895/919 1520/3524/3627
f 1490/909/933 1554/992/1016 1555/991/1015
f 1476/893/917 1489/908/932 1497/938/962
f 1435/912/936 1562/1096/1120 1684/3610/3706
f 1439/889/913 1474/888/912 1438/916/940
f 1511/3537/3639 1624/3539/3639 1625/3614/3710
f 1578/1010/1034 1391/1009/1033 1585/884/908
f 1701/3618/3714 1656/4536/4610 1657/3619/3715
f 1659/3620/3716 1656/4536/4610 1701/3618/3714
f 1409/985/1009 1546/984/1008 1547/3623/3719
f 1593/3624/3720 1594/1028/1052 1542/1030/1054
f 1546/3625/3721 1599/3675/3721 1600/3626/3722
f 1591/3628/3724 1539/3635/3729 1688/3629/3725
f 1545/3631/3726 1597/3595/3691 1596/3594/3690
f 1602/3604/3700 1603/3634/3728 1549/3633/3727
f 1550/973/997 1549/3633/3727 1603/3634/3728
f 1605/975/999 1606/1021/1045 1551/950/974
f 1607/1022/1046 1608/4537/4611 1609/951/975
f 1610/3600/3696 1540/3601/3697 1539/3635/3729
f 1611/3636/3730 1612/3516/3620 1558/3637/3731
f 1613/3638/3732 1616/4534/4608 1615/3502/3606
f 1630/1036/1060 1492/1035/1059 1491/3639/3621
f 1643/3640/3733 1644/3550/3650 1445/3552/3652
f 1633/1034/1058 1634/3579/3677 1482/3581/3677
f 1653/3642/3735 1519/3590/3686 1703/3643/3736
f 1518/3645/3738 1655/3534/3636 1652/3644/3737
f 1697/3646/3739 1664/3648/3741 1661/3647/3740
f 1664/3648/3741 1697/3646/3739 1696/3649/3742
f 1516/3621/3717 1700/4538/3744 1658/3651/3744
f 1658/3651/3744 1700/4538/3744 1515/1051/1075
f 1699/1049/1073 1514/3577/3675 1662/3576/3675
f 1663/3650/3743 1696/3649/3742 1513/3510/3614
f 1645/3652/3745 1671/3556/3656 1485/3653/3656
f 1688/3656/3748 1398/3544/3645 1676/3543/3644
f 1706/1058/1082 1705/3615/3711 1625/3614/3710
f 1693/3608/3704 1694/3531/3633 1674/3658/3749
f 1678/998/1022 1621/4539/4612 1669/3659/3750
f 1560/3572/3671 1582/4535/4609 1686/1045/1069
f 1698/1094/1118 1464/941/965 1467/942/966
f 1460/1105/1129 1457/878/902 1523/3585/3681
f 1392/1073/1097 1397/1072/1096 1398/3662/3753
f 1398/3662/3753 1688/4540/4613 1539/3664/3755
f 1559/3665/3756 1430/931/955 1390/1083/1107
f 1420/988/1012 1423/978/1002 1424/1081/1105
f 1512/945/969 1694/944/968 1534/980/1004
f 1599/3675/3721 1546/3625/3721 1545/3631/3726
f 1588/899/923 1589/3542/3643 1398/3544/3645
f 1428/1075/1099 1396/3663/3754 1540/3519/3622
f 1396/3663/3754 1428/1075/1099 1429/954/978
f 1444/881/905 1640/3551/3651 1638/3676/3766
f 1616/1098/1122 1502/961/985 1503/1006/1030
f 1694/3531/3633 1675/3533/3635 1673/3677/3767
f 1391/1009/1033 1431/4541/4614 1394/3678/3768
f 1454/898/922 1451/1027/1051 1453/3535/3637
f 1708/3680/3770 1485/3558/3658 1484/3522/3625
f 1511/1067/1091 1510/949/973 1450/919/943
f 1557/1061/1085 1679/923/947 1586/885/909
f 1729/1116/1140 1731/1115/1139 1716/1206/1230
f 1746/1165/1189 1755/1127/1151 1891/3687/3777
f 1750/1381/1403 1748/1366/1388 1723/1295/1318
f 1979/3692/3782 1981/3745/3834 1978/3693/3783
f 1766/3686/3776 1767/1139/1163 1756/1138/1162
f 1973/3697/3787 1972/1503/1524 1967/3698/3788
f 1863/3684/3774 1775/3683/3773 1865/3700/3790
f 1753/3704/3794 1759/1502/1523 1758/1129/1153
f 1730/1383/1405 1800/1200/1224 1796/1199/1223
f 1779/1241/1265 1844/1284/1307 1843/3706/3796
f 1878/3707/3797 1879/1217/1241 1828/1216/1240
f 1883/1441/1462 1884/1156/1180 1835/1155/1179
f 1730/1383/1405 1799/1204/1228 1884/1277/1301
f 2028/1435/1456 2103/1187/1211 2029/3712/3802
f 2029/3712/3802 2103/1187/1211 2031/1186/1210
f 1789/1225/1249 1878/1192/1216 1785/1194/1218
f 1826/3708/3798 1827/3729/3819 1824/3715/3805
f 1715/1272/1296 1794/1172/1196 1792/1226/1250
f 1761/1347/1369 1768/4542/4615 1766/3686/3776
f 1843/3706/3796 1831/1230/1254 1829/1229/1253
f 1762/3695/3785 1763/4543/4616 1757/3720/3810
f 2072/1261/1285 2078/1260/1284 2077/1271/1295
f 1774/1251/1275 1859/1463/1484 1860/1466/1487
f 1961/1492/1513 1964/3758/3846 1963/1404/1425
f 1753/3704/3794 1749/1128/1152 1748/1366/1388
f 1764/1137/1161 1765/4544/4617 1762/3695/3785
f 1971/1136/1160 1972/1503/1524 1973/3697/3787
f 1856/1324/1346 1857/1323/1345 1887/1465/1486
f 1862/1252/1276 1774/1251/1275 1863/3684/3774
f 1823/3725/3815 1824/3715/3805 1822/3726/3816
f 1828/1216/1240 1830/1228/1252 1827/3729/3819
f 1977/3694/3784 1978/3693/3783 1962/1493/1514
f 1734/1126/1150 1741/1125/1149 1740/1123/1147
f 1809/1118/1142 1768/4542/4615 1761/1347/1369
f 1793/1227/1251 1794/1172/1196 1842/1185/1209
f 2092/1402/1423 2086/1311/1334 2125/3734/3824
f 2131/1434/1455 2027/3711/3801 2025/1490/1511
f 2002/3735/3825 2006/1237/1261 2096/1318/1340
f 1732/1249/1273 1801/1248/1272 1806/1232/1256
f 2074/3732/3822 2105/3780/3867 2110/1407/1428
f 2019/1372/1394 2000/4545/4618 1999/1481/1502
f 1810/1458/1479 1832/1208/1232 1869/1207/1231
f 1979/3692/3782 1977/3694/3784 2050/3730/3820
f 1908/3736/3826 1907/3741/3830 2076/1397/1419
f 1907/3741/3830 1916/3765/3853 2116/1395/1417
f 1915/3742/3831 1913/1462/1483 1936/1478/1499
f 2123/1406/1427 2120/4546/4619 2055/1400/1421
f 1932/1330/1352 1952/1345/1367 1949/1392/1414
f 1910/3740/3829 1916/3765/3853 1907/3741/3830
f 1980/1417/1438 1982/1419/1440 1981/3745/3834
f 1929/1477/1498 1930/1331/1353 1937/3747/3835
f 1935/1410/1431 1936/1478/1499 1937/3747/3835
f 2050/3730/3820 1977/3694/3784 1960/1276/1300
f 1969/1500/1521 1970/3751/3839 1968/1491/1512
f 2048/3748/3836 2050/3730/3820 2051/1275/1299
f 2074/3732/3822 2073/1189/1213 2077/1271/1295
f 2039/1281/1304 1988/3702/3792 1985/3719/3809
f 1999/1481/1502 2000/4545/4618 2001/1359/1381
f 1972/1503/1524 1968/1491/1512 1970/3751/3839
f 1717/1205/1229 1791/1273/1297 1718/3710/3800
f 1912/1305/1328 1928/3772/3859 1958/1329/1351
f 2096/1318/1340 2095/1334/1356 2070/1472/1493
f 1825/3716/3806 1823/3725/3815 1878/3707/3797
f 2083/3756/3844 2051/1275/1299 1959/1274/1298
f 1751/1382/1404 1752/1480/1501 1753/3704/3794
f 1964/3758/3846 1965/1501/1522 2092/1402/1423
f 2107/1436/1457 2106/3688/3778 1920/1411/1432
f 2127/1342/1364 2128/1421/1442 2103/1187/1211
f 2042/1335/1357 2043/1448/1469 2126/3759/3847
f 1893/3760/3848 1902/1233/1257 1894/1452/1473
f 1957/1328/1350 1931/1332/1354 1929/1477/1498
f 1833/3691/3781 1834/1469/1490 1832/1208/1232
f 2130/1429/1450 1939/1428/1449 1934/1473/1494
f 1915/3742/3831 1935/1410/1431 2091/3761/3849
f 1720/1124/1148 1738/1121/1145 1719/1298/1321
f 1821/3727/3817 1822/3726/3816 1820/1313/1336
f 1908/3736/3826 2115/1396/1418 2109/1415/1436
f 1905/3744/3833 1907/3741/3830 1908/3736/3826
f 1916/3765/3853 1915/3742/3831 2117/3762/3850
f 2073/1189/1213 2069/1191/1215 2112/1388/1410
f 2049/3766/3854 1924/1326/1348 1922/1253/1277
f 2103/1187/1211 2132/1420/1441 2064/3770/3857
f 2124/3771/3858 1958/1329/1351 1928/3772/3859
f 1906/1325/1347 1924/1326/1348 2083/3775/3862
f 1931/1332/1354 1934/1473/1494 1939/1428/1449
f 1881/1439/1460 1783/3703/3793 1780/1150/1174
f 1903/1309/1332 1905/3744/3833 1893/3760/3848
f 1913/1462/1483 1915/3742/3831 1916/3765/3853
f 1760/1348/1370 1759/1502/1523 1753/3704/3794
f 2101/1416/1437 2108/1483/1504 1900/1494/1515
f 1874/3743/3832 1875/1224/1248 1785/1194/1218
f 1873/1387/1409 1815/1386/1408 1816/1456/1477
f 1871/1422/1443 1872/3753/3841 1811/1455/1476
f 2043/1448/1469 2089/3764/3852 2128/3782/3869
f 1937/3747/3835 1930/1331/1353 1949/1392/1414
f 1811/1455/1476 1812/1454/1475 1813/1459/1480
f 2047/1213/1237 2048/3767/3855 1922/1253/1277
f 1912/1305/1328 1957/1328/1350 1956/1461/1482
f 1883/1278/1302 1797/1174/1198 1798/1173/1197
f 2040/1487/1508 2015/1378/1400 1989/1380/1402
f 2084/3773/3860 1928/3772/3859 1906/1325/1347
f 2125/1482/1503 1933/1327/1349 1958/1329/1351
f 1771/1146/1170 1773/1169/1193 1769/3787/3874
f 1904/1308/1331 1906/1325/1347 1914/1346/1368
f 2128/3782/3869 2089/3764/3852 2087/1141/1165
f 1772/1147/1171 1770/1497/1518 1889/3788/3875
f 1932/1330/1352 1939/1428/1449 1955/1177/1201
f 1733/1294/1317 1740/1123/1147 1739/1247/1271
f 1742/1167/1191 1745/1166/1190 1769/3787/3874
f 2100/1354/1376 2102/1389/1411 2021/3739/3828
f 1903/1309/1332 1904/1308/1331 1911/1307/1330
f 1905/3744/3833 1903/1309/1332 1909/1306/1329
f 1937/3747/3835 2041/1449/1470 2042/1335/1357
f 2149/1518/1539 2150/2211/2243 2174/3789/3876
f 2463/1703/1723 2464/1865/1889 2482/3801/3888
f 2268/3804/3891 2263/4547/3891 2303/3805/3892
f 2799/3809/3896 2800/4048/4134 2808/1533/1554
f 2674/3810/3897 2689/1966/1996 2685/3811/3898
f 2776/2176/2207 2775/2172/2203 2794/2171/2202
f 2176/1690/1710 2154/1884/1910 2135/2065/2097
f 2523/1989/2019 2518/4062/4149 2503/3818/3906
f 2397/1711/1731 2402/1710/1730 2415/2051/2083
f 2321/1818/1842 2312/1801/1824 2292/3825/3913
f 2192/3827/3915 2177/3860/3951 2179/3828/3916
f 2337/3831/3919 2338/3892/3986 2407/1763/1786
f 2496/2181/2212 2521/3907/4000 2520/3793/3880
f 2723/1689/1709 2672/1910/1936 2735/1804/1935
f 2773/3844/3932 2780/4057/4143 2800/3845/3933
f 2793/3848/3936 2794/3880/3974 2787/2215/2247
f 2838/3850/3938 2841/3813/3900 2826/2210/2242
f 2694/1699/1991 2692/1961/1990 2681/1805/1937
f 2583/3855/3944 2577/4060/4147 2588/2136/2167
f 2235/1764/1787 2338/3892/3986 2298/3856/3947
f 2503/3858/3949 2500/3982/4070 2480/3859/3950
f 2763/1896/1922 2764/1895/1921 2765/3864/3955
f 2405/2226/2258 2415/2051/2083 2417/1916/1943
f 2386/3870/3963 2385/1629/1649 2394/1631/1651
f 2712/1657/3968 2697/3898/3992 2706/1923/1951
f 2315/2004/2034 2299/3872/3965 2337/3831/3919
f 2794/3880/3974 2827/4045/4132 2805/2197/2229
f 2217/3840/3928 2222/3971/4061 2226/3882/3976
f 2663/2093/2125 2669/2109/2141 2664/3821/3909
f 2786/3849/3937 2787/2215/2247 2782/2214/2246
f 2482/3801/3888 2464/1865/1889 2476/3885/3979
f 3147/3889/3983 2586/1978/2008 2588/1980/2010
f 2373/1680/1700 2365/1627/1647 2394/1626/1646
f 2645/2092/2124 2634/3972/4062 2651/3851/3939
f 2146/2005/2035 2142/3969/4059 2143/3891/3985
f 2606/2054/2086 2618/4029/4116 2619/3893/3987
f 2279/3894/3988 2284/4063/4150 2286/3895/3989
f 2829/1806/1830 2691/1580/1601 2697/3898/3992
f 2349/3899/3993 2350/1653/1673 2336/3900/3994
f 2428/1892/1918 2431/1891/1917 2387/3902/3996
f 2359/1672/1692 2482/1607/1627 2461/3803/3890
f 2448/1862/1886 2431/1861/1885 2432/3904/3998
f 2429/1890/1916 2430/4548/4620 2432/3908/4001
f 2224/1821/1845 2228/2090/2122 2226/3910/4003
f 2352/3911/4004 2353/3918/4010 2357/3912/4005
f 2352/3911/4004 2356/3913/4006 2351/3916/4008
f 2382/1678/1698 2394/1626/1646 2393/1579/1600
f 2353/3918/4010 2361/3876/3970 2364/3919/4011
f 2496/2181/2212 2508/1613/1633 2532/1962/1992
f 2330/1867/1891 2318/1597/1618 2309/1902/1927
f 2518/3920/4012 2529/2103/2135 2515/3921/4013
f 2436/1844/1868 2437/1843/1867 2487/1907/1932
f 2310/3925/4015 2311/1537/1558 2307/1504/1525
f 2369/3871/3964 2366/3943/4033 2367/3928/4018
f 2644/1513/1534 2141/1543/1564 2147/3931/4021
f 2664/1778/1801 2676/3961/4052 2637/1562/1583
f 2636/1779/1802 2637/1562/1583 2160/1737/1757
f 2472/1967/1997 2487/1907/1932 2513/1614/1634
f 2401/1866/1890 2295/1588/1609 2317/1706/1726
f 2533/1753/1775 2574/3794/3881 2520/3793/3880
f 2748/2164/2195 2769/4065/4152 2756/3947/4037
f 2616/3949/4039 2608/4549/4039 2609/3950/4040
f 2285/3954/4045 2284/4063/4150 2280/3955/4046
f 2459/3960/4051 2461/4550/4621 2460/1940/1968
f 2146/2005/2035 2157/2035/2066 2153/2205/2237
f 2232/1802/1825 2234/1899/1924 2233/1898/1923
f 2634/3972/4062 2645/2092/2124 2138/1883/1909
f 2264/1981/2011 2263/4547/3891 2268/3804/3891
f 2771/2047/2078 2791/2046/2077 2778/2138/2169
f 2570/2083/2115 2581/1905/1930 2572/3975/4065
f 2334/1984/2014 2308/1970/2000 2300/1972/2002
f 2504/3977/4067 2505/4073/4160 2545/3978/4068
f 2518/3920/4012 2516/3922/4012 2500/3982/4070
f 2506/2167/2198 2503/3818/3906 2484/1565/1586
f 2715/3984/4073 2717/4016/4104 2719/3985/4074
f 2260/2256/2295 2261/4051/4137 2258/3988/4077
f 2209/1750/1772 2266/1749/1771 2265/1983/2013
f 2600/3996/2009 2586/4551/2008 2592/3852/3941
f 2550/1999/2029 2498/1931/1959 2499/1536/1557
f 2838/4005/4093 2810/4077/4164 2809/4006/4094
f 2558/1937/1965 2559/1936/1964 2552/4010/4098
f 2375/4013/4101 2388/3800/3887 2441/2227/2259
f 2173/3816/3903 2172/2194/2226 2169/2193/2225
f 2703/4015/4103 2708/4046/4103 2717/4016/4104
f 2570/3929/4019 2567/1575/1596 2568/1574/1595
f 2391/1922/1949 2392/1944/1973 2380/3909/4002
f 2601/4022/4109 2608/4549/4039 2616/3949/4039
f 2817/3998/4086 2807/4552/4622 2821/2260/2299
f 2552/4010/4098 2538/2112/2143 2554/2111/2143
f 2610/4028/4115 2618/4029/4116 2617/3951/4041
f 2786/3849/3937 2762/2259/2298 2765/4030/4117
f 2828/4031/4118 2838/3850/3938 2825/2263/2302
f 2765/3864/3955 2750/3888/3982 2777/2175/2206
f 2617/4032/4119 2618/4009/4097 2627/4008/4096
f 2191/3829/3917 2179/3828/3916 2175/3861/3952
f 2329/1586/1607 2328/1901/1926 2310/1900/1925
f 2297/3935/4025 2291/4014/4102 2255/3820/3908
f 2606/2069/2101 2625/1642/1662 2630/4007/4095
f 2771/2047/2078 2769/3974/4064 2748/4036/4123
f 2652/1780/1803 2636/1779/1802 2136/3934/4024
f 2138/1883/1909 2645/2092/2124 2652/2091/2123
f 2765/3864/3955 2764/1895/1921 2752/4039/4126
f 2641/3932/4022 2649/2099/2131 2651/1514/1535
f 2648/1955/1984 2657/2095/2127 2656/4040/4127
f 2654/2097/2129 2679/2116/2147 2667/2121/2152
f 2385/3917/4009 2383/3953/4044 2384/4042/4129
f 2717/2002/2032 2710/1595/1616 2718/1594/1615
f 2690/1965/1995 2686/4058/4144 2685/3811/3898
f 2806/2198/2230 2805/2197/2229 2827/4045/4132
f 2166/2043/2074 2167/1540/1561 2165/1539/1560
f 2670/2117/2148 2659/2096/2128 2674/3810/3897
f 2708/4046/4103 2703/4015/4103 2702/4047/4133
f 2762/2259/2298 2786/3849/3937 2781/3884/3978
f 2792/2154/2185 2808/1533/1554 2800/4048/4134
f 2504/3944/4034 2510/3945/4035 2435/3905/3998
f 2537/3999/4087 2539/4000/4088 2555/4049/4135
f 2729/2156/2187 2753/4083/4170 2764/1895/1921
f 2261/4051/4137 2285/3954/4045 2281/3956/4047
f 2667/2121/2152 2675/2120/2151 2662/2132/2163
f 2305/4053/4139 2302/4068/4155 2301/1971/2001
f 2477/1919/1946 2379/1858/1882 2491/3938/4028
f 2772/4056/4142 2779/4070/4157 2780/4057/4143
f 2707/1964/1994 2702/4047/4133 2686/4058/4144
f 2733/4059/4146 2734/2152/2183 2732/2142/2173
f 2808/1533/1554 2792/2154/2185 2783/4020/4107
f 2616/3981/4069 2617/4032/4119 2629/2146/2177
f 2806/2198/2230 2825/2263/2302 2814/4061/4148
f 2719/3985/4074 2731/2159/2190 2727/4064/4151
f 2277/1648/1668 2285/3989/4078 2261/1727/1747
f 2360/3797/3884 2461/4550/4621 2459/3960/4051
f 2628/4067/4154 2626/1508/1529 2612/1746/1768
f 2297/3806/3893 2303/3805/3892 2302/4068/4155
f 2299/3872/3965 2298/3856/3947 2338/3892/3986
f 2718/1594/1615 2726/2161/2192 2740/4052/4138
f 2799/4018/4105 2790/4081/4168 2789/3846/3934
f 2758/4069/4156 2778/4084/4171 2779/4070/4157
f 2334/1984/2014 2325/1986/2016 2327/3842/3930
f 2432/3908/4001 2430/4548/4620 2505/4073/4160
f 2818/3863/3954 2804/4074/4161 2813/2234/2265
f 2531/1644/1664 2569/2223/2255 2540/2058/2090
f 2812/2235/2266 2813/2234/2265 2804/4074/4161
f 2632/2228/2260 2650/1511/1532 2639/1751/1773
f 2838/4005/4093 2828/4082/4169 2795/4076/4163
f 2823/4078/4165 2833/2206/2238 2840/2221/2253
f 2819/3862/3953 2832/2213/2245 2833/2206/2238
f 2841/2222/2254 2809/4006/4094 2824/4079/4166
f 2790/4081/4168 2799/4018/4105 2812/2235/2266
f 2827/2201/2233 2794/2171/2202 2774/2173/2204
f 2236/1951/1980 2453/3897/3991 2469/3883/3977
f 2796/2203/2235 2795/4076/4163 2828/4082/4169
f 2192/3827/3915 2171/1549/1570 2178/1551/1572
f 2455/2232/2262 2454/2219/2251 2451/2218/2250
f 2757/4066/4153 2769/4065/4152 2778/4084/4171
f 627/432/4172 2849/4085/4172 3164/2242/2273
f 2845/2244/2280 615/428/2279 614/427/2277
f 625/2998/3112 2864/4087/4175 2849/4085/4172
f 630/431/4176 647/430/2283 2862/2246/2282
f 2842/1656/1676 2816/1815/1839 2766/1519/1540
f 2883/2400/2439 3014/2399/2438 3013/2410/2449
f 2883/4101/4191 2882/2354/2393 3042/4102/4192
f 2917/4104/4194 2899/2405/2444 2898/2470/2509
f 2901/2403/2442 2902/4148/4236 3047/2450/2489
f 3027/2295/2334 3026/4553/4623 2917/4106/4196
f 2980/2423/2462 2995/2422/2461 2996/4107/4197
f 2939/4110/4200 3001/4554/4624 3040/2445/2484
f 2991/4114/4204 3055/4185/4272 3054/4115/4205
f 2935/4117/4207 3070/4121/4210 3003/4118/4208
f 2955/4123/4212 2948/2371/2410 3043/2370/2409
f 2947/2322/2361 2948/2325/2364 2955/4125/4214
f 2961/2385/2424 3053/2384/2423 3063/2458/2497
f 2964/4127/4216 2965/2466/2505 2925/4090/4180
f 3032/2335/2374 3020/2359/2398 2966/2358/2397
f 2968/2333/2372 3068/2332/2371 2967/2419/2458
f 3055/4128/4217 3057/2361/2400 3056/2360/2399
f 2967/2419/2458 2956/2415/2454 2973/2342/2381
f 2949/2435/2474 3010/4122/4211 3009/4131/4220
f 2982/2376/2415 2994/2375/2414 3000/2369/2408
f 2982/4138/4227 2997/4132/4221 3008/4139/4228
f 3063/2458/2497 3050/4555/4625 2957/4141/4230
f 2939/4142/4231 2935/4117/4207 3002/4119/4207
f 2898/2470/2509 2896/4169/4256 2895/2409/2448
f 2870/4094/4184 2871/4167/4254 2919/2282/2321
f 2979/2344/2383 2982/4138/4227 3006/4137/4226
f 2968/4154/4242 3069/4186/4273 2991/4114/4204
f 3000/4108/4198 2999/4140/4229 2954/2299/2338
f 2997/2368/2407 2998/2367/2406 2951/2460/2499
f 3050/4156/4244 2958/2380/2419 2959/4157/4245
f 3051/4159/4246 3053/2384/2423 2962/2386/2425
f 2873/4093/4183 2869/2428/2467 2877/2427/2466
f 2872/4162/4249 3038/4176/4263 3037/4095/4185
f 2933/4164/4251 2937/4112/4202 3046/2373/2412
f 2928/4147/4235 2930/2475/2514 2929/2476/2515
f 2991/4114/4204 2992/4116/4206 2990/4172/4259
f 2917/4106/4196 3026/4553/4623 3025/2308/2347
f 2950/2398/2437 2951/2298/2337 2952/2297/2336
f 2908/2307/2346 3024/2306/2345 3039/4175/4262
f 3067/2417/2456 2915/2416/2455 2916/2456/2495
f 2978/2330/2369 2977/2329/2368 2981/2424/2463
f 3070/4121/4210 2876/4097/4187 3005/4098/4188
f 2894/4144/4232 2895/2378/2417 2896/4178/4265
f 2989/4100/4190 2890/2447/2486 2891/2446/2485
f 2903/4091/4181 2904/2413/2452 2905/2412/2451
f 3072/4187/4274 3071/4198/4285 3075/4188/4275
f 3098/2500/2539 3099/4203/4290 3084/4190/4277
f 3083/2493/2532 3082/2492/2531 3078/2482/2521
f 3082/2492/2531 3086/2487/2526 3073/4193/4280
f 3109/4195/4282 3110/2496/2535 3108/2495/2534
f 3079/4194/4281 3073/4193/4280 3071/4198/4285
f 3087/2485/2524 3108/2495/2534 3111/4200/4287
f 3077/4201/4288 3095/4556/4626 3094/2480/2519
f 3074/2486/2525 3089/4197/4284 3090/4202/4289
f 3094/2480/2519 3095/4556/4626 3096/2489/2528
f 3078/2482/2521 3079/4194/4281 3080/4199/4286
f 3100/2490/2529 3101/4210/4297 3102/2498/2537
f 3103/4204/4291 3116/4207/4294 3114/4205/4292
f 3107/4196/4283 3109/4195/4282 3085/2491/2530
f 3099/4203/4290 3114/4205/4292 3106/4208/4295
f 3073/4193/4280 3074/2486/2525 3075/4188/4275
f 3083/2493/2532 3081/2481/2520 3094/2480/2519
f 3099/4203/4290 3098/2500/2539 3104/2501/2540
f 3103/4204/4291 3122/2507/2546 3124/4209/4296
f 3101/4210/4297 3120/2506/2545 3119/2499/2538
f 3112/2494/2533 3113/4557/4627 3111/4200/4287
f 3104/2501/2540 3117/2497/2536 3122/2507/2546
f 3090/4202/4289 3091/4558/4628 3088/4191/4278
f 3133/4212/4299 3134/4559/4629 3132/4213/4300
f 3127/2510/2549 3128/4560/4630 3129/2511/2550
f 686/4214/1623 687/4267/1623 688/4215/1623
f 2446/4217/4301 2438/4561/4631 2439/1926/1954
f 3141/4218/4302 2590/2521/2560 3142/4219/4303
f 3139/4221/4305 3142/4219/4303 3148/2514/2553
f 3137/4223/4307 3148/2514/2553 3152/2276/2315
f 3142/4219/4303 3143/2517/2556 3149/2515/2554
f 3148/2514/2553 3150/2513/2552 3153/2512/2551
f 3144/2518/2557 2593/2520/2559 2592/2527/2566
f 3156/4225/4309 3160/4229/4312 3161/4226/4310
f 3157/4227/4309 3158/4562/4311 3159/4228/4311
f 3160/4229/4312 3162/4563/4632 3163/4230/4313
f 644/2996/4174 621/435/2275 2859/442/457
f 3174/2568/2605 3173/2586/2622 3167/2535/2574
f 3185/4231/4314 3170/2531/2570 3166/2533/2572
f 3186/2544/2583 3171/2532/2571 3170/2531/2570
f 3189/4233/4316 3212/2534/2573 3171/2532/2571
f 3199/4234/4317 3200/2558/2597 3197/2557/2596
f 3200/2558/2597 3201/4238/4321 3189/4233/4316
f 3174/2568/2605 3195/4236/4319 3205/2571/2608
f 3195/4236/4319 3174/2568/2605 3186/2569/2606
f 3193/2552/2591 3203/2551/2590 3289/2604/2638
f 3204/2572/2609 3193/2552/2591 3209/2605/2639
f 3199/4234/4317 3210/2578/2615 3211/2613/2647
f 3177/2629/2662 3183/2542/2581 3285/2594/2628
f 3244/2636/2669 3245/4250/4333 3225/2607/2641
f 3243/2624/2658 3247/2626/2660 3248/4248/4331
f 3250/2602/2636 3223/2599/2633 3230/4246/4329
f 3245/4250/4333 3252/2638/2671 3253/2623/2657
f 3260/2635/2668 3262/4253/4336 3252/2638/2671
f 3254/2630/2663 3262/4253/4336 3255/4252/4335
f 3261/2644/2677 3263/2646/2679 3255/4252/4335
f 3263/2648/2681 3264/4254/4337 3248/4248/4331
f 3269/2650/2683 3258/2651/2684 3267/2634/2667
f 3277/2655/2688 3270/2647/2680 3276/2654/2687
f 3166/2533/2572 3212/2534/2573 3190/4257/4340
f 3191/4264/4347 3190/2582/2618 3192/2549/2588
f 3203/2551/2590 3193/2552/2591 3182/2554/2593
f 3594/4216/4350 3591/4214/4350 3592/4267/4350
f 384/238/263 449/2875/4633 383/2861/2955
f 402/2901/3006 3598/4564/3006 417/4268/2993
f 392/235/235 391/2862/2956 447/253/2957
f 398/2866/3000 429/230/2989 428/2888/2989
f 3601/4269/258 457/237/237 401/233/239
f 3793/4369/4452 3792/4373/4456 3616/4379/4462
f 3704/4290/4373 3777/4289/4372 3778/4454/4537
f 3675/4432/4515 3672/4348/4431 3673/4420/4503
f 3699/4302/4385 3664/4301/4384 3701/4380/4463
f 3652/4455/4538 3821/4396/4479 3748/4395/4478
f 3714/4358/4441 3713/4384/4467 3642/4353/4436
f 3779/4464/4547 3611/4287/4370 3665/4286/4369
f 3778/4454/4537 3777/4289/4372 3703/4303/4386
f 3760/4294/4377 3719/4479/4562 3721/4465/4548
f 3757/4350/4433 3758/4417/4500 3759/4466/4549
f 3629/4276/4359 3630/4436/4519 3677/4433/4516
f 3671/4419/4502 3673/4420/4503 3670/4347/4430
f 3709/4325/4408 3696/4315/4398 3707/4314/4397
f 3796/4300/4383 3795/4473/4556 3661/4368/4451
f 3744/4470/4553 3742/4352/4435 3784/4471/4554
f 3779/4464/4547 3778/4454/4537 3699/4302/4385
f 3718/4416/4499 3719/4479/4562 3760/4294/4377
f 3677/4433/4516 3679/4322/4405 3678/4457/4540
f 3713/4384/4467 3714/4358/4441 3715/4351/4434
f 3813/4477/4560 3722/4448/4531 3720/4388/4471
f 3719/4479/4562 3720/4388/4471 3722/4448/4531
f 3747/4444/4527 3821/4396/4479 3746/4401/4484
f 3716/4359/4442 3720/4388/4471 3718/4416/4499
f 3764/4410/4493 3765/4409/4492 3782/4426/4509
f 3680/4321/4404 3685/4397/4480 3683/4320/4403
f 3786/4443/4526 3741/4481/4564 3756/4295/4378
f 3759/4466/4549 3758/4417/4500 3760/4294/4377
f 3771/4344/4427 3759/4466/4549 3761/4293/4376
f 3775/4367/4450 3774/4357/4440 3781/4403/4486
f 3739/4445/4528 3759/4466/4549 3771/4344/4427
f 3686/4304/4387 3685/4397/4480 3636/4430/4513
f 3768/4424/4507 3698/4425/4508 3737/4407/4490
f 3679/4322/4405 3680/4321/4404 3681/4319/4402
f 3655/4406/4489 3809/4565/4634 3820/4483/4566
f 3692/4279/4362 3730/4281/4364 3619/4329/4412
f 3741/4481/4564 3784/4471/4554 3785/4272/4355
f 3748/4395/4478 3752/4429/4512 3650/4440/4523
f 3658/4414/4497 3745/4400/4483 3746/4401/4484
f 3715/4351/4434 3714/4358/4441 3716/4359/4442
f 3689/4307/4390 3711/4316/4399 3712/4331/4414
f 3654/4458/4541 3746/4401/4484 3821/4396/4479
f 3656/4405/4488 3743/4404/4487 3745/4400/4483
f 3622/4270/4353 3742/4352/4435 3743/4404/4487
f 3767/4366/4449 3736/4453/4536 3769/4343/4426
f 3792/4373/4456 3615/4375/4458 3617/4462/4545
f 3773/4342/4425 3761/4293/4376 3762/4292/4375
f 3708/4450/4533 3668/4412/4495 3710/4413/4496
f 3808/4486/4569 3622/4270/4353 3623/4484/4567
f 3726/4446/4529 3722/4448/4531 3812/4422/4505
f 3678/4457/4540 3710/4413/4496 3672/4348/4431
f 3819/4378/4461 3671/4419/4502 3624/4472/4555
f 3647/4421/4504 3646/4476/4559 3649/4451/4534
f 3755/4361/4444 3772/4449/4532 3775/4367/4450
f 3721/4465/4548 3723/4447/4530 3763/4411/4494
f 3740/4360/4443 3620/4297/4380 3803/4341/4424
f 3709/4325/4408 3708/4450/4533 3725/4309/4392
f 2421/4488/4571 2420/1661/1681 2621/1623/1643
f 2712/1657/1677 2842/1656/1676 2766/1519/1540
f 2785/1717/1738 2784/1581/3960 2766/1519/1540
f 2766/1519/1540 2784/1581/3960 2829/1806/4177
