# Blender 5.2.0 LTS
# www.blender.org
mtllib Base.mtl
o Base
v 0.000000 0.000000 0.000000
v 0.332498 0.000000 0.000000
v 0.397871 0.000000 0.397871
v 0.000000 0.000000 0.332498
v 0.000000 0.000000 0.000000
v 0.000000 -0.000000 -0.332498
v 0.397871 -0.000000 -0.397871
v 0.332498 0.000000 0.000000
v 0.165551 0.341774 0.165551
v 0.148676 0.341772 0.180848
v 0.259291 0.285455 0.292768
v 0.276952 0.285456 0.276952
v 0.241064 0.285539 -0.305540
v 0.348780 0.230813 -0.413688
v 0.327813 0.230973 -0.424646
v 0.220292 0.285584 -0.317239
v 0.220292 0.285584 -0.317239
v 0.327813 0.230973 -0.424646
v 0.306307 0.231326 -0.432418
v 0.199624 0.285860 -0.325482
v 0.199624 0.285860 -0.325482
v 0.306307 0.231326 -0.432418
v 0.279085 0.231815 -0.438065
v 0.175197 0.286128 -0.332081
v 0.226361 0.232484 -0.441622
v 0.311909 0.180517 -0.542718
v 0.175626 0.180788 -0.543839
v 0.127173 0.232035 -0.444679
v 0.137460 0.286489 -0.336562
v 0.226361 0.232484 -0.441622
v 0.127173 0.232035 -0.444679
v 0.076197 0.285952 -0.340352
v 0.134247 0.285455 0.338754
v 0.046593 0.341688 0.229180
v 0.023545 0.341641 0.232597
v 0.048229 0.314001 0.286077
v 0.073722 0.285455 0.341308
v 0.452006 0.178369 0.517327
v 0.347720 0.230730 0.414702
v 0.326541 0.230802 0.425827
v 0.430955 0.178586 0.527680
v 0.553462 0.150564 0.415158
v 0.548095 0.167453 0.413261
v 0.540090 0.167350 0.436889
v 0.545236 0.150564 0.439383
v 0.548095 0.167453 0.413261
v 0.535142 0.178941 0.408788
v 0.527680 0.178586 0.430955
v 0.540090 0.167350 0.436889
v 0.439384 0.150564 -0.545236
v 0.415158 0.150564 -0.553462
v 0.413261 0.167453 -0.548095
v 0.436889 0.167350 -0.540090
v 0.480025 0.167255 0.515203
v 0.471444 0.178263 0.504360
v 0.452006 0.178369 0.517327
v 0.459286 0.167286 0.529056
v 0.533923 0.150564 0.462331
v 0.529056 0.167286 0.459286
v 0.515203 0.167255 0.480025
v 0.519707 0.150564 0.483602
v 0.529056 0.167286 0.459286
v 0.517327 0.178369 0.452006
v 0.504360 0.178263 0.471444
v 0.515203 0.167255 0.480025
v 0.378963 0.179599 0.539959
v 0.311909 0.180517 0.542718
v 0.312139 0.167914 0.555823
v 0.382162 0.167646 0.553133
v 0.519707 0.150564 0.483602
v 0.515203 0.167255 0.480025
v 0.498772 0.167254 0.498772
v 0.502839 0.150564 0.502839
v 0.498772 0.167254 0.498772
v 0.480025 0.167255 0.515203
v 0.483602 0.150564 0.519707
v 0.502839 0.150564 0.502839
v 0.488995 0.178260 0.488994
v 0.471444 0.178263 0.504360
v 0.480025 0.167255 0.515203
v 0.498772 0.167254 0.498772
v 0.553133 0.167646 -0.382162
v 0.548095 0.167453 -0.413261
v 0.535142 0.178941 -0.408788
v 0.539959 0.179599 -0.378962
v 0.483602 0.150564 0.519707
v 0.480025 0.167255 0.515203
v 0.459286 0.167286 0.529056
v 0.462331 0.150564 0.533923
v 0.462331 0.150564 0.533923
v 0.459286 0.167286 0.529056
v 0.436889 0.167350 0.540090
v 0.439384 0.150564 0.545236
v 0.452006 0.178369 0.517327
v 0.430955 0.178586 0.527680
v 0.436889 0.167350 0.540090
v 0.459286 0.167286 0.529056
v 0.540090 0.167350 -0.436889
v 0.529056 0.167286 -0.459286
v 0.517327 0.178369 -0.452006
v 0.527680 0.178586 -0.430955
v 0.439384 0.150564 0.545236
v 0.436889 0.167350 0.540090
v 0.413261 0.167453 0.548095
v 0.415157 0.150564 0.553462
v 0.415157 0.150564 0.553462
v 0.413261 0.167453 0.548095
v 0.382162 0.167646 0.553133
v 0.383537 0.150564 0.558591
v 0.382162 0.167646 0.553133
v 0.312139 0.167914 0.555823
v 0.312234 0.150561 0.561252
v 0.383537 0.150564 0.558591
v 0.558591 0.150564 -0.383536
v 0.553462 0.150564 -0.415158
v 0.548095 0.167453 -0.413261
v 0.553133 0.167646 -0.382162
v 0.515203 0.167255 -0.480025
v 0.519706 0.150564 -0.483602
v 0.502839 0.150564 -0.502839
v 0.498772 0.167254 -0.498772
v 0.408788 0.178941 0.535142
v 0.378963 0.179599 0.539959
v 0.382162 0.167646 0.553133
v 0.413261 0.167453 0.548095
v 0.542718 0.180517 -0.311909
v 0.555823 0.167914 -0.312139
v 0.553133 0.167646 -0.382162
v 0.539959 0.179599 -0.378962
v 0.545236 0.150564 -0.439383
v 0.533922 0.150564 -0.462331
v 0.529056 0.167286 -0.459286
v 0.540090 0.167350 -0.436889
v 0.561252 0.150561 -0.312234
v 0.558591 0.150564 -0.383536
v 0.553133 0.167646 -0.382162
v 0.555823 0.167914 -0.312139
v 0.548095 0.167453 -0.413261
v 0.540090 0.167350 -0.436889
v 0.527680 0.178586 -0.430955
v 0.535142 0.178941 -0.408788
v 0.553462 0.150564 -0.415158
v 0.545236 0.150564 -0.439383
v 0.540090 0.167350 -0.436889
v 0.548095 0.167453 -0.413261
v 0.543839 0.180788 -0.175626
v 0.556831 0.167965 -0.175673
v 0.555823 0.167914 -0.312139
v 0.542718 0.180517 -0.311909
v 0.483602 0.150564 -0.519707
v 0.462331 0.150564 -0.533922
v 0.459286 0.167286 -0.529056
v 0.480025 0.167255 -0.515203
v 0.529056 0.167286 -0.459286
v 0.515203 0.167255 -0.480025
v 0.504360 0.178263 -0.471444
v 0.517327 0.178369 -0.452006
v 0.533922 0.150564 -0.462331
v 0.519706 0.150564 -0.483602
v 0.515203 0.167255 -0.480025
v 0.529056 0.167286 -0.459286
v 0.382162 0.167646 -0.553134
v 0.383537 0.150564 -0.558592
v 0.312234 0.150561 -0.561252
v 0.312139 0.167914 -0.555823
v 0.515203 0.167255 -0.480025
v 0.498772 0.167254 -0.498772
v 0.488994 0.178260 -0.488994
v 0.504360 0.178263 -0.471444
v 0.498772 0.167254 -0.498772
v 0.480025 0.167255 -0.515203
v 0.471444 0.178263 -0.504360
v 0.488994 0.178260 -0.488994
v 0.502839 0.150564 -0.502839
v 0.483602 0.150564 -0.519707
v 0.480025 0.167255 -0.515203
v 0.498772 0.167254 -0.498772
v 0.556987 0.167994 -0.000000
v 0.556831 0.167965 -0.175673
v 0.543839 0.180788 -0.175626
v 0.543980 0.180788 -0.000000
v 0.471444 0.178263 -0.504360
v 0.480025 0.167255 -0.515203
v 0.459286 0.167286 -0.529056
v 0.452006 0.178369 -0.517327
v 0.452006 0.178369 -0.517327
v 0.459286 0.167286 -0.529056
v 0.436889 0.167350 -0.540090
v 0.430955 0.178586 -0.527680
v 0.462331 0.150564 -0.533922
v 0.439384 0.150564 -0.545236
v 0.436889 0.167350 -0.540090
v 0.459286 0.167286 -0.529056
v 0.430955 0.178586 0.527680
v 0.408788 0.178941 0.535142
v 0.413261 0.167453 0.548095
v 0.436889 0.167350 0.540090
v 0.430955 0.178586 -0.527680
v 0.436889 0.167350 -0.540090
v 0.413261 0.167453 -0.548095
v 0.408788 0.178941 -0.535142
v 0.413261 0.167453 -0.548095
v 0.382162 0.167646 -0.553134
v 0.378963 0.179599 -0.539959
v 0.408788 0.178941 -0.535142
v 0.378963 0.179599 -0.539959
v 0.382162 0.167646 -0.553134
v 0.312139 0.167914 -0.555823
v 0.311909 0.180517 -0.542718
v -0.553134 0.167646 0.382162
v -0.555823 0.167914 0.312139
v -0.561252 0.150561 0.312234
v -0.558592 0.150564 0.383537
v 0.562234 0.150564 -0.175692
v 0.561252 0.150561 -0.312234
v 0.555823 0.167914 -0.312139
v 0.556831 0.167965 -0.175673
v 0.413261 0.167453 -0.548095
v 0.415158 0.150564 -0.553462
v 0.383537 0.150564 -0.558592
v 0.382162 0.167646 -0.553134
v 0.175626 0.180788 -0.543839
v 0.175673 0.167994 -0.556846
v 0.000000 0.167994 -0.556987
v 0.000000 0.180788 -0.543980
v 0.555823 0.167914 0.312139
v 0.556846 0.167994 0.175673
v 0.543839 0.180788 0.175626
v 0.542718 0.180516 0.311909
v 0.555823 0.167914 0.312139
v 0.561252 0.150561 0.312234
v 0.562234 0.150564 0.175692
v 0.556846 0.167994 0.175673
v 0.562374 0.150564 -0.000000
v 0.562234 0.150564 -0.175692
v 0.556831 0.167965 -0.175673
v 0.556987 0.167994 -0.000000
v 0.175692 0.150564 0.562234
v 0.312234 0.150561 0.561252
v 0.312139 0.167914 0.555823
v 0.175673 0.167965 0.556831
v 0.556846 0.167994 0.175673
v 0.556987 0.167994 -0.000000
v 0.543980 0.180788 -0.000000
v 0.543839 0.180788 0.175626
v 0.562234 0.150564 0.175692
v 0.562374 0.150564 -0.000000
v 0.556987 0.167994 -0.000000
v 0.556846 0.167994 0.175673
v 0.555823 0.167914 0.312139
v 0.542718 0.180516 0.311909
v 0.539959 0.179599 0.378963
v 0.553134 0.167646 0.382162
v 0.175626 0.180687 0.543787
v 0.175673 0.167965 0.556831
v 0.312139 0.167914 0.555823
v 0.311909 0.180517 0.542718
v 0.553134 0.167646 0.382162
v 0.548095 0.167453 0.413261
v 0.553462 0.150564 0.415158
v 0.558592 0.150564 0.383537
v 0.175692 0.150564 -0.562234
v 0.000000 0.150564 -0.562374
v 0.000000 0.167994 -0.556987
v 0.175673 0.167994 -0.556846
v 0.000000 0.150564 0.562374
v 0.175692 0.150564 0.562234
v 0.175673 0.167965 0.556831
v 0.000000 0.167994 0.556987
v 0.000000 0.180788 0.543980
v 0.000000 0.167994 0.556987
v 0.175673 0.167965 0.556831
v 0.175626 0.180687 0.543787
v 0.545236 0.150564 0.439383
v 0.540090 0.167350 0.436889
v 0.529056 0.167286 0.459286
v 0.533923 0.150564 0.462331
v 0.527680 0.178586 0.430955
v 0.517327 0.178369 0.452006
v 0.529056 0.167286 0.459286
v 0.540090 0.167350 0.436889
v 0.312234 0.150561 -0.561252
v 0.175692 0.150564 -0.562234
v 0.175673 0.167994 -0.556846
v 0.312139 0.167914 -0.555823
v 0.311909 0.180517 -0.542718
v 0.312139 0.167914 -0.555823
v 0.175673 0.167994 -0.556846
v 0.175626 0.180788 -0.543839
v 0.553134 0.167646 0.382162
v 0.539959 0.179599 0.378963
v 0.535142 0.178941 0.408788
v 0.548095 0.167453 0.413261
v 0.504360 0.178263 0.471444
v 0.488995 0.178260 0.488994
v 0.498772 0.167254 0.498772
v 0.515203 0.167255 0.480025
v 0.223132 0.231445 0.443825
v 0.134247 0.285455 0.338754
v 0.073722 0.285455 0.341308
v 0.099214 0.256910 0.396540
v 0.124685 0.231502 0.445622
v 0.306307 0.231326 -0.432418
v 0.408788 0.178941 -0.535142
v 0.378963 0.179599 -0.539959
v 0.279085 0.231815 -0.438065
v 0.304213 0.230920 0.434302
v 0.197540 0.285455 0.327357
v 0.172708 0.285455 0.334180
v 0.276583 0.231140 0.440174
v 0.276583 0.231140 0.440174
v 0.172708 0.285455 0.334180
v 0.134247 0.285455 0.338754
v 0.223132 0.231445 0.443825
v 0.347720 0.230730 0.414702
v 0.240008 0.285455 0.306550
v 0.219338 0.285455 0.318124
v 0.326541 0.230802 0.425827
v 0.130387 0.341768 -0.194421
v 0.241064 0.285539 -0.305540
v 0.220292 0.285584 -0.317239
v 0.110865 0.341758 -0.206141
v 0.127173 0.232035 -0.444679
v 0.175626 0.180788 -0.543839
v 0.000000 0.180788 -0.543980
v 0.000000 0.231530 -0.446103
v 0.279085 0.231815 -0.438065
v 0.378963 0.179599 -0.539959
v 0.311909 0.180517 -0.542718
v 0.226361 0.232484 -0.441622
v 0.367918 0.230708 -0.400595
v 0.471444 0.178263 -0.504360
v 0.452006 0.178369 -0.517327
v 0.348780 0.230813 -0.413688
v 0.327813 0.230973 -0.424646
v 0.430955 0.178586 -0.527680
v 0.408788 0.178941 -0.535142
v 0.306307 0.231326 -0.432418
v 0.090296 0.341745 -0.215894
v 0.199624 0.285860 -0.325482
v 0.175197 0.286128 -0.332081
v 0.068852 0.341725 -0.223589
v 0.311909 0.180517 0.542718
v 0.223132 0.231445 0.443825
v 0.124685 0.231502 0.445622
v 0.150155 0.206095 0.494705
v 0.175626 0.180687 0.543787
v 0.408788 0.178941 0.535142
v 0.304213 0.230920 0.434302
v 0.276583 0.231140 0.440174
v 0.378963 0.179599 0.539959
v 0.385276 0.230694 0.385276
v 0.488995 0.178260 0.488994
v 0.504360 0.178263 0.471444
v 0.400595 0.230708 0.367918
v 0.471444 0.178263 0.504360
v 0.367387 0.230694 0.401118
v 0.347720 0.230730 0.414702
v 0.452006 0.178369 0.517327
v 0.276952 0.285456 -0.276952
v 0.385276 0.230694 -0.385276
v 0.367918 0.230708 -0.400595
v 0.259820 0.285469 -0.292248
v 0.430955 0.178586 0.527680
v 0.326541 0.230802 0.425827
v 0.304213 0.230920 0.434302
v 0.408788 0.178941 0.535142
v 0.023544 0.341642 -0.232595
v 0.076197 0.285952 -0.340352
v 0.000000 0.285450 -0.342098
v 0.000000 0.341621 -0.233750
v 0.165546 0.341777 -0.165546
v 0.276952 0.285456 -0.276952
v 0.259820 0.285469 -0.292248
v 0.148672 0.341774 -0.180844
v 0.172708 0.285455 0.334180
v 0.068853 0.341724 0.223591
v 0.046593 0.341688 0.229180
v 0.134247 0.285455 0.338754
v 0.378963 0.179599 0.539959
v 0.276583 0.231140 0.440174
v 0.223132 0.231445 0.443825
v 0.311909 0.180517 0.542718
v 0.219338 0.285455 0.318124
v 0.110868 0.341757 0.206144
v 0.090298 0.341744 0.215896
v 0.197540 0.285455 0.327357
v 0.046592 0.341688 -0.229179
v 0.137460 0.286489 -0.336562
v 0.076197 0.285952 -0.340352
v 0.023544 0.341642 -0.232595
v 0.068852 0.341725 -0.223589
v 0.175197 0.286128 -0.332081
v 0.137460 0.286489 -0.336562
v 0.046592 0.341688 -0.229179
v 0.488995 0.178260 0.488994
v 0.385276 0.230694 0.385276
v 0.367387 0.230694 0.401118
v 0.471444 0.178263 0.504360
v 0.110865 0.341758 -0.206141
v 0.220292 0.285584 -0.317239
v 0.199624 0.285860 -0.325482
v 0.090296 0.341745 -0.215894
v 0.259291 0.285455 0.292768
v 0.148676 0.341772 0.180848
v 0.130390 0.341766 0.194424
v 0.240008 0.285455 0.306550
v 0.148672 0.341774 -0.180844
v 0.259820 0.285469 -0.292248
v 0.241064 0.285539 -0.305540
v 0.130387 0.341768 -0.194421
v 0.326541 0.230802 0.425827
v 0.219338 0.285455 0.318124
v 0.197540 0.285455 0.327357
v 0.304213 0.230920 0.434302
v 0.165546 0.341777 -0.165546
v 0.180844 0.341774 -0.148672
v 0.292248 0.285469 -0.259820
v 0.276952 0.285456 -0.276952
v 0.348780 0.230813 -0.413688
v 0.452006 0.178369 -0.517327
v 0.430955 0.178586 -0.527680
v 0.327813 0.230973 -0.424646
v 0.175197 0.286128 -0.332081
v 0.279085 0.231815 -0.438065
v 0.226361 0.232484 -0.441622
v 0.137460 0.286489 -0.336562
v 0.259820 0.285469 -0.292248
v 0.367918 0.230708 -0.400595
v 0.348780 0.230813 -0.413688
v 0.241064 0.285539 -0.305540
v 0.197540 0.285455 0.327357
v 0.090298 0.341744 0.215896
v 0.068853 0.341724 0.223591
v 0.172708 0.285455 0.334180
v 0.076197 0.285952 -0.340352
v 0.127173 0.232035 -0.444679
v 0.000000 0.231530 -0.446103
v 0.000000 0.285450 -0.342098
v 0.240008 0.285455 0.306550
v 0.130390 0.341766 0.194424
v 0.110868 0.341757 0.206144
v 0.219338 0.285455 0.318124
v 0.385276 0.230694 -0.385276
v 0.488994 0.178260 -0.488994
v 0.471444 0.178263 -0.504360
v 0.367918 0.230708 -0.400595
v 0.021827 0.193394 0.482807
v 0.012491 0.191916 0.475971
v 0.007363 0.189539 0.480522
v 0.012752 0.189189 0.490862
v 0.012575 0.303975 0.269422
v 0.017716 0.302176 0.272926
v 0.020839 0.314275 0.275635
v 0.014772 0.316463 0.271533
v 0.007363 0.189539 0.480522
v 0.000000 0.188651 0.482191
v 0.000000 0.187622 0.493805
v 0.012752 0.189189 0.490862
v 0.025179 0.199246 0.471539
v 0.028584 0.206373 0.484093
v 0.029576 0.209861 0.477364
v 0.025033 0.293990 0.288763
v 0.025179 0.199246 0.471539
v 0.029576 0.209861 0.477364
v 0.029549 0.227255 0.443778
v 0.029510 0.252636 0.394770
v 0.029466 0.281181 0.339574
v 0.029429 0.304729 0.293999
v 0.021827 0.193394 0.482807
v 0.012752 0.189189 0.490862
v 0.014955 0.198208 0.499896
v 0.021015 0.200343 0.495757
v 0.025033 0.293990 0.288763
v 0.014348 0.289702 0.287339
v 0.014493 0.195604 0.468869
v 0.025179 0.199246 0.471539
v 0.006603 0.195819 0.468404
v 0.005596 0.193727 0.472433
v 0.012491 0.191916 0.475971
v 0.014493 0.195604 0.468869
v 0.000000 0.187622 0.493805
v 0.000000 0.196414 0.503390
v 0.007895 0.196867 0.502499
v 0.012752 0.189189 0.490862
v 0.000000 0.187622 0.493805
v 0.007895 0.196867 0.502499
v 0.014955 0.198208 0.499896
v 0.007199 0.295725 0.275675
v 0.012575 0.303975 0.269422
v 0.006597 0.305097 0.267220
v 0.024145 0.297076 0.282804
v 0.021662 0.299823 0.277490
v 0.012334 0.293378 0.280234
v 0.014348 0.289702 0.287339
v 0.017716 0.302176 0.272926
v 0.021662 0.299823 0.277490
v 0.025496 0.311448 0.280996
v 0.020839 0.314275 0.275635
v 0.024145 0.297076 0.282804
v 0.025033 0.293990 0.288763
v 0.029429 0.304729 0.293999
v 0.028426 0.308191 0.287259
v 0.000000 0.305468 0.266461
v 0.006597 0.305097 0.267220
v 0.007708 0.317863 0.268973
v 0.000000 0.318381 0.268126
v 0.003225 0.292541 0.281791
v 0.005445 0.291527 0.283762
v 0.012334 0.293378 0.280234
v 0.007199 0.295725 0.275675
v 0.025179 0.199246 0.471539
v 0.021827 0.193394 0.482807
v 0.025664 0.203126 0.490365
v 0.028584 0.206373 0.484093
v 0.021662 0.299823 0.277490
v 0.024145 0.297076 0.282804
v 0.028426 0.308191 0.287259
v 0.025496 0.311448 0.280996
v 0.021827 0.193394 0.482807
v 0.021015 0.200343 0.495757
v 0.025664 0.203126 0.490365
v -0.006597 0.305097 0.267220
v -0.012575 0.303975 0.269422
v -0.007199 0.295725 0.275675
v 0.006597 0.305097 0.267220
v 0.012575 0.303975 0.269422
v 0.014772 0.316463 0.271533
v 0.007708 0.317863 0.268973
v 0.005598 0.193159 0.472139
v 0.006605 0.195250 0.468110
v 0.006634 0.186587 0.463619
v 0.005626 0.184496 0.467648
v 0.029549 0.227255 0.443778
v 0.034347 0.231522 0.445984
v 0.034307 0.256901 0.396973
v 0.029510 0.252636 0.394770
v 0.034263 0.285441 0.341773
v 0.029466 0.281181 0.339574
v 0.029510 0.252636 0.394770
v 0.034307 0.256901 0.396973
v 0.028426 0.308191 0.287259
v 0.033099 0.312959 0.288312
v 0.029683 0.316769 0.281017
v 0.025496 0.311448 0.280996
v 0.024254 0.320100 0.274786
v 0.020839 0.314275 0.275635
v 0.025496 0.311448 0.280996
v 0.029683 0.316769 0.281017
v 0.029576 0.209861 0.477364
v 0.034374 0.213982 0.479852
v 0.034347 0.231522 0.445984
v 0.029549 0.227255 0.443778
v 0.009129 0.198977 0.508879
v 0.017370 0.200554 0.505844
v 0.014955 0.198208 0.499896
v 0.007895 0.196867 0.502499
v 0.017181 0.322651 0.270005
v 0.014772 0.316463 0.271533
v 0.020839 0.314275 0.275635
v 0.024254 0.320100 0.274786
v 0.033258 0.210063 0.487416
v 0.028584 0.206373 0.484093
v 0.025664 0.203126 0.490365
v 0.029854 0.206267 0.494724
v 0.034227 0.309118 0.295915
v 0.029429 0.304729 0.293999
v 0.029466 0.281181 0.339574
v 0.034263 0.285441 0.341773
v 0.007708 0.317863 0.268973
v 0.008942 0.324285 0.267016
v 0.000000 0.324870 0.266021
v 0.000000 0.318381 0.268126
v 0.029576 0.209861 0.477364
v 0.028584 0.206373 0.484093
v 0.033258 0.210063 0.487416
v 0.034374 0.213982 0.479852
v 0.007708 0.317863 0.268973
v 0.014772 0.316463 0.271533
v 0.017181 0.322651 0.270005
v 0.008942 0.324285 0.267016
v 0.014955 0.198208 0.499896
v 0.017370 0.200554 0.505844
v 0.024435 0.203038 0.501016
v 0.021015 0.200343 0.495757
v 0.034227 0.309118 0.295915
v 0.033099 0.312959 0.288312
v 0.028426 0.308191 0.287259
v 0.029429 0.304729 0.293999
v 0.021015 0.200343 0.495757
v 0.024435 0.203038 0.501016
v 0.029854 0.206267 0.494724
v 0.025664 0.203126 0.490365
v 0.000000 0.198484 0.509933
v 0.000000 0.196414 0.503390
v -0.007895 0.196867 0.502499
v -0.009129 0.198977 0.508879
v -0.029510 0.252636 0.394770
v -0.034307 0.256901 0.396973
v -0.034347 0.231522 0.445984
v -0.029549 0.227255 0.443778
v 0.034263 0.285441 0.341773
v 0.073722 0.285455 0.341308
v 0.048229 0.314001 0.286077
v 0.033099 0.312959 0.288312
v 0.034227 0.309118 0.295915
v 0.099214 0.256910 0.396540
v 0.073722 0.285455 0.341308
v 0.034263 0.285441 0.341773
v 0.034307 0.256901 0.396973
v 0.124685 0.231502 0.445622
v 0.099214 0.256910 0.396540
v 0.034307 0.256901 0.396973
v 0.034347 0.231522 0.445984
v 0.150155 0.206095 0.494705
v 0.124685 0.231502 0.445622
v 0.034347 0.231522 0.445984
v 0.034374 0.213982 0.479852
v 0.033258 0.210063 0.487416
v 0.029854 0.206267 0.494724
v 0.000000 0.198484 0.509933
v 0.000000 0.180788 0.543980
v 0.175626 0.180687 0.543787
v 0.150155 0.206095 0.494705
v 0.029854 0.206267 0.494724
v 0.024435 0.203038 0.501016
v 0.017370 0.200554 0.505844
v 0.009129 0.198977 0.508879
v 0.000000 0.292910 0.281059
v 0.003225 0.292541 0.281791
v 0.007199 0.295725 0.275675
v 0.000000 0.296571 0.273997
v 0.005596 0.193727 0.472433
v 0.003379 0.192700 0.474401
v 0.007363 0.189539 0.480522
v 0.012491 0.191916 0.475971
v 0.003379 0.192700 0.474401
v 0.000000 0.192312 0.475129
v 0.000000 0.188651 0.482191
v 0.007363 0.189539 0.480522
v 0.006458 0.289441 0.287792
v 0.006603 0.195819 0.468404
v 0.014493 0.195604 0.468869
v 0.014348 0.289702 0.287339
v 0.000000 0.191744 0.474834
v 0.003381 0.192131 0.474106
v 0.003410 0.183468 0.469616
v 0.000000 0.183081 0.470344
v 0.005445 0.291527 0.283762
v 0.006458 0.289441 0.287792
v 0.014348 0.289702 0.287339
v 0.012334 0.293378 0.280234
v 0.005447 0.290958 0.283467
v 0.003227 0.291973 0.281497
v 0.003255 0.283310 0.277006
v 0.005475 0.282296 0.278977
v 0.006460 0.288873 0.287498
v 0.005447 0.290958 0.283467
v 0.005475 0.282296 0.278977
v 0.006489 0.280210 0.283007
v 0.003227 0.291973 0.281497
v 0.000000 0.292342 0.280764
v 0.000000 0.283679 0.276274
v 0.003255 0.283310 0.277006
v 0.003381 0.192131 0.474106
v 0.005598 0.193159 0.472139
v 0.005626 0.184496 0.467648
v 0.003410 0.183468 0.469616
v -0.025179 0.199246 0.471539
v -0.021827 0.193394 0.482807
v -0.012491 0.191916 0.475971
v -0.014493 0.195604 0.468869
v -0.017716 0.302176 0.272926
v -0.021662 0.299823 0.277490
v -0.012334 0.293378 0.280234
v 0.006605 0.195250 0.468110
v 0.006460 0.288873 0.287498
v 0.006489 0.280210 0.283007
v 0.006634 0.186587 0.463619
v 0.194409 0.342546 -0.019148
v 0.196698 0.340913 -0.019373
v 0.193852 0.340913 -0.038560
v 0.191596 0.342546 -0.038111
v 0.191596 0.342546 0.038111
v 0.193852 0.340913 0.038560
v 0.196698 0.340913 0.019373
v 0.194409 0.342546 0.019148
v 0.186937 0.342546 0.056707
v 0.189139 0.340913 0.057375
v 0.193852 0.340913 0.038560
v 0.191596 0.342546 0.038111
v 0.108531 0.342546 0.162428
v 0.109809 0.340913 0.164340
v 0.125387 0.340913 0.152785
v 0.123928 0.342546 0.151007
v 0.092087 0.342546 0.172283
v 0.093171 0.340913 0.174311
v 0.109809 0.340913 0.164340
v 0.108531 0.342546 0.162428
v 0.191596 0.342546 -0.038111
v 0.193852 0.340913 -0.038560
v 0.189139 0.340913 -0.057375
v 0.186937 0.342546 -0.056707
v 0.074757 0.342546 -0.180480
v 0.075637 0.340913 -0.182605
v 0.057375 0.340913 -0.189139
v 0.056707 0.342546 -0.186937
v 0.092087 0.342546 -0.172283
v 0.093171 0.340913 -0.174311
v 0.075637 0.340913 -0.182605
v 0.074757 0.342546 -0.180480
v 0.229163 0.341682 0.046720
v 0.226901 0.340901 0.045311
v 0.221407 0.340898 0.067328
v 0.223592 0.341718 0.068886
v 0.148676 0.341772 0.180848
v 0.146874 0.340894 0.178917
v 0.128652 0.340895 0.192430
v 0.130390 0.341766 0.194424
v 0.130390 0.341766 0.194424
v 0.128652 0.340895 0.192430
v 0.109193 0.340895 0.204087
v 0.110868 0.341757 0.206144
v 0.223579 0.341730 -0.068842
v 0.221406 0.340900 -0.067322
v 0.226899 0.340904 -0.045290
v 0.229164 0.341696 -0.046580
v 0.068852 0.341725 -0.223589
v 0.067323 0.340899 -0.221407
v 0.088685 0.340897 -0.213778
v 0.090296 0.341745 -0.215894
v 0.090296 0.341745 -0.215894
v 0.088685 0.340897 -0.213778
v 0.109192 0.340896 -0.204086
v 0.110865 0.341758 -0.206141
v 0.232594 0.341639 0.023634
v 0.230219 0.340902 0.022789
v 0.226901 0.340901 0.045311
v 0.229163 0.341682 0.046720
v 0.229164 0.341696 -0.046580
v 0.226899 0.340904 -0.045290
v 0.230223 0.340901 -0.022694
v 0.232633 0.341624 -0.023030
v 0.195350 0.342546 -0.000000
v 0.197650 0.340913 -0.000000
v 0.196698 0.340913 -0.019373
v 0.194409 0.342546 -0.019148
v 0.038111 0.342546 -0.191596
v 0.038560 0.340913 -0.193852
v 0.019373 0.340913 -0.196698
v 0.019148 0.342546 -0.194409
v 0.194409 0.342546 0.019148
v 0.196698 0.340913 0.019373
v 0.197650 0.340913 -0.000000
v 0.195350 0.342546 -0.000000
v 0.180480 0.342546 0.074757
v 0.182605 0.340913 0.075637
v 0.189139 0.340913 0.057375
v 0.186937 0.342546 0.056707
v 0.172283 0.342546 0.092087
v 0.174311 0.340913 0.093171
v 0.182605 0.340913 0.075637
v 0.180480 0.342546 0.074757
v 0.074757 0.342546 0.180480
v 0.075637 0.340913 0.182605
v 0.093171 0.340913 0.174311
v 0.092087 0.342546 0.172283
v 0.056707 0.342546 0.186938
v 0.057375 0.340913 0.189139
v 0.075637 0.340913 0.182605
v 0.074757 0.342546 0.180480
v 0.172283 0.342546 -0.092087
v 0.174311 0.340913 -0.093171
v 0.164340 0.340913 -0.109809
v 0.162428 0.342546 -0.108531
v 0.162428 0.342546 -0.108531
v 0.164340 0.340913 -0.109809
v 0.152785 0.340913 -0.125387
v 0.151007 0.342546 -0.123928
v 0.056707 0.342546 -0.186937
v 0.057375 0.340913 -0.189139
v 0.038560 0.340913 -0.193852
v 0.038111 0.342546 -0.191596
v 0.215903 0.341740 0.090305
v 0.213779 0.340896 0.088687
v 0.204087 0.340895 0.109193
v 0.206148 0.341754 0.110872
v 0.110868 0.341757 0.206144
v 0.109193 0.340895 0.204087
v 0.088686 0.340897 0.213779
v 0.090298 0.341744 0.215896
v 0.090298 0.341744 0.215896
v 0.088686 0.340897 0.213779
v 0.067324 0.340899 0.221407
v 0.068853 0.341724 0.223591
v 0.180844 0.341774 -0.148672
v 0.178917 0.340895 -0.146873
v 0.192429 0.340895 -0.128651
v 0.194418 0.341770 -0.130384
v 0.194418 0.341770 -0.130384
v 0.192429 0.340895 -0.128651
v 0.204086 0.340896 -0.109192
v 0.206136 0.341760 -0.110861
v 0.046592 0.341688 -0.229179
v 0.045292 0.340902 -0.226904
v 0.067323 0.340899 -0.221407
v 0.068852 0.341725 -0.223589
v 0.233760 0.341615 -0.000000
v 0.231330 0.340903 -0.000000
v 0.230219 0.340902 0.022789
v 0.232594 0.341639 0.023634
v 0.223592 0.341718 0.068886
v 0.221407 0.340898 0.067328
v 0.213779 0.340896 0.088687
v 0.215903 0.341740 0.090305
v 0.232633 0.341624 -0.023030
v 0.230223 0.340901 -0.022694
v 0.231330 0.340903 -0.000000
v 0.233760 0.341615 -0.000000
v 0.023544 0.341642 -0.232595
v 0.022775 0.340903 -0.230220
v 0.045292 0.340902 -0.226904
v 0.046592 0.341688 -0.229179
v 0.019148 0.342546 0.194409
v 0.019373 0.340913 0.196698
v 0.038560 0.340913 0.193852
v 0.038111 0.342546 0.191596
v 0.000000 0.342546 0.195350
v 0.000000 0.340913 0.197650
v 0.019373 0.340913 0.196698
v 0.019148 0.342546 0.194409
v 0.162427 0.342546 0.108531
v 0.164340 0.340913 0.109809
v 0.174311 0.340913 0.093171
v 0.172283 0.342546 0.092087
v 0.151007 0.342546 0.123928
v 0.152785 0.340913 0.125388
v 0.164340 0.340913 0.109809
v 0.162427 0.342546 0.108531
v 0.038111 0.342546 0.191596
v 0.038560 0.340913 0.193852
v 0.057375 0.340913 0.189139
v 0.056707 0.342546 0.186938
v 0.206148 0.341754 0.110872
v 0.204087 0.340895 0.109193
v 0.192430 0.340894 0.128652
v 0.194427 0.341765 0.130393
v 0.194427 0.341765 0.130393
v 0.192430 0.340894 0.128652
v 0.178918 0.340894 0.146874
v 0.180849 0.341772 0.148678
v 0.068853 0.341724 0.223591
v 0.067324 0.340899 0.221407
v 0.045292 0.340901 0.226904
v 0.046593 0.341688 0.229180
v 0.148672 0.341774 -0.180844
v 0.146873 0.340895 -0.178917
v 0.163683 0.340894 -0.163683
v 0.165546 0.341777 -0.165546
v 0.165546 0.341777 -0.165546
v 0.163683 0.340894 -0.163683
v 0.178917 0.340895 -0.146873
v 0.180844 0.341774 -0.148672
v 0.046593 0.341688 0.229180
v 0.045292 0.340901 0.226904
v 0.022775 0.340903 0.230220
v 0.023545 0.341641 0.232597
v 0.023545 0.341641 0.232597
v 0.022775 0.340903 0.230220
v 0.000000 0.340903 0.231330
v 0.000000 0.341619 0.233751
v 0.019148 0.342546 -0.194409
v 0.019373 0.340913 -0.196698
v 0.000000 0.340913 -0.197650
v 0.000000 0.342546 -0.195350
v 0.138133 0.342546 0.138133
v 0.139760 0.340913 0.139760
v 0.152785 0.340913 0.125388
v 0.151007 0.342546 0.123928
v 0.123928 0.342546 0.151007
v 0.125387 0.340913 0.152785
v 0.139760 0.340913 0.139760
v 0.138133 0.342546 0.138133
v 0.180480 0.342546 -0.074757
v 0.182605 0.340913 -0.075637
v 0.174311 0.340913 -0.093171
v 0.172283 0.342546 -0.092087
v 0.186937 0.342546 -0.056707
v 0.189139 0.340913 -0.057375
v 0.182605 0.340913 -0.075637
v 0.180480 0.342546 -0.074757
v 0.108531 0.342546 -0.162428
v 0.109809 0.340913 -0.164340
v 0.093171 0.340913 -0.174311
v 0.092087 0.342546 -0.172283
v 0.123928 0.342546 -0.151007
v 0.125387 0.340913 -0.152785
v 0.109809 0.340913 -0.164340
v 0.108531 0.342546 -0.162428
v 0.180849 0.341772 0.148678
v 0.178918 0.340894 0.146874
v 0.163684 0.340894 0.163684
v 0.165551 0.341774 0.165551
v 0.165551 0.341774 0.165551
v 0.163684 0.340894 0.163684
v 0.146874 0.340894 0.178917
v 0.148676 0.341772 0.180848
v 0.206136 0.341760 -0.110861
v 0.204086 0.340896 -0.109192
v 0.213777 0.340897 -0.088684
v 0.215894 0.341745 -0.090296
v 0.215894 0.341745 -0.090296
v 0.213777 0.340897 -0.088684
v 0.221406 0.340900 -0.067322
v 0.223579 0.341730 -0.068842
v 0.110865 0.341758 -0.206141
v 0.109192 0.340896 -0.204086
v 0.128652 0.340895 -0.192429
v 0.130387 0.341768 -0.194421
v 0.130387 0.341768 -0.194421
v 0.128652 0.340895 -0.192429
v 0.146873 0.340895 -0.178917
v 0.148672 0.341774 -0.180844
v 0.000000 0.341621 -0.233750
v 0.000000 0.340903 -0.231330
v 0.022775 0.340903 -0.230220
v 0.023544 0.341642 -0.232595
v 0.138127 0.342546 -0.138127
v 0.139754 0.340913 -0.139754
v 0.125387 0.340913 -0.152785
v 0.123928 0.342546 -0.151007
v 0.151007 0.342546 -0.123928
v 0.152785 0.340913 -0.125387
v 0.139754 0.340913 -0.139754
v 0.138127 0.342546 -0.138127
v 0.033099 0.312959 0.288312
v 0.048229 0.314001 0.286077
v 0.023545 0.341641 0.232597
v 0.000000 0.341619 0.233751
v 0.000000 0.324870 0.266021
v 0.008942 0.324285 0.267016
v 0.017181 0.322651 0.270005
v 0.024254 0.320100 0.274786
v 0.029683 0.316769 0.281017
v 0.129085 0.210823 0.103997
v 0.127175 0.210823 0.113598
v 0.127175 0.333123 0.113598
v 0.129085 0.333123 0.103997
v 0.103997 0.210823 -0.129085
v 0.113598 0.210823 -0.127175
v 0.113598 0.333123 -0.127175
v 0.103997 0.333123 -0.129085
v 0.113598 0.210823 -0.127175
v 0.121737 0.210823 -0.121737
v 0.121737 0.333123 -0.121737
v 0.113598 0.333123 -0.127175
v 0.129085 0.210823 -0.000000
v 0.129085 0.210823 0.103997
v 0.129085 0.333123 0.103997
v 0.129085 0.333123 -0.000000
v 0.103997 0.210823 -0.129085
v 0.103997 0.333123 -0.129085
v 0.000000 0.333123 -0.129085
v 0.000000 0.210823 -0.129085
v 0.103997 0.210823 0.129085
v 0.000000 0.210823 0.129085
v 0.000000 0.333123 0.129085
v 0.103997 0.333123 0.129085
v 0.129085 0.210823 -0.000000
v 0.129085 0.333123 -0.000000
v 0.129085 0.333123 -0.103997
v 0.129085 0.210823 -0.103997
v 0.127175 0.210823 0.113598
v 0.121737 0.210823 0.121737
v 0.121737 0.333123 0.121737
v 0.127175 0.333123 0.113598
v 0.121737 0.210823 0.121737
v 0.113598 0.210823 0.127175
v 0.113598 0.333123 0.127175
v 0.121737 0.333123 0.121737
v 0.113598 0.210823 0.127175
v 0.103997 0.210823 0.129085
v 0.103997 0.333123 0.129085
v 0.113598 0.333123 0.127175
v 0.121737 0.210823 -0.121737
v 0.127175 0.210823 -0.113598
v 0.127175 0.333123 -0.113598
v 0.121737 0.333123 -0.121737
v 0.127175 0.210823 -0.113598
v 0.129085 0.210823 -0.103997
v 0.129085 0.333123 -0.103997
v 0.127175 0.333123 -0.113598
v 0.383317 0.008071 0.550558
v 0.384036 0.027556 0.558602
v 0.312885 0.027559 0.561251
v 0.312744 0.008072 0.553183
v 0.176083 0.027556 0.562233
v 0.176054 0.008071 0.554163
v 0.312744 0.008072 0.553183
v 0.312885 0.027559 0.561251
v 0.176054 0.008071 0.554163
v 0.175984 0.000000 0.534679
v 0.312405 0.000000 0.533700
v 0.312744 0.008072 0.553183
v 0.429266 -0.000000 -0.519786
v 0.436714 0.008071 -0.537823
v 0.458633 0.008071 -0.527017
v 0.448889 -0.000000 -0.510111
v 0.436714 0.008071 -0.537823
v 0.439751 0.027556 -0.545287
v 0.462630 0.027556 -0.534008
v 0.458633 0.008071 -0.527017
v 0.483838 0.027556 -0.519834
v 0.478951 0.008071 -0.513438
v 0.458633 0.008071 -0.527017
v 0.462630 0.027556 -0.534008
v 0.478951 0.008071 -0.513438
v 0.467080 -0.000000 -0.497955
v 0.448889 -0.000000 -0.510111
v 0.458633 0.008071 -0.527017
v 0.531132 0.000000 0.381423
v 0.550558 0.008071 0.383317
v 0.545634 0.008071 0.413711
v 0.526662 0.000000 0.409017
v 0.550558 0.008071 0.383317
v 0.558604 0.027556 0.384036
v 0.553490 0.027556 0.415598
v 0.545634 0.008071 0.413711
v 0.545287 0.027556 0.439751
v 0.537823 0.008071 0.436714
v 0.545634 0.008071 0.413711
v 0.553490 0.027556 0.415598
v 0.537823 0.008071 0.436714
v 0.519786 0.000000 0.429266
v 0.526662 0.000000 0.409017
v 0.545634 0.008071 0.413711
v 0.478951 0.008071 -0.513438
v 0.497326 0.008071 -0.497326
v 0.483531 -0.000000 -0.483530
v 0.467080 -0.000000 -0.497955
v 0.483838 0.027556 -0.519834
v 0.503017 0.027556 -0.503017
v 0.497326 0.008071 -0.497326
v 0.478951 0.008071 -0.513438
v 0.519834 0.027556 -0.483838
v 0.513438 0.008071 -0.478951
v 0.497326 0.008071 -0.497326
v 0.503017 0.027556 -0.503017
v 0.513438 0.008071 -0.478951
v 0.497954 -0.000000 -0.467080
v 0.483531 -0.000000 -0.483530
v 0.497326 0.008071 -0.497326
v 0.537823 0.008071 0.436714
v 0.527016 0.008071 0.458633
v 0.510111 0.000000 0.448889
v 0.519786 0.000000 0.429266
v 0.545287 0.027556 0.439751
v 0.534008 0.027556 0.462630
v 0.527016 0.008071 0.458633
v 0.537823 0.008071 0.436714
v 0.519834 0.027556 0.483838
v 0.513438 0.008071 0.478951
v 0.527016 0.008071 0.458633
v 0.534008 0.027556 0.462630
v 0.513438 0.008071 0.478951
v 0.497955 0.000000 0.467080
v 0.510111 0.000000 0.448889
v 0.527016 0.008071 0.458633
v 0.513438 0.008071 -0.478951
v 0.527017 0.008071 -0.458633
v 0.510111 -0.000000 -0.448889
v 0.497954 -0.000000 -0.467080
v 0.519834 0.027556 -0.483838
v 0.534008 0.027556 -0.462630
v 0.527017 0.008071 -0.458633
v 0.513438 0.008071 -0.478951
v 0.545288 0.027556 -0.439751
v 0.537823 0.008071 -0.436714
v 0.527017 0.008071 -0.458633
v 0.534008 0.027556 -0.462630
v 0.537823 0.008071 -0.436714
v 0.519786 -0.000000 -0.429266
v 0.510111 -0.000000 -0.448889
v 0.527017 0.008071 -0.458633
v 0.562234 0.027556 0.176083
v 0.554163 0.008071 0.176054
v 0.554303 0.008071 -0.000000
v 0.562374 0.027556 -0.000000
v 0.554163 0.008071 0.176054
v 0.534678 0.000000 0.175984
v 0.534818 0.000000 0.000000
v 0.554303 0.008071 -0.000000
v 0.513438 0.008071 0.478951
v 0.497326 0.008071 0.497326
v 0.483530 0.000000 0.483530
v 0.497955 0.000000 0.467080
v 0.519834 0.027556 0.483838
v 0.503017 0.027556 0.503017
v 0.497326 0.008071 0.497326
v 0.513438 0.008071 0.478951
v 0.483838 0.027556 0.519834
v 0.478951 0.008071 0.513438
v 0.497326 0.008071 0.497326
v 0.503017 0.027556 0.503017
v 0.478951 0.008071 0.513438
v 0.467080 0.000000 0.497955
v 0.483530 0.000000 0.483530
v 0.497326 0.008071 0.497326
v 0.534679 -0.000000 -0.175984
v 0.554163 0.008071 -0.176054
v 0.554303 0.008071 -0.000000
v 0.534818 0.000000 0.000000
v 0.554163 0.008071 -0.176054
v 0.562233 0.027556 -0.176083
v 0.562374 0.027556 -0.000000
v 0.554303 0.008071 -0.000000
v 0.537823 0.008071 -0.436714
v 0.545634 0.008071 -0.413711
v 0.526662 -0.000000 -0.409017
v 0.519786 -0.000000 -0.429266
v 0.545288 0.027556 -0.439751
v 0.553489 0.027556 -0.415598
v 0.545634 0.008071 -0.413711
v 0.537823 0.008071 -0.436714
v 0.558602 0.027556 -0.384036
v 0.550558 0.008071 -0.383317
v 0.545634 0.008071 -0.413711
v 0.553489 0.027556 -0.415598
v 0.550558 0.008071 -0.383317
v 0.531132 -0.000000 -0.381422
v 0.526662 -0.000000 -0.409017
v 0.545634 0.008071 -0.413711
v 0.478951 0.008071 0.513438
v 0.458633 0.008071 0.527016
v 0.448889 0.000000 0.510111
v 0.467080 0.000000 0.497955
v 0.483838 0.027556 0.519834
v 0.462630 0.027556 0.534008
v 0.458633 0.008071 0.527016
v 0.478951 0.008071 0.513438
v 0.439751 0.027556 0.545287
v 0.436714 0.008071 0.537823
v 0.458633 0.008071 0.527016
v 0.462630 0.027556 0.534008
v 0.436714 0.008071 0.537823
v 0.429266 0.000000 0.519786
v 0.448889 0.000000 0.510111
v 0.458633 0.008071 0.527016
v 0.176054 0.008071 0.554163
v 0.000000 0.008071 0.554303
v 0.000000 0.000000 0.534818
v 0.175984 0.000000 0.534679
v 0.176083 0.027556 0.562233
v 0.000000 0.027556 0.562374
v 0.000000 0.008071 0.554303
v 0.176054 0.008071 0.554163
v 0.436714 0.008071 0.537823
v 0.413711 0.008071 0.545634
v 0.409017 0.000000 0.526662
v 0.429266 0.000000 0.519786
v 0.439751 0.027556 0.545287
v 0.415598 0.027556 0.553489
v 0.413711 0.008071 0.545634
v 0.436714 0.008071 0.537823
v 0.383317 0.008071 0.550558
v 0.413711 0.008071 0.545634
v 0.415598 0.027556 0.553489
v 0.384036 0.027556 0.558602
v 0.381423 0.000000 0.531132
v 0.409017 0.000000 0.526662
v 0.413711 0.008071 0.545634
v 0.383317 0.008071 0.550558
v 0.176083 0.027556 -0.562234
v 0.176054 0.008071 -0.554163
v 0.000000 0.008071 -0.554303
v 0.000000 0.027556 -0.562374
v 0.176054 0.008071 -0.554163
v 0.175984 -0.000000 -0.534678
v 0.000000 -0.000000 -0.534818
v 0.000000 0.008071 -0.554303
v 0.176054 0.008071 -0.554163
v 0.312744 0.008072 -0.553183
v 0.312405 -0.000000 -0.533700
v 0.175984 -0.000000 -0.534678
v 0.176083 0.027556 -0.562234
v 0.312885 0.027559 -0.561251
v 0.312744 0.008072 -0.553183
v 0.176054 0.008071 -0.554163
v 0.384036 0.027556 -0.558604
v 0.383317 0.008071 -0.550558
v 0.312744 0.008072 -0.553183
v 0.312885 0.027559 -0.561251
v 0.383317 0.008071 -0.550558
v 0.381423 -0.000000 -0.531132
v 0.312405 -0.000000 -0.533700
v 0.312744 0.008072 -0.553183
v 0.550558 0.008071 -0.383317
v 0.553183 0.008072 -0.312744
v 0.533700 -0.000000 -0.312405
v 0.531132 -0.000000 -0.381422
v 0.558602 0.027556 -0.384036
v 0.561251 0.027559 -0.312885
v 0.553183 0.008072 -0.312744
v 0.550558 0.008071 -0.383317
v 0.554163 0.008071 -0.176054
v 0.553183 0.008072 -0.312744
v 0.561251 0.027559 -0.312885
v 0.562233 0.027556 -0.176083
v 0.534679 -0.000000 -0.175984
v 0.533700 -0.000000 -0.312405
v 0.553183 0.008072 -0.312744
v 0.554163 0.008071 -0.176054
v 0.554163 0.008071 0.176054
v 0.553183 0.008072 0.312744
v 0.533700 0.000000 0.312405
v 0.534678 0.000000 0.175984
v 0.562234 0.027556 0.176083
v 0.561251 0.027559 0.312885
v 0.553183 0.008072 0.312744
v 0.554163 0.008071 0.176054
v 0.550558 0.008071 0.383317
v 0.553183 0.008072 0.312744
v 0.561251 0.027559 0.312885
v 0.558604 0.027556 0.384036
v 0.531132 0.000000 0.381423
v 0.533700 0.000000 0.312405
v 0.553183 0.008072 0.312744
v 0.550558 0.008071 0.383317
v 0.383317 0.008071 -0.550558
v 0.413711 0.008071 -0.545634
v 0.409017 -0.000000 -0.526662
v 0.381423 -0.000000 -0.531132
v 0.384036 0.027556 -0.558604
v 0.415598 0.027556 -0.553490
v 0.413711 0.008071 -0.545634
v 0.383317 0.008071 -0.550558
v 0.436714 0.008071 -0.537823
v 0.413711 0.008071 -0.545634
v 0.415598 0.027556 -0.553490
v 0.439751 0.027556 -0.545287
v 0.429266 -0.000000 -0.519786
v 0.409017 -0.000000 -0.526662
v 0.413711 0.008071 -0.545634
v 0.436714 0.008071 -0.537823
v -0.312405 0.000000 0.533700
v -0.312744 0.008072 0.553183
v -0.383317 0.008071 0.550558
v -0.381423 0.000000 0.531132
v 0.533700 0.000000 0.312405
v 0.531132 0.000000 0.381423
v 0.397871 0.000000 0.397871
v 0.534678 0.000000 0.175984
v 0.312405 0.000000 0.533700
v 0.175984 0.000000 0.534679
v 0.397871 0.000000 0.397871
v 0.381423 0.000000 0.531132
v 0.526662 0.000000 0.409017
v 0.519786 0.000000 0.429266
v 0.397871 0.000000 0.397871
v 0.531132 0.000000 0.381423
v 0.510111 0.000000 0.448889
v 0.497955 0.000000 0.467080
v 0.397871 0.000000 0.397871
v 0.519786 0.000000 0.429266
v 0.483530 0.000000 0.483530
v 0.467080 0.000000 0.497955
v 0.397871 0.000000 0.397871
v 0.497955 0.000000 0.467080
v 0.448889 0.000000 0.510111
v 0.429266 0.000000 0.519786
v 0.397871 0.000000 0.397871
v 0.467080 0.000000 0.497955
v 0.409017 0.000000 0.526662
v 0.381423 0.000000 0.531132
v 0.397871 0.000000 0.397871
v 0.429266 0.000000 0.519786
v 0.312405 -0.000000 -0.533700
v 0.381423 -0.000000 -0.531132
v 0.397871 -0.000000 -0.397871
v 0.175984 -0.000000 -0.534678
v 0.533700 -0.000000 -0.312405
v 0.534679 -0.000000 -0.175984
v 0.397871 -0.000000 -0.397871
v 0.531132 -0.000000 -0.381422
v 0.409017 -0.000000 -0.526662
v 0.429266 -0.000000 -0.519786
v 0.397871 -0.000000 -0.397871
v 0.381423 -0.000000 -0.531132
v 0.448889 -0.000000 -0.510111
v 0.467080 -0.000000 -0.497955
v 0.397871 -0.000000 -0.397871
v 0.429266 -0.000000 -0.519786
v 0.483531 -0.000000 -0.483530
v 0.497954 -0.000000 -0.467080
v 0.397871 -0.000000 -0.397871
v 0.467080 -0.000000 -0.497955
v 0.510111 -0.000000 -0.448889
v 0.519786 -0.000000 -0.429266
v 0.397871 -0.000000 -0.397871
v 0.497954 -0.000000 -0.467080
v 0.526662 -0.000000 -0.409017
v 0.531132 -0.000000 -0.381422
v 0.397871 -0.000000 -0.397871
v 0.519786 -0.000000 -0.429266
v 0.534818 0.000000 0.000000
v 0.332498 0.000000 0.000000
v 0.397871 -0.000000 -0.397871
v 0.534679 -0.000000 -0.175984
v 0.534818 0.000000 0.000000
v 0.534678 0.000000 0.175984
v 0.397871 0.000000 0.397871
v 0.332498 0.000000 0.000000
v 0.000000 0.000000 0.534818
v 0.000000 0.000000 0.332498
v 0.397871 0.000000 0.397871
v 0.175984 0.000000 0.534679
v 0.000000 -0.000000 -0.534818
v 0.175984 -0.000000 -0.534678
v 0.397871 -0.000000 -0.397871
v 0.000000 -0.000000 -0.332498
v 0.276952 0.285456 0.276952
v 0.259291 0.285455 0.292768
v 0.367387 0.230694 0.401118
v 0.385276 0.230694 0.385276
v 0.305540 0.285539 0.241064
v 0.413688 0.230813 0.348780
v 0.424370 0.231013 0.328111
v 0.316674 0.285666 0.220901
v 0.316674 0.285666 0.220901
v 0.424370 0.231013 0.328111
v 0.432418 0.231326 0.306307
v 0.325482 0.285860 0.199624
v 0.325482 0.285860 0.199624
v 0.432418 0.231326 0.306307
v 0.438065 0.231815 0.279085
v 0.332081 0.286128 0.175197
v 0.441622 0.232484 0.226361
v 0.542718 0.180516 0.311909
v 0.543839 0.180788 0.175626
v 0.444679 0.232035 0.127174
v 0.438065 0.231815 0.279085
v 0.539959 0.179599 0.378963
v 0.542718 0.180516 0.311909
v 0.441622 0.232484 0.226361
v 0.400595 0.230708 0.367918
v 0.504360 0.178263 0.471444
v 0.517327 0.178369 0.452006
v 0.413688 0.230813 0.348780
v 0.424370 0.231013 0.328111
v 0.527680 0.178586 0.430955
v 0.535142 0.178941 0.408788
v 0.432418 0.231326 0.306307
v 0.206148 0.341754 0.110872
v 0.316674 0.285666 0.220901
v 0.325482 0.285860 0.199624
v 0.215903 0.341740 0.090305
v 0.413688 0.230813 -0.348780
v 0.424370 0.231013 -0.328111
v 0.527680 0.178586 -0.430955
v 0.517327 0.178369 -0.452006
v 0.165551 0.341774 0.165551
v 0.276952 0.285456 0.276952
v 0.292248 0.285469 0.259820
v 0.180849 0.341772 0.148678
v 0.194427 0.341765 0.130393
v 0.305540 0.285539 0.241064
v 0.316674 0.285666 0.220901
v 0.206148 0.341754 0.110872
v 0.413688 0.230813 0.348780
v 0.517327 0.178369 0.452006
v 0.527680 0.178586 0.430955
v 0.424370 0.231013 0.328111
v 0.325482 0.285860 -0.199624
v 0.432418 0.231326 -0.306307
v 0.424370 0.231013 -0.328111
v 0.316674 0.285666 -0.220901
v 0.180849 0.341772 0.148678
v 0.292248 0.285469 0.259820
v 0.305540 0.285539 0.241064
v 0.194427 0.341765 0.130393
v 0.292248 0.285469 -0.259820
v 0.400595 0.230708 -0.367918
v 0.385276 0.230694 -0.385276
v 0.276952 0.285456 -0.276952
v 0.441622 0.232484 -0.226361
v 0.444679 0.232035 -0.127173
v 0.494259 0.206412 -0.151400
v 0.543839 0.180788 -0.175626
v 0.542718 0.180517 -0.311909
v 0.336562 0.286489 -0.137460
v 0.441622 0.232484 -0.226361
v 0.438065 0.231815 -0.279085
v 0.332081 0.286128 -0.175197
v 0.316674 0.285666 -0.220901
v 0.424370 0.231013 -0.328111
v 0.413688 0.230813 -0.348780
v 0.305540 0.285539 -0.241064
v 0.432418 0.231326 0.306307
v 0.535142 0.178941 0.408788
v 0.539959 0.179599 0.378963
v 0.438065 0.231815 0.279085
v 0.332081 0.286128 -0.175197
v 0.438065 0.231815 -0.279085
v 0.432418 0.231326 -0.306307
v 0.325482 0.285860 -0.199624
v 0.432418 0.231326 -0.306307
v 0.438065 0.231815 -0.279085
v 0.539959 0.179599 -0.378962
v 0.535142 0.178941 -0.408788
v 0.385276 0.230694 -0.385276
v 0.400595 0.230708 -0.367918
v 0.504360 0.178263 -0.471444
v 0.488994 0.178260 -0.488994
v 0.438065 0.231815 -0.279085
v 0.441622 0.232484 -0.226361
v 0.542718 0.180517 -0.311909
v 0.539959 0.179599 -0.378962
v 0.400595 0.230708 -0.367918
v 0.413688 0.230813 -0.348780
v 0.517327 0.178369 -0.452006
v 0.504360 0.178263 -0.471444
v 0.424370 0.231013 -0.328111
v 0.432418 0.231326 -0.306307
v 0.535142 0.178941 -0.408788
v 0.527680 0.178586 -0.430955
v 0.332081 0.286128 0.175197
v 0.438065 0.231815 0.279085
v 0.441622 0.232484 0.226361
v 0.339220 0.284988 0.142077
v 0.292248 0.285469 0.259820
v 0.400595 0.230708 0.367918
v 0.413688 0.230813 0.348780
v 0.305540 0.285539 0.241064
v 0.194418 0.341770 -0.130384
v 0.206136 0.341760 -0.110861
v 0.316674 0.285666 -0.220901
v 0.305540 0.285539 -0.241064
v 0.215894 0.341745 -0.090296
v 0.223579 0.341730 -0.068842
v 0.277043 0.314332 -0.121248
v 0.206136 0.341760 -0.110861
v 0.215894 0.341745 -0.090296
v 0.325482 0.285860 -0.199624
v 0.316674 0.285666 -0.220901
v 0.305540 0.285539 -0.241064
v 0.413688 0.230813 -0.348780
v 0.400595 0.230708 -0.367918
v 0.292248 0.285469 -0.259820
v 0.180844 0.341774 -0.148672
v 0.194418 0.341770 -0.130384
v 0.305540 0.285539 -0.241064
v 0.292248 0.285469 -0.259820
v -0.347720 0.230730 0.414702
v -0.240008 0.285455 0.306550
v -0.259291 0.285455 0.292768
v -0.367387 0.230694 0.401118
v 0.276952 0.285456 0.276952
v 0.385276 0.230694 0.385276
v 0.400595 0.230708 0.367918
v 0.292248 0.285469 0.259820
v 0.276340 0.310188 0.122063
v 0.274511 0.315179 0.122985
v 0.277917 0.312501 0.133273
v 0.279429 0.307848 0.131288
v 0.276304 0.312952 0.087816
v 0.274593 0.318378 0.085029
v 0.273628 0.316497 0.112402
v 0.275474 0.311351 0.112159
v 0.275474 0.311351 0.112159
v 0.273628 0.316497 0.112402
v 0.274511 0.315179 0.122985
v 0.276340 0.310188 0.122063
v 0.279429 0.307848 0.131288
v 0.277917 0.312501 0.133273
v 0.283739 0.309099 0.142042
v 0.284700 0.304799 0.139215
v 0.284700 0.304799 0.139215
v 0.283739 0.309099 0.142042
v 0.291597 0.305195 0.148774
v 0.291798 0.301266 0.145298
v 0.291798 0.301266 0.145298
v 0.291597 0.305195 0.148774
v 0.300997 0.301031 0.153028
v 0.300238 0.297502 0.149119
v 0.318903 0.289300 0.149119
v 0.321613 0.292243 0.153029
v 0.331047 0.288263 0.148801
v 0.327429 0.285697 0.145296
v 0.276950 0.314198 0.046026
v 0.275203 0.319556 0.046119
v 0.274593 0.318378 0.085029
v 0.276304 0.312952 0.087816
v 0.309581 0.293421 0.150422
v 0.311460 0.297055 0.154472
v 0.321613 0.292243 0.153029
v 0.318903 0.289300 0.149119
v 0.345109 0.278233 0.112161
v 0.350546 0.279994 0.112425
v 0.350905 0.280541 0.087550
v 0.345347 0.278692 0.086450
v 0.343854 0.278645 0.122063
v 0.349186 0.280427 0.123113
v 0.350546 0.279994 0.112425
v 0.345109 0.278233 0.112161
v 0.340357 0.280205 0.131291
v 0.345361 0.282237 0.133319
v 0.349186 0.280427 0.123113
v 0.343854 0.278645 0.122063
v 0.300238 0.297502 0.149119
v 0.300997 0.301031 0.153028
v 0.311460 0.297055 0.154472
v 0.309581 0.293421 0.150422
v 0.352620 0.274998 0.087153
v 0.350905 0.280541 0.087550
v 0.351939 0.279694 0.093839
v 0.353482 0.274447 0.092272
v 0.353482 0.274447 0.092272
v 0.351939 0.279694 0.093839
v 0.355267 0.277883 0.099507
v 0.356029 0.273061 0.096611
v 0.356029 0.273061 0.096611
v 0.355267 0.277883 0.099507
v 0.360290 0.275257 0.103294
v 0.359875 0.271051 0.099511
v 0.359875 0.271051 0.099511
v 0.360290 0.275257 0.103294
v 0.365905 0.272419 0.104546
v 0.364433 0.268722 0.100529
v 0.409244 0.245845 0.100529
v 0.411440 0.249222 0.104547
v 0.417033 0.246342 0.103295
v 0.413794 0.243499 0.099511
v 0.413794 0.243499 0.099511
v 0.417033 0.246342 0.103295
v 0.422073 0.243748 0.099508
v 0.417652 0.241514 0.096611
v 0.417652 0.241514 0.096611
v 0.422073 0.243748 0.099508
v 0.425443 0.242020 0.093840
v 0.420232 0.240190 0.092272
v 0.420232 0.240190 0.092272
v 0.425443 0.242020 0.093840
v 0.426611 0.241420 0.087549
v 0.421141 0.239731 0.087154
v 0.428391 0.235990 0.087154
v 0.426611 0.241420 0.087549
v 0.427777 0.240816 0.093840
v 0.429292 0.235516 0.092272
v 0.429292 0.235516 0.092272
v 0.427777 0.240816 0.093840
v 0.431138 0.239071 0.099508
v 0.431865 0.234181 0.096611
v 0.431865 0.234181 0.096611
v 0.431138 0.239071 0.099508
v 0.436173 0.236467 0.103295
v 0.435719 0.232187 0.099511
v 0.435719 0.232187 0.099511
v 0.436173 0.236467 0.103295
v 0.441762 0.233581 0.104547
v 0.440268 0.229839 0.100529
v 0.444974 0.231924 0.104547
v 0.443133 0.228361 0.100529
v 0.440268 0.229839 0.100529
v 0.441762 0.233581 0.104547
v 0.444974 0.231924 0.104547
v 0.487159 0.210115 0.104547
v 0.484964 0.206740 0.100529
v 0.443133 0.228361 0.100529
v 0.495945 0.201072 0.092272
v 0.501153 0.202896 0.093840
v 0.502266 0.202325 0.087549
v 0.496851 0.200608 0.087154
v 0.493369 0.202403 0.096611
v 0.497788 0.204634 0.099508
v 0.501153 0.202896 0.093840
v 0.495945 0.201072 0.092272
v 0.543839 0.180788 0.175626
v 0.497788 0.204634 0.099508
v 0.492753 0.207237 0.103295
v 0.487159 0.210115 0.104547
v 0.444974 0.231924 0.104547
v 0.444679 0.232035 0.127174
v 0.484964 0.206740 0.100529
v 0.487159 0.210115 0.104547
v 0.492753 0.207237 0.103295
v 0.489513 0.204393 0.099511
v 0.280589 0.312705 -0.007997
v 0.279872 0.317614 -0.005100
v 0.284953 0.315100 -0.001314
v 0.284463 0.310750 -0.005097
v 0.274444 0.318122 -0.087406
v 0.276314 0.312971 -0.087150
v 0.277073 0.312223 -0.092271
v 0.275399 0.317193 -0.093819
v 0.284463 0.310750 -0.005097
v 0.284953 0.315100 -0.001314
v 0.290528 0.312194 -0.000000
v 0.289013 0.308405 -0.004079
v 0.333679 0.285248 0.004079
v 0.335881 0.288631 -0.000000
v 0.290528 0.312194 -0.000000
v 0.289013 0.308405 0.004079
v 0.284463 0.310750 0.005097
v 0.284953 0.315100 0.001314
v 0.279872 0.317614 0.005100
v 0.280589 0.312705 0.007997
v 0.289013 0.308405 0.004079
v 0.290528 0.312194 -0.000000
v 0.284953 0.315100 0.001314
v 0.284463 0.310750 0.005097
v 0.280589 0.312705 0.007997
v 0.279872 0.317614 0.005100
v 0.276478 0.319297 0.010768
v 0.277991 0.313993 0.012336
v 0.277991 0.313993 0.012336
v 0.276478 0.319297 0.010768
v 0.275339 0.319819 0.017059
v 0.277064 0.314418 0.017455
v 0.277064 0.314418 0.017455
v 0.275339 0.319819 0.017059
v 0.275203 0.319556 0.046119
v 0.276950 0.314198 0.046026
v 0.484964 0.206740 -0.100529
v 0.487160 0.210116 -0.104546
v 0.441768 0.233593 -0.104546
v 0.440268 0.229839 -0.100529
v 0.338226 0.282897 -0.005097
v 0.341477 0.285763 -0.001313
v 0.346508 0.283152 -0.005100
v 0.342075 0.280894 -0.007997
v 0.289013 0.308405 -0.004079
v 0.290528 0.312194 -0.000000
v 0.335881 0.288631 -0.000000
v 0.333679 0.285248 -0.004079
v 0.333679 0.285248 -0.004079
v 0.335881 0.288631 -0.000000
v 0.341477 0.285763 -0.001313
v 0.338226 0.282897 -0.005097
v 0.338226 0.282897 0.005097
v 0.341477 0.285763 0.001313
v 0.335881 0.288631 -0.000000
v 0.333679 0.285248 0.004079
v 0.342075 0.280894 0.007997
v 0.346508 0.283152 0.005100
v 0.341477 0.285763 0.001313
v 0.338226 0.282897 0.005097
v 0.344640 0.279541 0.012336
v 0.349852 0.281373 0.010769
v 0.346508 0.283152 0.005100
v 0.342075 0.280894 0.007997
v 0.345533 0.279051 0.017455
v 0.351010 0.280754 0.017059
v 0.349852 0.281373 0.010769
v 0.344640 0.279541 0.012336
v 0.356274 0.273533 -0.007997
v 0.355558 0.278445 -0.005100
v 0.360598 0.275852 -0.001313
v 0.360133 0.271548 -0.005097
v 0.360133 0.271548 -0.005097
v 0.360598 0.275852 -0.001313
v 0.366182 0.272961 -0.000000
v 0.364679 0.269196 -0.004079
v 0.364679 0.269196 0.004079
v 0.366182 0.272961 -0.000000
v 0.360598 0.275852 0.001313
v 0.360133 0.271548 0.005097
v 0.360133 0.271548 0.005097
v 0.360598 0.275852 0.001313
v 0.355558 0.278445 0.005100
v 0.356274 0.273533 0.007997
v 0.356274 0.273533 0.007997
v 0.355558 0.278445 0.005100
v 0.352183 0.280164 0.010769
v 0.353690 0.274849 0.012336
v 0.353690 0.274849 0.012336
v 0.352183 0.280164 0.010769
v 0.351010 0.280754 0.017059
v 0.352775 0.275297 0.017455
v 0.364679 0.269196 0.004079
v 0.409349 0.246047 0.004079
v 0.411557 0.249443 -0.000000
v 0.366182 0.272961 -0.000000
v 0.413892 0.243689 -0.005097
v 0.417137 0.246543 -0.001313
v 0.422165 0.243925 -0.005100
v 0.417741 0.241685 -0.007997
v 0.345533 0.279051 0.017455
v 0.345347 0.278692 0.086450
v 0.350905 0.280541 0.087550
v 0.351010 0.280754 0.017059
v 0.364679 0.269196 -0.004079
v 0.366182 0.272961 -0.000000
v 0.411557 0.249443 -0.000000
v 0.409349 0.246047 -0.004079
v 0.409349 0.246047 -0.004079
v 0.411557 0.249443 -0.000000
v 0.417137 0.246543 -0.001313
v 0.413892 0.243689 -0.005097
v 0.413892 0.243689 0.005097
v 0.417137 0.246543 0.001313
v 0.411557 0.249443 -0.000000
v 0.409349 0.246047 0.004079
v 0.417741 0.241685 0.007997
v 0.422165 0.243925 0.005100
v 0.417137 0.246543 0.001313
v 0.413892 0.243689 0.005097
v 0.420309 0.240340 0.012336
v 0.425520 0.242168 0.010769
v 0.422165 0.243925 0.005100
v 0.417741 0.241685 0.007997
v 0.421207 0.239859 0.017455
v 0.426671 0.241535 0.017059
v 0.425520 0.242168 0.010769
v 0.420309 0.240340 0.012336
v 0.421207 0.239859 0.017455
v 0.421141 0.239731 0.087154
v 0.426611 0.241420 0.087549
v 0.426671 0.241535 0.017059
v 0.431939 0.234324 -0.007997
v 0.431221 0.239230 -0.005100
v 0.436258 0.236630 -0.001313
v 0.435795 0.232333 -0.005097
v 0.435795 0.232333 -0.005097
v 0.436258 0.236630 -0.001313
v 0.441842 0.233738 -0.000000
v 0.440341 0.229980 -0.004079
v 0.435795 0.232333 0.005097
v 0.436258 0.236630 0.001313
v 0.431221 0.239230 0.005100
v 0.431939 0.234324 0.007997
v 0.440341 0.229980 0.004079
v 0.441842 0.233738 -0.000000
v 0.436258 0.236630 0.001313
v 0.435795 0.232333 0.005097
v 0.431939 0.234324 0.007997
v 0.431221 0.239230 0.005100
v 0.427851 0.240960 0.010769
v 0.429360 0.235648 0.012336
v 0.429360 0.235648 0.012336
v 0.427851 0.240960 0.010769
v 0.426671 0.241535 0.017059
v 0.428450 0.236104 0.017455
v 0.428391 0.235990 0.087154
v 0.428450 0.236104 0.017455
v 0.426671 0.241535 0.017059
v 0.426611 0.241420 0.087549
v 0.440341 0.229980 -0.004079
v 0.441842 0.233738 -0.000000
v 0.487214 0.210219 -0.000000
v 0.485009 0.206827 -0.004079
v 0.487214 0.210219 -0.000000
v 0.441842 0.233738 -0.000000
v 0.440341 0.229980 0.004079
v 0.485009 0.206827 0.004079
v 0.485009 0.206827 -0.004079
v 0.487214 0.210219 -0.000000
v 0.492791 0.207310 -0.001313
v 0.489553 0.204470 -0.005097
v 0.489553 0.204470 -0.005097
v 0.492791 0.207310 -0.001313
v 0.497831 0.204716 -0.005100
v 0.493406 0.202474 -0.007997
v 0.489553 0.204470 0.005097
v 0.492791 0.207310 0.001313
v 0.487214 0.210219 -0.000000
v 0.485009 0.206827 0.004079
v 0.489553 0.204470 0.005097
v 0.493406 0.202474 0.007997
v 0.497831 0.204716 0.005100
v 0.492791 0.207310 0.001313
v 0.495978 0.201136 0.012336
v 0.501187 0.202962 0.010769
v 0.497831 0.204716 0.005100
v 0.493406 0.202474 0.007997
v 0.496880 0.200663 0.017455
v 0.502295 0.202381 0.017059
v 0.501187 0.202962 0.010769
v 0.495978 0.201136 0.012336
v 0.496851 0.200608 0.087154
v 0.502266 0.202325 0.087549
v 0.502295 0.202381 0.017059
v 0.496880 0.200663 0.017455
v 0.277064 0.314418 -0.017455
v 0.275404 0.319940 -0.017061
v 0.276478 0.319297 -0.010768
v 0.277991 0.313993 -0.012336
v 0.277991 0.313993 -0.012336
v 0.276478 0.319297 -0.010768
v 0.279872 0.317614 -0.005100
v 0.280589 0.312705 -0.007997
v 0.342075 0.280894 -0.007997
v 0.346508 0.283152 -0.005100
v 0.349852 0.281373 -0.010768
v 0.344640 0.279541 -0.012336
v 0.344640 0.279541 -0.012336
v 0.349852 0.281373 -0.010768
v 0.351011 0.280756 -0.017059
v 0.345533 0.279051 -0.017455
v 0.352776 0.275297 -0.017455
v 0.351011 0.280756 -0.017059
v 0.352183 0.280164 -0.010769
v 0.353690 0.274849 -0.012336
v 0.353690 0.274849 -0.012336
v 0.352183 0.280164 -0.010769
v 0.355558 0.278445 -0.005100
v 0.356274 0.273533 -0.007997
v 0.417741 0.241685 -0.007997
v 0.422165 0.243925 -0.005100
v 0.425520 0.242168 -0.010768
v 0.420309 0.240340 -0.012336
v 0.420309 0.240340 -0.012336
v 0.425520 0.242168 -0.010768
v 0.426671 0.241535 -0.017059
v 0.421207 0.239859 -0.017455
v 0.428450 0.236104 -0.017454
v 0.426671 0.241535 -0.017059
v 0.427851 0.240960 -0.010769
v 0.429360 0.235648 -0.012336
v 0.429360 0.235648 -0.012336
v 0.427851 0.240960 -0.010769
v 0.431221 0.239230 -0.005100
v 0.431939 0.234324 -0.007997
v 0.493406 0.202474 -0.007997
v 0.497831 0.204716 -0.005100
v 0.501187 0.202962 -0.010769
v 0.495978 0.201136 -0.012336
v 0.495978 0.201136 -0.012336
v 0.501187 0.202962 -0.010769
v 0.502296 0.202381 -0.017059
v 0.496880 0.200663 -0.017454
v 0.339220 0.284988 0.142077
v 0.334833 0.282753 0.139210
v 0.327429 0.285697 0.145296
v 0.331047 0.288263 0.148801
v 0.340357 0.280205 0.131291
v 0.334833 0.282753 0.139210
v 0.339220 0.284988 0.142077
v 0.345361 0.282237 0.133319
v 0.274444 0.318122 -0.087406
v 0.275071 0.319302 -0.052303
v 0.276818 0.313943 -0.052210
v 0.276314 0.312971 -0.087150
v 0.345533 0.279051 -0.017455
v 0.351011 0.280756 -0.017059
v 0.350963 0.280668 -0.087552
v 0.345340 0.278680 -0.087153
v 0.352621 0.274998 -0.087153
v 0.350963 0.280668 -0.087552
v 0.351011 0.280756 -0.017059
v 0.352776 0.275297 -0.017455
v 0.421207 0.239859 -0.017455
v 0.426671 0.241535 -0.017059
v 0.426611 0.241420 -0.087549
v 0.421141 0.239731 -0.087153
v 0.428391 0.235990 -0.087153
v 0.426611 0.241420 -0.087549
v 0.426671 0.241535 -0.017059
v 0.428450 0.236104 -0.017454
v 0.496880 0.200663 -0.017454
v 0.502296 0.202381 -0.017059
v 0.502266 0.202325 -0.087549
v 0.496851 0.200608 -0.087153
v 0.276818 0.313943 -0.052210
v 0.275071 0.319302 -0.052303
v 0.275404 0.319940 -0.017061
v 0.277064 0.314418 -0.017455
v 0.275399 0.317193 -0.093819
v 0.277073 0.312223 -0.092271
v 0.279594 0.310787 -0.096611
v 0.278705 0.315344 -0.099493
v 0.344384 0.279048 -0.092272
v 0.349596 0.280879 -0.093840
v 0.346164 0.282487 -0.099507
v 0.341756 0.280279 -0.096611
v 0.364433 0.268722 -0.100529
v 0.365905 0.272419 -0.104546
v 0.360290 0.275257 -0.103294
v 0.359875 0.271051 -0.099511
v 0.345340 0.278680 -0.087153
v 0.350963 0.280668 -0.087552
v 0.349596 0.280879 -0.093840
v 0.344384 0.279048 -0.092272
v 0.353482 0.274447 -0.092272
v 0.351940 0.279694 -0.093838
v 0.350963 0.280668 -0.087552
v 0.352621 0.274998 -0.087153
v 0.356029 0.273061 -0.096611
v 0.355267 0.277883 -0.099507
v 0.351940 0.279694 -0.093838
v 0.353482 0.274447 -0.092272
v 0.420232 0.240190 -0.092272
v 0.425443 0.242020 -0.093840
v 0.422073 0.243748 -0.099508
v 0.417652 0.241514 -0.096611
v 0.421141 0.239731 -0.087153
v 0.426611 0.241420 -0.087549
v 0.425443 0.242020 -0.093840
v 0.420232 0.240190 -0.092272
v 0.431865 0.234181 -0.096611
v 0.431138 0.239071 -0.099508
v 0.427777 0.240816 -0.093840
v 0.429292 0.235516 -0.092272
v 0.429292 0.235516 -0.092272
v 0.427777 0.240816 -0.093840
v 0.426611 0.241420 -0.087549
v 0.428391 0.235990 -0.087153
v 0.495945 0.201072 -0.092272
v 0.501153 0.202896 -0.093840
v 0.497794 0.204645 -0.099508
v 0.493369 0.202403 -0.096611
v 0.496851 0.200608 -0.087153
v 0.502266 0.202325 -0.087549
v 0.501153 0.202896 -0.093840
v 0.495945 0.201072 -0.092272
v 0.283468 0.308828 -0.099511
v 0.283767 0.312782 -0.103284
v 0.278705 0.315344 -0.099493
v 0.279594 0.310787 -0.096611
v 0.341756 0.280279 -0.096611
v 0.346164 0.282487 -0.099507
v 0.341071 0.284978 -0.103294
v 0.337857 0.282187 -0.099511
v 0.359875 0.271051 -0.099511
v 0.360290 0.275257 -0.103294
v 0.355267 0.277883 -0.099507
v 0.356029 0.273061 -0.096611
v 0.417652 0.241514 -0.096611
v 0.422073 0.243748 -0.099508
v 0.417033 0.246342 -0.103295
v 0.413794 0.243499 -0.099511
v 0.435720 0.232187 -0.099511
v 0.436173 0.236467 -0.103295
v 0.431138 0.239071 -0.099508
v 0.431865 0.234181 -0.096611
v 0.288115 0.306670 -0.100529
v 0.289483 0.310133 -0.104536
v 0.283767 0.312782 -0.103284
v 0.283468 0.308828 -0.099511
v 0.291209 0.305287 -0.100529
v 0.297650 0.306491 -0.104546
v 0.289483 0.310133 -0.104536
v 0.288115 0.306670 -0.100529
v 0.333264 0.284448 -0.100529
v 0.335433 0.287769 -0.104546
v 0.297650 0.306491 -0.104546
v 0.291209 0.305287 -0.100529
v 0.333264 0.284448 -0.100529
v 0.337857 0.282187 -0.099511
v 0.341071 0.284978 -0.103294
v 0.335433 0.287769 -0.104546
v 0.393320 0.254063 0.100529
v 0.395118 0.257585 0.104546
v 0.411440 0.249222 0.104547
v 0.409244 0.245845 0.100529
v 0.413794 0.243499 -0.099511
v 0.417033 0.246342 -0.103295
v 0.411440 0.249221 -0.104546
v 0.409244 0.245845 -0.100529
v 0.440268 0.229839 -0.100529
v 0.441768 0.233593 -0.104546
v 0.436173 0.236467 -0.103295
v 0.435720 0.232187 -0.099511
v 0.493369 0.202403 -0.096611
v 0.497794 0.204645 -0.099508
v 0.492754 0.207240 -0.103295
v 0.489513 0.204393 -0.099511
v 0.489513 0.204393 -0.099511
v 0.492754 0.207240 -0.103295
v 0.487160 0.210116 -0.104546
v 0.484964 0.206740 -0.100529
v 0.409244 0.245845 -0.100529
v 0.411440 0.249221 -0.104546
v 0.395144 0.257636 -0.104546
v 0.393320 0.254063 -0.100529
v 0.352775 0.275297 0.017455
v 0.351010 0.280754 0.017059
v 0.350905 0.280541 0.087550
v 0.352620 0.274998 0.087153
v 0.364433 0.268722 0.100529
v 0.365905 0.272419 0.104546
v 0.395118 0.257585 0.104546
v 0.393320 0.254063 0.100529
v 0.489513 0.204393 0.099511
v 0.492753 0.207237 0.103295
v 0.497788 0.204634 0.099508
v 0.493369 0.202403 0.096611
v 0.426611 0.241420 0.087549
v 0.425443 0.242020 0.093840
v 0.422073 0.243748 0.099508
v 0.417033 0.246342 0.103295
v 0.411440 0.249222 0.104547
v 0.395118 0.257585 0.104546
v 0.444679 0.232035 0.127174
v 0.444974 0.231924 0.104547
v 0.441762 0.233581 0.104547
v 0.436173 0.236467 0.103295
v 0.431138 0.239071 0.099508
v 0.427777 0.240816 0.093840
v 0.359942 0.260059 0.100529
v 0.364433 0.268722 0.100529
v 0.393320 0.254063 0.100529
v 0.409244 0.245845 0.100529
v 0.404608 0.236902 0.100529
v 0.273566 0.304838 0.122063
v 0.276340 0.310188 0.122063
v 0.279429 0.307848 0.131288
v 0.276960 0.303079 0.131292
v 0.274511 0.315179 0.122985
v 0.273628 0.316497 0.112402
v 0.274593 0.318378 0.085029
v 0.229163 0.341682 0.046720
v 0.223592 0.341718 0.068886
v 0.272409 0.305438 0.112161
v 0.275474 0.311351 0.112159
v 0.276340 0.310188 0.122063
v 0.273566 0.304838 0.122063
v 0.441622 0.232484 0.226361
v 0.444679 0.232035 0.127174
v 0.395118 0.257585 0.104546
v 0.365905 0.272419 0.104546
v 0.360290 0.275257 0.103294
v 0.355267 0.277883 0.099507
v 0.351939 0.279694 0.093839
v 0.350905 0.280541 0.087550
v 0.350546 0.279994 0.112425
v 0.349186 0.280427 0.123113
v 0.345361 0.282237 0.133319
v 0.339220 0.284988 0.142077
v 0.395144 0.257636 -0.104546
v 0.411440 0.249221 -0.104546
v 0.417033 0.246342 -0.103295
v 0.422073 0.243748 -0.099508
v 0.425443 0.242020 -0.093840
v 0.426611 0.241420 -0.087549
v 0.427777 0.240816 -0.093840
v 0.431138 0.239071 -0.099508
v 0.436173 0.236467 -0.103295
v 0.441768 0.233593 -0.104546
v 0.444679 0.232035 -0.127173
v 0.404608 0.236902 -0.100529
v 0.409244 0.245845 -0.100529
v 0.393320 0.254063 -0.100529
v 0.364433 0.268722 -0.100529
v 0.359942 0.260059 -0.100529
v 0.272409 0.305438 0.086489
v 0.276304 0.312952 0.087816
v 0.275474 0.311351 0.112159
v 0.272409 0.305438 0.112161
v 0.229163 0.341682 0.046720
v 0.274593 0.318378 0.085029
v 0.275203 0.319556 0.046119
v 0.232594 0.341639 0.023634
v 0.272409 0.305438 0.017455
v 0.277064 0.314418 0.017455
v 0.276950 0.314198 0.046026
v 0.276304 0.312952 0.087816
v 0.272409 0.305438 0.086489
v 0.276960 0.303079 0.131292
v 0.279429 0.307848 0.131288
v 0.284700 0.304799 0.139215
v 0.282358 0.300280 0.139216
v 0.282358 0.300280 0.139216
v 0.284700 0.304799 0.139215
v 0.291798 0.301266 0.145298
v 0.289393 0.296633 0.145296
v 0.289393 0.296633 0.145296
v 0.291798 0.301266 0.145298
v 0.300238 0.297502 0.149119
v 0.297586 0.292386 0.149119
v 0.339220 0.284988 0.142077
v 0.331047 0.288263 0.148801
v 0.321613 0.292243 0.153029
v 0.311460 0.297055 0.154472
v 0.300997 0.301031 0.153028
v 0.332081 0.286128 0.175197
v 0.323840 0.278775 0.145296
v 0.327429 0.285697 0.145296
v 0.334833 0.282753 0.139210
v 0.330875 0.275128 0.139216
v 0.315648 0.283022 0.149119
v 0.318903 0.289300 0.149119
v 0.327429 0.285697 0.145296
v 0.323840 0.278775 0.145296
v 0.297586 0.292386 0.149119
v 0.300238 0.297502 0.149119
v 0.309581 0.293421 0.150422
v 0.306617 0.287704 0.150422
v 0.306617 0.287704 0.150422
v 0.309581 0.293421 0.150422
v 0.318903 0.289300 0.149119
v 0.315648 0.283022 0.149119
v 0.340824 0.269970 0.086489
v 0.345347 0.278692 0.086450
v 0.345533 0.279051 0.017455
v 0.340824 0.269970 0.017455
v 0.340824 0.269970 0.112161
v 0.345109 0.278233 0.112161
v 0.345347 0.278692 0.086450
v 0.340824 0.269970 0.086489
v 0.339667 0.270570 0.122063
v 0.343854 0.278645 0.122063
v 0.345109 0.278233 0.112161
v 0.340824 0.269970 0.112161
v 0.336274 0.272329 0.131292
v 0.340357 0.280205 0.131291
v 0.343854 0.278645 0.122063
v 0.339667 0.270570 0.122063
v 0.330875 0.275128 0.139216
v 0.334833 0.282753 0.139210
v 0.340357 0.280205 0.131291
v 0.336274 0.272329 0.131292
v 0.348067 0.266215 0.017455
v 0.352775 0.275297 0.017455
v 0.352620 0.274998 0.087153
v 0.348067 0.266215 0.087154
v 0.348067 0.266215 0.087154
v 0.352620 0.274998 0.087153
v 0.353482 0.274447 0.092272
v 0.348971 0.265746 0.092272
v 0.348971 0.265746 0.092272
v 0.353482 0.274447 0.092272
v 0.356029 0.273061 0.096611
v 0.351545 0.264412 0.096611
v 0.351545 0.264412 0.096611
v 0.356029 0.273061 0.096611
v 0.359875 0.271051 0.099511
v 0.355398 0.262415 0.099511
v 0.355398 0.262415 0.099511
v 0.359875 0.271051 0.099511
v 0.364433 0.268722 0.100529
v 0.359942 0.260059 0.100529
v 0.404608 0.236902 0.100529
v 0.409244 0.245845 0.100529
v 0.413794 0.243499 0.099511
v 0.409152 0.234546 0.099511
v 0.409152 0.234546 0.099511
v 0.413794 0.243499 0.099511
v 0.417652 0.241514 0.096611
v 0.413005 0.232549 0.096611
v 0.413005 0.232549 0.096611
v 0.417652 0.241514 0.096611
v 0.420232 0.240190 0.092272
v 0.415579 0.231215 0.092272
v 0.415579 0.231215 0.092272
v 0.420232 0.240190 0.092272
v 0.421141 0.239731 0.087154
v 0.416483 0.230746 0.087154
v 0.416483 0.230746 0.087154
v 0.421141 0.239731 0.087154
v 0.421207 0.239859 0.017455
v 0.416483 0.230746 0.017455
v 0.423725 0.226991 0.017455
v 0.428450 0.236104 0.017455
v 0.428391 0.235990 0.087154
v 0.423725 0.226991 0.087154
v 0.423725 0.226991 0.087154
v 0.428391 0.235990 0.087154
v 0.429292 0.235516 0.092272
v 0.424629 0.226523 0.092272
v 0.424629 0.226523 0.092272
v 0.429292 0.235516 0.092272
v 0.431865 0.234181 0.096611
v 0.427203 0.225188 0.096611
v 0.427203 0.225188 0.096611
v 0.431865 0.234181 0.096611
v 0.435719 0.232187 0.099511
v 0.431056 0.223191 0.099511
v 0.431056 0.223191 0.099511
v 0.435719 0.232187 0.099511
v 0.440268 0.229839 0.100529
v 0.435600 0.220835 0.100529
v 0.435600 0.220835 0.100529
v 0.440268 0.229839 0.100529
v 0.443133 0.228361 0.100529
v 0.484964 0.206740 0.100529
v 0.480266 0.197679 0.100529
v 0.480266 0.197679 0.100529
v 0.484964 0.206740 0.100529
v 0.489513 0.204393 0.099511
v 0.484810 0.195323 0.099511
v 0.492141 0.191523 0.087154
v 0.496851 0.200608 0.087154
v 0.496880 0.200663 0.017455
v 0.492141 0.191523 0.017455
v 0.491237 0.191991 0.092272
v 0.495945 0.201072 0.092272
v 0.496851 0.200608 0.087154
v 0.492141 0.191523 0.087154
v 0.488663 0.193326 0.096611
v 0.493369 0.202403 0.096611
v 0.495945 0.201072 0.092272
v 0.491237 0.191991 0.092272
v 0.484810 0.195323 0.099511
v 0.489513 0.204393 0.099511
v 0.493369 0.202403 0.096611
v 0.488663 0.193326 0.096611
v 0.290528 0.312194 -0.000000
v 0.284953 0.315100 -0.001314
v 0.279872 0.317614 -0.005100
v 0.276478 0.319297 -0.010768
v 0.275404 0.319940 -0.017061
v 0.275071 0.319302 -0.052303
v 0.232633 0.341624 -0.023030
v 0.233760 0.341615 -0.000000
v 0.273313 0.304970 -0.012336
v 0.277991 0.313993 -0.012336
v 0.280589 0.312705 -0.007997
v 0.275887 0.303635 -0.007997
v 0.275887 0.303635 -0.007997
v 0.280589 0.312705 -0.007997
v 0.284463 0.310750 -0.005097
v 0.279739 0.301638 -0.005097
v 0.279739 0.301638 -0.005097
v 0.284463 0.310750 -0.005097
v 0.289013 0.308405 -0.004079
v 0.284284 0.299282 -0.004079
v 0.284284 0.299282 -0.004079
v 0.289013 0.308405 -0.004079
v 0.333679 0.285248 -0.004079
v 0.328950 0.276126 -0.004079
v 0.284284 0.299282 0.004079
v 0.289013 0.308405 0.004079
v 0.284463 0.310750 0.005097
v 0.279739 0.301638 0.005097
v 0.328950 0.276126 0.004079
v 0.333679 0.285248 0.004079
v 0.289013 0.308405 0.004079
v 0.284284 0.299282 0.004079
v 0.290528 0.312194 -0.000000
v 0.233760 0.341615 -0.000000
v 0.232594 0.341639 0.023634
v 0.275203 0.319556 0.046119
v 0.275339 0.319819 0.017059
v 0.276478 0.319297 0.010768
v 0.279872 0.317614 0.005100
v 0.284953 0.315100 0.001314
v 0.335881 0.288631 -0.000000
v 0.341477 0.285763 0.001313
v 0.346508 0.283152 0.005100
v 0.349852 0.281373 0.010769
v 0.351010 0.280754 0.017059
v 0.352183 0.280164 0.010769
v 0.355558 0.278445 0.005100
v 0.360598 0.275852 0.001313
v 0.366182 0.272961 -0.000000
v 0.333494 0.273770 0.005097
v 0.338226 0.282897 0.005097
v 0.333679 0.285248 0.004079
v 0.328950 0.276126 0.004079
v 0.275887 0.303635 0.007997
v 0.280589 0.312705 0.007997
v 0.277991 0.313993 0.012336
v 0.273313 0.304970 0.012336
v 0.279739 0.301638 0.005097
v 0.284463 0.310750 0.005097
v 0.280589 0.312705 0.007997
v 0.275887 0.303635 0.007997
v 0.273313 0.304970 0.012336
v 0.277991 0.313993 0.012336
v 0.277064 0.314418 0.017455
v 0.272409 0.305438 0.017455
v 0.341477 0.285763 -0.001313
v 0.335881 0.288631 -0.000000
v 0.366182 0.272961 -0.000000
v 0.360598 0.275852 -0.001313
v 0.355558 0.278445 -0.005100
v 0.352183 0.280164 -0.010769
v 0.351011 0.280756 -0.017059
v 0.349852 0.281373 -0.010768
v 0.346508 0.283152 -0.005100
v 0.328950 0.276126 -0.004079
v 0.333679 0.285248 -0.004079
v 0.338226 0.282897 -0.005097
v 0.333494 0.273770 -0.005097
v 0.333494 0.273770 -0.005097
v 0.338226 0.282897 -0.005097
v 0.342075 0.280894 -0.007997
v 0.337346 0.271773 -0.007997
v 0.337346 0.271773 -0.007997
v 0.342075 0.280894 -0.007997
v 0.344640 0.279541 -0.012336
v 0.339921 0.270438 -0.012336
v 0.337346 0.271773 0.007997
v 0.342075 0.280894 0.007997
v 0.338226 0.282897 0.005097
v 0.333494 0.273770 0.005097
v 0.339921 0.270438 0.012336
v 0.344640 0.279541 0.012336
v 0.342075 0.280894 0.007997
v 0.337346 0.271773 0.007997
v 0.340824 0.269970 0.017455
v 0.345533 0.279051 0.017455
v 0.344640 0.279541 0.012336
v 0.339921 0.270438 0.012336
v 0.351545 0.264412 -0.007997
v 0.356274 0.273533 -0.007997
v 0.360133 0.271548 -0.005097
v 0.355398 0.262414 -0.005097
v 0.355398 0.262414 -0.005097
v 0.360133 0.271548 -0.005097
v 0.364679 0.269196 -0.004079
v 0.359942 0.260059 -0.004079
v 0.348971 0.265746 -0.012336
v 0.353690 0.274849 -0.012336
v 0.356274 0.273533 -0.007997
v 0.351545 0.264412 -0.007997
v 0.359942 0.260059 -0.004079
v 0.364679 0.269196 -0.004079
v 0.409349 0.246047 -0.004079
v 0.404608 0.236902 -0.004079
v 0.359942 0.260059 0.004079
v 0.364679 0.269196 0.004079
v 0.360133 0.271548 0.005097
v 0.355398 0.262415 0.005097
v 0.404608 0.236902 0.004079
v 0.409349 0.246047 0.004079
v 0.364679 0.269196 0.004079
v 0.359942 0.260059 0.004079
v 0.351545 0.264412 0.007997
v 0.356274 0.273533 0.007997
v 0.353690 0.274849 0.012336
v 0.348971 0.265746 0.012336
v 0.355398 0.262415 0.005097
v 0.360133 0.271548 0.005097
v 0.356274 0.273533 0.007997
v 0.351545 0.264412 0.007997
v 0.348971 0.265746 0.012336
v 0.353690 0.274849 0.012336
v 0.352775 0.275297 0.017455
v 0.348067 0.266215 0.017455
v 0.411557 0.249443 -0.000000
v 0.417137 0.246543 0.001313
v 0.422165 0.243925 0.005100
v 0.425520 0.242168 0.010769
v 0.426671 0.241535 0.017059
v 0.427851 0.240960 0.010769
v 0.431221 0.239230 0.005100
v 0.436258 0.236630 0.001313
v 0.441842 0.233738 -0.000000
v 0.409152 0.234546 0.005097
v 0.413892 0.243689 0.005097
v 0.409349 0.246047 0.004079
v 0.404608 0.236902 0.004079
v 0.426671 0.241535 -0.017059
v 0.425520 0.242168 -0.010768
v 0.422165 0.243925 -0.005100
v 0.417137 0.246543 -0.001313
v 0.411557 0.249443 -0.000000
v 0.441842 0.233738 -0.000000
v 0.436258 0.236630 -0.001313
v 0.431221 0.239230 -0.005100
v 0.427851 0.240960 -0.010769
v 0.404608 0.236902 -0.004079
v 0.409349 0.246047 -0.004079
v 0.413892 0.243689 -0.005097
v 0.409152 0.234546 -0.005097
v 0.409152 0.234546 -0.005097
v 0.413892 0.243689 -0.005097
v 0.417741 0.241685 -0.007997
v 0.413005 0.232549 -0.007997
v 0.413005 0.232549 -0.007997
v 0.417741 0.241685 -0.007997
v 0.420309 0.240340 -0.012336
v 0.415579 0.231215 -0.012336
v 0.413005 0.232549 0.007997
v 0.417741 0.241685 0.007997
v 0.413892 0.243689 0.005097
v 0.409152 0.234546 0.005097
v 0.415579 0.231215 0.012336
v 0.420309 0.240340 0.012336
v 0.417741 0.241685 0.007997
v 0.413005 0.232549 0.007997
v 0.416483 0.230746 0.017455
v 0.421207 0.239859 0.017455
v 0.420309 0.240340 0.012336
v 0.415579 0.231215 0.012336
v 0.431056 0.223191 -0.005097
v 0.435795 0.232333 -0.005097
v 0.440341 0.229980 -0.004079
v 0.435600 0.220835 -0.004079
v 0.427203 0.225188 -0.007997
v 0.431939 0.234324 -0.007997
v 0.435795 0.232333 -0.005097
v 0.431056 0.223191 -0.005097
v 0.424629 0.226523 -0.012336
v 0.429360 0.235648 -0.012336
v 0.431939 0.234324 -0.007997
v 0.427203 0.225188 -0.007997
v 0.435600 0.220835 0.004079
v 0.440341 0.229980 0.004079
v 0.435795 0.232333 0.005097
v 0.431056 0.223191 0.005097
v 0.431056 0.223191 0.005097
v 0.435795 0.232333 0.005097
v 0.431939 0.234324 0.007997
v 0.427203 0.225188 0.007997
v 0.435600 0.220835 -0.004079
v 0.440341 0.229980 -0.004079
v 0.485009 0.206827 -0.004079
v 0.480266 0.197679 -0.004079
v 0.480266 0.197679 0.004079
v 0.485009 0.206827 0.004079
v 0.440341 0.229980 0.004079
v 0.435600 0.220835 0.004079
v 0.427203 0.225188 0.007997
v 0.431939 0.234324 0.007997
v 0.429360 0.235648 0.012336
v 0.424629 0.226523 0.012336
v 0.424629 0.226523 0.012336
v 0.429360 0.235648 0.012336
v 0.428450 0.236104 0.017455
v 0.423725 0.226991 0.017455
v 0.480266 0.197679 -0.004079
v 0.485009 0.206827 -0.004079
v 0.489553 0.204470 -0.005097
v 0.484811 0.195323 -0.005097
v 0.494259 0.206412 -0.151400
v 0.497794 0.204645 -0.099508
v 0.501153 0.202896 -0.093840
v 0.502266 0.202325 -0.087549
v 0.502296 0.202381 -0.017059
v 0.501187 0.202962 -0.010769
v 0.497831 0.204716 -0.005100
v 0.492791 0.207310 -0.001313
v 0.487214 0.210219 -0.000000
v 0.543980 0.180788 -0.000000
v 0.543839 0.180788 -0.175626
v 0.484810 0.195323 0.005097
v 0.489553 0.204470 0.005097
v 0.485009 0.206827 0.004079
v 0.480266 0.197679 0.004079
v 0.484811 0.195323 -0.005097
v 0.489553 0.204470 -0.005097
v 0.493406 0.202474 -0.007997
v 0.488663 0.193326 -0.007997
v 0.488663 0.193326 -0.007997
v 0.493406 0.202474 -0.007997
v 0.495978 0.201136 -0.012336
v 0.491237 0.191991 -0.012336
v 0.488663 0.193326 0.007997
v 0.493406 0.202474 0.007997
v 0.489553 0.204470 0.005097
v 0.484810 0.195323 0.005097
v 0.491237 0.191991 0.012336
v 0.495978 0.201136 0.012336
v 0.493406 0.202474 0.007997
v 0.488663 0.193326 0.007997
v 0.492141 0.191523 0.017455
v 0.496880 0.200663 0.017455
v 0.495978 0.201136 0.012336
v 0.491237 0.191991 0.012336
v 0.272409 0.305438 -0.052304
v 0.276818 0.313943 -0.052210
v 0.277064 0.314418 -0.017455
v 0.272409 0.305438 -0.017455
v 0.272409 0.305438 -0.017455
v 0.277064 0.314418 -0.017455
v 0.277991 0.313993 -0.012336
v 0.273313 0.304970 -0.012336
v 0.339921 0.270438 -0.012336
v 0.344640 0.279541 -0.012336
v 0.345533 0.279051 -0.017455
v 0.340824 0.269970 -0.017455
v 0.340824 0.269970 -0.017455
v 0.345533 0.279051 -0.017455
v 0.345340 0.278680 -0.087153
v 0.340824 0.269970 -0.087153
v 0.348067 0.266215 -0.087153
v 0.352621 0.274998 -0.087153
v 0.352776 0.275297 -0.017455
v 0.348067 0.266215 -0.017455
v 0.348067 0.266215 -0.017455
v 0.352776 0.275297 -0.017455
v 0.353690 0.274849 -0.012336
v 0.348971 0.265746 -0.012336
v 0.416483 0.230746 -0.017455
v 0.421207 0.239859 -0.017455
v 0.421141 0.239731 -0.087153
v 0.416483 0.230746 -0.087153
v 0.415579 0.231215 -0.012336
v 0.420309 0.240340 -0.012336
v 0.421207 0.239859 -0.017455
v 0.416483 0.230746 -0.017455
v 0.423725 0.226991 -0.017455
v 0.428450 0.236104 -0.017454
v 0.429360 0.235648 -0.012336
v 0.424629 0.226523 -0.012336
v 0.428450 0.236104 -0.017454
v 0.423725 0.226991 -0.017455
v 0.423725 0.226991 -0.087153
v 0.428391 0.235990 -0.087153
v 0.491237 0.191991 -0.012336
v 0.495978 0.201136 -0.012336
v 0.496880 0.200663 -0.017454
v 0.492141 0.191523 -0.017455
v 0.496880 0.200663 -0.017454
v 0.496851 0.200608 -0.087153
v 0.492141 0.191523 -0.087153
v 0.492141 0.191523 -0.017455
v 0.229164 0.341696 -0.046580
v 0.232633 0.341624 -0.023030
v 0.275071 0.319302 -0.052303
v 0.274444 0.318122 -0.087406
v 0.272409 0.305438 -0.087153
v 0.276314 0.312971 -0.087150
v 0.276818 0.313943 -0.052210
v 0.272409 0.305438 -0.052304
v 0.223579 0.341730 -0.068842
v 0.229164 0.341696 -0.046580
v 0.274444 0.318122 -0.087406
v 0.275399 0.317193 -0.093819
v 0.278705 0.315344 -0.099493
v 0.277043 0.314332 -0.121248
v 0.273313 0.304970 -0.092272
v 0.277073 0.312223 -0.092271
v 0.276314 0.312971 -0.087150
v 0.272409 0.305438 -0.087153
v 0.340824 0.269970 -0.087153
v 0.345340 0.278680 -0.087153
v 0.344384 0.279048 -0.092272
v 0.339921 0.270438 -0.092272
v 0.348971 0.265746 -0.092272
v 0.353482 0.274447 -0.092272
v 0.352621 0.274998 -0.087153
v 0.348067 0.266215 -0.087153
v 0.416483 0.230746 -0.087153
v 0.421141 0.239731 -0.087153
v 0.420232 0.240190 -0.092272
v 0.415579 0.231215 -0.092272
v 0.424629 0.226523 -0.092272
v 0.429292 0.235516 -0.092272
v 0.428391 0.235990 -0.087153
v 0.423725 0.226991 -0.087153
v 0.492141 0.191523 -0.087153
v 0.496851 0.200608 -0.087153
v 0.495945 0.201072 -0.092272
v 0.491237 0.191991 -0.092272
v 0.275887 0.303635 -0.096611
v 0.279594 0.310787 -0.096611
v 0.277073 0.312223 -0.092271
v 0.273313 0.304970 -0.092272
v 0.277043 0.314332 -0.121248
v 0.278705 0.315344 -0.099493
v 0.283767 0.312782 -0.103284
v 0.289483 0.310133 -0.104536
v 0.297650 0.306491 -0.104546
v 0.336562 0.286489 -0.137460
v 0.332081 0.286128 -0.175197
v 0.279739 0.301638 -0.099511
v 0.283468 0.308828 -0.099511
v 0.279594 0.310787 -0.096611
v 0.275887 0.303635 -0.096611
v 0.337346 0.271773 -0.096611
v 0.341756 0.280279 -0.096611
v 0.337857 0.282187 -0.099511
v 0.333494 0.273770 -0.099511
v 0.339921 0.270438 -0.092272
v 0.344384 0.279048 -0.092272
v 0.341756 0.280279 -0.096611
v 0.337346 0.271773 -0.096611
v 0.351545 0.264412 -0.096611
v 0.356029 0.273061 -0.096611
v 0.353482 0.274447 -0.092272
v 0.348971 0.265746 -0.092272
v 0.355398 0.262414 -0.099511
v 0.359875 0.271051 -0.099511
v 0.356029 0.273061 -0.096611
v 0.351545 0.264412 -0.096611
v 0.413005 0.232549 -0.096611
v 0.417652 0.241514 -0.096611
v 0.413794 0.243499 -0.099511
v 0.409152 0.234546 -0.099511
v 0.415579 0.231215 -0.092272
v 0.420232 0.240190 -0.092272
v 0.417652 0.241514 -0.096611
v 0.413005 0.232549 -0.096611
v 0.427203 0.225188 -0.096611
v 0.431865 0.234181 -0.096611
v 0.429292 0.235516 -0.092272
v 0.424629 0.226523 -0.092272
v 0.431056 0.223191 -0.099511
v 0.435720 0.232187 -0.099511
v 0.431865 0.234181 -0.096611
v 0.427203 0.225188 -0.096611
v 0.488663 0.193326 -0.096611
v 0.493369 0.202403 -0.096611
v 0.489513 0.204393 -0.099511
v 0.484811 0.195323 -0.099511
v 0.444679 0.232035 -0.127173
v 0.441768 0.233593 -0.104546
v 0.487160 0.210116 -0.104546
v 0.492754 0.207240 -0.103295
v 0.497794 0.204645 -0.099508
v 0.494259 0.206412 -0.151400
v 0.491237 0.191991 -0.092272
v 0.495945 0.201072 -0.092272
v 0.493369 0.202403 -0.096611
v 0.488663 0.193326 -0.096611
v 0.284284 0.299282 -0.100529
v 0.288115 0.306670 -0.100529
v 0.283468 0.308828 -0.099511
v 0.279739 0.301638 -0.099511
v 0.333494 0.273770 -0.099511
v 0.337857 0.282187 -0.099511
v 0.333264 0.284448 -0.100529
v 0.328950 0.276126 -0.100529
v 0.359942 0.260059 -0.100529
v 0.364433 0.268722 -0.100529
v 0.359875 0.271051 -0.099511
v 0.355398 0.262414 -0.099511
v 0.409152 0.234546 -0.099511
v 0.413794 0.243499 -0.099511
v 0.409244 0.245845 -0.100529
v 0.404608 0.236902 -0.100529
v 0.435600 0.220835 -0.100529
v 0.440268 0.229839 -0.100529
v 0.435720 0.232187 -0.099511
v 0.431056 0.223191 -0.099511
v 0.484811 0.195323 -0.099511
v 0.489513 0.204393 -0.099511
v 0.484964 0.206740 -0.100529
v 0.480266 0.197679 -0.100529
v 0.328950 0.276126 -0.100529
v 0.333264 0.284448 -0.100529
v 0.291209 0.305287 -0.100529
v 0.288115 0.306670 -0.100529
v 0.284284 0.299282 -0.100529
v 0.297650 0.306491 -0.104546
v 0.335433 0.287769 -0.104546
v 0.341071 0.284978 -0.103294
v 0.336562 0.286489 -0.137460
v 0.484964 0.206740 -0.100529
v 0.440268 0.229839 -0.100529
v 0.435600 0.220835 -0.100529
v 0.480266 0.197679 -0.100529
v 0.000000 0.000000 0.000000
v 0.000000 0.000000 0.332498
v -0.397871 0.000000 0.397871
v -0.332498 0.000000 0.000000
v 0.000000 0.000000 0.000000
v -0.332498 0.000000 0.000000
v -0.397871 -0.000000 -0.397871
v 0.000000 -0.000000 -0.332498
v -0.259291 0.285455 0.292768
v -0.148676 0.341772 0.180848
v -0.165551 0.341774 0.165551
v -0.276952 0.285456 0.276952
v -0.220292 0.285584 -0.317239
v -0.327813 0.230973 -0.424646
v -0.348780 0.230813 -0.413688
v -0.241064 0.285539 -0.305540
v -0.199624 0.285860 -0.325482
v -0.306307 0.231326 -0.432418
v -0.327813 0.230973 -0.424646
v -0.220292 0.285584 -0.317239
v -0.175197 0.286128 -0.332081
v -0.279085 0.231815 -0.438065
v -0.306307 0.231326 -0.432418
v -0.199624 0.285860 -0.325482
v -0.226361 0.232484 -0.441622
v -0.127173 0.232035 -0.444679
v -0.175626 0.180788 -0.543839
v -0.311909 0.180517 -0.542718
v -0.076197 0.285952 -0.340352
v -0.127173 0.232035 -0.444679
v -0.226361 0.232484 -0.441622
v -0.137460 0.286489 -0.336562
v -0.048229 0.314001 0.286077
v -0.023545 0.341641 0.232597
v -0.046593 0.341688 0.229180
v -0.134247 0.285455 0.338754
v -0.073722 0.285455 0.341308
v -0.430955 0.178586 0.527680
v -0.326541 0.230802 0.425827
v -0.347720 0.230730 0.414702
v -0.452006 0.178369 0.517327
v -0.545236 0.150564 0.439383
v -0.540090 0.167350 0.436889
v -0.548095 0.167453 0.413261
v -0.553462 0.150564 0.415158
v -0.527680 0.178586 0.430955
v -0.535142 0.178941 0.408788
v -0.548095 0.167453 0.413261
v -0.540090 0.167350 0.436889
v -0.413261 0.167453 -0.548095
v -0.415158 0.150564 -0.553462
v -0.439384 0.150564 -0.545236
v -0.436889 0.167350 -0.540090
v -0.452006 0.178369 0.517327
v -0.471444 0.178263 0.504360
v -0.480025 0.167255 0.515203
v -0.459286 0.167286 0.529056
v -0.519707 0.150564 0.483602
v -0.515203 0.167255 0.480025
v -0.529056 0.167286 0.459286
v -0.533923 0.150564 0.462331
v -0.504360 0.178263 0.471444
v -0.517327 0.178369 0.452006
v -0.529056 0.167286 0.459286
v -0.515203 0.167255 0.480025
v -0.311909 0.180517 0.542718
v -0.378963 0.179599 0.539959
v -0.382162 0.167646 0.553133
v -0.312139 0.167914 0.555823
v -0.498772 0.167254 0.498772
v -0.515203 0.167255 0.480025
v -0.519707 0.150564 0.483602
v -0.502839 0.150564 0.502839
v -0.483602 0.150564 0.519707
v -0.480025 0.167255 0.515203
v -0.498772 0.167254 0.498772
v -0.502839 0.150564 0.502839
v -0.480025 0.167255 0.515203
v -0.471444 0.178263 0.504360
v -0.488995 0.178260 0.488994
v -0.498772 0.167254 0.498772
v -0.548095 0.167453 -0.413261
v -0.553133 0.167646 -0.382162
v -0.539959 0.179599 -0.378962
v -0.535142 0.178941 -0.408788
v -0.462331 0.150564 0.533923
v -0.459286 0.167286 0.529056
v -0.480025 0.167255 0.515203
v -0.483602 0.150564 0.519707
v -0.439384 0.150564 0.545236
v -0.436889 0.167350 0.540090
v -0.459286 0.167286 0.529056
v -0.462331 0.150564 0.533923
v -0.430955 0.178586 0.527680
v -0.452006 0.178369 0.517327
v -0.459286 0.167286 0.529056
v -0.436889 0.167350 0.540090
v -0.529056 0.167286 -0.459286
v -0.540090 0.167350 -0.436889
v -0.527680 0.178586 -0.430955
v -0.517327 0.178369 -0.452006
v -0.415157 0.150564 0.553462
v -0.413261 0.167453 0.548095
v -0.436889 0.167350 0.540090
v -0.439384 0.150564 0.545236
v -0.382162 0.167646 0.553133
v -0.413261 0.167453 0.548095
v -0.415157 0.150564 0.553462
v -0.383537 0.150564 0.558591
v -0.312234 0.150561 0.561252
v -0.312139 0.167914 0.555823
v -0.382162 0.167646 0.553133
v -0.383537 0.150564 0.558591
v -0.553462 0.150564 -0.415158
v -0.558591 0.150564 -0.383536
v -0.553133 0.167646 -0.382162
v -0.548095 0.167453 -0.413261
v -0.502839 0.150564 -0.502839
v -0.519706 0.150564 -0.483602
v -0.515203 0.167255 -0.480025
v -0.498772 0.167254 -0.498772
v -0.378963 0.179599 0.539959
v -0.408788 0.178941 0.535142
v -0.413261 0.167453 0.548095
v -0.382162 0.167646 0.553133
v -0.553133 0.167646 -0.382162
v -0.555823 0.167914 -0.312139
v -0.542718 0.180517 -0.311909
v -0.539959 0.179599 -0.378962
v -0.533922 0.150564 -0.462331
v -0.545236 0.150564 -0.439383
v -0.540090 0.167350 -0.436889
v -0.529056 0.167286 -0.459286
v -0.558591 0.150564 -0.383536
v -0.561252 0.150561 -0.312234
v -0.555823 0.167914 -0.312139
v -0.553133 0.167646 -0.382162
v -0.540090 0.167350 -0.436889
v -0.548095 0.167453 -0.413261
v -0.535142 0.178941 -0.408788
v -0.527680 0.178586 -0.430955
v -0.545236 0.150564 -0.439383
v -0.553462 0.150564 -0.415158
v -0.548095 0.167453 -0.413261
v -0.540090 0.167350 -0.436889
v -0.542718 0.180517 -0.311909
v -0.555823 0.167914 -0.312139
v -0.556831 0.167965 -0.175673
v -0.543839 0.180788 -0.175626
v -0.462331 0.150564 -0.533922
v -0.483602 0.150564 -0.519707
v -0.480025 0.167255 -0.515203
v -0.459286 0.167286 -0.529056
v -0.515203 0.167255 -0.480025
v -0.529056 0.167286 -0.459286
v -0.517327 0.178369 -0.452006
v -0.504360 0.178263 -0.471444
v -0.515203 0.167255 -0.480025
v -0.519706 0.150564 -0.483602
v -0.533922 0.150564 -0.462331
v -0.529056 0.167286 -0.459286
v -0.312234 0.150561 -0.561252
v -0.383537 0.150564 -0.558592
v -0.382162 0.167646 -0.553134
v -0.312139 0.167914 -0.555823
v -0.498772 0.167254 -0.498772
v -0.515203 0.167255 -0.480025
v -0.504360 0.178263 -0.471444
v -0.488994 0.178260 -0.488994
v -0.471444 0.178263 -0.504360
v -0.480025 0.167255 -0.515203
v -0.498772 0.167254 -0.498772
v -0.488994 0.178260 -0.488994
v -0.483602 0.150564 -0.519707
v -0.502839 0.150564 -0.502839
v -0.498772 0.167254 -0.498772
v -0.480025 0.167255 -0.515203
v -0.543839 0.180788 -0.175626
v -0.556831 0.167965 -0.175673
v -0.556987 0.167994 -0.000000
v -0.543980 0.180788 -0.000000
v -0.452006 0.178369 -0.517327
v -0.459286 0.167286 -0.529056
v -0.480025 0.167255 -0.515203
v -0.471444 0.178263 -0.504360
v -0.430955 0.178586 -0.527680
v -0.436889 0.167350 -0.540090
v -0.459286 0.167286 -0.529056
v -0.452006 0.178369 -0.517327
v -0.439384 0.150564 -0.545236
v -0.462331 0.150564 -0.533922
v -0.459286 0.167286 -0.529056
v -0.436889 0.167350 -0.540090
v -0.408788 0.178941 0.535142
v -0.430955 0.178586 0.527680
v -0.436889 0.167350 0.540090
v -0.413261 0.167453 0.548095
v -0.413261 0.167453 -0.548095
v -0.436889 0.167350 -0.540090
v -0.430955 0.178586 -0.527680
v -0.408788 0.178941 -0.535142
v -0.378963 0.179599 -0.539959
v -0.382162 0.167646 -0.553134
v -0.413261 0.167453 -0.548095
v -0.408788 0.178941 -0.535142
v -0.311909 0.180517 -0.542718
v -0.312139 0.167914 -0.555823
v -0.382162 0.167646 -0.553134
v -0.378963 0.179599 -0.539959
v -0.561252 0.150561 -0.312234
v -0.562234 0.150564 -0.175692
v -0.556831 0.167965 -0.175673
v -0.555823 0.167914 -0.312139
v -0.382162 0.167646 -0.553134
v -0.383537 0.150564 -0.558592
v -0.415158 0.150564 -0.553462
v -0.413261 0.167453 -0.548095
v 0.000000 0.180788 -0.543980
v 0.000000 0.167994 -0.556987
v -0.175673 0.167994 -0.556846
v -0.175626 0.180788 -0.543839
v -0.556846 0.167994 0.175673
v -0.555823 0.167914 0.312139
v -0.542718 0.180516 0.311909
v -0.543839 0.180788 0.175626
v -0.562234 0.150564 0.175692
v -0.561252 0.150561 0.312234
v -0.555823 0.167914 0.312139
v -0.556846 0.167994 0.175673
v -0.562234 0.150564 -0.175692
v -0.562374 0.150564 -0.000000
v -0.556987 0.167994 -0.000000
v -0.556831 0.167965 -0.175673
v -0.312234 0.150561 0.561252
v -0.175692 0.150564 0.562234
v -0.175673 0.167965 0.556831
v -0.312139 0.167914 0.555823
v -0.556987 0.167994 -0.000000
v -0.556846 0.167994 0.175673
v -0.543839 0.180788 0.175626
v -0.543980 0.180788 -0.000000
v -0.562374 0.150564 -0.000000
v -0.562234 0.150564 0.175692
v -0.556846 0.167994 0.175673
v -0.556987 0.167994 -0.000000
v -0.553134 0.167646 0.382162
v -0.539959 0.179599 0.378963
v -0.542718 0.180516 0.311909
v -0.555823 0.167914 0.312139
v -0.311909 0.180517 0.542718
v -0.312139 0.167914 0.555823
v -0.175673 0.167965 0.556831
v -0.175626 0.180687 0.543787
v -0.553462 0.150564 0.415158
v -0.548095 0.167453 0.413261
v -0.553134 0.167646 0.382162
v -0.558592 0.150564 0.383537
v 0.000000 0.150564 -0.562374
v -0.175692 0.150564 -0.562234
v -0.175673 0.167994 -0.556846
v 0.000000 0.167994 -0.556987
v -0.175692 0.150564 0.562234
v 0.000000 0.150564 0.562374
v 0.000000 0.167994 0.556987
v -0.175673 0.167965 0.556831
v -0.175626 0.180687 0.543787
v -0.175673 0.167965 0.556831
v 0.000000 0.167994 0.556987
v 0.000000 0.180788 0.543980
v -0.533923 0.150564 0.462331
v -0.529056 0.167286 0.459286
v -0.540090 0.167350 0.436889
v -0.545236 0.150564 0.439383
v -0.529056 0.167286 0.459286
v -0.517327 0.178369 0.452006
v -0.527680 0.178586 0.430955
v -0.540090 0.167350 0.436889
v -0.175692 0.150564 -0.562234
v -0.312234 0.150561 -0.561252
v -0.312139 0.167914 -0.555823
v -0.175673 0.167994 -0.556846
v -0.175626 0.180788 -0.543839
v -0.175673 0.167994 -0.556846
v -0.312139 0.167914 -0.555823
v -0.311909 0.180517 -0.542718
v -0.548095 0.167453 0.413261
v -0.535142 0.178941 0.408788
v -0.539959 0.179599 0.378963
v -0.553134 0.167646 0.382162
v -0.488995 0.178260 0.488994
v -0.504360 0.178263 0.471444
v -0.515203 0.167255 0.480025
v -0.498772 0.167254 0.498772
v -0.099214 0.256910 0.396540
v -0.073722 0.285455 0.341308
v -0.134247 0.285455 0.338754
v -0.223132 0.231445 0.443825
v -0.124685 0.231502 0.445622
v -0.306307 0.231326 -0.432418
v -0.279085 0.231815 -0.438065
v -0.378963 0.179599 -0.539959
v -0.408788 0.178941 -0.535142
v -0.276583 0.231140 0.440174
v -0.172708 0.285455 0.334180
v -0.197540 0.285455 0.327357
v -0.304213 0.230920 0.434302
v -0.223132 0.231445 0.443825
v -0.134247 0.285455 0.338754
v -0.172708 0.285455 0.334180
v -0.276583 0.231140 0.440174
v -0.326541 0.230802 0.425827
v -0.219338 0.285455 0.318124
v -0.240008 0.285455 0.306550
v -0.347720 0.230730 0.414702
v -0.130387 0.341768 -0.194421
v -0.110865 0.341758 -0.206141
v -0.220292 0.285584 -0.317239
v -0.241064 0.285539 -0.305540
v -0.127173 0.232035 -0.444679
v 0.000000 0.231530 -0.446103
v 0.000000 0.180788 -0.543980
v -0.175626 0.180788 -0.543839
v -0.279085 0.231815 -0.438065
v -0.226361 0.232484 -0.441622
v -0.311909 0.180517 -0.542718
v -0.378963 0.179599 -0.539959
v -0.367918 0.230708 -0.400595
v -0.348780 0.230813 -0.413688
v -0.452006 0.178369 -0.517327
v -0.471444 0.178263 -0.504360
v -0.327813 0.230973 -0.424646
v -0.306307 0.231326 -0.432418
v -0.408788 0.178941 -0.535142
v -0.430955 0.178586 -0.527680
v -0.090296 0.341745 -0.215894
v -0.068852 0.341725 -0.223589
v -0.175197 0.286128 -0.332081
v -0.199624 0.285860 -0.325482
v -0.150155 0.206095 0.494705
v -0.124685 0.231502 0.445622
v -0.223132 0.231445 0.443825
v -0.311909 0.180517 0.542718
v -0.175626 0.180687 0.543787
v -0.378963 0.179599 0.539959
v -0.276583 0.231140 0.440174
v -0.304213 0.230920 0.434302
v -0.408788 0.178941 0.535142
v -0.385276 0.230694 0.385276
v -0.400595 0.230708 0.367918
v -0.504360 0.178263 0.471444
v -0.488995 0.178260 0.488994
v -0.452006 0.178369 0.517327
v -0.347720 0.230730 0.414702
v -0.367387 0.230694 0.401118
v -0.471444 0.178263 0.504360
v -0.259820 0.285469 -0.292248
v -0.367918 0.230708 -0.400595
v -0.385276 0.230694 -0.385276
v -0.276952 0.285456 -0.276952
v -0.408788 0.178941 0.535142
v -0.304213 0.230920 0.434302
v -0.326541 0.230802 0.425827
v -0.430955 0.178586 0.527680
v -0.023544 0.341642 -0.232595
v 0.000000 0.341621 -0.233750
v 0.000000 0.285450 -0.342098
v -0.076197 0.285952 -0.340352
v -0.165546 0.341777 -0.165546
v -0.148672 0.341774 -0.180844
v -0.259820 0.285469 -0.292248
v -0.276952 0.285456 -0.276952
v -0.134247 0.285455 0.338754
v -0.046593 0.341688 0.229180
v -0.068853 0.341724 0.223591
v -0.172708 0.285455 0.334180
v -0.311909 0.180517 0.542718
v -0.223132 0.231445 0.443825
v -0.276583 0.231140 0.440174
v -0.378963 0.179599 0.539959
v -0.197540 0.285455 0.327357
v -0.090298 0.341744 0.215896
v -0.110868 0.341757 0.206144
v -0.219338 0.285455 0.318124
v -0.046592 0.341688 -0.229179
v -0.023544 0.341642 -0.232595
v -0.076197 0.285952 -0.340352
v -0.137460 0.286489 -0.336562
v -0.068852 0.341725 -0.223589
v -0.046592 0.341688 -0.229179
v -0.137460 0.286489 -0.336562
v -0.175197 0.286128 -0.332081
v -0.471444 0.178263 0.504360
v -0.367387 0.230694 0.401118
v -0.385276 0.230694 0.385276
v -0.488995 0.178260 0.488994
v -0.110865 0.341758 -0.206141
v -0.090296 0.341745 -0.215894
v -0.199624 0.285860 -0.325482
v -0.220292 0.285584 -0.317239
v -0.240008 0.285455 0.306550
v -0.130390 0.341766 0.194424
v -0.148676 0.341772 0.180848
v -0.259291 0.285455 0.292768
v -0.148672 0.341774 -0.180844
v -0.130387 0.341768 -0.194421
v -0.241064 0.285539 -0.305540
v -0.259820 0.285469 -0.292248
v -0.304213 0.230920 0.434302
v -0.197540 0.285455 0.327357
v -0.219338 0.285455 0.318124
v -0.326541 0.230802 0.425827
v -0.165546 0.341777 -0.165546
v -0.276952 0.285456 -0.276952
v -0.292248 0.285469 -0.259820
v -0.180844 0.341774 -0.148672
v -0.348780 0.230813 -0.413688
v -0.327813 0.230973 -0.424646
v -0.430955 0.178586 -0.527680
v -0.452006 0.178369 -0.517327
v -0.137460 0.286489 -0.336562
v -0.226361 0.232484 -0.441622
v -0.279085 0.231815 -0.438065
v -0.175197 0.286128 -0.332081
v -0.241064 0.285539 -0.305540
v -0.348780 0.230813 -0.413688
v -0.367918 0.230708 -0.400595
v -0.259820 0.285469 -0.292248
v -0.172708 0.285455 0.334180
v -0.068853 0.341724 0.223591
v -0.090298 0.341744 0.215896
v -0.197540 0.285455 0.327357
v 0.000000 0.285450 -0.342098
v 0.000000 0.231530 -0.446103
v -0.127173 0.232035 -0.444679
v -0.076197 0.285952 -0.340352
v -0.219338 0.285455 0.318124
v -0.110868 0.341757 0.206144
v -0.130390 0.341766 0.194424
v -0.240008 0.285455 0.306550
v -0.385276 0.230694 -0.385276
v -0.367918 0.230708 -0.400595
v -0.471444 0.178263 -0.504360
v -0.488994 0.178260 -0.488994
v -0.012491 0.191916 0.475971
v -0.021827 0.193394 0.482807
v -0.012752 0.189189 0.490862
v -0.007363 0.189539 0.480522
v -0.012575 0.303975 0.269422
v -0.014772 0.316463 0.271533
v -0.020839 0.314275 0.275635
v -0.017716 0.302176 0.272926
v 0.000000 0.187622 0.493805
v 0.000000 0.188651 0.482191
v -0.007363 0.189539 0.480522
v -0.012752 0.189189 0.490862
v -0.025179 0.199246 0.471539
v -0.029576 0.209861 0.477364
v -0.028584 0.206373 0.484093
v -0.025179 0.199246 0.471539
v -0.025033 0.293990 0.288763
v -0.029429 0.304729 0.293999
v -0.029466 0.281181 0.339574
v -0.029510 0.252636 0.394770
v -0.029549 0.227255 0.443778
v -0.029576 0.209861 0.477364
v -0.021827 0.193394 0.482807
v -0.021015 0.200343 0.495757
v -0.014955 0.198208 0.499896
v -0.012752 0.189189 0.490862
v -0.014493 0.195604 0.468869
v -0.014348 0.289702 0.287339
v -0.025033 0.293990 0.288763
v -0.025179 0.199246 0.471539
v -0.014493 0.195604 0.468869
v -0.012491 0.191916 0.475971
v -0.005596 0.193727 0.472433
v -0.006603 0.195819 0.468404
v 0.000000 0.187622 0.493805
v -0.007895 0.196867 0.502499
v 0.000000 0.196414 0.503390
v -0.012752 0.189189 0.490862
v -0.014955 0.198208 0.499896
v -0.007895 0.196867 0.502499
v 0.000000 0.187622 0.493805
v -0.014348 0.289702 0.287339
v -0.024145 0.297076 0.282804
v -0.025033 0.293990 0.288763
v -0.017716 0.302176 0.272926
v -0.020839 0.314275 0.275635
v -0.025496 0.311448 0.280996
v -0.021662 0.299823 0.277490
v -0.025033 0.293990 0.288763
v -0.024145 0.297076 0.282804
v -0.028426 0.308191 0.287259
v -0.029429 0.304729 0.293999
v 0.000000 0.305468 0.266461
v 0.000000 0.318381 0.268126
v -0.007708 0.317863 0.268973
v -0.006597 0.305097 0.267220
v -0.007199 0.295725 0.275675
v -0.012334 0.293378 0.280234
v -0.005445 0.291527 0.283762
v -0.003225 0.292541 0.281791
v -0.021662 0.299823 0.277490
v -0.025496 0.311448 0.280996
v -0.028426 0.308191 0.287259
v -0.024145 0.297076 0.282804
v -0.021827 0.193394 0.482807
v -0.025664 0.203126 0.490365
v -0.021015 0.200343 0.495757
v -0.006597 0.305097 0.267220
v -0.007708 0.317863 0.268973
v -0.014772 0.316463 0.271533
v -0.012575 0.303975 0.269422
v -0.005598 0.193159 0.472139
v -0.005626 0.184496 0.467648
v -0.006634 0.186587 0.463619
v -0.006605 0.195250 0.468110
v -0.029510 0.252636 0.394770
v -0.029466 0.281181 0.339574
v -0.034263 0.285441 0.341773
v -0.034307 0.256901 0.396973
v -0.025496 0.311448 0.280996
v -0.029683 0.316769 0.281017
v -0.033099 0.312959 0.288312
v -0.028426 0.308191 0.287259
v -0.025496 0.311448 0.280996
v -0.020839 0.314275 0.275635
v -0.024254 0.320100 0.274786
v -0.029683 0.316769 0.281017
v -0.029549 0.227255 0.443778
v -0.034347 0.231522 0.445984
v -0.034374 0.213982 0.479852
v -0.029576 0.209861 0.477364
v -0.014955 0.198208 0.499896
v -0.017370 0.200554 0.505844
v -0.009129 0.198977 0.508879
v -0.007895 0.196867 0.502499
v -0.024254 0.320100 0.274786
v -0.020839 0.314275 0.275635
v -0.014772 0.316463 0.271533
v -0.017181 0.322651 0.270005
v -0.029854 0.206267 0.494724
v -0.025664 0.203126 0.490365
v -0.028584 0.206373 0.484093
v -0.033258 0.210063 0.487416
v -0.034263 0.285441 0.341773
v -0.029466 0.281181 0.339574
v -0.029429 0.304729 0.293999
v -0.034227 0.309118 0.295915
v 0.000000 0.318381 0.268126
v 0.000000 0.324870 0.266021
v -0.008942 0.324285 0.267016
v -0.007708 0.317863 0.268973
v -0.033258 0.210063 0.487416
v -0.028584 0.206373 0.484093
v -0.029576 0.209861 0.477364
v -0.034374 0.213982 0.479852
v -0.017181 0.322651 0.270005
v -0.014772 0.316463 0.271533
v -0.007708 0.317863 0.268973
v -0.008942 0.324285 0.267016
v -0.021015 0.200343 0.495757
v -0.024435 0.203038 0.501016
v -0.017370 0.200554 0.505844
v -0.014955 0.198208 0.499896
v -0.028426 0.308191 0.287259
v -0.033099 0.312959 0.288312
v -0.034227 0.309118 0.295915
v -0.029429 0.304729 0.293999
v -0.029854 0.206267 0.494724
v -0.024435 0.203038 0.501016
v -0.021015 0.200343 0.495757
v -0.025664 0.203126 0.490365
v -0.034263 0.285441 0.341773
v -0.034227 0.309118 0.295915
v -0.033099 0.312959 0.288312
v -0.048229 0.314001 0.286077
v -0.073722 0.285455 0.341308
v -0.099214 0.256910 0.396540
v -0.034307 0.256901 0.396973
v -0.034263 0.285441 0.341773
v -0.073722 0.285455 0.341308
v -0.124685 0.231502 0.445622
v -0.034347 0.231522 0.445984
v -0.034307 0.256901 0.396973
v -0.099214 0.256910 0.396540
v -0.150155 0.206095 0.494705
v -0.029854 0.206267 0.494724
v -0.033258 0.210063 0.487416
v -0.034374 0.213982 0.479852
v -0.034347 0.231522 0.445984
v -0.124685 0.231502 0.445622
v 0.000000 0.198484 0.509933
v -0.009129 0.198977 0.508879
v -0.017370 0.200554 0.505844
v -0.024435 0.203038 0.501016
v -0.029854 0.206267 0.494724
v -0.150155 0.206095 0.494705
v -0.175626 0.180687 0.543787
v 0.000000 0.180788 0.543980
v 0.000000 0.296571 0.273997
v -0.007199 0.295725 0.275675
v -0.003225 0.292541 0.281791
v 0.000000 0.292910 0.281059
v -0.005596 0.193727 0.472433
v -0.012491 0.191916 0.475971
v -0.007363 0.189539 0.480522
v -0.003379 0.192700 0.474401
v -0.007363 0.189539 0.480522
v 0.000000 0.188651 0.482191
v 0.000000 0.192312 0.475129
v -0.003379 0.192700 0.474401
v -0.006458 0.289441 0.287792
v -0.014348 0.289702 0.287339
v -0.014493 0.195604 0.468869
v -0.006603 0.195819 0.468404
v 0.000000 0.191744 0.474834
v 0.000000 0.183081 0.470344
v -0.003410 0.183468 0.469616
v -0.003381 0.192131 0.474106
v -0.005445 0.291527 0.283762
v -0.012334 0.293378 0.280234
v -0.014348 0.289702 0.287339
v -0.006458 0.289441 0.287792
v -0.005447 0.290958 0.283467
v -0.005475 0.282296 0.278977
v -0.003255 0.283310 0.277006
v -0.003227 0.291973 0.281497
v -0.006460 0.288873 0.287498
v -0.006489 0.280210 0.283007
v -0.005475 0.282296 0.278977
v -0.005447 0.290958 0.283467
v -0.003227 0.291973 0.281497
v -0.003255 0.283310 0.277006
v 0.000000 0.283679 0.276274
v 0.000000 0.292342 0.280764
v -0.003381 0.192131 0.474106
v -0.005598 0.193159 0.472139
v -0.005596 0.193727 0.472433
v -0.003379 0.192700 0.474401
v -0.006605 0.195250 0.468110
v -0.006634 0.186587 0.463619
v -0.006489 0.280210 0.283007
v -0.006460 0.288873 0.287498
v -0.194409 0.342546 -0.019148
v -0.191596 0.342546 -0.038111
v -0.193852 0.340913 -0.038560
v -0.196698 0.340913 -0.019373
v -0.191596 0.342546 0.038111
v -0.194409 0.342546 0.019148
v -0.196698 0.340913 0.019373
v -0.193852 0.340913 0.038560
v -0.186937 0.342546 0.056707
v -0.191596 0.342546 0.038111
v -0.193852 0.340913 0.038560
v -0.189139 0.340913 0.057375
v -0.108531 0.342546 0.162428
v -0.123928 0.342546 0.151007
v -0.125387 0.340913 0.152785
v -0.109809 0.340913 0.164340
v -0.092087 0.342546 0.172283
v -0.108531 0.342546 0.162428
v -0.109809 0.340913 0.164340
v -0.093171 0.340913 0.174311
v -0.191596 0.342546 -0.038111
v -0.186937 0.342546 -0.056707
v -0.189139 0.340913 -0.057375
v -0.193852 0.340913 -0.038560
v -0.074757 0.342546 -0.180480
v -0.056707 0.342546 -0.186937
v -0.057375 0.340913 -0.189139
v -0.075637 0.340913 -0.182605
v -0.092087 0.342546 -0.172283
v -0.074757 0.342546 -0.180480
v -0.075637 0.340913 -0.182605
v -0.093171 0.340913 -0.174311
v -0.223592 0.341718 0.068886
v -0.221407 0.340898 0.067328
v -0.226901 0.340901 0.045311
v -0.229163 0.341682 0.046720
v -0.130390 0.341766 0.194424
v -0.128652 0.340895 0.192430
v -0.146874 0.340894 0.178917
v -0.148676 0.341772 0.180848
v -0.110868 0.341757 0.206144
v -0.109193 0.340895 0.204087
v -0.128652 0.340895 0.192430
v -0.130390 0.341766 0.194424
v -0.229164 0.341696 -0.046580
v -0.226899 0.340904 -0.045290
v -0.221406 0.340900 -0.067322
v -0.223579 0.341730 -0.068842
v -0.090296 0.341745 -0.215894
v -0.088685 0.340897 -0.213778
v -0.067323 0.340899 -0.221407
v -0.068852 0.341725 -0.223589
v -0.110865 0.341758 -0.206141
v -0.109192 0.340896 -0.204086
v -0.088685 0.340897 -0.213778
v -0.090296 0.341745 -0.215894
v -0.229163 0.341682 0.046720
v -0.226901 0.340901 0.045311
v -0.230219 0.340902 0.022789
v -0.232594 0.341639 0.023634
v -0.232633 0.341624 -0.023030
v -0.230223 0.340901 -0.022694
v -0.226899 0.340904 -0.045290
v -0.229164 0.341696 -0.046580
v -0.195350 0.342546 -0.000000
v -0.194409 0.342546 -0.019148
v -0.196698 0.340913 -0.019373
v -0.197650 0.340913 -0.000000
v -0.038111 0.342546 -0.191596
v -0.019148 0.342546 -0.194409
v -0.019373 0.340913 -0.196698
v -0.038560 0.340913 -0.193852
v -0.194409 0.342546 0.019148
v -0.195350 0.342546 -0.000000
v -0.197650 0.340913 -0.000000
v -0.196698 0.340913 0.019373
v -0.180480 0.342546 0.074757
v -0.186937 0.342546 0.056707
v -0.189139 0.340913 0.057375
v -0.182605 0.340913 0.075637
v -0.172283 0.342546 0.092087
v -0.180480 0.342546 0.074757
v -0.182605 0.340913 0.075637
v -0.174311 0.340913 0.093171
v -0.074757 0.342546 0.180480
v -0.092087 0.342546 0.172283
v -0.093171 0.340913 0.174311
v -0.075637 0.340913 0.182605
v -0.056707 0.342546 0.186938
v -0.074757 0.342546 0.180480
v -0.075637 0.340913 0.182605
v -0.057375 0.340913 0.189139
v -0.172283 0.342546 -0.092087
v -0.162428 0.342546 -0.108531
v -0.164340 0.340913 -0.109809
v -0.174311 0.340913 -0.093171
v -0.162428 0.342546 -0.108531
v -0.151007 0.342546 -0.123928
v -0.152785 0.340913 -0.125387
v -0.164340 0.340913 -0.109809
v -0.056707 0.342546 -0.186937
v -0.038111 0.342546 -0.191596
v -0.038560 0.340913 -0.193852
v -0.057375 0.340913 -0.189139
v -0.206148 0.341754 0.110872
v -0.204087 0.340895 0.109193
v -0.213779 0.340896 0.088687
v -0.215903 0.341740 0.090305
v -0.090298 0.341744 0.215896
v -0.088686 0.340897 0.213779
v -0.109193 0.340895 0.204087
v -0.110868 0.341757 0.206144
v -0.068853 0.341724 0.223591
v -0.067324 0.340899 0.221407
v -0.088686 0.340897 0.213779
v -0.090298 0.341744 0.215896
v -0.194418 0.341770 -0.130384
v -0.192429 0.340895 -0.128651
v -0.178917 0.340895 -0.146873
v -0.180844 0.341774 -0.148672
v -0.206136 0.341760 -0.110861
v -0.204086 0.340896 -0.109192
v -0.192429 0.340895 -0.128651
v -0.194418 0.341770 -0.130384
v -0.068852 0.341725 -0.223589
v -0.067323 0.340899 -0.221407
v -0.045292 0.340902 -0.226904
v -0.046592 0.341688 -0.229179
v -0.232594 0.341639 0.023634
v -0.230219 0.340902 0.022789
v -0.231330 0.340903 -0.000000
v -0.233760 0.341615 -0.000000
v -0.215903 0.341740 0.090305
v -0.213779 0.340896 0.088687
v -0.221407 0.340898 0.067328
v -0.223592 0.341718 0.068886
v -0.233760 0.341615 -0.000000
v -0.231330 0.340903 -0.000000
v -0.230223 0.340901 -0.022694
v -0.232633 0.341624 -0.023030
v -0.046592 0.341688 -0.229179
v -0.045292 0.340902 -0.226904
v -0.022775 0.340903 -0.230220
v -0.023544 0.341642 -0.232595
v -0.019148 0.342546 0.194409
v -0.038111 0.342546 0.191596
v -0.038560 0.340913 0.193852
v -0.019373 0.340913 0.196698
v 0.000000 0.342546 0.195350
v -0.019148 0.342546 0.194409
v -0.019373 0.340913 0.196698
v 0.000000 0.340913 0.197650
v -0.162427 0.342546 0.108531
v -0.172283 0.342546 0.092087
v -0.174311 0.340913 0.093171
v -0.164340 0.340913 0.109809
v -0.151007 0.342546 0.123928
v -0.162427 0.342546 0.108531
v -0.164340 0.340913 0.109809
v -0.152785 0.340913 0.125388
v -0.038111 0.342546 0.191596
v -0.056707 0.342546 0.186938
v -0.057375 0.340913 0.189139
v -0.038560 0.340913 0.193852
v -0.194427 0.341765 0.130393
v -0.192430 0.340894 0.128652
v -0.204087 0.340895 0.109193
v -0.206148 0.341754 0.110872
v -0.180849 0.341772 0.148678
v -0.178918 0.340894 0.146874
v -0.192430 0.340894 0.128652
v -0.194427 0.341765 0.130393
v -0.046593 0.341688 0.229180
v -0.045292 0.340901 0.226904
v -0.067324 0.340899 0.221407
v -0.068853 0.341724 0.223591
v -0.165546 0.341777 -0.165546
v -0.163683 0.340894 -0.163683
v -0.146873 0.340895 -0.178917
v -0.148672 0.341774 -0.180844
v -0.180844 0.341774 -0.148672
v -0.178917 0.340895 -0.146873
v -0.163683 0.340894 -0.163683
v -0.165546 0.341777 -0.165546
v -0.023545 0.341641 0.232597
v -0.022775 0.340903 0.230220
v -0.045292 0.340901 0.226904
v -0.046593 0.341688 0.229180
v 0.000000 0.341619 0.233751
v 0.000000 0.340903 0.231330
v -0.022775 0.340903 0.230220
v -0.023545 0.341641 0.232597
v -0.019148 0.342546 -0.194409
v 0.000000 0.342546 -0.195350
v 0.000000 0.340913 -0.197650
v -0.019373 0.340913 -0.196698
v -0.138133 0.342546 0.138133
v -0.151007 0.342546 0.123928
v -0.152785 0.340913 0.125388
v -0.139760 0.340913 0.139760
v -0.123928 0.342546 0.151007
v -0.138133 0.342546 0.138133
v -0.139760 0.340913 0.139760
v -0.125387 0.340913 0.152785
v -0.180480 0.342546 -0.074757
v -0.172283 0.342546 -0.092087
v -0.174311 0.340913 -0.093171
v -0.182605 0.340913 -0.075637
v -0.186937 0.342546 -0.056707
v -0.180480 0.342546 -0.074757
v -0.182605 0.340913 -0.075637
v -0.189139 0.340913 -0.057375
v -0.108531 0.342546 -0.162428
v -0.092087 0.342546 -0.172283
v -0.093171 0.340913 -0.174311
v -0.109809 0.340913 -0.164340
v -0.123928 0.342546 -0.151007
v -0.108531 0.342546 -0.162428
v -0.109809 0.340913 -0.164340
v -0.125387 0.340913 -0.152785
v -0.165551 0.341774 0.165551
v -0.163684 0.340894 0.163684
v -0.178918 0.340894 0.146874
v -0.180849 0.341772 0.148678
v -0.148676 0.341772 0.180848
v -0.146874 0.340894 0.178917
v -0.163684 0.340894 0.163684
v -0.165551 0.341774 0.165551
v -0.215894 0.341745 -0.090296
v -0.213777 0.340897 -0.088684
v -0.204086 0.340896 -0.109192
v -0.206136 0.341760 -0.110861
v -0.223579 0.341730 -0.068842
v -0.221406 0.340900 -0.067322
v -0.213777 0.340897 -0.088684
v -0.215894 0.341745 -0.090296
v -0.130387 0.341768 -0.194421
v -0.128652 0.340895 -0.192429
v -0.109192 0.340896 -0.204086
v -0.110865 0.341758 -0.206141
v -0.148672 0.341774 -0.180844
v -0.146873 0.340895 -0.178917
v -0.128652 0.340895 -0.192429
v -0.130387 0.341768 -0.194421
v -0.023544 0.341642 -0.232595
v -0.022775 0.340903 -0.230220
v 0.000000 0.340903 -0.231330
v 0.000000 0.341621 -0.233750
v -0.138127 0.342546 -0.138127
v -0.123928 0.342546 -0.151007
v -0.125387 0.340913 -0.152785
v -0.139754 0.340913 -0.139754
v -0.151007 0.342546 -0.123928
v -0.138127 0.342546 -0.138127
v -0.139754 0.340913 -0.139754
v -0.152785 0.340913 -0.125387
v -0.033099 0.312959 0.288312
v -0.029683 0.316769 0.281017
v -0.024254 0.320100 0.274786
v -0.017181 0.322651 0.270005
v -0.008942 0.324285 0.267016
v 0.000000 0.324870 0.266021
v 0.000000 0.341619 0.233751
v -0.023545 0.341641 0.232597
v -0.048229 0.314001 0.286077
v -0.129085 0.333123 0.103997
v -0.127175 0.333123 0.113598
v -0.127175 0.210823 0.113598
v -0.129085 0.210823 0.103997
v -0.103997 0.333123 -0.129085
v -0.113598 0.333123 -0.127175
v -0.113598 0.210823 -0.127175
v -0.103997 0.210823 -0.129085
v -0.113598 0.333123 -0.127175
v -0.121737 0.333123 -0.121737
v -0.121737 0.210823 -0.121737
v -0.113598 0.210823 -0.127175
v -0.129085 0.333123 -0.000000
v -0.129085 0.333123 0.103997
v -0.129085 0.210823 0.103997
v -0.129085 0.210823 -0.000000
v 0.000000 0.333123 -0.129085
v -0.103997 0.333123 -0.129085
v -0.103997 0.210823 -0.129085
v 0.000000 0.210823 -0.129085
v -0.103997 0.333123 0.129085
v 0.000000 0.333123 0.129085
v 0.000000 0.210823 0.129085
v -0.103997 0.210823 0.129085
v -0.129085 0.333123 -0.000000
v -0.129085 0.210823 -0.000000
v -0.129085 0.210823 -0.103997
v -0.129085 0.333123 -0.103997
v -0.127175 0.333123 0.113598
v -0.121737 0.333123 0.121737
v -0.121737 0.210823 0.121737
v -0.127175 0.210823 0.113598
v -0.121737 0.333123 0.121737
v -0.113598 0.333123 0.127175
v -0.113598 0.210823 0.127175
v -0.121737 0.210823 0.121737
v -0.113598 0.333123 0.127175
v -0.103997 0.333123 0.129085
v -0.103997 0.210823 0.129085
v -0.113598 0.210823 0.127175
v -0.121737 0.333123 -0.121737
v -0.127175 0.333123 -0.113598
v -0.127175 0.210823 -0.113598
v -0.121737 0.210823 -0.121737
v -0.127175 0.333123 -0.113598
v -0.129085 0.333123 -0.103997
v -0.129085 0.210823 -0.103997
v -0.127175 0.210823 -0.113598
v -0.312744 0.008072 0.553183
v -0.312885 0.027559 0.561251
v -0.384036 0.027556 0.558602
v -0.383317 0.008071 0.550558
v -0.312744 0.008072 0.553183
v -0.176054 0.008071 0.554163
v -0.176083 0.027556 0.562233
v -0.312885 0.027559 0.561251
v -0.312405 0.000000 0.533700
v -0.175984 0.000000 0.534679
v -0.176054 0.008071 0.554163
v -0.312744 0.008072 0.553183
v -0.448889 -0.000000 -0.510111
v -0.458633 0.008071 -0.527017
v -0.436714 0.008071 -0.537823
v -0.429266 -0.000000 -0.519786
v -0.458633 0.008071 -0.527017
v -0.462630 0.027556 -0.534008
v -0.439751 0.027556 -0.545287
v -0.436714 0.008071 -0.537823
v -0.458633 0.008071 -0.527017
v -0.478951 0.008071 -0.513438
v -0.483838 0.027556 -0.519834
v -0.462630 0.027556 -0.534008
v -0.448889 -0.000000 -0.510111
v -0.467080 -0.000000 -0.497955
v -0.478951 0.008071 -0.513438
v -0.458633 0.008071 -0.527017
v -0.526662 0.000000 0.409017
v -0.545634 0.008071 0.413711
v -0.550558 0.008071 0.383317
v -0.531132 0.000000 0.381423
v -0.545634 0.008071 0.413711
v -0.553490 0.027556 0.415598
v -0.558604 0.027556 0.384036
v -0.550558 0.008071 0.383317
v -0.545634 0.008071 0.413711
v -0.537823 0.008071 0.436714
v -0.545287 0.027556 0.439751
v -0.553490 0.027556 0.415598
v -0.526662 0.000000 0.409017
v -0.519786 0.000000 0.429266
v -0.537823 0.008071 0.436714
v -0.545634 0.008071 0.413711
v -0.483531 -0.000000 -0.483530
v -0.497326 0.008071 -0.497326
v -0.478951 0.008071 -0.513438
v -0.467080 -0.000000 -0.497955
v -0.497326 0.008071 -0.497326
v -0.503017 0.027556 -0.503017
v -0.483838 0.027556 -0.519834
v -0.478951 0.008071 -0.513438
v -0.497326 0.008071 -0.497326
v -0.513438 0.008071 -0.478951
v -0.519834 0.027556 -0.483838
v -0.503017 0.027556 -0.503017
v -0.483531 -0.000000 -0.483530
v -0.497954 -0.000000 -0.467080
v -0.513438 0.008071 -0.478951
v -0.497326 0.008071 -0.497326
v -0.510111 0.000000 0.448889
v -0.527016 0.008071 0.458633
v -0.537823 0.008071 0.436714
v -0.519786 0.000000 0.429266
v -0.527016 0.008071 0.458633
v -0.534008 0.027556 0.462630
v -0.545287 0.027556 0.439751
v -0.537823 0.008071 0.436714
v -0.527016 0.008071 0.458633
v -0.513438 0.008071 0.478951
v -0.519834 0.027556 0.483838
v -0.534008 0.027556 0.462630
v -0.510111 0.000000 0.448889
v -0.497955 0.000000 0.467080
v -0.513438 0.008071 0.478951
v -0.527016 0.008071 0.458633
v -0.510111 -0.000000 -0.448889
v -0.527017 0.008071 -0.458633
v -0.513438 0.008071 -0.478951
v -0.497954 -0.000000 -0.467080
v -0.527017 0.008071 -0.458633
v -0.534008 0.027556 -0.462630
v -0.519834 0.027556 -0.483838
v -0.513438 0.008071 -0.478951
v -0.527017 0.008071 -0.458633
v -0.537823 0.008071 -0.436714
v -0.545288 0.027556 -0.439751
v -0.534008 0.027556 -0.462630
v -0.510111 -0.000000 -0.448889
v -0.519786 -0.000000 -0.429266
v -0.537823 0.008071 -0.436714
v -0.527017 0.008071 -0.458633
v -0.562374 0.027556 -0.000000
v -0.554303 0.008071 -0.000000
v -0.554163 0.008071 0.176054
v -0.562234 0.027556 0.176083
v -0.554303 0.008071 -0.000000
v -0.534818 0.000000 0.000000
v -0.534678 0.000000 0.175984
v -0.554163 0.008071 0.176054
v -0.483530 0.000000 0.483530
v -0.497326 0.008071 0.497326
v -0.513438 0.008071 0.478951
v -0.497955 0.000000 0.467080
v -0.497326 0.008071 0.497326
v -0.503017 0.027556 0.503017
v -0.519834 0.027556 0.483838
v -0.513438 0.008071 0.478951
v -0.497326 0.008071 0.497326
v -0.478951 0.008071 0.513438
v -0.483838 0.027556 0.519834
v -0.503017 0.027556 0.503017
v -0.483530 0.000000 0.483530
v -0.467080 0.000000 0.497955
v -0.478951 0.008071 0.513438
v -0.497326 0.008071 0.497326
v -0.554303 0.008071 -0.000000
v -0.554163 0.008071 -0.176054
v -0.534679 -0.000000 -0.175984
v -0.534818 0.000000 0.000000
v -0.562374 0.027556 -0.000000
v -0.562233 0.027556 -0.176083
v -0.554163 0.008071 -0.176054
v -0.554303 0.008071 -0.000000
v -0.526662 -0.000000 -0.409017
v -0.545634 0.008071 -0.413711
v -0.537823 0.008071 -0.436714
v -0.519786 -0.000000 -0.429266
v -0.545634 0.008071 -0.413711
v -0.553489 0.027556 -0.415598
v -0.545288 0.027556 -0.439751
v -0.537823 0.008071 -0.436714
v -0.545634 0.008071 -0.413711
v -0.550558 0.008071 -0.383317
v -0.558602 0.027556 -0.384036
v -0.553489 0.027556 -0.415598
v -0.526662 -0.000000 -0.409017
v -0.531132 -0.000000 -0.381422
v -0.550558 0.008071 -0.383317
v -0.545634 0.008071 -0.413711
v -0.448889 0.000000 0.510111
v -0.458633 0.008071 0.527016
v -0.478951 0.008071 0.513438
v -0.467080 0.000000 0.497955
v -0.458633 0.008071 0.527016
v -0.462630 0.027556 0.534008
v -0.483838 0.027556 0.519834
v -0.478951 0.008071 0.513438
v -0.458633 0.008071 0.527016
v -0.436714 0.008071 0.537823
v -0.439751 0.027556 0.545287
v -0.462630 0.027556 0.534008
v -0.448889 0.000000 0.510111
v -0.429266 0.000000 0.519786
v -0.436714 0.008071 0.537823
v -0.458633 0.008071 0.527016
v 0.000000 0.000000 0.534818
v 0.000000 0.008071 0.554303
v -0.176054 0.008071 0.554163
v -0.175984 0.000000 0.534679
v 0.000000 0.008071 0.554303
v 0.000000 0.027556 0.562374
v -0.176083 0.027556 0.562233
v -0.176054 0.008071 0.554163
v -0.409017 0.000000 0.526662
v -0.413711 0.008071 0.545634
v -0.436714 0.008071 0.537823
v -0.429266 0.000000 0.519786
v -0.413711 0.008071 0.545634
v -0.415598 0.027556 0.553489
v -0.439751 0.027556 0.545287
v -0.436714 0.008071 0.537823
v -0.413711 0.008071 0.545634
v -0.383317 0.008071 0.550558
v -0.384036 0.027556 0.558602
v -0.415598 0.027556 0.553489
v -0.409017 0.000000 0.526662
v -0.381423 0.000000 0.531132
v -0.383317 0.008071 0.550558
v -0.413711 0.008071 0.545634
v 0.000000 0.027556 -0.562374
v 0.000000 0.008071 -0.554303
v -0.176054 0.008071 -0.554163
v -0.176083 0.027556 -0.562234
v 0.000000 0.008071 -0.554303
v 0.000000 -0.000000 -0.534818
v -0.175984 -0.000000 -0.534678
v -0.176054 0.008071 -0.554163
v -0.312405 -0.000000 -0.533700
v -0.312744 0.008072 -0.553183
v -0.176054 0.008071 -0.554163
v -0.175984 -0.000000 -0.534678
v -0.312744 0.008072 -0.553183
v -0.312885 0.027559 -0.561251
v -0.176083 0.027556 -0.562234
v -0.176054 0.008071 -0.554163
v -0.312744 0.008072 -0.553183
v -0.383317 0.008071 -0.550558
v -0.384036 0.027556 -0.558604
v -0.312885 0.027559 -0.561251
v -0.312405 -0.000000 -0.533700
v -0.381423 -0.000000 -0.531132
v -0.383317 0.008071 -0.550558
v -0.312744 0.008072 -0.553183
v -0.533700 -0.000000 -0.312405
v -0.553183 0.008072 -0.312744
v -0.550558 0.008071 -0.383317
v -0.531132 -0.000000 -0.381422
v -0.553183 0.008072 -0.312744
v -0.561251 0.027559 -0.312885
v -0.558602 0.027556 -0.384036
v -0.550558 0.008071 -0.383317
v -0.553183 0.008072 -0.312744
v -0.554163 0.008071 -0.176054
v -0.562233 0.027556 -0.176083
v -0.561251 0.027559 -0.312885
v -0.533700 -0.000000 -0.312405
v -0.534679 -0.000000 -0.175984
v -0.554163 0.008071 -0.176054
v -0.553183 0.008072 -0.312744
v -0.533700 0.000000 0.312405
v -0.553183 0.008072 0.312744
v -0.554163 0.008071 0.176054
v -0.534678 0.000000 0.175984
v -0.553183 0.008072 0.312744
v -0.561251 0.027559 0.312885
v -0.562234 0.027556 0.176083
v -0.554163 0.008071 0.176054
v -0.553183 0.008072 0.312744
v -0.550558 0.008071 0.383317
v -0.558604 0.027556 0.384036
v -0.561251 0.027559 0.312885
v -0.533700 0.000000 0.312405
v -0.531132 0.000000 0.381423
v -0.550558 0.008071 0.383317
v -0.553183 0.008072 0.312744
v -0.409017 -0.000000 -0.526662
v -0.413711 0.008071 -0.545634
v -0.383317 0.008071 -0.550558
v -0.381423 -0.000000 -0.531132
v -0.413711 0.008071 -0.545634
v -0.415598 0.027556 -0.553490
v -0.384036 0.027556 -0.558604
v -0.383317 0.008071 -0.550558
v -0.413711 0.008071 -0.545634
v -0.436714 0.008071 -0.537823
v -0.439751 0.027556 -0.545287
v -0.415598 0.027556 -0.553490
v -0.409017 -0.000000 -0.526662
v -0.429266 -0.000000 -0.519786
v -0.436714 0.008071 -0.537823
v -0.413711 0.008071 -0.545634
v -0.533700 0.000000 0.312405
v -0.534678 0.000000 0.175984
v -0.397871 0.000000 0.397871
v -0.531132 0.000000 0.381423
v -0.312405 0.000000 0.533700
v -0.381423 0.000000 0.531132
v -0.397871 0.000000 0.397871
v -0.175984 0.000000 0.534679
v -0.526662 0.000000 0.409017
v -0.531132 0.000000 0.381423
v -0.397871 0.000000 0.397871
v -0.519786 0.000000 0.429266
v -0.510111 0.000000 0.448889
v -0.519786 0.000000 0.429266
v -0.397871 0.000000 0.397871
v -0.497955 0.000000 0.467080
v -0.483530 0.000000 0.483530
v -0.497955 0.000000 0.467080
v -0.397871 0.000000 0.397871
v -0.467080 0.000000 0.497955
v -0.448889 0.000000 0.510111
v -0.467080 0.000000 0.497955
v -0.397871 0.000000 0.397871
v -0.429266 0.000000 0.519786
v -0.409017 0.000000 0.526662
v -0.429266 0.000000 0.519786
v -0.397871 0.000000 0.397871
v -0.381423 0.000000 0.531132
v -0.312405 -0.000000 -0.533700
v -0.175984 -0.000000 -0.534678
v -0.397871 -0.000000 -0.397871
v -0.381423 -0.000000 -0.531132
v -0.533700 -0.000000 -0.312405
v -0.531132 -0.000000 -0.381422
v -0.397871 -0.000000 -0.397871
v -0.534679 -0.000000 -0.175984
v -0.409017 -0.000000 -0.526662
v -0.381423 -0.000000 -0.531132
v -0.397871 -0.000000 -0.397871
v -0.429266 -0.000000 -0.519786
v -0.448889 -0.000000 -0.510111
v -0.429266 -0.000000 -0.519786
v -0.397871 -0.000000 -0.397871
v -0.467080 -0.000000 -0.497955
v -0.483531 -0.000000 -0.483530
v -0.467080 -0.000000 -0.497955
v -0.397871 -0.000000 -0.397871
v -0.497954 -0.000000 -0.467080
v -0.510111 -0.000000 -0.448889
v -0.497954 -0.000000 -0.467080
v -0.397871 -0.000000 -0.397871
v -0.519786 -0.000000 -0.429266
v -0.526662 -0.000000 -0.409017
v -0.519786 -0.000000 -0.429266
v -0.397871 -0.000000 -0.397871
v -0.531132 -0.000000 -0.381422
v -0.534818 0.000000 0.000000
v -0.534679 -0.000000 -0.175984
v -0.397871 -0.000000 -0.397871
v -0.332498 0.000000 0.000000
v -0.534818 0.000000 0.000000
v -0.332498 0.000000 0.000000
v -0.397871 0.000000 0.397871
v -0.534678 0.000000 0.175984
v 0.000000 0.000000 0.534818
v -0.175984 0.000000 0.534679
v -0.397871 0.000000 0.397871
v 0.000000 0.000000 0.332498
v 0.000000 -0.000000 -0.534818
v 0.000000 -0.000000 -0.332498
v -0.397871 -0.000000 -0.397871
v -0.175984 -0.000000 -0.534678
v -0.367387 0.230694 0.401118
v -0.259291 0.285455 0.292768
v -0.276952 0.285456 0.276952
v -0.385276 0.230694 0.385276
v -0.316674 0.285666 0.220901
v -0.424370 0.231013 0.328111
v -0.413688 0.230813 0.348780
v -0.305540 0.285539 0.241064
v -0.325482 0.285860 0.199624
v -0.432418 0.231326 0.306307
v -0.424370 0.231013 0.328111
v -0.316674 0.285666 0.220901
v -0.332081 0.286128 0.175197
v -0.438065 0.231815 0.279085
v -0.432418 0.231326 0.306307
v -0.325482 0.285860 0.199624
v -0.441622 0.232484 0.226361
v -0.444679 0.232035 0.127174
v -0.494259 0.206412 0.151400
v -0.543839 0.180788 0.175626
v -0.542718 0.180516 0.311909
v -0.438065 0.231815 0.279085
v -0.441622 0.232484 0.226361
v -0.542718 0.180516 0.311909
v -0.539959 0.179599 0.378963
v -0.400595 0.230708 0.367918
v -0.413688 0.230813 0.348780
v -0.517327 0.178369 0.452006
v -0.504360 0.178263 0.471444
v -0.424370 0.231013 0.328111
v -0.432418 0.231326 0.306307
v -0.535142 0.178941 0.408788
v -0.527680 0.178586 0.430955
v -0.206148 0.341754 0.110872
v -0.215903 0.341740 0.090305
v -0.269908 0.314200 0.144181
v -0.325482 0.285860 0.199624
v -0.316674 0.285666 0.220901
v -0.413688 0.230813 -0.348780
v -0.517327 0.178369 -0.452006
v -0.527680 0.178586 -0.430955
v -0.424370 0.231013 -0.328111
v -0.165551 0.341774 0.165551
v -0.180849 0.341772 0.148678
v -0.292248 0.285469 0.259820
v -0.276952 0.285456 0.276952
v -0.194427 0.341765 0.130393
v -0.206148 0.341754 0.110872
v -0.316674 0.285666 0.220901
v -0.305540 0.285539 0.241064
v -0.413688 0.230813 0.348780
v -0.424370 0.231013 0.328111
v -0.527680 0.178586 0.430955
v -0.517327 0.178369 0.452006
v -0.316674 0.285666 -0.220901
v -0.424370 0.231013 -0.328111
v -0.432418 0.231326 -0.306307
v -0.325482 0.285860 -0.199624
v -0.180849 0.341772 0.148678
v -0.194427 0.341765 0.130393
v -0.305540 0.285539 0.241064
v -0.292248 0.285469 0.259820
v -0.276952 0.285456 -0.276952
v -0.385276 0.230694 -0.385276
v -0.400595 0.230708 -0.367918
v -0.292248 0.285469 -0.259820
v -0.441622 0.232484 -0.226361
v -0.542718 0.180517 -0.311909
v -0.543839 0.180788 -0.175626
v -0.494259 0.206412 -0.151400
v -0.444679 0.232035 -0.127173
v -0.332081 0.286128 -0.175197
v -0.438065 0.231815 -0.279085
v -0.441622 0.232484 -0.226361
v -0.391073 0.258468 -0.183587
v -0.336562 0.286489 -0.137460
v -0.305540 0.285539 -0.241064
v -0.413688 0.230813 -0.348780
v -0.424370 0.231013 -0.328111
v -0.316674 0.285666 -0.220901
v -0.432418 0.231326 0.306307
v -0.438065 0.231815 0.279085
v -0.539959 0.179599 0.378963
v -0.535142 0.178941 0.408788
v -0.325482 0.285860 -0.199624
v -0.432418 0.231326 -0.306307
v -0.438065 0.231815 -0.279085
v -0.332081 0.286128 -0.175197
v -0.432418 0.231326 -0.306307
v -0.535142 0.178941 -0.408788
v -0.539959 0.179599 -0.378962
v -0.438065 0.231815 -0.279085
v -0.385276 0.230694 -0.385276
v -0.488994 0.178260 -0.488994
v -0.504360 0.178263 -0.471444
v -0.400595 0.230708 -0.367918
v -0.438065 0.231815 -0.279085
v -0.539959 0.179599 -0.378962
v -0.542718 0.180517 -0.311909
v -0.441622 0.232484 -0.226361
v -0.400595 0.230708 -0.367918
v -0.504360 0.178263 -0.471444
v -0.517327 0.178369 -0.452006
v -0.413688 0.230813 -0.348780
v -0.424370 0.231013 -0.328111
v -0.527680 0.178586 -0.430955
v -0.535142 0.178941 -0.408788
v -0.432418 0.231326 -0.306307
v -0.332081 0.286128 0.175197
v -0.339220 0.284988 0.142077
v -0.391073 0.258468 0.183587
v -0.441622 0.232484 0.226361
v -0.438065 0.231815 0.279085
v -0.305540 0.285539 0.241064
v -0.413688 0.230813 0.348780
v -0.400595 0.230708 0.367918
v -0.292248 0.285469 0.259820
v -0.194418 0.341770 -0.130384
v -0.305540 0.285539 -0.241064
v -0.316674 0.285666 -0.220901
v -0.206136 0.341760 -0.110861
v -0.215894 0.341745 -0.090296
v -0.325482 0.285860 -0.199624
v -0.332081 0.286128 -0.175197
v -0.277043 0.314332 -0.121248
v -0.223579 0.341730 -0.068842
v -0.206136 0.341760 -0.110861
v -0.316674 0.285666 -0.220901
v -0.325482 0.285860 -0.199624
v -0.215894 0.341745 -0.090296
v -0.292248 0.285469 -0.259820
v -0.400595 0.230708 -0.367918
v -0.413688 0.230813 -0.348780
v -0.305540 0.285539 -0.241064
v -0.180844 0.341774 -0.148672
v -0.292248 0.285469 -0.259820
v -0.305540 0.285539 -0.241064
v -0.194418 0.341770 -0.130384
v -0.292248 0.285469 0.259820
v -0.400595 0.230708 0.367918
v -0.385276 0.230694 0.385276
v -0.276952 0.285456 0.276952
v -0.279429 0.307848 0.131288
v -0.277917 0.312501 0.133273
v -0.274511 0.315179 0.122985
v -0.276340 0.310188 0.122063
v -0.275474 0.311351 0.112159
v -0.273628 0.316497 0.112402
v -0.274593 0.318378 0.085029
v -0.276304 0.312952 0.087816
v -0.276340 0.310188 0.122063
v -0.274511 0.315179 0.122985
v -0.273628 0.316497 0.112402
v -0.275474 0.311351 0.112159
v -0.284700 0.304799 0.139215
v -0.283739 0.309099 0.142042
v -0.277917 0.312501 0.133273
v -0.279429 0.307848 0.131288
v -0.291798 0.301266 0.145298
v -0.291597 0.305195 0.148774
v -0.283739 0.309099 0.142042
v -0.284700 0.304799 0.139215
v -0.300238 0.297502 0.149119
v -0.300997 0.301031 0.153028
v -0.291597 0.305195 0.148774
v -0.291798 0.301266 0.145298
v -0.327429 0.285697 0.145296
v -0.331047 0.288263 0.148801
v -0.321613 0.292243 0.153029
v -0.318903 0.289300 0.149119
v -0.276304 0.312952 0.087816
v -0.274593 0.318378 0.085029
v -0.275203 0.319556 0.046119
v -0.276950 0.314198 0.046026
v -0.318903 0.289300 0.149119
v -0.321613 0.292243 0.153029
v -0.311460 0.297055 0.154472
v -0.309581 0.293421 0.150422
v -0.345347 0.278692 0.086450
v -0.350905 0.280541 0.087550
v -0.350546 0.279994 0.112425
v -0.345109 0.278233 0.112161
v -0.345109 0.278233 0.112161
v -0.350546 0.279994 0.112425
v -0.349186 0.280427 0.123113
v -0.343854 0.278645 0.122063
v -0.343854 0.278645 0.122063
v -0.349186 0.280427 0.123113
v -0.345361 0.282237 0.133319
v -0.340357 0.280205 0.131291
v -0.309581 0.293421 0.150422
v -0.311460 0.297055 0.154472
v -0.300997 0.301031 0.153028
v -0.300238 0.297502 0.149119
v -0.353482 0.274447 0.092272
v -0.351939 0.279694 0.093839
v -0.350905 0.280541 0.087550
v -0.352620 0.274998 0.087153
v -0.356029 0.273061 0.096611
v -0.355267 0.277883 0.099507
v -0.351939 0.279694 0.093839
v -0.353482 0.274447 0.092272
v -0.359875 0.271051 0.099511
v -0.360290 0.275257 0.103294
v -0.355267 0.277883 0.099507
v -0.356029 0.273061 0.096611
v -0.364433 0.268722 0.100529
v -0.365905 0.272419 0.104546
v -0.360290 0.275257 0.103294
v -0.359875 0.271051 0.099511
v -0.413794 0.243499 0.099511
v -0.417033 0.246342 0.103295
v -0.411440 0.249222 0.104547
v -0.409244 0.245845 0.100529
v -0.417652 0.241514 0.096611
v -0.422073 0.243748 0.099508
v -0.417033 0.246342 0.103295
v -0.413794 0.243499 0.099511
v -0.420232 0.240190 0.092272
v -0.425443 0.242020 0.093840
v -0.422073 0.243748 0.099508
v -0.417652 0.241514 0.096611
v -0.421141 0.239731 0.087154
v -0.426611 0.241420 0.087549
v -0.425443 0.242020 0.093840
v -0.420232 0.240190 0.092272
v -0.429292 0.235516 0.092272
v -0.427777 0.240816 0.093840
v -0.426611 0.241420 0.087549
v -0.428391 0.235990 0.087154
v -0.431865 0.234181 0.096611
v -0.431138 0.239071 0.099508
v -0.427777 0.240816 0.093840
v -0.429292 0.235516 0.092272
v -0.435719 0.232187 0.099511
v -0.436173 0.236467 0.103295
v -0.431138 0.239071 0.099508
v -0.431865 0.234181 0.096611
v -0.440268 0.229839 0.100529
v -0.441762 0.233581 0.104547
v -0.436173 0.236467 0.103295
v -0.435719 0.232187 0.099511
v -0.440268 0.229839 0.100529
v -0.443133 0.228361 0.100529
v -0.444974 0.231924 0.104547
v -0.441762 0.233581 0.104547
v -0.484964 0.206740 0.100529
v -0.487159 0.210115 0.104547
v -0.444974 0.231924 0.104547
v -0.443133 0.228361 0.100529
v -0.496851 0.200608 0.087154
v -0.502266 0.202325 0.087549
v -0.501153 0.202896 0.093840
v -0.495945 0.201072 0.092272
v -0.495945 0.201072 0.092272
v -0.501153 0.202896 0.093840
v -0.497788 0.204634 0.099508
v -0.493369 0.202403 0.096611
v -0.493369 0.202403 0.096611
v -0.497788 0.204634 0.099508
v -0.496521 0.205294 0.100462
v -0.492695 0.202752 0.097118
v -0.489513 0.204393 0.099511
v -0.492753 0.207237 0.103295
v -0.487159 0.210115 0.104547
v -0.484964 0.206740 0.100529
v -0.492695 0.202752 0.097118
v -0.496521 0.205294 0.100462
v -0.492753 0.207237 0.103295
v -0.489513 0.204393 0.099511
v -0.284463 0.310750 -0.005097
v -0.284953 0.315100 -0.001314
v -0.279872 0.317614 -0.005100
v -0.280589 0.312705 -0.007997
v -0.275399 0.317193 -0.093819
v -0.277073 0.312223 -0.092271
v -0.276314 0.312971 -0.087150
v -0.274444 0.318122 -0.087406
v -0.289013 0.308405 -0.004079
v -0.290528 0.312194 -0.000000
v -0.284953 0.315100 -0.001314
v -0.284463 0.310750 -0.005097
v -0.289013 0.308405 0.004079
v -0.290528 0.312194 -0.000000
v -0.335881 0.288631 -0.000000
v -0.333679 0.285248 0.004079
v -0.280589 0.312705 0.007997
v -0.279872 0.317614 0.005100
v -0.284953 0.315100 0.001314
v -0.284463 0.310750 0.005097
v -0.284463 0.310750 0.005097
v -0.284953 0.315100 0.001314
v -0.290528 0.312194 -0.000000
v -0.289013 0.308405 0.004079
v -0.277991 0.313993 0.012336
v -0.276478 0.319297 0.010768
v -0.279872 0.317614 0.005100
v -0.280589 0.312705 0.007997
v -0.277064 0.314418 0.017455
v -0.275339 0.319819 0.017059
v -0.276478 0.319297 0.010768
v -0.277991 0.313993 0.012336
v -0.276950 0.314198 0.046026
v -0.275203 0.319556 0.046119
v -0.275339 0.319819 0.017059
v -0.277064 0.314418 0.017455
v -0.440268 0.229839 -0.100529
v -0.441768 0.233593 -0.104546
v -0.487160 0.210116 -0.104546
v -0.484964 0.206740 -0.100529
v -0.342075 0.280894 -0.007997
v -0.346508 0.283152 -0.005100
v -0.341477 0.285763 -0.001313
v -0.338226 0.282897 -0.005097
v -0.333679 0.285248 -0.004079
v -0.335881 0.288631 -0.000000
v -0.290528 0.312194 -0.000000
v -0.289013 0.308405 -0.004079
v -0.338226 0.282897 -0.005097
v -0.341477 0.285763 -0.001313
v -0.335881 0.288631 -0.000000
v -0.333679 0.285248 -0.004079
v -0.333679 0.285248 0.004079
v -0.335881 0.288631 -0.000000
v -0.341477 0.285763 0.001313
v -0.338226 0.282897 0.005097
v -0.338226 0.282897 0.005097
v -0.341477 0.285763 0.001313
v -0.346508 0.283152 0.005100
v -0.342075 0.280894 0.007997
v -0.342075 0.280894 0.007997
v -0.346508 0.283152 0.005100
v -0.349852 0.281373 0.010769
v -0.344640 0.279541 0.012336
v -0.344640 0.279541 0.012336
v -0.349852 0.281373 0.010769
v -0.351010 0.280754 0.017059
v -0.345533 0.279051 0.017455
v -0.360133 0.271548 -0.005097
v -0.360598 0.275852 -0.001313
v -0.355558 0.278445 -0.005100
v -0.356274 0.273533 -0.007997
v -0.364679 0.269196 -0.004079
v -0.366182 0.272961 -0.000000
v -0.360598 0.275852 -0.001313
v -0.360133 0.271548 -0.005097
v -0.360133 0.271548 0.005097
v -0.360598 0.275852 0.001313
v -0.366182 0.272961 -0.000000
v -0.364679 0.269196 0.004079
v -0.356274 0.273533 0.007997
v -0.355558 0.278445 0.005100
v -0.360598 0.275852 0.001313
v -0.360133 0.271548 0.005097
v -0.353690 0.274849 0.012336
v -0.352183 0.280164 0.010769
v -0.355558 0.278445 0.005100
v -0.356274 0.273533 0.007997
v -0.352775 0.275297 0.017455
v -0.351010 0.280754 0.017059
v -0.352183 0.280164 0.010769
v -0.353690 0.274849 0.012336
v -0.409349 0.246047 0.004079
v -0.364679 0.269196 0.004079
v -0.366182 0.272961 -0.000000
v -0.411557 0.249443 -0.000000
v -0.417741 0.241685 -0.007997
v -0.422165 0.243925 -0.005100
v -0.417137 0.246543 -0.001313
v -0.413892 0.243689 -0.005097
v -0.345347 0.278692 0.086450
v -0.345533 0.279051 0.017455
v -0.351010 0.280754 0.017059
v -0.350905 0.280541 0.087550
v -0.409349 0.246047 -0.004079
v -0.411557 0.249443 -0.000000
v -0.366182 0.272961 -0.000000
v -0.364679 0.269196 -0.004079
v -0.413892 0.243689 -0.005097
v -0.417137 0.246543 -0.001313
v -0.411557 0.249443 -0.000000
v -0.409349 0.246047 -0.004079
v -0.409349 0.246047 0.004079
v -0.411557 0.249443 -0.000000
v -0.417137 0.246543 0.001313
v -0.413892 0.243689 0.005097
v -0.413892 0.243689 0.005097
v -0.417137 0.246543 0.001313
v -0.422165 0.243925 0.005100
v -0.417741 0.241685 0.007997
v -0.417741 0.241685 0.007997
v -0.422165 0.243925 0.005100
v -0.425520 0.242168 0.010769
v -0.420309 0.240340 0.012336
v -0.420309 0.240340 0.012336
v -0.425520 0.242168 0.010769
v -0.426671 0.241535 0.017059
v -0.421207 0.239859 0.017455
v -0.421141 0.239731 0.087154
v -0.421207 0.239859 0.017455
v -0.426671 0.241535 0.017059
v -0.426611 0.241420 0.087549
v -0.435795 0.232333 -0.005097
v -0.436258 0.236630 -0.001313
v -0.431221 0.239230 -0.005100
v -0.431939 0.234324 -0.007997
v -0.440341 0.229980 -0.004079
v -0.441842 0.233738 -0.000000
v -0.436258 0.236630 -0.001313
v -0.435795 0.232333 -0.005097
v -0.431939 0.234324 0.007997
v -0.431221 0.239230 0.005100
v -0.436258 0.236630 0.001313
v -0.435795 0.232333 0.005097
v -0.435795 0.232333 0.005097
v -0.436258 0.236630 0.001313
v -0.441842 0.233738 -0.000000
v -0.440341 0.229980 0.004079
v -0.429360 0.235648 0.012336
v -0.427851 0.240960 0.010769
v -0.431221 0.239230 0.005100
v -0.431939 0.234324 0.007997
v -0.428450 0.236104 0.017455
v -0.426671 0.241535 0.017059
v -0.427851 0.240960 0.010769
v -0.429360 0.235648 0.012336
v -0.428450 0.236104 0.017455
v -0.428391 0.235990 0.087154
v -0.426611 0.241420 0.087549
v -0.426671 0.241535 0.017059
v -0.485009 0.206827 -0.004079
v -0.487214 0.210219 -0.000000
v -0.441842 0.233738 -0.000000
v -0.440341 0.229980 -0.004079
v -0.440341 0.229980 0.004079
v -0.441842 0.233738 -0.000000
v -0.487214 0.210219 -0.000000
v -0.485009 0.206827 0.004079
v -0.489553 0.204470 -0.005097
v -0.492791 0.207310 -0.001313
v -0.487214 0.210219 -0.000000
v -0.485009 0.206827 -0.004079
v -0.493406 0.202474 -0.007997
v -0.497831 0.204716 -0.005100
v -0.492791 0.207310 -0.001313
v -0.489553 0.204470 -0.005097
v -0.487214 0.210219 -0.000000
v -0.492791 0.207310 0.001313
v -0.489553 0.204470 0.005097
v -0.485009 0.206827 0.004079
v -0.497831 0.204716 0.005100
v -0.493406 0.202474 0.007997
v -0.489553 0.204470 0.005097
v -0.492791 0.207310 0.001313
v -0.497831 0.204716 0.005100
v -0.501187 0.202962 0.010769
v -0.495978 0.201136 0.012336
v -0.493406 0.202474 0.007997
v -0.495978 0.201136 0.012336
v -0.501187 0.202962 0.010769
v -0.502295 0.202381 0.017059
v -0.496880 0.200663 0.017455
v -0.496880 0.200663 0.017455
v -0.502295 0.202381 0.017059
v -0.502266 0.202325 0.087549
v -0.496851 0.200608 0.087154
v -0.277991 0.313993 -0.012336
v -0.276478 0.319297 -0.010768
v -0.275404 0.319940 -0.017061
v -0.277064 0.314418 -0.017455
v -0.280589 0.312705 -0.007997
v -0.279872 0.317614 -0.005100
v -0.276478 0.319297 -0.010768
v -0.277991 0.313993 -0.012336
v -0.344640 0.279541 -0.012336
v -0.349852 0.281373 -0.010768
v -0.346508 0.283152 -0.005100
v -0.342075 0.280894 -0.007997
v -0.345533 0.279051 -0.017455
v -0.351011 0.280756 -0.017059
v -0.349852 0.281373 -0.010768
v -0.344640 0.279541 -0.012336
v -0.353690 0.274849 -0.012336
v -0.352183 0.280164 -0.010769
v -0.351011 0.280756 -0.017059
v -0.352776 0.275297 -0.017455
v -0.356274 0.273533 -0.007997
v -0.355558 0.278445 -0.005100
v -0.352183 0.280164 -0.010769
v -0.353690 0.274849 -0.012336
v -0.420309 0.240340 -0.012336
v -0.425520 0.242168 -0.010768
v -0.422165 0.243925 -0.005100
v -0.417741 0.241685 -0.007997
v -0.421207 0.239859 -0.017455
v -0.426671 0.241535 -0.017059
v -0.425520 0.242168 -0.010768
v -0.420309 0.240340 -0.012336
v -0.429360 0.235648 -0.012336
v -0.427851 0.240960 -0.010769
v -0.426671 0.241535 -0.017059
v -0.428450 0.236104 -0.017454
v -0.431939 0.234324 -0.007997
v -0.431221 0.239230 -0.005100
v -0.427851 0.240960 -0.010769
v -0.429360 0.235648 -0.012336
v -0.495978 0.201136 -0.012336
v -0.501187 0.202962 -0.010769
v -0.497831 0.204716 -0.005100
v -0.493406 0.202474 -0.007997
v -0.496880 0.200663 -0.017454
v -0.502296 0.202381 -0.017059
v -0.501187 0.202962 -0.010769
v -0.495978 0.201136 -0.012336
v -0.327429 0.285697 0.145296
v -0.334833 0.282753 0.139210
v -0.339220 0.284988 0.142077
v -0.331047 0.288263 0.148801
v -0.339220 0.284988 0.142077
v -0.334833 0.282753 0.139210
v -0.340357 0.280205 0.131291
v -0.345361 0.282237 0.133319
v -0.276818 0.313943 -0.052210
v -0.275071 0.319302 -0.052303
v -0.274444 0.318122 -0.087406
v -0.276314 0.312971 -0.087150
v -0.345340 0.278680 -0.087153
v -0.350963 0.280668 -0.087552
v -0.351011 0.280756 -0.017059
v -0.345533 0.279051 -0.017455
v -0.352776 0.275297 -0.017455
v -0.351011 0.280756 -0.017059
v -0.350963 0.280668 -0.087552
v -0.352621 0.274998 -0.087153
v -0.421141 0.239731 -0.087153
v -0.426611 0.241420 -0.087549
v -0.426671 0.241535 -0.017059
v -0.421207 0.239859 -0.017455
v -0.428450 0.236104 -0.017454
v -0.426671 0.241535 -0.017059
v -0.426611 0.241420 -0.087549
v -0.428391 0.235990 -0.087153
v -0.496851 0.200608 -0.087153
v -0.502266 0.202325 -0.087549
v -0.502296 0.202381 -0.017059
v -0.496880 0.200663 -0.017454
v -0.277064 0.314418 -0.017455
v -0.275404 0.319940 -0.017061
v -0.275071 0.319302 -0.052303
v -0.276818 0.313943 -0.052210
v -0.279594 0.310787 -0.096611
v -0.277073 0.312223 -0.092271
v -0.275399 0.317193 -0.093819
v -0.278705 0.315344 -0.099493
v -0.341756 0.280279 -0.096611
v -0.346164 0.282487 -0.099507
v -0.349596 0.280879 -0.093840
v -0.344384 0.279048 -0.092272
v -0.359875 0.271051 -0.099511
v -0.360290 0.275257 -0.103294
v -0.365905 0.272419 -0.104546
v -0.364433 0.268722 -0.100529
v -0.344384 0.279048 -0.092272
v -0.349596 0.280879 -0.093840
v -0.350963 0.280668 -0.087552
v -0.345340 0.278680 -0.087153
v -0.352621 0.274998 -0.087153
v -0.350963 0.280668 -0.087552
v -0.351940 0.279694 -0.093838
v -0.353482 0.274447 -0.092272
v -0.353482 0.274447 -0.092272
v -0.351940 0.279694 -0.093838
v -0.355267 0.277883 -0.099507
v -0.356029 0.273061 -0.096611
v -0.417652 0.241514 -0.096611
v -0.422073 0.243748 -0.099508
v -0.425443 0.242020 -0.093840
v -0.420232 0.240190 -0.092272
v -0.420232 0.240190 -0.092272
v -0.425443 0.242020 -0.093840
v -0.426611 0.241420 -0.087549
v -0.421141 0.239731 -0.087153
v -0.429292 0.235516 -0.092272
v -0.427777 0.240816 -0.093840
v -0.431138 0.239071 -0.099508
v -0.431865 0.234181 -0.096611
v -0.428391 0.235990 -0.087153
v -0.426611 0.241420 -0.087549
v -0.427777 0.240816 -0.093840
v -0.429292 0.235516 -0.092272
v -0.493369 0.202403 -0.096611
v -0.497794 0.204645 -0.099508
v -0.501153 0.202896 -0.093840
v -0.495945 0.201072 -0.092272
v -0.495945 0.201072 -0.092272
v -0.501153 0.202896 -0.093840
v -0.502266 0.202325 -0.087549
v -0.496851 0.200608 -0.087153
v -0.279594 0.310787 -0.096611
v -0.278705 0.315344 -0.099493
v -0.283767 0.312782 -0.103284
v -0.283468 0.308828 -0.099511
v -0.337857 0.282187 -0.099511
v -0.341071 0.284978 -0.103294
v -0.346164 0.282487 -0.099507
v -0.341756 0.280279 -0.096611
v -0.356029 0.273061 -0.096611
v -0.355267 0.277883 -0.099507
v -0.360290 0.275257 -0.103294
v -0.359875 0.271051 -0.099511
v -0.413794 0.243499 -0.099511
v -0.417033 0.246342 -0.103295
v -0.422073 0.243748 -0.099508
v -0.417652 0.241514 -0.096611
v -0.431865 0.234181 -0.096611
v -0.431138 0.239071 -0.099508
v -0.436173 0.236467 -0.103295
v -0.435720 0.232187 -0.099511
v -0.283468 0.308828 -0.099511
v -0.283767 0.312782 -0.103284
v -0.289483 0.310133 -0.104536
v -0.288115 0.306670 -0.100529
v -0.288115 0.306670 -0.100529
v -0.289483 0.310133 -0.104536
v -0.297650 0.306491 -0.104546
v -0.291209 0.305287 -0.100529
v -0.291209 0.305287 -0.100529
v -0.297650 0.306491 -0.104546
v -0.335433 0.287769 -0.104546
v -0.333264 0.284448 -0.100529
v -0.333264 0.284448 -0.100529
v -0.335433 0.287769 -0.104546
v -0.341071 0.284978 -0.103294
v -0.337857 0.282187 -0.099511
v -0.409244 0.245845 0.100529
v -0.411440 0.249222 0.104547
v -0.395118 0.257585 0.104546
v -0.393320 0.254063 0.100529
v -0.409244 0.245845 -0.100529
v -0.411440 0.249221 -0.104546
v -0.417033 0.246342 -0.103295
v -0.413794 0.243499 -0.099511
v -0.435720 0.232187 -0.099511
v -0.436173 0.236467 -0.103295
v -0.441768 0.233593 -0.104546
v -0.440268 0.229839 -0.100529
v -0.489513 0.204393 -0.099511
v -0.492754 0.207240 -0.103295
v -0.497794 0.204645 -0.099508
v -0.493369 0.202403 -0.096611
v -0.484964 0.206740 -0.100529
v -0.487160 0.210116 -0.104546
v -0.492754 0.207240 -0.103295
v -0.489513 0.204393 -0.099511
v -0.393320 0.254063 -0.100529
v -0.395144 0.257636 -0.104546
v -0.411440 0.249221 -0.104546
v -0.409244 0.245845 -0.100529
v -0.352620 0.274998 0.087153
v -0.350905 0.280541 0.087550
v -0.351010 0.280754 0.017059
v -0.352775 0.275297 0.017455
v -0.393320 0.254063 0.100529
v -0.395118 0.257585 0.104546
v -0.365905 0.272419 0.104546
v -0.364433 0.268722 0.100529
v -0.350905 0.280541 0.087550
v -0.351939 0.279694 0.093839
v -0.355267 0.277883 0.099507
v -0.360290 0.275257 0.103294
v -0.365905 0.272419 0.104546
v -0.395118 0.257585 0.104546
v -0.391073 0.258468 0.183587
v -0.339220 0.284988 0.142077
v -0.345361 0.282237 0.133319
v -0.349186 0.280427 0.123113
v -0.350546 0.279994 0.112425
v -0.391073 0.258468 0.183587
v -0.395118 0.257585 0.104546
v -0.444679 0.232035 0.127174
v -0.441622 0.232484 0.226361
v -0.426611 0.241420 0.087549
v -0.427777 0.240816 0.093840
v -0.431138 0.239071 0.099508
v -0.436173 0.236467 0.103295
v -0.441762 0.233581 0.104547
v -0.444974 0.231924 0.104547
v -0.444679 0.232035 0.127174
v -0.395118 0.257585 0.104546
v -0.411440 0.249222 0.104547
v -0.417033 0.246342 0.103295
v -0.422073 0.243748 0.099508
v -0.425443 0.242020 0.093840
v -0.359942 0.260059 0.100529
v -0.404608 0.236902 0.100529
v -0.409244 0.245845 0.100529
v -0.393320 0.254063 0.100529
v -0.364433 0.268722 0.100529
v -0.215903 0.341740 0.090305
v -0.223592 0.341718 0.068886
v -0.274511 0.315179 0.122985
v -0.269908 0.314200 0.144181
v -0.269908 0.314200 0.144181
v -0.274511 0.315179 0.122985
v -0.277917 0.312501 0.133273
v -0.283739 0.309099 0.142042
v -0.291597 0.305195 0.148774
v -0.300997 0.301031 0.153028
v -0.332081 0.286128 0.175197
v -0.325482 0.285860 0.199624
v -0.273566 0.304838 0.122063
v -0.276960 0.303079 0.131292
v -0.279429 0.307848 0.131288
v -0.276340 0.310188 0.122063
v -0.274511 0.315179 0.122985
v -0.223592 0.341718 0.068886
v -0.229163 0.341682 0.046720
v -0.274593 0.318378 0.085029
v -0.273628 0.316497 0.112402
v -0.272409 0.305438 0.112161
v -0.273566 0.304838 0.122063
v -0.276340 0.310188 0.122063
v -0.275474 0.311351 0.112159
v -0.349596 0.280879 -0.093840
v -0.346164 0.282487 -0.099507
v -0.341071 0.284978 -0.103294
v -0.336562 0.286489 -0.137460
v -0.391073 0.258468 -0.183587
v -0.395144 0.257636 -0.104546
v -0.365905 0.272419 -0.104546
v -0.360290 0.275257 -0.103294
v -0.355267 0.277883 -0.099507
v -0.351940 0.279694 -0.093838
v -0.350963 0.280668 -0.087552
v -0.391073 0.258468 -0.183587
v -0.441622 0.232484 -0.226361
v -0.444679 0.232035 -0.127173
v -0.395144 0.257636 -0.104546
v -0.395144 0.257636 -0.104546
v -0.444679 0.232035 -0.127173
v -0.441768 0.233593 -0.104546
v -0.436173 0.236467 -0.103295
v -0.431138 0.239071 -0.099508
v -0.427777 0.240816 -0.093840
v -0.426611 0.241420 -0.087549
v -0.425443 0.242020 -0.093840
v -0.422073 0.243748 -0.099508
v -0.417033 0.246342 -0.103295
v -0.411440 0.249221 -0.104546
v -0.404608 0.236902 -0.100529
v -0.359942 0.260059 -0.100529
v -0.364433 0.268722 -0.100529
v -0.393320 0.254063 -0.100529
v -0.409244 0.245845 -0.100529
v -0.272409 0.305438 0.086489
v -0.272409 0.305438 0.112161
v -0.275474 0.311351 0.112159
v -0.276304 0.312952 0.087816
v -0.229163 0.341682 0.046720
v -0.232594 0.341639 0.023634
v -0.275203 0.319556 0.046119
v -0.274593 0.318378 0.085029
v -0.272409 0.305438 0.017455
v -0.272409 0.305438 0.086489
v -0.276304 0.312952 0.087816
v -0.276950 0.314198 0.046026
v -0.277064 0.314418 0.017455
v -0.276960 0.303079 0.131292
v -0.282358 0.300280 0.139216
v -0.284700 0.304799 0.139215
v -0.279429 0.307848 0.131288
v -0.282358 0.300280 0.139216
v -0.289393 0.296633 0.145296
v -0.291798 0.301266 0.145298
v -0.284700 0.304799 0.139215
v -0.289393 0.296633 0.145296
v -0.297586 0.292386 0.149119
v -0.300238 0.297502 0.149119
v -0.291798 0.301266 0.145298
v -0.339220 0.284988 0.142077
v -0.332081 0.286128 0.175197
v -0.300997 0.301031 0.153028
v -0.311460 0.297055 0.154472
v -0.321613 0.292243 0.153029
v -0.331047 0.288263 0.148801
v -0.323840 0.278775 0.145296
v -0.330875 0.275128 0.139216
v -0.334833 0.282753 0.139210
v -0.327429 0.285697 0.145296
v -0.315648 0.283022 0.149119
v -0.323840 0.278775 0.145296
v -0.327429 0.285697 0.145296
v -0.318903 0.289300 0.149119
v -0.297586 0.292386 0.149119
v -0.306617 0.287704 0.150422
v -0.309581 0.293421 0.150422
v -0.300238 0.297502 0.149119
v -0.306617 0.287704 0.150422
v -0.315648 0.283022 0.149119
v -0.318903 0.289300 0.149119
v -0.309581 0.293421 0.150422
v -0.340824 0.269970 0.086489
v -0.340824 0.269970 0.017455
v -0.345533 0.279051 0.017455
v -0.345347 0.278692 0.086450
v -0.340824 0.269970 0.112161
v -0.340824 0.269970 0.086489
v -0.345347 0.278692 0.086450
v -0.345109 0.278233 0.112161
v -0.339667 0.270570 0.122063
v -0.340824 0.269970 0.112161
v -0.345109 0.278233 0.112161
v -0.343854 0.278645 0.122063
v -0.336274 0.272329 0.131292
v -0.339667 0.270570 0.122063
v -0.343854 0.278645 0.122063
v -0.340357 0.280205 0.131291
v -0.330875 0.275128 0.139216
v -0.336274 0.272329 0.131292
v -0.340357 0.280205 0.131291
v -0.334833 0.282753 0.139210
v -0.348067 0.266215 0.017455
v -0.348067 0.266215 0.087154
v -0.352620 0.274998 0.087153
v -0.352775 0.275297 0.017455
v -0.348067 0.266215 0.087154
v -0.348971 0.265746 0.092272
v -0.353482 0.274447 0.092272
v -0.352620 0.274998 0.087153
v -0.348971 0.265746 0.092272
v -0.351545 0.264412 0.096611
v -0.356029 0.273061 0.096611
v -0.353482 0.274447 0.092272
v -0.351545 0.264412 0.096611
v -0.355398 0.262415 0.099511
v -0.359875 0.271051 0.099511
v -0.356029 0.273061 0.096611
v -0.355398 0.262415 0.099511
v -0.359942 0.260059 0.100529
v -0.364433 0.268722 0.100529
v -0.359875 0.271051 0.099511
v -0.404608 0.236902 0.100529
v -0.409152 0.234546 0.099511
v -0.413794 0.243499 0.099511
v -0.409244 0.245845 0.100529
v -0.409152 0.234546 0.099511
v -0.413005 0.232549 0.096611
v -0.417652 0.241514 0.096611
v -0.413794 0.243499 0.099511
v -0.413005 0.232549 0.096611
v -0.415579 0.231215 0.092272
v -0.420232 0.240190 0.092272
v -0.417652 0.241514 0.096611
v -0.415579 0.231215 0.092272
v -0.416483 0.230746 0.087154
v -0.421141 0.239731 0.087154
v -0.420232 0.240190 0.092272
v -0.416483 0.230746 0.087154
v -0.416483 0.230746 0.017455
v -0.421207 0.239859 0.017455
v -0.421141 0.239731 0.087154
v -0.423725 0.226991 0.017455
v -0.423725 0.226991 0.087154
v -0.428391 0.235990 0.087154
v -0.428450 0.236104 0.017455
v -0.423725 0.226991 0.087154
v -0.424629 0.226523 0.092272
v -0.429292 0.235516 0.092272
v -0.428391 0.235990 0.087154
v -0.424629 0.226523 0.092272
v -0.427203 0.225188 0.096611
v -0.431865 0.234181 0.096611
v -0.429292 0.235516 0.092272
v -0.427203 0.225188 0.096611
v -0.431056 0.223191 0.099511
v -0.435719 0.232187 0.099511
v -0.431865 0.234181 0.096611
v -0.431056 0.223191 0.099511
v -0.435600 0.220835 0.100529
v -0.440268 0.229839 0.100529
v -0.435719 0.232187 0.099511
v -0.435600 0.220835 0.100529
v -0.480266 0.197679 0.100529
v -0.484964 0.206740 0.100529
v -0.443133 0.228361 0.100529
v -0.440268 0.229839 0.100529
v -0.444679 0.232035 0.127174
v -0.444974 0.231924 0.104547
v -0.487159 0.210115 0.104547
v -0.492753 0.207237 0.103295
v -0.496521 0.205294 0.100462
v -0.494259 0.206412 0.151400
v -0.480266 0.197679 0.100529
v -0.484810 0.195323 0.099511
v -0.489513 0.204393 0.099511
v -0.484964 0.206740 0.100529
v -0.487214 0.210219 -0.000000
v -0.543980 0.180788 -0.000000
v -0.543839 0.180788 0.175626
v -0.494259 0.206412 0.151400
v -0.496521 0.205294 0.100462
v -0.497788 0.204634 0.099508
v -0.501153 0.202896 0.093840
v -0.502266 0.202325 0.087549
v -0.502295 0.202381 0.017059
v -0.501187 0.202962 0.010769
v -0.497831 0.204716 0.005100
v -0.492791 0.207310 0.001313
v -0.492141 0.191523 0.087154
v -0.492141 0.191523 0.017455
v -0.496880 0.200663 0.017455
v -0.496851 0.200608 0.087154
v -0.491237 0.191991 0.092272
v -0.492141 0.191523 0.087154
v -0.496851 0.200608 0.087154
v -0.495945 0.201072 0.092272
v -0.488663 0.193326 0.096611
v -0.491237 0.191991 0.092272
v -0.495945 0.201072 0.092272
v -0.493369 0.202403 0.096611
v -0.484810 0.195323 0.099511
v -0.488663 0.193326 0.096611
v -0.493369 0.202403 0.096611
v -0.492695 0.202752 0.097118
v -0.489513 0.204393 0.099511
v -0.290528 0.312194 -0.000000
v -0.233760 0.341615 -0.000000
v -0.232633 0.341624 -0.023030
v -0.275071 0.319302 -0.052303
v -0.275404 0.319940 -0.017061
v -0.276478 0.319297 -0.010768
v -0.279872 0.317614 -0.005100
v -0.284953 0.315100 -0.001314
v -0.273313 0.304970 -0.012336
v -0.275887 0.303635 -0.007997
v -0.280589 0.312705 -0.007997
v -0.277991 0.313993 -0.012336
v -0.275887 0.303635 -0.007997
v -0.279739 0.301638 -0.005097
v -0.284463 0.310750 -0.005097
v -0.280589 0.312705 -0.007997
v -0.279739 0.301638 -0.005097
v -0.284284 0.299282 -0.004079
v -0.289013 0.308405 -0.004079
v -0.284463 0.310750 -0.005097
v -0.284284 0.299282 -0.004079
v -0.328950 0.276126 -0.004079
v -0.333679 0.285248 -0.004079
v -0.289013 0.308405 -0.004079
v -0.284284 0.299282 0.004079
v -0.279739 0.301638 0.005097
v -0.284463 0.310750 0.005097
v -0.289013 0.308405 0.004079
v -0.328950 0.276126 0.004079
v -0.284284 0.299282 0.004079
v -0.289013 0.308405 0.004079
v -0.333679 0.285248 0.004079
v -0.290528 0.312194 -0.000000
v -0.284953 0.315100 0.001314
v -0.279872 0.317614 0.005100
v -0.276478 0.319297 0.010768
v -0.275339 0.319819 0.017059
v -0.275203 0.319556 0.046119
v -0.232594 0.341639 0.023634
v -0.233760 0.341615 -0.000000
v -0.335881 0.288631 -0.000000
v -0.366182 0.272961 -0.000000
v -0.360598 0.275852 0.001313
v -0.355558 0.278445 0.005100
v -0.352183 0.280164 0.010769
v -0.351010 0.280754 0.017059
v -0.349852 0.281373 0.010769
v -0.346508 0.283152 0.005100
v -0.341477 0.285763 0.001313
v -0.333494 0.273770 0.005097
v -0.328950 0.276126 0.004079
v -0.333679 0.285248 0.004079
v -0.338226 0.282897 0.005097
v -0.275887 0.303635 0.007997
v -0.273313 0.304970 0.012336
v -0.277991 0.313993 0.012336
v -0.280589 0.312705 0.007997
v -0.279739 0.301638 0.005097
v -0.275887 0.303635 0.007997
v -0.280589 0.312705 0.007997
v -0.284463 0.310750 0.005097
v -0.273313 0.304970 0.012336
v -0.272409 0.305438 0.017455
v -0.277064 0.314418 0.017455
v -0.277991 0.313993 0.012336
v -0.341477 0.285763 -0.001313
v -0.346508 0.283152 -0.005100
v -0.349852 0.281373 -0.010768
v -0.351011 0.280756 -0.017059
v -0.352183 0.280164 -0.010769
v -0.355558 0.278445 -0.005100
v -0.360598 0.275852 -0.001313
v -0.366182 0.272961 -0.000000
v -0.335881 0.288631 -0.000000
v -0.328950 0.276126 -0.004079
v -0.333494 0.273770 -0.005097
v -0.338226 0.282897 -0.005097
v -0.333679 0.285248 -0.004079
v -0.333494 0.273770 -0.005097
v -0.337346 0.271773 -0.007997
v -0.342075 0.280894 -0.007997
v -0.338226 0.282897 -0.005097
v -0.337346 0.271773 -0.007997
v -0.339921 0.270438 -0.012336
v -0.344640 0.279541 -0.012336
v -0.342075 0.280894 -0.007997
v -0.337346 0.271773 0.007997
v -0.333494 0.273770 0.005097
v -0.338226 0.282897 0.005097
v -0.342075 0.280894 0.007997
v -0.339921 0.270438 0.012336
v -0.337346 0.271773 0.007997
v -0.342075 0.280894 0.007997
v -0.344640 0.279541 0.012336
v -0.340824 0.269970 0.017455
v -0.339921 0.270438 0.012336
v -0.344640 0.279541 0.012336
v -0.345533 0.279051 0.017455
v -0.351545 0.264412 -0.007997
v -0.355398 0.262414 -0.005097
v -0.360133 0.271548 -0.005097
v -0.356274 0.273533 -0.007997
v -0.355398 0.262414 -0.005097
v -0.359942 0.260059 -0.004079
v -0.364679 0.269196 -0.004079
v -0.360133 0.271548 -0.005097
v -0.348971 0.265746 -0.012336
v -0.351545 0.264412 -0.007997
v -0.356274 0.273533 -0.007997
v -0.353690 0.274849 -0.012336
v -0.359942 0.260059 -0.004079
v -0.404608 0.236902 -0.004079
v -0.409349 0.246047 -0.004079
v -0.364679 0.269196 -0.004079
v -0.359942 0.260059 0.004079
v -0.355398 0.262415 0.005097
v -0.360133 0.271548 0.005097
v -0.364679 0.269196 0.004079
v -0.404608 0.236902 0.004079
v -0.359942 0.260059 0.004079
v -0.364679 0.269196 0.004079
v -0.409349 0.246047 0.004079
v -0.351545 0.264412 0.007997
v -0.348971 0.265746 0.012336
v -0.353690 0.274849 0.012336
v -0.356274 0.273533 0.007997
v -0.355398 0.262415 0.005097
v -0.351545 0.264412 0.007997
v -0.356274 0.273533 0.007997
v -0.360133 0.271548 0.005097
v -0.348971 0.265746 0.012336
v -0.348067 0.266215 0.017455
v -0.352775 0.275297 0.017455
v -0.353690 0.274849 0.012336
v -0.411557 0.249443 -0.000000
v -0.441842 0.233738 -0.000000
v -0.436258 0.236630 0.001313
v -0.431221 0.239230 0.005100
v -0.427851 0.240960 0.010769
v -0.426671 0.241535 0.017059
v -0.425520 0.242168 0.010769
v -0.422165 0.243925 0.005100
v -0.417137 0.246543 0.001313
v -0.409152 0.234546 0.005097
v -0.404608 0.236902 0.004079
v -0.409349 0.246047 0.004079
v -0.413892 0.243689 0.005097
v -0.426671 0.241535 -0.017059
v -0.427851 0.240960 -0.010769
v -0.431221 0.239230 -0.005100
v -0.436258 0.236630 -0.001313
v -0.441842 0.233738 -0.000000
v -0.411557 0.249443 -0.000000
v -0.417137 0.246543 -0.001313
v -0.422165 0.243925 -0.005100
v -0.425520 0.242168 -0.010768
v -0.404608 0.236902 -0.004079
v -0.409152 0.234546 -0.005097
v -0.413892 0.243689 -0.005097
v -0.409349 0.246047 -0.004079
v -0.409152 0.234546 -0.005097
v -0.413005 0.232549 -0.007997
v -0.417741 0.241685 -0.007997
v -0.413892 0.243689 -0.005097
v -0.413005 0.232549 -0.007997
v -0.415579 0.231215 -0.012336
v -0.420309 0.240340 -0.012336
v -0.417741 0.241685 -0.007997
v -0.413005 0.232549 0.007997
v -0.409152 0.234546 0.005097
v -0.413892 0.243689 0.005097
v -0.417741 0.241685 0.007997
v -0.415579 0.231215 0.012336
v -0.413005 0.232549 0.007997
v -0.417741 0.241685 0.007997
v -0.420309 0.240340 0.012336
v -0.416483 0.230746 0.017455
v -0.415579 0.231215 0.012336
v -0.420309 0.240340 0.012336
v -0.421207 0.239859 0.017455
v -0.431056 0.223191 -0.005097
v -0.435600 0.220835 -0.004079
v -0.440341 0.229980 -0.004079
v -0.435795 0.232333 -0.005097
v -0.427203 0.225188 -0.007997
v -0.431056 0.223191 -0.005097
v -0.435795 0.232333 -0.005097
v -0.431939 0.234324 -0.007997
v -0.424629 0.226523 -0.012336
v -0.427203 0.225188 -0.007997
v -0.431939 0.234324 -0.007997
v -0.429360 0.235648 -0.012336
v -0.435600 0.220835 0.004079
v -0.431056 0.223191 0.005097
v -0.435795 0.232333 0.005097
v -0.440341 0.229980 0.004079
v -0.431056 0.223191 0.005097
v -0.427203 0.225188 0.007997
v -0.431939 0.234324 0.007997
v -0.435795 0.232333 0.005097
v -0.435600 0.220835 -0.004079
v -0.480266 0.197679 -0.004079
v -0.485009 0.206827 -0.004079
v -0.440341 0.229980 -0.004079
v -0.480266 0.197679 0.004079
v -0.435600 0.220835 0.004079
v -0.440341 0.229980 0.004079
v -0.485009 0.206827 0.004079
v -0.427203 0.225188 0.007997
v -0.424629 0.226523 0.012336
v -0.429360 0.235648 0.012336
v -0.431939 0.234324 0.007997
v -0.424629 0.226523 0.012336
v -0.423725 0.226991 0.017455
v -0.428450 0.236104 0.017455
v -0.429360 0.235648 0.012336
v -0.480266 0.197679 -0.004079
v -0.484811 0.195323 -0.005097
v -0.489553 0.204470 -0.005097
v -0.485009 0.206827 -0.004079
v -0.494259 0.206412 -0.151400
v -0.543839 0.180788 -0.175626
v -0.543980 0.180788 -0.000000
v -0.487214 0.210219 -0.000000
v -0.492791 0.207310 -0.001313
v -0.497831 0.204716 -0.005100
v -0.501187 0.202962 -0.010769
v -0.502296 0.202381 -0.017059
v -0.502266 0.202325 -0.087549
v -0.501153 0.202896 -0.093840
v -0.497794 0.204645 -0.099508
v -0.484810 0.195323 0.005097
v -0.480266 0.197679 0.004079
v -0.485009 0.206827 0.004079
v -0.489553 0.204470 0.005097
v -0.484811 0.195323 -0.005097
v -0.488663 0.193326 -0.007997
v -0.493406 0.202474 -0.007997
v -0.489553 0.204470 -0.005097
v -0.488663 0.193326 -0.007997
v -0.491237 0.191991 -0.012336
v -0.495978 0.201136 -0.012336
v -0.493406 0.202474 -0.007997
v -0.488663 0.193326 0.007997
v -0.484810 0.195323 0.005097
v -0.489553 0.204470 0.005097
v -0.493406 0.202474 0.007997
v -0.491237 0.191991 0.012336
v -0.488663 0.193326 0.007997
v -0.493406 0.202474 0.007997
v -0.495978 0.201136 0.012336
v -0.492141 0.191523 0.017455
v -0.491237 0.191991 0.012336
v -0.495978 0.201136 0.012336
v -0.496880 0.200663 0.017455
v -0.272409 0.305438 -0.052304
v -0.272409 0.305438 -0.017455
v -0.277064 0.314418 -0.017455
v -0.276818 0.313943 -0.052210
v -0.272409 0.305438 -0.017455
v -0.273313 0.304970 -0.012336
v -0.277991 0.313993 -0.012336
v -0.277064 0.314418 -0.017455
v -0.339921 0.270438 -0.012336
v -0.340824 0.269970 -0.017455
v -0.345533 0.279051 -0.017455
v -0.344640 0.279541 -0.012336
v -0.340824 0.269970 -0.017455
v -0.340824 0.269970 -0.087153
v -0.345340 0.278680 -0.087153
v -0.345533 0.279051 -0.017455
v -0.348067 0.266215 -0.087153
v -0.348067 0.266215 -0.017455
v -0.352776 0.275297 -0.017455
v -0.352621 0.274998 -0.087153
v -0.348067 0.266215 -0.017455
v -0.348971 0.265746 -0.012336
v -0.353690 0.274849 -0.012336
v -0.352776 0.275297 -0.017455
v -0.416483 0.230746 -0.017455
v -0.416483 0.230746 -0.087153
v -0.421141 0.239731 -0.087153
v -0.421207 0.239859 -0.017455
v -0.415579 0.231215 -0.012336
v -0.416483 0.230746 -0.017455
v -0.421207 0.239859 -0.017455
v -0.420309 0.240340 -0.012336
v -0.423725 0.226991 -0.017455
v -0.424629 0.226523 -0.012336
v -0.429360 0.235648 -0.012336
v -0.428450 0.236104 -0.017454
v -0.428450 0.236104 -0.017454
v -0.428391 0.235990 -0.087153
v -0.423725 0.226991 -0.087153
v -0.423725 0.226991 -0.017455
v -0.491237 0.191991 -0.012336
v -0.492141 0.191523 -0.017455
v -0.496880 0.200663 -0.017454
v -0.495978 0.201136 -0.012336
v -0.496880 0.200663 -0.017454
v -0.492141 0.191523 -0.017455
v -0.492141 0.191523 -0.087153
v -0.496851 0.200608 -0.087153
v -0.229164 0.341696 -0.046580
v -0.274444 0.318122 -0.087406
v -0.275071 0.319302 -0.052303
v -0.232633 0.341624 -0.023030
v -0.272409 0.305438 -0.087153
v -0.272409 0.305438 -0.052304
v -0.276818 0.313943 -0.052210
v -0.276314 0.312971 -0.087150
v -0.223579 0.341730 -0.068842
v -0.277043 0.314332 -0.121248
v -0.278705 0.315344 -0.099493
v -0.275399 0.317193 -0.093819
v -0.274444 0.318122 -0.087406
v -0.229164 0.341696 -0.046580
v -0.273313 0.304970 -0.092272
v -0.272409 0.305438 -0.087153
v -0.276314 0.312971 -0.087150
v -0.277073 0.312223 -0.092271
v -0.340824 0.269970 -0.087153
v -0.339921 0.270438 -0.092272
v -0.344384 0.279048 -0.092272
v -0.345340 0.278680 -0.087153
v -0.348971 0.265746 -0.092272
v -0.348067 0.266215 -0.087153
v -0.352621 0.274998 -0.087153
v -0.353482 0.274447 -0.092272
v -0.416483 0.230746 -0.087153
v -0.415579 0.231215 -0.092272
v -0.420232 0.240190 -0.092272
v -0.421141 0.239731 -0.087153
v -0.424629 0.226523 -0.092272
v -0.423725 0.226991 -0.087153
v -0.428391 0.235990 -0.087153
v -0.429292 0.235516 -0.092272
v -0.492141 0.191523 -0.087153
v -0.491237 0.191991 -0.092272
v -0.495945 0.201072 -0.092272
v -0.496851 0.200608 -0.087153
v -0.275887 0.303635 -0.096611
v -0.273313 0.304970 -0.092272
v -0.277073 0.312223 -0.092271
v -0.279594 0.310787 -0.096611
v -0.277043 0.314332 -0.121248
v -0.332081 0.286128 -0.175197
v -0.336562 0.286489 -0.137460
v -0.297650 0.306491 -0.104546
v -0.289483 0.310133 -0.104536
v -0.283767 0.312782 -0.103284
v -0.278705 0.315344 -0.099493
v -0.279739 0.301638 -0.099511
v -0.275887 0.303635 -0.096611
v -0.279594 0.310787 -0.096611
v -0.283468 0.308828 -0.099511
v -0.337346 0.271773 -0.096611
v -0.333494 0.273770 -0.099511
v -0.337857 0.282187 -0.099511
v -0.341756 0.280279 -0.096611
v -0.339921 0.270438 -0.092272
v -0.337346 0.271773 -0.096611
v -0.341756 0.280279 -0.096611
v -0.344384 0.279048 -0.092272
v -0.351545 0.264412 -0.096611
v -0.348971 0.265746 -0.092272
v -0.353482 0.274447 -0.092272
v -0.356029 0.273061 -0.096611
v -0.355398 0.262414 -0.099511
v -0.351545 0.264412 -0.096611
v -0.356029 0.273061 -0.096611
v -0.359875 0.271051 -0.099511
v -0.413005 0.232549 -0.096611
v -0.409152 0.234546 -0.099511
v -0.413794 0.243499 -0.099511
v -0.417652 0.241514 -0.096611
v -0.415579 0.231215 -0.092272
v -0.413005 0.232549 -0.096611
v -0.417652 0.241514 -0.096611
v -0.420232 0.240190 -0.092272
v -0.427203 0.225188 -0.096611
v -0.424629 0.226523 -0.092272
v -0.429292 0.235516 -0.092272
v -0.431865 0.234181 -0.096611
v -0.431056 0.223191 -0.099511
v -0.427203 0.225188 -0.096611
v -0.431865 0.234181 -0.096611
v -0.435720 0.232187 -0.099511
v -0.488663 0.193326 -0.096611
v -0.484811 0.195323 -0.099511
v -0.489513 0.204393 -0.099511
v -0.493369 0.202403 -0.096611
v -0.444679 0.232035 -0.127173
v -0.494259 0.206412 -0.151400
v -0.497794 0.204645 -0.099508
v -0.492754 0.207240 -0.103295
v -0.487160 0.210116 -0.104546
v -0.441768 0.233593 -0.104546
v -0.491237 0.191991 -0.092272
v -0.488663 0.193326 -0.096611
v -0.493369 0.202403 -0.096611
v -0.495945 0.201072 -0.092272
v -0.284284 0.299282 -0.100529
v -0.279739 0.301638 -0.099511
v -0.283468 0.308828 -0.099511
v -0.288115 0.306670 -0.100529
v -0.333494 0.273770 -0.099511
v -0.328950 0.276126 -0.100529
v -0.333264 0.284448 -0.100529
v -0.337857 0.282187 -0.099511
v -0.359942 0.260059 -0.100529
v -0.355398 0.262414 -0.099511
v -0.359875 0.271051 -0.099511
v -0.364433 0.268722 -0.100529
v -0.409152 0.234546 -0.099511
v -0.404608 0.236902 -0.100529
v -0.409244 0.245845 -0.100529
v -0.413794 0.243499 -0.099511
v -0.435600 0.220835 -0.100529
v -0.431056 0.223191 -0.099511
v -0.435720 0.232187 -0.099511
v -0.440268 0.229839 -0.100529
v -0.484811 0.195323 -0.099511
v -0.480266 0.197679 -0.100529
v -0.484964 0.206740 -0.100529
v -0.489513 0.204393 -0.099511
v -0.328950 0.276126 -0.100529
v -0.284284 0.299282 -0.100529
v -0.288115 0.306670 -0.100529
v -0.291209 0.305287 -0.100529
v -0.333264 0.284448 -0.100529
v -0.297650 0.306491 -0.104546
v -0.336562 0.286489 -0.137460
v -0.341071 0.284978 -0.103294
v -0.335433 0.287769 -0.104546
v -0.484964 0.206740 -0.100529
v -0.480266 0.197679 -0.100529
v -0.435600 0.220835 -0.100529
v -0.440268 0.229839 -0.100529
v 0.000000 0.125560 0.562374
v 0.175752 0.125560 0.562234
v 0.175735 0.127548 0.557854
v 0.000000 0.127548 0.557994
v 0.000000 0.127548 0.557994
v 0.175735 0.127548 0.557854
v 0.175752 0.129536 0.562234
v 0.000000 0.129536 0.562374
v 0.175752 0.125560 -0.562234
v 0.000000 0.125560 -0.562374
v 0.000000 0.127548 -0.557994
v 0.175735 0.127548 -0.557854
v 0.175735 0.127548 -0.557854
v 0.000000 0.127548 -0.557994
v 0.000000 0.129536 -0.562374
v 0.175752 0.129536 -0.562234
v 0.562234 0.125560 0.175752
v 0.562374 0.125560 -0.000000
v 0.557994 0.127548 -0.000000
v 0.557854 0.127548 0.175735
v 0.557854 0.127548 0.175735
v 0.557994 0.127548 -0.000000
v 0.562374 0.129536 -0.000000
v 0.562234 0.129536 0.175752
v 0.562374 0.125560 -0.000000
v 0.562234 0.125560 -0.175752
v 0.557854 0.127548 -0.175735
v 0.557994 0.127548 -0.000000
v 0.557994 0.127548 -0.000000
v 0.557854 0.127548 -0.175735
v 0.562234 0.129536 -0.175752
v 0.562374 0.129536 -0.000000
v 0.553467 0.125560 -0.415247
v 0.545247 0.125560 -0.439458
v 0.541199 0.127541 -0.437776
v 0.549217 0.127543 -0.414182
v 0.549217 0.127543 -0.414182
v 0.541199 0.127541 -0.437776
v 0.545245 0.129536 -0.439446
v 0.553466 0.129536 -0.415233
v 0.553466 0.129536 -0.415233
v 0.558593 0.129536 -0.383622
v 0.554235 0.127546 -0.383197
v 0.549217 0.127543 -0.414182
v 0.549217 0.127543 -0.414182
v 0.554235 0.127546 -0.383197
v 0.558593 0.125560 -0.383638
v 0.553467 0.125560 -0.415247
v 0.533940 0.125560 -0.462392
v 0.519732 0.125560 -0.483650
v 0.516255 0.127539 -0.480980
v 0.530145 0.127540 -0.460197
v 0.530145 0.127540 -0.460197
v 0.516255 0.127539 -0.480980
v 0.519728 0.129536 -0.483642
v 0.533937 0.129536 -0.462382
v 0.533937 0.129536 -0.462382
v 0.545245 0.129536 -0.439446
v 0.541199 0.127541 -0.437776
v 0.530145 0.127540 -0.460197
v 0.530145 0.127540 -0.460197
v 0.541199 0.127541 -0.437776
v 0.545247 0.125560 -0.439458
v 0.533940 0.125560 -0.462392
v 0.502876 0.125560 -0.502876
v 0.483650 0.125560 -0.519733
v 0.480980 0.127539 -0.516255
v 0.499775 0.127539 -0.499775
v 0.499775 0.127539 -0.499775
v 0.480980 0.127539 -0.516255
v 0.483642 0.129536 -0.519728
v 0.502870 0.129536 -0.502870
v 0.502870 0.129536 -0.502870
v 0.519728 0.129536 -0.483642
v 0.516255 0.127539 -0.480980
v 0.499775 0.127539 -0.499775
v 0.499775 0.127539 -0.499775
v 0.516255 0.127539 -0.480980
v 0.519732 0.125560 -0.483650
v 0.502876 0.125560 -0.502876
v 0.462392 0.125560 -0.533940
v 0.439458 0.125560 -0.545246
v 0.437776 0.127541 -0.541199
v 0.460197 0.127540 -0.530145
v 0.460197 0.127540 -0.530145
v 0.437776 0.127541 -0.541199
v 0.439447 0.129536 -0.545245
v 0.462382 0.129536 -0.533937
v 0.462382 0.129536 -0.533937
v 0.483642 0.129536 -0.519728
v 0.480980 0.127539 -0.516255
v 0.460197 0.127540 -0.530145
v 0.460197 0.127540 -0.530145
v 0.480980 0.127539 -0.516255
v 0.483650 0.125560 -0.519733
v 0.462392 0.125560 -0.533940
v 0.415247 0.125560 -0.553468
v 0.383638 0.125560 -0.558594
v 0.383197 0.127546 -0.554236
v 0.414181 0.127543 -0.549217
v 0.414181 0.127543 -0.549217
v 0.383197 0.127546 -0.554236
v 0.383622 0.129536 -0.558594
v 0.415233 0.129536 -0.553467
v 0.415233 0.129536 -0.553467
v 0.439447 0.129536 -0.545245
v 0.437776 0.127541 -0.541199
v 0.414181 0.127543 -0.549217
v 0.414181 0.127543 -0.549217
v 0.437776 0.127541 -0.541199
v 0.439458 0.125560 -0.545246
v 0.415247 0.125560 -0.553468
v 0.561253 0.129534 -0.312334
v 0.562234 0.129536 -0.175752
v 0.557854 0.127548 -0.175735
v 0.556874 0.127545 -0.312236
v 0.556874 0.127545 -0.312236
v 0.557854 0.127548 -0.175735
v 0.562234 0.125560 -0.175752
v 0.561253 0.125557 -0.312334
v 0.561253 0.125557 -0.312334
v 0.558593 0.125560 -0.383638
v 0.554235 0.127546 -0.383197
v 0.556874 0.127545 -0.312236
v 0.556874 0.127545 -0.312236
v 0.554235 0.127546 -0.383197
v 0.558593 0.129536 -0.383622
v 0.561253 0.129534 -0.312334
v 0.312334 0.125557 -0.561253
v 0.175752 0.125560 -0.562234
v 0.175735 0.127548 -0.557854
v 0.312236 0.127545 -0.556874
v 0.312236 0.127545 -0.556874
v 0.175735 0.127548 -0.557854
v 0.175752 0.129536 -0.562234
v 0.312334 0.129534 -0.561253
v 0.312334 0.129534 -0.561253
v 0.383622 0.129536 -0.558594
v 0.383197 0.127546 -0.554236
v 0.312236 0.127545 -0.556874
v 0.312236 0.127545 -0.556874
v 0.383197 0.127546 -0.554236
v 0.383638 0.125560 -0.558594
v 0.312334 0.125557 -0.561253
v 0.553467 0.129536 0.415233
v 0.545245 0.129536 0.439446
v 0.541199 0.127541 0.437776
v 0.549217 0.127543 0.414181
v 0.549217 0.127543 0.414181
v 0.541199 0.127541 0.437776
v 0.545247 0.125560 0.439458
v 0.553468 0.125560 0.415247
v 0.553468 0.125560 0.415247
v 0.558595 0.125560 0.383638
v 0.554236 0.127546 0.383197
v 0.549217 0.127543 0.414181
v 0.549217 0.127543 0.414181
v 0.554236 0.127546 0.383197
v 0.558594 0.129536 0.383622
v 0.553467 0.129536 0.415233
v 0.533937 0.129536 0.462382
v 0.519728 0.129536 0.483642
v 0.516255 0.127539 0.480980
v 0.530145 0.127540 0.460197
v 0.530145 0.127540 0.460197
v 0.516255 0.127539 0.480980
v 0.519732 0.125560 0.483650
v 0.533940 0.125560 0.462392
v 0.533940 0.125560 0.462392
v 0.545247 0.125560 0.439458
v 0.541199 0.127541 0.437776
v 0.530145 0.127540 0.460197
v 0.530145 0.127540 0.460197
v 0.541199 0.127541 0.437776
v 0.545245 0.129536 0.439446
v 0.533937 0.129536 0.462382
v 0.502870 0.129536 0.502870
v 0.483643 0.129536 0.519728
v 0.480980 0.127539 0.516255
v 0.499775 0.127539 0.499775
v 0.499775 0.127539 0.499775
v 0.480980 0.127539 0.516255
v 0.483650 0.125560 0.519733
v 0.502876 0.125560 0.502875
v 0.502876 0.125560 0.502875
v 0.519732 0.125560 0.483650
v 0.516255 0.127539 0.480980
v 0.499775 0.127539 0.499775
v 0.499775 0.127539 0.499775
v 0.516255 0.127539 0.480980
v 0.519728 0.129536 0.483642
v 0.502870 0.129536 0.502870
v 0.462382 0.129536 0.533937
v 0.439447 0.129536 0.545245
v 0.437776 0.127541 0.541199
v 0.460197 0.127540 0.530145
v 0.460197 0.127540 0.530145
v 0.437776 0.127541 0.541199
v 0.439458 0.125560 0.545247
v 0.462392 0.125560 0.533940
v 0.462392 0.125560 0.533940
v 0.483650 0.125560 0.519733
v 0.480980 0.127539 0.516255
v 0.460197 0.127540 0.530145
v 0.460197 0.127540 0.530145
v 0.480980 0.127539 0.516255
v 0.483643 0.129536 0.519728
v 0.462382 0.129536 0.533937
v 0.415233 0.129536 0.553466
v 0.383622 0.129536 0.558593
v 0.383197 0.127546 0.554234
v 0.414181 0.127543 0.549217
v 0.414181 0.127543 0.549217
v 0.383197 0.127546 0.554234
v 0.383638 0.125560 0.558593
v 0.415247 0.125560 0.553467
v 0.415247 0.125560 0.553467
v 0.439458 0.125560 0.545247
v 0.437776 0.127541 0.541199
v 0.414181 0.127543 0.549217
v 0.414181 0.127543 0.549217
v 0.437776 0.127541 0.541199
v 0.439447 0.129536 0.545245
v 0.415233 0.129536 0.553466
v 0.561253 0.125557 0.312334
v 0.562234 0.125560 0.175752
v 0.557854 0.127548 0.175735
v 0.556874 0.127545 0.312236
v 0.556874 0.127545 0.312236
v 0.557854 0.127548 0.175735
v 0.562234 0.129536 0.175752
v 0.561253 0.129534 0.312334
v 0.561253 0.129534 0.312334
v 0.558594 0.129536 0.383622
v 0.554236 0.127546 0.383197
v 0.556874 0.127545 0.312236
v 0.556874 0.127545 0.312236
v 0.554236 0.127546 0.383197
v 0.558595 0.125560 0.383638
v 0.561253 0.125557 0.312334
v 0.312334 0.129534 0.561253
v 0.175752 0.129536 0.562234
v 0.175735 0.127548 0.557854
v 0.312236 0.127545 0.556874
v 0.312236 0.127545 0.556874
v 0.175735 0.127548 0.557854
v 0.175752 0.125560 0.562234
v 0.312334 0.125557 0.561253
v 0.312334 0.125557 0.561253
v 0.383638 0.125560 0.558593
v 0.383197 0.127546 0.554234
v 0.312236 0.127545 0.556874
v 0.312236 0.127545 0.556874
v 0.383197 0.127546 0.554234
v 0.383622 0.129536 0.558593
v 0.312334 0.129534 0.561253
v 0.000000 0.129536 0.562374
v -0.175752 0.129536 0.562234
v -0.175735 0.127548 0.557854
v 0.000000 0.127548 0.557994
v 0.000000 0.127548 0.557994
v -0.175735 0.127548 0.557854
v -0.175752 0.125560 0.562234
v 0.000000 0.125560 0.562374
v -0.175752 0.129536 -0.562234
v 0.000000 0.129536 -0.562374
v 0.000000 0.127548 -0.557994
v -0.175735 0.127548 -0.557854
v -0.175735 0.127548 -0.557854
v 0.000000 0.127548 -0.557994
v 0.000000 0.125560 -0.562374
v -0.175752 0.125560 -0.562234
v -0.562234 0.129536 0.175752
v -0.562374 0.129536 -0.000000
v -0.557994 0.127548 -0.000000
v -0.557854 0.127548 0.175735
v -0.557854 0.127548 0.175735
v -0.557994 0.127548 -0.000000
v -0.562374 0.125560 -0.000000
v -0.562234 0.125560 0.175752
v -0.562374 0.129536 -0.000000
v -0.562234 0.129536 -0.175752
v -0.557854 0.127548 -0.175735
v -0.557994 0.127548 -0.000000
v -0.557994 0.127548 -0.000000
v -0.557854 0.127548 -0.175735
v -0.562234 0.125560 -0.175752
v -0.562374 0.125560 -0.000000
v -0.553466 0.129536 -0.415233
v -0.545245 0.129536 -0.439446
v -0.541199 0.127541 -0.437776
v -0.549217 0.127543 -0.414182
v -0.549217 0.127543 -0.414182
v -0.541199 0.127541 -0.437776
v -0.545247 0.125560 -0.439458
v -0.553467 0.125560 -0.415247
v -0.553467 0.125560 -0.415247
v -0.558593 0.125560 -0.383638
v -0.554235 0.127546 -0.383197
v -0.549217 0.127543 -0.414182
v -0.549217 0.127543 -0.414182
v -0.554235 0.127546 -0.383197
v -0.558593 0.129536 -0.383622
v -0.553466 0.129536 -0.415233
v -0.533937 0.129536 -0.462382
v -0.519728 0.129536 -0.483642
v -0.516255 0.127539 -0.480980
v -0.530145 0.127540 -0.460197
v -0.530145 0.127540 -0.460197
v -0.516255 0.127539 -0.480980
v -0.519732 0.125560 -0.483650
v -0.533940 0.125560 -0.462392
v -0.533940 0.125560 -0.462392
v -0.545247 0.125560 -0.439458
v -0.541199 0.127541 -0.437776
v -0.530145 0.127540 -0.460197
v -0.530145 0.127540 -0.460197
v -0.541199 0.127541 -0.437776
v -0.545245 0.129536 -0.439446
v -0.533937 0.129536 -0.462382
v -0.502870 0.129536 -0.502870
v -0.483642 0.129536 -0.519728
v -0.480980 0.127539 -0.516255
v -0.499775 0.127539 -0.499775
v -0.499775 0.127539 -0.499775
v -0.480980 0.127539 -0.516255
v -0.483650 0.125560 -0.519733
v -0.502876 0.125560 -0.502876
v -0.502876 0.125560 -0.502876
v -0.519732 0.125560 -0.483650
v -0.516255 0.127539 -0.480980
v -0.499775 0.127539 -0.499775
v -0.499775 0.127539 -0.499775
v -0.516255 0.127539 -0.480980
v -0.519728 0.129536 -0.483642
v -0.502870 0.129536 -0.502870
v -0.462382 0.129536 -0.533937
v -0.439447 0.129536 -0.545245
v -0.437776 0.127541 -0.541199
v -0.460197 0.127540 -0.530145
v -0.460197 0.127540 -0.530145
v -0.437776 0.127541 -0.541199
v -0.439458 0.125560 -0.545247
v -0.462392 0.125560 -0.533940
v -0.462392 0.125560 -0.533940
v -0.483650 0.125560 -0.519733
v -0.480980 0.127539 -0.516255
v -0.460197 0.127540 -0.530145
v -0.460197 0.127540 -0.530145
v -0.480980 0.127539 -0.516255
v -0.483642 0.129536 -0.519728
v -0.462382 0.129536 -0.533937
v -0.415233 0.129536 -0.553467
v -0.383622 0.129536 -0.558594
v -0.383197 0.127546 -0.554236
v -0.414181 0.127543 -0.549217
v -0.414181 0.127543 -0.549217
v -0.383197 0.127546 -0.554236
v -0.383638 0.125560 -0.558594
v -0.415247 0.125560 -0.553468
v -0.415247 0.125560 -0.553468
v -0.439458 0.125560 -0.545247
v -0.437776 0.127541 -0.541199
v -0.414181 0.127543 -0.549217
v -0.414181 0.127543 -0.549217
v -0.437776 0.127541 -0.541199
v -0.439447 0.129536 -0.545245
v -0.415233 0.129536 -0.553467
v -0.561253 0.125557 -0.312334
v -0.562234 0.125560 -0.175752
v -0.557854 0.127548 -0.175735
v -0.556874 0.127545 -0.312236
v -0.556874 0.127545 -0.312236
v -0.557854 0.127548 -0.175735
v -0.562234 0.129536 -0.175752
v -0.561253 0.129534 -0.312334
v -0.561253 0.129534 -0.312334
v -0.558593 0.129536 -0.383622
v -0.554235 0.127546 -0.383197
v -0.556874 0.127545 -0.312236
v -0.556874 0.127545 -0.312236
v -0.554235 0.127546 -0.383197
v -0.558593 0.125560 -0.383638
v -0.561253 0.125557 -0.312334
v -0.312334 0.129534 -0.561253
v -0.175752 0.129536 -0.562234
v -0.175735 0.127548 -0.557854
v -0.312236 0.127545 -0.556874
v -0.312236 0.127545 -0.556874
v -0.175735 0.127548 -0.557854
v -0.175752 0.125560 -0.562234
v -0.312334 0.125557 -0.561253
v -0.312334 0.125557 -0.561253
v -0.383638 0.125560 -0.558594
v -0.383197 0.127546 -0.554236
v -0.312236 0.127545 -0.556874
v -0.312236 0.127545 -0.556874
v -0.383197 0.127546 -0.554236
v -0.383622 0.129536 -0.558594
v -0.312334 0.129534 -0.561253
v -0.553468 0.125560 0.415247
v -0.545247 0.125560 0.439458
v -0.541199 0.127541 0.437776
v -0.549217 0.127543 0.414181
v -0.549217 0.127543 0.414181
v -0.541199 0.127541 0.437776
v -0.545245 0.129536 0.439446
v -0.553467 0.129536 0.415233
v -0.553467 0.129536 0.415233
v -0.558594 0.129536 0.383622
v -0.554236 0.127546 0.383197
v -0.549217 0.127543 0.414181
v -0.549217 0.127543 0.414181
v -0.554236 0.127546 0.383197
v -0.558594 0.125560 0.383638
v -0.553468 0.125560 0.415247
v -0.533940 0.125560 0.462392
v -0.519733 0.125560 0.483650
v -0.516255 0.127539 0.480980
v -0.530145 0.127540 0.460197
v -0.530145 0.127540 0.460197
v -0.516255 0.127539 0.480980
v -0.519728 0.129536 0.483642
v -0.533937 0.129536 0.462382
v -0.533937 0.129536 0.462382
v -0.545245 0.129536 0.439446
v -0.541199 0.127541 0.437776
v -0.530145 0.127540 0.460197
v -0.530145 0.127540 0.460197
v -0.541199 0.127541 0.437776
v -0.545247 0.125560 0.439458
v -0.533940 0.125560 0.462392
v -0.502875 0.125560 0.502876
v -0.483650 0.125560 0.519733
v -0.480980 0.127539 0.516255
v -0.499775 0.127539 0.499775
v -0.499775 0.127539 0.499775
v -0.480980 0.127539 0.516255
v -0.483643 0.129536 0.519728
v -0.502870 0.129536 0.502870
v -0.502870 0.129536 0.502870
v -0.519728 0.129536 0.483642
v -0.516255 0.127539 0.480980
v -0.499775 0.127539 0.499775
v -0.499775 0.127539 0.499775
v -0.516255 0.127539 0.480980
v -0.519733 0.125560 0.483650
v -0.502875 0.125560 0.502876
v -0.462392 0.125560 0.533940
v -0.439458 0.125560 0.545247
v -0.437776 0.127541 0.541199
v -0.460197 0.127540 0.530145
v -0.460197 0.127540 0.530145
v -0.437776 0.127541 0.541199
v -0.439447 0.129536 0.545245
v -0.462382 0.129536 0.533937
v -0.462382 0.129536 0.533937
v -0.483643 0.129536 0.519728
v -0.480980 0.127539 0.516255
v -0.460197 0.127540 0.530145
v -0.460197 0.127540 0.530145
v -0.480980 0.127539 0.516255
v -0.483650 0.125560 0.519733
v -0.462392 0.125560 0.533940
v -0.415247 0.125560 0.553467
v -0.383638 0.125560 0.558593
v -0.383197 0.127546 0.554235
v -0.414181 0.127543 0.549217
v -0.414181 0.127543 0.549217
v -0.383197 0.127546 0.554235
v -0.383622 0.129536 0.558593
v -0.415233 0.129536 0.553466
v -0.415233 0.129536 0.553466
v -0.439447 0.129536 0.545245
v -0.437776 0.127541 0.541199
v -0.414181 0.127543 0.549217
v -0.414181 0.127543 0.549217
v -0.437776 0.127541 0.541199
v -0.439458 0.125560 0.545247
v -0.415247 0.125560 0.553467
v -0.561253 0.129534 0.312334
v -0.562234 0.129536 0.175752
v -0.557854 0.127548 0.175735
v -0.556874 0.127545 0.312236
v -0.556874 0.127545 0.312236
v -0.557854 0.127548 0.175735
v -0.562234 0.125560 0.175752
v -0.561253 0.125557 0.312334
v -0.561253 0.125557 0.312334
v -0.558594 0.125560 0.383638
v -0.554236 0.127546 0.383197
v -0.556874 0.127545 0.312236
v -0.556874 0.127545 0.312236
v -0.554236 0.127546 0.383197
v -0.558594 0.129536 0.383622
v -0.561253 0.129534 0.312334
v -0.312334 0.125557 0.561253
v -0.175752 0.125560 0.562234
v -0.175735 0.127548 0.557854
v -0.312236 0.127545 0.556874
v -0.312236 0.127545 0.556874
v -0.175735 0.127548 0.557854
v -0.175752 0.129536 0.562234
v -0.312334 0.129534 0.561253
v -0.312334 0.129534 0.561253
v -0.383622 0.129536 0.558593
v -0.383197 0.127546 0.554235
v -0.312236 0.127545 0.556874
v -0.312236 0.127545 0.556874
v -0.383197 0.127546 0.554235
v -0.383638 0.125560 0.558593
v -0.312334 0.125557 0.561253
v 0.383537 0.150564 0.558591
v 0.312234 0.150561 0.561252
v 0.312334 0.129534 0.561253
v 0.383622 0.129536 0.558593
v 0.383638 0.125560 0.558593
v 0.312334 0.125557 0.561253
v 0.312885 0.027559 0.561251
v 0.384036 0.027556 0.558602
v 0.312334 0.129534 0.561253
v 0.312234 0.150561 0.561252
v 0.175692 0.150564 0.562234
v 0.175752 0.129536 0.562234
v 0.312885 0.027559 0.561251
v 0.312334 0.125557 0.561253
v 0.175752 0.125560 0.562234
v 0.176083 0.027556 0.562233
v 0.462331 0.150564 -0.533922
v 0.462382 0.129536 -0.533937
v 0.439447 0.129536 -0.545245
v 0.439384 0.150564 -0.545236
v 0.462392 0.125560 -0.533940
v 0.462630 0.027556 -0.534008
v 0.439751 0.027556 -0.545287
v 0.439458 0.125560 -0.545246
v 0.439447 0.129536 -0.545245
v 0.415233 0.129536 -0.553467
v 0.415158 0.150564 -0.553462
v 0.439384 0.150564 -0.545236
v 0.439751 0.027556 -0.545287
v 0.415598 0.027556 -0.553490
v 0.415247 0.125560 -0.553468
v 0.439458 0.125560 -0.545246
v 0.483838 0.027556 -0.519834
v 0.462630 0.027556 -0.534008
v 0.462392 0.125560 -0.533940
v 0.483650 0.125560 -0.519733
v 0.483642 0.129536 -0.519728
v 0.462382 0.129536 -0.533937
v 0.462331 0.150564 -0.533922
v 0.483602 0.150564 -0.519707
v 0.558592 0.150564 0.383537
v 0.553462 0.150564 0.415158
v 0.553467 0.129536 0.415233
v 0.558594 0.129536 0.383622
v 0.558595 0.125560 0.383638
v 0.553468 0.125560 0.415247
v 0.553490 0.027556 0.415598
v 0.558604 0.027556 0.384036
v 0.553467 0.129536 0.415233
v 0.553462 0.150564 0.415158
v 0.545236 0.150564 0.439383
v 0.545245 0.129536 0.439446
v 0.553490 0.027556 0.415598
v 0.553468 0.125560 0.415247
v 0.545247 0.125560 0.439458
v 0.545287 0.027556 0.439751
v 0.415158 0.150564 -0.553462
v 0.415233 0.129536 -0.553467
v 0.383622 0.129536 -0.558594
v 0.383537 0.150564 -0.558592
v 0.415247 0.125560 -0.553468
v 0.415598 0.027556 -0.553490
v 0.384036 0.027556 -0.558604
v 0.383638 0.125560 -0.558594
v 0.383622 0.129536 -0.558594
v 0.312334 0.129534 -0.561253
v 0.312234 0.150561 -0.561252
v 0.383537 0.150564 -0.558592
v 0.384036 0.027556 -0.558604
v 0.312885 0.027559 -0.561251
v 0.312334 0.125557 -0.561253
v 0.383638 0.125560 -0.558594
v 0.502839 0.150564 -0.502839
v 0.502870 0.129536 -0.502870
v 0.483642 0.129536 -0.519728
v 0.483602 0.150564 -0.519707
v 0.519834 0.027556 -0.483838
v 0.503017 0.027556 -0.503017
v 0.502876 0.125560 -0.502876
v 0.519732 0.125560 -0.483650
v 0.502876 0.125560 -0.502876
v 0.503017 0.027556 -0.503017
v 0.483838 0.027556 -0.519834
v 0.483650 0.125560 -0.519733
v 0.519728 0.129536 -0.483642
v 0.502870 0.129536 -0.502870
v 0.502839 0.150564 -0.502839
v 0.519706 0.150564 -0.483602
v 0.561253 0.129534 0.312334
v 0.561252 0.150561 0.312234
v 0.558592 0.150564 0.383537
v 0.558594 0.129536 0.383622
v 0.561251 0.027559 0.312885
v 0.561253 0.125557 0.312334
v 0.558595 0.125560 0.383638
v 0.558604 0.027556 0.384036
v 0.545236 0.150564 0.439383
v 0.533923 0.150564 0.462331
v 0.533937 0.129536 0.462382
v 0.545245 0.129536 0.439446
v 0.545247 0.125560 0.439458
v 0.533940 0.125560 0.462392
v 0.534008 0.027556 0.462630
v 0.545287 0.027556 0.439751
v 0.533937 0.129536 0.462382
v 0.533923 0.150564 0.462331
v 0.519707 0.150564 0.483602
v 0.519728 0.129536 0.483642
v 0.534008 0.027556 0.462630
v 0.533940 0.125560 0.462392
v 0.519732 0.125560 0.483650
v 0.519834 0.027556 0.483838
v 0.533922 0.150564 -0.462331
v 0.533937 0.129536 -0.462382
v 0.519728 0.129536 -0.483642
v 0.519706 0.150564 -0.483602
v 0.545288 0.027556 -0.439751
v 0.534008 0.027556 -0.462630
v 0.533940 0.125560 -0.462392
v 0.545247 0.125560 -0.439458
v 0.533940 0.125560 -0.462392
v 0.534008 0.027556 -0.462630
v 0.519834 0.027556 -0.483838
v 0.519732 0.125560 -0.483650
v 0.545245 0.129536 -0.439446
v 0.533937 0.129536 -0.462382
v 0.533922 0.150564 -0.462331
v 0.545236 0.150564 -0.439383
v 0.519707 0.150564 0.483602
v 0.502839 0.150564 0.502839
v 0.502870 0.129536 0.502870
v 0.519728 0.129536 0.483642
v 0.519732 0.125560 0.483650
v 0.502876 0.125560 0.502875
v 0.503017 0.027556 0.503017
v 0.519834 0.027556 0.483838
v 0.502870 0.129536 0.502870
v 0.502839 0.150564 0.502839
v 0.483602 0.150564 0.519707
v 0.483643 0.129536 0.519728
v 0.503017 0.027556 0.503017
v 0.502876 0.125560 0.502875
v 0.483650 0.125560 0.519733
v 0.483838 0.027556 0.519834
v 0.562234 0.150564 -0.175692
v 0.562374 0.150564 -0.000000
v 0.562374 0.129536 -0.000000
v 0.562234 0.129536 -0.175752
v 0.562234 0.125560 -0.175752
v 0.562374 0.125560 -0.000000
v 0.562374 0.027556 -0.000000
v 0.562233 0.027556 -0.176083
v 0.561253 0.129534 -0.312334
v 0.561252 0.150561 -0.312234
v 0.562234 0.150564 -0.175692
v 0.562234 0.129536 -0.175752
v 0.561251 0.027559 -0.312885
v 0.561253 0.125557 -0.312334
v 0.562234 0.125560 -0.175752
v 0.562233 0.027556 -0.176083
v 0.553462 0.150564 -0.415158
v 0.553466 0.129536 -0.415233
v 0.545245 0.129536 -0.439446
v 0.545236 0.150564 -0.439383
v 0.558602 0.027556 -0.384036
v 0.553489 0.027556 -0.415598
v 0.553467 0.125560 -0.415247
v 0.558593 0.125560 -0.383638
v 0.553467 0.125560 -0.415247
v 0.553489 0.027556 -0.415598
v 0.545288 0.027556 -0.439751
v 0.545247 0.125560 -0.439458
v 0.558593 0.129536 -0.383622
v 0.553466 0.129536 -0.415233
v 0.553462 0.150564 -0.415158
v 0.558591 0.150564 -0.383536
v 0.562234 0.150564 0.175692
v 0.562234 0.129536 0.175752
v 0.562374 0.129536 -0.000000
v 0.562374 0.150564 -0.000000
v 0.562234 0.125560 0.175752
v 0.562234 0.027556 0.176083
v 0.562374 0.027556 -0.000000
v 0.562374 0.125560 -0.000000
v 0.561252 0.150561 0.312234
v 0.561253 0.129534 0.312334
v 0.562234 0.129536 0.175752
v 0.562234 0.150564 0.175692
v 0.561253 0.125557 0.312334
v 0.561251 0.027559 0.312885
v 0.562234 0.027556 0.176083
v 0.562234 0.125560 0.175752
v 0.483602 0.150564 0.519707
v 0.462331 0.150564 0.533923
v 0.462382 0.129536 0.533937
v 0.483643 0.129536 0.519728
v 0.483650 0.125560 0.519733
v 0.462392 0.125560 0.533940
v 0.462630 0.027556 0.534008
v 0.483838 0.027556 0.519834
v 0.462382 0.129536 0.533937
v 0.462331 0.150564 0.533923
v 0.439384 0.150564 0.545236
v 0.439447 0.129536 0.545245
v 0.462630 0.027556 0.534008
v 0.462392 0.125560 0.533940
v 0.439458 0.125560 0.545247
v 0.439751 0.027556 0.545287
v 0.561252 0.150561 -0.312234
v 0.561253 0.129534 -0.312334
v 0.558593 0.129536 -0.383622
v 0.558591 0.150564 -0.383536
v 0.561253 0.125557 -0.312334
v 0.561251 0.027559 -0.312885
v 0.558602 0.027556 -0.384036
v 0.558593 0.125560 -0.383638
v 0.175752 0.125560 0.562234
v 0.000000 0.125560 0.562374
v 0.000000 0.027556 0.562374
v 0.176083 0.027556 0.562233
v -0.175692 0.150564 0.562234
v -0.175752 0.129536 0.562234
v 0.000000 0.129536 0.562374
v 0.000000 0.150564 0.562374
v -0.175752 0.125560 0.562234
v -0.176083 0.027556 0.562233
v 0.000000 0.027556 0.562374
v 0.000000 0.125560 0.562374
v 0.175692 0.150564 0.562234
v 0.000000 0.150564 0.562374
v 0.000000 0.129536 0.562374
v 0.175752 0.129536 0.562234
v 0.439384 0.150564 0.545236
v 0.415157 0.150564 0.553462
v 0.415233 0.129536 0.553466
v 0.439447 0.129536 0.545245
v 0.439458 0.125560 0.545247
v 0.415247 0.125560 0.553467
v 0.415598 0.027556 0.553489
v 0.439751 0.027556 0.545287
v 0.415233 0.129536 0.553466
v 0.415157 0.150564 0.553462
v 0.383537 0.150564 0.558591
v 0.383622 0.129536 0.558593
v 0.415598 0.027556 0.553489
v 0.415247 0.125560 0.553467
v 0.383638 0.125560 0.558593
v 0.384036 0.027556 0.558602
v 0.312234 0.150561 -0.561252
v 0.312334 0.129534 -0.561253
v 0.175752 0.129536 -0.562234
v 0.175692 0.150564 -0.562234
v 0.312334 0.125557 -0.561253
v 0.312885 0.027559 -0.561251
v 0.176083 0.027556 -0.562234
v 0.175752 0.125560 -0.562234
v 0.175692 0.150564 -0.562234
v 0.175752 0.129536 -0.562234
v 0.000000 0.129536 -0.562374
v 0.000000 0.150564 -0.562374
v 0.175752 0.125560 -0.562234
v 0.176083 0.027556 -0.562234
v 0.000000 0.027556 -0.562374
v 0.000000 0.125560 -0.562374
v -0.175752 0.125560 -0.562234
v 0.000000 0.125560 -0.562374
v 0.000000 0.027556 -0.562374
v -0.176083 0.027556 -0.562234
v -0.175692 0.150564 -0.562234
v 0.000000 0.150564 -0.562374
v 0.000000 0.129536 -0.562374
v -0.175752 0.129536 -0.562234
v -0.383537 0.150564 0.558591
v -0.383622 0.129536 0.558593
v -0.312334 0.129534 0.561253
v -0.312234 0.150561 0.561252
v -0.312334 0.129534 0.561253
v -0.175752 0.129536 0.562234
v -0.175692 0.150564 0.562234
v -0.312234 0.150561 0.561252
v -0.383638 0.125560 0.558593
v -0.384036 0.027556 0.558602
v -0.312885 0.027559 0.561251
v -0.312334 0.125557 0.561253
v -0.312885 0.027559 0.561251
v -0.176083 0.027556 0.562233
v -0.175752 0.125560 0.562234
v -0.312334 0.125557 0.561253
v -0.462331 0.150564 -0.533922
v -0.439384 0.150564 -0.545236
v -0.439447 0.129536 -0.545245
v -0.462382 0.129536 -0.533937
v -0.439751 0.027556 -0.545287
v -0.439458 0.125560 -0.545247
v -0.415247 0.125560 -0.553468
v -0.415598 0.027556 -0.553490
v -0.462392 0.125560 -0.533940
v -0.439458 0.125560 -0.545247
v -0.439751 0.027556 -0.545287
v -0.462630 0.027556 -0.534008
v -0.439447 0.129536 -0.545245
v -0.439384 0.150564 -0.545236
v -0.415158 0.150564 -0.553462
v -0.415233 0.129536 -0.553467
v -0.483642 0.129536 -0.519728
v -0.483602 0.150564 -0.519707
v -0.462331 0.150564 -0.533922
v -0.462382 0.129536 -0.533937
v -0.483838 0.027556 -0.519834
v -0.483650 0.125560 -0.519733
v -0.462392 0.125560 -0.533940
v -0.462630 0.027556 -0.534008
v -0.558592 0.150564 0.383537
v -0.558594 0.129536 0.383622
v -0.553467 0.129536 0.415233
v -0.553462 0.150564 0.415158
v -0.553467 0.129536 0.415233
v -0.545245 0.129536 0.439446
v -0.545236 0.150564 0.439383
v -0.553462 0.150564 0.415158
v -0.558594 0.125560 0.383638
v -0.558604 0.027556 0.384036
v -0.553490 0.027556 0.415598
v -0.553468 0.125560 0.415247
v -0.553490 0.027556 0.415598
v -0.545287 0.027556 0.439751
v -0.545247 0.125560 0.439458
v -0.553468 0.125560 0.415247
v -0.415158 0.150564 -0.553462
v -0.383537 0.150564 -0.558592
v -0.383622 0.129536 -0.558594
v -0.415233 0.129536 -0.553467
v -0.384036 0.027556 -0.558604
v -0.383638 0.125560 -0.558594
v -0.312334 0.125557 -0.561253
v -0.312885 0.027559 -0.561251
v -0.415247 0.125560 -0.553468
v -0.383638 0.125560 -0.558594
v -0.384036 0.027556 -0.558604
v -0.415598 0.027556 -0.553490
v -0.383622 0.129536 -0.558594
v -0.383537 0.150564 -0.558592
v -0.312234 0.150561 -0.561252
v -0.312334 0.129534 -0.561253
v -0.502839 0.150564 -0.502839
v -0.483602 0.150564 -0.519707
v -0.483642 0.129536 -0.519728
v -0.502870 0.129536 -0.502870
v -0.502876 0.125560 -0.502876
v -0.483650 0.125560 -0.519733
v -0.483838 0.027556 -0.519834
v -0.503017 0.027556 -0.503017
v -0.519728 0.129536 -0.483642
v -0.519706 0.150564 -0.483602
v -0.502839 0.150564 -0.502839
v -0.502870 0.129536 -0.502870
v -0.519834 0.027556 -0.483838
v -0.519732 0.125560 -0.483650
v -0.502876 0.125560 -0.502876
v -0.503017 0.027556 -0.503017
v -0.561251 0.027559 0.312885
v -0.558604 0.027556 0.384036
v -0.558594 0.125560 0.383638
v -0.561253 0.125557 0.312334
v -0.561253 0.129534 0.312334
v -0.558594 0.129536 0.383622
v -0.558592 0.150564 0.383537
v -0.561252 0.150561 0.312234
v -0.545236 0.150564 0.439383
v -0.545245 0.129536 0.439446
v -0.533937 0.129536 0.462382
v -0.533923 0.150564 0.462331
v -0.533937 0.129536 0.462382
v -0.519728 0.129536 0.483642
v -0.519707 0.150564 0.483602
v -0.533923 0.150564 0.462331
v -0.545247 0.125560 0.439458
v -0.545287 0.027556 0.439751
v -0.534008 0.027556 0.462630
v -0.533940 0.125560 0.462392
v -0.534008 0.027556 0.462630
v -0.519834 0.027556 0.483838
v -0.519733 0.125560 0.483650
v -0.533940 0.125560 0.462392
v -0.533922 0.150564 -0.462331
v -0.519706 0.150564 -0.483602
v -0.519728 0.129536 -0.483642
v -0.533937 0.129536 -0.462382
v -0.533940 0.125560 -0.462392
v -0.519732 0.125560 -0.483650
v -0.519834 0.027556 -0.483838
v -0.534008 0.027556 -0.462630
v -0.545245 0.129536 -0.439446
v -0.545236 0.150564 -0.439383
v -0.533922 0.150564 -0.462331
v -0.533937 0.129536 -0.462382
v -0.545288 0.027556 -0.439751
v -0.545247 0.125560 -0.439458
v -0.533940 0.125560 -0.462392
v -0.534008 0.027556 -0.462630
v -0.519707 0.150564 0.483602
v -0.519728 0.129536 0.483642
v -0.502870 0.129536 0.502870
v -0.502839 0.150564 0.502839
v -0.502870 0.129536 0.502870
v -0.483643 0.129536 0.519728
v -0.483602 0.150564 0.519707
v -0.502839 0.150564 0.502839
v -0.519733 0.125560 0.483650
v -0.519834 0.027556 0.483838
v -0.503017 0.027556 0.503017
v -0.502875 0.125560 0.502876
v -0.503017 0.027556 0.503017
v -0.483838 0.027556 0.519834
v -0.483650 0.125560 0.519733
v -0.502875 0.125560 0.502876
v -0.562234 0.150564 -0.175692
v -0.562234 0.129536 -0.175752
v -0.562374 0.129536 -0.000000
v -0.562374 0.150564 -0.000000
v -0.561251 0.027559 -0.312885
v -0.562233 0.027556 -0.176083
v -0.562234 0.125560 -0.175752
v -0.561253 0.125557 -0.312334
v -0.562234 0.125560 -0.175752
v -0.562233 0.027556 -0.176083
v -0.562374 0.027556 -0.000000
v -0.562374 0.125560 -0.000000
v -0.561253 0.129534 -0.312334
v -0.562234 0.129536 -0.175752
v -0.562234 0.150564 -0.175692
v -0.561252 0.150561 -0.312234
v -0.553462 0.150564 -0.415158
v -0.545236 0.150564 -0.439383
v -0.545245 0.129536 -0.439446
v -0.553466 0.129536 -0.415233
v -0.553467 0.125560 -0.415247
v -0.545247 0.125560 -0.439458
v -0.545288 0.027556 -0.439751
v -0.553489 0.027556 -0.415598
v -0.558593 0.129536 -0.383622
v -0.558591 0.150564 -0.383536
v -0.553462 0.150564 -0.415158
v -0.553466 0.129536 -0.415233
v -0.558602 0.027556 -0.384036
v -0.558593 0.125560 -0.383638
v -0.553467 0.125560 -0.415247
v -0.553489 0.027556 -0.415598
v -0.562234 0.150564 0.175692
v -0.562374 0.150564 -0.000000
v -0.562374 0.129536 -0.000000
v -0.562234 0.129536 0.175752
v -0.562234 0.125560 0.175752
v -0.562374 0.125560 -0.000000
v -0.562374 0.027556 -0.000000
v -0.562234 0.027556 0.176083
v -0.561252 0.150561 0.312234
v -0.562234 0.150564 0.175692
v -0.562234 0.129536 0.175752
v -0.561253 0.129534 0.312334
v -0.561253 0.125557 0.312334
v -0.562234 0.125560 0.175752
v -0.562234 0.027556 0.176083
v -0.561251 0.027559 0.312885
v -0.483602 0.150564 0.519707
v -0.483643 0.129536 0.519728
v -0.462382 0.129536 0.533937
v -0.462331 0.150564 0.533923
v -0.462382 0.129536 0.533937
v -0.439447 0.129536 0.545245
v -0.439384 0.150564 0.545236
v -0.462331 0.150564 0.533923
v -0.483650 0.125560 0.519733
v -0.483838 0.027556 0.519834
v -0.462630 0.027556 0.534008
v -0.462392 0.125560 0.533940
v -0.462630 0.027556 0.534008
v -0.439751 0.027556 0.545287
v -0.439458 0.125560 0.545247
v -0.462392 0.125560 0.533940
v -0.561252 0.150561 -0.312234
v -0.558591 0.150564 -0.383536
v -0.558593 0.129536 -0.383622
v -0.561253 0.129534 -0.312334
v -0.561253 0.125557 -0.312334
v -0.558593 0.125560 -0.383638
v -0.558602 0.027556 -0.384036
v -0.561251 0.027559 -0.312885
v -0.439384 0.150564 0.545236
v -0.439447 0.129536 0.545245
v -0.415233 0.129536 0.553466
v -0.415157 0.150564 0.553462
v -0.415233 0.129536 0.553466
v -0.383622 0.129536 0.558593
v -0.383537 0.150564 0.558591
v -0.415157 0.150564 0.553462
v -0.439458 0.125560 0.545247
v -0.439751 0.027556 0.545287
v -0.415598 0.027556 0.553489
v -0.415247 0.125560 0.553467
v -0.415598 0.027556 0.553489
v -0.384036 0.027556 0.558602
v -0.383638 0.125560 0.558593
v -0.415247 0.125560 0.553467
v -0.312234 0.150561 -0.561252
v -0.175692 0.150564 -0.562234
v -0.175752 0.129536 -0.562234
v -0.312334 0.129534 -0.561253
v -0.312334 0.125557 -0.561253
v -0.175752 0.125560 -0.562234
v -0.176083 0.027556 -0.562234
v -0.312885 0.027559 -0.561251
v 0.009129 0.198977 0.508879
v 0.007895 0.196867 0.502499
v 0.000000 0.196414 0.503390
v 0.000000 0.198484 0.509933
v 0.555823 0.167914 0.312139
v 0.553134 0.167646 0.382162
v 0.558592 0.150564 0.383537
v 0.561252 0.150561 0.312234
v 0.381423 0.000000 0.531132
v 0.383317 0.008071 0.550558
v 0.312744 0.008072 0.553183
v 0.312405 0.000000 0.533700
v 0.393320 0.254063 -0.100529
v 0.395144 0.257636 -0.104546
v 0.365905 0.272419 -0.104546
v 0.364433 0.268722 -0.100529
v -0.364433 0.268722 -0.100529
v -0.365905 0.272419 -0.104546
v -0.395144 0.257636 -0.104546
v -0.393320 0.254063 -0.100529
v 0.367387 0.230694 0.401118
v 0.259291 0.285455 0.292768
v 0.240008 0.285455 0.306550
v 0.347720 0.230730 0.414702
v 0.395144 0.257636 -0.104546
v 0.444679 0.232035 -0.127173
v 0.441622 0.232484 -0.226361
v 0.336562 0.286489 -0.137460
v 0.341071 0.284978 -0.103294
v 0.346164 0.282487 -0.099507
v 0.349596 0.280879 -0.093840
v 0.350963 0.280668 -0.087552
v 0.351940 0.279694 -0.093838
v 0.355267 0.277883 -0.099507
v 0.360290 0.275257 -0.103294
v 0.365905 0.272419 -0.104546
v 0.487214 0.210219 -0.000000
v 0.492791 0.207310 0.001313
v 0.497831 0.204716 0.005100
v 0.501187 0.202962 0.010769
v 0.502295 0.202381 0.017059
v 0.502266 0.202325 0.087549
v 0.501153 0.202896 0.093840
v 0.497788 0.204634 0.099508
v 0.543839 0.180788 0.175626
v 0.543980 0.180788 -0.000000
v 0.215903 0.341740 0.090305
v 0.325482 0.285860 0.199624
v 0.332081 0.286128 0.175197
v 0.300997 0.301031 0.153028
v 0.291597 0.305195 0.148774
v 0.283739 0.309099 0.142042
v 0.277917 0.312501 0.133273
v 0.274511 0.315179 0.122985
v 0.223592 0.341718 0.068886
v 0.325482 0.285860 -0.199624
v 0.215894 0.341745 -0.090296
v 0.277043 0.314332 -0.121248
v 0.332081 0.286128 -0.175197
v 0.017716 0.302176 0.272926
v 0.012575 0.303975 0.269422
v 0.007199 0.295725 0.275675
v 0.012334 0.293378 0.280234
v 0.012491 0.191916 0.475971
v 0.021827 0.193394 0.482807
v 0.025179 0.199246 0.471539
v 0.014493 0.195604 0.468869
v -0.028584 0.206373 0.484093
v -0.025664 0.203126 0.490365
v -0.021827 0.193394 0.482807
v -0.025179 0.199246 0.471539
v 0.025033 0.293990 0.288763
v 0.024145 0.297076 0.282804
v 0.014348 0.289702 0.287339
v 0.021662 0.299823 0.277490
v 0.017716 0.302176 0.272926
v 0.012334 0.293378 0.280234
v 0.000000 0.296571 0.273997
v 0.007199 0.295725 0.275675
v 0.006597 0.305097 0.267220
v 0.000000 0.305468 0.266461
v 0.000000 0.305468 0.266461
v -0.006597 0.305097 0.267220
v -0.007199 0.295725 0.275675
v 0.000000 0.296571 0.273997
v -0.012575 0.303975 0.269422
v -0.017716 0.302176 0.272926
v -0.012334 0.293378 0.280234
v -0.007199 0.295725 0.275675
v -0.012334 0.293378 0.280234
v -0.021662 0.299823 0.277490
v -0.024145 0.297076 0.282804
v -0.014348 0.289702 0.287339
v -0.006603 0.195819 0.468404
v -0.006605 0.195250 0.468110
v -0.006460 0.288873 0.287498
v -0.006458 0.289441 0.287792
v -0.003410 0.183468 0.469616
v -0.005626 0.184496 0.467648
v -0.005598 0.193159 0.472139
v -0.003381 0.192131 0.474106
v -0.003225 0.292541 0.281791
v -0.003227 0.291973 0.281497
v 0.000000 0.292342 0.280764
v 0.000000 0.292910 0.281059
v -0.006458 0.289441 0.287792
v -0.006460 0.288873 0.287498
v -0.005447 0.290958 0.283467
v -0.005445 0.291527 0.283762
v -0.005445 0.291527 0.283762
v -0.005447 0.290958 0.283467
v -0.003227 0.291973 0.281497
v -0.003225 0.292541 0.281791
v 0.000000 0.192312 0.475129
v 0.000000 0.191744 0.474834
v -0.003381 0.192131 0.474106
v -0.003379 0.192700 0.474401
v -0.005596 0.193727 0.472433
v -0.005598 0.193159 0.472139
v -0.006605 0.195250 0.468110
v -0.006603 0.195819 0.468404
v 0.006603 0.195819 0.468404
v 0.006458 0.289441 0.287792
v 0.006460 0.288873 0.287498
v 0.006605 0.195250 0.468110
v 0.003379 0.192700 0.474401
v 0.005596 0.193727 0.472433
v 0.005598 0.193159 0.472139
v 0.003381 0.192131 0.474106
v 0.003225 0.292541 0.281791
v 0.000000 0.292910 0.281059
v 0.000000 0.292342 0.280764
v 0.003227 0.291973 0.281497
v 0.006458 0.289441 0.287792
v 0.005445 0.291527 0.283762
v 0.005447 0.290958 0.283467
v 0.006460 0.288873 0.287498
v 0.005445 0.291527 0.283762
v 0.003225 0.292541 0.281791
v 0.003227 0.291973 0.281497
v 0.005447 0.290958 0.283467
v 0.000000 0.192312 0.475129
v 0.003379 0.192700 0.474401
v 0.003381 0.192131 0.474106
v 0.000000 0.191744 0.474834
v 0.005596 0.193727 0.472433
v 0.006603 0.195819 0.468404
v 0.006605 0.195250 0.468110
v 0.005598 0.193159 0.472139
v 0.195864 0.342847 -0.038960
v 0.193852 0.340913 -0.038560
v 0.196698 0.340913 -0.019373
v 0.198738 0.342847 -0.019574
v 0.198738 0.342847 0.019574
v 0.196698 0.340913 0.019373
v 0.193852 0.340913 0.038560
v 0.195864 0.342847 0.038960
v 0.195864 0.342847 0.038960
v 0.193852 0.340913 0.038560
v 0.189139 0.340913 0.057375
v 0.191101 0.342847 0.057970
v 0.126688 0.342847 0.154370
v 0.125387 0.340913 0.152785
v 0.109809 0.340913 0.164340
v 0.110948 0.342847 0.166045
v 0.110948 0.342847 0.166045
v 0.109809 0.340913 0.164340
v 0.093171 0.340913 0.174311
v 0.094138 0.342847 0.176120
v 0.191101 0.342847 -0.057970
v 0.189139 0.340913 -0.057375
v 0.193852 0.340913 -0.038560
v 0.195864 0.342847 -0.038960
v 0.057970 0.342847 -0.191101
v 0.057375 0.340913 -0.189139
v 0.075637 0.340913 -0.182605
v 0.076422 0.342847 -0.184499
v 0.076422 0.342847 -0.184499
v 0.075637 0.340913 -0.182605
v 0.093171 0.340913 -0.174311
v 0.094138 0.342847 -0.176120
v 0.219942 0.343061 0.066719
v 0.221407 0.340898 0.067328
v 0.226901 0.340901 0.045311
v 0.225423 0.343061 0.044839
v 0.127692 0.343061 0.191104
v 0.128652 0.340895 0.192430
v 0.146874 0.340894 0.178917
v 0.145808 0.343061 0.177667
v 0.108345 0.343061 0.202699
v 0.109193 0.340895 0.204087
v 0.128652 0.340895 0.192430
v 0.127692 0.343061 0.191104
v 0.225423 0.343061 -0.044839
v 0.226899 0.340904 -0.045290
v 0.221406 0.340900 -0.067322
v 0.219942 0.343061 -0.066719
v 0.087956 0.343061 -0.212344
v 0.088685 0.340897 -0.213778
v 0.067323 0.340899 -0.221407
v 0.066719 0.343061 -0.219942
v 0.108345 0.343061 -0.202699
v 0.109192 0.340896 -0.204086
v 0.088685 0.340897 -0.213778
v 0.087956 0.343061 -0.212344
v 0.225423 0.343061 0.044839
v 0.226901 0.340901 0.045311
v 0.230219 0.340902 0.022789
v 0.228732 0.343061 0.022528
v 0.228732 0.343061 -0.022528
v 0.230223 0.340901 -0.022694
v 0.226899 0.340904 -0.045290
v 0.225423 0.343061 -0.044839
v 0.198738 0.342847 -0.019574
v 0.196698 0.340913 -0.019373
v 0.197650 0.340913 -0.000000
v 0.199701 0.342847 -0.000000
v 0.019574 0.342847 -0.198738
v 0.019373 0.340913 -0.196698
v 0.038560 0.340913 -0.193852
v 0.038960 0.342847 -0.195864
v 0.199701 0.342847 -0.000000
v 0.197650 0.340913 -0.000000
v 0.196698 0.340913 0.019373
v 0.198738 0.342847 0.019574
v 0.191101 0.342847 0.057970
v 0.189139 0.340913 0.057375
v 0.182605 0.340913 0.075637
v 0.184499 0.342847 0.076422
v 0.184499 0.342847 0.076422
v 0.182605 0.340913 0.075637
v 0.174311 0.340913 0.093171
v 0.176120 0.342847 0.094138
v 0.094138 0.342847 0.176120
v 0.093171 0.340913 0.174311
v 0.075637 0.340913 0.182605
v 0.076422 0.342847 0.184499
v 0.076422 0.342847 0.184499
v 0.075637 0.340913 0.182605
v 0.057375 0.340913 0.189139
v 0.057970 0.342847 0.191101
v 0.166045 0.342847 -0.110948
v 0.164340 0.340913 -0.109809
v 0.174311 0.340913 -0.093171
v 0.176120 0.342847 -0.094138
v 0.154370 0.342847 -0.126688
v 0.152785 0.340913 -0.125387
v 0.164340 0.340913 -0.109809
v 0.166045 0.342847 -0.110948
v 0.038960 0.342847 -0.195864
v 0.038560 0.340913 -0.193852
v 0.057375 0.340913 -0.189139
v 0.057970 0.342847 -0.191101
v 0.202699 0.343061 0.108345
v 0.204087 0.340895 0.109193
v 0.213779 0.340896 0.088687
v 0.212344 0.343061 0.087956
v 0.087956 0.343061 0.212344
v 0.088686 0.340897 0.213779
v 0.109193 0.340895 0.204087
v 0.108345 0.343061 0.202699
v 0.066719 0.343061 0.219942
v 0.067324 0.340899 0.221407
v 0.088686 0.340897 0.213779
v 0.087956 0.343061 0.212344
v 0.191104 0.343061 -0.127692
v 0.192429 0.340895 -0.128651
v 0.178917 0.340895 -0.146873
v 0.177667 0.343061 -0.145808
v 0.202699 0.343061 -0.108345
v 0.204086 0.340896 -0.109192
v 0.192429 0.340895 -0.128651
v 0.191104 0.343061 -0.127692
v 0.066719 0.343061 -0.219942
v 0.067323 0.340899 -0.221407
v 0.045292 0.340902 -0.226904
v 0.044839 0.343061 -0.225423
v 0.228732 0.343061 0.022528
v 0.230219 0.340902 0.022789
v 0.231330 0.340903 -0.000000
v 0.229839 0.343061 -0.000000
v 0.212344 0.343061 0.087956
v 0.213779 0.340896 0.088687
v 0.221407 0.340898 0.067328
v 0.219942 0.343061 0.066719
v 0.229839 0.343061 -0.000000
v 0.231330 0.340903 -0.000000
v 0.230223 0.340901 -0.022694
v 0.228732 0.343061 -0.022528
v 0.044839 0.343061 -0.225423
v 0.045292 0.340902 -0.226904
v 0.022775 0.340903 -0.230220
v 0.022528 0.343061 -0.228732
v 0.038960 0.342847 0.195864
v 0.038560 0.340913 0.193852
v 0.019373 0.340913 0.196698
v 0.019574 0.342847 0.198738
v 0.019574 0.342847 0.198738
v 0.019373 0.340913 0.196698
v 0.000000 0.340913 0.197650
v 0.000000 0.342847 0.199701
v 0.176120 0.342847 0.094138
v 0.174311 0.340913 0.093171
v 0.164340 0.340913 0.109809
v 0.166045 0.342847 0.110948
v 0.166045 0.342847 0.110948
v 0.164340 0.340913 0.109809
v 0.152785 0.340913 0.125388
v 0.154370 0.342847 0.126688
v 0.057970 0.342847 0.191101
v 0.057375 0.340913 0.189139
v 0.038560 0.340913 0.193852
v 0.038960 0.342847 0.195864
v 0.191104 0.343061 0.127692
v 0.192430 0.340894 0.128652
v 0.204087 0.340895 0.109193
v 0.202699 0.343061 0.108345
v 0.177667 0.343061 0.145808
v 0.178918 0.340894 0.146874
v 0.192430 0.340894 0.128652
v 0.191104 0.343061 0.127692
v 0.044839 0.343061 0.225423
v 0.045292 0.340901 0.226904
v 0.067324 0.340899 0.221407
v 0.066719 0.343061 0.219942
v 0.162521 0.343061 -0.162521
v 0.163683 0.340894 -0.163683
v 0.146873 0.340895 -0.178917
v 0.145808 0.343061 -0.177667
v 0.177667 0.343061 -0.145808
v 0.178917 0.340895 -0.146873
v 0.163683 0.340894 -0.163683
v 0.162521 0.343061 -0.162521
v 0.022528 0.343061 0.228732
v 0.022775 0.340903 0.230220
v 0.045292 0.340901 0.226904
v 0.044839 0.343061 0.225423
v 0.000000 0.343061 0.229839
v 0.000000 0.340903 0.231330
v 0.022775 0.340903 0.230220
v 0.022528 0.343061 0.228732
v 0.000000 0.342847 -0.199701
v 0.000000 0.340913 -0.197650
v 0.019373 0.340913 -0.196698
v 0.019574 0.342847 -0.198738
v 0.154370 0.342847 0.126688
v 0.152785 0.340913 0.125388
v 0.139760 0.340913 0.139760
v 0.141210 0.342847 0.141210
v 0.141210 0.342847 0.141210
v 0.139760 0.340913 0.139760
v 0.125387 0.340913 0.152785
v 0.126688 0.342847 0.154370
v 0.176120 0.342847 -0.094138
v 0.174311 0.340913 -0.093171
v 0.182605 0.340913 -0.075637
v 0.184499 0.342847 -0.076422
v 0.184499 0.342847 -0.076422
v 0.182605 0.340913 -0.075637
v 0.189139 0.340913 -0.057375
v 0.191101 0.342847 -0.057970
v 0.094138 0.342847 -0.176120
v 0.093171 0.340913 -0.174311
v 0.109809 0.340913 -0.164340
v 0.110948 0.342847 -0.166045
v 0.110948 0.342847 -0.166045
v 0.109809 0.340913 -0.164340
v 0.125387 0.340913 -0.152785
v 0.126688 0.342847 -0.154370
v 0.162521 0.343061 0.162521
v 0.163684 0.340894 0.163684
v 0.178918 0.340894 0.146874
v 0.177667 0.343061 0.145808
v 0.145808 0.343061 0.177667
v 0.146874 0.340894 0.178917
v 0.163684 0.340894 0.163684
v 0.162521 0.343061 0.162521
v 0.212344 0.343061 -0.087956
v 0.213777 0.340897 -0.088684
v 0.204086 0.340896 -0.109192
v 0.202699 0.343061 -0.108345
v 0.219942 0.343061 -0.066719
v 0.221406 0.340900 -0.067322
v 0.213777 0.340897 -0.088684
v 0.212344 0.343061 -0.087956
v 0.127692 0.343061 -0.191104
v 0.128652 0.340895 -0.192429
v 0.109192 0.340896 -0.204086
v 0.108345 0.343061 -0.202699
v 0.145808 0.343061 -0.177667
v 0.146873 0.340895 -0.178917
v 0.128652 0.340895 -0.192429
v 0.127692 0.343061 -0.191104
v 0.022528 0.343061 -0.228732
v 0.022775 0.340903 -0.230220
v 0.000000 0.340903 -0.231330
v 0.000000 0.343061 -0.229839
v 0.126688 0.342847 -0.154370
v 0.125387 0.340913 -0.152785
v 0.139754 0.340913 -0.139754
v 0.141204 0.342847 -0.141204
v 0.141204 0.342847 -0.141204
v 0.139754 0.340913 -0.139754
v 0.152785 0.340913 -0.125387
v 0.154370 0.342847 -0.126688
v 0.102920 0.345436 0.192549
v 0.103923 0.345331 0.194427
v 0.122481 0.345331 0.183305
v 0.121298 0.345436 0.181535
v 0.063996 0.345331 -0.210966
v 0.063378 0.345436 -0.208928
v 0.083551 0.345436 -0.201711
v 0.084366 0.345331 -0.203678
v 0.102920 0.345436 -0.192549
v 0.103923 0.345331 -0.194427
v 0.084366 0.345331 -0.203678
v 0.083551 0.345436 -0.201711
v 0.102920 0.345436 0.192549
v 0.083551 0.345436 0.201711
v 0.084366 0.345331 0.203678
v 0.103923 0.345331 0.194427
v 0.063378 0.345436 0.208928
v 0.063996 0.345331 0.210966
v 0.084366 0.345331 0.203678
v 0.083551 0.345436 0.201711
v 0.063996 0.345331 -0.210966
v 0.043010 0.345331 -0.216223
v 0.042594 0.345436 -0.214135
v 0.063378 0.345436 -0.208928
v 0.021609 0.345331 -0.219397
v 0.021400 0.345436 -0.217278
v 0.042594 0.345436 -0.214135
v 0.043010 0.345331 -0.216223
v 0.063378 0.345436 0.208928
v 0.042594 0.345436 0.214135
v 0.043009 0.345331 0.216224
v 0.063996 0.345331 0.210966
v 0.000000 0.345331 -0.220460
v 0.000000 0.345436 -0.218330
v 0.021400 0.345436 -0.217278
v 0.021609 0.345331 -0.219397
v 0.021400 0.345436 0.217278
v 0.021609 0.345331 0.219397
v 0.043009 0.345331 0.216224
v 0.042594 0.345436 0.214135
v 0.021400 0.345436 0.217278
v 0.000000 0.345436 0.218330
v 0.000000 0.345331 0.220460
v 0.021609 0.345331 0.219397
v 0.194427 0.345331 -0.103923
v 0.192549 0.345436 -0.102920
v 0.201711 0.345436 -0.083551
v 0.203678 0.345331 -0.084366
v 0.208928 0.345436 -0.063378
v 0.210966 0.345331 -0.063996
v 0.203678 0.345331 -0.084366
v 0.201711 0.345436 -0.083551
v 0.219397 0.345331 -0.021609
v 0.217278 0.345436 -0.021400
v 0.218330 0.345436 -0.000000
v 0.220460 0.345331 -0.000000
v 0.217278 0.345436 0.021400
v 0.219397 0.345331 0.021609
v 0.220460 0.345331 -0.000000
v 0.218330 0.345436 -0.000000
v 0.208928 0.345436 0.063378
v 0.210966 0.345331 0.063996
v 0.216223 0.345331 0.043010
v 0.214135 0.345436 0.042594
v 0.208928 0.345436 -0.063378
v 0.214135 0.345436 -0.042594
v 0.216223 0.345331 -0.043010
v 0.210966 0.345331 -0.063996
v 0.219397 0.345331 -0.021609
v 0.216223 0.345331 -0.043010
v 0.214135 0.345436 -0.042594
v 0.217278 0.345436 -0.021400
v 0.217278 0.345436 0.021400
v 0.214135 0.345436 0.042594
v 0.216223 0.345331 0.043010
v 0.219397 0.345331 0.021609
v 0.192549 0.345436 0.102920
v 0.194427 0.345331 0.103924
v 0.203678 0.345331 0.084366
v 0.201711 0.345436 0.083551
v 0.170417 0.345331 -0.139857
v 0.168771 0.345436 -0.138507
v 0.181535 0.345436 -0.121298
v 0.183305 0.345331 -0.122481
v 0.194427 0.345331 -0.103923
v 0.183305 0.345331 -0.122481
v 0.181535 0.345436 -0.121298
v 0.192549 0.345436 -0.102920
v 0.208928 0.345436 0.063378
v 0.201711 0.345436 0.083551
v 0.203678 0.345331 0.084366
v 0.210966 0.345331 0.063996
v 0.192549 0.345436 0.102920
v 0.181535 0.345436 0.121298
v 0.183305 0.345331 0.122481
v 0.194427 0.345331 0.103924
v 0.168771 0.345436 0.138507
v 0.170417 0.345331 0.139858
v 0.183305 0.345331 0.122481
v 0.181535 0.345436 0.121298
v 0.139858 0.345331 -0.170417
v 0.138507 0.345436 -0.168771
v 0.154383 0.345436 -0.154383
v 0.155888 0.345331 -0.155888
v 0.170417 0.345331 -0.139857
v 0.155888 0.345331 -0.155888
v 0.154383 0.345436 -0.154383
v 0.168771 0.345436 -0.138507
v 0.168771 0.345436 0.138507
v 0.154383 0.345436 0.154383
v 0.155888 0.345331 0.155888
v 0.170417 0.345331 0.139858
v 0.139857 0.345331 0.170417
v 0.155888 0.345331 0.155888
v 0.154383 0.345436 0.154383
v 0.138507 0.345436 0.168771
v 0.102920 0.345436 -0.192549
v 0.121298 0.345436 -0.181535
v 0.122481 0.345331 -0.183305
v 0.103923 0.345331 -0.194427
v 0.139858 0.345331 -0.170417
v 0.122481 0.345331 -0.183305
v 0.121298 0.345436 -0.181535
v 0.138507 0.345436 -0.168771
v -0.122481 0.345331 0.183305
v -0.121298 0.345436 0.181535
v -0.138507 0.345436 0.168771
v -0.139857 0.345331 0.170417
v 0.191101 0.342847 0.057970
v 0.208928 0.345436 0.063378
v 0.214135 0.345436 0.042594
v 0.195864 0.342847 0.038960
v 0.210966 0.345331 0.063996
v 0.219942 0.343061 0.066719
v 0.225423 0.343061 0.044839
v 0.216223 0.345331 0.043010
v 0.217278 0.345436 0.021400
v 0.198738 0.342847 0.019574
v 0.195864 0.342847 0.038960
v 0.214135 0.345436 0.042594
v 0.228732 0.343061 0.022528
v 0.219397 0.345331 0.021609
v 0.216223 0.345331 0.043010
v 0.225423 0.343061 0.044839
v 0.176120 0.342847 0.094138
v 0.192549 0.345436 0.102920
v 0.201711 0.345436 0.083551
v 0.184499 0.342847 0.076422
v 0.194427 0.345331 0.103924
v 0.202699 0.343061 0.108345
v 0.212344 0.343061 0.087956
v 0.203678 0.345331 0.084366
v 0.184499 0.342847 0.076422
v 0.201711 0.345436 0.083551
v 0.208928 0.345436 0.063378
v 0.191101 0.342847 0.057970
v 0.203678 0.345331 0.084366
v 0.212344 0.343061 0.087956
v 0.219942 0.343061 0.066719
v 0.210966 0.345331 0.063996
v 0.183305 0.345331 0.122481
v 0.191104 0.343061 0.127692
v 0.202699 0.343061 0.108345
v 0.194427 0.345331 0.103924
v 0.166045 0.342847 0.110948
v 0.181535 0.345436 0.121298
v 0.192549 0.345436 0.102920
v 0.176120 0.342847 0.094138
v 0.170417 0.345331 0.139858
v 0.177667 0.343061 0.145808
v 0.191104 0.343061 0.127692
v 0.183305 0.345331 0.122481
v 0.154370 0.342847 0.126688
v 0.168771 0.345436 0.138507
v 0.181535 0.345436 0.121298
v 0.166045 0.342847 0.110948
v 0.141210 0.342847 0.141210
v 0.154383 0.345436 0.154383
v 0.168771 0.345436 0.138507
v 0.154370 0.342847 0.126688
v 0.139857 0.345331 0.170417
v 0.145808 0.343061 0.177667
v 0.162521 0.343061 0.162521
v 0.155888 0.345331 0.155888
v 0.155888 0.345331 0.155888
v 0.162521 0.343061 0.162521
v 0.177667 0.343061 0.145808
v 0.170417 0.345331 0.139858
v 0.126688 0.342847 0.154370
v 0.138507 0.345436 0.168771
v 0.154383 0.345436 0.154383
v 0.141210 0.342847 0.141210
v 0.110948 0.342847 0.166045
v 0.121298 0.345436 0.181535
v 0.138507 0.345436 0.168771
v 0.126688 0.342847 0.154370
v 0.103923 0.345331 0.194427
v 0.108345 0.343061 0.202699
v 0.127692 0.343061 0.191104
v 0.122481 0.345331 0.183305
v 0.122481 0.345331 0.183305
v 0.127692 0.343061 0.191104
v 0.145808 0.343061 0.177667
v 0.139857 0.345331 0.170417
v 0.094138 0.342847 0.176120
v 0.102920 0.345436 0.192549
v 0.121298 0.345436 0.181535
v 0.110948 0.342847 0.166045
v 0.084366 0.345331 0.203678
v 0.087956 0.343061 0.212344
v 0.108345 0.343061 0.202699
v 0.103923 0.345331 0.194427
v 0.076422 0.342847 0.184499
v 0.083551 0.345436 0.201711
v 0.102920 0.345436 0.192549
v 0.094138 0.342847 0.176120
v 0.063996 0.345331 0.210966
v 0.066719 0.343061 0.219942
v 0.087956 0.343061 0.212344
v 0.084366 0.345331 0.203678
v 0.057970 0.342847 0.191101
v 0.063378 0.345436 0.208928
v 0.083551 0.345436 0.201711
v 0.076422 0.342847 0.184499
v 0.038960 0.342847 0.195864
v 0.042594 0.345436 0.214135
v 0.063378 0.345436 0.208928
v 0.057970 0.342847 0.191101
v 0.043009 0.345331 0.216224
v 0.021609 0.345331 0.219397
v 0.022528 0.343061 0.228732
v 0.044839 0.343061 0.225423
v 0.043009 0.345331 0.216224
v 0.044839 0.343061 0.225423
v 0.066719 0.343061 0.219942
v 0.063996 0.345331 0.210966
v 0.038960 0.342847 0.195864
v 0.019574 0.342847 0.198738
v 0.021400 0.345436 0.217278
v 0.042594 0.345436 0.214135
v 0.212344 0.343061 -0.087956
v 0.202699 0.343061 -0.108345
v 0.194427 0.345331 -0.103923
v 0.203678 0.345331 -0.084366
v 0.201711 0.345436 -0.083551
v 0.192549 0.345436 -0.102920
v 0.176120 0.342847 -0.094138
v 0.184499 0.342847 -0.076422
v 0.210966 0.345331 -0.063996
v 0.219942 0.343061 -0.066719
v 0.212344 0.343061 -0.087956
v 0.203678 0.345331 -0.084366
v 0.191101 0.342847 -0.057970
v 0.208928 0.345436 -0.063378
v 0.201711 0.345436 -0.083551
v 0.184499 0.342847 -0.076422
v 0.195864 0.342847 -0.038960
v 0.214135 0.345436 -0.042594
v 0.208928 0.345436 -0.063378
v 0.191101 0.342847 -0.057970
v 0.216223 0.345331 -0.043010
v 0.219397 0.345331 -0.021609
v 0.228732 0.343061 -0.022528
v 0.225423 0.343061 -0.044839
v 0.216223 0.345331 -0.043010
v 0.225423 0.343061 -0.044839
v 0.219942 0.343061 -0.066719
v 0.210966 0.345331 -0.063996
v 0.195864 0.342847 -0.038960
v 0.198738 0.342847 -0.019574
v 0.217278 0.345436 -0.021400
v 0.214135 0.345436 -0.042594
v 0.181535 0.345436 -0.121298
v 0.168771 0.345436 -0.138507
v 0.154370 0.342847 -0.126688
v 0.166045 0.342847 -0.110948
v 0.194427 0.345331 -0.103923
v 0.202699 0.343061 -0.108345
v 0.191104 0.343061 -0.127692
v 0.183305 0.345331 -0.122481
v 0.191104 0.343061 -0.127692
v 0.177667 0.343061 -0.145808
v 0.170417 0.345331 -0.139857
v 0.183305 0.345331 -0.122481
v 0.176120 0.342847 -0.094138
v 0.192549 0.345436 -0.102920
v 0.181535 0.345436 -0.121298
v 0.166045 0.342847 -0.110948
v 0.154383 0.345436 -0.154383
v 0.138507 0.345436 -0.168771
v 0.126688 0.342847 -0.154370
v 0.141204 0.342847 -0.141204
v 0.170417 0.345331 -0.139857
v 0.177667 0.343061 -0.145808
v 0.162521 0.343061 -0.162521
v 0.155888 0.345331 -0.155888
v 0.162521 0.343061 -0.162521
v 0.145808 0.343061 -0.177667
v 0.139858 0.345331 -0.170417
v 0.155888 0.345331 -0.155888
v 0.154370 0.342847 -0.126688
v 0.168771 0.345436 -0.138507
v 0.154383 0.345436 -0.154383
v 0.141204 0.342847 -0.141204
v 0.127692 0.343061 -0.191104
v 0.108345 0.343061 -0.202699
v 0.103923 0.345331 -0.194427
v 0.122481 0.345331 -0.183305
v 0.121298 0.345436 -0.181535
v 0.102920 0.345436 -0.192549
v 0.094138 0.342847 -0.176120
v 0.110948 0.342847 -0.166045
v 0.139858 0.345331 -0.170417
v 0.145808 0.343061 -0.177667
v 0.127692 0.343061 -0.191104
v 0.122481 0.345331 -0.183305
v 0.126688 0.342847 -0.154370
v 0.138507 0.345436 -0.168771
v 0.121298 0.345436 -0.181535
v 0.110948 0.342847 -0.166045
v 0.083551 0.345436 -0.201711
v 0.063378 0.345436 -0.208928
v 0.057970 0.342847 -0.191101
v 0.076422 0.342847 -0.184499
v 0.103923 0.345331 -0.194427
v 0.108345 0.343061 -0.202699
v 0.087956 0.343061 -0.212344
v 0.084366 0.345331 -0.203678
v 0.087956 0.343061 -0.212344
v 0.066719 0.343061 -0.219942
v 0.063996 0.345331 -0.210966
v 0.084366 0.345331 -0.203678
v 0.094138 0.342847 -0.176120
v 0.102920 0.345436 -0.192549
v 0.083551 0.345436 -0.201711
v 0.076422 0.342847 -0.184499
v 0.057970 0.342847 -0.191101
v 0.063378 0.345436 -0.208928
v 0.042594 0.345436 -0.214135
v 0.038960 0.342847 -0.195864
v 0.063996 0.345331 -0.210966
v 0.066719 0.343061 -0.219942
v 0.044839 0.343061 -0.225423
v 0.043010 0.345331 -0.216223
v 0.021400 0.345436 -0.217278
v 0.019574 0.342847 -0.198738
v 0.038960 0.342847 -0.195864
v 0.042594 0.345436 -0.214135
v 0.022528 0.343061 -0.228732
v 0.021609 0.345331 -0.219397
v 0.043010 0.345331 -0.216223
v 0.044839 0.343061 -0.225423
v 0.021400 0.345436 0.217278
v 0.019574 0.342847 0.198738
v 0.000000 0.342847 0.199701
v 0.000000 0.345436 0.218330
v 0.022528 0.343061 0.228732
v 0.021609 0.345331 0.219397
v 0.000000 0.345331 0.220460
v 0.000000 0.343061 0.229839
v 0.228732 0.343061 -0.022528
v 0.219397 0.345331 -0.021609
v 0.220460 0.345331 -0.000000
v 0.229839 0.343061 -0.000000
v 0.217278 0.345436 -0.021400
v 0.198738 0.342847 -0.019574
v 0.199701 0.342847 -0.000000
v 0.218330 0.345436 -0.000000
v 0.220460 0.345331 -0.000000
v 0.219397 0.345331 0.021609
v 0.228732 0.343061 0.022528
v 0.229839 0.343061 -0.000000
v 0.199701 0.342847 -0.000000
v 0.198738 0.342847 0.019574
v 0.217278 0.345436 0.021400
v 0.218330 0.345436 -0.000000
v 0.000000 0.342847 -0.199701
v 0.019574 0.342847 -0.198738
v 0.021400 0.345436 -0.217278
v 0.000000 0.345436 -0.218330
v 0.000000 0.345331 -0.220460
v 0.021609 0.345331 -0.219397
v 0.022528 0.343061 -0.228732
v 0.000000 0.343061 -0.229839
v -0.198738 0.342847 -0.019574
v -0.196698 0.340913 -0.019373
v -0.193852 0.340913 -0.038560
v -0.195864 0.342847 -0.038960
v -0.195864 0.342847 0.038960
v -0.193852 0.340913 0.038560
v -0.196698 0.340913 0.019373
v -0.198738 0.342847 0.019574
v -0.191101 0.342847 0.057970
v -0.189139 0.340913 0.057375
v -0.193852 0.340913 0.038560
v -0.195864 0.342847 0.038960
v -0.110948 0.342847 0.166045
v -0.109809 0.340913 0.164340
v -0.125387 0.340913 0.152785
v -0.126688 0.342847 0.154370
v -0.094138 0.342847 0.176120
v -0.093171 0.340913 0.174311
v -0.109809 0.340913 0.164340
v -0.110948 0.342847 0.166045
v -0.195864 0.342847 -0.038960
v -0.193852 0.340913 -0.038560
v -0.189139 0.340913 -0.057375
v -0.191101 0.342847 -0.057970
v -0.076422 0.342847 -0.184499
v -0.075637 0.340913 -0.182605
v -0.057375 0.340913 -0.189139
v -0.057970 0.342847 -0.191101
v -0.094138 0.342847 -0.176120
v -0.093171 0.340913 -0.174311
v -0.075637 0.340913 -0.182605
v -0.076422 0.342847 -0.184499
v -0.225423 0.343061 0.044839
v -0.226901 0.340901 0.045311
v -0.221407 0.340898 0.067328
v -0.219942 0.343061 0.066719
v -0.145808 0.343061 0.177667
v -0.146874 0.340894 0.178917
v -0.128652 0.340895 0.192430
v -0.127692 0.343061 0.191104
v -0.127692 0.343061 0.191104
v -0.128652 0.340895 0.192430
v -0.109193 0.340895 0.204087
v -0.108345 0.343061 0.202699
v -0.219942 0.343061 -0.066719
v -0.221406 0.340900 -0.067322
v -0.226899 0.340904 -0.045290
v -0.225423 0.343061 -0.044839
v -0.066719 0.343061 -0.219942
v -0.067323 0.340899 -0.221407
v -0.088685 0.340897 -0.213778
v -0.087956 0.343061 -0.212344
v -0.087956 0.343061 -0.212344
v -0.088685 0.340897 -0.213778
v -0.109192 0.340896 -0.204086
v -0.108345 0.343061 -0.202699
v -0.228732 0.343061 0.022528
v -0.230219 0.340902 0.022789
v -0.226901 0.340901 0.045311
v -0.225423 0.343061 0.044839
v -0.225423 0.343061 -0.044839
v -0.226899 0.340904 -0.045290
v -0.230223 0.340901 -0.022694
v -0.228732 0.343061 -0.022528
v -0.199701 0.342847 -0.000000
v -0.197650 0.340913 -0.000000
v -0.196698 0.340913 -0.019373
v -0.198738 0.342847 -0.019574
v -0.038960 0.342847 -0.195864
v -0.038560 0.340913 -0.193852
v -0.019373 0.340913 -0.196698
v -0.019574 0.342847 -0.198738
v -0.198738 0.342847 0.019574
v -0.196698 0.340913 0.019373
v -0.197650 0.340913 -0.000000
v -0.199701 0.342847 -0.000000
v -0.184499 0.342847 0.076422
v -0.182605 0.340913 0.075637
v -0.189139 0.340913 0.057375
v -0.191101 0.342847 0.057970
v -0.176120 0.342847 0.094138
v -0.174311 0.340913 0.093171
v -0.182605 0.340913 0.075637
v -0.184499 0.342847 0.076422
v -0.076422 0.342847 0.184499
v -0.075637 0.340913 0.182605
v -0.093171 0.340913 0.174311
v -0.094138 0.342847 0.176120
v -0.057970 0.342847 0.191101
v -0.057375 0.340913 0.189139
v -0.075637 0.340913 0.182605
v -0.076422 0.342847 0.184499
v -0.176120 0.342847 -0.094138
v -0.174311 0.340913 -0.093171
v -0.164340 0.340913 -0.109809
v -0.166045 0.342847 -0.110948
v -0.166045 0.342847 -0.110948
v -0.164340 0.340913 -0.109809
v -0.152785 0.340913 -0.125387
v -0.154370 0.342847 -0.126688
v -0.057970 0.342847 -0.191101
v -0.057375 0.340913 -0.189139
v -0.038560 0.340913 -0.193852
v -0.038960 0.342847 -0.195864
v -0.212344 0.343061 0.087956
v -0.213779 0.340896 0.088687
v -0.204087 0.340895 0.109193
v -0.202699 0.343061 0.108345
v -0.108345 0.343061 0.202699
v -0.109193 0.340895 0.204087
v -0.088686 0.340897 0.213779
v -0.087956 0.343061 0.212344
v -0.087956 0.343061 0.212344
v -0.088686 0.340897 0.213779
v -0.067324 0.340899 0.221407
v -0.066719 0.343061 0.219942
v -0.177667 0.343061 -0.145808
v -0.178917 0.340895 -0.146873
v -0.192429 0.340895 -0.128651
v -0.191104 0.343061 -0.127692
v -0.191104 0.343061 -0.127692
v -0.192429 0.340895 -0.128651
v -0.204086 0.340896 -0.109192
v -0.202699 0.343061 -0.108345
v -0.044839 0.343061 -0.225423
v -0.045292 0.340902 -0.226904
v -0.067323 0.340899 -0.221407
v -0.066719 0.343061 -0.219942
v -0.229839 0.343061 -0.000000
v -0.231330 0.340903 -0.000000
v -0.230219 0.340902 0.022789
v -0.228732 0.343061 0.022528
v -0.219942 0.343061 0.066719
v -0.221407 0.340898 0.067328
v -0.213779 0.340896 0.088687
v -0.212344 0.343061 0.087956
v -0.228732 0.343061 -0.022528
v -0.230223 0.340901 -0.022694
v -0.231330 0.340903 -0.000000
v -0.229839 0.343061 -0.000000
v -0.022528 0.343061 -0.228732
v -0.022775 0.340903 -0.230220
v -0.045292 0.340902 -0.226904
v -0.044839 0.343061 -0.225423
v -0.019574 0.342847 0.198738
v -0.019373 0.340913 0.196698
v -0.038560 0.340913 0.193852
v -0.038960 0.342847 0.195864
v 0.000000 0.342847 0.199701
v 0.000000 0.340913 0.197650
v -0.019373 0.340913 0.196698
v -0.019574 0.342847 0.198738
v -0.166045 0.342847 0.110948
v -0.164340 0.340913 0.109809
v -0.174311 0.340913 0.093171
v -0.176120 0.342847 0.094138
v -0.154370 0.342847 0.126688
v -0.152785 0.340913 0.125388
v -0.164340 0.340913 0.109809
v -0.166045 0.342847 0.110948
v -0.038960 0.342847 0.195864
v -0.038560 0.340913 0.193852
v -0.057375 0.340913 0.189139
v -0.057970 0.342847 0.191101
v -0.202699 0.343061 0.108345
v -0.204087 0.340895 0.109193
v -0.192430 0.340894 0.128652
v -0.191104 0.343061 0.127692
v -0.191104 0.343061 0.127692
v -0.192430 0.340894 0.128652
v -0.178918 0.340894 0.146874
v -0.177667 0.343061 0.145808
v -0.066719 0.343061 0.219942
v -0.067324 0.340899 0.221407
v -0.045292 0.340901 0.226904
v -0.044839 0.343061 0.225423
v -0.145808 0.343061 -0.177667
v -0.146873 0.340895 -0.178917
v -0.163683 0.340894 -0.163683
v -0.162521 0.343061 -0.162521
v -0.162521 0.343061 -0.162521
v -0.163683 0.340894 -0.163683
v -0.178917 0.340895 -0.146873
v -0.177667 0.343061 -0.145808
v -0.044839 0.343061 0.225423
v -0.045292 0.340901 0.226904
v -0.022775 0.340903 0.230220
v -0.022528 0.343061 0.228732
v -0.022528 0.343061 0.228732
v -0.022775 0.340903 0.230220
v 0.000000 0.340903 0.231330
v 0.000000 0.343061 0.229839
v -0.019574 0.342847 -0.198738
v -0.019373 0.340913 -0.196698
v 0.000000 0.340913 -0.197650
v 0.000000 0.342847 -0.199701
v -0.141210 0.342847 0.141210
v -0.139760 0.340913 0.139760
v -0.152785 0.340913 0.125388
v -0.154370 0.342847 0.126688
v -0.126688 0.342847 0.154370
v -0.125387 0.340913 0.152785
v -0.139760 0.340913 0.139760
v -0.141210 0.342847 0.141210
v -0.184499 0.342847 -0.076422
v -0.182605 0.340913 -0.075637
v -0.174311 0.340913 -0.093171
v -0.176120 0.342847 -0.094138
v -0.191101 0.342847 -0.057970
v -0.189139 0.340913 -0.057375
v -0.182605 0.340913 -0.075637
v -0.184499 0.342847 -0.076422
v -0.110948 0.342847 -0.166045
v -0.109809 0.340913 -0.164340
v -0.093171 0.340913 -0.174311
v -0.094138 0.342847 -0.176120
v -0.126688 0.342847 -0.154370
v -0.125387 0.340913 -0.152785
v -0.109809 0.340913 -0.164340
v -0.110948 0.342847 -0.166045
v -0.177667 0.343061 0.145808
v -0.178918 0.340894 0.146874
v -0.163684 0.340894 0.163684
v -0.162521 0.343061 0.162521
v -0.162521 0.343061 0.162521
v -0.163684 0.340894 0.163684
v -0.146874 0.340894 0.178917
v -0.145808 0.343061 0.177667
v -0.202699 0.343061 -0.108345
v -0.204086 0.340896 -0.109192
v -0.213777 0.340897 -0.088684
v -0.212344 0.343061 -0.087956
v -0.212344 0.343061 -0.087956
v -0.213777 0.340897 -0.088684
v -0.221406 0.340900 -0.067322
v -0.219942 0.343061 -0.066719
v -0.108345 0.343061 -0.202699
v -0.109192 0.340896 -0.204086
v -0.128652 0.340895 -0.192429
v -0.127692 0.343061 -0.191104
v -0.127692 0.343061 -0.191104
v -0.128652 0.340895 -0.192429
v -0.146873 0.340895 -0.178917
v -0.145808 0.343061 -0.177667
v 0.000000 0.343061 -0.229839
v 0.000000 0.340903 -0.231330
v -0.022775 0.340903 -0.230220
v -0.022528 0.343061 -0.228732
v -0.141204 0.342847 -0.141204
v -0.139754 0.340913 -0.139754
v -0.125387 0.340913 -0.152785
v -0.126688 0.342847 -0.154370
v -0.154370 0.342847 -0.126688
v -0.152785 0.340913 -0.125387
v -0.139754 0.340913 -0.139754
v -0.141204 0.342847 -0.141204
v -0.122481 0.345331 0.183305
v -0.103923 0.345331 0.194427
v -0.102920 0.345436 0.192549
v -0.121298 0.345436 0.181535
v -0.084366 0.345331 -0.203678
v -0.083551 0.345436 -0.201711
v -0.063378 0.345436 -0.208928
v -0.063996 0.345331 -0.210966
v -0.084366 0.345331 -0.203678
v -0.103923 0.345331 -0.194427
v -0.102920 0.345436 -0.192549
v -0.083551 0.345436 -0.201711
v -0.084366 0.345331 0.203678
v -0.083551 0.345436 0.201711
v -0.102920 0.345436 0.192549
v -0.103923 0.345331 0.194427
v -0.084366 0.345331 0.203678
v -0.063996 0.345331 0.210966
v -0.063378 0.345436 0.208928
v -0.083551 0.345436 0.201711
v -0.042594 0.345436 -0.214135
v -0.043010 0.345331 -0.216223
v -0.063996 0.345331 -0.210966
v -0.063378 0.345436 -0.208928
v -0.042594 0.345436 -0.214135
v -0.021400 0.345436 -0.217278
v -0.021609 0.345331 -0.219397
v -0.043010 0.345331 -0.216223
v -0.043009 0.345331 0.216224
v -0.042594 0.345436 0.214135
v -0.063378 0.345436 0.208928
v -0.063996 0.345331 0.210966
v -0.021609 0.345331 -0.219397
v -0.021400 0.345436 -0.217278
v 0.000000 0.345436 -0.218330
v 0.000000 0.345331 -0.220460
v -0.043009 0.345331 0.216224
v -0.021609 0.345331 0.219397
v -0.021400 0.345436 0.217278
v -0.042594 0.345436 0.214135
v 0.000000 0.345331 0.220460
v 0.000000 0.345436 0.218330
v -0.021400 0.345436 0.217278
v -0.021609 0.345331 0.219397
v -0.203678 0.345331 -0.084366
v -0.201711 0.345436 -0.083551
v -0.192549 0.345436 -0.102920
v -0.194427 0.345331 -0.103923
v -0.203678 0.345331 -0.084366
v -0.210966 0.345331 -0.063996
v -0.208928 0.345436 -0.063378
v -0.201711 0.345436 -0.083551
v -0.220460 0.345331 -0.000000
v -0.218330 0.345436 -0.000000
v -0.217278 0.345436 -0.021400
v -0.219397 0.345331 -0.021609
v -0.220460 0.345331 -0.000000
v -0.219397 0.345331 0.021609
v -0.217278 0.345436 0.021400
v -0.218330 0.345436 -0.000000
v -0.214135 0.345436 0.042594
v -0.216223 0.345331 0.043010
v -0.210966 0.345331 0.063996
v -0.208928 0.345436 0.063378
v -0.216223 0.345331 -0.043010
v -0.214135 0.345436 -0.042594
v -0.208928 0.345436 -0.063378
v -0.210966 0.345331 -0.063996
v -0.216223 0.345331 -0.043010
v -0.219397 0.345331 -0.021609
v -0.217278 0.345436 -0.021400
v -0.214135 0.345436 -0.042594
v -0.214135 0.345436 0.042594
v -0.217278 0.345436 0.021400
v -0.219397 0.345331 0.021609
v -0.216223 0.345331 0.043010
v -0.201711 0.345436 0.083551
v -0.203678 0.345331 0.084366
v -0.194427 0.345331 0.103924
v -0.192549 0.345436 0.102920
v -0.183305 0.345331 -0.122481
v -0.181535 0.345436 -0.121298
v -0.168771 0.345436 -0.138507
v -0.170417 0.345331 -0.139857
v -0.183305 0.345331 -0.122481
v -0.194427 0.345331 -0.103923
v -0.192549 0.345436 -0.102920
v -0.181535 0.345436 -0.121298
v -0.201711 0.345436 0.083551
v -0.208928 0.345436 0.063378
v -0.210966 0.345331 0.063996
v -0.203678 0.345331 0.084366
v -0.183305 0.345331 0.122481
v -0.181535 0.345436 0.121298
v -0.192549 0.345436 0.102920
v -0.194427 0.345331 0.103924
v -0.183305 0.345331 0.122481
v -0.170417 0.345331 0.139858
v -0.168771 0.345436 0.138507
v -0.181535 0.345436 0.121298
v -0.155888 0.345331 -0.155888
v -0.154383 0.345436 -0.154383
v -0.138507 0.345436 -0.168771
v -0.139858 0.345331 -0.170417
v -0.155888 0.345331 -0.155888
v -0.170417 0.345331 -0.139857
v -0.168771 0.345436 -0.138507
v -0.154383 0.345436 -0.154383
v -0.155888 0.345331 0.155888
v -0.154383 0.345436 0.154383
v -0.168771 0.345436 0.138507
v -0.170417 0.345331 0.139858
v -0.155888 0.345331 0.155888
v -0.139857 0.345331 0.170417
v -0.138507 0.345436 0.168771
v -0.154383 0.345436 0.154383
v -0.122481 0.345331 -0.183305
v -0.121298 0.345436 -0.181535
v -0.102920 0.345436 -0.192549
v -0.103923 0.345331 -0.194427
v -0.122481 0.345331 -0.183305
v -0.139858 0.345331 -0.170417
v -0.138507 0.345436 -0.168771
v -0.121298 0.345436 -0.181535
v -0.191101 0.342847 0.057970
v -0.195864 0.342847 0.038960
v -0.214135 0.345436 0.042594
v -0.208928 0.345436 0.063378
v -0.210966 0.345331 0.063996
v -0.216223 0.345331 0.043010
v -0.225423 0.343061 0.044839
v -0.219942 0.343061 0.066719
v -0.217278 0.345436 0.021400
v -0.214135 0.345436 0.042594
v -0.195864 0.342847 0.038960
v -0.198738 0.342847 0.019574
v -0.228732 0.343061 0.022528
v -0.225423 0.343061 0.044839
v -0.216223 0.345331 0.043010
v -0.219397 0.345331 0.021609
v -0.176120 0.342847 0.094138
v -0.184499 0.342847 0.076422
v -0.201711 0.345436 0.083551
v -0.192549 0.345436 0.102920
v -0.194427 0.345331 0.103924
v -0.203678 0.345331 0.084366
v -0.212344 0.343061 0.087956
v -0.202699 0.343061 0.108345
v -0.184499 0.342847 0.076422
v -0.191101 0.342847 0.057970
v -0.208928 0.345436 0.063378
v -0.201711 0.345436 0.083551
v -0.203678 0.345331 0.084366
v -0.210966 0.345331 0.063996
v -0.219942 0.343061 0.066719
v -0.212344 0.343061 0.087956
v -0.183305 0.345331 0.122481
v -0.194427 0.345331 0.103924
v -0.202699 0.343061 0.108345
v -0.191104 0.343061 0.127692
v -0.166045 0.342847 0.110948
v -0.176120 0.342847 0.094138
v -0.192549 0.345436 0.102920
v -0.181535 0.345436 0.121298
v -0.170417 0.345331 0.139858
v -0.183305 0.345331 0.122481
v -0.191104 0.343061 0.127692
v -0.177667 0.343061 0.145808
v -0.154370 0.342847 0.126688
v -0.166045 0.342847 0.110948
v -0.181535 0.345436 0.121298
v -0.168771 0.345436 0.138507
v -0.141210 0.342847 0.141210
v -0.154370 0.342847 0.126688
v -0.168771 0.345436 0.138507
v -0.154383 0.345436 0.154383
v -0.139857 0.345331 0.170417
v -0.155888 0.345331 0.155888
v -0.162521 0.343061 0.162521
v -0.145808 0.343061 0.177667
v -0.155888 0.345331 0.155888
v -0.170417 0.345331 0.139858
v -0.177667 0.343061 0.145808
v -0.162521 0.343061 0.162521
v -0.126688 0.342847 0.154370
v -0.141210 0.342847 0.141210
v -0.154383 0.345436 0.154383
v -0.138507 0.345436 0.168771
v -0.110948 0.342847 0.166045
v -0.126688 0.342847 0.154370
v -0.138507 0.345436 0.168771
v -0.121298 0.345436 0.181535
v -0.103923 0.345331 0.194427
v -0.122481 0.345331 0.183305
v -0.127692 0.343061 0.191104
v -0.108345 0.343061 0.202699
v -0.122481 0.345331 0.183305
v -0.139857 0.345331 0.170417
v -0.145808 0.343061 0.177667
v -0.127692 0.343061 0.191104
v -0.094138 0.342847 0.176120
v -0.110948 0.342847 0.166045
v -0.121298 0.345436 0.181535
v -0.102920 0.345436 0.192549
v -0.084366 0.345331 0.203678
v -0.103923 0.345331 0.194427
v -0.108345 0.343061 0.202699
v -0.087956 0.343061 0.212344
v -0.076422 0.342847 0.184499
v -0.094138 0.342847 0.176120
v -0.102920 0.345436 0.192549
v -0.083551 0.345436 0.201711
v -0.063996 0.345331 0.210966
v -0.084366 0.345331 0.203678
v -0.087956 0.343061 0.212344
v -0.066719 0.343061 0.219942
v -0.057970 0.342847 0.191101
v -0.076422 0.342847 0.184499
v -0.083551 0.345436 0.201711
v -0.063378 0.345436 0.208928
v -0.038960 0.342847 0.195864
v -0.057970 0.342847 0.191101
v -0.063378 0.345436 0.208928
v -0.042594 0.345436 0.214135
v -0.043009 0.345331 0.216224
v -0.044839 0.343061 0.225423
v -0.022528 0.343061 0.228732
v -0.021609 0.345331 0.219397
v -0.043009 0.345331 0.216224
v -0.063996 0.345331 0.210966
v -0.066719 0.343061 0.219942
v -0.044839 0.343061 0.225423
v -0.038960 0.342847 0.195864
v -0.042594 0.345436 0.214135
v -0.021400 0.345436 0.217278
v -0.019574 0.342847 0.198738
v -0.212344 0.343061 -0.087956
v -0.203678 0.345331 -0.084366
v -0.194427 0.345331 -0.103923
v -0.202699 0.343061 -0.108345
v -0.201711 0.345436 -0.083551
v -0.184499 0.342847 -0.076422
v -0.176120 0.342847 -0.094138
v -0.192549 0.345436 -0.102920
v -0.210966 0.345331 -0.063996
v -0.203678 0.345331 -0.084366
v -0.212344 0.343061 -0.087956
v -0.219942 0.343061 -0.066719
v -0.191101 0.342847 -0.057970
v -0.184499 0.342847 -0.076422
v -0.201711 0.345436 -0.083551
v -0.208928 0.345436 -0.063378
v -0.195864 0.342847 -0.038960
v -0.191101 0.342847 -0.057970
v -0.208928 0.345436 -0.063378
v -0.214135 0.345436 -0.042594
v -0.216223 0.345331 -0.043010
v -0.225423 0.343061 -0.044839
v -0.228732 0.343061 -0.022528
v -0.219397 0.345331 -0.021609
v -0.216223 0.345331 -0.043010
v -0.210966 0.345331 -0.063996
v -0.219942 0.343061 -0.066719
v -0.225423 0.343061 -0.044839
v -0.195864 0.342847 -0.038960
v -0.214135 0.345436 -0.042594
v -0.217278 0.345436 -0.021400
v -0.198738 0.342847 -0.019574
v -0.181535 0.345436 -0.121298
v -0.166045 0.342847 -0.110948
v -0.154370 0.342847 -0.126688
v -0.168771 0.345436 -0.138507
v -0.194427 0.345331 -0.103923
v -0.183305 0.345331 -0.122481
v -0.191104 0.343061 -0.127692
v -0.202699 0.343061 -0.108345
v -0.191104 0.343061 -0.127692
v -0.183305 0.345331 -0.122481
v -0.170417 0.345331 -0.139857
v -0.177667 0.343061 -0.145808
v -0.176120 0.342847 -0.094138
v -0.166045 0.342847 -0.110948
v -0.181535 0.345436 -0.121298
v -0.192549 0.345436 -0.102920
v -0.154383 0.345436 -0.154383
v -0.141204 0.342847 -0.141204
v -0.126688 0.342847 -0.154370
v -0.138507 0.345436 -0.168771
v -0.170417 0.345331 -0.139857
v -0.155888 0.345331 -0.155888
v -0.162521 0.343061 -0.162521
v -0.177667 0.343061 -0.145808
v -0.162521 0.343061 -0.162521
v -0.155888 0.345331 -0.155888
v -0.139858 0.345331 -0.170417
v -0.145808 0.343061 -0.177667
v -0.154370 0.342847 -0.126688
v -0.141204 0.342847 -0.141204
v -0.154383 0.345436 -0.154383
v -0.168771 0.345436 -0.138507
v -0.127692 0.343061 -0.191104
v -0.122481 0.345331 -0.183305
v -0.103923 0.345331 -0.194427
v -0.108345 0.343061 -0.202699
v -0.121298 0.345436 -0.181535
v -0.110948 0.342847 -0.166045
v -0.094138 0.342847 -0.176120
v -0.102920 0.345436 -0.192549
v -0.139858 0.345331 -0.170417
v -0.122481 0.345331 -0.183305
v -0.127692 0.343061 -0.191104
v -0.145808 0.343061 -0.177667
v -0.126688 0.342847 -0.154370
v -0.110948 0.342847 -0.166045
v -0.121298 0.345436 -0.181535
v -0.138507 0.345436 -0.168771
v -0.083551 0.345436 -0.201711
v -0.076422 0.342847 -0.184499
v -0.057970 0.342847 -0.191101
v -0.063378 0.345436 -0.208928
v -0.103923 0.345331 -0.194427
v -0.084366 0.345331 -0.203678
v -0.087956 0.343061 -0.212344
v -0.108345 0.343061 -0.202699
v -0.087956 0.343061 -0.212344
v -0.084366 0.345331 -0.203678
v -0.063996 0.345331 -0.210966
v -0.066719 0.343061 -0.219942
v -0.094138 0.342847 -0.176120
v -0.076422 0.342847 -0.184499
v -0.083551 0.345436 -0.201711
v -0.102920 0.345436 -0.192549
v -0.057970 0.342847 -0.191101
v -0.038960 0.342847 -0.195864
v -0.042594 0.345436 -0.214135
v -0.063378 0.345436 -0.208928
v -0.063996 0.345331 -0.210966
v -0.043010 0.345331 -0.216223
v -0.044839 0.343061 -0.225423
v -0.066719 0.343061 -0.219942
v -0.021400 0.345436 -0.217278
v -0.042594 0.345436 -0.214135
v -0.038960 0.342847 -0.195864
v -0.019574 0.342847 -0.198738
v -0.022528 0.343061 -0.228732
v -0.044839 0.343061 -0.225423
v -0.043010 0.345331 -0.216223
v -0.021609 0.345331 -0.219397
v -0.021400 0.345436 0.217278
v 0.000000 0.345436 0.218330
v 0.000000 0.342847 0.199701
v -0.019574 0.342847 0.198738
v -0.022528 0.343061 0.228732
v 0.000000 0.343061 0.229839
v 0.000000 0.345331 0.220460
v -0.021609 0.345331 0.219397
v -0.228732 0.343061 -0.022528
v -0.229839 0.343061 -0.000000
v -0.220460 0.345331 -0.000000
v -0.219397 0.345331 -0.021609
v -0.217278 0.345436 -0.021400
v -0.218330 0.345436 -0.000000
v -0.199701 0.342847 -0.000000
v -0.198738 0.342847 -0.019574
v -0.220460 0.345331 -0.000000
v -0.229839 0.343061 -0.000000
v -0.228732 0.343061 0.022528
v -0.219397 0.345331 0.021609
v -0.199701 0.342847 -0.000000
v -0.218330 0.345436 -0.000000
v -0.217278 0.345436 0.021400
v -0.198738 0.342847 0.019574
v 0.000000 0.342847 -0.199701
v 0.000000 0.345436 -0.218330
v -0.021400 0.345436 -0.217278
v -0.019574 0.342847 -0.198738
v 0.000000 0.345331 -0.220460
v 0.000000 0.343061 -0.229839
v -0.022528 0.343061 -0.228732
v -0.021609 0.345331 -0.219397
v 0.139857 0.345331 0.170417
v 0.138507 0.345436 0.168771
v 0.121298 0.345436 0.181535
v 0.122481 0.345331 0.183305
v 0.000000 0.183081 0.470344
v 0.003410 0.183468 0.469616
v 0.005626 0.184496 0.467648
v 0.006634 0.186587 0.463619
v 0.006489 0.280210 0.283007
v 0.005475 0.282296 0.278977
v 0.003255 0.283310 0.277006
v 0.000000 0.283679 0.276274
v 0.000000 0.183081 0.470344
v 0.000000 0.283679 0.276274
v -0.003255 0.283310 0.277006
v -0.005475 0.282296 0.278977
v -0.006489 0.280210 0.283007
v -0.006634 0.186587 0.463619
v -0.005626 0.184496 0.467648
v -0.003410 0.183468 0.469616
v 0.504029 0.184820 0.158669
v 0.504029 0.184820 -0.118936
v 0.259078 0.312546 -0.118936
v 0.259078 0.312546 0.158669
v -0.504029 0.184820 -0.115880
v -0.504029 0.184820 0.161725
v -0.259078 0.312546 0.161725
v -0.259078 0.312546 -0.115880
v 0.083305 0.220006 0.468187
v 0.062480 0.220044 0.468222
v 0.062484 0.217221 0.473668
v 0.083309 0.217195 0.473624
v 0.083274 0.241499 0.426699
v 0.062448 0.241525 0.426743
v 0.062452 0.238717 0.432166
v 0.083278 0.238685 0.432134
v 0.083257 0.262957 0.385147
v 0.062424 0.262986 0.385223
v 0.062427 0.260182 0.390648
v 0.083259 0.260146 0.390584
v 0.083288 0.284264 0.343457
v 0.062409 0.284415 0.343657
v 0.062409 0.281617 0.349100
v 0.083279 0.281491 0.348929
v 0.083451 0.305326 0.301228
v 0.062484 0.305774 0.301758
v 0.062457 0.303064 0.307354
v 0.083429 0.302581 0.306759
v -0.083122 0.217146 0.473720
v -0.062349 0.217190 0.473728
v -0.062353 0.220001 0.468306
v -0.083127 0.219950 0.468296
v -0.062544 0.302860 0.307651
v -0.041731 0.303034 0.307817
v -0.041737 0.305828 0.302387
v -0.062557 0.305634 0.302180
v -0.062502 0.292219 0.328534
v -0.041710 0.292319 0.328570
v -0.041715 0.295115 0.323156
v -0.062511 0.295008 0.323085
v -0.062477 0.281505 0.349317
v -0.041688 0.281602 0.349352
v -0.041694 0.284397 0.343922
v -0.062484 0.284310 0.343862
v -0.062449 0.270814 0.370082
v -0.041668 0.270882 0.370086
v -0.041673 0.273680 0.364674
v -0.062456 0.273623 0.364645
v -0.062429 0.260094 0.390817
v -0.041648 0.260155 0.390833
v -0.041653 0.262966 0.385396
v -0.062434 0.262905 0.385380
v -0.062405 0.249387 0.411558
v -0.041629 0.249425 0.411578
v -0.041633 0.252240 0.406143
v -0.062412 0.252187 0.406131
v -0.062386 0.238654 0.432287
v -0.041611 0.238698 0.432294
v -0.041615 0.241506 0.426871
v -0.062391 0.241463 0.426864
v -0.062367 0.227921 0.453014
v -0.041592 0.227971 0.453009
v -0.041597 0.230779 0.447587
v -0.062372 0.230729 0.447591
v -0.062349 0.217190 0.473728
v -0.041574 0.217243 0.473724
v -0.041579 0.220045 0.468314
v -0.062353 0.220001 0.468306
v 0.062480 0.220044 0.468222
v 0.041668 0.220069 0.468266
v 0.041672 0.217255 0.473700
v 0.062484 0.217221 0.473668
v 0.062464 0.230779 0.447495
v 0.041651 0.230810 0.447526
v 0.041655 0.228002 0.452949
v 0.062468 0.227977 0.452906
v 0.062448 0.241525 0.426743
v 0.041635 0.241550 0.426786
v 0.041639 0.238742 0.432209
v 0.062452 0.238717 0.432166
v 0.062435 0.252261 0.405986
v 0.041619 0.252290 0.406046
v 0.041623 0.249475 0.411482
v 0.062437 0.249455 0.411425
v 0.062424 0.262986 0.385223
v 0.041605 0.263022 0.385288
v 0.041609 0.260205 0.390737
v 0.062427 0.260182 0.390648
v 0.062412 0.273710 0.364476
v 0.041590 0.273749 0.364541
v 0.041594 0.270938 0.369978
v 0.062415 0.270914 0.369890
v 0.062409 0.284415 0.343657
v 0.041578 0.284472 0.343778
v 0.041580 0.281664 0.349231
v 0.062409 0.281617 0.349100
v 0.062405 0.295124 0.322840
v 0.041566 0.295190 0.323011
v 0.041569 0.292388 0.328438
v 0.062402 0.292331 0.328317
v 0.062484 0.305774 0.301758
v 0.041559 0.305965 0.302227
v 0.041558 0.303182 0.307678
v 0.062457 0.303064 0.307354
v -0.083160 0.238604 0.432291
v -0.062386 0.238654 0.432287
v -0.062391 0.241463 0.426864
v -0.083165 0.241419 0.426856
v -0.083208 0.260040 0.390789
v -0.062429 0.260094 0.390817
v -0.062434 0.262905 0.385380
v -0.083215 0.262838 0.385376
v -0.083276 0.281403 0.349234
v -0.062477 0.281505 0.349317
v -0.062484 0.284310 0.343862
v -0.083299 0.284147 0.343748
v -0.083412 0.302567 0.307349
v -0.062544 0.302860 0.307651
v -0.062557 0.305634 0.302180
v -0.083428 0.305347 0.301865
v 0.173331 0.215759 0.173331
v 0.173331 0.215759 -0.173331
v -0.173331 0.215759 -0.173331
v -0.173331 0.215759 0.173331
v -0.173331 0.215759 0.173331
v -0.173331 0.323750 0.173331
v 0.173331 0.323750 0.173331
v 0.173331 0.215759 0.173331
v -0.173331 0.215759 -0.173331
v -0.173331 0.323750 -0.173331
v -0.173331 0.323750 0.173331
v -0.173331 0.215759 0.173331
v 0.173331 0.215759 0.173331
v 0.173331 0.323750 0.173331
v 0.173331 0.323750 -0.173331
v 0.173331 0.215759 -0.173331
v 0.173331 0.215759 -0.173331
v 0.173331 0.323750 -0.173331
v -0.173331 0.323750 -0.173331
v -0.173331 0.215759 -0.173331
vn -0.0000 -1.0000 -0.0000
vn 0.2363 0.9425 0.2364
vn 0.2123 0.9419 0.2604
vn 0.2118 0.9409 0.2644
vn 0.2381 0.9416 0.2381
vn 0.1861 0.9388 -0.2898
vn 0.1821 0.9384 -0.2937
vn 0.1532 0.9343 -0.3218
vn 0.1585 0.9351 -0.3169
vn 0.1149 0.9264 -0.3585
vn 0.1262 0.9289 -0.3483
vn 0.0385 0.9029 -0.4282
vn 0.0553 0.9079 -0.4155
vn 0.0265 0.8982 -0.4389
vn 0.0265 0.8985 -0.4381
vn 0.0050 0.8899 -0.4562
vn 0.0066 0.8901 -0.4558
vn 0.0419 0.9026 -0.4284
vn 0.0065 0.8901 -0.4558
vn 0.0148 0.8920 -0.4519
vn 0.0205 0.8930 0.4496
vn 0.0144 0.8919 0.4519
vn 0.0385 0.9014 0.4313
vn 0.0444 0.9021 0.4293
vn 0.0210 0.8924 0.4507
vn 0.1802 0.9373 0.2983
vn 0.1809 0.9383 0.2948
vn 0.1505 0.9338 0.3245
vn 0.1489 0.9326 0.3287
vn 0.9704 0.0013 0.2415
vn 0.8055 0.5597 0.1949
vn 0.7596 0.5684 0.3163
vn 0.9239 0.0017 0.3826
vn 0.8053 0.5599 0.1949
vn 0.3486 0.9290 0.1244
vn 0.3179 0.9351 0.1568
vn 0.7594 0.5685 0.3163
vn 0.3826 0.0017 -0.9239
vn 0.2416 0.0013 -0.9704
vn 0.1949 0.5597 -0.8054
vn 0.3163 0.5684 -0.7595
vn 0.4980 0.5756 0.6486
vn 0.2097 0.9399 0.2693
vn 0.1802 0.9372 0.2985
vn 0.4106 0.5730 0.7093
vn 0.8661 0.0019 0.4999
vn 0.7093 0.5730 0.4105
vn 0.6488 0.5754 0.4980
vn 0.7934 0.0021 0.6087
vn 0.7092 0.5731 0.4105
vn 0.2980 0.9373 0.1806
vn 0.2692 0.9400 0.2098
vn 0.6486 0.5756 0.4980
vn 0.0322 0.9005 0.4336
vn 0.0247 0.8976 0.4400
vn 0.0065 0.5243 0.8515
vn 0.0350 0.5341 0.8447
vn 0.6487 0.5754 0.4980
vn 0.5781 0.5760 0.5780
vn 0.7071 0.0023 0.7071
vn 0.5780 0.5760 0.5781
vn 0.4982 0.5753 0.6487
vn 0.6087 0.0021 0.7934
vn 0.7071 0.0022 0.7071
vn 0.2396 0.9408 0.2397
vn 0.2098 0.9400 0.2692
vn 0.4980 0.5756 0.6487
vn 0.5779 0.5762 0.5780
vn 0.8447 0.5341 -0.0350
vn 0.8053 0.5599 -0.1949
vn 0.3487 0.9290 -0.1243
vn 0.3895 0.9176 -0.0798
vn 0.4980 0.5753 0.6489
vn 0.4107 0.5727 0.7095
vn 0.4999 0.0019 0.8661
vn 0.4998 0.0019 0.8661
vn 0.4106 0.5728 0.7094
vn 0.3164 0.5683 0.7595
vn 0.3826 0.0017 0.9239
vn 0.1802 0.9373 0.2984
vn 0.1490 0.9326 0.3288
vn 0.3163 0.5686 0.7594
vn 0.7594 0.5686 -0.3163
vn 0.7092 0.5733 -0.4104
vn 0.2981 0.9373 -0.1806
vn 0.3279 0.9328 -0.1495
vn 0.3163 0.5684 0.7595
vn 0.1950 0.5597 0.8054
vn 0.2415 0.0012 0.9704
vn 0.2415 0.0013 0.9704
vn 0.1949 0.5597 0.8054
vn 0.0351 0.5339 0.8448
vn 0.0987 0.0007 0.9951
vn 0.0350 0.5339 0.8448
vn 0.0065 0.5241 0.8516
vn 0.0222 0.0003 0.9998
vn 0.9951 0.0006 -0.0987
vn 0.9704 0.0012 -0.2415
vn 0.8054 0.5597 -0.1949
vn 0.8448 0.5339 -0.0350
vn 0.6488 0.5754 -0.4981
vn 0.7934 0.0021 -0.6087
vn 0.7071 0.0022 -0.7071
vn 0.5780 0.5760 -0.5780
vn 0.1069 0.9235 0.3685
vn 0.1949 0.5599 0.8053
vn 0.4346 0.9002 -0.0293
vn 0.8515 0.5243 -0.0065
vn 0.8447 0.5340 -0.0350
vn 0.9239 0.0017 -0.3826
vn 0.8661 0.0019 -0.4999
vn 0.7092 0.5731 -0.4105
vn 0.7596 0.5683 -0.3164
vn 0.9998 0.0003 -0.0222
vn 0.8517 0.5240 -0.0065
vn 0.7594 0.5685 -0.3162
vn 0.7596 0.5683 -0.3163
vn 0.8055 0.5597 -0.1950
vn 0.4553 0.8903 -0.0064
vn 0.8534 0.5212 -0.0009
vn 0.6087 0.0021 -0.7934
vn 0.4999 0.0019 -0.8661
vn 0.4105 0.5731 -0.7092
vn 0.4980 0.5753 -0.6489
vn 0.7091 0.5733 -0.4105
vn 0.6487 0.5756 -0.4979
vn 0.2692 0.9400 -0.2098
vn 0.7934 0.0022 -0.6087
vn 0.6488 0.5753 -0.4980
vn 0.0350 0.5339 -0.8448
vn 0.0987 0.0007 -0.9951
vn 0.0222 0.0003 -0.9998
vn 0.0068 0.5229 -0.8523
vn 0.6486 0.5756 -0.4980
vn 0.5780 0.5762 -0.5779
vn 0.2396 0.9408 -0.2397
vn 0.2691 0.9400 -0.2099
vn 0.5779 0.5762 -0.5780
vn 0.4980 0.5756 -0.6486
vn 0.2098 0.9400 -0.2691
vn 0.2395 0.9408 -0.2397
vn 0.4981 0.5753 -0.6487
vn 0.5780 0.5760 -0.5781
vn 0.8540 0.5202 -0.0001
vn 0.8535 0.5212 -0.0009
vn 0.4596 0.8881 -0.0000
vn 0.2098 0.9400 -0.2692
vn 0.4979 0.5756 -0.6487
vn 0.4105 0.5733 -0.7091
vn 0.1806 0.9373 -0.2980
vn 0.1805 0.9373 -0.2981
vn 0.3163 0.5686 -0.7594
vn 0.1495 0.9328 -0.3279
vn 0.3163 0.5683 -0.7595
vn 0.4105 0.5731 -0.7093
vn 0.1489 0.9326 0.3288
vn 0.3162 0.5685 0.7594
vn 0.3163 0.5685 -0.7594
vn 0.1949 0.5599 -0.8053
vn 0.1078 0.9239 -0.3673
vn 0.0350 0.5341 -0.8447
vn 0.0347 0.9016 -0.4313
vn 0.1077 0.9238 -0.3674
vn 0.0068 0.5231 -0.8522
vn 0.0265 0.8985 -0.4382
vn -0.8448 0.5339 0.0350
vn -0.8523 0.5229 0.0068
vn -0.9998 0.0002 0.0222
vn -0.9951 0.0007 0.0987
vn 1.0000 0.0002 -0.0040
vn 0.8516 0.5241 -0.0065
vn 0.8536 0.5210 -0.0009
vn 0.1949 0.5597 -0.8055
vn 0.2415 0.0013 -0.9704
vn 0.0987 0.0006 -0.9951
vn 0.0050 0.8898 -0.4563
vn 0.0007 0.5201 -0.8541
vn -0.0000 0.5199 -0.8542
vn -0.0000 0.8881 -0.4596
vn 0.8523 0.5231 0.0068
vn 0.8542 0.5200 0.0007
vn 0.4553 0.8903 0.0064
vn 0.4346 0.9002 0.0293
vn 0.8524 0.5229 0.0068
vn 0.9998 0.0002 0.0222
vn 1.0000 0.0002 0.0040
vn 0.8543 0.5198 0.0007
vn 1.0000 0.0001 -0.0000
vn 0.8535 0.5210 -0.0009
vn 0.8542 0.5200 -0.0001
vn 0.0040 0.0002 1.0000
vn 0.0009 0.5210 0.8536
vn 0.8541 0.5202 -0.0001
vn 0.4552 0.8904 0.0064
vn 0.3894 0.9176 0.0798
vn 0.8447 0.5341 0.0350
vn 0.0045 0.8895 0.4569
vn 0.0009 0.5212 0.8534
vn 0.8449 0.5338 0.0350
vn 0.9704 0.0014 0.2415
vn 0.9951 0.0006 0.0987
vn 0.0040 0.0002 -1.0000
vn -0.0000 0.0001 -1.0000
vn -0.0000 0.5197 -0.8544
vn 0.0006 0.5198 -0.8543
vn -0.0000 0.0001 1.0000
vn 0.0009 0.5210 0.8535
vn -0.0000 0.5209 0.8536
vn -0.0000 0.8880 0.4598
vn -0.0000 0.5212 0.8535
vn 0.0046 0.8895 0.4569
vn 0.7596 0.5683 0.3164
vn 0.3179 0.9351 0.1569
vn 0.2980 0.9373 0.1805
vn 0.7092 0.5732 0.4104
vn 0.7594 0.5686 0.3163
vn 0.0007 0.5198 -0.8543
vn 0.0068 0.5229 -0.8524
vn 0.0050 0.8898 -0.4564
vn 0.8447 0.5340 0.0350
vn 0.3895 0.9176 0.0798
vn 0.3487 0.9290 0.1243
vn 0.2692 0.9400 0.2099
vn 0.2396 0.9408 0.2396
vn 0.5780 0.5761 0.5780
vn 0.0077 0.8903 0.4553
vn 0.0063 0.8899 0.4562
vn 0.0232 0.8970 0.4415
vn 0.1077 0.9239 -0.3672
vn 0.0347 0.9016 -0.4312
vn 0.1106 0.9254 0.3625
vn 0.1212 0.9279 0.3526
vn 0.0494 0.9061 0.4202
vn 0.0348 0.9015 0.4314
vn 0.0494 0.9061 0.4201
vn 0.1848 0.9387 0.2910
vn 0.1565 0.9348 0.3188
vn 0.1880 0.9400 -0.2848
vn 0.1630 0.9368 -0.3095
vn 0.0050 0.8898 -0.4562
vn 0.0003 0.8882 -0.4595
vn -0.0000 0.8883 -0.4593
vn 0.2100 0.9408 -0.2661
vn 0.1805 0.9374 -0.2979
vn 0.1495 0.9328 -0.3278
vn 0.1347 0.9316 -0.3376
vn 0.0725 0.9127 -0.4021
vn 0.0038 0.8893 0.4574
vn 0.0046 0.8896 0.4568
vn 0.0247 0.8977 0.4399
vn 0.0062 0.8899 0.4561
vn 0.1069 0.9235 0.3684
vn 0.0322 0.9006 0.4335
vn 0.2395 0.9409 0.2396
vn 0.2691 0.9400 0.2098
vn 0.2661 0.9408 0.2100
vn 0.2097 0.9400 0.2692
vn 0.2096 0.9408 0.2665
vn 0.2381 0.9416 -0.2381
vn 0.2122 0.9409 -0.2640
vn 0.0179 0.8922 -0.4513
vn -0.0000 0.8886 -0.4586
vn -0.0000 0.8890 -0.4579
vn 0.2364 0.9425 -0.2364
vn 0.2125 0.9419 -0.2601
vn 0.0675 0.9111 0.4067
vn 0.1621 0.9367 0.3104
vn 0.1337 0.9313 0.3388
vn 0.0461 0.9028 -0.4275
vn 0.1878 0.9400 0.2849
vn 0.2601 0.9419 -0.2125
vn 0.2640 0.9409 -0.2122
vn 0.2395 0.9409 -0.2396
vn -0.6331 0.7738 -0.0214
vn -0.1980 0.9158 0.3494
vn -0.1144 0.9546 0.2750
vn -0.3671 0.8952 -0.2527
vn -0.3723 0.3125 0.8739
vn -0.5211 0.3653 0.7714
vn -0.6614 0.0029 0.7501
vn -0.4647 -0.0675 0.8829
vn -0.1143 0.9546 0.2750
vn -0.0001 0.9682 0.2501
vn -0.0000 0.9398 -0.3416
vn -0.7270 0.6460 0.2329
vn -0.9019 0.4308 -0.0311
vn -0.9374 0.3325 0.1038
vn -0.9393 0.3043 0.1583
vn -0.9366 0.2788 0.2122
vn -0.7283 0.5848 0.3570
vn -0.9394 0.3042 0.1583
vn -0.9392 0.3046 0.1585
vn -0.4596 0.7119 -0.5310
vn -0.6679 0.6239 -0.4058
vn -0.7282 0.5850 0.3571
vn -0.2069 0.8561 0.4736
vn -0.2114 0.8801 0.4252
vn -0.7269 0.6461 0.2329
vn -0.0029 0.8878 0.4602
vn -0.0030 0.8878 0.4602
vn -0.1977 0.9158 0.3495
vn -0.2112 0.8801 0.4252
vn -0.0000 0.9398 -0.3417
vn -0.0001 0.7371 -0.6757
vn -0.2238 0.7423 -0.6316
vn -0.3671 0.8952 -0.2528
vn -0.0001 0.9398 -0.3417
vn -0.2239 0.7423 -0.6315
vn -0.4595 0.7119 -0.5311
vn -0.1038 0.7790 0.6183
vn -0.3722 0.3126 0.8739
vn -0.1921 0.2763 0.9417
vn -0.7093 0.5180 0.4780
vn -0.6381 0.4386 0.6328
vn -0.1866 0.8146 0.5492
vn -0.2068 0.8561 0.4737
vn -0.5212 0.3653 0.7713
vn -0.6381 0.4385 0.6329
vn -0.8110 0.0932 0.5776
vn -0.6615 0.0029 0.7500
vn -0.7094 0.5180 0.4780
vn -0.7283 0.5848 0.3571
vn -0.9367 0.2786 0.2121
vn -0.9054 0.1981 0.3754
vn -0.0000 0.2694 0.9630
vn -0.1920 0.2762 0.9417
vn -0.2389 -0.1115 0.9646
vn -0.0001 -0.1267 0.9919
vn -0.0027 0.8878 0.4603
vn -0.1864 0.8147 0.5492
vn -0.1038 0.7792 0.6182
vn -0.8245 0.5235 -0.2149
vn -0.9019 0.4309 -0.0311
vn -0.6382 0.4386 0.6328
vn -0.7093 0.5180 0.4781
vn -0.9054 0.1981 0.3756
vn -0.8110 0.0932 0.5775
vn -0.6331 0.7737 -0.0214
vn -0.6680 0.6238 -0.4058
vn -0.8244 0.5235 -0.2152
vn 0.1921 0.2763 0.9417
vn 0.3722 0.3126 0.8739
vn 0.1038 0.7790 0.6183
vn -0.1921 0.2762 0.9417
vn -0.3722 0.3126 0.8740
vn -0.4646 -0.0675 0.8830
vn -0.2391 -0.1115 0.9646
vn -0.8661 0.2278 -0.4450
vn -0.9884 0.1446 -0.0466
vn -1.0000 -0.0024 -0.0015
vn -0.8664 0.2276 -0.4444
vn 0.0022 0.8882 0.4594
vn 0.0032 0.8885 0.4589
vn -0.9393 0.3044 0.1583
vn 0.0054 0.8890 0.4579
vn -0.9393 0.3045 0.1581
vn -0.9054 0.1981 0.3755
vn 0.0108 0.8895 0.4568
vn 0.0141 0.8896 0.4566
vn -0.6614 0.0029 0.7500
vn 0.0141 0.8896 0.4565
vn 0.0018 0.8881 0.4596
vn 0.0022 0.8882 0.4595
vn 0.0014 0.8880 0.4598
vn 0.0016 0.8881 0.4597
vn -0.2239 0.7424 -0.6315
vn 0.0141 0.8896 0.4564
vn 0.0140 0.8896 0.4565
vn 0.0019 0.8881 0.4596
vn -0.8244 0.5236 -0.2150
vn 0.0016 0.8881 0.4596
vn 0.0068 0.8893 0.4573
vn -0.9393 0.3045 0.1582
vn -0.2390 -0.1115 0.9646
vn 0.0139 0.8897 0.4563
vn -0.0000 0.8898 0.4564
vn -0.0000 -0.1267 0.9919
vn 0.0141 0.8897 0.4564
vn 0.0140 0.8896 0.4564
vn -0.4595 0.7119 -0.5310
vn 0.0014 0.8881 0.4597
vn 0.0016 0.8880 0.4598
vn -0.6680 0.6238 -0.4057
vn 0.0108 0.8895 0.4569
vn -0.6679 0.6239 -0.4057
vn 0.0015 0.8881 0.4597
vn -0.8244 0.5235 -0.2150
vn 0.0001 0.8880 0.4598
vn -0.0000 0.7372 -0.6757
vn 0.2239 0.7424 -0.6315
vn -0.0015 0.8880 0.4599
vn 0.9393 0.3043 0.1584
vn -0.0032 0.8885 0.4589
vn -0.0023 0.8882 0.4595
vn 0.9394 0.3042 0.1583
vn 0.0067 0.8893 0.4573
vn 0.0052 0.8889 0.4580
vn 0.0106 0.8895 0.4569
vn 0.0051 0.8890 0.4579
vn 0.0029 0.8883 0.4593
vn 0.0062 0.8899 0.4562
vn 0.0031 0.8885 0.4589
vn 0.0020 0.8880 0.4598
vn 0.0017 0.8881 0.4597
vn 0.0014 0.8881 0.4596
vn 0.0040 0.8893 0.4574
vn 0.0015 0.8879 0.4600
vn 0.0013 0.8881 0.4597
vn 0.0001 0.8881 0.4597
vn 0.0038 0.8892 0.4575
vn 0.0014 0.8882 0.4595
vn 0.0017 0.8880 0.4599
vn -0.0002 0.8878 0.4602
vn -0.0029 0.8878 0.4603
vn -0.1038 0.7791 0.6182
vn -0.0029 0.7677 0.6407
vn -0.0027 0.8878 0.4602
vn -0.1142 0.9546 0.2753
vn -0.1973 0.9162 0.3488
vn -0.0028 0.8878 0.4602
vn -0.0001 0.8878 0.4602
vn -0.0000 0.9682 0.2503
vn -0.1152 0.9543 0.2757
vn -0.2065 0.8561 0.4737
vn -0.0002 0.4602 -0.8878
vn -0.4903 0.4126 -0.7677
vn -0.5019 0.3973 -0.7683
vn -0.0002 0.4598 -0.8880
vn -0.1863 0.8147 0.5492
vn -0.8865 -0.2151 0.4097
vn -0.4940 -0.4089 0.7674
vn -0.5009 -0.3996 0.7678
vn -0.8656 -0.2327 0.4434
vn -0.9759 -0.1030 0.1926
vn -0.8866 -0.2152 0.4094
vn -0.8658 -0.2326 0.4431
vn -1.0000 -0.0033 0.0003
vn -0.4937 -0.4089 0.7675
vn -0.0002 -0.4606 0.8876
vn -0.0002 -0.4601 0.8879
vn -0.5007 -0.3996 0.7678
vn -0.4906 0.4126 -0.7676
vn -0.8659 0.2277 -0.4453
vn -0.8663 0.2275 -0.4446
vn -0.5021 0.3969 -0.7684
vn 0.7268 0.6461 0.2329
vn 0.6331 0.7738 -0.0214
vn 0.1980 0.9158 0.3494
vn 0.2115 0.8801 0.4251
vn 0.5211 0.3654 0.7713
vn 0.6381 0.4386 0.6328
vn 0.1865 0.8146 0.5492
vn -0.9884 0.1444 -0.0465
vn -0.9758 -0.1031 0.1926
vn -1.0000 -0.0033 -0.0000
vn -1.0000 -0.0026 -0.0013
vn 0.5764 0.8152 -0.0568
vn 0.5761 0.8154 -0.0567
vn 0.5680 0.8152 -0.1130
vn 0.5677 0.8154 -0.1129
vn 0.5677 0.8154 0.1129
vn 0.5681 0.8152 0.1131
vn 0.5761 0.8154 0.0567
vn 0.5539 0.8155 0.1680
vn 0.3218 0.8151 0.4818
vn 0.3217 0.8154 0.4814
vn 0.3672 0.8154 0.4475
vn 0.2729 0.8153 0.5106
vn 0.5539 0.8155 -0.1680
vn 0.2215 0.8154 -0.5348
vn 0.1680 0.8155 -0.5539
vn 0.2729 0.8154 -0.5106
vn 0.4341 0.9001 0.0366
vn -0.5883 0.8004 -0.1152
vn -0.5765 0.7986 -0.1731
vn 0.3967 0.9148 0.0763
vn 0.2124 0.9418 0.2604
vn -0.3834 0.7964 -0.4678
vn -0.3354 0.7964 -0.5033
vn 0.1879 0.9400 0.2850
vn 0.1879 0.9400 0.2849
vn -0.2843 0.7964 -0.5338
vn 0.1623 0.9366 0.3105
vn 0.3967 0.9148 -0.0761
vn -0.5808 0.7952 0.1741
vn -0.5920 0.7975 0.1161
vn 0.4344 0.9000 -0.0363
vn 0.0725 0.9127 -0.4022
vn -0.1738 0.7967 0.5788
vn -0.2303 0.7961 0.5596
vn 0.1348 0.9316 -0.3377
vn 0.1347 0.9316 -0.3377
vn -0.2847 0.7960 0.5342
vn 0.1631 0.9368 -0.3097
vn 0.4533 0.8913 0.0137
vn -0.5938 0.8025 -0.0574
vn 0.4341 0.9001 0.0365
vn 0.4343 0.9001 -0.0363
vn -0.5943 0.8022 0.0583
vn 0.4535 0.8912 -0.0135
vn 0.5789 0.8154 -0.0000
vn 0.1131 0.8152 -0.5681
vn 0.1130 0.8152 -0.5680
vn 0.0568 0.8152 -0.5764
vn 0.0567 0.8154 -0.5761
vn 0.5351 0.8152 0.2216
vn 0.5352 0.8151 0.2217
vn 0.5106 0.8154 0.2729
vn 0.2216 0.8154 0.5349
vn 0.1680 0.8154 0.5540
vn 0.5106 0.8153 -0.2729
vn 0.4814 0.8154 -0.3217
vn 0.4816 0.8152 -0.3218
vn 0.4474 0.8154 -0.3673
vn 0.3527 0.9278 0.1219
vn -0.5578 0.7976 -0.2295
vn -0.5329 0.7971 -0.2839
vn 0.3195 0.9347 0.1561
vn 0.1621 0.9367 0.3105
vn -0.2843 0.7964 -0.5339
vn -0.2301 0.7964 -0.5593
vn 0.1339 0.9313 0.3388
vn 0.1337 0.9313 0.3389
vn -0.2301 0.7964 -0.5594
vn -0.1736 0.7970 -0.5785
vn 0.0675 0.9110 0.4068
vn 0.2602 0.9419 -0.2126
vn -0.4686 0.7955 0.3840
vn -0.5044 0.7953 0.3362
vn 0.2846 0.9400 -0.1884
vn 0.2845 0.9400 -0.1884
vn -0.5044 0.7953 0.3361
vn -0.5350 0.7954 0.2849
vn 0.3096 0.9368 -0.1630
vn 0.0461 0.9028 -0.4277
vn -0.1158 0.7988 0.5903
vn -0.1738 0.7968 0.5788
vn 0.4585 0.8887 -0.0000
vn -0.5940 0.8044 -0.0002
vn 0.4534 0.8912 0.0137
vn 0.3967 0.9148 0.0762
vn -0.5765 0.7985 -0.1731
vn 0.4534 0.8912 -0.0136
vn 0.0179 0.8921 -0.4514
vn -0.0576 0.8013 0.5955
vn -0.1158 0.7988 0.5904
vn 0.0462 0.9027 -0.4277
vn 0.0567 0.8154 0.5761
vn 0.1131 0.8152 0.5680
vn -0.0000 0.8154 0.5789
vn 0.4817 0.8151 0.3218
vn 0.4816 0.8152 0.3217
vn 0.4474 0.8155 0.3672
vn 0.3194 0.9347 0.1560
vn -0.5329 0.7972 -0.2839
vn -0.5027 0.7968 -0.3351
vn 0.2847 0.9400 0.1881
vn -0.4673 0.7966 -0.3834
vn 0.2603 0.9419 0.2125
vn -0.1159 0.7989 -0.5901
vn 0.0446 0.9020 0.4294
vn 0.2126 0.9419 -0.2601
vn -0.3842 0.7957 0.4682
vn -0.4283 0.7957 0.4283
vn 0.2364 0.9424 -0.2364
vn 0.2364 0.9424 -0.2365
vn -0.4284 0.7957 0.4283
vn -0.4686 0.7955 0.3841
vn 0.0444 0.9020 0.4294
vn -0.1158 0.7989 -0.5901
vn -0.0577 0.8015 -0.5953
vn 0.0211 0.8923 0.4509
vn -0.0577 0.8015 -0.5952
vn -0.0000 0.8026 -0.5965
vn -0.0000 0.8896 0.4567
vn -0.0000 0.8154 -0.5789
vn 0.4095 0.8153 0.4095
vn 0.4093 0.8155 0.4093
vn 0.5348 0.8154 -0.2215
vn 0.3217 0.8154 -0.4814
vn 0.3673 0.8154 -0.4474
vn 0.2602 0.9419 0.2124
vn -0.4276 0.7966 -0.4274
vn 0.2365 0.9424 0.2364
vn 0.2364 0.9425 0.2364
vn -0.4275 0.7965 -0.4276
vn -0.3835 0.7963 -0.4677
vn 0.2124 0.9419 0.2604
vn -0.5351 0.7953 0.2848
vn -0.5608 0.7951 0.2308
vn 0.3527 0.9278 -0.1218
vn 0.3527 0.9278 -0.1217
vn -0.5608 0.7951 0.2307
vn 0.3968 0.9147 -0.0762
vn 0.1630 0.9368 -0.3096
vn -0.3357 0.7959 0.5039
vn 0.1880 0.9399 -0.2849
vn 0.1882 0.9399 -0.2848
vn -0.3357 0.7958 0.5039
vn -0.3842 0.7958 0.4682
vn 0.2126 0.9419 -0.2603
vn -0.0001 0.8890 -0.4580
vn -0.0000 0.8024 0.5968
vn 0.0179 0.8922 -0.4514
vn 0.4095 0.8152 -0.4095
vn 0.0140 0.8896 0.4566
vn 0.0106 0.8894 0.4569
vn -0.0000 0.8897 0.4565
vn -0.0000 0.8897 0.4566
vn 0.0139 0.8896 0.4565
vn -0.9992 -0.0000 -0.0400
vn -0.9239 -0.0000 -0.3826
vn -0.0400 -0.0000 0.9992
vn -0.3826 -0.0000 0.9239
vn -0.3828 -0.0000 0.9238
vn -0.7071 -0.0000 0.7072
vn -1.0000 -0.0000 -0.0000
vn -0.9992 -0.0000 -0.0399
vn -0.0399 -0.0000 0.9992
vn -0.0000 -0.0000 1.0000
vn -0.0399 -0.0000 -0.9992
vn -0.0000 -0.0000 -1.0000
vn -0.9992 -0.0000 0.0399
vn -0.9238 -0.0000 -0.3828
vn -0.7072 -0.0000 -0.7071
vn -0.7071 -0.0000 -0.7072
vn -0.3828 -0.0000 -0.9238
vn -0.3826 -0.0000 -0.9239
vn -0.0400 -0.0000 -0.9992
vn -0.7072 -0.0000 0.7071
vn -0.9238 -0.0000 0.3828
vn -0.9239 -0.0000 0.3826
vn -0.9992 -0.0000 0.0400
vn 0.0263 -0.7063 0.7074
vn 0.0990 0.0004 0.9951
vn 0.0223 -0.0000 0.9998
vn 0.0051 -0.7070 0.7072
vn 0.0039 -0.0002 1.0000
vn 0.0010 -0.7071 0.7071
vn 0.0051 -0.7069 0.7073
vn 0.0010 -0.7072 0.7071
vn -0.0000 -1.0000 0.0023
vn 0.0001 -1.0000 0.0026
vn 0.0051 -0.7071 0.7071
vn 0.0010 -1.0000 -0.0025
vn 0.2718 -0.7044 -0.6557
vn 0.3549 -0.7045 -0.6147
vn 0.0012 -1.0000 -0.0022
vn 0.2719 -0.7041 -0.6560
vn 0.3828 0.0014 -0.9238
vn 0.5001 0.0016 -0.8660
vn 0.3549 -0.7044 -0.6148
vn 0.6088 0.0017 -0.7933
vn 0.4322 -0.7042 -0.5633
vn 0.3549 -0.7044 -0.6147
vn 0.4322 -0.7043 -0.5632
vn 0.0016 -1.0000 -0.0021
vn 0.0013 -1.0000 -0.0021
vn 0.0027 -1.0000 0.0002
vn 0.7073 -0.7065 0.0263
vn 0.6897 -0.7052 0.1645
vn 0.0025 -1.0000 0.0006
vn 0.7073 -0.7064 0.0264
vn 0.9951 0.0003 0.0990
vn 0.9703 0.0008 0.2418
vn 0.6898 -0.7050 0.1645
vn 0.9238 0.0014 0.3828
vn 0.6560 -0.7041 0.2718
vn 0.6558 -0.7044 0.2717
vn 0.0025 -1.0000 0.0010
vn 0.4322 -0.7043 -0.5631
vn 0.5019 -0.7043 -0.5020
vn 0.0018 -1.0000 -0.0019
vn 0.0015 -1.0000 -0.0021
vn 0.7070 0.0019 -0.7072
vn 0.5021 -0.7042 -0.5021
vn 0.4322 -0.7042 -0.5632
vn 0.7933 0.0017 -0.6088
vn 0.5632 -0.7042 -0.4322
vn 0.5020 -0.7042 -0.5020
vn 0.5631 -0.7043 -0.4322
vn 0.0021 -1.0000 -0.0016
vn 0.0019 -1.0000 -0.0019
vn 0.5020 -0.7043 -0.5019
vn 0.6557 -0.7044 0.2718
vn 0.6147 -0.7044 0.3549
vn 0.0022 -1.0000 0.0013
vn 0.9238 0.0014 0.3829
vn 0.8660 0.0016 0.5001
vn 0.6149 -0.7042 0.3550
vn 0.7933 0.0017 0.6088
vn 0.5633 -0.7042 0.4322
vn 0.6148 -0.7042 0.3550
vn 0.5631 -0.7044 0.4321
vn 0.0021 -1.0000 0.0016
vn 0.0021 -1.0000 0.0013
vn 0.6147 -0.7043 0.3550
vn 0.5632 -0.7043 -0.4322
vn 0.6146 -0.7045 -0.3550
vn 0.0022 -1.0000 -0.0013
vn 0.0021 -1.0000 -0.0015
vn 0.8660 0.0016 -0.5001
vn 0.6147 -0.7043 -0.3550
vn 0.5633 -0.7042 -0.4322
vn 0.9238 0.0014 -0.3828
vn 0.6557 -0.7043 -0.2718
vn 0.6557 -0.7044 -0.2718
vn 0.0024 -1.0000 -0.0010
vn 0.0022 -1.0000 -0.0012
vn 0.6146 -0.7044 -0.3549
vn 1.0000 -0.0002 0.0040
vn 0.7073 -0.7069 0.0009
vn 0.7073 -0.7070 -0.0000
vn 1.0000 -0.0001 -0.0000
vn 0.7071 -0.7071 0.0009
vn 0.0024 -1.0000 -0.0000
vn 0.0023 -1.0000 -0.0000
vn 0.7072 -0.7071 -0.0000
vn 0.5631 -0.7043 0.4322
vn 0.5020 -0.7044 0.5019
vn 0.0019 -1.0000 0.0020
vn 0.0021 -1.0000 0.0015
vn 0.7071 0.0019 0.7071
vn 0.5020 -0.7042 0.5020
vn 0.5632 -0.7042 0.4322
vn 0.6088 0.0017 0.7933
vn 0.4322 -0.7043 0.5632
vn 0.4321 -0.7044 0.5632
vn 0.0015 -1.0000 0.0022
vn 0.0019 -1.0000 0.0019
vn 0.5019 -0.7044 0.5020
vn 0.0023 -1.0000 -0.0001
vn 0.7071 -0.7072 -0.0009
vn 0.7073 -0.7070 -0.0009
vn 1.0000 -0.0003 -0.0040
vn 0.7073 -0.7069 -0.0000
vn 0.6557 -0.7045 -0.2718
vn 0.6897 -0.7052 -0.1645
vn 0.0025 -1.0000 -0.0006
vn 0.0024 -1.0000 -0.0009
vn 0.9703 0.0009 -0.2418
vn 0.6898 -0.7051 -0.1646
vn 0.6558 -0.7043 -0.2718
vn 0.9951 0.0004 -0.0990
vn 0.7074 -0.7064 -0.0263
vn 0.6898 -0.7050 -0.1645
vn 0.7073 -0.7065 -0.0263
vn 0.0026 -1.0000 -0.0002
vn 0.6896 -0.7052 -0.1645
vn 0.4320 -0.7044 0.5631
vn 0.3549 -0.7045 0.6147
vn 0.0012 -1.0000 0.0022
vn 0.0016 -1.0000 0.0022
vn 0.5001 0.0016 0.8660
vn 0.3549 -0.7043 0.6148
vn 0.4321 -0.7043 0.5633
vn 0.3828 0.0014 0.9238
vn 0.2719 -0.7042 0.6558
vn 0.2718 -0.7044 0.6557
vn 0.0009 -1.0000 0.0025
vn -0.0000 -0.7071 0.7072
vn 0.0039 -0.0003 1.0000
vn 0.0001 -0.0001 1.0000
vn -0.0000 -0.7069 0.7073
vn 0.0010 -0.7071 0.7072
vn 0.2717 -0.7044 0.6558
vn 0.1645 -0.7051 0.6897
vn 0.0006 -1.0000 0.0025
vn 0.3828 0.0013 0.9238
vn 0.2418 0.0008 0.9703
vn 0.1645 -0.7050 0.6898
vn 0.2718 -0.7042 0.6559
vn 0.0263 -0.7064 0.7074
vn 0.2418 0.0009 0.9703
vn 0.0002 -1.0000 0.0027
vn 0.0263 -0.7065 0.7073
vn 0.0041 -0.0002 -1.0000
vn 0.0009 -0.7069 -0.7073
vn -0.0000 -0.7069 -0.7073
vn -0.0000 -0.0001 -1.0000
vn 0.0009 -0.7071 -0.7071
vn -0.0000 -1.0000 -0.0026
vn 0.0002 -1.0000 -0.0023
vn -0.0000 -0.7071 -0.7072
vn 0.0051 -0.7071 -0.7071
vn 0.0001 -1.0000 -0.0027
vn 0.0041 -0.0001 -1.0000
vn 0.0223 -0.0000 -0.9998
vn 0.0051 -0.7069 -0.7073
vn 0.0009 -0.7070 -0.7073
vn 0.0990 0.0003 -0.9951
vn 0.0263 -0.7064 -0.7074
vn 0.0051 -0.7070 -0.7072
vn 0.0263 -0.7065 -0.7072
vn 0.0003 -1.0000 -0.0026
vn 0.0051 -0.7070 -0.7071
vn 0.7072 -0.7065 -0.0263
vn 0.7071 -0.7070 -0.0051
vn 0.0026 -1.0000 -0.0001
vn 0.9998 -0.0000 -0.0223
vn 0.7072 -0.7069 -0.0051
vn 0.9998 -0.0001 -0.0223
vn 1.0000 -0.0002 -0.0040
vn 0.7071 -0.7071 -0.0051
vn 0.7071 -0.7071 0.0051
vn 0.0027 -1.0000 0.0001
vn 1.0000 -0.0001 0.0040
vn 0.9998 -0.0000 0.0223
vn 0.7073 -0.7069 0.0051
vn 0.7073 -0.7070 0.0009
vn 0.7074 -0.7063 0.0263
vn 0.0026 -1.0000 0.0002
vn 0.0263 -0.7065 -0.7073
vn 0.1645 -0.7052 -0.6896
vn 0.0006 -1.0000 -0.0025
vn 0.0990 0.0002 -0.9951
vn 0.2418 0.0008 -0.9703
vn 0.1645 -0.7050 -0.6898
vn 0.0264 -0.7064 -0.7074
vn 0.2718 -0.7041 -0.6560
vn 0.1646 -0.7050 -0.6898
vn 0.2418 0.0007 -0.9703
vn 0.0009 -1.0000 -0.0025
vn 0.1645 -0.7052 -0.6897
vn 0.2717 -0.7044 -0.6558
vn -0.0001 -1.0000 0.0026
vn -0.0051 -0.7070 0.7071
vn -0.0263 -0.7065 0.7072
vn -0.0003 -1.0000 0.0026
vn 0.0026 -1.0000 0.0001
vn 0.0025 -1.0000 0.0002
vn 0.0001 -1.0000 0.0025
vn -0.0000 -1.0000 0.0022
vn 0.0002 -1.0000 0.0025
vn 0.0024 -1.0000 0.0006
vn 0.0024 -1.0000 0.0010
vn 0.0021 -1.0000 0.0012
vn 0.0020 -1.0000 0.0015
vn 0.0018 -1.0000 0.0018
vn 0.0015 -1.0000 0.0021
vn 0.0012 -1.0000 0.0021
vn 0.0009 -1.0000 0.0024
vn 0.0006 -1.0000 0.0024
vn 0.0001 -1.0000 -0.0026
vn 0.0003 -1.0000 -0.0025
vn -0.0000 -1.0000 -0.0025
vn 0.0025 -1.0000 -0.0001
vn 0.0022 -1.0000 -0.0001
vn 0.0025 -1.0000 -0.0002
vn 0.0006 -1.0000 -0.0024
vn 0.0009 -1.0000 -0.0024
vn 0.0012 -1.0000 -0.0021
vn 0.0015 -1.0000 -0.0020
vn 0.0018 -1.0000 -0.0018
vn 0.0020 -1.0000 -0.0015
vn 0.0021 -1.0000 -0.0012
vn 0.0023 -1.0000 -0.0009
vn 0.0024 -1.0000 -0.0006
vn 0.0022 -1.0000 -0.0000
vn -0.0000 -1.0000 -0.0022
vn 0.2898 0.9388 0.1862
vn 0.2936 0.9384 0.1821
vn 0.3190 0.9349 0.1557
vn 0.3195 0.9348 0.1554
vn 0.3515 0.9283 0.1215
vn 0.3530 0.9278 0.1205
vn 0.3924 0.9165 0.0773
vn 0.3947 0.9156 0.0763
vn 0.4324 0.9010 0.0335
vn 0.4345 0.9002 0.0293
vn 0.4551 0.8904 0.0064
vn 0.4538 0.8911 0.0098
vn 0.3893 0.9176 0.0798
vn 0.2979 0.9374 0.1805
vn 0.3178 0.9351 0.1568
vn 0.3485 0.9290 0.1243
vn 0.3193 0.9347 0.1560
vn 0.3526 0.9278 0.1217
vn 0.2936 0.9384 -0.1821
vn 0.3223 0.9343 -0.1526
vn 0.3278 0.9328 -0.1495
vn 0.2979 0.9374 -0.1806
vn 0.2640 0.9409 0.2122
vn 0.2846 0.9400 0.1881
vn 0.3530 0.9278 -0.1205
vn 0.3515 0.9283 -0.1215
vn 0.3165 0.9352 -0.1589
vn 0.2661 0.9408 -0.2100
vn 0.4552 0.8904 -0.0064
vn 0.4345 0.9002 -0.0293
vn 0.4324 0.9010 -0.0335
vn 0.4537 0.8911 -0.0098
vn 0.4544 0.8908 -0.0082
vn 0.4315 0.9014 -0.0367
vn 0.3924 0.9165 -0.0773
vn 0.3947 0.9156 -0.0763
vn 0.2898 0.9388 -0.1862
vn 0.3894 0.9176 -0.0798
vn 0.3486 0.9290 -0.1243
vn 0.2691 0.9400 -0.2098
vn 0.4296 0.9022 0.0388
vn 0.2844 0.9400 -0.1883
vn 0.3095 0.9368 -0.1630
vn 0.3526 0.9278 -0.1217
vn 0.3966 0.9148 -0.0761
vn 0.3956 0.9153 -0.0763
vn -0.1809 0.9383 0.2948
vn -0.1848 0.9387 0.2910
vn -0.2118 0.9409 0.2644
vn -0.2096 0.9408 0.2665
vn 0.9157 -0.3204 -0.2428
vn 0.3895 0.9173 0.0829
vn 0.3793 0.9205 0.0933
vn 0.8327 -0.2671 -0.4851
vn 0.8889 -0.4581 0.0002
vn 0.4325 0.9009 0.0373
vn 0.4020 0.9130 0.0699
vn 0.9358 -0.3517 -0.0254
vn 0.9358 -0.3517 -0.0255
vn 0.4020 0.9130 0.0694
vn 0.3895 0.9173 0.0828
vn 0.9156 -0.3204 -0.2428
vn 0.3794 0.9205 0.0934
vn 0.3751 0.9218 0.0980
vn 0.6913 -0.1882 -0.6977
vn 0.6912 -0.1881 -0.6977
vn 0.3750 0.9218 0.0980
vn 0.3766 0.9214 0.0964
vn 0.5013 -0.0925 -0.8603
vn 0.5014 -0.0924 -0.8603
vn 0.3765 0.9214 0.0964
vn 0.3835 0.9193 0.0889
vn 0.2767 0.0146 -0.9608
vn -0.1795 0.2306 -0.9564
vn 0.4072 0.9112 0.0634
vn 0.4180 0.9070 0.0516
vn -0.3988 0.3352 -0.8536
vn 0.8889 -0.4581 0.0001
vn 0.4520 0.8919 0.0145
vn 0.4325 0.9009 0.0371
vn 0.0480 0.1219 -0.9914
vn 0.3956 0.9153 0.0757
vn 0.4071 0.9112 0.0634
vn -0.1794 0.2307 -0.9563
vn -0.8378 0.5448 -0.0340
vn 0.4442 0.8957 0.0224
vn 0.4511 0.8924 0.0145
vn -0.8867 0.4624 -0.0000
vn -0.8068 0.5333 -0.2543
vn 0.4411 0.8971 0.0259
vn 0.4442 0.8957 0.0223
vn -0.8379 0.5448 -0.0341
vn -0.7184 0.4901 -0.4937
vn 0.4378 0.8986 0.0298
vn 0.4412 0.8970 0.0259
vn -0.8067 0.5334 -0.2543
vn 0.2768 0.0146 -0.9608
vn 0.3833 0.9193 0.0888
vn 0.0481 0.1219 -0.9914
vn 0.8888 -0.4582 -0.0008
vn 0.4509 0.8925 0.0146
vn 0.4493 0.8932 0.0164
vn 0.8628 -0.3352 -0.3783
vn 0.8628 -0.3353 -0.3783
vn 0.4493 0.8932 0.0165
vn 0.4483 0.8937 0.0178
vn 0.6715 -0.2348 -0.7029
vn 0.6715 -0.2349 -0.7028
vn 0.4482 0.8937 0.0176
vn 0.4480 0.8938 0.0178
vn 0.3842 -0.0862 -0.9192
vn 0.4481 0.8938 0.0177
vn 0.4487 0.8935 0.0171
vn 0.0015 0.0019 -1.0000
vn 0.0004 0.0024 -1.0000
vn 0.4545 0.8907 0.0098
vn 0.4546 0.8906 0.0094
vn -0.2937 0.2622 -0.9192
vn -0.2938 0.2622 -0.9192
vn 0.4546 0.8906 0.0093
vn 0.4549 0.8905 0.0086
vn -0.5800 0.4111 -0.7033
vn -0.5799 0.4110 -0.7034
vn 0.4549 0.8905 0.0087
vn 0.4551 0.8904 0.0081
vn -0.7714 0.5097 -0.3809
vn -0.7715 0.5097 -0.3809
vn 0.4553 0.8903 0.0081
vn 0.4556 0.8902 0.0074
vn -0.8867 0.4623 -0.0007
vn 0.8889 -0.4582 -0.0008
vn 0.4554 0.8903 0.0075
vn 0.4551 0.8904 0.0079
vn 0.8611 -0.3368 -0.3810
vn 0.8610 -0.3369 -0.3810
vn 0.4551 0.8904 0.0080
vn 0.4550 0.8904 0.0082
vn 0.6696 -0.2371 -0.7038
vn 0.6697 -0.2372 -0.7037
vn 0.4551 0.8904 0.0082
vn 0.3830 -0.0890 -0.9194
vn 0.3831 -0.0890 -0.9194
vn 0.4553 0.8903 0.0080
vn 0.0017 0.0019 -1.0000
vn 0.4553 0.8903 0.0078
vn 0.0011 0.0020 -1.0000
vn 0.0017 0.0018 -1.0000
vn 0.4553 0.8903 0.0077
vn 0.4563 0.8898 0.0056
vn 0.0011 0.0021 -1.0000
vn -0.7719 0.5090 -0.3810
vn 0.4569 0.8895 0.0045
vn 0.4570 0.8895 0.0041
vn -0.8866 0.4625 -0.0006
vn -0.6092 0.3883 -0.6915
vn 0.4566 0.8896 0.0049
vn 0.4568 0.8895 0.0045
vn -0.7718 0.5090 -0.3810
vn 0.4553 0.8903 0.0076
vn 0.4566 0.8896 0.0047
vn 0.4564 0.8898 0.0051
vn 0.4563 0.8898 0.0055
vn 0.0005 0.0024 -1.0000
vn 0.4563 0.8898 0.0057
vn 0.4564 0.8898 0.0052
vn -0.2942 0.2533 -0.9216
vn 0.6685 -0.2374 -0.7048
vn 0.4580 0.8890 -0.0014
vn 0.4585 0.8887 -0.0003
vn 0.3821 -0.0896 -0.9198
vn 0.4298 0.9020 -0.0400
vn 0.9302 -0.3664 0.0210
vn 0.8694 -0.3227 0.3742
vn 0.4236 0.9046 -0.0467
vn 0.3819 -0.0896 -0.9198
vn 0.4584 0.8887 -0.0002
vn 0.4587 0.8886 0.0002
vn 0.0005 0.0024 1.0000
vn 0.4587 0.8886 -0.0001
vn 0.4587 0.8886 -0.0002
vn 0.0017 0.0018 1.0000
vn 0.3819 -0.0897 0.9198
vn 0.4585 0.8887 0.0003
vn 0.4580 0.8890 0.0015
vn 0.6686 -0.2373 0.7048
vn 0.3821 -0.0897 0.9198
vn 0.4579 0.8890 0.0015
vn 0.4572 0.8894 0.0032
vn 0.8605 -0.3368 0.3823
vn 0.8604 -0.3368 0.3824
vn 0.4571 0.8894 0.0033
vn 0.4565 0.8897 0.0053
vn 0.8889 -0.4582 0.0006
vn 0.8888 -0.4582 0.0007
vn 0.4565 0.8897 0.0052
vn 0.0006 0.0024 1.0000
vn 0.4563 0.8898 -0.0056
vn 0.4553 0.8903 -0.0079
vn 0.0016 0.0017 1.0000
vn -0.2941 0.2608 -0.9195
vn 0.4588 0.8886 -0.0002
vn 0.4586 0.8886 -0.0009
vn -0.5803 0.4095 -0.7039
vn 0.0017 0.0017 -1.0000
vn 0.4587 0.8886 0.0001
vn -0.2942 0.2608 -0.9195
vn -0.2942 0.2607 0.9195
vn -0.5802 0.4096 0.7040
vn 0.4584 0.8887 0.0008
vn -0.2941 0.2607 0.9195
vn -0.7717 0.5087 0.3816
vn 0.4581 0.8889 0.0017
vn 0.4585 0.8887 0.0008
vn -0.5801 0.4096 0.7041
vn -0.8867 0.4623 0.0009
vn 0.4578 0.8891 0.0026
vn 0.4580 0.8889 0.0017
vn -0.7718 0.5087 0.3816
vn 0.6689 -0.2380 -0.7042
vn 0.4584 0.8887 -0.0007
vn 0.4588 0.8885 -0.0000
vn 0.3825 -0.0900 -0.9196
vn 0.3824 -0.0901 -0.9196
vn 0.4588 0.8885 -0.0001
vn 0.4589 0.8885 0.0001
vn 0.0018 0.0017 1.0000
vn 0.4589 0.8885 -0.0001
vn 0.4588 0.8886 -0.0000
vn 0.3824 -0.0901 0.9196
vn 0.3824 -0.0900 0.9196
vn 0.6691 -0.2380 0.7040
vn 0.6690 -0.2380 0.7041
vn 0.8604 -0.3376 0.3817
vn 0.4576 0.8891 0.0027
vn 0.8889 -0.4582 0.0007
vn 0.0017 0.0017 1.0000
vn 0.0003 0.0024 1.0000
vn 0.4590 0.8884 -0.0001
vn 0.4589 0.8885 -0.0002
vn -0.2941 0.2605 -0.9196
vn 0.4589 0.8885 -0.0000
vn 0.4589 0.8885 -0.0004
vn -0.8868 0.4622 0.0009
vn -0.8867 0.4624 -0.0002
vn 0.4578 0.8891 0.0027
vn 0.0018 0.0017 -1.0000
vn 0.4589 0.8885 0.0002
vn 0.4590 0.8885 0.0001
vn 0.0005 0.0023 -1.0000
vn 0.0006 0.0024 -1.0000
vn 0.4590 0.8884 -0.0000
vn -0.2941 0.2606 -0.9196
vn -0.2940 0.2605 0.9196
vn 0.4590 0.8884 -0.0002
vn -0.5802 0.4095 0.7040
vn 0.4589 0.8885 0.0003
vn 0.4590 0.8885 -0.0000
vn -0.7718 0.5085 0.3817
vn 0.4587 0.8886 0.0008
vn -0.8876 0.4607 0.0003
vn 0.4585 0.8887 0.0014
vn 0.4587 0.8886 0.0006
vn -0.7719 0.5085 0.3816
vn -0.8875 0.4607 0.0003
vn 0.4555 0.8902 0.0074
vn 0.6691 -0.2381 -0.7040
vn 0.4589 0.8885 -0.0003
vn 0.4590 0.8885 -0.0001
vn 0.3825 -0.0900 -0.9195
vn 0.3826 -0.0900 -0.9195
vn 0.4591 0.8884 0.0001
vn 0.3825 -0.0901 0.9196
vn 0.4588 0.8885 0.0004
vn 0.6691 -0.2381 0.7040
vn 0.0018 0.0018 1.0000
vn 0.6691 -0.2382 0.7040
vn 0.4585 0.8887 0.0009
vn 0.8605 -0.3377 0.3814
vn 0.8604 -0.3377 0.3815
vn 0.4582 0.8888 0.0014
vn 0.8882 -0.4595 0.0001
vn 0.8888 -0.4582 -0.0005
vn 0.8882 -0.4595 0.0003
vn 0.4593 0.8883 0.0002
vn 0.4592 0.8883 -0.0002
vn 0.0016 0.0018 1.0000
vn 0.4592 0.8883 0.0002
vn 0.4593 0.8883 -0.0000
vn -0.2942 0.2606 -0.9195
vn -0.2941 0.2606 -0.9195
vn 0.4594 0.8883 -0.0000
vn 0.4593 0.8883 -0.0002
vn -0.5805 0.4095 -0.7038
vn -0.2942 0.2606 0.9195
vn 0.4592 0.8883 -0.0001
vn 0.0004 0.0024 1.0000
vn -0.2941 0.2606 0.9196
vn -0.5802 0.4093 0.7041
vn 0.4593 0.8883 -0.0001
vn -0.7719 0.5084 0.3816
vn 0.4590 0.8884 0.0006
vn 0.4592 0.8884 0.0002
vn -0.8868 0.4622 0.0008
vn 0.4588 0.8886 0.0008
vn 0.4590 0.8884 0.0004
vn -0.7719 0.5084 0.3817
vn -0.8867 0.4624 -0.0006
vn 0.4570 0.8894 0.0041
vn 0.9234 -0.3831 -0.0230
vn 0.4564 0.8897 -0.0052
vn 0.4572 0.8893 -0.0032
vn 0.8605 -0.3370 -0.3820
vn 0.4572 0.8894 -0.0032
vn 0.4581 0.8889 -0.0014
vn 0.6686 -0.2373 -0.7048
vn -0.5801 0.4095 -0.7041
vn 0.4586 0.8887 -0.0008
vn 0.4583 0.8888 -0.0018
vn -0.7718 0.5087 -0.3816
vn -0.7717 0.5086 -0.3817
vn 0.4582 0.8889 -0.0018
vn 0.4578 0.8891 -0.0027
vn 0.8889 -0.4582 -0.0007
vn 0.4576 0.8892 -0.0026
vn 0.4580 0.8890 -0.0017
vn 0.8605 -0.3375 -0.3817
vn 0.6689 -0.2379 -0.7042
vn -0.5803 0.4095 -0.7040
vn 0.4587 0.8886 -0.0009
vn -0.7720 0.5086 -0.3813
vn -0.7719 0.5085 -0.3815
vn 0.4585 0.8887 -0.0014
vn -0.8875 0.4607 -0.0002
vn 0.4582 0.8888 -0.0014
vn 0.4585 0.8887 -0.0007
vn 0.8605 -0.3377 -0.3815
vn 0.8604 -0.3378 -0.3815
vn 0.4586 0.8887 -0.0007
vn 0.4588 0.8885 -0.0003
vn -0.5805 0.4095 -0.7037
vn 0.4592 0.8883 -0.0003
vn 0.4590 0.8884 -0.0005
vn -0.7722 0.5084 -0.3812
vn -0.7721 0.5084 -0.3812
vn 0.4590 0.8884 -0.0011
vn 0.4297 0.9021 0.0389
vn -0.5803 0.4219 -0.6966
vn -0.3989 0.3352 -0.8535
vn 0.4179 0.9070 0.0517
vn -0.7183 0.4901 -0.4938
vn 0.4296 0.9022 0.0389
vn 0.4379 0.8985 0.0299
vn 0.4298 0.9020 -0.0401
vn 0.4489 0.8934 -0.0182
vn 0.9287 -0.3709 -0.0024
vn 0.9303 -0.3663 0.0211
vn 0.4512 0.8923 -0.0145
vn -0.8868 0.4622 0.0007
vn 0.4509 0.8924 -0.0145
vn 0.4576 0.8891 -0.0027
vn 0.8888 -0.4582 -0.0007
vn 0.4555 0.8902 -0.0074
vn -0.8867 0.4623 0.0007
vn 0.8880 -0.4598 0.0003
vn 0.4553 0.8903 -0.0074
vn 0.4590 0.8884 -0.0010
vn 0.4571 0.8894 -0.0041
vn 0.4564 0.8897 -0.0053
vn 0.9234 -0.3830 -0.0229
vn 0.4235 0.9047 -0.0467
vn 0.6773 -0.2212 0.7016
vn 0.4205 0.9059 -0.0498
vn -0.7713 0.5126 0.3773
vn 0.4491 0.8933 -0.0169
vn 0.4469 0.8944 -0.0195
vn -0.5796 0.4150 0.7013
vn 0.4486 0.8935 -0.0171
vn 0.4482 0.8938 -0.0178
vn 0.3842 -0.0863 0.9192
vn 0.4511 0.8924 -0.0147
vn -0.7712 0.5127 0.3773
vn 0.8629 -0.3352 0.3783
vn 0.4493 0.8932 -0.0166
vn 0.6716 -0.2349 0.7027
vn 0.4483 0.8937 -0.0176
vn 0.4493 0.8932 -0.0165
vn -0.7714 0.5097 0.3809
vn 0.4552 0.8904 -0.0081
vn 0.4549 0.8905 -0.0087
vn -0.5799 0.4109 0.7035
vn 0.4556 0.8902 -0.0074
vn 0.4552 0.8904 -0.0082
vn -0.7714 0.5098 0.3808
vn 0.6697 -0.2373 0.7037
vn 0.4550 0.8904 -0.0082
vn 0.4552 0.8903 -0.0079
vn 0.8611 -0.3367 0.3809
vn 0.8611 -0.3367 0.3810
vn 0.4552 0.8904 -0.0079
vn 0.8880 -0.4598 0.0001
vn -0.7719 0.5088 0.3812
vn 0.4569 0.8895 -0.0045
vn 0.4566 0.8896 -0.0048
vn -0.5803 0.4101 0.7037
vn 0.4569 0.8895 -0.0044
vn -0.7718 0.5089 0.3813
vn 0.3871 -0.0715 0.9193
vn 0.4212 0.9056 -0.0492
vn 0.4205 0.9059 -0.0499
vn 0.6773 -0.2214 0.7016
vn 0.4448 0.8954 -0.0219
vn -0.2934 0.2673 0.9178
vn 0.3842 -0.0862 0.9192
vn 0.4481 0.8938 -0.0178
vn 0.6716 -0.2348 0.7027
vn -0.5800 0.4109 0.7034
vn 0.4550 0.8905 -0.0087
vn 0.4546 0.8906 -0.0093
vn -0.2937 0.2622 0.9192
vn 0.3829 -0.0890 0.9195
vn 0.4551 0.8904 -0.0082
vn 0.6697 -0.2372 0.7037
vn 0.0004 0.0001 1.0000
vn 0.4249 0.9041 -0.0448
vn 0.4213 0.9056 -0.0492
vn 0.0012 0.0020 1.0000
vn 0.4320 0.9011 -0.0372
vn 0.4251 0.9040 -0.0449
vn 0.0005 0.0002 1.0000
vn -0.0001 0.0005 1.0000
vn 0.4434 0.8960 -0.0236
vn 0.4321 0.9011 -0.0372
vn 0.0011 0.0021 1.0000
vn -0.0000 0.0005 1.0000
vn -0.2935 0.2673 0.9178
vn 0.4448 0.8953 -0.0219
vn 0.4434 0.8960 -0.0237
vn 0.4527 0.8916 0.0119
vn 0.4544 0.8907 0.0097
vn 0.4546 0.8907 -0.0093
vn 0.4544 0.8907 -0.0099
vn 0.4552 0.8904 -0.0080
vn 0.4550 0.8904 -0.0081
vn 0.3830 -0.0890 0.9195
vn -0.5803 0.4101 0.7036
vn 0.4567 0.8896 -0.0049
vn -0.2941 0.2613 0.9194
vn -0.2941 0.2614 0.9193
vn 0.0006 0.0023 1.0000
vn 0.4545 0.8907 -0.0099
vn 0.4528 0.8915 -0.0119
vn 0.0012 0.0021 1.0000
vn 0.4509 0.8924 0.0145
vn 0.4526 0.8916 0.0119
vn 0.0012 0.0021 -1.0000
vn -0.2940 0.2533 -0.9216
vn 0.4567 0.8896 0.0049
vn -0.6093 0.3883 -0.6914
vn 0.4552 0.8903 0.0079
vn 0.4554 0.8902 0.0074
vn 0.4544 0.8907 0.0096
vn 0.4527 0.8916 0.0118
vn 0.4546 0.8907 0.0092
vn 0.4548 0.8906 0.0086
vn 0.0005 0.0025 -1.0000
vn -0.0021 0.0010 -1.0000
vn 0.0020 -0.0011 -1.0000
vn 0.0017 0.0020 -1.0000
vn 0.0012 0.0022 -1.0000
vn 0.8591 -0.4454 -0.2521
vn 0.9156 -0.3204 -0.2429
vn 0.8327 -0.2670 -0.4851
vn 0.7715 -0.3997 -0.4950
vn 0.4340 0.9002 0.0365
vn 0.3966 0.9148 0.0761
vn 0.3896 0.9172 0.0828
vn 0.4021 0.9130 0.0694
vn 0.4326 0.9008 0.0371
vn 0.8873 -0.4600 -0.0328
vn 0.8591 -0.4455 -0.2519
vn 0.4377 0.8986 0.0298
vn 0.4537 0.8911 0.0098
vn 0.4528 0.8916 0.0117
vn 0.4494 0.8932 0.0164
vn 0.4441 0.8957 0.0224
vn 0.4410 0.8971 0.0259
vn 0.4487 0.8935 0.0169
vn 0.4484 0.8937 0.0176
vn 0.4481 0.8938 0.0176
vn 0.4538 0.8911 -0.0098
vn 0.4528 0.8915 -0.0118
vn 0.4544 0.8907 -0.0097
vn 0.4551 0.8904 -0.0080
vn 0.4554 0.8902 -0.0074
vn 0.4552 0.8903 -0.0078
vn 0.4546 0.8907 -0.0092
vn 0.4548 0.8905 -0.0086
vn 0.0018 0.0019 1.0000
vn 0.0019 -0.0011 1.0000
vn -0.0019 0.0011 1.0000
vn 0.0005 0.0025 1.0000
vn 0.0012 0.0022 1.0000
vn 0.8878 -0.4602 -0.0000
vn 0.8889 -0.4580 0.0002
vn 0.8873 -0.4600 -0.0327
vn 0.4521 0.8918 0.0145
vn 0.4532 0.8913 0.0137
vn 0.8878 -0.4602 0.0023
vn 0.7713 -0.3998 -0.4952
vn 0.8326 -0.2669 -0.4853
vn 0.6913 -0.1881 -0.6977
vn 0.6285 -0.3258 -0.7063
vn 0.6283 -0.3258 -0.7065
vn 0.6912 -0.1880 -0.6978
vn 0.5014 -0.0925 -0.8603
vn 0.4408 -0.2285 -0.8680
vn 0.4406 -0.2285 -0.8681
vn 0.5013 -0.0923 -0.8603
vn 0.2209 -0.1145 -0.9686
vn 0.4179 0.9070 0.0515
vn 0.3956 0.9153 0.0756
vn 0.3835 0.9193 0.0887
vn 0.4071 0.9112 0.0633
vn -0.4490 0.2328 -0.8627
vn -0.3988 0.3353 -0.8536
vn -0.5802 0.4219 -0.6967
vn -0.6305 0.3266 -0.7042
vn -0.2323 0.1204 -0.9652
vn -0.1795 0.2307 -0.9563
vn -0.3987 0.3352 -0.8536
vn -0.4487 0.2327 -0.8628
vn 0.2207 -0.1144 -0.9686
vn 0.2767 0.0147 -0.9609
vn 0.0482 0.1219 -0.9914
vn -0.0057 0.0030 -1.0000
vn -0.0059 0.0030 -1.0000
vn 0.0481 0.1220 -0.9914
vn -0.1794 0.2305 -0.9564
vn -0.2321 0.1204 -0.9652
vn -0.8877 0.4604 -0.0000
vn -0.8866 0.4625 -0.0000
vn -0.8867 0.4624 0.0009
vn -0.8878 0.4603 0.0023
vn -0.8872 0.4601 -0.0356
vn -0.8866 0.4626 -0.0000
vn -0.8579 0.4448 -0.2570
vn -0.8067 0.5335 -0.2542
vn -0.8378 0.5449 -0.0340
vn -0.8872 0.4601 -0.0357
vn -0.7696 0.3990 -0.4985
vn -0.7184 0.4902 -0.4937
vn -0.8579 0.4448 -0.2572
vn -0.6304 0.3268 -0.7041
vn -0.5803 0.4220 -0.6965
vn -0.7183 0.4900 -0.4939
vn -0.7696 0.3989 -0.4986
vn 0.8878 -0.4602 0.0024
vn 0.8889 -0.4581 0.0007
vn 0.8889 -0.4581 -0.0007
vn 0.8877 -0.4603 -0.0023
vn 0.8878 -0.4603 -0.0024
vn 0.8889 -0.4581 -0.0008
vn 0.8629 -0.3351 -0.3782
vn 0.8205 -0.4254 -0.3820
vn 0.8204 -0.4253 -0.3823
vn 0.8628 -0.3351 -0.3784
vn 0.6717 -0.2348 -0.7027
vn 0.6278 -0.3255 -0.7070
vn 0.6277 -0.3255 -0.7072
vn 0.6715 -0.2347 -0.7029
vn 0.3843 -0.0862 -0.9192
vn 0.3399 -0.1762 -0.9238
vn 0.3397 -0.1761 -0.9239
vn 0.3841 -0.0861 -0.9193
vn 0.0018 0.0020 -1.0000
vn 0.0022 -0.0011 -1.0000
vn -0.0022 0.0010 -1.0000
vn -0.0005 0.0007 -1.0000
vn -0.2936 0.2623 -0.9193
vn -0.3396 0.1761 -0.9239
vn -0.3399 0.1761 -0.9238
vn -0.2937 0.2623 -0.9192
vn -0.5798 0.4110 -0.7034
vn -0.6277 0.3254 -0.7072
vn -0.6279 0.3254 -0.7070
vn -0.7713 0.5098 -0.3811
vn -0.8201 0.4252 -0.3829
vn -0.8202 0.4252 -0.3826
vn -0.7714 0.5098 -0.3808
vn -0.8867 0.4624 -0.0008
vn -0.8878 0.4603 -0.0024
vn -0.8878 0.4602 -0.0022
vn -0.8876 0.4606 0.0002
vn -0.8878 0.4602 0.0023
vn 0.8878 -0.4603 0.0023
vn 0.8878 -0.4603 -0.0023
vn 0.8877 -0.4605 -0.0008
vn 0.8611 -0.3368 -0.3808
vn 0.8202 -0.4253 -0.3825
vn 0.8201 -0.4253 -0.3828
vn 0.8610 -0.3367 -0.3811
vn 0.6698 -0.2373 -0.7036
vn 0.6279 -0.3255 -0.7070
vn 0.3832 -0.0889 -0.9194
vn 0.3396 -0.1761 -0.9239
vn 0.3830 -0.0889 -0.9195
vn 0.0018 0.0019 -1.0000
vn -0.0019 0.0011 -1.0000
vn 0.0019 -0.0011 -1.0000
vn -0.0021 0.0011 -1.0000
vn -0.0006 0.0007 -1.0000
vn -0.2939 0.2533 -0.9216
vn -0.8878 0.4603 -0.0023
vn -0.8867 0.4623 0.0008
vn -0.8879 0.4601 0.0023
vn -0.7719 0.5091 -0.3808
vn -0.8866 0.4626 -0.0008
vn -0.8878 0.4602 -0.0024
vn -0.6279 0.3255 -0.7070
vn -0.6092 0.3884 -0.6914
vn -0.7717 0.5090 -0.3812
vn -0.8202 0.4252 -0.3828
vn -0.3398 0.1762 -0.9238
vn -0.2942 0.2534 -0.9215
vn -0.6091 0.3884 -0.6915
vn 0.4584 0.8888 -0.0000
vn 0.4587 0.8886 -0.0000
vn 0.4585 0.8887 -0.0004
vn 0.4565 0.8897 -0.0053
vn 0.4490 0.8933 -0.0182
vn 0.4533 0.8912 -0.0134
vn 0.4573 0.8893 -0.0033
vn 0.4581 0.8889 -0.0015
vn 0.8202 -0.4252 -0.3829
vn 0.8605 -0.3369 -0.3821
vn 0.6687 -0.2373 -0.7047
vn 0.6279 -0.3255 -0.7069
vn 0.6685 -0.2372 -0.7048
vn 0.3819 -0.0895 -0.9199
vn 0.0020 0.0019 -1.0000
vn 0.0023 -0.0012 -1.0000
vn 0.0021 -0.0011 -1.0000
vn 0.0021 -0.0012 1.0000
vn 0.0019 0.0019 1.0000
vn 0.3818 -0.0895 0.9199
vn 0.3396 -0.1761 0.9239
vn -0.0021 0.0011 1.0000
vn 0.4585 0.8887 0.0004
vn 0.4580 0.8889 0.0016
vn 0.4566 0.8896 0.0052
vn 0.4573 0.8893 0.0033
vn 0.4588 0.8885 0.0002
vn 0.4580 0.8890 0.0017
vn 0.4577 0.8891 0.0027
vn 0.4587 0.8886 0.0003
vn 0.4584 0.8887 0.0009
vn -0.3396 0.1762 0.9239
vn 0.0004 0.0025 1.0000
vn -0.0022 0.0011 1.0000
vn 0.6279 -0.3255 0.7070
vn 0.6687 -0.2373 0.7047
vn 0.8604 -0.3367 0.3825
vn 0.8202 -0.4252 0.3828
vn 0.3399 -0.1761 0.9238
vn 0.3821 -0.0896 0.9198
vn 0.6685 -0.2372 0.7049
vn 0.6277 -0.3254 0.7072
vn 0.8202 -0.4252 0.3826
vn 0.8605 -0.3368 0.3822
vn 0.8889 -0.4581 0.0009
vn 0.4587 0.8886 -0.0003
vn 0.4581 0.8889 -0.0017
vn 0.4577 0.8891 -0.0027
vn 0.4582 0.8889 -0.0019
vn 0.4588 0.8885 -0.0002
vn 0.4585 0.8887 -0.0008
vn 0.4585 0.8887 -0.0009
vn -0.0006 0.0005 -1.0000
vn -0.2939 0.2608 -0.9195
vn -0.3397 0.1761 -0.9239
vn -0.3399 0.1762 -0.9238
vn -0.2943 0.2609 -0.9194
vn -0.6278 0.3255 -0.7070
vn -0.5802 0.4096 -0.7040
vn -0.7717 0.5087 -0.3818
vn -0.6277 0.3255 0.7072
vn -0.5801 0.4097 0.7041
vn -0.2942 0.2609 0.9194
vn -0.3399 0.1762 0.9238
vn -0.8201 0.4252 0.3829
vn -0.7717 0.5087 0.3817
vn -0.5802 0.4097 0.7039
vn -0.6278 0.3255 0.7070
vn -0.8878 0.4603 0.0024
vn -0.8873 0.4611 0.0010
vn -0.7718 0.5088 0.3815
vn -0.8202 0.4252 0.3826
vn 0.6277 -0.3255 -0.7071
vn 0.6690 -0.2379 -0.7042
vn 0.3398 -0.1761 -0.9239
vn 0.3823 -0.0899 -0.9197
vn 0.0019 0.0018 -1.0000
vn 0.0022 -0.0012 -1.0000
vn 0.8202 -0.4252 -0.3828
vn 0.8605 -0.3374 -0.3818
vn 0.6279 -0.3256 -0.7070
vn 0.0006 0.0025 -1.0000
vn 0.0021 -0.0011 1.0000
vn 0.0007 -0.0005 1.0000
vn 0.3822 -0.0899 0.9197
vn -0.0020 0.0010 1.0000
vn 0.6279 -0.3256 0.7070
vn 0.8604 -0.3374 0.3819
vn 0.8201 -0.4252 0.3829
vn 0.6690 -0.2379 0.7041
vn 0.6277 -0.3254 0.7071
vn 0.8605 -0.3375 0.3816
vn 0.8889 -0.4581 0.0008
vn 0.4590 0.8884 0.0001
vn 0.4586 0.8887 0.0008
vn 0.4584 0.8888 0.0014
vn 0.4587 0.8886 0.0009
vn 0.4589 0.8885 0.0005
vn -0.3396 0.1760 0.9239
vn -0.2939 0.2606 0.9196
vn 0.4584 0.8888 -0.0014
vn 0.4591 0.8884 -0.0001
vn 0.4588 0.8885 -0.0005
vn -0.0007 0.0003 -1.0000
vn -0.2939 0.2606 -0.9196
vn -0.2941 0.2607 -0.9195
vn -0.5802 0.4095 -0.7041
vn -0.5803 0.4096 -0.7039
vn -0.7719 0.5085 -0.3816
vn -0.8202 0.4251 -0.3829
vn -0.6277 0.3254 0.7072
vn -0.5802 0.4095 0.7041
vn -0.8202 0.4252 0.3828
vn -0.7718 0.5086 0.3816
vn -0.5803 0.4096 0.7039
vn -0.6279 0.3255 0.7070
vn -0.8878 0.4602 0.0024
vn -0.8876 0.4607 0.0005
vn -0.7719 0.5086 0.3814
vn -0.8203 0.4252 0.3826
vn 0.3396 -0.1760 -0.9239
vn 0.3825 -0.0899 -0.9196
vn 0.0018 0.0018 -1.0000
vn 0.6277 -0.3254 -0.7072
vn 0.6690 -0.2380 -0.7041
vn 0.3828 -0.0900 -0.9195
vn 0.8201 -0.4252 -0.3829
vn 0.8605 -0.3376 -0.3816
vn 0.6692 -0.2381 -0.7039
vn 0.6278 -0.3254 -0.7071
vn 0.3823 -0.0900 0.9196
vn 0.3825 -0.0901 0.9195
vn 0.0020 -0.0010 -1.0000
vn 0.6279 -0.3254 0.7070
vn 0.6692 -0.2381 0.7039
vn 0.8605 -0.3376 0.3816
vn 0.8882 -0.4594 0.0005
vn 0.8878 -0.4603 0.0024
vn -0.0023 0.0010 -1.0000
vn -0.2940 0.2606 -0.9196
vn 0.4596 0.8881 -0.0003
vn 0.4544 0.8908 -0.0081
vn 0.4566 0.8897 -0.0048
vn 0.4568 0.8896 -0.0044
vn 0.4592 0.8883 -0.0000
vn 0.4591 0.8884 -0.0003
vn 0.4569 0.8895 -0.0041
vn 0.4590 0.8884 -0.0006
vn 0.4588 0.8885 -0.0010
vn -0.3395 0.1762 0.9239
vn -0.3399 0.1763 -0.9238
vn -0.2942 0.2607 -0.9195
vn -0.5804 0.4096 -0.7039
vn -0.5805 0.4096 -0.7037
vn -0.7720 0.5085 -0.3814
vn -0.6277 0.3255 0.7071
vn -0.5801 0.4094 0.7041
vn -0.2943 0.2607 0.9195
vn -0.3398 0.1762 0.9238
vn -0.8202 0.4252 0.3829
vn -0.5803 0.4095 0.7040
vn -0.8879 0.4601 0.0025
vn -0.8877 0.4604 0.0009
vn -0.7719 0.5085 0.3815
vn 0.9235 -0.3829 -0.0229
vn 0.8875 -0.4601 -0.0262
vn 0.8875 -0.4601 -0.0263
vn 0.9235 -0.3829 -0.0230
vn 0.8606 -0.3369 -0.3819
vn 0.8202 -0.4253 -0.3826
vn -0.8866 0.4625 -0.0008
vn -0.8877 0.4603 -0.0025
vn -0.8867 0.4624 -0.0007
vn -0.8867 0.4624 0.0007
vn -0.8878 0.4603 0.0009
vn 0.8879 -0.4601 -0.0022
vn 0.8879 -0.4601 -0.0024
vn 0.8882 -0.4595 -0.0008
vn 0.8605 -0.3374 -0.3816
vn 0.8202 -0.4252 -0.3826
vn -0.8878 0.4602 -0.0023
vn -0.8877 0.4605 -0.0001
vn -0.8877 0.4603 0.0023
vn -0.8875 0.4608 -0.0003
vn 0.8878 -0.4602 -0.0024
vn 0.8880 -0.4598 -0.0008
vn 0.8605 -0.3377 -0.3814
vn 0.8878 -0.4602 -0.0023
vn 0.8880 -0.4599 0.0002
vn -0.7721 0.5085 -0.3811
vn -0.8866 0.4625 -0.0007
vn -0.8878 0.4603 -0.0025
vn -0.8877 0.4604 0.0023
vn 0.4342 0.9001 -0.0363
vn 0.4299 0.9020 -0.0401
vn 0.8875 -0.4601 0.0237
vn 0.4206 0.9059 -0.0498
vn 0.4237 0.9046 -0.0467
vn 0.8211 -0.4257 0.3801
vn 0.8695 -0.3225 0.3741
vn 0.9303 -0.3662 0.0212
vn 0.8875 -0.4601 0.0239
vn -0.8878 0.4603 0.0011
vn -0.7712 0.5128 0.3772
vn -0.8207 0.4254 0.3815
vn 0.8629 -0.3351 0.3782
vn -0.8877 0.4603 0.0024
vn -0.8867 0.4624 0.0008
vn -0.7714 0.5099 0.3806
vn 0.8202 -0.4253 0.3825
vn 0.8881 -0.4597 0.0004
vn -0.8877 0.4604 0.0024
vn -0.8879 0.4601 0.0008
vn -0.7719 0.5090 0.3810
vn -0.8202 0.4253 0.3826
vn 0.6283 -0.3257 0.7065
vn 0.6774 -0.2213 0.7015
vn 0.8694 -0.3225 0.3744
vn 0.8211 -0.4257 0.3803
vn 0.4213 0.9056 -0.0490
vn 0.4251 0.9041 -0.0447
vn 0.4321 0.9011 -0.0370
vn 0.3385 -0.1754 0.9245
vn 0.3871 -0.0714 0.9193
vn 0.6281 -0.3256 0.7067
vn -0.5795 0.4151 0.7013
vn -0.2936 0.2674 0.9178
vn -0.3406 0.1765 0.9235
vn -0.8206 0.4254 0.3818
vn -0.7712 0.5127 0.3774
vn -0.5796 0.4152 0.7012
vn 0.6717 -0.2348 0.7027
vn 0.8629 -0.3351 0.3784
vn 0.3843 -0.0862 0.9192
vn 0.6715 -0.2347 0.7029
vn -0.6278 0.3254 0.7072
vn -0.5799 0.4110 0.7034
vn -0.2939 0.2623 0.9191
vn -0.7714 0.5098 0.3809
vn -0.5800 0.4111 0.7033
vn 0.6278 -0.3255 0.7070
vn 0.6698 -0.2372 0.7037
vn 0.8611 -0.3366 0.3811
vn 0.8201 -0.4253 0.3828
vn 0.3398 -0.1761 0.9239
vn 0.3830 -0.0890 0.9194
vn 0.6696 -0.2371 0.7039
vn -0.5801 0.4101 0.7037
vn -0.2942 0.2615 0.9193
vn 0.4564 0.8898 -0.0051
vn 0.4563 0.8898 -0.0055
vn -0.5803 0.4102 0.7035
vn 0.0022 -0.0010 1.0000
vn 0.0006 0.0002 1.0000
vn 0.3869 -0.0713 0.9193
vn 0.3382 -0.1754 0.9246
vn -0.3402 0.1765 0.9236
vn -0.2934 0.2673 0.9179
vn -0.0001 0.0007 1.0000
vn 0.0022 -0.0011 1.0000
vn 0.3841 -0.0861 0.9192
vn 0.3396 -0.1760 0.9239
vn -0.3397 0.1761 0.9239
vn -0.2936 0.2622 0.9192
vn -0.0023 0.0012 1.0000
vn 0.3828 -0.0889 0.9195
vn 0.3396 -0.1761 0.9240
vn -0.0022 0.0012 1.0000
vn 0.0003 0.0002 1.0000
vn 0.0020 -0.0010 1.0000
vn -0.0000 0.0007 1.0000
vn 0.4434 0.8960 -0.0235
vn 0.4448 0.8954 -0.0218
vn 0.0006 0.0025 1.0000
vn 0.0017 0.0019 1.0000
vn -0.2124 0.9419 0.2604
vn -0.2364 0.9425 0.2364
vn -0.2381 0.9416 0.2381
vn -0.1593 0.9353 -0.3161
vn -0.1531 0.9343 -0.3219
vn -0.1821 0.9384 -0.2937
vn -0.1861 0.9388 -0.2898
vn -0.1258 0.9287 -0.3488
vn -0.1149 0.9265 -0.3584
vn -0.0553 0.9079 -0.4155
vn -0.0385 0.9029 -0.4282
vn -0.0265 0.8982 -0.4389
vn -0.0065 0.8901 -0.4558
vn -0.0050 0.8899 -0.4562
vn -0.0265 0.8985 -0.4381
vn -0.0148 0.8920 -0.4518
vn -0.0265 0.8981 -0.4389
vn -0.0419 0.9026 -0.4284
vn -0.0385 0.9014 0.4313
vn -0.0144 0.8919 0.4519
vn -0.0205 0.8930 0.4496
vn -0.0210 0.8924 0.4507
vn -0.0444 0.9021 0.4293
vn -0.1489 0.9326 0.3287
vn -0.1499 0.9337 0.3251
vn -0.1802 0.9373 0.2983
vn -0.9239 0.0017 0.3826
vn -0.7596 0.5683 0.3163
vn -0.8054 0.5597 0.1949
vn -0.9704 0.0013 0.2415
vn -0.3179 0.9351 0.1568
vn -0.3487 0.9290 0.1243
vn -0.8053 0.5599 0.1949
vn -0.7594 0.5685 0.3162
vn -0.1949 0.5597 -0.8054
vn -0.2415 0.0013 -0.9704
vn -0.3826 0.0017 -0.9239
vn -0.3163 0.5684 -0.7595
vn -0.1803 0.9373 0.2983
vn -0.2097 0.9399 0.2693
vn -0.4979 0.5756 0.6487
vn -0.4105 0.5733 0.7091
vn -0.7934 0.0021 0.6087
vn -0.6489 0.5752 0.4981
vn -0.7093 0.5731 0.4106
vn -0.8661 0.0019 0.4999
vn -0.2692 0.9400 0.2098
vn -0.2981 0.9373 0.1806
vn -0.7092 0.5732 0.4105
vn -0.6487 0.5754 0.4980
vn -0.0247 0.8977 0.4400
vn -0.0322 0.9005 0.4336
vn -0.0350 0.5340 0.8447
vn -0.0065 0.5243 0.8515
vn -0.5781 0.5760 0.5780
vn -0.6488 0.5752 0.4982
vn -0.7071 0.0022 0.7071
vn -0.6087 0.0021 0.7934
vn -0.4982 0.5753 0.6487
vn -0.5780 0.5760 0.5781
vn -0.7071 0.0023 0.7071
vn -0.4980 0.5755 0.6487
vn -0.2098 0.9400 0.2693
vn -0.2394 0.9408 0.2398
vn -0.5779 0.5762 0.5779
vn -0.8053 0.5599 -0.1949
vn -0.8447 0.5341 -0.0350
vn -0.3896 0.9175 -0.0798
vn -0.3487 0.9290 -0.1243
vn -0.4999 0.0019 0.8661
vn -0.4105 0.5731 0.7093
vn -0.4980 0.5753 0.6489
vn -0.6087 0.0022 0.7934
vn -0.3827 0.0018 0.9239
vn -0.3163 0.5683 0.7595
vn -0.1490 0.9326 0.3288
vn -0.1802 0.9373 0.2984
vn -0.3163 0.5686 0.7594
vn -0.7091 0.5733 -0.4105
vn -0.7594 0.5684 -0.3164
vn -0.3279 0.9328 -0.1496
vn -0.2980 0.9373 -0.1806
vn -0.2415 0.0013 0.9704
vn -0.1949 0.5597 0.8054
vn -0.3163 0.5683 0.7596
vn -0.3826 0.0018 0.9239
vn -0.0350 0.5338 0.8449
vn -0.0987 0.0007 0.9951
vn -0.0222 0.0003 0.9998
vn -0.0065 0.5241 0.8516
vn -0.0350 0.5339 0.8448
vn -0.9704 0.0012 -0.2415
vn -0.9951 0.0006 -0.0987
vn -0.8449 0.5338 -0.0350
vn -0.8055 0.5597 -0.1949
vn -0.7071 0.0022 -0.7071
vn -0.7934 0.0021 -0.6087
vn -0.6488 0.5753 -0.4981
vn -0.5781 0.5759 -0.5780
vn -0.1068 0.9234 0.3686
vn -0.1949 0.5599 0.8053
vn -0.0350 0.5341 0.8447
vn -0.8447 0.5340 -0.0350
vn -0.8515 0.5243 -0.0065
vn -0.4346 0.9002 -0.0293
vn -0.3895 0.9176 -0.0798
vn -0.8661 0.0019 -0.4999
vn -0.9239 0.0018 -0.3826
vn -0.7595 0.5683 -0.3164
vn -0.7093 0.5731 -0.4105
vn -0.9951 0.0007 -0.0987
vn -0.9998 0.0004 -0.0222
vn -0.8517 0.5240 -0.0065
vn -0.7595 0.5685 -0.3164
vn -0.3280 0.9328 -0.1495
vn -0.9239 0.0017 -0.3826
vn -0.8054 0.5597 -0.1949
vn -0.7596 0.5683 -0.3164
vn -0.4346 0.9001 -0.0293
vn -0.8535 0.5212 -0.0009
vn -0.4553 0.8903 -0.0064
vn -0.4999 0.0019 -0.8661
vn -0.6087 0.0022 -0.7934
vn -0.4980 0.5753 -0.6488
vn -0.4107 0.5728 -0.7094
vn -0.6488 0.5755 -0.4980
vn -0.2980 0.9373 -0.1807
vn -0.2692 0.9400 -0.2098
vn -0.6489 0.5753 -0.4980
vn -0.7934 0.0022 -0.6087
vn -0.7092 0.5731 -0.4105
vn -0.0222 0.0002 -0.9998
vn -0.0987 0.0007 -0.9951
vn -0.0350 0.5339 -0.8448
vn -0.0068 0.5229 -0.8523
vn -0.5780 0.5762 -0.5779
vn -0.6487 0.5755 -0.4980
vn -0.2691 0.9400 -0.2098
vn -0.2395 0.9408 -0.2397
vn -0.2099 0.9400 -0.2691
vn -0.4980 0.5754 -0.6488
vn -0.5778 0.5762 -0.5780
vn -0.2395 0.9408 -0.2398
vn -0.6087 0.0021 -0.7934
vn -0.5780 0.5760 -0.5781
vn -0.8539 0.5205 -0.0001
vn -0.4596 0.8881 -0.0000
vn -0.1805 0.9373 -0.2980
vn -0.4106 0.5730 -0.7092
vn -0.4980 0.5755 -0.6488
vn -0.2098 0.9400 -0.2692
vn -0.1495 0.9328 -0.3279
vn -0.3163 0.5685 -0.7594
vn -0.4106 0.5731 -0.7092
vn -0.4106 0.5728 -0.7094
vn -0.3163 0.5683 -0.7595
vn -0.1069 0.9235 0.3685
vn -0.1489 0.9326 0.3288
vn -0.1949 0.5599 -0.8053
vn -0.3162 0.5685 -0.7594
vn -0.1078 0.9239 -0.3673
vn -0.0347 0.9016 -0.4313
vn -0.0350 0.5341 -0.8447
vn -0.1077 0.9238 -0.3674
vn -0.0265 0.8984 -0.4383
vn -0.0068 0.5231 -0.8522
vn -0.0347 0.9015 -0.4314
vn -1.0000 0.0003 -0.0040
vn -0.8535 0.5210 -0.0009
vn -0.0987 0.0006 -0.9951
vn -0.2415 0.0014 -0.9704
vn -0.1949 0.5597 -0.8055
vn -0.0001 0.8881 -0.4596
vn -0.0007 0.5200 -0.8542
vn -0.0050 0.8898 -0.4564
vn -0.8541 0.5200 0.0007
vn -0.8523 0.5231 0.0068
vn -0.4346 0.9002 0.0293
vn -0.4553 0.8903 0.0064
vn -1.0000 0.0002 0.0040
vn -0.8524 0.5229 0.0068
vn -0.8543 0.5198 0.0007
vn -1.0000 0.0001 -0.0000
vn -0.8540 0.5204 -0.0001
vn -0.0222 0.0004 0.9998
vn -0.0040 0.0002 1.0000
vn -0.0009 0.5210 0.8535
vn -0.0065 0.5240 0.8517
vn -0.8538 0.5205 -0.0001
vn -0.8542 0.5200 0.0007
vn -0.4552 0.8904 0.0064
vn -0.8540 0.5203 -0.0001
vn -0.8447 0.5341 0.0350
vn -0.3895 0.9176 0.0798
vn -0.4346 0.9001 0.0293
vn -0.0009 0.5212 0.8535
vn -0.0046 0.8895 0.4570
vn -0.9704 0.0014 0.2415
vn -0.8055 0.5597 0.1949
vn -0.8449 0.5338 0.0351
vn -0.9951 0.0006 0.0987
vn -0.0040 0.0002 -1.0000
vn -0.0007 0.5198 -0.8543
vn -0.0000 0.5197 -0.8543
vn -0.0040 0.0003 1.0000
vn -0.0046 0.8895 0.4569
vn -0.0009 0.5212 0.8534
vn -0.0000 0.5212 0.8534
vn -0.7093 0.5731 0.4105
vn -0.7596 0.5683 0.3164
vn -0.7091 0.5733 0.4105
vn -0.2980 0.9373 0.1806
vn -0.3179 0.9351 0.1569
vn -0.7594 0.5685 0.3163
vn -0.0068 0.5229 -0.8524
vn -0.0068 0.5231 -0.8523
vn -0.3894 0.9176 0.0798
vn -0.2395 0.9408 0.2397
vn -0.2692 0.9400 0.2099
vn -0.6487 0.5754 0.4981
vn -0.5780 0.5762 0.5778
vn -0.0232 0.8970 0.4415
vn -0.0063 0.8899 0.4562
vn -0.0077 0.8903 0.4553
vn -0.0347 0.9016 -0.4312
vn -0.1077 0.9239 -0.3672
vn -0.0348 0.9015 0.4314
vn -0.0494 0.9061 0.4202
vn -0.1223 0.9280 0.3519
vn -0.1105 0.9254 0.3626
vn -0.1559 0.9348 0.3191
vn -0.1879 0.9400 -0.2848
vn -0.1629 0.9368 -0.3095
vn -0.0003 0.8882 -0.4595
vn -0.0050 0.8898 -0.4562
vn -0.0385 0.9028 -0.4283
vn -0.0265 0.8986 -0.4381
vn -0.0346 0.9016 -0.4312
vn -0.2100 0.9408 -0.2661
vn -0.1805 0.9374 -0.2979
vn -0.2098 0.9400 -0.2691
vn -0.1495 0.9328 -0.3278
vn -0.1347 0.9316 -0.3376
vn -0.0724 0.9127 -0.4022
vn -0.0247 0.8977 0.4399
vn -0.0040 0.8893 0.4574
vn -0.0322 0.9006 0.4335
vn -0.1068 0.9235 0.3684
vn -0.2661 0.9408 0.2100
vn -0.2691 0.9400 0.2098
vn -0.2394 0.9409 0.2397
vn -0.2097 0.9400 0.2692
vn -0.2122 0.9409 -0.2640
vn -0.2381 0.9416 -0.2381
vn -0.0178 0.8922 -0.4513
vn -0.0148 0.8920 -0.4519
vn -0.2365 0.9425 -0.2362
vn -0.2125 0.9419 -0.2602
vn -0.0675 0.9111 0.4067
vn -0.1338 0.9313 0.3387
vn -0.1622 0.9367 0.3104
vn -0.0461 0.9028 -0.4275
vn -0.1879 0.9400 0.2848
vn -0.2637 0.9409 -0.2124
vn -0.2602 0.9419 -0.2124
vn -0.2394 0.9409 -0.2397
vn 0.1979 0.9158 0.3494
vn 0.3671 0.8952 -0.2527
vn 0.1144 0.9546 0.2750
vn 0.3723 0.3125 0.8739
vn 0.4669 -0.0670 0.8818
vn 0.6595 0.0020 0.7517
vn 0.5211 0.3653 0.7713
vn -0.0000 0.9682 0.2501
vn 0.1143 0.9546 0.2750
vn 0.7270 0.6460 0.2329
vn 0.9374 0.3324 0.1038
vn 0.9019 0.4308 -0.0311
vn 0.7283 0.5849 0.3570
vn 0.9367 0.2776 0.2132
vn 0.6678 0.6239 -0.4059
vn 0.4599 0.7118 -0.5309
vn 0.3671 0.8952 -0.2528
vn 0.2114 0.8801 0.4252
vn 0.2069 0.8561 0.4736
vn 0.7282 0.5850 0.3571
vn 0.7269 0.6461 0.2329
vn 0.2111 0.8801 0.4252
vn 0.1973 0.9162 0.3487
vn 0.0029 0.8878 0.4602
vn -0.0000 0.9398 -0.3418
vn 0.2238 0.7423 -0.6316
vn 0.0001 0.7371 -0.6757
vn 0.4598 0.7118 -0.5310
vn 0.2239 0.7423 -0.6315
vn 0.2068 0.8561 0.4737
vn 0.7093 0.5181 0.4780
vn 0.7282 0.5849 0.3571
vn 0.5212 0.3654 0.7713
vn 0.6597 0.0020 0.7516
vn 0.8100 0.0925 0.5791
vn 0.7284 0.5848 0.3571
vn 0.7094 0.5180 0.4779
vn 0.9052 0.1979 0.3760
vn 0.9365 0.2781 0.2134
vn 0.0001 0.2694 0.9630
vn 0.0001 -0.1267 0.9919
vn 0.2366 -0.1118 0.9651
vn 0.1921 0.2762 0.9417
vn 0.1037 0.7792 0.6182
vn 0.1863 0.8147 0.5492
vn 0.0030 0.8878 0.4602
vn -0.0016 0.8867 0.4624
vn 0.6382 0.4386 0.6328
vn 0.8101 0.0925 0.5789
vn 0.9052 0.1979 0.3762
vn 0.7094 0.5180 0.4780
vn 0.6331 0.7738 -0.0215
vn 0.8244 0.5235 -0.2152
vn 0.6680 0.6238 -0.4059
vn 0.1922 0.2762 0.9417
vn 0.2369 -0.1118 0.9651
vn 0.4667 -0.0670 0.8818
vn 0.3722 0.3125 0.8739
vn 0.8768 0.2384 -0.4177
vn 0.8664 0.2275 -0.4444
vn 1.0000 -0.0025 -0.0014
vn 0.9762 0.0972 -0.1939
vn 0.9393 0.3043 0.1583
vn -0.0053 0.8890 0.4579
vn -0.0032 0.8885 0.4588
vn 0.8100 0.0925 0.5790
vn -0.0141 0.8896 0.4565
vn -0.0108 0.8894 0.4570
vn 0.9052 0.1980 0.3761
vn 0.8101 0.0925 0.5790
vn 0.6596 0.0020 0.7516
vn -0.0142 0.8896 0.4565
vn -0.0022 0.8882 0.4595
vn -0.0018 0.8881 0.4597
vn 0.9374 0.3324 0.1039
vn 0.4598 0.7119 -0.5308
vn -0.0014 0.8880 0.4598
vn -0.0013 0.8879 0.4600
vn 0.4668 -0.0670 0.8818
vn -0.0015 0.8881 0.4597
vn 0.8244 0.5236 -0.2150
vn 0.9019 0.4309 -0.0311
vn -0.0053 0.8890 0.4580
vn -0.0068 0.8893 0.4573
vn -0.0140 0.8896 0.4564
vn 0.2367 -0.1118 0.9651
vn -0.0019 0.8881 0.4597
vn 0.9019 0.4308 -0.0310
vn 0.6679 0.6238 -0.4059
vn -0.0013 0.8880 0.4598
vn 0.9052 0.1979 0.3761
vn -0.0107 0.8895 0.4569
vn 0.6679 0.6239 -0.4059
vn 0.8244 0.5235 -0.2150
vn -0.0055 0.8890 0.4578
vn -0.0106 0.8894 0.4569
vn -0.0029 0.8883 0.4593
vn -0.0052 0.8890 0.4579
vn -0.0062 0.8899 0.4562
vn -0.0020 0.8880 0.4598
vn -0.0031 0.8885 0.4589
vn -0.0016 0.8881 0.4596
vn -0.0039 0.8892 0.4574
vn -0.0014 0.8881 0.4596
vn -0.0017 0.8880 0.4598
vn -0.0015 0.8879 0.4600
vn -0.0045 0.8895 0.4569
vn -0.0000 0.8881 0.4597
vn -0.0013 0.8881 0.4597
vn -0.0000 0.7678 0.6407
vn 0.1038 0.7792 0.6182
vn 0.0029 0.8878 0.4603
vn 0.1978 0.9158 0.3495
vn 0.1153 0.9543 0.2758
vn 0.0027 0.8878 0.4602
vn 0.1143 0.9546 0.2752
vn 0.0027 0.9682 0.2503
vn -0.0000 0.8878 0.4602
vn 0.0028 0.8878 0.4603
vn 0.2065 0.8561 0.4737
vn 0.2112 0.8801 0.4252
vn 0.0002 0.4600 -0.8879
vn 0.0002 0.4607 -0.8876
vn 0.5019 0.3967 -0.7685
vn 0.5025 0.3966 -0.7682
vn 0.8760 -0.2045 0.4369
vn 0.8656 -0.2327 0.4434
vn 0.5009 -0.3996 0.7677
vn 0.5013 -0.3996 0.7675
vn 0.9876 -0.1503 0.0453
vn 1.0000 -0.0034 0.0001
vn 0.8657 -0.2326 0.4432
vn 0.8761 -0.2044 0.4367
vn 0.5011 -0.3997 0.7675
vn 0.5007 -0.3997 0.7678
vn 0.0002 -0.4605 0.8877
vn 0.0002 -0.4595 0.8882
vn 0.5028 0.3964 -0.7681
vn 0.8767 0.2385 -0.4178
vn 0.0030 0.8877 0.4604
vn 0.9762 0.0973 -0.1940
vn 1.0000 -0.0025 -0.0013
vn 1.0000 -0.0033 -0.0000
vn 0.9876 -0.1502 0.0452
vn -0.5761 0.8154 -0.0567
vn -0.5677 0.8154 -0.1129
vn -0.5677 0.8154 0.1129
vn -0.5761 0.8154 0.0567
vn -0.5539 0.8155 0.1680
vn -0.3218 0.8151 0.4818
vn -0.3672 0.8154 0.4475
vn -0.3217 0.8154 0.4814
vn -0.2729 0.8153 0.5106
vn -0.5539 0.8155 -0.1680
vn -0.2215 0.8154 -0.5348
vn -0.1680 0.8155 -0.5539
vn -0.2729 0.8154 -0.5106
vn -0.3967 0.9148 0.0763
vn 0.5765 0.7985 -0.1731
vn 0.5882 0.8005 -0.1151
vn -0.4340 0.9001 0.0365
vn -0.1880 0.9400 0.2848
vn 0.3354 0.7964 -0.5033
vn 0.3836 0.7964 -0.4677
vn -0.2124 0.9418 0.2605
vn -0.1622 0.9366 0.3104
vn 0.2843 0.7964 -0.5338
vn -0.1879 0.9400 0.2849
vn -0.4343 0.9000 -0.0363
vn 0.5920 0.7976 0.1161
vn 0.5807 0.7953 0.1741
vn -0.3968 0.9148 -0.0762
vn -0.1347 0.9316 -0.3377
vn 0.2302 0.7961 0.5597
vn 0.1737 0.7967 0.5788
vn -0.0724 0.9127 -0.4023
vn -0.1629 0.9368 -0.3096
vn 0.2847 0.7960 0.5343
vn -0.1348 0.9316 -0.3377
vn -0.4341 0.9001 0.0365
vn 0.5938 0.8026 -0.0574
vn -0.4533 0.8913 0.0137
vn -0.4535 0.8912 -0.0134
vn 0.5942 0.8022 0.0585
vn 0.5919 0.7976 0.1161
vn -0.4343 0.9000 -0.0364
vn -0.5789 0.8154 -0.0000
vn -0.1131 0.8151 -0.5682
vn -0.0567 0.8154 -0.5761
vn -0.1131 0.8152 -0.5681
vn -0.5352 0.8151 0.2217
vn -0.5106 0.8154 0.2729
vn -0.2216 0.8154 0.5349
vn -0.1680 0.8154 0.5540
vn -0.5106 0.8153 -0.2729
vn -0.4816 0.8152 -0.3218
vn -0.4814 0.8154 -0.3217
vn -0.4474 0.8154 -0.3673
vn -0.3194 0.9347 0.1560
vn 0.5330 0.7971 -0.2838
vn 0.5578 0.7976 -0.2296
vn -0.3527 0.9278 0.1219
vn -0.1338 0.9313 0.3388
vn 0.2301 0.7964 -0.5593
vn -0.1622 0.9366 0.3105
vn -0.0677 0.9110 0.4068
vn 0.1737 0.7971 -0.5784
vn -0.2844 0.9400 -0.1885
vn 0.5043 0.7954 0.3362
vn 0.4686 0.7956 0.3840
vn -0.2603 0.9419 -0.2124
vn -0.3096 0.9368 -0.1631
vn 0.5349 0.7953 0.2852
vn -0.2846 0.9400 -0.1883
vn -0.0724 0.9126 -0.4023
vn 0.1158 0.7988 0.5903
vn -0.0463 0.9028 -0.4276
vn 0.5938 0.8025 -0.0574
vn 0.5940 0.8044 -0.0002
vn -0.4585 0.8887 -0.0000
vn -0.3528 0.9278 0.1218
vn 0.5578 0.7976 -0.2295
vn -0.3968 0.9148 0.0762
vn 0.5942 0.8022 0.0586
vn -0.0462 0.9027 -0.4277
vn 0.1158 0.7987 0.5904
vn 0.0575 0.8013 0.5956
vn -0.0178 0.8921 -0.4514
vn -0.0567 0.8154 0.5761
vn -0.1131 0.8151 0.5682
vn -0.1131 0.8151 0.5681
vn -0.4816 0.8152 0.3217
vn -0.4813 0.8154 0.3216
vn -0.4476 0.8153 0.3674
vn -0.4474 0.8155 0.3672
vn -0.2846 0.9400 0.1884
vn 0.5026 0.7969 -0.3351
vn 0.5329 0.7972 -0.2838
vn -0.3194 0.9347 0.1561
vn -0.2603 0.9418 0.2126
vn 0.4676 0.7967 -0.3829
vn 0.5027 0.7969 -0.3352
vn -0.2846 0.9400 0.1883
vn -0.0444 0.9020 0.4294
vn 0.1157 0.7990 -0.5901
vn 0.1737 0.7971 -0.5783
vn -0.0675 0.9110 0.4068
vn -0.2366 0.9425 -0.2363
vn 0.4283 0.7957 0.4284
vn 0.3836 0.7958 0.4686
vn -0.2127 0.9418 -0.2602
vn -0.2603 0.9419 -0.2125
vn 0.4686 0.7955 0.3840
vn 0.4282 0.7957 0.4283
vn -0.2366 0.9424 -0.2363
vn -0.0211 0.8923 0.4509
vn 0.0576 0.8015 -0.5953
vn -0.0445 0.9020 0.4294
vn 0.0576 0.8015 -0.5952
vn -0.0210 0.8924 0.4508
vn -0.4095 0.8153 0.4095
vn -0.5352 0.8151 -0.2217
vn -0.3218 0.8152 -0.4816
vn -0.3217 0.8154 -0.4814
vn -0.3673 0.8154 -0.4474
vn -0.3676 0.8152 -0.4475
vn -0.2365 0.9424 0.2364
vn 0.4276 0.7965 -0.4275
vn 0.4676 0.7966 -0.3830
vn -0.2125 0.9418 0.2605
vn 0.3836 0.7964 -0.4676
vn 0.4275 0.7965 -0.4277
vn -0.2364 0.9424 0.2364
vn -0.3527 0.9278 -0.1218
vn 0.5608 0.7951 0.2307
vn 0.5348 0.7954 0.2852
vn -0.3097 0.9368 -0.1629
vn -0.3967 0.9148 -0.0763
vn 0.5808 0.7952 0.1741
vn 0.5608 0.7952 0.2307
vn -0.1881 0.9400 -0.2848
vn 0.3355 0.7958 0.5040
vn 0.2847 0.7960 0.5342
vn -0.1631 0.9368 -0.3096
vn -0.2125 0.9419 -0.2603
vn 0.3835 0.7957 0.4687
vn 0.3356 0.7958 0.5040
vn -0.1880 0.9400 -0.2848
vn 0.0575 0.8013 0.5955
vn -0.0002 0.8889 -0.4581
vn -0.4095 0.8152 -0.4095
vn -0.0107 0.8894 0.4569
vn -0.0140 0.8896 0.4566
vn -0.0141 0.8896 0.4566
vn 0.9992 -0.0000 -0.0400
vn 0.9239 -0.0000 -0.3826
vn 0.9992 0.0001 -0.0400
vn 0.0400 -0.0000 0.9992
vn 0.3826 -0.0000 0.9239
vn 0.0400 0.0001 0.9992
vn 0.3828 -0.0000 0.9238
vn 0.7071 -0.0000 0.7072
vn 1.0000 -0.0000 -0.0000
vn 0.9992 -0.0000 -0.0399
vn 0.0399 -0.0000 0.9992
vn 0.0399 -0.0000 -0.9992
vn 0.9992 -0.0000 0.0399
vn 0.9238 -0.0000 -0.3828
vn 0.7072 -0.0000 -0.7071
vn 0.7071 -0.0000 -0.7072
vn 0.3828 -0.0000 -0.9238
vn 0.3826 -0.0000 -0.9239
vn 0.0400 -0.0000 -0.9992
vn 0.7072 -0.0000 0.7071
vn 0.9238 -0.0000 0.3828
vn 0.9239 -0.0000 0.3826
vn 0.9992 -0.0000 0.0400
vn -0.0051 -0.7069 0.7073
vn -0.0223 -0.0000 0.9998
vn -0.0990 0.0004 0.9951
vn -0.0263 -0.7064 0.7074
vn -0.0009 -0.7071 0.7071
vn -0.0040 -0.0002 1.0000
vn -0.0009 -0.7072 0.7071
vn -0.0051 -0.7071 0.7071
vn -0.0012 -1.0000 -0.0022
vn -0.3548 -0.7044 -0.6148
vn -0.2717 -0.7044 -0.6557
vn -0.0010 -1.0000 -0.0024
vn -0.3549 -0.7043 -0.6149
vn -0.5001 0.0016 -0.8660
vn -0.3828 0.0014 -0.9238
vn -0.2718 -0.7042 -0.6559
vn -0.3550 -0.7042 -0.6149
vn -0.4322 -0.7042 -0.5633
vn -0.6088 0.0017 -0.7933
vn -0.5001 0.0016 -0.8659
vn -0.0012 -1.0000 -0.0021
vn -0.0017 -1.0000 -0.0021
vn -0.4322 -0.7043 -0.5632
vn -0.3549 -0.7044 -0.6147
vn -0.0025 -1.0000 0.0006
vn -0.6896 -0.7052 0.1645
vn -0.7073 -0.7065 0.0263
vn -0.0026 -1.0000 0.0002
vn -0.6898 -0.7050 0.1645
vn -0.9703 0.0008 0.2418
vn -0.9951 0.0002 0.0990
vn -0.7074 -0.7063 0.0263
vn -0.6560 -0.7041 0.2718
vn -0.9238 0.0014 0.3828
vn -0.9703 0.0008 0.2419
vn -0.0025 -1.0000 0.0010
vn -0.6558 -0.7044 0.2717
vn -0.6897 -0.7052 0.1645
vn -0.0019 -1.0000 -0.0018
vn -0.5023 -0.7039 -0.5023
vn -0.4322 -0.7043 -0.5631
vn -0.5023 -0.7038 -0.5024
vn -0.7071 0.0019 -0.7071
vn -0.4322 -0.7042 -0.5632
vn -0.5024 -0.7038 -0.5023
vn -0.5632 -0.7042 -0.4322
vn -0.7933 0.0017 -0.6088
vn -0.0019 -1.0000 -0.0017
vn -0.0022 -1.0000 -0.0015
vn -0.5631 -0.7043 -0.4322
vn -0.0024 -1.0000 0.0012
vn -0.6147 -0.7045 0.3549
vn -0.6557 -0.7044 0.2718
vn -0.6148 -0.7043 0.3549
vn -0.8660 0.0016 0.5001
vn -0.6559 -0.7041 0.2719
vn -0.5632 -0.7042 0.4322
vn -0.7933 0.0017 0.6088
vn -0.0024 -1.0000 0.0013
vn -0.0021 -1.0000 0.0017
vn -0.5632 -0.7044 0.4321
vn -0.6146 -0.7045 0.3549
vn -0.0022 -1.0000 -0.0014
vn -0.6148 -0.7044 -0.3549
vn -0.5632 -0.7043 -0.4322
vn -0.6148 -0.7042 -0.3550
vn -0.8660 0.0015 -0.5001
vn -0.5633 -0.7042 -0.4322
vn -0.6148 -0.7043 -0.3549
vn -0.6559 -0.7042 -0.2719
vn -0.9238 0.0014 -0.3828
vn -0.8660 0.0016 -0.5000
vn -0.0022 -1.0000 -0.0013
vn -0.0026 -1.0000 -0.0010
vn -0.6559 -0.7042 -0.2718
vn -1.0000 -0.0001 -0.0000
vn -0.7073 -0.7069 -0.0000
vn -0.7072 -0.7071 0.0007
vn -1.0000 -0.0002 0.0040
vn -0.7072 -0.7071 -0.0000
vn -0.0023 -1.0000 -0.0000
vn -0.0024 -1.0000 -0.0001
vn -0.7070 -0.7072 0.0007
vn -0.0018 -1.0000 0.0019
vn -0.5020 -0.7044 0.5019
vn -0.5631 -0.7043 0.4322
vn -0.5021 -0.7042 0.5020
vn -0.7071 0.0019 0.7071
vn -0.5021 -0.7042 0.5021
vn -0.4322 -0.7042 0.5632
vn -0.6088 0.0017 0.7933
vn -0.0018 -1.0000 0.0020
vn -0.0016 -1.0000 0.0022
vn -0.4322 -0.7043 0.5631
vn -0.5019 -0.7044 0.5020
vn -0.7071 -0.7072 -0.0007
vn -1.0000 -0.0003 -0.0040
vn -0.7072 -0.7071 -0.0007
vn -0.0025 -1.0000 -0.0006
vn -0.6897 -0.7052 -0.1645
vn -0.6559 -0.7043 -0.2718
vn -0.0026 -1.0000 -0.0009
vn -0.6898 -0.7051 -0.1646
vn -0.9703 0.0009 -0.2418
vn -0.6560 -0.7041 -0.2718
vn -0.6898 -0.7050 -0.1645
vn -0.7074 -0.7064 -0.0263
vn -0.9951 0.0004 -0.0990
vn -0.0026 -1.0000 -0.0002
vn -0.7073 -0.7065 -0.0263
vn -0.6896 -0.7052 -0.1645
vn -0.0013 -1.0000 0.0024
vn -0.3549 -0.7045 0.6146
vn -0.4321 -0.7044 0.5631
vn -0.0014 -1.0000 0.0022
vn -0.3550 -0.7043 0.6148
vn -0.5001 0.0016 0.8660
vn -0.4322 -0.7042 0.5633
vn -0.3549 -0.7043 0.6148
vn -0.2718 -0.7042 0.6559
vn -0.3829 0.0014 0.9238
vn -0.0012 -1.0000 0.0024
vn -0.0010 -1.0000 0.0026
vn -0.2718 -0.7044 0.6557
vn -0.3549 -0.7045 0.6147
vn -0.0001 -1.0000 0.0023
vn -0.0040 -0.0003 1.0000
vn -0.0009 -0.7071 0.7072
vn -0.0006 -1.0000 0.0025
vn -0.1645 -0.7052 0.6897
vn -0.2718 -0.7044 0.6558
vn -0.0009 -1.0000 0.0026
vn -0.1646 -0.7050 0.6898
vn -0.2418 0.0009 0.9703
vn -0.3828 0.0014 0.9238
vn -0.1645 -0.7050 0.6898
vn -0.0263 -0.7065 0.7073
vn -0.1645 -0.7052 0.6896
vn -0.0009 -0.7069 -0.7073
vn -0.0040 -0.0001 -1.0000
vn -0.0000 -1.0000 -0.0023
vn -0.0009 -0.7071 -0.7071
vn -0.0001 -1.0000 -0.0027
vn -0.0051 -0.7071 -0.7071
vn -0.0051 -0.7069 -0.7073
vn -0.0222 -0.0000 -0.9998
vn -0.0009 -0.7070 -0.7073
vn -0.0051 -0.7070 -0.7072
vn -0.0263 -0.7064 -0.7074
vn -0.0990 0.0003 -0.9951
vn -0.0002 -1.0000 -0.0026
vn -0.0263 -0.7065 -0.7072
vn -0.0051 -0.7070 -0.7071
vn -0.0026 -1.0000 -0.0001
vn -0.7071 -0.7070 -0.0051
vn -0.7072 -0.7065 -0.0263
vn -0.7072 -0.7069 -0.0051
vn -0.9998 -0.0000 -0.0223
vn -0.7072 -0.7070 -0.0051
vn -0.7071 -0.7071 -0.0007
vn -1.0000 -0.0002 -0.0040
vn -0.7071 -0.7071 -0.0051
vn -0.0022 -1.0000 -0.0000
vn -0.7071 -0.7071 0.0051
vn -0.7073 -0.7069 0.0051
vn -0.9998 -0.0000 0.0222
vn -1.0000 -0.0001 0.0040
vn -0.7072 -0.7070 0.0051
vn -0.7074 -0.7064 0.0263
vn -0.9951 0.0003 0.0990
vn -0.7072 -0.7065 0.0263
vn -0.7071 -0.7070 0.0051
vn -0.0009 -1.0000 -0.0026
vn -0.1645 -0.7052 -0.6896
vn -0.0263 -0.7065 -0.7073
vn -0.1645 -0.7050 -0.6898
vn -0.2418 0.0008 -0.9703
vn -0.0990 0.0002 -0.9951
vn -0.0264 -0.7064 -0.7074
vn -0.2717 -0.7042 -0.6559
vn -0.2419 0.0008 -0.9703
vn -0.0009 -1.0000 -0.0024
vn -0.1645 -0.7052 -0.6897
vn -0.0020 -1.0000 -0.0000
vn -0.0023 -1.0000 -0.0001
vn -0.0025 -1.0000 0.0002
vn -0.0001 -1.0000 0.0025
vn -0.0003 -1.0000 0.0025
vn -0.0024 -1.0000 0.0006
vn -0.0024 -1.0000 0.0010
vn -0.0023 -1.0000 0.0012
vn -0.0020 -1.0000 0.0016
vn -0.0017 -1.0000 0.0019
vn -0.0014 -1.0000 0.0021
vn -0.0012 -1.0000 0.0023
vn -0.0009 -1.0000 0.0025
vn -0.0006 -1.0000 0.0024
vn -0.0001 -1.0000 -0.0026
vn 0.0001 -1.0000 -0.0025
vn -0.0002 -1.0000 -0.0025
vn -0.0025 -1.0000 -0.0001
vn -0.0025 -1.0000 -0.0002
vn -0.0009 -1.0000 -0.0025
vn -0.0009 -1.0000 -0.0023
vn -0.0016 -1.0000 -0.0020
vn -0.0018 -1.0000 -0.0017
vn -0.0021 -1.0000 -0.0014
vn -0.0021 -1.0000 -0.0013
vn -0.0025 -1.0000 -0.0009
vn -0.0024 -1.0000 -0.0006
vn -0.3195 0.9348 0.1554
vn -0.3190 0.9349 0.1557
vn -0.2936 0.9384 0.1821
vn -0.2898 0.9388 0.1862
vn -0.3530 0.9278 0.1205
vn -0.3515 0.9283 0.1215
vn -0.3947 0.9156 0.0763
vn -0.3924 0.9165 0.0773
vn -0.4552 0.8904 0.0063
vn -0.4345 0.9002 0.0293
vn -0.4324 0.9011 0.0335
vn -0.4537 0.8911 0.0098
vn -0.4544 0.8908 0.0082
vn -0.3893 0.9176 0.0798
vn -0.2979 0.9374 0.1806
vn -0.3486 0.9290 0.1243
vn -0.3178 0.9351 0.1568
vn -0.3193 0.9347 0.1559
vn -0.3526 0.9278 0.1217
vn -0.3528 0.9278 0.1211
vn -0.2936 0.9384 -0.1821
vn -0.2979 0.9373 -0.1806
vn -0.3278 0.9328 -0.1495
vn -0.3223 0.9343 -0.1526
vn -0.2602 0.9419 0.2125
vn -0.2640 0.9409 0.2122
vn -0.2845 0.9400 0.1883
vn -0.3165 0.9352 -0.1589
vn -0.3515 0.9283 -0.1215
vn -0.3530 0.9278 -0.1205
vn -0.2661 0.9408 -0.2100
vn -0.4544 0.8908 -0.0082
vn -0.4537 0.8911 -0.0098
vn -0.4324 0.9010 -0.0335
vn -0.4345 0.9002 -0.0293
vn -0.4552 0.8904 -0.0064
vn -0.4316 0.9014 -0.0354
vn -0.4316 0.9013 -0.0366
vn -0.3947 0.9156 -0.0762
vn -0.3924 0.9165 -0.0773
vn -0.2898 0.9388 -0.1862
vn -0.3486 0.9290 -0.1243
vn -0.3894 0.9176 -0.0798
vn -0.2979 0.9374 -0.1806
vn -0.4296 0.9022 0.0388
vn -0.4316 0.9014 0.0354
vn -0.2844 0.9400 -0.1883
vn -0.3096 0.9368 -0.1629
vn -0.3956 0.9153 -0.0763
vn -0.3966 0.9148 -0.0761
vn -0.3526 0.9278 -0.1219
vn -0.3526 0.9278 -0.1218
vn -0.8327 -0.2671 -0.4851
vn -0.3794 0.9205 0.0934
vn -0.3894 0.9173 0.0827
vn -0.9156 -0.3205 -0.2429
vn -0.9358 -0.3517 -0.0256
vn -0.4020 0.9130 0.0694
vn -0.4325 0.9009 0.0371
vn -0.8889 -0.4581 0.0002
vn -0.9155 -0.3206 -0.2429
vn -0.3895 0.9173 0.0827
vn -0.4020 0.9130 0.0693
vn -0.6913 -0.1883 -0.6976
vn -0.3751 0.9218 0.0981
vn -0.3793 0.9205 0.0933
vn -0.5014 -0.0923 -0.8603
vn -0.3764 0.9214 0.0964
vn -0.3749 0.9219 0.0979
vn -0.6912 -0.1882 -0.6977
vn -0.2767 0.0147 -0.9608
vn -0.3835 0.9193 0.0888
vn 0.3989 0.3351 -0.8536
vn -0.4179 0.9070 0.0516
vn -0.4071 0.9112 0.0632
vn 0.1794 0.2305 -0.9564
vn -0.8889 -0.4581 0.0003
vn -0.4520 0.8919 0.0146
vn -0.8889 -0.4582 -0.0001
vn 0.1795 0.2304 -0.9564
vn -0.4071 0.9112 0.0633
vn -0.3956 0.9153 0.0757
vn -0.0482 0.1218 -0.9914
vn 0.8867 0.4624 -0.0000
vn -0.4511 0.8924 0.0145
vn -0.4442 0.8957 0.0225
vn 0.8378 0.5449 -0.0340
vn 0.8379 0.5448 -0.0340
vn -0.4412 0.8970 0.0259
vn 0.8067 0.5334 -0.2543
vn 0.8068 0.5333 -0.2544
vn -0.4378 0.8986 0.0298
vn 0.7183 0.4900 -0.4938
vn -0.0481 0.1219 -0.9914
vn -0.3834 0.9193 0.0887
vn -0.2767 0.0146 -0.9608
vn -0.8629 -0.3352 -0.3783
vn -0.4493 0.8932 0.0164
vn -0.4509 0.8925 0.0146
vn -0.8889 -0.4582 -0.0005
vn -0.6716 -0.2348 -0.7028
vn -0.4483 0.8937 0.0176
vn -0.4493 0.8932 0.0165
vn -0.8629 -0.3353 -0.3782
vn -0.3842 -0.0862 -0.9192
vn -0.4481 0.8938 0.0177
vn -0.6716 -0.2348 -0.7027
vn -0.0016 0.0019 -1.0000
vn -0.4486 0.8935 0.0171
vn -0.3842 -0.0863 -0.9192
vn 0.2936 0.2621 -0.9193
vn -0.4546 0.8907 0.0093
vn -0.4543 0.8908 0.0098
vn -0.0006 0.0024 -1.0000
vn 0.5799 0.4109 -0.7035
vn -0.4548 0.8905 0.0088
vn -0.4546 0.8906 0.0093
vn 0.2936 0.2620 -0.9193
vn 0.7714 0.5097 -0.3809
vn -0.4552 0.8904 0.0081
vn -0.4548 0.8905 0.0087
vn 0.5798 0.4109 -0.7035
vn 0.8868 0.4622 -0.0008
vn -0.4555 0.8902 0.0075
vn -0.4552 0.8904 0.0082
vn 0.7715 0.5097 -0.3808
vn -0.8611 -0.3367 -0.3810
vn -0.4551 0.8904 0.0079
vn -0.4553 0.8903 0.0074
vn -0.8889 -0.4581 -0.0007
vn -0.6699 -0.2374 -0.7035
vn -0.4550 0.8904 0.0082
vn -0.8611 -0.3367 -0.3809
vn -0.3830 -0.0891 -0.9195
vn -0.4551 0.8904 0.0082
vn -0.4550 0.8905 0.0082
vn -0.0019 0.0016 -1.0000
vn -0.4552 0.8904 0.0079
vn -0.4551 0.8904 0.0081
vn -0.3830 -0.0890 -0.9195
vn -0.0019 0.0017 -1.0000
vn -0.0013 0.0020 -1.0000
vn -0.4553 0.8903 0.0078
vn -0.4552 0.8904 0.0080
vn -0.0005 0.0024 -1.0000
vn -0.4562 0.8899 0.0056
vn -0.4553 0.8903 0.0077
vn 0.8868 0.4622 -0.0007
vn -0.4571 0.8894 0.0042
vn -0.4568 0.8896 0.0044
vn 0.7719 0.5089 -0.3810
vn 0.7718 0.5090 -0.3810
vn -0.4568 0.8895 0.0044
vn -0.4566 0.8896 0.0048
vn 0.6091 0.3883 -0.6915
vn -0.4567 0.8896 0.0050
vn -0.4566 0.8896 0.0050
vn 0.4473 0.3392 -0.8276
vn 0.2941 0.2534 -0.9216
vn -0.4565 0.8897 0.0053
vn -0.4563 0.8898 0.0057
vn -0.0004 0.0024 -1.0000
vn 0.4474 0.3393 -0.8275
vn -0.4565 0.8897 0.0054
vn 0.2940 0.2533 -0.9216
vn -0.3819 -0.0897 -0.9198
vn -0.4585 0.8887 -0.0003
vn -0.4579 0.8890 -0.0014
vn -0.6686 -0.2373 -0.7048
vn -0.4236 0.9046 -0.0469
vn -0.8694 -0.3225 0.3744
vn -0.9303 -0.3663 0.0211
vn -0.4297 0.9021 -0.0401
vn -0.0017 0.0018 -1.0000
vn -0.4587 0.8886 0.0002
vn -0.3821 -0.0897 -0.9198
vn -0.0017 0.0018 1.0000
vn -0.4587 0.8886 -0.0002
vn -0.4587 0.8886 -0.0001
vn -0.0004 0.0024 1.0000
vn -0.6685 -0.2374 0.7048
vn -0.4580 0.8890 0.0014
vn -0.4585 0.8887 0.0003
vn -0.3821 -0.0896 0.9198
vn -0.3819 -0.0896 0.9198
vn -0.4584 0.8887 0.0002
vn -0.0016 0.0018 1.0000
vn -0.8604 -0.3368 0.3824
vn -0.4572 0.8894 0.0032
vn -0.4581 0.8889 0.0014
vn -0.6686 -0.2373 0.7048
vn -0.8888 -0.4583 0.0008
vn -0.4565 0.8897 0.0052
vn -0.4572 0.8893 0.0033
vn -0.8604 -0.3368 0.3825
vn -0.8888 -0.4582 -0.0000
vn -0.8889 -0.4582 0.0008
vn -0.0018 0.0018 1.0000
vn -0.4553 0.8903 -0.0079
vn -0.4564 0.8898 -0.0057
vn -0.0006 0.0024 1.0000
vn 0.5801 0.4095 -0.7041
vn -0.4585 0.8887 -0.0008
vn -0.4588 0.8885 -0.0001
vn 0.2941 0.2607 -0.9195
vn -0.4587 0.8886 0.0001
vn 0.2942 0.2607 -0.9195
vn -0.4588 0.8886 -0.0002
vn -0.0005 0.0024 1.0000
vn -0.4588 0.8886 -0.0000
vn 0.2941 0.2608 0.9195
vn 0.2941 0.2607 0.9195
vn -0.4588 0.8886 0.0002
vn -0.4586 0.8886 0.0008
vn 0.5801 0.4096 0.7041
vn 0.5802 0.4095 0.7041
vn -0.4586 0.8887 0.0009
vn -0.4581 0.8889 0.0017
vn 0.7717 0.5087 0.3816
vn 0.7718 0.5087 0.3816
vn -0.4581 0.8889 0.0016
vn -0.4578 0.8891 0.0027
vn 0.8866 0.4624 0.0007
vn -0.3824 -0.0899 -0.9196
vn -0.4584 0.8887 -0.0008
vn -0.6690 -0.2381 -0.7041
vn -0.0018 0.0017 -1.0000
vn -0.4589 0.8885 0.0001
vn -0.4588 0.8885 -0.0002
vn -0.3825 -0.0900 -0.9196
vn -0.3824 -0.0900 0.9196
vn -0.4588 0.8885 0.0001
vn -0.4589 0.8885 -0.0001
vn -0.6691 -0.2380 0.7041
vn -0.4584 0.8887 0.0007
vn -0.4588 0.8885 -0.0000
vn -0.3823 -0.0900 0.9196
vn -0.8605 -0.3376 0.3816
vn -0.4580 0.8890 0.0017
vn -0.6690 -0.2380 0.7041
vn -0.8888 -0.4582 0.0007
vn -0.4576 0.8891 0.0026
vn -0.4580 0.8889 0.0015
vn -0.8605 -0.3376 0.3817
vn -0.0005 0.0023 1.0000
vn -0.0017 0.0017 1.0000
vn -0.4589 0.8885 -0.0002
vn -0.4591 0.8884 -0.0001
vn 0.5798 0.4093 -0.7044
vn -0.4589 0.8885 -0.0004
vn -0.4591 0.8884 -0.0000
vn 0.2940 0.2605 -0.9196
vn 0.8867 0.4624 0.0001
vn 0.8867 0.4624 0.0007
vn -0.4511 0.8924 0.0147
vn -0.4590 0.8885 0.0001
vn -0.4589 0.8885 0.0002
vn -0.4590 0.8884 0.0001
vn -0.4590 0.8884 0.0002
vn -0.4590 0.8885 -0.0002
vn -0.4592 0.8884 -0.0000
vn 0.2941 0.2606 0.9196
vn 0.2941 0.2605 0.9196
vn -0.4590 0.8884 0.0004
vn 0.5804 0.4095 0.7039
vn 0.5803 0.4094 0.7040
vn -0.4589 0.8885 0.0003
vn -0.4588 0.8886 0.0009
vn 0.7719 0.5085 0.3814
vn 0.7719 0.5085 0.3815
vn -0.4588 0.8885 0.0009
vn -0.4585 0.8887 0.0014
vn 0.8874 0.4609 0.0001
vn 0.8874 0.4609 0.0003
vn -0.4556 0.8902 0.0074
vn -0.3825 -0.0901 -0.9196
vn -0.4589 0.8885 -0.0000
vn -0.4587 0.8886 -0.0004
vn -0.6691 -0.2381 -0.7040
vn -0.4590 0.8884 -0.0000
vn -0.6691 -0.2381 0.7040
vn -0.3825 -0.0900 0.9195
vn -0.3826 -0.0900 0.9195
vn -0.8604 -0.3378 0.3815
vn -0.4586 0.8887 0.0007
vn -0.4588 0.8885 0.0003
vn -0.8880 -0.4599 0.0005
vn -0.4582 0.8888 0.0014
vn -0.8605 -0.3377 0.3815
vn -0.8879 -0.4600 0.0003
vn -0.8889 -0.4582 -0.0007
vn -0.4582 0.8888 0.0012
vn -0.4592 0.8883 0.0001
vn -0.4591 0.8884 0.0001
vn -0.0017 0.0017 -1.0000
vn -0.0018 0.0017 1.0000
vn -0.4593 0.8883 -0.0002
vn 0.2942 0.2606 -0.9195
vn -0.4593 0.8883 -0.0000
vn 0.5805 0.4095 -0.7038
vn -0.4592 0.8883 -0.0002
vn 0.2941 0.2606 -0.9196
vn -0.4592 0.8883 -0.0001
vn -0.4593 0.8883 0.0001
vn 0.2942 0.2606 0.9195
vn -0.4593 0.8883 0.0002
vn 0.5805 0.4095 0.7038
vn 0.2941 0.2606 0.9195
vn -0.4594 0.8883 -0.0000
vn -0.4592 0.8883 0.0003
vn -0.4591 0.8884 0.0006
vn 0.7722 0.5084 0.3812
vn -0.4589 0.8885 0.0010
vn 0.8867 0.4623 0.0007
vn -0.8607 -0.3370 -0.3817
vn -0.4572 0.8893 -0.0031
vn -0.4564 0.8897 -0.0053
vn -0.9235 -0.3830 -0.0228
vn -0.4579 0.8890 -0.0015
vn -0.4572 0.8894 -0.0032
vn -0.8607 -0.3370 -0.3815
vn 0.7717 0.5086 -0.3817
vn -0.4582 0.8888 -0.0017
vn 0.5801 0.4096 -0.7041
vn 0.8867 0.4623 -0.0009
vn -0.4578 0.8891 -0.0026
vn 0.7717 0.5086 -0.3818
vn -0.8605 -0.3375 -0.3816
vn -0.4580 0.8889 -0.0016
vn -0.4576 0.8892 -0.0027
vn -0.8889 -0.4582 -0.0006
vn -0.4580 0.8889 -0.0017
vn -0.8605 -0.3376 -0.3816
vn 0.7719 0.5085 -0.3815
vn -0.4587 0.8886 -0.0007
vn 0.5798 0.4092 -0.7046
vn 0.8874 0.4610 -0.0005
vn -0.4585 0.8887 -0.0014
vn -0.4587 0.8886 -0.0008
vn -0.8605 -0.3377 -0.3815
vn -0.4585 0.8887 -0.0009
vn -0.4583 0.8888 -0.0015
vn -0.8881 -0.4597 -0.0003
vn -0.6691 -0.2382 -0.7040
vn -0.8605 -0.3377 -0.3814
vn 0.7719 0.5084 -0.3816
vn -0.4590 0.8884 -0.0006
vn -0.4592 0.8884 -0.0002
vn 0.5804 0.4095 -0.7039
vn -0.4589 0.8885 -0.0008
vn 0.3988 0.3351 -0.8536
vn 0.5800 0.4222 -0.6966
vn -0.4297 0.9022 0.0390
vn -0.4296 0.9022 0.0389
vn 0.7183 0.4901 -0.4938
vn -0.9287 -0.3708 -0.0024
vn -0.4489 0.8934 -0.0182
vn -0.4298 0.9020 -0.0400
vn 0.8868 0.4622 0.0007
vn -0.4511 0.8924 -0.0145
vn -0.4578 0.8890 -0.0026
vn 0.8867 0.4624 -0.0008
vn -0.4509 0.8925 -0.0145
vn -0.8888 -0.4582 0.0006
vn 0.8868 0.4622 0.0009
vn -0.4556 0.8902 -0.0074
vn 0.8874 0.4610 -0.0004
vn -0.4583 0.8888 -0.0014
vn -0.4553 0.8903 -0.0074
vn -0.8882 -0.4595 0.0004
vn -0.4571 0.8894 -0.0041
vn 0.8867 0.4623 -0.0008
vn -0.9235 -0.3830 -0.0229
vn -0.4564 0.8898 -0.0053
vn -0.4490 0.8934 -0.0182
vn -0.6774 -0.2211 0.7016
vn -0.8695 -0.3225 0.3742
vn -0.4236 0.9046 -0.0467
vn -0.4205 0.9059 -0.0498
vn 0.5796 0.4151 0.7013
vn -0.4470 0.8943 -0.0195
vn -0.4491 0.8933 -0.0169
vn 0.7712 0.5128 0.3773
vn -0.3842 -0.0862 0.9192
vn -0.4482 0.8938 -0.0179
vn -0.4487 0.8935 -0.0172
vn 0.7711 0.5127 0.3774
vn -0.4512 0.8923 -0.0145
vn 0.8867 0.4623 0.0006
vn -0.8889 -0.4582 0.0006
vn -0.4509 0.8924 -0.0145
vn -0.4493 0.8932 -0.0166
vn -0.8629 -0.3352 0.3783
vn -0.8628 -0.3353 0.3783
vn -0.4493 0.8933 -0.0164
vn -0.4483 0.8937 -0.0177
vn -0.6715 -0.2348 0.7029
vn 0.5799 0.4108 0.7036
vn -0.4549 0.8905 -0.0087
vn -0.4551 0.8904 -0.0081
vn 0.7714 0.5097 0.3809
vn 0.7715 0.5097 0.3809
vn -0.4553 0.8903 -0.0081
vn -0.8610 -0.3368 0.3811
vn -0.4551 0.8904 -0.0080
vn -0.4550 0.8904 -0.0082
vn -0.6697 -0.2372 0.7037
vn -0.8881 -0.4596 0.0006
vn -0.4551 0.8904 -0.0079
vn -0.8611 -0.3367 0.3810
vn 0.5802 0.4100 0.7037
vn -0.4567 0.8896 -0.0049
vn -0.4569 0.8895 -0.0046
vn 0.7719 0.5089 0.3810
vn -0.4569 0.8895 -0.0045
vn -0.4571 0.8894 -0.0040
vn 0.8868 0.4622 0.0005
vn -0.4205 0.9059 -0.0499
vn -0.4213 0.9056 -0.0491
vn -0.3870 -0.0715 0.9193
vn 0.2934 0.2674 0.9178
vn -0.4448 0.8954 -0.0219
vn -0.4469 0.8944 -0.0195
vn 0.5796 0.4152 0.7012
vn -0.6715 -0.2349 0.7028
vn -0.4482 0.8937 -0.0177
vn -0.4483 0.8937 -0.0179
vn -0.3842 -0.0861 0.9192
vn 0.2935 0.2621 0.9193
vn -0.4545 0.8907 -0.0093
vn -0.4549 0.8905 -0.0086
vn 0.5799 0.4109 0.7035
vn -0.6698 -0.2372 0.7037
vn -0.4551 0.8904 -0.0082
vn -0.3828 -0.0890 0.9195
vn -0.3871 -0.0715 0.9193
vn -0.4251 0.9040 -0.0449
vn -0.0003 0.0004 1.0000
vn -0.0005 0.0003 1.0000
vn -0.4251 0.9041 -0.0448
vn -0.4319 0.9011 -0.0371
vn -0.0011 0.0021 1.0000
vn -0.0011 0.0020 1.0000
vn -0.4321 0.9011 -0.0371
vn -0.4434 0.8960 -0.0237
vn 0.0001 0.0006 1.0000
vn -0.0000 0.0006 1.0000
vn -0.4450 0.8953 -0.0219
vn 0.2935 0.2674 0.9178
vn -0.4543 0.8908 0.0099
vn -0.4527 0.8916 0.0118
vn -0.0010 0.0021 -1.0000
vn -0.4544 0.8907 -0.0099
vn 0.2936 0.2622 0.9193
vn 0.2940 0.2613 0.9194
vn -0.4564 0.8898 -0.0052
vn -0.4566 0.8896 -0.0049
vn 0.5802 0.4101 0.7037
vn -0.4563 0.8898 -0.0056
vn 0.2942 0.2613 0.9193
vn -0.0013 0.0021 1.0000
vn -0.4528 0.8915 -0.0119
vn -0.4509 0.8924 0.0145
vn -0.4576 0.8892 0.0027
vn -0.8889 -0.4582 0.0007
vn -0.4527 0.8916 0.0119
vn -0.4486 0.8936 0.0171
vn -0.0016 0.0018 -1.0000
vn -0.4441 0.8957 0.0225
vn -0.4494 0.8932 0.0164
vn -0.4486 0.8936 0.0170
vn -0.4527 0.8916 0.0117
vn -0.4377 0.8986 0.0298
vn -0.4484 0.8937 0.0175
vn -0.4481 0.8938 0.0176
vn -0.4411 0.8971 0.0259
vn -0.4538 0.8911 0.0098
vn -0.4551 0.8904 0.0080
vn -0.4554 0.8902 0.0074
vn -0.4552 0.8903 0.0079
vn -0.4552 0.8904 0.0078
vn -0.4553 0.8903 0.0076
vn -0.4543 0.8908 0.0097
vn -0.4548 0.8906 0.0087
vn -0.4546 0.8907 0.0092
vn -0.0011 0.0022 -1.0000
vn -0.0017 0.0019 -1.0000
vn -0.0020 -0.0011 -1.0000
vn 0.0021 0.0011 -1.0000
vn -0.0006 0.0025 -1.0000
vn -0.3966 0.9148 0.0761
vn -0.3896 0.9173 0.0827
vn -0.3795 0.9205 0.0933
vn -0.3765 0.9214 0.0963
vn -0.3835 0.9193 0.0886
vn -0.3751 0.9218 0.0979
vn -0.8591 -0.4454 -0.2521
vn -0.7714 -0.3999 -0.4950
vn -0.9156 -0.3205 -0.2430
vn -0.4021 0.9129 0.0694
vn -0.4340 0.9002 0.0365
vn -0.4326 0.9008 0.0371
vn -0.8873 -0.4600 -0.0328
vn -0.8592 -0.4454 -0.2519
vn -0.9156 -0.3205 -0.2428
vn -0.9358 -0.3517 -0.0257
vn -0.4494 0.8932 -0.0164
vn -0.4510 0.8924 -0.0145
vn -0.4490 0.8934 -0.0169
vn -0.4468 0.8944 -0.0194
vn -0.4448 0.8954 -0.0218
vn -0.4528 0.8915 -0.0118
vn -0.4484 0.8937 -0.0176
vn -0.4487 0.8935 -0.0171
vn -0.4483 0.8937 -0.0178
vn -0.4538 0.8911 -0.0098
vn -0.4544 0.8907 -0.0097
vn -0.4553 0.8903 -0.0078
vn -0.4552 0.8903 -0.0079
vn -0.4554 0.8902 -0.0074
vn -0.4545 0.8907 -0.0092
vn -0.4548 0.8906 -0.0086
vn -0.0013 0.0022 1.0000
vn -0.0005 0.0025 1.0000
vn 0.0020 0.0012 1.0000
vn -0.0020 -0.0010 1.0000
vn -0.0017 0.0019 1.0000
vn -0.8878 -0.4602 -0.0000
vn -0.8873 -0.4600 -0.0327
vn -0.8889 -0.4580 0.0002
vn -0.4532 0.8913 0.0137
vn -0.4521 0.8918 0.0146
vn -0.8889 -0.4581 -0.0000
vn -0.8888 -0.4582 0.0008
vn -0.8878 -0.4603 0.0022
vn -0.7713 -0.3999 -0.4952
vn -0.6285 -0.3258 -0.7063
vn -0.6913 -0.1882 -0.6976
vn -0.6283 -0.3258 -0.7065
vn -0.4408 -0.2285 -0.8680
vn -0.6912 -0.1882 -0.6978
vn -0.4407 -0.2283 -0.8681
vn -0.2208 -0.1145 -0.9686
vn -0.2769 0.0146 -0.9608
vn -0.5013 -0.0922 -0.8603
vn -0.4179 0.9070 0.0515
vn -0.3956 0.9153 0.0756
vn 0.4490 0.2326 -0.8627
vn 0.6301 0.3266 -0.7045
vn 0.5800 0.4223 -0.6966
vn 0.3989 0.3352 -0.8536
vn 0.2323 0.1204 -0.9652
vn 0.4488 0.2326 -0.8628
vn 0.1795 0.2306 -0.9564
vn -0.2207 -0.1144 -0.9686
vn 0.0057 0.0030 -1.0000
vn -0.0482 0.1219 -0.9914
vn 0.0058 0.0030 -1.0000
vn 0.2321 0.1204 -0.9652
vn 0.1794 0.2304 -0.9564
vn -0.0481 0.1220 -0.9914
vn 0.8877 0.4604 -0.0000
vn 0.8878 0.4603 0.0023
vn 0.8866 0.4625 0.0001
vn 0.8872 0.4601 -0.0356
vn 0.8866 0.4626 0.0001
vn 0.8579 0.4449 -0.2571
vn 0.8872 0.4600 -0.0357
vn 0.8378 0.5449 -0.0341
vn 0.8067 0.5335 -0.2542
vn 0.7697 0.3990 -0.4983
vn 0.8579 0.4448 -0.2573
vn 0.8067 0.5335 -0.2543
vn 0.7184 0.4901 -0.4937
vn 0.6303 0.3267 -0.7043
vn 0.7697 0.3990 -0.4984
vn 0.7183 0.4900 -0.4939
vn 0.5801 0.4223 -0.6965
vn -0.8877 -0.4603 0.0023
vn -0.8878 -0.4602 -0.0023
vn -0.8889 -0.4581 0.0007
vn -0.8878 -0.4603 -0.0024
vn -0.8205 -0.4253 -0.3820
vn -0.8629 -0.3351 -0.3782
vn -0.8889 -0.4581 -0.0008
vn -0.8204 -0.4253 -0.3823
vn -0.6278 -0.3255 -0.7070
vn -0.6717 -0.2348 -0.7027
vn -0.8629 -0.3351 -0.3784
vn -0.6277 -0.3254 -0.7072
vn -0.3399 -0.1761 -0.9238
vn -0.3843 -0.0862 -0.9192
vn -0.6715 -0.2347 -0.7029
vn -0.3396 -0.1761 -0.9239
vn -0.0021 -0.0011 -1.0000
vn -0.0018 0.0019 -1.0000
vn -0.3841 -0.0861 -0.9193
vn 0.0022 0.0011 -1.0000
vn 0.3397 0.1760 -0.9239
vn -0.0004 0.0026 -1.0000
vn 0.3399 0.1762 -0.9238
vn 0.6277 0.3254 -0.7072
vn 0.5798 0.4110 -0.7035
vn 0.2937 0.2622 -0.9192
vn 0.6278 0.3255 -0.7070
vn 0.8201 0.4252 -0.3829
vn 0.7714 0.5098 -0.3809
vn 0.5799 0.4110 -0.7034
vn 0.8202 0.4252 -0.3826
vn 0.8878 0.4602 -0.0024
vn 0.8867 0.4624 -0.0009
vn 0.7715 0.5098 -0.3807
vn 0.8878 0.4602 -0.0022
vn 0.8878 0.4602 0.0023
vn 0.8875 0.4608 0.0002
vn -0.8878 -0.4603 0.0023
vn -0.8878 -0.4603 -0.0023
vn -0.8890 -0.4580 -0.0007
vn -0.8880 -0.4599 0.0002
vn -0.8202 -0.4253 -0.3825
vn -0.8889 -0.4580 -0.0008
vn -0.8202 -0.4252 -0.3828
vn -0.6699 -0.2373 -0.7035
vn -0.8611 -0.3366 -0.3811
vn -0.3831 -0.0891 -0.9194
vn -0.6698 -0.2372 -0.7036
vn -0.0021 -0.0013 -1.0000
vn -0.0020 0.0018 -1.0000
vn -0.3828 -0.0889 -0.9195
vn -0.0014 0.0021 -1.0000
vn -0.0019 0.0018 -1.0000
vn -0.0020 -0.0012 -1.0000
vn -0.0005 0.0025 -1.0000
vn -0.4544 0.8908 0.0081
vn -0.4564 0.8898 0.0052
vn -0.4566 0.8897 0.0049
vn -0.4562 0.8898 0.0055
vn 0.3396 0.1761 -0.9239
vn 0.2940 0.2534 -0.9216
vn -0.0004 0.0025 -1.0000
vn -0.4592 0.8883 -0.0000
vn -0.4595 0.8882 0.0001
vn -0.4551 0.8904 0.0064
vn -0.4566 0.8897 0.0048
vn -0.4591 0.8884 0.0003
vn -0.4567 0.8896 0.0044
vn -0.4590 0.8884 0.0006
vn -0.4588 0.8886 0.0010
vn -0.4570 0.8895 0.0042
vn 0.8878 0.4603 -0.0023
vn 0.8867 0.4624 -0.0007
vn 0.8202 0.4253 -0.3826
vn 0.8878 0.4603 -0.0024
vn 0.8879 0.4601 -0.0008
vn 0.7719 0.5091 -0.3808
vn 0.6279 0.3255 -0.7070
vn 0.8202 0.4252 -0.3828
vn 0.7718 0.5090 -0.3811
vn 0.6091 0.3884 -0.6914
vn 0.4472 0.3392 -0.8276
vn 0.2941 0.2535 -0.9215
vn 0.3398 0.1762 -0.9239
vn 0.6277 0.3255 -0.7072
vn -0.4585 0.8887 -0.0004
vn -0.4587 0.8886 -0.0000
vn -0.4584 0.8888 -0.0000
vn -0.4534 0.8912 -0.0134
vn -0.4491 0.8933 -0.0182
vn -0.4580 0.8889 -0.0015
vn -0.4565 0.8897 -0.0053
vn -0.4573 0.8893 -0.0033
vn -0.8201 -0.4252 -0.3829
vn -0.6276 -0.3253 -0.7074
vn -0.6686 -0.2373 -0.7047
vn -0.8606 -0.3369 -0.3819
vn -0.6275 -0.3253 -0.7075
vn -0.3820 -0.0896 -0.9198
vn -0.6685 -0.2372 -0.7049
vn -0.3397 -0.1761 -0.9239
vn -0.0020 0.0019 -1.0000
vn -0.3819 -0.0895 -0.9199
vn -0.0019 -0.0011 -1.0000
vn -0.0022 -0.0012 1.0000
vn -0.3397 -0.1761 0.9239
vn -0.3819 -0.0895 0.9199
vn 0.0021 0.0010 1.0000
vn -0.0021 -0.0011 1.0000
vn -0.4585 0.8887 0.0004
vn -0.4566 0.8896 0.0052
vn -0.4573 0.8893 0.0033
vn -0.4581 0.8889 0.0015
vn -0.4577 0.8891 0.0027
vn -0.4588 0.8885 0.0002
vn -0.4585 0.8887 0.0008
vn -0.4585 0.8887 0.0009
vn 0.3397 0.1761 0.9239
vn 0.0022 0.0011 1.0000
vn 0.0006 0.0005 1.0000
vn 0.2939 0.2608 0.9195
vn -0.6279 -0.3255 0.7070
vn -0.8200 -0.4251 0.3833
vn -0.8604 -0.3367 0.3825
vn -0.6687 -0.2373 0.7047
vn -0.3399 -0.1762 0.9238
vn -0.6277 -0.3255 0.7072
vn -0.6685 -0.2372 0.7049
vn -0.8201 -0.4252 0.3830
vn -0.8878 -0.4603 0.0024
vn -0.8886 -0.4586 0.0009
vn -0.8605 -0.3368 0.3822
vn -0.4588 0.8886 -0.0003
vn -0.4581 0.8889 -0.0017
vn -0.4577 0.8891 -0.0027
vn -0.4588 0.8885 -0.0003
vn -0.4584 0.8887 -0.0009
vn 0.3397 0.1762 -0.9239
vn 0.2943 0.2609 -0.9194
vn 0.5802 0.4097 -0.7039
vn 0.6277 0.3254 0.7072
vn 0.3399 0.1762 0.9238
vn 0.2942 0.2609 0.9194
vn 0.5800 0.4095 0.7042
vn 0.8201 0.4252 0.3829
vn 0.6278 0.3255 0.7071
vn 0.7717 0.5087 0.3818
vn 0.8878 0.4603 0.0024
vn 0.8202 0.4252 0.3826
vn 0.7718 0.5088 0.3815
vn 0.8866 0.4625 0.0008
vn -0.6267 -0.3249 -0.7083
vn -0.3398 -0.1761 -0.9239
vn -0.3825 -0.0900 -0.9195
vn -0.6690 -0.2379 -0.7042
vn -0.3396 -0.1760 -0.9239
vn -0.0022 -0.0011 -1.0000
vn -0.0008 -0.0006 -1.0000
vn -0.3823 -0.0899 -0.9197
vn -0.8605 -0.3374 -0.3818
vn -0.0022 -0.0011 1.0000
vn -0.3822 -0.0899 0.9197
vn -0.0019 0.0017 1.0000
vn 0.0021 0.0009 1.0000
vn -0.0006 0.0025 1.0000
vn -0.8201 -0.4252 0.3829
vn -0.8605 -0.3375 0.3817
vn -0.6692 -0.2380 0.7040
vn -0.6690 -0.2379 0.7042
vn -0.3825 -0.0900 0.9196
vn -0.8202 -0.4252 0.3826
vn -0.8877 -0.4603 0.0024
vn -0.8882 -0.4595 0.0008
vn -0.8605 -0.3375 0.3815
vn -0.4587 0.8886 0.0008
vn -0.4584 0.8888 0.0014
vn -0.4586 0.8886 0.0009
vn -0.4589 0.8885 0.0004
vn -0.4589 0.8885 0.0005
vn 0.3396 0.1761 0.9239
vn 0.0022 0.0009 1.0000
vn 0.0007 0.0003 1.0000
vn 0.2939 0.2606 0.9196
vn -0.4586 0.8887 -0.0008
vn -0.4584 0.8887 -0.0014
vn -0.4587 0.8886 -0.0010
vn -0.4590 0.8884 -0.0001
vn -0.4588 0.8885 -0.0005
vn 0.3396 0.1760 -0.9239
vn 0.2939 0.2606 -0.9196
vn 0.5798 0.4093 -0.7045
vn 0.7719 0.5086 -0.3816
vn 0.5799 0.4094 -0.7043
vn 0.3399 0.1761 0.9238
vn 0.8202 0.4252 0.3828
vn 0.6279 0.3254 0.7070
vn 0.5803 0.4096 0.7039
vn 0.7718 0.5086 0.3816
vn 0.8878 0.4602 0.0024
vn 0.7719 0.5086 0.3814
vn 0.8874 0.4610 0.0005
vn -0.0006 -0.0004 -1.0000
vn -0.3824 -0.0900 -0.9196
vn -0.3399 -0.1762 -0.9238
vn -0.3826 -0.0902 -0.9195
vn -0.6690 -0.2380 -0.7041
vn -0.6278 -0.3254 -0.7071
vn -0.3825 -0.0899 0.9196
vn -0.0019 0.0018 1.0000
vn -0.6277 -0.3254 0.7072
vn -0.3826 -0.0901 0.9195
vn 0.0017 0.0009 -1.0000
vn -0.0018 0.0019 1.0000
vn -0.8202 -0.4252 0.3828
vn -0.6692 -0.2381 0.7039
vn -0.8202 -0.4253 0.3826
vn -0.8880 -0.4598 0.0005
vn -0.8605 -0.3377 0.3814
vn 0.0018 0.0009 -1.0000
vn -0.4568 0.8896 -0.0045
vn -0.4565 0.8897 -0.0048
vn -0.4544 0.8908 -0.0081
vn -0.4598 0.8880 -0.0005
vn -0.4569 0.8895 -0.0041
vn -0.4591 0.8884 -0.0003
vn -0.4590 0.8885 -0.0006
vn 0.0022 0.0010 1.0000
vn 0.0008 0.0004 1.0000
vn 0.5804 0.4096 -0.7039
vn 0.7719 0.5085 -0.3817
vn 0.5805 0.4096 -0.7037
vn 0.6277 0.3255 0.7071
vn 0.3398 0.1762 0.9238
vn 0.2943 0.2607 0.9195
vn 0.5804 0.4096 0.7039
vn 0.6279 0.3255 0.7070
vn 0.5805 0.4096 0.7037
vn 0.7720 0.5085 0.3814
vn 0.8878 0.4602 0.0025
vn 0.7721 0.5085 0.3811
vn 0.8867 0.4624 0.0008
vn -0.8875 -0.4601 -0.0262
vn -0.8875 -0.4601 -0.0263
vn -0.8202 -0.4252 -0.3826
vn -0.8607 -0.3370 -0.3816
vn -0.9235 -0.3829 -0.0230
vn 0.8878 0.4602 -0.0025
vn 0.8874 0.4611 -0.0009
vn 0.7718 0.5087 -0.3816
vn 0.8878 0.4602 -0.0023
vn 0.8866 0.4624 -0.0008
vn -0.8877 -0.4604 0.0023
vn -0.8605 -0.3375 -0.3815
vn -0.8889 -0.4581 -0.0009
vn 0.8878 0.4603 -0.0022
vn 0.8203 0.4252 -0.3826
vn 0.8876 0.4607 -0.0005
vn 0.7720 0.5086 -0.3813
vn -0.8881 -0.4596 -0.0004
vn -0.8882 -0.4594 0.0004
vn -0.8878 -0.4602 0.0023
vn 0.8878 0.4603 -0.0025
vn 0.8877 0.4604 -0.0009
vn 0.7720 0.5085 -0.3814
vn -0.4342 0.9001 -0.0363
vn -0.4299 0.9020 -0.0400
vn -0.4490 0.8933 -0.0182
vn -0.8876 -0.4601 0.0237
vn -0.4206 0.9059 -0.0498
vn -0.4237 0.9046 -0.0467
vn -0.8211 -0.4258 0.3801
vn -0.8876 -0.4601 0.0239
vn -0.9303 -0.3662 0.0212
vn -0.8695 -0.3225 0.3741
vn 0.8207 0.4254 0.3815
vn 0.8867 0.4624 0.0009
vn -0.8877 -0.4604 0.0024
vn -0.8889 -0.4581 0.0008
vn -0.8629 -0.3351 0.3782
vn 0.7714 0.5098 0.3808
vn -0.8202 -0.4253 0.3825
vn -0.8878 -0.4602 0.0024
vn -0.8877 -0.4605 0.0005
vn -0.8611 -0.3366 0.3809
vn 0.7719 0.5090 0.3810
vn -0.6283 -0.3257 0.7065
vn -0.8211 -0.4257 0.3803
vn -0.8695 -0.3224 0.3743
vn -0.6774 -0.2212 0.7015
vn -0.4213 0.9056 -0.0490
vn -0.3956 0.9152 -0.0763
vn -0.4321 0.9011 -0.0370
vn -0.4251 0.9040 -0.0447
vn -0.3385 -0.1755 0.9245
vn -0.6281 -0.3257 0.7067
vn -0.6773 -0.2210 0.7017
vn -0.3871 -0.0715 0.9192
vn 0.3404 0.1765 0.9236
vn 0.2935 0.2675 0.9178
vn 0.5795 0.4151 0.7014
vn 0.8206 0.4254 0.3817
vn 0.7711 0.5128 0.3775
vn -0.8629 -0.3351 0.3784
vn -0.6717 -0.2348 0.7027
vn -0.3398 -0.1762 0.9238
vn -0.6277 -0.3254 0.7071
vn -0.6715 -0.2347 0.7029
vn -0.3843 -0.0862 0.9192
vn 0.5798 0.4109 0.7036
vn 0.5799 0.4110 0.7034
vn 0.7713 0.5098 0.3811
vn -0.6278 -0.3255 0.7070
vn -0.8201 -0.4253 0.3828
vn -0.8611 -0.3366 0.3811
vn -0.6698 -0.2372 0.7036
vn -0.3398 -0.1762 0.9239
vn -0.6697 -0.2371 0.7037
vn -0.3831 -0.0889 0.9194
vn 0.6277 0.3254 0.7071
vn 0.2941 0.2614 0.9193
vn 0.5801 0.4101 0.7037
vn -0.4563 0.8898 -0.0055
vn -0.4564 0.8898 -0.0051
vn 0.6278 0.3255 0.7070
vn 0.5802 0.4102 0.7036
vn 0.7718 0.5090 0.3812
vn -0.0021 -0.0012 1.0000
vn -0.3383 -0.1754 0.9245
vn -0.3869 -0.0714 0.9194
vn -0.0006 0.0004 1.0000
vn 0.3402 0.1764 0.9236
vn 0.0021 0.0011 1.0000
vn 0.0001 0.0007 1.0000
vn -0.3396 -0.1761 0.9239
vn -0.3841 -0.0861 0.9192
vn 0.0021 0.0012 1.0000
vn 0.0005 0.0007 1.0000
vn 0.2934 0.2621 0.9193
vn -0.3828 -0.0889 0.9195
vn 0.2939 0.2613 0.9194
vn -0.0011 0.0022 1.0000
vn 0.0019 0.0011 1.0000
vn -0.0019 -0.0011 1.0000
vn -0.0004 0.0003 1.0000
vn -0.4434 0.8960 -0.0235
vn 0.0041 0.0002 1.0000
vn 0.0017 0.9106 0.4133
vn 0.0003 0.9106 0.4133
vn 0.0003 -0.9106 0.4133
vn 0.0014 -0.9106 0.4133
vn 0.0040 -0.0001 1.0000
vn -0.0002 -0.0001 1.0000
vn 0.0038 0.0002 -1.0000
vn 0.0001 0.0002 -1.0000
vn 0.0003 0.9106 -0.4133
vn 0.0015 0.9106 -0.4133
vn 0.0016 -0.9106 -0.4133
vn 0.0003 -0.9106 -0.4133
vn 1.0000 0.0001 0.0038
vn 1.0000 0.0001 0.0001
vn 0.4133 0.9106 0.0003
vn 0.4133 0.9106 0.0015
vn 0.4134 -0.9106 0.0015
vn 0.4133 -0.9106 0.0003
vn 1.0000 -0.0002 0.0041
vn 1.0000 0.0001 -0.0001
vn 1.0000 0.0001 -0.0038
vn 0.4133 0.9106 -0.0017
vn 0.4133 0.9106 -0.0003
vn 0.4133 -0.9106 0.0002
vn 0.4134 -0.9106 -0.0014
vn 1.0000 -0.0001 -0.0040
vn 1.0000 -0.0001 0.0002
vn 0.3806 0.9112 -0.1577
vn 0.3999 0.9111 -0.0996
vn 0.4018 -0.9102 -0.1001
vn 0.3832 -0.9099 -0.1588
vn 0.9703 0.0010 -0.2417
vn 0.9951 0.0003 -0.0989
vn 0.4118 -0.9104 -0.0409
vn 0.4108 0.9108 -0.0408
vn 0.9951 0.0006 -0.0988
vn 0.8660 0.0019 -0.5000
vn 0.7935 0.0021 -0.6086
vn 0.3264 0.9114 -0.2505
vn 0.3565 0.9114 -0.2058
vn 0.3594 -0.9098 -0.2075
vn 0.3293 -0.9098 -0.2527
vn 0.8659 0.0017 -0.5001
vn 0.9238 0.0013 -0.3828
vn 0.9239 0.0018 -0.3826
vn 0.8660 0.0020 -0.5000
vn 0.7071 0.0021 -0.7071
vn 0.6087 0.0022 -0.7934
vn 0.2505 0.9114 -0.3264
vn 0.2909 0.9115 -0.2909
vn 0.2935 -0.9098 -0.2935
vn 0.2527 -0.9098 -0.3293
vn 0.6089 0.0018 -0.7933
vn 0.7071 0.0019 -0.7071
vn 0.7933 0.0018 -0.6088
vn 0.4998 0.0020 -0.8661
vn 0.3826 0.0016 -0.9239
vn 0.1577 0.9112 -0.3806
vn 0.2058 0.9114 -0.3565
vn 0.2075 -0.9098 -0.3594
vn 0.1588 -0.9099 -0.3832
vn 0.5000 0.0017 -0.8660
vn 0.5003 0.0017 -0.8659
vn 0.6088 0.0018 -0.7934
vn 0.6085 0.0023 -0.7935
vn 0.2413 0.0012 -0.9705
vn 0.0988 0.0006 -0.9951
vn 0.0408 0.9108 -0.4108
vn 0.0996 0.9111 -0.3999
vn 0.1001 -0.9103 -0.4017
vn 0.0409 -0.9104 -0.4118
vn 0.0992 0.0003 -0.9951
vn 0.2417 0.0010 -0.9703
vn 0.2419 0.0009 -0.9703
vn 0.3828 0.0013 -0.9238
vn 0.2414 0.0013 -0.9704
vn 0.9998 -0.0000 -0.0222
vn 0.4134 -0.9106 -0.0015
vn 0.4135 -0.9104 -0.0092
vn 0.4133 0.9106 -0.0092
vn 0.9998 0.0003 -0.0220
vn 0.9998 0.0002 -0.0220
vn 0.9951 0.0004 -0.0989
vn 0.0222 0.0004 -0.9998
vn 0.0041 0.0002 -1.0000
vn 0.0017 0.9106 -0.4133
vn 0.0092 0.9106 -0.4133
vn 0.0092 -0.9104 -0.4135
vn 0.0017 -0.9106 -0.4133
vn 0.0224 -0.0000 -0.9997
vn 0.0224 -0.0001 -0.9997
vn 0.0991 0.0002 -0.9951
vn 0.0986 0.0006 -0.9951
vn 0.9703 0.0010 0.2420
vn 0.3832 -0.9099 0.1588
vn 0.4018 -0.9103 0.1001
vn 0.3998 0.9112 0.0996
vn 0.3806 0.9112 0.1577
vn 0.9239 0.0016 0.3825
vn 0.9704 0.0012 0.2414
vn 0.9951 0.0006 0.0986
vn 0.4108 0.9108 0.0408
vn 0.4018 -0.9102 0.1001
vn 0.4118 -0.9104 0.0409
vn 0.9951 0.0004 0.0992
vn 0.9703 0.0010 0.2419
vn 0.8659 0.0017 0.5003
vn 0.7934 0.0019 0.6088
vn 0.3293 -0.9098 0.2527
vn 0.3594 -0.9098 0.2075
vn 0.3565 0.9114 0.2058
vn 0.3264 0.9114 0.2505
vn 0.7934 0.0022 0.6087
vn 0.8661 0.0021 0.5000
vn 0.8661 0.0020 0.4999
vn 0.9239 0.0016 0.3826
vn 0.9238 0.0013 0.3830
vn 0.8660 0.0017 0.5000
vn 0.6089 0.0017 0.7933
vn 0.2527 -0.9098 0.3293
vn 0.2935 -0.9098 0.2935
vn 0.2909 0.9115 0.2909
vn 0.2505 0.9114 0.3264
vn 0.7072 0.0021 0.7070
vn 0.7933 0.0018 0.6089
vn 0.5000 0.0016 0.8660
vn 0.1588 -0.9099 0.3832
vn 0.2075 -0.9099 0.3593
vn 0.2058 0.9114 0.3565
vn 0.1577 0.9112 0.3806
vn 0.3826 0.0016 0.9239
vn 0.4999 0.0020 0.8661
vn 0.5001 0.0019 0.8660
vn 0.6089 0.0018 0.7933
vn 0.5000 0.0017 0.8660
vn 0.0989 0.0003 0.9951
vn 0.0409 -0.9104 0.4117
vn 0.1001 -0.9102 0.4018
vn 0.0996 0.9111 0.3999
vn 0.0408 0.9108 0.4108
vn 0.0988 0.0007 0.9951
vn 0.2414 0.0012 0.9704
vn 0.3826 0.0013 0.9239
vn 0.9998 0.0004 0.0222
vn 1.0000 0.0001 0.0045
vn 0.4133 0.9106 0.0017
vn 0.4132 0.9106 0.0092
vn 0.4135 -0.9104 0.0092
vn 0.4134 -0.9106 0.0017
vn 0.9997 -0.0000 0.0224
vn 0.9997 -0.0001 0.0224
vn 0.9951 0.0003 0.0991
vn 0.9998 0.0003 0.0223
vn 0.0222 -0.0000 0.9998
vn 0.0041 -0.0002 1.0000
vn 0.0017 -0.9106 0.4133
vn 0.0092 -0.9105 0.4135
vn 0.0092 0.9106 0.4132
vn 0.0018 0.9106 0.4133
vn 0.0222 0.0004 0.9998
vn 0.0223 0.0003 0.9998
vn 0.0987 0.0006 0.9951
vn -0.0001 -0.0001 1.0000
vn -0.0040 -0.0001 1.0000
vn -0.0015 -0.9106 0.4133
vn 0.0002 -0.9106 0.4133
vn -0.0003 0.9106 0.4133
vn -0.0015 0.9106 0.4133
vn -0.0038 0.0002 1.0000
vn -0.0001 0.0001 1.0000
vn -0.0001 -0.0001 -1.0000
vn -0.0003 -0.9106 -0.4133
vn -0.0013 -0.9106 -0.4133
vn -0.0015 0.9106 -0.4133
vn -0.0003 0.9106 -0.4133
vn -0.0001 0.0002 -1.0000
vn -0.0037 0.0002 -1.0000
vn -1.0000 -0.0001 -0.0002
vn -0.4133 -0.9106 -0.0002
vn -0.4134 -0.9106 0.0014
vn -0.4133 0.9106 0.0014
vn -0.4133 0.9106 0.0003
vn -1.0000 0.0001 0.0038
vn -1.0000 -0.0001 -0.0001
vn -0.4134 -0.9106 -0.0015
vn -0.4133 -0.9106 -0.0003
vn -0.4133 0.9106 -0.0003
vn -0.4133 0.9106 -0.0016
vn -1.0000 0.0001 -0.0038
vn -1.0000 0.0001 -0.0001
vn -0.9703 0.0009 -0.2419
vn -0.3832 -0.9099 -0.1588
vn -0.4018 -0.9102 -0.1001
vn -0.3999 0.9111 -0.0996
vn -0.3806 0.9112 -0.1577
vn -0.9239 0.0018 -0.3825
vn -0.9704 0.0012 -0.2414
vn -0.9951 0.0006 -0.0988
vn -0.4108 0.9108 -0.0408
vn -0.4118 -0.9104 -0.0409
vn -0.9951 0.0003 -0.0992
vn -0.9703 0.0010 -0.2420
vn -0.8659 0.0017 -0.5003
vn -0.7933 0.0019 -0.6089
vn -0.3293 -0.9098 -0.2527
vn -0.3594 -0.9098 -0.2075
vn -0.3565 0.9114 -0.2058
vn -0.3264 0.9114 -0.2505
vn -0.8661 0.0020 -0.4998
vn -0.9238 0.0013 -0.3830
vn -0.8659 0.0017 -0.5001
vn -0.6088 0.0018 -0.7933
vn -0.2527 -0.9098 -0.3293
vn -0.2935 -0.9098 -0.2935
vn -0.2909 0.9115 -0.2909
vn -0.2505 0.9114 -0.3264
vn -0.7071 0.0021 -0.7071
vn -0.7933 0.0018 -0.6089
vn -0.5000 0.0016 -0.8660
vn -0.3829 0.0014 -0.9238
vn -0.1588 -0.9099 -0.3832
vn -0.2075 -0.9098 -0.3594
vn -0.2058 0.9114 -0.3565
vn -0.1577 0.9112 -0.3806
vn -0.3826 0.0016 -0.9239
vn -0.4999 0.0020 -0.8661
vn -0.5001 0.0019 -0.8660
vn -0.5000 0.0017 -0.8660
vn -0.2418 0.0010 -0.9703
vn -0.0989 0.0003 -0.9951
vn -0.0409 -0.9104 -0.4118
vn -0.1001 -0.9103 -0.4017
vn -0.0996 0.9112 -0.3998
vn -0.0408 0.9108 -0.4108
vn -0.0988 0.0007 -0.9951
vn -0.2414 0.0012 -0.9704
vn -0.9998 0.0002 -0.0222
vn -1.0000 0.0001 -0.0045
vn -0.4133 0.9106 -0.0017
vn -0.4133 0.9106 -0.0092
vn -0.4135 -0.9104 -0.0092
vn -0.4134 -0.9106 -0.0017
vn -1.0000 -0.0001 -0.0040
vn -0.9998 -0.0000 -0.0222
vn -0.9998 -0.0001 -0.0222
vn -0.9951 0.0003 -0.0991
vn -0.9951 0.0007 -0.0986
vn -0.0041 -0.0002 -1.0000
vn -0.0017 -0.9106 -0.4133
vn -0.0092 -0.9104 -0.4135
vn -0.0092 0.9106 -0.4133
vn -0.0018 0.9106 -0.4133
vn -0.0221 0.0004 -0.9998
vn -0.0222 0.0003 -0.9998
vn -0.0989 0.0004 -0.9951
vn -0.0223 -0.0000 -0.9998
vn -0.9704 0.0012 0.2417
vn -0.9239 0.0016 0.3826
vn -0.3806 0.9112 0.1577
vn -0.3998 0.9112 0.0996
vn -0.4018 -0.9102 0.1001
vn -0.3832 -0.9099 0.1588
vn -0.9238 0.0013 0.3828
vn -0.9703 0.0010 0.2418
vn -0.9951 0.0003 0.0991
vn -0.4118 -0.9104 0.0409
vn -0.4018 -0.9103 0.1001
vn -0.4108 0.9108 0.0408
vn -0.9951 0.0006 0.0988
vn -0.9704 0.0012 0.2414
vn -0.8660 0.0019 0.5001
vn -0.3264 0.9114 0.2505
vn -0.3565 0.9114 0.2058
vn -0.3594 -0.9098 0.2075
vn -0.3293 -0.9098 0.2527
vn -0.7933 0.0018 0.6088
vn -0.8659 0.0017 0.5001
vn -0.8660 0.0020 0.5000
vn -0.2505 0.9114 0.3264
vn -0.2909 0.9115 0.2909
vn -0.2935 -0.9098 0.2935
vn -0.2527 -0.9098 0.3293
vn -0.6088 0.0018 0.7933
vn -0.7933 0.0019 0.6088
vn -0.3826 0.0017 0.9239
vn -0.1577 0.9112 0.3806
vn -0.2058 0.9114 0.3565
vn -0.2075 -0.9099 0.3593
vn -0.1588 -0.9099 0.3832
vn -0.5000 0.0017 0.8660
vn -0.5003 0.0017 0.8659
vn -0.6088 0.0019 0.7933
vn -0.6085 0.0021 0.7935
vn -0.2414 0.0013 0.9704
vn -0.0988 0.0007 0.9951
vn -0.0408 0.9108 0.4108
vn -0.0996 0.9111 0.3999
vn -0.1001 -0.9102 0.4018
vn -0.0409 -0.9104 0.4118
vn -0.0992 0.0004 0.9951
vn -0.2419 0.0010 0.9703
vn -0.2420 0.0010 0.9703
vn -0.3828 0.0013 0.9238
vn -0.3825 0.0017 0.9239
vn -0.4134 -0.9106 0.0015
vn -0.4135 -0.9104 0.0092
vn -0.4133 0.9106 0.0092
vn -0.4133 0.9106 0.0017
vn -0.9998 0.0004 0.0220
vn -0.9998 0.0003 0.0220
vn -0.4133 0.9106 0.0093
vn -0.9951 0.0004 0.0989
vn -0.9998 -0.0000 0.0223
vn -0.0041 0.0002 1.0000
vn -0.0017 0.9106 0.4133
vn -0.0092 0.9106 0.4133
vn -0.0092 -0.9104 0.4135
vn -0.0017 -0.9106 0.4133
vn -0.0224 -0.0000 0.9997
vn -0.0224 -0.0001 0.9997
vn -0.0991 0.0003 0.9951
vn -0.0986 0.0008 0.9951
vn -0.0222 0.0002 0.9998
vn 0.0987 0.0005 0.9951
vn 0.0222 0.0002 0.9998
vn 0.0223 0.0001 0.9998
vn 0.0223 0.0002 0.9998
vn 0.0990 0.0005 0.9951
vn 0.0041 0.0001 1.0000
vn 0.0040 -0.0000 1.0000
vn 0.0041 -0.0000 1.0000
vn 0.0039 -0.0001 1.0000
vn 0.4999 0.0018 -0.8661
vn 0.5001 0.0018 -0.8660
vn 0.3828 0.0015 -0.9238
vn 0.5001 0.0017 -0.8660
vn 0.3826 0.0015 -0.9239
vn 0.2418 0.0011 -0.9703
vn 0.2415 0.0012 -0.9704
vn 0.2418 0.0009 -0.9703
vn 0.2413 0.0011 -0.9704
vn 0.6088 0.0018 -0.7933
vn 0.6088 0.0020 -0.7933
vn 0.6087 0.0020 -0.7934
vn 0.9951 0.0005 0.0987
vn 0.9704 0.0012 0.2415
vn 0.9703 0.0011 0.2419
vn 0.9951 0.0005 0.0991
vn 0.9704 0.0011 0.2414
vn 0.9703 0.0009 0.2418
vn 0.9951 0.0004 0.0990
vn 0.9238 0.0015 0.3828
vn 0.9239 0.0015 0.3826
vn 0.0991 0.0004 -0.9951
vn 0.0987 0.0005 -0.9951
vn 0.2413 0.0011 -0.9705
vn 0.0990 0.0004 -0.9951
vn 0.0224 0.0001 -0.9997
vn 0.0222 0.0002 -0.9998
vn 0.0223 0.0001 -0.9998
vn 0.7071 0.0020 -0.7071
vn 0.7070 0.0020 -0.7072
vn 0.7934 0.0020 -0.6087
vn 0.7933 0.0019 -0.6088
vn 0.9997 0.0001 0.0224
vn 0.9998 0.0001 0.0222
vn 0.9998 0.0001 0.0223
vn 0.8661 0.0018 0.4999
vn 0.8660 0.0018 0.5001
vn 0.8660 0.0017 0.5001
vn 0.7934 0.0020 0.6087
vn 0.7933 0.0020 0.6088
vn 0.7933 0.0018 0.6088
vn 0.8661 0.0018 -0.4999
vn 0.8660 0.0018 -0.5001
vn 0.9238 0.0015 -0.3828
vn 0.8660 0.0017 -0.5001
vn 0.8660 0.0018 -0.5000
vn 0.9239 0.0016 -0.3826
vn 0.7935 0.0020 -0.6086
vn 0.7071 0.0021 0.7071
vn 0.7071 0.0020 0.7071
vn 0.7072 0.0020 0.7070
vn 0.6087 0.0020 0.7934
vn 0.6089 0.0019 0.7933
vn 0.6088 0.0018 0.7933
vn 1.0000 0.0001 -0.0040
vn 1.0000 -0.0000 0.0001
vn 1.0000 -0.0000 -0.0001
vn 1.0000 -0.0000 -0.0040
vn 0.9998 0.0001 -0.0223
vn 0.9998 0.0002 -0.0222
vn 0.9998 0.0001 -0.0220
vn 0.9704 0.0011 -0.2415
vn 0.9703 0.0011 -0.2417
vn 0.9951 0.0005 -0.0990
vn 0.9703 0.0010 -0.2418
vn 0.9951 0.0005 -0.0987
vn 0.9951 0.0005 -0.0989
vn 0.9704 0.0011 -0.2417
vn 1.0000 -0.0000 0.0041
vn 1.0000 -0.0000 0.0040
vn 1.0000 -0.0000 0.0039
vn 0.4999 0.0018 0.8661
vn 0.5000 0.0018 0.8660
vn 0.5001 0.0017 0.8660
vn 0.3828 0.0015 0.9238
vn 0.3826 0.0015 0.9239
vn -0.0001 -0.0000 1.0000
vn 0.0002 -0.0000 1.0000
vn -0.0041 0.0001 1.0000
vn -0.0040 -0.0000 1.0000
vn -0.0003 -0.0000 1.0000
vn 0.0001 -0.0000 1.0000
vn -0.0039 -0.0000 1.0000
vn 0.2415 0.0011 0.9704
vn 0.2418 0.0011 0.9703
vn 0.2414 0.0011 0.9704
vn 0.2418 0.0010 0.9703
vn 0.0041 -0.0000 -1.0000
vn 0.0040 -0.0000 -1.0000
vn 0.0042 -0.0000 -1.0000
vn 0.0001 -0.0000 -1.0000
vn -0.0001 -0.0000 -1.0000
vn 0.0039 -0.0000 -1.0000
vn -0.0001 0.0001 -1.0000
vn -0.0040 -0.0000 -1.0000
vn -0.0041 -0.0000 -1.0000
vn -0.0987 0.0005 0.9951
vn -0.0991 0.0005 0.9951
vn -0.0224 0.0001 0.9997
vn -0.0987 0.0006 0.9951
vn -0.0990 0.0005 0.9951
vn -0.0223 0.0001 0.9998
vn -0.0222 0.0001 0.9998
vn -0.4999 0.0018 -0.8661
vn -0.3829 0.0015 -0.9238
vn -0.5000 0.0018 -0.8660
vn -0.3828 0.0015 -0.9238
vn -0.3826 0.0015 -0.9239
vn -0.2414 0.0011 -0.9704
vn -0.2418 0.0009 -0.9703
vn -0.5001 0.0017 -0.8660
vn -0.2415 0.0012 -0.9704
vn -0.2418 0.0011 -0.9703
vn -0.6089 0.0020 -0.7933
vn -0.6087 0.0020 -0.7934
vn -0.9951 0.0005 0.0987
vn -0.9951 0.0005 0.0990
vn -0.9703 0.0011 0.2418
vn -0.9704 0.0012 0.2415
vn -0.9238 0.0015 0.3828
vn -0.9951 0.0004 0.0990
vn -0.9703 0.0009 0.2418
vn -0.9704 0.0011 0.2415
vn -0.9239 0.0015 0.3826
vn -0.0987 0.0005 -0.9951
vn -0.0990 0.0005 -0.9951
vn -0.0990 0.0004 -0.9951
vn -0.0221 0.0002 -0.9998
vn -0.0222 0.0001 -0.9998
vn -0.0223 0.0001 -0.9998
vn -0.7071 0.0020 -0.7071
vn -0.7933 0.0020 -0.6089
vn -0.7934 0.0020 -0.6087
vn -0.7933 0.0018 -0.6088
vn -0.9998 0.0001 0.0222
vn -0.9998 0.0002 0.0220
vn -0.9998 0.0001 0.0223
vn -0.8660 0.0018 0.5001
vn -0.8661 0.0018 0.4999
vn -0.7933 0.0020 0.6088
vn -0.7934 0.0020 0.6087
vn -0.8660 0.0017 0.5001
vn -0.8660 0.0018 0.5000
vn -0.8661 0.0018 -0.4999
vn -0.8659 0.0018 -0.5002
vn -0.8660 0.0017 -0.5001
vn -0.9238 0.0015 -0.3828
vn -0.9239 0.0016 -0.3826
vn -0.8660 0.0018 -0.5001
vn -0.7071 0.0020 0.7071
vn -0.7071 0.0021 0.7071
vn -0.6088 0.0020 0.7933
vn -0.6087 0.0020 0.7934
vn -1.0000 0.0001 -0.0040
vn -1.0000 -0.0000 -0.0040
vn -1.0000 -0.0000 -0.0003
vn -1.0000 -0.0000 0.0001
vn -0.9998 0.0001 -0.0223
vn -1.0000 -0.0000 -0.0039
vn -0.9998 0.0001 -0.0222
vn -0.9704 0.0011 -0.2415
vn -0.9703 0.0011 -0.2419
vn -0.9704 0.0011 -0.2414
vn -0.9703 0.0010 -0.2418
vn -0.9951 0.0005 -0.0991
vn -0.9951 0.0005 -0.0987
vn -0.9951 0.0005 -0.0990
vn -1.0000 -0.0000 0.0041
vn -1.0000 -0.0000 -0.0001
vn -1.0000 -0.0000 0.0040
vn -0.5001 0.0018 0.8660
vn -0.4999 0.0018 0.8661
vn -0.3828 0.0015 0.9238
vn -0.3826 0.0016 0.9239
vn -0.5001 0.0017 0.8660
vn -0.2419 0.0011 0.9703
vn -0.2415 0.0011 0.9704
vn -0.2418 0.0010 0.9703
vn -0.2414 0.0011 0.9704
vn 0.0015 0.8880 0.4598
vn -0.0001 0.7372 -0.6757
vn 0.0002 0.8880 0.4598
vn 0.8523 0.5229 0.0068
vn 0.9998 0.0003 0.0222
vn 0.0002 -1.0000 0.0026
vn 0.4528 0.8915 -0.0120
vn 0.4487 0.8935 -0.0171
vn -0.4529 0.8915 -0.0119
vn 0.4487 0.8935 -0.0170
vn 0.4468 0.8944 -0.0194
vn 0.4490 0.8934 -0.0169
vn 0.4510 0.8924 -0.0145
vn 0.4494 0.8932 -0.0164
vn 0.4482 0.8938 -0.0177
vn 0.4484 0.8937 -0.0175
vn 0.4597 0.8881 0.0001
vn 0.4592 0.8883 0.0001
vn 0.4568 0.8896 0.0045
vn 0.4566 0.8897 0.0048
vn 0.4591 0.8884 0.0003
vn 0.4569 0.8895 0.0041
vn 0.4590 0.8884 0.0007
vn 0.3795 0.9205 0.0933
vn 0.3766 0.9214 0.0963
vn 0.3752 0.9218 0.0979
vn -0.5211 0.3654 0.7713
vn -0.1039 0.7790 0.6183
vn -0.1851 0.8144 0.5501
vn -0.7268 0.6461 0.2329
vn -0.2114 0.8801 0.4251
vn 0.6331 0.7737 -0.0214
vn 0.7269 0.6460 0.2328
vn -0.7282 0.5849 0.3571
vn -0.1864 0.8146 0.5493
vn -0.0000 0.7677 0.6408
vn -0.1017 0.7792 0.6184
vn -0.0000 0.2695 0.9630
vn 0.1038 0.7790 0.6184
vn -0.0000 0.7676 0.6409
vn 0.1865 0.8146 0.5493
vn 0.1039 0.7790 0.6183
vn 0.1866 0.8146 0.5492
vn 0.7093 0.5180 0.4780
vn 0.0028 0.8878 0.4602
vn 0.9762 0.0971 -0.1940
vn 0.0028 0.8879 0.4601
vn 0.5022 0.3967 -0.7684
vn 0.8663 0.2276 -0.4446
vn 0.8766 0.2385 -0.4179
vn 0.5027 0.3967 -0.7681
vn -0.0017 0.8867 0.4624
vn 0.5011 -0.3991 0.7678
vn 0.0001 -0.4606 0.8876
vn 0.0029 0.8878 0.4601
vn 0.0032 0.8880 0.4599
vn 0.5013 -0.3997 0.7675
vn -0.0017 0.8867 0.4623
vn 0.0002 0.8878 0.4602
vn 0.0001 0.4614 -0.8872
vn 0.5025 0.3967 -0.7682
vn 0.0029 0.8877 0.4603
vn 0.0029 0.8880 0.4598
vn 0.8768 0.2384 -0.4176
vn 0.9761 0.0974 -0.1941
vn -0.0028 0.8881 0.4597
vn -0.9758 -0.1032 0.1925
vn -0.9884 0.1445 -0.0465
vn -0.0027 0.8879 0.4601
vn -0.8659 0.2274 -0.4454
vn -0.4906 0.4125 -0.7676
vn -0.0030 0.8879 0.4601
vn 0.0001 0.8878 0.4602
vn -0.0001 -0.4601 0.8878
vn -0.0029 0.8878 0.4601
vn -0.0028 0.8878 0.4603
vn -0.8866 -0.2152 0.4093
vn -0.9759 -0.1030 0.1925
vn -0.0032 0.8880 0.4598
vn -0.4939 -0.4089 0.7674
vn -0.8865 -0.2153 0.4096
vn -0.0031 0.8877 0.4604
vn -0.4904 0.4126 -0.7677
vn -0.0001 0.4600 -0.8879
vn -0.8660 0.2277 -0.4451
vn -0.1373 0.9902 0.0273
vn -0.8524 0.4947 0.1695
vn -0.8648 0.4948 0.0852
vn -0.1394 0.9901 0.0137
vn -0.1394 0.9901 -0.0138
vn -0.8648 0.4948 -0.0852
vn -0.8523 0.4949 -0.1696
vn -0.1374 0.9901 -0.0275
vn -0.8315 0.4949 -0.2523
vn -0.1339 0.9902 -0.0407
vn -0.0886 0.9902 -0.1084
vn -0.5513 0.4948 -0.6718
vn -0.4828 0.4949 -0.7225
vn -0.0778 0.9901 -0.1164
vn -0.4827 0.4949 -0.7226
vn -0.4096 0.4949 -0.7664
vn -0.0660 0.9901 -0.1236
vn -0.1341 0.9901 0.0406
vn -0.8316 0.4949 0.2523
vn -0.8523 0.4948 0.1695
vn -0.0409 0.9901 0.1339
vn -0.2523 0.4949 0.8315
vn -0.3326 0.4948 0.8029
vn -0.0536 0.9902 0.1293
vn -0.4096 0.4949 0.7664
vn -0.0661 0.9902 0.1234
vn 0.2511 0.9650 0.0762
vn 0.9176 0.2823 0.2799
vn 0.9446 0.2680 0.1894
vn 0.2575 0.9649 0.0512
vn 0.1455 0.9651 0.2177
vn 0.5297 0.3045 0.7917
vn 0.6040 0.3073 0.7354
vn 0.1663 0.9651 0.2025
vn 0.1236 0.9650 0.2311
vn 0.4507 0.2999 0.8408
vn 0.1455 0.9651 0.2178
vn 0.2575 0.9649 -0.0512
vn 0.9453 0.2659 -0.1889
vn 0.9178 0.2816 -0.2798
vn 0.2511 0.9649 -0.0762
vn 0.1003 0.9650 -0.2423
vn 0.3670 0.2927 -0.8830
vn 0.2798 0.2821 -0.9177
vn 0.0762 0.9650 -0.2511
vn 0.1234 0.9651 -0.2312
vn 0.4508 0.2998 -0.8408
vn 0.3671 0.2927 -0.8829
vn 0.1003 0.9650 -0.2422
vn 0.9446 0.2681 0.1894
vn 0.9623 0.2545 0.0957
vn 0.2616 0.9648 0.0259
vn 0.2616 0.9648 -0.0257
vn 0.9629 0.2530 -0.0939
vn 0.9453 0.2660 -0.1889
vn 0.2574 0.9649 -0.0512
vn -0.1393 0.9902 0.0137
vn -0.8690 0.4949 -0.0000
vn -0.1401 0.9901 -0.0000
vn -0.0140 0.9901 0.1394
vn -0.0852 0.4948 0.8648
vn -0.1696 0.4949 0.8522
vn -0.0275 0.9901 0.1374
vn -0.8649 0.4947 -0.0852
vn -0.8028 0.4949 -0.3326
vn -0.1293 0.9902 -0.0536
vn -0.1294 0.9902 -0.0536
vn -0.7664 0.4949 -0.4096
vn -0.1234 0.9902 -0.0661
vn -0.0659 0.9901 -0.1237
vn -0.3326 0.4948 -0.8028
vn -0.0536 0.9902 -0.1293
vn -0.0535 0.9902 -0.1293
vn -0.3326 0.4948 -0.8029
vn -0.2523 0.4949 -0.8315
vn -0.0406 0.9901 -0.1340
vn -0.1165 0.9901 0.0778
vn -0.7226 0.4948 0.4828
vn -0.7664 0.4948 0.4097
vn -0.1236 0.9901 0.0660
vn -0.1084 0.9902 0.0886
vn -0.6717 0.4948 0.5514
vn -0.1696 0.4948 0.8523
vn -0.2522 0.4949 0.8315
vn 0.2311 0.9650 0.1236
vn 0.8408 0.3000 0.4507
vn 0.8829 0.2930 0.3670
vn 0.2421 0.9650 0.1004
vn 0.1003 0.9650 0.2423
vn 0.3671 0.2928 0.8829
vn 0.1235 0.9650 0.2312
vn 0.0762 0.9650 0.2511
vn 0.2798 0.2822 0.9177
vn 0.2179 0.9650 -0.1456
vn 0.7916 0.3044 -0.5298
vn 0.7356 0.3070 -0.6039
vn 0.2025 0.9651 -0.1662
vn 0.2312 0.9650 -0.1236
vn 0.8410 0.2993 -0.4507
vn 0.7917 0.3044 -0.5297
vn 0.2179 0.9651 -0.1455
vn 0.0762 0.9649 -0.2511
vn 0.2798 0.2822 -0.9177
vn 0.1892 0.2680 -0.9447
vn 0.0512 0.9649 -0.2576
vn 0.2616 0.9648 0.0258
vn 0.9686 0.2486 -0.0001
vn 0.2629 0.9648 -0.0000
vn 0.2422 0.9650 0.1004
vn 0.8829 0.2929 0.3670
vn 0.9176 0.2822 0.2799
vn 0.2510 0.9650 0.0762
vn 0.9686 0.2485 -0.0001
vn 0.9629 0.2529 -0.0939
vn 0.0511 0.9649 -0.2576
vn 0.0954 0.2548 -0.9623
vn 0.0258 0.9649 -0.2615
vn -0.0272 0.9902 -0.1373
vn -0.1695 0.4947 -0.8524
vn -0.0852 0.4948 -0.8648
vn -0.0137 0.9902 -0.1393
vn -0.0000 0.4949 -0.8689
vn -0.0000 0.9901 -0.1401
vn -0.1234 0.9902 -0.0660
vn -0.7663 0.4949 -0.4097
vn -0.7226 0.4949 -0.4827
vn -0.1163 0.9902 -0.0779
vn -0.1164 0.9902 -0.0779
vn -0.7225 0.4949 -0.4828
vn -0.6718 0.4949 -0.5512
vn -0.1084 0.9901 -0.0888
vn -0.2523 0.4949 -0.8316
vn -0.1695 0.4948 -0.8523
vn 0.2179 0.9650 0.1457
vn 0.7917 0.3047 0.5295
vn 0.2310 0.9651 0.1235
vn 0.2025 0.9651 0.1662
vn 0.7353 0.3073 0.6041
vn 0.7917 0.3046 0.5296
vn 0.0512 0.9649 0.2575
vn 0.1893 0.2680 0.9446
vn 0.1852 0.9651 -0.1852
vn 0.6727 0.3079 -0.6728
vn 0.6042 0.3071 -0.7353
vn 0.1663 0.9651 -0.2026
vn 0.2025 0.9651 -0.1663
vn 0.7355 0.3071 -0.6039
vn 0.6728 0.3079 -0.6727
vn 0.1852 0.9651 -0.1853
vn 0.0258 0.9648 0.2616
vn 0.0955 0.2547 0.9623
vn 0.0512 0.9649 0.2576
vn -0.0000 0.9648 0.2628
vn -0.0000 0.2492 0.9685
vn 0.0955 0.2548 0.9623
vn 0.0258 0.9649 0.2615
vn -0.0001 0.9901 0.1401
vn -0.0000 0.4949 0.8690
vn -0.0852 0.4948 0.8649
vn -0.1083 0.9901 -0.0888
vn -0.6717 0.4949 -0.5513
vn -0.6145 0.4948 -0.6145
vn -0.0991 0.9901 -0.0991
vn -0.0990 0.9901 -0.0991
vn -0.5513 0.4949 -0.6717
vn -0.0887 0.9901 -0.1083
vn -0.8028 0.4949 0.3326
vn -0.1293 0.9902 0.0536
vn -0.8028 0.4948 0.3326
vn -0.8315 0.4949 0.2523
vn -0.0660 0.9902 0.1235
vn -0.4097 0.4949 0.7663
vn -0.4827 0.4949 0.7226
vn -0.0778 0.9901 0.1165
vn -0.0779 0.9901 0.1165
vn -0.4828 0.4948 0.7225
vn -0.5514 0.4948 0.6717
vn -0.0889 0.9901 0.1082
vn 0.1853 0.9651 0.1852
vn 0.6727 0.3083 0.6727
vn 0.2026 0.9651 0.1662
vn 0.1663 0.9651 0.2026
vn 0.6040 0.3072 0.7354
vn 0.6727 0.3082 0.6727
vn 0.2422 0.9650 -0.1004
vn 0.8831 0.2921 -0.3673
vn 0.8411 0.2993 -0.4505
vn 0.2313 0.9650 -0.1235
vn 0.9179 0.2815 -0.2798
vn 0.2423 0.9650 -0.1004
vn 0.1456 0.9650 -0.2181
vn 0.5296 0.3044 -0.7918
vn 0.1235 0.9650 -0.2311
vn 0.1455 0.9650 -0.2181
vn -0.0000 0.2493 -0.9684
vn -0.0000 0.9648 -0.2628
vn -0.0889 0.9901 0.1083
vn -0.5515 0.4948 0.6716
vn -0.6145 0.4948 0.6145
vn -0.0991 0.9901 0.0990
vn -0.0991 0.9901 0.0989
vn -0.6716 0.4948 0.5515
vn -0.1083 0.9901 0.0888
vn -0.0644 0.9906 -0.1204
vn 0.1060 0.9744 0.1981
vn 0.1249 0.9744 0.1869
vn -0.0764 0.9905 -0.1142
vn 0.0652 0.9744 -0.2150
vn -0.0400 0.9905 0.1315
vn -0.0524 0.9905 0.1268
vn 0.0860 0.9744 -0.2076
vn -0.0648 0.9905 0.1213
vn 0.1059 0.9744 -0.1981
vn -0.0645 0.9906 -0.1203
vn -0.0527 0.9905 -0.1270
vn 0.0860 0.9744 0.2076
vn 0.1060 0.9744 0.1982
vn -0.0400 0.9905 -0.1315
vn 0.0653 0.9744 0.2150
vn 0.0860 0.9744 0.2075
vn 0.0439 0.9744 -0.2204
vn -0.0268 0.9905 0.1347
vn 0.0220 0.9744 -0.2236
vn -0.0135 0.9905 0.1368
vn -0.0268 0.9905 0.1348
vn -0.0269 0.9905 -0.1346
vn 0.0439 0.9744 0.2203
vn -0.0000 0.9744 -0.2247
vn -0.0000 0.9906 0.1367
vn -0.0136 0.9905 -0.1365
vn 0.0220 0.9744 0.2236
vn -0.0269 0.9905 -0.1345
vn -0.0000 0.9905 -0.1373
vn -0.0000 0.9744 0.2247
vn 0.1982 0.9744 -0.1060
vn -0.1205 0.9906 0.0645
vn -0.1269 0.9905 0.0526
vn 0.2075 0.9744 -0.0860
vn -0.1307 0.9906 0.0398
vn 0.2150 0.9744 -0.0653
vn 0.2076 0.9744 -0.0860
vn 0.2235 0.9745 -0.0220
vn -0.1361 0.9906 0.0134
vn -0.1374 0.9905 -0.0000
vn 0.2246 0.9744 -0.0000
vn -0.1368 0.9905 -0.0134
vn 0.2236 0.9744 0.0220
vn 0.2247 0.9744 -0.0000
vn -0.1316 0.9905 -0.0399
vn 0.2150 0.9744 0.0652
vn 0.2204 0.9744 0.0439
vn -0.1347 0.9905 -0.0268
vn -0.1308 0.9906 0.0398
vn -0.1344 0.9906 0.0268
vn 0.2204 0.9744 -0.0439
vn 0.2236 0.9744 -0.0220
vn -0.1345 0.9906 0.0268
vn -0.1348 0.9905 -0.0268
vn 0.2203 0.9744 0.0439
vn -0.1213 0.9905 -0.0649
vn 0.1982 0.9744 0.1060
vn 0.2076 0.9744 0.0860
vn -0.1269 0.9905 -0.0526
vn 0.1737 0.9744 -0.1426
vn -0.1063 0.9905 0.0872
vn -0.1142 0.9905 0.0764
vn 0.1868 0.9744 -0.1249
vn 0.1981 0.9744 -0.1060
vn 0.1868 0.9744 -0.1248
vn -0.1142 0.9905 0.0765
vn -0.1212 0.9905 -0.0649
vn -0.1138 0.9906 -0.0760
vn 0.1868 0.9744 0.1248
vn 0.1981 0.9744 0.1060
vn -0.1064 0.9905 -0.0873
vn 0.1738 0.9744 0.1426
vn 0.1868 0.9744 0.1249
vn -0.1137 0.9906 -0.0760
vn 0.1426 0.9744 -0.1737
vn -0.0872 0.9905 0.1063
vn -0.0966 0.9906 0.0968
vn 0.1589 0.9744 -0.1589
vn 0.1737 0.9744 -0.1427
vn -0.1063 0.9905 -0.0872
vn -0.0971 0.9905 -0.0969
vn 0.1590 0.9744 0.1589
vn 0.1737 0.9744 0.1426
vn 0.1426 0.9744 0.1737
vn 0.1589 0.9744 0.1589
vn -0.0971 0.9905 -0.0970
vn -0.0869 0.9906 -0.1056
vn -0.0764 0.9905 0.1140
vn 0.1249 0.9744 -0.1869
vn 0.1060 0.9744 -0.1981
vn 0.1425 0.9744 -0.1737
vn 0.1249 0.9744 -0.1868
vn -0.1249 0.9744 0.1867
vn 0.0759 0.9906 -0.1135
vn 0.0868 0.9906 -0.1059
vn -0.1425 0.9744 0.1737
vn -0.1340 0.9901 -0.0407
vn -0.1317 0.9905 -0.0399
vn -0.1349 0.9905 -0.0268
vn -0.1375 0.9901 -0.0275
vn 0.2151 0.9744 0.0652
vn 0.2512 0.9649 0.0762
vn 0.2576 0.9649 0.0512
vn 0.2205 0.9744 0.0439
vn -0.1370 0.9905 -0.0134
vn -0.1395 0.9901 -0.0138
vn 0.2617 0.9648 0.0258
vn 0.2237 0.9744 0.0220
vn -0.1235 0.9901 -0.0661
vn -0.1214 0.9905 -0.0649
vn -0.1270 0.9905 -0.0526
vn -0.1294 0.9901 -0.0536
vn 0.1983 0.9744 0.1060
vn 0.2312 0.9650 0.1236
vn 0.2423 0.9650 0.1004
vn 0.2077 0.9744 0.0860
vn 0.1869 0.9744 0.1249
vn 0.2180 0.9650 0.1457
vn -0.1164 0.9901 -0.0779
vn -0.1139 0.9906 -0.0760
vn 0.2026 0.9650 0.1663
vn -0.1084 0.9901 -0.0889
vn -0.0972 0.9905 -0.0970
vn 0.1426 0.9744 0.1738
vn 0.1663 0.9650 0.2026
vn 0.1853 0.9651 0.1853
vn 0.1590 0.9744 0.1590
vn 0.1853 0.9650 0.1853
vn -0.0888 0.9901 -0.1084
vn -0.0869 0.9906 -0.1057
vn -0.0778 0.9901 -0.1165
vn -0.0764 0.9905 -0.1143
vn 0.1060 0.9744 0.1983
vn 0.1236 0.9650 0.2312
vn 0.1456 0.9650 0.2179
vn 0.1456 0.9651 0.2179
vn -0.0660 0.9901 -0.1237
vn -0.0645 0.9906 -0.1205
vn 0.0860 0.9744 0.2077
vn 0.1003 0.9650 0.2424
vn -0.0536 0.9901 -0.1294
vn -0.0527 0.9905 -0.1271
vn 0.0653 0.9744 0.2151
vn 0.0762 0.9649 0.2513
vn -0.0406 0.9901 -0.1341
vn -0.0400 0.9905 -0.1317
vn -0.0272 0.9901 -0.1374
vn -0.0269 0.9905 -0.1347
vn 0.0439 0.9744 0.2205
vn 0.0220 0.9744 0.2237
vn 0.0258 0.9648 0.2617
vn 0.0512 0.9649 0.2577
vn -0.0137 0.9901 -0.1394
vn -0.0136 0.9905 -0.1366
vn 0.2424 0.9650 -0.1004
vn 0.2313 0.9650 -0.1236
vn 0.1983 0.9744 -0.1060
vn 0.2077 0.9744 -0.0860
vn -0.1270 0.9905 0.0526
vn -0.1206 0.9906 0.0645
vn -0.1237 0.9901 0.0660
vn -0.1294 0.9901 0.0536
vn 0.2151 0.9744 -0.0653
vn 0.2512 0.9649 -0.0762
vn -0.1342 0.9901 0.0406
vn -0.1309 0.9906 0.0398
vn -0.1374 0.9901 0.0273
vn -0.1346 0.9905 0.0268
vn 0.2205 0.9744 -0.0439
vn 0.2237 0.9744 -0.0220
vn 0.2617 0.9648 -0.0257
vn 0.2576 0.9649 -0.0512
vn -0.1362 0.9906 0.0134
vn -0.1143 0.9905 0.0765
vn -0.1064 0.9905 0.0873
vn -0.1084 0.9901 0.0888
vn -0.1166 0.9901 0.0778
vn 0.2180 0.9650 -0.1456
vn 0.1869 0.9744 -0.1249
vn 0.2026 0.9650 -0.1663
vn 0.1738 0.9744 -0.1427
vn -0.0967 0.9906 0.0969
vn -0.0873 0.9905 0.1064
vn -0.0992 0.9901 0.0990
vn 0.1853 0.9651 -0.1853
vn 0.1590 0.9744 -0.1590
vn 0.1663 0.9650 -0.2026
vn 0.1426 0.9744 -0.1738
vn 0.1236 0.9650 -0.2312
vn 0.1060 0.9744 -0.1983
vn -0.0764 0.9905 0.1141
vn -0.0649 0.9905 0.1214
vn -0.0661 0.9901 0.1235
vn -0.0524 0.9905 0.1269
vn -0.0400 0.9905 0.1317
vn -0.0409 0.9901 0.1340
vn -0.0536 0.9901 0.1294
vn 0.1003 0.9650 -0.2424
vn 0.0860 0.9744 -0.2077
vn 0.0762 0.9649 -0.2512
vn 0.0652 0.9744 -0.2151
vn -0.0648 0.9905 0.1214
vn -0.0268 0.9905 0.1349
vn -0.0275 0.9901 0.1375
vn 0.0512 0.9649 -0.2577
vn 0.0439 0.9744 -0.2205
vn -0.0135 0.9905 0.1369
vn -0.0140 0.9901 0.1395
vn 0.0258 0.9648 -0.2616
vn 0.0220 0.9744 -0.2237
vn -0.0000 0.9901 -0.1402
vn -0.0000 0.9905 -0.1375
vn -0.0000 0.9744 0.2248
vn -0.0000 0.9648 0.2629
vn 0.2248 0.9744 -0.0000
vn 0.2630 0.9648 -0.0000
vn -0.1402 0.9901 -0.0000
vn -0.1375 0.9905 -0.0000
vn -0.0001 0.9901 0.1402
vn -0.0000 0.9906 0.1368
vn -0.0000 0.9744 -0.2248
vn -0.0000 0.9648 -0.2629
vn 0.1394 0.9901 0.0138
vn 0.8648 0.4948 0.0852
vn 0.8523 0.4949 0.1696
vn 0.1374 0.9901 0.0275
vn 0.1373 0.9902 -0.0273
vn 0.8524 0.4947 -0.1695
vn 0.8648 0.4948 -0.0852
vn 0.1394 0.9901 -0.0137
vn 0.1340 0.9901 -0.0406
vn 0.8316 0.4949 -0.2523
vn 0.8523 0.4948 -0.1695
vn 0.0780 0.9901 -0.1163
vn 0.4828 0.4948 -0.7225
vn 0.5513 0.4948 -0.6718
vn 0.0889 0.9901 -0.1082
vn 0.0661 0.9901 -0.1235
vn 0.4097 0.4949 -0.7663
vn 0.4827 0.4949 -0.7226
vn 0.8315 0.4949 0.2523
vn 0.1339 0.9902 0.0407
vn 0.0536 0.9901 0.1294
vn 0.3326 0.4949 0.8028
vn 0.2523 0.4949 0.8315
vn 0.0406 0.9901 0.1340
vn 0.0660 0.9901 0.1235
vn 0.4096 0.4949 0.7664
vn -0.2575 0.9649 0.0513
vn -0.9446 0.2680 0.1893
vn -0.9176 0.2822 0.2799
vn -0.2511 0.9650 0.0760
vn -0.1661 0.9651 0.2026
vn -0.6042 0.3072 0.7353
vn -0.5297 0.3045 0.7917
vn -0.1455 0.9651 0.2178
vn -0.1456 0.9651 0.2178
vn -0.5296 0.3045 0.7917
vn -0.4506 0.2999 0.8409
vn -0.1236 0.9651 0.2310
vn -0.2511 0.9650 -0.0761
vn -0.9179 0.2815 -0.2797
vn -0.9453 0.2659 -0.1889
vn -0.2575 0.9649 -0.0512
vn -0.0762 0.9650 -0.2511
vn -0.2798 0.2821 -0.9177
vn -0.3670 0.2928 -0.8830
vn -0.1005 0.9650 -0.2422
vn -0.3670 0.2927 -0.8830
vn -0.4508 0.3000 -0.8407
vn -0.1236 0.9650 -0.2311
vn -0.2616 0.9648 0.0258
vn -0.9623 0.2545 0.0957
vn -0.9447 0.2680 0.1893
vn -0.2576 0.9649 0.0513
vn -0.2575 0.9649 -0.0511
vn -0.9629 0.2530 -0.0941
vn -0.2616 0.9648 -0.0257
vn 0.1401 0.9901 -0.0000
vn 0.8690 0.4949 -0.0000
vn 0.8649 0.4947 0.0852
vn 0.0273 0.9901 0.1374
vn 0.1695 0.4947 0.8524
vn 0.0852 0.4948 0.8648
vn 0.0137 0.9902 0.1393
vn 0.1393 0.9902 -0.0137
vn 0.1294 0.9901 -0.0535
vn 0.8028 0.4948 -0.3326
vn 0.8315 0.4949 -0.2523
vn 0.1235 0.9902 -0.0659
vn 0.7664 0.4948 -0.4097
vn 0.8028 0.4949 -0.3326
vn 0.0536 0.9902 -0.1293
vn 0.3326 0.4948 -0.8029
vn 0.4096 0.4949 -0.7664
vn 0.0660 0.9901 -0.1235
vn 0.0407 0.9901 -0.1340
vn 0.2523 0.4949 -0.8315
vn 0.1235 0.9901 0.0661
vn 0.7663 0.4949 0.4097
vn 0.7226 0.4949 0.4827
vn 0.1165 0.9901 0.0778
vn 0.1165 0.9901 0.0779
vn 0.7225 0.4949 0.4828
vn 0.6717 0.4948 0.5514
vn 0.1083 0.9901 0.0889
vn 0.2523 0.4949 0.8316
vn 0.1695 0.4948 0.8523
vn 0.0273 0.9902 0.1373
vn -0.2422 0.9650 0.1004
vn -0.8829 0.2929 0.3671
vn -0.8408 0.3000 0.4506
vn -0.2312 0.9650 0.1235
vn -0.1235 0.9650 0.2311
vn -0.3671 0.2928 0.8829
vn -0.1004 0.9650 0.2423
vn -0.2798 0.2822 0.9177
vn -0.0761 0.9650 0.2511
vn -0.2025 0.9651 -0.1662
vn -0.7356 0.3071 -0.6038
vn -0.7916 0.3044 -0.5298
vn -0.2179 0.9650 -0.1457
vn -0.2179 0.9650 -0.1456
vn -0.7917 0.3044 -0.5297
vn -0.8408 0.2994 -0.4510
vn -0.2312 0.9650 -0.1236
vn -0.0511 0.9649 -0.2576
vn -0.1891 0.2680 -0.9447
vn -0.2797 0.2822 -0.9177
vn -0.0762 0.9649 -0.2511
vn -0.2629 0.9648 -0.0002
vn -0.9686 0.2486 -0.0001
vn -0.9623 0.2544 0.0957
vn -0.2511 0.9649 0.0762
vn -0.2615 0.9649 -0.0257
vn -0.0257 0.9649 -0.2615
vn -0.0953 0.2549 -0.9623
vn -0.1891 0.2681 -0.9447
vn -0.0512 0.9649 -0.2575
vn 0.0138 0.9901 -0.1394
vn 0.0852 0.4948 -0.8648
vn 0.1696 0.4949 -0.8522
vn 0.0275 0.9901 -0.1374
vn -0.0000 0.4949 -0.8690
vn 0.0852 0.4948 -0.8649
vn 0.1164 0.9901 -0.0779
vn 0.7226 0.4949 -0.4827
vn 0.1082 0.9902 -0.0888
vn 0.6718 0.4948 -0.5513
vn 0.7225 0.4949 -0.4828
vn 0.1165 0.9901 -0.0778
vn 0.1696 0.4948 -0.8523
vn 0.2522 0.4949 -0.8315
vn -0.2311 0.9651 0.1236
vn -0.8408 0.3001 0.4506
vn -0.7916 0.3046 0.5298
vn -0.2179 0.9651 0.1455
vn -0.2179 0.9650 0.1456
vn -0.7915 0.3046 0.5298
vn -0.7356 0.3073 0.6038
vn -0.2025 0.9651 0.1662
vn -0.1891 0.2680 0.9447
vn -0.0512 0.9649 0.2576
vn -0.1664 0.9650 -0.2025
vn -0.6035 0.3072 -0.7358
vn -0.6727 0.3079 -0.6728
vn -0.1854 0.9651 -0.1852
vn -0.1853 0.9651 -0.1852
vn -0.6728 0.3079 -0.6727
vn -0.7356 0.3070 -0.6039
vn -0.2026 0.9651 -0.1662
vn -0.0512 0.9649 0.2575
vn -0.0955 0.2546 0.9623
vn -0.0258 0.9649 0.2615
vn -0.0955 0.2547 0.9623
vn -0.0000 0.4949 0.8689
vn 0.0990 0.9901 -0.0990
vn 0.6145 0.4949 -0.6144
vn 0.6717 0.4949 -0.5513
vn 0.1083 0.9902 -0.0887
vn 0.6145 0.4948 -0.6145
vn 0.0991 0.9901 -0.0991
vn 0.1294 0.9901 0.0537
vn 0.8028 0.4949 0.3326
vn 0.7664 0.4949 0.4096
vn 0.1235 0.9901 0.0660
vn 0.0776 0.9901 0.1167
vn 0.4827 0.4949 0.7226
vn 0.0660 0.9902 0.1235
vn 0.0889 0.9901 0.1083
vn 0.5513 0.4949 0.6717
vn 0.4828 0.4949 0.7225
vn 0.0777 0.9901 0.1167
vn -0.2026 0.9651 0.1663
vn -0.7355 0.3073 0.6038
vn -0.6727 0.3082 0.6727
vn -0.1852 0.9651 0.1852
vn -0.1851 0.9651 0.1853
vn -0.6042 0.3072 0.7352
vn -0.1663 0.9651 0.2025
vn -0.2312 0.9650 -0.1235
vn -0.8830 0.2922 -0.3672
vn -0.2423 0.9650 -0.1004
vn -0.2423 0.9650 -0.1003
vn -0.8831 0.2922 -0.3672
vn -0.2512 0.9649 -0.0762
vn -0.4509 0.2999 -0.8407
vn -0.5295 0.3044 -0.7918
vn -0.1457 0.9650 -0.2179
vn -0.1456 0.9651 -0.2179
vn -0.6035 0.3071 -0.7359
vn -0.1664 0.9650 -0.2026
vn -0.0953 0.2548 -0.9623
vn -0.0258 0.9649 -0.2615
vn 0.0990 0.9901 0.0991
vn 0.6144 0.4949 0.6145
vn 0.5514 0.4948 0.6716
vn 0.0888 0.9901 0.1083
vn 0.1083 0.9901 0.0888
vn 0.6716 0.4948 0.5515
vn 0.6145 0.4949 0.6144
vn 0.0990 0.9902 0.0989
vn -0.1249 0.9744 0.1869
vn -0.1060 0.9744 0.1981
vn 0.0642 0.9907 -0.1201
vn 0.0758 0.9906 -0.1134
vn -0.0860 0.9744 -0.2076
vn 0.0523 0.9906 0.1262
vn 0.0400 0.9905 0.1315
vn -0.0653 0.9744 -0.2150
vn -0.1060 0.9744 -0.1981
vn 0.0644 0.9906 0.1205
vn -0.0860 0.9744 0.2076
vn 0.0526 0.9905 -0.1270
vn -0.1059 0.9744 0.1982
vn -0.0653 0.9744 0.2150
vn 0.0396 0.9907 -0.1303
vn 0.0268 0.9905 0.1348
vn -0.0439 0.9744 -0.2204
vn 0.0268 0.9905 0.1349
vn 0.0135 0.9905 0.1369
vn -0.0220 0.9744 -0.2236
vn -0.0438 0.9744 0.2204
vn 0.0267 0.9906 -0.1340
vn -0.0220 0.9744 0.2236
vn 0.0135 0.9905 -0.1368
vn -0.2076 0.9744 -0.0860
vn 0.1270 0.9905 0.0526
vn 0.1205 0.9906 0.0644
vn -0.1982 0.9744 -0.1060
vn -0.2150 0.9744 -0.0653
vn 0.1308 0.9906 0.0397
vn -0.2247 0.9744 -0.0000
vn 0.1375 0.9905 -0.0000
vn 0.1367 0.9905 0.0134
vn -0.2236 0.9744 -0.0220
vn -0.2236 0.9744 0.0220
vn 0.1367 0.9905 -0.0135
vn 0.1348 0.9905 -0.0268
vn -0.2204 0.9744 0.0439
vn -0.2150 0.9744 0.0653
vn 0.1316 0.9905 -0.0400
vn -0.2204 0.9744 -0.0439
vn 0.1346 0.9905 0.0268
vn 0.1368 0.9905 0.0134
vn 0.1347 0.9905 0.0268
vn 0.1368 0.9905 -0.0135
vn -0.2235 0.9745 0.0220
vn 0.1267 0.9906 -0.0525
vn -0.2076 0.9744 0.0860
vn -0.1981 0.9744 0.1060
vn 0.1213 0.9905 -0.0649
vn -0.1868 0.9744 -0.1249
vn 0.1143 0.9905 0.0764
vn 0.1062 0.9905 0.0873
vn -0.1737 0.9744 -0.1425
vn -0.1868 0.9744 -0.1248
vn -0.1981 0.9744 -0.1060
vn 0.1204 0.9906 0.0644
vn -0.1868 0.9744 0.1248
vn 0.1142 0.9905 -0.0763
vn -0.1868 0.9744 0.1249
vn -0.1738 0.9744 0.1426
vn 0.1052 0.9907 -0.0864
vn -0.1590 0.9744 -0.1589
vn 0.0969 0.9906 0.0969
vn 0.0872 0.9905 0.1062
vn -0.1426 0.9744 -0.1737
vn -0.1589 0.9744 -0.1589
vn -0.1737 0.9744 -0.1426
vn -0.1589 0.9744 0.1589
vn 0.0971 0.9905 -0.0971
vn 0.1052 0.9907 -0.0865
vn -0.1737 0.9744 0.1426
vn -0.1590 0.9744 0.1590
vn -0.1249 0.9744 -0.1869
vn 0.0759 0.9906 0.1136
vn -0.1249 0.9744 -0.1867
vn -0.1425 0.9744 -0.1737
vn 0.0760 0.9906 0.1136
vn 0.1341 0.9901 -0.0406
vn 0.1374 0.9901 -0.0273
vn 0.1349 0.9905 -0.0268
vn 0.1317 0.9905 -0.0400
vn -0.2151 0.9744 0.0653
vn -0.2205 0.9744 0.0439
vn -0.2577 0.9649 0.0513
vn -0.2512 0.9649 0.0762
vn 0.1369 0.9905 -0.0135
vn -0.2617 0.9648 0.0258
vn -0.2237 0.9744 0.0220
vn 0.1236 0.9901 -0.0659
vn 0.1295 0.9901 -0.0535
vn 0.1268 0.9905 -0.0525
vn 0.1214 0.9905 -0.0649
vn -0.1982 0.9744 0.1060
vn -0.2077 0.9744 0.0860
vn -0.2423 0.9650 0.1004
vn -0.2312 0.9650 0.1236
vn -0.1869 0.9744 0.1249
vn -0.2180 0.9650 0.1457
vn 0.1143 0.9905 -0.0764
vn -0.2026 0.9650 0.1663
vn 0.1083 0.9901 -0.0888
vn 0.1165 0.9901 -0.0779
vn 0.1053 0.9907 -0.0865
vn 0.0972 0.9905 -0.0972
vn -0.1426 0.9744 0.1738
vn -0.1853 0.9651 0.1853
vn -0.1663 0.9650 0.2026
vn -0.1853 0.9650 0.1853
vn 0.0889 0.9901 -0.1083
vn 0.0868 0.9906 -0.1060
vn 0.0780 0.9901 -0.1164
vn 0.0759 0.9906 -0.1136
vn -0.1060 0.9744 0.1983
vn -0.1456 0.9650 0.2179
vn -0.1236 0.9650 0.2312
vn -0.1456 0.9651 0.2179
vn 0.0661 0.9901 -0.1236
vn 0.0642 0.9907 -0.1202
vn -0.0860 0.9744 0.2077
vn -0.1004 0.9650 0.2424
vn 0.0536 0.9901 -0.1294
vn 0.0526 0.9905 -0.1271
vn -0.0653 0.9744 0.2151
vn -0.0761 0.9649 0.2512
vn 0.0407 0.9901 -0.1341
vn 0.0396 0.9907 -0.1304
vn 0.0275 0.9901 -0.1375
vn 0.0267 0.9906 -0.1341
vn -0.0438 0.9744 0.2205
vn -0.0512 0.9649 0.2577
vn -0.0258 0.9648 0.2617
vn -0.0220 0.9744 0.2237
vn 0.0135 0.9905 -0.1369
vn 0.0138 0.9901 -0.1395
vn -0.2424 0.9650 -0.1004
vn -0.2077 0.9744 -0.0860
vn -0.1983 0.9744 -0.1060
vn -0.2313 0.9650 -0.1236
vn 0.1271 0.9905 0.0526
vn 0.1295 0.9901 0.0537
vn 0.1236 0.9901 0.0661
vn 0.1206 0.9906 0.0644
vn -0.2151 0.9744 -0.0653
vn -0.2513 0.9649 -0.0762
vn 0.1340 0.9901 0.0407
vn 0.1295 0.9901 0.0536
vn 0.1271 0.9905 0.0525
vn 0.1309 0.9906 0.0397
vn 0.1375 0.9901 0.0275
vn 0.1348 0.9905 0.0268
vn -0.2205 0.9744 -0.0439
vn -0.2576 0.9649 -0.0512
vn -0.2617 0.9648 -0.0257
vn -0.2237 0.9744 -0.0220
vn 0.1369 0.9905 0.0134
vn 0.1395 0.9901 0.0138
vn 0.1144 0.9905 0.0764
vn 0.1063 0.9905 0.0874
vn -0.1869 0.9744 -0.1249
vn -0.2180 0.9650 -0.1457
vn -0.1738 0.9744 -0.1426
vn -0.2026 0.9650 -0.1663
vn 0.0970 0.9905 0.0970
vn 0.0873 0.9905 0.1063
vn -0.1590 0.9744 -0.1590
vn -0.1854 0.9650 -0.1853
vn -0.1426 0.9744 -0.1738
vn -0.1457 0.9650 -0.2180
vn -0.1060 0.9744 -0.1982
vn -0.1236 0.9650 -0.2312
vn 0.0760 0.9906 0.1137
vn 0.0660 0.9901 0.1236
vn 0.0645 0.9906 0.1206
vn 0.0523 0.9906 0.1263
vn 0.0536 0.9901 0.1295
vn 0.0406 0.9901 0.1341
vn 0.0400 0.9905 0.1317
vn -0.0860 0.9744 -0.2077
vn -0.1005 0.9650 -0.2423
vn -0.0653 0.9744 -0.2151
vn -0.0762 0.9649 -0.2512
vn 0.0268 0.9905 0.1350
vn -0.0439 0.9744 -0.2205
vn -0.0512 0.9649 -0.2577
vn 0.0135 0.9905 0.1370
vn 0.0137 0.9901 0.1394
vn -0.0258 0.9648 -0.2616
vn -0.0220 0.9744 -0.2237
vn -0.2630 0.9648 -0.0002
vn -0.2248 0.9744 -0.0000
vn 0.1376 0.9905 -0.0000
vn 0.1402 0.9901 -0.0000
vn 0.1369 0.9905 -0.0134
vn 0.1425 0.9744 0.1738
vn -0.0868 0.9906 -0.1056
vn 0.1249 0.9744 0.1868
vn -0.0027 0.8877 0.4605
vn -0.0025 0.8878 0.4602
vn -0.0032 0.8877 0.4603
vn 0.0027 0.8878 0.4603
vn 0.0028 0.8877 0.4603
vn 0.4624 0.8867 -0.0000
vn -0.4624 0.8867 -0.0000
vn 0.0021 0.8882 0.4594
vn 0.0022 0.8879 0.4600
vn 0.0023 0.8879 0.4600
vn 0.0022 0.8881 0.4597
vn 0.0021 0.8880 0.4598
vn 0.0029 0.8883 0.4592
vn 0.0098 0.8904 0.4550
vn 0.0077 0.8899 0.4560
vn 0.0075 0.8899 0.4560
vn 0.0317 0.8974 0.4401
vn -0.0021 0.8880 0.4598
vn -0.0021 0.8878 0.4603
vn -0.0021 0.8879 0.4601
vn -0.0024 0.8883 0.4592
vn -0.0155 0.8911 0.4535
vn -0.0119 0.8905 0.4549
vn -0.0119 0.8904 0.4550
vn -0.0056 0.8894 0.4571
vn -0.0056 0.8893 0.4573
vn -0.0064 0.8905 0.4549
vn -0.0049 0.8891 0.4577
vn -0.0049 0.8891 0.4576
vn -0.0064 0.8905 0.4550
vn -0.0031 0.8884 0.4590
vn -0.0030 0.8883 0.4593
vn -0.0030 0.8883 0.4592
vn -0.0024 0.8886 0.4588
vn -0.0023 0.8883 0.4592
vn -0.0024 0.8885 0.4589
vn -0.0020 0.8880 0.4599
vn -0.0020 0.8879 0.4599
vn -0.0021 0.8878 0.4602
vn -0.0022 0.8880 0.4599
vn -0.0022 0.8879 0.4600
vn 0.0021 0.8878 0.4601
vn 0.0020 0.8880 0.4599
vn 0.0021 0.8880 0.4599
vn 0.0022 0.8878 0.4602
vn 0.0022 0.8886 0.4587
vn 0.0024 0.8881 0.4596
vn 0.0024 0.8883 0.4593
vn 0.0023 0.8883 0.4592
vn 0.0030 0.8883 0.4592
vn 0.0029 0.8884 0.4592
vn 0.0030 0.8885 0.4589
vn 0.0031 0.8883 0.4592
vn 0.0051 0.8890 0.4578
vn 0.0051 0.8891 0.4577
vn 0.0058 0.8897 0.4565
vn 0.0151 0.8953 0.4452
vn -0.0021 0.8880 0.4599
vn -0.0021 0.8879 0.4599
vn -0.0029 0.8883 0.4592
vn -0.0078 0.8918 0.4523
vn -0.0065 0.8904 0.4551
vn -0.0191 0.8918 0.4521
vn -0.0000 1.0000 -0.0000
vt 0.452603 0.239176
vt 0.452490 0.381934
vt 0.623292 0.410135
vt 0.595361 0.239289
vt 0.309845 0.239064
vt 0.281644 0.409865
vt 0.363521 0.805346
vt 0.357239 0.798445
vt 0.307427 0.847452
vt 0.314187 0.854941
vt 0.559790 0.838525
vt 0.609935 0.886548
vt 0.614652 0.877463
vt 0.564707 0.829744
vt 0.618025 0.868174
vt 0.568171 0.821027
vt 0.620557 0.856455
vt 0.570976 0.810757
vt 0.622441 0.833838
vt 0.670718 0.872029
vt 0.672354 0.812867
vt 0.624512 0.791382
vt 0.572989 0.794928
vt 0.574911 0.769263
vt 0.311221 0.757984
vt 0.285512 0.769140
vt 0.287150 0.794636
vt 0.337439 0.756647
vt 0.335988 0.747232
vt 0.203694 0.936704
vt 0.251670 0.888308
vt 0.246712 0.879137
vt 0.198994 0.927479
vt 0.246389 0.988844
vt 0.248855 0.981106
vt 0.238393 0.977315
vt 0.235001 0.984728
vt 0.251540 0.973690
vt 0.241844 0.970229
vt 0.677856 0.930528
vt 0.681725 0.919129
vt 0.673991 0.916827
vt 0.670421 0.927297
vt 0.203347 0.950151
vt 0.209501 0.945238
vt 0.197028 0.940907
vt 0.224187 0.979191
vt 0.228425 0.972227
vt 0.219166 0.965932
vt 0.214138 0.972343
vt 0.232611 0.965552
vt 0.224064 0.959767
vt 0.192957 0.904738
vt 0.190502 0.875220
vt 0.182456 0.875751
vt 0.185233 0.906770
vt 0.210767 0.958533
vt 0.205012 0.964301
vt 0.196948 0.955196
vt 0.216325 0.952961
vt 0.601099 0.981469
vt 0.614736 0.978389
vt 0.611917 0.971043
vt 0.598950 0.973800
vt 0.190073 0.945164
vt 0.191914 0.930949
vt 0.184506 0.934361
vt 0.625097 0.974404
vt 0.634933 0.969133
vt 0.630629 0.962565
vt 0.621518 0.967406
vt 0.188095 0.920492
vt 0.180358 0.922979
vt 0.177285 0.908370
vt 0.174364 0.876303
vt 0.602822 0.989372
vt 0.617346 0.986064
vt 0.644031 0.962673
vt 0.649172 0.968958
vt 0.658094 0.960758
vt 0.652244 0.955133
vt 0.195509 0.917788
vt 0.569548 0.976701
vt 0.570199 0.984720
vt 0.628627 0.981730
vt 0.639298 0.975989
vt 0.570872 0.992785
vt 0.509729 0.980300
vt 0.510093 0.988377
vt 0.665931 0.951522
vt 0.672556 0.941391
vt 0.665548 0.937306
vt 0.659456 0.946636
vt 0.639028 0.956632
vt 0.676543 0.903153
vt 0.684451 0.904571
vt 0.686663 0.872787
vt 0.678670 0.872402
vt 0.646597 0.949699
vt 0.653231 0.941875
vt 0.431986 0.990936
vt 0.431938 0.982851
vt 0.658832 0.933267
vt 0.663313 0.923999
vt 0.666575 0.914297
vt 0.668848 0.901293
vt 0.264977 0.492712
vt 0.295545 0.490357
vt 0.295087 0.482401
vt 0.263508 0.484867
vt 0.510468 0.996462
vt 0.680278 0.813005
vt 0.680861 0.736856
vt 0.672916 0.736898
vt 0.293562 0.986643
vt 0.353705 0.989328
vt 0.353952 0.981242
vt 0.294081 0.978609
vt 0.293023 0.994720
vt 0.353445 0.997435
vt 0.432036 0.999067
vt 0.171578 0.815726
vt 0.179699 0.815476
vt 0.264588 0.976212
vt 0.262574 0.983934
vt 0.187795 0.815241
vt 0.260994 0.991877
vt 0.688219 0.813143
vt 0.688827 0.736813
vt 0.170208 0.736812
vt 0.178422 0.736872
vt 0.186596 0.736929
vt 0.259313 0.780408
vt 0.235777 0.791778
vt 0.237734 0.834344
vt 0.242855 0.869473
vt 0.292500 0.821331
vt 0.289443 0.810850
vt 0.240013 0.857508
vt 0.301516 0.839286
vt 0.296522 0.830543
vt 0.509720 0.790617
vt 0.514413 0.782639
vt 0.625462 0.737140
vt 0.604325 0.894881
vt 0.518290 0.774242
vt 0.521315 0.765497
vt 0.211964 0.803367
vt 0.264583 0.904614
vt 0.272136 0.911307
vt 0.257654 0.896837
vt 0.547789 0.853776
vt 0.597769 0.902482
vt 0.554211 0.846482
vt 0.524767 0.747089
vt 0.575806 0.737366
vt 0.525214 0.737562
vt 0.498069 0.805006
vt 0.504254 0.798097
vt 0.339728 0.765757
vt 0.346865 0.782967
vt 0.342873 0.774542
vt 0.523475 0.756435
vt 0.351668 0.790961
vt 0.491227 0.811275
vt 0.540593 0.860320
vt 0.422414 0.695330
vt 0.426331 0.697857
vt 0.428415 0.695905
vt 0.426223 0.691863
vt 0.426080 0.798546
vt 0.423987 0.797064
vt 0.420080 0.801312
vt 0.423322 0.803635
vt 0.431312 0.695205
vt 0.431325 0.690606
vt 0.420561 0.700403
vt 0.416043 0.695757
vt 0.415039 0.699575
vt 0.414694 0.767888
vt 0.414868 0.790806
vt 0.420431 0.790091
vt 0.414694 0.716643
vt 0.414763 0.740773
vt 0.423616 0.686989
vt 0.420443 0.689302
vt 0.425227 0.789533
vt 0.425368 0.700975
vt 0.428565 0.701301
vt 0.429015 0.699501
vt 0.431340 0.685001
vt 0.427294 0.685610
vt 0.428249 0.794577
vt 0.428451 0.799473
vt 0.421108 0.792781
vt 0.422300 0.795107
vt 0.426179 0.792649
vt 0.417494 0.798265
vt 0.415719 0.794685
vt 0.431040 0.799805
vt 0.427025 0.805098
vt 0.431025 0.805619
vt 0.429758 0.791869
vt 0.428851 0.791013
vt 0.417816 0.692225
vt 0.433631 0.799486
vt 0.436007 0.798572
vt 0.433859 0.794592
vt 0.173452 0.621502
vt 0.173446 0.619506
vt 0.169256 0.619518
vt 0.169262 0.621514
vt 0.235213 0.749858
vt 0.235201 0.752778
vt 0.258819 0.752743
vt 0.258805 0.749865
vt 0.285073 0.752590
vt 0.285030 0.749767
vt 0.309247 0.749093
vt 0.310044 0.751722
vt 0.313464 0.750205
vt 0.312023 0.747850
vt 0.316394 0.747872
vt 0.314395 0.745946
vt 0.218991 0.749756
vt 0.218686 0.752706
vt 0.204306 0.741100
vt 0.205815 0.744749
vt 0.208375 0.743302
vt 0.207159 0.740357
vt 0.318645 0.744850
vt 0.316215 0.743498
vt 0.214941 0.752050
vt 0.215799 0.749217
vt 0.212846 0.747885
vt 0.211310 0.750402
vt 0.306523 0.752312
vt 0.306239 0.749602
vt 0.317360 0.740673
vt 0.320060 0.741366
vt 0.320536 0.737603
vt 0.317750 0.737596
vt 0.208202 0.747857
vt 0.210318 0.745854
vt 0.203802 0.737054
vt 0.206758 0.737071
vt 0.207195 0.733792
vt 0.204354 0.733017
vt 0.258925 0.724869
vt 0.258966 0.721994
vt 0.235376 0.721714
vt 0.235353 0.724631
vt 0.431060 0.792187
vt 0.431052 0.795274
vt 0.429931 0.698638
vt 0.431303 0.698323
vt 0.428408 0.789220
vt 0.173460 0.624344
vt 0.173456 0.622849
vt 0.169266 0.622861
vt 0.169270 0.624367
vt 0.173194 0.530159
vt 0.173190 0.528812
vt 0.169000 0.528824
vt 0.169004 0.530171
vt 0.173199 0.532155
vt 0.169009 0.532167
vt 0.173186 0.527382
vt 0.168996 0.527382
vt 0.442040 0.700461
vt 0.440212 0.695379
vt 0.436280 0.697887
vt 0.437231 0.701008
vt 0.438107 0.797100
vt 0.439805 0.795152
vt 0.435938 0.792674
vt 0.499188 0.789743
vt 0.500163 0.790462
vt 0.504770 0.783510
vt 0.503728 0.782892
vt 0.481846 0.807133
vt 0.482567 0.808104
vt 0.489005 0.802820
vt 0.488191 0.801924
vt 0.475022 0.811686
vt 0.475642 0.812723
vt 0.418753 0.822919
vt 0.418575 0.824130
vt 0.427040 0.824948
vt 0.427098 0.823701
vt 0.410676 0.821299
vt 0.410381 0.822472
vt 0.508664 0.776137
vt 0.507566 0.775624
vt 0.507366 0.702811
vt 0.508456 0.702294
vt 0.504559 0.694951
vt 0.503521 0.695569
vt 0.510532 0.710356
vt 0.511670 0.709941
vt 0.412058 0.831156
vt 0.412636 0.830199
vt 0.403746 0.827991
vt 0.403113 0.828926
vt 0.358076 0.797667
vt 0.352535 0.790215
vt 0.347759 0.782253
vt 0.458765 0.828808
vt 0.458146 0.827869
vt 0.449251 0.830123
vt 0.449787 0.831082
vt 0.520372 0.764874
vt 0.517369 0.773577
vt 0.513517 0.781941
vt 0.421382 0.832544
vt 0.421731 0.831543
vt 0.440126 0.831509
vt 0.440277 0.832526
vt 0.493992 0.796109
vt 0.494891 0.796920
vt 0.498981 0.688735
vt 0.499955 0.688017
vt 0.494684 0.681564
vt 0.493785 0.682376
vt 0.467786 0.815543
vt 0.468304 0.816633
vt 0.460243 0.818713
vt 0.460658 0.819850
vt 0.402847 0.818936
vt 0.402446 0.820073
vt 0.395254 0.815858
vt 0.394746 0.816954
vt 0.513057 0.760174
vt 0.514233 0.760472
vt 0.515917 0.752254
vt 0.514701 0.752072
vt 0.516749 0.743740
vt 0.515494 0.743681
vt 0.394445 0.825839
vt 0.395088 0.824917
vt 0.386691 0.820992
vt 0.385988 0.821891
vt 0.343791 0.773860
vt 0.340668 0.765119
vt 0.490448 0.810446
vt 0.483049 0.815981
vt 0.483794 0.816839
vt 0.475135 0.820759
vt 0.475845 0.821643
vt 0.522509 0.755916
vt 0.430948 0.833044
vt 0.430945 0.831998
vt 0.523779 0.746784
vt 0.381141 0.807539
vt 0.380428 0.808516
vt 0.387382 0.813090
vt 0.387995 0.812049
vt 0.374761 0.802368
vt 0.373944 0.803277
vt 0.452374 0.821168
vt 0.452678 0.822355
vt 0.444152 0.822815
vt 0.444339 0.824049
vt 0.378707 0.816256
vt 0.377967 0.817128
vt 0.371227 0.810752
vt 0.370454 0.811594
vt 0.338406 0.756111
vt 0.503413 0.797333
vt 0.497259 0.804210
vt 0.337016 0.746920
vt 0.336556 0.737640
vt 0.335506 0.737636
vt 0.488798 0.675648
vt 0.487977 0.676555
vt 0.435646 0.823684
vt 0.435712 0.824942
vt 0.510670 0.768015
vt 0.511809 0.768421
vt 0.512989 0.718238
vt 0.514179 0.717934
vt 0.514627 0.726495
vt 0.515868 0.726310
vt 0.364327 0.804536
vt 0.466795 0.824735
vt 0.467453 0.825646
vt 0.508850 0.789886
vt 0.524196 0.737566
vt 0.515482 0.735064
vt 0.516749 0.735000
vt 0.741027 0.583434
vt 0.741027 0.579231
vt 0.688514 0.579231
vt 0.688514 0.583434
vt 0.741027 0.689555
vt 0.741027 0.685352
vt 0.688514 0.685352
vt 0.688514 0.689555
vt 0.741027 0.681149
vt 0.688514 0.681149
vt 0.741027 0.628088
vt 0.688514 0.628088
vt 0.688514 0.734209
vt 0.741027 0.734209
vt 0.741027 0.991106
vt 0.741027 0.946451
vt 0.688514 0.946451
vt 0.688514 0.991106
vt 0.688514 0.672742
vt 0.741027 0.672742
vt 0.741027 0.575028
vt 0.688514 0.575028
vt 0.741027 0.999512
vt 0.741027 0.995309
vt 0.688514 0.995309
vt 0.688514 0.999512
vt 0.741027 0.676946
vt 0.688514 0.676946
vt 0.036060 0.942733
vt 0.045131 0.942733
vt 0.045131 0.912173
vt 0.036060 0.912173
vt 0.045131 0.853396
vt 0.036060 0.853396
vt 0.691165 0.314958
vt 0.682109 0.314918
vt 0.681640 0.373495
vt 0.690702 0.373666
vt 0.229307 0.423297
vt 0.220886 0.426761
vt 0.225555 0.436264
vt 0.233450 0.431723
vt 0.151606 0.523528
vt 0.142536 0.523528
vt 0.142536 0.534336
vt 0.151606 0.534336
vt 0.142536 0.545145
vt 0.151606 0.545145
vt 0.231429 0.445073
vt 0.238661 0.439537
vt 0.616195 0.467330
vt 0.617078 0.476373
vt 0.630215 0.474253
vt 0.628035 0.465411
vt 0.151606 0.942733
vt 0.142536 0.942733
vt 0.142536 0.956301
vt 0.151606 0.956301
vt 0.142536 0.967086
vt 0.151606 0.967086
vt 0.640187 0.470893
vt 0.636723 0.462472
vt 0.238401 0.453040
vt 0.244847 0.446605
vt 0.142536 0.555953
vt 0.151606 0.555953
vt 0.142536 0.566762
vt 0.151606 0.566762
vt 0.246357 0.460024
vt 0.251905 0.452801
vt 0.649691 0.466224
vt 0.645150 0.458329
vt 0.142536 0.977895
vt 0.151606 0.977895
vt 0.142536 0.988703
vt 0.151606 0.988703
vt 0.658499 0.460350
vt 0.652963 0.453118
vt 0.255157 0.465912
vt 0.259710 0.458025
vt 0.142536 0.577570
vt 0.151606 0.577570
vt 0.142536 0.588379
vt 0.151606 0.588379
vt 0.264653 0.470597
vt 0.268130 0.462181
vt 0.142536 0.853396
vt 0.151606 0.853396
vt 0.151606 0.777732
vt 0.142536 0.777732
vt 0.528008 0.477859
vt 0.527983 0.468802
vt 0.452421 0.468803
vt 0.452414 0.477859
vt 0.666466 0.453377
vt 0.660031 0.446932
vt 0.142536 0.999512
vt 0.151606 0.999512
vt 0.045131 0.988703
vt 0.036060 0.988703
vt 0.036060 0.999512
vt 0.045131 0.999512
vt 0.673451 0.445422
vt 0.666228 0.439874
vt 0.376860 0.468683
vt 0.376821 0.477739
vt 0.151606 0.702069
vt 0.142536 0.702069
vt 0.274620 0.473973
vt 0.276814 0.465134
vt 0.142536 0.599163
vt 0.151606 0.599163
vt 0.142536 0.612731
vt 0.151606 0.612731
vt 0.287753 0.476113
vt 0.288650 0.467072
vt 0.679339 0.436622
vt 0.671451 0.432069
vt 0.045131 0.977895
vt 0.036060 0.977895
vt 0.045131 0.967086
vt 0.036060 0.967086
vt 0.684023 0.427126
vt 0.675607 0.423649
vt 0.691285 0.239365
vt 0.682229 0.239357
vt 0.045131 0.777732
vt 0.036060 0.777732
vt 0.687399 0.417159
vt 0.678560 0.414965
vt 0.045131 0.956301
vt 0.036060 0.956301
vt 0.680498 0.403129
vt 0.689539 0.404026
vt 0.142536 0.409838
vt 0.151606 0.409838
vt 0.151606 0.334174
vt 0.142536 0.334174
vt 0.213921 0.314582
vt 0.222977 0.314556
vt 0.222976 0.238995
vt 0.213921 0.238988
vt 0.214291 0.373290
vt 0.223354 0.373134
vt 0.142536 0.468615
vt 0.151606 0.468615
vt 0.142536 0.499175
vt 0.151606 0.499175
vt 0.215406 0.403652
vt 0.224448 0.402769
vt 0.318113 0.477276
vt 0.318283 0.468214
vt 0.142536 0.643291
vt 0.151606 0.643291
vt 0.586717 0.477488
vt 0.586560 0.468425
vt 0.142536 0.912174
vt 0.151606 0.912174
vt 0.217525 0.416788
vt 0.226368 0.414608
vt 0.142536 0.512743
vt 0.151606 0.512743
vt 0.681852 0.105219
vt 0.690914 0.105062
vt 0.689799 0.074701
vt 0.680757 0.075584
vt 0.329483 0.867098
vt 0.280443 0.917060
vt 0.289401 0.921803
vt 0.338066 0.871853
vt 0.298844 0.925441
vt 0.347120 0.875632
vt 0.310637 0.928136
vt 0.357485 0.878570
vt 0.333480 0.930317
vt 0.376579 0.932985
vt 0.582157 0.915100
vt 0.573296 0.919953
vt 0.321493 0.861439
vt 0.515248 0.874727
vt 0.563927 0.923712
vt 0.524218 0.870865
vt 0.590348 0.909251
vt 0.529408 0.929030
vt 0.486539 0.932206
vt 0.497995 0.956117
vt 0.489036 0.880027
vt 0.552195 0.926560
vt 0.504962 0.877728
vt 0.532707 0.866039
vt 0.371588 0.882028
vt 0.481310 0.852868
vt 0.253178 0.587069
vt 0.302205 0.636117
vt 0.308133 0.628040
vt 0.259197 0.578681
vt 0.380704 0.854186
vt 0.380317 0.851987
vt 0.375897 0.853696
vt 0.376886 0.855654
vt 0.394796 0.853913
vt 0.396066 0.851663
vt 0.384775 0.851476
vt 0.384777 0.853733
vt 0.372063 0.856468
vt 0.373573 0.858035
vt 0.369179 0.860083
vt 0.371060 0.861162
vt 0.367302 0.864363
vt 0.369459 0.864856
vt 0.369336 0.873145
vt 0.367089 0.873783
vt 0.368793 0.878193
vt 0.370821 0.876971
vt 0.411890 0.854190
vt 0.411940 0.851916
vt 0.368899 0.868983
vt 0.366552 0.869042
vt 0.384342 0.885346
vt 0.384124 0.887760
vt 0.394582 0.887969
vt 0.395019 0.885529
vt 0.380244 0.884644
vt 0.379553 0.886964
vt 0.376475 0.882917
vt 0.375239 0.884974
vt 0.394811 0.890326
vt 0.391949 0.888556
vt 0.392811 0.890705
vt 0.389521 0.890141
vt 0.391120 0.891811
vt 0.387842 0.892534
vt 0.389967 0.893504
vt 0.387204 0.895214
vt 0.389525 0.895558
vt 0.389192 0.916710
vt 0.386799 0.916997
vt 0.387370 0.919738
vt 0.389619 0.918800
vt 0.389020 0.922254
vt 0.390786 0.920565
vt 0.391511 0.924002
vt 0.392537 0.921778
vt 0.394292 0.924682
vt 0.394636 0.922280
vt 0.394474 0.927097
vt 0.391476 0.925174
vt 0.392339 0.927449
vt 0.388882 0.926751
vt 0.390514 0.928538
vt 0.387103 0.929164
vt 0.389266 0.930225
vt 0.386410 0.931863
vt 0.388748 0.932262
vt 0.386322 0.933409
vt 0.388673 0.933537
vt 0.385943 0.953953
vt 0.388379 0.953613
vt 0.391757 0.958704
vt 0.390729 0.960928
vt 0.393488 0.961551
vt 0.393878 0.959207
vt 0.389991 0.957498
vt 0.388224 0.959209
vt 0.386544 0.956694
vt 0.388811 0.955727
vt 0.434905 0.856000
vt 0.433243 0.854388
vt 0.431651 0.856794
vt 0.433804 0.857700
vt 0.466981 0.851567
vt 0.466879 0.853825
vt 0.468936 0.854192
vt 0.469745 0.852104
vt 0.431076 0.859437
vt 0.433403 0.859709
vt 0.428750 0.880269
vt 0.431139 0.880509
vt 0.428763 0.859745
vt 0.428291 0.857730
vt 0.430454 0.856785
vt 0.428820 0.854377
vt 0.427152 0.856020
vt 0.426429 0.852731
vt 0.425469 0.854847
vt 0.423801 0.852107
vt 0.423470 0.854362
vt 0.474979 0.953046
vt 0.477415 0.953309
vt 0.476673 0.931175
vt 0.474281 0.931575
vt 0.433994 0.882285
vt 0.431770 0.883274
vt 0.433484 0.885768
vt 0.435184 0.884020
vt 0.433520 0.880227
vt 0.428329 0.882343
vt 0.430568 0.883281
vt 0.427179 0.884100
vt 0.428911 0.885805
vt 0.425450 0.885289
vt 0.426418 0.887500
vt 0.423397 0.885737
vt 0.423693 0.888094
vt 0.435266 0.892010
vt 0.433531 0.890302
vt 0.431871 0.892839
vt 0.434116 0.893782
vt 0.431297 0.895614
vt 0.433672 0.895864
vt 0.428924 0.895901
vt 0.430669 0.892842
vt 0.428440 0.893826
vt 0.428958 0.890333
vt 0.427256 0.892071
vt 0.426433 0.888662
vt 0.425511 0.890888
vt 0.423464 0.890441
vt 0.429036 0.916702
vt 0.431489 0.916944
vt 0.434400 0.918768
vt 0.432127 0.919765
vt 0.433865 0.922318
vt 0.435605 0.920549
vt 0.433930 0.916655
vt 0.428616 0.918829
vt 0.430907 0.919778
vt 0.427454 0.920633
vt 0.429223 0.922362
vt 0.425705 0.921860
vt 0.426697 0.924099
vt 0.423627 0.922337
vt 0.423940 0.924721
vt 0.435656 0.928683
vt 0.433895 0.926941
vt 0.432200 0.929529
vt 0.434484 0.930492
vt 0.431613 0.932362
vt 0.434030 0.932617
vt 0.428734 0.930520
vt 0.430998 0.929536
vt 0.429274 0.926974
vt 0.427549 0.928730
vt 0.429188 0.932646
vt 0.426717 0.925279
vt 0.425792 0.927533
vt 0.423728 0.927099
vt 0.431862 0.954124
vt 0.434308 0.953844
vt 0.429437 0.953876
vt 0.432436 0.956952
vt 0.434725 0.956005
vt 0.434105 0.959530
vt 0.435886 0.957816
vt 0.429002 0.956005
vt 0.431285 0.956953
vt 0.427819 0.957803
vt 0.429606 0.959534
vt 0.426059 0.959039
vt 0.427100 0.961298
vt 0.423927 0.959538
vt 0.424352 0.961962
vt 0.438546 0.854392
vt 0.438204 0.852105
vt 0.435605 0.852742
vt 0.436562 0.854844
vt 0.436015 0.887421
vt 0.436939 0.885186
vt 0.438760 0.887972
vt 0.439005 0.885613
vt 0.439040 0.890320
vt 0.436026 0.888587
vt 0.436993 0.890799
vt 0.436435 0.924012
vt 0.437390 0.921743
vt 0.439221 0.924581
vt 0.439491 0.922184
vt 0.439484 0.926960
vt 0.436438 0.925197
vt 0.437411 0.927448
vt 0.436591 0.961280
vt 0.437625 0.959043
vt 0.439306 0.961926
vt 0.439721 0.959511
vt 0.373258 0.880322
vt 0.452583 0.851838
vt 0.452638 0.854118
vt 0.467836 0.887372
vt 0.467527 0.884971
vt 0.467689 0.889760
vt 0.468807 0.923947
vt 0.468430 0.921603
vt 0.468650 0.926289
vt 0.469988 0.961143
vt 0.469511 0.958818
vt 0.470667 0.855270
vt 0.472182 0.853649
vt 0.469564 0.884494
vt 0.470518 0.886701
vt 0.472971 0.884985
vt 0.471270 0.883302
vt 0.473200 0.894916
vt 0.475534 0.894537
vt 0.474857 0.891827
vt 0.472710 0.892857
vt 0.469739 0.890096
vt 0.470550 0.887872
vt 0.471499 0.891176
vt 0.473103 0.889435
vt 0.470511 0.921081
vt 0.471545 0.923273
vt 0.474010 0.921530
vt 0.472242 0.919864
vt 0.472529 0.927782
vt 0.474171 0.926010
vt 0.471588 0.924429
vt 0.470730 0.926668
vt 0.471640 0.958253
vt 0.472725 0.960460
vt 0.475204 0.958692
vt 0.473394 0.956995
vt 0.471845 0.856922
vt 0.473867 0.856001
vt 0.474591 0.882508
vt 0.472405 0.881552
vt 0.475635 0.919017
vt 0.473388 0.918101
vt 0.473768 0.929499
vt 0.475961 0.928444
vt 0.472328 0.858917
vt 0.474531 0.858618
vt 0.472389 0.860251
vt 0.474712 0.862291
vt 0.472831 0.879473
vt 0.475172 0.879782
vt 0.389276 0.909189
vt 0.386906 0.909179
vt 0.476182 0.916289
vt 0.473793 0.916019
vt 0.476859 0.956106
vt 0.474562 0.955179
vt 0.476011 0.908506
vt 0.473626 0.908529
vt 0.187322 0.334092
vt 0.191632 0.334091
vt 0.191625 0.312883
vt 0.187265 0.312885
vt 0.187334 0.326425
vt 0.174773 0.472467
vt 0.177434 0.472463
vt 0.177138 0.468054
vt 0.174767 0.468056
vt 0.174779 0.476877
vt 0.177720 0.476874
vt 0.185292 0.417444
vt 0.189646 0.417444
vt 0.189646 0.396066
vt 0.185360 0.396066
vt 0.185374 0.403690
vt 0.174795 0.488214
vt 0.178532 0.487623
vt 0.174841 0.519832
vt 0.178461 0.519827
vt 0.179178 0.506077
vt 0.177008 0.463642
vt 0.174761 0.463645
vt 0.177060 0.459229
vt 0.174754 0.459234
vt 0.177293 0.454819
vt 0.174748 0.454823
vt 0.174729 0.441354
vt 0.178172 0.441349
vt 0.178517 0.436934
vt 0.174723 0.436943
vt 0.174735 0.445765
vt 0.177858 0.445760
vt 0.177586 0.450290
vt 0.174742 0.450294
vt 0.174689 0.412374
vt 0.179028 0.412350
vt 0.179164 0.381881
vt 0.174647 0.381887
vt 0.174704 0.423710
vt 0.178815 0.423705
vt 0.174711 0.428121
vt 0.178728 0.428116
vt 0.174717 0.432532
vt 0.178635 0.432527
vt 0.191614 0.273816
vt 0.187253 0.273817
vt 0.187262 0.303880
vt 0.191623 0.303879
vt 0.187263 0.306131
vt 0.191623 0.306130
vt 0.187264 0.308382
vt 0.191624 0.308381
vt 0.187264 0.310633
vt 0.191625 0.310632
vt 0.187318 0.336325
vt 0.191632 0.336324
vt 0.187313 0.338558
vt 0.191633 0.338556
vt 0.187308 0.340791
vt 0.191634 0.340789
vt 0.187305 0.343023
vt 0.191634 0.343022
vt 0.187252 0.372843
vt 0.191644 0.372841
vt 0.205028 0.472439
vt 0.209435 0.472439
vt 0.209380 0.442512
vt 0.205028 0.442512
vt 0.209377 0.440271
vt 0.205028 0.440271
vt 0.209377 0.438030
vt 0.205028 0.438030
vt 0.209379 0.435789
vt 0.205028 0.435789
vt 0.209382 0.433548
vt 0.205028 0.433548
vt 0.209410 0.411946
vt 0.205028 0.411946
vt 0.209385 0.432164
vt 0.209414 0.409705
vt 0.205028 0.409705
vt 0.205028 0.402982
vt 0.209422 0.402982
vt 0.209449 0.373055
vt 0.205028 0.373055
vt 0.205028 0.405223
vt 0.209420 0.405223
vt 0.205028 0.407464
vt 0.209418 0.407464
vt 0.184299 0.459044
vt 0.180173 0.459042
vt 0.180173 0.461292
vt 0.184298 0.461293
vt 0.180172 0.463541
vt 0.184297 0.463543
vt 0.180171 0.465790
vt 0.184296 0.465792
vt 0.180162 0.487474
vt 0.184287 0.487475
vt 0.174853 0.528742
vt 0.178473 0.528737
vt 0.178470 0.526510
vt 0.174850 0.526515
vt 0.174883 0.550214
vt 0.178502 0.550209
vt 0.174886 0.552442
vt 0.178506 0.552437
vt 0.174847 0.524287
vt 0.178467 0.524282
vt 0.178464 0.522055
vt 0.174844 0.522060
vt 0.180161 0.489723
vt 0.184286 0.489725
vt 0.180160 0.491972
vt 0.184285 0.491974
vt 0.180159 0.494222
vt 0.184285 0.494223
vt 0.174889 0.554669
vt 0.178509 0.554664
vt 0.174644 0.379583
vt 0.179172 0.379577
vt 0.179178 0.377272
vt 0.174640 0.377278
vt 0.189646 0.460949
vt 0.185292 0.460949
vt 0.185292 0.463196
vt 0.189646 0.463196
vt 0.185292 0.465444
vt 0.189646 0.465444
vt 0.189646 0.458701
vt 0.185292 0.458701
vt 0.185292 0.487113
vt 0.189646 0.487113
vt 0.191611 0.264811
vt 0.187250 0.264813
vt 0.187251 0.267063
vt 0.191612 0.267062
vt 0.191604 0.243110
vt 0.187244 0.243111
vt 0.191612 0.269313
vt 0.187252 0.269315
vt 0.187253 0.271566
vt 0.191613 0.271564
vt 0.191604 0.240859
vt 0.187243 0.240860
vt 0.185292 0.489360
vt 0.189646 0.489360
vt 0.185292 0.491608
vt 0.189646 0.491608
vt 0.185292 0.493856
vt 0.189646 0.493856
vt 0.191603 0.238608
vt 0.187243 0.238609
vt 0.191644 0.375074
vt 0.187247 0.375075
vt 0.187243 0.377308
vt 0.191645 0.377307
vt 0.178349 0.304610
vt 0.182744 0.304610
vt 0.182744 0.302369
vt 0.178349 0.302369
vt 0.178349 0.306850
vt 0.182744 0.306850
vt 0.178349 0.309091
vt 0.182744 0.309091
vt 0.205028 0.481402
vt 0.209450 0.481402
vt 0.209449 0.479162
vt 0.205028 0.479162
vt 0.209446 0.476921
vt 0.205028 0.476921
vt 0.182744 0.280770
vt 0.178349 0.280770
vt 0.205028 0.503005
vt 0.209452 0.503005
vt 0.209441 0.474680
vt 0.205028 0.474680
vt 0.182744 0.278530
vt 0.178349 0.278530
vt 0.205028 0.505246
vt 0.209452 0.505246
vt 0.182744 0.276289
vt 0.178349 0.276289
vt 0.182744 0.274049
vt 0.178349 0.274049
vt 0.205028 0.507487
vt 0.209452 0.507487
vt 0.205028 0.370814
vt 0.209450 0.370814
vt 0.209452 0.368573
vt 0.205028 0.368573
vt 0.184306 0.441794
vt 0.180180 0.441793
vt 0.180174 0.456793
vt 0.184300 0.456795
vt 0.180158 0.496471
vt 0.184284 0.496472
vt 0.180146 0.526510
vt 0.184272 0.526512
vt 0.189646 0.426435
vt 0.185292 0.426435
vt 0.185292 0.456453
vt 0.189646 0.456453
vt 0.189646 0.496104
vt 0.185292 0.496104
vt 0.185292 0.526122
vt 0.189646 0.526122
vt 0.178349 0.311331
vt 0.182744 0.311331
vt 0.178349 0.341253
vt 0.182744 0.341253
vt 0.182744 0.271808
vt 0.178349 0.271808
vt 0.182744 0.241887
vt 0.178349 0.241887
vt 0.184312 0.426752
vt 0.180186 0.426750
vt 0.184313 0.424500
vt 0.180187 0.424498
vt 0.180145 0.528760
vt 0.184271 0.528761
vt 0.189646 0.424187
vt 0.185292 0.424187
vt 0.185292 0.528370
vt 0.189646 0.528370
vt 0.178349 0.343493
vt 0.182744 0.343493
vt 0.182744 0.239646
vt 0.178349 0.239646
vt 0.184314 0.422250
vt 0.180188 0.422249
vt 0.184314 0.420001
vt 0.180189 0.419999
vt 0.184326 0.390372
vt 0.180145 0.390370
vt 0.180188 0.392647
vt 0.184325 0.392649
vt 0.180145 0.531009
vt 0.184270 0.531011
vt 0.189646 0.421939
vt 0.185292 0.421939
vt 0.189646 0.419691
vt 0.185292 0.419691
vt 0.189646 0.391625
vt 0.185350 0.391625
vt 0.185355 0.393845
vt 0.189646 0.393845
vt 0.185292 0.530617
vt 0.189646 0.530617
vt 0.178349 0.345734
vt 0.182744 0.345734
vt 0.178349 0.347974
vt 0.182744 0.347974
vt 0.178349 0.376295
vt 0.182744 0.376295
vt 0.182744 0.374054
vt 0.178349 0.374054
vt 0.182744 0.237406
vt 0.178349 0.237406
vt 0.184315 0.417750
vt 0.180190 0.417749
vt 0.180233 0.394925
vt 0.184324 0.394927
vt 0.178349 0.350215
vt 0.182744 0.350215
vt 0.182744 0.371814
vt 0.178349 0.371814
vt 0.180599 0.415404
vt 0.623561 0.068487
vt 0.452715 0.096418
vt 0.281913 0.068218
vt 0.357395 0.677008
vt 0.363669 0.670147
vt 0.314895 0.620643
vt 0.563966 0.645203
vt 0.613309 0.597181
vt 0.608515 0.588181
vt 0.558989 0.636486
vt 0.567493 0.653870
vt 0.616767 0.606401
vt 0.570377 0.664094
vt 0.619409 0.618055
vt 0.621512 0.640593
vt 0.623994 0.682949
vt 0.671550 0.661001
vt 0.669271 0.601979
vt 0.574648 0.705496
vt 0.572517 0.679880
vt 0.287584 0.680459
vt 0.285757 0.705863
vt 0.311344 0.717173
vt 0.336018 0.728046
vt 0.337500 0.718650
vt 0.201461 0.547649
vt 0.248164 0.596107
vt 0.206238 0.538591
vt 0.237802 0.491588
vt 0.241051 0.498944
vt 0.251417 0.495338
vt 0.249082 0.487678
vt 0.244365 0.505978
vt 0.253976 0.502685
vt 0.672000 0.557283
vt 0.679678 0.554892
vt 0.675676 0.543584
vt 0.668310 0.546897
vt 0.212096 0.530233
vt 0.206082 0.525292
vt 0.199706 0.534341
vt 0.217049 0.503524
vt 0.221926 0.509922
vt 0.231149 0.503833
vt 0.227061 0.496904
vt 0.226679 0.516075
vt 0.235193 0.510475
vt 0.192350 0.599312
vt 0.195173 0.570076
vt 0.187548 0.567958
vt 0.184371 0.598679
vt 0.213529 0.517114
vt 0.207926 0.511336
vt 0.199830 0.520216
vt 0.218944 0.522694
vt 0.612249 0.496754
vt 0.598655 0.493860
vt 0.596610 0.501509
vt 0.609537 0.504093
vt 0.192890 0.530033
vt 0.187226 0.540633
vt 0.194505 0.544116
vt 0.632452 0.505704
vt 0.622602 0.500586
vt 0.619131 0.507590
vt 0.628254 0.512292
vt 0.182953 0.551836
vt 0.190577 0.554410
vt 0.179694 0.566260
vt 0.176347 0.598021
vt 0.614748 0.489091
vt 0.600271 0.485986
vt 0.655606 0.513740
vt 0.646622 0.505695
vt 0.641586 0.512015
vt 0.649857 0.519414
vt 0.197878 0.557190
vt 0.567915 0.490993
vt 0.567359 0.498965
vt 0.636707 0.498828
vt 0.626019 0.493255
vt 0.568491 0.482977
vt 0.508218 0.488020
vt 0.507941 0.496022
vt 0.670256 0.532833
vt 0.663527 0.522832
vt 0.657144 0.527780
vt 0.663329 0.536991
vt 0.636685 0.518090
vt 0.685168 0.601040
vt 0.682579 0.569368
vt 0.674713 0.570879
vt 0.677198 0.601517
vt 0.644304 0.524893
vt 0.651007 0.532598
vt 0.430999 0.486277
vt 0.430994 0.494214
vt 0.656692 0.541099
vt 0.661271 0.550273
vt 0.664642 0.559896
vt 0.667065 0.572825
vt 0.508502 0.480011
vt 0.679462 0.660777
vt 0.354766 0.488154
vt 0.295985 0.498274
vt 0.355008 0.496082
vt 0.354522 0.480218
vt 0.430994 0.478302
vt 0.172760 0.658165
vt 0.180839 0.658528
vt 0.266878 0.500349
vt 0.188895 0.658873
vt 0.687389 0.660553
vt 0.238773 0.640491
vt 0.236379 0.682825
vt 0.259724 0.694393
vt 0.241284 0.617498
vt 0.289989 0.664326
vt 0.293111 0.653913
vt 0.244233 0.605651
vt 0.297179 0.644777
vt 0.509410 0.684623
vt 0.514142 0.692565
vt 0.602841 0.579942
vt 0.518065 0.700933
vt 0.521142 0.709656
vt 0.212795 0.671011
vt 0.266140 0.571050
vt 0.273686 0.564501
vt 0.553363 0.628599
vt 0.596235 0.572444
vt 0.546904 0.621381
vt 0.524707 0.728040
vt 0.497702 0.670318
vt 0.503911 0.677183
vt 0.339822 0.709560
vt 0.342995 0.700803
vt 0.347007 0.692410
vt 0.523357 0.718702
vt 0.351822 0.684453
vt 0.539682 0.614918
vt 0.490843 0.664096
vt 0.436420 0.691891
vt 0.434206 0.695923
vt 0.438738 0.803675
vt 0.441993 0.801369
vt 0.447565 0.699662
vt 0.446581 0.695838
vt 0.447822 0.716731
vt 0.441701 0.790147
vt 0.447259 0.790891
vt 0.447554 0.767975
vt 0.447627 0.740860
vt 0.442215 0.689360
vt 0.439053 0.687030
vt 0.436907 0.789564
vt 0.433588 0.699526
vt 0.434035 0.701315
vt 0.435383 0.685632
vt 0.441009 0.792833
vt 0.444595 0.798336
vt 0.446388 0.794764
vt 0.435028 0.805119
vt 0.433274 0.791021
vt 0.432364 0.791877
vt 0.444827 0.692297
vt 0.173452 0.433262
vt 0.169262 0.433251
vt 0.169256 0.435247
vt 0.173446 0.435259
vt 0.285128 0.725197
vt 0.285190 0.722379
vt 0.312082 0.727303
vt 0.313537 0.724958
vt 0.310131 0.723421
vt 0.309318 0.726042
vt 0.314438 0.729222
vt 0.316450 0.727307
vt 0.218881 0.721592
vt 0.219144 0.724543
vt 0.208444 0.730874
vt 0.205904 0.729393
vt 0.316241 0.731682
vt 0.318681 0.730344
vt 0.211469 0.723809
vt 0.212978 0.726346
vt 0.215947 0.725042
vt 0.215124 0.722202
vt 0.306320 0.725512
vt 0.306618 0.722809
vt 0.320077 0.733837
vt 0.317369 0.734517
vt 0.210420 0.728351
vt 0.208323 0.726319
vt 0.432674 0.698651
vt 0.433729 0.789234
vt 0.173460 0.430421
vt 0.169270 0.430397
vt 0.169266 0.431904
vt 0.173456 0.431915
vt 0.173194 0.524606
vt 0.169004 0.524594
vt 0.169000 0.525941
vt 0.173190 0.525953
vt 0.173199 0.522609
vt 0.169009 0.522598
vt 0.173727 0.433263
vt 0.173731 0.431916
vt 0.374113 0.677107
vt 0.380463 0.671849
vt 0.379735 0.670876
vt 0.373293 0.676211
vt 0.358628 0.696262
vt 0.363141 0.689376
vt 0.362161 0.688661
vt 0.357581 0.695648
vt 0.354821 0.703556
vt 0.353720 0.703049
vt 0.349637 0.760819
vt 0.347970 0.752600
vt 0.346735 0.752790
vt 0.348451 0.761126
vt 0.352110 0.768679
vt 0.350975 0.769097
vt 0.387302 0.667247
vt 0.386675 0.666207
vt 0.459901 0.659879
vt 0.467497 0.662983
vt 0.468009 0.661887
vt 0.460308 0.658742
vt 0.452072 0.657479
vt 0.452372 0.656304
vt 0.403009 0.646714
vt 0.403637 0.647643
vt 0.412489 0.645441
vt 0.411914 0.644492
vt 0.352682 0.685200
vt 0.358224 0.677786
vt 0.347894 0.693126
vt 0.449468 0.644508
vt 0.448942 0.645462
vt 0.457803 0.647679
vt 0.458414 0.646744
vt 0.517150 0.701605
vt 0.520203 0.710286
vt 0.513252 0.693269
vt 0.421545 0.644101
vt 0.421195 0.643108
vt 0.439999 0.643096
vt 0.439854 0.644106
vt 0.368320 0.682969
vt 0.367414 0.682160
vt 0.474755 0.666819
vt 0.481605 0.671357
vt 0.482323 0.670381
vt 0.475373 0.665778
vt 0.351752 0.711186
vt 0.350610 0.710786
vt 0.349403 0.719045
vt 0.348225 0.718753
vt 0.355296 0.776209
vt 0.354208 0.776730
vt 0.359165 0.783430
vt 0.358130 0.784052
vt 0.402125 0.660128
vt 0.410031 0.657624
vt 0.409720 0.656429
vt 0.401702 0.658986
vt 0.418321 0.655942
vt 0.418129 0.654695
vt 0.386051 0.653712
vt 0.386727 0.654602
vt 0.395025 0.650699
vt 0.394368 0.649783
vt 0.343907 0.701487
vt 0.340757 0.710202
vt 0.483404 0.658579
vt 0.482666 0.659437
vt 0.490073 0.664926
vt 0.475456 0.653821
vt 0.474754 0.654705
vt 0.522394 0.719229
vt 0.430717 0.643639
vt 0.430716 0.642600
vt 0.523721 0.728351
vt 0.368940 0.796575
vt 0.363725 0.790241
vt 0.362756 0.790962
vt 0.368044 0.797389
vt 0.347801 0.727152
vt 0.346586 0.726976
vt 0.347039 0.735521
vt 0.345790 0.735467
vt 0.378064 0.658442
vt 0.378794 0.659308
vt 0.370582 0.663938
vt 0.371347 0.664777
vt 0.338465 0.719189
vt 0.496900 0.671117
vt 0.503078 0.677951
vt 0.337046 0.728365
vt 0.347079 0.744088
vt 0.345819 0.744157
vt 0.394560 0.663343
vt 0.394035 0.662250
vt 0.443972 0.655820
vt 0.444155 0.654603
vt 0.435571 0.655024
vt 0.435629 0.653766
vt 0.364467 0.670956
vt 0.467079 0.649864
vt 0.466425 0.650773
vt 0.508547 0.685359
vt 0.426926 0.655052
vt 0.426859 0.653780
vt 0.688514 0.884984
vt 0.688514 0.889188
vt 0.741027 0.889188
vt 0.741027 0.884984
vt 0.688514 0.778863
vt 0.688514 0.783066
vt 0.741027 0.783066
vt 0.741027 0.778863
vt 0.688514 0.787270
vt 0.741027 0.787270
vt 0.688514 0.840330
vt 0.741027 0.840330
vt 0.688514 0.901797
vt 0.741027 0.901797
vt 0.741027 0.795676
vt 0.688514 0.795676
vt 0.688514 0.893391
vt 0.741027 0.893391
vt 0.688514 0.897594
vt 0.741027 0.897594
vt 0.688514 0.791473
vt 0.741027 0.791473
vt 0.036060 0.643291
vt 0.045131 0.643291
vt 0.045131 0.612731
vt 0.036060 0.612731
vt 0.036060 0.702068
vt 0.045131 0.702068
vt 0.682228 0.163796
vt 0.691285 0.163771
vt 0.233754 0.046284
vt 0.225866 0.041731
vt 0.221182 0.051226
vt 0.229598 0.054704
vt 0.151606 0.134012
vt 0.142536 0.134012
vt 0.142536 0.144820
vt 0.151606 0.144820
vt 0.151606 0.123203
vt 0.142536 0.123203
vt 0.238977 0.038479
vt 0.231754 0.032931
vt 0.628391 0.013218
vt 0.630586 0.004380
vt 0.617452 0.002239
vt 0.616555 0.011280
vt 0.036060 0.512742
vt 0.045131 0.512742
vt 0.045131 0.499174
vt 0.036060 0.499174
vt 0.036060 0.523527
vt 0.045131 0.523527
vt 0.637075 0.016172
vt 0.640553 0.007756
vt 0.245174 0.031420
vt 0.238739 0.024975
vt 0.151606 0.112394
vt 0.142536 0.112394
vt 0.036060 0.112393
vt 0.036060 0.123202
vt 0.045131 0.123202
vt 0.045131 0.112393
vt 0.252242 0.025235
vt 0.246706 0.018003
vt 0.645495 0.020328
vt 0.650049 0.012440
vt 0.036060 0.534336
vt 0.045131 0.534336
vt 0.036060 0.545144
vt 0.045131 0.545144
vt 0.653300 0.025551
vt 0.658848 0.018328
vt 0.260056 0.020024
vt 0.255515 0.012129
vt 0.036060 0.134010
vt 0.045131 0.134010
vt 0.036060 0.144819
vt 0.045131 0.144819
vt 0.268482 0.015881
vt 0.265018 0.007459
vt 0.045131 0.334173
vt 0.036060 0.334173
vt 0.036060 0.409837
vt 0.045131 0.409837
vt 0.452791 0.000493
vt 0.452784 0.009549
vt 0.528345 0.009670
vt 0.528385 0.000613
vt 0.660359 0.031748
vt 0.666804 0.025313
vt 0.036060 0.555953
vt 0.045131 0.555953
vt 0.036060 0.566761
vt 0.045131 0.566761
vt 0.666544 0.038816
vt 0.673776 0.033280
vt 0.377197 0.000494
vt 0.377223 0.009551
vt 0.045131 0.258509
vt 0.036060 0.258509
vt 0.277171 0.012941
vt 0.274990 0.004099
vt 0.036060 0.155604
vt 0.045131 0.155604
vt 0.036060 0.169172
vt 0.045131 0.169172
vt 0.289010 0.011022
vt 0.288127 0.001980
vt 0.671755 0.046629
vt 0.679650 0.042089
vt 0.036060 0.577570
vt 0.045131 0.577570
vt 0.036060 0.588378
vt 0.045131 0.588378
vt 0.675898 0.055056
vt 0.684319 0.051592
vt 0.678838 0.063745
vt 0.687680 0.061564
vt 0.036060 0.599163
vt 0.045131 0.599163
vt 0.151606 0.258510
vt 0.142536 0.258510
vt 0.223096 0.163434
vt 0.214040 0.163394
vt 0.223565 0.104857
vt 0.214503 0.104686
vt 0.151606 0.199733
vt 0.142536 0.199733
vt 0.151606 0.169173
vt 0.142536 0.169173
vt 0.224707 0.075224
vt 0.215666 0.074327
vt 0.318645 0.009927
vt 0.318489 0.000865
vt 0.036060 0.199732
vt 0.045131 0.199732
vt 0.586922 0.010139
vt 0.587093 0.001077
vt 0.036060 0.468614
vt 0.045131 0.468614
vt 0.226645 0.063388
vt 0.217806 0.061194
vt 0.151606 0.155605
vt 0.142536 0.155605
vt 0.338678 0.603974
vt 0.290872 0.554279
vt 0.281964 0.558888
vt 0.330144 0.608655
vt 0.347642 0.600228
vt 0.300247 0.550763
vt 0.357930 0.597359
vt 0.311931 0.548190
vt 0.334532 0.546174
vt 0.376869 0.543672
vt 0.366059 0.520116
vt 0.371590 0.625468
vt 0.580568 0.560053
vt 0.571704 0.555318
vt 0.322186 0.614231
vt 0.523291 0.604537
vt 0.562351 0.551677
vt 0.514332 0.600755
vt 0.588778 0.565786
vt 0.496548 0.520104
vt 0.485372 0.543912
vt 0.527990 0.546702
vt 0.508734 0.570303
vt 0.488246 0.595630
vt 0.504070 0.597836
vt 0.550660 0.548963
vt 0.531781 0.609282
vt 0.371855 0.593965
vt 0.353505 0.569818
vt 0.480712 0.622695
vt 0.377096 0.620125
vt 0.376119 0.622050
vt 0.380441 0.623748
vt 0.380845 0.621580
vt 0.384871 0.622032
vt 0.384858 0.624268
vt 0.396053 0.624100
vt 0.394801 0.621859
vt 0.373859 0.617768
vt 0.372390 0.619323
vt 0.371354 0.614653
vt 0.369483 0.615725
vt 0.369764 0.610982
vt 0.367621 0.611470
vt 0.371105 0.598968
vt 0.369100 0.597758
vt 0.367415 0.602124
vt 0.369639 0.602758
vt 0.411797 0.623858
vt 0.411743 0.621598
vt 0.366880 0.606824
vt 0.369207 0.606885
vt 0.395036 0.590546
vt 0.394629 0.588112
vt 0.384261 0.588338
vt 0.384472 0.590722
vt 0.379744 0.589132
vt 0.380419 0.591408
vt 0.375474 0.591026
vt 0.376691 0.593085
vt 0.392878 0.585384
vt 0.392022 0.587529
vt 0.394883 0.585749
vt 0.391188 0.584302
vt 0.389611 0.585970
vt 0.390035 0.582645
vt 0.387943 0.583615
vt 0.389584 0.580637
vt 0.387309 0.580986
vt 0.389892 0.557869
vt 0.387689 0.556878
vt 0.387061 0.559581
vt 0.389431 0.559924
vt 0.391078 0.556163
vt 0.389388 0.554420
vt 0.392831 0.555053
vt 0.391970 0.552790
vt 0.394864 0.554686
vt 0.394786 0.552382
vt 0.393159 0.549314
vt 0.392022 0.551614
vt 0.395281 0.550095
vt 0.391215 0.547945
vt 0.389377 0.549850
vt 0.389755 0.546099
vt 0.387445 0.547354
vt 0.388915 0.543953
vt 0.386564 0.544590
vt 0.388556 0.542564
vt 0.386336 0.543032
vt 0.388327 0.524029
vt 0.386022 0.523440
vt 0.394448 0.517468
vt 0.393807 0.515211
vt 0.391106 0.516060
vt 0.392384 0.518307
vt 0.388588 0.517949
vt 0.390550 0.519780
vt 0.388082 0.518689
vt 0.390204 0.520226
vt 0.389098 0.521840
vt 0.386750 0.520676
vt 0.433484 0.618094
vt 0.431345 0.619000
vt 0.432936 0.621389
vt 0.434585 0.619782
vt 0.469215 0.623514
vt 0.468399 0.621440
vt 0.466354 0.621815
vt 0.466470 0.624062
vt 0.433074 0.616097
vt 0.430764 0.616373
vt 0.428468 0.616072
vt 0.430744 0.595495
vt 0.428380 0.595742
vt 0.426883 0.619768
vt 0.428542 0.621395
vt 0.430156 0.619004
vt 0.428007 0.618072
vt 0.425215 0.620934
vt 0.426174 0.623033
vt 0.423231 0.621415
vt 0.423570 0.623656
vt 0.473210 0.544622
vt 0.475589 0.545005
vt 0.476173 0.523066
vt 0.473768 0.523352
vt 0.434722 0.592016
vt 0.433030 0.590298
vt 0.431352 0.592768
vt 0.433553 0.593734
vt 0.433096 0.595771
vt 0.430158 0.592744
vt 0.427945 0.593689
vt 0.428495 0.590248
vt 0.426792 0.591949
vt 0.426013 0.588580
vt 0.425074 0.590775
vt 0.423305 0.588000
vt 0.423046 0.590337
vt 0.433592 0.582366
vt 0.431373 0.583313
vt 0.433041 0.585816
vt 0.434749 0.584115
vt 0.433136 0.580310
vt 0.430778 0.580561
vt 0.427966 0.582330
vt 0.430172 0.583289
vt 0.428423 0.580284
vt 0.426808 0.584058
vt 0.428501 0.585769
vt 0.425085 0.585223
vt 0.426015 0.587427
vt 0.423047 0.585660
vt 0.428356 0.559857
vt 0.430759 0.559559
vt 0.434875 0.555840
vt 0.433102 0.554065
vt 0.431366 0.556674
vt 0.433675 0.557649
vt 0.433218 0.559774
vt 0.430105 0.556759
vt 0.427857 0.557800
vt 0.428308 0.554228
vt 0.426616 0.556077
vt 0.425610 0.552608
vt 0.424794 0.554956
vt 0.422732 0.552281
vt 0.422690 0.554612
vt 0.433722 0.545794
vt 0.431405 0.546741
vt 0.433117 0.549374
vt 0.434898 0.547619
vt 0.433285 0.543669
vt 0.430834 0.543838
vt 0.426218 0.547580
vt 0.428189 0.549460
vt 0.430066 0.546747
vt 0.427654 0.545579
vt 0.428450 0.543369
vt 0.424282 0.549106
vt 0.425529 0.551402
vt 0.422167 0.549996
vt 0.433612 0.522878
vt 0.431235 0.522680
vt 0.428923 0.523112
vt 0.434003 0.520748
vt 0.431738 0.519861
vt 0.435126 0.518942
vt 0.433345 0.517280
vt 0.430551 0.519828
vt 0.428225 0.520944
vt 0.428788 0.517156
vt 0.426876 0.518928
vt 0.426264 0.515293
vt 0.425047 0.517518
vt 0.423584 0.514510
vt 0.422983 0.516745
vt 0.436237 0.620931
vt 0.435289 0.623021
vt 0.437874 0.623647
vt 0.438210 0.621380
vt 0.436452 0.590855
vt 0.435524 0.588651
vt 0.438497 0.590421
vt 0.438238 0.588094
vt 0.436471 0.585307
vt 0.435526 0.587500
vt 0.438503 0.585778
vt 0.436661 0.554617
vt 0.435688 0.552334
vt 0.438761 0.554152
vt 0.438487 0.551746
vt 0.436663 0.548863
vt 0.435686 0.551135
vt 0.438750 0.549351
vt 0.436822 0.517705
vt 0.435776 0.515514
vt 0.438873 0.517215
vt 0.438446 0.514843
vt 0.373511 0.595651
vt 0.452201 0.621594
vt 0.452159 0.623859
vt 0.466813 0.590893
vt 0.467096 0.588508
vt 0.466924 0.586132
vt 0.467452 0.554564
vt 0.467807 0.552234
vt 0.467632 0.549907
vt 0.468325 0.517692
vt 0.468788 0.515372
vt 0.470116 0.620361
vt 0.471631 0.621965
vt 0.470545 0.592527
vt 0.472222 0.590843
vt 0.469770 0.589157
vt 0.468840 0.591354
vt 0.471914 0.583050
vt 0.474045 0.584056
vt 0.474705 0.581383
vt 0.472386 0.581019
vt 0.469792 0.587995
vt 0.468970 0.585790
vt 0.472319 0.586433
vt 0.470718 0.584715
vt 0.471248 0.556271
vt 0.472995 0.554604
vt 0.470534 0.552886
vt 0.469521 0.555071
vt 0.469700 0.549515
vt 0.470569 0.551737
vt 0.473127 0.550150
vt 0.471484 0.548398
vt 0.472177 0.519456
vt 0.473952 0.517764
vt 0.471494 0.516033
vt 0.470436 0.518227
vt 0.473294 0.619620
vt 0.471279 0.618714
vt 0.471689 0.594255
vt 0.473855 0.593291
vt 0.472398 0.558017
vt 0.474626 0.557093
vt 0.474892 0.547722
vt 0.472709 0.546685
vt 0.473941 0.617016
vt 0.471750 0.616730
vt 0.474102 0.613365
vt 0.471805 0.615405
vt 0.474452 0.595986
vt 0.472126 0.596314
vt 0.387078 0.567266
vt 0.389421 0.567299
vt 0.472814 0.560085
vt 0.475185 0.559804
vt 0.473342 0.521242
vt 0.475606 0.520306
vt 0.472696 0.567529
vt 0.475058 0.567549
vt 0.190734 0.429351
vt 0.190855 0.443260
vt 0.195045 0.443260
vt 0.195045 0.421657
vt 0.190720 0.421657
vt 0.164957 0.337992
vt 0.164957 0.333745
vt 0.161354 0.333745
vt 0.161354 0.337992
vt 0.164957 0.342240
vt 0.161354 0.342240
vt 0.196215 0.365681
vt 0.196201 0.373304
vt 0.200485 0.373304
vt 0.200485 0.351954
vt 0.196135 0.351954
vt 0.164957 0.352877
vt 0.161354 0.352877
vt 0.160739 0.370648
vt 0.160633 0.382860
vt 0.164957 0.382860
vt 0.164957 0.329501
vt 0.161354 0.329501
vt 0.164957 0.325257
vt 0.161354 0.325257
vt 0.164957 0.321012
vt 0.161354 0.321012
vt 0.164957 0.308041
vt 0.164957 0.303790
vt 0.161354 0.303790
vt 0.161354 0.308041
vt 0.164957 0.312290
vt 0.161354 0.312290
vt 0.164957 0.316650
vt 0.161354 0.316650
vt 0.164957 0.280146
vt 0.164956 0.250829
vt 0.161354 0.250829
vt 0.161354 0.280146
vt 0.164957 0.291061
vt 0.161354 0.291061
vt 0.164957 0.295304
vt 0.161354 0.295304
vt 0.164957 0.299548
vt 0.161354 0.299548
vt 0.195045 0.482150
vt 0.195045 0.452223
vt 0.190797 0.452223
vt 0.190653 0.482150
vt 0.195045 0.449982
vt 0.190837 0.449982
vt 0.195045 0.447741
vt 0.190862 0.447741
vt 0.195045 0.445500
vt 0.190868 0.445500
vt 0.195045 0.419416
vt 0.190715 0.419416
vt 0.195045 0.417175
vt 0.190709 0.417175
vt 0.195045 0.414934
vt 0.190704 0.414934
vt 0.195045 0.412693
vt 0.190700 0.412693
vt 0.195045 0.382766
vt 0.190638 0.382766
vt 0.421088 0.546551
vt 0.396232 0.546597
vt 0.395445 0.550122
vt 0.421998 0.550038
vt 0.394741 0.546262
vt 0.393175 0.549309
vt 0.393511 0.545480
vt 0.391235 0.547936
vt 0.392641 0.544328
vt 0.389782 0.546098
vt 0.392205 0.542909
vt 0.388904 0.544000
vt 0.391918 0.524841
vt 0.392190 0.523346
vt 0.395541 0.521010
vt 0.421907 0.520279
vt 0.422744 0.516657
vt 0.394633 0.517395
vt 0.394088 0.521340
vt 0.392422 0.518314
vt 0.392926 0.522137
vt 0.390618 0.519718
vt 0.196135 0.445936
vt 0.196135 0.448177
vt 0.200521 0.448177
vt 0.200499 0.445936
vt 0.196135 0.450418
vt 0.200542 0.450418
vt 0.196135 0.452659
vt 0.200547 0.452659
vt 0.196135 0.474262
vt 0.200547 0.474262
vt 0.164957 0.391783
vt 0.164957 0.389552
vt 0.160570 0.389552
vt 0.160565 0.391783
vt 0.164957 0.413287
vt 0.160565 0.413287
vt 0.164957 0.415518
vt 0.160563 0.415518
vt 0.164957 0.387322
vt 0.164957 0.385091
vt 0.160612 0.385091
vt 0.160590 0.387322
vt 0.196135 0.476503
vt 0.200549 0.476503
vt 0.196135 0.478743
vt 0.200546 0.478743
vt 0.196135 0.480984
vt 0.200537 0.480984
vt 0.164957 0.417749
vt 0.160565 0.417749
vt 0.164956 0.248612
vt 0.164956 0.246395
vt 0.161353 0.246395
vt 0.161353 0.248612
vt 0.200485 0.308477
vt 0.200485 0.306231
vt 0.196135 0.306231
vt 0.196135 0.308477
vt 0.200485 0.303985
vt 0.196135 0.303985
vt 0.200485 0.310723
vt 0.196135 0.310723
vt 0.200485 0.282330
vt 0.196135 0.282330
vt 0.195045 0.491114
vt 0.195045 0.488873
vt 0.190628 0.488873
vt 0.190626 0.491114
vt 0.195045 0.512717
vt 0.190622 0.512717
vt 0.195045 0.486632
vt 0.195045 0.484391
vt 0.190642 0.484391
vt 0.190634 0.486632
vt 0.195045 0.514958
vt 0.190624 0.514958
vt 0.200485 0.280083
vt 0.196135 0.280083
vt 0.200485 0.277837
vt 0.196135 0.277837
vt 0.200485 0.275591
vt 0.196135 0.275591
vt 0.195045 0.517199
vt 0.190627 0.517199
vt 0.195045 0.380525
vt 0.195045 0.378284
vt 0.190627 0.378284
vt 0.190632 0.380525
vt 0.169456 0.309087
vt 0.169456 0.311328
vt 0.173851 0.311328
vt 0.173851 0.309087
vt 0.169456 0.306846
vt 0.173851 0.306846
vt 0.169456 0.304605
vt 0.173851 0.304605
vt 0.424820 0.542458
vt 0.424470 0.543972
vt 0.427643 0.545581
vt 0.428491 0.543259
vt 0.423670 0.545220
vt 0.426210 0.547582
vt 0.169456 0.332930
vt 0.173851 0.332930
vt 0.425384 0.523922
vt 0.428996 0.523262
vt 0.422507 0.546107
vt 0.424277 0.549105
vt 0.169456 0.335171
vt 0.173851 0.335171
vt 0.425062 0.522354
vt 0.428247 0.520982
vt 0.169456 0.337412
vt 0.173851 0.337412
vt 0.169456 0.339653
vt 0.173851 0.339653
vt 0.424422 0.520992
vt 0.427069 0.519067
vt 0.423449 0.520630
vt 0.424738 0.521298
vt 0.426873 0.518878
vt 0.425012 0.517519
vt 0.196135 0.428732
vt 0.196135 0.443695
vt 0.200478 0.443695
vt 0.200248 0.428772
vt 0.196135 0.483225
vt 0.200527 0.483225
vt 0.196135 0.513152
vt 0.200347 0.513152
vt 0.200485 0.342969
vt 0.200485 0.312970
vt 0.196135 0.312970
vt 0.196135 0.342969
vt 0.200485 0.273345
vt 0.200485 0.243345
vt 0.196135 0.243345
vt 0.196135 0.273345
vt 0.169456 0.302365
vt 0.173851 0.302365
vt 0.173851 0.272438
vt 0.169456 0.272438
vt 0.169456 0.341894
vt 0.173851 0.341894
vt 0.169456 0.371820
vt 0.173851 0.371820
vt 0.196135 0.413768
vt 0.199778 0.413770
vt 0.196135 0.411527
vt 0.199643 0.411528
vt 0.196135 0.515393
vt 0.200299 0.515393
vt 0.200485 0.345216
vt 0.196135 0.345216
vt 0.200485 0.241099
vt 0.196135 0.241099
vt 0.169456 0.270197
vt 0.173851 0.270197
vt 0.169456 0.374061
vt 0.173851 0.374061
vt 0.196135 0.409287
vt 0.199594 0.409287
vt 0.196135 0.407046
vt 0.199612 0.407045
vt 0.196135 0.378720
vt 0.196135 0.380961
vt 0.200206 0.380961
vt 0.200250 0.378720
vt 0.196135 0.517634
vt 0.200249 0.517634
vt 0.200485 0.347462
vt 0.196135 0.347462
vt 0.200485 0.349708
vt 0.196135 0.349708
vt 0.200485 0.377744
vt 0.200485 0.375524
vt 0.196196 0.375524
vt 0.196190 0.377744
vt 0.200485 0.238853
vt 0.196135 0.238853
vt 0.169456 0.267957
vt 0.173851 0.267957
vt 0.169456 0.265716
vt 0.173851 0.265716
vt 0.169456 0.237391
vt 0.169456 0.239632
vt 0.173851 0.239632
vt 0.173851 0.237391
vt 0.169456 0.376302
vt 0.173851 0.376302
vt 0.196135 0.404805
vt 0.199708 0.404804
vt 0.196135 0.383202
vt 0.200160 0.383202
vt 0.169456 0.263475
vt 0.173851 0.263475
vt 0.169456 0.241873
vt 0.173851 0.241873
vt 0.199793 0.403352
vt 0.087286 0.777732
vt 0.087286 0.853396
vt 0.089355 0.853396
vt 0.089355 0.777732
vt 0.018274 0.777431
vt 0.018274 0.852940
vt 0.020341 0.852940
vt 0.020341 0.777431
vt 0.100380 0.409838
vt 0.100380 0.334174
vt 0.098311 0.334174
vt 0.098311 0.409838
vt 0.000488 0.701921
vt 0.000488 0.777431
vt 0.002555 0.777431
vt 0.002555 0.701921
vt 0.100380 0.853396
vt 0.100380 0.777732
vt 0.098311 0.777732
vt 0.098311 0.853396
vt 0.000488 0.257759
vt 0.000488 0.333268
vt 0.002555 0.333268
vt 0.002555 0.257759
vt 0.100380 0.702069
vt 0.098311 0.702069
vt 0.000488 0.408777
vt 0.002555 0.408777
vt 0.100380 0.599163
vt 0.100380 0.588379
vt 0.098311 0.588379
vt 0.098311 0.599163
vt 0.000488 0.511730
vt 0.000488 0.522626
vt 0.002555 0.522626
vt 0.002555 0.511730
vt 0.002555 0.498059
vt 0.000488 0.498059
vt 0.098311 0.612731
vt 0.100380 0.612731
vt 0.100380 0.577570
vt 0.100380 0.566762
vt 0.098311 0.566762
vt 0.098311 0.577570
vt 0.000488 0.533534
vt 0.000488 0.544442
vt 0.002555 0.544442
vt 0.002555 0.533534
vt 0.100380 0.555953
vt 0.100380 0.545145
vt 0.098311 0.545145
vt 0.098311 0.555953
vt 0.000488 0.555349
vt 0.000488 0.566257
vt 0.002555 0.566257
vt 0.002555 0.555349
vt 0.100380 0.534336
vt 0.100380 0.523528
vt 0.098311 0.523528
vt 0.098311 0.534336
vt 0.000488 0.577165
vt 0.000488 0.588072
vt 0.002555 0.588072
vt 0.002555 0.577165
vt 0.100380 0.512743
vt 0.100380 0.499175
vt 0.098311 0.499175
vt 0.098311 0.512743
vt 0.000488 0.598969
vt 0.000488 0.612640
vt 0.002555 0.612640
vt 0.002555 0.598969
vt 0.002555 0.467450
vt 0.000488 0.467450
vt 0.098311 0.643291
vt 0.100380 0.643291
vt 0.100380 0.468615
vt 0.098311 0.468615
vt 0.000488 0.643248
vt 0.002555 0.643248
vt 0.002555 0.154806
vt 0.002555 0.143910
vt 0.000488 0.143910
vt 0.000488 0.154806
vt 0.098311 0.956301
vt 0.098311 0.967086
vt 0.100380 0.967086
vt 0.100380 0.956301
vt 0.100380 0.942733
vt 0.098311 0.942733
vt 0.000488 0.168477
vt 0.002555 0.168477
vt 0.002555 0.133002
vt 0.002555 0.122095
vt 0.000488 0.122095
vt 0.000488 0.133002
vt 0.098311 0.977895
vt 0.098311 0.988703
vt 0.100380 0.988703
vt 0.100380 0.977895
vt 0.020341 0.999512
vt 0.020341 0.988604
vt 0.018274 0.988604
vt 0.018274 0.999512
vt 0.089355 0.999512
vt 0.089355 0.988703
vt 0.087286 0.988703
vt 0.087286 0.999512
vt 0.100380 0.999512
vt 0.098311 0.999512
vt 0.000488 0.111187
vt 0.002555 0.111187
vt 0.020341 0.977696
vt 0.020341 0.966789
vt 0.018274 0.966789
vt 0.018274 0.977696
vt 0.089355 0.977895
vt 0.089355 0.967086
vt 0.087286 0.967086
vt 0.087286 0.977895
vt 0.020341 0.955892
vt 0.020341 0.942221
vt 0.018274 0.942221
vt 0.018274 0.955892
vt 0.089355 0.956301
vt 0.089355 0.942733
vt 0.087286 0.942733
vt 0.087286 0.956301
vt 0.100380 0.912174
vt 0.098311 0.912174
vt 0.000488 0.199086
vt 0.002555 0.199086
vt 0.020341 0.911613
vt 0.018274 0.911613
vt 0.089355 0.912173
vt 0.087286 0.912173
vt 0.020341 0.701921
vt 0.018274 0.701921
vt 0.089355 0.702068
vt 0.087286 0.702068
vt 0.002555 0.852940
vt 0.000488 0.852940
vt 0.098311 0.258510
vt 0.100380 0.258510
vt 0.020341 0.408777
vt 0.020341 0.333268
vt 0.018274 0.333268
vt 0.018274 0.408777
vt 0.089355 0.409837
vt 0.089355 0.334173
vt 0.087286 0.334173
vt 0.087286 0.409837
vt 0.020341 0.257759
vt 0.018274 0.257759
vt 0.089355 0.258509
vt 0.087286 0.258509
vt 0.020341 0.154806
vt 0.020341 0.143910
vt 0.018274 0.143910
vt 0.018274 0.154806
vt 0.089355 0.155604
vt 0.089355 0.144819
vt 0.087286 0.144819
vt 0.087286 0.155604
vt 0.087286 0.169172
vt 0.089355 0.169172
vt 0.018274 0.168477
vt 0.020341 0.168477
vt 0.020341 0.133002
vt 0.020341 0.122095
vt 0.018274 0.122095
vt 0.018274 0.133002
vt 0.089355 0.134010
vt 0.089355 0.123202
vt 0.087286 0.123202
vt 0.087286 0.134010
vt 0.002555 0.999512
vt 0.002555 0.988604
vt 0.000488 0.988604
vt 0.000488 0.999512
vt 0.098311 0.112394
vt 0.098311 0.123203
vt 0.100380 0.123203
vt 0.100380 0.112394
vt 0.087286 0.112393
vt 0.089355 0.112393
vt 0.018274 0.111187
vt 0.020341 0.111187
vt 0.002555 0.977697
vt 0.002555 0.966789
vt 0.000488 0.966789
vt 0.000488 0.977697
vt 0.098311 0.134012
vt 0.098311 0.144820
vt 0.100380 0.144820
vt 0.100380 0.134012
vt 0.002555 0.955892
vt 0.002555 0.942221
vt 0.000488 0.942221
vt 0.000488 0.955892
vt 0.098311 0.155605
vt 0.098311 0.169173
vt 0.100380 0.169173
vt 0.100380 0.155605
vt 0.087286 0.199732
vt 0.089355 0.199732
vt 0.018274 0.199086
vt 0.020341 0.199086
vt 0.002555 0.911613
vt 0.000488 0.911613
vt 0.098311 0.199733
vt 0.100380 0.199733
vt 0.087286 0.512742
vt 0.087286 0.523527
vt 0.089355 0.523527
vt 0.089355 0.512742
vt 0.018274 0.511730
vt 0.018274 0.522626
vt 0.020341 0.522626
vt 0.020341 0.511730
vt 0.020341 0.498059
vt 0.018274 0.498059
vt 0.089355 0.499174
vt 0.087286 0.499174
vt 0.087286 0.534336
vt 0.087286 0.545144
vt 0.089355 0.545144
vt 0.089355 0.534336
vt 0.018274 0.533534
vt 0.018274 0.544442
vt 0.020341 0.544442
vt 0.020341 0.533534
vt 0.087286 0.555953
vt 0.087286 0.566761
vt 0.089355 0.566761
vt 0.089355 0.555953
vt 0.018274 0.555349
vt 0.018274 0.566257
vt 0.020341 0.566257
vt 0.020341 0.555349
vt 0.087286 0.577570
vt 0.087286 0.588378
vt 0.089355 0.588378
vt 0.089355 0.577570
vt 0.018274 0.577165
vt 0.018274 0.588072
vt 0.020341 0.588072
vt 0.020341 0.577165
vt 0.087286 0.599163
vt 0.087286 0.612731
vt 0.089355 0.612731
vt 0.089355 0.599163
vt 0.018274 0.598969
vt 0.018274 0.612640
vt 0.020341 0.612640
vt 0.020341 0.598969
vt 0.020341 0.467450
vt 0.018274 0.467450
vt 0.089355 0.468614
vt 0.087286 0.468614
vt 0.087286 0.643291
vt 0.089355 0.643291
vt 0.018274 0.643248
vt 0.020341 0.643248
vt 0.029377 0.942221
vt 0.029377 0.911613
vt 0.029377 0.852940
vt 0.011591 0.577165
vt 0.011591 0.588072
vt 0.011591 0.598969
vt 0.011591 0.566257
vt 0.011591 0.168477
vt 0.011591 0.154806
vt 0.011591 0.143910
vt 0.011591 0.612640
vt 0.011591 0.643248
vt 0.011591 0.555349
vt 0.011591 0.544442
vt 0.011591 0.199086
vt 0.011591 0.133002
vt 0.011591 0.122095
vt 0.011591 0.533534
vt 0.011591 0.522626
vt 0.011591 0.111187
vt 0.029377 0.999512
vt 0.029377 0.988604
vt 0.011591 0.408777
vt 0.011591 0.333268
vt 0.011591 0.467450
vt 0.011591 0.511730
vt 0.011591 0.498059
vt 0.011591 0.257759
vt 0.029377 0.977696
vt 0.029377 0.966789
vt 0.029377 0.701921
vt 0.029377 0.777431
vt 0.029377 0.955892
vt 0.011591 0.701921
vt 0.011591 0.777431
vt 0.011591 0.852940
vt 0.029377 0.612640
vt 0.029377 0.643248
vt 0.011591 0.977697
vt 0.011591 0.966789
vt 0.011591 0.955892
vt 0.011591 0.988604
vt 0.029377 0.498059
vt 0.029377 0.511730
vt 0.029377 0.522626
vt 0.011591 0.942221
vt 0.011591 0.911613
vt 0.011591 0.999512
vt 0.029377 0.122095
vt 0.029377 0.111187
vt 0.029377 0.467450
vt 0.029377 0.533534
vt 0.029377 0.544442
vt 0.029377 0.133002
vt 0.029377 0.143910
vt 0.029377 0.555349
vt 0.029377 0.566257
vt 0.029377 0.257759
vt 0.029377 0.333268
vt 0.029377 0.199086
vt 0.029377 0.154806
vt 0.029377 0.168477
vt 0.029377 0.408777
vt 0.029377 0.577165
vt 0.029377 0.588072
vt 0.029377 0.598969
vt 0.173721 0.435260
vt 0.173474 0.522610
vt 0.173465 0.525954
vt 0.173461 0.527382
vt 0.173468 0.524607
vt 0.173735 0.430423
vt 0.173721 0.619505
vt 0.173474 0.532155
vt 0.173731 0.622848
vt 0.173727 0.621501
vt 0.173465 0.528811
vt 0.173468 0.530158
vt 0.173735 0.624342
vt 0.166814 0.582082
vt 0.168019 0.582082
vt 0.168019 0.572998
vt 0.166814 0.572998
vt 0.166814 0.554840
vt 0.168019 0.554840
vt 0.168019 0.545761
vt 0.166814 0.545761
vt 0.168019 0.536688
vt 0.166814 0.536688
vt 0.166814 0.482251
vt 0.168019 0.482251
vt 0.168019 0.473178
vt 0.166814 0.473178
vt 0.168019 0.464105
vt 0.166814 0.464105
vt 0.166814 0.591156
vt 0.168019 0.591156
vt 0.166814 0.681885
vt 0.168019 0.681885
vt 0.168019 0.672812
vt 0.166814 0.672812
vt 0.168019 0.663739
vt 0.166814 0.663739
vt 0.153731 0.536688
vt 0.152583 0.536688
vt 0.152583 0.545761
vt 0.153731 0.545761
vt 0.153731 0.473178
vt 0.152583 0.473178
vt 0.152583 0.482251
vt 0.153731 0.482251
vt 0.153731 0.464105
vt 0.152583 0.464105
vt 0.153731 0.582082
vt 0.152583 0.582082
vt 0.152583 0.591156
vt 0.153731 0.591156
vt 0.153731 0.672812
vt 0.152583 0.672812
vt 0.152583 0.681885
vt 0.153731 0.681885
vt 0.153731 0.663739
vt 0.152583 0.663739
vt 0.152583 0.554840
vt 0.153731 0.554840
vt 0.153731 0.572998
vt 0.152583 0.572998
vt 0.168019 0.563922
vt 0.166814 0.563922
vt 0.166814 0.700037
vt 0.168019 0.700037
vt 0.168019 0.690959
vt 0.166814 0.690959
vt 0.168019 0.527615
vt 0.166814 0.527615
vt 0.168019 0.518543
vt 0.166814 0.518543
vt 0.168019 0.455032
vt 0.166814 0.455032
vt 0.168019 0.445960
vt 0.166814 0.445960
vt 0.166814 0.618374
vt 0.168019 0.618374
vt 0.168019 0.609302
vt 0.166814 0.609302
vt 0.166814 0.627447
vt 0.168019 0.627447
vt 0.153731 0.518543
vt 0.152583 0.518543
vt 0.152583 0.527615
vt 0.153731 0.527615
vt 0.153731 0.455032
vt 0.152583 0.455032
vt 0.153731 0.445960
vt 0.152583 0.445960
vt 0.153731 0.618374
vt 0.152583 0.618374
vt 0.152583 0.627447
vt 0.153731 0.627447
vt 0.153731 0.609302
vt 0.152583 0.609302
vt 0.152583 0.690959
vt 0.153731 0.690959
vt 0.152583 0.563922
vt 0.153731 0.563922
vt 0.152583 0.700037
vt 0.153731 0.700037
vt 0.166814 0.436885
vt 0.168019 0.436885
vt 0.168019 0.427807
vt 0.166814 0.427807
vt 0.168019 0.418725
vt 0.166814 0.418725
vt 0.168019 0.509470
vt 0.166814 0.509470
vt 0.168019 0.500397
vt 0.166814 0.500397
vt 0.153731 0.509470
vt 0.152583 0.509470
vt 0.153731 0.500397
vt 0.152583 0.500397
vt 0.153731 0.436885
vt 0.152583 0.436885
vt 0.153731 0.636520
vt 0.152583 0.636520
vt 0.152583 0.645593
vt 0.153731 0.645593
vt 0.153731 0.427807
vt 0.152583 0.427807
vt 0.153731 0.418725
vt 0.152583 0.418725
vt 0.166814 0.709119
vt 0.168019 0.709119
vt 0.168019 0.491324
vt 0.166814 0.491324
vt 0.168019 0.600229
vt 0.166814 0.600229
vt 0.168019 0.654666
vt 0.166814 0.654666
vt 0.168019 0.645593
vt 0.166814 0.645593
vt 0.153731 0.491324
vt 0.152583 0.491324
vt 0.153731 0.600229
vt 0.152583 0.600229
vt 0.153731 0.654666
vt 0.152583 0.654666
vt 0.152583 0.709119
vt 0.153731 0.709119
vt 0.168019 0.636520
vt 0.166814 0.636520
vt 0.158770 0.464105
vt 0.157858 0.464105
vt 0.157858 0.473178
vt 0.158770 0.473178
vt 0.157858 0.681885
vt 0.158770 0.681885
vt 0.158770 0.672812
vt 0.157858 0.672812
vt 0.158770 0.663739
vt 0.157858 0.663739
vt 0.158770 0.455032
vt 0.157858 0.455032
vt 0.158770 0.445960
vt 0.157858 0.445960
vt 0.157858 0.690959
vt 0.158770 0.690959
vt 0.157858 0.700037
vt 0.158770 0.700037
vt 0.158770 0.436885
vt 0.157858 0.436885
vt 0.157858 0.709119
vt 0.158770 0.709119
vt 0.158770 0.427807
vt 0.157858 0.427807
vt 0.158770 0.418725
vt 0.157858 0.418725
vt 0.157858 0.609302
vt 0.158770 0.609302
vt 0.158770 0.600229
vt 0.157858 0.600229
vt 0.158770 0.591156
vt 0.157858 0.591156
vt 0.157858 0.572998
vt 0.158770 0.572998
vt 0.158770 0.563922
vt 0.157858 0.563922
vt 0.158770 0.554840
vt 0.157858 0.554840
vt 0.158770 0.536688
vt 0.157858 0.536688
vt 0.157858 0.545761
vt 0.158770 0.545761
vt 0.158770 0.582082
vt 0.157858 0.582082
vt 0.158770 0.518543
vt 0.157858 0.518543
vt 0.157858 0.527615
vt 0.158770 0.527615
vt 0.157858 0.627447
vt 0.158770 0.627447
vt 0.158770 0.618374
vt 0.157858 0.618374
vt 0.158770 0.509470
vt 0.157858 0.509470
vt 0.158770 0.500397
vt 0.157858 0.500397
vt 0.157858 0.645593
vt 0.158770 0.645593
vt 0.158770 0.636520
vt 0.157858 0.636520
vt 0.158770 0.491324
vt 0.157858 0.491324
vt 0.157858 0.482251
vt 0.158770 0.482251
vt 0.158770 0.654666
vt 0.157858 0.654666
vt 0.157858 0.945059
vt 0.158770 0.945059
vt 0.158770 0.935986
vt 0.157858 0.935986
vt 0.166814 0.845239
vt 0.168019 0.845239
vt 0.168019 0.836156
vt 0.166814 0.836156
vt 0.166814 0.872476
vt 0.168019 0.872476
vt 0.168019 0.863397
vt 0.166814 0.863397
vt 0.166814 0.881549
vt 0.168019 0.881549
vt 0.166814 0.945059
vt 0.168019 0.945059
vt 0.168019 0.935986
vt 0.166814 0.935986
vt 0.166814 0.954132
vt 0.168019 0.954132
vt 0.168019 0.827081
vt 0.166814 0.827081
vt 0.166814 0.745425
vt 0.168019 0.745425
vt 0.168019 0.736353
vt 0.166814 0.736353
vt 0.166814 0.754498
vt 0.168019 0.754498
vt 0.153731 0.872476
vt 0.152583 0.872476
vt 0.152583 0.881549
vt 0.153731 0.881549
vt 0.153731 0.935986
vt 0.152583 0.935986
vt 0.152583 0.945059
vt 0.153731 0.945059
vt 0.152583 0.954132
vt 0.153731 0.954132
vt 0.153731 0.827081
vt 0.152583 0.827081
vt 0.152583 0.836156
vt 0.153731 0.836156
vt 0.153731 0.736353
vt 0.152583 0.736353
vt 0.152583 0.745425
vt 0.153731 0.745425
vt 0.152583 0.754498
vt 0.153731 0.754498
vt 0.153731 0.863397
vt 0.152583 0.863397
vt 0.152583 0.845239
vt 0.153731 0.845239
vt 0.166814 0.854315
vt 0.168019 0.854315
vt 0.166814 0.727278
vt 0.168019 0.727278
vt 0.168019 0.718200
vt 0.166814 0.718200
vt 0.166814 0.890622
vt 0.168019 0.890622
vt 0.166814 0.899695
vt 0.168019 0.899695
vt 0.166814 0.963205
vt 0.168019 0.963205
vt 0.166814 0.972278
vt 0.168019 0.972278
vt 0.166814 0.808936
vt 0.168019 0.808936
vt 0.168019 0.799863
vt 0.166814 0.799863
vt 0.168019 0.790790
vt 0.166814 0.790790
vt 0.153731 0.890622
vt 0.152583 0.890622
vt 0.152583 0.899695
vt 0.153731 0.899695
vt 0.152583 0.963205
vt 0.153731 0.963205
vt 0.152583 0.972278
vt 0.153731 0.972278
vt 0.153731 0.790790
vt 0.152583 0.790790
vt 0.152583 0.799863
vt 0.153731 0.799863
vt 0.152583 0.808936
vt 0.153731 0.808936
vt 0.153731 0.727278
vt 0.152583 0.727278
vt 0.153731 0.854315
vt 0.152583 0.854315
vt 0.153731 0.718200
vt 0.152583 0.718200
vt 0.166814 0.990430
vt 0.168019 0.990430
vt 0.168019 0.981352
vt 0.166814 0.981352
vt 0.166814 0.999512
vt 0.168019 0.999512
vt 0.166814 0.908767
vt 0.168019 0.908767
vt 0.166814 0.917840
vt 0.168019 0.917840
vt 0.152583 0.908767
vt 0.153731 0.908767
vt 0.152583 0.917840
vt 0.153731 0.917840
vt 0.152583 0.981352
vt 0.153731 0.981352
vt 0.153731 0.772644
vt 0.152583 0.772644
vt 0.152583 0.781717
vt 0.153731 0.781717
vt 0.152583 0.990430
vt 0.153731 0.990430
vt 0.152583 0.999512
vt 0.153731 0.999512
vt 0.166814 0.926913
vt 0.168019 0.926913
vt 0.166814 0.818008
vt 0.168019 0.818008
vt 0.166814 0.763571
vt 0.168019 0.763571
vt 0.166814 0.772644
vt 0.168019 0.772644
vt 0.152583 0.926913
vt 0.153731 0.926913
vt 0.152583 0.818008
vt 0.153731 0.818008
vt 0.152583 0.763571
vt 0.153731 0.763571
vt 0.166814 0.781717
vt 0.168019 0.781717
vt 0.157858 0.954132
vt 0.158770 0.954132
vt 0.157858 0.745425
vt 0.158770 0.745425
vt 0.158770 0.736353
vt 0.157858 0.736353
vt 0.157858 0.754498
vt 0.158770 0.754498
vt 0.157858 0.963205
vt 0.158770 0.963205
vt 0.157858 0.972278
vt 0.158770 0.972278
vt 0.158770 0.727278
vt 0.157858 0.727278
vt 0.158770 0.718200
vt 0.157858 0.718200
vt 0.157858 0.981352
vt 0.158770 0.981352
vt 0.157858 0.990430
vt 0.158770 0.990430
vt 0.157858 0.999512
vt 0.158770 0.999512
vt 0.157858 0.818008
vt 0.158770 0.818008
vt 0.158770 0.808936
vt 0.157858 0.808936
vt 0.157858 0.827081
vt 0.158770 0.827081
vt 0.157858 0.854315
vt 0.158770 0.854315
vt 0.158770 0.845239
vt 0.157858 0.845239
vt 0.157858 0.863397
vt 0.158770 0.863397
vt 0.158770 0.872476
vt 0.157858 0.872476
vt 0.157858 0.881549
vt 0.158770 0.881549
vt 0.157858 0.836156
vt 0.158770 0.836156
vt 0.158770 0.890622
vt 0.157858 0.890622
vt 0.157858 0.899695
vt 0.158770 0.899695
vt 0.157858 0.799863
vt 0.158770 0.799863
vt 0.158770 0.790790
vt 0.157858 0.790790
vt 0.157858 0.908767
vt 0.158770 0.908767
vt 0.157858 0.917840
vt 0.158770 0.917840
vt 0.157858 0.781717
vt 0.158770 0.781717
vt 0.158770 0.772644
vt 0.157858 0.772644
vt 0.157858 0.926913
vt 0.158770 0.926913
vt 0.157858 0.763571
vt 0.158770 0.763571
vt 0.040371 0.017896
vt 0.038973 0.017543
vt 0.038906 0.111403
vt 0.040371 0.111050
vt 0.041323 0.110097
vt 0.041757 0.108148
vt 0.041757 0.020798
vt 0.041323 0.018849
vt 0.036491 0.110094
vt 0.037443 0.111048
vt 0.037575 0.017894
vt 0.036621 0.018845
vt 0.036185 0.020794
vt 0.036060 0.108144
vt 0.692152 0.309063
vt 0.692152 0.428261
vt 0.810768 0.428261
vt 0.810768 0.309063
vt 0.797591 0.880314
vt 0.797591 0.999512
vt 0.916208 0.999512
vt 0.916208 0.880314
vt 0.852307 0.334244
vt 0.871383 0.334244
vt 0.871383 0.330249
vt 0.852307 0.330249
vt 0.852307 0.364785
vt 0.871383 0.364785
vt 0.871383 0.360789
vt 0.852307 0.360789
vt 0.852307 0.395325
vt 0.871383 0.395325
vt 0.871383 0.391330
vt 0.852307 0.391330
vt 0.852307 0.425866
vt 0.871383 0.425866
vt 0.871383 0.421870
vt 0.852307 0.421870
vt 0.852307 0.456406
vt 0.871383 0.456406
vt 0.871383 0.452411
vt 0.852307 0.452411
vt 0.937576 0.330249
vt 0.918500 0.330249
vt 0.918500 0.334244
vt 0.937576 0.334244
vt 0.918500 0.452411
vt 0.899423 0.452411
vt 0.899423 0.456406
vt 0.918500 0.456406
vt 0.918500 0.437140
vt 0.899423 0.437140
vt 0.899423 0.441136
vt 0.918500 0.441136
vt 0.918500 0.421870
vt 0.899423 0.421870
vt 0.899423 0.425866
vt 0.918500 0.425866
vt 0.918500 0.406600
vt 0.899423 0.406600
vt 0.899423 0.410596
vt 0.918500 0.410596
vt 0.918500 0.391330
vt 0.899423 0.391330
vt 0.899423 0.395325
vt 0.918500 0.395325
vt 0.918500 0.376059
vt 0.899423 0.376059
vt 0.899423 0.380055
vt 0.918500 0.380055
vt 0.918500 0.360789
vt 0.899423 0.360789
vt 0.899423 0.364785
vt 0.918500 0.364785
vt 0.918500 0.345519
vt 0.899423 0.345519
vt 0.899423 0.349515
vt 0.918500 0.349515
vt 0.899423 0.330249
vt 0.899423 0.334244
vt 0.890460 0.334244
vt 0.890460 0.330249
vt 0.871383 0.349515
vt 0.890460 0.349515
vt 0.890460 0.345519
vt 0.871383 0.345519
vt 0.890460 0.364785
vt 0.890460 0.360789
vt 0.871383 0.380055
vt 0.890460 0.380055
vt 0.890460 0.376059
vt 0.871383 0.376059
vt 0.890460 0.395325
vt 0.890460 0.391330
vt 0.871383 0.410596
vt 0.890460 0.410596
vt 0.890460 0.406600
vt 0.871383 0.406600
vt 0.890460 0.425866
vt 0.890460 0.421870
vt 0.871383 0.441136
vt 0.890460 0.441136
vt 0.890460 0.437140
vt 0.871383 0.437140
vt 0.890460 0.456406
vt 0.890460 0.452411
vt 0.937576 0.360789
vt 0.937576 0.364785
vt 0.937576 0.391330
vt 0.937576 0.395325
vt 0.937576 0.421870
vt 0.937576 0.425866
vt 0.937576 0.452411
vt 0.937576 0.456406
vt 0.747501 0.779393
vt 0.920201 0.779393
vt 0.920201 0.606694
vt 0.747501 0.606694
vt 0.992351 0.826813
vt 0.938553 0.826813
vt 0.938553 0.999512
vt 0.992351 0.999512
vt 0.992351 0.654113
vt 0.938553 0.654113
vt 0.992351 0.308715
vt 0.938553 0.308715
vt 0.938553 0.481414
vt 0.992351 0.481414
s 1
f 1/1/1 2/2/1 3/3/1
f 1/1/1 3/3/1 4/4/1
f 5/1/1 6/5/1 7/6/1
f 5/1/1 7/6/1 8/2/1
f 9/7/2 10/8/3 11/9/4
f 9/7/2 11/9/4 12/10/5
f 13/11/6 14/12/7 15/13/8
f 13/11/6 15/13/8 16/14/9
f 17/14/9 18/13/8 19/15/10
f 17/14/9 19/15/10 20/16/11
f 21/16/11 22/15/10 23/17/12
f 21/16/11 23/17/12 24/18/13
f 25/19/14 26/20/15 27/21/16
f 25/19/14 27/21/16 28/22/17
f 29/23/18 30/19/14 31/22/19
f 29/23/18 31/22/19 32/24/20
f 36/25/21 37/26/22 33/27/23
f 33/27/23 34/28/24 35/29/25
f 35/29/25 36/25/21 33/27/23
f 38/30/26 39/31/27 40/32/28
f 38/30/26 40/32/28 41/33/29
f 42/34/30 43/35/31 44/36/32
f 42/34/30 44/36/32 45/37/33
f 46/35/34 47/38/35 48/39/36
f 46/35/34 48/39/36 49/36/37
f 50/40/38 51/41/39 52/42/40
f 50/40/38 52/42/40 53/43/41
f 54/44/42 55/45/43 56/30/44
f 54/44/42 56/30/44 57/46/45
f 58/47/46 59/48/47 60/49/48
f 58/47/46 60/49/48 61/50/49
f 62/48/50 63/51/51 64/52/52
f 62/48/50 64/52/52 65/49/53
f 66/53/54 67/54/55 68/55/56
f 66/53/54 68/55/56 69/56/57
f 70/50/49 71/49/58 72/57/59
f 70/50/49 72/57/59 73/58/60
f 74/57/61 75/44/62 76/59/63
f 74/57/61 76/59/63 77/58/64
f 78/60/65 79/45/66 80/44/67
f 78/60/65 80/44/67 81/57/68
f 82/61/69 83/62/70 84/63/71
f 82/61/69 84/63/71 85/64/72
f 86/59/63 87/44/73 88/46/74
f 86/59/63 88/46/74 89/65/75
f 90/65/76 91/46/77 92/66/78
f 90/65/76 92/66/78 93/67/79
f 94/30/80 95/33/81 96/66/82
f 94/30/80 96/66/82 97/46/45
f 98/68/83 99/69/84 100/70/85
f 98/68/83 100/70/85 101/71/86
f 102/67/79 103/66/87 104/72/88
f 102/67/79 104/72/88 105/73/89
f 106/73/90 107/72/91 108/56/92
f 106/73/90 108/56/92 109/74/93
f 110/56/94 111/55/95 112/75/96
f 110/56/94 112/75/96 113/74/93
f 114/76/97 115/77/98 116/62/99
f 114/76/97 116/62/99 117/61/100
f 118/78/101 119/79/102 120/80/103
f 118/78/101 120/80/103 121/81/104
f 122/82/105 123/53/54 124/56/57
f 122/82/105 124/56/57 125/72/106
f 126/83/107 127/84/108 128/61/109
f 126/83/107 128/61/109 129/64/72
f 130/85/110 131/86/111 132/69/112
f 130/85/110 132/69/112 133/68/113
f 134/87/114 135/76/97 136/61/100
f 134/87/114 136/61/100 137/84/115
f 138/62/70 139/68/116 140/71/86
f 138/62/70 140/71/86 141/63/71
f 142/77/98 143/85/110 144/68/117
f 142/77/98 144/68/117 145/62/118
f 146/88/119 147/89/120 148/84/108
f 146/88/119 148/84/108 149/83/107
f 150/90/121 151/91/122 152/92/123
f 150/90/121 152/92/123 153/93/124
f 154/69/125 155/78/126 156/94/127
f 154/69/125 156/94/127 157/70/85
f 158/86/111 159/79/128 160/78/129
f 158/86/111 160/78/129 161/69/112
f 162/95/130 163/96/131 164/97/132
f 162/95/130 164/97/132 165/98/133
f 166/78/134 167/81/135 168/99/136
f 166/78/134 168/99/136 169/94/137
f 170/81/138 171/93/139 172/100/140
f 170/81/138 172/100/140 173/99/141
f 174/80/103 175/90/121 176/93/142
f 174/80/103 176/93/142 177/81/143
f 178/101/144 179/89/145 180/88/119
f 178/101/144 180/88/119 181/102/146
f 182/100/147 183/93/148 184/92/149
f 182/100/147 184/92/149 185/103/150
f 186/103/151 187/92/149 188/43/152
f 186/103/151 188/43/152 189/104/153
f 190/91/122 191/40/38 192/43/154
f 190/91/122 192/43/154 193/92/155
f 194/33/156 195/82/105 196/72/106
f 194/33/156 196/72/106 197/66/157
f 198/104/153 199/43/158 200/42/159
f 198/104/153 200/42/159 201/105/160
f 202/42/159 203/95/161 204/106/162
f 202/42/159 204/106/162 205/105/163
f 206/106/162 207/95/161 208/98/164
f 206/106/162 208/98/164 209/20/165
f 210/107/166 211/108/167 212/109/168
f 210/107/166 212/109/168 213/110/169
f 214/111/170 215/87/114 216/84/171
f 214/111/170 216/84/171 217/89/172
f 218/42/173 219/41/174 220/96/175
f 218/42/173 220/96/175 221/95/130
f 222/21/176 223/112/177 224/113/178
f 222/21/176 224/113/178 225/114/179
f 226/115/180 227/116/181 228/117/182
f 226/115/180 228/117/182 229/118/183
f 230/115/184 231/119/185 232/120/186
f 230/115/184 232/120/186 233/116/187
f 234/121/188 235/111/170 236/89/189
f 234/121/188 236/89/189 237/101/190
f 238/122/191 239/75/96 240/55/95
f 238/122/191 240/55/95 241/123/192
f 242/116/181 243/101/193 244/102/146
f 242/116/181 244/102/146 245/117/194
f 246/120/186 247/121/188 248/101/190
f 246/120/186 248/101/190 249/116/187
f 250/115/180 251/118/183 252/124/195
f 250/115/180 252/124/195 253/125/196
f 254/126/197 255/123/198 256/55/56
f 254/126/197 256/55/56 257/54/55
f 258/125/199 259/35/31 260/34/200
f 258/125/199 260/34/200 261/127/201
f 262/128/202 263/129/203 264/113/204
f 262/128/202 264/113/204 265/112/205
f 266/130/206 267/122/191 268/123/207
f 266/130/206 268/123/207 269/131/208
f 270/132/209 271/131/210 272/123/198
f 270/132/209 272/123/198 273/126/211
f 274/37/33 275/36/212 276/48/47
f 274/37/33 276/48/47 277/47/46
f 278/39/213 279/51/214 280/48/215
f 278/39/213 280/48/215 281/36/216
f 282/97/132 283/128/202 284/112/217
f 282/97/132 284/112/217 285/98/218
f 286/20/165 287/98/164 288/112/177
f 286/20/165 288/112/177 289/21/219
f 290/125/220 291/124/221 292/38/222
f 290/125/220 292/38/222 293/35/34
f 294/52/223 295/60/224 296/57/225
f 294/52/223 296/57/225 297/49/53
f 301/133/226 302/134/227 298/135/228
f 298/135/228 299/27/23 300/26/22
f 300/26/22 301/133/226 298/135/228
f 303/15/10 304/105/229 305/106/230
f 303/15/10 305/106/230 306/17/12
f 307/136/231 308/137/232 309/138/233
f 307/136/231 309/138/233 310/139/234
f 311/139/234 312/138/235 313/27/23
f 311/139/234 313/27/23 314/135/228
f 315/31/27 316/140/236 317/141/237
f 315/31/27 317/141/237 318/32/28
f 319/142/238 320/11/6 321/14/9
f 319/142/238 321/14/9 322/143/239
f 323/22/19 324/21/240 325/114/241
f 323/22/19 325/114/241 326/144/242
f 327/17/12 328/106/230 329/20/15
f 327/17/12 329/20/15 330/19/14
f 331/145/243 332/100/140 333/103/244
f 331/145/243 333/103/244 334/12/7
f 335/13/8 336/104/245 337/105/229
f 335/13/8 337/105/229 338/15/10
f 339/146/246 340/16/11 341/18/13
f 339/146/246 341/18/13 342/147/247
f 346/148/248 347/126/249 343/54/250
f 343/54/250 344/135/228 345/134/251
f 345/134/251 346/148/248 343/54/250
f 348/82/252 349/136/231 350/139/234
f 348/82/252 350/139/234 351/53/253
f 352/149/5 353/60/254 354/52/255
f 352/149/5 354/52/255 355/150/256
f 356/45/257 357/151/258 358/31/27
f 356/45/257 358/31/27 359/30/26
f 360/152/259 361/153/259 362/145/243
f 360/152/259 362/145/243 363/154/260
f 364/33/29 365/32/28 366/136/231
f 364/33/29 366/136/231 367/82/252
f 368/155/261 369/24/20 370/156/262
f 368/155/261 370/156/262 371/157/263
f 372/158/264 373/152/259 374/154/260
f 372/158/264 374/154/260 375/159/265
f 376/138/233 377/160/266 378/28/24
f 376/138/233 378/28/24 379/27/23
f 380/53/253 381/139/234 382/135/228
f 380/53/253 382/135/228 383/54/250
f 384/141/237 385/161/267 386/162/268
f 384/141/237 386/162/268 387/137/232
f 388/163/269 389/23/18 390/24/20
f 388/163/269 390/24/20 391/155/261
f 392/147/247 393/18/13 394/23/18
f 392/147/247 394/23/18 395/163/269
f 396/60/254 397/149/5 398/151/258
f 396/60/254 398/151/258 399/45/257
f 400/143/239 401/14/9 402/16/11
f 400/143/239 402/16/11 403/146/246
f 404/9/4 405/8/3 406/164/270
f 404/9/4 406/164/270 407/140/236
f 408/159/265 409/154/260 410/11/6
f 408/159/265 410/11/6 411/142/238
f 412/32/28 413/141/237 414/137/232
f 412/32/28 414/137/232 415/136/231
f 416/158/264 417/165/271 418/166/272
f 416/158/264 418/166/272 419/152/259
f 420/12/7 421/103/244 422/104/245
f 420/12/7 422/104/245 423/13/8
f 424/18/13 425/17/12 426/19/14
f 424/18/13 426/19/14 427/23/18
f 428/154/260 429/145/243 430/12/7
f 428/154/260 430/12/7 431/11/6
f 432/137/232 433/162/268 434/160/266
f 432/137/232 434/160/266 435/138/233
f 436/24/20 437/22/19 438/144/242
f 436/24/20 438/144/242 439/156/262
f 440/140/236 441/164/270 442/161/267
f 440/140/236 442/161/267 443/141/237
f 444/153/259 445/99/273 446/100/140
f 444/153/259 446/100/140 447/145/243
f 448/167/274 449/168/275 450/169/276
f 448/167/274 450/169/276 451/170/277
f 452/171/278 453/172/279 454/173/280
f 452/171/278 454/173/280 455/174/281
f 456/169/282 457/175/283 458/176/284
f 456/169/282 458/176/284 459/170/277
f 460/177/285 461/178/286 462/179/287
f 468/180/288 469/181/289 463/182/290
f 463/182/290 464/177/285 465/179/287
f 465/179/287 466/183/291 467/184/292
f 467/184/292 468/180/288 463/182/290
f 463/182/290 465/179/287 467/184/292
f 470/167/274 471/170/277 472/185/293
f 470/167/274 472/185/293 473/186/294
f 474/182/295 475/187/296 476/188/297
f 474/182/295 476/188/297 477/177/298
f 478/189/299 479/190/300 480/168/301
f 478/189/299 480/168/301 481/188/302
f 482/176/303 483/191/304 484/192/305
f 485/170/306 486/176/307 487/192/308
f 485/170/306 487/192/308 488/185/309
f 489/193/310 490/171/311 491/194/312
f 492/195/313 493/196/314 494/197/315
f 492/195/313 494/197/315 495/187/316
f 496/172/317 497/196/318 498/198/319
f 496/172/317 498/198/319 499/173/320
f 500/195/321 501/182/322 502/181/323
f 500/195/321 502/181/323 503/199/324
f 504/200/325 505/194/326 506/201/327
f 504/200/325 506/201/327 507/202/328
f 508/203/299 509/204/329 510/197/330
f 508/203/299 510/197/330 511/193/331
f 512/177/285 513/167/274 514/205/332
f 512/177/285 514/205/332 515/178/333
f 516/196/334 517/195/335 518/199/336
f 516/196/334 518/199/336 519/198/337
f 520/167/338 521/186/339 522/205/340
f 523/206/341 524/207/342 525/208/343
f 526/194/344 527/171/345 528/174/346
f 526/194/344 528/174/346 529/201/347
f 530/209/348 531/210/349 532/211/350
f 530/209/348 532/211/350 533/212/351
f 534/213/291 535/214/352 536/215/353
f 534/213/291 536/215/353 537/216/354
f 538/217/355 539/218/288 540/216/356
f 538/217/355 540/216/356 541/215/353
f 542/219/357 543/220/358 544/221/359
f 542/219/357 544/221/359 545/222/319
f 546/223/359 547/224/360 548/222/319
f 546/223/359 548/222/319 549/221/361
f 550/225/287 551/226/362 552/214/363
f 550/225/287 552/214/363 553/213/291
f 554/227/364 555/228/365 556/229/309
f 554/227/364 556/229/309 557/230/366
f 558/231/367 559/232/346 560/224/360
f 558/231/367 560/224/360 561/223/368
f 562/233/369 563/234/333 564/235/370
f 562/233/369 564/235/370 565/236/371
f 566/237/372 567/238/289 568/218/373
f 566/237/372 568/218/373 569/217/355
f 570/239/374 571/240/375 572/241/376
f 570/239/374 572/241/376 573/242/377
f 574/225/287 575/234/333 576/233/369
f 574/225/287 576/233/369 577/226/362
f 578/239/374 579/232/346 580/231/378
f 578/239/374 580/231/378 581/240/379
f 582/229/380 583/228/381 584/243/382
f 582/229/380 584/243/382 585/244/383
f 586/237/372 587/220/384 588/219/357
f 586/237/372 588/219/357 589/238/289
f 590/244/385 591/243/386 592/236/365
f 590/244/385 592/236/365 593/235/387
f 594/245/388 595/246/389 596/247/390
f 594/245/388 596/247/390 597/248/391
f 598/249/392 599/250/393 600/251/394
f 598/249/392 600/251/394 601/252/395
f 606/237/396 602/217/397 603/26/22
f 603/26/22 604/25/21 605/220/398
f 605/220/398 606/237/396 603/26/22
f 607/133/226 608/26/22 609/217/399
f 607/133/226 609/217/399 610/215/400
f 611/134/401 612/133/226 613/215/402
f 611/134/401 613/215/402 614/214/403
f 619/233/404 620/236/405 615/148/406
f 615/148/406 616/134/401 617/214/371
f 618/226/407 619/233/404 615/148/406
f 615/148/406 617/214/371 618/226/407
f 628/227/408 621/245/409 622/132/409
f 622/132/409 623/126/197 624/148/410
f 624/148/410 625/236/411 626/243/412
f 627/228/386 628/227/408 622/132/409
f 622/132/409 624/148/410 626/243/412
f 626/243/412 627/228/386 622/132/409
f 629/253/413 630/203/414 631/193/415
f 629/253/413 631/193/415 632/254/416
f 633/190/414 634/255/417 635/169/418
f 633/190/414 635/169/418 636/168/419
f 637/255/420 638/256/421 639/175/422
f 637/255/420 639/175/422 640/169/423
f 641/257/299 642/189/299 643/188/302
f 641/257/299 643/188/302 644/187/424
f 645/258/425 646/259/426 647/260/427
f 645/258/425 647/260/427 648/261/428
f 649/204/299 650/257/414 651/187/424
f 649/204/299 651/187/424 652/197/429
f 653/262/430 654/263/431 655/264/432
f 653/262/430 655/264/432 656/265/433
f 657/266/434 658/262/435 659/265/436
f 657/266/434 659/265/436 660/267/437
f 661/263/438 662/268/439 663/269/440
f 661/263/438 663/269/440 664/264/441
f 665/259/442 666/209/443 667/212/444
f 665/259/442 667/212/444 668/260/445
f 669/270/446 670/271/447 671/272/448
f 669/270/446 671/272/448 672/273/449
f 673/274/450 674/275/451 675/276/452
f 676/210/453 677/266/454 678/267/455
f 676/210/453 678/267/455 679/211/456
f 680/277/457 681/278/458 682/279/459
f 680/277/457 682/279/459 683/280/460
f 684/281/461 685/282/462 686/283/463
f 684/281/461 686/283/463 687/284/463
f 688/285/464 689/286/464 690/282/462
f 688/285/464 690/282/462 691/281/461
f 692/287/465 693/288/466 694/289/467
f 692/287/465 694/289/467 695/290/467
f 696/291/468 697/292/468 698/288/466
f 696/291/468 698/288/466 699/287/465
f 700/280/460 701/279/459 702/293/469
f 700/280/460 702/293/469 703/294/469
f 704/295/470 705/296/470 706/297/471
f 704/295/470 706/297/471 707/298/471
f 708/299/472 709/300/472 710/296/470
f 708/299/472 710/296/470 711/295/470
f 712/301/473 713/302/474 714/303/475
f 712/301/473 714/303/475 715/304/476
f 716/8/477 717/305/478 718/306/479
f 716/8/477 718/306/479 719/164/480
f 720/164/481 721/306/479 722/307/482
f 720/164/481 722/307/482 723/161/483
f 724/308/484 725/309/485 726/310/486
f 724/308/484 726/310/486 727/311/487
f 728/147/488 729/312/489 730/313/490
f 728/147/488 730/313/490 731/146/491
f 732/146/492 733/313/490 734/314/493
f 732/146/492 734/314/493 735/143/494
f 736/315/495 737/316/496 738/302/474
f 736/315/495 738/302/474 739/301/497
f 740/311/498 741/310/486 742/317/499
f 740/311/498 742/317/499 743/318/500
f 744/319/501 745/320/501 746/278/458
f 744/319/501 746/278/458 747/277/457
f 748/321/502 749/322/503 750/323/504
f 748/321/502 750/323/504 751/324/505
f 752/284/463 753/283/463 754/320/501
f 752/284/463 754/320/501 755/319/501
f 756/325/506 757/326/507 758/286/464
f 756/325/506 758/286/464 759/285/464
f 760/327/508 761/328/508 762/326/507
f 760/327/508 762/326/507 763/325/506
f 764/329/509 765/330/509 766/292/468
f 764/329/509 766/292/468 767/291/468
f 768/331/510 769/332/510 770/330/509
f 768/331/510 770/330/509 771/329/509
f 772/333/511 773/334/511 774/335/512
f 772/333/511 774/335/512 775/336/513
f 776/336/513 777/335/512 778/337/514
f 776/336/513 778/337/514 779/338/514
f 780/298/471 781/297/471 782/322/503
f 780/298/471 782/322/503 783/321/502
f 784/339/515 785/340/516 786/341/517
f 784/339/515 786/341/517 787/342/518
f 788/161/519 789/307/520 790/343/521
f 788/161/519 790/343/521 791/162/522
f 792/162/523 793/343/524 794/344/525
f 792/162/523 794/344/525 795/160/526
f 796/165/527 797/345/528 798/346/529
f 796/165/527 798/346/529 799/347/530
f 800/347/531 801/346/532 802/348/533
f 800/347/531 802/348/533 803/349/534
f 804/163/535 805/350/536 806/312/537
f 804/163/535 806/312/537 807/147/488
f 808/351/538 809/352/539 810/316/496
f 808/351/538 810/316/496 811/315/540
f 812/304/541 813/303/542 814/340/516
f 812/304/541 814/340/516 815/339/515
f 816/318/543 817/317/499 818/352/539
f 816/318/543 818/352/539 819/351/538
f 820/155/544 821/353/545 822/350/546
f 820/155/544 822/350/546 823/163/547
f 824/354/548 825/355/548 826/356/549
f 824/354/548 826/356/549 827/357/549
f 828/358/550 829/359/550 830/355/548
f 828/358/550 830/355/548 831/354/548
f 832/360/551 833/361/552 834/328/508
f 832/360/551 834/328/508 835/327/508
f 836/362/553 837/363/553 838/361/552
f 836/362/553 838/361/552 839/360/551
f 840/357/549 841/356/549 842/332/510
f 840/357/549 842/332/510 843/331/510
f 844/342/554 845/341/555 846/364/556
f 844/342/554 846/364/556 847/365/557
f 848/365/557 849/364/556 850/366/558
f 848/365/557 850/366/558 851/367/559
f 852/160/526 853/344/525 854/368/560
f 852/160/526 854/368/560 855/28/561
f 856/159/562 857/369/563 858/370/564
f 856/159/562 858/370/564 859/158/565
f 860/158/566 861/370/567 862/345/568
f 860/158/566 862/345/568 863/165/527
f 864/28/569 865/368/570 866/371/571
f 864/28/569 866/371/571 867/29/572
f 868/29/572 869/371/573 870/372/574
f 868/29/572 870/372/574 871/373/575
f 872/324/505 873/323/504 874/374/576
f 872/324/505 874/374/576 875/375/576
f 876/376/577 877/377/578 878/363/553
f 876/376/577 878/363/553 879/362/553
f 880/290/467 881/289/467 882/377/578
f 880/290/467 882/377/578 883/376/577
f 884/378/579 885/379/579 886/334/511
f 884/378/579 886/334/511 887/333/511
f 888/294/469 889/293/469 890/379/579
f 888/294/469 890/379/579 891/378/579
f 892/380/580 893/381/580 894/300/472
f 892/380/580 894/300/472 895/299/472
f 896/382/581 897/383/581 898/381/580
f 896/382/581 898/381/580 899/380/580
f 900/367/582 901/366/558 902/384/583
f 900/367/582 902/384/583 903/7/584
f 904/7/585 905/384/586 906/305/587
f 904/7/585 906/305/587 907/8/588
f 908/349/534 909/348/589 910/385/590
f 908/349/534 910/385/590 911/386/591
f 912/386/592 913/385/593 914/309/485
f 912/386/592 914/309/485 915/308/594
f 916/143/595 917/314/493 918/387/596
f 916/143/595 918/387/596 919/142/597
f 920/142/598 921/387/599 922/369/600
f 920/142/598 922/369/600 923/159/601
f 924/157/602 925/388/603 926/353/545
f 924/157/602 926/353/545 927/155/604
f 928/389/605 929/390/605 930/383/581
f 928/389/605 930/383/581 931/382/581
f 932/338/514 933/337/514 934/390/605
f 932/338/514 934/390/605 935/389/605
f 944/221/606 936/220/607 937/25/21
f 937/25/21 938/29/572 939/373/608
f 939/373/608 940/241/609 941/240/610
f 943/223/606 944/221/606 937/25/21
f 939/373/608 941/240/610 942/231/606
f 942/231/606 943/223/606 937/25/21
f 937/25/21 939/373/608 942/231/606
f 945/391/611 946/392/612 947/393/612
f 945/391/611 947/393/612 948/394/611
f 949/395/613 950/396/614 951/397/614
f 949/395/613 951/397/614 952/398/613
f 953/396/615 954/399/616 955/400/616
f 953/396/615 955/400/616 956/397/615
f 957/401/617 958/391/618 959/394/618
f 957/401/617 959/394/618 960/402/617
f 961/395/619 962/398/619 963/403/620
f 961/395/619 963/403/620 964/404/620
f 965/405/621 966/406/622 967/407/622
f 965/405/621 967/407/622 968/408/621
f 969/401/617 970/402/617 971/409/623
f 969/401/617 971/409/623 972/410/623
f 973/392/624 974/411/625 975/412/625
f 973/392/624 975/412/625 976/393/624
f 977/413/626 978/414/627 979/415/627
f 977/413/626 979/415/627 980/416/626
f 981/414/628 982/405/629 983/408/629
f 981/414/628 983/408/629 984/415/628
f 985/399/630 986/417/631 987/418/631
f 985/399/630 987/418/631 988/400/630
f 989/417/632 990/410/633 991/409/633
f 989/417/632 991/409/633 992/418/632
f 993/419/634 994/420/635 995/421/636
f 993/419/634 995/421/636 996/422/637
f 997/423/638 998/424/639 999/422/640
f 997/423/638 999/422/640 1000/421/636
f 1001/425/641 1002/426/642 1003/427/643
f 1001/425/641 1003/427/643 1004/428/644
f 1005/429/645 1006/430/646 1007/431/647
f 1005/429/645 1007/431/647 1008/432/648
f 1009/433/649 1010/434/650 1011/435/651
f 1009/433/649 1011/435/651 1012/436/652
f 1013/437/653 1014/438/654 1015/436/655
f 1013/437/653 1015/436/655 1016/435/651
f 1017/439/656 1018/440/657 1019/432/658
f 1017/439/656 1019/432/658 1020/431/655
f 1021/441/659 1022/442/660 1023/443/661
f 1021/441/659 1023/443/661 1024/444/662
f 1025/445/663 1026/446/664 1027/447/665
f 1025/445/663 1027/447/665 1028/448/666
f 1029/449/667 1030/450/668 1031/448/666
f 1029/449/667 1031/448/666 1032/447/665
f 1033/451/669 1034/452/670 1035/444/662
f 1033/451/669 1035/444/662 1036/443/661
f 1037/439/671 1038/453/672 1039/454/673
f 1037/439/671 1039/454/673 1040/440/674
f 1041/437/653 1042/455/675 1043/456/676
f 1041/437/653 1043/456/676 1044/438/677
f 1045/457/678 1046/458/679 1047/456/680
f 1045/457/678 1047/456/680 1048/455/675
f 1049/459/681 1050/460/682 1051/454/683
f 1049/459/681 1051/454/683 1052/453/684
f 1053/451/685 1054/461/686 1055/462/687
f 1053/451/685 1055/462/687 1056/452/670
f 1057/449/688 1058/463/689 1059/464/690
f 1057/449/688 1059/464/690 1060/450/668
f 1061/465/691 1062/466/692 1063/464/693
f 1061/465/691 1063/464/693 1064/463/689
f 1065/467/694 1066/468/695 1067/462/696
f 1065/467/694 1067/462/696 1068/461/697
f 1069/459/698 1070/469/699 1071/470/700
f 1069/459/698 1071/470/700 1072/460/701
f 1073/457/678 1074/471/702 1075/472/703
f 1073/457/678 1075/472/703 1076/458/704
f 1077/473/705 1078/474/706 1079/472/703
f 1077/473/705 1079/472/703 1080/471/702
f 1081/475/707 1082/476/708 1083/470/709
f 1081/475/707 1083/470/709 1084/469/710
f 1085/477/711 1086/478/712 1087/479/713
f 1085/477/711 1087/479/713 1088/480/714
f 1089/481/715 1090/482/716 1091/483/717
f 1089/481/715 1091/483/717 1092/484/718
f 1093/467/719 1094/485/720 1095/486/721
f 1093/467/719 1095/486/721 1096/468/722
f 1097/465/691 1098/487/723 1099/488/724
f 1097/465/691 1099/488/724 1100/466/725
f 1101/489/726 1102/490/727 1103/491/724
f 1101/489/726 1103/491/724 1104/492/723
f 1105/493/728 1106/494/729 1107/486/730
f 1105/493/728 1107/486/730 1108/485/731
f 1109/495/732 1110/496/733 1111/484/718
f 1109/495/732 1111/484/718 1112/483/717
f 1113/497/734 1114/498/735 1115/480/714
f 1113/497/734 1115/480/714 1116/479/736
f 1117/475/737 1118/499/738 1119/500/739
f 1117/475/737 1119/500/739 1120/476/740
f 1121/473/705 1122/501/741 1123/502/742
f 1121/473/705 1123/502/742 1124/474/743
f 1125/503/744 1126/504/745 1127/502/746
f 1125/503/744 1127/502/746 1128/501/741
f 1129/505/747 1130/506/748 1131/500/739
f 1129/505/747 1131/500/739 1132/499/749
f 1133/493/750 1134/507/751 1135/508/752
f 1133/493/750 1135/508/752 1136/494/753
f 1137/489/726 1138/509/754 1139/510/755
f 1137/489/726 1139/510/755 1140/490/756
f 1141/511/757 1142/512/758 1143/510/755
f 1141/511/757 1143/510/755 1144/509/754
f 1145/513/759 1146/514/760 1147/508/752
f 1145/513/759 1147/508/752 1148/507/751
f 1149/425/641 1150/515/761 1151/516/642
f 1149/425/641 1151/516/642 1152/426/642
f 1153/423/762 1154/517/763 1155/518/764
f 1153/423/762 1155/518/764 1156/424/765
f 1157/513/766 1158/519/767 1159/520/768
f 1157/513/766 1159/520/768 1160/514/760
f 1161/511/769 1162/521/770 1163/522/771
f 1161/511/769 1163/522/771 1164/512/772
f 1165/419/773 1166/522/771 1167/521/774
f 1165/419/773 1167/521/774 1168/420/635
f 1169/523/775 1170/520/768 1171/519/767
f 1169/523/775 1171/519/767 1172/524/776
f 1173/525/777 1174/526/778 1175/527/779
f 1173/525/777 1175/527/779 1176/528/780
f 1177/529/781 1178/530/782 1179/531/783
f 1177/529/781 1179/531/783 1180/532/784
f 1181/529/781 1182/533/785 1183/534/786
f 1181/529/781 1183/534/786 1184/530/782
f 1185/525/787 1186/535/788 1187/536/789
f 1185/525/787 1187/536/789 1188/526/790
f 1189/537/791 1190/538/792 1191/536/793
f 1189/537/791 1191/536/793 1192/535/788
f 1193/539/794 1194/540/795 1195/534/786
f 1193/539/794 1195/534/786 1196/533/796
f 1197/505/797 1198/541/798 1199/542/799
f 1197/505/797 1199/542/799 1200/506/748
f 1201/503/744 1202/543/800 1203/544/801
f 1201/503/744 1203/544/801 1204/504/745
f 1205/497/734 1206/544/801 1207/543/802
f 1205/497/734 1207/543/802 1208/498/803
f 1209/495/732 1210/542/799 1211/541/804
f 1209/495/732 1211/541/804 1212/496/733
f 1213/481/715 1214/545/805 1215/546/806
f 1213/481/715 1215/546/806 1216/482/716
f 1217/477/807 1218/547/808 1219/548/809
f 1217/477/807 1219/548/809 1220/478/810
f 1221/445/811 1222/548/809 1223/547/808
f 1221/445/811 1223/547/808 1224/446/664
f 1225/441/812 1226/546/806 1227/545/805
f 1225/441/812 1227/545/805 1228/442/660
f 1229/539/813 1230/549/814 1231/550/815
f 1229/539/813 1231/550/815 1232/540/795
f 1233/537/816 1234/551/817 1235/552/818
f 1233/537/816 1235/552/818 1236/538/819
f 1237/433/820 1238/552/821 1239/551/822
f 1237/433/820 1239/551/822 1240/434/650
f 1241/429/823 1242/550/815 1243/549/824
f 1241/429/823 1243/549/824 1244/430/825
f 1245/553/826 1246/554/827 1247/555/828
f 1245/553/826 1247/555/828 1248/556/829
f 1249/546/830 1250/441/831 1251/3/1
f 1249/546/830 1251/3/1 1252/482/717
f 1253/427/832 1254/426/833 1255/3/1
f 1253/427/832 1255/3/1 1256/523/834
f 1257/444/835 1258/452/836 1259/3/1
f 1257/444/835 1259/3/1 1260/441/831
f 1261/462/837 1262/468/838 1263/3/1
f 1261/462/837 1263/3/1 1264/452/836
f 1265/486/839 1266/494/840 1267/3/1
f 1265/486/839 1267/3/1 1268/468/838
f 1269/508/841 1270/514/842 1271/3/1
f 1269/508/841 1271/3/1 1272/494/840
f 1273/520/843 1274/523/834 1275/3/1
f 1273/520/843 1275/3/1 1276/514/842
f 1277/534/844 1278/540/845 1279/6/1
f 1277/534/844 1279/6/1 1280/530/846
f 1281/542/847 1282/495/848 1283/6/1
f 1281/542/847 1283/6/1 1284/506/849
f 1285/550/850 1286/429/851 1287/6/1
f 1285/550/850 1287/6/1 1288/540/845
f 1289/432/852 1290/440/853 1291/6/1
f 1289/432/852 1291/6/1 1292/429/851
f 1293/454/854 1294/460/855 1295/6/1
f 1293/454/854 1295/6/1 1296/440/853
f 1297/470/856 1298/476/857 1299/6/1
f 1297/470/856 1299/6/1 1300/460/855
f 1301/500/858 1302/506/849 1303/6/1
f 1301/500/858 1303/6/1 1304/476/857
f 1305/483/859 1306/2/1 1307/6/1
f 1305/483/859 1307/6/1 1308/495/848
f 1309/483/859 1310/482/717 1311/3/1
f 1309/483/859 1311/3/1 1312/2/1
f 1313/516/833 1314/4/1 1315/3/1
f 1313/516/833 1315/3/1 1316/426/833
f 1317/531/860 1318/530/846 1319/6/1
f 1317/531/860 1319/6/1 1320/5/1
f 1321/10/5 1322/9/4 1323/151/258
f 1321/10/5 1323/151/258 1324/149/5
f 1325/557/861 1326/558/862 1327/559/863
f 1325/557/861 1327/559/863 1328/560/864
f 1329/560/864 1330/559/863 1331/561/865
f 1329/560/864 1331/561/865 1332/562/866
f 1333/562/866 1334/561/865 1335/563/867
f 1333/562/866 1335/563/867 1336/564/868
f 1337/565/869 1338/118/870 1339/117/871
f 1337/565/869 1339/117/871 1340/566/872
f 1341/563/867 1342/124/873 1343/118/870
f 1341/563/867 1343/118/870 1344/565/869
f 1345/150/256 1346/52/255 1347/51/874
f 1345/150/256 1347/51/874 1348/558/862
f 1349/559/863 1350/39/875 1351/38/876
f 1349/559/863 1351/38/876 1352/561/865
f 1353/342/877 1354/560/864 1355/562/866
f 1353/342/877 1355/562/866 1356/339/878
f 1357/567/879 1358/568/880 1359/71/881
f 1357/567/879 1359/71/881 1360/70/882
f 1361/7/2 1362/10/5 1363/569/883
f 1361/7/2 1363/569/883 1364/367/582
f 1365/365/884 1366/557/861 1367/560/864
f 1365/365/884 1367/560/864 1368/342/877
f 1369/558/862 1370/51/874 1371/39/875
f 1369/558/862 1371/39/875 1372/559/863
f 1373/570/885 1374/571/886 1375/568/880
f 1373/570/885 1375/568/880 1376/572/887
f 1377/367/582 1378/569/883 1379/557/861
f 1377/367/582 1379/557/861 1380/365/884
f 1381/166/272 1382/573/888 1383/153/259
f 1381/166/272 1383/153/259 1384/152/259
f 1388/88/889 1389/83/890 1385/574/891
f 1385/574/891 1386/575/892 1387/576/893
f 1387/576/893 1388/88/889 1385/574/891
f 1390/577/894 1391/574/891 1392/578/895
f 1390/577/894 1392/578/895 1393/579/896
f 1394/572/887 1395/568/880 1396/567/879
f 1394/572/887 1396/567/879 1397/580/897
f 1398/561/865 1399/38/876 1400/124/873
f 1398/561/865 1400/124/873 1401/563/867
f 1402/579/896 1403/578/895 1404/571/886
f 1402/579/896 1404/571/886 1405/570/885
f 1406/571/886 1407/578/895 1408/64/898
f 1406/571/886 1408/64/898 1409/63/899
f 1410/153/259 1411/573/888 1412/94/900
f 1410/153/259 1412/94/900 1413/99/273
f 1414/578/895 1415/574/891 1416/83/890
f 1414/578/895 1416/83/890 1417/64/898
f 1418/573/888 1419/567/879 1420/70/882
f 1418/573/888 1420/70/882 1421/94/900
f 1422/568/880 1423/571/886 1424/63/899
f 1422/568/880 1424/63/899 1425/71/881
f 1426/564/868 1427/563/867 1428/565/869
f 1426/564/868 1428/565/869 1429/581/901
f 1430/569/883 1431/150/256 1432/558/862
f 1430/569/883 1432/558/862 1433/557/861
f 1434/347/902 1435/349/903 1436/572/887
f 1434/347/902 1436/572/887 1437/580/897
f 1438/386/904 1439/308/905 1440/582/906
f 1441/349/903 1442/386/904 1443/570/885
f 1441/349/903 1443/570/885 1444/572/887
f 1445/580/897 1446/567/879 1447/573/888
f 1445/580/897 1447/573/888 1448/166/272
f 1449/165/271 1450/347/902 1451/580/897
f 1449/165/271 1451/580/897 1452/166/272
f 1453/583/907 1454/584/908 1455/585/909
f 1453/583/907 1455/585/909 1456/586/910
f 1457/10/5 1458/149/5 1459/150/256
f 1457/10/5 1459/150/256 1460/569/883
f 1461/587/911 1462/588/912 1463/589/913
f 1461/587/911 1463/589/913 1464/590/914
f 1465/591/915 1466/592/916 1467/593/917
f 1465/591/915 1467/593/917 1468/594/918
f 1469/594/919 1470/593/920 1471/588/921
f 1469/594/919 1471/588/921 1472/587/922
f 1473/590/914 1474/589/923 1475/595/924
f 1473/590/914 1475/595/924 1476/596/925
f 1477/596/926 1478/595/927 1479/597/928
f 1477/596/926 1479/597/928 1480/598/929
f 1481/598/930 1482/597/931 1483/599/932
f 1481/598/930 1483/599/932 1484/600/933
f 1485/601/934 1486/602/935 1487/603/936
f 1485/601/934 1487/603/936 1488/604/937
f 1489/605/938 1490/606/939 1491/592/940
f 1489/605/938 1491/592/940 1492/591/915
f 1493/607/941 1494/608/942 1495/602/943
f 1493/607/941 1495/602/943 1496/601/944
f 1497/609/945 1498/610/946 1499/611/947
f 1497/609/945 1499/611/947 1500/612/948
f 1501/613/949 1502/614/950 1503/610/951
f 1501/613/949 1503/610/951 1504/609/952
f 1505/615/953 1506/616/954 1507/614/955
f 1505/615/953 1507/614/955 1508/613/956
f 1509/600/957 1510/599/958 1511/608/942
f 1509/600/957 1511/608/942 1512/607/959
f 1513/617/960 1514/611/961 1515/618/962
f 1513/617/960 1515/618/962 1516/619/963
f 1517/619/964 1518/618/965 1519/620/966
f 1517/619/964 1519/620/966 1520/621/967
f 1521/621/968 1522/620/969 1523/622/970
f 1521/621/968 1523/622/970 1524/623/971
f 1525/623/971 1526/622/972 1527/624/973
f 1525/623/971 1527/624/973 1528/625/974
f 1529/626/975 1530/627/976 1531/628/977
f 1529/626/975 1531/628/977 1532/629/978
f 1533/629/979 1534/628/980 1535/630/981
f 1533/629/979 1535/630/981 1536/631/982
f 1537/631/983 1538/630/984 1539/632/985
f 1537/631/983 1539/632/985 1540/633/986
f 1541/633/987 1542/632/988 1543/634/989
f 1541/633/987 1543/634/989 1544/635/990
f 1545/636/991 1546/634/992 1547/637/993
f 1545/636/991 1547/637/993 1548/638/994
f 1549/638/995 1550/637/996 1551/639/997
f 1549/638/995 1551/639/997 1552/640/998
f 1553/640/999 1554/639/1000 1555/641/985
f 1553/640/999 1555/641/985 1556/642/1001
f 1557/642/1002 1558/641/985 1559/643/1003
f 1557/642/1002 1559/643/1003 1560/644/1004
f 1561/645/1005 1562/646/1006 1563/644/1007
f 1561/645/1005 1563/644/1007 1564/643/1003
f 1565/645/1008 1566/647/1009 1567/648/975
f 1565/645/1008 1567/648/975 1568/646/1010
f 1569/649/1011 1570/650/1012 1571/651/1013
f 1569/649/1011 1571/651/1013 1572/652/1014
f 1573/653/1015 1574/654/1016 1575/650/1017
f 1573/653/1015 1575/650/1017 1576/649/1018
f 1581/645/1019 1582/566/872 1577/117/871
f 1577/117/871 1578/654/1020 1579/655/1021
f 1580/647/1022 1581/645/1019 1577/117/871
f 1577/117/871 1579/655/1021 1580/647/1022
f 1583/648/1023 1584/647/1024 1585/655/1025
f 1583/648/1023 1585/655/1025 1586/656/1026
f 1587/657/1027 1588/658/1028 1589/659/1029
f 1587/657/1027 1589/659/1029 1590/660/1030
f 1591/661/1031 1592/662/1032 1593/663/1033
f 1591/661/1031 1593/663/1033 1594/664/1034
f 1595/660/1035 1596/659/1036 1597/665/1037
f 1595/660/1035 1597/665/1037 1598/666/1007
f 1599/667/1038 1600/668/1039 1601/665/1040
f 1599/667/1038 1601/665/1040 1602/669/1041
f 1603/670/1042 1604/671/1043 1605/672/1044
f 1603/670/1042 1605/672/1044 1606/673/1045
f 1607/669/1041 1608/665/1040 1609/671/1043
f 1607/669/1041 1609/671/1043 1610/670/1046
f 1611/673/1045 1612/672/1047 1613/674/1048
f 1611/673/1045 1613/674/1048 1614/675/1049
f 1615/675/1050 1616/674/1051 1617/676/1052
f 1615/675/1050 1617/676/1052 1618/677/1053
f 1619/677/1054 1620/676/1055 1621/606/939
f 1619/677/1054 1621/606/939 1622/605/938
f 1623/678/1056 1624/679/1057 1625/680/1058
f 1623/678/1056 1625/680/1058 1626/681/1059
f 1627/682/1060 1628/683/1061 1629/684/1062
f 1627/682/1060 1629/684/1062 1630/685/1063
f 1631/666/1064 1632/665/1037 1633/668/1065
f 1631/666/1064 1633/668/1065 1634/686/975
f 1635/686/1023 1636/668/1065 1637/683/1039
f 1635/686/1023 1637/683/1039 1638/682/1066
f 1639/687/1067 1640/688/1037 1641/668/1040
f 1639/687/1067 1641/668/1040 1642/667/1038
f 1643/689/1068 1644/690/1069 1645/688/1065
f 1643/689/1068 1645/688/1065 1646/687/1070
f 1647/691/1071 1648/692/1072 1649/690/1073
f 1647/691/1071 1649/690/1073 1650/689/1074
f 1651/693/1075 1652/694/1076 1653/692/1077
f 1651/693/1075 1653/692/1077 1654/691/1078
f 1655/695/1079 1656/696/1080 1657/697/1081
f 1655/695/1079 1657/697/1081 1658/698/1082
f 1659/698/1083 1660/697/1084 1661/699/1085
f 1659/698/1083 1661/699/1085 1662/700/1007
f 1663/701/1086 1664/699/1087 1665/702/1088
f 1663/701/1086 1665/702/1088 1666/703/1089
f 1667/703/1090 1668/702/1088 1669/704/1069
f 1667/703/1090 1669/704/1069 1670/705/1091
f 1671/705/1092 1672/704/1069 1673/706/1077
f 1671/705/1092 1673/706/1077 1674/707/1093
f 1675/707/1093 1676/706/1077 1677/694/1094
f 1675/707/1093 1677/694/1094 1678/708/1095
f 1679/701/1096 1680/709/1097 1681/710/1098
f 1679/701/1096 1681/710/1098 1682/699/1099
f 1683/711/1100 1684/712/1101 1685/713/1102
f 1683/711/1100 1685/713/1102 1686/714/1063
f 1687/693/1103 1688/612/1104 1689/611/947
f 1687/693/1103 1689/611/947 1690/694/1105
f 1691/700/1106 1692/699/1107 1693/710/1108
f 1691/700/1106 1693/710/1108 1694/715/1109
f 1695/715/1110 1696/710/1107 1697/712/1111
f 1695/715/1110 1697/712/1111 1698/711/1112
f 1699/716/1113 1700/717/1101 1701/710/1114
f 1699/716/1113 1701/710/1114 1702/709/1038
f 1703/718/1115 1704/719/1116 1705/717/1117
f 1703/718/1115 1705/717/1117 1706/716/1113
f 1707/720/1118 1708/721/1119 1709/719/1107
f 1707/720/1118 1709/719/1107 1710/718/1115
f 1711/722/1120 1712/723/1121 1713/721/1122
f 1711/722/1120 1713/721/1122 1714/720/1123
f 1715/722/1124 1716/635/990 1717/634/1125
f 1715/722/1124 1717/634/1125 1718/723/1121
f 1719/724/1126 1720/725/1127 1721/726/1128
f 1719/724/1126 1721/726/1128 1722/727/1129
f 1723/727/1130 1724/726/1098 1725/728/1131
f 1723/727/1130 1725/728/1131 1726/729/1007
f 1727/730/1132 1728/731/1101 1729/732/1133
f 1727/730/1132 1729/732/1133 1730/733/1134
f 1731/734/1135 1732/728/1098 1733/731/1111
f 1731/734/1135 1733/731/1111 1734/730/1132
f 1735/733/1136 1736/732/1133 1737/735/1137
f 1735/733/1136 1737/735/1137 1738/736/1138
f 1739/736/1139 1740/735/1137 1741/723/1140
f 1739/736/1139 1741/723/1140 1742/737/1141
f 1743/636/1142 1744/737/1143 1745/723/1140
f 1743/636/1142 1745/723/1140 1746/634/1019
f 1747/729/1064 1748/728/1131 1749/738/1144
f 1747/729/1064 1749/738/1144 1750/739/1110
f 1751/738/1145 1752/728/1098 1753/734/1146
f 1751/738/1145 1753/734/1146 1754/740/1038
f 1755/739/1109 1756/738/1147 1757/741/1148
f 1755/739/1109 1757/741/1148 1758/742/1149
f 1759/742/1150 1760/741/1151 1761/743/1152
f 1759/742/1150 1761/743/1152 1762/744/1153
f 1763/745/1154 1764/746/1148 1765/738/1155
f 1763/745/1154 1765/738/1155 1766/740/1156
f 1767/745/1157 1768/747/1158 1769/748/1131
f 1767/745/1157 1769/748/1131 1770/746/1159
f 1771/749/1160 1772/750/1161 1773/748/1162
f 1771/749/1160 1773/748/1162 1774/747/1158
f 1775/751/1163 1776/752/1164 1777/750/1165
f 1775/751/1163 1777/750/1165 1778/749/1166
f 1779/652/1167 1780/651/1168 1781/752/1164
f 1779/652/1167 1781/752/1164 1782/751/1163
f 1783/753/1169 1784/754/1170 1785/755/1171
f 1783/753/1169 1785/755/1171 1786/756/1172
f 1787/756/1172 1788/755/1173 1789/658/1174
f 1787/756/1172 1789/658/1174 1790/657/1175
f 1791/685/1176 1792/684/1177 1793/757/1178
f 1791/685/1176 1793/757/1178 1794/758/1179
f 1795/758/1180 1796/757/1181 1797/759/1182
f 1795/758/1180 1797/759/1182 1798/760/1167
f 1799/761/1183 1800/759/1184 1801/762/1185
f 1799/761/1183 1801/762/1185 1802/763/1186
f 1803/763/1186 1804/762/1185 1805/696/1080
f 1803/763/1186 1805/696/1080 1806/695/1187
f 1807/714/1188 1808/713/1102 1809/764/1189
f 1807/714/1188 1809/764/1189 1810/765/1190
f 1811/765/1191 1812/764/1189 1813/766/1192
f 1811/765/1191 1813/766/1192 1814/767/1193
f 1815/768/1183 1816/766/1194 1817/769/1195
f 1815/768/1183 1817/769/1195 1818/770/1196
f 1819/770/1197 1820/769/1198 1821/725/1199
f 1819/770/1197 1821/725/1199 1822/724/1126
f 1823/744/1200 1824/743/1201 1825/771/1202
f 1823/744/1200 1825/771/1202 1826/772/1203
f 1827/772/1204 1828/771/1202 1829/773/1205
f 1827/772/1204 1829/773/1205 1830/774/1167
f 1831/581/1206 1832/775/1207 1833/604/1208
f 1831/581/1206 1833/604/1208 1834/603/1209
f 1835/615/1210 1836/775/1207 1837/581/1211
f 1835/615/1210 1837/581/1211 1838/616/1212
f 1839/661/1213 1840/776/1214 1841/777/1215
f 1839/661/1213 1841/777/1215 1842/662/1216
f 1843/760/990 1844/759/1182 1845/778/1217
f 1843/760/990 1845/778/1217 1846/779/1218
f 1847/780/1095 1848/778/1219 1849/759/1220
f 1847/780/1095 1849/759/1220 1850/761/1221
f 1851/767/1193 1852/766/1192 1853/781/1222
f 1851/767/1193 1853/781/1222 1854/782/1223
f 1855/783/1224 1856/781/1225 1857/766/1194
f 1855/783/1224 1857/766/1194 1858/768/1183
f 1859/774/1167 1860/773/1226 1861/784/1227
f 1859/774/1167 1861/784/1227 1862/785/1218
f 1863/777/1215 1864/776/1214 1865/754/1228
f 1863/777/1215 1865/754/1228 1866/753/1229
f 1867/664/1230 1868/663/1033 1869/786/1231
f 1867/664/1230 1869/786/1231 1870/787/1232
f 1871/788/1233 1872/789/1234 1873/790/1235
f 1871/788/1233 1873/790/1235 1874/791/1236
f 1875/792/1135 1876/793/1237 1877/794/1238
f 1875/792/1135 1877/794/1238 1878/795/1239
f 1879/779/1218 1880/778/1240 1881/789/1234
f 1879/779/1218 1881/789/1234 1882/788/1241
f 1883/796/1242 1884/797/1243 1885/778/1219
f 1883/796/1242 1885/778/1219 1886/780/1053
f 1887/798/1244 1888/799/1245 1889/797/1246
f 1887/798/1244 1889/797/1246 1890/796/1242
f 1891/800/1247 1892/801/1248 1893/802/1249
f 1891/800/1247 1893/802/1249 1894/803/1250
f 1895/782/1223 1896/781/1251 1897/801/1252
f 1895/782/1223 1897/801/1252 1898/800/1253
f 1899/804/1254 1900/805/1255 1901/806/1256
f 1899/804/1254 1901/806/1256 1902/807/1257
f 1903/807/1258 1904/806/1259 1905/781/1225
f 1903/807/1258 1905/781/1225 1906/783/1260
f 1907/808/1261 1908/809/1262 1909/810/1263
f 1907/808/1261 1909/810/1263 1910/811/1264
f 1911/785/1163 1912/784/1227 1913/809/1265
f 1911/785/1163 1913/809/1265 1914/808/1266
f 1915/812/1267 1916/813/1268 1917/787/1269
f 1915/812/1267 1917/787/1269 1918/786/1270
f 1919/791/1236 1920/790/1235 1921/814/1271
f 1919/791/1236 1921/814/1271 1922/815/1272
f 1923/795/1273 1924/794/1274 1925/799/1245
f 1923/795/1273 1925/799/1245 1926/798/1275
f 1927/803/1276 1928/802/1277 1929/816/1278
f 1927/803/1276 1929/816/1278 1930/817/1279
f 1931/818/1280 1932/819/1255 1933/805/1281
f 1931/818/1280 1933/805/1281 1934/804/1282
f 1935/820/1283 1936/821/1284 1937/813/1285
f 1935/820/1283 1937/813/1285 1938/812/1267
f 1939/822/1286 1940/823/1287 1941/821/1288
f 1939/822/1286 1941/821/1288 1942/820/1289
f 1943/824/1290 1944/825/1291 1945/823/1292
f 1943/824/1290 1945/823/1292 1946/822/1293
f 1947/824/1294 1948/815/1295 1949/814/1296
f 1947/824/1294 1949/814/1296 1950/825/1297
f 1951/826/1010 1952/827/1298 1953/627/1299
f 1951/826/1010 1953/627/1299 1954/626/1023
f 1955/817/1279 1956/816/1300 1957/828/1301
f 1955/817/1279 1957/828/1301 1958/829/1038
f 1959/681/1096 1960/680/1302 1961/819/1303
f 1959/681/1096 1961/819/1303 1962/818/1304
f 1963/811/1305 1964/810/1306 1965/830/1170
f 1963/811/1305 1965/830/1170 1966/831/1307
f 1967/831/1308 1968/830/1170 1969/679/1057
f 1967/831/1308 1969/679/1057 1970/678/1309
f 1971/829/1097 1972/828/1310 1973/832/1311
f 1971/829/1097 1973/832/1311 1974/833/1312
f 1975/708/1054 1976/694/1094 1977/611/1313
f 1975/708/1054 1977/611/1313 1978/617/1183
f 1979/625/1007 1980/624/973 1981/827/1314
f 1979/625/1007 1981/827/1314 1982/826/1315
f 1983/656/1316 1984/655/1025 1985/654/1317
f 1983/656/1316 1985/654/1317 1986/653/1318
f 1998/637/1319 1987/634/1320 1988/632/993
f 1991/627/1321 1992/827/1322 1993/566/872
f 1993/566/872 1994/645/1019 1995/643/1005
f 1997/639/985 1998/637/1319 1988/632/993
f 1990/628/1323 1991/627/1321 1993/566/872
f 1993/566/872 1995/643/1005 1996/641/996
f 1997/639/985 1988/632/993 1989/630/1324
f 1989/630/1324 1990/628/1323 1993/566/872
f 1993/566/872 1996/641/996 1997/639/985
f 1997/639/985 1989/630/1324 1993/566/872
f 2002/834/1325 2003/835/1326 1999/836/1327
f 1999/836/1327 2000/837/1328 2001/838/1329
f 2001/838/1329 2002/834/1325 1999/836/1327
f 2004/839/1330 2005/840/1331 2006/841/1332
f 2004/839/1330 2006/841/1332 2007/842/1333
f 2011/301/1334 2012/304/1335 2008/588/1336
f 2009/593/1337 2010/592/1338 2011/301/1334
f 2011/301/1334 2008/588/1336 2009/593/1337
f 2013/843/1339 2014/844/919 2015/840/911
f 2013/843/1339 2015/840/911 2016/839/1340
f 2027/616/1341 2028/581/901 2017/565/869
f 2017/565/869 2018/566/1342 2019/827/1343
f 2023/618/1344 2024/611/947 2025/610/1345
f 2026/614/1346 2027/616/1341 2017/565/869
f 2017/565/869 2019/827/1343 2020/624/1347
f 2022/620/1348 2023/618/1344 2025/610/1345
f 2025/610/1345 2026/614/1346 2017/565/869
f 2017/565/869 2020/624/1347 2021/622/1349
f 2021/622/1349 2022/620/1348 2025/610/1345
f 2025/610/1345 2017/565/869 2021/622/1349
f 2039/575/1350 2029/832/1351 2030/828/1352
f 2033/801/1353 2034/781/1354 2035/806/1058
f 2037/819/1353 2038/680/1355 2039/575/1350
f 2039/575/1350 2030/828/1352 2031/816/1356
f 2032/802/1357 2033/801/1353 2035/806/1058
f 2036/805/1353 2037/819/1353 2039/575/1350
f 2039/575/1350 2031/816/1356 2032/802/1357
f 2032/802/1357 2035/806/1058 2036/805/1353
f 2036/805/1353 2039/575/1350 2032/802/1357
f 2043/845/1358 2044/846/1359 2040/847/1360
f 2040/847/1360 2041/848/1361 2042/849/1362
f 2042/849/1362 2043/845/1358 2040/847/1360
f 2045/850/1363 2046/851/1364 2047/844/919
f 2045/850/1363 2047/844/919 2048/843/1365
f 2049/301/1334 2050/592/1338 2051/606/1366
f 2049/301/1334 2051/606/1366 2052/315/1367
f 2056/851/915 2057/850/1363 2053/852/1368
f 2053/852/1368 2054/853/1095 2055/854/938
f 2055/854/938 2056/851/915 2053/852/1368
f 2058/842/1369 2059/841/1370 2060/855/1371
f 2058/842/1369 2060/855/1371 2061/856/1372
f 2062/856/1373 2063/855/1374 2064/857/1375
f 2062/856/1373 2064/857/1375 2065/858/1376
f 2066/858/1377 2067/857/1378 2068/859/957
f 2066/858/1377 2068/859/957 2069/860/1379
f 2075/564/868 2070/581/901 2071/603/1380
f 2073/608/1381 2074/599/1382 2075/564/868
f 2075/564/868 2071/603/1380 2072/602/1383
f 2072/602/1383 2073/608/1381 2075/564/868
f 2076/861/1384 2077/862/1385 2078/863/1386
f 2076/861/1384 2078/863/1386 2079/864/1387
f 2080/865/1388 2081/866/1389 2082/862/1390
f 2080/865/1388 2082/862/1390 2083/861/1391
f 2084/860/1392 2085/859/1393 2086/867/1394
f 2084/860/1392 2086/867/1394 2087/868/1395
f 2088/868/1396 2089/867/1397 2090/866/1398
f 2088/868/1396 2090/866/1398 2091/865/1399
f 2092/869/1400 2093/870/1401 2094/871/1402
f 2092/869/1400 2094/871/1402 2095/872/1403
f 2096/873/1404 2097/874/945 2098/870/1405
f 2096/873/1404 2098/870/1405 2099/869/1400
f 2100/875/1406 2101/876/1407 2102/874/1408
f 2100/875/1406 2102/874/1408 2103/873/1409
f 2104/877/1410 2105/878/1411 2106/876/956
f 2104/877/1410 2106/876/956 2107/875/1412
f 2108/864/1413 2109/863/1414 2110/878/1415
f 2108/864/1413 2110/878/1415 2111/877/1416
f 2112/879/1417 2113/880/1418 2114/881/1419
f 2112/879/1417 2114/881/1419 2115/882/1420
f 2116/882/1421 2117/881/1422 2118/883/1423
f 2116/882/1421 2118/883/1423 2119/884/1424
f 2120/884/1425 2121/883/1426 2122/885/1427
f 2120/884/1425 2122/885/1427 2123/886/1428
f 2124/886/1429 2125/885/1430 2126/887/1431
f 2124/886/1429 2126/887/1431 2127/888/1432
f 2128/888/1433 2129/887/1434 2130/837/1435
f 2128/888/1433 2130/837/1435 2131/836/1436
f 2132/835/1437 2133/834/1438 2134/889/1439
f 2132/835/1437 2134/889/1439 2135/890/1440
f 2136/890/1441 2137/889/1442 2138/891/1443
f 2136/890/1441 2138/891/1443 2139/892/1444
f 2140/892/1445 2141/891/982 2142/893/1446
f 2140/892/1445 2142/893/1446 2143/894/1447
f 2144/894/1448 2145/893/1449 2146/895/1450
f 2144/894/1448 2146/895/1450 2147/896/1451
f 2148/896/1452 2149/895/990 2150/897/1453
f 2148/896/1452 2150/897/1453 2151/898/1454
f 2152/899/1455 2153/900/1260 2154/901/1419
f 2152/899/1455 2154/901/1419 2155/902/1456
f 2156/902/1421 2157/901/1457 2158/903/1458
f 2156/902/1421 2158/903/1458 2159/904/1459
f 2160/904/1460 2161/903/1461 2162/905/1462
f 2160/904/1460 2162/905/1462 2163/906/1463
f 2164/906/1429 2165/905/998 2166/907/1464
f 2164/906/1429 2166/907/1464 2167/908/1432
f 2168/908/1465 2169/907/1466 2170/909/1467
f 2168/908/1465 2170/909/1467 2171/910/1436
f 2175/911/1325 2176/912/1468 2172/910/1469
f 2172/910/1469 2173/909/1328 2174/913/1329
f 2174/913/1329 2175/911/1325 2172/910/1469
f 2177/912/1470 2178/911/1471 2179/914/1472
f 2177/912/1470 2179/914/1472 2180/915/1440
f 2181/916/1473 2182/917/1014 2183/918/1474
f 2181/916/1473 2183/918/1474 2184/919/1475
f 2185/920/1448 2186/921/1476 2187/917/1477
f 2185/920/1448 2187/917/1477 2188/916/1478
f 2189/922/1479 2190/923/1480 2191/921/1481
f 2189/922/1479 2191/921/1481 2192/920/1482
f 2193/915/1483 2194/914/1484 2195/923/1485
f 2193/915/1483 2195/923/1485 2196/922/1444
f 2204/351/1486 2197/665/1487 2198/659/1488
f 2201/754/1489 2202/776/1490 2203/318/1491
f 2203/318/1491 2204/351/1486 2198/659/1488
f 2200/755/1492 2201/754/1489 2203/318/1491
f 2203/318/1491 2198/659/1488 2199/658/1493
f 2199/658/1493 2200/755/1492 2203/318/1491
f 2205/924/1494 2206/925/1495 2207/926/1496
f 2205/924/1494 2207/926/1496 2208/927/1497
f 2209/927/1429 2210/926/1498 2211/928/1030
f 2209/927/1429 2211/928/1030 2212/929/1432
f 2213/929/1433 2214/928/1499 2215/930/1500
f 2213/929/1433 2215/930/1500 2216/931/1501
f 2217/931/1502 2218/930/1467 2219/932/1325
f 2217/931/1502 2219/932/1325 2220/933/1468
f 2221/934/1503 2222/935/1504 2223/936/1505
f 2221/934/1503 2223/936/1505 2224/937/1506
f 2225/938/1507 2226/939/1361 2227/935/1358
f 2225/938/1507 2227/935/1358 2228/934/1359
f 2236/671/1508 2229/665/1487 2230/351/1486
f 2230/351/1486 2231/315/1367 2232/606/1366
f 2235/672/1509 2236/671/1508 2230/351/1486
f 2230/351/1486 2232/606/1366 2233/676/1510
f 2234/674/1511 2235/672/1509 2230/351/1486
f 2230/351/1486 2233/676/1510 2234/674/1511
f 2244/702/1512 2245/699/1101 2237/668/1487
f 2240/692/1513 2241/694/1514 2242/706/1072
f 2244/702/1512 2237/668/1487 2238/688/1515
f 2239/690/1516 2240/692/1513 2242/706/1072
f 2243/704/1137 2244/702/1512 2238/688/1515
f 2239/690/1516 2242/706/1072 2243/704/1137
f 2243/704/1137 2238/688/1515 2239/690/1516
f 2246/940/1517 2247/941/1070 2248/939/1518
f 2246/940/1517 2248/939/1518 2249/938/1519
f 2250/942/1520 2251/943/1521 2252/944/1522
f 2250/942/1520 2252/944/1522 2253/945/1523
f 2254/937/1524 2255/936/1525 2256/943/1526
f 2254/937/1524 2256/943/1526 2257/942/1527
f 2258/945/1528 2259/944/1529 2260/853/1530
f 2258/945/1528 2260/853/1530 2261/852/1417
f 2262/683/1531 2263/668/1487 2264/699/1085
f 2267/762/1532 2268/759/1533 2269/757/1534
f 2262/683/1531 2264/699/1085 2265/697/1535
f 2266/696/1536 2267/762/1532 2269/757/1534
f 2270/684/1537 2262/683/1531 2265/697/1535
f 2266/696/1536 2269/757/1534 2270/684/1537
f 2270/684/1537 2265/697/1535 2266/696/1536
f 2271/933/1470 2272/932/1538 2273/946/1539
f 2271/933/1470 2273/946/1539 2274/947/1540
f 2275/947/1541 2276/946/1542 2277/948/1176
f 2275/947/1541 2277/948/1176 2278/949/1444
f 2279/949/1543 2280/948/1544 2281/950/1545
f 2279/949/1543 2281/950/1545 2282/951/1482
f 2283/952/1546 2284/953/1547 2285/941/1548
f 2283/952/1546 2285/941/1548 2286/940/1549
f 2287/954/1550 2288/955/1551 2289/956/1552
f 2287/954/1550 2289/956/1552 2290/957/1553
f 2291/872/1554 2292/871/1555 2293/955/1556
f 2291/872/1554 2293/955/1556 2294/954/1557
f 2295/958/1558 2296/959/1559 2297/960/1129
f 2295/958/1558 2297/960/1129 2298/961/1560
f 2299/961/1465 2300/960/1561 2301/962/1562
f 2299/961/1465 2301/962/1562 2302/963/1563
f 2303/964/1564 2304/965/1565 2305/959/1126
f 2303/964/1564 2305/959/1126 2306/958/1566
f 2307/963/1469 2308/962/1467 2309/966/1567
f 2307/963/1469 2309/966/1567 2310/967/1326
f 2311/968/1568 2312/969/1569 2313/970/1570
f 2311/968/1568 2313/970/1570 2314/971/1506
f 2315/972/1571 2316/973/1361 2317/969/1358
f 2315/972/1571 2317/969/1358 2318/968/1359
f 2319/974/1572 2320/975/1091 2321/976/1573
f 2319/974/1572 2321/976/1573 2322/977/1574
f 2323/971/1524 2324/970/1090 2325/975/1575
f 2323/971/1524 2325/975/1575 2326/974/1576
f 2327/977/1528 2328/976/1577 2329/880/1578
f 2327/977/1528 2329/880/1578 2330/879/1417
f 2338/731/1579 2339/728/1131 2331/710/1111
f 2334/721/1580 2335/723/1581 2336/735/1582
f 2338/731/1579 2331/710/1111 2332/717/1085
f 2333/719/1133 2334/721/1580 2336/735/1582
f 2337/732/1583 2338/731/1579 2332/717/1085
f 2333/719/1133 2336/735/1582 2337/732/1583
f 2337/732/1583 2332/717/1085 2333/719/1133
f 2340/978/1584 2341/979/1585 2342/973/1518
f 2340/978/1584 2342/973/1518 2343/972/1507
f 2352/769/1189 2344/766/1586 2345/764/1537
f 2347/712/1087 2348/710/1098 2349/728/1587
f 2351/725/1102 2352/769/1189 2345/764/1537
f 2347/712/1087 2349/728/1587 2350/726/1114
f 2351/725/1102 2345/764/1537 2346/713/1588
f 2346/713/1588 2347/712/1087 2350/726/1114
f 2350/726/1114 2351/725/1102 2346/713/1588
f 2353/967/1437 2354/966/1589 2355/980/1590
f 2353/967/1437 2355/980/1590 2356/981/1440
f 2357/981/1441 2358/980/1591 2359/982/1592
f 2357/981/1441 2359/982/1592 2360/983/1444
f 2361/983/1445 2362/982/1593 2363/984/1594
f 2361/983/1445 2363/984/1594 2364/985/1595
f 2365/986/1596 2366/987/1597 2367/979/1070
f 2365/986/1596 2367/979/1070 2368/978/1549
f 2369/988/1598 2370/989/1599 2371/990/1600
f 2369/988/1598 2371/990/1600 2372/991/1601
f 2373/898/1602 2374/897/1603 2375/989/1604
f 2373/898/1602 2375/989/1604 2376/988/1605
f 2377/992/1606 2378/993/1607 2379/994/1608
f 2377/992/1606 2379/994/1608 2380/995/1502
f 2381/996/1609 2382/997/1610 2383/993/1611
f 2381/996/1609 2383/993/1611 2384/992/1432
f 2385/998/1612 2386/999/1613 2387/997/1614
f 2385/998/1612 2387/997/1614 2388/996/1615
f 2389/1000/1568 2390/1001/1569 2391/1002/1616
f 2389/1000/1568 2391/1002/1616 2392/1003/1506
f 2393/1003/1524 2394/1002/1617 2395/1004/1092
f 2393/1003/1524 2395/1004/1092 2396/1005/1527
f 2397/995/1618 2398/994/1004 2399/1006/1567
f 2397/995/1618 2399/1006/1567 2400/1007/1326
f 2401/1008/1507 2402/1009/1361 2403/1001/1358
f 2401/1008/1507 2403/1001/1358 2404/1000/1359
f 2405/1005/1619 2406/1004/1620 2407/1010/1621
f 2405/1005/1619 2407/1010/1621 2408/1011/1523
f 2409/1011/1528 2410/1010/1138 2411/900/1622
f 2409/1011/1528 2411/900/1622 2412/899/1623
f 2413/1007/1624 2414/1006/1589 2415/1012/1625
f 2413/1007/1624 2415/1012/1625 2416/1013/1540
f 2426/102/1626 2427/88/889 2417/576/1627
f 2417/576/1627 2418/810/1628 2419/809/1629
f 2424/741/1152 2425/738/1630 2426/102/1626
f 2426/102/1626 2417/576/1627 2419/809/1629
f 2423/743/1631 2424/741/1152 2426/102/1626
f 2426/102/1626 2419/809/1629 2420/784/1632
f 2422/771/1633 2423/743/1631 2426/102/1626
f 2426/102/1626 2420/784/1632 2421/773/1634
f 2421/773/1634 2422/771/1633 2426/102/1626
f 2428/1014/1635 2429/1015/1157 2430/1009/1518
f 2428/1014/1635 2430/1009/1518 2431/1008/1519
f 2432/1013/1636 2433/1012/1637 2434/1016/1638
f 2432/1013/1636 2434/1016/1638 2435/1017/1444
f 2436/1017/1479 2437/1016/1639 2438/1018/1640
f 2436/1017/1479 2438/1018/1640 2439/1019/1482
f 2440/1020/1641 2441/1021/1642 2442/1015/1643
f 2440/1020/1641 2442/1015/1643 2443/1014/1644
f 2444/1022/1645 2445/1023/1166 2446/1024/1646
f 2444/1022/1645 2446/1024/1646 2447/1025/1601
f 2448/919/1647 2449/918/1648 2450/1023/1649
f 2448/919/1647 2450/1023/1649 2451/1022/1557
f 2452/1026/1363 2453/1027/1215 2454/1028/1650
f 2452/1026/1363 2454/1028/1650 2455/1029/1651
f 2456/1029/1652 2457/1028/1653 2458/925/1654
f 2456/1029/1652 2458/925/1654 2459/924/1655
f 2460/951/1448 2461/950/1179 2462/1030/1656
f 2460/951/1448 2462/1030/1656 2463/1031/1657
f 2464/1031/1473 2465/1030/1658 2466/1032/1659
f 2464/1031/1473 2466/1032/1659 2467/1033/1660
f 2468/1034/1455 2469/1035/1418 2470/1036/1419
f 2468/1034/1455 2470/1036/1419 2471/1037/1661
f 2472/1037/1662 2473/1036/1663 2474/965/1664
f 2472/1037/1662 2474/965/1664 2475/964/1665
f 2476/1038/1666 2477/1039/1667 2478/1040/1659
f 2476/1038/1666 2478/1040/1659 2479/1041/1668
f 2480/985/1448 2481/984/1190 2482/1039/1669
f 2480/985/1448 2482/1039/1669 2483/1038/1478
f 2484/1042/1670 2485/1043/1671 2486/999/1672
f 2484/1042/1670 2486/999/1672 2487/998/1655
f 2488/1043/1419 2489/1042/1673 2490/1044/1623
f 2488/1043/1419 2490/1044/1623 2491/1045/1674
f 2492/1019/1448 2493/1018/1675 2494/1046/1676
f 2492/1019/1448 2494/1046/1676 2495/1047/1677
f 2496/1046/1014 2497/1048/1223 2498/1049/1678
f 2496/1046/1014 2498/1049/1678 2499/1047/1473
f 2500/311/1679 2501/318/1491 2502/776/1490
f 2500/311/1679 2502/776/1490 2503/661/1680
f 2504/1050/1681 2505/1051/1216 2506/1027/1215
f 2504/1050/1681 2506/1027/1215 2507/1026/1363
f 2512/787/1682 2513/582/906 2508/308/905
f 2508/308/905 2509/311/1679 2510/661/1680
f 2511/664/1683 2512/787/1682 2508/308/905
f 2508/308/905 2510/661/1680 2511/664/1683
f 2514/1052/1684 2515/1053/1685 2516/1051/1686
f 2514/1052/1684 2516/1051/1686 2517/1050/1687
f 2518/1033/1688 2519/1032/1402 2520/1054/1689
f 2518/1033/1688 2520/1054/1689 2521/1055/1690
f 2522/1056/1528 2523/1057/1691 2524/1035/1530
f 2522/1056/1528 2524/1035/1530 2525/1034/1623
f 2526/1041/1692 2527/1040/1693 2528/1058/1694
f 2526/1041/1692 2528/1058/1694 2529/1059/1557
f 2530/1060/1695 2531/1061/1257 2532/1045/1696
f 2530/1060/1695 2532/1045/1696 2533/1044/1623
f 2534/1049/1697 2535/1048/1698 2536/1062/1699
f 2534/1049/1697 2536/1062/1699 2537/1063/1700
f 2538/1064/1701 2539/1065/1702 2540/1053/1703
f 2538/1064/1701 2540/1053/1703 2541/1052/1704
f 2547/577/894 2548/579/896 2542/582/906
f 2542/582/906 2543/787/1682 2544/813/1705
f 2545/821/1706 2546/823/1707 2547/577/894
f 2547/577/894 2542/582/906 2544/813/1705
f 2544/813/1705 2545/821/1706 2547/577/894
f 2549/1066/1708 2550/1067/1709 2551/1065/1231
f 2549/1066/1708 2551/1065/1231 2552/1064/1710
f 2553/1068/1596 2554/1069/1711 2555/1070/1712
f 2553/1068/1596 2555/1070/1712 2556/1071/1713
f 2557/1055/1714 2558/1054/1715 2559/1072/1716
f 2557/1055/1714 2559/1072/1716 2560/1073/1553
f 2561/1074/1520 2562/1075/1717 2563/1057/1718
f 2561/1074/1520 2563/1057/1718 2564/1056/1523
f 2565/1076/1524 2566/1077/1719 2567/1075/1720
f 2565/1076/1524 2567/1075/1720 2568/1074/1576
f 2569/1078/1721 2570/1079/1722 2571/1080/1723
f 2569/1078/1721 2571/1080/1723 2572/1081/1549
f 2573/1059/1598 2574/1058/1724 2575/1082/1725
f 2573/1059/1598 2575/1082/1725 2576/1083/1553
f 2577/1084/1726 2578/1085/1727 2579/1061/1728
f 2577/1084/1726 2579/1061/1728 2580/1060/1729
f 2581/1086/1730 2582/1087/1731 2583/1085/1732
f 2581/1086/1730 2583/1085/1732 2584/1084/1527
f 2585/1088/1546 2586/1089/1733 2587/1090/1734
f 2585/1088/1546 2587/1090/1734 2588/1091/1549
f 2594/576/1627 2589/575/1350 2590/680/1355
f 2592/830/1735 2593/810/1628 2594/576/1627
f 2594/576/1627 2590/680/1355 2591/679/1736
f 2591/679/1736 2592/830/1735 2594/576/1627
f 2595/1063/1598 2596/1062/1266 2597/1092/1737
f 2595/1063/1598 2597/1092/1737 2598/1093/1553
f 2599/1094/1738 2600/1095/1739 2601/1067/1740
f 2599/1094/1738 2601/1067/1740 2602/1066/1741
f 2603/1071/1742 2604/1070/1743 2605/1096/1744
f 2603/1071/1742 2605/1096/1744 2606/1097/1507
f 2607/846/1745 2608/845/1504 2609/1077/1746
f 2607/846/1745 2609/1077/1746 2610/1076/1747
f 2611/1081/1748 2612/1080/1749 2613/848/1518
f 2611/1081/1748 2613/848/1518 2614/847/1750
f 2615/1098/1568 2616/1099/1358 2617/1087/1751
f 2615/1098/1568 2617/1087/1751 2618/1086/1752
f 2619/1091/1748 2620/1090/1308 2621/1100/1361
f 2619/1091/1748 2621/1100/1361 2622/1101/1753
f 2626/1095/1754 2627/1094/1755 2623/1097/1571
f 2623/1097/1571 2624/1096/1756 2625/1102/1362
f 2625/1102/1362 2626/1095/1754 2623/1097/1571
f 2629/825/1757 2630/814/1758 2631/577/894
f 2629/825/1757 2631/577/894 2628/823/1707
f 2632/1100/1759 2633/1099/1760 2634/1098/1359
f 2632/1100/1759 2634/1098/1359 2635/1101/1360
f 2636/1/1 2637/4/1 2638/1103/1
f 2636/1/1 2638/1103/1 2639/1104/1
f 2640/1/1 2641/1104/1 2642/1105/1
f 2640/1/1 2642/1105/1 2643/5/1
f 2644/585/909 2645/1106/1761 2646/1107/1762
f 2644/585/909 2646/1107/1762 2647/1108/1763
f 2648/1109/1764 2649/1110/1765 2650/1111/1766
f 2648/1109/1764 2650/1111/1766 2651/1112/1767
f 2652/1113/1768 2653/1114/1769 2654/1110/1765
f 2652/1113/1768 2654/1110/1765 2655/1109/1764
f 2656/1115/1770 2657/1116/1771 2658/1114/1769
f 2656/1115/1770 2658/1114/1769 2659/1113/1768
f 2660/1117/1772 2661/1118/1773 2662/1119/1774
f 2660/1117/1772 2662/1119/1774 2663/1120/1775
f 2664/1121/1776 2665/1118/1773 2666/1117/1777
f 2664/1121/1776 2666/1117/1777 2667/1122/1778
f 2671/1123/1779 2672/1124/1780 2668/1125/1781
f 2668/1125/1781 2669/1126/1782 2670/1127/1783
f 2670/1127/1783 2671/1123/1779 2668/1125/1781
f 2673/1128/1784 2674/1129/1785 2675/583/907
f 2673/1128/1784 2675/583/907 2676/1130/1786
f 2677/1131/1787 2678/1132/1788 2679/1133/1789
f 2677/1131/1787 2679/1133/1789 2680/1134/1790
f 2681/1135/1791 2682/1136/1792 2683/1133/1793
f 2681/1135/1791 2683/1133/1793 2684/1132/1794
f 2685/1137/1795 2686/1138/1796 2687/1139/1797
f 2685/1137/1795 2687/1139/1797 2688/1140/1798
f 2689/1130/1799 2690/1141/1800 2691/1142/1801
f 2689/1130/1799 2691/1142/1801 2692/1143/1802
f 2693/1144/1803 2694/1145/1804 2695/1146/1805
f 2693/1144/1803 2695/1146/1805 2696/1147/1806
f 2697/1148/1807 2698/1149/1808 2699/1146/1809
f 2697/1148/1807 2699/1146/1809 2700/1145/1810
f 2701/1150/1811 2702/1151/1812 2703/1152/1813
f 2701/1150/1811 2703/1152/1813 2704/1153/1814
f 2705/1154/1815 2706/1145/1816 2707/1144/1803
f 2705/1154/1815 2707/1144/1803 2708/1155/1817
f 2709/1156/1818 2710/1142/1819 2711/1154/1820
f 2709/1156/1818 2711/1154/1820 2712/1155/1821
f 2713/1142/1822 2714/1141/1823 2715/1157/1824
f 2713/1142/1822 2715/1157/1824 2716/1154/1825
f 2717/1158/1826 2718/1159/1827 2719/1160/1828
f 2717/1158/1826 2719/1160/1828 2720/1161/1829
f 2721/1162/1830 2722/1143/1831 2723/1142/1832
f 2721/1162/1830 2723/1142/1832 2724/1156/1833
f 2725/1163/1834 2726/1164/1835 2727/1143/1831
f 2725/1163/1834 2727/1143/1831 2728/1162/1830
f 2729/1128/1836 2730/1130/1837 2731/1143/1802
f 2729/1128/1836 2731/1143/1802 2732/1164/1838
f 2733/1165/1839 2734/1166/1840 2735/1167/1841
f 2733/1165/1839 2735/1167/1841 2736/1168/1842
f 2737/1169/1843 2738/1170/1844 2739/1164/1845
f 2737/1169/1843 2739/1164/1845 2740/1163/1846
f 2741/1152/1847 2742/1170/1844 2743/1169/1843
f 2741/1152/1847 2743/1169/1843 2744/1171/1848
f 2745/1172/1849 2746/1153/1850 2747/1152/1851
f 2745/1172/1849 2747/1152/1851 2748/1171/1848
f 2749/1173/1852 2750/1174/1853 2751/1159/1854
f 2749/1173/1852 2751/1159/1854 2752/1158/1855
f 2753/1175/1856 2754/1176/1857 2755/1177/1858
f 2753/1175/1856 2755/1177/1858 2756/1178/1859
f 2757/1151/1812 2758/1179/1860 2759/1170/1861
f 2757/1151/1812 2759/1170/1861 2760/1152/1862
f 2761/1159/1863 2762/1180/1864 2763/1181/1865
f 2761/1159/1863 2763/1181/1865 2764/1160/1866
f 2765/1182/1867 2766/1183/1868 2767/1166/1869
f 2765/1182/1867 2767/1166/1869 2768/1165/1870
f 2769/1174/1871 2770/1184/1872 2771/1180/1873
f 2769/1174/1871 2771/1180/1873 2772/1159/1854
f 2773/1166/1874 2774/1158/1826 2775/1161/1829
f 2773/1166/1874 2775/1161/1829 2776/1167/1875
f 2777/1183/1876 2778/1173/1852 2779/1158/1877
f 2777/1183/1876 2779/1158/1877 2780/1166/1878
f 2781/1181/1879 2782/1180/1864 2783/1185/1880
f 2781/1181/1879 2783/1185/1880 2784/1186/1881
f 2785/1187/1882 2786/1188/1883 2787/1189/1884
f 2785/1187/1882 2787/1189/1884 2788/1190/1885
f 2789/1177/1886 2790/1165/1839 2791/1168/1887
f 2789/1177/1886 2791/1168/1887 2792/1191/1888
f 2793/1177/1889 2794/1176/1890 2795/1182/1867
f 2793/1177/1889 2795/1182/1867 2796/1165/1891
f 2797/1192/1892 2798/1193/1893 2799/1194/1894
f 2797/1192/1892 2799/1194/1894 2800/1195/1895
f 2801/1178/1896 2802/1177/1897 2803/1191/1898
f 2801/1178/1896 2803/1191/1898 2804/1196/1899
f 2805/1197/1900 2806/1189/1901 2807/1178/1902
f 2805/1197/1900 2807/1178/1902 2808/1196/1903
f 2809/1188/1904 2810/1175/1856 2811/1178/1905
f 2809/1188/1904 2811/1178/1905 2812/1189/1884
f 2813/1186/1881 2814/1185/1880 2815/1198/1906
f 2813/1186/1881 2815/1198/1906 2816/1199/1907
f 2817/1200/1908 2818/1190/1909 2819/1189/1910
f 2817/1200/1908 2819/1189/1910 2820/1197/1911
f 2821/1201/1912 2822/1140/1913 2823/1190/1914
f 2821/1201/1912 2823/1190/1914 2824/1200/1908
f 2825/1139/1797 2826/1187/1882 2827/1190/1915
f 2825/1139/1797 2827/1190/1915 2828/1140/1916
f 2829/1179/1917 2830/1128/1918 2831/1164/1838
f 2829/1179/1917 2831/1164/1838 2832/1170/1861
f 2833/1137/1919 2834/1140/1920 2835/1201/1912
f 2833/1137/1919 2835/1201/1912 2836/1202/1921
f 2837/1203/1922 2838/1194/1923 2839/1137/1919
f 2837/1203/1922 2839/1137/1919 2840/1202/1924
f 2841/1120/1925 2842/1195/1926 2843/1194/1923
f 2841/1120/1925 2843/1194/1923 2844/1203/1927
f 2845/1184/1872 2846/1204/1928 2847/1185/1929
f 2845/1184/1872 2847/1185/1929 2848/1180/1873
f 2849/1194/1894 2850/1193/1930 2851/1138/1931
f 2849/1194/1894 2851/1138/1931 2852/1137/1932
f 2853/114/1933 2854/113/178 2855/1205/1934
f 2853/114/1933 2855/1205/1934 2856/1119/1935
f 2857/1206/1936 2858/108/1937 2859/1207/1938
f 2857/1206/1936 2859/1207/1938 2860/1208/1939
f 2861/1209/1940 2862/109/168 2863/108/1941
f 2861/1209/1940 2863/108/1941 2864/1206/1942
f 2865/1204/1928 2866/1210/1943 2867/1198/1944
f 2865/1204/1928 2867/1198/1944 2868/1185/1929
f 2869/1172/1945 2870/1211/1946 2871/1212/1947
f 2869/1172/1945 2871/1212/1947 2872/1153/1948
f 2873/1198/1949 2874/1206/1950 2875/1208/1951
f 2873/1198/1949 2875/1208/1951 2876/1199/1907
f 2877/1210/1943 2878/1209/1940 2879/1206/1942
f 2877/1210/1943 2879/1206/1942 2880/1198/1952
f 2881/107/1953 2882/1213/1954 2883/1207/1955
f 2881/107/1953 2883/1207/1955 2884/108/1937
f 2885/1150/1811 2886/1153/1814 2887/1212/1956
f 2885/1150/1811 2887/1212/1956 2888/1214/1957
f 2889/1134/1958 2890/1133/1959 2891/107/1960
f 2889/1134/1958 2891/107/1960 2892/110/1961
f 2893/129/203 2894/1215/1962 2895/1205/1963
f 2893/129/203 2895/1205/1963 2896/113/1964
f 2897/1211/1965 2898/130/206 2899/131/208
f 2897/1211/1965 2899/131/208 2900/1212/1947
f 2901/1214/1966 2902/1212/1967 2903/131/1968
f 2901/1214/1966 2903/131/1968 2904/132/209
f 2905/1147/1806 2906/1146/1969 2907/1132/1970
f 2905/1147/1806 2907/1132/1970 2908/1131/1787
f 2909/1146/1971 2910/1149/1972 2911/1135/1973
f 2909/1146/1971 2911/1135/1973 2912/1132/1974
f 2913/1215/1962 2914/1192/1892 2915/1195/1975
f 2913/1215/1962 2915/1195/1975 2916/1205/1963
f 2917/1119/1935 2918/1205/1934 2919/1195/1976
f 2917/1119/1935 2919/1195/1976 2920/1120/1925
f 2921/1133/1793 2922/1136/1792 2923/1213/1977
f 2921/1133/1793 2923/1213/1977 2924/107/1953
f 2925/1157/1978 2926/1148/1979 2927/1145/1980
f 2925/1157/1978 2927/1145/1980 2928/1154/1981
f 2932/1216/1982 2933/1217/1983 2929/1218/1984
f 2929/1218/1984 2930/1124/1780 2931/1123/1779
f 2931/1123/1779 2932/1216/1982 2929/1218/1984
f 2934/1114/1769 2935/1116/1771 2936/1203/1985
f 2934/1114/1769 2936/1203/1985 2937/1202/1986
f 2938/1219/1987 2939/1220/1988 2940/1221/1989
f 2938/1219/1987 2940/1221/1989 2941/1222/1990
f 2942/1216/1982 2943/1123/1779 2944/1220/1988
f 2942/1216/1982 2944/1220/1988 2945/1219/1987
f 2946/1129/1785 2947/1223/1991 2948/584/908
f 2946/1129/1785 2948/584/908 2949/583/907
f 2950/1224/1992 2951/1225/1993 2952/1109/1764
f 2950/1224/1992 2952/1109/1764 2953/1112/1767
f 2954/1118/1773 2955/144/242 2956/114/1994
f 2954/1118/1773 2956/114/1994 2957/1119/1995
f 2958/1116/1996 2959/1117/1772 2960/1120/1997
f 2958/1116/1996 2960/1120/1997 2961/1203/1998
f 2962/1226/1999 2963/1111/1766 2964/1200/2000
f 2962/1226/1999 2964/1200/2000 2965/1197/2001
f 2966/1110/1765 2967/1114/1769 2968/1202/1986
f 2966/1110/1765 2968/1202/1986 2969/1201/2002
f 2970/1227/2003 2971/1228/2004 2972/1115/1770
f 2970/1227/2003 2972/1115/1770 2973/1113/1768
f 2977/1150/2005 2978/1214/1957 2974/1229/2006
f 2974/1229/2006 2975/1217/1983 2976/1216/1982
f 2976/1216/1982 2977/1150/2005 2974/1229/2006
f 2979/1151/2007 2980/1219/1987 2981/1222/1990
f 2979/1151/2007 2981/1222/1990 2982/1179/2008
f 2983/1230/1763 2984/1231/2009 2985/1148/2010
f 2983/1230/1763 2985/1148/2010 2986/1157/2011
f 2987/1130/1786 2988/583/907 2989/586/910
f 2987/1130/1786 2989/586/910 2990/1141/2012
f 2991/1232/2013 2992/1226/1999 2993/1233/2014
f 2991/1232/2013 2993/1233/2014 2994/1234/2014
f 2995/1179/2008 2996/1222/1990 2997/1129/1785
f 2995/1179/2008 2997/1129/1785 2998/1128/1784
f 2999/1235/2015 3000/157/263 3001/156/262
f 2999/1235/2015 3001/156/262 3002/1121/2016
f 3003/1236/2017 3004/1237/2018 3005/1232/2013
f 3003/1236/2017 3005/1232/2013 3006/1234/2014
f 3007/1123/1779 3008/1127/1783 3009/1238/2019
f 3007/1123/1779 3009/1238/2019 3010/1220/1988
f 3011/1150/2005 3012/1216/1982 3013/1219/1987
f 3011/1150/2005 3013/1219/1987 3014/1151/2007
f 3015/1221/1989 3016/1239/2020 3017/1240/2021
f 3015/1221/1989 3017/1240/2021 3018/1223/1991
f 3019/1241/2022 3020/1235/2015 3021/1121/2016
f 3019/1241/2022 3021/1121/2016 3022/1122/1778
f 3023/1228/2004 3024/1241/2022 3025/1122/1778
f 3023/1228/2004 3025/1122/1778 3026/1115/1770
f 3027/1141/2012 3028/586/910 3029/1230/1763
f 3027/1141/2012 3029/1230/1763 3030/1157/2011
f 3031/1225/1993 3032/1227/2003 3033/1113/1768
f 3031/1225/1993 3033/1113/1768 3034/1109/1764
f 3035/584/908 3036/1242/2023 3037/1106/1761
f 3035/584/908 3037/1106/1761 3038/585/909
f 3039/1237/2018 3040/1224/1992 3041/1112/1767
f 3039/1237/2018 3041/1112/1767 3042/1232/2013
f 3043/1222/1990 3044/1221/1989 3045/1223/1991
f 3043/1222/1990 3045/1223/1991 3046/1129/1785
f 3047/1236/2017 3048/1234/2014 3049/1243/2024
f 3047/1236/2017 3049/1243/2024 3050/1244/2025
f 3051/1111/1766 3052/1110/1765 3053/1201/2002
f 3051/1111/1766 3053/1201/2002 3054/1200/2000
f 3055/1122/1778 3056/1117/1772 3057/1116/1771
f 3055/1122/1778 3057/1116/1771 3058/1115/1770
f 3059/1112/1767 3060/1111/1766 3061/1226/1999
f 3059/1112/1767 3061/1226/1999 3062/1232/2013
f 3063/1220/1988 3064/1238/2019 3065/1239/2020
f 3063/1220/1988 3065/1239/2020 3066/1221/1989
f 3067/156/262 3068/144/242 3069/1118/1773
f 3067/156/262 3069/1118/1773 3070/1121/2016
f 3071/1223/1991 3072/1240/2021 3073/1242/2023
f 3071/1223/1991 3073/1242/2023 3074/584/908
f 3075/1233/2014 3076/1226/1999 3077/1197/2001
f 3075/1233/2014 3077/1197/2001 3078/1196/2026
f 3079/272/2027 3080/271/447 3081/1245/2028
f 3079/272/2027 3081/1245/2028 3082/1246/2029
f 3083/207/2030 3084/1247/2031 3085/1248/2032
f 3083/207/2030 3085/1248/2032 3086/274/2033
f 3087/176/284 3088/175/2034 3089/1246/2035
f 3087/176/284 3089/1246/2035 3090/1245/2028
f 3091/270/2036 3092/1249/2037 3093/1250/2038
f 3099/1251/395 3100/1249/2037 3094/270/2036
f 3094/270/2036 3095/1252/2039 3096/1253/2040
f 3096/1253/2040 3097/1254/395 3098/1255/395
f 3098/1255/395 3099/1251/395 3094/270/2036
f 3094/270/2036 3096/1253/2040 3098/1255/395
f 3101/271/447 3102/1256/2041 3103/1257/2042
f 3101/271/447 3103/1257/2042 3104/1245/2043
f 3105/273/2044 3106/1258/2045 3107/1252/2046
f 3105/273/2044 3107/1252/2046 3108/270/2047
f 3109/273/2048 3110/272/2049 3111/1259/2050
f 3109/273/2048 3111/1259/2050 3112/1260/2050
f 3113/176/2051 3114/1261/2052 3115/191/2053
f 3116/1245/2043 3117/1257/2054 3118/1261/2055
f 3116/1245/2043 3118/1261/2055 3119/176/303
f 3120/1258/2056 3121/1262/2057 3122/1252/2058
f 3123/274/2059 3124/1248/2060 3125/1263/2061
f 3123/274/2059 3125/1263/2061 3126/275/451
f 3127/1252/2062 3128/1262/2063 3129/1264/2064
f 3127/1252/2062 3129/1264/2064 3130/1253/2065
f 3131/200/2066 3132/202/2067 3133/1265/2068
f 3131/200/2066 3133/1265/2068 3134/206/2069
f 3135/208/2070 3136/276/2071 3137/1266/2072
f 3135/208/2070 3137/1266/2072 3138/1267/2073
f 3139/275/2074 3140/1263/2075 3141/1264/2076
f 3139/275/2074 3141/1264/2076 3142/1262/2077
f 3143/271/2078 3144/1268/2079 3145/1256/2080
f 3146/206/2081 3147/1265/2082 3148/1247/2083
f 3146/206/2081 3148/1247/2083 3149/207/2084
f 3150/1269/2085 3151/1270/2086 3152/1271/2087
f 3150/1269/2085 3152/1271/2087 3153/1272/2088
f 3154/249/2089 3155/1273/2089 3156/1274/2090
f 3154/249/2089 3156/1274/2090 3157/250/2091
f 3158/1275/2092 3159/1276/2093 3160/1277/2094
f 3158/1275/2092 3160/1277/2094 3161/1278/2095
f 3162/1275/2096 3163/1279/2097 3164/1280/2098
f 3162/1275/2096 3164/1280/2098 3165/1276/2098
f 3166/252/395 3167/251/2099 3168/1281/2100
f 3166/252/395 3168/1281/2100 3169/1282/2101
f 3170/1283/2102 3171/1284/2103 3172/248/2104
f 3170/1283/2102 3172/248/2104 3173/247/390
f 3174/1280/2093 3175/1279/2097 3176/1285/2105
f 3174/1280/2093 3176/1285/2105 3177/1286/2093
f 3178/1287/2106 3179/1288/2107 3180/1289/2108
f 3178/1287/2106 3180/1289/2108 3181/1290/2100
f 3182/1274/2109 3183/1273/2089 3184/1291/2065
f 3182/1274/2109 3184/1291/2065 3185/1292/2110
f 3186/242/377 3187/241/376 3188/1293/2111
f 3186/242/377 3188/1293/2111 3189/1294/2112
f 3190/1290/2113 3191/1289/2114 3192/1282/2037
f 3190/1290/2113 3192/1282/2037 3193/1281/2113
f 3194/1286/2098 3195/1285/2105 3196/1294/2112
f 3194/1286/2098 3196/1294/2112 3197/1293/2093
f 3198/1295/2115 3199/1296/2116 3200/1284/2103
f 3198/1295/2115 3200/1284/2103 3201/1283/2102
f 3202/1278/2117 3203/1277/2118 3204/1292/2110
f 3202/1278/2117 3204/1292/2110 3205/1291/2065
f 3206/1287/2106 3207/1296/2103 3208/1295/2119
f 3206/1287/2106 3208/1295/2119 3209/1288/2120
f 3213/1125/1781 3214/1124/1780 3210/1274/2121
f 3211/1292/2110 3212/1277/2122 3213/1125/1781
f 3213/1125/1781 3210/1274/2121 3211/1292/2110
f 3215/1218/1984 3216/250/2123 3217/1274/2124
f 3215/1218/1984 3217/1274/2124 3218/1124/1780
f 3219/1217/2125 3220/251/2126 3221/250/2127
f 3219/1217/2125 3221/250/2127 3222/1218/1984
f 3227/251/2128 3228/1217/2125 3223/1229/2129
f 3223/1229/2129 3224/1287/2130 3225/1290/2131
f 3226/1281/2132 3227/251/2128 3223/1229/2129
f 3223/1229/2129 3225/1290/2131 3226/1281/2132
f 3235/1214/2133 3236/132/2134 3229/245/409
f 3232/1296/2116 3233/1287/2130 3234/1229/2129
f 3234/1229/2129 3235/1214/2133 3229/245/409
f 3231/1284/2135 3232/1296/2116 3234/1229/2129
f 3234/1229/2129 3229/245/409 3230/248/2135
f 3230/248/2135 3231/1284/2135 3234/1229/2129
f 3237/254/2136 3238/208/2137 3239/1267/2073
f 3237/254/2136 3239/1267/2073 3240/253/421
f 3241/1259/2138 3242/272/2139 3243/1246/2140
f 3241/1259/2138 3243/1246/2140 3244/1297/2141
f 3245/1246/2142 3246/175/2143 3247/256/2144
f 3245/1246/2142 3247/256/2144 3248/1297/2145
f 3249/1298/2050 3250/1258/2146 3251/273/2147
f 3249/1298/2050 3251/273/2147 3252/1260/2050
f 3253/1299/2148 3254/1300/2149 3255/1301/2150
f 3253/1299/2148 3255/1301/2150 3256/1302/2151
f 3257/1266/2050 3258/276/2071 3259/1258/2146
f 3257/1266/2050 3259/1258/2146 3260/1298/2138
f 3261/1303/2152 3262/1304/2153 3263/1305/2154
f 3261/1303/2152 3263/1305/2154 3264/1306/2155
f 3265/1307/2156 3266/1308/2157 3267/1304/2158
f 3265/1307/2156 3267/1304/2158 3268/1303/2159
f 3269/1306/2160 3270/1305/2161 3271/269/2162
f 3269/1306/2160 3271/269/2162 3272/268/2163
f 3273/1302/2164 3274/1269/2165 3275/1309/2072
f 3273/1302/2164 3275/1309/2072 3276/1310/2166
f 3277/1272/2167 3278/1271/2168 3279/1308/2169
f 3277/1272/2167 3279/1308/2169 3280/1307/2170
f 3281/1311/2171 3282/1312/2172 3283/1313/2172
f 3281/1311/2171 3283/1313/2172 3284/1314/2171
f 3285/1315/2173 3286/1316/2174 3287/1317/2174
f 3285/1315/2173 3287/1317/2174 3288/1318/2173
f 3289/1319/2175 3290/1315/2173 3291/1318/2173
f 3289/1319/2175 3291/1318/2173 3292/1320/2175
f 3293/1321/2176 3294/1322/2177 3295/1323/2177
f 3293/1321/2176 3295/1323/2177 3296/1324/2178
f 3297/1325/2179 3298/1321/2176 3299/1324/2178
f 3297/1325/2179 3299/1324/2178 3300/1326/2179
f 3301/1312/2172 3302/1327/2180 3303/1328/2180
f 3301/1312/2172 3303/1328/2180 3304/1313/2172
f 3305/1329/2181 3306/1330/2182 3307/1331/2182
f 3305/1329/2181 3307/1331/2182 3308/1332/2181
f 3309/1333/2183 3310/1329/2181 3311/1332/2181
f 3309/1333/2183 3311/1332/2181 3312/1334/2183
f 3313/1335/2184 3314/1336/2185 3315/1337/2186
f 3313/1335/2184 3315/1337/2186 3316/1338/2187
f 3317/1242/2188 3318/1339/2189 3319/1340/2190
f 3317/1242/2188 3319/1340/2190 3320/1106/2191
f 3321/1240/2192 3322/1341/2193 3323/1339/2189
f 3321/1240/2192 3323/1339/2189 3324/1242/2194
f 3325/1342/2195 3326/1343/2196 3327/1344/2197
f 3325/1342/2195 3327/1344/2197 3328/1345/2198
f 3329/1227/2199 3330/1346/2200 3331/1347/2201
f 3329/1227/2199 3331/1347/2201 3332/1228/2202
f 3333/1225/2203 3334/1348/2204 3335/1346/2200
f 3333/1225/2203 3335/1346/2200 3336/1227/2205
f 3337/1338/2206 3338/1337/2186 3339/1349/2207
f 3337/1338/2206 3339/1349/2207 3340/1350/2208
f 3341/1351/2209 3342/1352/2210 3343/1343/2211
f 3341/1351/2209 3343/1343/2211 3344/1342/2212
f 3345/1353/2213 3346/1311/2171 3347/1314/2171
f 3345/1353/2213 3347/1314/2171 3348/1354/2213
f 3349/1355/2214 3350/1356/2215 3351/1357/2215
f 3349/1355/2214 3351/1357/2215 3352/1358/2216
f 3353/1316/2174 3354/1353/2213 3355/1354/2213
f 3353/1316/2174 3355/1354/2213 3356/1317/2174
f 3357/1359/2217 3358/1319/2175 3359/1320/2175
f 3357/1359/2217 3359/1320/2175 3360/1360/2217
f 3361/1361/2218 3362/1359/2217 3363/1360/2217
f 3361/1361/2218 3363/1360/2217 3364/1362/2218
f 3365/1363/2219 3366/1325/2179 3367/1326/2179
f 3365/1363/2219 3367/1326/2179 3368/1364/2219
f 3369/1365/2220 3370/1363/2219 3371/1364/2219
f 3369/1365/2220 3371/1364/2219 3372/1366/2220
f 3373/1367/2221 3374/1368/2222 3375/1369/2223
f 3373/1367/2221 3375/1369/2223 3376/1370/2221
f 3377/1368/2222 3378/1371/2224 3379/1372/2224
f 3377/1368/2222 3379/1372/2224 3380/1369/2223
f 3381/1330/2182 3382/1355/2214 3383/1358/2216
f 3381/1330/2182 3383/1358/2216 3384/1331/2182
f 3385/1373/2225 3386/1374/2226 3387/1375/2227
f 3385/1373/2225 3387/1375/2227 3388/1376/2228
f 3389/1239/2229 3390/1377/2230 3391/1341/2193
f 3389/1239/2229 3391/1341/2193 3392/1240/2231
f 3393/1238/2232 3394/1378/2233 3395/1377/2230
f 3393/1238/2232 3395/1377/2230 3396/1239/2229
f 3397/1379/2234 3398/1380/2235 3399/1381/2236
f 3397/1379/2234 3399/1381/2236 3400/1244/2237
f 3401/1382/2238 3402/1383/2239 3403/1380/2235
f 3401/1382/2238 3403/1380/2235 3404/1379/2240
f 3405/1228/2241 3406/1347/2201 3407/1384/2242
f 3405/1228/2241 3407/1384/2242 3408/1241/2243
f 3409/1350/2208 3410/1349/2244 3411/1385/2245
f 3409/1350/2208 3411/1385/2245 3412/1386/2246
f 3413/1376/2247 3414/1375/2248 3415/1336/2185
f 3413/1376/2247 3415/1336/2185 3416/1335/2249
f 3417/1386/2246 3418/1385/2245 3419/1352/2250
f 3417/1386/2246 3419/1352/2250 3420/1351/2209
f 3421/1241/2251 3422/1384/2252 3423/1387/2253
f 3421/1241/2251 3423/1387/2253 3424/1235/2254
f 3425/1388/2255 3426/1389/2256 3427/1390/2257
f 3425/1388/2255 3427/1390/2257 3428/1391/2255
f 3429/358/550 3430/1388/2255 3431/1391/2255
f 3429/358/550 3431/1391/2255 3432/359/550
f 3433/1392/2258 3434/1361/2218 3435/1362/2218
f 3433/1392/2258 3435/1362/2218 3436/1393/2259
f 3437/1394/2260 3438/1392/2258 3439/1393/2259
f 3437/1394/2260 3439/1393/2259 3440/1395/2261
f 3441/1389/2256 3442/1365/2220 3443/1366/2220
f 3441/1389/2256 3443/1366/2220 3444/1390/2257
f 3445/1396/2262 3446/1397/2263 3447/1374/2264
f 3445/1396/2262 3447/1374/2264 3448/1373/2265
f 3449/1398/2266 3450/1399/2267 3451/1397/2268
f 3449/1398/2266 3451/1397/2268 3452/1396/2269
f 3453/1127/2270 3454/1400/2271 3455/1378/2272
f 3453/1127/2270 3455/1378/2272 3456/1238/2273
f 3457/1236/2274 3458/1401/2275 3459/1402/2276
f 3457/1236/2274 3459/1402/2276 3460/1237/2277
f 3461/1244/2278 3462/1381/2279 3463/1401/2280
f 3461/1244/2278 3463/1401/2280 3464/1236/2281
f 3465/1126/2282 3466/1403/2283 3467/1400/2271
f 3465/1126/2282 3467/1400/2271 3468/1127/2284
f 3469/373/575 3470/372/574 3471/1403/2285
f 3469/373/575 3471/1403/2285 3472/1126/2286
f 3473/1356/2215 3474/375/576 3475/374/576
f 3473/1356/2215 3475/374/576 3476/1357/2215
f 3477/1404/2287 3478/1394/2260 3479/1395/2261
f 3477/1404/2287 3479/1395/2261 3480/1405/2287
f 3481/1322/2177 3482/1404/2287 3483/1405/2287
f 3481/1322/2177 3483/1405/2287 3484/1323/2177
f 3485/1406/2288 3486/1367/2221 3487/1370/2221
f 3485/1406/2288 3487/1370/2221 3488/1407/2288
f 3489/1327/2180 3490/1406/2288 3491/1407/2288
f 3489/1327/2180 3491/1407/2288 3492/1328/2180
f 3493/1408/2289 3494/1333/2183 3495/1334/2183
f 3493/1408/2289 3495/1334/2183 3496/1409/2290
f 3497/1410/2291 3498/1408/2289 3499/1409/2290
f 3497/1410/2291 3499/1409/2290 3500/1411/2292
f 3501/1107/2293 3502/1412/2294 3503/1399/2295
f 3501/1107/2293 3503/1399/2295 3504/1398/2266
f 3505/1106/2296 3506/1340/2297 3507/1412/2298
f 3505/1106/2296 3507/1412/2298 3508/1107/2299
f 3509/1413/2300 3510/1414/2301 3511/1383/2302
f 3509/1413/2300 3511/1383/2302 3512/1382/2303
f 3513/1345/2304 3514/1344/2305 3515/1414/2306
f 3513/1345/2304 3515/1414/2306 3516/1413/2300
f 3517/1224/2307 3518/1415/2308 3519/1348/2309
f 3517/1224/2307 3519/1348/2309 3520/1225/2310
f 3521/1237/2311 3522/1402/2312 3523/1415/2313
f 3521/1237/2311 3523/1415/2313 3524/1224/2314
f 3525/1235/2254 3526/1387/2315 3527/388/603
f 3525/1235/2254 3527/388/603 3528/157/2316
f 3529/1416/2317 3530/1410/2291 3531/1411/2292
f 3529/1416/2317 3531/1411/2292 3532/1417/2317
f 3533/1371/2224 3534/1416/2317 3535/1417/2317
f 3533/1371/2224 3535/1417/2317 3536/1372/2224
f 3544/1126/1782 3545/1125/1781 3537/1277/2318
f 3541/1293/2319 3542/241/609 3543/373/608
f 3544/1126/1782 3537/1277/2318 3538/1276/2319
f 3540/1286/2319 3541/1293/2319 3543/373/608
f 3543/373/608 3544/1126/1782 3538/1276/2319
f 3539/1280/2320 3540/1286/2319 3543/373/608
f 3543/373/608 3538/1276/2319 3539/1280/2320
f 3546/1418/2321 3547/1419/2322 3548/1420/2322
f 3546/1418/2321 3548/1420/2322 3549/1421/2323
f 3550/1422/2324 3551/1423/2325 3552/1424/2325
f 3550/1422/2324 3552/1424/2325 3553/1425/2326
f 3554/1423/2327 3555/1426/2328 3556/1427/2328
f 3554/1423/2327 3556/1427/2328 3557/1424/2327
f 3558/1428/2329 3559/1418/2330 3560/1421/2330
f 3558/1428/2329 3560/1421/2330 3561/1429/2329
f 3562/403/620 3563/1422/2331 3564/1425/2331
f 3562/403/620 3564/1425/2331 3565/404/620
f 3566/1430/2332 3567/407/622 3568/406/622
f 3566/1430/2332 3568/406/622 3569/1431/2332
f 3570/1428/2329 3571/1429/2329 3572/1432/2333
f 3570/1428/2329 3572/1432/2333 3573/1433/2333
f 3574/1419/2334 3575/1434/2335 3576/1435/2335
f 3574/1419/2334 3576/1435/2335 3577/1420/2334
f 3578/1434/2336 3579/1436/2337 3580/1437/2337
f 3578/1434/2336 3580/1437/2337 3581/1435/2336
f 3582/1436/2338 3583/1430/2339 3584/1431/2339
f 3582/1436/2338 3584/1431/2339 3585/1437/2338
f 3586/1426/2340 3587/1438/2341 3588/1439/2341
f 3586/1426/2340 3588/1439/2341 3589/1427/2340
f 3590/1438/2342 3591/1433/2343 3592/1432/2343
f 3590/1438/2342 3592/1432/2343 3593/1439/2342
f 3594/1440/2344 3595/1441/2345 3596/1442/2346
f 3594/1440/2344 3596/1442/2346 3597/1443/2347
f 3598/1440/2344 3599/1444/2348 3600/1445/2349
f 3598/1440/2344 3600/1445/2349 3601/1441/2345
f 3602/553/826 3603/1446/642 3604/1447/2350
f 3602/553/826 3604/1447/2350 3605/554/2351
f 3606/1448/2352 3607/1449/2353 3608/1450/2354
f 3606/1448/2352 3608/1450/2354 3609/1451/2355
f 3610/1452/2356 3611/1453/2357 3612/1454/2358
f 3610/1452/2356 3612/1454/2358 3613/1455/2359
f 3614/1452/2360 3615/1456/2361 3616/1457/2362
f 3614/1452/2360 3616/1457/2362 3617/1453/2363
f 3618/1448/2364 3619/1458/2365 3620/1459/2366
f 3618/1448/2364 3620/1459/2366 3621/1449/2367
f 3622/1460/2368 3623/1461/2369 3624/1462/2370
f 3622/1460/2368 3624/1462/2370 3625/1463/2371
f 3626/1464/2372 3627/1465/2373 3628/1466/2374
f 3626/1464/2372 3628/1466/2374 3629/1467/2375
f 3630/1464/2372 3631/1468/2376 3632/1469/2377
f 3630/1464/2372 3632/1469/2377 3633/1465/2378
f 3634/1460/2368 3635/1470/2379 3636/1471/2380
f 3634/1460/2368 3636/1471/2380 3637/1461/2381
f 3638/1472/2382 3639/1473/2383 3640/1459/2384
f 3638/1472/2382 3640/1459/2384 3641/1458/2365
f 3642/1474/2385 3643/1475/2386 3644/1457/2362
f 3642/1474/2385 3644/1457/2362 3645/1456/2387
f 3646/1476/2388 3647/1477/2389 3648/1478/2390
f 3646/1476/2388 3648/1478/2390 3649/1479/2386
f 3650/1472/2391 3651/1480/2392 3652/1481/2393
f 3650/1472/2391 3652/1481/2393 3653/1473/2383
f 3654/1482/2394 3655/1483/2395 3656/1471/2396
f 3654/1482/2394 3656/1471/2396 3657/1470/2379
f 3658/1484/2397 3659/1485/2398 3660/1469/2377
f 3658/1484/2397 3660/1469/2377 3661/1468/2399
f 3662/1484/2397 3663/1486/2400 3664/1487/2401
f 3662/1484/2397 3664/1487/2401 3665/1485/2398
f 3666/1482/2402 3667/1488/2403 3668/1489/2404
f 3666/1482/2402 3668/1489/2404 3669/1483/2405
f 3670/1490/2406 3671/1491/2407 3672/1481/2408
f 3670/1490/2406 3672/1481/2408 3673/1480/2406
f 3674/1492/2409 3675/1493/2410 3676/1478/2390
f 3674/1492/2409 3676/1478/2390 3677/1477/2411
f 3678/1492/2412 3679/1494/2413 3680/1495/2414
f 3678/1492/2412 3680/1495/2414 3681/1493/2415
f 3682/1490/2416 3683/1496/2417 3684/1497/2418
f 3682/1490/2416 3684/1497/2418 3685/1491/2407
f 3686/1498/2419 3687/1499/2420 3688/1500/2421
f 3686/1498/2419 3688/1500/2421 3689/1501/2422
f 3690/1502/2423 3691/1503/2424 3692/1504/2425
f 3690/1502/2423 3692/1504/2425 3693/1505/2426
f 3694/1506/2427 3695/1507/2428 3696/1489/2429
f 3694/1506/2427 3696/1489/2429 3697/1488/2403
f 3698/1508/2430 3699/1509/2431 3700/1487/2401
f 3698/1508/2430 3700/1487/2401 3701/1486/2400
f 3702/1508/2432 3703/1510/2433 3704/1511/2434
f 3702/1508/2432 3704/1511/2434 3705/1509/2431
f 3706/1506/2435 3707/1512/2436 3708/1513/2437
f 3706/1506/2435 3708/1513/2437 3709/1507/2438
f 3710/1502/2423 3711/1514/2439 3712/1515/2424
f 3710/1502/2423 3712/1515/2424 3713/1503/2424
f 3714/1498/2419 3715/1516/2440 3716/1517/2441
f 3714/1498/2419 3716/1517/2441 3717/1499/2420
f 3718/1518/2442 3719/1519/2443 3720/1497/2444
f 3718/1518/2442 3720/1497/2444 3721/1496/2445
f 3722/1520/2446 3723/1521/2447 3724/1495/2414
f 3722/1520/2446 3724/1495/2414 3725/1494/2448
f 3726/1520/2449 3727/1522/2450 3728/1523/2451
f 3726/1520/2449 3728/1523/2451 3729/1521/2447
f 3730/1518/2442 3731/1524/2452 3732/1525/2453
f 3730/1518/2442 3732/1525/2453 3733/1519/2454
f 3734/1526/2455 3735/1527/2456 3736/1513/2457
f 3734/1526/2455 3736/1513/2457 3737/1512/2458
f 3738/1528/2459 3739/1529/2460 3740/1511/2434
f 3738/1528/2459 3740/1511/2434 3741/1510/2461
f 3742/1528/2462 3743/1530/2463 3744/1531/2464
f 3742/1528/2462 3744/1531/2464 3745/1529/2460
f 3746/1526/2465 3747/1532/2466 3748/1533/2467
f 3746/1526/2465 3748/1533/2467 3749/1527/2468
f 3750/516/2469 3751/515/761 3752/1447/2350
f 3750/516/2469 3752/1447/2350 3753/1446/642
f 3754/518/764 3755/517/763 3756/1445/2470
f 3754/518/764 3756/1445/2470 3757/1444/2471
f 3758/1534/2472 3759/1535/2473 3760/1533/2474
f 3758/1534/2472 3760/1533/2474 3761/1532/2475
f 3762/1536/2476 3763/1537/2477 3764/1531/2478
f 3762/1536/2476 3764/1531/2478 3765/1530/2463
f 3766/1536/2479 3767/1443/2347 3768/1442/2346
f 3766/1536/2479 3768/1442/2346 3769/1537/2477
f 3770/1534/2472 3771/556/829 3772/555/2480
f 3770/1534/2472 3772/555/2480 3773/1535/2481
f 3774/528/780 3775/527/779 3776/1538/2482
f 3774/528/780 3776/1538/2482 3777/1539/2483
f 3778/532/784 3779/531/2484 3780/1540/844
f 3778/532/784 3780/1540/844 3781/1541/2485
f 3782/1542/2486 3783/1543/2487 3784/1541/2485
f 3782/1542/2486 3784/1541/2485 3785/1540/844
f 3786/1544/2488 3787/1545/2489 3788/1539/2483
f 3786/1544/2488 3788/1539/2483 3789/1538/2490
f 3790/1544/2491 3791/1546/2492 3792/1547/2493
f 3790/1544/2491 3792/1547/2493 3793/1545/2489
f 3794/1542/2486 3795/1548/2494 3796/1549/2495
f 3794/1542/2486 3796/1549/2495 3797/1543/2496
f 3798/1550/2497 3799/1551/2498 3800/1525/2499
f 3798/1550/2497 3800/1525/2499 3801/1524/2452
f 3802/1552/2500 3803/1553/2501 3804/1523/2451
f 3802/1552/2500 3804/1523/2451 3805/1522/2450
f 3806/1552/2502 3807/1517/2503 3808/1516/2504
f 3806/1552/2502 3808/1516/2504 3809/1553/2501
f 3810/1550/2497 3811/1515/2424 3812/1514/2439
f 3810/1550/2497 3812/1514/2439 3813/1551/2505
f 3814/1554/2506 3815/1555/2507 3816/1505/2426
f 3814/1554/2506 3816/1505/2426 3817/1504/2425
f 3818/1556/2508 3819/1557/2509 3820/1501/2510
f 3818/1556/2508 3820/1501/2510 3821/1500/2421
f 3822/1556/2511 3823/1467/2512 3824/1466/2513
f 3822/1556/2511 3824/1466/2513 3825/1557/2509
f 3826/1554/2506 3827/1463/2371 3828/1462/2514
f 3826/1554/2506 3828/1462/2514 3829/1555/2515
f 3830/1558/2516 3831/1559/2517 3832/1549/2518
f 3830/1558/2516 3832/1549/2518 3833/1548/2494
f 3834/1560/2519 3835/1561/2520 3836/1547/2521
f 3834/1560/2519 3836/1547/2521 3837/1546/2522
f 3838/1560/2519 3839/1455/2523 3840/1454/2358
f 3838/1560/2519 3840/1454/2358 3841/1561/2524
f 3842/1558/2516 3843/1451/2525 3844/1450/2354
f 3842/1558/2516 3844/1450/2354 3845/1559/2526
f 3846/1554/2527 3847/1504/2528 3848/1103/1
f 3846/1554/2527 3848/1103/1 3849/1463/2529
f 3850/553/2530 3851/556/2531 3852/1103/1
f 3850/553/2530 3852/1103/1 3853/1446/833
f 3854/1460/2532 3855/1463/2529 3856/1103/1
f 3854/1460/2532 3856/1103/1 3857/1470/2533
f 3858/1482/2534 3859/1470/2533 3860/1103/1
f 3858/1482/2534 3860/1103/1 3861/1488/2535
f 3862/1506/2536 3863/1488/2535 3864/1103/1
f 3862/1506/2536 3864/1103/1 3865/1512/2537
f 3866/1526/2538 3867/1512/2537 3868/1103/1
f 3866/1526/2538 3868/1103/1 3869/1532/2539
f 3870/1534/2540 3871/1532/2539 3872/1103/1
f 3870/1534/2540 3872/1103/1 3873/556/2531
f 3874/1542/2541 3875/1540/2542 3876/1105/1
f 3874/1542/2541 3876/1105/1 3877/1548/2543
f 3878/1550/2544 3879/1524/2545 3880/1105/1
f 3878/1550/2544 3880/1105/1 3881/1515/2506
f 3882/1558/2546 3883/1548/2543 3884/1105/1
f 3882/1558/2546 3884/1105/1 3885/1451/2547
f 3886/1448/2364 3887/1451/2547 3888/1105/1
f 3886/1448/2364 3888/1105/1 3889/1458/2548
f 3890/1472/2549 3891/1458/2548 3892/1105/1
f 3890/1472/2549 3892/1105/1 3893/1480/2550
f 3894/1490/2551 3895/1480/2550 3896/1105/1
f 3894/1490/2551 3896/1105/1 3897/1496/2552
f 3898/1518/2553 3899/1496/2552 3900/1105/1
f 3898/1518/2553 3900/1105/1 3901/1524/2545
f 3902/1503/2506 3903/1515/2506 3904/1105/1
f 3902/1503/2506 3904/1105/1 3905/1104/1
f 3906/1503/2506 3907/1104/1 3908/1103/1
f 3906/1503/2506 3908/1103/1 3909/1504/2528
f 3910/516/833 3911/1446/833 3912/1103/1
f 3910/516/833 3912/1103/1 3913/4/1
f 3914/531/860 3915/5/1 3916/1105/1
f 3914/531/860 3916/1105/1 3917/1540/2542
f 3918/586/910 3919/585/909 3920/1108/1763
f 3918/586/910 3920/1108/1763 3921/1230/1763
f 3922/1562/2554 3923/1563/2555 3924/1564/2556
f 3922/1562/2554 3924/1564/2556 3925/1565/2557
f 3926/1566/2558 3927/1567/2559 3928/1563/2555
f 3926/1566/2558 3928/1563/2555 3929/1562/2554
f 3930/1568/2560 3931/1569/2561 3932/1567/2559
f 3930/1568/2560 3932/1567/2559 3933/1566/2558
f 3937/1208/2562 3938/1207/2563 3934/1570/2564
f 3934/1570/2564 3935/1571/2565 3936/1572/2566
f 3936/1572/2566 3937/1208/2562 3934/1570/2564
f 3939/1569/2561 3940/1570/2564 3941/1207/2563
f 3939/1569/2561 3941/1207/2563 3942/1213/2567
f 3943/1231/2009 3944/1564/2556 3945/1149/2568
f 3943/1231/2009 3945/1149/2568 3946/1148/2010
f 3947/1563/2555 3948/1567/2559 3949/1136/2569
f 3947/1563/2555 3949/1136/2569 3950/1135/2570
f 3954/1566/2558 3955/1562/2554 3951/1373/2571
f 3951/1373/2571 3952/1376/2572 3953/1573/2573
f 3953/1573/2573 3954/1566/2558 3951/1373/2571
f 3956/1574/2574 3957/1168/2575 3958/1167/2576
f 3956/1574/2574 3958/1167/2576 3959/1575/2577
f 3960/1107/1762 3961/1398/2578 3962/1576/2579
f 3960/1107/1762 3962/1576/2579 3963/1108/1763
f 3964/1396/2580 3965/1373/2571 3966/1562/2554
f 3964/1396/2580 3966/1562/2554 3967/1565/2557
f 3968/1564/2556 3969/1563/2555 3970/1135/2570
f 3968/1564/2556 3970/1135/2570 3971/1149/2568
f 3972/1577/2581 3973/1575/2577 3974/1578/2582
f 3972/1577/2581 3974/1578/2582 3975/1579/2583
f 3976/1398/2578 3977/1396/2580 3978/1565/2557
f 3976/1398/2578 3978/1565/2557 3979/1576/2579
f 3980/1234/2014 3981/1233/2014 3982/1580/2584
f 3980/1234/2014 3982/1580/2584 3983/1243/2024
f 3987/1581/2585 3988/1582/2586 3984/1583/2587
f 3984/1583/2587 3985/1181/2588 3986/1186/2589
f 3986/1186/2589 3987/1581/2585 3984/1583/2587
f 3992/1584/2590 3993/1585/2591 3989/1586/2592
f 3989/1586/2592 3990/1587/2593 3991/1583/2587
f 3991/1583/2587 3992/1584/2590 3989/1586/2592
f 3994/1588/2594 3995/1574/2574 3996/1575/2577
f 3994/1588/2594 3996/1575/2577 3997/1577/2581
f 3998/1567/2559 3999/1569/2561 4000/1213/2567
f 3998/1567/2559 4000/1213/2567 4001/1136/2569
f 4002/1579/2583 4003/1578/2582 4004/1587/2593
f 4002/1579/2583 4004/1587/2593 4005/1586/2592
f 4006/1578/2582 4007/1161/2595 4008/1160/2596
f 4006/1578/2582 4008/1160/2596 4009/1587/2593
f 4010/1233/2014 4011/1196/2026 4012/1191/1898
f 4010/1233/2014 4012/1191/1898 4013/1580/2584
f 4014/1587/2593 4015/1160/2596 4016/1181/2588
f 4014/1587/2593 4016/1181/2588 4017/1583/2587
f 4018/1580/2584 4019/1191/1898 4020/1168/2597
f 4018/1580/2584 4020/1168/2597 4021/1574/2574
f 4022/1575/2577 4023/1167/2576 4024/1161/2595
f 4022/1575/2577 4024/1161/2595 4025/1578/2582
f 4029/1570/2564 4030/1569/2561 4026/1568/2560
f 4026/1568/2560 4027/1589/2598 4028/1590/2599
f 4028/1590/2599 4029/1570/2564 4026/1568/2560
f 4031/1565/2557 4032/1564/2556 4033/1231/2009
f 4031/1565/2557 4033/1231/2009 4034/1576/2579
f 4035/1379/2600 4036/1588/2594 4037/1577/2581
f 4035/1379/2600 4037/1577/2581 4038/1382/2601
f 4042/1591/2602 4043/1345/2603 4039/1413/2604
f 4039/1413/2604 4040/1579/2583 4041/1586/2592
f 4041/1586/2592 4042/1591/2602 4039/1413/2604
f 4044/1382/2601 4045/1577/2581 4046/1579/2583
f 4044/1382/2601 4046/1579/2583 4047/1413/2605
f 4048/1243/2024 4049/1580/2584 4050/1574/2574
f 4048/1243/2024 4050/1574/2574 4051/1588/2594
f 4052/1244/2025 4053/1243/2024 4054/1588/2594
f 4052/1244/2025 4054/1588/2594 4055/1379/2600
f 4056/1576/2579 4057/1231/2009 4058/1230/1763
f 4056/1576/2579 4058/1230/1763 4059/1108/1763
f 4060/1592/2606 4061/1593/2607 4062/1594/2608
f 4060/1592/2606 4062/1594/2608 4063/1595/2609
f 4064/1596/2610 4065/1597/2611 4066/1598/2612
f 4064/1596/2610 4066/1598/2612 4067/1599/2613
f 4068/1595/2614 4069/1594/2615 4070/1597/2616
f 4068/1595/2614 4070/1597/2616 4071/1596/2610
f 4072/1600/2617 4073/1601/2618 4074/1593/2619
f 4072/1600/2617 4074/1593/2619 4075/1592/2606
f 4076/1602/2620 4077/1603/2621 4078/1601/2622
f 4076/1602/2620 4078/1601/2622 4079/1600/2623
f 4080/1604/2624 4081/1605/2625 4082/1603/2621
f 4080/1604/2624 4082/1603/2621 4083/1602/2620
f 4084/1606/2626 4085/1607/2627 4086/1608/2628
f 4084/1606/2626 4086/1608/2628 4087/1609/2629
f 4088/1599/2630 4089/1598/2612 4090/1610/2631
f 4088/1599/2630 4090/1610/2631 4091/1611/2632
f 4092/1609/2633 4093/1608/2634 4094/1612/2635
f 4092/1609/2633 4094/1612/2635 4095/1613/2636
f 4096/1614/2637 4097/1615/2638 4098/1616/2639
f 4096/1614/2637 4098/1616/2639 4099/1617/2640
f 4100/1617/2641 4101/1616/2639 4102/1618/2642
f 4100/1617/2641 4102/1618/2642 4103/1619/2643
f 4104/1619/2644 4105/1618/2642 4106/1620/2645
f 4104/1619/2644 4106/1620/2645 4107/1621/2646
f 4108/1613/2647 4109/1612/2635 4110/1605/2648
f 4108/1613/2647 4110/1605/2648 4111/1604/2649
f 4112/1622/2650 4113/1623/2651 4114/1615/2652
f 4112/1622/2650 4114/1615/2652 4115/1624/2653
f 4116/1625/2654 4117/1626/2655 4118/1623/2656
f 4116/1625/2654 4118/1623/2656 4119/1622/2657
f 4120/1627/2658 4121/1628/2659 4122/1626/2655
f 4120/1627/2658 4122/1626/2655 4123/1625/2660
f 4124/1629/2661 4125/1630/2662 4126/1628/2659
f 4124/1629/2661 4126/1628/2659 4127/1627/2663
f 4128/1631/2664 4129/1632/2665 4130/1633/2666
f 4128/1631/2664 4130/1633/2666 4131/1634/2667
f 4132/1635/2668 4133/1636/2669 4134/1632/2670
f 4132/1635/2668 4134/1632/2670 4135/1631/2671
f 4136/1637/2672 4137/1638/2673 4138/1636/2674
f 4136/1637/2672 4138/1636/2674 4139/1635/2675
f 4140/1639/2676 4141/1640/2677 4142/1638/2678
f 4140/1639/2676 4142/1638/2678 4143/1637/2679
f 4144/1641/2680 4145/1642/2681 4146/1640/2682
f 4144/1641/2680 4146/1640/2682 4147/1643/2683
f 4148/1644/2684 4149/1645/2685 4150/1642/2681
f 4148/1644/2684 4150/1642/2681 4151/1641/2686
f 4152/1646/2687 4153/1647/2688 4154/1645/2689
f 4152/1646/2687 4154/1645/2689 4155/1644/2684
f 4156/1648/2690 4157/1649/2691 4158/1647/2692
f 4156/1648/2690 4158/1647/2692 4159/1646/2693
f 4160/1648/2694 4161/1650/2695 4162/1651/2696
f 4160/1648/2694 4162/1651/2696 4163/1649/2697
f 4164/1652/2698 4165/1653/2699 4166/1651/2700
f 4164/1652/2698 4166/1651/2700 4167/1650/2695
f 4168/1654/2701 4169/1655/2702 4170/1656/2703
f 4168/1654/2701 4170/1656/2703 4171/1657/2704
f 4172/1657/2705 4173/1656/2706 4174/1658/2707
f 4172/1657/2705 4174/1658/2707 4175/1659/2708
f 4176/1659/2708 4177/1658/2709 4178/1660/2710
f 4176/1659/2708 4178/1660/2710 4179/1661/2711
f 4180/1662/2712 4181/1663/2713 4182/1653/2714
f 4180/1662/2712 4182/1653/2714 4183/1652/2715
f 4184/1661/2716 4185/1660/2709 4186/1663/2717
f 4184/1661/2716 4186/1663/2717 4187/1662/2718
f 4188/1664/2719 4189/1665/2720 4190/1666/2721
f 4188/1664/2719 4190/1666/2721 4191/1667/2722
f 4192/1668/2723 4193/1669/2724 4194/1670/2725
f 4192/1668/2723 4194/1670/2725 4195/1671/2726
f 4196/1672/2727 4197/1673/2728 4198/1665/2720
f 4196/1672/2727 4198/1665/2720 4199/1664/2729
f 4200/1674/2730 4201/1673/2731 4202/1675/2732
f 4200/1674/2730 4202/1675/2732 4203/1676/2733
f 4204/1677/2734 4205/1678/2735 4206/1679/2736
f 4204/1677/2734 4206/1679/2736 4207/1680/2737
f 4208/1680/2738 4209/1679/2739 4210/1673/2731
f 4208/1680/2738 4210/1673/2731 4211/1674/2740
f 4212/1681/2741 4213/1682/2742 4214/1678/2743
f 4212/1681/2741 4214/1678/2743 4215/1677/2744
f 4216/1683/2745 4217/1684/2746 4218/1682/2747
f 4216/1683/2745 4218/1682/2747 4219/1681/2748
f 4220/1611/2749 4221/1610/2631 4222/1684/2746
f 4220/1611/2749 4222/1684/2746 4223/1683/2750
f 4224/1685/2751 4225/1686/2752 4226/1687/2753
f 4224/1685/2751 4226/1687/2753 4227/1688/2754
f 4228/1689/2755 4229/1690/2756 4230/1691/2757
f 4228/1689/2755 4230/1691/2757 4231/1692/2758
f 4232/1693/2698 4233/1675/2759 4234/1673/2728
f 4232/1693/2698 4234/1673/2728 4235/1672/2727
f 4236/1692/2760 4237/1691/2761 4238/1675/2728
f 4236/1692/2760 4238/1675/2728 4239/1693/2698
f 4240/1676/2762 4241/1675/2732 4242/1694/2763
f 4240/1676/2762 4242/1694/2763 4243/1695/2764
f 4244/1695/2765 4245/1694/2766 4246/1696/2767
f 4244/1695/2765 4246/1696/2767 4247/1697/2768
f 4248/1697/2769 4249/1696/2770 4250/1698/2771
f 4248/1697/2769 4250/1698/2771 4251/1699/2772
f 4252/1699/2773 4253/1698/2774 4254/1700/2775
f 4252/1699/2773 4254/1700/2775 4255/1701/2776
f 4256/1702/2777 4257/1703/2761 4258/1704/2778
f 4256/1702/2777 4258/1704/2778 4259/1705/2779
f 4260/1706/2780 4261/1707/2781 4262/1703/2782
f 4260/1706/2780 4262/1703/2782 4263/1702/2783
f 4264/1708/2784 4265/1709/2785 4266/1707/2786
f 4264/1708/2784 4266/1707/2786 4267/1710/2730
f 4268/1711/2787 4269/1712/2788 4270/1709/2789
f 4268/1711/2787 4270/1709/2789 4271/1708/2790
f 4272/1713/2791 4273/1714/2792 4274/1712/2788
f 4272/1713/2791 4274/1712/2788 4275/1711/2793
f 4276/1715/2794 4277/1700/2795 4278/1714/2796
f 4276/1715/2794 4278/1714/2796 4279/1713/2797
f 4280/1716/2798 4281/1710/2799 4282/1707/2800
f 4280/1716/2798 4282/1707/2800 4283/1717/2801
f 4284/1718/2802 4285/1719/2803 4286/1720/2804
f 4284/1718/2802 4286/1720/2804 4287/1721/2805
f 4288/1614/2806 4289/1701/2807 4290/1700/2775
f 4288/1614/2806 4290/1700/2775 4291/1615/2808
f 4292/1722/2715 4293/1717/2809 4294/1707/2810
f 4292/1722/2715 4294/1707/2810 4295/1706/2780
f 4296/1721/2805 4297/1720/2811 4298/1717/2812
f 4296/1721/2805 4298/1717/2812 4299/1722/2698
f 4300/1716/2754 4301/1717/2813 4302/1723/2814
f 4300/1716/2754 4302/1723/2814 4303/1724/2815
f 4304/1724/2816 4305/1723/2801 4306/1725/2817
f 4304/1724/2816 4306/1725/2817 4307/1726/2818
f 4308/1726/2819 4309/1725/2820 4310/1727/2821
f 4308/1726/2819 4310/1727/2821 4311/1728/2822
f 4312/1728/2823 4313/1727/2824 4314/1729/2825
f 4312/1728/2823 4314/1729/2825 4315/1730/2826
f 4316/1639/2676 4317/1730/2827 4318/1729/2825
f 4316/1639/2676 4318/1729/2825 4319/1640/2828
f 4320/1731/2829 4321/1732/2830 4322/1733/2831
f 4320/1731/2829 4322/1733/2831 4323/1734/2832
f 4324/1735/2661 4325/1736/2811 4326/1732/2833
f 4324/1735/2661 4326/1732/2833 4327/1731/2829
f 4328/1737/2834 4329/1738/2820 4330/1739/2801
f 4328/1737/2834 4330/1739/2801 4331/1740/2835
f 4332/1740/2836 4333/1739/2801 4334/1736/2801
f 4332/1740/2836 4334/1736/2801 4335/1741/2799
f 4336/1742/2837 4337/1743/2838 4338/1738/2839
f 4336/1742/2837 4338/1738/2839 4339/1737/2834
f 4340/1744/2840 4341/1729/2841 4342/1743/2767
f 4340/1744/2840 4342/1743/2767 4343/1742/2842
f 4344/1744/2843 4345/1643/2844 4346/1640/2682
f 4344/1744/2843 4346/1640/2682 4347/1729/2845
f 4348/1745/2698 4349/1746/2846 4350/1736/2847
f 4348/1745/2698 4350/1736/2847 4351/1735/2848
f 4352/1741/2849 4353/1736/2801 4354/1746/2850
f 4352/1741/2849 4354/1746/2850 4355/1747/2762
f 4356/1748/2851 4357/1749/2852 4358/1746/2846
f 4356/1748/2851 4358/1746/2846 4359/1745/2715
f 4360/1750/2853 4361/1751/2854 4362/1749/2846
f 4360/1750/2853 4362/1749/2846 4363/1748/2855
f 4364/1746/2856 4365/1752/2857 4366/1753/2858
f 4364/1746/2856 4366/1753/2858 4367/1747/2762
f 4368/1754/2859 4369/1755/2860 4370/1753/2861
f 4368/1754/2859 4370/1753/2861 4371/1752/2862
f 4372/1754/2863 4373/1756/2864 4374/1757/2865
f 4372/1754/2863 4374/1757/2865 4375/1755/2860
f 4376/1757/2865 4377/1756/2864 4378/1758/2866
f 4376/1757/2865 4378/1758/2866 4379/1759/2867
f 4380/1759/2867 4381/1758/2866 4382/1655/2702
f 4380/1759/2867 4382/1655/2702 4383/1654/2701
f 4384/1760/2868 4385/1761/2869 4386/1762/2870
f 4384/1760/2868 4386/1762/2870 4387/1763/2871
f 4388/1667/2722 4389/1666/2872 4390/1761/2873
f 4388/1667/2722 4390/1761/2873 4391/1760/2874
f 4392/1764/2875 4393/1765/2876 4394/1690/2756
f 4392/1764/2875 4394/1690/2756 4395/1689/2877
f 4396/1766/2878 4397/1767/2879 4398/1765/2876
f 4396/1766/2878 4398/1765/2876 4399/1764/2880
f 4400/1768/2881 4401/1769/2882 4402/1767/2883
f 4400/1768/2881 4402/1767/2883 4403/1770/2884
f 4404/1705/2779 4405/1704/2778 4406/1769/2885
f 4404/1705/2779 4406/1769/2885 4407/1768/2886
f 4408/1771/2887 4409/1772/2888 4410/1719/2803
f 4408/1771/2887 4410/1719/2803 4411/1718/2889
f 4412/1773/2890 4413/1774/2891 4414/1772/2892
f 4412/1773/2890 4414/1772/2892 4415/1771/2887
f 4416/1775/2893 4417/1776/2894 4418/1774/2895
f 4416/1775/2893 4418/1774/2895 4419/1777/2896
f 4420/1734/2897 4421/1733/2831 4422/1776/2894
f 4420/1734/2897 4422/1776/2894 4423/1775/2898
f 4424/1778/2899 4425/1779/2900 4426/1751/2901
f 4424/1778/2899 4426/1751/2901 4427/1750/2902
f 4428/1780/2676 4429/1781/2903 4430/1779/2900
f 4428/1780/2676 4430/1779/2900 4431/1778/2899
f 4432/1606/2904 4433/1782/2905 4434/1589/2906
f 4432/1606/2904 4434/1589/2906 4435/1607/2627
f 4436/1589/2907 4437/1782/2905 4438/1621/2908
f 4436/1589/2907 4438/1621/2908 4439/1620/2645
f 4440/1783/2909 4441/1784/2910 4442/1671/2911
f 4440/1783/2909 4442/1671/2911 4443/1670/2725
f 4444/1785/2912 4445/1786/2913 4446/1767/2914
f 4444/1785/2912 4446/1767/2914 4447/1766/2915
f 4448/1770/2844 4449/1767/2883 4450/1786/2916
f 4448/1770/2844 4450/1786/2916 4451/1787/2917
f 4452/1788/2918 4453/1789/2919 4454/1774/2891
f 4452/1788/2918 4454/1774/2891 4455/1773/2920
f 4456/1777/2896 4457/1774/2921 4458/1789/2922
f 4456/1777/2896 4458/1789/2922 4459/1790/2923
f 4460/1791/2912 4461/1792/2924 4462/1781/2903
f 4460/1791/2912 4462/1781/2903 4463/1780/2925
f 4464/1763/2926 4465/1762/2927 4466/1784/2928
f 4464/1763/2926 4466/1784/2928 4467/1783/2909
f 4468/1793/2929 4469/1669/2930 4470/1668/2931
f 4468/1793/2929 4470/1668/2931 4471/1794/2932
f 4472/1795/2933 4473/1796/2934 4474/1797/2935
f 4472/1795/2933 4474/1797/2935 4475/1798/2936
f 4476/1799/2937 4477/1800/2938 4478/1801/2939
f 4476/1799/2937 4478/1801/2939 4479/1802/2740
f 4480/1798/2940 4481/1797/2935 4482/1786/2941
f 4480/1798/2940 4482/1786/2941 4483/1785/2942
f 4484/1787/2943 4485/1786/2944 4486/1803/2945
f 4484/1787/2943 4486/1803/2945 4487/1804/2946
f 4488/1804/2947 4489/1803/2948 4490/1805/2949
f 4488/1804/2947 4490/1805/2949 4491/1806/2950
f 4492/1807/2951 4493/1808/2952 4494/1809/2953
f 4492/1807/2951 4494/1809/2953 4495/1810/2954
f 4496/1810/2955 4497/1809/2956 4498/1789/2919
f 4496/1810/2955 4498/1789/2919 4499/1788/2912
f 4500/1811/2957 4501/1812/2958 4502/1813/2959
f 4500/1811/2957 4502/1813/2959 4503/1814/2960
f 4504/1790/2961 4505/1789/2922 4506/1812/2962
f 4504/1790/2961 4506/1812/2962 4507/1811/2963
f 4508/1815/2964 4509/1816/2965 4510/1817/2966
f 4508/1815/2964 4510/1817/2966 4511/1818/2967
f 4512/1818/2967 4513/1817/2968 4514/1792/2969
f 4512/1818/2967 4514/1792/2969 4515/1791/2970
f 4516/1793/2929 4517/1794/2971 4518/1819/2972
f 4516/1793/2929 4518/1819/2972 4519/1820/2973
f 4520/1821/2974 4521/1822/2975 4522/1796/2976
f 4520/1821/2974 4522/1796/2976 4523/1795/2977
f 4524/1806/2978 4525/1805/2979 4526/1800/2980
f 4524/1806/2978 4526/1800/2980 4527/1799/2981
f 4528/1823/2982 4529/1824/2983 4530/1808/2984
f 4528/1823/2982 4530/1808/2984 4531/1807/2985
f 4532/1814/2986 4533/1813/2987 4534/1825/2987
f 4532/1814/2986 4534/1825/2987 4535/1826/2988
f 4536/1820/2989 4537/1819/2972 4538/1827/2990
f 4536/1820/2989 4538/1827/2990 4539/1828/2991
f 4540/1828/2992 4541/1827/2993 4542/1829/2994
f 4540/1828/2992 4542/1829/2994 4543/1830/2995
f 4544/1830/2996 4545/1829/2997 4546/1831/2998
f 4544/1830/2996 4546/1831/2998 4547/1832/2999
f 4548/1832/3000 4549/1831/2998 4550/1822/3001
f 4548/1832/3000 4550/1822/3001 4551/1821/3002
f 4552/1634/2667 4553/1633/3003 4554/1833/3004
f 4552/1634/2667 4554/1833/3004 4555/1834/3005
f 4556/1835/2762 4557/1836/3006 4558/1824/2983
f 4556/1835/2762 4558/1824/2983 4559/1823/3007
f 4560/1826/2988 4561/1825/2953 4562/1686/2752
f 4560/1826/2988 4562/1686/2752 4563/1685/2730
f 4564/1837/3008 4565/1838/3009 4566/1816/3010
f 4564/1837/3008 4566/1816/3010 4567/1815/3011
f 4568/1688/2798 4569/1687/3012 4570/1838/2927
f 4568/1688/2798 4570/1838/2927 4571/1837/3013
f 4572/1839/3014 4573/1840/3015 4574/1836/3006
f 4572/1839/3014 4574/1836/3006 4575/1835/2733
f 4576/1624/2844 4577/1615/3016 4578/1700/3017
f 4576/1624/2844 4578/1700/3017 4579/1715/3018
f 4580/1834/3005 4581/1833/3019 4582/1630/3020
f 4580/1834/3005 4582/1630/3020 4583/1629/3021
f 4594/1616/3022 4584/1615/2638 4585/1623/3023
f 4588/1630/3024 4589/1833/3025 4590/1590/2599
f 4590/1590/2599 4591/1589/2598 4592/1620/3026
f 4594/1616/3022 4585/1623/3023 4586/1626/3027
f 4587/1628/3028 4588/1630/3024 4590/1590/2599
f 4590/1590/2599 4592/1620/3026 4593/1618/3029
f 4593/1618/3029 4594/1616/3022 4586/1626/3027
f 4586/1626/3027 4587/1628/3028 4590/1590/2599
f 4590/1590/2599 4593/1618/3029 4586/1626/3027
f 4595/1590/2599 4596/1833/3025 4597/1571/3030
f 4595/1590/2599 4597/1571/3030 4598/1570/2564
f 4610/1638/3031 4599/1640/3032 4600/1642/3033
f 4603/1649/3034 4604/1651/3035 4605/1571/3030
f 4605/1571/3030 4606/1833/3025 4607/1633/3036
f 4609/1636/3037 4610/1638/3031 4600/1642/3033
f 4602/1647/3031 4603/1649/3034 4605/1571/3030
f 4605/1571/3030 4607/1633/3036 4608/1632/3038
f 4609/1636/3037 4600/1642/3033 4601/1645/2692
f 4601/1645/2692 4602/1647/3031 4605/1571/3030
f 4605/1571/3030 4608/1632/3038 4609/1636/3037
f 4609/1636/3037 4601/1645/2692 4605/1571/3030
f 4614/1841/3039 4615/1842/3040 4611/1843/3041
f 4611/1843/3041 4612/1844/3042 4613/1845/3043
f 4613/1845/3043 4614/1841/3039 4611/1843/3041
f 4616/1376/2572 4617/1335/3044 4618/1594/3045
f 4616/1376/2572 4618/1594/3045 4619/1573/2573
f 4626/1568/2560 4627/1566/2558 4620/1573/2573
f 4620/1573/2573 4621/1594/3045 4622/1593/3046
f 4624/1603/3047 4625/1605/3048 4626/1568/2560
f 4620/1573/2573 4622/1593/3046 4623/1601/3049
f 4624/1603/3047 4626/1568/2560 4620/1573/2573
f 4620/1573/2573 4623/1601/3049 4624/1603/3047
f 4628/1846/3050 4629/1847/3051 4630/1848/2606
f 4628/1846/3050 4630/1848/2606 4631/1849/3052
f 4636/1597/3053 4632/1594/3045 4633/1335/3044
f 4633/1335/3044 4634/1338/3054 4635/1598/3055
f 4635/1598/3055 4636/1597/3053 4633/1335/3044
f 4637/1850/3056 4638/1846/3057 4639/1849/3058
f 4637/1850/3056 4639/1849/3058 4640/1851/3059
f 4650/1803/3060 4651/1786/3061 4641/1797/3062
f 4642/1796/3063 4643/1822/3064 4644/1585/2591
f 4644/1585/2591 4645/1584/2590 4646/1840/3065
f 4649/1805/3066 4650/1803/3060 4641/1797/3062
f 4641/1797/3062 4642/1796/3063 4644/1585/2591
f 4644/1585/2591 4646/1840/3065 4647/1801/3067
f 4649/1805/3066 4641/1797/3062 4644/1585/2591
f 4644/1585/2591 4647/1801/3067 4648/1800/3068
f 4648/1800/3068 4649/1805/3066 4644/1585/2591
f 4652/1584/2590 4653/1583/2587 4654/1582/3069
f 4652/1584/2590 4654/1582/3069 4655/1840/3065
f 4666/1836/3070 4656/1840/3065 4657/1582/3069
f 4657/1582/3069 4658/1686/3071 4659/1825/2958
f 4661/1812/3072 4662/1789/3073 4663/1809/2958
f 4665/1824/3074 4666/1836/3070 4657/1582/3069
f 4657/1582/3069 4659/1825/2958 4660/1813/2953
f 4660/1813/2953 4661/1812/3072 4663/1809/2958
f 4664/1808/3075 4665/1824/3074 4657/1582/3069
f 4657/1582/3069 4660/1813/2953 4663/1809/2958
f 4663/1809/2958 4664/1808/3075 4657/1582/3069
f 4670/1852/3076 4671/1853/3077 4667/1854/3078
f 4667/1854/3078 4668/1855/3079 4669/1856/3080
f 4669/1856/3080 4670/1852/3076 4667/1854/3078
f 4672/1857/3081 4673/1850/3082 4674/1851/2610
f 4672/1857/3081 4674/1851/2610 4675/1858/3083
f 4676/1338/3054 4677/1350/3084 4678/1610/3085
f 4676/1338/3054 4678/1610/3085 4679/1598/3055
f 4683/1859/3086 4684/1860/3087 4680/1861/3088
f 4680/1861/3088 4681/1857/3081 4682/1858/3083
f 4682/1858/3083 4683/1859/3086 4680/1861/3088
f 4685/1847/3089 4686/1862/3090 4687/1863/3091
f 4685/1847/3089 4687/1863/3091 4688/1848/2606
f 4689/1862/3092 4690/1864/3093 4691/1865/2620
f 4689/1862/3092 4691/1865/2620 4692/1863/3094
f 4693/1864/3095 4694/1866/3096 4695/1867/3097
f 4693/1864/3095 4695/1867/3097 4696/1865/3098
f 4702/1607/3099 4697/1589/2598 4698/1568/2560
f 4698/1568/2560 4699/1605/3048 4700/1612/3100
f 4701/1608/2628 4702/1607/3099 4698/1568/2560
f 4698/1568/2560 4700/1612/3100 4701/1608/2628
f 4703/1868/3101 4704/1869/3102 4705/1870/3103
f 4703/1868/3101 4705/1870/3103 4706/1871/3104
f 4707/1872/3105 4708/1868/3106 4709/1871/2904
f 4707/1872/3105 4709/1871/2904 4710/1873/3107
f 4711/1866/3108 4712/1874/3109 4713/1875/3110
f 4711/1866/3108 4713/1875/3110 4714/1867/2624
f 4715/1874/3111 4716/1872/3112 4717/1873/3113
f 4715/1874/3111 4717/1873/3113 4718/1875/3114
f 4719/1876/3115 4720/1877/3116 4721/1878/2807
f 4719/1876/3115 4721/1878/2807 4722/1879/3117
f 4723/1880/3118 4724/1876/3115 4725/1879/3119
f 4723/1880/3118 4725/1879/3119 4726/1881/2640
f 4727/1882/3120 4728/1880/3121 4729/1881/3122
f 4727/1882/3120 4729/1881/3122 4730/1883/3123
f 4731/1884/3124 4732/1882/3125 4733/1883/3126
f 4731/1884/3124 4733/1883/3126 4734/1885/3127
f 4735/1869/3128 4736/1884/3129 4737/1885/3130
f 4735/1869/3128 4737/1885/3130 4738/1870/3131
f 4739/1886/3132 4740/1887/3133 4741/1888/2683
f 4739/1886/3132 4741/1888/2683 4742/1889/3134
f 4743/1887/3135 4744/1890/3136 4745/1891/3137
f 4743/1887/3135 4745/1891/3137 4746/1888/3138
f 4747/1890/3139 4748/1892/3140 4749/1893/3141
f 4747/1890/3139 4749/1893/3141 4750/1891/3142
f 4751/1892/3143 4752/1894/3144 4753/1895/3145
f 4751/1892/3143 4753/1895/3145 4754/1893/3146
f 4755/1894/3147 4756/1843/3148 4757/1842/3149
f 4755/1894/3147 4757/1842/3149 4758/1895/3150
f 4759/1844/3151 4760/1896/3152 4761/1897/2671
f 4759/1844/3151 4761/1897/2671 4762/1845/3153
f 4763/1896/3154 4764/1898/3155 4765/1899/3156
f 4763/1896/3154 4765/1899/3156 4766/1897/3157
f 4767/1898/3158 4768/1900/3159 4769/1901/3160
f 4767/1898/3158 4769/1901/3160 4770/1899/3161
f 4771/1900/3162 4772/1902/3163 4773/1903/3164
f 4771/1900/3162 4773/1903/3164 4774/1901/3165
f 4775/1902/3166 4776/1904/3167 4777/1905/3168
f 4775/1902/3166 4777/1905/3168 4778/1903/2925
f 4779/1906/3169 4780/1907/3170 4781/1908/3171
f 4779/1906/3169 4781/1908/3171 4782/1909/3172
f 4783/1907/3135 4784/1910/3173 4785/1911/2686
f 4783/1907/3135 4785/1911/2686 4786/1908/3174
f 4787/1910/3175 4788/1912/3140 4789/1913/3176
f 4787/1910/3175 4789/1913/3176 4790/1911/3177
f 4791/1912/3143 4792/1914/3144 4793/1915/3178
f 4791/1912/3143 4793/1915/3178 4794/1913/3179
f 4795/1914/3147 4796/1916/3180 4797/1917/3181
f 4795/1914/3147 4797/1917/3181 4798/1915/3182
f 4802/1650/3183 4803/1917/3184 4799/1916/3185
f 4799/1916/3185 4800/1918/3042 4801/1652/3186
f 4801/1652/3186 4802/1650/3183 4799/1916/3185
f 4809/1572/3187 4804/1571/3030 4805/1651/3035
f 4807/1663/3188 4808/1660/3189 4809/1572/3187
f 4809/1572/3187 4805/1651/3035 4806/1653/3190
f 4806/1653/3190 4807/1663/3188 4809/1572/3187
f 4810/1918/3151 4811/1919/3191 4812/1662/3192
f 4810/1918/3151 4812/1662/3192 4813/1652/3193
f 4825/1752/2859 4814/1746/3194 4815/1199/3195
f 4815/1199/3195 4816/1208/3196 4817/1572/3187
f 4817/1572/3187 4818/1660/3189 4819/1658/3197
f 4824/1754/3198 4825/1752/2859 4815/1199/3195
f 4817/1572/3187 4819/1658/3197 4820/1656/3199
f 4823/1756/3200 4824/1754/3198 4815/1199/3195
f 4815/1199/3195 4817/1572/3187 4820/1656/3199
f 4822/1758/3201 4823/1756/3200 4815/1199/3195
f 4815/1199/3195 4820/1656/3199 4821/1655/3202
f 4821/1655/3202 4822/1758/3201 4815/1199/3195
f 4826/1920/3203 4827/1921/3116 4828/1922/2867
f 4826/1920/3203 4828/1922/2867 4829/1923/3204
f 4830/1924/3205 4831/1920/3206 4832/1923/3207
f 4830/1924/3205 4832/1923/3207 4833/1925/3208
f 4834/1926/3209 4835/1924/3210 4836/1925/3211
f 4834/1926/3209 4836/1925/3211 4837/1927/3212
f 4841/1661/3213 4842/1662/3214 4838/1919/3215
f 4838/1919/3215 4839/1926/3216 4840/1927/2708
f 4840/1927/2708 4841/1661/3213 4838/1919/3215
f 4850/1665/3217 4843/1673/3218 4844/1386/3219
f 4844/1386/3219 4845/1351/3220 4846/1784/3221
f 4849/1666/3222 4850/1665/3217 4844/1386/3219
f 4844/1386/3219 4846/1784/3221 4847/1762/3223
f 4848/1761/3224 4849/1666/3222 4844/1386/3219
f 4844/1386/3219 4847/1762/3223 4848/1761/3224
f 4851/1928/3225 4852/1929/3226 4853/1930/3227
f 4851/1928/3225 4853/1930/3227 4854/1931/3228
f 4855/1929/3229 4856/1932/3144 4857/1933/3230
f 4855/1929/3229 4857/1933/3230 4858/1930/3231
f 4859/1932/3232 4860/1934/3148 4861/1935/3233
f 4859/1932/3232 4861/1935/3233 4862/1933/3234
f 4863/1934/3235 4864/1936/3042 4865/1937/3186
f 4863/1934/3235 4865/1937/3186 4866/1935/3149
f 4867/1938/3236 4868/1939/3237 4869/1940/3238
f 4867/1938/3236 4869/1940/3238 4870/1941/2751
f 4871/1942/3239 4872/1938/3240 4873/1941/3080
f 4871/1942/3239 4873/1941/3080 4874/1943/3077
f 4882/1386/3219 4875/1673/3218 4876/1679/3241
f 4879/1684/3242 4880/1610/3085 4881/1350/3084
f 4881/1350/3084 4882/1386/3219 4876/1679/3241
f 4878/1682/3243 4879/1684/3242 4881/1350/3084
f 4881/1350/3084 4876/1679/3241 4877/1678/3244
f 4877/1678/3244 4878/1682/3243 4881/1350/3084
f 4891/1694/2728 4883/1675/3218 4884/1707/2786
f 4887/1714/2771 4888/1700/3245 4889/1698/2792
f 4891/1694/2728 4884/1707/2786 4885/1709/3246
f 4886/1712/3247 4887/1714/2771 4889/1698/2792
f 4890/1696/3248 4891/1694/2728 4885/1709/3246
f 4886/1712/3247 4889/1698/2792 4890/1696/3248
f 4890/1696/3248 4885/1709/3246 4886/1712/3247
f 4892/1944/3249 4893/1942/3250 4894/1943/3251
f 4892/1944/3249 4894/1943/3251 4895/1945/3252
f 4896/1946/3253 4897/1947/3254 4898/1948/3255
f 4896/1946/3253 4898/1948/3255 4899/1949/3256
f 4900/1939/3257 4901/1946/3258 4902/1949/3259
f 4900/1939/3257 4902/1949/3259 4903/1940/2737
f 4904/1947/3260 4905/1861/3261 4906/1860/3262
f 4904/1947/3260 4906/1860/3262 4907/1948/3263
f 4915/1707/2830 4916/1675/3218 4908/1691/3264
f 4910/1765/3265 4911/1767/3266 4912/1769/3265
f 4914/1703/3267 4915/1707/2830 4908/1691/3264
f 4909/1690/3268 4910/1765/3265 4912/1769/3265
f 4913/1704/2894 4914/1703/3267 4908/1691/3264
f 4909/1690/3268 4912/1769/3265 4913/1704/2894
f 4913/1704/2894 4908/1691/3264 4909/1690/3268
f 4917/1936/3151 4918/1950/3269 4919/1951/2758
f 4917/1936/3151 4919/1951/2758 4920/1937/3193
f 4921/1950/3154 4922/1952/3216 4923/1953/2755
f 4921/1950/3154 4923/1953/2755 4924/1951/3270
f 4925/1952/3209 4926/1954/3210 4927/1955/2880
f 4925/1952/3209 4927/1955/2880 4928/1953/3271
f 4929/1956/3272 4930/1944/3273 4931/1945/3274
f 4929/1956/3272 4931/1945/3274 4932/1957/3275
f 4933/1958/3276 4934/1959/3277 4935/1960/2768
f 4933/1958/3276 4935/1960/2768 4936/1961/3278
f 4937/1877/3279 4938/1958/3280 4939/1961/3281
f 4937/1877/3279 4939/1961/3281 4940/1878/3282
f 4941/1962/3283 4942/1963/3284 4943/1964/3285
f 4941/1962/3283 4943/1964/3285 4944/1965/3286
f 4945/1963/3287 4946/1966/3288 4947/1967/3289
f 4945/1963/3287 4947/1967/3289 4948/1964/3290
f 4949/1968/3175 4950/1962/3283 4951/1965/2779
f 4949/1968/3175 4951/1965/2779 4952/1969/3291
f 4953/1966/3235 4954/1970/3042 4955/1971/3186
f 4953/1966/3235 4955/1971/3186 4956/1967/3184
f 4957/1972/3292 4958/1973/3237 4959/1974/3293
f 4957/1972/3292 4959/1974/3293 4960/1975/3294
f 4961/1976/3295 4962/1972/3240 4963/1975/2751
f 4961/1976/3295 4963/1975/2751 4964/1977/3296
f 4965/1978/3253 4966/1979/3297 4967/1980/3298
f 4965/1978/3253 4967/1980/3298 4968/1981/3299
f 4969/1973/3257 4970/1978/3258 4971/1981/3300
f 4969/1973/3257 4971/1981/3300 4972/1974/3301
f 4973/1979/3302 4974/1886/3303 4975/1889/3304
f 4973/1979/3302 4975/1889/3304 4976/1980/3305
f 4985/1723/2811 4977/1717/2811 4978/1736/2847
f 4981/1743/3306 4982/1729/3307 4983/1727/3308
f 4985/1723/2811 4978/1736/2847 4979/1739/2847
f 4980/1738/3309 4981/1743/3306 4983/1727/3308
f 4984/1725/3310 4985/1723/2811 4979/1739/2847
f 4980/1738/3309 4983/1727/3308 4984/1725/3310
f 4984/1725/3310 4979/1739/2847 4980/1738/3309
f 4986/1982/3311 4987/1976/3312 4988/1977/3313
f 4986/1982/3311 4988/1977/3313 4989/1983/3314
f 4998/1772/3315 4990/1774/3316 4991/1776/3317
f 4993/1732/3318 4994/1736/2801 4995/1717/2833
f 4997/1719/3319 4998/1772/3315 4991/1776/3317
f 4993/1732/3318 4995/1717/2833 4996/1720/3318
f 4997/1719/3319 4991/1776/3317 4992/1733/3319
f 4992/1733/3319 4993/1732/3318 4996/1720/3318
f 4996/1720/3318 4997/1719/3319 4992/1733/3319
f 4999/1970/3151 5000/1984/3320 5001/1985/3321
f 4999/1970/3151 5001/1985/3321 5002/1971/3193
f 5003/1984/3154 5004/1986/3155 5005/1987/3322
f 5003/1984/3154 5005/1987/3322 5006/1985/2758
f 5007/1986/3158 5008/1988/3159 5009/1989/3323
f 5007/1986/3158 5009/1989/3323 5010/1987/3324
f 5011/1990/3272 5012/1982/3325 5013/1983/2765
f 5011/1990/3272 5013/1983/2765 5014/1991/2769
f 5015/1992/3326 5016/1993/3327 5017/1994/3328
f 5015/1992/3326 5017/1994/3328 5018/1995/3329
f 5019/1904/3330 5020/1992/3280 5021/1995/3331
f 5019/1904/3330 5021/1995/3331 5022/1905/3332
f 5023/1996/3147 5024/1997/3148 5025/1998/3333
f 5023/1996/3147 5025/1998/3333 5026/1999/3334
f 5027/2000/3143 5028/1996/3335 5029/1999/3336
f 5027/2000/3143 5029/1999/3336 5030/2001/3337
f 5031/2002/3225 5032/2000/3338 5033/2001/2897
f 5031/2002/3225 5033/2001/2897 5034/2003/2886
f 5035/2004/3292 5036/2005/3237 5037/2006/3339
f 5035/2004/3292 5037/2006/3339 5038/2007/3340
f 5039/2005/3257 5040/2008/3341 5041/2009/2793
f 5039/2005/3257 5041/2009/2793 5042/2006/3342
f 5043/1997/3235 5044/2010/3343 5045/2011/3186
f 5043/1997/3235 5045/2011/3186 5046/1998/3040
f 5047/2012/3239 5048/2004/3240 5049/2007/3344
f 5047/2012/3239 5049/2007/3344 5050/2013/3077
f 5051/2008/3253 5052/2014/3345 5053/2015/2791
f 5051/2008/3253 5053/2015/2791 5054/2009/3346
f 5055/2014/3347 5056/1906/3261 5057/1909/3348
f 5055/2014/3347 5057/1909/3348 5058/2015/3349
f 5059/2010/3350 5060/2016/3269 5061/2017/2855
f 5059/2010/3350 5061/2017/2855 5062/2011/3193
f 5072/1817/3351 5073/1816/3352 5063/1581/3353
f 5063/1581/3353 5064/1186/2589 5065/1199/3354
f 5065/1199/3354 5066/1746/3194 5067/1749/2856
f 5071/1792/3355 5072/1817/3351 5063/1581/3353
f 5065/1199/3354 5067/1749/2856 5068/1751/3356
f 5071/1792/3355 5063/1581/3353 5065/1199/3354
f 5065/1199/3354 5068/1751/3356 5069/1779/3357
f 5070/1781/2903 5071/1792/3355 5065/1199/3354
f 5065/1199/3354 5069/1779/3357 5070/1781/2903
f 5074/2018/3311 5075/2012/3358 5076/2013/3359
f 5074/2018/3311 5076/2013/3359 5077/2019/2815
f 5078/2016/3154 5079/2020/3216 5080/2021/3360
f 5078/2016/3154 5080/2021/3360 5081/2017/2760
f 5082/2020/3209 5083/2022/3210 5084/2023/3361
f 5082/2020/3209 5084/2023/3361 5085/2021/3362
f 5086/2024/3363 5087/2018/3364 5088/2019/3365
f 5086/2024/3363 5088/2019/3365 5089/2025/3366
f 5090/2026/3276 5091/2027/3367 5092/2028/3368
f 5090/2026/3276 5092/2028/3368 5093/2029/3369
f 5094/1921/3370 5095/2026/3280 5096/2029/3371
f 5094/1921/3370 5096/2029/3371 5097/1922/3372
f 5098/2030/3081 5099/2031/3373 5100/2032/2926
f 5098/2030/3081 5100/2032/2926 5101/2033/2909
f 5102/2031/3374 5103/1928/3375 5104/1931/3376
f 5102/2031/3374 5104/1931/3376 5105/2032/3377
f 5106/1954/3205 5107/2034/3378 5108/2035/3379
f 5106/1954/3205 5108/2035/3379 5109/1955/3380
f 5110/2034/3381 5111/2036/3116 5112/2037/2867
f 5110/2034/3381 5112/2037/2867 5113/2035/3382
f 5114/2038/3383 5115/2039/3170 5116/2040/2683
f 5114/2038/3383 5116/2040/2683 5117/2041/2943
f 5118/2039/3135 5119/1968/3375 5120/1969/3384
f 5118/2039/3135 5120/1969/3384 5121/2040/3385
f 5122/2042/3386 5123/2043/3167 5124/2044/2807
f 5122/2042/3386 5124/2044/2807 5125/2045/2920
f 5126/1988/3387 5127/2042/3206 5128/2045/3388
f 5126/1988/3387 5128/2045/3388 5129/1989/3389
f 5130/2046/3135 5131/2002/3375 5132/2003/2898
f 5130/2046/3135 5132/2003/2898 5133/2047/3390
f 5134/2047/2896 5135/2048/3391 5136/2049/3392
f 5134/2047/2896 5136/2049/3392 5137/2046/3170
f 5138/2022/3205 5139/2050/3393 5140/2051/3394
f 5138/2022/3205 5140/2051/3394 5141/2023/3395
f 5142/2051/2925 5143/2050/3203 5144/2052/3116
f 5142/2051/2925 5144/2052/3116 5145/2053/2867
f 5146/1342/3396 5147/1671/3397 5148/1784/3398
f 5146/1342/3396 5148/1784/3398 5149/1351/3220
f 5150/2054/3399 5151/2030/3081 5152/2033/2909
f 5150/2054/3399 5152/2033/2909 5153/2055/2725
f 5158/1671/3397 5159/1342/3396 5154/1345/2603
f 5154/1345/2603 5155/1591/2602 5156/1794/3400
f 5157/1668/3401 5158/1671/3397 5154/1345/2603
f 5154/1345/2603 5156/1794/3400 5157/1668/3401
f 5160/2056/3402 5161/2054/3403 5162/2055/3404
f 5160/2056/3402 5162/2055/3404 5163/2057/3405
f 5164/2036/3330 5165/2058/3406 5166/2059/2936
f 5164/2036/3330 5166/2059/2936 5167/2037/3407
f 5168/2060/3347 5169/2038/3408 5170/2041/3409
f 5168/2060/3347 5170/2041/3409 5171/2061/3410
f 5172/2043/3279 5173/2062/3280 5174/2063/3411
f 5172/2043/3279 5174/2063/3411 5175/2044/3372
f 5176/2064/3412 5177/2049/3413 5178/2048/3414
f 5176/2064/3412 5178/2048/3414 5179/2065/3415
f 5180/2052/3330 5181/2066/3280 5182/2067/3416
f 5180/2052/3330 5182/2067/3416 5183/2053/3372
f 5184/2068/3417 5185/2056/3418 5186/2057/3419
f 5184/2068/3417 5186/2057/3419 5187/2069/3420
f 5193/1819/3421 5194/1794/3400 5188/1591/3422
f 5188/1591/3422 5189/1586/2592 5190/1585/2591
f 5190/1585/2591 5191/1829/3423 5192/1827/3424
f 5192/1827/3424 5193/1819/3421 5188/1591/3422
f 5188/1591/3422 5190/1585/2591 5192/1827/3424
f 5195/2070/3425 5196/2068/3426 5197/2069/3427
f 5195/2070/3425 5197/2069/3427 5198/2071/3428
f 5199/2072/3272 5200/2073/3429 5201/2074/3430
f 5199/2072/3272 5201/2074/3430 5202/2075/3431
f 5203/2058/3432 5204/2076/3327 5205/2077/2977
f 5203/2058/3432 5205/2077/2977 5206/2059/3433
f 5207/2078/3253 5208/2060/3345 5209/2061/3434
f 5207/2078/3253 5209/2061/3434 5210/2079/3435
f 5211/2080/3436 5212/2078/3437 5213/2079/3438
f 5211/2080/3436 5213/2079/3438 5214/2081/3439
f 5215/2082/3272 5216/2083/3325 5217/2084/3007
f 5215/2082/3272 5217/2084/3007 5218/2085/3440
f 5219/2062/3326 5220/2086/3327 5221/2087/3441
f 5219/2062/3326 5221/2087/3441 5222/2063/3442
f 5223/2088/3443 5224/2064/3444 5225/2065/3445
f 5223/2088/3443 5225/2065/3445 5226/2089/3446
f 5227/2090/3447 5228/2088/3258 5229/2089/3448
f 5227/2090/3447 5229/2089/3448 5230/2091/3449
f 5231/2092/3450 5232/2093/3273 5233/2094/3451
f 5231/2092/3450 5233/2094/3451 5234/2095/3452
f 5239/1687/3453 5240/1686/3071 5235/1582/3069
f 5236/1581/3353 5237/1816/3352 5238/1838/3454
f 5238/1838/3454 5239/1687/3453 5235/1582/3069
f 5235/1582/3069 5236/1581/3353 5238/1838/3454
f 5241/2066/3326 5242/2096/3455 5243/2097/3456
f 5241/2066/3326 5243/2097/3456 5244/2067/3457
f 5245/2098/3458 5246/2070/3459 5247/2071/3460
f 5245/2098/3458 5247/2071/3460 5248/2099/3461
f 5249/2073/3462 5250/2100/3463 5251/2101/3464
f 5249/2073/3462 5251/2101/3464 5252/2074/2974
f 5253/1855/3240 5254/2080/3465 5255/2081/3466
f 5253/1855/3240 5255/2081/3466 5256/1856/3344
f 5257/2083/3311 5258/1854/3467 5259/1853/3468
f 5257/2083/3311 5259/1853/3468 5260/2084/3469
f 5261/2102/3292 5262/2090/3465 5263/2091/3470
f 5261/2102/3292 5263/2091/3470 5264/2103/3340
f 5265/2093/3311 5266/2104/3250 5267/2105/3468
f 5265/2093/3311 5267/2105/3468 5268/2094/3471
f 5272/2106/3472 5273/2101/1756 5269/2100/3473
f 5269/2100/3473 5270/2098/3474 5271/2099/3475
f 5271/2099/3475 5272/2106/3472 5269/2100/3473
f 5277/1831/3476 5274/1829/3423 5275/1585/2591
f 5277/1831/3476 5275/1585/2591 5276/1822/3064
f 5278/2105/3296 5279/2104/3239 5280/2102/3240
f 5278/2105/3296 5280/2102/3240 5281/2103/3344
f 5282/2107/206 5283/2108/3477 5284/2109/3478
f 5282/2107/206 5284/2109/3478 5285/2110/3479
f 5286/2111/3480 5287/2112/3481 5288/2113/3482
f 5286/2111/3480 5288/2113/3482 5289/2114/3483
f 5290/2115/3484 5291/2116/3485 5292/2117/3486
f 5290/2115/3484 5292/2117/3486 5293/2118/3487
f 5294/2119/3488 5295/2120/3489 5296/2121/780
f 5294/2119/3488 5296/2121/780 5297/2122/787
f 5298/2123/3490 5299/2124/3491 5300/2125/3492
f 5298/2123/3490 5300/2125/3492 5301/2126/3493
f 5302/2127/3494 5303/2128/3495 5304/2129/714
f 5302/2127/3494 5304/2129/714 5305/2130/3496
f 5306/2124/3497 5307/2131/3498 5308/2132/3499
f 5306/2124/3497 5308/2132/3499 5309/2125/3500
f 5310/2128/3501 5311/2133/3502 5312/2134/3503
f 5310/2128/3501 5312/2134/3503 5313/2129/3504
f 5314/2135/98 5315/2136/110 5316/2137/3505
f 5314/2135/98 5316/2137/3505 5317/2138/3506
f 5318/2139/3507 5319/2140/3508 5320/2141/705
f 5318/2139/3507 5320/2141/705 5321/2142/3509
f 5322/2142/3509 5323/2143/3510 5324/2144/3511
f 5322/2142/3509 5324/2144/3511 5325/2139/3507
f 5326/2138/3506 5327/2145/3512 5328/2146/3513
f 5326/2138/3506 5328/2146/3513 5329/2135/98
f 5330/2147/3514 5331/2148/3515 5332/2149/3516
f 5330/2147/3514 5332/2149/3516 5333/2150/3517
f 5334/2151/3518 5335/2152/3519 5336/2153/678
f 5334/2151/3518 5336/2153/678 5337/2154/3520
f 5338/2154/702 5339/2141/3521 5340/2140/3508
f 5338/2154/702 5340/2140/3508 5341/2151/3518
f 5342/2150/3517 5343/2137/3505 5344/2136/3522
f 5342/2150/3517 5344/2136/3522 5345/2147/3523
f 5346/2155/3524 5347/2156/3525 5348/2157/3526
f 5346/2155/3524 5348/2157/3526 5349/2158/3527
f 5350/2159/3528 5351/2160/3529 5352/2161/3530
f 5350/2159/3528 5352/2161/3530 5353/2162/3531
f 5354/2162/3531 5355/2153/3532 5356/2152/3519
f 5354/2162/3531 5356/2152/3519 5357/2159/3528
f 5358/2158/3527 5359/2149/3516 5360/2148/102
f 5358/2158/3527 5360/2148/102 5361/2155/103
f 5362/2163/3533 5363/2164/3534 5364/2165/3535
f 5362/2163/3533 5364/2165/3535 5365/2166/3536
f 5366/2167/3537 5367/2168/3538 5368/2169/650
f 5366/2167/3537 5368/2169/650 5369/2170/3539
f 5370/2170/3540 5371/2161/3541 5372/2160/3529
f 5370/2170/3540 5372/2160/3529 5373/2167/3537
f 5374/2166/3536 5375/2157/3526 5376/2156/3542
f 5374/2166/3536 5376/2156/3542 5377/2163/122
f 5378/2171/3543 5379/2172/3544 5380/2173/3545
f 5378/2171/3543 5380/2173/3545 5381/2174/3546
f 5382/2175/3547 5383/2176/3548 5384/2177/3549
f 5382/2175/3547 5384/2177/3549 5385/2178/3550
f 5386/2178/3551 5387/2169/3552 5388/2168/3538
f 5386/2178/3551 5388/2168/3538 5389/2175/3547
f 5390/2174/3546 5391/2165/3535 5392/2164/3534
f 5390/2174/3546 5392/2164/3534 5393/2171/3553
f 5394/2179/3554 5395/2134/3503 5396/2133/3555
f 5394/2179/3554 5396/2133/3555 5397/2180/3556
f 5398/2181/3557 5399/2132/3499 5400/2131/170
f 5398/2181/3557 5400/2131/170 5401/2182/3558
f 5402/2182/3559 5403/2146/97 5404/2145/3512
f 5402/2182/3559 5404/2145/3512 5405/2181/3557
f 5406/2180/3556 5407/2144/3511 5408/2143/3560
f 5406/2180/3556 5408/2143/3560 5409/2179/800
f 5410/2183/3561 5411/2115/3562 5412/2118/3563
f 5410/2183/3561 5412/2118/3563 5413/2184/3564
f 5414/2185/3565 5415/2119/3566 5416/2122/787
f 5414/2185/3565 5416/2122/787 5417/2186/3567
f 5418/2186/3568 5419/2177/3569 5420/2176/3548
f 5418/2186/3568 5420/2176/3548 5421/2185/3565
f 5422/2184/3564 5423/2173/3545 5424/2172/3570
f 5422/2184/3564 5424/2172/3570 5425/2183/132
f 5426/2187/3571 5427/2188/688 5428/2189/3572
f 5426/2187/3571 5428/2189/3572 5429/2190/3573
f 5430/2191/3574 5431/2192/3575 5432/2193/3576
f 5430/2191/3574 5432/2193/3576 5433/2194/30
f 5434/2194/3577 5435/2195/3578 5436/2196/3579
f 5434/2194/3577 5436/2196/3579 5437/2191/3574
f 5438/2190/3580 5439/2197/3581 5440/2198/3582
f 5438/2190/3580 5440/2198/3582 5441/2187/3583
f 5442/2199/3584 5443/2200/3585 5444/2201/3586
f 5442/2199/3584 5444/2201/3586 5445/2202/3587
f 5446/2203/3588 5447/2204/3589 5448/2205/3590
f 5446/2203/3588 5448/2205/3590 5449/2206/3591
f 5450/2206/3592 5451/2193/3593 5452/2192/3575
f 5450/2206/3592 5452/2192/3575 5453/2203/3588
f 5454/2202/3587 5455/2189/3572 5456/2188/3594
f 5454/2202/3587 5456/2188/3594 5457/2199/3595
f 5458/2207/723 5459/2208/3596 5460/2209/3597
f 5458/2207/723 5460/2209/3597 5461/2210/3598
f 5462/2211/3599 5463/2212/3600 5464/2213/63
f 5462/2211/3599 5464/2213/63 5465/2214/3601
f 5466/2215/3601 5467/2205/3590 5468/2204/3589
f 5466/2215/3601 5468/2204/3589 5469/2216/3599
f 5470/2217/3598 5471/2201/3586 5472/2200/3602
f 5470/2217/3598 5472/2200/3602 5473/2218/723
f 5474/2219/3603 5475/2220/757 5476/2221/3604
f 5474/2219/3603 5476/2221/3604 5477/2222/3605
f 5478/2223/3606 5479/2224/3607 5480/2225/3608
f 5478/2223/3606 5480/2225/3608 5481/2226/3609
f 5482/2226/3610 5483/2213/63 5484/2212/3600
f 5482/2226/3610 5484/2212/3600 5485/2223/3606
f 5486/2222/3605 5487/2209/3597 5488/2208/3611
f 5486/2222/3605 5488/2208/3611 5489/2219/3612
f 5490/2227/774 5491/2228/3613 5492/2229/3614
f 5490/2227/774 5492/2229/3614 5493/2230/3615
f 5494/2231/3616 5495/2232/3617 5496/2233/3618
f 5494/2231/3616 5496/2233/3618 5497/2234/90
f 5498/2234/3619 5499/2225/3608 5500/2224/3607
f 5498/2234/3619 5500/2224/3607 5501/2231/3616
f 5502/2230/3615 5503/2221/3604 5504/2220/3620
f 5502/2230/3615 5504/2220/3620 5505/2227/774
f 5506/2235/3621 5507/2123/3622 5508/2126/3623
f 5506/2235/3621 5508/2126/3623 5509/2236/3624
f 5510/2237/3625 5511/2127/3626 5512/2130/807
f 5510/2237/3625 5512/2130/807 5513/2238/3627
f 5514/2238/3628 5515/2198/3629 5516/2197/3581
f 5514/2238/3628 5516/2197/3581 5517/2237/3625
f 5518/2236/3624 5519/2196/3579 5520/2195/3578
f 5518/2236/3624 5520/2195/3578 5521/2235/3630
f 5522/2239/3631 5523/2113/3632 5524/2112/3633
f 5522/2239/3631 5524/2112/3633 5525/2240/3634
f 5526/2241/3635 5527/2109/3636 5528/2108/3477
f 5526/2241/3635 5528/2108/3477 5529/2242/3637
f 5530/2242/3638 5531/2233/3639 5532/2232/3617
f 5530/2242/3638 5532/2232/3617 5533/2241/3635
f 5534/2240/3634 5535/2229/3614 5536/2228/3613
f 5534/2240/3634 5536/2228/3613 5537/2239/636
f 5538/2114/3640 5539/2243/3641 5540/2244/3642
f 5538/2114/3640 5540/2244/3642 5541/2111/3643
f 5542/2110/3644 5543/2245/3645 5544/2246/3646
f 5542/2110/3644 5544/2246/3646 5545/2107/3647
f 5546/2247/2483 5547/2121/3648 5548/2120/3649
f 5546/2247/2483 5548/2120/3649 5549/2248/3650
f 5550/2249/3651 5551/2117/3652 5552/2116/3653
f 5550/2249/3651 5552/2116/3653 5553/2250/3654
f 5554/2251/2510 5555/2252/3655 5556/2253/3656
f 5554/2251/2510 5556/2253/3656 5557/2254/3657
f 5558/2255/3658 5559/2256/3659 5560/2257/1943
f 5558/2255/3658 5560/2257/1943 5561/2258/3660
f 5562/2252/3661 5563/2259/2504 5564/2260/3662
f 5562/2252/3661 5564/2260/3662 5565/2253/3663
f 5566/2256/3664 5567/2261/3665 5568/2262/3666
f 5566/2256/3664 5568/2262/3666 5569/2257/3667
f 5570/2263/3668 5571/2264/2414 5572/2265/3669
f 5570/2263/3668 5572/2265/3669 5573/2266/3670
f 5574/2267/3671 5575/2268/3672 5576/2269/3673
f 5574/2267/3671 5576/2269/3673 5577/2270/3674
f 5578/2270/3674 5579/2271/3675 5580/2272/3676
f 5578/2270/3674 5580/2272/3676 5581/2267/3671
f 5582/2266/3670 5583/2273/3677 5584/2274/3678
f 5582/2266/3670 5584/2274/3678 5585/2263/3679
f 5586/2275/3680 5587/2276/3681 5588/2277/3682
f 5586/2275/3680 5588/2277/3682 5589/2278/3683
f 5590/2279/3684 5591/2280/3685 5592/2281/1890
f 5590/2279/3684 5592/2281/1890 5593/2282/3686
f 5594/2282/1867 5595/2269/1876 5596/2268/3672
f 5594/2282/1867 5596/2268/3672 5597/2279/3684
f 5598/2278/3683 5599/2265/3669 5600/2264/3687
f 5598/2278/3683 5600/2264/3687 5601/2275/3688
f 5602/2283/2386 5603/2284/3689 5604/2285/3690
f 5602/2283/2386 5604/2285/3690 5605/2286/3691
f 5606/2287/3692 5607/2288/3693 5608/2289/1904
f 5606/2287/3692 5608/2289/1904 5609/2290/1856
f 5610/2291/3694 5611/2281/1857 5612/2280/3685
f 5610/2291/3694 5612/2280/3685 5613/2292/3692
f 5614/2293/3691 5615/2277/3682 5616/2276/3695
f 5614/2293/3691 5616/2276/3695 5617/2294/2386
f 5618/2295/3696 5619/2296/3697 5620/2297/3698
f 5618/2295/3696 5620/2297/3698 5621/2298/3699
f 5622/2299/3700 5623/2300/3701 5624/2301/3702
f 5622/2299/3700 5624/2301/3702 5625/2302/3703
f 5626/2302/3704 5627/2289/1904 5628/2288/3693
f 5626/2302/3704 5628/2288/3693 5629/2299/3700
f 5630/2298/3699 5631/2285/3690 5632/2284/3689
f 5630/2298/3699 5632/2284/3689 5633/2295/3705
f 5634/2303/3706 5635/2304/3707 5636/2305/3708
f 5634/2303/3706 5636/2305/3708 5637/2306/3709
f 5638/2307/3710 5639/2308/3711 5640/2309/3712
f 5638/2307/3710 5640/2309/3712 5641/2310/3713
f 5642/2310/3713 5643/2301/3702 5644/2300/3701
f 5642/2310/3713 5644/2300/3701 5645/2307/3710
f 5646/2306/3709 5647/2297/3698 5648/2296/3697
f 5646/2306/3709 5648/2296/3697 5649/2303/3706
f 5650/2311/3714 5651/2262/3715 5652/2261/3716
f 5650/2311/3714 5652/2261/3716 5653/2312/3717
f 5654/2313/3718 5655/2260/3719 5656/2259/3720
f 5654/2313/3718 5656/2259/3720 5657/2314/3721
f 5658/2314/3722 5659/2274/3723 5660/2273/3677
f 5658/2314/3722 5660/2273/3677 5661/2313/3718
f 5662/2312/3717 5663/2272/3676 5664/2271/3724
f 5662/2312/3717 5664/2271/3724 5665/2311/3714
f 5666/2315/2489 5667/2247/3725 5668/2248/3726
f 5666/2315/2489 5668/2248/3726 5669/2316/3727
f 5670/2317/3728 5671/2249/3729 5672/2250/1962
f 5670/2317/3728 5672/2250/1962 5673/2318/3730
f 5674/2318/3731 5675/2309/1893 5676/2308/3711
f 5674/2318/3731 5676/2308/3711 5677/2317/3728
f 5678/2316/3727 5679/2305/3708 5680/2304/3732
f 5678/2316/3727 5680/2304/3732 5681/2315/3733
f 5682/2319/3734 5683/2320/3735 5684/2321/3736
f 5682/2319/3734 5684/2321/3736 5685/2322/3737
f 5686/2323/3738 5687/2324/3739 5688/2325/3740
f 5686/2323/3738 5688/2325/3740 5689/2326/3741
f 5690/2326/3741 5691/2327/3742 5692/2328/3743
f 5690/2326/3741 5692/2328/3743 5693/2323/3744
f 5694/2322/3737 5695/2329/3745 5696/2330/3746
f 5694/2322/3737 5696/2330/3746 5697/2319/3747
f 5698/2331/3748 5699/2332/1803 5700/2333/3749
f 5698/2331/3748 5700/2333/3749 5701/2334/3750
f 5702/2335/3751 5703/2336/3752 5704/2337/3753
f 5702/2335/3751 5704/2337/3753 5705/2338/3754
f 5706/2338/2398 5707/2325/3740 5708/2324/3739
f 5706/2338/2398 5708/2324/3739 5709/2335/3751
f 5710/2334/3750 5711/2321/3736 5712/2320/3735
f 5710/2334/3750 5712/2320/3735 5713/2331/3755
f 5714/2339/1817 5715/2340/1818 5716/2341/3756
f 5714/2339/1817 5716/2341/3756 5717/2342/3757
f 5718/2343/3758 5719/2344/3759 5720/2345/3760
f 5718/2343/3758 5720/2345/3760 5721/2346/2431
f 5722/2346/2431 5723/2337/3761 5724/2336/3752
f 5722/2346/2431 5724/2336/3752 5725/2343/3758
f 5726/2342/3757 5727/2333/3749 5728/2332/1803
f 5726/2342/3757 5728/2332/1803 5729/2339/1817
f 5730/2347/1830 5731/2348/3762 5732/2349/3763
f 5730/2347/1830 5732/2349/3763 5733/2350/3764
f 5734/2351/3765 5735/2352/3766 5736/2353/2478
f 5734/2351/3765 5736/2353/2478 5737/2354/3767
f 5738/2354/3768 5739/2345/3769 5740/2344/3759
f 5738/2354/3768 5740/2344/3759 5741/2351/3765
f 5742/2350/3764 5743/2341/3756 5744/2340/3770
f 5742/2350/3764 5744/2340/3770 5745/2347/1830
f 5746/2355/3771 5747/2356/3772 5748/2357/3773
f 5746/2355/3771 5748/2357/3773 5749/2358/3774
f 5750/2359/3775 5751/2360/3776 5752/2361/3777
f 5750/2359/3775 5752/2361/3777 5753/2362/3778
f 5754/2362/3779 5755/2353/3780 5756/2352/3766
f 5754/2362/3779 5756/2352/3766 5757/2359/3775
f 5758/2358/3774 5759/2349/3763 5760/2348/3781
f 5758/2358/3774 5760/2348/3781 5761/2355/1843
f 5762/2363/2509 5763/2251/2510 5764/2254/3782
f 5762/2363/2509 5764/2254/3782 5765/2364/3783
f 5766/2365/3784 5767/2255/3785 5768/2258/1940
f 5766/2365/3784 5768/2258/1940 5769/2366/3786
f 5770/2366/3787 5771/2330/1961 5772/2329/3745
f 5770/2366/3787 5772/2329/3745 5773/2365/3788
f 5774/2364/3783 5775/2328/3743 5776/2327/3789
f 5774/2364/3783 5776/2327/3789 5777/2363/3790
f 5778/2367/1849 5779/2246/3791 5780/2245/3792
f 5778/2367/1849 5780/2245/3792 5781/2368/3793
f 5782/2369/3794 5783/2244/3795 5784/2243/3641
f 5782/2369/3794 5784/2243/3641 5785/2370/3796
f 5786/2370/3797 5787/2361/3798 5788/2360/3776
f 5786/2370/3797 5788/2360/3776 5789/2369/3794
f 5790/2368/3793 5791/2357/3773 5792/2356/3799
f 5790/2368/3793 5792/2356/3799 5793/2367/3800
f 5794/2371/3801 5795/2372/3802 5796/2239/3803
f 5794/2371/3801 5796/2239/3803 5797/2228/635
f 5798/2233/3801 5799/2242/3804 5800/421/3803
f 5798/2233/3801 5800/421/3803 5801/420/3805
f 5802/2239/3803 5803/2372/3802 5804/2373/3806
f 5802/2239/3803 5804/2373/3806 5805/2113/3807
f 5806/421/3803 5807/2242/3804 5808/2108/3808
f 5806/421/3803 5808/2108/3808 5809/423/3809
f 5810/2374/3810 5811/2170/3811 5812/2169/3812
f 5810/2374/3810 5812/2169/3812 5813/2375/3534
f 5814/2163/3810 5815/435/3813 5816/434/3812
f 5814/2163/3810 5816/434/3812 5817/2164/3814
f 5818/2169/3812 5819/2178/3815 5820/2376/3816
f 5818/2169/3812 5820/2376/3816 5821/2375/3534
f 5822/434/3812 5823/551/3817 5824/2171/3818
f 5822/434/3812 5824/2171/3818 5825/2164/3814
f 5826/437/3819 5827/435/3813 5828/2163/3810
f 5826/437/3819 5828/2163/3810 5829/2156/121
f 5830/2161/3820 5831/2170/3811 5832/2374/3810
f 5830/2161/3820 5832/2374/3810 5833/2377/3821
f 5834/2378/3822 5835/2379/3823 5836/2187/3824
f 5834/2378/3822 5836/2187/3824 5837/2198/3825
f 5838/2195/3822 5839/2194/3826 5840/447/3827
f 5838/2195/3822 5840/447/3827 5841/446/3828
f 5842/2187/3824 5843/2379/3823 5844/2380/3593
f 5842/2187/3824 5844/2380/3593 5845/2188/3829
f 5846/447/3827 5847/2194/3826 5848/2193/3830
f 5846/447/3827 5848/2193/3830 5849/449/3829
f 5850/2376/3816 5851/2178/3815 5852/2177/3831
f 5850/2376/3816 5852/2177/3831 5853/2381/3832
f 5854/2171/3833 5855/551/3817 5856/537/3834
f 5854/2171/3833 5856/537/3834 5857/2172/3832
f 5858/2177/3831 5859/2186/3835 5860/2382/3836
f 5858/2177/3831 5860/2382/3836 5861/2381/3832
f 5862/537/3834 5863/535/3837 5864/2183/3836
f 5862/537/3834 5864/2183/3836 5865/2172/3832
f 5866/2383/3524 5867/2162/3838 5868/2161/3820
f 5866/2383/3524 5868/2161/3820 5869/2377/3821
f 5870/457/3532 5871/455/3839 5872/2155/3838
f 5870/457/3532 5872/2155/3838 5873/2148/3840
f 5874/2155/3838 5875/455/3839 5876/437/3819
f 5874/2155/3838 5876/437/3819 5877/2156/121
f 5878/2153/3841 5879/2162/3838 5880/2383/3524
f 5878/2153/3841 5880/2383/3524 5881/2384/3840
f 5882/2238/3842 5883/2385/3843 5884/2378/3822
f 5882/2238/3842 5884/2378/3822 5885/2198/3825
f 5886/547/3844 5887/2235/185 5888/2195/3822
f 5886/547/3844 5888/2195/3822 5889/446/3828
f 5890/2380/3593 5891/2386/3845 5892/2199/3846
f 5890/2380/3593 5892/2199/3846 5893/2188/3829
f 5894/2193/3830 5895/2206/46 5896/463/3847
f 5894/2193/3830 5896/463/3847 5897/449/3829
f 5898/2199/3846 5899/2386/3845 5900/2387/3848
f 5898/2199/3846 5900/2387/3848 5901/2200/3849
f 5902/463/3847 5903/2206/46 5904/2205/3848
f 5902/463/3847 5904/2205/3848 5905/465/3850
f 5906/2388/3851 5907/2154/3852 5908/2153/3841
f 5906/2388/3851 5908/2153/3841 5909/2384/3840
f 5910/473/3853 5911/471/3854 5912/2147/3855
f 5910/473/3853 5912/2147/3855 5913/2136/3856
f 5914/2147/3855 5915/471/3854 5916/457/3532
f 5914/2147/3855 5916/457/3532 5917/2148/3857
f 5918/2141/3853 5919/2154/3852 5920/2388/3851
f 5918/2141/3853 5920/2388/3851 5921/2389/3856
f 5922/2387/3848 5923/2390/3858 5924/2218/3859
f 5922/2387/3848 5924/2218/3859 5925/2200/3849
f 5926/2205/3848 5927/2215/3860 5928/487/3859
f 5926/2205/3848 5928/487/3859 5929/465/3850
f 5930/2207/3859 5931/2391/3858 5932/2392/3861
f 5930/2207/3859 5932/2392/3861 5933/2208/3862
f 5934/492/3859 5935/2214/3860 5936/2213/3861
f 5934/492/3859 5936/2213/3861 5937/489/3863
f 5938/2393/3864 5939/2394/3865 5940/2129/3866
f 5938/2393/3864 5940/2129/3866 5941/2134/3867
f 5942/2131/3867 5943/2124/2329 5944/480/2329
f 5942/2131/3867 5944/480/2329 5945/498/3503
f 5946/2179/3868 5947/2395/3869 5948/2393/3864
f 5946/2179/3868 5948/2393/3864 5949/2134/3867
f 5950/543/3868 5951/2182/3870 5952/2131/3867
f 5950/543/3868 5952/2131/3867 5953/498/3503
f 5954/2396/3871 5955/2142/3872 5956/2141/3853
f 5954/2396/3871 5956/2141/3853 5957/2389/3856
f 5958/503/3873 5959/501/3874 5960/2135/3871
f 5958/503/3873 5960/2135/3871 5961/2146/3875
f 5962/2135/3871 5963/501/3874 5964/473/3853
f 5962/2135/3871 5964/473/3853 5965/2136/3856
f 5966/2143/3876 5967/2142/3877 5968/2396/3871
f 5966/2143/3876 5968/2396/3871 5969/2397/3875
f 5970/2398/3878 5971/2130/3879 5972/2129/3865
f 5970/2398/3878 5972/2129/3865 5973/2394/3866
f 5974/2123/3880 5975/477/3879 5976/480/2329
f 5974/2123/3880 5976/480/2329 5977/2124/3866
f 5978/2385/3843 5979/2238/3842 5980/2130/3879
f 5978/2385/3843 5980/2130/3879 5981/2398/3879
f 5982/2235/185 5983/547/3844 5984/477/3879
f 5982/2235/185 5984/477/3879 5985/2123/3879
f 5986/2392/3861 5987/2399/3881 5988/2219/3882
f 5986/2392/3861 5988/2219/3882 5989/2208/3862
f 5990/2213/3861 5991/2226/3881 5992/509/3883
f 5990/2213/3861 5992/509/3883 5993/489/3863
f 5994/2219/3882 5995/2399/3881 5996/2400/3608
f 5994/2219/3882 5996/2400/3608 5997/2220/3884
f 5998/509/3883 5999/2226/3881 6000/2225/3885
f 5998/509/3883 6000/2225/3885 6001/511/3884
f 6002/2395/3869 6003/2179/3868 6004/2143/3876
f 6002/2395/3869 6004/2143/3876 6005/2397/3875
f 6006/2182/3870 6007/543/3868 6008/503/3873
f 6006/2182/3870 6008/503/3873 6009/2146/3875
f 6010/2108/3808 6011/2107/3886 6012/517/3887
f 6010/2108/3808 6012/517/3887 6013/423/3809
f 6014/2401/3888 6015/2243/3889 6016/2114/3890
f 6014/2401/3888 6016/2114/3890 6017/2402/3891
f 6018/2246/3892 6019/1445/3641 6020/517/3891
f 6018/2246/3892 6020/517/3891 6021/2107/3891
f 6022/2373/3806 6023/2402/3886 6024/2114/620
f 6022/2373/3806 6024/2114/620 6025/2113/3807
f 6026/2400/3608 6027/2403/3893 6028/2227/3894
f 6026/2400/3608 6028/2227/3894 6029/2220/3884
f 6030/2225/3885 6031/2234/3895 6032/521/3896
f 6030/2225/3885 6032/521/3896 6033/511/3884
f 6034/2227/3894 6035/2403/3893 6036/2371/3801
f 6034/2227/3894 6036/2371/3801 6037/2228/635
f 6038/521/3896 6039/2234/3895 6040/2233/3801
f 6038/521/3896 6040/2233/3801 6041/420/3805
f 6042/2382/3836 6043/2186/3835 6044/2122/3897
f 6042/2382/3836 6044/2122/3897 6045/2404/3898
f 6046/2183/3836 6047/535/3837 6048/525/3899
f 6046/2183/3836 6048/525/3899 6049/2115/3898
f 6050/2404/3897 6051/2122/3897 6052/2121/3900
f 6050/2404/3897 6052/2121/3900 6053/2405/3901
f 6054/2115/3902 6055/525/3897 6056/528/622
f 6054/2115/3902 6056/528/622 6057/2116/3903
f 6058/2250/3904 6059/2116/3903 6060/528/622
f 6058/2250/3904 6060/528/622 6061/1539/3904
f 6062/2406/3905 6063/2405/3900 6064/2121/3901
f 6062/2406/3905 6064/2121/3901 6065/2247/3904
f 6066/2407/3906 6067/2361/3907 6068/2370/3908
f 6066/2407/3906 6068/2370/3908 6069/2408/3800
f 6070/2370/3908 6071/2243/3889 6072/2401/3888
f 6070/2370/3908 6072/2401/3888 6073/2408/3800
f 6074/2356/3909 6075/1442/3910 6076/1441/3911
f 6074/2356/3909 6076/1441/3911 6077/2367/3912
f 6078/1441/3911 6079/1445/3641 6080/2246/3892
f 6078/1441/3911 6080/2246/3892 6081/2367/3912
f 6082/2409/3913 6083/2410/3702 6084/2296/3914
f 6082/2409/3913 6084/2296/3914 6085/2295/3915
f 6086/1454/3916 6087/2301/3917 6088/2310/3918
f 6086/1454/3916 6088/2310/3918 6089/1561/3919
f 6090/2302/3913 6091/2301/3917 6092/1454/3916
f 6090/2302/3913 6092/1454/3916 6093/1453/3920
f 6094/2296/3914 6095/2410/3702 6096/2411/3921
f 6094/2296/3914 6096/2411/3921 6097/2303/3922
f 6098/2284/3923 6099/2412/3924 6100/2409/3913
f 6098/2284/3923 6100/2409/3913 6101/2295/3915
f 6102/1457/3689 6103/2289/3924 6104/2302/3913
f 6102/1457/3689 6104/2302/3913 6105/1453/3920
f 6106/2413/3925 6107/2327/3926 6108/2326/3927
f 6106/2413/3925 6108/2326/3927 6109/2414/3928
f 6110/2326/3927 6111/2325/3929 6112/2415/3735
f 6110/2326/3927 6112/2415/3735 6113/2414/3928
f 6114/2330/3925 6115/1466/3930 6116/1465/3931
f 6114/2330/3925 6116/1465/3931 6117/2319/3932
f 6118/1465/3931 6119/1469/3929 6120/2320/3933
f 6118/1465/3931 6120/2320/3933 6121/2319/3932
f 6122/2411/3921 6123/2416/3934 6124/2304/3935
f 6122/2411/3921 6124/2304/3935 6125/2303/3922
f 6126/1547/3936 6127/2309/3934 6128/2318/3937
f 6126/1547/3936 6128/2318/3937 6129/1545/3938
f 6130/2310/3918 6131/2309/3934 6132/1547/3936
f 6130/2310/3918 6132/1547/3936 6133/1561/3919
f 6134/2304/3935 6135/2416/3934 6136/2417/3938
f 6134/2304/3935 6136/2417/3938 6137/2315/3939
f 6138/2418/3694 6139/2412/3924 6140/2284/3923
f 6138/2418/3694 6140/2284/3923 6141/2283/3940
f 6142/2290/3940 6143/2289/3924 6144/1457/3689
f 6142/2290/3940 6144/1457/3689 6145/1475/3940
f 6146/2276/3941 6147/2419/3942 6148/2420/3694
f 6146/2276/3941 6148/2420/3694 6149/2294/3940
f 6150/1478/3943 6151/2281/3942 6152/2291/3940
f 6150/1478/3943 6152/2291/3940 6153/1479/3940
f 6154/1557/3944 6155/1466/3930 6156/2330/3925
f 6154/1557/3944 6156/2330/3925 6157/2366/3945
f 6158/2363/3946 6159/2327/3926 6160/2413/3925
f 6158/2363/3946 6160/2413/3925 6161/2421/3944
f 6162/2415/3735 6163/2325/3929 6164/2338/3947
f 6162/2415/3735 6164/2338/3947 6165/2422/3948
f 6166/2338/3947 6167/2337/3949 6168/2423/3950
f 6166/2338/3947 6168/2423/3950 6169/2422/3948
f 6170/2320/3933 6171/1469/3929 6172/1485/3951
f 6170/2320/3933 6172/1485/3951 6173/2331/3952
f 6174/1485/3951 6175/1487/3753 6176/2332/3950
f 6174/1485/3951 6176/2332/3950 6177/2331/3952
f 6178/2424/3953 6179/2419/3942 6180/2276/3941
f 6178/2424/3953 6180/2276/3941 6181/2275/3954
f 6182/2282/3953 6183/2281/3942 6184/1478/3943
f 6182/2282/3953 6184/1478/3943 6185/1493/3955
f 6186/2264/3956 6187/2425/3957 6188/2424/3953
f 6186/2264/3956 6188/2424/3953 6189/2275/3958
f 6190/1495/3956 6191/2269/3957 6192/2282/3953
f 6190/1495/3956 6192/2282/3953 6193/1493/3955
f 6194/2423/3950 6195/2337/3949 6196/2346/3959
f 6194/2423/3950 6196/2346/3959 6197/2426/3960
f 6198/2346/3959 6199/2345/3961 6200/2427/3962
f 6198/2346/3959 6200/2427/3962 6201/2426/3960
f 6202/2332/3950 6203/1487/3753 6204/1509/3959
f 6202/2332/3950 6204/1509/3959 6205/2339/3960
f 6206/1509/3959 6207/1511/3760 6208/2340/3962
f 6206/1509/3959 6208/2340/3962 6209/2339/3960
f 6210/2428/3963 6211/2259/3964 6212/2252/3965
f 6210/2428/3963 6212/2252/3965 6213/2429/3966
f 6214/1553/3967 6215/1516/3720 6216/2262/3968
f 6214/1553/3967 6216/2262/3968 6217/2311/3969
f 6218/2262/3968 6219/1516/3720 6220/1498/617
f 6218/2262/3968 6220/1498/617 6221/2257/3966
f 6222/2314/3969 6223/2259/3964 6224/2428/3963
f 6222/2314/3969 6224/2428/3963 6225/2430/3714
f 6226/2431/3970 6227/2425/3957 6228/2264/3956
f 6226/2431/3970 6228/2264/3956 6229/2263/3971
f 6230/2270/3972 6231/2269/3957 6232/1495/3956
f 6230/2270/3972 6232/1495/3956 6233/1521/3973
f 6234/2274/3974 6235/2432/3975 6236/2431/3970
f 6234/2274/3974 6236/2431/3970 6237/2263/3971
f 6238/1523/3976 6239/2271/3975 6240/2270/3972
f 6238/1523/3976 6240/2270/3972 6241/1521/3973
f 6242/2433/3977 6243/2429/3978 6244/2252/617
f 6242/2433/3977 6244/2252/617 6245/2251/3979
f 6246/2258/3979 6247/2257/3978 6248/1498/617
f 6246/2258/3979 6248/1498/617 6249/1501/3979
f 6250/2421/3944 6251/2433/3979 6252/2251/3979
f 6250/2421/3944 6252/2251/3979 6253/2363/3946
f 6254/2366/3945 6255/2258/3979 6256/1501/3979
f 6254/2366/3945 6256/1501/3979 6257/1557/3944
f 6258/2427/3962 6259/2345/3961 6260/2354/3980
f 6258/2427/3962 6260/2354/3980 6261/2434/3981
f 6262/2354/3980 6263/2353/3982 6264/2435/3983
f 6262/2354/3980 6264/2435/3983 6265/2434/3981
f 6266/2340/3962 6267/1511/3760 6268/1529/3984
f 6266/2340/3962 6268/1529/3984 6269/2347/3981
f 6270/1529/3984 6271/1531/3982 6272/2348/3983
f 6270/1529/3984 6272/2348/3983 6273/2347/3981
f 6274/2430/3714 6275/2432/3975 6276/2274/3974
f 6274/2430/3714 6276/2274/3974 6277/2314/3969
f 6278/2311/3969 6279/2271/3975 6280/1523/3976
f 6278/2311/3969 6280/1523/3976 6281/1553/3967
f 6282/2435/3983 6283/2353/3982 6284/2362/3985
f 6282/2435/3983 6284/2362/3985 6285/2436/3986
f 6286/2362/3985 6287/2361/3907 6288/2407/3906
f 6286/2362/3985 6288/2407/3906 6289/2436/3986
f 6290/2348/3983 6291/1531/3982 6292/1537/3987
f 6290/2348/3983 6292/1537/3987 6293/2355/3988
f 6294/1537/3987 6295/1442/3910 6296/2356/3909
f 6294/1537/3987 6296/2356/3909 6297/2355/3988
f 6298/2417/3938 6299/2406/3904 6300/2247/3905
f 6298/2417/3938 6300/2247/3905 6301/2315/3939
f 6302/2318/3937 6303/2250/3904 6304/1539/3904
f 6302/2318/3937 6304/1539/3904 6305/1545/3938
f 6306/227/3989 6307/230/366 6308/246/3990
f 6306/227/3989 6308/246/3990 6309/245/3991
f 6310/115/3992 6311/125/199 6312/127/201
f 6310/115/3992 6312/127/201 6313/119/3993
f 6314/523/3994 6315/524/776 6316/428/644
f 6314/523/3994 6316/428/644 6317/427/643
f 6318/833/1286 6319/832/3995 6320/793/3996
f 6318/833/1286 6320/793/3996 6321/792/1041
f 6322/1802/2730 6323/1801/3067 6324/1840/3997
f 6322/1802/2730 6324/1840/3997 6325/1839/3014
f 6326/151/258 6327/9/4 6328/140/236
f 6326/151/258 6328/140/236 6329/31/27
f 6341/793/3998 6330/832/1351 6331/575/1350
f 6331/575/1350 6332/574/891 6333/577/894
f 6333/577/894 6334/814/1758 6335/790/3999
f 6336/789/4000 6337/778/4001 6338/797/4002
f 6340/794/4003 6341/793/3998 6331/575/1350
f 6331/575/1350 6333/577/894 6335/790/3999
f 6335/790/3999 6336/789/4000 6338/797/4002
f 6340/794/4003 6331/575/1350 6335/790/3999
f 6335/790/3999 6338/797/4002 6339/799/4004
f 6339/799/4004 6340/794/4003 6335/790/3999
f 6351/102/4005 6342/738/1630 6343/746/4006
f 6348/650/4007 6349/654/4008 6350/117/871
f 6351/102/4005 6343/746/4006 6344/748/4009
f 6347/651/4010 6348/650/4007 6350/117/871
f 6351/102/4005 6344/748/4009 6345/750/4011
f 6346/752/1119 6347/651/4010 6350/117/871
f 6350/117/871 6351/102/4005 6345/750/4011
f 6345/750/4011 6346/752/1119 6350/117/871
f 6359/588/1336 6360/304/1335 6352/339/878
f 6353/562/866 6354/564/868 6355/599/1382
f 6358/589/4012 6359/588/1336 6352/339/878
f 6353/562/866 6355/599/1382 6356/597/4013
f 6357/595/4014 6358/589/4012 6352/339/878
f 6352/339/878 6353/562/866 6356/597/4013
f 6356/597/4013 6357/595/4014 6352/339/878
f 6361/570/885 6362/386/904 6363/582/906
f 6361/570/885 6363/582/906 6364/579/896
f 6365/172/4015 6366/171/311 6367/193/4016
f 6365/172/4015 6367/193/4016 6368/197/4017
f 6369/168/275 6370/167/274 6371/177/4018
f 6369/168/275 6371/177/4018 6372/188/4019
f 6373/1250/2038 6374/1268/2120 6375/271/4020
f 6373/1250/2038 6375/271/4020 6376/270/4021
f 6377/182/4022 6378/195/335 6379/187/316
f 6380/196/314 6381/172/4015 6382/197/4023
f 6383/254/4024 6384/193/4025 6385/194/312
f 6383/254/4024 6385/194/312 6386/200/4026
f 6387/200/4026 6388/206/341 6389/208/4027
f 6387/200/4026 6389/208/4027 6390/254/4028
f 6391/207/342 6392/274/450 6393/276/4029
f 6391/207/342 6393/276/4029 6394/208/4030
f 6395/276/4031 6396/275/451 6397/1262/4032
f 6395/276/4031 6397/1262/4032 6398/1258/2056
f 6399/2437/4033 6400/1272/4034 6401/1307/2170
f 6399/2437/4033 6401/1307/2170 6402/2438/4035
f 6403/1301/4036 6404/1270/4037 6405/1269/4038
f 6403/1301/4036 6405/1269/4038 6406/1302/4039
f 6407/2439/4040 6408/1306/4041 6409/268/4042
f 6407/2439/4040 6409/268/4042 6410/2440/421
f 6411/2438/4043 6412/1307/2156 6413/1303/2159
f 6411/2438/4043 6413/1303/2159 6414/2441/2050
f 6415/2441/4044 6416/1303/2152 6417/1306/4045
f 6415/2441/4044 6417/1306/4045 6418/2439/4046
f 6419/2442/4047 6420/1299/4048 6421/1302/4049
f 6419/2442/4047 6421/1302/4049 6422/1310/4050
f 6423/1309/4051 6424/1269/4052 6425/1272/4053
f 6423/1309/4051 6425/1272/4053 6426/2437/2072
f 6427/2443/420 6428/2444/4054 6429/266/4055
f 6427/2443/420 6429/266/4055 6430/210/4056
f 6431/2445/420 6432/2446/4057 6433/209/4058
f 6431/2445/420 6433/209/4058 6434/259/4059
f 6435/2447/4060 6436/2440/4061 6437/268/4062
f 6435/2447/4060 6437/268/4062 6438/263/438
f 6439/2444/4063 6440/2448/4064 6441/262/4065
f 6439/2444/4063 6441/262/4065 6442/266/4066
f 6443/2448/420 6444/2447/4067 6445/263/4068
f 6443/2448/420 6445/263/4068 6446/262/4069
f 6447/2449/2144 6448/2445/4070 6449/259/4071
f 6447/2449/2144 6449/259/4071 6450/258/4072
f 6451/2446/414 6452/2443/300 6453/210/349
f 6451/2446/414 6453/210/349 6454/209/4073
f 6455/2450/4074 6456/2451/4075 6457/2452/4076
f 6455/2450/4074 6457/2452/4076 6458/2453/4077
f 6459/2454/4078 6460/2455/4079 6461/2456/4080
f 6459/2454/4078 6461/2456/4080 6462/2457/4081
f 6463/2457/4081 6464/2456/4080 6465/2458/4082
f 6463/2457/4081 6465/2458/4082 6466/2459/4083
f 6467/2460/4084 6468/2461/4085 6469/2462/4086
f 6467/2460/4084 6469/2462/4086 6470/2463/4087
f 6471/2463/4087 6472/2462/4088 6473/2464/4089
f 6471/2463/4087 6473/2464/4089 6474/2465/4090
f 6475/2466/4091 6476/2467/4092 6477/2451/4093
f 6475/2466/4091 6477/2451/4093 6478/2450/4074
f 6479/2468/4094 6480/2469/4095 6481/2470/4096
f 6479/2468/4094 6481/2470/4096 6482/2471/4097
f 6483/2471/4097 6484/2470/4096 6485/2472/4098
f 6483/2471/4097 6485/2472/4098 6486/2473/4099
f 6487/2474/4100 6488/2475/4101 6489/2476/4102
f 6487/2474/4100 6489/2476/4102 6490/2477/4103
f 6491/2478/4104 6492/2479/4105 6493/2480/4106
f 6491/2478/4104 6493/2480/4106 6494/2481/4107
f 6495/2482/4108 6496/2483/4109 6497/2479/4105
f 6495/2482/4108 6497/2479/4105 6498/2478/4110
f 6499/2484/4111 6500/2485/4112 6501/2486/4113
f 6499/2484/4111 6501/2486/4113 6502/2487/4114
f 6503/2488/4115 6504/2489/4116 6505/2490/4117
f 6503/2488/4115 6505/2490/4117 6506/2491/4118
f 6507/2492/4119 6508/2493/4120 6509/2489/4121
f 6507/2492/4119 6509/2489/4121 6510/2488/4122
f 6511/2477/4103 6512/2476/4123 6513/2494/4124
f 6511/2477/4103 6513/2494/4124 6514/2495/4125
f 6515/2496/4126 6516/2497/4127 6517/2485/4128
f 6515/2496/4126 6517/2485/4128 6518/2484/4129
f 6519/2453/4130 6520/2452/4076 6521/2498/4131
f 6519/2453/4130 6521/2498/4131 6522/2499/4132
f 6523/2500/4133 6524/2501/4134 6525/2502/4135
f 6523/2500/4133 6525/2502/4135 6526/2503/4136
f 6527/2499/4132 6528/2498/4131 6529/2455/4137
f 6527/2499/4132 6529/2455/4137 6530/2454/4078
f 6531/2459/4083 6532/2458/4082 6533/2504/4138
f 6531/2459/4083 6533/2504/4138 6534/2505/4139
f 6535/2505/4140 6536/2504/4138 6537/2506/4141
f 6535/2505/4140 6537/2506/4141 6538/2507/4142
f 6539/2465/4143 6540/2464/4089 6541/2508/4144
f 6539/2465/4143 6541/2508/4144 6542/2509/4145
f 6543/2509/4146 6544/2508/4147 6545/2510/4148
f 6543/2509/4146 6545/2510/4148 6546/2511/4149
f 6547/2512/4150 6548/2513/4151 6549/2514/4152
f 6547/2512/4150 6549/2514/4152 6550/2515/4153
f 6551/2516/4154 6552/2517/4155 6553/2513/4151
f 6551/2516/4154 6553/2513/4151 6554/2512/4150
f 6555/2503/4136 6556/2502/4156 6557/2469/4157
f 6555/2503/4136 6557/2469/4157 6558/2468/4094
f 6559/2518/4158 6560/2519/4159 6561/2520/4160
f 6559/2518/4158 6561/2520/4160 6562/2521/4161
f 6563/2522/4162 6564/2523/4163 6565/2483/4109
f 6563/2522/4162 6565/2483/4109 6566/2482/4164
f 6567/2524/4165 6568/2525/4166 6569/2523/4163
f 6567/2524/4165 6569/2523/4163 6570/2522/4162
f 6571/2526/4167 6572/2527/4168 6573/2528/4169
f 6571/2526/4167 6573/2528/4169 6574/2529/4170
f 6575/2530/4171 6576/2531/4172 6577/2527/4173
f 6575/2530/4171 6577/2527/4173 6578/2526/4174
f 6579/2491/4175 6580/2490/4176 6581/2532/4177
f 6579/2491/4175 6581/2532/4177 6582/2533/4178
f 6583/2495/4179 6584/2494/4124 6585/2534/4180
f 6583/2495/4179 6585/2534/4180 6586/2535/4181
f 6587/2521/4182 6588/2520/4183 6589/2475/4184
f 6587/2521/4182 6589/2475/4184 6590/2474/4185
f 6591/2535/4181 6592/2534/4186 6593/2497/4187
f 6591/2535/4181 6593/2497/4187 6594/2496/4126
f 6595/2533/4188 6596/2532/4177 6597/2536/4189
f 6595/2533/4188 6597/2536/4189 6598/2537/4190
f 6599/2538/4191 6600/2539/4192 6601/2540/4193
f 6599/2538/4191 6601/2540/4193 6602/2541/4194
f 6603/2541/4194 6604/2540/4193 6605/2542/4195
f 6603/2541/4194 6605/2542/4195 6606/2543/4196
f 6607/2507/4197 6608/2506/4198 6609/2544/4199
f 6607/2507/4197 6609/2544/4199 6610/2545/4200
f 6611/2545/4201 6612/2544/4202 6613/2546/4203
f 6611/2545/4201 6613/2546/4203 6614/2547/4204
f 6615/2511/4149 6616/2510/4205 6617/2539/4206
f 6615/2511/4149 6617/2539/4206 6618/2538/4191
f 6619/2548/4207 6620/2549/4208 6621/2519/4159
f 6619/2548/4207 6621/2519/4159 6622/2518/4209
f 6623/2550/4210 6624/2551/4211 6625/2549/4212
f 6623/2550/4210 6625/2549/4212 6626/2548/4207
f 6627/2552/4213 6628/2553/4214 6629/2525/4166
f 6627/2552/4213 6629/2525/4166 6630/2524/4165
f 6631/2554/4215 6632/2555/4216 6633/2556/4217
f 6631/2554/4215 6633/2556/4217 6634/2557/4218
f 6635/2529/4219 6636/2528/4220 6637/2555/4221
f 6635/2529/4219 6637/2555/4221 6638/2554/4222
f 6639/2558/4223 6640/2559/4224 6641/2553/4214
f 6639/2558/4223 6641/2553/4214 6642/2552/4225
f 6643/2560/4226 6644/2561/4227 6645/2559/4228
f 6643/2560/4226 6645/2559/4228 6646/2558/4229
f 6647/2562/4230 6648/2563/4231 6649/2501/4232
f 6647/2562/4230 6649/2501/4232 6650/2500/4133
f 6651/2547/4233 6652/2546/4234 6653/2564/4235
f 6651/2547/4233 6653/2564/4235 6654/2565/4236
f 6655/2565/4237 6656/2564/4235 6657/2461/4238
f 6655/2565/4237 6657/2461/4238 6658/2460/4239
f 6659/2515/4153 6660/2514/4152 6661/2566/4240
f 6659/2515/4153 6661/2566/4240 6662/2567/4241
f 6663/2567/4241 6664/2566/4242 6665/2467/4243
f 6663/2567/4241 6665/2467/4243 6666/2466/4091
f 6667/2473/4244 6668/2472/4245 6669/2568/4246
f 6667/2473/4244 6669/2568/4246 6670/2569/4247
f 6671/2569/4248 6672/2568/4249 6673/2570/4250
f 6671/2569/4248 6673/2570/4250 6674/2571/4251
f 6675/2572/4252 6676/2573/4253 6677/2551/4211
f 6675/2572/4252 6677/2551/4211 6678/2550/4254
f 6679/2481/4255 6680/2480/4256 6681/2573/4257
f 6679/2481/4255 6681/2573/4257 6682/2572/4252
f 6683/2574/4258 6684/2575/4259 6685/2531/4260
f 6683/2574/4258 6685/2531/4260 6686/2530/4261
f 6687/2487/4114 6688/2486/4262 6689/2575/4259
f 6687/2487/4114 6689/2575/4259 6690/2574/4263
f 6691/2576/4264 6692/2577/4265 6693/2493/4120
f 6691/2576/4264 6693/2493/4120 6694/2492/4266
f 6695/2557/4218 6696/2556/4217 6697/2577/4265
f 6695/2557/4218 6697/2577/4265 6698/2576/4267
f 6699/2537/4190 6700/2536/4189 6701/2578/4268
f 6699/2537/4190 6701/2578/4268 6702/2579/4269
f 6703/2571/4270 6704/2570/4271 6705/2580/4272
f 6703/2571/4270 6705/2580/4272 6706/2581/4273
f 6707/2581/4274 6708/2580/4272 6709/2517/4275
f 6707/2581/4274 6709/2517/4275 6710/2516/4276
f 6711/2582/4277 6712/2583/4278 6713/2584/4279
f 6711/2582/4277 6713/2584/4279 6714/2585/4280
f 6715/2586/4281 6716/2587/4282 6717/2588/4283
f 6715/2586/4281 6717/2588/4283 6718/2589/4284
f 6719/2590/4285 6720/2591/4286 6721/2589/4284
f 6719/2590/4285 6721/2589/4284 6722/2588/4283
f 6723/2582/4287 6724/2592/4288 6725/2593/4289
f 6723/2582/4287 6725/2593/4289 6726/2583/4290
f 6727/2594/4291 6728/2595/4292 6729/2593/4293
f 6727/2594/4291 6729/2593/4293 6730/2592/4288
f 6731/2586/4281 6732/2596/4294 6733/2597/4295
f 6731/2586/4281 6733/2597/4295 6734/2587/4282
f 6735/2598/4296 6736/2599/4297 6737/2597/4298
f 6735/2598/4296 6737/2597/4298 6738/2596/4294
f 6739/2594/4291 6740/2600/4299 6741/2601/4300
f 6739/2594/4291 6741/2601/4300 6742/2595/4292
f 6743/2602/4301 6744/2603/4302 6745/2599/4297
f 6743/2602/4301 6745/2599/4297 6746/2598/4296
f 6747/2604/4303 6748/2605/4304 6749/2601/4300
f 6747/2604/4303 6749/2601/4300 6750/2600/4305
f 6751/2604/4303 6752/2606/4306 6753/2607/4307
f 6751/2604/4303 6753/2607/4307 6754/2605/4304
f 6755/2608/4308 6756/2609/4309 6757/2610/4310
f 6755/2608/4308 6757/2610/4310 6758/2611/4311
f 6759/2612/4312 6760/2613/4313 6761/2611/4314
f 6759/2612/4312 6761/2611/4314 6762/2610/4310
f 6763/2614/4315 6764/2615/4316 6765/2616/4317
f 6763/2614/4315 6765/2616/4317 6766/2617/4318
f 6767/2618/4319 6768/2619/4320 6769/2617/4321
f 6767/2618/4319 6769/2617/4321 6770/2616/4317
f 6771/2620/4322 6772/2621/4323 6773/2622/4324
f 6771/2620/4322 6773/2622/4324 6774/2623/4325
f 6775/2612/4326 6776/2624/4327 6777/2625/4328
f 6775/2612/4326 6777/2625/4328 6778/2613/4313
f 6779/2614/4329 6780/2625/4328 6781/2624/4330
f 6779/2614/4329 6781/2624/4330 6782/2615/4316
f 6783/2618/4319 6784/2623/4331 6785/2622/4332
f 6783/2618/4319 6785/2622/4332 6786/2619/4320
f 6787/2626/4333 6788/2627/4334 6789/2628/4335
f 6787/2626/4333 6789/2628/4335 6790/2629/4336
f 6791/2630/4337 6792/2631/4338 6793/2632/4339
f 6791/2630/4337 6793/2632/4339 6794/2633/4340
f 6795/2608/4341 6796/2633/4342 6797/2632/4343
f 6795/2608/4341 6797/2632/4343 6798/2609/4309
f 6799/2620/4322 6800/2629/4336 6801/2628/4335
f 6799/2620/4322 6801/2628/4335 6802/2621/4323
f 6803/2626/4344 6804/2634/4345 6805/2635/4346
f 6803/2626/4344 6805/2635/4346 6806/2627/4347
f 6807/2636/4348 6808/2637/4349 6809/2635/4350
f 6807/2636/4348 6809/2635/4350 6810/2634/4351
f 6811/2638/4352 6812/2639/4353 6813/2640/4354
f 6811/2638/4352 6813/2640/4354 6814/2641/4355
f 6815/2630/4356 6816/2641/4355 6817/2640/4354
f 6815/2630/4356 6817/2640/4354 6818/2631/4338
f 6819/2636/4357 6820/2642/4358 6821/2643/4359
f 6819/2636/4357 6821/2643/4359 6822/2637/4360
f 6823/2644/4361 6824/2643/4362 6825/2642/4363
f 6823/2644/4361 6825/2642/4363 6826/2645/4364
f 6827/2590/4285 6828/2646/4365 6829/2647/4366
f 6827/2590/4285 6829/2647/4366 6830/2591/4367
f 6831/2638/4368 6832/2647/4369 6833/2646/4365
f 6831/2638/4368 6833/2646/4365 6834/2639/4353
f 6835/2648/4370 6836/2649/4371 6837/2650/4372
f 6835/2648/4370 6837/2650/4372 6838/2651/4373
f 6839/2459/4374 6840/2620/4375 6841/2623/4376
f 6839/2459/4374 6841/2623/4376 6842/2457/4377
f 6843/2621/4378 6844/2474/4379 6845/2477/4380
f 6843/2621/4378 6845/2477/4380 6846/2622/4381
f 6847/2618/4382 6848/2454/4383 6849/2457/4377
f 6847/2618/4382 6849/2457/4377 6850/2623/4376
f 6851/2495/4384 6852/2619/4385 6853/2622/4381
f 6851/2495/4384 6853/2622/4381 6854/2477/4380
f 6855/2507/4386 6856/2626/4387 6857/2629/4388
f 6855/2507/4386 6857/2629/4388 6858/2505/4389
f 6859/2627/4390 6860/2518/4391 6861/2521/4392
f 6859/2627/4390 6861/2521/4392 6862/2628/4393
f 6863/2505/4389 6864/2629/4388 6865/2620/4375
f 6863/2505/4389 6865/2620/4375 6866/2459/4374
f 6867/2628/4393 6868/2521/4392 6869/2474/4379
f 6867/2628/4393 6869/2474/4379 6870/2621/4378
f 6871/2635/4394 6872/2548/4395 6873/2518/4391
f 6871/2635/4394 6873/2518/4391 6874/2627/4390
f 6875/2545/4396 6876/2634/4397 6877/2626/4387
f 6875/2545/4396 6877/2626/4387 6878/2507/4386
f 6879/2637/4349 6880/2550/4398 6881/2548/4395
f 6879/2637/4349 6881/2548/4395 6882/2635/4394
f 6883/2547/4399 6884/2636/4348 6885/2634/4397
f 6883/2547/4399 6885/2634/4397 6886/2545/4396
f 6887/2565/4236 6888/2642/4400 6889/2636/4348
f 6887/2565/4236 6889/2636/4348 6890/2547/4399
f 6891/2644/4401 6892/2481/4402 6893/2572/4403
f 6891/2644/4401 6893/2572/4403 6894/2643/4404
f 6895/2643/4404 6896/2572/4405 6897/2550/4398
f 6895/2643/4404 6897/2550/4398 6898/2637/4349
f 6899/2460/4406 6900/2645/4407 6901/2642/4400
f 6899/2460/4406 6901/2642/4400 6902/2565/4236
f 6903/2463/4408 6904/2585/4409 6905/2645/4407
f 6903/2463/4408 6905/2645/4407 6906/2460/4406
f 6907/2583/4410 6908/2482/4411 6909/2478/4412
f 6907/2583/4410 6909/2478/4412 6910/2584/4279
f 6911/2584/4279 6912/2478/4413 6913/2481/4402
f 6911/2584/4279 6913/2481/4402 6914/2644/4401
f 6915/2465/4414 6916/2582/4415 6917/2585/4409
f 6915/2465/4414 6917/2585/4409 6918/2463/4408
f 6919/2593/4416 6920/2522/4417 6921/2482/4411
f 6919/2593/4416 6921/2482/4411 6922/2583/4410
f 6923/2509/4418 6924/2592/4419 6925/2582/4415
f 6923/2509/4418 6925/2582/4415 6926/2465/4414
f 6927/2595/4420 6928/2524/4421 6929/2522/4417
f 6927/2595/4420 6929/2522/4417 6930/2593/4416
f 6931/2511/4422 6932/2594/4423 6933/2592/4419
f 6931/2511/4422 6933/2592/4419 6934/2509/4418
f 6935/2538/4424 6936/2600/4425 6937/2594/4423
f 6935/2538/4424 6937/2594/4423 6938/2511/4422
f 6939/2601/4426 6940/2605/4427 6941/2558/4428
f 6939/2601/4426 6941/2558/4428 6942/2552/4429
f 6943/2601/4426 6944/2552/4429 6945/2524/4421
f 6943/2601/4426 6945/2524/4421 6946/2595/4420
f 6947/2538/4424 6948/2541/4430 6949/2604/4431
f 6947/2538/4424 6949/2604/4431 6950/2600/4425
f 6951/2574/4432 6952/2530/4433 6953/2608/4434
f 6951/2574/4432 6953/2608/4434 6954/2611/4435
f 6955/2610/4436 6956/2609/4437 6957/2515/4438
f 6955/2610/4436 6957/2515/4438 6958/2567/4439
f 6959/2613/4440 6960/2487/4441 6961/2574/4432
f 6959/2613/4440 6961/2574/4432 6962/2611/4435
f 6963/2466/4442 6964/2612/4443 6965/2610/4436
f 6963/2466/4442 6965/2610/4436 6966/2567/4439
f 6967/2450/4444 6968/2624/4445 6969/2612/4443
f 6967/2450/4444 6969/2612/4443 6970/2466/4442
f 6971/2625/4446 6972/2614/4447 6973/2496/4448
f 6971/2625/4446 6973/2496/4448 6974/2484/4449
f 6975/2625/4446 6976/2484/4449 6977/2487/4441
f 6975/2625/4446 6977/2487/4441 6978/2613/4440
f 6979/2450/4444 6980/2453/4077 6981/2615/4450
f 6979/2450/4444 6981/2615/4450 6982/2624/4445
f 6983/2632/4451 6984/2631/4452 6985/2516/4453
f 6983/2632/4451 6985/2516/4453 6986/2512/4454
f 6987/2608/4434 6988/2530/4433 6989/2526/4455
f 6987/2608/4434 6989/2526/4455 6990/2633/4456
f 6991/2526/4455 6992/2529/4457 6993/2630/4458
f 6991/2526/4455 6993/2630/4458 6994/2633/4456
f 6995/2515/4438 6996/2609/4437 6997/2632/4451
f 6995/2515/4438 6997/2632/4451 6998/2512/4454
f 6999/2640/4459 7000/2639/4460 7001/2571/4270
f 6999/2640/4459 7001/2571/4270 7002/2581/4461
f 7003/2630/4458 7004/2529/4457 7005/2554/4462
f 7003/2630/4458 7005/2554/4462 7006/2641/4463
f 7007/2554/4462 7008/2557/4464 7009/2638/4465
f 7007/2554/4462 7009/2638/4465 7010/2641/4463
f 7011/2516/4453 7012/2631/4452 7013/2640/4459
f 7011/2516/4453 7013/2640/4459 7014/2581/4461
f 7015/2576/4264 7016/2492/4466 7017/2591/4467
f 7015/2576/4264 7017/2591/4467 7018/2647/4366
f 7019/2646/4468 7020/2590/4469 7021/2473/4470
f 7019/2646/4468 7021/2473/4470 7022/2569/4248
f 7023/2638/4465 7024/2557/4464 7025/2576/4264
f 7023/2638/4465 7025/2576/4264 7026/2647/4366
f 7027/2571/4270 7028/2639/4460 7029/2646/4468
f 7027/2571/4270 7029/2646/4468 7030/2569/4248
f 7031/2588/4471 7032/2587/4472 7033/2468/4473
f 7031/2588/4471 7033/2468/4473 7034/2471/4474
f 7035/2591/4467 7036/2492/4466 7037/2488/4475
f 7035/2591/4467 7037/2488/4475 7038/2589/4476
f 7039/2488/4475 7040/2491/4477 7041/2586/4478
f 7039/2488/4475 7041/2586/4478 7042/2589/4476
f 7043/2473/4470 7044/2590/4479 7045/2588/4471
f 7043/2473/4470 7045/2588/4471 7046/2471/4474
f 7047/2468/4473 7048/2587/4472 7049/2597/4480
f 7047/2468/4473 7049/2597/4480 7050/2503/4481
f 7051/2586/4478 7052/2491/4477 7053/2533/4482
f 7051/2586/4478 7053/2533/4482 7054/2596/4483
f 7055/2599/4484 7056/2500/4485 7057/2503/4481
f 7055/2599/4484 7057/2503/4481 7058/2597/4480
f 7059/2537/4486 7060/2598/4487 7061/2596/4483
f 7059/2537/4486 7061/2596/4483 7062/2533/4482
f 7063/2604/4431 7064/2541/4430 7065/2543/4488
f 7063/2604/4431 7065/2543/4488 7066/2606/4489
f 7067/2558/4428 7068/2605/4427 7069/2607/4490
f 7067/2558/4428 7069/2607/4490 7070/2560/4491
f 7071/2496/4448 7072/2614/4447 7073/2617/4492
f 7071/2496/4448 7073/2617/4492 7074/2535/4493
f 7075/2615/4450 7076/2453/4077 7077/2499/4494
f 7075/2615/4450 7077/2499/4494 7078/2616/4495
f 7079/2617/4492 7080/2619/4385 7081/2495/4384
f 7079/2617/4492 7081/2495/4384 7082/2535/4493
f 7083/2499/4494 7084/2454/4383 7085/2618/4382
f 7083/2499/4494 7085/2618/4382 7086/2616/4495
f 7087/2562/4496 7088/2500/4485 7089/2599/4484
f 7087/2562/4496 7089/2599/4484 7090/2603/4497
f 7091/2602/4498 7092/2598/4487 7093/2537/4486
f 7091/2602/4498 7093/2537/4486 7094/2579/4499
f 7095/2652/4500 7096/2653/4501 7097/2654/4502
f 7095/2652/4500 7097/2654/4502 7098/2655/4503
f 7099/2656/4504 7100/2657/4505 7101/2658/4506
f 7099/2656/4504 7101/2658/4506 7102/2659/4507
f 7103/2660/4508 7104/2661/4509 7105/2657/4510
f 7103/2660/4508 7105/2657/4510 7106/2656/4504
f 7107/2662/4511 7108/2663/4512 7109/2664/4513
f 7107/2662/4511 7109/2664/4513 7110/2665/4514
f 7111/2666/4515 7112/2667/4516 7113/2663/4517
f 7111/2666/4515 7113/2663/4517 7114/2662/4511
f 7115/2655/4503 7116/2654/4502 7117/2668/4518
f 7115/2655/4503 7117/2668/4518 7118/2669/4519
f 7119/2670/4520 7120/2671/4521 7121/2672/4522
f 7119/2670/4520 7121/2672/4522 7122/2673/4523
f 7123/2674/4524 7124/2675/4525 7125/2671/4521
f 7123/2674/4524 7125/2671/4521 7126/2670/4520
f 7127/2676/4526 7128/2677/4527 7129/2678/4528
f 7127/2676/4526 7129/2678/4528 7130/2679/4529
f 7131/2680/4530 7132/2681/4531 7133/2682/4532
f 7131/2680/4530 7133/2682/4532 7134/2683/4533
f 7135/2683/4534 7136/2682/4535 7137/2684/4536
f 7135/2683/4534 7137/2684/4536 7138/2685/4537
f 7139/2686/4538 7140/2687/4539 7141/2688/4540
f 7139/2686/4538 7141/2688/4540 7142/2689/4541
f 7143/2690/4542 7144/2691/4543 7145/2692/4544
f 7143/2690/4542 7145/2692/4544 7146/2693/4545
f 7147/2693/4545 7148/2692/4546 7149/2694/4547
f 7147/2693/4545 7149/2694/4547 7150/2695/4548
f 7151/2696/4549 7152/2697/4550 7153/2677/4551
f 7151/2696/4549 7153/2677/4551 7154/2676/4552
f 7155/2689/4553 7156/2688/4540 7157/2698/4554
f 7155/2689/4553 7157/2698/4554 7158/2699/4555
f 7159/2700/4556 7160/2701/4557 7161/2653/4558
f 7159/2700/4556 7161/2653/4558 7162/2652/4500
f 7163/2702/4559 7164/2703/4560 7165/2704/4561
f 7163/2702/4559 7165/2704/4561 7166/2705/4562
f 7167/2659/4563 7168/2658/4506 7169/2701/4557
f 7167/2659/4563 7169/2701/4557 7170/2700/4556
f 7171/2706/4564 7172/2707/4565 7173/2661/4566
f 7171/2706/4564 7173/2661/4566 7174/2660/4508
f 7175/2708/4567 7176/2709/4568 7177/2707/4569
f 7175/2708/4567 7177/2707/4569 7178/2706/4564
f 7179/2710/4570 7180/2711/4571 7181/2667/4572
f 7179/2710/4570 7181/2667/4572 7182/2666/4573
f 7183/2712/4574 7184/2713/4575 7185/2711/4571
f 7183/2712/4574 7185/2711/4571 7186/2710/4570
f 7187/2714/4576 7188/2715/4577 7189/2716/4578
f 7187/2714/4576 7189/2716/4578 7190/2717/4579
f 7191/2717/4580 7192/2716/4581 7193/2718/4582
f 7191/2717/4580 7193/2718/4582 7194/2719/4583
f 7195/2673/4523 7196/2672/4584 7197/2703/4585
f 7195/2673/4523 7197/2703/4585 7198/2702/4586
f 7199/2720/4587 7200/2721/4588 7201/2722/4589
f 7199/2720/4587 7201/2722/4589 7202/2723/4590
f 7203/2685/4591 7204/2684/4536 7205/2724/4592
f 7203/2685/4591 7205/2724/4592 7206/2725/4593
f 7207/2725/4593 7208/2724/4592 7209/2726/4594
f 7207/2725/4593 7209/2726/4594 7210/2727/4595
f 7211/2728/4596 7212/2729/4597 7213/2730/4598
f 7211/2728/4596 7213/2730/4598 7214/2731/4599
f 7215/2731/4600 7216/2730/4601 7217/2732/4602
f 7215/2731/4600 7217/2732/4602 7218/2733/4603
f 7219/2734/4604 7220/2735/4605 7221/2691/4606
f 7219/2734/4604 7221/2691/4606 7222/2690/4607
f 7223/2736/4608 7224/2737/4609 7225/2697/4610
f 7223/2736/4608 7225/2697/4610 7226/2696/4549
f 7227/2679/4611 7228/2678/4528 7229/2721/4588
f 7227/2679/4611 7229/2721/4588 7230/2720/4587
f 7231/2699/4612 7232/2698/4554 7233/2737/4609
f 7231/2699/4612 7233/2737/4609 7234/2736/4608
f 7235/2738/4613 7236/2739/4614 7237/2735/4615
f 7235/2738/4613 7237/2735/4615 7238/2734/4616
f 7239/2740/4617 7240/2741/4618 7241/2742/4619
f 7239/2740/4617 7241/2742/4619 7242/2743/4620
f 7243/2744/4196 7244/2745/4621 7245/2741/4622
f 7243/2744/4196 7245/2741/4622 7246/2740/4617
f 7247/2746/4623 7248/2747/4624 7249/2709/4568
f 7247/2746/4623 7249/2709/4568 7250/2708/4567
f 7251/2748/4625 7252/2749/4626 7253/2747/4627
f 7251/2748/4625 7253/2747/4627 7254/2746/4628
f 7255/2743/4620 7256/2742/4629 7257/2713/4630
f 7255/2743/4620 7257/2713/4630 7258/2712/4574
f 7259/2723/4631 7260/2722/4632 7261/2750/4633
f 7259/2723/4631 7261/2750/4633 7262/2751/4634
f 7263/2751/4635 7264/2750/4636 7265/2752/4637
f 7263/2751/4635 7265/2752/4637 7266/2753/4638
f 7267/2727/4595 7268/2726/4594 7269/2754/4639
f 7267/2727/4595 7269/2754/4639 7270/2755/4640
f 7271/2756/4641 7272/2757/4642 7273/2758/4643
f 7271/2756/4641 7273/2758/4643 7274/2759/4644
f 7275/2759/4645 7276/2758/4646 7277/2729/4647
f 7275/2759/4645 7277/2729/4647 7278/2728/4648
f 7279/2755/4649 7280/2754/4639 7281/2760/4650
f 7279/2755/4649 7281/2760/4650 7282/2761/4651
f 7283/2761/4651 7284/2760/4652 7285/2762/4227
f 7283/2761/4651 7285/2762/4227 7286/2763/4226
f 7287/2705/4562 7288/2704/4561 7289/2563/4653
f 7287/2705/4562 7289/2563/4653 7290/2562/4496
f 7291/2764/4654 7292/2765/4655 7293/2749/4656
f 7291/2764/4654 7293/2749/4656 7294/2748/4657
f 7295/2665/4514 7296/2664/4513 7297/2765/4658
f 7295/2665/4514 7297/2765/4658 7298/2764/4659
f 7299/2766/4660 7300/2767/4661 7301/2715/4662
f 7299/2766/4660 7301/2715/4662 7302/2714/4663
f 7303/2669/4519 7304/2668/4518 7305/2767/4661
f 7303/2669/4519 7305/2767/4661 7306/2766/4660
f 7307/2768/4664 7308/2769/4665 7309/2675/4525
f 7307/2768/4664 7309/2675/4525 7310/2674/4666
f 7311/2770/4667 7312/2771/4668 7313/2769/4669
f 7311/2770/4667 7313/2769/4669 7314/2768/4670
f 7315/2753/4671 7316/2752/4672 7317/2772/4673
f 7315/2753/4671 7317/2772/4673 7318/2773/4674
f 7319/2773/4675 7320/2772/4673 7321/2681/4676
f 7319/2773/4675 7321/2681/4676 7322/2680/4677
f 7323/2733/4678 7324/2732/4602 7325/2774/4679
f 7323/2733/4678 7325/2774/4679 7326/2775/4680
f 7327/2775/4681 7328/2774/4682 7329/2687/4539
f 7327/2775/4681 7329/2687/4539 7330/2686/4683
f 7331/2695/4548 7332/2694/4684 7333/2776/4685
f 7331/2695/4548 7333/2776/4685 7334/2777/4686
f 7335/2777/4687 7336/2776/4685 7337/2757/4688
f 7335/2777/4687 7337/2757/4688 7338/2756/4689
f 7339/2579/4269 7340/2578/4268 7341/2739/4690
f 7339/2579/4269 7341/2739/4690 7342/2738/4691
f 7343/2778/4692 7344/2779/4693 7345/2771/4694
f 7343/2778/4692 7345/2771/4694 7346/2770/4695
f 7347/2719/4696 7348/2718/4697 7349/2779/4698
f 7347/2719/4696 7349/2779/4698 7350/2778/4699
f 7351/2648/4700 7352/2780/4701 7353/2781/4702
f 7351/2648/4700 7353/2781/4702 7354/2649/4703
f 7355/2782/4704 7356/2783/4705 7357/2784/4706
f 7355/2782/4704 7357/2784/4706 7358/2785/4707
f 7359/2782/4704 7360/2786/4708 7361/2787/4709
f 7359/2782/4704 7361/2787/4709 7362/2783/4705
f 7363/2788/4710 7364/2789/4711 7365/2781/4702
f 7363/2788/4710 7365/2781/4702 7366/2780/4712
f 7367/2788/4710 7368/2790/4713 7369/2791/4714
f 7367/2788/4710 7369/2791/4714 7370/2789/4711
f 7371/2792/4715 7372/2793/4716 7373/2785/4707
f 7371/2792/4715 7373/2785/4707 7374/2784/4706
f 7375/2792/4717 7376/2794/4718 7377/2795/4719
f 7375/2792/4717 7377/2795/4719 7378/2793/4716
f 7379/2796/4720 7380/2797/4721 7381/2791/4714
f 7379/2796/4720 7381/2791/4714 7382/2790/4713
f 7383/2795/4719 7384/2794/4718 7385/2603/4302
f 7383/2795/4719 7385/2603/4302 7386/2602/4301
f 7387/2796/4720 7388/2798/4722 7389/2799/4723
f 7387/2796/4720 7389/2799/4723 7390/2797/4721
f 7391/2800/4307 7392/2801/4306 7393/2799/4723
f 7391/2800/4307 7393/2799/4723 7394/2798/4722
f 7395/2802/4724 7396/2803/4725 7397/2804/4726
f 7395/2802/4724 7397/2804/4726 7398/2805/4727
f 7399/2802/4724 7400/2806/4728 7401/2807/4729
f 7399/2802/4724 7401/2807/4729 7402/2803/4725
f 7403/2808/4730 7404/2809/4731 7405/2810/4732
f 7403/2808/4730 7405/2810/4732 7406/2811/4733
f 7407/2808/4730 7408/2812/4734 7409/2813/4735
f 7407/2808/4730 7409/2813/4735 7410/2809/4731
f 7411/2814/4736 7412/2815/4737 7413/2816/4738
f 7411/2814/4736 7413/2816/4738 7414/2817/4739
f 7415/2818/4740 7416/2819/4741 7417/2807/4729
f 7415/2818/4740 7417/2807/4729 7418/2806/4728
f 7419/2818/4740 7420/2811/4733 7421/2810/4742
f 7419/2818/4740 7421/2810/4742 7422/2819/4743
f 7423/2814/4736 7424/2813/4744 7425/2812/4745
f 7423/2814/4736 7425/2812/4745 7426/2815/4737
f 7427/2820/4746 7428/2821/4747 7429/2822/4748
f 7427/2820/4746 7429/2822/4748 7430/2823/4749
f 7431/2824/4750 7432/2825/4751 7433/2826/4752
f 7431/2824/4750 7433/2826/4752 7434/2827/4753
f 7435/2824/4754 7436/2805/4755 7437/2804/4756
f 7435/2824/4754 7437/2804/4756 7438/2825/4751
f 7439/2820/4746 7440/2817/4739 7441/2816/4738
f 7439/2820/4746 7441/2816/4738 7442/2821/4747
f 7443/2828/4757 7444/2829/4758 7445/2823/4749
f 7443/2828/4757 7445/2823/4749 7446/2822/4748
f 7447/2828/4759 7448/2830/4760 7449/2831/4761
f 7447/2828/4759 7449/2831/4761 7450/2829/4758
f 7451/2832/4762 7452/2833/4763 7453/2834/4764
f 7451/2832/4762 7453/2834/4764 7454/2835/4765
f 7455/2832/4766 7456/2827/4767 7457/2826/4752
f 7455/2832/4766 7457/2826/4752 7458/2833/4763
f 7459/2836/4768 7460/2837/4769 7461/2831/4770
f 7459/2836/4768 7461/2831/4770 7462/2830/4771
f 7463/2836/4772 7464/2651/4373 7465/2650/4372
f 7463/2836/4772 7465/2650/4372 7466/2837/4769
f 7467/2838/4773 7468/2839/4774 7469/2787/4709
f 7467/2838/4773 7469/2787/4709 7470/2786/4708
f 7471/2838/4775 7472/2835/4776 7473/2834/4764
f 7471/2838/4775 7473/2834/4764 7474/2839/4777
f 7475/2660/4778 7476/2656/4779 7477/2814/4780
f 7475/2660/4778 7477/2814/4780 7478/2817/4781
f 7479/2816/4782 7480/2815/4783 7481/2676/4784
f 7479/2816/4782 7481/2676/4784 7482/2679/4785
f 7483/2813/4786 7484/2814/4780 7485/2656/4779
f 7483/2813/4786 7485/2656/4779 7486/2659/4507
f 7487/2696/4787 7488/2676/4784 7489/2815/4783
f 7487/2696/4787 7489/2815/4783 7490/2812/4788
f 7491/2708/4789 7492/2706/4790 7493/2820/4791
f 7491/2708/4789 7493/2820/4791 7494/2823/4792
f 7495/2822/4793 7496/2821/4794 7497/2720/4795
f 7495/2822/4793 7497/2720/4795 7498/2723/4796
f 7499/2706/4790 7500/2660/4778 7501/2817/4781
f 7499/2706/4790 7501/2817/4781 7502/2820/4791
f 7503/2821/4794 7504/2816/4782 7505/2679/4785
f 7503/2821/4794 7505/2679/4785 7506/2720/4795
f 7507/2828/4797 7508/2822/4793 7509/2723/4796
f 7507/2828/4797 7509/2723/4796 7510/2751/4798
f 7511/2746/4628 7512/2708/4789 7513/2823/4792
f 7511/2746/4628 7513/2823/4792 7514/2829/4799
f 7515/2830/4760 7516/2828/4797 7517/2751/4798
f 7515/2830/4760 7517/2751/4798 7518/2753/4800
f 7519/2748/4801 7520/2746/4802 7521/2829/4799
f 7519/2748/4801 7521/2829/4799 7522/2831/4803
f 7523/2764/4659 7524/2748/4801 7525/2831/4803
f 7523/2764/4659 7525/2831/4803 7526/2837/4804
f 7527/2651/4805 7528/2836/4772 7529/2773/4806
f 7527/2651/4805 7529/2773/4806 7530/2680/4807
f 7531/2836/4772 7532/2830/4760 7533/2753/4800
f 7531/2836/4772 7533/2753/4800 7534/2773/4808
f 7535/2665/4809 7536/2764/4659 7537/2837/4804
f 7535/2665/4809 7537/2837/4804 7538/2650/4810
f 7539/2662/4811 7540/2665/4809 7541/2650/4810
f 7539/2662/4811 7541/2650/4810 7542/2649/4812
f 7543/2780/4813 7544/2648/4700 7545/2683/4814
f 7543/2780/4813 7545/2683/4814 7546/2685/4815
f 7547/2648/4700 7548/2651/4805 7549/2680/4807
f 7547/2648/4700 7549/2680/4807 7550/2683/4816
f 7551/2666/4817 7552/2662/4811 7553/2649/4812
f 7551/2666/4817 7553/2649/4812 7554/2781/4818
f 7555/2788/4819 7556/2780/4813 7557/2685/4815
f 7555/2788/4819 7557/2685/4815 7558/2725/4820
f 7559/2710/4821 7560/2666/4817 7561/2781/4818
f 7559/2710/4821 7561/2781/4818 7562/2789/4822
f 7563/2790/4823 7564/2788/4819 7565/2725/4820
f 7563/2790/4823 7565/2725/4820 7566/2727/4824
f 7567/2712/4825 7568/2710/4821 7569/2789/4822
f 7567/2712/4825 7569/2789/4822 7570/2791/4826
f 7571/2743/4827 7572/2712/4825 7573/2791/4826
f 7571/2743/4827 7573/2791/4826 7574/2797/4828
f 7575/2796/4829 7576/2755/4830 7577/2761/4831
f 7575/2796/4829 7577/2761/4831 7578/2798/4832
f 7579/2796/4829 7580/2790/4823 7581/2727/4824
f 7579/2796/4829 7581/2727/4824 7582/2755/4830
f 7583/2743/4827 7584/2797/4828 7585/2799/4833
f 7583/2743/4827 7585/2799/4833 7586/2740/4834
f 7587/2775/4835 7588/2802/4836 7589/2805/4837
f 7587/2775/4835 7589/2805/4837 7590/2733/4838
f 7591/2803/4839 7592/2766/4840 7593/2714/4841
f 7591/2803/4839 7593/2714/4841 7594/2804/4842
f 7595/2806/4843 7596/2802/4836 7597/2775/4835
f 7595/2806/4843 7597/2775/4835 7598/2686/4844
f 7599/2669/4845 7600/2766/4846 7601/2803/4847
f 7599/2669/4845 7601/2803/4847 7602/2807/4848
f 7603/2655/4849 7604/2669/4845 7605/2807/4848
f 7603/2655/4849 7605/2807/4848 7606/2819/4850
f 7607/2818/4851 7608/2689/4852 7609/2699/4853
f 7607/2818/4851 7609/2699/4853 7610/2811/4854
f 7611/2818/4851 7612/2806/4843 7613/2686/4844
f 7611/2818/4851 7613/2686/4844 7614/2689/4852
f 7615/2655/4849 7616/2819/4850 7617/2810/4855
f 7615/2655/4849 7617/2810/4855 7618/2652/4856
f 7619/2825/4857 7620/2717/4580 7621/2719/4583
f 7619/2825/4857 7621/2719/4583 7622/2826/4858
f 7623/2805/4837 7624/2824/4859 7625/2731/4860
f 7623/2805/4837 7625/2731/4860 7626/2733/4838
f 7627/2731/4860 7628/2824/4859 7629/2827/4861
f 7627/2731/4860 7629/2827/4861 7630/2728/4862
f 7631/2714/4841 7632/2717/4580 7633/2825/4857
f 7631/2714/4841 7633/2825/4857 7634/2804/4842
f 7635/2833/4863 7636/2778/4692 7637/2770/4667
f 7635/2833/4863 7637/2770/4667 7638/2834/4864
f 7639/2827/4861 7640/2832/4865 7641/2759/4866
f 7639/2827/4861 7641/2759/4866 7642/2728/4862
f 7643/2759/4866 7644/2832/4865 7645/2835/4867
f 7643/2759/4866 7645/2835/4867 7646/2756/4689
f 7647/2719/4583 7648/2778/4692 7649/2833/4863
f 7647/2719/4583 7649/2833/4863 7650/2826/4858
f 7651/2777/4868 7652/2838/4773 7653/2786/4869
f 7651/2777/4868 7653/2786/4869 7654/2695/4870
f 7655/2839/4871 7656/2768/4670 7657/2674/4872
f 7655/2839/4871 7657/2674/4872 7658/2787/4873
f 7659/2835/4867 7660/2838/4773 7661/2777/4868
f 7659/2835/4867 7661/2777/4868 7662/2756/4689
f 7663/2770/4667 7664/2768/4670 7665/2839/4871
f 7663/2770/4667 7665/2839/4871 7666/2834/4864
f 7667/2783/4874 7668/2670/4875 7669/2673/4876
f 7667/2783/4874 7669/2673/4876 7670/2784/4877
f 7671/2786/4869 7672/2782/4878 7673/2693/4879
f 7671/2786/4869 7673/2693/4879 7674/2695/4870
f 7675/2693/4879 7676/2782/4878 7677/2785/4880
f 7675/2693/4879 7677/2785/4880 7678/2690/4881
f 7679/2674/4872 7680/2670/4875 7681/2783/4874
f 7679/2674/4872 7681/2783/4874 7682/2787/4873
f 7683/2673/4876 7684/2702/4559 7685/2792/4882
f 7683/2673/4876 7685/2792/4882 7686/2784/4877
f 7687/2785/4880 7688/2793/4883 7689/2734/4884
f 7687/2785/4880 7689/2734/4884 7690/2690/4881
f 7691/2794/4885 7692/2792/4882 7693/2702/4559
f 7691/2794/4885 7693/2702/4559 7694/2705/4886
f 7695/2738/4887 7696/2734/4884 7697/2793/4883
f 7695/2738/4887 7697/2793/4883 7698/2795/4888
f 7699/2799/4833 7700/2801/4489 7701/2744/4488
f 7699/2799/4833 7701/2744/4488 7702/2740/4834
f 7703/2761/4831 7704/2763/4491 7705/2800/4490
f 7703/2761/4831 7705/2800/4490 7706/2798/4832
f 7707/2699/4853 7708/2736/4889 7709/2808/4890
f 7707/2699/4853 7709/2808/4890 7710/2811/4854
f 7711/2810/4855 7712/2809/4891 7713/2700/4892
f 7711/2810/4855 7713/2700/4892 7714/2652/4856
f 7715/2808/4890 7716/2736/4889 7717/2696/4787
f 7715/2808/4890 7717/2696/4787 7718/2812/4788
f 7719/2700/4892 7720/2809/4891 7721/2813/4893
f 7719/2700/4892 7721/2813/4893 7722/2659/4507
f 7723/2562/4496 7724/2603/4497 7725/2794/4885
f 7723/2562/4496 7725/2794/4885 7726/2705/4886
f 7727/2602/4498 7728/2579/4499 7729/2738/4887
f 7727/2602/4498 7729/2738/4887 7730/2795/4888
f 7731/2644/4894 7732/2645/4895 7733/2585/4280
f 7731/2644/4894 7733/2585/4280 7734/2584/4896
f 7741/2840/299 7742/2841/421 7735/2842/2144
f 7735/2842/2144 7736/2843/4897 7737/2844/329
f 7737/2844/329 7738/2845/4898 7739/2846/300
f 7739/2846/300 7740/2847/4899 7741/2840/299
f 7741/2840/299 7735/2842/2144 7737/2844/329
f 7737/2844/329 7739/2846/300 7741/2840/299
f 7749/2848/4900 7750/2849/4901 7743/2842/2144
f 7743/2842/2144 7744/2841/4061 7745/2850/2050
f 7745/2850/2050 7746/2851/4033 7747/2852/2072
f 7747/2852/2072 7748/2853/2141 7749/2848/4900
f 7749/2848/4900 7743/2842/2144 7745/2850/2050
f 7745/2850/2050 7747/2852/2072 7749/2848/4900
f 7751/2854/4902 7752/2855/4902 7753/2856/4902
f 7751/2854/4902 7753/2856/4902 7754/2857/4902
f 7755/2858/4903 7756/2859/4903 7757/2860/4903
f 7755/2858/4903 7757/2860/4903 7758/2861/4903
f 7759/2862/4904 7760/2863/4905 7761/2864/4906
f 7759/2862/4904 7761/2864/4906 7762/2865/4907
f 7763/2866/4908 7764/2867/4908 7765/2868/4908
f 7763/2866/4908 7765/2868/4908 7766/2869/4908
f 7767/2870/4909 7768/2871/4909 7769/2872/4909
f 7767/2870/4909 7769/2872/4909 7770/2873/400
f 7771/2874/4910 7772/2875/4911 7773/2876/4912
f 7771/2874/4910 7773/2876/4912 7774/2877/4910
f 7775/2878/4913 7776/2879/4913 7777/2880/4913
f 7775/2878/4913 7777/2880/4913 7778/2881/4913
f 7779/2882/4914 7780/2883/4915 7781/2884/4916
f 7779/2882/4914 7781/2884/4916 7782/2885/4917
f 7783/2886/4918 7784/2887/4919 7785/2888/4920
f 7783/2886/4918 7785/2888/4920 7786/2889/4918
f 7787/2890/4921 7788/2891/4922 7789/2892/4922
f 7787/2890/4921 7789/2892/4922 7790/2893/4921
f 7791/2894/4923 7792/2895/4924 7793/2896/4925
f 7791/2894/4923 7793/2896/4925 7794/2897/4926
f 7795/2898/4927 7796/2899/4928 7797/2900/4929
f 7795/2898/4927 7797/2900/4929 7798/2901/4927
f 7799/2902/4928 7800/2903/4928 7801/2904/4928
f 7799/2902/4928 7801/2904/4928 7802/2905/4928
f 7803/2906/4930 7804/2907/4931 7805/2908/4931
f 7803/2906/4930 7805/2908/4931 7806/2909/4932
f 7807/2910/4933 7808/2911/2126 7809/2912/2126
f 7807/2910/4933 7809/2912/2126 7810/2913/4934
f 7811/2914/2126 7812/2915/4933 7813/2916/4933
f 7811/2914/2126 7813/2916/4933 7814/2917/4914
f 7815/2883/4935 7816/2918/4936 7817/2919/4937
f 7815/2883/4935 7817/2919/4937 7818/2884/4915
f 7819/2863/4938 7820/2920/4939 7821/2921/4940
f 7819/2863/4938 7821/2921/4940 7822/2864/4941
f 7823/2922/403 7824/2923/403 7825/2924/403
f 7823/2922/403 7825/2924/403 7826/2925/403
f 7827/2867/403 7828/2926/403 7829/2927/403
f 7827/2867/403 7829/2927/403 7830/2868/403
f 7831/2928/4942 7832/2929/4943 7833/2930/4944
f 7831/2928/4942 7833/2930/4944 7834/2931/4945
f 7835/2871/4909 7836/2932/4946 7837/2933/4946
f 7835/2871/4909 7837/2933/4946 7838/2872/4947
f 7839/2934/4948 7840/2935/4949 7841/2936/4949
f 7839/2934/4948 7841/2936/4949 7842/2937/4948
f 7843/2875/4912 7844/2938/4950 7845/2939/4951
f 7843/2875/4912 7845/2939/4951 7846/2876/4912
f 7847/2940/4952 7848/2941/4952 7849/2942/4952
f 7847/2940/4952 7849/2942/4952 7850/2943/4952
f 7851/2879/4953 7852/2944/4953 7853/2945/4953
f 7851/2879/4953 7853/2945/4953 7854/2880/4953
f 7855/2946/4954 7856/2910/4934 7857/2913/4955
f 7855/2946/4954 7857/2913/4955 7858/2947/4954
f 7859/2948/4956 7860/2902/2123 7861/2905/2123
f 7859/2948/4956 7861/2905/2123 7862/2949/4929
f 7863/2950/4957 7864/2894/4923 7865/2897/4958
f 7863/2950/4957 7865/2897/4958 7866/2951/4957
f 7867/2952/4959 7868/2886/4918 7869/2889/4918
f 7867/2952/4959 7869/2889/4918 7870/2953/4959
f 7871/2954/4960 7872/2955/4960 7873/2956/4960
f 7871/2954/4960 7873/2956/4960 7874/2957/4960
f 7875/2958/622 7876/2959/622 7877/2960/622
f 7875/2958/622 7877/2960/622 7878/2961/622
f 7879/2962/2329 7880/2963/2329 7881/2959/2329
f 7879/2962/2329 7881/2959/2329 7882/2958/2329
f 7883/2964/617 7884/2965/617 7885/2966/617
f 7883/2964/617 7885/2966/617 7886/2967/617
f 7887/2967/620 7888/2966/620 7889/2963/620
f 7887/2967/620 7889/2963/620 7890/2962/620
