# Blender 5.2.0 LTS
# www.blender.org
mtllib joystick_top_L.mtl
o joystick_top_L
v 0.073747 1.343970 -0.115715
v 0.071330 1.330280 -0.104203
v 0.067207 1.333270 -0.102388
v 0.069462 1.346210 -0.113244
v 0.071452 1.357360 -0.127638
v 0.073747 1.343970 -0.115715
v 0.069462 1.346210 -0.113244
v 0.067255 1.358960 -0.124545
v 0.076516 1.358850 -0.128021
v 0.078991 1.344460 -0.115132
v 0.073747 1.343970 -0.115715
v 0.071452 1.357360 -0.127638
v 0.073747 1.343970 -0.115715
v 0.078991 1.344460 -0.115132
v 0.076397 1.329760 -0.102715
v 0.071330 1.330280 -0.104203
v 0.076397 1.329760 -0.102715
v 0.068733 1.315750 -0.091145
v 0.064183 1.317240 -0.093446
v 0.071330 1.330280 -0.104203
v 0.071330 1.330280 -0.104203
v 0.064183 1.317240 -0.093446
v 0.060477 1.320980 -0.092265
v 0.067207 1.333270 -0.102388
v 0.078991 1.344460 -0.115132
v 0.082124 1.347400 -0.111837
v 0.079439 1.332010 -0.098793
v 0.076397 1.329760 -0.102715
v 0.079439 1.332010 -0.098793
v 0.071462 1.317390 -0.086711
v 0.068733 1.315750 -0.091145
v 0.076397 1.329760 -0.102715
v 0.082124 1.347400 -0.111837
v 0.081309 1.351070 -0.107760
v 0.078675 1.335710 -0.094736
v 0.079439 1.332010 -0.098793
v 0.078675 1.335710 -0.094736
v 0.070771 1.321200 -0.082739
v 0.071462 1.317390 -0.086711
v 0.079439 1.332010 -0.098793
v 0.081309 1.351070 -0.107760
v 0.077024 1.353320 -0.105289
v 0.074552 1.338700 -0.092920
v 0.078675 1.335710 -0.094736
v 0.074552 1.338700 -0.092920
v 0.067066 1.324940 -0.081558
v 0.070771 1.321200 -0.082739
v 0.078675 1.335710 -0.094736
v 0.077024 1.353320 -0.105289
v 0.071780 1.352820 -0.105872
v 0.069486 1.339220 -0.094409
v 0.074552 1.338700 -0.092920
v 0.069486 1.339220 -0.094409
v 0.062516 1.326430 -0.083858
v 0.067066 1.324940 -0.081558
v 0.074552 1.338700 -0.092920
v 0.071780 1.352820 -0.105872
v 0.068648 1.349880 -0.109167
v 0.066443 1.336970 -0.098331
v 0.069486 1.339220 -0.094409
v 0.066443 1.336970 -0.098331
v 0.059787 1.324790 -0.088293
v 0.062516 1.326430 -0.083858
v 0.069486 1.339220 -0.094409
v 0.068648 1.349880 -0.109167
v 0.069462 1.346210 -0.113244
v 0.067207 1.333270 -0.102388
v 0.066443 1.336970 -0.098331
v 0.067207 1.333270 -0.102388
v 0.060477 1.320980 -0.092265
v 0.059787 1.324790 -0.088293
v 0.066443 1.336970 -0.098331
v 0.059787 1.324790 -0.088293
v 0.060477 1.320980 -0.092265
v 0.049482 1.310050 -0.083281
v 0.048913 1.313970 -0.079404
v 0.062516 1.326430 -0.083858
v 0.059787 1.324790 -0.088293
v 0.048913 1.313970 -0.079404
v 0.051146 1.315100 -0.074549
v 0.064183 1.317240 -0.093446
v 0.052519 1.305630 -0.083909
v 0.049482 1.310050 -0.083281
v 0.060477 1.320980 -0.092265
v 0.049482 1.310050 -0.083281
v 0.035092 1.301390 -0.076168
v 0.034688 1.305410 -0.072370
v 0.048913 1.313970 -0.079404
v 0.052519 1.305630 -0.083909
v 0.037250 1.296460 -0.076366
v 0.035092 1.301390 -0.076168
v 0.049482 1.310050 -0.083281
v 0.056246 1.303320 -0.080920
v 0.039896 1.293500 -0.072847
v 0.037250 1.296460 -0.076366
v 0.052519 1.305630 -0.083909
v 0.064183 1.317240 -0.093446
v 0.068733 1.315750 -0.091145
v 0.056246 1.303320 -0.080920
v 0.052519 1.305630 -0.083909
v 0.058479 1.304450 -0.076065
v 0.041482 1.294250 -0.067674
v 0.039896 1.293500 -0.072847
v 0.056246 1.303320 -0.080920
v 0.068733 1.315750 -0.091145
v 0.071462 1.317390 -0.086711
v 0.058479 1.304450 -0.076065
v 0.056246 1.303320 -0.080920
v 0.057910 1.308370 -0.072188
v 0.041077 1.298260 -0.063876
v 0.041482 1.294250 -0.067674
v 0.058479 1.304450 -0.076065
v 0.071462 1.317390 -0.086711
v 0.070771 1.321200 -0.082739
v 0.057910 1.308370 -0.072188
v 0.058479 1.304450 -0.076065
v 0.054872 1.312780 -0.071560
v 0.038920 1.303200 -0.063678
v 0.041077 1.298260 -0.063876
v 0.057910 1.308370 -0.072188
v 0.070771 1.321200 -0.082739
v 0.067066 1.324940 -0.081558
v 0.054872 1.312780 -0.071560
v 0.057910 1.308370 -0.072188
v 0.051146 1.315100 -0.074549
v 0.036273 1.306160 -0.067196
v 0.038920 1.303200 -0.063678
v 0.054872 1.312780 -0.071560
v 0.067066 1.324940 -0.081558
v 0.062516 1.326430 -0.083858
v 0.051146 1.315100 -0.074549
v 0.054872 1.312780 -0.071560
v 0.048913 1.313970 -0.079404
v 0.034688 1.305410 -0.072370
v 0.036273 1.306160 -0.067196
v 0.051146 1.315100 -0.074549
v 0.036273 1.306160 -0.067196
v 0.034688 1.305410 -0.072370
v 0.018151 1.299980 -0.067901
v 0.018972 1.300480 -0.062527
v 0.038920 1.303200 -0.063678
v 0.036273 1.306160 -0.067196
v 0.018972 1.300480 -0.062527
v 0.020345 1.297110 -0.058673
v 0.034688 1.305410 -0.072370
v 0.035092 1.301390 -0.076168
v 0.018360 1.295900 -0.071648
v 0.018151 1.299980 -0.067901
v 0.018360 1.295900 -0.071648
v 0.000396 1.294010 -0.070096
v 0.000397 1.298110 -0.066367
v 0.018151 1.299980 -0.067901
v 0.018151 1.299980 -0.067901
v 0.000397 1.298110 -0.066367
v 0.000394 1.298530 -0.060923
v 0.018972 1.300480 -0.062527
v 0.019479 1.290630 -0.071573
v 0.000393 1.288630 -0.069926
v 0.000396 1.294010 -0.070096
v 0.018360 1.295900 -0.071648
v 0.037250 1.296460 -0.076366
v 0.019479 1.290630 -0.071573
v 0.018360 1.295900 -0.071648
v 0.035092 1.301390 -0.076168
v 0.020851 1.287260 -0.067719
v 0.000390 1.285120 -0.065957
v 0.000393 1.288630 -0.069926
v 0.019479 1.290630 -0.071573
v 0.037250 1.296460 -0.076366
v 0.039896 1.293500 -0.072847
v 0.020851 1.287260 -0.067719
v 0.019479 1.290630 -0.071573
v 0.021673 1.287770 -0.062345
v 0.000388 1.285540 -0.060513
v 0.000390 1.285120 -0.065957
v 0.020851 1.287260 -0.067719
v 0.039896 1.293500 -0.072847
v 0.041482 1.294250 -0.067674
v 0.021673 1.287770 -0.062345
v 0.020851 1.287260 -0.067719
v 0.021463 1.291840 -0.058598
v 0.000388 1.289640 -0.056783
v 0.000388 1.285540 -0.060513
v 0.021673 1.287770 -0.062345
v 0.041482 1.294250 -0.067674
v 0.041077 1.298260 -0.063876
v 0.021463 1.291840 -0.058598
v 0.021673 1.287770 -0.062345
v 0.020345 1.297110 -0.058673
v 0.000391 1.295020 -0.056953
v 0.000388 1.289640 -0.056783
v 0.021463 1.291840 -0.058598
v 0.041077 1.298260 -0.063876
v 0.038920 1.303200 -0.063678
v 0.020345 1.297110 -0.058673
v 0.021463 1.291840 -0.058598
v 0.018972 1.300480 -0.062527
v 0.000394 1.298530 -0.060923
v 0.000391 1.295020 -0.056953
v 0.020345 1.297110 -0.058673
v 0.000391 1.295020 -0.056953
v 0.000394 1.298530 -0.060923
v -0.018254 1.300540 -0.062573
v -0.019633 1.297170 -0.058721
v 0.000388 1.289640 -0.056783
v 0.000391 1.295020 -0.056953
v -0.019633 1.297170 -0.058721
v -0.020757 1.291900 -0.058647
v 0.000394 1.298530 -0.060923
v 0.000397 1.298110 -0.066367
v -0.017427 1.300030 -0.067947
v -0.018254 1.300540 -0.062573
v -0.017427 1.300030 -0.067947
v -0.034025 1.305460 -0.072413
v -0.035615 1.306210 -0.067242
v -0.018254 1.300540 -0.062573
v -0.018254 1.300540 -0.062573
v -0.035615 1.306210 -0.067242
v -0.038269 1.303260 -0.063727
v -0.019633 1.297170 -0.058721
v -0.017638 1.295950 -0.071694
v -0.034430 1.301450 -0.076212
v -0.034025 1.305460 -0.072413
v -0.017427 1.300030 -0.067947
v 0.000397 1.298110 -0.066367
v 0.000396 1.294010 -0.070096
v -0.017638 1.295950 -0.071694
v -0.017427 1.300030 -0.067947
v -0.018762 1.290690 -0.071620
v -0.036593 1.296520 -0.076413
v -0.034430 1.301450 -0.076212
v -0.017638 1.295950 -0.071694
v 0.000393 1.288630 -0.069926
v -0.018762 1.290690 -0.071620
v -0.017638 1.295950 -0.071694
v 0.000396 1.294010 -0.070096
v -0.020141 1.287320 -0.067768
v -0.039247 1.293560 -0.072899
v -0.036593 1.296520 -0.076413
v -0.018762 1.290690 -0.071620
v 0.000393 1.288630 -0.069926
v 0.000390 1.285120 -0.065957
v -0.020141 1.287320 -0.067768
v -0.018762 1.290690 -0.071620
v -0.020967 1.287830 -0.062395
v -0.040837 1.294310 -0.067727
v -0.039247 1.293560 -0.072899
v -0.020141 1.287320 -0.067768
v 0.000390 1.285120 -0.065957
v 0.000388 1.285540 -0.060513
v -0.020967 1.287830 -0.062395
v -0.020141 1.287320 -0.067768
v -0.020757 1.291900 -0.058647
v -0.040432 1.298330 -0.063928
v -0.040837 1.294310 -0.067727
v -0.020967 1.287830 -0.062395
v 0.000388 1.285540 -0.060513
v 0.000388 1.289640 -0.056783
v -0.020757 1.291900 -0.058647
v -0.020967 1.287830 -0.062395
v -0.019633 1.297170 -0.058721
v -0.038269 1.303260 -0.063727
v -0.040432 1.298330 -0.063928
v -0.020757 1.291900 -0.058647
v -0.040432 1.298330 -0.063928
v -0.038269 1.303260 -0.063727
v -0.054122 1.312780 -0.071558
v -0.057165 1.308380 -0.072192
v -0.040837 1.294310 -0.067727
v -0.040432 1.298330 -0.063928
v -0.057165 1.308380 -0.072192
v -0.057734 1.304460 -0.076071
v -0.038269 1.303260 -0.063727
v -0.035615 1.306210 -0.067242
v -0.050388 1.315090 -0.074540
v -0.054122 1.312780 -0.071558
v -0.050388 1.315090 -0.074540
v -0.061631 1.326480 -0.083900
v -0.066188 1.325010 -0.081612
v -0.054122 1.312780 -0.071558
v -0.054122 1.312780 -0.071558
v -0.066188 1.325010 -0.081612
v -0.069899 1.321280 -0.082804
v -0.057165 1.308380 -0.072192
v -0.048150 1.313950 -0.079391
v -0.058897 1.324830 -0.088327
v -0.061631 1.326480 -0.083900
v -0.050388 1.315090 -0.074540
v -0.035615 1.306210 -0.067242
v -0.034025 1.305460 -0.072413
v -0.048150 1.313950 -0.079391
v -0.050388 1.315090 -0.074540
v -0.048719 1.310030 -0.083270
v -0.059587 1.321030 -0.092300
v -0.058897 1.324830 -0.088327
v -0.048150 1.313950 -0.079391
v -0.034025 1.305460 -0.072413
v -0.034430 1.301450 -0.076212
v -0.048719 1.310030 -0.083270
v -0.048150 1.313950 -0.079391
v -0.051762 1.305630 -0.083904
v -0.063297 1.317300 -0.093492
v -0.059587 1.321030 -0.092300
v -0.048719 1.310030 -0.083270
v -0.036593 1.296520 -0.076413
v -0.051762 1.305630 -0.083904
v -0.048719 1.310030 -0.083270
v -0.034430 1.301450 -0.076212
v -0.055496 1.303320 -0.080922
v -0.067854 1.315820 -0.091205
v -0.063297 1.317300 -0.093492
v -0.051762 1.305630 -0.083904
v -0.036593 1.296520 -0.076413
v -0.039247 1.293560 -0.072899
v -0.055496 1.303320 -0.080922
v -0.051762 1.305630 -0.083904
v -0.057734 1.304460 -0.076071
v -0.070589 1.317470 -0.086778
v -0.067854 1.315820 -0.091205
v -0.055496 1.303320 -0.080922
v -0.039247 1.293560 -0.072899
v -0.040837 1.294310 -0.067727
v -0.057734 1.304460 -0.076071
v -0.055496 1.303320 -0.080922
v -0.057165 1.308380 -0.072192
v -0.069899 1.321280 -0.082804
v -0.070589 1.317470 -0.086778
v -0.057734 1.304460 -0.076071
v -0.070589 1.317470 -0.086778
v -0.069899 1.321280 -0.082804
v -0.077793 1.336120 -0.095074
v -0.078556 1.332410 -0.099133
v -0.067854 1.315820 -0.091205
v -0.070589 1.317470 -0.086778
v -0.078556 1.332410 -0.099133
v -0.075509 1.330150 -0.103042
v -0.069899 1.321280 -0.082804
v -0.066188 1.325010 -0.081612
v -0.073668 1.339090 -0.093242
v -0.077793 1.336120 -0.095074
v -0.073668 1.339090 -0.093242
v -0.076177 1.353950 -0.105809
v -0.080459 1.351730 -0.108301
v -0.077793 1.336120 -0.095074
v -0.077793 1.336120 -0.095074
v -0.080459 1.351730 -0.108301
v -0.081272 1.348060 -0.112380
v -0.078556 1.332410 -0.099133
v -0.068597 1.339590 -0.094710
v -0.070933 1.353430 -0.106366
v -0.076177 1.353950 -0.105809
v -0.073668 1.339090 -0.093242
v -0.066188 1.325010 -0.081612
v -0.061631 1.326480 -0.083900
v -0.068597 1.339590 -0.094710
v -0.073668 1.339090 -0.093242
v -0.065551 1.337330 -0.098618
v -0.067801 1.350470 -0.109643
v -0.070933 1.353430 -0.106366
v -0.068597 1.339590 -0.094710
v -0.061631 1.326480 -0.083900
v -0.058897 1.324830 -0.088327
v -0.065551 1.337330 -0.098618
v -0.068597 1.339590 -0.094710
v -0.066313 1.333630 -0.102677
v -0.068613 1.346800 -0.113722
v -0.067801 1.350470 -0.109643
v -0.065551 1.337330 -0.098618
v -0.058897 1.324830 -0.088327
v -0.059587 1.321030 -0.092300
v -0.066313 1.333630 -0.102677
v -0.065551 1.337330 -0.098618
v -0.070438 1.330660 -0.104509
v -0.072896 1.344580 -0.116214
v -0.068613 1.346800 -0.113722
v -0.066313 1.333630 -0.102677
v -0.063297 1.317300 -0.093492
v -0.070438 1.330660 -0.104509
v -0.066313 1.333630 -0.102677
v -0.059587 1.321030 -0.092300
v -0.075509 1.330150 -0.103042
v -0.078139 1.345100 -0.115657
v -0.072896 1.344580 -0.116214
v -0.070438 1.330660 -0.104509
v -0.063297 1.317300 -0.093492
v -0.067854 1.315820 -0.091205
v -0.075509 1.330150 -0.103042
v -0.070438 1.330660 -0.104509
v -0.078556 1.332410 -0.099133
v -0.081272 1.348060 -0.112380
v -0.078139 1.345100 -0.115657
v -0.075509 1.330150 -0.103042
v -0.078139 1.345100 -0.115657
v -0.081272 1.348060 -0.112380
v -0.078608 1.363040 -0.125883
v -0.075647 1.359330 -0.128417
v -0.072896 1.344580 -0.116214
v -0.078139 1.345100 -0.115657
v -0.075647 1.359330 -0.128417
v -0.070590 1.357820 -0.128009
v -0.081272 1.348060 -0.112380
v -0.080459 1.351730 -0.108301
v -0.077738 1.366790 -0.121890
v -0.078608 1.363040 -0.125883
v -0.077738 1.366790 -0.121890
v -0.069936 1.379670 -0.135691
v -0.070876 1.375800 -0.139553
v -0.078608 1.363040 -0.125883
v -0.078608 1.363040 -0.125883
v -0.070876 1.375800 -0.139553
v -0.068334 1.371390 -0.141318
v -0.075647 1.359330 -0.128417
v -0.073547 1.368370 -0.118777
v -0.066063 1.380720 -0.131994
v -0.069936 1.379670 -0.135691
v -0.077738 1.366790 -0.121890
v -0.080459 1.351730 -0.108301
v -0.076177 1.353950 -0.105809
v -0.073547 1.368370 -0.118777
v -0.077738 1.366790 -0.121890
v -0.068490 1.366860 -0.118368
v -0.061526 1.378340 -0.130627
v -0.066063 1.380720 -0.131994
v -0.073547 1.368370 -0.118777
v -0.076177 1.353950 -0.105809
v -0.070933 1.353430 -0.106366
v -0.068490 1.366860 -0.118368
v -0.073547 1.368370 -0.118777
v -0.065529 1.363140 -0.120902
v -0.058984 1.373930 -0.132392
v -0.061526 1.378340 -0.130627
v -0.068490 1.366860 -0.118368
v -0.070933 1.353430 -0.106366
v -0.067801 1.350470 -0.109643
v -0.065529 1.363140 -0.120902
v -0.068490 1.366860 -0.118368
v -0.066399 1.359400 -0.124896
v -0.059924 1.370060 -0.136254
v -0.058984 1.373930 -0.132392
v -0.065529 1.363140 -0.120902
v -0.067801 1.350470 -0.109643
v -0.068613 1.346800 -0.113722
v -0.066399 1.359400 -0.124896
v -0.065529 1.363140 -0.120902
v -0.070590 1.357820 -0.128009
v -0.063797 1.369010 -0.139952
v -0.059924 1.370060 -0.136254
v -0.066399 1.359400 -0.124896
v -0.072896 1.344580 -0.116214
v -0.070590 1.357820 -0.128009
v -0.066399 1.359400 -0.124896
v -0.068613 1.346800 -0.113722
v -0.075647 1.359330 -0.128417
v -0.068334 1.371390 -0.141318
v -0.063797 1.369010 -0.139952
v -0.070590 1.357820 -0.128009
v -0.063797 1.369010 -0.139952
v -0.068334 1.371390 -0.141318
v -0.056576 1.380140 -0.154203
v -0.052858 1.377100 -0.151956
v -0.063797 1.369010 -0.139952
v -0.052858 1.377100 -0.151956
v -0.049522 1.377730 -0.147707
v -0.059924 1.370060 -0.136254
v -0.068334 1.371390 -0.141318
v -0.070876 1.375800 -0.139553
v -0.058499 1.385080 -0.153130
v -0.056576 1.380140 -0.154203
v -0.058499 1.385080 -0.153130
v -0.041878 1.391180 -0.165125
v -0.040646 1.385890 -0.165673
v -0.056576 1.380140 -0.154203
v -0.056576 1.380140 -0.154203
v -0.040646 1.385890 -0.165673
v -0.037999 1.382390 -0.162704
v -0.052858 1.377100 -0.151956
v -0.057499 1.389030 -0.149366
v -0.040975 1.395150 -0.161381
v -0.041878 1.391180 -0.165125
v -0.058499 1.385080 -0.153130
v -0.070876 1.375800 -0.139553
v -0.069936 1.379670 -0.135691
v -0.057499 1.389030 -0.149366
v -0.058499 1.385080 -0.153130
v -0.054163 1.389670 -0.145117
v -0.038465 1.395480 -0.156635
v -0.040975 1.395150 -0.161381
v -0.057499 1.389030 -0.149366
v -0.069936 1.379670 -0.135691
v -0.066063 1.380720 -0.131994
v -0.054163 1.389670 -0.145117
v -0.057499 1.389030 -0.149366
v -0.050445 1.386620 -0.142870
v -0.035819 1.391970 -0.153666
v -0.038465 1.395480 -0.156635
v -0.054163 1.389670 -0.145117
v -0.066063 1.380720 -0.131994
v -0.061526 1.378340 -0.130627
v -0.050445 1.386620 -0.142870
v -0.054163 1.389670 -0.145117
v -0.048522 1.381680 -0.143943
v -0.034587 1.386690 -0.154214
v -0.035819 1.391970 -0.153666
v -0.050445 1.386620 -0.142870
v -0.061526 1.378340 -0.130627
v -0.058984 1.373930 -0.132392
v -0.048522 1.381680 -0.143943
v -0.050445 1.386620 -0.142870
v -0.049522 1.377730 -0.147707
v -0.035490 1.382710 -0.157958
v -0.034587 1.386690 -0.154214
v -0.048522 1.381680 -0.143943
v -0.058984 1.373930 -0.132392
v -0.059924 1.370060 -0.136254
v -0.049522 1.377730 -0.147707
v -0.048522 1.381680 -0.143943
v -0.052858 1.377100 -0.151956
v -0.037999 1.382390 -0.162704
v -0.035490 1.382710 -0.157958
v -0.049522 1.377730 -0.147707
v -0.037999 1.382390 -0.162704
v -0.019697 1.385440 -0.170524
v -0.018347 1.385560 -0.165386
v -0.035490 1.382710 -0.157958
v -0.034587 1.386690 -0.154214
v -0.035490 1.382710 -0.157958
v -0.018347 1.385560 -0.165386
v -0.017813 1.389510 -0.161573
v -0.018347 1.385560 -0.165386
v 0.000465 1.386480 -0.168254
v 0.000466 1.390410 -0.164388
v -0.017813 1.389510 -0.161573
v -0.019697 1.385440 -0.170524
v 0.000465 1.386440 -0.173554
v 0.000465 1.386480 -0.168254
v -0.018347 1.385560 -0.165386
v -0.017813 1.389510 -0.161573
v 0.000466 1.390410 -0.164388
v 0.000466 1.395910 -0.164220
v -0.018408 1.394960 -0.161318
v -0.035819 1.391970 -0.153666
v -0.034587 1.386690 -0.154214
v -0.017813 1.389510 -0.161573
v -0.018408 1.394960 -0.161318
v -0.018408 1.394960 -0.161318
v 0.000466 1.395910 -0.164220
v 0.000466 1.399770 -0.167850
v -0.019783 1.398740 -0.164771
v -0.038465 1.395480 -0.156635
v -0.035819 1.391970 -0.153666
v -0.018408 1.394960 -0.161318
v -0.019783 1.398740 -0.164771
v -0.019783 1.398740 -0.164771
v 0.000466 1.399770 -0.167850
v 0.000466 1.399720 -0.173150
v -0.021133 1.398610 -0.169909
v -0.040975 1.395150 -0.161381
v -0.038465 1.395480 -0.156635
v -0.019783 1.398740 -0.164771
v -0.021133 1.398610 -0.169909
v -0.021133 1.398610 -0.169909
v 0.000466 1.399720 -0.173150
v 0.000466 1.395790 -0.177016
v -0.021667 1.394670 -0.173722
v -0.041878 1.391180 -0.165125
v -0.040975 1.395150 -0.161381
v -0.021133 1.398610 -0.169909
v -0.021667 1.394670 -0.173722
v -0.021667 1.394670 -0.173722
v 0.000466 1.395790 -0.177016
v 0.000466 1.390290 -0.177184
v -0.021072 1.389210 -0.173977
v -0.040646 1.385890 -0.165673
v -0.041878 1.391180 -0.165125
v -0.021667 1.394670 -0.173722
v -0.021072 1.389210 -0.173977
v -0.021072 1.389210 -0.173977
v 0.000466 1.390290 -0.177184
v 0.000465 1.386440 -0.173554
v -0.019697 1.385440 -0.170524
v -0.037999 1.382390 -0.162704
v -0.040646 1.385890 -0.165673
v -0.021072 1.389210 -0.173977
v -0.019697 1.385440 -0.170524
v 0.000466 1.390290 -0.177184
v 0.000466 1.395790 -0.177016
v 0.022598 1.394670 -0.173722
v 0.022003 1.389210 -0.173977
v 0.000465 1.386440 -0.173554
v 0.000466 1.390290 -0.177184
v 0.022003 1.389210 -0.173977
v 0.020627 1.385440 -0.170524
v 0.000465 1.386440 -0.173554
v 0.020627 1.385440 -0.170524
v 0.019277 1.385560 -0.165386
v 0.000465 1.386480 -0.168254
v 0.022003 1.389210 -0.173977
v 0.041576 1.385890 -0.165671
v 0.038927 1.382390 -0.162706
v 0.020627 1.385440 -0.170524
v 0.020627 1.385440 -0.170524
v 0.038927 1.382390 -0.162706
v 0.036415 1.382720 -0.157962
v 0.019277 1.385560 -0.165386
v 0.019277 1.385560 -0.165386
v 0.036415 1.382720 -0.157962
v 0.035513 1.386690 -0.154218
v 0.018743 1.389510 -0.161573
v 0.000466 1.390410 -0.164388
v 0.000465 1.386480 -0.168254
v 0.019277 1.385560 -0.165386
v 0.018743 1.389510 -0.161573
v 0.018743 1.389510 -0.161573
v 0.035513 1.386690 -0.154218
v 0.036747 1.391970 -0.153668
v 0.019339 1.394960 -0.161318
v 0.000466 1.395910 -0.164220
v 0.000466 1.390410 -0.164388
v 0.018743 1.389510 -0.161573
v 0.019339 1.394960 -0.161318
v 0.019339 1.394960 -0.161318
v 0.036747 1.391970 -0.153668
v 0.039397 1.395480 -0.156634
v 0.020715 1.398740 -0.164771
v 0.000466 1.399770 -0.167850
v 0.000466 1.395910 -0.164220
v 0.019339 1.394960 -0.161318
v 0.020715 1.398740 -0.164771
v 0.020715 1.398740 -0.164771
v 0.039397 1.395480 -0.156634
v 0.041908 1.395150 -0.161378
v 0.022065 1.398610 -0.169909
v 0.000466 1.399720 -0.173150
v 0.000466 1.399770 -0.167850
v 0.020715 1.398740 -0.164771
v 0.022065 1.398610 -0.169909
v 0.022065 1.398610 -0.169909
v 0.041908 1.395150 -0.161378
v 0.042811 1.391170 -0.165121
v 0.022598 1.394670 -0.173722
v 0.000466 1.395790 -0.177016
v 0.000466 1.399720 -0.173150
v 0.022065 1.398610 -0.169909
v 0.022598 1.394670 -0.173722
v 0.022598 1.394670 -0.173722
v 0.042811 1.391170 -0.165121
v 0.041576 1.385890 -0.165671
v 0.022003 1.389210 -0.173977
v 0.042811 1.391170 -0.165121
v 0.041908 1.395150 -0.161378
v 0.058434 1.389000 -0.149337
v 0.059434 1.385050 -0.153100
v 0.041576 1.385890 -0.165671
v 0.042811 1.391170 -0.165121
v 0.059434 1.385050 -0.153100
v 0.057506 1.380110 -0.154180
v 0.038927 1.382390 -0.162706
v 0.041576 1.385890 -0.165671
v 0.057506 1.380110 -0.154180
v 0.053780 1.377080 -0.151944
v 0.059434 1.385050 -0.153100
v 0.071795 1.375620 -0.139396
v 0.069245 1.371210 -0.141174
v 0.057506 1.380110 -0.154180
v 0.057506 1.380110 -0.154180
v 0.069245 1.371210 -0.141174
v 0.064698 1.368850 -0.139827
v 0.053780 1.377080 -0.151944
v 0.053780 1.377080 -0.151944
v 0.064698 1.368850 -0.139827
v 0.060817 1.369920 -0.136144
v 0.050438 1.377720 -0.147703
v 0.038927 1.382390 -0.162706
v 0.053780 1.377080 -0.151944
v 0.050438 1.377720 -0.147703
v 0.036415 1.382720 -0.157962
v 0.050438 1.377720 -0.147703
v 0.060817 1.369920 -0.136144
v 0.059876 1.373790 -0.132283
v 0.049439 1.381670 -0.143940
v 0.035513 1.386690 -0.154218
v 0.036415 1.382720 -0.157962
v 0.050438 1.377720 -0.147703
v 0.049439 1.381670 -0.143940
v 0.049439 1.381670 -0.143940
v 0.059876 1.373790 -0.132283
v 0.062426 1.378190 -0.130505
v 0.051367 1.386610 -0.142860
v 0.036747 1.391970 -0.153668
v 0.035513 1.386690 -0.154218
v 0.049439 1.381670 -0.143940
v 0.051367 1.386610 -0.142860
v 0.051367 1.386610 -0.142860
v 0.062426 1.378190 -0.130505
v 0.066974 1.380550 -0.131852
v 0.055093 1.389640 -0.145096
v 0.039397 1.395480 -0.156634
v 0.036747 1.391970 -0.153668
v 0.051367 1.386610 -0.142860
v 0.055093 1.389640 -0.145096
v 0.055093 1.389640 -0.145096
v 0.066974 1.380550 -0.131852
v 0.070854 1.379480 -0.135534
v 0.058434 1.389000 -0.149337
v 0.041908 1.395150 -0.161378
v 0.039397 1.395480 -0.156634
v 0.055093 1.389640 -0.145096
v 0.058434 1.389000 -0.149337
v 0.058434 1.389000 -0.149337
v 0.070854 1.379480 -0.135534
v 0.071795 1.375620 -0.139396
v 0.059434 1.385050 -0.153100
v 0.070854 1.379480 -0.135534
v 0.066974 1.380550 -0.131852
v 0.074414 1.367890 -0.118384
v 0.078611 1.366290 -0.121478
v 0.071795 1.375620 -0.139396
v 0.070854 1.379480 -0.135534
v 0.078611 1.366290 -0.121478
v 0.079482 1.362550 -0.125470
v 0.069245 1.371210 -0.141174
v 0.071795 1.375620 -0.139396
v 0.079482 1.362550 -0.125470
v 0.076516 1.358850 -0.128021
v 0.078611 1.366290 -0.121478
v 0.081309 1.351070 -0.107760
v 0.082124 1.347400 -0.111837
v 0.079482 1.362550 -0.125470
v 0.079482 1.362550 -0.125470
v 0.082124 1.347400 -0.111837
v 0.078991 1.344460 -0.115132
v 0.076516 1.358850 -0.128021
v 0.064698 1.368850 -0.139827
v 0.069245 1.371210 -0.141174
v 0.076516 1.358850 -0.128021
v 0.071452 1.357360 -0.127638
v 0.074414 1.367890 -0.118384
v 0.077024 1.353320 -0.105289
v 0.081309 1.351070 -0.107760
v 0.078611 1.366290 -0.121478
v 0.069350 1.366410 -0.118001
v 0.071780 1.352820 -0.105872
v 0.077024 1.353320 -0.105289
v 0.074414 1.367890 -0.118384
v 0.066974 1.380550 -0.131852
v 0.062426 1.378190 -0.130505
v 0.069350 1.366410 -0.118001
v 0.074414 1.367890 -0.118384
v 0.066384 1.362710 -0.120553
v 0.068648 1.349880 -0.109167
v 0.071780 1.352820 -0.105872
v 0.069350 1.366410 -0.118001
v 0.062426 1.378190 -0.130505
v 0.059876 1.373790 -0.132283
v 0.066384 1.362710 -0.120553
v 0.069350 1.366410 -0.118001
v 0.067255 1.358960 -0.124545
v 0.069462 1.346210 -0.113244
v 0.068648 1.349880 -0.109167
v 0.066384 1.362710 -0.120553
v 0.059876 1.373790 -0.132283
v 0.060817 1.369920 -0.136144
v 0.067255 1.358960 -0.124545
v 0.066384 1.362710 -0.120553
v 0.064698 1.368850 -0.139827
v 0.071452 1.357360 -0.127638
v 0.067255 1.358960 -0.124545
v 0.060817 1.369920 -0.136144
v -0.079268 1.272210 -0.087911
v -0.106007 1.272060 -0.087789
v -0.113416 1.270660 -0.086635
v -0.119085 1.267200 -0.083789
v -0.121776 1.262020 -0.079531
v -0.120661 1.254270 -0.073165
v -0.109927 1.225440 -0.049460
v -0.056787 1.264550 -0.081615
v -0.061285 1.267510 -0.084050
v -0.067036 1.269920 -0.086029
v -0.073238 1.271530 -0.087352
v -0.056787 1.264550 -0.081615
v -0.039889 1.250580 -0.070128
v -0.039889 1.265730 -0.051702
v -0.056787 1.279700 -0.063189
v -0.064629 1.156240 0.007434
v -0.064043 1.161400 0.003195
v -0.064043 1.176550 0.021621
v -0.064629 1.171390 0.025860
v -0.061973 1.166640 0.029766
v -0.056047 1.162600 0.033091
v -0.056047 1.147450 0.014665
v -0.061973 1.151490 0.011340
v -0.106008 1.287210 -0.069361
v -0.113417 1.285810 -0.068205
v -0.113416 1.270660 -0.086635
v -0.106007 1.272060 -0.087789
v -0.037598 1.239710 -0.030313
v -0.033388 1.245380 -0.034973
v -0.033388 1.230230 -0.053399
v -0.037597 1.224570 -0.048738
v -0.019100 1.216220 -0.010992
v -0.060364 1.181470 0.017580
v -0.060364 1.166320 -0.000846
v -0.019100 1.201070 -0.029417
v -0.079268 1.272210 -0.087911
v -0.073238 1.271530 -0.087352
v -0.073238 1.286680 -0.068926
v -0.079268 1.287360 -0.069485
v -0.067036 1.269920 -0.086029
v -0.061285 1.267510 -0.084050
v -0.061285 1.282660 -0.065624
v -0.067037 1.285070 -0.067603
v -0.113417 1.285810 -0.068205
v -0.119085 1.282350 -0.065360
v -0.119085 1.267200 -0.083789
v -0.113416 1.270660 -0.086635
v -0.060364 1.181470 0.017580
v -0.064043 1.176550 0.021621
v -0.064043 1.161400 0.003195
v -0.060364 1.166320 -0.000846
v -0.083301 1.203220 -0.000303
v -0.077220 1.206520 -0.003019
v -0.077220 1.191370 -0.021446
v -0.083301 1.188070 -0.018730
v -0.064629 1.171390 0.025860
v -0.061973 1.166640 0.029766
v -0.061973 1.151490 0.011340
v -0.064629 1.156240 0.007434
v -0.077220 1.206520 -0.003019
v -0.037598 1.239710 -0.030313
v -0.037597 1.224570 -0.048738
v -0.077220 1.191370 -0.021446
v -0.056047 1.162600 0.033091
v -0.046387 1.158450 0.036505
v -0.046387 1.143300 0.018079
v -0.056047 1.147450 0.014665
v -0.046387 1.158450 0.036505
v -0.035262 1.155280 0.039105
v -0.035262 1.140130 0.020680
v -0.046387 1.143300 0.018079
v -0.035262 1.140130 0.020680
v -0.035262 1.155280 0.039105
v -0.023596 1.153330 0.040708
v -0.023595 1.138190 0.022282
v -0.079268 1.287360 -0.069485
v -0.106008 1.287210 -0.069361
v -0.106007 1.272060 -0.087789
v -0.079268 1.272210 -0.087911
v -0.120661 1.254270 -0.073165
v -0.121333 1.271210 -0.056201
v -0.115846 1.255990 -0.043691
v -0.109927 1.225440 -0.049460
v -0.098112 1.210370 -0.006184
v -0.098759 1.196880 -0.025979
v -0.109927 1.225440 -0.049460
v -0.104587 1.226530 -0.019473
v -0.119085 1.282350 -0.065360
v -0.121776 1.277170 -0.061101
v -0.121776 1.262020 -0.079531
v -0.119085 1.267200 -0.083789
v -0.110348 1.241520 -0.031792
v -0.104587 1.226530 -0.019473
v -0.109927 1.225440 -0.049460
v -0.121776 1.277170 -0.061101
v -0.121333 1.271210 -0.056201
v -0.120661 1.254270 -0.073165
v -0.121776 1.262020 -0.079531
v -0.033388 1.245380 -0.034973
v -0.031877 1.251830 -0.040273
v -0.031877 1.236680 -0.058699
v -0.033388 1.230230 -0.053399
v -0.031877 1.251830 -0.040273
v -0.033439 1.258270 -0.045567
v -0.033439 1.243120 -0.063992
v -0.031877 1.236680 -0.058699
v -0.098112 1.210370 -0.006184
v -0.094503 1.205230 -0.001957
v -0.094503 1.190080 -0.020384
v -0.098759 1.196880 -0.025979
v -0.033439 1.258270 -0.045567
v -0.039889 1.265730 -0.051702
v -0.039889 1.250580 -0.070128
v -0.033439 1.243120 -0.063992
v -0.073238 1.271530 -0.087352
v -0.067036 1.269920 -0.086029
v -0.067037 1.285070 -0.067603
v -0.073238 1.286680 -0.068926
v -0.061285 1.282660 -0.065624
v -0.061285 1.267510 -0.084050
v -0.056787 1.264550 -0.081615
v -0.056787 1.279700 -0.063189
v -0.006796 1.206900 -0.034217
v -0.006796 1.222050 -0.015791
v -0.013407 1.219740 -0.013887
v -0.013406 1.204590 -0.032313
v -0.011722 1.137240 0.023059
v -0.023595 1.138190 0.022282
v -0.023596 1.153330 0.040708
v -0.011723 1.152390 0.041485
v -0.013407 1.219740 -0.013887
v -0.019100 1.216220 -0.010992
v -0.019100 1.201070 -0.029417
v -0.013406 1.204590 -0.032313
v -0.094503 1.205230 -0.001957
v -0.089359 1.202710 0.000118
v -0.089359 1.187550 -0.018309
v -0.094503 1.190080 -0.020384
v -0.089359 1.202710 0.000118
v -0.083301 1.203220 -0.000303
v -0.083301 1.188070 -0.018730
v -0.089359 1.187550 -0.018309
v -0.019100 1.201070 -0.029417
v -0.060364 1.166320 -0.000846
v -0.064043 1.161400 0.003195
v -0.064629 1.156240 0.007434
v -0.061973 1.151490 0.011340
v -0.056047 1.147450 0.014665
v -0.046387 1.143300 0.018079
v -0.035262 1.140130 0.020680
v -0.023595 1.138190 0.022282
v -0.011722 1.137240 0.023059
v -0.000000 1.136990 0.023264
v -0.000000 1.207670 -0.034848
v -0.006796 1.206900 -0.034217
v -0.013406 1.204590 -0.032313
v -0.011722 1.137240 0.023059
v -0.011723 1.152390 0.041485
v -0.000000 1.152140 0.041690
v -0.000000 1.136990 0.023264
v -0.000000 1.222820 -0.016422
v -0.006796 1.222050 -0.015791
v -0.006796 1.206900 -0.034217
v -0.000000 1.207670 -0.034848
v -0.089359 1.187550 -0.018309
v -0.083301 1.188070 -0.018730
v -0.077220 1.191370 -0.021446
v -0.037597 1.224570 -0.048738
v -0.033388 1.230230 -0.053399
v -0.031877 1.236680 -0.058699
v -0.033439 1.243120 -0.063992
v -0.039889 1.250580 -0.070128
v -0.056787 1.264550 -0.081615
v -0.109927 1.225440 -0.049460
v -0.098759 1.196880 -0.025979
v -0.094503 1.190080 -0.020384
v -0.115846 1.255990 -0.043691
v -0.110348 1.241520 -0.031792
v -0.109927 1.225440 -0.049460
v 0.079268 1.272210 -0.087911
v 0.073238 1.271530 -0.087352
v 0.067037 1.269920 -0.086029
v 0.061285 1.267510 -0.084050
v 0.056787 1.264550 -0.081615
v 0.109927 1.225440 -0.049460
v 0.120662 1.254270 -0.073165
v 0.121776 1.262020 -0.079531
v 0.119085 1.267200 -0.083789
v 0.113417 1.270660 -0.086635
v 0.106008 1.272060 -0.087789
v 0.056787 1.264550 -0.081615
v 0.056788 1.279700 -0.063189
v 0.039889 1.265730 -0.051702
v 0.039889 1.250580 -0.070128
v 0.064629 1.156240 0.007434
v 0.064629 1.171390 0.025860
v 0.064043 1.176550 0.021621
v 0.064043 1.161400 0.003195
v 0.061974 1.166640 0.029766
v 0.061973 1.151490 0.011340
v 0.056048 1.147450 0.014665
v 0.056048 1.162600 0.033091
v 0.106008 1.287210 -0.069361
v 0.106008 1.272060 -0.087789
v 0.113417 1.270660 -0.086635
v 0.113417 1.285810 -0.068205
v 0.037598 1.239710 -0.030313
v 0.037598 1.224570 -0.048738
v 0.033388 1.230230 -0.053399
v 0.033388 1.245380 -0.034973
v 0.019100 1.216220 -0.010992
v 0.019100 1.201070 -0.029417
v 0.060364 1.166320 -0.000846
v 0.060364 1.181470 0.017580
v 0.079268 1.272210 -0.087911
v 0.079268 1.287360 -0.069485
v 0.073238 1.286680 -0.068926
v 0.073238 1.271530 -0.087352
v 0.067037 1.269920 -0.086029
v 0.067037 1.285070 -0.067603
v 0.061286 1.282660 -0.065624
v 0.061285 1.267510 -0.084050
v 0.113417 1.285810 -0.068205
v 0.113417 1.270660 -0.086635
v 0.119085 1.267200 -0.083789
v 0.119085 1.282350 -0.065360
v 0.060364 1.181470 0.017580
v 0.060364 1.166320 -0.000846
v 0.064043 1.161400 0.003195
v 0.064043 1.176550 0.021621
v 0.083301 1.203220 -0.000303
v 0.083301 1.188070 -0.018730
v 0.077220 1.191370 -0.021446
v 0.077220 1.206520 -0.003019
v 0.064629 1.171390 0.025860
v 0.064629 1.156240 0.007434
v 0.061973 1.151490 0.011340
v 0.061974 1.166640 0.029766
v 0.077220 1.206520 -0.003019
v 0.077220 1.191370 -0.021446
v 0.037598 1.224570 -0.048738
v 0.037598 1.239710 -0.030313
v 0.056048 1.162600 0.033091
v 0.056048 1.147450 0.014665
v 0.046387 1.143300 0.018079
v 0.046387 1.158450 0.036505
v 0.046387 1.158450 0.036505
v 0.046387 1.143300 0.018079
v 0.035262 1.140130 0.020680
v 0.035262 1.155280 0.039105
v 0.035262 1.140130 0.020680
v 0.023596 1.138190 0.022282
v 0.023596 1.153330 0.040708
v 0.035262 1.155280 0.039105
v 0.079268 1.287360 -0.069485
v 0.079268 1.272210 -0.087911
v 0.106008 1.272060 -0.087789
v 0.106008 1.287210 -0.069361
v 0.120662 1.254270 -0.073165
v 0.109927 1.225440 -0.049460
v 0.115846 1.255990 -0.043691
v 0.121333 1.271210 -0.056201
v 0.098112 1.210370 -0.006184
v 0.104587 1.226530 -0.019473
v 0.109927 1.225440 -0.049460
v 0.098760 1.196880 -0.025979
v 0.119085 1.282350 -0.065360
v 0.119085 1.267200 -0.083789
v 0.121776 1.262020 -0.079531
v 0.121776 1.277170 -0.061101
v 0.110348 1.241520 -0.031792
v 0.109927 1.225440 -0.049460
v 0.104587 1.226530 -0.019473
v 0.121776 1.277170 -0.061101
v 0.121776 1.262020 -0.079531
v 0.120662 1.254270 -0.073165
v 0.121333 1.271210 -0.056201
v 0.033388 1.245380 -0.034973
v 0.033388 1.230230 -0.053399
v 0.031877 1.236680 -0.058699
v 0.031877 1.251830 -0.040273
v 0.031877 1.251830 -0.040273
v 0.031877 1.236680 -0.058699
v 0.033439 1.243120 -0.063992
v 0.033439 1.258270 -0.045567
v 0.098112 1.210370 -0.006184
v 0.098760 1.196880 -0.025979
v 0.094503 1.190080 -0.020384
v 0.094504 1.205230 -0.001957
v 0.033439 1.258270 -0.045567
v 0.033439 1.243120 -0.063992
v 0.039889 1.250580 -0.070128
v 0.039889 1.265730 -0.051702
v 0.073238 1.271530 -0.087352
v 0.073238 1.286680 -0.068926
v 0.067037 1.285070 -0.067603
v 0.067037 1.269920 -0.086029
v 0.061286 1.282660 -0.065624
v 0.056788 1.279700 -0.063189
v 0.056787 1.264550 -0.081615
v 0.061285 1.267510 -0.084050
v 0.006796 1.206900 -0.034217
v 0.013407 1.204590 -0.032313
v 0.013407 1.219740 -0.013887
v 0.006796 1.222050 -0.015791
v 0.011723 1.137240 0.023059
v 0.011723 1.152390 0.041485
v 0.023596 1.153330 0.040708
v 0.023596 1.138190 0.022282
v 0.013407 1.219740 -0.013887
v 0.013407 1.204590 -0.032313
v 0.019100 1.201070 -0.029417
v 0.019100 1.216220 -0.010992
v 0.094504 1.205230 -0.001957
v 0.094503 1.190080 -0.020384
v 0.089359 1.187550 -0.018309
v 0.089359 1.202710 0.000118
v 0.089359 1.202710 0.000118
v 0.089359 1.187550 -0.018309
v 0.083301 1.188070 -0.018730
v 0.083301 1.203220 -0.000303
v 0.019100 1.201070 -0.029417
v 0.013407 1.204590 -0.032313
v 0.006796 1.206900 -0.034217
v -0.000000 1.207670 -0.034848
v -0.000000 1.136990 0.023264
v 0.011723 1.137240 0.023059
v 0.023596 1.138190 0.022282
v 0.035262 1.140130 0.020680
v 0.046387 1.143300 0.018079
v 0.056048 1.147450 0.014665
v 0.061973 1.151490 0.011340
v 0.064629 1.156240 0.007434
v 0.064043 1.161400 0.003195
v 0.060364 1.166320 -0.000846
v 0.011723 1.137240 0.023059
v -0.000000 1.136990 0.023264
v -0.000000 1.152140 0.041690
v 0.011723 1.152390 0.041485
v -0.000000 1.222820 -0.016422
v -0.000000 1.207670 -0.034848
v 0.006796 1.206900 -0.034217
v 0.006796 1.222050 -0.015791
v 0.089359 1.187550 -0.018309
v 0.094503 1.190080 -0.020384
v 0.098760 1.196880 -0.025979
v 0.109927 1.225440 -0.049460
v 0.056787 1.264550 -0.081615
v 0.039889 1.250580 -0.070128
v 0.033439 1.243120 -0.063992
v 0.031877 1.236680 -0.058699
v 0.033388 1.230230 -0.053399
v 0.037598 1.224570 -0.048738
v 0.077220 1.191370 -0.021446
v 0.083301 1.188070 -0.018730
v 0.115846 1.255990 -0.043691
v 0.109927 1.225440 -0.049460
v 0.110348 1.241520 -0.031792
v -0.134080 1.153490 -0.156330
v -0.143498 1.138810 -0.130362
v -0.140775 1.145000 -0.105070
v -0.139220 1.151420 -0.132602
v -0.143498 1.138810 -0.130362
v -0.143413 1.126760 -0.105831
v -0.138997 1.134180 -0.077576
v -0.140775 1.145000 -0.105070
v -0.143413 1.126760 -0.105831
v -0.140445 1.111170 -0.080980
v -0.134235 1.118570 -0.053387
v -0.138997 1.134180 -0.077576
v -0.140445 1.111170 -0.080980
v -0.135975 1.089670 -0.055296
v -0.126813 1.096890 -0.030763
v -0.134235 1.118570 -0.053387
v -0.135975 1.089670 -0.055296
v -0.129759 1.061610 -0.028563
v -0.117441 1.068330 -0.007774
v -0.126813 1.096890 -0.030763
v -0.129759 1.061610 -0.028563
v -0.121876 1.030500 -0.004495
v -0.108399 1.034670 0.013275
v -0.117441 1.068330 -0.007774
v -0.121876 1.030500 -0.004495
v -0.115511 0.995542 0.014479
v -0.101758 0.998286 0.029793
v -0.108399 1.034670 0.013275
v -0.115511 0.995542 0.014479
v -0.110658 0.958897 0.029109
v -0.097193 0.961116 0.042284
v -0.101758 0.998286 0.029793
v -0.110658 0.958897 0.029109
v -0.106555 0.923917 0.039865
v -0.093959 0.924944 0.051725
v -0.097193 0.961116 0.042284
v -0.106555 0.923917 0.039865
v -0.104227 0.890078 0.046874
v -0.092074 0.891239 0.057885
v -0.093959 0.924944 0.051725
v -0.104227 0.890078 0.046874
v -0.103281 0.861773 0.050447
v -0.091643 0.861666 0.060422
v -0.092074 0.891239 0.057885
v -0.103281 0.861773 0.050447
v -0.102307 0.839618 0.050762
v -0.092228 0.838972 0.059657
v -0.091643 0.861666 0.060422
v -0.102307 0.839618 0.050762
v -0.101190 0.824656 0.049273
v -0.093844 0.825031 0.056471
v -0.092228 0.838972 0.059657
v -0.101190 0.824656 0.049273
v -0.098403 0.811885 0.045178
v -0.096026 0.817083 0.051420
v -0.093844 0.825031 0.056471
v -0.125494 1.150690 -0.175105
v -0.135368 1.132930 -0.153185
v -0.143498 1.138810 -0.130362
v -0.134080 1.153490 -0.156330
v -0.135368 1.132930 -0.153185
v -0.137929 1.120130 -0.132072
v -0.143413 1.126760 -0.105831
v -0.143498 1.138810 -0.130362
v -0.137929 1.120130 -0.132072
v -0.139295 1.104070 -0.108172
v -0.140445 1.111170 -0.080980
v -0.143413 1.126760 -0.105831
v -0.139295 1.104070 -0.108172
v -0.137909 1.082880 -0.081378
v -0.135975 1.089670 -0.055296
v -0.140445 1.111170 -0.080980
v -0.137909 1.082880 -0.081378
v -0.135101 1.055130 -0.052738
v -0.129759 1.061610 -0.028563
v -0.135975 1.089670 -0.055296
v -0.135101 1.055130 -0.052738
v -0.129375 1.024240 -0.025566
v -0.121876 1.030500 -0.004495
v -0.129759 1.061610 -0.028563
v -0.129375 1.024240 -0.025566
v -0.124007 0.990010 -0.003817
v -0.115511 0.995542 0.014479
v -0.121876 1.030500 -0.004495
v -0.124007 0.990010 -0.003817
v -0.119607 0.954382 0.012814
v -0.110658 0.958897 0.029109
v -0.115511 0.995542 0.014479
v -0.119607 0.954382 0.012814
v -0.115885 0.921154 0.024433
v -0.106555 0.923917 0.039865
v -0.110658 0.958897 0.029109
v -0.115885 0.921154 0.024433
v -0.113473 0.887604 0.033211
v -0.104227 0.890078 0.046874
v -0.106555 0.923917 0.039865
v -0.113473 0.887604 0.033211
v -0.111547 0.860030 0.037568
v -0.103281 0.861773 0.050447
v -0.104227 0.890078 0.046874
v -0.111547 0.860030 0.037568
v -0.109678 0.838263 0.039460
v -0.102307 0.839618 0.050762
v -0.103281 0.861773 0.050447
v -0.109678 0.838263 0.039460
v -0.107072 0.821683 0.040990
v -0.101190 0.824656 0.049273
v -0.102307 0.839618 0.050762
v -0.107072 0.821683 0.040990
v -0.100615 0.808894 0.038641
v -0.098403 0.811885 0.045178
v -0.101190 0.824656 0.049273
v -0.114550 1.142700 -0.187983
v -0.123883 1.125310 -0.174072
v -0.135368 1.132930 -0.153185
v -0.125494 1.150690 -0.175105
v -0.123883 1.125310 -0.174072
v -0.126807 1.110510 -0.155439
v -0.137929 1.120130 -0.132072
v -0.135368 1.132930 -0.153185
v -0.126807 1.110510 -0.155439
v -0.129298 1.094740 -0.133566
v -0.139295 1.104070 -0.108172
v -0.137929 1.120130 -0.132072
v -0.129298 1.094740 -0.133566
v -0.130635 1.074330 -0.106907
v -0.137909 1.082880 -0.081378
v -0.139295 1.104070 -0.108172
v -0.130635 1.074330 -0.106907
v -0.131171 1.047580 -0.076936
v -0.135101 1.055130 -0.052738
v -0.137909 1.082880 -0.081378
v -0.131171 1.047580 -0.076936
v -0.129169 1.015910 -0.046984
v -0.129375 1.024240 -0.025566
v -0.135101 1.055130 -0.052738
v -0.129169 1.015910 -0.046984
v -0.125904 0.981180 -0.023054
v -0.124007 0.990010 -0.003817
v -0.129375 1.024240 -0.025566
v -0.125904 0.981180 -0.023054
v -0.122271 0.946805 -0.004732
v -0.119607 0.954382 0.012814
v -0.124007 0.990010 -0.003817
v -0.122271 0.946805 -0.004732
v -0.119493 0.915130 0.007528
v -0.115885 0.921154 0.024433
v -0.119607 0.954382 0.012814
v -0.119493 0.915130 0.007528
v -0.117672 0.882593 0.016558
v -0.113473 0.887604 0.033211
v -0.115885 0.921154 0.024433
v -0.117672 0.882593 0.016558
v -0.115455 0.854996 0.022580
v -0.111547 0.860030 0.037568
v -0.113473 0.887604 0.033211
v -0.115455 0.854996 0.022580
v -0.112352 0.833007 0.026535
v -0.109678 0.838263 0.039460
v -0.111547 0.860030 0.037568
v -0.112352 0.833007 0.026535
v -0.107678 0.818843 0.030846
v -0.107072 0.821683 0.040990
v -0.109678 0.838263 0.039460
v -0.107678 0.818843 0.030846
v -0.102389 0.808238 0.032563
v -0.100615 0.808894 0.038641
v -0.107072 0.821683 0.040990
v -0.105722 1.130660 -0.192144
v -0.103064 1.115990 -0.185435
v -0.123883 1.125310 -0.174072
v -0.114550 1.142700 -0.187983
v -0.103064 1.115990 -0.185435
v -0.105570 1.099800 -0.170263
v -0.126807 1.110510 -0.155439
v -0.123883 1.125310 -0.174072
v -0.105570 1.099800 -0.170263
v -0.110890 1.082440 -0.149527
v -0.129298 1.094740 -0.133566
v -0.126807 1.110510 -0.155439
v -0.110890 1.082440 -0.149527
v -0.116349 1.061530 -0.123529
v -0.130635 1.074330 -0.106907
v -0.129298 1.094740 -0.133566
v -0.116349 1.061530 -0.123529
v -0.119674 1.034980 -0.093001
v -0.131171 1.047580 -0.076936
v -0.130635 1.074330 -0.106907
v -0.119674 1.034980 -0.093001
v -0.120528 1.004290 -0.062984
v -0.129169 1.015910 -0.046984
v -0.131171 1.047580 -0.076936
v -0.120528 1.004290 -0.062984
v -0.119220 0.971752 -0.038477
v -0.125904 0.981180 -0.023054
v -0.129169 1.015910 -0.046984
v -0.119220 0.971752 -0.038477
v -0.116697 0.939129 -0.019979
v -0.122271 0.946805 -0.004732
v -0.125904 0.981180 -0.023054
v -0.116697 0.939129 -0.019979
v -0.113913 0.907910 -0.007293
v -0.119493 0.915130 0.007528
v -0.122271 0.946805 -0.004732
v -0.113913 0.907910 -0.007293
v -0.111367 0.877509 0.002087
v -0.117672 0.882593 0.016558
v -0.119493 0.915130 0.007528
v -0.111367 0.877509 0.002087
v -0.109027 0.849206 0.009082
v -0.115455 0.854996 0.022580
v -0.117672 0.882593 0.016558
v -0.109027 0.849206 0.009082
v -0.106791 0.826918 0.014840
v -0.112352 0.833007 0.026535
v -0.115455 0.854996 0.022580
v -0.106791 0.826918 0.014840
v -0.105093 0.815120 0.021445
v -0.107678 0.818843 0.030846
v -0.112352 0.833007 0.026535
v -0.105093 0.815120 0.021445
v -0.103810 0.810033 0.026909
v -0.102389 0.808238 0.032563
v -0.107678 0.818843 0.030846
v -0.061751 0.696920 -0.070139
v -0.064975 0.733302 -0.073575
v -0.046131 0.734460 -0.087741
v -0.043137 0.697946 -0.083800
v -0.066129 0.688592 0.090642
v -0.067625 0.732198 0.092555
v -0.079585 0.732143 0.076026
v -0.078881 0.689318 0.074274
v -0.078881 0.689318 0.074274
v -0.079585 0.732143 0.076026
v -0.089287 0.732057 0.057750
v -0.089008 0.690115 0.056271
v -0.095173 0.693904 -0.018709
v -0.098042 0.731397 -0.020310
v -0.090956 0.731763 -0.039278
v -0.087974 0.694898 -0.036859
v -0.040769 0.918538 0.102658
v -0.041538 0.946027 0.096408
v -0.059875 0.944121 0.086910
v -0.058717 0.916068 0.093177
v -0.041538 0.946027 0.096408
v -0.042555 0.976835 0.088347
v -0.061406 0.975432 0.078778
v -0.059875 0.944121 0.086910
v -0.059875 0.944121 0.086910
v -0.061406 0.975432 0.078778
v -0.076676 0.972533 0.067656
v -0.074601 0.940130 0.076040
v -0.058717 0.916068 0.093177
v -0.059875 0.944121 0.086910
v -0.074601 0.940130 0.076040
v -0.073106 0.910816 0.082321
v -0.109756 0.870415 -0.039207
v -0.111201 0.899433 -0.044078
v -0.105113 0.895674 -0.063893
v -0.104602 0.867782 -0.060656
v -0.111201 0.899433 -0.044078
v -0.112551 0.930832 -0.051763
v -0.105572 0.926624 -0.069786
v -0.105113 0.895674 -0.063893
v -0.105113 0.895674 -0.063893
v -0.105572 0.926624 -0.069786
v -0.094153 0.922441 -0.089557
v -0.094830 0.892261 -0.085215
v -0.104602 0.867782 -0.060656
v -0.105113 0.895674 -0.063893
v -0.094830 0.892261 -0.085215
v -0.095539 0.865903 -0.083487
v -0.046783 1.045400 0.067311
v -0.051270 1.076510 0.056561
v -0.074326 1.079850 0.044704
v -0.067674 1.045660 0.056944
v -0.067674 1.045660 0.056944
v -0.074326 1.079850 0.044704
v -0.093179 1.081590 0.029523
v -0.084865 1.044560 0.044175
v -0.134335 1.256050 -0.255454
v -0.134387 1.267460 -0.264435
v -0.123189 1.257000 -0.282327
v -0.122776 1.245950 -0.273181
v -0.122776 1.245950 -0.273181
v -0.123189 1.257000 -0.282327
v -0.107627 1.248910 -0.297652
v -0.106906 1.237990 -0.288398
v -0.103124 0.794360 -0.027695
v -0.104361 0.806913 -0.030080
v -0.099644 0.807497 -0.053455
v -0.098058 0.794391 -0.050784
v -0.104361 0.806913 -0.030080
v -0.105957 0.822962 -0.032834
v -0.101394 0.823520 -0.056011
v -0.099644 0.807497 -0.053455
v -0.099644 0.807497 -0.053455
v -0.101394 0.823520 -0.056011
v -0.093192 0.826020 -0.079839
v -0.091238 0.810559 -0.076605
v -0.098058 0.794391 -0.050784
v -0.099644 0.807497 -0.053455
v -0.091238 0.810559 -0.076605
v -0.089217 0.797006 -0.072809
v -0.038731 0.826345 0.116146
v -0.039163 0.847911 0.114158
v -0.056439 0.845303 0.104182
v -0.055858 0.824230 0.105983
v -0.039163 0.847911 0.114158
v -0.039627 0.870063 0.111330
v -0.057065 0.867143 0.101578
v -0.056439 0.845303 0.104182
v -0.056439 0.845303 0.104182
v -0.057065 0.867143 0.101578
v -0.071423 0.860871 0.089624
v -0.071025 0.840125 0.091284
v -0.055858 0.824230 0.105983
v -0.056439 0.845303 0.104182
v -0.071025 0.840125 0.091284
v -0.070626 0.820605 0.092315
v -0.112551 0.930832 -0.051763
v -0.114081 0.963712 -0.063542
v -0.106724 0.959621 -0.080001
v -0.105572 0.926624 -0.069786
v -0.114081 0.963712 -0.063542
v -0.115197 0.995452 -0.079475
v -0.107899 0.992557 -0.094680
v -0.106724 0.959621 -0.080001
v -0.106724 0.959621 -0.080001
v -0.107899 0.992557 -0.094680
v -0.096129 0.988278 -0.111907
v -0.094846 0.955131 -0.098602
v -0.105572 0.926624 -0.069786
v -0.106724 0.959621 -0.080001
v -0.094846 0.955131 -0.098602
v -0.094153 0.922441 -0.089557
v -0.042555 0.976835 0.088347
v -0.044059 1.011100 0.078284
v -0.063641 1.010120 0.068566
v -0.061406 0.975432 0.078778
v -0.044059 1.011100 0.078284
v -0.046783 1.045400 0.067311
v -0.067674 1.045660 0.056944
v -0.063641 1.010120 0.068566
v -0.063641 1.010120 0.068566
v -0.067674 1.045660 0.056944
v -0.084865 1.044560 0.044175
v -0.079678 1.007920 0.056998
v -0.061406 0.975432 0.078778
v -0.063641 1.010120 0.068566
v -0.079678 1.007920 0.056998
v -0.076676 0.972533 0.067656
v -0.056623 0.917374 -0.126765
v -0.056280 0.948789 -0.132667
v -0.029679 0.947577 -0.144823
v -0.029995 0.916880 -0.140784
v -0.056280 0.948789 -0.132667
v -0.057382 0.981029 -0.143046
v -0.030310 0.979049 -0.153429
v -0.029679 0.947577 -0.144823
v -0.029679 0.947577 -0.144823
v -0.030310 0.979049 -0.153429
v -0.000000 0.978381 -0.157441
v -0.000000 0.947300 -0.149729
v -0.029995 0.916880 -0.140784
v -0.029679 0.947577 -0.144823
v -0.000000 0.947300 -0.149729
v -0.000000 0.916942 -0.146598
v -0.057032 0.806877 -0.112892
v -0.059539 0.822333 -0.120482
v -0.032332 0.827883 -0.136892
v -0.030786 0.811710 -0.127678
v -0.059539 0.822333 -0.120482
v -0.061525 0.836760 -0.126256
v -0.033518 0.841962 -0.143831
v -0.032332 0.827883 -0.136892
v -0.032332 0.827883 -0.136892
v -0.033518 0.841962 -0.143831
v -0.000000 0.844219 -0.151069
v -0.000000 0.830280 -0.143630
v -0.030786 0.811710 -0.127678
v -0.032332 0.827883 -0.136892
v -0.000000 0.830280 -0.143630
v -0.000000 0.813848 -0.133745
v -0.056573 1.230830 -0.309554
v -0.056765 1.241920 -0.318401
v -0.028450 1.240880 -0.323080
v -0.028491 1.229840 -0.314643
v -0.028491 1.229840 -0.314643
v -0.028450 1.240880 -0.323080
v -0.000000 1.240600 -0.324458
v -0.000000 1.229620 -0.316232
v -0.057382 0.981029 -0.143046
v -0.058667 1.012160 -0.156176
v -0.031122 1.009550 -0.165150
v -0.030310 0.979049 -0.153429
v -0.058667 1.012160 -0.156176
v -0.059363 1.040340 -0.170328
v -0.031578 1.037310 -0.178344
v -0.031122 1.009550 -0.165150
v -0.031122 1.009550 -0.165150
v -0.031578 1.037310 -0.178344
v -0.000000 1.036120 -0.181280
v -0.000000 1.008540 -0.168483
v -0.030310 0.979049 -0.153429
v -0.031122 1.009550 -0.165150
v -0.000000 1.008540 -0.168483
v -0.000000 0.978381 -0.157441
v -0.061782 0.865896 -0.127845
v -0.059122 0.888867 -0.126132
v -0.031667 0.889003 -0.141817
v -0.033450 0.867194 -0.144821
v -0.059122 0.888867 -0.126132
v -0.056623 0.917374 -0.126765
v -0.029995 0.916880 -0.140784
v -0.031667 0.889003 -0.141817
v -0.031667 0.889003 -0.141817
v -0.029995 0.916880 -0.140784
v -0.000000 0.916942 -0.146598
v -0.000000 0.889320 -0.148358
v -0.033450 0.867194 -0.144821
v -0.031667 0.889003 -0.141817
v -0.000000 0.889320 -0.148358
v -0.000000 0.867950 -0.151872
v -0.087974 0.694898 -0.036859
v -0.090956 0.731763 -0.039278
v -0.080017 0.732426 -0.057118
v -0.076909 0.695904 -0.054072
v 0.000438 0.686842 0.122231
v -0.000000 0.732282 0.124773
v -0.019024 0.732320 0.122536
v -0.017761 0.686976 0.120049
v -0.129803 1.181210 -0.196460
v -0.131425 1.195430 -0.207484
v -0.118080 1.187110 -0.224254
v -0.116234 1.173070 -0.212804
v -0.131425 1.195430 -0.207484
v -0.132617 1.209260 -0.218507
v -0.119614 1.200600 -0.235539
v -0.118080 1.187110 -0.224254
v -0.118080 1.187110 -0.224254
v -0.119614 1.200600 -0.235539
v -0.102636 1.193040 -0.250207
v -0.101065 1.179400 -0.238538
v -0.116234 1.173070 -0.212804
v -0.118080 1.187110 -0.224254
v -0.101065 1.179400 -0.238538
v -0.099340 1.164910 -0.226485
v -0.017761 0.686976 0.120049
v -0.019024 0.732320 0.122536
v -0.036857 0.732352 0.116154
v -0.035279 0.687357 0.113788
v -0.035279 0.687357 0.113788
v -0.036857 0.732352 0.116154
v -0.053248 0.732290 0.106073
v -0.051494 0.687920 0.103932
v -0.061525 0.836760 -0.126256
v -0.062514 0.849867 -0.128471
v -0.034032 0.853253 -0.146181
v -0.033518 0.841962 -0.143831
v -0.062514 0.849867 -0.128471
v -0.061782 0.865896 -0.127845
v -0.033450 0.867194 -0.144821
v -0.034032 0.853253 -0.146181
v -0.034032 0.853253 -0.146181
v -0.033450 0.867194 -0.144821
v -0.000000 0.867950 -0.151872
v -0.000000 0.854808 -0.153503
v -0.033518 0.841962 -0.143831
v -0.034032 0.853253 -0.146181
v -0.000000 0.854808 -0.153503
v -0.000000 0.844219 -0.151069
v -0.105957 0.822962 -0.032834
v -0.107893 0.844440 -0.035723
v -0.103233 0.843612 -0.058285
v -0.101394 0.823520 -0.056011
v -0.107893 0.844440 -0.035723
v -0.109756 0.870415 -0.039207
v -0.104602 0.867782 -0.060656
v -0.103233 0.843612 -0.058285
v -0.103233 0.843612 -0.058285
v -0.104602 0.867782 -0.060656
v -0.095539 0.865903 -0.083487
v -0.094864 0.844097 -0.082010
v -0.101394 0.823520 -0.056011
v -0.103233 0.843612 -0.058285
v -0.094864 0.844097 -0.082010
v -0.093192 0.826020 -0.079839
v -0.039627 0.870063 0.111330
v -0.040149 0.893421 0.107553
v -0.057805 0.890567 0.097981
v -0.057065 0.867143 0.101578
v -0.040149 0.893421 0.107553
v -0.040769 0.918538 0.102658
v -0.058717 0.916068 0.093177
v -0.057805 0.890567 0.097981
v -0.057805 0.890567 0.097981
v -0.058717 0.916068 0.093177
v -0.073106 0.910816 0.082321
v -0.072077 0.884372 0.086753
v -0.057065 0.867143 0.101578
v -0.057805 0.890567 0.097981
v -0.072077 0.884372 0.086753
v -0.071423 0.860871 0.089624
v -0.147994 1.194710 -0.156453
v -0.150398 1.211410 -0.168023
v -0.141904 1.203150 -0.188033
v -0.140091 1.187810 -0.176923
v -0.150398 1.211410 -0.168023
v -0.152268 1.227450 -0.179633
v -0.143205 1.217940 -0.199177
v -0.141904 1.203150 -0.188033
v -0.141904 1.203150 -0.188033
v -0.143205 1.217940 -0.199177
v -0.132617 1.209260 -0.218507
v -0.131425 1.195430 -0.207484
v -0.140091 1.187810 -0.176923
v -0.141904 1.203150 -0.188033
v -0.131425 1.195430 -0.207484
v -0.129803 1.181210 -0.196460
v -0.000000 0.871095 0.119769
v -0.000000 0.894395 0.115935
v -0.020709 0.894326 0.113767
v -0.020449 0.871010 0.117590
v -0.000000 0.894395 0.115935
v -0.000000 0.919335 0.111002
v -0.021016 0.919297 0.108844
v -0.020709 0.894326 0.113767
v -0.020709 0.894326 0.113767
v -0.021016 0.919297 0.108844
v -0.040769 0.918538 0.102658
v -0.040149 0.893421 0.107553
v -0.020449 0.871010 0.117590
v -0.020709 0.894326 0.113767
v -0.040149 0.893421 0.107553
v -0.039627 0.870063 0.111330
v -0.093192 0.826020 -0.079839
v -0.094864 0.844097 -0.082010
v -0.082185 0.846422 -0.106079
v -0.080801 0.830853 -0.103917
v -0.094864 0.844097 -0.082010
v -0.095539 0.865903 -0.083487
v -0.082006 0.865310 -0.106497
v -0.082185 0.846422 -0.106079
v -0.082185 0.846422 -0.106079
v -0.082006 0.865310 -0.106497
v -0.061782 0.865896 -0.127845
v -0.062514 0.849867 -0.128471
v -0.080801 0.830853 -0.103917
v -0.082185 0.846422 -0.106079
v -0.062514 0.849867 -0.128471
v -0.061525 0.836760 -0.126256
v -0.051494 0.687920 0.103932
v -0.053248 0.732290 0.106073
v -0.067625 0.732198 0.092555
v -0.066129 0.688592 0.090642
v -0.043137 0.697946 -0.083800
v -0.046131 0.734460 -0.087741
v -0.024133 0.735812 -0.098231
v -0.021995 0.698892 -0.093444
v -0.099340 1.164910 -0.226485
v -0.101065 1.179400 -0.238538
v -0.079903 1.173720 -0.250832
v -0.079226 1.158680 -0.238368
v -0.101065 1.179400 -0.238538
v -0.102636 1.193040 -0.250207
v -0.080613 1.187750 -0.262725
v -0.079903 1.173720 -0.250832
v -0.079903 1.173720 -0.250832
v -0.080613 1.187750 -0.262725
v -0.055113 1.184550 -0.272432
v -0.055349 1.170090 -0.260510
v -0.079226 1.158680 -0.238368
v -0.079903 1.173720 -0.250832
v -0.055349 1.170090 -0.260510
v -0.055738 1.154560 -0.247878
v -0.095539 0.865903 -0.083487
v -0.094830 0.892261 -0.085215
v -0.079946 0.889916 -0.106492
v -0.082006 0.865310 -0.106497
v -0.094830 0.892261 -0.085215
v -0.094153 0.922441 -0.089557
v -0.078010 0.919234 -0.109038
v -0.079946 0.889916 -0.106492
v -0.079946 0.889916 -0.106492
v -0.078010 0.919234 -0.109038
v -0.056623 0.917374 -0.126765
v -0.059122 0.888867 -0.126132
v -0.082006 0.865310 -0.106497
v -0.079946 0.889916 -0.106492
v -0.059122 0.888867 -0.126132
v -0.061782 0.865896 -0.127845
v -0.096129 0.988278 -0.111907
v -0.096898 1.019690 -0.128132
v -0.080592 1.015740 -0.143168
v -0.079398 0.984220 -0.128623
v -0.096898 1.019690 -0.128132
v -0.096883 1.047370 -0.144872
v -0.081132 1.044150 -0.158443
v -0.080592 1.015740 -0.143168
v -0.080592 1.015740 -0.143168
v -0.081132 1.044150 -0.158443
v -0.059363 1.040340 -0.170328
v -0.058667 1.012160 -0.156176
v -0.079398 0.984220 -0.128623
v -0.080592 1.015740 -0.143168
v -0.058667 1.012160 -0.156176
v -0.057382 0.981029 -0.143046
v -0.059363 1.040340 -0.170328
v -0.059033 1.064320 -0.184105
v -0.031358 1.061110 -0.191595
v -0.031578 1.037310 -0.178344
v -0.059033 1.064320 -0.184105
v -0.058106 1.085240 -0.197471
v -0.030774 1.082030 -0.204589
v -0.031358 1.061110 -0.191595
v -0.031358 1.061110 -0.191595
v -0.030774 1.082030 -0.204589
v -0.000000 1.081000 -0.207334
v -0.000000 1.059950 -0.194407
v -0.031578 1.037310 -0.178344
v -0.031358 1.061110 -0.191595
v -0.000000 1.059950 -0.194407
v -0.000000 1.036120 -0.181280
v -0.106906 1.237990 -0.288398
v -0.107627 1.248910 -0.297652
v -0.084454 1.244190 -0.309839
v -0.083894 1.233200 -0.300687
v -0.083894 1.233200 -0.300687
v -0.084454 1.244190 -0.309839
v -0.056765 1.241920 -0.318401
v -0.056573 1.230830 -0.309554
v -0.089217 0.797006 -0.072809
v -0.091238 0.810559 -0.076605
v -0.078653 0.815959 -0.099498
v -0.076143 0.801522 -0.093902
v -0.091238 0.810559 -0.076605
v -0.093192 0.826020 -0.079839
v -0.080801 0.830853 -0.103917
v -0.078653 0.815959 -0.099498
v -0.078653 0.815959 -0.099498
v -0.080801 0.830853 -0.103917
v -0.061525 0.836760 -0.126256
v -0.059539 0.822333 -0.120482
v -0.076143 0.801522 -0.093902
v -0.078653 0.815959 -0.099498
v -0.059539 0.822333 -0.120482
v -0.057032 0.806877 -0.112892
v -0.094153 0.922441 -0.089557
v -0.094846 0.955131 -0.098602
v -0.078101 0.951363 -0.116683
v -0.078010 0.919234 -0.109038
v -0.094846 0.955131 -0.098602
v -0.096129 0.988278 -0.111907
v -0.079398 0.984220 -0.128623
v -0.078101 0.951363 -0.116683
v -0.078101 0.951363 -0.116683
v -0.079398 0.984220 -0.128623
v -0.057382 0.981029 -0.143046
v -0.056280 0.948789 -0.132667
v -0.078010 0.919234 -0.109038
v -0.078101 0.951363 -0.116683
v -0.056280 0.948789 -0.132667
v -0.056623 0.917374 -0.126765
v -0.000000 0.977125 0.096656
v -0.000000 1.011120 0.086582
v -0.022660 1.011230 0.084467
v -0.021905 0.977175 0.094521
v -0.000000 1.011120 0.086582
v -0.000000 1.044530 0.075793
v -0.024004 1.044830 0.073683
v -0.022660 1.011230 0.084467
v -0.022660 1.011230 0.084467
v -0.024004 1.044830 0.073683
v -0.046783 1.045400 0.067311
v -0.044059 1.011100 0.078284
v -0.021905 0.977175 0.094521
v -0.022660 1.011230 0.084467
v -0.044059 1.011100 0.078284
v -0.042555 0.976835 0.088347
v -0.000000 0.827180 0.124709
v -0.000000 0.848881 0.122662
v -0.020216 0.848796 0.120471
v -0.019997 0.827105 0.122506
v -0.000000 0.848881 0.122662
v -0.000000 0.871095 0.119769
v -0.020449 0.871010 0.117590
v -0.020216 0.848796 0.120471
v -0.020216 0.848796 0.120471
v -0.020449 0.871010 0.117590
v -0.039627 0.870063 0.111330
v -0.039163 0.847911 0.114158
v -0.019997 0.827105 0.122506
v -0.020216 0.848796 0.120471
v -0.039163 0.847911 0.114158
v -0.038731 0.826345 0.116146
v -0.000000 1.044530 0.075793
v -0.000000 1.073610 0.065581
v -0.026188 1.074330 0.063444
v -0.024004 1.044830 0.073683
v -0.024004 1.044830 0.073683
v -0.026188 1.074330 0.063444
v -0.051270 1.076510 0.056561
v -0.046783 1.045400 0.067311
v -0.000000 0.919335 0.111002
v -0.000000 0.946565 0.104737
v -0.021396 0.946570 0.102587
v -0.021016 0.919297 0.108844
v -0.000000 0.946565 0.104737
v -0.000000 0.977125 0.096656
v -0.021905 0.977175 0.094521
v -0.021396 0.946570 0.102587
v -0.021396 0.946570 0.102587
v -0.021905 0.977175 0.094521
v -0.042555 0.976835 0.088347
v -0.041538 0.946027 0.096408
v -0.021016 0.919297 0.108844
v -0.021396 0.946570 0.102587
v -0.041538 0.946027 0.096408
v -0.040769 0.918538 0.102658
v -0.021995 0.698892 -0.093444
v -0.024133 0.735812 -0.098231
v -0.000000 0.736497 -0.102389
v 0.000450 0.699329 -0.097115
v -0.089008 0.690115 0.056271
v -0.089287 0.732057 0.057750
v -0.096782 0.731867 0.038912
v -0.095798 0.691006 0.037993
v -0.175966 1.286560 -0.149423
v -0.177488 1.300170 -0.162977
v -0.171552 1.284230 -0.172261
v -0.169975 1.269870 -0.160282
v -0.172610 1.269710 -0.135751
v -0.175966 1.286560 -0.149423
v -0.169975 1.269870 -0.160282
v -0.167193 1.252960 -0.147444
v -0.155411 1.279010 -0.217126
v -0.155868 1.291130 -0.225237
v -0.145161 1.279010 -0.244807
v -0.145069 1.267100 -0.235998
v -0.145069 1.267100 -0.235998
v -0.145161 1.279010 -0.244807
v -0.134387 1.267460 -0.264435
v -0.134335 1.256050 -0.255454
v -0.167765 1.251450 -0.121470
v -0.172610 1.269710 -0.135751
v -0.167193 1.252960 -0.147444
v -0.163431 1.235000 -0.134218
v -0.161964 1.232800 -0.106871
v -0.167765 1.251450 -0.121470
v -0.163431 1.235000 -0.134218
v -0.159076 1.216930 -0.121027
v -0.155697 1.214400 -0.092358
v -0.161964 1.232800 -0.106871
v -0.159076 1.216930 -0.121027
v -0.154487 1.199390 -0.108170
v -0.149099 1.195880 -0.077981
v -0.155697 1.214400 -0.092358
v -0.154487 1.199390 -0.108170
v -0.149761 1.182450 -0.095518
v -0.095798 0.691006 0.037993
v -0.096782 0.731867 0.038912
v -0.101162 0.731616 0.019536
v -0.099089 0.691957 0.019392
v -0.099089 0.691957 0.019392
v -0.101162 0.731616 0.019536
v -0.101534 0.731398 -0.000445
v -0.098868 0.692925 0.000276
v -0.152268 1.227450 -0.179633
v -0.153536 1.241850 -0.190127
v -0.143975 1.231140 -0.209117
v -0.143205 1.217940 -0.199177
v -0.153536 1.241850 -0.190127
v -0.154361 1.254860 -0.199655
v -0.144437 1.243300 -0.218222
v -0.143975 1.231140 -0.209117
v -0.143975 1.231140 -0.209117
v -0.144437 1.243300 -0.218222
v -0.133738 1.233240 -0.237491
v -0.133318 1.221690 -0.228382
v -0.143205 1.217940 -0.199177
v -0.143975 1.231140 -0.209117
v -0.133318 1.221690 -0.228382
v -0.132617 1.209260 -0.218507
v -0.102636 1.193040 -0.250207
v -0.103898 1.205090 -0.260489
v -0.081420 1.200010 -0.273041
v -0.080613 1.187750 -0.262725
v -0.103898 1.205090 -0.260489
v -0.104972 1.216160 -0.269890
v -0.082288 1.211190 -0.282368
v -0.081420 1.200010 -0.273041
v -0.081420 1.200010 -0.273041
v -0.082288 1.211190 -0.282368
v -0.055738 1.208490 -0.291731
v -0.055295 1.197090 -0.282620
v -0.080613 1.187750 -0.262725
v -0.081420 1.200010 -0.273041
v -0.055295 1.197090 -0.282620
v -0.055113 1.184550 -0.272432
v -0.055113 1.184550 -0.272432
v -0.055295 1.197090 -0.282620
v -0.028049 1.195680 -0.288526
v -0.028099 1.182910 -0.278535
v -0.055295 1.197090 -0.282620
v -0.055738 1.208490 -0.291731
v -0.028210 1.207250 -0.297395
v -0.028049 1.195680 -0.288526
v -0.028049 1.195680 -0.288526
v -0.028210 1.207250 -0.297395
v -0.000000 1.206960 -0.299258
v -0.000000 1.195320 -0.290501
v -0.028099 1.182910 -0.278535
v -0.028049 1.195680 -0.288526
v -0.000000 1.195320 -0.290501
v -0.000000 1.182470 -0.280611
v -0.132617 1.209260 -0.218507
v -0.133318 1.221690 -0.228382
v -0.120676 1.212680 -0.245610
v -0.119614 1.200600 -0.235539
v -0.133318 1.221690 -0.228382
v -0.133738 1.233240 -0.237491
v -0.121458 1.223870 -0.254888
v -0.120676 1.212680 -0.245610
v -0.120676 1.212680 -0.245610
v -0.121458 1.223870 -0.254888
v -0.104972 1.216160 -0.269890
v -0.103898 1.205090 -0.260489
v -0.119614 1.200600 -0.235539
v -0.120676 1.212680 -0.245610
v -0.103898 1.205090 -0.260489
v -0.102636 1.193040 -0.250207
v -0.176791 1.308580 -0.176991
v -0.173081 1.309830 -0.191657
v -0.170491 1.299440 -0.191448
v -0.171698 1.294470 -0.183012
v -0.177488 1.300170 -0.162977
v -0.176791 1.308580 -0.176991
v -0.171698 1.294470 -0.183012
v -0.171552 1.284230 -0.172261
v -0.167193 1.252960 -0.147444
v -0.169975 1.269870 -0.160282
v -0.162361 1.254800 -0.173732
v -0.160341 1.238920 -0.162112
v -0.169975 1.269870 -0.160282
v -0.171552 1.284230 -0.172261
v -0.163644 1.268780 -0.184285
v -0.162361 1.254800 -0.173732
v -0.162361 1.254800 -0.173732
v -0.163644 1.268780 -0.184285
v -0.154361 1.254860 -0.199655
v -0.153536 1.241850 -0.190127
v -0.160341 1.238920 -0.162112
v -0.162361 1.254800 -0.173732
v -0.153536 1.241850 -0.190127
v -0.152268 1.227450 -0.179633
v -0.098868 0.692925 0.000276
v -0.101534 0.731398 -0.000445
v -0.098042 0.731397 -0.020310
v -0.095173 0.693904 -0.018709
v 0.062639 0.696971 -0.070195
v 0.064975 0.733302 -0.073575
v 0.080017 0.732426 -0.057118
v 0.077785 0.695959 -0.054155
v -0.170491 1.299440 -0.191448
v -0.173081 1.309830 -0.191657
v -0.165726 1.302750 -0.207445
v -0.164663 1.291160 -0.201409
v -0.164663 1.291160 -0.201409
v -0.165726 1.302750 -0.207445
v -0.155868 1.291130 -0.225237
v -0.155411 1.279010 -0.217126
v -0.159076 1.216930 -0.121027
v -0.163431 1.235000 -0.134218
v -0.157607 1.221750 -0.149791
v -0.154369 1.204210 -0.137568
v -0.163431 1.235000 -0.134218
v -0.167193 1.252960 -0.147444
v -0.160341 1.238920 -0.162112
v -0.157607 1.221750 -0.149791
v -0.157607 1.221750 -0.149791
v -0.160341 1.238920 -0.162112
v -0.152268 1.227450 -0.179633
v -0.150398 1.211410 -0.168023
v -0.154369 1.204210 -0.137568
v -0.157607 1.221750 -0.149791
v -0.150398 1.211410 -0.168023
v -0.147994 1.194710 -0.156453
v -0.000000 1.081000 -0.207334
v -0.030774 1.082030 -0.204589
v -0.030220 1.101450 -0.217288
v -0.000000 1.100490 -0.219834
v -0.030774 1.082030 -0.204589
v -0.058106 1.085240 -0.197471
v -0.057146 1.104540 -0.210628
v -0.030220 1.101450 -0.217288
v -0.030220 1.101450 -0.217288
v -0.057146 1.104540 -0.210628
v -0.056418 1.122400 -0.223385
v -0.029771 1.119520 -0.229674
v -0.000000 1.100490 -0.219834
v -0.030220 1.101450 -0.217288
v -0.029771 1.119520 -0.229674
v -0.000000 1.118610 -0.232004
v -0.000000 1.118610 -0.232004
v -0.029771 1.119520 -0.229674
v -0.029403 1.136240 -0.241816
v -0.000000 1.135440 -0.244050
v -0.029771 1.119520 -0.229674
v -0.056418 1.122400 -0.223385
v -0.056027 1.138830 -0.235620
v -0.029403 1.136240 -0.241816
v -0.029403 1.136240 -0.241816
v -0.056027 1.138830 -0.235620
v -0.055738 1.154560 -0.247878
v -0.028997 1.152290 -0.254113
v -0.000000 1.135440 -0.244050
v -0.029403 1.136240 -0.241816
v -0.028997 1.152290 -0.254113
v -0.000000 1.151630 -0.256317
v -0.000000 1.151630 -0.256317
v -0.028997 1.152290 -0.254113
v -0.028487 1.168160 -0.266726
v -0.000000 1.167610 -0.268881
v -0.028997 1.152290 -0.254113
v -0.055738 1.154560 -0.247878
v -0.055349 1.170090 -0.260510
v -0.028487 1.168160 -0.266726
v -0.028487 1.168160 -0.266726
v -0.055349 1.170090 -0.260510
v -0.055113 1.184550 -0.272432
v -0.028099 1.182910 -0.278535
v -0.000000 1.167610 -0.268881
v -0.028487 1.168160 -0.266726
v -0.028099 1.182910 -0.278535
v -0.000000 1.182470 -0.280611
v -0.171552 1.284230 -0.172261
v -0.171698 1.294470 -0.183012
v -0.164259 1.280550 -0.193567
v -0.163644 1.268780 -0.184285
v -0.171698 1.294470 -0.183012
v -0.170491 1.299440 -0.191448
v -0.164663 1.291160 -0.201409
v -0.164259 1.280550 -0.193567
v -0.164259 1.280550 -0.193567
v -0.164663 1.291160 -0.201409
v -0.155411 1.279010 -0.217126
v -0.154942 1.267070 -0.208619
v -0.163644 1.268780 -0.184285
v -0.164259 1.280550 -0.193567
v -0.154942 1.267070 -0.208619
v -0.154361 1.254860 -0.199655
v -0.154361 1.254860 -0.199655
v -0.154942 1.267070 -0.208619
v -0.144810 1.255220 -0.227138
v -0.144437 1.243300 -0.218222
v -0.154942 1.267070 -0.208619
v -0.155411 1.279010 -0.217126
v -0.145069 1.267100 -0.235998
v -0.144810 1.255220 -0.227138
v -0.144810 1.255220 -0.227138
v -0.145069 1.267100 -0.235998
v -0.134335 1.256050 -0.255454
v -0.134093 1.244650 -0.246472
v -0.144437 1.243300 -0.218222
v -0.144810 1.255220 -0.227138
v -0.134093 1.244650 -0.246472
v -0.133738 1.233240 -0.237491
v -0.104972 1.216160 -0.269890
v -0.105996 1.227080 -0.279144
v -0.083147 1.222200 -0.291529
v -0.082288 1.211190 -0.282368
v -0.105996 1.227080 -0.279144
v -0.106906 1.237990 -0.288398
v -0.083894 1.233200 -0.300687
v -0.083147 1.222200 -0.291529
v -0.083147 1.222200 -0.291529
v -0.083894 1.233200 -0.300687
v -0.056573 1.230830 -0.309554
v -0.056208 1.219680 -0.300658
v -0.082288 1.211190 -0.282368
v -0.083147 1.222200 -0.291529
v -0.056208 1.219680 -0.300658
v -0.055738 1.208490 -0.291731
v -0.055738 1.208490 -0.291731
v -0.056208 1.219680 -0.300658
v -0.028393 1.218600 -0.306062
v -0.028210 1.207250 -0.297395
v -0.056208 1.219680 -0.300658
v -0.056573 1.230830 -0.309554
v -0.028491 1.229840 -0.314643
v -0.028393 1.218600 -0.306062
v -0.028393 1.218600 -0.306062
v -0.028491 1.229840 -0.314643
v -0.000000 1.229620 -0.316232
v -0.000000 1.218370 -0.307805
v -0.028210 1.207250 -0.297395
v -0.028393 1.218600 -0.306062
v -0.000000 1.218370 -0.307805
v -0.000000 1.206960 -0.299258
v -0.133738 1.233240 -0.237491
v -0.134093 1.244650 -0.246472
v -0.122173 1.234910 -0.264034
v -0.121458 1.223870 -0.254888
v -0.134093 1.244650 -0.246472
v -0.134335 1.256050 -0.255454
v -0.122776 1.245950 -0.273181
v -0.122173 1.234910 -0.264034
v -0.122173 1.234910 -0.264034
v -0.122776 1.245950 -0.273181
v -0.106906 1.237990 -0.288398
v -0.105996 1.227080 -0.279144
v -0.121458 1.223870 -0.254888
v -0.122173 1.234910 -0.264034
v -0.105996 1.227080 -0.279144
v -0.104972 1.216160 -0.269890
v -0.089287 0.732057 0.057750
v -0.090223 0.759951 0.058196
v -0.097807 0.759105 0.039190
v -0.096782 0.731867 0.038912
v -0.090223 0.759951 0.058196
v -0.090953 0.778815 0.058086
v -0.098396 0.777461 0.039342
v -0.097807 0.759105 0.039190
v -0.097807 0.759105 0.039190
v -0.098396 0.777461 0.039342
v -0.102881 0.775150 0.019610
v -0.102370 0.757945 0.019467
v -0.096782 0.731867 0.038912
v -0.097807 0.759105 0.039190
v -0.102370 0.757945 0.019467
v -0.101162 0.731616 0.019536
v -0.067625 0.732198 0.092555
v -0.068592 0.761296 0.093732
v -0.080542 0.760617 0.076814
v -0.079585 0.732143 0.076026
v -0.068592 0.761296 0.093732
v -0.069305 0.781452 0.093783
v -0.081310 0.780052 0.076702
v -0.080542 0.760617 0.076814
v -0.080542 0.760617 0.076814
v -0.081310 0.780052 0.076702
v -0.090953 0.778815 0.058086
v -0.090223 0.759951 0.058196
v -0.079585 0.732143 0.076026
v -0.080542 0.760617 0.076814
v -0.090223 0.759951 0.058196
v -0.089287 0.732057 0.057750
v -0.000000 0.732282 0.124773
v -0.000000 0.763012 0.126292
v -0.019353 0.762989 0.124066
v -0.019024 0.732320 0.122536
v -0.000000 0.763012 0.126292
v -0.000000 0.784631 0.126532
v -0.019575 0.784582 0.124312
v -0.019353 0.762989 0.124066
v -0.019353 0.762989 0.124066
v -0.019575 0.784582 0.124312
v -0.037907 0.784124 0.117909
v -0.037482 0.762738 0.117671
v -0.019024 0.732320 0.122536
v -0.019353 0.762989 0.124066
v -0.037482 0.762738 0.117671
v -0.036857 0.732352 0.116154
v -0.080017 0.732426 -0.057118
v -0.082550 0.756589 -0.061113
v -0.067803 0.757671 -0.078131
v -0.064975 0.733302 -0.073575
v -0.082550 0.756589 -0.061113
v -0.084993 0.771943 -0.065157
v -0.070735 0.773755 -0.083097
v -0.067803 0.757671 -0.078131
v -0.067803 0.757671 -0.078131
v -0.070735 0.773755 -0.083097
v -0.051568 0.776147 -0.098767
v -0.048745 0.759212 -0.092875
v -0.064975 0.733302 -0.073575
v -0.067803 0.757671 -0.078131
v -0.048745 0.759212 -0.092875
v -0.046131 0.734460 -0.087741
v -0.101162 0.731616 0.019536
v -0.102370 0.757945 0.019467
v -0.103000 0.756644 -0.001382
v -0.101534 0.731398 -0.000445
v -0.102370 0.757945 0.019467
v -0.102881 0.775150 0.019610
v -0.103781 0.772548 -0.002058
v -0.103000 0.756644 -0.001382
v -0.103000 0.756644 -0.001382
v -0.103781 0.772548 -0.002058
v -0.101119 0.770801 -0.024304
v -0.099827 0.755785 -0.022391
v -0.101534 0.731398 -0.000445
v -0.103000 0.756644 -0.001382
v -0.099827 0.755785 -0.022391
v -0.098042 0.731397 -0.020310
v -0.046131 0.734460 -0.087741
v -0.048745 0.759212 -0.092875
v -0.025692 0.761133 -0.104147
v -0.024133 0.735812 -0.098231
v -0.048745 0.759212 -0.092875
v -0.051568 0.776147 -0.098767
v -0.027404 0.778865 -0.110938
v -0.025692 0.761133 -0.104147
v -0.025692 0.761133 -0.104147
v -0.027404 0.778865 -0.110938
v -0.000000 0.780226 -0.115945
v -0.000000 0.762131 -0.108731
v -0.024133 0.735812 -0.098231
v -0.025692 0.761133 -0.104147
v -0.000000 0.762131 -0.108731
v -0.000000 0.736497 -0.102389
v -0.036857 0.732352 0.116154
v -0.037482 0.762738 0.117671
v -0.054101 0.762091 0.107491
v -0.053248 0.732290 0.106073
v -0.037482 0.762738 0.117671
v -0.037907 0.784124 0.117909
v -0.054694 0.782957 0.107670
v -0.054101 0.762091 0.107491
v -0.054101 0.762091 0.107491
v -0.054694 0.782957 0.107670
v -0.069305 0.781452 0.093783
v -0.068592 0.761296 0.093732
v -0.053248 0.732290 0.106073
v -0.054101 0.762091 0.107491
v -0.068592 0.761296 0.093732
v -0.067625 0.732198 0.092555
v -0.098042 0.731397 -0.020310
v -0.099827 0.755785 -0.022391
v -0.093105 0.755851 -0.042434
v -0.090956 0.731763 -0.039278
v -0.099827 0.755785 -0.022391
v -0.101119 0.770801 -0.024304
v -0.094966 0.770749 -0.045485
v -0.093105 0.755851 -0.042434
v -0.093105 0.755851 -0.042434
v -0.094966 0.770749 -0.045485
v -0.084993 0.771943 -0.065157
v -0.082550 0.756589 -0.061113
v -0.090956 0.731763 -0.039278
v -0.093105 0.755851 -0.042434
v -0.082550 0.756589 -0.061113
v -0.080017 0.732426 -0.057118
v -0.069305 0.781452 0.093783
v -0.070016 0.800907 0.093197
v -0.082101 0.798240 0.076053
v -0.081310 0.780052 0.076702
v -0.070016 0.800907 0.093197
v -0.070626 0.820605 0.092315
v -0.082518 0.815802 0.075825
v -0.082101 0.798240 0.076053
v -0.082101 0.798240 0.076053
v -0.082518 0.815802 0.075825
v -0.092206 0.811439 0.058208
v -0.091655 0.795805 0.057767
v -0.081310 0.780052 0.076702
v -0.082101 0.798240 0.076053
v -0.091655 0.795805 0.057767
v -0.090953 0.778815 0.058086
v -0.000000 0.784631 0.126532
v -0.000000 0.805622 0.125982
v -0.019784 0.805558 0.123770
v -0.019575 0.784582 0.124312
v -0.000000 0.805622 0.125982
v -0.000000 0.827180 0.124709
v -0.019997 0.827105 0.122506
v -0.019784 0.805558 0.123770
v -0.019784 0.805558 0.123770
v -0.019997 0.827105 0.122506
v -0.038731 0.826345 0.116146
v -0.038312 0.804937 0.117379
v -0.019575 0.784582 0.124312
v -0.019784 0.805558 0.123770
v -0.038312 0.804937 0.117379
v -0.037907 0.784124 0.117909
v -0.084993 0.771943 -0.065157
v -0.087180 0.784596 -0.069014
v -0.073510 0.787703 -0.088358
v -0.070735 0.773755 -0.083097
v -0.087180 0.784596 -0.069014
v -0.089217 0.797006 -0.072809
v -0.076143 0.801522 -0.093902
v -0.073510 0.787703 -0.088358
v -0.073510 0.787703 -0.088358
v -0.076143 0.801522 -0.093902
v -0.057032 0.806877 -0.112892
v -0.054349 0.791513 -0.105478
v -0.070735 0.773755 -0.083097
v -0.073510 0.787703 -0.088358
v -0.054349 0.791513 -0.105478
v -0.051568 0.776147 -0.098767
v -0.102881 0.775150 0.019610
v -0.103121 0.789532 0.019809
v -0.104196 0.785541 -0.002454
v -0.103781 0.772548 -0.002058
v -0.103121 0.789532 0.019809
v -0.103886 0.801818 0.019334
v -0.104729 0.797159 -0.003682
v -0.104196 0.785541 -0.002454
v -0.104196 0.785541 -0.002454
v -0.104729 0.797159 -0.003682
v -0.103124 0.794360 -0.027695
v -0.102127 0.782858 -0.025917
v -0.103781 0.772548 -0.002058
v -0.104196 0.785541 -0.002454
v -0.102127 0.782858 -0.025917
v -0.101119 0.770801 -0.024304
v -0.051568 0.776147 -0.098767
v -0.054349 0.791513 -0.105478
v -0.029120 0.795277 -0.118810
v -0.027404 0.778865 -0.110938
v -0.054349 0.791513 -0.105478
v -0.057032 0.806877 -0.112892
v -0.030786 0.811710 -0.127678
v -0.029120 0.795277 -0.118810
v -0.029120 0.795277 -0.118810
v -0.030786 0.811710 -0.127678
v -0.000000 0.813848 -0.133745
v -0.000000 0.797035 -0.124295
v -0.027404 0.778865 -0.110938
v -0.029120 0.795277 -0.118810
v -0.000000 0.797035 -0.124295
v -0.000000 0.780226 -0.115945
v -0.037907 0.784124 0.117909
v -0.038312 0.804937 0.117379
v -0.055272 0.803300 0.107134
v -0.054694 0.782957 0.107670
v -0.038312 0.804937 0.117379
v -0.038731 0.826345 0.116146
v -0.055858 0.824230 0.105983
v -0.055272 0.803300 0.107134
v -0.055272 0.803300 0.107134
v -0.055858 0.824230 0.105983
v -0.070626 0.820605 0.092315
v -0.070016 0.800907 0.093197
v -0.054694 0.782957 0.107670
v -0.055272 0.803300 0.107134
v -0.070016 0.800907 0.093197
v -0.069305 0.781452 0.093783
v -0.101119 0.770801 -0.024304
v -0.102127 0.782858 -0.025917
v -0.096559 0.782710 -0.048199
v -0.094966 0.770749 -0.045485
v -0.102127 0.782858 -0.025917
v -0.103124 0.794360 -0.027695
v -0.098058 0.794391 -0.050784
v -0.096559 0.782710 -0.048199
v -0.096559 0.782710 -0.048199
v -0.098058 0.794391 -0.050784
v -0.089217 0.797006 -0.072809
v -0.087180 0.784596 -0.069014
v -0.094966 0.770749 -0.045485
v -0.096559 0.782710 -0.048199
v -0.087180 0.784596 -0.069014
v -0.084993 0.771943 -0.065157
v -0.091351 0.891928 0.059036
v -0.092074 0.891239 0.057885
v -0.091643 0.861666 0.060422
v -0.090922 0.862342 0.061582
v -0.119431 1.033480 -0.092988
v -0.119674 1.034980 -0.093001
v -0.116349 1.061530 -0.123529
v -0.116118 1.060110 -0.123050
v -0.096419 0.961658 0.043480
v -0.097193 0.961116 0.042284
v -0.093959 0.924944 0.051725
v -0.093211 0.925565 0.052898
v -0.090922 0.862342 0.061582
v -0.091643 0.861666 0.060422
v -0.092228 0.838972 0.059657
v -0.091513 0.839502 0.060894
v -0.126328 1.097630 -0.029524
v -0.126813 1.096890 -0.030763
v -0.117441 1.068330 -0.007774
v -0.116829 1.068950 -0.006528
v -0.093211 0.925565 0.052898
v -0.093959 0.924944 0.051725
v -0.092074 0.891239 0.057885
v -0.091351 0.891928 0.059036
v -0.139059 1.135550 -0.076910
v -0.138997 1.134180 -0.077576
v -0.134235 1.118570 -0.053387
v -0.133915 1.119500 -0.052229
v -0.116829 1.068950 -0.006528
v -0.117441 1.068330 -0.007774
v -0.108399 1.034670 0.013275
v -0.107677 1.035220 0.014500
v -0.107677 1.035220 0.014500
v -0.100984 0.998801 0.031000
v -0.097284 1.001270 0.036774
v -0.103914 1.038090 0.020884
v -0.133915 1.119500 -0.052229
v -0.134235 1.118570 -0.053387
v -0.126813 1.096890 -0.030763
v -0.126328 1.097630 -0.029524
v -0.111372 0.877154 0.000605
v -0.111396 0.875361 -0.006884
v -0.108973 0.847227 -0.000331
v -0.109018 0.848892 0.007591
v -0.100984 0.998801 0.031000
v -0.101758 0.998286 0.029793
v -0.097193 0.961116 0.042284
v -0.096419 0.961658 0.043480
v -0.116643 0.938637 -0.021421
v -0.116411 0.936518 -0.027625
v -0.113913 0.905305 -0.015491
v -0.113913 0.907448 -0.008746
v -0.109018 0.848892 0.007591
v -0.108973 0.847227 -0.000331
v -0.106914 0.824764 0.005252
v -0.106810 0.826584 0.013353
v -0.120338 1.003000 -0.063770
v -0.119095 0.971075 -0.039836
v -0.119220 0.971752 -0.038477
v -0.120528 1.004290 -0.062984
v -0.113913 0.907448 -0.008746
v -0.113913 0.905305 -0.015491
v -0.111396 0.875361 -0.006884
v -0.111372 0.877154 0.000605
v -0.104824 1.131060 -0.193308
v -0.097366 1.134400 -0.202979
v -0.093862 1.113420 -0.191839
v -0.101844 1.115650 -0.186283
v -0.119095 0.971075 -0.039836
v -0.118664 0.968762 -0.044485
v -0.116411 0.936518 -0.027625
v -0.116643 0.938637 -0.021421
v -0.139676 1.152870 -0.132571
v -0.139220 1.151420 -0.132602
v -0.140775 1.145000 -0.105070
v -0.141125 1.146440 -0.104744
v -0.101844 1.115650 -0.186283
v -0.093862 1.113420 -0.191839
v -0.097591 1.091330 -0.172414
v -0.104543 1.098710 -0.170540
v -0.104824 1.131060 -0.193308
v -0.114360 1.143780 -0.189039
v -0.113367 1.149440 -0.194561
v -0.097366 1.134400 -0.202979
v -0.141125 1.146440 -0.104744
v -0.140775 1.145000 -0.105070
v -0.138997 1.134180 -0.077576
v -0.139059 1.135550 -0.076910
v -0.125655 1.151960 -0.175936
v -0.134383 1.154860 -0.156931
v -0.136004 1.162150 -0.160142
v -0.126458 1.158260 -0.180071
v -0.114360 1.143780 -0.189039
v -0.114550 1.142700 -0.187983
v -0.125494 1.150690 -0.175105
v -0.125655 1.151960 -0.175936
v -0.103820 0.808912 0.025876
v -0.103886 0.801818 0.019334
v -0.101483 0.801787 0.033345
v -0.102178 0.806740 0.032744
v -0.134383 1.154860 -0.156931
v -0.134080 1.153490 -0.156330
v -0.139220 1.151420 -0.132602
v -0.139676 1.152870 -0.132571
v -0.100416 0.807396 0.038840
v -0.098258 0.810368 0.045215
v -0.098403 0.811885 0.045178
v -0.100615 0.808894 0.038641
v -0.102178 0.806740 0.032744
v -0.101483 0.801787 0.033345
v -0.099993 0.804217 0.039261
v -0.100416 0.807396 0.038840
v -0.106810 0.826584 0.013353
v -0.105135 0.814562 0.020027
v -0.105093 0.815120 0.021445
v -0.106791 0.826918 0.014840
v -0.098258 0.810368 0.045215
v -0.097736 0.804895 0.045346
v -0.092206 0.811439 0.058208
v -0.095420 0.816188 0.052496
v -0.095420 0.816188 0.052496
v -0.093105 0.825175 0.057796
v -0.093844 0.825031 0.056471
v -0.096026 0.817083 0.051420
v -0.105135 0.814562 0.020027
v -0.105402 0.810997 0.010958
v -0.103886 0.801818 0.019334
v -0.103820 0.808912 0.025876
v -0.116118 1.060110 -0.123050
v -0.110363 1.081030 -0.149271
v -0.107750 1.074060 -0.148001
v -0.114427 1.049670 -0.119545
v -0.093105 0.825175 0.057796
v -0.089294 0.825918 0.064626
v -0.087815 0.842246 0.067293
v -0.091513 0.839502 0.060894
v -0.110363 1.081030 -0.149271
v -0.110890 1.082440 -0.149527
v -0.105570 1.099800 -0.170263
v -0.104543 1.098710 -0.170540
v -0.097591 1.091330 -0.172414
v -0.096495 1.070100 -0.159584
v -0.105094 1.066760 -0.147116
v -0.107750 1.074060 -0.148001
v -0.096883 1.047370 -0.144872
v -0.107386 1.049320 -0.132062
v -0.105094 1.066760 -0.147116
v -0.096495 1.070100 -0.159584
v -0.114427 1.049670 -0.119545
v -0.107750 1.074060 -0.148001
v -0.105094 1.066760 -0.147116
v -0.107386 1.049320 -0.132062
v -0.115197 0.995452 -0.079475
v -0.114397 1.024670 -0.101352
v -0.108239 1.023140 -0.113011
v -0.107899 0.992557 -0.094680
v -0.114397 1.024670 -0.101352
v -0.114427 1.049670 -0.119545
v -0.107386 1.049320 -0.132062
v -0.108239 1.023140 -0.113011
v -0.108239 1.023140 -0.113011
v -0.107386 1.049320 -0.132062
v -0.096883 1.047370 -0.144872
v -0.096898 1.019690 -0.128132
v -0.107899 0.992557 -0.094680
v -0.108239 1.023140 -0.113011
v -0.096898 1.019690 -0.128132
v -0.096129 0.988278 -0.111907
v -0.114427 1.049670 -0.119545
v -0.114397 1.024670 -0.101352
v -0.117276 1.020060 -0.090836
v -0.118604 1.028360 -0.092943
v -0.115197 0.995452 -0.079475
v -0.118643 0.997701 -0.070233
v -0.117276 1.020060 -0.090836
v -0.114397 1.024670 -0.101352
v -0.119848 0.999668 -0.065797
v -0.118604 1.028360 -0.092943
v -0.117276 1.020060 -0.090836
v -0.118643 0.997701 -0.070233
v -0.116411 0.936518 -0.027625
v -0.118664 0.968762 -0.044485
v -0.117535 0.966557 -0.051653
v -0.115606 0.934164 -0.037411
v -0.118664 0.968762 -0.044485
v -0.119848 0.999668 -0.065797
v -0.118643 0.997701 -0.070233
v -0.117535 0.966557 -0.051653
v -0.117535 0.966557 -0.051653
v -0.118643 0.997701 -0.070233
v -0.115197 0.995452 -0.079475
v -0.114081 0.963712 -0.063542
v -0.115606 0.934164 -0.037411
v -0.117535 0.966557 -0.051653
v -0.114081 0.963712 -0.063542
v -0.112551 0.930832 -0.051763
v -0.070626 0.820605 0.092315
v -0.071025 0.840125 0.091284
v -0.082057 0.832429 0.076811
v -0.082518 0.815802 0.075825
v -0.071025 0.840125 0.091284
v -0.071423 0.860871 0.089624
v -0.081591 0.851020 0.077220
v -0.082057 0.832429 0.076811
v -0.082057 0.832429 0.076811
v -0.081591 0.851020 0.077220
v -0.087815 0.842246 0.067293
v -0.089294 0.825918 0.064626
v -0.082518 0.815802 0.075825
v -0.082057 0.832429 0.076811
v -0.089294 0.825918 0.064626
v -0.092206 0.811439 0.058208
v -0.071423 0.860871 0.089624
v -0.072077 0.884372 0.086753
v -0.081695 0.874576 0.075851
v -0.081591 0.851020 0.077220
v -0.072077 0.884372 0.086753
v -0.073106 0.910816 0.082321
v -0.082554 0.902637 0.072198
v -0.081695 0.874576 0.075851
v -0.081695 0.874576 0.075851
v -0.082554 0.902637 0.072198
v -0.087930 0.895192 0.064491
v -0.087319 0.865718 0.067376
v -0.081591 0.851020 0.077220
v -0.081695 0.874576 0.075851
v -0.087319 0.865718 0.067376
v -0.087815 0.842246 0.067293
v -0.073106 0.910816 0.082321
v -0.074601 0.940130 0.076040
v -0.084280 0.934020 0.065935
v -0.082554 0.902637 0.072198
v -0.074601 0.940130 0.076040
v -0.076676 0.972533 0.067656
v -0.086924 0.968187 0.057077
v -0.084280 0.934020 0.065935
v -0.084280 0.934020 0.065935
v -0.086924 0.968187 0.057077
v -0.092863 0.964144 0.048968
v -0.089786 0.928412 0.058267
v -0.082554 0.902637 0.072198
v -0.084280 0.934020 0.065935
v -0.089786 0.928412 0.058267
v -0.087930 0.895192 0.064491
v -0.076676 0.972533 0.067656
v -0.079678 1.007920 0.056998
v -0.090735 1.004530 0.045622
v -0.086924 0.968187 0.057077
v -0.079678 1.007920 0.056998
v -0.084865 1.044560 0.044175
v -0.096825 1.041510 0.031149
v -0.090735 1.004530 0.045622
v -0.090735 1.004530 0.045622
v -0.096825 1.041510 0.031149
v -0.103914 1.038090 0.020884
v -0.097284 1.001270 0.036774
v -0.086924 0.968187 0.057077
v -0.090735 1.004530 0.045622
v -0.097284 1.001270 0.036774
v -0.092863 0.964144 0.048968
v -0.084865 1.044560 0.044175
v -0.093179 1.081590 0.029523
v -0.105903 1.077480 0.013479
v -0.096825 1.041510 0.031149
v -0.105903 1.077480 0.013479
v -0.116279 1.110080 -0.006326
v -0.123135 1.102530 -0.021366
v -0.113199 1.072680 0.000852
v -0.096825 1.041510 0.031149
v -0.105903 1.077480 0.013479
v -0.113199 1.072680 0.000852
v -0.103914 1.038090 0.020884
v -0.126132 1.135100 -0.027283
v -0.134678 1.156420 -0.047364
v -0.139543 1.146180 -0.071741
v -0.131694 1.126010 -0.044202
v -0.116279 1.110080 -0.006326
v -0.126132 1.135100 -0.027283
v -0.131694 1.126010 -0.044202
v -0.123135 1.102530 -0.021366
v -0.142172 1.176670 -0.063507
v -0.149099 1.195880 -0.077981
v -0.149761 1.182450 -0.095518
v -0.144887 1.165700 -0.083435
v -0.134678 1.156420 -0.047364
v -0.142172 1.176670 -0.063507
v -0.144887 1.165700 -0.083435
v -0.139543 1.146180 -0.071741
v -0.139543 1.146180 -0.071741
v -0.144887 1.165700 -0.083435
v -0.145638 1.164080 -0.099861
v -0.143538 1.156150 -0.102325
v -0.149761 1.182450 -0.095518
v -0.147683 1.172160 -0.113551
v -0.145638 1.164080 -0.099861
v -0.144887 1.165700 -0.083435
v -0.142713 1.162560 -0.132361
v -0.143538 1.156150 -0.102325
v -0.145638 1.164080 -0.099861
v -0.147683 1.172160 -0.113551
v -0.106914 0.824764 0.005252
v -0.108973 0.847227 -0.000331
v -0.109243 0.845811 -0.015361
v -0.107233 0.823584 -0.011098
v -0.108973 0.847227 -0.000331
v -0.111396 0.875361 -0.006884
v -0.111456 0.873132 -0.020466
v -0.109243 0.845811 -0.015361
v -0.109243 0.845811 -0.015361
v -0.111456 0.873132 -0.020466
v -0.109756 0.870415 -0.039207
v -0.107893 0.844440 -0.035723
v -0.107233 0.823584 -0.011098
v -0.109243 0.845811 -0.015361
v -0.107893 0.844440 -0.035723
v -0.105957 0.822962 -0.032834
v -0.103886 0.801818 0.019334
v -0.105402 0.810997 0.010958
v -0.105730 0.808457 -0.007036
v -0.104729 0.797159 -0.003682
v -0.105402 0.810997 0.010958
v -0.106914 0.824764 0.005252
v -0.107233 0.823584 -0.011098
v -0.105730 0.808457 -0.007036
v -0.105730 0.808457 -0.007036
v -0.107233 0.823584 -0.011098
v -0.105957 0.822962 -0.032834
v -0.104361 0.806913 -0.030080
v -0.104729 0.797159 -0.003682
v -0.105730 0.808457 -0.007036
v -0.104361 0.806913 -0.030080
v -0.103124 0.794360 -0.027695
v -0.111396 0.875361 -0.006884
v -0.113913 0.905305 -0.015491
v -0.113567 0.902784 -0.027356
v -0.111456 0.873132 -0.020466
v -0.113913 0.905305 -0.015491
v -0.116411 0.936518 -0.027625
v -0.115606 0.934164 -0.037411
v -0.113567 0.902784 -0.027356
v -0.113567 0.902784 -0.027356
v -0.115606 0.934164 -0.037411
v -0.112551 0.930832 -0.051763
v -0.111201 0.899433 -0.044078
v -0.111456 0.873132 -0.020466
v -0.113567 0.902784 -0.027356
v -0.111201 0.899433 -0.044078
v -0.109756 0.870415 -0.039207
v -0.096883 1.047370 -0.144872
v -0.096495 1.070100 -0.159584
v -0.080853 1.068320 -0.172911
v -0.081132 1.044150 -0.158443
v -0.096495 1.070100 -0.159584
v -0.097591 1.091330 -0.172414
v -0.080084 1.089560 -0.186830
v -0.080853 1.068320 -0.172911
v -0.080853 1.068320 -0.172911
v -0.080084 1.089560 -0.186830
v -0.058106 1.085240 -0.197471
v -0.059033 1.064320 -0.184105
v -0.081132 1.044150 -0.158443
v -0.080853 1.068320 -0.172911
v -0.059033 1.064320 -0.184105
v -0.059363 1.040340 -0.170328
v -0.097591 1.091330 -0.172414
v -0.093862 1.113420 -0.191839
v -0.078804 1.109180 -0.201063
v -0.080084 1.089560 -0.186830
v -0.093862 1.113420 -0.191839
v -0.097366 1.134400 -0.202979
v -0.078402 1.127220 -0.214160
v -0.078804 1.109180 -0.201063
v -0.078804 1.109180 -0.201063
v -0.078402 1.127220 -0.214160
v -0.056418 1.122400 -0.223385
v -0.057146 1.104540 -0.210628
v -0.080084 1.089560 -0.186830
v -0.078804 1.109180 -0.201063
v -0.057146 1.104540 -0.210628
v -0.058106 1.085240 -0.197471
v -0.097366 1.134400 -0.202979
v -0.097793 1.150390 -0.215060
v -0.078608 1.143410 -0.226334
v -0.078402 1.127220 -0.214160
v -0.097793 1.150390 -0.215060
v -0.099340 1.164910 -0.226485
v -0.079226 1.158680 -0.238368
v -0.078608 1.143410 -0.226334
v -0.078608 1.143410 -0.226334
v -0.079226 1.158680 -0.238368
v -0.055738 1.154560 -0.247878
v -0.056027 1.138830 -0.235620
v -0.078402 1.127220 -0.214160
v -0.078608 1.143410 -0.226334
v -0.056027 1.138830 -0.235620
v -0.056418 1.122400 -0.223385
v -0.126458 1.158260 -0.180071
v -0.127963 1.168110 -0.186908
v -0.114406 1.159790 -0.202525
v -0.113367 1.149440 -0.194561
v -0.127963 1.168110 -0.186908
v -0.129803 1.181210 -0.196460
v -0.116234 1.173070 -0.212804
v -0.114406 1.159790 -0.202525
v -0.114406 1.159790 -0.202525
v -0.116234 1.173070 -0.212804
v -0.099340 1.164910 -0.226485
v -0.097793 1.150390 -0.215060
v -0.113367 1.149440 -0.194561
v -0.114406 1.159790 -0.202525
v -0.097793 1.150390 -0.215060
v -0.097366 1.134400 -0.202979
v -0.149761 1.182450 -0.095518
v -0.154487 1.199390 -0.108170
v -0.150913 1.187290 -0.125950
v -0.147683 1.172160 -0.113551
v -0.154487 1.199390 -0.108170
v -0.159076 1.216930 -0.121027
v -0.154369 1.204210 -0.137568
v -0.150913 1.187290 -0.125950
v -0.150913 1.187290 -0.125950
v -0.154369 1.204210 -0.137568
v -0.147994 1.194710 -0.156453
v -0.145265 1.178500 -0.145736
v -0.147683 1.172160 -0.113551
v -0.150913 1.187290 -0.125950
v -0.145265 1.178500 -0.145736
v -0.142713 1.162560 -0.132361
v -0.142713 1.162560 -0.132361
v -0.145265 1.178500 -0.145736
v -0.137940 1.173420 -0.167269
v -0.136004 1.162150 -0.160142
v -0.145265 1.178500 -0.145736
v -0.147994 1.194710 -0.156453
v -0.140091 1.187810 -0.176923
v -0.137940 1.173420 -0.167269
v -0.137940 1.173420 -0.167269
v -0.140091 1.187810 -0.176923
v -0.129803 1.181210 -0.196460
v -0.127963 1.168110 -0.186908
v -0.136004 1.162150 -0.160142
v -0.137940 1.173420 -0.167269
v -0.127963 1.168110 -0.186908
v -0.126458 1.158260 -0.180071
v -0.092206 0.811439 0.058208
v -0.097736 0.804895 0.045346
v -0.099040 0.794467 0.039429
v -0.091655 0.795805 0.057767
v -0.099993 0.804217 0.039261
v -0.101483 0.801787 0.033345
v -0.099040 0.794467 0.039429
v -0.097736 0.804895 0.045346
v -0.103886 0.801818 0.019334
v -0.103121 0.789532 0.019809
v -0.099040 0.794467 0.039429
v -0.101483 0.801787 0.033345
v -0.102881 0.775150 0.019610
v -0.098396 0.777461 0.039342
v -0.099040 0.794467 0.039429
v -0.103121 0.789532 0.019809
v -0.090953 0.778815 0.058086
v -0.091655 0.795805 0.057767
v -0.099040 0.794467 0.039429
v -0.098396 0.777461 0.039342
v -0.057257 1.321540 -0.312050
v -0.085243 1.321690 -0.307411
v -0.094127 1.335270 -0.287341
v -0.063491 1.336590 -0.290624
v -0.000000 1.321240 -0.315632
v -0.028752 1.321350 -0.314770
v -0.032001 1.337070 -0.292847
v -0.000000 1.337100 -0.293658
v -0.028752 1.321350 -0.314770
v -0.057257 1.321540 -0.312050
v -0.063491 1.336590 -0.290624
v -0.032001 1.337070 -0.292847
v -0.128365 1.384360 -0.199295
v -0.132878 1.382650 -0.168702
v -0.096820 1.387040 -0.167946
v -0.082944 1.390610 -0.198123
v -0.132878 1.382650 -0.168702
v -0.133092 1.372170 -0.139253
v -0.099564 1.376680 -0.141728
v -0.096820 1.387040 -0.167946
v -0.075838 1.365700 -0.249060
v -0.069645 1.351120 -0.269879
v -0.103210 1.349010 -0.266985
v -0.112471 1.362920 -0.246354
v -0.069645 1.351120 -0.269879
v -0.063491 1.336590 -0.290624
v -0.094127 1.335270 -0.287341
v -0.103210 1.349010 -0.266985
v -0.092894 1.336060 -0.099850
v -0.097818 1.359470 -0.120278
v -0.129484 1.354560 -0.116253
v -0.123644 1.332110 -0.096562
v -0.097818 1.359470 -0.120278
v -0.099564 1.376680 -0.141728
v -0.133092 1.372170 -0.139253
v -0.129484 1.354560 -0.116253
v -0.000000 1.367320 -0.251621
v -0.000000 1.352160 -0.272729
v -0.035113 1.352020 -0.271942
v -0.038215 1.367030 -0.250928
v -0.038215 1.367030 -0.250928
v -0.035113 1.352020 -0.271942
v -0.069645 1.351120 -0.269879
v -0.075838 1.365700 -0.249060
v -0.035113 1.352020 -0.271942
v -0.032001 1.337070 -0.292847
v -0.063491 1.336590 -0.290624
v -0.069645 1.351120 -0.269879
v -0.000000 1.352160 -0.272729
v -0.000000 1.337100 -0.293658
v -0.032001 1.337070 -0.292847
v -0.035113 1.352020 -0.271942
v -0.000000 1.393280 -0.207038
v -0.000000 1.382590 -0.229297
v -0.040868 1.382080 -0.228665
v -0.039563 1.392630 -0.205795
v -0.039563 1.392630 -0.205795
v -0.040868 1.382080 -0.228665
v -0.081570 1.380160 -0.226804
v -0.082944 1.390610 -0.198123
v -0.040868 1.382080 -0.228665
v -0.038215 1.367030 -0.250928
v -0.075838 1.365700 -0.249060
v -0.081570 1.380160 -0.226804
v -0.000000 1.382590 -0.229297
v -0.000000 1.367320 -0.251621
v -0.038215 1.367030 -0.250928
v -0.040868 1.382080 -0.228665
v -0.082944 1.390610 -0.198123
v -0.081570 1.380160 -0.226804
v -0.121362 1.376200 -0.224791
v -0.128365 1.384360 -0.199295
v -0.081570 1.380160 -0.226804
v -0.075838 1.365700 -0.249060
v -0.112471 1.362920 -0.246354
v -0.121362 1.376200 -0.224791
v -0.099564 1.376680 -0.141728
v -0.077426 1.376690 -0.139846
v -0.071129 1.386450 -0.159570
v -0.096820 1.387040 -0.167946
v -0.096820 1.387040 -0.167946
v -0.071129 1.386450 -0.159570
v -0.056756 1.391890 -0.176735
v -0.082944 1.390610 -0.198123
v -0.071129 1.386450 -0.159570
v -0.055944 1.383740 -0.150719
v -0.041681 1.389480 -0.162796
v -0.056756 1.391890 -0.176735
v -0.077426 1.376690 -0.139846
v -0.065363 1.374710 -0.136538
v -0.055944 1.383740 -0.150719
v -0.071129 1.386450 -0.159570
v -0.065363 1.374710 -0.136538
v -0.077426 1.376690 -0.139846
v -0.079476 1.362010 -0.122465
v -0.070687 1.362290 -0.122854
v -0.070687 1.362290 -0.122854
v -0.079476 1.362010 -0.122465
v -0.079737 1.345080 -0.107406
v -0.071953 1.348620 -0.110501
v -0.079476 1.362010 -0.122465
v -0.097818 1.359470 -0.120278
v -0.092894 1.336060 -0.099850
v -0.079737 1.345080 -0.107406
v -0.077426 1.376690 -0.139846
v -0.099564 1.376680 -0.141728
v -0.097818 1.359470 -0.120278
v -0.079476 1.362010 -0.122465
v -0.063875 1.323590 -0.089558
v -0.069363 1.335820 -0.099660
v -0.073464 1.336360 -0.100099
v -0.075329 1.328100 -0.093281
v -0.092894 1.336060 -0.099850
v -0.075329 1.328100 -0.093281
v -0.073464 1.336360 -0.100099
v -0.079737 1.345080 -0.107406
v -0.071953 1.348620 -0.110501
v -0.079737 1.345080 -0.107406
v -0.073464 1.336360 -0.100099
v -0.069363 1.335820 -0.099660
v -0.017637 1.390970 -0.162409
v -0.034069 1.387830 -0.155619
v -0.020934 1.340570 -0.179820
v -0.010812 1.343820 -0.182495
v -0.020934 1.340570 -0.179820
v -0.034069 1.387830 -0.155619
v -0.048155 1.381920 -0.145980
v -0.029690 1.335340 -0.175525
v -0.048155 1.381920 -0.145980
v -0.059002 1.373220 -0.134727
v -0.036461 1.328530 -0.169924
v -0.029690 1.335340 -0.175525
v -0.036461 1.328530 -0.169924
v -0.059002 1.373220 -0.134727
v -0.065854 1.361990 -0.122924
v -0.040711 1.320590 -0.163393
v -0.065854 1.361990 -0.122924
v -0.068245 1.349120 -0.111077
v -0.042172 1.312070 -0.156388
v -0.040711 1.320590 -0.163393
v -0.036461 1.295610 -0.142853
v -0.059060 1.322960 -0.089039
v -0.048138 1.311980 -0.080008
v -0.029690 1.288790 -0.137252
v -0.048138 1.311980 -0.080008
v -0.033982 1.303540 -0.073077
v -0.020935 1.283570 -0.132957
v -0.029690 1.288790 -0.137252
v -0.042172 1.312070 -0.156388
v -0.068245 1.349120 -0.111077
v -0.065908 1.335720 -0.099594
v -0.040711 1.303550 -0.149383
v -0.065908 1.335720 -0.099594
v -0.059060 1.322960 -0.089039
v -0.036461 1.295610 -0.142853
v -0.040711 1.303550 -0.149383
v -0.020935 1.283570 -0.132957
v -0.033982 1.303540 -0.073077
v -0.017565 1.298280 -0.068750
v -0.010813 1.280320 -0.130282
v -0.034069 1.387830 -0.155619
v -0.035436 1.388140 -0.156869
v -0.049659 1.382290 -0.146742
v -0.048155 1.381920 -0.145980
v -0.048155 1.381920 -0.145980
v -0.049659 1.382290 -0.146742
v -0.060382 1.373570 -0.134973
v -0.059002 1.373220 -0.134727
v -0.049659 1.382290 -0.146742
v -0.055944 1.383740 -0.150719
v -0.065363 1.374710 -0.136538
v -0.060382 1.373570 -0.134973
v -0.035436 1.388140 -0.156869
v -0.041681 1.389480 -0.162796
v -0.055944 1.383740 -0.150719
v -0.049659 1.382290 -0.146742
v -0.071953 1.348620 -0.110501
v -0.069294 1.349060 -0.110962
v -0.067056 1.362130 -0.122885
v -0.070687 1.362290 -0.122854
v -0.070687 1.362290 -0.122854
v -0.067056 1.362130 -0.122885
v -0.060382 1.373570 -0.134973
v -0.065363 1.374710 -0.136538
v -0.067056 1.362130 -0.122885
v -0.065854 1.361990 -0.122924
v -0.059002 1.373220 -0.134727
v -0.060382 1.373570 -0.134973
v -0.069294 1.349060 -0.110962
v -0.068245 1.349120 -0.111077
v -0.065854 1.361990 -0.122924
v -0.067056 1.362130 -0.122885
v -0.063875 1.323590 -0.089558
v -0.060155 1.322820 -0.088923
v -0.066892 1.335620 -0.099503
v -0.069363 1.335820 -0.099660
v -0.069363 1.335820 -0.099660
v -0.066892 1.335620 -0.099503
v -0.069294 1.349060 -0.110962
v -0.071953 1.348620 -0.110501
v -0.066892 1.335620 -0.099503
v -0.065908 1.335720 -0.099594
v -0.068245 1.349120 -0.111077
v -0.069294 1.349060 -0.110962
v -0.060155 1.322820 -0.088923
v -0.059060 1.322960 -0.089039
v -0.065908 1.335720 -0.099594
v -0.066892 1.335620 -0.099503
v -0.040913 1.302250 -0.072012
v -0.035133 1.303000 -0.072631
v -0.049335 1.311610 -0.079708
v -0.054493 1.311540 -0.079651
v -0.054493 1.311540 -0.079651
v -0.049335 1.311610 -0.079708
v -0.060155 1.322820 -0.088923
v -0.063875 1.323590 -0.089558
v -0.049335 1.311610 -0.079708
v -0.048138 1.311980 -0.080008
v -0.059060 1.322960 -0.089039
v -0.060155 1.322820 -0.088923
v -0.035133 1.303000 -0.072631
v -0.033982 1.303540 -0.073077
v -0.048138 1.311980 -0.080008
v -0.049335 1.311610 -0.079708
v -0.000000 1.292860 -0.064296
v -0.000000 1.295810 -0.066720
v -0.018489 1.297630 -0.068217
v -0.023782 1.296490 -0.067280
v -0.023782 1.296490 -0.067280
v -0.018489 1.297630 -0.068217
v -0.035133 1.303000 -0.072631
v -0.040913 1.302250 -0.072012
v -0.018489 1.297630 -0.068217
v -0.017565 1.298280 -0.068750
v -0.033982 1.303540 -0.073077
v -0.035133 1.303000 -0.072631
v -0.000000 1.295810 -0.066720
v -0.000000 1.296480 -0.067269
v -0.017565 1.298280 -0.068750
v -0.018489 1.297630 -0.068217
v -0.092894 1.336060 -0.099850
v -0.123644 1.332110 -0.096562
v -0.117123 1.305470 -0.074651
v -0.087966 1.313190 -0.081007
v -0.092894 1.336060 -0.099850
v -0.087966 1.313190 -0.081007
v -0.067696 1.310600 -0.078881
v -0.075329 1.328100 -0.093281
v -0.063875 1.323590 -0.089558
v -0.075329 1.328100 -0.093281
v -0.067696 1.310600 -0.078881
v -0.054493 1.311540 -0.079651
v -0.040913 1.302250 -0.072012
v -0.054493 1.311540 -0.079651
v -0.067696 1.310600 -0.078881
v -0.054241 1.300690 -0.070730
v -0.040913 1.302250 -0.072012
v -0.054241 1.300690 -0.070730
v -0.029410 1.290890 -0.062676
v -0.023782 1.296490 -0.067280
v -0.000000 1.292860 -0.064296
v -0.023782 1.296490 -0.067280
v -0.029410 1.290890 -0.062676
v -0.000000 1.283670 -0.056738
v -0.041681 1.389480 -0.162796
v -0.035436 1.388140 -0.156869
v -0.018446 1.391270 -0.163871
v -0.022283 1.392550 -0.170258
v -0.022283 1.392550 -0.170258
v -0.018446 1.391270 -0.163871
v -0.000000 1.392180 -0.166476
v -0.000000 1.393470 -0.172714
v -0.018446 1.391270 -0.163871
v -0.017637 1.390970 -0.162409
v -0.000000 1.391870 -0.164983
v -0.000000 1.392180 -0.166476
v -0.035436 1.388140 -0.156869
v -0.034069 1.387830 -0.155619
v -0.017637 1.390970 -0.162409
v -0.018446 1.391270 -0.163871
v -0.082944 1.390610 -0.198123
v -0.056756 1.391890 -0.176735
v -0.030874 1.394650 -0.185037
v -0.039563 1.392630 -0.205795
v -0.039563 1.392630 -0.205795
v -0.030874 1.394650 -0.185037
v -0.000000 1.395500 -0.187022
v -0.000000 1.393280 -0.207038
v -0.030874 1.394650 -0.185037
v -0.022283 1.392550 -0.170258
v -0.000000 1.393470 -0.172714
v -0.000000 1.395500 -0.187022
v -0.056756 1.391890 -0.176735
v -0.041681 1.389480 -0.162796
v -0.022283 1.392550 -0.170258
v -0.030874 1.394650 -0.185037
v -0.017565 1.298280 -0.068750
v -0.000000 1.296480 -0.067269
v -0.000000 1.279200 -0.129369
v -0.010813 1.280320 -0.130282
v -0.000000 1.344930 -0.183408
v -0.000000 1.391870 -0.164983
v -0.017637 1.390970 -0.162409
v -0.010812 1.343820 -0.182495
v -0.030012 1.240540 -0.021272
v -0.032247 1.241040 -0.023157
v -0.073355 1.206640 0.005122
v -0.071611 1.205740 0.007338
v -0.072770 1.183330 0.025761
v -0.070106 1.182000 0.025388
v -0.065732 1.188160 0.020323
v -0.067979 1.190090 0.020199
v -0.073599 1.175040 0.032577
v -0.070849 1.174660 0.031410
v -0.070106 1.182000 0.025388
v -0.072770 1.183330 0.025761
v -0.069438 1.167370 0.038882
v -0.067171 1.167880 0.036983
v -0.070849 1.174660 0.031410
v -0.073599 1.175040 0.032577
v -0.061436 1.161710 0.043535
v -0.059830 1.162700 0.041252
v -0.067171 1.167880 0.036983
v -0.069438 1.167370 0.038882
v -0.050229 1.156840 0.047539
v -0.049083 1.158040 0.045091
v -0.059830 1.162700 0.041252
v -0.061436 1.161710 0.043535
v -0.107423 1.298940 -0.069283
v -0.107041 1.296120 -0.068432
v -0.078645 1.296320 -0.068601
v -0.078438 1.299140 -0.069459
v -0.117482 1.296870 -0.067583
v -0.116230 1.294230 -0.066886
v -0.107041 1.296120 -0.068432
v -0.107423 1.298940 -0.069283
v -0.119078 1.244300 -0.024362
v -0.116465 1.244180 -0.025724
v -0.122068 1.258940 -0.037865
v -0.124686 1.259090 -0.036520
v -0.124686 1.259090 -0.036520
v -0.122068 1.258940 -0.037865
v -0.127668 1.274690 -0.050817
v -0.130371 1.275110 -0.049687
v -0.130745 1.283160 -0.056310
v -0.128019 1.282050 -0.056887
v -0.124129 1.289300 -0.062842
v -0.126365 1.291320 -0.063018
v -0.130371 1.275110 -0.049687
v -0.127668 1.274690 -0.050817
v -0.128019 1.282050 -0.056887
v -0.130745 1.283160 -0.056310
v -0.024833 1.247750 -0.027199
v -0.027431 1.247740 -0.028664
v -0.032247 1.241040 -0.023157
v -0.030012 1.240540 -0.021272
v -0.022792 1.256620 -0.034494
v -0.025550 1.255890 -0.035369
v -0.027431 1.247740 -0.028664
v -0.024833 1.247750 -0.027199
v -0.024912 1.265520 -0.041812
v -0.027486 1.264010 -0.042052
v -0.025550 1.255890 -0.035369
v -0.022792 1.256620 -0.034494
v -0.032588 1.274680 -0.049344
v -0.034747 1.272670 -0.049167
v -0.027486 1.264010 -0.042052
v -0.024912 1.265520 -0.041812
v -0.056202 1.293260 -0.064622
v -0.057741 1.290800 -0.064059
v -0.052676 1.287500 -0.061352
v -0.050820 1.289760 -0.061745
v -0.050820 1.289760 -0.061745
v -0.052676 1.287500 -0.061352
v -0.034747 1.272670 -0.049167
v -0.032588 1.274680 -0.049344
v -0.063408 1.296280 -0.067103
v -0.064498 1.293620 -0.066386
v -0.057741 1.290800 -0.064059
v -0.056202 1.293260 -0.064622
v -0.025027 1.151160 0.052213
v -0.024596 1.152520 0.049629
v -0.037041 1.154610 0.047913
v -0.037805 1.153300 0.050451
v -0.012313 1.150140 0.053049
v -0.012135 1.151530 0.050449
v -0.024596 1.152520 0.049629
v -0.025027 1.151160 0.052213
v -0.000000 1.149880 0.053267
v -0.000000 1.151270 0.050663
v -0.012135 1.151530 0.050449
v -0.012313 1.150140 0.053049
v -0.018134 1.230510 -0.013031
v -0.016713 1.227980 -0.012420
v -0.008559 1.230810 -0.014745
v -0.009324 1.233570 -0.015541
v -0.025120 1.226260 -0.009537
v -0.023275 1.223990 -0.009133
v -0.016713 1.227980 -0.012420
v -0.018134 1.230510 -0.013031
v -0.067979 1.190090 0.020199
v -0.065732 1.188160 0.020323
v -0.023275 1.223990 -0.009133
v -0.025120 1.226260 -0.009537
v -0.106315 1.212080 0.002125
v -0.103817 1.212240 0.000532
v -0.110584 1.228910 -0.013169
v -0.113190 1.229010 -0.011791
v -0.113190 1.229010 -0.011791
v -0.110584 1.228910 -0.013169
v -0.116465 1.244180 -0.025724
v -0.119078 1.244300 -0.024362
v -0.100970 1.205040 0.007913
v -0.098977 1.205840 0.005782
v -0.103817 1.212240 0.000532
v -0.106315 1.212080 0.002125
v -0.091424 1.200610 0.011554
v -0.090779 1.202010 0.008909
v -0.098977 1.205840 0.005782
v -0.100970 1.205040 0.007913
v -0.080330 1.201330 0.010961
v -0.081239 1.202630 0.008397
v -0.090779 1.202010 0.008909
v -0.091424 1.200610 0.011554
v -0.078438 1.299140 -0.069459
v -0.078645 1.296320 -0.068601
v -0.071794 1.295520 -0.067943
v -0.071155 1.298290 -0.068756
v -0.071155 1.298290 -0.068756
v -0.071794 1.295520 -0.067943
v -0.064498 1.293620 -0.066386
v -0.063408 1.296280 -0.067103
v -0.126365 1.291320 -0.063018
v -0.124129 1.289300 -0.062842
v -0.116230 1.294230 -0.066886
v -0.117482 1.296870 -0.067583
v -0.071611 1.205740 0.007338
v -0.073355 1.206640 0.005122
v -0.081239 1.202630 0.008397
v -0.080330 1.201330 0.010961
v -0.037805 1.153300 0.050451
v -0.037041 1.154610 0.047913
v -0.049083 1.158040 0.045091
v -0.050229 1.156840 0.047539
v -0.009324 1.233570 -0.015541
v -0.008559 1.230810 -0.014745
v -0.000000 1.231770 -0.015534
v -0.000000 1.234610 -0.016400
v -0.064043 1.176550 0.021621
v -0.070106 1.182000 0.025388
v -0.070849 1.174660 0.031410
v -0.064629 1.171390 0.025860
v -0.072770 1.183330 0.025761
v -0.084078 1.187630 0.022224
v -0.073599 1.175040 0.032577
v -0.067171 1.167880 0.036983
v -0.061973 1.166640 0.029766
v -0.064629 1.171390 0.025860
v -0.070849 1.174660 0.031410
v -0.059830 1.162700 0.041252
v -0.056047 1.162600 0.033091
v -0.061973 1.166640 0.029766
v -0.067171 1.167880 0.036983
v -0.060364 1.181470 0.017580
v -0.065732 1.188160 0.020323
v -0.070106 1.182000 0.025388
v -0.064043 1.176550 0.021621
v -0.067979 1.190090 0.020199
v -0.071201 1.197040 0.014489
v -0.084078 1.187630 0.022224
v -0.072770 1.183330 0.025761
v -0.019100 1.216220 -0.010992
v -0.023275 1.223990 -0.009133
v -0.065732 1.188160 0.020323
v -0.060364 1.181470 0.017580
v -0.025120 1.226260 -0.009537
v -0.027182 1.232240 -0.014450
v -0.071201 1.197040 0.014489
v -0.067979 1.190090 0.020199
v -0.056047 1.162600 0.033091
v -0.059830 1.162700 0.041252
v -0.049083 1.158040 0.045091
v -0.046387 1.158450 0.036505
v -0.037041 1.154610 0.047913
v -0.035262 1.155280 0.039105
v -0.046387 1.158450 0.036505
v -0.049083 1.158040 0.045091
v -0.113417 1.285810 -0.068205
v -0.116230 1.294230 -0.066886
v -0.124129 1.289300 -0.062842
v -0.119085 1.282350 -0.065360
v -0.106008 1.287210 -0.069361
v -0.107041 1.296120 -0.068432
v -0.116230 1.294230 -0.066886
v -0.113417 1.285810 -0.068205
v -0.126365 1.291320 -0.063018
v -0.117482 1.296870 -0.067583
v -0.117123 1.305470 -0.074651
v -0.147147 1.310230 -0.078564
v -0.139526 1.290210 -0.062105
v -0.107423 1.298940 -0.069283
v -0.117123 1.305470 -0.074651
v -0.117482 1.296870 -0.067583
v -0.079268 1.287360 -0.069485
v -0.078645 1.296320 -0.068601
v -0.107041 1.296120 -0.068432
v -0.106008 1.287210 -0.069361
v -0.078438 1.299140 -0.069459
v -0.087966 1.313190 -0.081007
v -0.117123 1.305470 -0.074651
v -0.107423 1.298940 -0.069283
v -0.073238 1.286680 -0.068926
v -0.071794 1.295520 -0.067943
v -0.078645 1.296320 -0.068601
v -0.079268 1.287360 -0.069485
v -0.078438 1.299140 -0.069459
v -0.071155 1.298290 -0.068756
v -0.067696 1.310600 -0.078881
v -0.087966 1.313190 -0.081007
v -0.104587 1.226530 -0.019473
v -0.110348 1.241520 -0.031792
v -0.116465 1.244180 -0.025724
v -0.110584 1.228910 -0.013169
v -0.122068 1.258940 -0.037865
v -0.116465 1.244180 -0.025724
v -0.110348 1.241520 -0.031792
v -0.115846 1.255990 -0.043691
v -0.127668 1.274690 -0.050817
v -0.122068 1.258940 -0.037865
v -0.115846 1.255990 -0.043691
v -0.121333 1.271210 -0.056201
v -0.121776 1.277170 -0.061101
v -0.128019 1.282050 -0.056887
v -0.127668 1.274690 -0.050817
v -0.121333 1.271210 -0.056201
v -0.119085 1.282350 -0.065360
v -0.124129 1.289300 -0.062842
v -0.128019 1.282050 -0.056887
v -0.121776 1.277170 -0.061101
v -0.027431 1.247740 -0.028664
v -0.033388 1.245380 -0.034973
v -0.037598 1.239710 -0.030313
v -0.032247 1.241040 -0.023157
v -0.073355 1.206640 0.005122
v -0.032247 1.241040 -0.023157
v -0.037598 1.239710 -0.030313
v -0.077220 1.206520 -0.003019
v -0.016967 1.240160 -0.020966
v -0.024833 1.247750 -0.027199
v -0.030012 1.240540 -0.021272
v -0.023371 1.235290 -0.016956
v -0.071611 1.205740 0.007338
v -0.071201 1.197040 0.014489
v -0.027182 1.232240 -0.014450
v -0.030012 1.240540 -0.021272
v -0.030012 1.240540 -0.021272
v -0.027182 1.232240 -0.014450
v -0.023371 1.235290 -0.016956
v -0.027486 1.264010 -0.042052
v -0.033439 1.258270 -0.045567
v -0.031877 1.251830 -0.040273
v -0.025550 1.255890 -0.035369
v -0.033388 1.245380 -0.034973
v -0.027431 1.247740 -0.028664
v -0.025550 1.255890 -0.035369
v -0.031877 1.251830 -0.040273
v -0.024912 1.265520 -0.041812
v -0.022792 1.256620 -0.034494
v -0.000000 1.251250 -0.030079
v -0.000000 1.265520 -0.041812
v -0.000000 1.251250 -0.030079
v -0.022792 1.256620 -0.034494
v -0.024833 1.247750 -0.027199
v -0.016967 1.240160 -0.020966
v -0.000000 1.240890 -0.021563
v -0.052676 1.287500 -0.061352
v -0.057741 1.290800 -0.064059
v -0.061285 1.282660 -0.065624
v -0.056787 1.279700 -0.063189
v -0.054241 1.300690 -0.070730
v -0.063408 1.296280 -0.067103
v -0.056202 1.293260 -0.064622
v -0.029410 1.290890 -0.062676
v -0.056202 1.293260 -0.064622
v -0.050820 1.289760 -0.061745
v -0.029410 1.290890 -0.062676
v -0.064498 1.293620 -0.066386
v -0.067037 1.285070 -0.067603
v -0.061285 1.282660 -0.065624
v -0.057741 1.290800 -0.064059
v -0.071794 1.295520 -0.067943
v -0.073238 1.286680 -0.068926
v -0.067037 1.285070 -0.067603
v -0.064498 1.293620 -0.066386
v -0.071155 1.298290 -0.068756
v -0.063408 1.296280 -0.067103
v -0.054241 1.300690 -0.070730
v -0.034747 1.272670 -0.049167
v -0.039889 1.265730 -0.051702
v -0.033439 1.258270 -0.045567
v -0.027486 1.264010 -0.042052
v -0.039889 1.265730 -0.051702
v -0.034747 1.272670 -0.049167
v -0.052676 1.287500 -0.061352
v -0.056787 1.279700 -0.063189
v -0.012135 1.151530 0.050449
v -0.011723 1.152390 0.041485
v -0.023596 1.153330 0.040708
v -0.024596 1.152520 0.049629
v -0.035262 1.155280 0.039105
v -0.037041 1.154610 0.047913
v -0.024596 1.152520 0.049629
v -0.023596 1.153330 0.040708
v -0.000000 1.151270 0.050663
v -0.000000 1.152140 0.041690
v -0.011723 1.152390 0.041485
v -0.012135 1.151530 0.050449
v -0.073355 1.206640 0.005122
v -0.077220 1.206520 -0.003019
v -0.083301 1.203220 -0.000303
v -0.081239 1.202630 0.008397
v -0.071611 1.205740 0.007338
v -0.080330 1.201330 0.010961
v -0.071201 1.197040 0.014489
v -0.013407 1.219740 -0.013887
v -0.016713 1.227980 -0.012420
v -0.023275 1.223990 -0.009133
v -0.019100 1.216220 -0.010992
v -0.018134 1.230510 -0.013031
v -0.023371 1.235290 -0.016956
v -0.027182 1.232240 -0.014450
v -0.025120 1.226260 -0.009537
v -0.000000 1.222820 -0.016422
v -0.000000 1.231770 -0.015534
v -0.008559 1.230810 -0.014745
v -0.006796 1.222050 -0.015791
v -0.016713 1.227980 -0.012420
v -0.013407 1.219740 -0.013887
v -0.006796 1.222050 -0.015791
v -0.008559 1.230810 -0.014745
v -0.018134 1.230510 -0.013031
v -0.009324 1.233570 -0.015541
v -0.016967 1.240160 -0.020966
v -0.023371 1.235290 -0.016956
v -0.009324 1.233570 -0.015541
v -0.000000 1.234610 -0.016400
v -0.000000 1.240890 -0.021563
v -0.016967 1.240160 -0.020966
v -0.090779 1.202010 0.008909
v -0.089359 1.202710 0.000118
v -0.094503 1.205230 -0.001957
v -0.098977 1.205840 0.005782
v -0.098112 1.210370 -0.006184
v -0.103817 1.212240 0.000532
v -0.098977 1.205840 0.005782
v -0.094503 1.205230 -0.001957
v -0.098112 1.210370 -0.006184
v -0.104587 1.226530 -0.019473
v -0.110584 1.228910 -0.013169
v -0.103817 1.212240 0.000532
v -0.081239 1.202630 0.008397
v -0.083301 1.203220 -0.000303
v -0.089359 1.202710 0.000118
v -0.090779 1.202010 0.008909
v -0.071201 1.197040 0.014489
v -0.080330 1.201330 0.010961
v -0.091424 1.200610 0.011554
v -0.084078 1.187630 0.022224
v -0.071155 1.298290 -0.068756
v -0.054241 1.300690 -0.070730
v -0.067696 1.310600 -0.078881
v -0.098840 1.307030 -0.315235
v -0.113937 1.315750 -0.300076
v -0.112533 1.319240 -0.300425
v -0.097629 1.310620 -0.315270
v -0.097629 1.310620 -0.315270
v -0.112533 1.319240 -0.300425
v -0.110083 1.322520 -0.299959
v -0.095648 1.314160 -0.314236
v -0.095648 1.314160 -0.314236
v -0.110083 1.322520 -0.299959
v -0.107243 1.324710 -0.298803
v -0.093428 1.316680 -0.312410
v -0.113937 1.315750 -0.300076
v -0.126184 1.327720 -0.281071
v -0.124455 1.330900 -0.282018
v -0.112533 1.319240 -0.300425
v -0.112533 1.319240 -0.300425
v -0.124455 1.330900 -0.282018
v -0.121665 1.333860 -0.282170
v -0.110083 1.322520 -0.299959
v -0.110083 1.322520 -0.299959
v -0.121665 1.333860 -0.282170
v -0.118560 1.335830 -0.281484
v -0.107243 1.324710 -0.298803
v -0.093428 1.316680 -0.312410
v -0.073752 1.312180 -0.322321
v -0.075064 1.309440 -0.324595
v -0.095648 1.314160 -0.314236
v -0.095648 1.314160 -0.314236
v -0.075064 1.309440 -0.324595
v -0.076291 1.305720 -0.326013
v -0.097629 1.310620 -0.315270
v -0.097629 1.310620 -0.315270
v -0.076291 1.305720 -0.326013
v -0.077103 1.302020 -0.326194
v -0.098840 1.307030 -0.315235
v -0.073752 1.312180 -0.322321
v -0.049915 1.309960 -0.328757
v -0.050533 1.307190 -0.331242
v -0.075064 1.309440 -0.324595
v -0.075064 1.309440 -0.324595
v -0.050533 1.307190 -0.331242
v -0.051170 1.303440 -0.332849
v -0.076291 1.305720 -0.326013
v -0.076291 1.305720 -0.326013
v -0.051170 1.303440 -0.332849
v -0.051655 1.299710 -0.333149
v -0.077103 1.302020 -0.326194
v -0.076640 1.152380 0.043896
v -0.052684 1.143320 0.051971
v -0.051973 1.147100 0.052205
v -0.075638 1.155960 0.044605
v -0.075638 1.155960 0.044605
v -0.051973 1.147100 0.052205
v -0.050872 1.151150 0.051326
v -0.073926 1.159720 0.044194
v -0.073926 1.159720 0.044194
v -0.050872 1.151150 0.051326
v -0.049676 1.154370 0.049570
v -0.071962 1.162640 0.042776
v -0.139526 1.290210 -0.062105
v -0.147147 1.310230 -0.078564
v -0.150566 1.308940 -0.078552
v -0.142951 1.288920 -0.062092
v -0.142951 1.288920 -0.062092
v -0.150566 1.308940 -0.078552
v -0.153673 1.306820 -0.079686
v -0.146071 1.286810 -0.063219
v -0.146071 1.286810 -0.063219
v -0.153673 1.306820 -0.079686
v -0.155634 1.304450 -0.081661
v -0.148050 1.284440 -0.065184
v -0.147147 1.310230 -0.078564
v -0.154495 1.329530 -0.094434
v -0.158005 1.328560 -0.094695
v -0.150566 1.308940 -0.078552
v -0.150566 1.308940 -0.078552
v -0.158005 1.328560 -0.094695
v -0.161085 1.326600 -0.095988
v -0.153673 1.306820 -0.079686
v -0.153673 1.306820 -0.079686
v -0.161085 1.326600 -0.095988
v -0.162911 1.324170 -0.097964
v -0.155634 1.304450 -0.081661
v -0.174221 1.369140 -0.166328
v -0.174061 1.359010 -0.136793
v -0.172720 1.362090 -0.135519
v -0.173041 1.372480 -0.165794
v -0.173041 1.372480 -0.165794
v -0.172720 1.362090 -0.135519
v -0.170023 1.364620 -0.134798
v -0.170439 1.375220 -0.165516
v -0.170439 1.375220 -0.165516
v -0.170023 1.364620 -0.134798
v -0.166694 1.365940 -0.134825
v -0.167113 1.376600 -0.165568
v -0.153326 1.372360 -0.222577
v -0.141362 1.360120 -0.243720
v -0.145116 1.358890 -0.243201
v -0.156915 1.371010 -0.222234
v -0.156915 1.371010 -0.222234
v -0.145116 1.358890 -0.243201
v -0.148221 1.356350 -0.242280
v -0.159834 1.368350 -0.221551
v -0.159834 1.368350 -0.221551
v -0.148221 1.356350 -0.242280
v -0.149846 1.353200 -0.241205
v -0.161299 1.365090 -0.220712
v -0.052684 1.143320 0.051971
v -0.026747 1.138560 0.056471
v -0.026378 1.142460 0.056319
v -0.051973 1.147100 0.052205
v -0.051973 1.147100 0.052205
v -0.026378 1.142460 0.056319
v -0.025855 1.146640 0.055109
v -0.050872 1.151150 0.051326
v -0.050872 1.151150 0.051326
v -0.025855 1.146640 0.055109
v -0.025316 1.150000 0.053166
v -0.049676 1.154370 0.049570
v -0.026747 1.138560 0.056471
v -0.000000 1.137230 0.057885
v -0.000000 1.141150 0.057551
v -0.026378 1.142460 0.056319
v -0.026378 1.142460 0.056319
v -0.000000 1.141150 0.057551
v -0.000000 1.145370 0.056197
v -0.025855 1.146640 0.055109
v -0.025855 1.146640 0.055109
v -0.000000 1.145370 0.056197
v -0.000000 1.148760 0.054188
v -0.025316 1.150000 0.053166
v -0.108535 1.183730 0.017498
v -0.095938 1.165930 0.032317
v -0.094625 1.169230 0.033478
v -0.106960 1.186670 0.019049
v -0.106960 1.186670 0.019049
v -0.094625 1.169230 0.033478
v -0.092278 1.172500 0.033632
v -0.104202 1.189360 0.019744
v -0.104202 1.189360 0.019744
v -0.092278 1.172500 0.033632
v -0.089525 1.174850 0.032738
v -0.100998 1.191070 0.019397
v -0.140408 1.264420 -0.048738
v -0.132668 1.244390 -0.032338
v -0.130759 1.246770 -0.030338
v -0.138439 1.266790 -0.046766
v -0.138439 1.266790 -0.046766
v -0.130759 1.246770 -0.030338
v -0.127691 1.248880 -0.029185
v -0.135327 1.268900 -0.045635
v -0.135327 1.268900 -0.045635
v -0.127691 1.248880 -0.029185
v -0.124285 1.250170 -0.029190
v -0.131906 1.270190 -0.045648
v -0.116668 1.230160 -0.012739
v -0.124285 1.250170 -0.029190
v -0.127691 1.248880 -0.029185
v -0.120066 1.228870 -0.012733
v -0.120066 1.228870 -0.012733
v -0.127691 1.248880 -0.029185
v -0.130759 1.246770 -0.030338
v -0.123117 1.226750 -0.013890
v -0.123117 1.226750 -0.013890
v -0.130759 1.246770 -0.030338
v -0.132668 1.244390 -0.032338
v -0.125003 1.224370 -0.015899
v -0.095938 1.165930 0.032317
v -0.076640 1.152380 0.043896
v -0.075638 1.155960 0.044605
v -0.094625 1.169230 0.033478
v -0.094625 1.169230 0.033478
v -0.075638 1.155960 0.044605
v -0.073926 1.159720 0.044194
v -0.092278 1.172500 0.033632
v -0.092278 1.172500 0.033632
v -0.073926 1.159720 0.044194
v -0.071962 1.162640 0.042776
v -0.089525 1.174850 0.032738
v -0.116226 1.201830 0.002589
v -0.108535 1.183730 0.017498
v -0.106960 1.186670 0.019049
v -0.114393 1.204220 0.004605
v -0.114393 1.204220 0.004605
v -0.106960 1.186670 0.019049
v -0.104202 1.189360 0.019744
v -0.111387 1.206370 0.005753
v -0.111387 1.206370 0.005753
v -0.104202 1.189360 0.019744
v -0.100998 1.191070 0.019397
v -0.108014 1.207700 0.005726
v -0.148050 1.284440 -0.065184
v -0.140408 1.264420 -0.048738
v -0.138439 1.266790 -0.046766
v -0.146071 1.286810 -0.063219
v -0.146071 1.286810 -0.063219
v -0.138439 1.266790 -0.046766
v -0.135327 1.268900 -0.045635
v -0.142951 1.288920 -0.062092
v -0.142951 1.288920 -0.062092
v -0.135327 1.268900 -0.045635
v -0.131906 1.270190 -0.045648
v -0.139526 1.290210 -0.062105
v -0.108014 1.207700 0.005726
v -0.116668 1.230160 -0.012739
v -0.120066 1.228870 -0.012733
v -0.111387 1.206370 0.005753
v -0.111387 1.206370 0.005753
v -0.120066 1.228870 -0.012733
v -0.123117 1.226750 -0.013890
v -0.114393 1.204220 0.004605
v -0.114393 1.204220 0.004605
v -0.123117 1.226750 -0.013890
v -0.125003 1.224370 -0.015899
v -0.116226 1.201830 0.002589
v -0.169854 1.371500 -0.196636
v -0.174221 1.369140 -0.166328
v -0.173041 1.372480 -0.165794
v -0.168651 1.374910 -0.196884
v -0.168651 1.374910 -0.196884
v -0.173041 1.372480 -0.165794
v -0.170439 1.375220 -0.165516
v -0.166000 1.377690 -0.197099
v -0.166000 1.377690 -0.197099
v -0.170439 1.375220 -0.165516
v -0.167113 1.376600 -0.165568
v -0.162610 1.379100 -0.197223
v -0.126184 1.327720 -0.281071
v -0.138030 1.340470 -0.261131
v -0.136343 1.343630 -0.262146
v -0.124455 1.330900 -0.282018
v -0.124455 1.330900 -0.282018
v -0.136343 1.343630 -0.262146
v -0.133572 1.346580 -0.262372
v -0.121665 1.333860 -0.282170
v -0.121665 1.333860 -0.282170
v -0.133572 1.346580 -0.262372
v -0.130458 1.348530 -0.261748
v -0.118560 1.335830 -0.281484
v -0.138030 1.340470 -0.261131
v -0.149846 1.353200 -0.241205
v -0.148221 1.356350 -0.242280
v -0.136343 1.343630 -0.262146
v -0.136343 1.343630 -0.262146
v -0.148221 1.356350 -0.242280
v -0.145116 1.358890 -0.243201
v -0.133572 1.346580 -0.262372
v -0.133572 1.346580 -0.262372
v -0.145116 1.358890 -0.243201
v -0.141362 1.360120 -0.243720
v -0.130458 1.348530 -0.261748
v -0.154495 1.329530 -0.094434
v -0.161856 1.349380 -0.112075
v -0.165238 1.348180 -0.112154
v -0.158005 1.328560 -0.094695
v -0.158005 1.328560 -0.094695
v -0.165238 1.348180 -0.112154
v -0.168105 1.345930 -0.113225
v -0.161085 1.326600 -0.095988
v -0.161085 1.326600 -0.095988
v -0.168105 1.345930 -0.113225
v -0.169689 1.343230 -0.114999
v -0.162911 1.324170 -0.097964
v -0.161856 1.349380 -0.112075
v -0.166694 1.365940 -0.134825
v -0.170023 1.364620 -0.134798
v -0.165238 1.348180 -0.112154
v -0.165238 1.348180 -0.112154
v -0.170023 1.364620 -0.134798
v -0.172720 1.362090 -0.135519
v -0.168105 1.345930 -0.113225
v -0.168105 1.345930 -0.113225
v -0.172720 1.362090 -0.135519
v -0.174061 1.359010 -0.136793
v -0.169689 1.343230 -0.114999
v -0.162610 1.379100 -0.197223
v -0.153326 1.372360 -0.222577
v -0.156915 1.371010 -0.222234
v -0.166000 1.377690 -0.197099
v -0.166000 1.377690 -0.197099
v -0.156915 1.371010 -0.222234
v -0.159834 1.368350 -0.221551
v -0.168651 1.374910 -0.196884
v -0.168651 1.374910 -0.196884
v -0.159834 1.368350 -0.221551
v -0.161299 1.365090 -0.220712
v -0.169854 1.371500 -0.196636
v -0.049915 1.309960 -0.328757
v -0.025014 1.308930 -0.332113
v -0.025259 1.306160 -0.334653
v -0.050533 1.307190 -0.331242
v -0.050533 1.307190 -0.331242
v -0.025259 1.306160 -0.334653
v -0.025531 1.302400 -0.336320
v -0.051170 1.303440 -0.332849
v -0.051170 1.303440 -0.332849
v -0.025531 1.302400 -0.336320
v -0.025756 1.298660 -0.336669
v -0.051655 1.299710 -0.333149
v -0.025014 1.308930 -0.332113
v -0.000000 1.308650 -0.333049
v -0.000000 1.305880 -0.335592
v -0.025259 1.306160 -0.334653
v -0.025259 1.306160 -0.334653
v -0.000000 1.305880 -0.335592
v -0.000000 1.302120 -0.337266
v -0.025531 1.302400 -0.336320
v -0.025531 1.302400 -0.336320
v -0.000000 1.302120 -0.337266
v -0.000000 1.298380 -0.337621
v -0.025756 1.298660 -0.336669
v -0.012313 1.150140 0.053049
v -0.000000 1.148760 0.054188
v -0.000000 1.149880 0.053267
v -0.000000 1.308650 -0.333049
v -0.025014 1.308930 -0.332113
v -0.028752 1.321350 -0.314770
v -0.000000 1.321240 -0.315632
v -0.073752 1.312180 -0.322321
v -0.093428 1.316680 -0.312410
v -0.107243 1.324710 -0.298803
v -0.085243 1.321690 -0.307411
v -0.085243 1.321690 -0.307411
v -0.107243 1.324710 -0.298803
v -0.118560 1.335830 -0.281484
v -0.094127 1.335270 -0.287341
v -0.103210 1.349010 -0.266985
v -0.094127 1.335270 -0.287341
v -0.118560 1.335830 -0.281484
v -0.130458 1.348530 -0.261748
v -0.108014 1.207700 0.005726
v -0.106315 1.212080 0.002125
v -0.113190 1.229010 -0.011791
v -0.116668 1.230160 -0.012739
v -0.130371 1.275110 -0.049687
v -0.131906 1.270190 -0.045648
v -0.124686 1.259090 -0.036520
v -0.131906 1.270190 -0.045648
v -0.124285 1.250170 -0.029190
v -0.119078 1.244300 -0.024362
v -0.124686 1.259090 -0.036520
v -0.154495 1.329530 -0.094434
v -0.147147 1.310230 -0.078564
v -0.117123 1.305470 -0.074651
v -0.123644 1.332110 -0.096562
v -0.123644 1.332110 -0.096562
v -0.129484 1.354560 -0.116253
v -0.161856 1.349380 -0.112075
v -0.154495 1.329530 -0.094434
v -0.049915 1.309960 -0.328757
v -0.073752 1.312180 -0.322321
v -0.085243 1.321690 -0.307411
v -0.057257 1.321540 -0.312050
v -0.025014 1.308930 -0.332113
v -0.049915 1.309960 -0.328757
v -0.057257 1.321540 -0.312050
v -0.028752 1.321350 -0.314770
v -0.061436 1.161710 0.043535
v -0.071962 1.162640 0.042776
v -0.049676 1.154370 0.049570
v -0.050229 1.156840 0.047539
v -0.167113 1.376600 -0.165568
v -0.166694 1.365940 -0.134825
v -0.133092 1.372170 -0.139253
v -0.132878 1.382650 -0.168702
v -0.129484 1.354560 -0.116253
v -0.133092 1.372170 -0.139253
v -0.166694 1.365940 -0.134825
v -0.161856 1.349380 -0.112075
v -0.121362 1.376200 -0.224791
v -0.112471 1.362920 -0.246354
v -0.141362 1.360120 -0.243720
v -0.153326 1.372360 -0.222577
v -0.112471 1.362920 -0.246354
v -0.103210 1.349010 -0.266985
v -0.130458 1.348530 -0.261748
v -0.141362 1.360120 -0.243720
v -0.162610 1.379100 -0.197223
v -0.167113 1.376600 -0.165568
v -0.132878 1.382650 -0.168702
v -0.128365 1.384360 -0.199295
v -0.128365 1.384360 -0.199295
v -0.121362 1.376200 -0.224791
v -0.153326 1.372360 -0.222577
v -0.162610 1.379100 -0.197223
v -0.116668 1.230160 -0.012739
v -0.113190 1.229010 -0.011791
v -0.119078 1.244300 -0.024362
v -0.124285 1.250170 -0.029190
v -0.100970 1.205040 0.007913
v -0.106315 1.212080 0.002125
v -0.108014 1.207700 0.005726
v -0.130745 1.283160 -0.056310
v -0.126365 1.291320 -0.063018
v -0.139526 1.290210 -0.062105
v -0.032588 1.274680 -0.049344
v -0.024912 1.265520 -0.041812
v -0.000000 1.265520 -0.041812
v -0.000000 1.274680 -0.049344
v -0.032588 1.274680 -0.049344
v -0.000000 1.274680 -0.049344
v -0.000000 1.283670 -0.056738
v -0.029410 1.290890 -0.062676
v -0.037805 1.153300 0.050451
v -0.050229 1.156840 0.047539
v -0.049676 1.154370 0.049570
v -0.025027 1.151160 0.052213
v -0.025316 1.150000 0.053166
v -0.000000 1.148760 0.054188
v -0.012313 1.150140 0.053049
v -0.025027 1.151160 0.052213
v -0.037805 1.153300 0.050451
v -0.049676 1.154370 0.049570
v -0.025316 1.150000 0.053166
v -0.069438 1.167370 0.038882
v -0.071962 1.162640 0.042776
v -0.061436 1.161710 0.043535
v -0.073599 1.175040 0.032577
v -0.084078 1.187630 0.022224
v -0.100998 1.191070 0.019397
v -0.089525 1.174850 0.032738
v -0.069438 1.167370 0.038882
v -0.073599 1.175040 0.032577
v -0.089525 1.174850 0.032738
v -0.071962 1.162640 0.042776
v -0.091424 1.200610 0.011554
v -0.100970 1.205040 0.007913
v -0.108014 1.207700 0.005726
v -0.100998 1.191070 0.019397
v -0.084078 1.187630 0.022224
v -0.130371 1.275110 -0.049687
v -0.130745 1.283160 -0.056310
v -0.139526 1.290210 -0.062105
v -0.131906 1.270190 -0.045648
v -0.130340 1.163550 -0.031564
v -0.121626 1.142220 -0.012414
v -0.119664 1.145730 -0.008323
v -0.129251 1.167460 -0.027625
v -0.129251 1.167460 -0.027625
v -0.119664 1.145730 -0.008323
v -0.117603 1.150210 -0.004003
v -0.127742 1.172010 -0.023185
v -0.127742 1.172010 -0.023185
v -0.117603 1.150210 -0.004003
v -0.115995 1.154460 -0.000613
v -0.126216 1.175960 -0.019431
v -0.121626 1.142220 -0.012414
v -0.103438 1.116500 0.015077
v -0.103251 1.123090 0.015131
v -0.119664 1.145730 -0.008323
v -0.119664 1.145730 -0.008323
v -0.103251 1.123090 0.015131
v -0.102532 1.130020 0.016174
v -0.117603 1.150210 -0.004003
v -0.117603 1.150210 -0.004003
v -0.102532 1.130020 0.016174
v -0.101473 1.135440 0.017926
v -0.115995 1.154460 -0.000613
v -0.056699 1.245890 -0.321726
v -0.084625 1.248190 -0.313328
v -0.084582 1.252860 -0.316333
v -0.056648 1.250610 -0.324627
v -0.056648 1.250610 -0.324627
v -0.084582 1.252860 -0.316333
v -0.084189 1.258630 -0.318886
v -0.056354 1.256430 -0.327062
v -0.056354 1.256430 -0.327062
v -0.084189 1.258630 -0.318886
v -0.083551 1.263950 -0.320302
v -0.055897 1.261800 -0.328378
v -0.084625 1.248190 -0.313328
v -0.107880 1.252920 -0.301122
v -0.107824 1.257540 -0.304223
v -0.084582 1.252860 -0.316333
v -0.084582 1.252860 -0.316333
v -0.107824 1.257540 -0.304223
v -0.107315 1.263240 -0.306910
v -0.084189 1.258630 -0.318886
v -0.084189 1.258630 -0.318886
v -0.107315 1.263240 -0.306910
v -0.106491 1.268500 -0.308464
v -0.083551 1.263950 -0.320302
v -0.057161 1.096480 0.048266
v -0.029166 1.092560 0.056410
v -0.028942 1.098050 0.055110
v -0.056831 1.102160 0.047313
v -0.056831 1.102160 0.047313
v -0.028942 1.098050 0.055110
v -0.028629 1.104450 0.054320
v -0.056294 1.108680 0.046914
v -0.056294 1.108680 0.046914
v -0.028629 1.104450 0.054320
v -0.028312 1.110050 0.054251
v -0.055692 1.114300 0.047175
v -0.029166 1.092560 0.056410
v -0.000000 1.091460 0.058906
v -0.000000 1.096870 0.057451
v -0.028942 1.098050 0.055110
v -0.028942 1.098050 0.055110
v -0.000000 1.096870 0.057451
v -0.000000 1.103220 0.056548
v -0.028629 1.104450 0.054320
v -0.028629 1.104450 0.054320
v -0.000000 1.103220 0.056548
v -0.000000 1.108810 0.056439
v -0.028312 1.110050 0.054251
v -0.107880 1.252920 -0.301122
v -0.123218 1.261130 -0.285664
v -0.123086 1.265740 -0.288811
v -0.107824 1.257540 -0.304223
v -0.107824 1.257540 -0.304223
v -0.123086 1.265740 -0.288811
v -0.122456 1.271430 -0.291599
v -0.107315 1.263240 -0.306910
v -0.107315 1.263240 -0.306910
v -0.122456 1.271430 -0.291599
v -0.121497 1.276660 -0.293280
v -0.106491 1.268500 -0.308464
v -0.123218 1.261130 -0.285664
v -0.134225 1.271830 -0.267800
v -0.134032 1.276530 -0.270847
v -0.123086 1.265740 -0.288811
v -0.123086 1.265740 -0.288811
v -0.134032 1.276530 -0.270847
v -0.133405 1.282320 -0.273555
v -0.122456 1.271430 -0.291599
v -0.122456 1.271430 -0.291599
v -0.133405 1.282320 -0.273555
v -0.132512 1.287670 -0.275199
v -0.121497 1.276660 -0.293280
v -0.175126 1.280380 -0.130727
v -0.169514 1.261740 -0.115228
v -0.169988 1.266580 -0.112038
v -0.175795 1.285100 -0.127529
v -0.175795 1.285100 -0.127529
v -0.169988 1.266580 -0.112038
v -0.169539 1.271850 -0.108244
v -0.175542 1.290390 -0.123794
v -0.175542 1.290390 -0.123794
v -0.169539 1.271850 -0.108244
v -0.168287 1.276150 -0.104861
v -0.174434 1.294820 -0.120522
v -0.169514 1.261740 -0.115228
v -0.163685 1.244670 -0.100907
v -0.163340 1.248360 -0.096705
v -0.169988 1.266580 -0.112038
v -0.169988 1.266580 -0.112038
v -0.163340 1.248360 -0.096705
v -0.162260 1.252700 -0.092088
v -0.169539 1.271850 -0.108244
v -0.169539 1.271850 -0.108244
v -0.162260 1.252700 -0.092088
v -0.160734 1.256520 -0.088292
v -0.168287 1.276150 -0.104861
v -0.147733 1.205420 -0.067602
v -0.139243 1.185090 -0.050168
v -0.138311 1.188950 -0.046141
v -0.146937 1.209240 -0.063528
v -0.146937 1.209240 -0.063528
v -0.138311 1.188950 -0.046141
v -0.136901 1.193430 -0.041625
v -0.145584 1.213700 -0.058996
v -0.145584 1.213700 -0.058996
v -0.136901 1.193430 -0.041625
v -0.135390 1.197340 -0.037830
v -0.144036 1.217590 -0.055220
v -0.139243 1.185090 -0.050168
v -0.130340 1.163550 -0.031564
v -0.129251 1.167460 -0.027625
v -0.138311 1.188950 -0.046141
v -0.138311 1.188950 -0.046141
v -0.129251 1.167460 -0.027625
v -0.127742 1.172010 -0.023185
v -0.136901 1.193430 -0.041625
v -0.136901 1.193430 -0.041625
v -0.127742 1.172010 -0.023185
v -0.126216 1.175960 -0.019431
v -0.135390 1.197340 -0.037830
v -0.000000 1.244300 -0.327161
v -0.028347 1.244670 -0.326035
v -0.028272 1.249430 -0.328869
v -0.000000 1.249050 -0.329992
v -0.000000 1.249050 -0.329992
v -0.028272 1.249430 -0.328869
v -0.028089 1.255290 -0.331218
v -0.000000 1.254910 -0.332323
v -0.000000 1.254910 -0.332323
v -0.028089 1.255290 -0.331218
v -0.027848 1.260680 -0.332451
v -0.000000 1.260310 -0.333530
v -0.028347 1.244670 -0.326035
v -0.056699 1.245890 -0.321726
v -0.056648 1.250610 -0.324627
v -0.028272 1.249430 -0.328869
v -0.028272 1.249430 -0.328869
v -0.056648 1.250610 -0.324627
v -0.056354 1.256430 -0.327062
v -0.028089 1.255290 -0.331218
v -0.028089 1.255290 -0.331218
v -0.056354 1.256430 -0.327062
v -0.055897 1.261800 -0.328378
v -0.027848 1.260680 -0.332451
v -0.103438 1.116500 0.015077
v -0.083623 1.104490 0.032980
v -0.082858 1.110290 0.032907
v -0.103251 1.123090 0.015131
v -0.103251 1.123090 0.015131
v -0.082858 1.110290 0.032907
v -0.081843 1.116810 0.033456
v -0.102532 1.130020 0.016174
v -0.102532 1.130020 0.016174
v -0.081843 1.116810 0.033456
v -0.080851 1.122320 0.034480
v -0.101473 1.135440 0.017926
v -0.083623 1.104490 0.032980
v -0.057161 1.096480 0.048266
v -0.056831 1.102160 0.047313
v -0.082858 1.110290 0.032907
v -0.082858 1.110290 0.032907
v -0.056831 1.102160 0.047313
v -0.056294 1.108680 0.046914
v -0.081843 1.116810 0.033456
v -0.081843 1.116810 0.033456
v -0.056294 1.108680 0.046914
v -0.055692 1.114300 0.047175
v -0.080851 1.122320 0.034480
v -0.180416 1.324140 -0.151120
v -0.179181 1.331580 -0.171652
v -0.179609 1.325990 -0.172595
v -0.181017 1.319170 -0.153702
v -0.181017 1.319170 -0.153702
v -0.179609 1.325990 -0.172595
v -0.179357 1.319550 -0.173596
v -0.180814 1.313480 -0.156730
v -0.180814 1.313480 -0.156730
v -0.179357 1.319550 -0.173596
v -0.178494 1.313970 -0.174385
v -0.179860 1.308590 -0.159392
v -0.179181 1.331580 -0.171652
v -0.174484 1.331330 -0.194158
v -0.174840 1.325700 -0.193326
v -0.179609 1.325990 -0.172595
v -0.179609 1.325990 -0.172595
v -0.174840 1.325700 -0.193326
v -0.174744 1.319240 -0.192180
v -0.179357 1.319550 -0.173596
v -0.179357 1.319550 -0.173596
v -0.174744 1.319240 -0.192180
v -0.174223 1.313670 -0.191025
v -0.178494 1.313970 -0.174385
v -0.154024 1.311310 -0.236589
v -0.142673 1.298810 -0.257028
v -0.143868 1.293860 -0.254669
v -0.155128 1.306320 -0.234234
v -0.155128 1.306320 -0.234234
v -0.143868 1.293860 -0.254669
v -0.144651 1.288210 -0.251660
v -0.155843 1.300640 -0.231252
v -0.155843 1.300640 -0.231252
v -0.144651 1.288210 -0.251660
v -0.144812 1.283380 -0.248808
v -0.155976 1.295770 -0.228443
v -0.142673 1.298810 -0.257028
v -0.132512 1.287670 -0.275199
v -0.133405 1.282320 -0.273555
v -0.143868 1.293860 -0.254669
v -0.143868 1.293860 -0.254669
v -0.133405 1.282320 -0.273555
v -0.134032 1.276530 -0.270847
v -0.144651 1.288210 -0.251660
v -0.144651 1.288210 -0.251660
v -0.134032 1.276530 -0.270847
v -0.134225 1.271830 -0.267800
v -0.144812 1.283380 -0.248808
v -0.174434 1.294820 -0.120522
v -0.178549 1.311090 -0.134867
v -0.179489 1.306740 -0.138214
v -0.175542 1.290390 -0.123794
v -0.175542 1.290390 -0.123794
v -0.179489 1.306740 -0.138214
v -0.179598 1.301850 -0.142263
v -0.175795 1.285100 -0.127529
v -0.175795 1.285100 -0.127529
v -0.179598 1.301850 -0.142263
v -0.178846 1.297730 -0.145927
v -0.175126 1.280380 -0.130727
v -0.178549 1.311090 -0.134867
v -0.180416 1.324140 -0.151120
v -0.181017 1.319170 -0.153702
v -0.179489 1.306740 -0.138214
v -0.179489 1.306740 -0.138214
v -0.181017 1.319170 -0.153702
v -0.180814 1.313480 -0.156730
v -0.179598 1.301850 -0.142263
v -0.179598 1.301850 -0.142263
v -0.180814 1.313480 -0.156730
v -0.179860 1.308590 -0.159392
v -0.178846 1.297730 -0.145927
v -0.174484 1.331330 -0.194158
v -0.165286 1.323410 -0.215532
v -0.166060 1.318120 -0.213727
v -0.174840 1.325700 -0.193326
v -0.174840 1.325700 -0.193326
v -0.166060 1.318120 -0.213727
v -0.166467 1.312100 -0.211330
v -0.174744 1.319240 -0.192180
v -0.174744 1.319240 -0.192180
v -0.166467 1.312100 -0.211330
v -0.166399 1.306960 -0.208983
v -0.174223 1.313670 -0.191025
v -0.165286 1.323410 -0.215532
v -0.154024 1.311310 -0.236589
v -0.155128 1.306320 -0.234234
v -0.166060 1.318120 -0.213727
v -0.166060 1.318120 -0.213727
v -0.155128 1.306320 -0.234234
v -0.155843 1.300640 -0.231252
v -0.166467 1.312100 -0.211330
v -0.166467 1.312100 -0.211330
v -0.155843 1.300640 -0.231252
v -0.155976 1.295770 -0.228443
v -0.166399 1.306960 -0.208983
v -0.163685 1.244670 -0.100907
v -0.155959 1.225150 -0.084395
v -0.155360 1.228910 -0.080258
v -0.163340 1.248360 -0.096705
v -0.163340 1.248360 -0.096705
v -0.155360 1.228910 -0.080258
v -0.154119 1.233320 -0.075691
v -0.162260 1.252700 -0.092088
v -0.162260 1.252700 -0.092088
v -0.154119 1.233320 -0.075691
v -0.152568 1.237190 -0.071917
v -0.160734 1.256520 -0.088292
v -0.155959 1.225150 -0.084395
v -0.147733 1.205420 -0.067602
v -0.146937 1.209240 -0.063528
v -0.155360 1.228910 -0.080258
v -0.155360 1.228910 -0.080258
v -0.146937 1.209240 -0.063528
v -0.145584 1.213700 -0.058996
v -0.154119 1.233320 -0.075691
v -0.154119 1.233320 -0.075691
v -0.145584 1.213700 -0.058996
v -0.144036 1.217590 -0.055220
v -0.152568 1.237190 -0.071917
v -0.000000 1.073610 0.065581
v -0.000000 1.091460 0.058906
v -0.029166 1.092560 0.056410
v -0.026188 1.074330 0.063444
v -0.026747 1.138560 0.056471
v -0.028312 1.110050 0.054251
v -0.000000 1.108810 0.056439
v -0.000000 1.137230 0.057885
v -0.028450 1.240880 -0.323080
v -0.028347 1.244670 -0.326035
v -0.000000 1.244300 -0.327161
v -0.000000 1.240600 -0.324458
v -0.027848 1.260680 -0.332451
v -0.025756 1.298660 -0.336669
v -0.000000 1.298380 -0.337621
v -0.000000 1.260310 -0.333530
v -0.108535 1.183730 0.017498
v -0.115995 1.154460 -0.000613
v -0.101473 1.135440 0.017926
v -0.095938 1.165930 0.032317
v -0.103438 1.116500 0.015077
v -0.121626 1.142220 -0.012414
v -0.126132 1.135100 -0.027283
v -0.116279 1.110080 -0.006326
v -0.074326 1.079850 0.044704
v -0.083623 1.104490 0.032980
v -0.103438 1.116500 0.015077
v -0.093179 1.081590 0.029523
v -0.101473 1.135440 0.017926
v -0.080851 1.122320 0.034480
v -0.076640 1.152380 0.043896
v -0.095938 1.165930 0.032317
v -0.093179 1.081590 0.029523
v -0.103438 1.116500 0.015077
v -0.116279 1.110080 -0.006326
v -0.105903 1.077480 0.013479
v -0.126216 1.175960 -0.019431
v -0.115995 1.154460 -0.000613
v -0.108535 1.183730 0.017498
v -0.116226 1.201830 0.002589
v -0.130340 1.163550 -0.031564
v -0.139243 1.185090 -0.050168
v -0.142172 1.176670 -0.063507
v -0.134678 1.156420 -0.047364
v -0.121626 1.142220 -0.012414
v -0.130340 1.163550 -0.031564
v -0.134678 1.156420 -0.047364
v -0.126132 1.135100 -0.027283
v -0.125003 1.224370 -0.015899
v -0.135390 1.197340 -0.037830
v -0.126216 1.175960 -0.019431
v -0.116226 1.201830 0.002589
v -0.107627 1.248910 -0.297652
v -0.107880 1.252920 -0.301122
v -0.084625 1.248190 -0.313328
v -0.084454 1.244190 -0.309839
v -0.121497 1.276660 -0.293280
v -0.113937 1.315750 -0.300076
v -0.098840 1.307030 -0.315235
v -0.106491 1.268500 -0.308464
v -0.098840 1.307030 -0.315235
v -0.077103 1.302020 -0.326194
v -0.083551 1.263950 -0.320302
v -0.106491 1.268500 -0.308464
v -0.123189 1.257000 -0.282327
v -0.123218 1.261130 -0.285664
v -0.107880 1.252920 -0.301122
v -0.107627 1.248910 -0.297652
v -0.126184 1.327720 -0.281071
v -0.113937 1.315750 -0.300076
v -0.121497 1.276660 -0.293280
v -0.132512 1.287670 -0.275199
v -0.134387 1.267460 -0.264435
v -0.134225 1.271830 -0.267800
v -0.123218 1.261130 -0.285664
v -0.123189 1.257000 -0.282327
v -0.145161 1.279010 -0.244807
v -0.144812 1.283380 -0.248808
v -0.134225 1.271830 -0.267800
v -0.134387 1.267460 -0.264435
v -0.142673 1.298810 -0.257028
v -0.138030 1.340470 -0.261131
v -0.126184 1.327720 -0.281071
v -0.132512 1.287670 -0.275199
v -0.155634 1.304450 -0.081661
v -0.168287 1.276150 -0.104861
v -0.160734 1.256520 -0.088292
v -0.148050 1.284440 -0.065184
v -0.163685 1.244670 -0.100907
v -0.169514 1.261740 -0.115228
v -0.167765 1.251450 -0.121470
v -0.161964 1.232800 -0.106871
v -0.155959 1.225150 -0.084395
v -0.163685 1.244670 -0.100907
v -0.161964 1.232800 -0.106871
v -0.155697 1.214400 -0.092358
v -0.160734 1.256520 -0.088292
v -0.152568 1.237190 -0.071917
v -0.140408 1.264420 -0.048738
v -0.148050 1.284440 -0.065184
v -0.162911 1.324170 -0.097964
v -0.174434 1.294820 -0.120522
v -0.168287 1.276150 -0.104861
v -0.155634 1.304450 -0.081661
v -0.169514 1.261740 -0.115228
v -0.175126 1.280380 -0.130727
v -0.172610 1.269710 -0.135751
v -0.167765 1.251450 -0.121470
v -0.175126 1.280380 -0.130727
v -0.178846 1.297730 -0.145927
v -0.175966 1.286560 -0.149423
v -0.172610 1.269710 -0.135751
v -0.169689 1.343230 -0.114999
v -0.178549 1.311090 -0.134867
v -0.174434 1.294820 -0.120522
v -0.162911 1.324170 -0.097964
v -0.083551 1.263950 -0.320302
v -0.077103 1.302020 -0.326194
v -0.051655 1.299710 -0.333149
v -0.055897 1.261800 -0.328378
v -0.056765 1.241920 -0.318401
v -0.056699 1.245890 -0.321726
v -0.028347 1.244670 -0.326035
v -0.028450 1.240880 -0.323080
v -0.084454 1.244190 -0.309839
v -0.084625 1.248190 -0.313328
v -0.056699 1.245890 -0.321726
v -0.056765 1.241920 -0.318401
v -0.051655 1.299710 -0.333149
v -0.025756 1.298660 -0.336669
v -0.027848 1.260680 -0.332451
v -0.055897 1.261800 -0.328378
v -0.055692 1.114300 0.047175
v -0.028312 1.110050 0.054251
v -0.026747 1.138560 0.056471
v -0.052684 1.143320 0.051971
v -0.051270 1.076510 0.056561
v -0.057161 1.096480 0.048266
v -0.083623 1.104490 0.032980
v -0.074326 1.079850 0.044704
v -0.026188 1.074330 0.063444
v -0.029166 1.092560 0.056410
v -0.057161 1.096480 0.048266
v -0.051270 1.076510 0.056561
v -0.076640 1.152380 0.043896
v -0.080851 1.122320 0.034480
v -0.055692 1.114300 0.047175
v -0.052684 1.143320 0.051971
v -0.169854 1.371500 -0.196636
v -0.174484 1.331330 -0.194158
v -0.179181 1.331580 -0.171652
v -0.174221 1.369140 -0.166328
v -0.178494 1.313970 -0.174385
v -0.174223 1.313670 -0.191025
v -0.173081 1.309830 -0.191657
v -0.176791 1.308580 -0.176991
v -0.173081 1.309830 -0.191657
v -0.174223 1.313670 -0.191025
v -0.166399 1.306960 -0.208983
v -0.165726 1.302750 -0.207445
v -0.169854 1.371500 -0.196636
v -0.161299 1.365090 -0.220712
v -0.165286 1.323410 -0.215532
v -0.174484 1.331330 -0.194158
v -0.174221 1.369140 -0.166328
v -0.179181 1.331580 -0.171652
v -0.180416 1.324140 -0.151120
v -0.174061 1.359010 -0.136793
v -0.179860 1.308590 -0.159392
v -0.178494 1.313970 -0.174385
v -0.176791 1.308580 -0.176991
v -0.177488 1.300170 -0.162977
v -0.178846 1.297730 -0.145927
v -0.179860 1.308590 -0.159392
v -0.177488 1.300170 -0.162977
v -0.175966 1.286560 -0.149423
v -0.174061 1.359010 -0.136793
v -0.180416 1.324140 -0.151120
v -0.178549 1.311090 -0.134867
v -0.169689 1.343230 -0.114999
v -0.149846 1.353200 -0.241205
v -0.138030 1.340470 -0.261131
v -0.142673 1.298810 -0.257028
v -0.154024 1.311310 -0.236589
v -0.155868 1.291130 -0.225237
v -0.155976 1.295770 -0.228443
v -0.144812 1.283380 -0.248808
v -0.145161 1.279010 -0.244807
v -0.165286 1.323410 -0.215532
v -0.161299 1.365090 -0.220712
v -0.149846 1.353200 -0.241205
v -0.154024 1.311310 -0.236589
v -0.165726 1.302750 -0.207445
v -0.166399 1.306960 -0.208983
v -0.155976 1.295770 -0.228443
v -0.155868 1.291130 -0.225237
v -0.144036 1.217590 -0.055220
v -0.135390 1.197340 -0.037830
v -0.125003 1.224370 -0.015899
v -0.132668 1.244390 -0.032338
v -0.147733 1.205420 -0.067602
v -0.155959 1.225150 -0.084395
v -0.155697 1.214400 -0.092358
v -0.149099 1.195880 -0.077981
v -0.139243 1.185090 -0.050168
v -0.147733 1.205420 -0.067602
v -0.149099 1.195880 -0.077981
v -0.142172 1.176670 -0.063507
v -0.140408 1.264420 -0.048738
v -0.152568 1.237190 -0.071917
v -0.144036 1.217590 -0.055220
v -0.132668 1.244390 -0.032338
v -0.050820 1.289760 -0.061745
v -0.032588 1.274680 -0.049344
v -0.029410 1.290890 -0.062676
v -0.120338 1.003000 -0.063770
v -0.120528 1.004290 -0.062984
v -0.119674 1.034980 -0.093001
v -0.119431 1.033480 -0.092988
v -0.119848 0.999668 -0.065797
v -0.120338 1.003000 -0.063770
v -0.119431 1.033480 -0.092988
v -0.118604 1.028360 -0.092943
v -0.107750 1.074060 -0.148001
v -0.110363 1.081030 -0.149271
v -0.104543 1.098710 -0.170540
v -0.097591 1.091330 -0.172414
v -0.093844 0.825031 0.056471
v -0.093105 0.825175 0.057796
v -0.091513 0.839502 0.060894
v -0.092228 0.838972 0.059657
v -0.116349 1.061530 -0.123529
v -0.110890 1.082440 -0.149527
v -0.110363 1.081030 -0.149271
v -0.116118 1.060110 -0.123050
v -0.105093 0.815120 0.021445
v -0.105135 0.814562 0.020027
v -0.103820 0.808912 0.025876
v -0.103810 0.810033 0.026909
v -0.092206 0.811439 0.058208
v -0.089294 0.825918 0.064626
v -0.093105 0.825175 0.057796
v -0.095420 0.816188 0.052496
v -0.098403 0.811885 0.045178
v -0.098258 0.810368 0.045215
v -0.095420 0.816188 0.052496
v -0.096026 0.817083 0.051420
v -0.106914 0.824764 0.005252
v -0.105402 0.810997 0.010958
v -0.105135 0.814562 0.020027
v -0.106810 0.826584 0.013353
v -0.102389 0.808238 0.032563
v -0.102178 0.806740 0.032744
v -0.100416 0.807396 0.038840
v -0.100615 0.808894 0.038641
v -0.099993 0.804217 0.039261
v -0.097736 0.804895 0.045346
v -0.098258 0.810368 0.045215
v -0.100416 0.807396 0.038840
v -0.136004 1.162150 -0.160142
v -0.134383 1.154860 -0.156931
v -0.139676 1.152870 -0.132571
v -0.142713 1.162560 -0.132361
v -0.103810 0.810033 0.026909
v -0.103820 0.808912 0.025876
v -0.102178 0.806740 0.032744
v -0.102389 0.808238 0.032563
v -0.113367 1.149440 -0.194561
v -0.114360 1.143780 -0.189039
v -0.125655 1.151960 -0.175936
v -0.126458 1.158260 -0.180071
v -0.125494 1.150690 -0.175105
v -0.134080 1.153490 -0.156330
v -0.134383 1.154860 -0.156931
v -0.125655 1.151960 -0.175936
v -0.143538 1.156150 -0.102325
v -0.141125 1.146440 -0.104744
v -0.139059 1.135550 -0.076910
v -0.139543 1.146180 -0.071741
v -0.105722 1.130660 -0.192144
v -0.114550 1.142700 -0.187983
v -0.114360 1.143780 -0.189039
v -0.104824 1.131060 -0.193308
v -0.103064 1.115990 -0.185435
v -0.101844 1.115650 -0.186283
v -0.104543 1.098710 -0.170540
v -0.105570 1.099800 -0.170263
v -0.142713 1.162560 -0.132361
v -0.139676 1.152870 -0.132571
v -0.141125 1.146440 -0.104744
v -0.143538 1.156150 -0.102325
v -0.119220 0.971752 -0.038477
v -0.119095 0.971075 -0.039836
v -0.116643 0.938637 -0.021421
v -0.116697 0.939129 -0.019979
v -0.105722 1.130660 -0.192144
v -0.104824 1.131060 -0.193308
v -0.101844 1.115650 -0.186283
v -0.103064 1.115990 -0.185435
v -0.113913 0.907910 -0.007293
v -0.113913 0.907448 -0.008746
v -0.111372 0.877154 0.000605
v -0.111367 0.877509 0.002087
v -0.119848 0.999668 -0.065797
v -0.118664 0.968762 -0.044485
v -0.119095 0.971075 -0.039836
v -0.120338 1.003000 -0.063770
v -0.109027 0.849206 0.009082
v -0.109018 0.848892 0.007591
v -0.106810 0.826584 0.013353
v -0.106791 0.826918 0.014840
v -0.116697 0.939129 -0.019979
v -0.116643 0.938637 -0.021421
v -0.113913 0.907448 -0.008746
v -0.113913 0.907910 -0.007293
v -0.097284 1.001270 0.036774
v -0.100984 0.998801 0.031000
v -0.096419 0.961658 0.043480
v -0.092863 0.964144 0.048968
v -0.111367 0.877509 0.002087
v -0.111372 0.877154 0.000605
v -0.109018 0.848892 0.007591
v -0.109027 0.849206 0.009082
v -0.131694 1.126010 -0.044202
v -0.133915 1.119500 -0.052229
v -0.126328 1.097630 -0.029524
v -0.123135 1.102530 -0.021366
v -0.108399 1.034670 0.013275
v -0.101758 0.998286 0.029793
v -0.100984 0.998801 0.031000
v -0.107677 1.035220 0.014500
v -0.113199 1.072680 0.000852
v -0.116829 1.068950 -0.006528
v -0.107677 1.035220 0.014500
v -0.103914 1.038090 0.020884
v -0.139543 1.146180 -0.071741
v -0.139059 1.135550 -0.076910
v -0.133915 1.119500 -0.052229
v -0.131694 1.126010 -0.044202
v -0.089786 0.928412 0.058267
v -0.093211 0.925565 0.052898
v -0.091351 0.891928 0.059036
v -0.087930 0.895192 0.064491
v -0.123135 1.102530 -0.021366
v -0.126328 1.097630 -0.029524
v -0.116829 1.068950 -0.006528
v -0.113199 1.072680 0.000852
v -0.087319 0.865718 0.067376
v -0.090922 0.862342 0.061582
v -0.091513 0.839502 0.060894
v -0.087815 0.842246 0.067293
v -0.092863 0.964144 0.048968
v -0.096419 0.961658 0.043480
v -0.093211 0.925565 0.052898
v -0.089786 0.928412 0.058267
v -0.118604 1.028360 -0.092943
v -0.119431 1.033480 -0.092988
v -0.116118 1.060110 -0.123050
v -0.114427 1.049670 -0.119545
v -0.087930 0.895192 0.064491
v -0.091351 0.891928 0.059036
v -0.090922 0.862342 0.061582
v -0.087319 0.865718 0.067376
v 0.044039 0.697982 -0.083821
v 0.046131 0.734460 -0.087741
v 0.064975 0.733302 -0.073575
v 0.062639 0.696971 -0.070195
v 0.078682 0.689442 0.074807
v 0.079586 0.732143 0.076026
v 0.067625 0.732198 0.092555
v 0.066596 0.688649 0.090615
v 0.088414 0.690282 0.057203
v 0.089287 0.732057 0.057750
v 0.079586 0.732143 0.076026
v 0.078682 0.689442 0.074807
v 0.088853 0.694942 -0.036939
v 0.090956 0.731763 -0.039278
v 0.098042 0.731397 -0.020310
v 0.096057 0.693933 -0.018764
v 0.040769 0.918538 0.102658
v 0.058717 0.916068 0.093177
v 0.059876 0.944121 0.086910
v 0.041538 0.946027 0.096408
v 0.041538 0.946027 0.096408
v 0.059876 0.944121 0.086910
v 0.061406 0.975432 0.078778
v 0.042555 0.976835 0.088347
v 0.059876 0.944121 0.086910
v 0.074601 0.940130 0.076040
v 0.076676 0.972533 0.067656
v 0.061406 0.975432 0.078778
v 0.058717 0.916068 0.093177
v 0.073106 0.910816 0.082321
v 0.074601 0.940130 0.076040
v 0.059876 0.944121 0.086910
v 0.109756 0.870415 -0.039207
v 0.104602 0.867782 -0.060656
v 0.105114 0.895674 -0.063893
v 0.111201 0.899433 -0.044078
v 0.111201 0.899433 -0.044078
v 0.105114 0.895674 -0.063893
v 0.105572 0.926624 -0.069786
v 0.112551 0.930832 -0.051763
v 0.105114 0.895674 -0.063893
v 0.094830 0.892261 -0.085215
v 0.094153 0.922441 -0.089557
v 0.105572 0.926624 -0.069786
v 0.104602 0.867782 -0.060656
v 0.095539 0.865903 -0.083487
v 0.094830 0.892261 -0.085215
v 0.105114 0.895674 -0.063893
v 0.046783 1.045400 0.067311
v 0.067674 1.045660 0.056944
v 0.074326 1.079850 0.044704
v 0.051270 1.076510 0.056561
v 0.067674 1.045660 0.056944
v 0.084865 1.044560 0.044175
v 0.093179 1.081590 0.029523
v 0.074326 1.079850 0.044704
v 0.134335 1.256050 -0.255454
v 0.122776 1.245950 -0.273181
v 0.123189 1.257000 -0.282327
v 0.134387 1.267460 -0.264435
v 0.122776 1.245950 -0.273181
v 0.106907 1.237990 -0.288398
v 0.107627 1.248910 -0.297652
v 0.123189 1.257000 -0.282327
v 0.103124 0.794360 -0.027695
v 0.098058 0.794391 -0.050784
v 0.099644 0.807497 -0.053455
v 0.104362 0.806913 -0.030080
v 0.104362 0.806913 -0.030080
v 0.099644 0.807497 -0.053455
v 0.101394 0.823520 -0.056011
v 0.105957 0.822962 -0.032834
v 0.099644 0.807497 -0.053455
v 0.091238 0.810559 -0.076605
v 0.093193 0.826020 -0.079839
v 0.101394 0.823520 -0.056011
v 0.098058 0.794391 -0.050784
v 0.089218 0.797006 -0.072809
v 0.091238 0.810559 -0.076605
v 0.099644 0.807497 -0.053455
v 0.038731 0.826345 0.116146
v 0.055858 0.824230 0.105983
v 0.056439 0.845303 0.104182
v 0.039163 0.847911 0.114158
v 0.039163 0.847911 0.114158
v 0.056439 0.845303 0.104182
v 0.057066 0.867143 0.101578
v 0.039627 0.870063 0.111330
v 0.056439 0.845303 0.104182
v 0.071025 0.840125 0.091284
v 0.071423 0.860871 0.089624
v 0.057066 0.867143 0.101578
v 0.055858 0.824230 0.105983
v 0.070626 0.820605 0.092315
v 0.071025 0.840125 0.091284
v 0.056439 0.845303 0.104182
v 0.112551 0.930832 -0.051763
v 0.105572 0.926624 -0.069786
v 0.106724 0.959621 -0.080001
v 0.114081 0.963712 -0.063542
v 0.114081 0.963712 -0.063542
v 0.106724 0.959621 -0.080001
v 0.107899 0.992557 -0.094680
v 0.115198 0.995452 -0.079475
v 0.106724 0.959621 -0.080001
v 0.094847 0.955131 -0.098602
v 0.096129 0.988278 -0.111907
v 0.107899 0.992557 -0.094680
v 0.105572 0.926624 -0.069786
v 0.094153 0.922441 -0.089557
v 0.094847 0.955131 -0.098602
v 0.106724 0.959621 -0.080001
v 0.042555 0.976835 0.088347
v 0.061406 0.975432 0.078778
v 0.063641 1.010120 0.068566
v 0.044059 1.011100 0.078284
v 0.044059 1.011100 0.078284
v 0.063641 1.010120 0.068566
v 0.067674 1.045660 0.056944
v 0.046783 1.045400 0.067311
v 0.063641 1.010120 0.068566
v 0.079678 1.007920 0.056998
v 0.084865 1.044560 0.044175
v 0.067674 1.045660 0.056944
v 0.061406 0.975432 0.078778
v 0.076676 0.972533 0.067656
v 0.079678 1.007920 0.056998
v 0.063641 1.010120 0.068566
v 0.056624 0.917374 -0.126765
v 0.029995 0.916880 -0.140784
v 0.029679 0.947577 -0.144823
v 0.056281 0.948789 -0.132667
v 0.056281 0.948789 -0.132667
v 0.029679 0.947577 -0.144823
v 0.030310 0.979049 -0.153429
v 0.057383 0.981029 -0.143046
v 0.029679 0.947577 -0.144823
v -0.000000 0.947300 -0.149729
v -0.000000 0.978381 -0.157441
v 0.030310 0.979049 -0.153429
v 0.029995 0.916880 -0.140784
v -0.000000 0.916942 -0.146598
v -0.000000 0.947300 -0.149729
v 0.029679 0.947577 -0.144823
v 0.057032 0.806877 -0.112892
v 0.030786 0.811710 -0.127678
v 0.032332 0.827883 -0.136892
v 0.059540 0.822333 -0.120482
v 0.059540 0.822333 -0.120482
v 0.032332 0.827883 -0.136892
v 0.033518 0.841962 -0.143831
v 0.061526 0.836760 -0.126256
v 0.032332 0.827883 -0.136892
v -0.000000 0.830280 -0.143630
v -0.000000 0.844219 -0.151069
v 0.033518 0.841962 -0.143831
v 0.030786 0.811710 -0.127678
v -0.000000 0.813848 -0.133745
v -0.000000 0.830280 -0.143630
v 0.032332 0.827883 -0.136892
v 0.056573 1.230830 -0.309554
v 0.028491 1.229840 -0.314643
v 0.028450 1.240880 -0.323080
v 0.056765 1.241920 -0.318401
v 0.028491 1.229840 -0.314643
v -0.000000 1.229620 -0.316232
v -0.000000 1.240600 -0.324458
v 0.028450 1.240880 -0.323080
v 0.057383 0.981029 -0.143046
v 0.030310 0.979049 -0.153429
v 0.031122 1.009550 -0.165150
v 0.058667 1.012160 -0.156176
v 0.058667 1.012160 -0.156176
v 0.031122 1.009550 -0.165150
v 0.031578 1.037310 -0.178344
v 0.059363 1.040340 -0.170328
v 0.031122 1.009550 -0.165150
v -0.000000 1.008540 -0.168483
v -0.000000 1.036120 -0.181280
v 0.031578 1.037310 -0.178344
v 0.030310 0.979049 -0.153429
v -0.000000 0.978381 -0.157441
v -0.000000 1.008540 -0.168483
v 0.031122 1.009550 -0.165150
v 0.061783 0.865896 -0.127845
v 0.033450 0.867194 -0.144821
v 0.031668 0.889003 -0.141817
v 0.059122 0.888867 -0.126132
v 0.059122 0.888867 -0.126132
v 0.031668 0.889003 -0.141817
v 0.029995 0.916880 -0.140784
v 0.056624 0.917374 -0.126765
v 0.031668 0.889003 -0.141817
v -0.000000 0.889320 -0.148358
v -0.000000 0.916942 -0.146598
v 0.029995 0.916880 -0.140784
v 0.033450 0.867194 -0.144821
v -0.000000 0.867950 -0.151872
v -0.000000 0.889320 -0.148358
v 0.031668 0.889003 -0.141817
v 0.077785 0.695959 -0.054155
v 0.080017 0.732426 -0.057118
v 0.090956 0.731763 -0.039278
v 0.088853 0.694942 -0.036939
v 0.018620 0.686994 0.119960
v 0.019025 0.732320 0.122536
v -0.000000 0.732282 0.124773
v 0.000438 0.686842 0.122231
v 0.129803 1.181210 -0.196460
v 0.116234 1.173070 -0.212804
v 0.118080 1.187110 -0.224254
v 0.131425 1.195430 -0.207484
v 0.131425 1.195430 -0.207484
v 0.118080 1.187110 -0.224254
v 0.119614 1.200600 -0.235539
v 0.132617 1.209260 -0.218507
v 0.118080 1.187110 -0.224254
v 0.101065 1.179400 -0.238538
v 0.102636 1.193040 -0.250207
v 0.119614 1.200600 -0.235539
v 0.116234 1.173070 -0.212804
v 0.099341 1.164910 -0.226485
v 0.101065 1.179400 -0.238538
v 0.118080 1.187110 -0.224254
v 0.036109 0.687386 0.113609
v 0.036857 0.732352 0.116154
v 0.019025 0.732320 0.122536
v 0.018620 0.686994 0.119960
v 0.052271 0.687951 0.103702
v 0.053248 0.732290 0.106073
v 0.036857 0.732352 0.116154
v 0.036109 0.687386 0.113609
v 0.061526 0.836760 -0.126256
v 0.033518 0.841962 -0.143831
v 0.034033 0.853253 -0.146181
v 0.062514 0.849867 -0.128471
v 0.062514 0.849867 -0.128471
v 0.034033 0.853253 -0.146181
v 0.033450 0.867194 -0.144821
v 0.061783 0.865896 -0.127845
v 0.034033 0.853253 -0.146181
v -0.000000 0.854808 -0.153503
v -0.000000 0.867950 -0.151872
v 0.033450 0.867194 -0.144821
v 0.033518 0.841962 -0.143831
v -0.000000 0.844219 -0.151069
v -0.000000 0.854808 -0.153503
v 0.034033 0.853253 -0.146181
v 0.105957 0.822962 -0.032834
v 0.101394 0.823520 -0.056011
v 0.103234 0.843612 -0.058285
v 0.107893 0.844440 -0.035723
v 0.107893 0.844440 -0.035723
v 0.103234 0.843612 -0.058285
v 0.104602 0.867782 -0.060656
v 0.109756 0.870415 -0.039207
v 0.103234 0.843612 -0.058285
v 0.094864 0.844097 -0.082010
v 0.095539 0.865903 -0.083487
v 0.104602 0.867782 -0.060656
v 0.101394 0.823520 -0.056011
v 0.093193 0.826020 -0.079839
v 0.094864 0.844097 -0.082010
v 0.103234 0.843612 -0.058285
v 0.039627 0.870063 0.111330
v 0.057066 0.867143 0.101578
v 0.057805 0.890567 0.097981
v 0.040150 0.893421 0.107553
v 0.040150 0.893421 0.107553
v 0.057805 0.890567 0.097981
v 0.058717 0.916068 0.093177
v 0.040769 0.918538 0.102658
v 0.057805 0.890567 0.097981
v 0.072077 0.884372 0.086753
v 0.073106 0.910816 0.082321
v 0.058717 0.916068 0.093177
v 0.057066 0.867143 0.101578
v 0.071423 0.860871 0.089624
v 0.072077 0.884372 0.086753
v 0.057805 0.890567 0.097981
v 0.147994 1.194710 -0.156453
v 0.140091 1.187810 -0.176923
v 0.141905 1.203150 -0.188033
v 0.150399 1.211410 -0.168023
v 0.150399 1.211410 -0.168023
v 0.141905 1.203150 -0.188033
v 0.143205 1.217940 -0.199177
v 0.152269 1.227450 -0.179633
v 0.141905 1.203150 -0.188033
v 0.131425 1.195430 -0.207484
v 0.132617 1.209260 -0.218507
v 0.143205 1.217940 -0.199177
v 0.140091 1.187810 -0.176923
v 0.129803 1.181210 -0.196460
v 0.131425 1.195430 -0.207484
v 0.141905 1.203150 -0.188033
v -0.000000 0.871095 0.119769
v 0.020449 0.871010 0.117590
v 0.020709 0.894326 0.113767
v -0.000000 0.894395 0.115935
v -0.000000 0.894395 0.115935
v 0.020709 0.894326 0.113767
v 0.021016 0.919297 0.108844
v -0.000000 0.919335 0.111002
v 0.020709 0.894326 0.113767
v 0.040150 0.893421 0.107553
v 0.040769 0.918538 0.102658
v 0.021016 0.919297 0.108844
v 0.020449 0.871010 0.117590
v 0.039627 0.870063 0.111330
v 0.040150 0.893421 0.107553
v 0.020709 0.894326 0.113767
v 0.093193 0.826020 -0.079839
v 0.080801 0.830853 -0.103917
v 0.082185 0.846422 -0.106079
v 0.094864 0.844097 -0.082010
v 0.094864 0.844097 -0.082010
v 0.082185 0.846422 -0.106079
v 0.082006 0.865310 -0.106497
v 0.095539 0.865903 -0.083487
v 0.082185 0.846422 -0.106079
v 0.062514 0.849867 -0.128471
v 0.061783 0.865896 -0.127845
v 0.082006 0.865310 -0.106497
v 0.080801 0.830853 -0.103917
v 0.061526 0.836760 -0.126256
v 0.062514 0.849867 -0.128471
v 0.082185 0.846422 -0.106079
v 0.066596 0.688649 0.090615
v 0.067625 0.732198 0.092555
v 0.053248 0.732290 0.106073
v 0.052271 0.687951 0.103702
v 0.022898 0.698911 -0.093449
v 0.024133 0.735812 -0.098231
v 0.046131 0.734460 -0.087741
v 0.044039 0.697982 -0.083821
v 0.099341 1.164910 -0.226485
v 0.079227 1.158680 -0.238368
v 0.079903 1.173720 -0.250832
v 0.101065 1.179400 -0.238538
v 0.101065 1.179400 -0.238538
v 0.079903 1.173720 -0.250832
v 0.080613 1.187750 -0.262725
v 0.102636 1.193040 -0.250207
v 0.079903 1.173720 -0.250832
v 0.055349 1.170090 -0.260510
v 0.055113 1.184550 -0.272432
v 0.080613 1.187750 -0.262725
v 0.079227 1.158680 -0.238368
v 0.055738 1.154560 -0.247878
v 0.055349 1.170090 -0.260510
v 0.079903 1.173720 -0.250832
v 0.095539 0.865903 -0.083487
v 0.082006 0.865310 -0.106497
v 0.079947 0.889916 -0.106492
v 0.094830 0.892261 -0.085215
v 0.094830 0.892261 -0.085215
v 0.079947 0.889916 -0.106492
v 0.078011 0.919234 -0.109038
v 0.094153 0.922441 -0.089557
v 0.079947 0.889916 -0.106492
v 0.059122 0.888867 -0.126132
v 0.056624 0.917374 -0.126765
v 0.078011 0.919234 -0.109038
v 0.082006 0.865310 -0.106497
v 0.061783 0.865896 -0.127845
v 0.059122 0.888867 -0.126132
v 0.079947 0.889916 -0.106492
v 0.096129 0.988278 -0.111907
v 0.079398 0.984220 -0.128623
v 0.080592 1.015740 -0.143168
v 0.096898 1.019690 -0.128132
v 0.096898 1.019690 -0.128132
v 0.080592 1.015740 -0.143168
v 0.081132 1.044150 -0.158443
v 0.096883 1.047370 -0.144872
v 0.080592 1.015740 -0.143168
v 0.058667 1.012160 -0.156176
v 0.059363 1.040340 -0.170328
v 0.081132 1.044150 -0.158443
v 0.079398 0.984220 -0.128623
v 0.057383 0.981029 -0.143046
v 0.058667 1.012160 -0.156176
v 0.080592 1.015740 -0.143168
v 0.059363 1.040340 -0.170328
v 0.031578 1.037310 -0.178344
v 0.031358 1.061110 -0.191595
v 0.059034 1.064320 -0.184105
v 0.059034 1.064320 -0.184105
v 0.031358 1.061110 -0.191595
v 0.030774 1.082030 -0.204589
v 0.058106 1.085240 -0.197471
v 0.031358 1.061110 -0.191595
v -0.000000 1.059950 -0.194407
v -0.000000 1.081000 -0.207334
v 0.030774 1.082030 -0.204589
v 0.031578 1.037310 -0.178344
v -0.000000 1.036120 -0.181280
v -0.000000 1.059950 -0.194407
v 0.031358 1.061110 -0.191595
v 0.106907 1.237990 -0.288398
v 0.083894 1.233200 -0.300687
v 0.084454 1.244190 -0.309839
v 0.107627 1.248910 -0.297652
v 0.083894 1.233200 -0.300687
v 0.056573 1.230830 -0.309554
v 0.056765 1.241920 -0.318401
v 0.084454 1.244190 -0.309839
v 0.089218 0.797006 -0.072809
v 0.076143 0.801522 -0.093902
v 0.078653 0.815959 -0.099498
v 0.091238 0.810559 -0.076605
v 0.091238 0.810559 -0.076605
v 0.078653 0.815959 -0.099498
v 0.080801 0.830853 -0.103917
v 0.093193 0.826020 -0.079839
v 0.078653 0.815959 -0.099498
v 0.059540 0.822333 -0.120482
v 0.061526 0.836760 -0.126256
v 0.080801 0.830853 -0.103917
v 0.076143 0.801522 -0.093902
v 0.057032 0.806877 -0.112892
v 0.059540 0.822333 -0.120482
v 0.078653 0.815959 -0.099498
v 0.094153 0.922441 -0.089557
v 0.078011 0.919234 -0.109038
v 0.078101 0.951363 -0.116683
v 0.094847 0.955131 -0.098602
v 0.094847 0.955131 -0.098602
v 0.078101 0.951363 -0.116683
v 0.079398 0.984220 -0.128623
v 0.096129 0.988278 -0.111907
v 0.078101 0.951363 -0.116683
v 0.056281 0.948789 -0.132667
v 0.057383 0.981029 -0.143046
v 0.079398 0.984220 -0.128623
v 0.078011 0.919234 -0.109038
v 0.056624 0.917374 -0.126765
v 0.056281 0.948789 -0.132667
v 0.078101 0.951363 -0.116683
v -0.000000 0.977125 0.096656
v 0.021906 0.977175 0.094521
v 0.022660 1.011230 0.084467
v -0.000000 1.011120 0.086582
v -0.000000 1.011120 0.086582
v 0.022660 1.011230 0.084467
v 0.024004 1.044830 0.073683
v -0.000000 1.044530 0.075793
v 0.022660 1.011230 0.084467
v 0.044059 1.011100 0.078284
v 0.046783 1.045400 0.067311
v 0.024004 1.044830 0.073683
v 0.021906 0.977175 0.094521
v 0.042555 0.976835 0.088347
v 0.044059 1.011100 0.078284
v 0.022660 1.011230 0.084467
v -0.000000 0.827180 0.124709
v 0.019997 0.827105 0.122506
v 0.020216 0.848796 0.120471
v -0.000000 0.848881 0.122662
v -0.000000 0.848881 0.122662
v 0.020216 0.848796 0.120471
v 0.020449 0.871010 0.117590
v -0.000000 0.871095 0.119769
v 0.020216 0.848796 0.120471
v 0.039163 0.847911 0.114158
v 0.039627 0.870063 0.111330
v 0.020449 0.871010 0.117590
v 0.019997 0.827105 0.122506
v 0.038731 0.826345 0.116146
v 0.039163 0.847911 0.114158
v 0.020216 0.848796 0.120471
v -0.000000 1.044530 0.075793
v 0.024004 1.044830 0.073683
v 0.026188 1.074330 0.063444
v -0.000000 1.073610 0.065581
v 0.024004 1.044830 0.073683
v 0.046783 1.045400 0.067311
v 0.051270 1.076510 0.056561
v 0.026188 1.074330 0.063444
v -0.000000 0.919335 0.111002
v 0.021016 0.919297 0.108844
v 0.021397 0.946570 0.102587
v -0.000000 0.946565 0.104737
v -0.000000 0.946565 0.104737
v 0.021397 0.946570 0.102587
v 0.021906 0.977175 0.094521
v -0.000000 0.977125 0.096656
v 0.021397 0.946570 0.102587
v 0.041538 0.946027 0.096408
v 0.042555 0.976835 0.088347
v 0.021906 0.977175 0.094521
v 0.021016 0.919297 0.108844
v 0.040769 0.918538 0.102658
v 0.041538 0.946027 0.096408
v 0.021397 0.946570 0.102587
v 0.000450 0.699329 -0.097115
v -0.000000 0.736497 -0.102389
v 0.024133 0.735812 -0.098231
v 0.022898 0.698911 -0.093449
v 0.095618 0.691130 0.038704
v 0.096782 0.731867 0.038912
v 0.089287 0.732057 0.057750
v 0.088414 0.690282 0.057203
v 0.175966 1.286560 -0.149423
v 0.169976 1.269870 -0.160282
v 0.171552 1.284230 -0.172261
v 0.177488 1.300170 -0.162977
v 0.172611 1.269710 -0.135751
v 0.167193 1.252960 -0.147444
v 0.169976 1.269870 -0.160282
v 0.175966 1.286560 -0.149423
v 0.155412 1.279010 -0.217126
v 0.145070 1.267100 -0.235998
v 0.145162 1.279010 -0.244807
v 0.155868 1.291130 -0.225237
v 0.145070 1.267100 -0.235998
v 0.134335 1.256050 -0.255454
v 0.134387 1.267460 -0.264435
v 0.145162 1.279010 -0.244807
v 0.167765 1.251450 -0.121470
v 0.163432 1.235000 -0.134218
v 0.167193 1.252960 -0.147444
v 0.172611 1.269710 -0.135751
v 0.161964 1.232800 -0.106871
v 0.159076 1.216930 -0.121027
v 0.163432 1.235000 -0.134218
v 0.167765 1.251450 -0.121470
v 0.155697 1.214400 -0.092358
v 0.154487 1.199390 -0.108170
v 0.159076 1.216930 -0.121027
v 0.161964 1.232800 -0.106871
v 0.149100 1.195880 -0.077981
v 0.149762 1.182450 -0.095518
v 0.154487 1.199390 -0.108170
v 0.155697 1.214400 -0.092358
v 0.099594 0.692010 0.019641
v 0.101162 0.731616 0.019536
v 0.096782 0.731867 0.038912
v 0.095618 0.691130 0.038704
v 0.099701 0.692948 0.000284
v 0.101534 0.731398 -0.000445
v 0.101162 0.731616 0.019536
v 0.099594 0.692010 0.019641
v 0.152269 1.227450 -0.179633
v 0.143205 1.217940 -0.199177
v 0.143976 1.231140 -0.209117
v 0.153537 1.241850 -0.190127
v 0.153537 1.241850 -0.190127
v 0.143976 1.231140 -0.209117
v 0.144437 1.243300 -0.218222
v 0.154361 1.254860 -0.199655
v 0.143976 1.231140 -0.209117
v 0.133318 1.221690 -0.228382
v 0.133738 1.233240 -0.237491
v 0.144437 1.243300 -0.218222
v 0.143205 1.217940 -0.199177
v 0.132617 1.209260 -0.218507
v 0.133318 1.221690 -0.228382
v 0.143976 1.231140 -0.209117
v 0.102636 1.193040 -0.250207
v 0.080613 1.187750 -0.262725
v 0.081420 1.200010 -0.273041
v 0.103898 1.205090 -0.260489
v 0.103898 1.205090 -0.260489
v 0.081420 1.200010 -0.273041
v 0.082288 1.211190 -0.282368
v 0.104973 1.216160 -0.269890
v 0.081420 1.200010 -0.273041
v 0.055295 1.197090 -0.282620
v 0.055738 1.208490 -0.291731
v 0.082288 1.211190 -0.282368
v 0.080613 1.187750 -0.262725
v 0.055113 1.184550 -0.272432
v 0.055295 1.197090 -0.282620
v 0.081420 1.200010 -0.273041
v 0.055113 1.184550 -0.272432
v 0.028099 1.182910 -0.278535
v 0.028049 1.195680 -0.288526
v 0.055295 1.197090 -0.282620
v 0.055295 1.197090 -0.282620
v 0.028049 1.195680 -0.288526
v 0.028210 1.207250 -0.297395
v 0.055738 1.208490 -0.291731
v 0.028049 1.195680 -0.288526
v -0.000000 1.195320 -0.290501
v -0.000000 1.206960 -0.299258
v 0.028210 1.207250 -0.297395
v 0.028099 1.182910 -0.278535
v -0.000000 1.182470 -0.280611
v -0.000000 1.195320 -0.290501
v 0.028049 1.195680 -0.288526
v 0.132617 1.209260 -0.218507
v 0.119614 1.200600 -0.235539
v 0.120676 1.212680 -0.245610
v 0.133318 1.221690 -0.228382
v 0.133318 1.221690 -0.228382
v 0.120676 1.212680 -0.245610
v 0.121458 1.223870 -0.254888
v 0.133738 1.233240 -0.237491
v 0.120676 1.212680 -0.245610
v 0.103898 1.205090 -0.260489
v 0.104973 1.216160 -0.269890
v 0.121458 1.223870 -0.254888
v 0.119614 1.200600 -0.235539
v 0.102636 1.193040 -0.250207
v 0.103898 1.205090 -0.260489
v 0.120676 1.212680 -0.245610
v 0.176791 1.308580 -0.176991
v 0.171698 1.294470 -0.183012
v 0.170491 1.299440 -0.191448
v 0.173081 1.309830 -0.191657
v 0.177488 1.300170 -0.162977
v 0.171552 1.284230 -0.172261
v 0.171698 1.294470 -0.183012
v 0.176791 1.308580 -0.176991
v 0.167193 1.252960 -0.147444
v 0.160341 1.238920 -0.162112
v 0.162362 1.254800 -0.173732
v 0.169976 1.269870 -0.160282
v 0.169976 1.269870 -0.160282
v 0.162362 1.254800 -0.173732
v 0.163644 1.268780 -0.184285
v 0.171552 1.284230 -0.172261
v 0.162362 1.254800 -0.173732
v 0.153537 1.241850 -0.190127
v 0.154361 1.254860 -0.199655
v 0.163644 1.268780 -0.184285
v 0.160341 1.238920 -0.162112
v 0.152269 1.227450 -0.179633
v 0.153537 1.241850 -0.190127
v 0.162362 1.254800 -0.173732
v 0.096057 0.693933 -0.018764
v 0.098042 0.731397 -0.020310
v 0.101534 0.731398 -0.000445
v 0.099701 0.692948 0.000284
v 0.170491 1.299440 -0.191448
v 0.164663 1.291160 -0.201409
v 0.165726 1.302750 -0.207445
v 0.173081 1.309830 -0.191657
v 0.164663 1.291160 -0.201409
v 0.155412 1.279010 -0.217126
v 0.155868 1.291130 -0.225237
v 0.165726 1.302750 -0.207445
v 0.159076 1.216930 -0.121027
v 0.154369 1.204210 -0.137568
v 0.157607 1.221750 -0.149791
v 0.163432 1.235000 -0.134218
v 0.163432 1.235000 -0.134218
v 0.157607 1.221750 -0.149791
v 0.160341 1.238920 -0.162112
v 0.167193 1.252960 -0.147444
v 0.157607 1.221750 -0.149791
v 0.150399 1.211410 -0.168023
v 0.152269 1.227450 -0.179633
v 0.160341 1.238920 -0.162112
v 0.154369 1.204210 -0.137568
v 0.147994 1.194710 -0.156453
v 0.150399 1.211410 -0.168023
v 0.157607 1.221750 -0.149791
v -0.000000 1.081000 -0.207334
v -0.000000 1.100490 -0.219834
v 0.030220 1.101450 -0.217288
v 0.030774 1.082030 -0.204589
v 0.030774 1.082030 -0.204589
v 0.030220 1.101450 -0.217288
v 0.057146 1.104540 -0.210628
v 0.058106 1.085240 -0.197471
v 0.030220 1.101450 -0.217288
v 0.029771 1.119520 -0.229674
v 0.056418 1.122400 -0.223385
v 0.057146 1.104540 -0.210628
v -0.000000 1.100490 -0.219834
v -0.000000 1.118610 -0.232004
v 0.029771 1.119520 -0.229674
v 0.030220 1.101450 -0.217288
v -0.000000 1.118610 -0.232004
v -0.000000 1.135440 -0.244050
v 0.029403 1.136240 -0.241816
v 0.029771 1.119520 -0.229674
v 0.029771 1.119520 -0.229674
v 0.029403 1.136240 -0.241816
v 0.056027 1.138830 -0.235620
v 0.056418 1.122400 -0.223385
v 0.029403 1.136240 -0.241816
v 0.028998 1.152290 -0.254113
v 0.055738 1.154560 -0.247878
v 0.056027 1.138830 -0.235620
v -0.000000 1.135440 -0.244050
v -0.000000 1.151630 -0.256317
v 0.028998 1.152290 -0.254113
v 0.029403 1.136240 -0.241816
v -0.000000 1.151630 -0.256317
v -0.000000 1.167610 -0.268881
v 0.028487 1.168160 -0.266726
v 0.028998 1.152290 -0.254113
v 0.028998 1.152290 -0.254113
v 0.028487 1.168160 -0.266726
v 0.055349 1.170090 -0.260510
v 0.055738 1.154560 -0.247878
v 0.028487 1.168160 -0.266726
v 0.028099 1.182910 -0.278535
v 0.055113 1.184550 -0.272432
v 0.055349 1.170090 -0.260510
v -0.000000 1.167610 -0.268881
v -0.000000 1.182470 -0.280611
v 0.028099 1.182910 -0.278535
v 0.028487 1.168160 -0.266726
v 0.171552 1.284230 -0.172261
v 0.163644 1.268780 -0.184285
v 0.164259 1.280550 -0.193567
v 0.171698 1.294470 -0.183012
v 0.171698 1.294470 -0.183012
v 0.164259 1.280550 -0.193567
v 0.164663 1.291160 -0.201409
v 0.170491 1.299440 -0.191448
v 0.164259 1.280550 -0.193567
v 0.154942 1.267070 -0.208619
v 0.155412 1.279010 -0.217126
v 0.164663 1.291160 -0.201409
v 0.163644 1.268780 -0.184285
v 0.154361 1.254860 -0.199655
v 0.154942 1.267070 -0.208619
v 0.164259 1.280550 -0.193567
v 0.154361 1.254860 -0.199655
v 0.144437 1.243300 -0.218222
v 0.144810 1.255220 -0.227138
v 0.154942 1.267070 -0.208619
v 0.154942 1.267070 -0.208619
v 0.144810 1.255220 -0.227138
v 0.145070 1.267100 -0.235998
v 0.155412 1.279010 -0.217126
v 0.144810 1.255220 -0.227138
v 0.134093 1.244650 -0.246472
v 0.134335 1.256050 -0.255454
v 0.145070 1.267100 -0.235998
v 0.144437 1.243300 -0.218222
v 0.133738 1.233240 -0.237491
v 0.134093 1.244650 -0.246472
v 0.144810 1.255220 -0.227138
v 0.104973 1.216160 -0.269890
v 0.082288 1.211190 -0.282368
v 0.083147 1.222200 -0.291529
v 0.105996 1.227080 -0.279144
v 0.105996 1.227080 -0.279144
v 0.083147 1.222200 -0.291529
v 0.083894 1.233200 -0.300687
v 0.106907 1.237990 -0.288398
v 0.083147 1.222200 -0.291529
v 0.056208 1.219680 -0.300658
v 0.056573 1.230830 -0.309554
v 0.083894 1.233200 -0.300687
v 0.082288 1.211190 -0.282368
v 0.055738 1.208490 -0.291731
v 0.056208 1.219680 -0.300658
v 0.083147 1.222200 -0.291529
v 0.055738 1.208490 -0.291731
v 0.028210 1.207250 -0.297395
v 0.028393 1.218600 -0.306062
v 0.056208 1.219680 -0.300658
v 0.056208 1.219680 -0.300658
v 0.028393 1.218600 -0.306062
v 0.028491 1.229840 -0.314643
v 0.056573 1.230830 -0.309554
v 0.028393 1.218600 -0.306062
v -0.000000 1.218370 -0.307805
v -0.000000 1.229620 -0.316232
v 0.028491 1.229840 -0.314643
v 0.028210 1.207250 -0.297395
v -0.000000 1.206960 -0.299258
v -0.000000 1.218370 -0.307805
v 0.028393 1.218600 -0.306062
v 0.133738 1.233240 -0.237491
v 0.121458 1.223870 -0.254888
v 0.122174 1.234910 -0.264034
v 0.134093 1.244650 -0.246472
v 0.134093 1.244650 -0.246472
v 0.122174 1.234910 -0.264034
v 0.122776 1.245950 -0.273181
v 0.134335 1.256050 -0.255454
v 0.122174 1.234910 -0.264034
v 0.105996 1.227080 -0.279144
v 0.106907 1.237990 -0.288398
v 0.122776 1.245950 -0.273181
v 0.121458 1.223870 -0.254888
v 0.104973 1.216160 -0.269890
v 0.105996 1.227080 -0.279144
v 0.122174 1.234910 -0.264034
v 0.089287 0.732057 0.057750
v 0.096782 0.731867 0.038912
v 0.097808 0.759105 0.039190
v 0.090223 0.759951 0.058196
v 0.090223 0.759951 0.058196
v 0.097808 0.759105 0.039190
v 0.098396 0.777461 0.039342
v 0.090953 0.778815 0.058086
v 0.097808 0.759105 0.039190
v 0.102370 0.757945 0.019467
v 0.102881 0.775150 0.019610
v 0.098396 0.777461 0.039342
v 0.096782 0.731867 0.038912
v 0.101162 0.731616 0.019536
v 0.102370 0.757945 0.019467
v 0.097808 0.759105 0.039190
v 0.067625 0.732198 0.092555
v 0.079586 0.732143 0.076026
v 0.080542 0.760617 0.076814
v 0.068592 0.761296 0.093732
v 0.068592 0.761296 0.093732
v 0.080542 0.760617 0.076814
v 0.081311 0.780052 0.076702
v 0.069305 0.781452 0.093783
v 0.080542 0.760617 0.076814
v 0.090223 0.759951 0.058196
v 0.090953 0.778815 0.058086
v 0.081311 0.780052 0.076702
v 0.079586 0.732143 0.076026
v 0.089287 0.732057 0.057750
v 0.090223 0.759951 0.058196
v 0.080542 0.760617 0.076814
v -0.000000 0.732282 0.124773
v 0.019025 0.732320 0.122536
v 0.019354 0.762989 0.124066
v -0.000000 0.763012 0.126292
v -0.000000 0.763012 0.126292
v 0.019354 0.762989 0.124066
v 0.019575 0.784582 0.124312
v -0.000000 0.784631 0.126532
v 0.019354 0.762989 0.124066
v 0.037482 0.762738 0.117671
v 0.037907 0.784124 0.117909
v 0.019575 0.784582 0.124312
v 0.019025 0.732320 0.122536
v 0.036857 0.732352 0.116154
v 0.037482 0.762738 0.117671
v 0.019354 0.762989 0.124066
v 0.080017 0.732426 -0.057118
v 0.064975 0.733302 -0.073575
v 0.067803 0.757671 -0.078131
v 0.082550 0.756589 -0.061113
v 0.082550 0.756589 -0.061113
v 0.067803 0.757671 -0.078131
v 0.070735 0.773755 -0.083097
v 0.084993 0.771943 -0.065157
v 0.067803 0.757671 -0.078131
v 0.048745 0.759212 -0.092875
v 0.051568 0.776147 -0.098767
v 0.070735 0.773755 -0.083097
v 0.064975 0.733302 -0.073575
v 0.046131 0.734460 -0.087741
v 0.048745 0.759212 -0.092875
v 0.067803 0.757671 -0.078131
v 0.101162 0.731616 0.019536
v 0.101534 0.731398 -0.000445
v 0.103000 0.756644 -0.001382
v 0.102370 0.757945 0.019467
v 0.102370 0.757945 0.019467
v 0.103000 0.756644 -0.001382
v 0.103781 0.772548 -0.002058
v 0.102881 0.775150 0.019610
v 0.103000 0.756644 -0.001382
v 0.099828 0.755785 -0.022391
v 0.101119 0.770801 -0.024304
v 0.103781 0.772548 -0.002058
v 0.101534 0.731398 -0.000445
v 0.098042 0.731397 -0.020310
v 0.099828 0.755785 -0.022391
v 0.103000 0.756644 -0.001382
v 0.046131 0.734460 -0.087741
v 0.024133 0.735812 -0.098231
v 0.025692 0.761133 -0.104147
v 0.048745 0.759212 -0.092875
v 0.048745 0.759212 -0.092875
v 0.025692 0.761133 -0.104147
v 0.027404 0.778865 -0.110938
v 0.051568 0.776147 -0.098767
v 0.025692 0.761133 -0.104147
v -0.000000 0.762131 -0.108731
v -0.000000 0.780226 -0.115945
v 0.027404 0.778865 -0.110938
v 0.024133 0.735812 -0.098231
v -0.000000 0.736497 -0.102389
v -0.000000 0.762131 -0.108731
v 0.025692 0.761133 -0.104147
v 0.036857 0.732352 0.116154
v 0.053248 0.732290 0.106073
v 0.054101 0.762091 0.107491
v 0.037482 0.762738 0.117671
v 0.037482 0.762738 0.117671
v 0.054101 0.762091 0.107491
v 0.054694 0.782957 0.107670
v 0.037907 0.784124 0.117909
v 0.054101 0.762091 0.107491
v 0.068592 0.761296 0.093732
v 0.069305 0.781452 0.093783
v 0.054694 0.782957 0.107670
v 0.053248 0.732290 0.106073
v 0.067625 0.732198 0.092555
v 0.068592 0.761296 0.093732
v 0.054101 0.762091 0.107491
v 0.098042 0.731397 -0.020310
v 0.090956 0.731763 -0.039278
v 0.093105 0.755851 -0.042434
v 0.099828 0.755785 -0.022391
v 0.099828 0.755785 -0.022391
v 0.093105 0.755851 -0.042434
v 0.094966 0.770749 -0.045485
v 0.101119 0.770801 -0.024304
v 0.093105 0.755851 -0.042434
v 0.082550 0.756589 -0.061113
v 0.084993 0.771943 -0.065157
v 0.094966 0.770749 -0.045485
v 0.090956 0.731763 -0.039278
v 0.080017 0.732426 -0.057118
v 0.082550 0.756589 -0.061113
v 0.093105 0.755851 -0.042434
v 0.069305 0.781452 0.093783
v 0.081311 0.780052 0.076702
v 0.082101 0.798240 0.076053
v 0.070016 0.800907 0.093197
v 0.070016 0.800907 0.093197
v 0.082101 0.798240 0.076053
v 0.082518 0.815802 0.075825
v 0.070626 0.820605 0.092315
v 0.082101 0.798240 0.076053
v 0.091655 0.795805 0.057767
v 0.092206 0.811439 0.058208
v 0.082518 0.815802 0.075825
v 0.081311 0.780052 0.076702
v 0.090953 0.778815 0.058086
v 0.091655 0.795805 0.057767
v 0.082101 0.798240 0.076053
v -0.000000 0.784631 0.126532
v 0.019575 0.784582 0.124312
v 0.019784 0.805558 0.123770
v -0.000000 0.805622 0.125982
v -0.000000 0.805622 0.125982
v 0.019784 0.805558 0.123770
v 0.019997 0.827105 0.122506
v -0.000000 0.827180 0.124709
v 0.019784 0.805558 0.123770
v 0.038313 0.804937 0.117379
v 0.038731 0.826345 0.116146
v 0.019997 0.827105 0.122506
v 0.019575 0.784582 0.124312
v 0.037907 0.784124 0.117909
v 0.038313 0.804937 0.117379
v 0.019784 0.805558 0.123770
v 0.084993 0.771943 -0.065157
v 0.070735 0.773755 -0.083097
v 0.073510 0.787703 -0.088358
v 0.087180 0.784596 -0.069014
v 0.087180 0.784596 -0.069014
v 0.073510 0.787703 -0.088358
v 0.076143 0.801522 -0.093902
v 0.089218 0.797006 -0.072809
v 0.073510 0.787703 -0.088358
v 0.054349 0.791513 -0.105478
v 0.057032 0.806877 -0.112892
v 0.076143 0.801522 -0.093902
v 0.070735 0.773755 -0.083097
v 0.051568 0.776147 -0.098767
v 0.054349 0.791513 -0.105478
v 0.073510 0.787703 -0.088358
v 0.102881 0.775150 0.019610
v 0.103781 0.772548 -0.002058
v 0.104196 0.785541 -0.002454
v 0.103122 0.789532 0.019809
v 0.103122 0.789532 0.019809
v 0.104196 0.785541 -0.002454
v 0.104730 0.797159 -0.003682
v 0.103886 0.801818 0.019334
v 0.104196 0.785541 -0.002454
v 0.102127 0.782858 -0.025917
v 0.103124 0.794360 -0.027695
v 0.104730 0.797159 -0.003682
v 0.103781 0.772548 -0.002058
v 0.101119 0.770801 -0.024304
v 0.102127 0.782858 -0.025917
v 0.104196 0.785541 -0.002454
v 0.051568 0.776147 -0.098767
v 0.027404 0.778865 -0.110938
v 0.029120 0.795277 -0.118810
v 0.054349 0.791513 -0.105478
v 0.054349 0.791513 -0.105478
v 0.029120 0.795277 -0.118810
v 0.030786 0.811710 -0.127678
v 0.057032 0.806877 -0.112892
v 0.029120 0.795277 -0.118810
v -0.000000 0.797035 -0.124295
v -0.000000 0.813848 -0.133745
v 0.030786 0.811710 -0.127678
v 0.027404 0.778865 -0.110938
v -0.000000 0.780226 -0.115945
v -0.000000 0.797035 -0.124295
v 0.029120 0.795277 -0.118810
v 0.037907 0.784124 0.117909
v 0.054694 0.782957 0.107670
v 0.055272 0.803300 0.107134
v 0.038313 0.804937 0.117379
v 0.038313 0.804937 0.117379
v 0.055272 0.803300 0.107134
v 0.055858 0.824230 0.105983
v 0.038731 0.826345 0.116146
v 0.055272 0.803300 0.107134
v 0.070016 0.800907 0.093197
v 0.070626 0.820605 0.092315
v 0.055858 0.824230 0.105983
v 0.054694 0.782957 0.107670
v 0.069305 0.781452 0.093783
v 0.070016 0.800907 0.093197
v 0.055272 0.803300 0.107134
v 0.101119 0.770801 -0.024304
v 0.094966 0.770749 -0.045485
v 0.096559 0.782710 -0.048199
v 0.102127 0.782858 -0.025917
v 0.102127 0.782858 -0.025917
v 0.096559 0.782710 -0.048199
v 0.098058 0.794391 -0.050784
v 0.103124 0.794360 -0.027695
v 0.096559 0.782710 -0.048199
v 0.087180 0.784596 -0.069014
v 0.089218 0.797006 -0.072809
v 0.098058 0.794391 -0.050784
v 0.094966 0.770749 -0.045485
v 0.084993 0.771943 -0.065157
v 0.087180 0.784596 -0.069014
v 0.096559 0.782710 -0.048199
v 0.091351 0.891928 0.059036
v 0.090922 0.862342 0.061582
v 0.091643 0.861666 0.060422
v 0.092074 0.891239 0.057885
v 0.119431 1.033480 -0.092988
v 0.116118 1.060110 -0.123050
v 0.116349 1.061530 -0.123529
v 0.119674 1.034980 -0.093001
v 0.096419 0.961658 0.043480
v 0.093211 0.925565 0.052898
v 0.093960 0.924944 0.051725
v 0.097193 0.961116 0.042284
v 0.090922 0.862342 0.061582
v 0.091513 0.839502 0.060894
v 0.092228 0.838972 0.059657
v 0.091643 0.861666 0.060422
v 0.126328 1.097630 -0.029524
v 0.116829 1.068950 -0.006528
v 0.117442 1.068330 -0.007774
v 0.126813 1.096890 -0.030763
v 0.093211 0.925565 0.052898
v 0.091351 0.891928 0.059036
v 0.092074 0.891239 0.057885
v 0.093960 0.924944 0.051725
v 0.139059 1.135550 -0.076910
v 0.133915 1.119500 -0.052229
v 0.134235 1.118570 -0.053387
v 0.138997 1.134180 -0.077576
v 0.116829 1.068950 -0.006528
v 0.107678 1.035220 0.014500
v 0.108399 1.034670 0.013275
v 0.117442 1.068330 -0.007774
v 0.107678 1.035220 0.014500
v 0.103915 1.038090 0.020884
v 0.097284 1.001270 0.036774
v 0.100985 0.998801 0.031000
v 0.133915 1.119500 -0.052229
v 0.126328 1.097630 -0.029524
v 0.126813 1.096890 -0.030763
v 0.134235 1.118570 -0.053387
v 0.111372 0.877154 0.000605
v 0.109018 0.848892 0.007591
v 0.108973 0.847227 -0.000331
v 0.111396 0.875361 -0.006884
v 0.100985 0.998801 0.031000
v 0.096419 0.961658 0.043480
v 0.097193 0.961116 0.042284
v 0.101759 0.998286 0.029793
v 0.116643 0.938637 -0.021421
v 0.113913 0.907448 -0.008746
v 0.113913 0.905305 -0.015491
v 0.116411 0.936518 -0.027625
v 0.109018 0.848892 0.007591
v 0.106810 0.826584 0.013353
v 0.106914 0.824764 0.005252
v 0.108973 0.847227 -0.000331
v 0.120339 1.003000 -0.063770
v 0.120529 1.004290 -0.062984
v 0.119221 0.971752 -0.038477
v 0.119095 0.971075 -0.039836
v 0.113913 0.907448 -0.008746
v 0.111372 0.877154 0.000605
v 0.111396 0.875361 -0.006884
v 0.113913 0.905305 -0.015491
v 0.104824 1.131060 -0.193308
v 0.101844 1.115650 -0.186283
v 0.093862 1.113420 -0.191839
v 0.097366 1.134400 -0.202979
v 0.119095 0.971075 -0.039836
v 0.116643 0.938637 -0.021421
v 0.116411 0.936518 -0.027625
v 0.118664 0.968762 -0.044485
v 0.139676 1.152870 -0.132571
v 0.141125 1.146440 -0.104744
v 0.140775 1.145000 -0.105070
v 0.139221 1.151420 -0.132602
v 0.101844 1.115650 -0.186283
v 0.104543 1.098710 -0.170540
v 0.097591 1.091330 -0.172414
v 0.093862 1.113420 -0.191839
v 0.104824 1.131060 -0.193308
v 0.097366 1.134400 -0.202979
v 0.113367 1.149440 -0.194561
v 0.114360 1.143780 -0.189039
v 0.141125 1.146440 -0.104744
v 0.139059 1.135550 -0.076910
v 0.138997 1.134180 -0.077576
v 0.140775 1.145000 -0.105070
v 0.125655 1.151960 -0.175936
v 0.126458 1.158260 -0.180071
v 0.136004 1.162150 -0.160142
v 0.134383 1.154860 -0.156931
v 0.114360 1.143780 -0.189039
v 0.125655 1.151960 -0.175936
v 0.125494 1.150690 -0.175105
v 0.114550 1.142700 -0.187983
v 0.103820 0.808912 0.025876
v 0.102178 0.806740 0.032744
v 0.101483 0.801787 0.033345
v 0.103886 0.801818 0.019334
v 0.134383 1.154860 -0.156931
v 0.139676 1.152870 -0.132571
v 0.139221 1.151420 -0.132602
v 0.134080 1.153490 -0.156330
v 0.100416 0.807396 0.038840
v 0.100615 0.808894 0.038641
v 0.098403 0.811885 0.045178
v 0.098259 0.810368 0.045215
v 0.102178 0.806740 0.032744
v 0.100416 0.807396 0.038840
v 0.099993 0.804217 0.039261
v 0.101483 0.801787 0.033345
v 0.106810 0.826584 0.013353
v 0.106791 0.826918 0.014840
v 0.105093 0.815120 0.021445
v 0.105135 0.814562 0.020027
v 0.098259 0.810368 0.045215
v 0.095421 0.816188 0.052496
v 0.092206 0.811439 0.058208
v 0.097736 0.804895 0.045346
v 0.095421 0.816188 0.052496
v 0.096026 0.817083 0.051420
v 0.093844 0.825031 0.056471
v 0.093105 0.825175 0.057796
v 0.105135 0.814562 0.020027
v 0.103820 0.808912 0.025876
v 0.103886 0.801818 0.019334
v 0.105402 0.810997 0.010958
v 0.116118 1.060110 -0.123050
v 0.114427 1.049670 -0.119545
v 0.107751 1.074060 -0.148001
v 0.110363 1.081030 -0.149271
v 0.093105 0.825175 0.057796
v 0.091513 0.839502 0.060894
v 0.087816 0.842246 0.067293
v 0.089294 0.825918 0.064626
v 0.110363 1.081030 -0.149271
v 0.104543 1.098710 -0.170540
v 0.105570 1.099800 -0.170263
v 0.110890 1.082440 -0.149527
v 0.097591 1.091330 -0.172414
v 0.107751 1.074060 -0.148001
v 0.105094 1.066760 -0.147116
v 0.096495 1.070100 -0.159584
v 0.096883 1.047370 -0.144872
v 0.096495 1.070100 -0.159584
v 0.105094 1.066760 -0.147116
v 0.107386 1.049320 -0.132062
v 0.114427 1.049670 -0.119545
v 0.107386 1.049320 -0.132062
v 0.105094 1.066760 -0.147116
v 0.107751 1.074060 -0.148001
v 0.115198 0.995452 -0.079475
v 0.107899 0.992557 -0.094680
v 0.108239 1.023140 -0.113011
v 0.114397 1.024670 -0.101352
v 0.114397 1.024670 -0.101352
v 0.108239 1.023140 -0.113011
v 0.107386 1.049320 -0.132062
v 0.114427 1.049670 -0.119545
v 0.108239 1.023140 -0.113011
v 0.096898 1.019690 -0.128132
v 0.096883 1.047370 -0.144872
v 0.107386 1.049320 -0.132062
v 0.107899 0.992557 -0.094680
v 0.096129 0.988278 -0.111907
v 0.096898 1.019690 -0.128132
v 0.108239 1.023140 -0.113011
v 0.114427 1.049670 -0.119545
v 0.118605 1.028360 -0.092943
v 0.117276 1.020060 -0.090836
v 0.114397 1.024670 -0.101352
v 0.115198 0.995452 -0.079475
v 0.114397 1.024670 -0.101352
v 0.117276 1.020060 -0.090836
v 0.118643 0.997701 -0.070233
v 0.119848 0.999668 -0.065797
v 0.118643 0.997701 -0.070233
v 0.117276 1.020060 -0.090836
v 0.118605 1.028360 -0.092943
v 0.116411 0.936518 -0.027625
v 0.115606 0.934164 -0.037411
v 0.117536 0.966557 -0.051653
v 0.118664 0.968762 -0.044485
v 0.118664 0.968762 -0.044485
v 0.117536 0.966557 -0.051653
v 0.118643 0.997701 -0.070233
v 0.119848 0.999668 -0.065797
v 0.117536 0.966557 -0.051653
v 0.114081 0.963712 -0.063542
v 0.115198 0.995452 -0.079475
v 0.118643 0.997701 -0.070233
v 0.115606 0.934164 -0.037411
v 0.112551 0.930832 -0.051763
v 0.114081 0.963712 -0.063542
v 0.117536 0.966557 -0.051653
v 0.070626 0.820605 0.092315
v 0.082518 0.815802 0.075825
v 0.082058 0.832429 0.076811
v 0.071025 0.840125 0.091284
v 0.071025 0.840125 0.091284
v 0.082058 0.832429 0.076811
v 0.081592 0.851020 0.077220
v 0.071423 0.860871 0.089624
v 0.082058 0.832429 0.076811
v 0.089294 0.825918 0.064626
v 0.087816 0.842246 0.067293
v 0.081592 0.851020 0.077220
v 0.082518 0.815802 0.075825
v 0.092206 0.811439 0.058208
v 0.089294 0.825918 0.064626
v 0.082058 0.832429 0.076811
v 0.071423 0.860871 0.089624
v 0.081592 0.851020 0.077220
v 0.081695 0.874576 0.075851
v 0.072077 0.884372 0.086753
v 0.072077 0.884372 0.086753
v 0.081695 0.874576 0.075851
v 0.082554 0.902637 0.072198
v 0.073106 0.910816 0.082321
v 0.081695 0.874576 0.075851
v 0.087319 0.865718 0.067376
v 0.087930 0.895192 0.064491
v 0.082554 0.902637 0.072198
v 0.081592 0.851020 0.077220
v 0.087816 0.842246 0.067293
v 0.087319 0.865718 0.067376
v 0.081695 0.874576 0.075851
v 0.073106 0.910816 0.082321
v 0.082554 0.902637 0.072198
v 0.084280 0.934020 0.065935
v 0.074601 0.940130 0.076040
v 0.074601 0.940130 0.076040
v 0.084280 0.934020 0.065935
v 0.086924 0.968187 0.057077
v 0.076676 0.972533 0.067656
v 0.084280 0.934020 0.065935
v 0.089786 0.928412 0.058267
v 0.092864 0.964144 0.048968
v 0.086924 0.968187 0.057077
v 0.082554 0.902637 0.072198
v 0.087930 0.895192 0.064491
v 0.089786 0.928412 0.058267
v 0.084280 0.934020 0.065935
v 0.076676 0.972533 0.067656
v 0.086924 0.968187 0.057077
v 0.090735 1.004530 0.045622
v 0.079678 1.007920 0.056998
v 0.079678 1.007920 0.056998
v 0.090735 1.004530 0.045622
v 0.096825 1.041510 0.031149
v 0.084865 1.044560 0.044175
v 0.090735 1.004530 0.045622
v 0.097284 1.001270 0.036774
v 0.103915 1.038090 0.020884
v 0.096825 1.041510 0.031149
v 0.086924 0.968187 0.057077
v 0.092864 0.964144 0.048968
v 0.097284 1.001270 0.036774
v 0.090735 1.004530 0.045622
v 0.084865 1.044560 0.044175
v 0.096825 1.041510 0.031149
v 0.105903 1.077480 0.013479
v 0.093179 1.081590 0.029523
v 0.105903 1.077480 0.013479
v 0.113199 1.072680 0.000852
v 0.123135 1.102530 -0.021366
v 0.116279 1.110080 -0.006326
v 0.096825 1.041510 0.031149
v 0.103915 1.038090 0.020884
v 0.113199 1.072680 0.000852
v 0.105903 1.077480 0.013479
v 0.126132 1.135100 -0.027283
v 0.131694 1.126010 -0.044202
v 0.139543 1.146180 -0.071741
v 0.134678 1.156420 -0.047364
v 0.116279 1.110080 -0.006326
v 0.123135 1.102530 -0.021366
v 0.131694 1.126010 -0.044202
v 0.126132 1.135100 -0.027283
v 0.142172 1.176670 -0.063507
v 0.144887 1.165700 -0.083435
v 0.149762 1.182450 -0.095518
v 0.149100 1.195880 -0.077981
v 0.134678 1.156420 -0.047364
v 0.139543 1.146180 -0.071741
v 0.144887 1.165700 -0.083435
v 0.142172 1.176670 -0.063507
v 0.139543 1.146180 -0.071741
v 0.142817 1.153420 -0.103170
v 0.145357 1.161910 -0.100619
v 0.144887 1.165700 -0.083435
v 0.149762 1.182450 -0.095518
v 0.144887 1.165700 -0.083435
v 0.145357 1.161910 -0.100619
v 0.147683 1.172160 -0.113551
v 0.142713 1.162560 -0.132361
v 0.147683 1.172160 -0.113551
v 0.145357 1.161910 -0.100619
v 0.142817 1.153420 -0.103170
v 0.106914 0.824764 0.005252
v 0.107233 0.823584 -0.011098
v 0.109243 0.845811 -0.015361
v 0.108973 0.847227 -0.000331
v 0.108973 0.847227 -0.000331
v 0.109243 0.845811 -0.015361
v 0.111456 0.873132 -0.020466
v 0.111396 0.875361 -0.006884
v 0.109243 0.845811 -0.015361
v 0.107893 0.844440 -0.035723
v 0.109756 0.870415 -0.039207
v 0.111456 0.873132 -0.020466
v 0.107233 0.823584 -0.011098
v 0.105957 0.822962 -0.032834
v 0.107893 0.844440 -0.035723
v 0.109243 0.845811 -0.015361
v 0.103886 0.801818 0.019334
v 0.104730 0.797159 -0.003682
v 0.105730 0.808457 -0.007036
v 0.105402 0.810997 0.010958
v 0.105402 0.810997 0.010958
v 0.105730 0.808457 -0.007036
v 0.107233 0.823584 -0.011098
v 0.106914 0.824764 0.005252
v 0.105730 0.808457 -0.007036
v 0.104362 0.806913 -0.030080
v 0.105957 0.822962 -0.032834
v 0.107233 0.823584 -0.011098
v 0.104730 0.797159 -0.003682
v 0.103124 0.794360 -0.027695
v 0.104362 0.806913 -0.030080
v 0.105730 0.808457 -0.007036
v 0.111396 0.875361 -0.006884
v 0.111456 0.873132 -0.020466
v 0.113567 0.902784 -0.027356
v 0.113913 0.905305 -0.015491
v 0.113913 0.905305 -0.015491
v 0.113567 0.902784 -0.027356
v 0.115606 0.934164 -0.037411
v 0.116411 0.936518 -0.027625
v 0.113567 0.902784 -0.027356
v 0.111201 0.899433 -0.044078
v 0.112551 0.930832 -0.051763
v 0.115606 0.934164 -0.037411
v 0.111456 0.873132 -0.020466
v 0.109756 0.870415 -0.039207
v 0.111201 0.899433 -0.044078
v 0.113567 0.902784 -0.027356
v 0.096883 1.047370 -0.144872
v 0.081132 1.044150 -0.158443
v 0.080853 1.068320 -0.172911
v 0.096495 1.070100 -0.159584
v 0.096495 1.070100 -0.159584
v 0.080853 1.068320 -0.172911
v 0.080084 1.089560 -0.186830
v 0.097591 1.091330 -0.172414
v 0.080853 1.068320 -0.172911
v 0.059034 1.064320 -0.184105
v 0.058106 1.085240 -0.197471
v 0.080084 1.089560 -0.186830
v 0.081132 1.044150 -0.158443
v 0.059363 1.040340 -0.170328
v 0.059034 1.064320 -0.184105
v 0.080853 1.068320 -0.172911
v 0.097591 1.091330 -0.172414
v 0.080084 1.089560 -0.186830
v 0.078804 1.109180 -0.201063
v 0.093862 1.113420 -0.191839
v 0.093862 1.113420 -0.191839
v 0.078804 1.109180 -0.201063
v 0.078402 1.127220 -0.214160
v 0.097366 1.134400 -0.202979
v 0.078804 1.109180 -0.201063
v 0.057146 1.104540 -0.210628
v 0.056418 1.122400 -0.223385
v 0.078402 1.127220 -0.214160
v 0.080084 1.089560 -0.186830
v 0.058106 1.085240 -0.197471
v 0.057146 1.104540 -0.210628
v 0.078804 1.109180 -0.201063
v 0.097366 1.134400 -0.202979
v 0.078402 1.127220 -0.214160
v 0.078608 1.143410 -0.226334
v 0.097793 1.150390 -0.215060
v 0.097793 1.150390 -0.215060
v 0.078608 1.143410 -0.226334
v 0.079227 1.158680 -0.238368
v 0.099341 1.164910 -0.226485
v 0.078608 1.143410 -0.226334
v 0.056027 1.138830 -0.235620
v 0.055738 1.154560 -0.247878
v 0.079227 1.158680 -0.238368
v 0.078402 1.127220 -0.214160
v 0.056418 1.122400 -0.223385
v 0.056027 1.138830 -0.235620
v 0.078608 1.143410 -0.226334
v 0.126458 1.158260 -0.180071
v 0.113367 1.149440 -0.194561
v 0.114406 1.159790 -0.202525
v 0.127963 1.168110 -0.186908
v 0.127963 1.168110 -0.186908
v 0.114406 1.159790 -0.202525
v 0.116234 1.173070 -0.212804
v 0.129803 1.181210 -0.196460
v 0.114406 1.159790 -0.202525
v 0.097793 1.150390 -0.215060
v 0.099341 1.164910 -0.226485
v 0.116234 1.173070 -0.212804
v 0.113367 1.149440 -0.194561
v 0.097366 1.134400 -0.202979
v 0.097793 1.150390 -0.215060
v 0.114406 1.159790 -0.202525
v 0.149762 1.182450 -0.095518
v 0.147683 1.172160 -0.113551
v 0.150913 1.187290 -0.125950
v 0.154487 1.199390 -0.108170
v 0.154487 1.199390 -0.108170
v 0.150913 1.187290 -0.125950
v 0.154369 1.204210 -0.137568
v 0.159076 1.216930 -0.121027
v 0.150913 1.187290 -0.125950
v 0.145265 1.178500 -0.145736
v 0.147994 1.194710 -0.156453
v 0.154369 1.204210 -0.137568
v 0.147683 1.172160 -0.113551
v 0.142713 1.162560 -0.132361
v 0.145265 1.178500 -0.145736
v 0.150913 1.187290 -0.125950
v 0.142713 1.162560 -0.132361
v 0.136004 1.162150 -0.160142
v 0.137940 1.173420 -0.167269
v 0.145265 1.178500 -0.145736
v 0.145265 1.178500 -0.145736
v 0.137940 1.173420 -0.167269
v 0.140091 1.187810 -0.176923
v 0.147994 1.194710 -0.156453
v 0.137940 1.173420 -0.167269
v 0.127963 1.168110 -0.186908
v 0.129803 1.181210 -0.196460
v 0.140091 1.187810 -0.176923
v 0.136004 1.162150 -0.160142
v 0.126458 1.158260 -0.180071
v 0.127963 1.168110 -0.186908
v 0.137940 1.173420 -0.167269
v 0.092206 0.811439 0.058208
v 0.091655 0.795805 0.057767
v 0.099041 0.794467 0.039429
v 0.097736 0.804895 0.045346
v 0.099993 0.804217 0.039261
v 0.097736 0.804895 0.045346
v 0.099041 0.794467 0.039429
v 0.101483 0.801787 0.033345
v 0.103886 0.801818 0.019334
v 0.101483 0.801787 0.033345
v 0.099041 0.794467 0.039429
v 0.103122 0.789532 0.019809
v 0.102881 0.775150 0.019610
v 0.103122 0.789532 0.019809
v 0.099041 0.794467 0.039429
v 0.098396 0.777461 0.039342
v 0.090953 0.778815 0.058086
v 0.098396 0.777461 0.039342
v 0.099041 0.794467 0.039429
v 0.091655 0.795805 0.057767
v 0.057257 1.321540 -0.312050
v 0.063491 1.336590 -0.290624
v 0.094127 1.335270 -0.287341
v 0.085243 1.321690 -0.307411
v -0.000000 1.321240 -0.315632
v -0.000000 1.337100 -0.293658
v 0.032001 1.337070 -0.292847
v 0.028752 1.321350 -0.314770
v 0.028752 1.321350 -0.314770
v 0.032001 1.337070 -0.292847
v 0.063491 1.336590 -0.290624
v 0.057257 1.321540 -0.312050
v 0.128365 1.384360 -0.199295
v 0.082945 1.390610 -0.198123
v 0.096820 1.387040 -0.167946
v 0.132879 1.382650 -0.168702
v 0.132879 1.382650 -0.168702
v 0.096820 1.387040 -0.167946
v 0.099564 1.376680 -0.141728
v 0.133092 1.372170 -0.139253
v 0.075838 1.365700 -0.249060
v 0.112471 1.362920 -0.246354
v 0.103210 1.349010 -0.266985
v 0.069646 1.351120 -0.269879
v 0.069646 1.351120 -0.269879
v 0.103210 1.349010 -0.266985
v 0.094127 1.335270 -0.287341
v 0.063491 1.336590 -0.290624
v 0.092894 1.336060 -0.099850
v 0.123644 1.332110 -0.096562
v 0.129484 1.354560 -0.116253
v 0.097818 1.359470 -0.120278
v 0.097818 1.359470 -0.120278
v 0.129484 1.354560 -0.116253
v 0.133092 1.372170 -0.139253
v 0.099564 1.376680 -0.141728
v -0.000000 1.367320 -0.251621
v 0.038215 1.367030 -0.250928
v 0.035113 1.352020 -0.271942
v -0.000000 1.352160 -0.272729
v 0.038215 1.367030 -0.250928
v 0.075838 1.365700 -0.249060
v 0.069646 1.351120 -0.269879
v 0.035113 1.352020 -0.271942
v 0.035113 1.352020 -0.271942
v 0.069646 1.351120 -0.269879
v 0.063491 1.336590 -0.290624
v 0.032001 1.337070 -0.292847
v -0.000000 1.352160 -0.272729
v 0.035113 1.352020 -0.271942
v 0.032001 1.337070 -0.292847
v -0.000000 1.337100 -0.293658
v -0.000000 1.393280 -0.207038
v 0.039563 1.392630 -0.205795
v 0.040868 1.382080 -0.228665
v -0.000000 1.382590 -0.229297
v 0.039563 1.392630 -0.205795
v 0.082945 1.390610 -0.198123
v 0.081570 1.380160 -0.226804
v 0.040868 1.382080 -0.228665
v 0.040868 1.382080 -0.228665
v 0.081570 1.380160 -0.226804
v 0.075838 1.365700 -0.249060
v 0.038215 1.367030 -0.250928
v -0.000000 1.382590 -0.229297
v 0.040868 1.382080 -0.228665
v 0.038215 1.367030 -0.250928
v -0.000000 1.367320 -0.251621
v 0.082945 1.390610 -0.198123
v 0.128365 1.384360 -0.199295
v 0.121362 1.376200 -0.224791
v 0.081570 1.380160 -0.226804
v 0.081570 1.380160 -0.226804
v 0.121362 1.376200 -0.224791
v 0.112471 1.362920 -0.246354
v 0.075838 1.365700 -0.249060
v 0.099564 1.376680 -0.141728
v 0.096820 1.387040 -0.167946
v 0.071130 1.386450 -0.159570
v 0.077426 1.376690 -0.139846
v 0.096820 1.387040 -0.167946
v 0.082945 1.390610 -0.198123
v 0.056756 1.391890 -0.176735
v 0.071130 1.386450 -0.159570
v 0.071130 1.386450 -0.159570
v 0.056756 1.391890 -0.176735
v 0.041681 1.389480 -0.162796
v 0.055944 1.383740 -0.150719
v 0.077426 1.376690 -0.139846
v 0.071130 1.386450 -0.159570
v 0.055944 1.383740 -0.150719
v 0.065363 1.374710 -0.136538
v 0.065363 1.374710 -0.136538
v 0.070687 1.362290 -0.122854
v 0.079477 1.362010 -0.122465
v 0.077426 1.376690 -0.139846
v 0.070687 1.362290 -0.122854
v 0.071953 1.348620 -0.110501
v 0.079737 1.345080 -0.107406
v 0.079477 1.362010 -0.122465
v 0.079477 1.362010 -0.122465
v 0.079737 1.345080 -0.107406
v 0.092894 1.336060 -0.099850
v 0.097818 1.359470 -0.120278
v 0.077426 1.376690 -0.139846
v 0.079477 1.362010 -0.122465
v 0.097818 1.359470 -0.120278
v 0.099564 1.376680 -0.141728
v 0.063875 1.323590 -0.089558
v 0.075329 1.328100 -0.093281
v 0.073464 1.336360 -0.100099
v 0.069363 1.335820 -0.099660
v 0.092894 1.336060 -0.099850
v 0.079737 1.345080 -0.107406
v 0.073464 1.336360 -0.100099
v 0.075329 1.328100 -0.093281
v 0.071953 1.348620 -0.110501
v 0.069363 1.335820 -0.099660
v 0.073464 1.336360 -0.100099
v 0.079737 1.345080 -0.107406
v 0.017637 1.390970 -0.162409
v 0.010813 1.343820 -0.182495
v 0.020935 1.340570 -0.179820
v 0.034069 1.387830 -0.155619
v 0.020935 1.340570 -0.179820
v 0.029690 1.335340 -0.175525
v 0.048155 1.381920 -0.145980
v 0.034069 1.387830 -0.155619
v 0.048155 1.381920 -0.145980
v 0.029690 1.335340 -0.175525
v 0.036461 1.328530 -0.169924
v 0.059003 1.373220 -0.134727
v 0.036461 1.328530 -0.169924
v 0.040711 1.320590 -0.163393
v 0.065854 1.361990 -0.122924
v 0.059003 1.373220 -0.134727
v 0.065854 1.361990 -0.122924
v 0.040711 1.320590 -0.163393
v 0.042172 1.312070 -0.156388
v 0.068246 1.349120 -0.111077
v 0.036461 1.295610 -0.142853
v 0.029690 1.288790 -0.137252
v 0.048138 1.311980 -0.080008
v 0.059060 1.322960 -0.089039
v 0.048138 1.311980 -0.080008
v 0.029690 1.288790 -0.137252
v 0.020935 1.283570 -0.132957
v 0.033982 1.303540 -0.073077
v 0.042172 1.312070 -0.156388
v 0.040711 1.303550 -0.149383
v 0.065909 1.335720 -0.099594
v 0.068246 1.349120 -0.111077
v 0.065909 1.335720 -0.099594
v 0.040711 1.303550 -0.149383
v 0.036461 1.295610 -0.142853
v 0.059060 1.322960 -0.089039
v 0.020935 1.283570 -0.132957
v 0.010813 1.280320 -0.130282
v 0.017565 1.298280 -0.068750
v 0.033982 1.303540 -0.073077
v 0.034069 1.387830 -0.155619
v 0.048155 1.381920 -0.145980
v 0.049659 1.382290 -0.146742
v 0.035436 1.388140 -0.156869
v 0.048155 1.381920 -0.145980
v 0.059003 1.373220 -0.134727
v 0.060382 1.373570 -0.134973
v 0.049659 1.382290 -0.146742
v 0.049659 1.382290 -0.146742
v 0.060382 1.373570 -0.134973
v 0.065363 1.374710 -0.136538
v 0.055944 1.383740 -0.150719
v 0.035436 1.388140 -0.156869
v 0.049659 1.382290 -0.146742
v 0.055944 1.383740 -0.150719
v 0.041681 1.389480 -0.162796
v 0.071953 1.348620 -0.110501
v 0.070687 1.362290 -0.122854
v 0.067056 1.362130 -0.122885
v 0.069294 1.349060 -0.110962
v 0.070687 1.362290 -0.122854
v 0.065363 1.374710 -0.136538
v 0.060382 1.373570 -0.134973
v 0.067056 1.362130 -0.122885
v 0.067056 1.362130 -0.122885
v 0.060382 1.373570 -0.134973
v 0.059003 1.373220 -0.134727
v 0.065854 1.361990 -0.122924
v 0.069294 1.349060 -0.110962
v 0.067056 1.362130 -0.122885
v 0.065854 1.361990 -0.122924
v 0.068246 1.349120 -0.111077
v 0.063875 1.323590 -0.089558
v 0.069363 1.335820 -0.099660
v 0.066892 1.335620 -0.099503
v 0.060155 1.322820 -0.088923
v 0.069363 1.335820 -0.099660
v 0.071953 1.348620 -0.110501
v 0.069294 1.349060 -0.110962
v 0.066892 1.335620 -0.099503
v 0.066892 1.335620 -0.099503
v 0.069294 1.349060 -0.110962
v 0.068246 1.349120 -0.111077
v 0.065909 1.335720 -0.099594
v 0.060155 1.322820 -0.088923
v 0.066892 1.335620 -0.099503
v 0.065909 1.335720 -0.099594
v 0.059060 1.322960 -0.089039
v 0.040913 1.302250 -0.072012
v 0.054494 1.311540 -0.079651
v 0.049335 1.311610 -0.079708
v 0.035133 1.303000 -0.072631
v 0.054494 1.311540 -0.079651
v 0.063875 1.323590 -0.089558
v 0.060155 1.322820 -0.088923
v 0.049335 1.311610 -0.079708
v 0.049335 1.311610 -0.079708
v 0.060155 1.322820 -0.088923
v 0.059060 1.322960 -0.089039
v 0.048138 1.311980 -0.080008
v 0.035133 1.303000 -0.072631
v 0.049335 1.311610 -0.079708
v 0.048138 1.311980 -0.080008
v 0.033982 1.303540 -0.073077
v -0.000000 1.292860 -0.064296
v 0.023782 1.296490 -0.067280
v 0.018490 1.297630 -0.068217
v -0.000000 1.295810 -0.066720
v 0.023782 1.296490 -0.067280
v 0.040913 1.302250 -0.072012
v 0.035133 1.303000 -0.072631
v 0.018490 1.297630 -0.068217
v 0.018490 1.297630 -0.068217
v 0.035133 1.303000 -0.072631
v 0.033982 1.303540 -0.073077
v 0.017565 1.298280 -0.068750
v -0.000000 1.295810 -0.066720
v 0.018490 1.297630 -0.068217
v 0.017565 1.298280 -0.068750
v -0.000000 1.296480 -0.067269
v 0.092894 1.336060 -0.099850
v 0.087966 1.313190 -0.081007
v 0.117123 1.305470 -0.074651
v 0.123644 1.332110 -0.096562
v 0.092894 1.336060 -0.099850
v 0.075329 1.328100 -0.093281
v 0.067696 1.310600 -0.078881
v 0.087966 1.313190 -0.081007
v 0.063875 1.323590 -0.089558
v 0.054494 1.311540 -0.079651
v 0.067696 1.310600 -0.078881
v 0.075329 1.328100 -0.093281
v 0.040913 1.302250 -0.072012
v 0.054241 1.300690 -0.070730
v 0.067696 1.310600 -0.078881
v 0.054494 1.311540 -0.079651
v 0.040913 1.302250 -0.072012
v 0.023782 1.296490 -0.067280
v 0.029410 1.290890 -0.062676
v 0.054241 1.300690 -0.070730
v -0.000000 1.292860 -0.064296
v -0.000000 1.283670 -0.056738
v 0.029410 1.290890 -0.062676
v 0.023782 1.296490 -0.067280
v 0.041681 1.389480 -0.162796
v 0.022283 1.392550 -0.170258
v 0.018446 1.391270 -0.163871
v 0.035436 1.388140 -0.156869
v 0.022283 1.392550 -0.170258
v -0.000000 1.393470 -0.172714
v -0.000000 1.392180 -0.166476
v 0.018446 1.391270 -0.163871
v 0.018446 1.391270 -0.163871
v -0.000000 1.392180 -0.166476
v -0.000000 1.391870 -0.164983
v 0.017637 1.390970 -0.162409
v 0.035436 1.388140 -0.156869
v 0.018446 1.391270 -0.163871
v 0.017637 1.390970 -0.162409
v 0.034069 1.387830 -0.155619
v 0.082945 1.390610 -0.198123
v 0.039563 1.392630 -0.205795
v 0.030874 1.394650 -0.185037
v 0.056756 1.391890 -0.176735
v 0.039563 1.392630 -0.205795
v -0.000000 1.393280 -0.207038
v -0.000000 1.395500 -0.187022
v 0.030874 1.394650 -0.185037
v 0.030874 1.394650 -0.185037
v -0.000000 1.395500 -0.187022
v -0.000000 1.393470 -0.172714
v 0.022283 1.392550 -0.170258
v 0.056756 1.391890 -0.176735
v 0.030874 1.394650 -0.185037
v 0.022283 1.392550 -0.170258
v 0.041681 1.389480 -0.162796
v 0.017565 1.298280 -0.068750
v 0.010813 1.280320 -0.130282
v -0.000000 1.279200 -0.129369
v -0.000000 1.296480 -0.067269
v -0.000000 1.344930 -0.183408
v 0.010813 1.343820 -0.182495
v 0.017637 1.390970 -0.162409
v -0.000000 1.391870 -0.164983
v 0.030012 1.240540 -0.021272
v 0.071612 1.205740 0.007338
v 0.073355 1.206640 0.005122
v 0.032247 1.241040 -0.023157
v 0.072770 1.183330 0.025761
v 0.067979 1.190090 0.020199
v 0.065732 1.188160 0.020323
v 0.070106 1.182000 0.025388
v 0.073599 1.175040 0.032577
v 0.072770 1.183330 0.025761
v 0.070106 1.182000 0.025388
v 0.070849 1.174660 0.031410
v 0.069439 1.167370 0.038882
v 0.073599 1.175040 0.032577
v 0.070849 1.174660 0.031410
v 0.067172 1.167880 0.036983
v 0.061436 1.161710 0.043535
v 0.069439 1.167370 0.038882
v 0.067172 1.167880 0.036983
v 0.059830 1.162700 0.041252
v 0.050230 1.156840 0.047539
v 0.061436 1.161710 0.043535
v 0.059830 1.162700 0.041252
v 0.049083 1.158040 0.045091
v 0.107424 1.298940 -0.069283
v 0.078438 1.299140 -0.069459
v 0.078645 1.296320 -0.068601
v 0.107041 1.296120 -0.068432
v 0.117482 1.296870 -0.067583
v 0.107424 1.298940 -0.069283
v 0.107041 1.296120 -0.068432
v 0.116230 1.294230 -0.066886
v 0.119079 1.244300 -0.024362
v 0.124687 1.259090 -0.036520
v 0.122068 1.258940 -0.037865
v 0.116465 1.244180 -0.025724
v 0.124687 1.259090 -0.036520
v 0.130371 1.275110 -0.049687
v 0.127668 1.274690 -0.050817
v 0.122068 1.258940 -0.037865
v 0.130745 1.283160 -0.056310
v 0.126365 1.291320 -0.063018
v 0.124129 1.289300 -0.062842
v 0.128019 1.282050 -0.056887
v 0.130371 1.275110 -0.049687
v 0.130745 1.283160 -0.056310
v 0.128019 1.282050 -0.056887
v 0.127668 1.274690 -0.050817
v 0.024833 1.247750 -0.027199
v 0.030012 1.240540 -0.021272
v 0.032247 1.241040 -0.023157
v 0.027431 1.247740 -0.028664
v 0.022792 1.256620 -0.034494
v 0.024833 1.247750 -0.027199
v 0.027431 1.247740 -0.028664
v 0.025551 1.255890 -0.035369
v 0.024912 1.265520 -0.041812
v 0.022792 1.256620 -0.034494
v 0.025551 1.255890 -0.035369
v 0.027486 1.264010 -0.042052
v 0.032588 1.274680 -0.049344
v 0.024912 1.265520 -0.041812
v 0.027486 1.264010 -0.042052
v 0.034747 1.272670 -0.049167
v 0.056202 1.293260 -0.064622
v 0.050820 1.289760 -0.061745
v 0.052677 1.287500 -0.061352
v 0.057741 1.290800 -0.064059
v 0.050820 1.289760 -0.061745
v 0.032588 1.274680 -0.049344
v 0.034747 1.272670 -0.049167
v 0.052677 1.287500 -0.061352
v 0.063408 1.296280 -0.067103
v 0.056202 1.293260 -0.064622
v 0.057741 1.290800 -0.064059
v 0.064498 1.293620 -0.066386
v 0.025027 1.151160 0.052213
v 0.037805 1.153300 0.050451
v 0.037042 1.154610 0.047913
v 0.024596 1.152520 0.049629
v 0.012313 1.150140 0.053049
v 0.025027 1.151160 0.052213
v 0.024596 1.152520 0.049629
v 0.012135 1.151530 0.050449
v -0.000000 1.149880 0.053267
v 0.012313 1.150140 0.053049
v 0.012135 1.151530 0.050449
v -0.000000 1.151270 0.050663
v 0.018134 1.230510 -0.013031
v 0.009324 1.233570 -0.015541
v 0.008559 1.230810 -0.014745
v 0.016714 1.227980 -0.012420
v 0.025120 1.226260 -0.009537
v 0.018134 1.230510 -0.013031
v 0.016714 1.227980 -0.012420
v 0.023276 1.223990 -0.009133
v 0.067979 1.190090 0.020199
v 0.025120 1.226260 -0.009537
v 0.023276 1.223990 -0.009133
v 0.065732 1.188160 0.020323
v 0.106315 1.212080 0.002125
v 0.113190 1.229010 -0.011791
v 0.110584 1.228910 -0.013169
v 0.103817 1.212240 0.000532
v 0.113190 1.229010 -0.011791
v 0.119079 1.244300 -0.024362
v 0.116465 1.244180 -0.025724
v 0.110584 1.228910 -0.013169
v 0.100970 1.205040 0.007913
v 0.106315 1.212080 0.002125
v 0.103817 1.212240 0.000532
v 0.098977 1.205840 0.005782
v 0.091424 1.200610 0.011554
v 0.100970 1.205040 0.007913
v 0.098977 1.205840 0.005782
v 0.090779 1.202010 0.008909
v 0.080331 1.201330 0.010961
v 0.091424 1.200610 0.011554
v 0.090779 1.202010 0.008909
v 0.081239 1.202630 0.008397
v 0.078438 1.299140 -0.069459
v 0.071155 1.298290 -0.068756
v 0.071794 1.295520 -0.067943
v 0.078645 1.296320 -0.068601
v 0.071155 1.298290 -0.068756
v 0.063408 1.296280 -0.067103
v 0.064498 1.293620 -0.066386
v 0.071794 1.295520 -0.067943
v 0.126365 1.291320 -0.063018
v 0.117482 1.296870 -0.067583
v 0.116230 1.294230 -0.066886
v 0.124129 1.289300 -0.062842
v 0.071612 1.205740 0.007338
v 0.080331 1.201330 0.010961
v 0.081239 1.202630 0.008397
v 0.073355 1.206640 0.005122
v 0.037805 1.153300 0.050451
v 0.050230 1.156840 0.047539
v 0.049083 1.158040 0.045091
v 0.037042 1.154610 0.047913
v 0.009324 1.233570 -0.015541
v -0.000000 1.234610 -0.016400
v -0.000000 1.231770 -0.015534
v 0.008559 1.230810 -0.014745
v 0.064043 1.176550 0.021621
v 0.064629 1.171390 0.025860
v 0.070849 1.174660 0.031410
v 0.070106 1.182000 0.025388
v 0.072770 1.183330 0.025761
v 0.073599 1.175040 0.032577
v 0.084078 1.187630 0.022224
v 0.067172 1.167880 0.036983
v 0.070849 1.174660 0.031410
v 0.064629 1.171390 0.025860
v 0.061974 1.166640 0.029766
v 0.059830 1.162700 0.041252
v 0.067172 1.167880 0.036983
v 0.061974 1.166640 0.029766
v 0.056048 1.162600 0.033091
v 0.060364 1.181470 0.017580
v 0.064043 1.176550 0.021621
v 0.070106 1.182000 0.025388
v 0.065732 1.188160 0.020323
v 0.067979 1.190090 0.020199
v 0.072770 1.183330 0.025761
v 0.084078 1.187630 0.022224
v 0.071201 1.197040 0.014489
v 0.019100 1.216220 -0.010992
v 0.060364 1.181470 0.017580
v 0.065732 1.188160 0.020323
v 0.023276 1.223990 -0.009133
v 0.025120 1.226260 -0.009537
v 0.067979 1.190090 0.020199
v 0.071201 1.197040 0.014489
v 0.027182 1.232240 -0.014450
v 0.056048 1.162600 0.033091
v 0.046387 1.158450 0.036505
v 0.049083 1.158040 0.045091
v 0.059830 1.162700 0.041252
v 0.037042 1.154610 0.047913
v 0.049083 1.158040 0.045091
v 0.046387 1.158450 0.036505
v 0.035262 1.155280 0.039105
v 0.113417 1.285810 -0.068205
v 0.119085 1.282350 -0.065360
v 0.124129 1.289300 -0.062842
v 0.116230 1.294230 -0.066886
v 0.106008 1.287210 -0.069361
v 0.113417 1.285810 -0.068205
v 0.116230 1.294230 -0.066886
v 0.107041 1.296120 -0.068432
v 0.126365 1.291320 -0.063018
v 0.139526 1.290210 -0.062105
v 0.147147 1.310230 -0.078564
v 0.117123 1.305470 -0.074651
v 0.117482 1.296870 -0.067583
v 0.107424 1.298940 -0.069283
v 0.117482 1.296870 -0.067583
v 0.117123 1.305470 -0.074651
v 0.079268 1.287360 -0.069485
v 0.106008 1.287210 -0.069361
v 0.107041 1.296120 -0.068432
v 0.078645 1.296320 -0.068601
v 0.078438 1.299140 -0.069459
v 0.107424 1.298940 -0.069283
v 0.117123 1.305470 -0.074651
v 0.087966 1.313190 -0.081007
v 0.073238 1.286680 -0.068926
v 0.079268 1.287360 -0.069485
v 0.078645 1.296320 -0.068601
v 0.071794 1.295520 -0.067943
v 0.078438 1.299140 -0.069459
v 0.087966 1.313190 -0.081007
v 0.067696 1.310600 -0.078881
v 0.071155 1.298290 -0.068756
v 0.104587 1.226530 -0.019473
v 0.110584 1.228910 -0.013169
v 0.116465 1.244180 -0.025724
v 0.110348 1.241520 -0.031792
v 0.122068 1.258940 -0.037865
v 0.115846 1.255990 -0.043691
v 0.110348 1.241520 -0.031792
v 0.116465 1.244180 -0.025724
v 0.127668 1.274690 -0.050817
v 0.121333 1.271210 -0.056201
v 0.115846 1.255990 -0.043691
v 0.122068 1.258940 -0.037865
v 0.121776 1.277170 -0.061101
v 0.121333 1.271210 -0.056201
v 0.127668 1.274690 -0.050817
v 0.128019 1.282050 -0.056887
v 0.119085 1.282350 -0.065360
v 0.121776 1.277170 -0.061101
v 0.128019 1.282050 -0.056887
v 0.124129 1.289300 -0.062842
v 0.027431 1.247740 -0.028664
v 0.032247 1.241040 -0.023157
v 0.037598 1.239710 -0.030313
v 0.033388 1.245380 -0.034973
v 0.073355 1.206640 0.005122
v 0.077220 1.206520 -0.003019
v 0.037598 1.239710 -0.030313
v 0.032247 1.241040 -0.023157
v 0.016968 1.240160 -0.020966
v 0.023371 1.235290 -0.016956
v 0.030012 1.240540 -0.021272
v 0.024833 1.247750 -0.027199
v 0.071612 1.205740 0.007338
v 0.030012 1.240540 -0.021272
v 0.027182 1.232240 -0.014450
v 0.071201 1.197040 0.014489
v 0.030012 1.240540 -0.021272
v 0.023371 1.235290 -0.016956
v 0.027182 1.232240 -0.014450
v 0.027486 1.264010 -0.042052
v 0.025551 1.255890 -0.035369
v 0.031877 1.251830 -0.040273
v 0.033439 1.258270 -0.045567
v 0.033388 1.245380 -0.034973
v 0.031877 1.251830 -0.040273
v 0.025551 1.255890 -0.035369
v 0.027431 1.247740 -0.028664
v 0.024912 1.265520 -0.041812
v -0.000000 1.265520 -0.041812
v -0.000000 1.251250 -0.030079
v 0.022792 1.256620 -0.034494
v -0.000000 1.251250 -0.030079
v -0.000000 1.240890 -0.021563
v 0.016968 1.240160 -0.020966
v 0.024833 1.247750 -0.027199
v 0.022792 1.256620 -0.034494
v 0.052677 1.287500 -0.061352
v 0.056788 1.279700 -0.063189
v 0.061286 1.282660 -0.065624
v 0.057741 1.290800 -0.064059
v 0.054241 1.300690 -0.070730
v 0.029410 1.290890 -0.062676
v 0.056202 1.293260 -0.064622
v 0.063408 1.296280 -0.067103
v 0.056202 1.293260 -0.064622
v 0.029410 1.290890 -0.062676
v 0.050820 1.289760 -0.061745
v 0.064498 1.293620 -0.066386
v 0.057741 1.290800 -0.064059
v 0.061286 1.282660 -0.065624
v 0.067037 1.285070 -0.067603
v 0.071794 1.295520 -0.067943
v 0.064498 1.293620 -0.066386
v 0.067037 1.285070 -0.067603
v 0.073238 1.286680 -0.068926
v 0.071155 1.298290 -0.068756
v 0.054241 1.300690 -0.070730
v 0.063408 1.296280 -0.067103
v 0.034747 1.272670 -0.049167
v 0.027486 1.264010 -0.042052
v 0.033439 1.258270 -0.045567
v 0.039889 1.265730 -0.051702
v 0.039889 1.265730 -0.051702
v 0.056788 1.279700 -0.063189
v 0.052677 1.287500 -0.061352
v 0.034747 1.272670 -0.049167
v 0.012135 1.151530 0.050449
v 0.024596 1.152520 0.049629
v 0.023596 1.153330 0.040708
v 0.011723 1.152390 0.041485
v 0.035262 1.155280 0.039105
v 0.023596 1.153330 0.040708
v 0.024596 1.152520 0.049629
v 0.037042 1.154610 0.047913
v -0.000000 1.151270 0.050663
v 0.012135 1.151530 0.050449
v 0.011723 1.152390 0.041485
v -0.000000 1.152140 0.041690
v 0.073355 1.206640 0.005122
v 0.081239 1.202630 0.008397
v 0.083301 1.203220 -0.000303
v 0.077220 1.206520 -0.003019
v 0.071612 1.205740 0.007338
v 0.071201 1.197040 0.014489
v 0.080331 1.201330 0.010961
v 0.013407 1.219740 -0.013887
v 0.019100 1.216220 -0.010992
v 0.023276 1.223990 -0.009133
v 0.016714 1.227980 -0.012420
v 0.018134 1.230510 -0.013031
v 0.025120 1.226260 -0.009537
v 0.027182 1.232240 -0.014450
v 0.023371 1.235290 -0.016956
v -0.000000 1.222820 -0.016422
v 0.006796 1.222050 -0.015791
v 0.008559 1.230810 -0.014745
v -0.000000 1.231770 -0.015534
v 0.016714 1.227980 -0.012420
v 0.008559 1.230810 -0.014745
v 0.006796 1.222050 -0.015791
v 0.013407 1.219740 -0.013887
v 0.018134 1.230510 -0.013031
v 0.023371 1.235290 -0.016956
v 0.016968 1.240160 -0.020966
v 0.009324 1.233570 -0.015541
v 0.009324 1.233570 -0.015541
v 0.016968 1.240160 -0.020966
v -0.000000 1.240890 -0.021563
v -0.000000 1.234610 -0.016400
v 0.090779 1.202010 0.008909
v 0.098977 1.205840 0.005782
v 0.094504 1.205230 -0.001957
v 0.089359 1.202710 0.000118
v 0.098112 1.210370 -0.006184
v 0.094504 1.205230 -0.001957
v 0.098977 1.205840 0.005782
v 0.103817 1.212240 0.000532
v 0.098112 1.210370 -0.006184
v 0.103817 1.212240 0.000532
v 0.110584 1.228910 -0.013169
v 0.104587 1.226530 -0.019473
v 0.081239 1.202630 0.008397
v 0.090779 1.202010 0.008909
v 0.089359 1.202710 0.000118
v 0.083301 1.203220 -0.000303
v 0.071201 1.197040 0.014489
v 0.084078 1.187630 0.022224
v 0.091424 1.200610 0.011554
v 0.080331 1.201330 0.010961
v 0.071155 1.298290 -0.068756
v 0.067696 1.310600 -0.078881
v 0.054241 1.300690 -0.070730
v 0.098840 1.307030 -0.315235
v 0.097629 1.310620 -0.315270
v 0.112533 1.319240 -0.300425
v 0.113937 1.315750 -0.300076
v 0.097629 1.310620 -0.315270
v 0.095648 1.314160 -0.314236
v 0.110083 1.322520 -0.299959
v 0.112533 1.319240 -0.300425
v 0.095648 1.314160 -0.314236
v 0.093428 1.316680 -0.312410
v 0.107243 1.324710 -0.298803
v 0.110083 1.322520 -0.299959
v 0.113937 1.315750 -0.300076
v 0.112533 1.319240 -0.300425
v 0.124455 1.330900 -0.282018
v 0.126184 1.327720 -0.281071
v 0.112533 1.319240 -0.300425
v 0.110083 1.322520 -0.299959
v 0.121665 1.333860 -0.282170
v 0.124455 1.330900 -0.282018
v 0.110083 1.322520 -0.299959
v 0.107243 1.324710 -0.298803
v 0.118560 1.335830 -0.281484
v 0.121665 1.333860 -0.282170
v 0.093428 1.316680 -0.312410
v 0.095648 1.314160 -0.314236
v 0.075065 1.309440 -0.324595
v 0.073752 1.312180 -0.322321
v 0.095648 1.314160 -0.314236
v 0.097629 1.310620 -0.315270
v 0.076291 1.305720 -0.326013
v 0.075065 1.309440 -0.324595
v 0.097629 1.310620 -0.315270
v 0.098840 1.307030 -0.315235
v 0.077103 1.302020 -0.326194
v 0.076291 1.305720 -0.326013
v 0.073752 1.312180 -0.322321
v 0.075065 1.309440 -0.324595
v 0.050533 1.307190 -0.331242
v 0.049915 1.309960 -0.328757
v 0.075065 1.309440 -0.324595
v 0.076291 1.305720 -0.326013
v 0.051170 1.303440 -0.332849
v 0.050533 1.307190 -0.331242
v 0.076291 1.305720 -0.326013
v 0.077103 1.302020 -0.326194
v 0.051655 1.299710 -0.333149
v 0.051170 1.303440 -0.332849
v 0.076641 1.152380 0.043896
v 0.075639 1.155960 0.044605
v 0.051974 1.147100 0.052205
v 0.052684 1.143320 0.051971
v 0.075639 1.155960 0.044605
v 0.073926 1.159720 0.044194
v 0.050873 1.151150 0.051326
v 0.051974 1.147100 0.052205
v 0.073926 1.159720 0.044194
v 0.071962 1.162640 0.042776
v 0.049676 1.154370 0.049570
v 0.050873 1.151150 0.051326
v 0.139526 1.290210 -0.062105
v 0.142951 1.288920 -0.062092
v 0.150567 1.308940 -0.078552
v 0.147147 1.310230 -0.078564
v 0.142951 1.288920 -0.062092
v 0.146071 1.286810 -0.063219
v 0.153673 1.306820 -0.079686
v 0.150567 1.308940 -0.078552
v 0.146071 1.286810 -0.063219
v 0.148050 1.284440 -0.065184
v 0.155634 1.304450 -0.081661
v 0.153673 1.306820 -0.079686
v 0.147147 1.310230 -0.078564
v 0.150567 1.308940 -0.078552
v 0.158005 1.328560 -0.094695
v 0.154495 1.329530 -0.094434
v 0.150567 1.308940 -0.078552
v 0.153673 1.306820 -0.079686
v 0.161086 1.326600 -0.095988
v 0.158005 1.328560 -0.094695
v 0.153673 1.306820 -0.079686
v 0.155634 1.304450 -0.081661
v 0.162911 1.324170 -0.097964
v 0.161086 1.326600 -0.095988
v 0.174221 1.369140 -0.166328
v 0.173041 1.372480 -0.165794
v 0.172720 1.362090 -0.135519
v 0.174061 1.359010 -0.136793
v 0.173041 1.372480 -0.165794
v 0.170440 1.375220 -0.165516
v 0.170024 1.364620 -0.134798
v 0.172720 1.362090 -0.135519
v 0.170440 1.375220 -0.165516
v 0.167113 1.376600 -0.165568
v 0.166694 1.365940 -0.134825
v 0.170024 1.364620 -0.134798
v 0.153326 1.372360 -0.222577
v 0.156916 1.371010 -0.222234
v 0.145116 1.358890 -0.243201
v 0.141362 1.360120 -0.243720
v 0.156916 1.371010 -0.222234
v 0.159834 1.368350 -0.221551
v 0.148221 1.356350 -0.242280
v 0.145116 1.358890 -0.243201
v 0.159834 1.368350 -0.221551
v 0.161300 1.365090 -0.220712
v 0.149846 1.353200 -0.241205
v 0.148221 1.356350 -0.242280
v 0.052684 1.143320 0.051971
v 0.051974 1.147100 0.052205
v 0.026379 1.142460 0.056319
v 0.026747 1.138560 0.056471
v 0.051974 1.147100 0.052205
v 0.050873 1.151150 0.051326
v 0.025855 1.146640 0.055109
v 0.026379 1.142460 0.056319
v 0.050873 1.151150 0.051326
v 0.049676 1.154370 0.049570
v 0.025316 1.150000 0.053166
v 0.025855 1.146640 0.055109
v 0.026747 1.138560 0.056471
v 0.026379 1.142460 0.056319
v -0.000000 1.141150 0.057551
v -0.000000 1.137230 0.057885
v 0.026379 1.142460 0.056319
v 0.025855 1.146640 0.055109
v -0.000000 1.145370 0.056197
v -0.000000 1.141150 0.057551
v 0.025855 1.146640 0.055109
v 0.025316 1.150000 0.053166
v -0.000000 1.148760 0.054188
v -0.000000 1.145370 0.056197
v 0.108536 1.183730 0.017498
v 0.106961 1.186670 0.019049
v 0.094625 1.169230 0.033478
v 0.095938 1.165930 0.032317
v 0.106961 1.186670 0.019049
v 0.104202 1.189360 0.019744
v 0.092278 1.172500 0.033632
v 0.094625 1.169230 0.033478
v 0.104202 1.189360 0.019744
v 0.100998 1.191070 0.019397
v 0.089526 1.174850 0.032738
v 0.092278 1.172500 0.033632
v 0.140408 1.264420 -0.048738
v 0.138439 1.266790 -0.046766
v 0.130759 1.246770 -0.030338
v 0.132668 1.244390 -0.032338
v 0.138439 1.266790 -0.046766
v 0.135327 1.268900 -0.045635
v 0.127691 1.248880 -0.029185
v 0.130759 1.246770 -0.030338
v 0.135327 1.268900 -0.045635
v 0.131906 1.270190 -0.045648
v 0.124285 1.250170 -0.029190
v 0.127691 1.248880 -0.029185
v 0.116668 1.230160 -0.012739
v 0.120066 1.228870 -0.012733
v 0.127691 1.248880 -0.029185
v 0.124285 1.250170 -0.029190
v 0.120066 1.228870 -0.012733
v 0.123117 1.226750 -0.013890
v 0.130759 1.246770 -0.030338
v 0.127691 1.248880 -0.029185
v 0.123117 1.226750 -0.013890
v 0.125003 1.224370 -0.015899
v 0.132668 1.244390 -0.032338
v 0.130759 1.246770 -0.030338
v 0.095938 1.165930 0.032317
v 0.094625 1.169230 0.033478
v 0.075639 1.155960 0.044605
v 0.076641 1.152380 0.043896
v 0.094625 1.169230 0.033478
v 0.092278 1.172500 0.033632
v 0.073926 1.159720 0.044194
v 0.075639 1.155960 0.044605
v 0.092278 1.172500 0.033632
v 0.089526 1.174850 0.032738
v 0.071962 1.162640 0.042776
v 0.073926 1.159720 0.044194
v 0.116226 1.201830 0.002589
v 0.114393 1.204220 0.004605
v 0.106961 1.186670 0.019049
v 0.108536 1.183730 0.017498
v 0.114393 1.204220 0.004605
v 0.111387 1.206370 0.005753
v 0.104202 1.189360 0.019744
v 0.106961 1.186670 0.019049
v 0.111387 1.206370 0.005753
v 0.108015 1.207700 0.005726
v 0.100998 1.191070 0.019397
v 0.104202 1.189360 0.019744
v 0.148050 1.284440 -0.065184
v 0.146071 1.286810 -0.063219
v 0.138439 1.266790 -0.046766
v 0.140408 1.264420 -0.048738
v 0.146071 1.286810 -0.063219
v 0.142951 1.288920 -0.062092
v 0.135327 1.268900 -0.045635
v 0.138439 1.266790 -0.046766
v 0.142951 1.288920 -0.062092
v 0.139526 1.290210 -0.062105
v 0.131906 1.270190 -0.045648
v 0.135327 1.268900 -0.045635
v 0.108015 1.207700 0.005726
v 0.111387 1.206370 0.005753
v 0.120066 1.228870 -0.012733
v 0.116668 1.230160 -0.012739
v 0.111387 1.206370 0.005753
v 0.114393 1.204220 0.004605
v 0.123117 1.226750 -0.013890
v 0.120066 1.228870 -0.012733
v 0.114393 1.204220 0.004605
v 0.116226 1.201830 0.002589
v 0.125003 1.224370 -0.015899
v 0.123117 1.226750 -0.013890
v 0.169854 1.371500 -0.196636
v 0.168652 1.374910 -0.196884
v 0.173041 1.372480 -0.165794
v 0.174221 1.369140 -0.166328
v 0.168652 1.374910 -0.196884
v 0.166000 1.377690 -0.197099
v 0.170440 1.375220 -0.165516
v 0.173041 1.372480 -0.165794
v 0.166000 1.377690 -0.197099
v 0.162610 1.379100 -0.197223
v 0.167113 1.376600 -0.165568
v 0.170440 1.375220 -0.165516
v 0.126184 1.327720 -0.281071
v 0.124455 1.330900 -0.282018
v 0.136343 1.343630 -0.262146
v 0.138030 1.340470 -0.261131
v 0.124455 1.330900 -0.282018
v 0.121665 1.333860 -0.282170
v 0.133572 1.346580 -0.262372
v 0.136343 1.343630 -0.262146
v 0.121665 1.333860 -0.282170
v 0.118560 1.335830 -0.281484
v 0.130458 1.348530 -0.261748
v 0.133572 1.346580 -0.262372
v 0.138030 1.340470 -0.261131
v 0.136343 1.343630 -0.262146
v 0.148221 1.356350 -0.242280
v 0.149846 1.353200 -0.241205
v 0.136343 1.343630 -0.262146
v 0.133572 1.346580 -0.262372
v 0.145116 1.358890 -0.243201
v 0.148221 1.356350 -0.242280
v 0.133572 1.346580 -0.262372
v 0.130458 1.348530 -0.261748
v 0.141362 1.360120 -0.243720
v 0.145116 1.358890 -0.243201
v 0.154495 1.329530 -0.094434
v 0.158005 1.328560 -0.094695
v 0.165238 1.348180 -0.112154
v 0.161856 1.349380 -0.112075
v 0.158005 1.328560 -0.094695
v 0.161086 1.326600 -0.095988
v 0.168105 1.345930 -0.113225
v 0.165238 1.348180 -0.112154
v 0.161086 1.326600 -0.095988
v 0.162911 1.324170 -0.097964
v 0.169689 1.343230 -0.114999
v 0.168105 1.345930 -0.113225
v 0.161856 1.349380 -0.112075
v 0.165238 1.348180 -0.112154
v 0.170024 1.364620 -0.134798
v 0.166694 1.365940 -0.134825
v 0.165238 1.348180 -0.112154
v 0.168105 1.345930 -0.113225
v 0.172720 1.362090 -0.135519
v 0.170024 1.364620 -0.134798
v 0.168105 1.345930 -0.113225
v 0.169689 1.343230 -0.114999
v 0.174061 1.359010 -0.136793
v 0.172720 1.362090 -0.135519
v 0.162610 1.379100 -0.197223
v 0.166000 1.377690 -0.197099
v 0.156916 1.371010 -0.222234
v 0.153326 1.372360 -0.222577
v 0.166000 1.377690 -0.197099
v 0.168652 1.374910 -0.196884
v 0.159834 1.368350 -0.221551
v 0.156916 1.371010 -0.222234
v 0.168652 1.374910 -0.196884
v 0.169854 1.371500 -0.196636
v 0.161300 1.365090 -0.220712
v 0.159834 1.368350 -0.221551
v 0.049915 1.309960 -0.328757
v 0.050533 1.307190 -0.331242
v 0.025259 1.306160 -0.334653
v 0.025014 1.308930 -0.332113
v 0.050533 1.307190 -0.331242
v 0.051170 1.303440 -0.332849
v 0.025531 1.302400 -0.336320
v 0.025259 1.306160 -0.334653
v 0.051170 1.303440 -0.332849
v 0.051655 1.299710 -0.333149
v 0.025757 1.298660 -0.336669
v 0.025531 1.302400 -0.336320
v 0.025014 1.308930 -0.332113
v 0.025259 1.306160 -0.334653
v -0.000000 1.305880 -0.335592
v -0.000000 1.308650 -0.333049
v 0.025259 1.306160 -0.334653
v 0.025531 1.302400 -0.336320
v -0.000000 1.302120 -0.337266
v -0.000000 1.305880 -0.335592
v 0.025531 1.302400 -0.336320
v 0.025757 1.298660 -0.336669
v -0.000000 1.298380 -0.337621
v -0.000000 1.302120 -0.337266
v 0.012313 1.150140 0.053049
v -0.000000 1.149880 0.053267
v -0.000000 1.148760 0.054188
v -0.000000 1.308650 -0.333049
v -0.000000 1.321240 -0.315632
v 0.028752 1.321350 -0.314770
v 0.025014 1.308930 -0.332113
v 0.073752 1.312180 -0.322321
v 0.085243 1.321690 -0.307411
v 0.107243 1.324710 -0.298803
v 0.093428 1.316680 -0.312410
v 0.085243 1.321690 -0.307411
v 0.094127 1.335270 -0.287341
v 0.118560 1.335830 -0.281484
v 0.107243 1.324710 -0.298803
v 0.103210 1.349010 -0.266985
v 0.130458 1.348530 -0.261748
v 0.118560 1.335830 -0.281484
v 0.094127 1.335270 -0.287341
v 0.108015 1.207700 0.005726
v 0.116668 1.230160 -0.012739
v 0.113190 1.229010 -0.011791
v 0.106315 1.212080 0.002125
v 0.130371 1.275110 -0.049687
v 0.124687 1.259090 -0.036520
v 0.131906 1.270190 -0.045648
v 0.131906 1.270190 -0.045648
v 0.124687 1.259090 -0.036520
v 0.119079 1.244300 -0.024362
v 0.124285 1.250170 -0.029190
v 0.154495 1.329530 -0.094434
v 0.123644 1.332110 -0.096562
v 0.117123 1.305470 -0.074651
v 0.147147 1.310230 -0.078564
v 0.123644 1.332110 -0.096562
v 0.154495 1.329530 -0.094434
v 0.161856 1.349380 -0.112075
v 0.129484 1.354560 -0.116253
v 0.049915 1.309960 -0.328757
v 0.057257 1.321540 -0.312050
v 0.085243 1.321690 -0.307411
v 0.073752 1.312180 -0.322321
v 0.025014 1.308930 -0.332113
v 0.028752 1.321350 -0.314770
v 0.057257 1.321540 -0.312050
v 0.049915 1.309960 -0.328757
v 0.061436 1.161710 0.043535
v 0.050230 1.156840 0.047539
v 0.049676 1.154370 0.049570
v 0.071962 1.162640 0.042776
v 0.167113 1.376600 -0.165568
v 0.132879 1.382650 -0.168702
v 0.133092 1.372170 -0.139253
v 0.166694 1.365940 -0.134825
v 0.129484 1.354560 -0.116253
v 0.161856 1.349380 -0.112075
v 0.166694 1.365940 -0.134825
v 0.133092 1.372170 -0.139253
v 0.121362 1.376200 -0.224791
v 0.153326 1.372360 -0.222577
v 0.141362 1.360120 -0.243720
v 0.112471 1.362920 -0.246354
v 0.112471 1.362920 -0.246354
v 0.141362 1.360120 -0.243720
v 0.130458 1.348530 -0.261748
v 0.103210 1.349010 -0.266985
v 0.162610 1.379100 -0.197223
v 0.128365 1.384360 -0.199295
v 0.132879 1.382650 -0.168702
v 0.167113 1.376600 -0.165568
v 0.128365 1.384360 -0.199295
v 0.162610 1.379100 -0.197223
v 0.153326 1.372360 -0.222577
v 0.121362 1.376200 -0.224791
v 0.116668 1.230160 -0.012739
v 0.124285 1.250170 -0.029190
v 0.119079 1.244300 -0.024362
v 0.113190 1.229010 -0.011791
v 0.100970 1.205040 0.007913
v 0.108015 1.207700 0.005726
v 0.106315 1.212080 0.002125
v 0.130745 1.283160 -0.056310
v 0.139526 1.290210 -0.062105
v 0.126365 1.291320 -0.063018
v 0.032588 1.274680 -0.049344
v -0.000000 1.274680 -0.049344
v -0.000000 1.265520 -0.041812
v 0.024912 1.265520 -0.041812
v 0.032588 1.274680 -0.049344
v 0.029410 1.290890 -0.062676
v -0.000000 1.283670 -0.056738
v -0.000000 1.274680 -0.049344
v 0.037805 1.153300 0.050451
v 0.049676 1.154370 0.049570
v 0.050230 1.156840 0.047539
v 0.025027 1.151160 0.052213
v 0.012313 1.150140 0.053049
v -0.000000 1.148760 0.054188
v 0.025316 1.150000 0.053166
v 0.025027 1.151160 0.052213
v 0.025316 1.150000 0.053166
v 0.049676 1.154370 0.049570
v 0.037805 1.153300 0.050451
v 0.069439 1.167370 0.038882
v 0.061436 1.161710 0.043535
v 0.071962 1.162640 0.042776
v 0.073599 1.175040 0.032577
v 0.089526 1.174850 0.032738
v 0.100998 1.191070 0.019397
v 0.084078 1.187630 0.022224
v 0.069439 1.167370 0.038882
v 0.071962 1.162640 0.042776
v 0.089526 1.174850 0.032738
v 0.073599 1.175040 0.032577
v 0.091424 1.200610 0.011554
v 0.084078 1.187630 0.022224
v 0.100998 1.191070 0.019397
v 0.108015 1.207700 0.005726
v 0.100970 1.205040 0.007913
v 0.130371 1.275110 -0.049687
v 0.131906 1.270190 -0.045648
v 0.139526 1.290210 -0.062105
v 0.130745 1.283160 -0.056310
v 0.130340 1.163550 -0.031564
v 0.129251 1.167460 -0.027625
v 0.119664 1.145730 -0.008323
v 0.121626 1.142220 -0.012414
v 0.129251 1.167460 -0.027625
v 0.127742 1.172010 -0.023185
v 0.117603 1.150210 -0.004003
v 0.119664 1.145730 -0.008323
v 0.127742 1.172010 -0.023185
v 0.126217 1.175960 -0.019431
v 0.115995 1.154460 -0.000613
v 0.117603 1.150210 -0.004003
v 0.121626 1.142220 -0.012414
v 0.119664 1.145730 -0.008323
v 0.103251 1.123090 0.015131
v 0.103438 1.116500 0.015077
v 0.119664 1.145730 -0.008323
v 0.117603 1.150210 -0.004003
v 0.102532 1.130020 0.016174
v 0.103251 1.123090 0.015131
v 0.117603 1.150210 -0.004003
v 0.115995 1.154460 -0.000613
v 0.101473 1.135440 0.017926
v 0.102532 1.130020 0.016174
v 0.056699 1.245890 -0.321726
v 0.056648 1.250610 -0.324627
v 0.084582 1.252860 -0.316333
v 0.084625 1.248190 -0.313328
v 0.056648 1.250610 -0.324627
v 0.056355 1.256430 -0.327062
v 0.084189 1.258630 -0.318886
v 0.084582 1.252860 -0.316333
v 0.056355 1.256430 -0.327062
v 0.055897 1.261800 -0.328378
v 0.083551 1.263950 -0.320302
v 0.084189 1.258630 -0.318886
v 0.084625 1.248190 -0.313328
v 0.084582 1.252860 -0.316333
v 0.107824 1.257540 -0.304223
v 0.107880 1.252920 -0.301122
v 0.084582 1.252860 -0.316333
v 0.084189 1.258630 -0.318886
v 0.107316 1.263240 -0.306910
v 0.107824 1.257540 -0.304223
v 0.084189 1.258630 -0.318886
v 0.083551 1.263950 -0.320302
v 0.106492 1.268500 -0.308464
v 0.107316 1.263240 -0.306910
v 0.057161 1.096480 0.048266
v 0.056832 1.102160 0.047313
v 0.028942 1.098050 0.055110
v 0.029166 1.092560 0.056410
v 0.056832 1.102160 0.047313
v 0.056294 1.108680 0.046914
v 0.028630 1.104450 0.054320
v 0.028942 1.098050 0.055110
v 0.056294 1.108680 0.046914
v 0.055692 1.114300 0.047175
v 0.028312 1.110050 0.054251
v 0.028630 1.104450 0.054320
v 0.029166 1.092560 0.056410
v 0.028942 1.098050 0.055110
v -0.000000 1.096870 0.057451
v -0.000000 1.091460 0.058906
v 0.028942 1.098050 0.055110
v 0.028630 1.104450 0.054320
v -0.000000 1.103220 0.056548
v -0.000000 1.096870 0.057451
v 0.028630 1.104450 0.054320
v 0.028312 1.110050 0.054251
v -0.000000 1.108810 0.056439
v -0.000000 1.103220 0.056548
v 0.107880 1.252920 -0.301122
v 0.107824 1.257540 -0.304223
v 0.123086 1.265740 -0.288811
v 0.123218 1.261130 -0.285664
v 0.107824 1.257540 -0.304223
v 0.107316 1.263240 -0.306910
v 0.122456 1.271430 -0.291599
v 0.123086 1.265740 -0.288811
v 0.107316 1.263240 -0.306910
v 0.106492 1.268500 -0.308464
v 0.121497 1.276660 -0.293280
v 0.122456 1.271430 -0.291599
v 0.123218 1.261130 -0.285664
v 0.123086 1.265740 -0.288811
v 0.134033 1.276530 -0.270847
v 0.134225 1.271830 -0.267800
v 0.123086 1.265740 -0.288811
v 0.122456 1.271430 -0.291599
v 0.133406 1.282320 -0.273555
v 0.134033 1.276530 -0.270847
v 0.122456 1.271430 -0.291599
v 0.121497 1.276660 -0.293280
v 0.132512 1.287670 -0.275199
v 0.133406 1.282320 -0.273555
v 0.175126 1.280380 -0.130727
v 0.175795 1.285100 -0.127529
v 0.169989 1.266580 -0.112038
v 0.169514 1.261740 -0.115228
v 0.175795 1.285100 -0.127529
v 0.175542 1.290390 -0.123794
v 0.169539 1.271850 -0.108244
v 0.169989 1.266580 -0.112038
v 0.175542 1.290390 -0.123794
v 0.174435 1.294820 -0.120522
v 0.168287 1.276150 -0.104861
v 0.169539 1.271850 -0.108244
v 0.169514 1.261740 -0.115228
v 0.169989 1.266580 -0.112038
v 0.163340 1.248360 -0.096705
v 0.163685 1.244670 -0.100907
v 0.169989 1.266580 -0.112038
v 0.169539 1.271850 -0.108244
v 0.162260 1.252700 -0.092088
v 0.163340 1.248360 -0.096705
v 0.169539 1.271850 -0.108244
v 0.168287 1.276150 -0.104861
v 0.160734 1.256520 -0.088292
v 0.162260 1.252700 -0.092088
v 0.147733 1.205420 -0.067602
v 0.146938 1.209240 -0.063528
v 0.138311 1.188950 -0.046141
v 0.139244 1.185090 -0.050168
v 0.146938 1.209240 -0.063528
v 0.145585 1.213700 -0.058996
v 0.136901 1.193430 -0.041625
v 0.138311 1.188950 -0.046141
v 0.145585 1.213700 -0.058996
v 0.144037 1.217590 -0.055220
v 0.135390 1.197340 -0.037830
v 0.136901 1.193430 -0.041625
v 0.139244 1.185090 -0.050168
v 0.138311 1.188950 -0.046141
v 0.129251 1.167460 -0.027625
v 0.130340 1.163550 -0.031564
v 0.138311 1.188950 -0.046141
v 0.136901 1.193430 -0.041625
v 0.127742 1.172010 -0.023185
v 0.129251 1.167460 -0.027625
v 0.136901 1.193430 -0.041625
v 0.135390 1.197340 -0.037830
v 0.126217 1.175960 -0.019431
v 0.127742 1.172010 -0.023185
v -0.000000 1.244300 -0.327161
v -0.000000 1.249050 -0.329992
v 0.028272 1.249430 -0.328869
v 0.028347 1.244670 -0.326035
v -0.000000 1.249050 -0.329992
v -0.000000 1.254910 -0.332323
v 0.028090 1.255290 -0.331218
v 0.028272 1.249430 -0.328869
v -0.000000 1.254910 -0.332323
v -0.000000 1.260310 -0.333530
v 0.027849 1.260680 -0.332451
v 0.028090 1.255290 -0.331218
v 0.028347 1.244670 -0.326035
v 0.028272 1.249430 -0.328869
v 0.056648 1.250610 -0.324627
v 0.056699 1.245890 -0.321726
v 0.028272 1.249430 -0.328869
v 0.028090 1.255290 -0.331218
v 0.056355 1.256430 -0.327062
v 0.056648 1.250610 -0.324627
v 0.028090 1.255290 -0.331218
v 0.027849 1.260680 -0.332451
v 0.055897 1.261800 -0.328378
v 0.056355 1.256430 -0.327062
v 0.103438 1.116500 0.015077
v 0.103251 1.123090 0.015131
v 0.082858 1.110290 0.032907
v 0.083624 1.104490 0.032980
v 0.103251 1.123090 0.015131
v 0.102532 1.130020 0.016174
v 0.081844 1.116810 0.033456
v 0.082858 1.110290 0.032907
v 0.102532 1.130020 0.016174
v 0.101473 1.135440 0.017926
v 0.080851 1.122320 0.034480
v 0.081844 1.116810 0.033456
v 0.083624 1.104490 0.032980
v 0.082858 1.110290 0.032907
v 0.056832 1.102160 0.047313
v 0.057161 1.096480 0.048266
v 0.082858 1.110290 0.032907
v 0.081844 1.116810 0.033456
v 0.056294 1.108680 0.046914
v 0.056832 1.102160 0.047313
v 0.081844 1.116810 0.033456
v 0.080851 1.122320 0.034480
v 0.055692 1.114300 0.047175
v 0.056294 1.108680 0.046914
v 0.180417 1.324140 -0.151120
v 0.181018 1.319170 -0.153702
v 0.179609 1.325990 -0.172595
v 0.179181 1.331580 -0.171652
v 0.181018 1.319170 -0.153702
v 0.180814 1.313480 -0.156730
v 0.179358 1.319550 -0.173596
v 0.179609 1.325990 -0.172595
v 0.180814 1.313480 -0.156730
v 0.179861 1.308590 -0.159392
v 0.178494 1.313970 -0.174385
v 0.179358 1.319550 -0.173596
v 0.179181 1.331580 -0.171652
v 0.179609 1.325990 -0.172595
v 0.174840 1.325700 -0.193326
v 0.174484 1.331330 -0.194158
v 0.179609 1.325990 -0.172595
v 0.179358 1.319550 -0.173596
v 0.174745 1.319240 -0.192180
v 0.174840 1.325700 -0.193326
v 0.179358 1.319550 -0.173596
v 0.178494 1.313970 -0.174385
v 0.174223 1.313670 -0.191025
v 0.174745 1.319240 -0.192180
v 0.154024 1.311310 -0.236589
v 0.155129 1.306320 -0.234234
v 0.143868 1.293860 -0.254669
v 0.142673 1.298810 -0.257028
v 0.155129 1.306320 -0.234234
v 0.155843 1.300640 -0.231252
v 0.144651 1.288210 -0.251660
v 0.143868 1.293860 -0.254669
v 0.155843 1.300640 -0.231252
v 0.155976 1.295770 -0.228443
v 0.144812 1.283380 -0.248808
v 0.144651 1.288210 -0.251660
v 0.142673 1.298810 -0.257028
v 0.143868 1.293860 -0.254669
v 0.133406 1.282320 -0.273555
v 0.132512 1.287670 -0.275199
v 0.143868 1.293860 -0.254669
v 0.144651 1.288210 -0.251660
v 0.134033 1.276530 -0.270847
v 0.133406 1.282320 -0.273555
v 0.144651 1.288210 -0.251660
v 0.144812 1.283380 -0.248808
v 0.134225 1.271830 -0.267800
v 0.134033 1.276530 -0.270847
v 0.174435 1.294820 -0.120522
v 0.175542 1.290390 -0.123794
v 0.179489 1.306740 -0.138214
v 0.178549 1.311090 -0.134867
v 0.175542 1.290390 -0.123794
v 0.175795 1.285100 -0.127529
v 0.179598 1.301850 -0.142263
v 0.179489 1.306740 -0.138214
v 0.175795 1.285100 -0.127529
v 0.175126 1.280380 -0.130727
v 0.178846 1.297730 -0.145927
v 0.179598 1.301850 -0.142263
v 0.178549 1.311090 -0.134867
v 0.179489 1.306740 -0.138214
v 0.181018 1.319170 -0.153702
v 0.180417 1.324140 -0.151120
v 0.179489 1.306740 -0.138214
v 0.179598 1.301850 -0.142263
v 0.180814 1.313480 -0.156730
v 0.181018 1.319170 -0.153702
v 0.179598 1.301850 -0.142263
v 0.178846 1.297730 -0.145927
v 0.179861 1.308590 -0.159392
v 0.180814 1.313480 -0.156730
v 0.174484 1.331330 -0.194158
v 0.174840 1.325700 -0.193326
v 0.166060 1.318120 -0.213727
v 0.165287 1.323410 -0.215532
v 0.174840 1.325700 -0.193326
v 0.174745 1.319240 -0.192180
v 0.166467 1.312100 -0.211330
v 0.166060 1.318120 -0.213727
v 0.174745 1.319240 -0.192180
v 0.174223 1.313670 -0.191025
v 0.166399 1.306960 -0.208983
v 0.166467 1.312100 -0.211330
v 0.165287 1.323410 -0.215532
v 0.166060 1.318120 -0.213727
v 0.155129 1.306320 -0.234234
v 0.154024 1.311310 -0.236589
v 0.166060 1.318120 -0.213727
v 0.166467 1.312100 -0.211330
v 0.155843 1.300640 -0.231252
v 0.155129 1.306320 -0.234234
v 0.166467 1.312100 -0.211330
v 0.166399 1.306960 -0.208983
v 0.155976 1.295770 -0.228443
v 0.155843 1.300640 -0.231252
v 0.163685 1.244670 -0.100907
v 0.163340 1.248360 -0.096705
v 0.155361 1.228910 -0.080258
v 0.155959 1.225150 -0.084395
v 0.163340 1.248360 -0.096705
v 0.162260 1.252700 -0.092088
v 0.154120 1.233320 -0.075691
v 0.155361 1.228910 -0.080258
v 0.162260 1.252700 -0.092088
v 0.160734 1.256520 -0.088292
v 0.152569 1.237190 -0.071917
v 0.154120 1.233320 -0.075691
v 0.155959 1.225150 -0.084395
v 0.155361 1.228910 -0.080258
v 0.146938 1.209240 -0.063528
v 0.147733 1.205420 -0.067602
v 0.155361 1.228910 -0.080258
v 0.154120 1.233320 -0.075691
v 0.145585 1.213700 -0.058996
v 0.146938 1.209240 -0.063528
v 0.154120 1.233320 -0.075691
v 0.152569 1.237190 -0.071917
v 0.144037 1.217590 -0.055220
v 0.145585 1.213700 -0.058996
v -0.000000 1.073610 0.065581
v 0.026188 1.074330 0.063444
v 0.029166 1.092560 0.056410
v -0.000000 1.091460 0.058906
v 0.026747 1.138560 0.056471
v -0.000000 1.137230 0.057885
v -0.000000 1.108810 0.056439
v 0.028312 1.110050 0.054251
v 0.028450 1.240880 -0.323080
v -0.000000 1.240600 -0.324458
v -0.000000 1.244300 -0.327161
v 0.028347 1.244670 -0.326035
v 0.027849 1.260680 -0.332451
v -0.000000 1.260310 -0.333530
v -0.000000 1.298380 -0.337621
v 0.025757 1.298660 -0.336669
v 0.108536 1.183730 0.017498
v 0.095938 1.165930 0.032317
v 0.101473 1.135440 0.017926
v 0.115995 1.154460 -0.000613
v 0.103438 1.116500 0.015077
v 0.116279 1.110080 -0.006326
v 0.126132 1.135100 -0.027283
v 0.121626 1.142220 -0.012414
v 0.074326 1.079850 0.044704
v 0.093179 1.081590 0.029523
v 0.103438 1.116500 0.015077
v 0.083624 1.104490 0.032980
v 0.101473 1.135440 0.017926
v 0.095938 1.165930 0.032317
v 0.076641 1.152380 0.043896
v 0.080851 1.122320 0.034480
v 0.093179 1.081590 0.029523
v 0.105903 1.077480 0.013479
v 0.116279 1.110080 -0.006326
v 0.103438 1.116500 0.015077
v 0.126217 1.175960 -0.019431
v 0.116226 1.201830 0.002589
v 0.108536 1.183730 0.017498
v 0.115995 1.154460 -0.000613
v 0.130340 1.163550 -0.031564
v 0.134678 1.156420 -0.047364
v 0.142172 1.176670 -0.063507
v 0.139244 1.185090 -0.050168
v 0.121626 1.142220 -0.012414
v 0.126132 1.135100 -0.027283
v 0.134678 1.156420 -0.047364
v 0.130340 1.163550 -0.031564
v 0.125003 1.224370 -0.015899
v 0.116226 1.201830 0.002589
v 0.126217 1.175960 -0.019431
v 0.135390 1.197340 -0.037830
v 0.107627 1.248910 -0.297652
v 0.084454 1.244190 -0.309839
v 0.084625 1.248190 -0.313328
v 0.107880 1.252920 -0.301122
v 0.121497 1.276660 -0.293280
v 0.106492 1.268500 -0.308464
v 0.098840 1.307030 -0.315235
v 0.113937 1.315750 -0.300076
v 0.098840 1.307030 -0.315235
v 0.106492 1.268500 -0.308464
v 0.083551 1.263950 -0.320302
v 0.077103 1.302020 -0.326194
v 0.123189 1.257000 -0.282327
v 0.107627 1.248910 -0.297652
v 0.107880 1.252920 -0.301122
v 0.123218 1.261130 -0.285664
v 0.126184 1.327720 -0.281071
v 0.132512 1.287670 -0.275199
v 0.121497 1.276660 -0.293280
v 0.113937 1.315750 -0.300076
v 0.134387 1.267460 -0.264435
v 0.123189 1.257000 -0.282327
v 0.123218 1.261130 -0.285664
v 0.134225 1.271830 -0.267800
v 0.145162 1.279010 -0.244807
v 0.134387 1.267460 -0.264435
v 0.134225 1.271830 -0.267800
v 0.144812 1.283380 -0.248808
v 0.142673 1.298810 -0.257028
v 0.132512 1.287670 -0.275199
v 0.126184 1.327720 -0.281071
v 0.138030 1.340470 -0.261131
v 0.155634 1.304450 -0.081661
v 0.148050 1.284440 -0.065184
v 0.160734 1.256520 -0.088292
v 0.168287 1.276150 -0.104861
v 0.163685 1.244670 -0.100907
v 0.161964 1.232800 -0.106871
v 0.167765 1.251450 -0.121470
v 0.169514 1.261740 -0.115228
v 0.155959 1.225150 -0.084395
v 0.155697 1.214400 -0.092358
v 0.161964 1.232800 -0.106871
v 0.163685 1.244670 -0.100907
v 0.160734 1.256520 -0.088292
v 0.148050 1.284440 -0.065184
v 0.140408 1.264420 -0.048738
v 0.152569 1.237190 -0.071917
v 0.162911 1.324170 -0.097964
v 0.155634 1.304450 -0.081661
v 0.168287 1.276150 -0.104861
v 0.174435 1.294820 -0.120522
v 0.169514 1.261740 -0.115228
v 0.167765 1.251450 -0.121470
v 0.172611 1.269710 -0.135751
v 0.175126 1.280380 -0.130727
v 0.175126 1.280380 -0.130727
v 0.172611 1.269710 -0.135751
v 0.175966 1.286560 -0.149423
v 0.178846 1.297730 -0.145927
v 0.169689 1.343230 -0.114999
v 0.162911 1.324170 -0.097964
v 0.174435 1.294820 -0.120522
v 0.178549 1.311090 -0.134867
v 0.083551 1.263950 -0.320302
v 0.055897 1.261800 -0.328378
v 0.051655 1.299710 -0.333149
v 0.077103 1.302020 -0.326194
v 0.056765 1.241920 -0.318401
v 0.028450 1.240880 -0.323080
v 0.028347 1.244670 -0.326035
v 0.056699 1.245890 -0.321726
v 0.084454 1.244190 -0.309839
v 0.056765 1.241920 -0.318401
v 0.056699 1.245890 -0.321726
v 0.084625 1.248190 -0.313328
v 0.051655 1.299710 -0.333149
v 0.055897 1.261800 -0.328378
v 0.027849 1.260680 -0.332451
v 0.025757 1.298660 -0.336669
v 0.055692 1.114300 0.047175
v 0.052684 1.143320 0.051971
v 0.026747 1.138560 0.056471
v 0.028312 1.110050 0.054251
v 0.051270 1.076510 0.056561
v 0.074326 1.079850 0.044704
v 0.083624 1.104490 0.032980
v 0.057161 1.096480 0.048266
v 0.026188 1.074330 0.063444
v 0.051270 1.076510 0.056561
v 0.057161 1.096480 0.048266
v 0.029166 1.092560 0.056410
v 0.076641 1.152380 0.043896
v 0.052684 1.143320 0.051971
v 0.055692 1.114300 0.047175
v 0.080851 1.122320 0.034480
v 0.169854 1.371500 -0.196636
v 0.174221 1.369140 -0.166328
v 0.179181 1.331580 -0.171652
v 0.174484 1.331330 -0.194158
v 0.178494 1.313970 -0.174385
v 0.176791 1.308580 -0.176991
v 0.173081 1.309830 -0.191657
v 0.174223 1.313670 -0.191025
v 0.173081 1.309830 -0.191657
v 0.165726 1.302750 -0.207445
v 0.166399 1.306960 -0.208983
v 0.174223 1.313670 -0.191025
v 0.169854 1.371500 -0.196636
v 0.174484 1.331330 -0.194158
v 0.165287 1.323410 -0.215532
v 0.161300 1.365090 -0.220712
v 0.174221 1.369140 -0.166328
v 0.174061 1.359010 -0.136793
v 0.180417 1.324140 -0.151120
v 0.179181 1.331580 -0.171652
v 0.179861 1.308590 -0.159392
v 0.177488 1.300170 -0.162977
v 0.176791 1.308580 -0.176991
v 0.178494 1.313970 -0.174385
v 0.178846 1.297730 -0.145927
v 0.175966 1.286560 -0.149423
v 0.177488 1.300170 -0.162977
v 0.179861 1.308590 -0.159392
v 0.174061 1.359010 -0.136793
v 0.169689 1.343230 -0.114999
v 0.178549 1.311090 -0.134867
v 0.180417 1.324140 -0.151120
v 0.149846 1.353200 -0.241205
v 0.154024 1.311310 -0.236589
v 0.142673 1.298810 -0.257028
v 0.138030 1.340470 -0.261131
v 0.155868 1.291130 -0.225237
v 0.145162 1.279010 -0.244807
v 0.144812 1.283380 -0.248808
v 0.155976 1.295770 -0.228443
v 0.165287 1.323410 -0.215532
v 0.154024 1.311310 -0.236589
v 0.149846 1.353200 -0.241205
v 0.161300 1.365090 -0.220712
v 0.165726 1.302750 -0.207445
v 0.155868 1.291130 -0.225237
v 0.155976 1.295770 -0.228443
v 0.166399 1.306960 -0.208983
v 0.144037 1.217590 -0.055220
v 0.132668 1.244390 -0.032338
v 0.125003 1.224370 -0.015899
v 0.135390 1.197340 -0.037830
v 0.147733 1.205420 -0.067602
v 0.149100 1.195880 -0.077981
v 0.155697 1.214400 -0.092358
v 0.155959 1.225150 -0.084395
v 0.139244 1.185090 -0.050168
v 0.142172 1.176670 -0.063507
v 0.149100 1.195880 -0.077981
v 0.147733 1.205420 -0.067602
v 0.140408 1.264420 -0.048738
v 0.132668 1.244390 -0.032338
v 0.144037 1.217590 -0.055220
v 0.152569 1.237190 -0.071917
v 0.050820 1.289760 -0.061745
v 0.029410 1.290890 -0.062676
v 0.032588 1.274680 -0.049344
v 0.120339 1.003000 -0.063770
v 0.119431 1.033480 -0.092988
v 0.119674 1.034980 -0.093001
v 0.120529 1.004290 -0.062984
v 0.119848 0.999668 -0.065797
v 0.118605 1.028360 -0.092943
v 0.119431 1.033480 -0.092988
v 0.120339 1.003000 -0.063770
v 0.107751 1.074060 -0.148001
v 0.097591 1.091330 -0.172414
v 0.104543 1.098710 -0.170540
v 0.110363 1.081030 -0.149271
v 0.093844 0.825031 0.056471
v 0.092228 0.838972 0.059657
v 0.091513 0.839502 0.060894
v 0.093105 0.825175 0.057796
v 0.116349 1.061530 -0.123529
v 0.116118 1.060110 -0.123050
v 0.110363 1.081030 -0.149271
v 0.110890 1.082440 -0.149527
v 0.105093 0.815120 0.021445
v 0.103810 0.810033 0.026909
v 0.103820 0.808912 0.025876
v 0.105135 0.814562 0.020027
v 0.092206 0.811439 0.058208
v 0.095421 0.816188 0.052496
v 0.093105 0.825175 0.057796
v 0.089294 0.825918 0.064626
v 0.098403 0.811885 0.045178
v 0.096026 0.817083 0.051420
v 0.095421 0.816188 0.052496
v 0.098259 0.810368 0.045215
v 0.106914 0.824764 0.005252
v 0.106810 0.826584 0.013353
v 0.105135 0.814562 0.020027
v 0.105402 0.810997 0.010958
v 0.102389 0.808238 0.032563
v 0.100615 0.808894 0.038641
v 0.100416 0.807396 0.038840
v 0.102178 0.806740 0.032744
v 0.099993 0.804217 0.039261
v 0.100416 0.807396 0.038840
v 0.098259 0.810368 0.045215
v 0.097736 0.804895 0.045346
v 0.136004 1.162150 -0.160142
v 0.142713 1.162560 -0.132361
v 0.139676 1.152870 -0.132571
v 0.134383 1.154860 -0.156931
v 0.103810 0.810033 0.026909
v 0.102389 0.808238 0.032563
v 0.102178 0.806740 0.032744
v 0.103820 0.808912 0.025876
v 0.113367 1.149440 -0.194561
v 0.126458 1.158260 -0.180071
v 0.125655 1.151960 -0.175936
v 0.114360 1.143780 -0.189039
v 0.125494 1.150690 -0.175105
v 0.125655 1.151960 -0.175936
v 0.134383 1.154860 -0.156931
v 0.134080 1.153490 -0.156330
v 0.142817 1.153420 -0.103170
v 0.139543 1.146180 -0.071741
v 0.139059 1.135550 -0.076910
v 0.141125 1.146440 -0.104744
v 0.105722 1.130660 -0.192144
v 0.104824 1.131060 -0.193308
v 0.114360 1.143780 -0.189039
v 0.114550 1.142700 -0.187983
v 0.103064 1.115990 -0.185435
v 0.105570 1.099800 -0.170263
v 0.104543 1.098710 -0.170540
v 0.101844 1.115650 -0.186283
v 0.142713 1.162560 -0.132361
v 0.142817 1.153420 -0.103170
v 0.141125 1.146440 -0.104744
v 0.139676 1.152870 -0.132571
v 0.119221 0.971752 -0.038477
v 0.116697 0.939129 -0.019979
v 0.116643 0.938637 -0.021421
v 0.119095 0.971075 -0.039836
v 0.105722 1.130660 -0.192144
v 0.103064 1.115990 -0.185435
v 0.101844 1.115650 -0.186283
v 0.104824 1.131060 -0.193308
v 0.113913 0.907910 -0.007293
v 0.111367 0.877509 0.002087
v 0.111372 0.877154 0.000605
v 0.113913 0.907448 -0.008746
v 0.119848 0.999668 -0.065797
v 0.120339 1.003000 -0.063770
v 0.119095 0.971075 -0.039836
v 0.118664 0.968762 -0.044485
v 0.109027 0.849206 0.009082
v 0.106791 0.826918 0.014840
v 0.106810 0.826584 0.013353
v 0.109018 0.848892 0.007591
v 0.116697 0.939129 -0.019979
v 0.113913 0.907910 -0.007293
v 0.113913 0.907448 -0.008746
v 0.116643 0.938637 -0.021421
v 0.097284 1.001270 0.036774
v 0.092864 0.964144 0.048968
v 0.096419 0.961658 0.043480
v 0.100985 0.998801 0.031000
v 0.111367 0.877509 0.002087
v 0.109027 0.849206 0.009082
v 0.109018 0.848892 0.007591
v 0.111372 0.877154 0.000605
v 0.131694 1.126010 -0.044202
v 0.123135 1.102530 -0.021366
v 0.126328 1.097630 -0.029524
v 0.133915 1.119500 -0.052229
v 0.108399 1.034670 0.013275
v 0.107678 1.035220 0.014500
v 0.100985 0.998801 0.031000
v 0.101759 0.998286 0.029793
v 0.113199 1.072680 0.000852
v 0.103915 1.038090 0.020884
v 0.107678 1.035220 0.014500
v 0.116829 1.068950 -0.006528
v 0.139543 1.146180 -0.071741
v 0.131694 1.126010 -0.044202
v 0.133915 1.119500 -0.052229
v 0.139059 1.135550 -0.076910
v 0.089786 0.928412 0.058267
v 0.087930 0.895192 0.064491
v 0.091351 0.891928 0.059036
v 0.093211 0.925565 0.052898
v 0.123135 1.102530 -0.021366
v 0.113199 1.072680 0.000852
v 0.116829 1.068950 -0.006528
v 0.126328 1.097630 -0.029524
v 0.087319 0.865718 0.067376
v 0.087816 0.842246 0.067293
v 0.091513 0.839502 0.060894
v 0.090922 0.862342 0.061582
v 0.092864 0.964144 0.048968
v 0.089786 0.928412 0.058267
v 0.093211 0.925565 0.052898
v 0.096419 0.961658 0.043480
v 0.118605 1.028360 -0.092943
v 0.114427 1.049670 -0.119545
v 0.116118 1.060110 -0.123050
v 0.119431 1.033480 -0.092988
v 0.087930 0.895192 0.064491
v 0.087319 0.865718 0.067376
v 0.090922 0.862342 0.061582
v 0.091351 0.891928 0.059036
v -0.036066 0.647877 0.114981
v -0.035602 0.643588 0.113741
v -0.017936 0.643099 0.119136
v -0.018172 0.647329 0.120543
v -0.035602 0.643588 0.113741
v -0.034333 0.640762 0.110519
v -0.017289 0.640418 0.115646
v -0.017936 0.643099 0.119136
v -0.018172 0.647329 0.120543
v -0.017936 0.643099 0.119136
v 0.000029 0.643001 0.120832
v 0.000068 0.647193 0.122315
v -0.017936 0.643099 0.119136
v -0.017289 0.640418 0.115646
v 0.000005 0.640410 0.117236
v 0.000029 0.643001 0.120832
v -0.042209 0.666833 -0.083666
v -0.041365 0.662670 -0.082332
v -0.059785 0.661627 -0.069610
v -0.060870 0.665822 -0.070678
v -0.041365 0.662670 -0.082332
v -0.039551 0.660112 -0.079144
v -0.057378 0.658993 -0.066902
v -0.059785 0.661627 -0.069610
v -0.060870 0.665822 -0.070678
v -0.059785 0.661627 -0.069610
v -0.075094 0.660344 -0.054132
v -0.076337 0.664556 -0.054949
v -0.059785 0.661627 -0.069610
v -0.057378 0.658993 -0.066902
v -0.072228 0.657668 -0.051950
v -0.075094 0.660344 -0.054132
v -0.090409 0.653634 0.059328
v -0.089234 0.649270 0.059067
v -0.079329 0.647357 0.077209
v -0.080358 0.651750 0.077666
v -0.089234 0.649270 0.059067
v -0.086109 0.646278 0.057803
v -0.076550 0.644283 0.075426
v -0.079329 0.647357 0.077209
v -0.080358 0.651750 0.077666
v -0.079329 0.647357 0.077209
v -0.066661 0.645723 0.092877
v -0.067522 0.650113 0.093596
v -0.079329 0.647357 0.077209
v -0.076550 0.644283 0.075426
v -0.064310 0.642650 0.090563
v -0.066661 0.645723 0.092877
v -0.076337 0.664556 -0.054949
v -0.075094 0.660344 -0.054132
v -0.086422 0.658867 -0.037223
v -0.087777 0.663083 -0.037791
v -0.075094 0.660344 -0.054132
v -0.072228 0.657668 -0.051950
v -0.083198 0.656183 -0.035631
v -0.086422 0.658867 -0.037223
v -0.087777 0.663083 -0.037791
v -0.086422 0.658867 -0.037223
v -0.093946 0.657210 -0.019158
v -0.095360 0.661428 -0.019485
v -0.086422 0.658867 -0.037223
v -0.083198 0.656183 -0.035631
v -0.090490 0.654525 -0.018190
v -0.093946 0.657210 -0.019158
v -0.067522 0.650113 0.093596
v -0.066661 0.645723 0.092877
v -0.051967 0.644460 0.105039
v -0.052636 0.648812 0.106039
v -0.066661 0.645723 0.092877
v -0.064310 0.642650 0.090563
v -0.050132 0.641481 0.102219
v -0.051967 0.644460 0.105039
v -0.052636 0.648812 0.106039
v -0.051967 0.644460 0.105039
v -0.035602 0.643588 0.113741
v -0.036066 0.647877 0.114981
v -0.051967 0.644460 0.105039
v -0.050132 0.641481 0.102219
v -0.034333 0.640762 0.110519
v -0.035602 0.643588 0.113741
v 0.000084 0.667833 -0.095587
v 0.000040 0.663723 -0.093876
v -0.020953 0.663404 -0.090808
v -0.021428 0.667531 -0.092398
v 0.000040 0.663723 -0.093876
v 0.000019 0.661291 -0.090108
v -0.019941 0.660932 -0.087220
v -0.020953 0.663404 -0.090808
v -0.021428 0.667531 -0.092398
v -0.020953 0.663404 -0.090808
v -0.041365 0.662670 -0.082332
v -0.042209 0.666833 -0.083666
v -0.020953 0.663404 -0.090808
v -0.019941 0.660932 -0.087220
v -0.039551 0.660112 -0.079144
v -0.041365 0.662670 -0.082332
v -0.099990 0.657674 0.019804
v -0.098610 0.653417 0.019748
v -0.095697 0.651339 0.039656
v -0.096993 0.655648 0.039808
v -0.098610 0.653417 0.019748
v -0.095079 0.650656 0.019521
v -0.092313 0.648471 0.038903
v -0.095697 0.651339 0.039656
v -0.096993 0.655648 0.039808
v -0.095697 0.651339 0.039656
v -0.089234 0.649270 0.059067
v -0.090409 0.653634 0.059328
v -0.095697 0.651339 0.039656
v -0.092313 0.648471 0.038903
v -0.086109 0.646278 0.057803
v -0.089234 0.649270 0.059067
v -0.095360 0.661428 -0.019485
v -0.093946 0.657210 -0.019158
v -0.098005 0.655387 -0.000030
v -0.099426 0.659615 -0.000137
v -0.093946 0.657210 -0.019158
v -0.090490 0.654525 -0.018190
v -0.094450 0.652683 0.000322
v -0.098005 0.655387 -0.000030
v -0.099426 0.659615 -0.000137
v -0.098005 0.655387 -0.000030
v -0.098610 0.653417 0.019748
v -0.099990 0.657674 0.019804
v -0.098005 0.655387 -0.000030
v -0.094450 0.652683 0.000322
v -0.095079 0.650656 0.019521
v -0.098610 0.653417 0.019748
v 0.018305 0.647331 0.120530
v 0.017989 0.643144 0.119117
v 0.035644 0.643675 0.113702
v 0.036195 0.647880 0.114953
v 0.017989 0.643144 0.119117
v 0.017286 0.640570 0.115598
v 0.034297 0.641056 0.110425
v 0.035644 0.643675 0.113702
v 0.000068 0.647193 0.122315
v 0.000029 0.643001 0.120832
v 0.017989 0.643144 0.119117
v 0.018305 0.647331 0.120530
v 0.000029 0.643001 0.120832
v 0.000005 0.640410 0.117236
v 0.017286 0.640570 0.115598
v 0.017989 0.643144 0.119117
v 0.061037 0.665820 -0.070689
v 0.059863 0.661620 -0.069621
v 0.041445 0.662664 -0.082338
v 0.042378 0.666831 -0.083670
v 0.059863 0.661620 -0.069621
v 0.057412 0.658971 -0.066926
v 0.039590 0.660094 -0.079157
v 0.041445 0.662664 -0.082338
v 0.076501 0.664555 -0.054965
v 0.075167 0.660344 -0.054147
v 0.059863 0.661620 -0.069621
v 0.061037 0.665820 -0.070689
v 0.075167 0.660344 -0.054147
v 0.072255 0.657668 -0.051979
v 0.057412 0.658971 -0.066926
v 0.059863 0.661620 -0.069621
v 0.080327 0.651740 0.077755
v 0.079281 0.647455 0.077224
v 0.089162 0.649342 0.059125
v 0.090313 0.653613 0.059486
v 0.079281 0.647455 0.077224
v 0.076426 0.644635 0.075356
v 0.085992 0.646551 0.057784
v 0.089162 0.649342 0.059125
v 0.067597 0.650115 0.093593
v 0.066661 0.645842 0.092841
v 0.079281 0.647455 0.077224
v 0.080327 0.651740 0.077755
v 0.066661 0.645842 0.092841
v 0.064207 0.643054 0.090443
v 0.076426 0.644635 0.075356
v 0.079281 0.647455 0.077224
v 0.087939 0.663083 -0.037806
v 0.086493 0.658879 -0.037235
v 0.075167 0.660344 -0.054147
v 0.076501 0.664555 -0.054965
v 0.086493 0.658879 -0.037235
v 0.083217 0.656224 -0.035652
v 0.072255 0.657668 -0.051979
v 0.075167 0.660344 -0.054147
v 0.095521 0.661429 -0.019495
v 0.094015 0.657237 -0.019164
v 0.086493 0.658879 -0.037235
v 0.087939 0.663083 -0.037806
v 0.094015 0.657237 -0.019164
v 0.090501 0.654614 -0.018199
v 0.083217 0.656224 -0.035652
v 0.086493 0.658879 -0.037235
v 0.052758 0.648816 0.106003
v 0.051995 0.644576 0.104988
v 0.066661 0.645842 0.092841
v 0.067597 0.650115 0.093593
v 0.051995 0.644576 0.104988
v 0.050060 0.641870 0.102093
v 0.064207 0.643054 0.090443
v 0.066661 0.645842 0.092841
v 0.036195 0.647880 0.114953
v 0.035644 0.643675 0.113702
v 0.051995 0.644576 0.104988
v 0.052758 0.648816 0.106003
v 0.035644 0.643675 0.113702
v 0.034297 0.641056 0.110425
v 0.050060 0.641870 0.102093
v 0.051995 0.644576 0.104988
v 0.021597 0.667529 -0.092399
v 0.021032 0.663401 -0.090810
v 0.000040 0.663723 -0.093876
v 0.000084 0.667833 -0.095587
v 0.021032 0.663401 -0.090810
v 0.019981 0.660927 -0.087224
v 0.000019 0.661291 -0.090108
v 0.000040 0.663723 -0.093876
v 0.042378 0.666831 -0.083670
v 0.041445 0.662664 -0.082338
v 0.021032 0.663401 -0.090810
v 0.021597 0.667529 -0.092399
v 0.041445 0.662664 -0.082338
v 0.039590 0.660094 -0.079157
v 0.019981 0.660927 -0.087224
v 0.021032 0.663401 -0.090810
v 0.096964 0.655636 0.039931
v 0.095663 0.651395 0.039707
v 0.098636 0.653465 0.019767
v 0.100079 0.657673 0.019848
v 0.095663 0.651395 0.039707
v 0.092237 0.648679 0.038907
v 0.095049 0.650823 0.019528
v 0.098636 0.653465 0.019767
v 0.090313 0.653613 0.059486
v 0.089162 0.649342 0.059125
v 0.095663 0.651395 0.039707
v 0.096964 0.655636 0.039931
v 0.089162 0.649342 0.059125
v 0.085992 0.646551 0.057784
v 0.092237 0.648679 0.038907
v 0.095663 0.651395 0.039707
v 0.099575 0.659617 -0.000136
v 0.098065 0.655426 -0.000029
v 0.094015 0.657237 -0.019164
v 0.095521 0.661429 -0.019495
v 0.098065 0.655426 -0.000029
v 0.094447 0.652815 0.000324
v 0.090501 0.654614 -0.018199
v 0.094015 0.657237 -0.019164
v 0.100079 0.657673 0.019848
v 0.098636 0.653465 0.019767
v 0.098065 0.655426 -0.000029
v 0.099575 0.659617 -0.000136
v 0.098636 0.653465 0.019767
v 0.095049 0.650823 0.019528
v 0.094447 0.652815 0.000324
v 0.098065 0.655426 -0.000029
v -0.087777 0.663083 -0.037791
v -0.095360 0.661428 -0.019485
v -0.095173 0.693904 -0.018709
v -0.087974 0.694898 -0.036859
v -0.083198 0.656183 -0.035631
v -0.078716 0.654604 -0.033348
v -0.085662 0.652948 -0.016791
v -0.090490 0.654525 -0.018190
v -0.090490 0.654525 -0.018190
v -0.085662 0.652948 -0.016791
v -0.089455 0.651079 0.000840
v -0.094450 0.652683 0.000322
v -0.095360 0.661428 -0.019485
v -0.099426 0.659615 -0.000137
v -0.098868 0.692925 0.000276
v -0.095173 0.693904 -0.018709
v -0.080358 0.651750 0.077666
v -0.067522 0.650113 0.093596
v -0.066129 0.688592 0.090642
v -0.078881 0.689318 0.074274
v -0.076550 0.644283 0.075426
v -0.072502 0.642128 0.072685
v -0.060866 0.640484 0.087080
v -0.064310 0.642650 0.090563
v -0.064310 0.642650 0.090563
v -0.060866 0.640484 0.087080
v -0.047438 0.639447 0.098060
v -0.050132 0.641481 0.102219
v -0.067522 0.650113 0.093596
v -0.052636 0.648812 0.106039
v -0.051494 0.687920 0.103932
v -0.066129 0.688592 0.090642
v -0.060870 0.665822 -0.070678
v -0.076337 0.664556 -0.054949
v -0.076909 0.695904 -0.054072
v -0.061751 0.696920 -0.070139
v -0.057378 0.658993 -0.066902
v -0.054070 0.657476 -0.063074
v -0.068263 0.656097 -0.048840
v -0.072228 0.657668 -0.051950
v -0.072228 0.657668 -0.051950
v -0.068263 0.656097 -0.048840
v -0.078716 0.654604 -0.033348
v -0.083198 0.656183 -0.035631
v -0.076337 0.664556 -0.054949
v -0.087777 0.663083 -0.037791
v -0.087974 0.694898 -0.036859
v -0.076909 0.695904 -0.054072
v -0.050132 0.641481 0.102219
v -0.047438 0.639447 0.098060
v -0.032472 0.638950 0.105843
v -0.034333 0.640762 0.110519
v -0.034333 0.640762 0.110519
v -0.032472 0.638950 0.105843
v -0.016345 0.638821 0.110650
v -0.017289 0.640418 0.115646
v -0.052636 0.648812 0.106039
v -0.036066 0.647877 0.114981
v -0.035279 0.687357 0.113788
v -0.051494 0.687920 0.103932
v -0.036066 0.647877 0.114981
v -0.018172 0.647329 0.120543
v -0.017761 0.686976 0.120049
v -0.035279 0.687357 0.113788
v -0.019941 0.660932 -0.087220
v -0.018573 0.659653 -0.082301
v -0.037082 0.658707 -0.074700
v -0.039551 0.660112 -0.079144
v -0.039551 0.660112 -0.079144
v -0.037082 0.658707 -0.074700
v -0.054070 0.657476 -0.063074
v -0.057378 0.658993 -0.066902
v -0.021428 0.667531 -0.092398
v -0.042209 0.666833 -0.083666
v -0.043137 0.697946 -0.083800
v -0.021995 0.698892 -0.093444
v -0.042209 0.666833 -0.083666
v -0.060870 0.665822 -0.070678
v -0.061751 0.696920 -0.070139
v -0.043137 0.697946 -0.083800
v -0.092313 0.648471 0.038903
v -0.087482 0.646633 0.037732
v -0.081601 0.644253 0.055829
v -0.086109 0.646278 0.057803
v -0.086109 0.646278 0.057803
v -0.081601 0.644253 0.055829
v -0.072502 0.642128 0.072685
v -0.076550 0.644283 0.075426
v -0.096993 0.655648 0.039808
v -0.090409 0.653634 0.059328
v -0.089008 0.690115 0.056271
v -0.095798 0.691006 0.037993
v -0.090409 0.653634 0.059328
v -0.080358 0.651750 0.077666
v -0.078881 0.689318 0.074274
v -0.089008 0.690115 0.056271
v -0.094450 0.652683 0.000322
v -0.089455 0.651079 0.000840
v -0.090084 0.648971 0.019179
v -0.095079 0.650656 0.019521
v -0.095079 0.650656 0.019521
v -0.090084 0.648971 0.019179
v -0.087482 0.646633 0.037732
v -0.092313 0.648471 0.038903
v -0.099426 0.659615 -0.000137
v -0.099990 0.657674 0.019804
v -0.099089 0.691957 0.019392
v -0.098868 0.692925 0.000276
v -0.099990 0.657674 0.019804
v -0.096993 0.655648 0.039808
v -0.095798 0.691006 0.037993
v -0.099089 0.691957 0.019392
v -0.018172 0.647329 0.120543
v 0.000068 0.647193 0.122315
v 0.000438 0.686842 0.122231
v -0.017761 0.686976 0.120049
v -0.017289 0.640418 0.115646
v -0.016345 0.638821 0.110650
v -0.000007 0.638946 0.112124
v 0.000005 0.640410 0.117236
v 0.016310 0.639136 0.110589
v 0.017286 0.640570 0.115598
v 0.000005 0.640410 0.117236
v -0.000007 0.638946 0.112124
v 0.018305 0.647331 0.120530
v 0.018620 0.686994 0.119960
v 0.000438 0.686842 0.122231
v 0.000068 0.647193 0.122315
v 0.000016 0.660072 -0.084998
v 0.000019 0.661291 -0.090108
v 0.019981 0.660927 -0.087224
v 0.018605 0.659640 -0.082301
v 0.000019 0.661291 -0.090108
v 0.000016 0.660072 -0.084998
v -0.018573 0.659653 -0.082301
v -0.019941 0.660932 -0.087220
v 0.000084 0.667833 -0.095587
v 0.000450 0.699329 -0.097115
v 0.022898 0.698911 -0.093449
v 0.021597 0.667529 -0.092399
v 0.000084 0.667833 -0.095587
v -0.021428 0.667531 -0.092398
v -0.021995 0.698892 -0.093444
v 0.000450 0.699329 -0.097115
v 0.085642 0.653124 -0.016805
v 0.090501 0.654614 -0.018199
v 0.094447 0.652815 0.000324
v 0.089418 0.651343 0.000843
v 0.078705 0.654685 -0.033382
v 0.083217 0.656224 -0.035652
v 0.090501 0.654614 -0.018199
v 0.085642 0.653124 -0.016805
v 0.095521 0.661429 -0.019495
v 0.096057 0.693933 -0.018764
v 0.099701 0.692948 0.000284
v 0.099575 0.659617 -0.000136
v 0.087939 0.663083 -0.037806
v 0.088853 0.694942 -0.036939
v 0.096057 0.693933 -0.018764
v 0.095521 0.661429 -0.019495
v 0.060691 0.641324 0.086894
v 0.064207 0.643054 0.090443
v 0.050060 0.641870 0.102093
v 0.047302 0.640253 0.097878
v 0.072313 0.642859 0.072556
v 0.076426 0.644635 0.075356
v 0.064207 0.643054 0.090443
v 0.060691 0.641324 0.086894
v 0.067597 0.650115 0.093593
v 0.066596 0.688649 0.090615
v 0.052271 0.687951 0.103702
v 0.052758 0.648816 0.106003
v 0.080327 0.651740 0.077755
v 0.078682 0.689442 0.074807
v 0.066596 0.688649 0.090615
v 0.067597 0.650115 0.093593
v 0.068260 0.656092 -0.048883
v 0.072255 0.657668 -0.051979
v 0.083217 0.656224 -0.035652
v 0.078705 0.654685 -0.033382
v 0.054081 0.657428 -0.063103
v 0.057412 0.658971 -0.066926
v 0.072255 0.657668 -0.051979
v 0.068260 0.656092 -0.048883
v 0.076501 0.664555 -0.054965
v 0.077785 0.695959 -0.054155
v 0.088853 0.694942 -0.036939
v 0.087939 0.663083 -0.037806
v 0.061037 0.665820 -0.070689
v 0.062639 0.696971 -0.070195
v 0.077785 0.695959 -0.054155
v 0.076501 0.664555 -0.054965
v 0.047302 0.640253 0.097878
v 0.050060 0.641870 0.102093
v 0.034297 0.641056 0.110425
v 0.032389 0.639558 0.105717
v 0.052758 0.648816 0.106003
v 0.052271 0.687951 0.103702
v 0.036109 0.687386 0.113609
v 0.036195 0.647880 0.114953
v 0.032389 0.639558 0.105717
v 0.034297 0.641056 0.110425
v 0.017286 0.640570 0.115598
v 0.016310 0.639136 0.110589
v 0.036195 0.647880 0.114953
v 0.036109 0.687386 0.113609
v 0.018620 0.686994 0.119960
v 0.018305 0.647331 0.120530
v 0.018605 0.659640 -0.082301
v 0.019981 0.660927 -0.087224
v 0.039590 0.660094 -0.079157
v 0.037108 0.658667 -0.074710
v 0.021597 0.667529 -0.092399
v 0.022898 0.698911 -0.093449
v 0.044039 0.697982 -0.083821
v 0.042378 0.666831 -0.083670
v 0.037108 0.658667 -0.074710
v 0.039590 0.660094 -0.079157
v 0.057412 0.658971 -0.066926
v 0.054081 0.657428 -0.063103
v 0.042378 0.666831 -0.083670
v 0.044039 0.697982 -0.083821
v 0.062639 0.696971 -0.070195
v 0.061037 0.665820 -0.070689
v 0.087369 0.647062 0.037714
v 0.092237 0.648679 0.038907
v 0.085992 0.646551 0.057784
v 0.081438 0.644823 0.055769
v 0.096964 0.655636 0.039931
v 0.095618 0.691130 0.038704
v 0.088414 0.690282 0.057203
v 0.090313 0.653613 0.059486
v 0.081438 0.644823 0.055769
v 0.085992 0.646551 0.057784
v 0.076426 0.644635 0.075356
v 0.072313 0.642859 0.072556
v 0.090313 0.653613 0.059486
v 0.088414 0.690282 0.057203
v 0.078682 0.689442 0.074807
v 0.080327 0.651740 0.077755
v 0.089418 0.651343 0.000843
v 0.094447 0.652815 0.000324
v 0.095049 0.650823 0.019528
v 0.090016 0.649309 0.019182
v 0.099575 0.659617 -0.000136
v 0.099701 0.692948 0.000284
v 0.099594 0.692010 0.019641
v 0.100079 0.657673 0.019848
v 0.090016 0.649309 0.019182
v 0.095049 0.650823 0.019528
v 0.092237 0.648679 0.038907
v 0.087369 0.647062 0.037714
v 0.100079 0.657673 0.019848
v 0.099594 0.692010 0.019641
v 0.095618 0.691130 0.038704
v 0.096964 0.655636 0.039931
v -0.076909 0.695904 -0.054072
v -0.080017 0.732426 -0.057118
v -0.064975 0.733302 -0.073575
v -0.061751 0.696920 -0.070139
v 0.134080 1.153490 -0.156330
v 0.139221 1.151420 -0.132602
v 0.140775 1.145000 -0.105070
v 0.134519 1.145750 -0.135641
v 0.134519 1.145750 -0.135641
v 0.140775 1.145000 -0.105070
v 0.138997 1.134180 -0.077576
v 0.133292 1.133220 -0.110952
v 0.133292 1.133220 -0.110952
v 0.138997 1.134180 -0.077576
v 0.134235 1.118570 -0.053387
v 0.131196 1.116670 -0.085538
v 0.131196 1.116670 -0.085538
v 0.134235 1.118570 -0.053387
v 0.126813 1.096890 -0.030763
v 0.127011 1.094090 -0.059550
v 0.127011 1.094090 -0.059550
v 0.126813 1.096890 -0.030763
v 0.117442 1.068330 -0.007774
v 0.120456 1.064620 -0.032460
v 0.120456 1.064620 -0.032460
v 0.117442 1.068330 -0.007774
v 0.108399 1.034670 0.013275
v 0.113366 1.030230 -0.007454
v 0.113366 1.030230 -0.007454
v 0.108399 1.034670 0.013275
v 0.101759 0.998286 0.029793
v 0.107605 0.993273 0.012163
v 0.107605 0.993273 0.012163
v 0.101759 0.998286 0.029793
v 0.097193 0.961116 0.042284
v 0.103214 0.955751 0.026713
v 0.103214 0.955751 0.026713
v 0.097193 0.961116 0.042284
v 0.093960 0.924944 0.051725
v 0.099868 0.919453 0.037149
v 0.099868 0.919453 0.037149
v 0.093960 0.924944 0.051725
v 0.092074 0.891239 0.057885
v 0.097666 0.885338 0.044059
v 0.097666 0.885338 0.044059
v 0.092074 0.891239 0.057885
v 0.091643 0.861666 0.060422
v 0.096637 0.855049 0.047512
v 0.096637 0.855049 0.047512
v 0.091643 0.861666 0.060422
v 0.092228 0.838972 0.059657
v 0.096429 0.831817 0.048303
v 0.096429 0.831817 0.048303
v 0.092228 0.838972 0.059657
v 0.093844 0.825031 0.056471
v 0.097190 0.818482 0.047604
v 0.097190 0.818482 0.047604
v 0.093844 0.825031 0.056471
v 0.096026 0.817083 0.051420
v 0.098403 0.811885 0.045178
v 0.125494 1.150690 -0.175105
v 0.134080 1.153490 -0.156330
v 0.134519 1.145750 -0.135641
v 0.124624 1.140990 -0.160547
v 0.124624 1.140990 -0.160547
v 0.134519 1.145750 -0.135641
v 0.133292 1.133220 -0.110952
v 0.124328 1.126820 -0.139097
v 0.124328 1.126820 -0.139097
v 0.133292 1.133220 -0.110952
v 0.131196 1.116670 -0.085538
v 0.125021 1.109550 -0.113963
v 0.125021 1.109550 -0.113963
v 0.131196 1.116670 -0.085538
v 0.127011 1.094090 -0.059550
v 0.124391 1.086770 -0.086290
v 0.124391 1.086770 -0.086290
v 0.127011 1.094090 -0.059550
v 0.120456 1.064620 -0.032460
v 0.121240 1.057310 -0.056487
v 0.121240 1.057310 -0.056487
v 0.120456 1.064620 -0.032460
v 0.113366 1.030230 -0.007454
v 0.116745 1.023200 -0.028526
v 0.116745 1.023200 -0.028526
v 0.113366 1.030230 -0.007454
v 0.107605 0.993273 0.012163
v 0.112365 0.986754 -0.006393
v 0.112365 0.986754 -0.006393
v 0.107605 0.993273 0.012163
v 0.103214 0.955751 0.026713
v 0.108495 0.949960 0.009978
v 0.108495 0.949960 0.009978
v 0.103214 0.955751 0.026713
v 0.099868 0.919453 0.037149
v 0.105258 0.914538 0.021379
v 0.105258 0.914538 0.021379
v 0.099868 0.919453 0.037149
v 0.097666 0.885338 0.044059
v 0.102887 0.880899 0.029170
v 0.102887 0.880899 0.029170
v 0.097666 0.885338 0.044059
v 0.096637 0.855049 0.047512
v 0.101360 0.850609 0.033783
v 0.101360 0.850609 0.033783
v 0.096637 0.855049 0.047512
v 0.096429 0.831817 0.048303
v 0.100420 0.827271 0.036318
v 0.100420 0.827271 0.036318
v 0.096429 0.831817 0.048303
v 0.097190 0.818482 0.047604
v 0.100330 0.814524 0.038260
v 0.100330 0.814524 0.038260
v 0.097190 0.818482 0.047604
v 0.098403 0.811885 0.045178
v 0.100615 0.808894 0.038641
v 0.114550 1.142700 -0.187983
v 0.125494 1.150690 -0.175105
v 0.124624 1.140990 -0.160547
v 0.112454 1.130510 -0.178358
v 0.112454 1.130510 -0.178358
v 0.124624 1.140990 -0.160547
v 0.124328 1.126820 -0.139097
v 0.113510 1.114960 -0.160202
v 0.113510 1.114960 -0.160202
v 0.124328 1.126820 -0.139097
v 0.125021 1.109550 -0.113963
v 0.116926 1.097360 -0.136639
v 0.116926 1.097360 -0.136639
v 0.125021 1.109550 -0.113963
v 0.124391 1.086770 -0.086290
v 0.119835 1.075140 -0.108889
v 0.119835 1.075140 -0.108889
v 0.124391 1.086770 -0.086290
v 0.121240 1.057310 -0.056487
v 0.120298 1.046700 -0.077805
v 0.120298 1.046700 -0.077805
v 0.121240 1.057310 -0.056487
v 0.116745 1.023200 -0.028526
v 0.118706 1.013900 -0.048013
v 0.118706 1.013900 -0.048013
v 0.116745 1.023200 -0.028526
v 0.112365 0.986754 -0.006393
v 0.115968 0.979033 -0.024090
v 0.115968 0.979033 -0.024090
v 0.112365 0.986754 -0.006393
v 0.108495 0.949960 0.009978
v 0.112808 0.943991 -0.006256
v 0.112808 0.943991 -0.006256
v 0.108495 0.949960 0.009978
v 0.105258 0.914538 0.021379
v 0.109803 0.910370 0.006021
v 0.109803 0.910370 0.006021
v 0.105258 0.914538 0.021379
v 0.102887 0.880899 0.029170
v 0.107343 0.878045 0.014762
v 0.107343 0.878045 0.014762
v 0.102887 0.880899 0.029170
v 0.101360 0.850609 0.033783
v 0.105397 0.848474 0.020685
v 0.105397 0.848474 0.020685
v 0.101360 0.850609 0.033783
v 0.100420 0.827271 0.036318
v 0.103800 0.825501 0.025004
v 0.103800 0.825501 0.025004
v 0.100420 0.827271 0.036318
v 0.100330 0.814524 0.038260
v 0.102916 0.813320 0.029486
v 0.102916 0.813320 0.029486
v 0.100330 0.814524 0.038260
v 0.100615 0.808894 0.038641
v 0.102389 0.808238 0.032563
v 0.105722 1.130660 -0.192144
v 0.114550 1.142700 -0.187983
v 0.112454 1.130510 -0.178358
v 0.103064 1.115990 -0.185435
v 0.103064 1.115990 -0.185435
v 0.112454 1.130510 -0.178358
v 0.113510 1.114960 -0.160202
v 0.105570 1.099800 -0.170263
v 0.105570 1.099800 -0.170263
v 0.113510 1.114960 -0.160202
v 0.116926 1.097360 -0.136639
v 0.110890 1.082440 -0.149527
v 0.110890 1.082440 -0.149527
v 0.116926 1.097360 -0.136639
v 0.119835 1.075140 -0.108889
v 0.116349 1.061530 -0.123529
v 0.116349 1.061530 -0.123529
v 0.119835 1.075140 -0.108889
v 0.120298 1.046700 -0.077805
v 0.119674 1.034980 -0.093001
v 0.119674 1.034980 -0.093001
v 0.120298 1.046700 -0.077805
v 0.118706 1.013900 -0.048013
v 0.120529 1.004290 -0.062984
v 0.120529 1.004290 -0.062984
v 0.118706 1.013900 -0.048013
v 0.115968 0.979033 -0.024090
v 0.119221 0.971752 -0.038477
v 0.119221 0.971752 -0.038477
v 0.115968 0.979033 -0.024090
v 0.112808 0.943991 -0.006256
v 0.116697 0.939129 -0.019979
v 0.116697 0.939129 -0.019979
v 0.112808 0.943991 -0.006256
v 0.109803 0.910370 0.006021
v 0.113913 0.907910 -0.007293
v 0.113913 0.907910 -0.007293
v 0.109803 0.910370 0.006021
v 0.107343 0.878045 0.014762
v 0.111367 0.877509 0.002087
v 0.111367 0.877509 0.002087
v 0.107343 0.878045 0.014762
v 0.105397 0.848474 0.020685
v 0.109027 0.849206 0.009082
v 0.109027 0.849206 0.009082
v 0.105397 0.848474 0.020685
v 0.103800 0.825501 0.025004
v 0.106791 0.826918 0.014840
v 0.106791 0.826918 0.014840
v 0.103800 0.825501 0.025004
v 0.102916 0.813320 0.029486
v 0.105093 0.815120 0.021445
v 0.105093 0.815120 0.021445
v 0.102916 0.813320 0.029486
v 0.102389 0.808238 0.032563
v 0.103810 0.810033 0.026909
v -0.030014 1.207260 -0.296859
v -0.030016 1.195710 -0.287929
v -0.025420 1.195310 -0.288450
v -0.025420 1.195650 -0.288714
v -0.025416 1.206890 -0.297332
v -0.030016 1.195710 -0.287929
v -0.030017 1.182970 -0.277919
v -0.025422 1.182530 -0.278471
v -0.025422 1.182870 -0.278736
v -0.025420 1.195310 -0.288450
v -0.031734 1.194800 -0.289096
v -0.031734 1.182050 -0.279076
v -0.030017 1.182970 -0.277919
v -0.030016 1.195710 -0.287929
v -0.031734 1.206340 -0.298042
v -0.031734 1.194800 -0.289096
v -0.030016 1.195710 -0.287929
v -0.030014 1.207260 -0.296859
v -0.031734 1.182050 -0.279076
v -0.031734 1.167320 -0.267336
v -0.030016 1.168240 -0.266174
v -0.030017 1.182970 -0.277919
v -0.025422 1.182530 -0.278471
v -0.030017 1.182970 -0.277919
v -0.030016 1.168240 -0.266174
v -0.025422 1.167800 -0.266725
v -0.025422 1.168100 -0.266962
v -0.025422 1.167800 -0.266725
v -0.030016 1.168240 -0.266174
v -0.030015 1.152370 -0.253673
v -0.025420 1.151960 -0.254202
v -0.025420 1.152210 -0.254390
v -0.025420 1.151960 -0.254202
v -0.030015 1.152370 -0.253673
v -0.030013 1.136330 -0.241464
v -0.025418 1.135940 -0.241987
v -0.025418 1.136130 -0.242124
v -0.031734 1.167320 -0.267336
v -0.031734 1.151460 -0.254849
v -0.030015 1.152370 -0.253673
v -0.030016 1.168240 -0.266174
v -0.031734 1.151460 -0.254849
v -0.031734 1.135440 -0.242673
v -0.030013 1.136330 -0.241464
v -0.030015 1.152370 -0.253673
v -0.031734 1.135440 -0.242673
v -0.031749 1.116910 -0.229452
v -0.030045 1.118420 -0.228645
v -0.030013 1.136330 -0.241464
v -0.030045 1.118420 -0.228645
v -0.025417 1.120350 -0.230723
v -0.025418 1.135940 -0.241987
v -0.030013 1.136330 -0.241464
v -0.029165 1.116580 -0.227456
v -0.025198 1.119010 -0.229787
v -0.025417 1.120350 -0.230723
v -0.030045 1.118420 -0.228645
v -0.030045 1.118420 -0.228645
v -0.031749 1.116910 -0.229452
v -0.030913 1.115140 -0.228372
v -0.029165 1.116580 -0.227456
v -0.029165 1.116580 -0.227456
v -0.027328 1.114870 -0.226609
v -0.023330 1.117610 -0.229030
v -0.025198 1.119010 -0.229787
v -0.022424 1.111640 -0.225005
v -0.020414 1.115440 -0.227849
v -0.023330 1.117610 -0.229030
v -0.027328 1.114870 -0.226609
v -0.027328 1.114870 -0.226609
v -0.027952 1.112220 -0.226988
v -0.023119 1.109140 -0.225419
v -0.022424 1.111640 -0.225005
v -0.030913 1.115140 -0.228372
v -0.027952 1.112220 -0.226988
v -0.027328 1.114870 -0.226609
v -0.029165 1.116580 -0.227456
v -0.022884 1.106450 -0.229361
v -0.023119 1.109140 -0.225419
v -0.027952 1.112220 -0.226988
v -0.027483 1.109240 -0.231186
v -0.027483 1.109240 -0.231186
v -0.027952 1.112220 -0.226988
v -0.030913 1.115140 -0.228372
v -0.030906 1.112630 -0.232217
v -0.030906 1.112630 -0.232217
v -0.030913 1.115140 -0.228372
v -0.031749 1.116910 -0.229452
v -0.031734 1.114330 -0.233326
v -0.031734 1.114330 -0.233326
v -0.031734 1.103460 -0.249940
v -0.030898 1.102200 -0.248177
v -0.030906 1.112630 -0.232217
v -0.030906 1.112630 -0.232217
v -0.030898 1.102200 -0.248177
v -0.027480 1.098970 -0.246886
v -0.027483 1.109240 -0.231186
v -0.027480 1.098970 -0.246886
v -0.030898 1.102200 -0.248177
v -0.030898 1.101340 -0.250350
v -0.027480 1.098100 -0.249056
v -0.030898 1.101340 -0.250350
v -0.030898 1.102200 -0.248177
v -0.031734 1.103460 -0.249940
v -0.022881 1.095800 -0.245627
v -0.022884 1.106450 -0.229361
v -0.027483 1.109240 -0.231186
v -0.027480 1.098970 -0.246886
v -0.022881 1.095800 -0.245627
v -0.027480 1.098970 -0.246886
v -0.027480 1.098100 -0.249056
v -0.022881 1.094940 -0.247789
v -0.022900 1.089160 -0.279357
v -0.022881 1.094940 -0.247789
v -0.027480 1.098100 -0.249056
v -0.027497 1.092230 -0.281143
v -0.027497 1.092230 -0.281143
v -0.027480 1.098100 -0.249056
v -0.030898 1.101340 -0.250350
v -0.030898 1.095350 -0.282969
v -0.027497 1.092230 -0.281143
v -0.030898 1.095350 -0.282969
v -0.030552 1.096300 -0.284858
v -0.026686 1.092750 -0.282783
v -0.026686 1.092750 -0.282783
v -0.022276 1.089820 -0.281046
v -0.022900 1.089160 -0.279357
v -0.027497 1.092230 -0.281143
v -0.030898 1.095350 -0.282969
v -0.031734 1.097210 -0.284021
v -0.030552 1.096300 -0.284858
v -0.031734 1.103460 -0.249940
v -0.031734 1.097210 -0.284021
v -0.030898 1.095350 -0.282969
v -0.030898 1.101340 -0.250350
v -0.031734 1.097210 -0.284021
v -0.031734 1.179900 -0.332638
v -0.030553 1.179510 -0.333842
v -0.030552 1.096300 -0.284858
v -0.031734 1.103460 -0.249940
v -0.031734 1.202570 -0.316730
v -0.031734 1.179900 -0.332638
v -0.031734 1.097210 -0.284021
v -0.031734 1.179900 -0.332638
v -0.031734 1.202570 -0.316730
v -0.030858 1.203180 -0.318711
v -0.030868 1.181690 -0.333813
v -0.030868 1.181690 -0.333813
v -0.030553 1.179510 -0.333842
v -0.031734 1.179900 -0.332638
v -0.030858 1.203180 -0.318711
v -0.031734 1.202570 -0.316730
v -0.030898 1.204810 -0.316989
v -0.031734 1.202570 -0.316730
v -0.031734 1.209290 -0.306461
v -0.030898 1.210980 -0.307565
v -0.030898 1.204810 -0.316989
v -0.031734 1.209290 -0.306461
v -0.031734 1.202570 -0.316730
v -0.031734 1.103460 -0.249940
v -0.031734 1.114330 -0.233326
v -0.031734 1.132690 -0.246382
v -0.031734 1.148640 -0.258502
v -0.031734 1.164450 -0.270957
v -0.031734 1.179190 -0.282698
v -0.031734 1.191960 -0.292737
v -0.031734 1.203510 -0.301692
v -0.031734 1.209290 -0.306461
v -0.031734 1.211940 -0.302412
v -0.030894 1.213520 -0.303713
v -0.030898 1.210980 -0.307565
v -0.031734 1.203510 -0.301692
v -0.031734 1.206340 -0.298042
v -0.031734 1.211940 -0.302412
v -0.031734 1.209290 -0.306461
v -0.031734 1.191960 -0.292737
v -0.031734 1.194800 -0.289096
v -0.031734 1.206340 -0.298042
v -0.031734 1.203510 -0.301692
v -0.031734 1.211940 -0.302412
v -0.031734 1.206340 -0.298042
v -0.030014 1.207260 -0.296859
v -0.030011 1.212140 -0.300630
v -0.031734 1.179190 -0.282698
v -0.031734 1.182050 -0.279076
v -0.031734 1.194800 -0.289096
v -0.031734 1.191960 -0.292737
v -0.031734 1.164450 -0.270957
v -0.031734 1.167320 -0.267336
v -0.031734 1.182050 -0.279076
v -0.031734 1.179190 -0.282698
v -0.031734 1.148640 -0.258502
v -0.031734 1.151460 -0.254849
v -0.031734 1.167320 -0.267336
v -0.031734 1.164450 -0.270957
v -0.031734 1.132690 -0.246382
v -0.031734 1.135440 -0.242673
v -0.031734 1.151460 -0.254849
v -0.031734 1.148640 -0.258502
v -0.031734 1.114330 -0.233326
v -0.031749 1.116910 -0.229452
v -0.031734 1.135440 -0.242673
v -0.031734 1.132690 -0.246382
v -0.031734 1.211940 -0.302412
v -0.030011 1.212140 -0.300630
v -0.029140 1.213830 -0.302004
v -0.030894 1.213520 -0.303713
v -0.030011 1.212140 -0.300630
v -0.025780 1.210390 -0.299977
v -0.024992 1.212140 -0.301363
v -0.029140 1.213830 -0.302004
v -0.030011 1.212140 -0.300630
v -0.030014 1.207260 -0.296859
v -0.025416 1.206890 -0.297332
v -0.025780 1.210390 -0.299977
v -0.022036 1.219150 -0.306752
v -0.029140 1.213830 -0.302004
v -0.024992 1.212140 -0.301363
v -0.020414 1.215660 -0.304351
v -0.022036 1.219150 -0.306752
v -0.020414 1.215660 -0.304351
v -0.015434 1.218340 -0.306728
v -0.017144 1.221810 -0.309220
v -0.017144 1.221810 -0.309220
v -0.015434 1.218340 -0.306728
v -0.009014 1.220140 -0.308533
v -0.010854 1.223720 -0.311175
v -0.010854 1.223720 -0.311175
v -0.009014 1.220140 -0.308533
v -0.002874 1.220560 -0.309282
v -0.004852 1.224370 -0.312095
v -0.000454 1.224390 -0.312090
v -0.004852 1.224370 -0.312095
v -0.002874 1.220560 -0.309282
v -0.000454 1.220420 -0.309338
v -0.000454 1.224390 -0.312090
v -0.000454 1.220420 -0.309338
v 0.001966 1.220560 -0.309282
v 0.003944 1.224370 -0.312095
v 0.009946 1.223720 -0.311175
v 0.003944 1.224370 -0.312095
v 0.001966 1.220560 -0.309282
v 0.008106 1.220140 -0.308533
v 0.003944 1.224370 -0.312095
v 0.009946 1.223720 -0.311175
v 0.010829 1.224170 -0.313655
v 0.005099 1.224740 -0.314515
v -0.000454 1.224740 -0.314521
v -0.000454 1.224390 -0.312090
v 0.003944 1.224370 -0.312095
v 0.005099 1.224740 -0.314515
v 0.010949 1.221680 -0.317372
v 0.005339 1.222430 -0.317861
v 0.005099 1.224740 -0.314515
v 0.010829 1.224170 -0.313655
v 0.005339 1.222430 -0.317861
v -0.000454 1.222420 -0.317894
v -0.000454 1.224740 -0.314521
v 0.005099 1.224740 -0.314515
v -0.000454 1.224740 -0.314521
v -0.006007 1.224740 -0.314515
v -0.004852 1.224370 -0.312095
v -0.000454 1.224390 -0.312090
v -0.006247 1.222430 -0.317861
v -0.006007 1.224740 -0.314515
v -0.000454 1.224740 -0.314521
v -0.000454 1.222420 -0.317894
v -0.004852 1.224370 -0.312095
v -0.006007 1.224740 -0.314515
v -0.011737 1.224170 -0.313655
v -0.010854 1.223720 -0.311175
v -0.011857 1.221680 -0.317372
v -0.011737 1.224170 -0.313655
v -0.006007 1.224740 -0.314515
v -0.006247 1.222430 -0.317861
v -0.011864 1.216810 -0.324805
v -0.011857 1.221680 -0.317372
v -0.006247 1.222430 -0.317861
v -0.006247 1.217520 -0.325366
v -0.000454 1.222420 -0.317894
v -0.000454 1.217520 -0.325366
v -0.006247 1.217520 -0.325366
v -0.006247 1.222430 -0.317861
v -0.011864 1.216810 -0.324805
v -0.006247 1.217520 -0.325366
v -0.006245 1.215900 -0.327034
v -0.011859 1.215190 -0.326474
v -0.006247 1.217520 -0.325366
v -0.000454 1.217520 -0.325366
v -0.000454 1.215900 -0.327034
v -0.006245 1.215900 -0.327034
v 0.005339 1.217520 -0.325366
v 0.005337 1.215900 -0.327034
v -0.000454 1.215900 -0.327034
v -0.000454 1.217520 -0.325366
v -0.000454 1.222420 -0.317894
v 0.005339 1.222430 -0.317861
v 0.005339 1.217520 -0.325366
v -0.000454 1.217520 -0.325366
v 0.010956 1.216810 -0.324805
v 0.005339 1.217520 -0.325366
v 0.005339 1.222430 -0.317861
v 0.010949 1.221680 -0.317372
v 0.010956 1.216810 -0.324805
v 0.010951 1.215190 -0.326474
v 0.005337 1.215900 -0.327034
v 0.005339 1.217520 -0.325366
v 0.005337 1.215900 -0.327034
v 0.010951 1.215190 -0.326474
v 0.010995 1.193590 -0.341633
v 0.005344 1.194360 -0.342150
v 0.005344 1.194360 -0.342150
v -0.000454 1.194360 -0.342152
v -0.000454 1.215900 -0.327034
v 0.005337 1.215900 -0.327034
v -0.000454 1.192380 -0.342225
v -0.000454 1.194360 -0.342152
v 0.005344 1.194360 -0.342150
v 0.005243 1.192380 -0.342227
v 0.005243 1.192380 -0.342227
v 0.005344 1.194360 -0.342150
v 0.010995 1.193590 -0.341633
v 0.010651 1.191660 -0.341698
v -0.000454 1.192380 -0.342225
v -0.006151 1.192380 -0.342227
v -0.006252 1.194360 -0.342150
v -0.000454 1.194360 -0.342152
v -0.006252 1.194360 -0.342150
v -0.006245 1.215900 -0.327034
v -0.000454 1.215900 -0.327034
v -0.000454 1.194360 -0.342152
v -0.006151 1.192380 -0.342227
v -0.011559 1.191660 -0.341698
v -0.011903 1.193590 -0.341633
v -0.006252 1.194360 -0.342150
v -0.006245 1.215900 -0.327034
v -0.006252 1.194360 -0.342150
v -0.011903 1.193590 -0.341633
v -0.011859 1.215190 -0.326474
v -0.011559 1.191660 -0.341698
v -0.017284 1.189640 -0.340372
v -0.017887 1.191480 -0.340233
v -0.011903 1.193590 -0.341633
v -0.011859 1.215190 -0.326474
v -0.011903 1.193590 -0.341633
v -0.017887 1.191480 -0.340233
v -0.017775 1.213250 -0.324946
v -0.017777 1.214870 -0.323272
v -0.011864 1.216810 -0.324805
v -0.011859 1.215190 -0.326474
v -0.017775 1.213250 -0.324946
v -0.022403 1.212220 -0.321177
v -0.017777 1.214870 -0.323272
v -0.017775 1.213250 -0.324946
v -0.022285 1.210660 -0.322913
v -0.017775 1.213250 -0.324946
v -0.017887 1.191480 -0.340233
v -0.022604 1.188600 -0.338334
v -0.022285 1.210660 -0.322913
v -0.030898 1.204810 -0.316989
v -0.022403 1.212220 -0.321177
v -0.022285 1.210660 -0.322913
v -0.030858 1.203180 -0.318711
v -0.022285 1.210660 -0.322913
v -0.022604 1.188600 -0.338334
v -0.030868 1.181690 -0.333813
v -0.030858 1.203180 -0.318711
v -0.021819 1.186830 -0.338596
v -0.030553 1.179510 -0.333842
v -0.030868 1.181690 -0.333813
v -0.022604 1.188600 -0.338334
v -0.017284 1.189640 -0.340372
v -0.021819 1.186830 -0.338596
v -0.022604 1.188600 -0.338334
v -0.017887 1.191480 -0.340233
v -0.011281 1.086890 -0.279333
v -0.016648 1.087680 -0.279788
v -0.022276 1.089820 -0.281046
v -0.026686 1.092750 -0.282783
v -0.030552 1.096300 -0.284858
v -0.030553 1.179510 -0.333842
v -0.021819 1.186830 -0.338596
v -0.017284 1.189640 -0.340372
v -0.011559 1.191660 -0.341698
v -0.006151 1.192380 -0.342227
v -0.000454 1.192380 -0.342225
v -0.000454 1.086890 -0.279333
v -0.022403 1.212220 -0.321177
v -0.022349 1.216850 -0.314210
v -0.017751 1.219640 -0.316036
v -0.017777 1.214870 -0.323272
v -0.022349 1.216850 -0.314210
v -0.022403 1.212220 -0.321177
v -0.030898 1.204810 -0.316989
v -0.030898 1.210980 -0.307565
v -0.022349 1.216850 -0.314210
v -0.022350 1.219870 -0.309587
v -0.017719 1.222390 -0.311852
v -0.017751 1.219640 -0.316036
v -0.022350 1.219870 -0.309587
v -0.022349 1.216850 -0.314210
v -0.030898 1.210980 -0.307565
v -0.030894 1.213520 -0.303713
v -0.017144 1.221810 -0.309220
v -0.017719 1.222390 -0.311852
v -0.022350 1.219870 -0.309587
v -0.022036 1.219150 -0.306752
v -0.022350 1.219870 -0.309587
v -0.030894 1.213520 -0.303713
v -0.029140 1.213830 -0.302004
v -0.022036 1.219150 -0.306752
v -0.017751 1.219640 -0.316036
v -0.017719 1.222390 -0.311852
v -0.011737 1.224170 -0.313655
v -0.011857 1.221680 -0.317372
v -0.010854 1.223720 -0.311175
v -0.011737 1.224170 -0.313655
v -0.017719 1.222390 -0.311852
v -0.017144 1.221810 -0.309220
v -0.017777 1.214870 -0.323272
v -0.017751 1.219640 -0.316036
v -0.011857 1.221680 -0.317372
v -0.011864 1.216810 -0.324805
v 0.010373 1.086890 -0.279333
v -0.000454 1.086890 -0.279333
v -0.000454 1.192380 -0.342225
v 0.005243 1.192380 -0.342227
v 0.010651 1.191660 -0.341698
v 0.016376 1.189640 -0.340372
v 0.020911 1.186830 -0.338596
v 0.029645 1.179510 -0.333842
v 0.029644 1.096300 -0.284858
v 0.025778 1.092750 -0.282783
v 0.021368 1.089820 -0.281046
v 0.015740 1.087680 -0.279788
v -0.000454 1.086090 -0.277566
v -0.000454 1.086890 -0.279333
v 0.010373 1.086890 -0.279333
v 0.010476 1.086090 -0.277566
v -0.000454 1.086090 -0.277566
v -0.011385 1.086090 -0.277566
v -0.011281 1.086890 -0.279333
v -0.000454 1.086890 -0.279333
v 0.015740 1.087680 -0.279788
v 0.016094 1.086910 -0.278047
v 0.010476 1.086090 -0.277566
v 0.010373 1.086890 -0.279333
v 0.010476 1.086090 -0.277566
v 0.016094 1.086910 -0.278047
v 0.016080 1.092630 -0.246861
v 0.010472 1.091780 -0.246520
v 0.010472 1.091780 -0.246520
v -0.000454 1.091780 -0.246519
v -0.000454 1.086090 -0.277566
v 0.010476 1.086090 -0.277566
v -0.000454 1.092640 -0.244368
v -0.000454 1.091780 -0.246519
v 0.010472 1.091780 -0.246520
v 0.010472 1.092640 -0.244368
v 0.010472 1.092640 -0.244368
v 0.010472 1.091780 -0.246520
v 0.016080 1.092630 -0.246861
v 0.016080 1.093490 -0.244706
v -0.000454 1.092640 -0.244368
v -0.011380 1.092640 -0.244368
v -0.011380 1.091780 -0.246520
v -0.000454 1.091780 -0.246519
v -0.011380 1.091780 -0.246520
v -0.011385 1.086090 -0.277566
v -0.000454 1.086090 -0.277566
v -0.000454 1.091780 -0.246519
v -0.011380 1.092640 -0.244368
v -0.016988 1.093490 -0.244706
v -0.016988 1.092630 -0.246861
v -0.011380 1.091780 -0.246520
v -0.011385 1.086090 -0.277566
v -0.011380 1.091780 -0.246520
v -0.016988 1.092630 -0.246861
v -0.017003 1.086910 -0.278047
v -0.016648 1.087680 -0.279788
v -0.011281 1.086890 -0.279333
v -0.011385 1.086090 -0.277566
v -0.017003 1.086910 -0.278047
v -0.022276 1.089820 -0.281046
v -0.016648 1.087680 -0.279788
v -0.017003 1.086910 -0.278047
v -0.022900 1.089160 -0.279357
v -0.017003 1.086910 -0.278047
v -0.016988 1.092630 -0.246861
v -0.022881 1.094940 -0.247789
v -0.022900 1.089160 -0.279357
v -0.016988 1.093490 -0.244706
v -0.022881 1.095800 -0.245627
v -0.022881 1.094940 -0.247789
v -0.016988 1.092630 -0.246861
v -0.011380 1.092640 -0.244368
v -0.011381 1.103660 -0.227535
v -0.016991 1.104400 -0.228024
v -0.016988 1.093490 -0.244706
v -0.016988 1.093490 -0.244706
v -0.016991 1.104400 -0.228024
v -0.022884 1.106450 -0.229361
v -0.022881 1.095800 -0.245627
v -0.011381 1.103660 -0.227535
v -0.011381 1.105700 -0.224406
v -0.017053 1.106760 -0.224475
v -0.016991 1.104400 -0.228024
v -0.016991 1.104400 -0.228024
v -0.017053 1.106760 -0.224475
v -0.023119 1.109140 -0.225419
v -0.022884 1.106450 -0.229361
v -0.022424 1.111640 -0.225005
v -0.023119 1.109140 -0.225419
v -0.017053 1.106760 -0.224475
v -0.016253 1.109150 -0.224020
v -0.016253 1.109150 -0.224020
v -0.017053 1.106760 -0.224475
v -0.011381 1.105700 -0.224406
v -0.010468 1.108050 -0.223918
v -0.011381 1.105700 -0.224406
v -0.000454 1.105700 -0.224418
v -0.000454 1.107630 -0.224631
v -0.010468 1.108050 -0.223918
v -0.000454 1.105700 -0.224418
v -0.011381 1.105700 -0.224406
v -0.011381 1.103660 -0.227535
v -0.000454 1.103600 -0.227613
v 0.010473 1.105700 -0.224406
v 0.009559 1.108050 -0.223918
v -0.000454 1.107630 -0.224631
v -0.000454 1.105700 -0.224418
v -0.000454 1.105700 -0.224418
v -0.000454 1.103600 -0.227613
v 0.010473 1.103660 -0.227535
v 0.010473 1.105700 -0.224406
v 0.010473 1.103660 -0.227535
v 0.016082 1.104400 -0.228024
v 0.016145 1.106760 -0.224475
v 0.010473 1.105700 -0.224406
v 0.015344 1.109150 -0.224020
v 0.009559 1.108050 -0.223918
v 0.010473 1.105700 -0.224406
v 0.016145 1.106760 -0.224475
v 0.010472 1.092640 -0.244368
v 0.016080 1.093490 -0.244706
v 0.016082 1.104400 -0.228024
v 0.010473 1.103660 -0.227535
v 0.010473 1.103660 -0.227535
v -0.000454 1.103600 -0.227613
v -0.000454 1.092640 -0.244368
v 0.010472 1.092640 -0.244368
v 0.016080 1.093490 -0.244706
v 0.021973 1.095800 -0.245627
v 0.021976 1.106450 -0.229361
v 0.016082 1.104400 -0.228024
v 0.016082 1.104400 -0.228024
v 0.021976 1.106450 -0.229361
v 0.022210 1.109140 -0.225419
v 0.016145 1.106760 -0.224475
v 0.016080 1.093490 -0.244706
v 0.016080 1.092630 -0.246861
v 0.021973 1.094940 -0.247789
v 0.021973 1.095800 -0.245627
v 0.021973 1.095800 -0.245627
v 0.021973 1.094940 -0.247789
v 0.026572 1.098100 -0.249056
v 0.026572 1.098970 -0.246886
v 0.021973 1.095800 -0.245627
v 0.026572 1.098970 -0.246886
v 0.026574 1.109240 -0.231186
v 0.021976 1.106450 -0.229361
v 0.026572 1.098970 -0.246886
v 0.026572 1.098100 -0.249056
v 0.029990 1.101340 -0.250350
v 0.029990 1.102200 -0.248177
v 0.029998 1.112630 -0.232217
v 0.026574 1.109240 -0.231186
v 0.026572 1.098970 -0.246886
v 0.029990 1.102200 -0.248177
v 0.021976 1.106450 -0.229361
v 0.026574 1.109240 -0.231186
v 0.027043 1.112220 -0.226988
v 0.022210 1.109140 -0.225419
v 0.026574 1.109240 -0.231186
v 0.029998 1.112630 -0.232217
v 0.030005 1.115140 -0.228372
v 0.027043 1.112220 -0.226988
v 0.029998 1.112630 -0.232217
v 0.030826 1.114330 -0.233326
v 0.030841 1.116910 -0.229452
v 0.030005 1.115140 -0.228372
v 0.030826 1.114330 -0.233326
v 0.029998 1.112630 -0.232217
v 0.029990 1.102200 -0.248177
v 0.030826 1.103460 -0.249940
v 0.029137 1.118420 -0.228645
v 0.028256 1.116580 -0.227456
v 0.030005 1.115140 -0.228372
v 0.030841 1.116910 -0.229452
v 0.030005 1.115140 -0.228372
v 0.028256 1.116580 -0.227456
v 0.026420 1.114870 -0.226609
v 0.027043 1.112220 -0.226988
v 0.028256 1.116580 -0.227456
v 0.029137 1.118420 -0.228645
v 0.024509 1.120350 -0.230723
v 0.024290 1.119010 -0.229787
v 0.028256 1.116580 -0.227456
v 0.024290 1.119010 -0.229787
v 0.022422 1.117610 -0.229030
v 0.026420 1.114870 -0.226609
v 0.021516 1.111640 -0.225005
v 0.026420 1.114870 -0.226609
v 0.022422 1.117610 -0.229030
v 0.019506 1.115440 -0.227849
v 0.026420 1.114870 -0.226609
v 0.021516 1.111640 -0.225005
v 0.022210 1.109140 -0.225419
v 0.027043 1.112220 -0.226988
v 0.015344 1.109150 -0.224020
v 0.021516 1.111640 -0.225005
v 0.019506 1.115440 -0.227849
v 0.013247 1.112760 -0.226669
v 0.009559 1.108050 -0.223918
v 0.015344 1.109150 -0.224020
v 0.013247 1.112760 -0.226669
v 0.007191 1.111690 -0.226564
v 0.021516 1.111640 -0.225005
v 0.015344 1.109150 -0.224020
v 0.016145 1.106760 -0.224475
v 0.022210 1.109140 -0.225419
v 0.007191 1.111690 -0.226564
v -0.000454 1.111500 -0.227229
v -0.000454 1.107630 -0.224631
v 0.009559 1.108050 -0.223918
v -0.008099 1.111690 -0.226564
v -0.010468 1.108050 -0.223918
v -0.000454 1.107630 -0.224631
v -0.000454 1.111500 -0.227229
v -0.010468 1.108050 -0.223918
v -0.008099 1.111690 -0.226564
v -0.014155 1.112760 -0.226669
v -0.016253 1.109150 -0.224020
v -0.016253 1.109150 -0.224020
v -0.014155 1.112760 -0.226669
v -0.020414 1.115440 -0.227849
v -0.022424 1.111640 -0.225005
v 0.029137 1.118420 -0.228645
v 0.029105 1.136330 -0.241464
v 0.024510 1.135940 -0.241987
v 0.024509 1.120350 -0.230723
v 0.024512 1.151960 -0.254202
v 0.024510 1.136130 -0.242124
v 0.024510 1.135940 -0.241987
v 0.029105 1.136330 -0.241464
v 0.029107 1.152370 -0.253673
v 0.030826 1.135440 -0.242673
v 0.029105 1.136330 -0.241464
v 0.029137 1.118420 -0.228645
v 0.030841 1.116910 -0.229452
v 0.030826 1.151460 -0.254849
v 0.029107 1.152370 -0.253673
v 0.029105 1.136330 -0.241464
v 0.030826 1.135440 -0.242673
v 0.030826 1.167320 -0.267336
v 0.029108 1.168240 -0.266174
v 0.029107 1.152370 -0.253673
v 0.030826 1.151460 -0.254849
v 0.024514 1.167800 -0.266725
v 0.024511 1.152210 -0.254390
v 0.024512 1.151960 -0.254202
v 0.029107 1.152370 -0.253673
v 0.029108 1.168240 -0.266174
v 0.024514 1.182530 -0.278471
v 0.024514 1.168100 -0.266962
v 0.024514 1.167800 -0.266725
v 0.029108 1.168240 -0.266174
v 0.029109 1.182970 -0.277919
v 0.029108 1.195710 -0.287929
v 0.024512 1.195310 -0.288450
v 0.024514 1.182870 -0.278736
v 0.024514 1.182530 -0.278471
v 0.029109 1.182970 -0.277919
v 0.030826 1.194800 -0.289096
v 0.029108 1.195710 -0.287929
v 0.029109 1.182970 -0.277919
v 0.030826 1.182050 -0.279076
v 0.030826 1.182050 -0.279076
v 0.029109 1.182970 -0.277919
v 0.029108 1.168240 -0.266174
v 0.030826 1.167320 -0.267336
v 0.030826 1.206340 -0.298042
v 0.029106 1.207260 -0.296859
v 0.029108 1.195710 -0.287929
v 0.030826 1.194800 -0.289096
v 0.029106 1.207260 -0.296859
v 0.024507 1.206890 -0.297332
v 0.024512 1.195650 -0.288714
v 0.024512 1.195310 -0.288450
v 0.029108 1.195710 -0.287929
v 0.029103 1.212140 -0.300630
v 0.024872 1.210390 -0.299977
v 0.024507 1.206890 -0.297332
v 0.029106 1.207260 -0.296859
v 0.029103 1.212140 -0.300630
v 0.028231 1.213830 -0.302004
v 0.024084 1.212140 -0.301363
v 0.024872 1.210390 -0.299977
v 0.021128 1.219150 -0.306752
v 0.019506 1.215660 -0.304351
v 0.024084 1.212140 -0.301363
v 0.028231 1.213830 -0.302004
v 0.021128 1.219150 -0.306752
v 0.016236 1.221810 -0.309220
v 0.014526 1.218340 -0.306728
v 0.019506 1.215660 -0.304351
v 0.016236 1.221810 -0.309220
v 0.009946 1.223720 -0.311175
v 0.008106 1.220140 -0.308533
v 0.014526 1.218340 -0.306728
v 0.009946 1.223720 -0.311175
v 0.016236 1.221810 -0.309220
v 0.016811 1.222390 -0.311852
v 0.010829 1.224170 -0.313655
v 0.016236 1.221810 -0.309220
v 0.021128 1.219150 -0.306752
v 0.021441 1.219870 -0.309587
v 0.016811 1.222390 -0.311852
v 0.016842 1.219640 -0.316036
v 0.010949 1.221680 -0.317372
v 0.010829 1.224170 -0.313655
v 0.016811 1.222390 -0.311852
v 0.021441 1.216850 -0.314210
v 0.016842 1.219640 -0.316036
v 0.016811 1.222390 -0.311852
v 0.021441 1.219870 -0.309587
v 0.021495 1.212220 -0.321177
v 0.016869 1.214870 -0.323272
v 0.016842 1.219640 -0.316036
v 0.021441 1.216850 -0.314210
v 0.016869 1.214870 -0.323272
v 0.010956 1.216810 -0.324805
v 0.010949 1.221680 -0.317372
v 0.016842 1.219640 -0.316036
v 0.021495 1.212220 -0.321177
v 0.021377 1.210660 -0.322913
v 0.016867 1.213250 -0.324946
v 0.016869 1.214870 -0.323272
v 0.016869 1.214870 -0.323272
v 0.016867 1.213250 -0.324946
v 0.010951 1.215190 -0.326474
v 0.010956 1.216810 -0.324805
v 0.029990 1.204810 -0.316989
v 0.029949 1.203180 -0.318711
v 0.021377 1.210660 -0.322913
v 0.021495 1.212220 -0.321177
v 0.021441 1.216850 -0.314210
v 0.029990 1.210980 -0.307565
v 0.029990 1.204810 -0.316989
v 0.021495 1.212220 -0.321177
v 0.029949 1.203180 -0.318711
v 0.029990 1.204810 -0.316989
v 0.030826 1.202570 -0.316730
v 0.030826 1.202570 -0.316730
v 0.029990 1.204810 -0.316989
v 0.029990 1.210980 -0.307565
v 0.030826 1.209290 -0.306461
v 0.030826 1.209290 -0.306461
v 0.029990 1.210980 -0.307565
v 0.029986 1.213520 -0.303713
v 0.030826 1.211940 -0.302412
v 0.021441 1.219870 -0.309587
v 0.029986 1.213520 -0.303713
v 0.029990 1.210980 -0.307565
v 0.021441 1.216850 -0.314210
v 0.030826 1.211940 -0.302412
v 0.029986 1.213520 -0.303713
v 0.028231 1.213830 -0.302004
v 0.029103 1.212140 -0.300630
v 0.021441 1.219870 -0.309587
v 0.021128 1.219150 -0.306752
v 0.028231 1.213830 -0.302004
v 0.029986 1.213520 -0.303713
v 0.030826 1.211940 -0.302412
v 0.029103 1.212140 -0.300630
v 0.029106 1.207260 -0.296859
v 0.030826 1.206340 -0.298042
v 0.030826 1.203510 -0.301692
v 0.030826 1.209290 -0.306461
v 0.030826 1.211940 -0.302412
v 0.030826 1.206340 -0.298042
v 0.030826 1.191960 -0.292737
v 0.030826 1.203510 -0.301692
v 0.030826 1.206340 -0.298042
v 0.030826 1.194800 -0.289096
v 0.030826 1.209290 -0.306461
v 0.030826 1.203510 -0.301692
v 0.030826 1.191960 -0.292737
v 0.030826 1.179190 -0.282698
v 0.030826 1.164450 -0.270957
v 0.030826 1.148640 -0.258502
v 0.030826 1.132690 -0.246382
v 0.030826 1.114330 -0.233326
v 0.030826 1.103460 -0.249940
v 0.030826 1.202570 -0.316730
v 0.030826 1.179190 -0.282698
v 0.030826 1.191960 -0.292737
v 0.030826 1.194800 -0.289096
v 0.030826 1.182050 -0.279076
v 0.030826 1.164450 -0.270957
v 0.030826 1.179190 -0.282698
v 0.030826 1.182050 -0.279076
v 0.030826 1.167320 -0.267336
v 0.030826 1.148640 -0.258502
v 0.030826 1.164450 -0.270957
v 0.030826 1.167320 -0.267336
v 0.030826 1.151460 -0.254849
v 0.030826 1.132690 -0.246382
v 0.030826 1.148640 -0.258502
v 0.030826 1.151460 -0.254849
v 0.030826 1.135440 -0.242673
v 0.030826 1.114330 -0.233326
v 0.030826 1.132690 -0.246382
v 0.030826 1.135440 -0.242673
v 0.030841 1.116910 -0.229452
v 0.030826 1.179900 -0.332638
v 0.029960 1.181690 -0.333813
v 0.029949 1.203180 -0.318711
v 0.030826 1.202570 -0.316730
v 0.030826 1.103460 -0.249940
v 0.030826 1.097210 -0.284021
v 0.030826 1.179900 -0.332638
v 0.030826 1.202570 -0.316730
v 0.030826 1.103460 -0.249940
v 0.029990 1.101340 -0.250350
v 0.029990 1.095350 -0.282969
v 0.030826 1.097210 -0.284021
v 0.029990 1.101340 -0.250350
v 0.030826 1.103460 -0.249940
v 0.029990 1.102200 -0.248177
v 0.029990 1.095350 -0.282969
v 0.029644 1.096300 -0.284858
v 0.030826 1.097210 -0.284021
v 0.030826 1.097210 -0.284021
v 0.029644 1.096300 -0.284858
v 0.029645 1.179510 -0.333842
v 0.030826 1.179900 -0.332638
v 0.026588 1.092230 -0.281143
v 0.025778 1.092750 -0.282783
v 0.029644 1.096300 -0.284858
v 0.029990 1.095350 -0.282969
v 0.025778 1.092750 -0.282783
v 0.026588 1.092230 -0.281143
v 0.021992 1.089160 -0.279357
v 0.021368 1.089820 -0.281046
v 0.021368 1.089820 -0.281046
v 0.021992 1.089160 -0.279357
v 0.016094 1.086910 -0.278047
v 0.015740 1.087680 -0.279788
v 0.016094 1.086910 -0.278047
v 0.021992 1.089160 -0.279357
v 0.021973 1.094940 -0.247789
v 0.016080 1.092630 -0.246861
v 0.021992 1.089160 -0.279357
v 0.026588 1.092230 -0.281143
v 0.026572 1.098100 -0.249056
v 0.021973 1.094940 -0.247789
v 0.026588 1.092230 -0.281143
v 0.029990 1.095350 -0.282969
v 0.029990 1.101340 -0.250350
v 0.026572 1.098100 -0.249056
v 0.020911 1.186830 -0.338596
v 0.021695 1.188600 -0.338334
v 0.029960 1.181690 -0.333813
v 0.029645 1.179510 -0.333842
v 0.029960 1.181690 -0.333813
v 0.030826 1.179900 -0.332638
v 0.029645 1.179510 -0.333842
v 0.016376 1.189640 -0.340372
v 0.016979 1.191480 -0.340233
v 0.021695 1.188600 -0.338334
v 0.020911 1.186830 -0.338596
v 0.016867 1.213250 -0.324946
v 0.021377 1.210660 -0.322913
v 0.021695 1.188600 -0.338334
v 0.016979 1.191480 -0.340233
v 0.021377 1.210660 -0.322913
v 0.029949 1.203180 -0.318711
v 0.029960 1.181690 -0.333813
v 0.021695 1.188600 -0.338334
v 0.010651 1.191660 -0.341698
v 0.010995 1.193590 -0.341633
v 0.016979 1.191480 -0.340233
v 0.016376 1.189640 -0.340372
v 0.010951 1.215190 -0.326474
v 0.016867 1.213250 -0.324946
v 0.016979 1.191480 -0.340233
v 0.010995 1.193590 -0.341633
v -0.011381 1.103660 -0.227535
v -0.011380 1.092640 -0.244368
v -0.000454 1.092640 -0.244368
v -0.000454 1.103600 -0.227613
v -0.036461 1.295610 -0.142853
v -0.029690 1.288790 -0.137252
v -0.023399 1.312070 -0.156388
v -0.040711 1.303550 -0.149383
v -0.042172 1.312070 -0.156388
v -0.040711 1.303550 -0.149383
v -0.023399 1.312070 -0.156388
v -0.040711 1.320590 -0.163393
v -0.036461 1.328530 -0.169924
v -0.040711 1.320590 -0.163393
v -0.023399 1.312070 -0.156388
v -0.029690 1.335340 -0.175525
v -0.020934 1.340570 -0.179820
v -0.029690 1.335340 -0.175525
v -0.023399 1.312070 -0.156388
v -0.010812 1.343820 -0.182495
v -0.000000 1.344930 -0.183408
v -0.010812 1.343820 -0.182495
v -0.023399 1.312070 -0.156388
v -0.000000 1.312070 -0.156388
v -0.000000 1.279200 -0.129369
v -0.000000 1.312070 -0.156388
v -0.023399 1.312070 -0.156388
v -0.010813 1.280320 -0.130282
v -0.020935 1.283570 -0.132957
v -0.010813 1.280320 -0.130282
v -0.023399 1.312070 -0.156388
v -0.029690 1.288790 -0.137252
v 0.036461 1.295610 -0.142853
v 0.040711 1.303550 -0.149383
v 0.023399 1.312070 -0.156388
v 0.029690 1.288790 -0.137252
v 0.042172 1.312070 -0.156388
v 0.040711 1.320590 -0.163393
v 0.023399 1.312070 -0.156388
v 0.040711 1.303550 -0.149383
v 0.036461 1.328530 -0.169924
v 0.029690 1.335340 -0.175525
v 0.023399 1.312070 -0.156388
v 0.040711 1.320590 -0.163393
v 0.020935 1.340570 -0.179820
v 0.010813 1.343820 -0.182495
v 0.023399 1.312070 -0.156388
v 0.029690 1.335340 -0.175525
v -0.000000 1.344930 -0.183408
v -0.000000 1.312070 -0.156388
v 0.023399 1.312070 -0.156388
v 0.010813 1.343820 -0.182495
v -0.000000 1.279200 -0.129369
v 0.010813 1.280320 -0.130282
v 0.023399 1.312070 -0.156388
v -0.000000 1.312070 -0.156388
v 0.020935 1.283570 -0.132957
v 0.029690 1.288790 -0.137252
v 0.023399 1.312070 -0.156388
v 0.010813 1.280320 -0.130282
vn -0.2483 -0.6342 -0.7322
vn -0.2325 -0.5728 -0.7860
vn -0.8316 -0.1496 -0.5349
vn -0.8632 -0.3296 -0.3825
vn -0.2380 -0.7198 -0.6521
vn -0.8632 -0.3296 -0.3824
vn -0.8324 -0.5112 -0.2140
vn 0.5225 -0.4893 -0.6983
vn 0.5364 -0.5550 -0.6358
vn 0.5217 -0.6489 -0.5539
vn 0.4687 -0.7464 -0.4724
vn -0.2041 -0.5249 -0.8263
vn -0.7424 0.0150 -0.6698
vn 0.9748 -0.1473 -0.1675
vn 0.9401 -0.3407 -0.0083
vn 0.5217 -0.6488 -0.5539
vn 0.8403 -0.5238 0.1400
vn 0.8681 0.3274 0.3731
vn 0.8384 0.1441 0.5257
vn 0.9401 -0.3407 -0.0082
vn 0.7492 -0.0235 0.6619
vn 0.8403 -0.5238 0.1402
vn 0.2739 0.6328 0.7243
vn 0.2586 0.5646 0.7838
vn 0.2275 0.5108 0.8291
vn 0.2738 0.6328 0.7243
vn -0.5132 0.5621 0.6486
vn -0.5010 0.6518 0.5693
vn -0.4511 0.7464 0.4892
vn -0.9722 0.1526 0.1776
vn -0.9385 0.3450 0.0155
vn -0.8384 0.5281 -0.1347
vn -0.9722 0.1526 0.1775
vn -0.8384 0.5281 -0.1348
vn -0.6091 0.1491 -0.7790
vn -0.6877 0.6785 -0.2583
vn -0.3711 0.8273 0.4217
vn -0.2041 -0.5248 -0.8264
vn -0.1668 -0.4881 -0.8567
vn -0.6090 0.1491 -0.7790
vn -0.4371 0.2521 -0.8634
vn -0.4935 0.7947 -0.3534
vn -0.1195 -0.4600 -0.8798
vn -0.4371 0.2520 -0.8634
vn 0.3850 -0.8303 -0.4030
vn 0.2759 -0.8955 -0.3493
vn -0.2040 -0.5249 -0.8264
vn 0.6888 -0.6754 0.2635
vn 0.4932 -0.7922 0.3594
vn 0.2759 -0.8955 -0.3492
vn 0.8402 -0.5238 0.1401
vn 0.6888 -0.6754 0.2636
vn 0.6143 -0.1598 0.7727
vn 0.4400 -0.2645 0.8581
vn 0.8403 -0.5238 0.1401
vn 0.1855 0.4696 0.8632
vn 0.1328 0.4382 0.8890
vn 0.4400 -0.2645 0.8582
vn -0.2663 0.8900 0.3700
vn -0.6877 0.6785 -0.2582
vn -0.2663 0.8901 0.3700
vn -0.2584 0.8716 -0.4166
vn -0.1394 0.9316 0.3358
vn -0.2662 0.8901 0.3700
vn 0.0695 0.4172 0.9061
vn -0.4371 0.2521 -0.8633
vn -0.2289 0.3204 -0.9192
vn -0.2584 0.8715 -0.4167
vn -0.2289 0.3205 -0.9192
vn 0.0014 0.3443 -0.9389
vn 0.0020 0.8986 -0.4387
vn 0.0011 0.9461 0.3239
vn -0.0625 -0.4414 -0.8951
vn 0.0003 -0.4349 -0.9005
vn 0.0015 0.3443 -0.9389
vn -0.1195 -0.4600 -0.8799
vn -0.4370 0.2521 -0.8634
vn 0.1444 -0.9385 -0.3136
vn -0.0009 -0.9535 -0.3013
vn -0.0625 -0.4415 -0.8951
vn 0.2579 -0.8689 0.4224
vn -0.0018 -0.8957 0.4446
vn 0.2580 -0.8689 0.4224
vn 0.2301 -0.3333 0.9143
vn -0.0016 -0.3573 0.9340
vn -0.0018 -0.8957 0.4447
vn 0.2579 -0.8689 0.4225
vn 0.0695 0.4172 0.9062
vn -0.0005 0.4099 0.9121
vn 0.0696 0.4172 0.9061
vn 0.1400 0.9315 0.3358
vn -0.0698 0.4172 0.9061
vn -0.2310 -0.3333 0.9141
vn 0.2593 0.8714 -0.4165
vn 0.1400 0.9315 0.3357
vn 0.4922 0.7954 -0.3538
vn 0.2656 0.8903 0.3699
vn -0.1327 0.4379 0.8892
vn 0.2298 0.3205 -0.9189
vn 0.4362 0.2528 -0.8636
vn 0.2297 0.3205 -0.9190
vn 0.0628 -0.4413 -0.8952
vn 0.1195 -0.4599 -0.8799
vn 0.2298 0.3204 -0.9190
vn 0.2298 0.3205 -0.9190
vn -0.1450 -0.9384 -0.3137
vn -0.2754 -0.8957 -0.3491
vn -0.2589 -0.8687 0.4223
vn -0.4922 -0.7928 0.3594
vn -0.2588 -0.8687 0.4224
vn -0.4393 -0.2651 0.8583
vn -0.4923 -0.7928 0.3594
vn -0.2589 -0.8686 0.4224
vn -0.1328 0.4379 0.8892
vn -0.1865 0.4700 0.8627
vn -0.6169 -0.1580 0.7710
vn -0.4393 -0.2652 0.8583
vn -0.6917 -0.6731 0.2617
vn 0.3725 0.8260 0.4231
vn 0.3724 0.8260 0.4231
vn 0.4537 0.7429 0.4921
vn -0.2291 0.5122 0.8278
vn -0.2291 0.5121 0.8278
vn -0.7535 -0.0184 0.6572
vn -0.6169 -0.1579 0.7710
vn 0.6906 0.6764 -0.2561
vn 0.8433 0.5217 -0.1293
vn 0.4537 0.7430 0.4921
vn 0.2657 0.8903 0.3699
vn 0.6117 0.1472 -0.7772
vn 0.7470 0.0097 -0.6648
vn 0.8433 0.5216 -0.1293
vn 0.4922 0.7953 -0.3538
vn 0.1679 -0.4887 -0.8561
vn 0.2060 -0.5263 -0.8250
vn 0.6117 0.1472 -0.7773
vn 0.1678 -0.4887 -0.8562
vn -0.3865 -0.8290 -0.4042
vn -0.4712 -0.7430 -0.4753
vn 0.1678 -0.4887 -0.8561
vn -0.8448 -0.5178 0.1350
vn -0.6169 -0.1581 0.7710
vn -0.7535 -0.0185 0.6572
vn -0.8397 0.1462 0.5230
vn -0.9412 -0.3376 -0.0108
vn -0.4713 -0.7430 -0.4753
vn -0.9412 -0.3377 -0.0108
vn -0.5223 -0.6471 -0.5554
vn -0.2291 0.5122 0.8277
vn -0.2594 0.5651 0.7832
vn -0.2595 0.5652 0.7831
vn -0.2743 0.6326 0.7243
vn -0.8683 0.3269 0.3730
vn -0.9747 -0.1478 -0.1677
vn 0.5019 0.6501 0.5706
vn 0.5129 0.5625 0.6485
vn 0.5018 0.6501 0.5706
vn -0.2594 0.5652 0.7831
vn 0.9395 0.3420 0.0180
vn 0.9721 0.1536 0.1772
vn 0.5019 0.6500 0.5706
vn 0.4538 0.7429 0.4921
vn 0.9395 0.3421 0.0180
vn 0.5019 0.6501 0.5705
vn 0.8330 -0.1516 -0.5321
vn 0.8634 -0.3287 -0.3828
vn 0.9721 0.1535 0.1772
vn 0.8434 0.5216 -0.1293
vn 0.2336 -0.5729 -0.7856
vn 0.2487 -0.6339 -0.7323
vn -0.5362 -0.5551 -0.6359
vn -0.9747 -0.1479 -0.1677
vn -0.9434 0.0304 -0.3302
vn -0.5218 -0.4882 -0.6996
vn 0.2371 -0.7216 -0.6504
vn -0.8343 0.5126 0.2029
vn -0.9434 0.0305 -0.3302
vn -0.8343 0.5127 0.2029
vn -0.7300 0.6833 0.0150
vn -0.8544 0.1741 -0.4895
vn -0.5006 -0.4546 -0.7367
vn -0.5218 -0.4881 -0.6996
vn -0.2607 0.7236 0.6391
vn -0.1965 0.8281 0.5250
vn 0.4978 0.5021 0.7072
vn 0.4806 0.4745 0.7375
vn 0.4978 0.5021 0.7071
vn 0.9400 -0.0220 0.3405
vn 0.8519 -0.1635 0.4975
vn 0.8310 -0.5150 -0.2102
vn 0.7247 -0.6888 -0.0184
vn 0.1737 -0.8258 -0.5366
vn 0.2371 -0.7216 -0.6505
vn -0.5217 -0.4882 -0.6996
vn -0.4629 -0.4244 -0.7782
vn 0.0788 -0.8948 -0.4394
vn 0.5619 -0.8123 0.1562
vn -0.7145 0.2784 -0.6419
vn -0.7144 0.2784 -0.6419
vn -0.5255 0.3449 -0.7778
vn -0.3728 -0.3847 -0.8444
vn 0.0087 -0.9164 -0.4002
vn -0.5710 0.8053 -0.1594
vn -0.3933 0.8720 -0.2913
vn -0.5254 0.3449 -0.7778
vn -0.7144 0.2785 -0.6419
vn -0.8544 0.1742 -0.4895
vn -0.5711 0.8053 -0.1594
vn -0.1008 0.8992 0.4258
vn -0.0260 0.9243 0.3808
vn 0.4515 0.4476 0.7719
vn 0.3714 0.4075 0.8343
vn -0.0259 0.9243 0.3808
vn 0.4515 0.4475 0.7719
vn 0.7155 -0.2678 0.6453
vn 0.5306 -0.3377 0.7774
vn 0.8519 -0.1634 0.4975
vn 0.7155 -0.2678 0.6452
vn 0.3837 -0.8792 0.2826
vn 0.7155 -0.2679 0.6452
vn 0.5619 -0.8124 0.1562
vn -0.0147 -0.9168 -0.3991
vn 0.2000 -0.9113 0.3598
vn 0.3836 -0.8792 0.2826
vn 0.2001 -0.9113 0.3598
vn 0.2944 -0.3792 0.8772
vn 0.2000 -0.9113 0.3599
vn 0.0001 -0.9220 0.3871
vn -0.0000 -0.3945 0.9189
vn -0.0000 -0.9150 -0.4035
vn -0.0000 -0.9220 0.3871
vn 0.2000 -0.9114 0.3598
vn 0.2944 -0.3791 0.8773
vn -0.0000 0.3591 0.9333
vn 0.2202 0.3725 0.9015
vn -0.0000 0.3592 0.9333
vn -0.0000 0.9264 0.3765
vn 0.0058 0.9274 0.3741
vn -0.0000 0.9145 -0.4046
vn -0.2055 0.9040 -0.3749
vn -0.3933 0.8721 -0.2913
vn 0.0057 0.9274 0.3741
vn -0.0000 0.9145 -0.4047
vn -0.0000 0.3951 -0.9186
vn -0.2886 0.3815 -0.8782
vn -0.2886 0.3814 -0.8782
vn -0.0000 -0.3397 -0.9405
vn -0.2176 -0.3519 -0.9104
vn -0.2176 -0.3520 -0.9104
vn 0.2887 0.3815 -0.8781
vn 0.2176 -0.3519 -0.9104
vn -0.0000 -0.3398 -0.9405
vn 0.2176 -0.3520 -0.9104
vn 0.0147 -0.9168 -0.3990
vn -0.1999 -0.9113 0.3599
vn 0.3730 -0.3846 -0.8444
vn -0.0092 -0.9164 -0.4001
vn -0.3841 -0.8790 0.2827
vn -0.5310 -0.3377 0.7772
vn -0.2944 -0.3791 0.8773
vn -0.3715 0.4076 0.8342
vn -0.2201 0.3726 0.9015
vn 0.0265 0.9244 0.3806
vn -0.0057 0.9274 0.3740
vn -0.0000 0.3592 0.9332
vn 0.3941 0.8717 -0.2912
vn 0.2056 0.9039 -0.3750
vn 0.5259 0.3448 -0.7775
vn 0.2887 0.3816 -0.8781
vn 0.5259 0.3448 -0.7776
vn 0.3941 0.8717 -0.2913
vn 0.5742 0.8035 -0.1571
vn 0.7171 0.2769 -0.6396
vn 0.4637 -0.4248 -0.7775
vn 0.4637 -0.4249 -0.7775
vn -0.0807 -0.8940 -0.4407
vn 0.8583 0.1698 -0.4842
vn 0.5018 -0.4560 -0.7350
vn 0.4637 -0.4249 -0.7774
vn -0.1765 -0.8231 -0.5398
vn -0.0807 -0.8940 -0.4408
vn -0.1765 -0.8231 -0.5397
vn -0.7296 -0.6834 -0.0245
vn -0.5652 -0.8105 0.1538
vn -0.5652 -0.8105 0.1539
vn -0.3841 -0.8790 0.2826
vn -0.7297 -0.6834 -0.0245
vn -0.8561 -0.1589 0.4917
vn -0.7182 -0.2662 0.6429
vn -0.3841 -0.8789 0.2827
vn -0.5652 -0.8105 0.1540
vn -0.8561 -0.1589 0.4918
vn -0.4819 0.4756 0.7359
vn -0.4522 0.4480 0.7712
vn -0.4522 0.4481 0.7712
vn -0.4819 0.4757 0.7359
vn 0.1992 0.8255 0.5281
vn 0.1028 0.8984 0.4270
vn 0.7345 0.6783 0.0207
vn 0.5743 0.8035 -0.1571
vn 0.5743 0.8034 -0.1571
vn 0.7345 0.6783 0.0206
vn 0.2614 0.7218 0.6409
vn 0.8355 0.5092 0.2066
vn 0.8355 0.5091 0.2065
vn 0.9448 0.0275 -0.3264
vn 0.5019 -0.4560 -0.7350
vn 0.9448 0.0274 -0.3265
vn 0.8355 0.5091 0.2066
vn 0.9448 0.0274 -0.3264
vn 0.2614 0.7217 0.6409
vn 0.2739 0.6328 0.7242
vn -0.4989 0.5029 0.7058
vn -0.9415 -0.0190 0.3365
vn -0.8324 -0.5112 -0.2139
vn -0.7297 -0.6833 -0.0245
vn -0.0000 0.6350 0.7725
vn -0.0000 0.6351 0.7724
vn 0.0001 0.6350 0.7725
vn 0.0001 0.6351 0.7724
vn 0.0004 0.6349 0.7726
vn -0.0001 0.6352 0.7724
vn -0.0001 0.6351 0.7725
vn -0.7156 -0.5395 0.4436
vn -0.7652 -0.4973 0.4089
vn -0.7156 -0.5396 0.4436
vn 0.9872 0.1231 -0.1011
vn 0.9504 -0.2402 0.1975
vn 0.9504 -0.2402 0.1974
vn 0.9872 0.1230 -0.1012
vn 0.7986 0.4650 -0.3822
vn 0.5628 0.6385 -0.5250
vn 0.7986 0.4649 -0.3822
vn 0.0588 -0.7711 0.6340
vn 0.4339 -0.6959 0.5722
vn 0.4339 -0.6960 0.5721
vn 0.0589 -0.7711 0.6340
vn -0.7540 0.5074 -0.4171
vn -0.9394 0.2648 -0.2178
vn -0.9394 0.2650 -0.2176
vn -0.7540 0.5074 -0.4172
vn 0.7258 -0.5314 0.4369
vn 0.7525 -0.5087 0.4183
vn -0.0210 -0.7723 0.6350
vn -0.2355 -0.7507 0.6172
vn -0.3989 -0.7083 0.5824
vn -0.5613 -0.6393 0.5256
vn 0.8010 -0.4624 0.3802
vn 0.8010 -0.4625 0.3802
vn 0.4340 -0.6959 0.5722
vn 0.7525 -0.5088 0.4182
vn 0.9504 -0.2402 0.1976
vn -0.3769 0.7154 -0.5883
vn -0.7188 0.5370 -0.4415
vn -0.7188 0.5371 -0.4415
vn -0.3769 0.7155 -0.5883
vn 0.9872 0.1231 -0.1012
vn 0.7987 0.4649 -0.3822
vn 0.7986 0.4648 -0.3822
vn -0.7540 0.5075 -0.4171
vn 0.5627 0.6385 -0.5250
vn 0.4147 0.7029 -0.5779
vn 0.4146 0.7029 -0.5779
vn 0.4146 0.7029 -0.5780
vn 0.2791 0.7417 -0.6099
vn 0.2791 0.7417 -0.6098
vn 0.1572 0.7629 -0.6272
vn 0.1571 0.7630 -0.6270
vn -0.0210 -0.7723 0.6349
vn 0.9729 0.1827 -0.1420
vn 0.9612 0.2160 -0.1716
vn 0.9591 0.2210 -0.1767
vn 0.9445 0.2570 -0.2046
vn 0.9445 0.2570 -0.2045
vn 0.9572 0.2261 -0.1809
vn 0.9925 -0.0906 0.0817
vn 0.9925 -0.0907 0.0817
vn 0.8011 -0.4624 0.3802
vn 0.9591 0.2205 -0.1777
vn 0.9591 0.2210 -0.1768
vn 0.9729 0.1816 -0.1433
vn -0.9394 0.2648 -0.2177
vn -1.0000 -0.0024 0.0019
vn -1.0000 -0.0024 0.0020
vn -0.9136 -0.3141 0.2583
vn -0.9136 -0.3142 0.2583
vn 0.9445 0.2560 -0.2059
vn 0.7713 0.4948 -0.4003
vn -0.9135 -0.3142 0.2583
vn -0.5613 -0.6392 0.5256
vn 0.2854 -0.7403 0.6087
vn 0.2853 -0.7403 0.6088
vn 0.5231 -0.6583 0.5413
vn 0.5231 -0.6584 0.5412
vn 0.0654 0.7709 -0.6336
vn 0.1571 0.7629 -0.6272
vn 0.1572 0.7629 -0.6271
vn 0.0650 0.7708 -0.6337
vn 0.2265 0.7524 -0.6186
vn 0.2266 0.7525 -0.6184
vn 0.2265 0.7523 -0.6187
vn -0.3769 0.7155 -0.5882
vn -0.3768 0.7152 -0.5886
vn 0.2264 0.7524 -0.6186
vn -0.0000 0.6353 0.7723
vn 0.0001 0.6351 0.7725
vn -0.0000 0.6352 0.7724
vn -0.0002 0.6351 0.7724
vn 0.0654 0.7708 -0.6337
vn 0.0650 0.7708 -0.6338
vn -0.0000 0.7725 -0.6351
vn -0.0000 0.7724 -0.6351
vn -0.0000 -0.7725 0.6351
vn 0.2853 -0.7403 0.6087
vn 0.0001 -0.7724 0.6351
vn -0.0002 0.6352 0.7723
vn 0.0001 0.6352 0.7724
vn -0.0000 0.6351 0.7725
vn 0.9591 0.2203 -0.1776
vn 0.0001 0.6347 0.7727
vn -0.0001 0.6351 0.7724
vn -0.0001 0.6349 0.7726
vn 0.7156 -0.5396 0.4436
vn 0.7156 -0.5395 0.4436
vn 0.7652 -0.4973 0.4089
vn -0.9872 0.1230 -0.1012
vn -0.9872 0.1231 -0.1011
vn -0.9504 -0.2402 0.1975
vn -0.9504 -0.2402 0.1974
vn -0.7986 0.4649 -0.3822
vn -0.7986 0.4650 -0.3822
vn -0.5627 0.6385 -0.5250
vn -0.5628 0.6385 -0.5250
vn -0.0588 -0.7711 0.6340
vn -0.0589 -0.7711 0.6340
vn -0.4339 -0.6959 0.5722
vn -0.4339 -0.6961 0.5720
vn 0.7541 0.5074 -0.4171
vn 0.7540 0.5074 -0.4172
vn 0.9394 0.2649 -0.2178
vn 0.9395 0.2646 -0.2176
vn -0.7258 -0.5314 0.4369
vn -0.7258 -0.5313 0.4369
vn -0.7525 -0.5087 0.4183
vn -0.7526 -0.5087 0.4182
vn 0.0210 -0.7723 0.6349
vn 0.0210 -0.7723 0.6350
vn 0.2355 -0.7507 0.6172
vn 0.3989 -0.7083 0.5824
vn 0.5613 -0.6393 0.5256
vn 0.5612 -0.6393 0.5257
vn -0.4340 -0.6959 0.5722
vn -0.4340 -0.6959 0.5721
vn -0.8010 -0.4624 0.3802
vn -0.8010 -0.4625 0.3802
vn -0.7526 -0.5087 0.4181
vn -0.7525 -0.5087 0.4182
vn -0.9504 -0.2402 0.1976
vn 0.3769 0.7155 -0.5883
vn 0.3769 0.7154 -0.5883
vn 0.7188 0.5370 -0.4415
vn 0.7188 0.5371 -0.4415
vn -0.9872 0.1232 -0.1012
vn -0.9872 0.1231 -0.1012
vn 0.7540 0.5075 -0.4170
vn -0.4147 0.7029 -0.5779
vn -0.4146 0.7029 -0.5779
vn -0.4146 0.7029 -0.5780
vn -0.2788 0.7418 -0.6099
vn -0.2788 0.7420 -0.6097
vn -0.1572 0.7628 -0.6272
vn -0.1572 0.7629 -0.6271
vn -0.9729 0.1827 -0.1420
vn -0.9591 0.2210 -0.1767
vn -0.9612 0.2160 -0.1716
vn -0.9445 0.2570 -0.2046
vn -0.9572 0.2261 -0.1809
vn -0.9445 0.2570 -0.2045
vn -0.8011 -0.4624 0.3801
vn -0.9925 -0.0907 0.0817
vn -0.9925 -0.0906 0.0817
vn -0.9591 0.2205 -0.1777
vn -0.9591 0.2210 -0.1768
vn 0.9394 0.2649 -0.2177
vn 1.0000 -0.0024 0.0019
vn 1.0000 -0.0024 0.0020
vn 0.9136 -0.3142 0.2583
vn 0.9136 -0.3141 0.2582
vn -0.7714 0.4948 -0.4003
vn -0.7713 0.4948 -0.4003
vn 0.9136 -0.3141 0.2583
vn 0.9135 -0.3142 0.2583
vn -0.2854 -0.7403 0.6087
vn -0.5231 -0.6583 0.5413
vn -0.5231 -0.6584 0.5412
vn -0.0654 0.7708 -0.6337
vn -0.0650 0.7708 -0.6338
vn -0.1572 0.7630 -0.6270
vn -0.7257 -0.5314 0.4369
vn -0.2264 0.7524 -0.6186
vn -0.2265 0.7521 -0.6189
vn -0.2265 0.7524 -0.6186
vn -0.2263 0.7524 -0.6186
vn 0.3769 0.7155 -0.5882
vn -0.0002 0.6349 0.7726
vn 0.0002 0.6351 0.7724
vn -0.0650 0.7708 -0.6337
vn -0.0000 -0.7724 0.6351
vn -0.0001 -0.7725 0.6351
vn -0.2853 -0.7403 0.6087
vn 0.0002 0.6352 0.7723
vn -0.0001 0.6350 0.7725
vn -0.9591 0.2203 -0.1776
vn -0.9579 0.1302 -0.2557
vn -0.9891 0.0268 -0.1447
vn -0.9776 0.2086 0.0284
vn -0.9483 0.3088 -0.0728
vn -0.9979 -0.0638 0.0090
vn -0.9865 0.0809 0.1422
vn -0.9979 -0.0639 0.0091
vn -0.9928 -0.0431 0.1114
vn -0.9724 0.0380 0.2301
vn -0.9749 0.0124 0.2225
vn -0.9368 0.0730 0.3422
vn -0.9387 0.0613 0.3391
vn -0.8782 0.1227 0.4622
vn -0.8913 0.0930 0.4438
vn -0.8117 0.1519 0.5640
vn -0.8463 0.1107 0.5211
vn -0.7547 0.1568 0.6371
vn -0.8092 0.1051 0.5781
vn -0.7130 0.1418 0.6867
vn -0.7823 0.0892 0.6165
vn -0.6883 0.1152 0.7162
vn -0.7646 0.0679 0.6409
vn -0.6721 0.0832 0.7358
vn -0.7646 0.0679 0.6410
vn -0.7551 0.0208 0.6553
vn -0.6599 0.0317 0.7507
vn -0.7538 -0.0496 0.6552
vn -0.6636 -0.0457 0.7467
vn -0.7472 -0.1953 0.6353
vn -0.6895 -0.1694 0.7042
vn -0.7198 -0.3628 0.5918
vn -0.7084 -0.3022 0.6378
vn -0.8895 -0.0388 -0.4554
vn -0.9155 -0.1662 -0.3665
vn -0.9579 0.1302 -0.2558
vn -0.9394 -0.2596 -0.2240
vn -0.9979 -0.0639 0.0090
vn -0.9394 -0.2597 -0.2240
vn -0.9675 -0.2125 -0.1369
vn -0.9875 -0.1501 -0.0484
vn -0.9749 0.0124 0.2224
vn -0.9875 -0.1501 -0.0483
vn -0.9941 -0.0943 0.0542
vn -0.9388 0.0613 0.3390
vn -0.9853 -0.0444 0.1649
vn -0.9678 0.0004 0.2515
vn -0.9678 0.0004 0.2516
vn -0.9489 0.0154 0.3152
vn -0.9316 0.0238 0.3627
vn -0.9204 0.0198 0.3905
vn -0.9204 0.0198 0.3904
vn -0.9152 -0.0190 0.4025
vn -0.9128 -0.0872 0.3991
vn -0.9127 -0.0872 0.3991
vn -0.8803 -0.2535 0.4009
vn -0.8804 -0.2535 0.4009
vn -0.8080 -0.4291 0.4038
vn -0.7622 -0.1882 -0.6194
vn -0.7702 -0.3292 -0.5463
vn -0.9154 -0.1662 -0.3665
vn -0.8894 -0.0388 -0.4554
vn -0.7915 -0.4216 -0.4425
vn -0.8440 -0.3865 -0.3719
vn -0.9675 -0.2125 -0.1370
vn -0.9393 -0.2597 -0.2240
vn -0.8440 -0.3865 -0.3718
vn -0.8953 -0.3270 -0.3027
vn -0.8952 -0.3270 -0.3027
vn -0.9368 -0.2673 -0.2258
vn -0.9679 -0.2079 -0.1413
vn -0.9853 -0.0444 0.1648
vn -0.9856 -0.1520 -0.0736
vn -0.9679 0.0004 0.2515
vn -0.9856 -0.1520 -0.0735
vn -0.9920 -0.1206 -0.0361
vn -0.9953 -0.0930 -0.0273
vn -0.9953 -0.0930 -0.0272
vn -0.9956 -0.0854 -0.0378
vn -0.9924 -0.1131 -0.0493
vn -0.9830 -0.1813 -0.0294
vn -0.9128 -0.0872 0.3990
vn -0.9487 -0.3125 0.0474
vn -0.8804 -0.2535 0.4008
vn -0.9487 -0.3125 0.0475
vn -0.8949 -0.4270 0.1300
vn -0.6142 -0.3325 -0.7157
vn -0.6192 -0.4561 -0.6392
vn -0.6587 -0.5151 -0.5485
vn -0.7421 -0.4688 -0.4792
vn -0.8174 -0.4032 -0.4115
vn -0.8706 -0.3464 -0.3493
vn -0.9082 -0.2938 -0.2982
vn -0.9328 -0.2446 -0.2646
vn -0.9445 -0.2073 -0.2548
vn -0.9920 -0.1206 -0.0362
vn -0.9856 -0.1520 -0.0737
vn -0.9427 -0.1724 -0.2856
vn -0.9953 -0.0930 -0.0274
vn -0.9294 -0.1575 -0.3339
vn -0.9196 -0.1704 -0.3539
vn -0.9956 -0.0854 -0.0379
vn -0.9245 -0.2325 -0.3022
vn -0.9274 -0.3389 -0.1583
vn -0.9830 -0.1814 -0.0294
vn -0.9188 -0.3942 -0.0206
vn -0.6555 -0.0725 -0.7517
vn -0.6559 -0.1610 -0.7375
vn -0.4991 -0.1723 -0.8492
vn -0.4984 -0.0825 -0.8630
vn -0.7333 0.0078 0.6798
vn -0.7464 -0.0516 0.6635
vn -0.8442 -0.0398 0.5346
vn -0.8351 0.0172 0.5499
vn -0.9066 -0.0317 0.4208
vn -0.9075 0.0171 0.4198
vn -0.9593 -0.0402 -0.2794
vn -0.9611 -0.0884 -0.2617
vn -0.8912 -0.1153 -0.4387
vn -0.8878 -0.0514 -0.4573
vn -0.3907 0.1800 0.9028
vn -0.3803 0.2089 0.9010
vn -0.5396 0.1751 0.8235
vn -0.5524 0.1472 0.8205
vn -0.3684 0.2359 0.8992
vn -0.5270 0.2000 0.8260
vn -0.6672 0.1555 0.7285
vn -0.6789 0.1330 0.7221
vn -0.6918 0.1066 0.7142
vn -0.9834 -0.0808 -0.1626
vn -0.9739 -0.0850 -0.2103
vn -0.9310 -0.0677 -0.3587
vn -0.9500 -0.0642 -0.3055
vn -0.9570 -0.1204 -0.2638
vn -0.9058 -0.1231 -0.4055
vn -0.8278 -0.1141 -0.5493
vn -0.8628 -0.0296 -0.5047
vn -0.9500 -0.0642 -0.3056
vn -0.8940 -0.0254 -0.4473
vn -0.3420 0.2632 0.9021
vn -0.3323 0.2729 0.9028
vn -0.5210 0.1982 0.8302
vn -0.5151 0.2093 0.8312
vn -0.5211 0.1982 0.8302
vn -0.7178 0.1066 0.6881
vn -0.6763 0.1483 0.7215
vn -0.8838 -0.3005 -0.3585
vn -0.8890 -0.2841 -0.3592
vn -0.8093 -0.3860 -0.4428
vn -0.8001 -0.4019 -0.4454
vn -0.8092 -0.3860 -0.4429
vn -0.5998 -0.5337 -0.5962
vn -0.5975 -0.5373 -0.5952
vn -0.9831 -0.1193 -0.1390
vn -0.9836 -0.1250 -0.1299
vn -0.9450 -0.1662 -0.2818
vn -0.9343 -0.1868 -0.3037
vn -0.9852 -0.1136 -0.1283
vn -0.9538 -0.1345 -0.2687
vn -0.8954 -0.1666 -0.4129
vn -0.8673 -0.2328 -0.4400
vn -0.8361 -0.2765 -0.4737
vn -0.4201 0.0589 0.9056
vn -0.4145 0.0901 0.9056
vn -0.5890 0.0639 0.8056
vn -0.5989 0.0383 0.7999
vn -0.4078 0.1212 0.9050
vn -0.5775 0.0914 0.8113
vn -0.5776 0.0914 0.8112
vn -0.7179 0.0547 0.6940
vn -0.7316 0.0309 0.6811
vn -0.7449 0.0129 0.6670
vn -0.9354 -0.1704 -0.3097
vn -0.8810 -0.1934 -0.4318
vn -0.9058 -0.1231 -0.4054
vn -0.9108 -0.2197 -0.3495
vn -0.8561 -0.2525 -0.4509
vn -0.7665 -0.2865 -0.5748
vn -0.7956 -0.2140 -0.5668
vn -0.3558 0.2544 0.8993
vn -0.5175 0.2132 0.8287
vn -0.5176 0.2132 0.8286
vn -0.6764 0.1483 0.7215
vn -0.6626 0.1642 0.7307
vn -0.5176 0.2132 0.8287
vn -0.5527 -0.0655 -0.8308
vn -0.5055 -0.2170 -0.8351
vn -0.2898 -0.1976 -0.9365
vn -0.3277 -0.0420 -0.9438
vn -0.4577 -0.3216 -0.8289
vn -0.2485 -0.3118 -0.9171
vn -0.2897 -0.1976 -0.9365
vn -0.0000 -0.3043 -0.9526
vn -0.0000 -0.1872 -0.9823
vn -0.3277 -0.0420 -0.9439
vn -0.0001 -0.1872 -0.9823
vn -0.0000 -0.0328 -0.9995
vn -0.4679 -0.4462 -0.7628
vn -0.5071 -0.4117 -0.7572
vn -0.2671 -0.4673 -0.8428
vn -0.2480 -0.4856 -0.8383
vn -0.5805 -0.2827 -0.7636
vn -0.3188 -0.3378 -0.8856
vn -0.0000 -0.3622 -0.9321
vn -0.0000 -0.4879 -0.8729
vn -0.0001 -0.4993 -0.8664
vn -0.2277 -0.6116 -0.7577
vn -0.2198 -0.6150 -0.7573
vn -0.1009 -0.6081 -0.7874
vn -0.1059 -0.6067 -0.7878
vn -0.0000 -0.6030 -0.7977
vn -0.0000 -0.6034 -0.7975
vn -0.4187 -0.3896 -0.8203
vn -0.2164 -0.3913 -0.8944
vn -0.3908 -0.4368 -0.8103
vn -0.1965 -0.4505 -0.8709
vn -0.0000 -0.4536 -0.8912
vn -0.0000 -0.3890 -0.9212
vn -0.2164 -0.3913 -0.8945
vn -0.0000 -0.3890 -0.9213
vn -0.6202 0.0909 -0.7792
vn -0.5882 0.0688 -0.8058
vn -0.3502 0.0946 -0.9319
vn -0.3664 0.1280 -0.9216
vn -0.3276 -0.0420 -0.9439
vn -0.0001 -0.0328 -0.9995
vn -0.0001 0.1024 -0.9947
vn -0.0000 0.1024 -0.9947
vn -0.0000 0.1407 -0.9901
vn -0.7861 -0.1418 -0.6016
vn -0.7832 -0.0624 -0.6187
vn 0.0013 -0.0271 0.9996
vn 0.0007 -0.0541 0.9985
vn -0.2273 -0.0561 0.9722
vn -0.2220 -0.0242 0.9747
vn -0.8323 -0.3981 -0.3857
vn -0.8405 -0.3872 -0.3791
vn -0.7394 -0.4764 -0.4757
vn -0.7337 -0.4762 -0.4846
vn -0.8404 -0.3872 -0.3791
vn -0.8508 -0.3670 -0.3761
vn -0.7499 -0.4640 -0.4715
vn -0.5920 -0.5534 -0.5859
vn -0.5985 -0.5498 -0.5827
vn -0.6098 -0.5342 -0.5855
vn -0.4310 -0.0586 0.9004
vn -0.4211 -0.0160 0.9069
vn -0.6046 -0.0579 0.7944
vn -0.5925 -0.0046 0.8055
vn -0.6361 -0.0522 -0.7699
vn -0.3723 -0.0396 -0.9273
vn -0.6361 -0.0522 -0.7698
vn -0.3723 -0.0395 -0.9273
vn -0.0000 -0.0364 -0.9993
vn -0.3722 -0.0396 -0.9273
vn -0.0001 -0.3622 -0.9321
vn -0.9861 -0.0962 -0.1358
vn -0.9570 -0.0974 -0.2731
vn -0.9073 -0.0891 -0.4110
vn -0.3995 0.1508 0.9042
vn -0.5652 0.1193 0.8163
vn -0.5775 0.0914 0.8112
vn -0.7049 0.0800 0.7048
vn -0.9313 -0.2959 -0.2125
vn -0.9263 -0.2941 -0.2356
vn -0.8980 -0.3219 -0.2999
vn -0.8968 -0.3314 -0.2931
vn -0.9215 -0.2890 -0.2595
vn -0.8997 -0.3077 -0.3097
vn -0.0000 0.1453 0.9894
vn -0.0000 0.1781 0.9840
vn -0.2052 0.1713 0.9636
vn -0.2095 0.1395 0.9678
vn -0.0000 0.2091 0.9779
vn -0.2000 0.2017 0.9588
vn -0.3995 0.1508 0.9043
vn -0.8127 -0.0722 -0.5782
vn -0.7815 -0.2183 -0.5845
vn -0.7931 0.0324 -0.6082
vn -0.6202 0.0909 -0.7791
vn -0.5926 -0.0046 0.8055
vn -0.7333 0.0078 0.6799
vn -0.4991 -0.1723 -0.8493
vn -0.2881 -0.1793 -0.9407
vn -0.2859 -0.0921 -0.9538
vn -0.5984 -0.5498 -0.5828
vn -0.4443 -0.5873 -0.6765
vn -0.4651 -0.5687 -0.6784
vn -0.4260 -0.5965 -0.6802
vn -0.2792 -0.6102 -0.7414
vn -0.2933 -0.6048 -0.7404
vn -0.3071 -0.5915 -0.7455
vn -0.7530 0.0223 -0.6576
vn -0.7116 -0.0933 -0.6964
vn -0.7530 0.0223 -0.6577
vn -0.7529 0.0223 -0.6577
vn -0.7115 -0.0933 -0.6965
vn -0.7337 -0.3384 -0.5892
vn -0.5975 -0.3706 -0.7111
vn -0.6315 -0.3138 -0.7090
vn -0.6951 -0.3758 -0.6129
vn -0.5663 -0.4086 -0.7158
vn -0.6314 -0.3138 -0.7091
vn -0.4188 -0.3896 -0.8203
vn -0.3907 -0.4368 -0.8103
vn -0.3728 -0.4732 -0.7982
vn -0.1858 -0.4961 -0.8482
vn -0.3592 -0.5028 -0.7862
vn -0.1788 -0.5260 -0.8315
vn -0.0000 -0.5333 -0.8459
vn -0.0000 -0.5033 -0.8641
vn -0.5975 -0.5373 -0.5953
vn -0.3740 -0.6048 -0.7031
vn -0.3809 -0.6019 -0.7019
vn -0.7228 -0.3249 -0.6099
vn -0.6750 -0.3737 -0.6362
vn -0.4680 -0.4462 -0.7628
vn -0.6692 -0.2247 -0.7083
vn -0.6315 -0.3138 -0.7091
vn -0.0000 0.2696 0.9630
vn -0.0000 0.2942 0.9557
vn -0.1769 0.2838 0.9424
vn -0.1861 0.2611 0.9472
vn -0.0000 0.3158 0.9488
vn -0.1642 0.3023 0.9390
vn -0.3684 0.2359 0.8993
vn -0.0000 0.0756 0.9971
vn -0.0000 0.1110 0.9938
vn -0.2131 0.1059 0.9713
vn -0.2163 0.0715 0.9737
vn -0.0000 0.3366 0.9416
vn -0.1525 0.3208 0.9348
vn -0.0000 0.2399 0.9708
vn -0.1938 0.2320 0.9532
vn -0.0000 -0.1815 -0.9834
vn -0.0000 -0.0963 -0.9954
vn -0.9567 -0.0353 0.2888
vn -0.9633 0.0044 0.2685
vn -0.9637 -0.2443 -0.1076
vn -0.9575 -0.2375 -0.1638
vn -0.9405 -0.2635 -0.2146
vn -0.9482 -0.2678 -0.1711
vn -0.9682 -0.2471 -0.0385
vn -0.9557 -0.2695 -0.1186
vn -0.9067 -0.2624 -0.3302
vn -0.9063 -0.2564 -0.3361
vn -0.9039 -0.2577 -0.3413
vn -0.9029 -0.2676 -0.3363
vn -0.9701 -0.2407 0.0320
vn -0.9628 -0.2636 -0.0598
vn -0.9696 -0.2236 0.0993
vn -0.9686 -0.2486 -0.0015
vn -0.9667 -0.1988 0.1614
vn -0.9720 -0.2288 0.0529
vn -0.9619 -0.1715 0.2127
vn -0.9726 -0.2060 0.1081
vn -0.9925 -0.0488 0.1118
vn -0.9960 -0.0137 0.0888
vn -0.9946 -0.0665 -0.0800
vn -0.9948 -0.0287 -0.0980
vn -0.9163 -0.2821 -0.2844
vn -0.9008 -0.2925 -0.3208
vn -0.9115 -0.2772 -0.3039
vn -0.9011 -0.2835 -0.3280
vn -0.8692 -0.3281 -0.3700
vn -0.8609 -0.3440 -0.3749
vn -0.5908 -0.5500 -0.5903
vn -0.4119 -0.5998 -0.6860
vn -0.5923 -0.5466 -0.5919
vn -0.4005 -0.6017 -0.6911
vn -0.2529 -0.6109 -0.7502
vn -0.2660 -0.6105 -0.7460
vn -0.1308 -0.6102 -0.7814
vn -0.1380 -0.6156 -0.7759
vn -0.1225 -0.6070 -0.7852
vn -0.0000 -0.6042 -0.7968
vn -0.0000 -0.6092 -0.7930
vn -0.0000 -0.6178 -0.7863
vn -0.7630 -0.4454 -0.4684
vn -0.7758 -0.4306 -0.4612
vn -0.5924 -0.5466 -0.5919
vn -0.9488 -0.2292 -0.2172
vn -0.9280 -0.2337 -0.2902
vn -0.9220 -0.2487 -0.2969
vn -0.9321 -0.2572 -0.2552
vn -0.9289 -0.2825 -0.2396
vn -0.9372 -0.2844 -0.2020
vn -0.9208 -0.2794 -0.2722
vn 0.6553 -0.0705 -0.7520
vn 0.6571 -0.1513 -0.7385
vn 0.7876 -0.1302 -0.6023
vn 0.7832 -0.0602 -0.6188
vn -0.9099 -0.2525 -0.3291
vn -0.9099 -0.2607 -0.3227
vn -0.9455 -0.2823 -0.1625
vn -0.9535 -0.2756 -0.1222
vn -0.1709 -0.5461 -0.8201
vn -0.0000 -0.5515 -0.8342
vn -0.3454 -0.5263 -0.7770
vn -0.3322 -0.5484 -0.7674
vn -0.1623 -0.5672 -0.8074
vn -0.0000 -0.5722 -0.8201
vn -0.1552 -0.5892 -0.7929
vn -0.0000 -0.5947 -0.8040
vn -0.3200 -0.5713 -0.7558
vn -0.1493 -0.6069 -0.7806
vn -0.0000 -0.6125 -0.7904
vn -0.1441 -0.6162 -0.7743
vn -0.0000 -0.6206 -0.7841
vn -0.9138 -0.2737 -0.3001
vn -0.9081 -0.2718 -0.3186
vn -0.9016 -0.2772 -0.3321
vn -0.8765 -0.3159 -0.3632
vn -0.5946 -0.5432 -0.5928
vn -0.3904 -0.6026 -0.6960
vn -0.5974 -0.5373 -0.5953
vn -0.2400 -0.6116 -0.7539
vn -0.1141 -0.6067 -0.7867
vn -0.0000 -0.6034 -0.7974
vn -0.7880 -0.4178 -0.4522
vn -0.9072 -0.0364 0.4192
vn -0.9530 -0.0369 0.3006
vn -0.9072 -0.0311 0.4195
vn -0.9532 -0.0324 0.3005
vn -0.9530 -0.0369 0.3007
vn -0.9533 -0.0324 0.3004
vn -0.9904 -0.0313 0.1349
vn -0.9906 -0.0420 0.1298
vn -0.7538 -0.0411 0.6559
vn -0.8512 -0.0384 0.5234
vn -0.7538 -0.0411 0.6558
vn -0.7553 -0.0179 0.6551
vn -0.8525 -0.0252 0.5222
vn -0.8442 -0.0398 0.5345
vn -0.0000 -0.0342 0.9994
vn -0.2241 -0.0357 0.9739
vn -0.0000 0.0068 1.0000
vn -0.2215 0.0042 0.9752
vn -0.2215 0.0042 0.9751
vn -0.4270 -0.0019 0.9043
vn -0.4293 -0.0389 0.9023
vn -0.4310 -0.0586 0.9005
vn -0.7899 -0.2150 -0.5743
vn -0.6496 -0.2578 -0.7152
vn -0.7934 -0.2834 -0.5387
vn -0.6396 -0.3505 -0.6841
vn -0.4639 -0.3874 -0.7967
vn -0.4860 -0.2811 -0.8275
vn -0.9907 -0.0420 0.1298
vn -0.9966 -0.0607 -0.0565
vn -0.9981 -0.0511 -0.0337
vn -0.9747 -0.1096 -0.1946
vn -0.9674 -0.1009 -0.2322
vn -0.2778 -0.2926 -0.9150
vn -0.2589 -0.4030 -0.8778
vn -0.0000 -0.4083 -0.9128
vn -0.0000 -0.2972 -0.9548
vn -0.2880 -0.1793 -0.9407
vn -0.0001 -0.2972 -0.9548
vn -0.6069 -0.0414 0.7937
vn -0.4270 -0.0019 0.9042
vn -0.6067 -0.0097 0.7949
vn -0.7537 -0.0411 0.6559
vn -0.8994 -0.1576 -0.4077
vn -0.9088 -0.1959 -0.3683
vn -0.7935 -0.2834 -0.5386
vn -0.7531 -0.0009 0.6579
vn -0.8489 -0.0176 0.5282
vn -0.8390 -0.0130 0.5439
vn -0.8858 -0.0429 0.4620
vn -0.9012 -0.0360 0.4319
vn -0.0000 0.0422 0.9991
vn -0.2197 0.0386 0.9748
vn -0.4200 0.0589 0.9056
vn -0.4242 0.0292 0.9051
vn -0.2216 0.0042 0.9751
vn -0.7934 -0.2834 -0.5386
vn -0.8103 -0.2951 -0.5064
vn -0.6479 -0.3805 -0.6599
vn -0.8102 -0.2951 -0.5064
vn -0.8361 -0.2765 -0.4738
vn -0.4569 -0.4336 -0.7767
vn -0.9912 -0.0438 0.1252
vn -0.9985 -0.0529 -0.0160
vn -0.9918 -0.0847 0.0958
vn -0.9966 -0.0817 -0.0090
vn -0.9810 -0.1083 -0.1610
vn -0.2481 -0.4588 -0.8532
vn -0.0000 -0.4993 -0.8664
vn -0.0000 -0.4673 -0.8841
vn -0.0001 -0.4083 -0.9128
vn -0.6051 0.0152 0.7960
vn -0.9223 -0.1971 -0.3325
vn -0.8362 -0.2765 -0.4737
vn -0.8103 -0.2951 -0.5063
vn -0.8561 0.0401 0.5152
vn -0.8560 0.0399 0.5155
vn -0.8575 0.0208 0.5141
vn -0.8580 0.0228 0.5131
vn -0.9572 -0.1694 -0.2347
vn -0.9679 -0.1495 -0.2021
vn -0.8942 -0.2659 -0.3601
vn -0.8787 -0.2786 -0.3877
vn -0.8526 0.0647 0.5186
vn -0.8525 0.0647 0.5188
vn -0.8541 0.0534 0.5173
vn -0.8544 0.0540 0.5168
vn -0.8627 -0.0009 0.5057
vn -0.8638 0.0037 0.5038
vn -0.9317 -0.0013 0.3632
vn -0.9328 0.0100 0.3602
vn -0.9029 0.0317 0.4287
vn -0.9029 0.0219 0.4292
vn -0.9868 -0.1056 0.1227
vn -0.9914 -0.0916 0.0937
vn -0.9677 -0.0136 0.2517
vn -0.9647 -0.0326 0.2613
vn -0.8757 0.0576 0.4794
vn -0.8761 0.0511 0.4794
vn -0.8577 0.0675 0.5096
vn -0.8369 0.0802 0.5415
vn -0.8549 0.0622 0.5151
vn -0.9967 -0.0787 0.0198
vn -0.9968 -0.0781 0.0151
vn -0.9963 -0.0826 0.0221
vn -0.9962 -0.0844 0.0195
vn -0.8578 0.0692 0.5093
vn -0.8525 0.0647 0.5186
vn -0.9964 -0.0841 -0.0083
vn -0.9953 -0.0896 -0.0378
vn -0.9968 -0.0796 -0.0032
vn -0.9967 -0.0792 0.0158
vn -0.9955 -0.0901 0.0297
vn -0.9950 -0.0936 0.0348
vn -0.9891 -0.0997 -0.1079
vn -0.9953 -0.0867 -0.0436
vn -0.9949 -0.0896 -0.0460
vn -0.9896 -0.0999 -0.1036
vn -0.6593 -0.4032 -0.6346
vn -0.6187 -0.4617 -0.6357
vn -0.5846 -0.4648 -0.6650
vn -0.6163 -0.4544 -0.6432
vn -0.9911 -0.1038 -0.0833
vn -0.9494 -0.2741 -0.1532
vn -0.9479 -0.2732 -0.1639
vn -0.9784 -0.2006 -0.0492
vn -0.9786 -0.2046 -0.0236
vn -0.6293 -0.4403 -0.6404
vn -0.6556 -0.4542 -0.6032
vn -0.7513 -0.3688 -0.5473
vn -0.7404 -0.4206 -0.5243
vn -0.8389 -0.3576 -0.4103
vn -0.9075 -0.3160 -0.2767
vn -0.9025 -0.3317 -0.2748
vn -0.8313 -0.3838 -0.4020
vn -0.7758 -0.3552 -0.5215
vn -0.8432 -0.3538 -0.4048
vn -0.9847 -0.1182 0.1278
vn -0.9693 -0.1007 0.2244
vn -0.9695 -0.1238 0.2113
vn -0.9047 -0.3184 -0.2832
vn -0.9432 -0.0868 0.3208
vn -0.9112 -0.0837 0.4033
vn -0.9177 -0.0836 0.3884
vn -0.9430 -0.0861 0.3215
vn -0.9439 -0.0869 0.3187
vn -0.9924 -0.1015 0.0694
vn -0.9905 -0.1158 0.0735
vn -0.9944 -0.0993 0.0351
vn -0.9190 -0.0769 0.3866
vn -0.8886 -0.0631 0.4544
vn -0.8885 -0.0631 0.4544
vn -0.8731 -0.0242 0.4869
vn -0.8728 -0.0302 0.4871
vn -0.8908 -0.0713 0.4487
vn -0.9924 -0.1016 0.0694
vn -0.9942 -0.0965 0.0468
vn -0.7600 -0.3883 -0.5212
vn -0.7668 -0.3667 -0.5268
vn -0.8614 -0.2910 -0.4163
vn -0.8646 -0.0161 0.5023
vn -0.8565 0.0097 0.5160
vn -0.7703 -0.3905 -0.5042
vn -0.6678 -0.4591 -0.5859
vn -0.6600 -0.4013 -0.6351
vn -0.7569 -0.3585 -0.5464
vn -0.7910 -0.3375 -0.5103
vn -0.6600 -0.4013 -0.6352
vn -0.8826 -0.2655 -0.3880
vn -0.8248 -0.3027 -0.4776
vn -0.9250 -0.2210 -0.3090
vn -0.9418 -0.1966 -0.2727
vn -0.9509 -0.1809 -0.2512
vn -0.9798 -0.1285 -0.1530
vn -0.9720 -0.1406 -0.1885
vn -0.9858 -0.1063 -0.1301
vn -0.9355 -0.1704 -0.3097
vn -0.8242 0.0018 0.5663
vn -0.7316 0.0309 0.6810
vn -0.8132 0.0249 0.5815
vn -0.7049 0.0800 0.7047
vn -0.8054 0.0460 0.5909
vn -0.7050 0.0800 0.7047
vn -0.7968 0.0681 0.6004
vn -0.8471 0.0458 0.5295
vn -0.8514 0.0280 0.5238
vn -0.7869 0.0902 0.6104
vn -0.7769 0.1089 0.6202
vn -0.7870 0.0902 0.6104
vn -0.8357 0.0762 0.5438
vn -0.8418 0.0624 0.5362
vn -0.7747 0.1149 0.6218
vn -0.7938 0.0947 0.6007
vn -0.6764 0.1483 0.7214
vn -0.7178 0.1066 0.6880
vn -0.8354 0.0488 0.5475
vn -0.8838 -0.0076 0.4678
vn -0.9188 -0.0026 0.3946
vn -0.8858 0.0280 0.4632
vn -0.7939 0.0947 0.6007
vn -0.9326 -0.0587 0.3560
vn -0.9549 -0.1049 0.2778
vn -0.9739 -0.1245 0.1900
vn -0.9531 -0.0405 0.3001
vn -0.9530 -0.0405 0.3001
vn -0.9572 -0.1463 0.2499
vn -0.9697 -0.1859 0.1588
vn -0.9666 -0.2560 0.0103
vn -0.9716 -0.2364 -0.0130
vn -0.9639 -0.2626 -0.0443
vn -0.9446 -0.2921 -0.1495
vn -0.9958 -0.0880 -0.0256
vn -0.9950 -0.0975 -0.0202
vn -0.9958 -0.0812 -0.0429
vn -0.9946 -0.1027 -0.0143
vn -0.9933 -0.0848 -0.0791
vn -0.5413 -0.4373 -0.7182
vn -0.5200 -0.4685 -0.7142
vn -0.5018 -0.4911 -0.7120
vn -0.4941 -0.5103 -0.7039
vn -0.6226 -0.5038 -0.5988
vn -0.4845 -0.5407 -0.6877
vn -0.8280 -0.3999 -0.3930
vn -0.7338 -0.4608 -0.4992
vn -0.6187 -0.4617 -0.6356
vn -0.9600 -0.2672 -0.0836
vn -0.9356 -0.2991 -0.1878
vn -0.8976 -0.3381 -0.2827
vn -0.8281 -0.3999 -0.3930
vn -0.9513 -0.0521 0.3038
vn -0.9513 -0.0521 0.3037
vn -0.9514 -0.0521 0.3037
vn -0.0719 0.8060 -0.5875
vn -0.1089 0.7983 -0.5923
vn -0.1110 0.7995 -0.5904
vn -0.0755 0.8060 -0.5871
vn -0.0000 0.8111 -0.5849
vn -0.0325 0.8101 -0.5854
vn -0.0345 0.8105 -0.5848
vn -0.0000 0.8116 -0.5842
vn -0.0719 0.8061 -0.5875
vn -0.1414 0.9786 -0.1493
vn -0.1358 0.9729 0.1874
vn -0.1050 0.9715 0.2125
vn -0.1029 0.9855 -0.1350
vn -0.1358 0.9728 0.1874
vn -0.0907 0.8743 0.4768
vn -0.0726 0.8671 0.4928
vn -0.0821 0.8153 -0.5731
vn -0.0785 0.8057 -0.5871
vn -0.1143 0.7990 -0.5903
vn -0.1183 0.8103 -0.5740
vn -0.0028 0.6459 0.7634
vn -0.0279 0.7216 0.6917
vn -0.0305 0.7278 0.6851
vn -0.0026 0.6471 0.7624
vn -0.0279 0.7217 0.6917
vn -0.0726 0.8671 0.4929
vn -0.0305 0.7279 0.6851
vn -0.0000 0.8194 -0.5732
vn -0.0000 0.8122 -0.5834
vn -0.0360 0.8108 -0.5842
vn -0.0381 0.8187 -0.5729
vn -0.0000 0.9634 -0.2682
vn -0.0000 0.8683 -0.4960
vn -0.0482 0.8742 -0.4831
vn -0.0555 0.9701 -0.2364
vn -0.0942 0.8826 -0.4605
vn -0.0942 0.8826 -0.4606
vn -0.1272 0.8851 -0.4478
vn -0.1272 0.8850 -0.4478
vn -0.0522 0.8463 0.5301
vn -0.0732 0.9485 0.3081
vn -0.0730 0.9883 0.1340
vn -0.0677 0.9081 0.4133
vn -0.0676 0.9579 0.2792
vn -0.0407 0.8132 0.5805
vn -0.0213 0.7187 0.6950
vn -0.0034 0.7108 0.7034
vn -0.0015 0.6533 0.7571
vn 0.0120 0.6592 0.7519
vn -0.0726 0.8670 0.4929
vn -0.0279 0.7217 0.6916
vn 0.0007 0.6362 0.7716
vn 0.0066 0.6425 0.7663
vn 0.0025 0.6414 0.7672
vn -0.0000 0.6366 0.7712
vn 0.0001 0.6366 0.7712
vn 0.2671 -0.3475 0.8988
vn 0.4938 -0.2843 0.8218
vn 0.4938 -0.2842 0.8218
vn 0.2671 -0.3476 0.8988
vn 0.6723 -0.1869 0.7163
vn 0.8030 -0.0598 0.5930
vn 0.8030 -0.0599 0.5929
vn 0.8851 0.0934 0.4560
vn 0.9132 0.2658 0.3089
vn 0.7917 0.6105 0.0223
vn 0.7917 0.6105 0.0222
vn 0.6473 0.7560 -0.0976
vn 0.6478 0.7556 -0.0973
vn 0.6472 0.7560 -0.0976
vn 0.4590 0.8680 -0.1895
vn 0.6477 0.7557 -0.0973
vn 0.8822 0.4426 0.1610
vn 0.8821 0.4428 0.1608
vn 0.7918 0.6104 0.0223
vn 0.2376 0.9391 -0.2481
vn 0.2377 0.9391 -0.2481
vn -0.0745 0.9346 0.3478
vn -0.0728 0.9493 0.3059
vn -0.0776 0.8931 0.4431
vn -0.0468 0.8605 0.5072
vn -0.0402 0.7996 0.5992
vn 0.0316 0.7581 0.6514
vn -0.0676 0.9578 0.2792
vn 0.0229 0.6610 0.7501
vn 0.0067 0.7083 0.7059
vn 0.0771 0.6850 0.7245
vn 0.0514 0.6597 0.7498
vn 0.0007 0.6363 0.7715
vn 0.0006 0.6357 0.7719
vn 0.0076 0.6422 0.7665
vn 0.0135 0.6450 0.7641
vn 0.0012 0.6366 0.7712
vn 0.0003 0.6353 0.7723
vn 0.0001 0.6352 0.7723
vn 0.0007 0.6362 0.7715
vn 0.0012 0.6365 0.7712
vn -0.0000 0.6352 0.7723
vn 0.0002 0.6353 0.7723
vn 0.0001 0.6353 0.7723
vn 0.0001 0.6355 0.7721
vn -0.0001 0.6367 0.7711
vn -0.0001 0.6352 0.7723
vn -0.0002 0.6350 0.7725
vn -0.0000 0.6349 0.7726
vn -0.0372 0.9731 0.2272
vn -0.0398 0.9790 0.1998
vn -0.0000 0.9788 0.2049
vn -0.0000 0.9848 0.1737
vn -0.0451 0.9694 0.2415
vn -0.0000 0.9781 0.2079
vn -0.0450 0.9978 0.0490
vn -0.0000 0.9998 0.0194
vn -0.0000 0.9634 -0.2680
vn -0.0000 -0.3701 0.9290
vn -0.4809 0.8117 0.3314
vn -0.4551 0.8336 0.3131
vn 0.5962 0.3562 0.7195
vn 0.4809 0.1679 0.8606
vn 0.0002 0.6350 0.7725
vn 0.6133 0.5738 0.5428
vn 0.5962 0.3563 0.7195
vn 0.5047 0.7794 0.3713
vn 0.3604 0.8929 0.2699
vn 0.2636 0.9362 0.2324
vn 0.0423 0.0038 0.9991
vn -0.0137 0.0011 0.9999
vn 0.2808 0.0657 0.9575
vn 0.0423 0.0039 0.9991
vn 0.6098 0.6293 0.4818
vn 0.6120 0.6244 0.4853
vn 0.6205 0.5900 0.5166
vn 0.6146 0.4127 0.6723
vn 0.4974 0.2102 0.8417
vn -0.5911 0.6565 0.4686
vn -0.4810 0.8117 0.3314
vn -0.6268 0.4935 0.6029
vn -0.5758 0.3030 0.7594
vn -0.6269 0.4935 0.6029
vn -0.4878 0.1765 0.8549
vn -0.5757 0.3030 0.7594
vn -0.3519 0.0896 0.9317
vn -0.4541 0.1469 0.8788
vn -0.2514 0.0471 0.9667
vn 0.1000 0.9747 0.1999
vn 0.1770 0.9612 0.2115
vn 0.0417 0.9799 0.1949
vn -0.0000 0.9811 0.1936
vn 0.0417 0.9799 0.1948
vn 0.3257 0.0783 0.9422
vn 0.1776 0.0295 0.9837
vn 0.4619 0.1508 0.8740
vn 0.4808 0.1679 0.8606
vn 0.4619 0.1507 0.8740
vn 0.5928 0.6649 0.4544
vn 0.6087 0.6332 0.4781
vn 0.4505 0.8281 0.3337
vn 0.1396 0.9630 0.2306
vn 0.4504 0.8281 0.3337
vn -0.2126 0.9486 0.2345
vn -0.0137 0.0010 0.9999
vn -0.1498 0.0207 0.9885
vn -0.1498 0.0208 0.9885
vn -0.2514 0.0470 0.9667
vn -0.4551 0.8336 0.3130
vn 0.1776 0.0294 0.9837
vn -0.0000 0.0102 0.9999
vn 0.6763 0.2878 0.6781
vn 0.6992 0.5351 0.4741
vn 0.5713 0.7709 0.2815
vn 0.4038 0.8980 0.1748
vn 0.5713 0.7710 0.2815
vn 0.5047 0.7794 0.3712
vn 0.5361 0.0877 0.8396
vn 0.4809 0.1679 0.8605
vn 0.0002 0.6349 0.7726
vn 0.0001 0.6353 0.7722
vn 0.5150 0.0696 0.8544
vn 0.0003 0.6349 0.7726
vn -0.0002 0.6352 0.7724
vn 0.2944 0.9458 0.1370
vn 0.1976 0.9735 0.1147
vn 0.3165 -0.0412 0.9477
vn 0.4974 0.2101 0.8417
vn 0.5667 0.1208 0.8150
vn 0.0466 -0.0980 0.9941
vn -0.0152 -0.0992 0.9950
vn 0.0465 -0.0980 0.9941
vn 0.0003 0.6352 0.7724
vn -0.1679 -0.0812 0.9825
vn -0.0153 -0.1000 0.9949
vn 0.0001 0.6349 0.7726
vn -0.0004 0.6353 0.7723
vn 0.0001 0.6354 0.7722
vn 0.6778 0.6074 0.4142
vn 0.6783 0.6037 0.4189
vn 0.6087 0.6332 0.4780
vn 0.6810 0.5982 0.4223
vn 0.6933 0.5596 0.4541
vn 0.6969 0.3561 0.6226
vn 0.5668 0.1208 0.8149
vn 0.6969 0.3560 0.6226
vn -0.6662 0.6322 0.3957
vn -0.5360 0.8065 0.2493
vn -0.4810 0.8117 0.3313
vn -0.5080 0.8304 0.2289
vn 0.0004 0.6351 0.7724
vn -0.6480 0.2328 0.7252
vn -0.7085 0.4467 0.5463
vn -0.6269 0.4934 0.6029
vn -0.6662 0.6321 0.3957
vn -0.6269 0.4935 0.6028
vn -0.3520 0.0896 0.9317
vn -0.3952 -0.0037 0.9186
vn -0.5069 0.0645 0.8596
vn -0.2824 -0.0525 0.9579
vn -0.4878 0.1764 0.8549
vn -0.5446 0.0963 0.8331
vn -0.5447 0.0962 0.8331
vn 0.0417 0.9800 0.1948
vn 0.0461 0.9941 0.0979
vn 0.1114 0.9885 0.1025
vn 0.1976 0.9736 0.1147
vn -0.0000 0.9811 0.1935
vn -0.0000 0.9953 0.0970
vn -0.2454 0.9614 0.1246
vn -0.2127 0.9486 0.2345
vn 0.3668 -0.0179 0.9301
vn 0.5151 0.0693 0.8543
vn 0.0002 0.6348 0.7727
vn -0.0000 -0.0984 0.9951
vn -0.0000 0.0101 0.9999
vn 0.2005 -0.0758 0.9768
vn 0.0003 0.6351 0.7725
vn -0.0002 0.6354 0.7721
vn 0.1608 0.9808 0.1106
vn 0.5165 0.8230 0.2366
vn 0.6640 0.6410 0.3850
vn 0.5165 0.8229 0.2366
vn 0.1395 0.9630 0.2306
vn -0.5949 -0.0223 -0.8035
vn -0.7787 0.0382 -0.6262
vn -0.6093 0.3574 -0.7079
vn -0.4663 0.3165 -0.8261
vn -0.6092 0.3574 -0.7079
vn -0.4068 0.5945 -0.6936
vn -0.3208 0.5694 -0.7569
vn -0.1228 0.7958 -0.5930
vn -0.1217 0.7935 -0.5963
vn -0.8423 0.0530 -0.5363
vn -0.6641 0.3708 -0.6492
vn -0.6093 0.3573 -0.7079
vn -0.4438 0.6030 -0.6629
vn -0.1249 0.7966 -0.5915
vn -0.0947 0.8016 -0.5903
vn -0.2198 0.5481 -0.8070
vn -0.2198 0.5480 -0.8071
vn -0.3018 0.2793 -0.9116
vn -0.4662 0.3165 -0.8261
vn -0.3018 0.2792 -0.9116
vn -0.3694 -0.0789 -0.9259
vn -0.5949 -0.0224 -0.8035
vn -0.0613 0.8072 -0.5871
vn -0.1321 0.5424 -0.8297
vn -0.1321 0.5423 -0.8297
vn -0.1752 0.2655 -0.9481
vn -0.2081 -0.1002 -0.9730
vn -0.5558 -0.1768 0.8123
vn -0.3390 -0.1336 0.9313
vn -0.2010 0.1235 0.9718
vn -0.3595 0.1011 0.9277
vn -0.2010 0.1236 0.9718
vn -0.1132 0.3674 0.9232
vn -0.2053 0.3632 0.9088
vn -0.1132 0.3674 0.9231
vn -0.3930 0.4908 0.7776
vn -0.3894 0.4920 0.7787
vn -0.6806 0.2956 0.6704
vn -0.6745 0.2985 0.6752
vn -0.8985 0.0366 0.4375
vn -0.8921 0.0271 0.4511
vn -0.0033 0.6493 0.7605
vn -0.4051 0.5029 0.7635
vn -0.4052 0.5029 0.7635
vn -0.7000 0.2983 0.6488
vn -0.7001 0.2983 0.6488
vn -0.9156 0.0442 0.3996
vn -0.8985 0.0366 0.4374
vn -0.9880 0.1367 -0.0715
vn -0.9839 0.1250 0.1278
vn -0.8193 0.4761 0.3195
vn -0.8473 0.5282 0.0551
vn -0.8473 0.5283 0.0551
vn -0.5222 0.7390 0.4257
vn -0.5644 0.8145 0.1340
vn -0.5644 0.8146 0.1340
vn -0.5221 0.7391 0.4257
vn -0.0941 0.8710 0.4822
vn -0.1458 0.9676 0.2059
vn -0.1448 0.9003 -0.4105
vn -0.1323 0.8120 -0.5685
vn -0.4688 0.6068 -0.6419
vn -0.5079 0.6915 -0.5137
vn -0.5079 0.6914 -0.5137
vn -0.6938 0.3625 -0.6223
vn -0.7488 0.4220 -0.5110
vn -0.7489 0.4219 -0.5110
vn -0.8651 0.0311 -0.5007
vn -0.9022 0.0470 -0.4288
vn -0.1506 -0.0820 0.9852
vn -0.0841 0.1657 0.9826
vn -0.0466 0.3859 0.9214
vn -0.1132 0.3673 0.9232
vn -0.0000 -0.0624 0.9981
vn -0.0000 0.1858 0.9826
vn -0.0000 0.3953 0.9186
vn -0.0000 0.3953 0.9185
vn -0.8710 -0.0702 0.4862
vn -0.7577 -0.1483 0.6356
vn -0.5403 0.1432 0.8292
vn -0.6586 0.2220 0.7190
vn -0.3111 0.3978 0.8631
vn -0.3807 0.4504 0.8076
vn -0.3806 0.4504 0.8076
vn -0.3110 0.3979 0.8631
vn -0.8924 0.0142 0.4511
vn -0.8969 0.0044 0.4422
vn -0.6826 0.2895 0.6710
vn -0.6767 0.2951 0.6746
vn -0.6766 0.2951 0.6746
vn -0.3942 0.4889 0.7782
vn -0.3907 0.4909 0.7787
vn -0.3941 0.4890 0.7782
vn -0.3977 0.4866 0.7779
vn -0.3942 0.4890 0.7781
vn -0.6885 0.2834 0.6676
vn -0.8969 0.0045 0.4422
vn -0.9016 -0.0034 0.4326
vn -0.7576 -0.1483 0.6356
vn -0.3596 0.1011 0.9276
vn -0.5403 0.1431 0.8292
vn -0.3595 0.1011 0.9276
vn -0.3110 0.3978 0.8631
vn -0.9010 -0.0207 0.4332
vn -0.6912 0.2716 0.6697
vn -0.3808 0.4504 0.8076
vn -0.3995 0.4809 0.7804
vn -0.3995 0.4810 0.7804
vn -0.8920 0.0271 0.4511
vn -0.3893 0.4920 0.7787
vn -0.3995 0.4810 0.7805
vn -0.9011 -0.0207 0.4332
vn -0.9572 0.0948 -0.2734
vn -0.8280 0.5092 -0.2347
vn -0.8280 0.5093 -0.2347
vn -0.8472 0.5283 0.0551
vn -0.5645 0.8145 0.1340
vn -0.5623 0.8036 -0.1952
vn -0.5622 0.8036 -0.1952
vn -0.1458 0.9677 0.2059
vn -0.1579 0.9817 -0.1064
vn -0.8544 0.0420 -0.5179
vn -0.6786 0.3633 -0.6384
vn -0.4567 0.5982 -0.6585
vn -0.1284 0.7957 -0.5919
vn -0.8650 0.0311 -0.5007
vn -0.1283 0.7957 -0.5919
vn -0.0034 0.6494 0.7605
vn -0.0330 0.7324 0.6801
vn -0.4492 0.5928 0.6684
vn -0.4493 0.5928 0.6684
vn -0.7520 0.3637 0.5497
vn -0.7001 0.2983 0.6487
vn -0.7520 0.3636 0.5497
vn -0.9509 0.0763 0.3000
vn -0.0329 0.7324 0.6801
vn -0.0941 0.8709 0.4823
vn -0.5221 0.7390 0.4257
vn -0.7520 0.3638 0.5497
vn -0.9509 0.0763 0.2999
vn -0.5623 0.8036 -0.1953
vn -0.7489 0.4220 -0.5110
vn -0.9022 0.0471 -0.4288
vn -0.9572 0.0949 -0.2734
vn -0.0280 0.8102 -0.5855
vn -0.0581 0.5424 -0.8381
vn -0.0763 0.2618 -0.9621
vn -0.0897 -0.1062 -0.9903
vn -0.0000 0.8109 -0.5852
vn -0.0000 0.5422 -0.8402
vn -0.0000 0.5422 -0.8403
vn -0.0000 0.2607 -0.9654
vn -0.0000 -0.1075 -0.9942
vn -0.0003 0.6351 0.7724
vn -0.0003 0.6350 0.7725
vn -0.0033 0.6494 0.7605
vn 0.0002 0.6353 0.7722
vn -0.0941 0.8710 0.4823
vn -0.0305 0.7279 0.6850
vn -0.1414 0.9786 -0.1492
vn -0.1414 0.9786 -0.1494
vn 0.0004 0.6353 0.7722
vn 0.0002 0.6352 0.7724
vn -0.9415 -0.0973 0.3228
vn -0.9078 -0.0672 0.4139
vn -0.8765 -0.0458 0.4793
vn -0.9226 -0.0642 0.3804
vn -0.8686 -0.0518 0.4928
vn -0.9116 -0.0488 0.4082
vn -0.8632 -0.0796 0.4985
vn -0.9009 -0.0217 0.4334
vn -0.7951 0.0285 0.6058
vn -0.7598 -0.0163 0.6500
vn -0.7525 -0.0487 0.6568
vn -0.7365 -0.1565 0.6581
vn -0.2159 -0.5669 -0.7950
vn -0.3752 -0.5556 -0.7420
vn -0.3846 -0.4203 -0.8218
vn -0.2207 -0.4359 -0.8725
vn -0.3855 -0.2783 -0.8797
vn -0.2221 -0.2971 -0.9286
vn -0.2221 -0.2971 -0.9287
vn -0.3784 -0.0773 -0.9224
vn -0.2145 -0.0998 -0.9716
vn -0.6105 -0.4811 -0.6292
vn -0.6196 -0.3539 -0.7006
vn -0.3847 -0.4203 -0.8218
vn -0.6140 -0.2158 -0.7592
vn -0.6140 -0.2158 -0.7593
vn -0.5907 -0.0238 -0.8065
vn -0.3359 0.2552 0.9067
vn -0.1490 0.3093 0.9392
vn -0.1597 0.1693 0.9725
vn -0.3593 0.1163 0.9260
vn -0.3592 0.1163 0.9260
vn -0.1598 0.1693 0.9725
vn -0.1640 0.0695 0.9840
vn -0.3629 0.0331 0.9312
vn -0.1466 -0.0811 0.9859
vn -0.3274 -0.1301 0.9359
vn -0.0000 0.3263 0.9453
vn -0.0000 0.1867 0.9824
vn -0.0000 0.0802 0.9968
vn -0.6106 -0.4811 -0.6291
vn -0.8217 -0.3327 -0.4627
vn -0.8248 -0.2333 -0.5150
vn -0.8133 -0.1156 -0.5702
vn -0.8133 -0.1156 -0.5703
vn -0.7644 0.0333 -0.6439
vn -0.8940 -0.2410 -0.3778
vn -0.8926 -0.1631 -0.4204
vn -0.8798 -0.0665 -0.4707
vn -0.8385 0.0541 -0.5422
vn -0.7645 0.0333 -0.6438
vn -0.9756 -0.2161 0.0380
vn -0.9708 -0.2122 0.1117
vn -0.9654 -0.1448 0.2169
vn -0.9790 -0.1426 0.1456
vn -0.9465 -0.0656 0.3160
vn -0.9649 -0.0533 0.2572
vn -0.8980 0.0362 0.4385
vn -0.9140 0.0435 0.4034
vn -0.9638 -0.1974 0.1793
vn -0.9517 -0.1367 0.2750
vn -0.9322 -0.0710 0.3550
vn -0.8920 0.0265 0.4513
vn -0.9491 -0.1498 0.2769
vn -0.9451 -0.1262 0.3013
vn -0.9321 -0.0933 0.3499
vn -0.9352 -0.1107 0.3365
vn -0.9199 -0.0595 0.3876
vn -0.9203 -0.0666 0.3854
vn -0.9018 -0.0040 0.4322
vn -0.8972 0.0041 0.4417
vn -0.0000 -0.5542 -0.8324
vn -0.0962 -0.5596 -0.8231
vn -0.0966 -0.4377 -0.8939
vn -0.0000 -0.4378 -0.8991
vn -0.0968 -0.3009 -0.9487
vn -0.0000 -0.3011 -0.9536
vn -0.0922 -0.1062 -0.9901
vn -0.0000 -0.1076 -0.9942
vn -0.5340 0.1693 0.8284
vn -0.5586 0.0516 0.8278
vn -0.7597 -0.0163 0.6500
vn -0.5641 -0.0131 0.8256
vn -0.5371 -0.1746 0.8253
vn -0.3593 0.1163 0.9259
vn -0.3630 0.0331 0.9312
vn -0.5370 -0.1746 0.8253
vn -0.9826 0.1222 0.1399
vn -0.9884 0.1374 -0.0641
vn -0.9892 0.0331 -0.1430
vn -0.9994 0.0274 0.0232
vn -0.9892 0.0331 -0.1431
vn -0.9826 -0.0670 -0.1732
vn -0.9958 -0.0783 -0.0472
vn -0.9665 -0.1683 -0.1938
vn -0.9755 -0.1871 -0.1158
vn -0.9560 0.0933 -0.2781
vn -0.9513 -0.0133 -0.3079
vn -0.9486 -0.0970 -0.3012
vn -0.9403 -0.1785 -0.2897
vn -0.8621 0.0330 -0.5056
vn -0.8531 0.0451 -0.5197
vn -0.8894 -0.0646 -0.4525
vn -0.8932 -0.0675 -0.4445
vn -0.9014 -0.1490 -0.4066
vn -0.9036 -0.1460 -0.4028
vn -0.9047 -0.2224 -0.3634
vn -0.9066 -0.2215 -0.3592
vn -0.8532 0.0451 -0.5197
vn -0.9471 0.0715 0.3130
vn -0.9862 -0.0190 0.1644
vn -0.9862 -0.0190 0.1643
vn -0.9913 -0.1168 0.0601
vn -0.9775 -0.2065 -0.0423
vn -0.9471 0.0715 0.3129
vn -0.8945 0.0420 -0.4451
vn -0.9094 -0.0559 -0.4122
vn -0.9155 -0.1320 -0.3801
vn -0.9145 -0.2095 -0.3460
vn -0.9555 -0.1760 0.2366
vn -0.9407 -0.1267 0.3147
vn -0.9230 -0.0721 0.3779
vn -0.8925 0.0137 0.4509
vn -0.7177 0.1066 0.6881
vn -0.9327 -0.0586 0.3560
vn -0.5997 -0.5337 -0.5962
vn -0.6105 -0.4812 -0.6291
vn -0.7644 0.0333 -0.6438
vn -0.5908 -0.0238 -0.8065
vn -0.6105 -0.4811 -0.6291
vn -0.8093 -0.3859 -0.4429
vn -0.9139 0.0435 0.4035
vn -0.9140 0.0435 0.4035
vn -0.3324 0.2729 0.9028
vn -0.5339 0.1693 0.8284
vn -0.3358 0.2552 0.9067
vn -0.0000 0.6348 0.7726
vn -0.9892 -0.0997 -0.1079
vn -0.9805 -0.1310 0.1462
vn -0.9634 -0.1153 0.2418
vn -0.9635 -0.1153 0.2418
vn -0.6764 -0.3832 -0.6290
vn -0.6190 -0.4560 -0.6395
vn -0.9961 -0.0878 -0.0093
vn -0.9966 -0.0805 0.0160
vn -0.9968 -0.0776 0.0196
vn -0.9962 -0.0850 0.0196
vn 0.4982 -0.0809 -0.8633
vn 0.4999 -0.1651 -0.8502
vn 0.8377 0.0173 0.5459
vn 0.8457 -0.0380 0.5323
vn 0.7477 -0.0477 0.6623
vn 0.7351 0.0083 0.6779
vn 0.9070 0.0171 0.4208
vn 0.9063 -0.0321 0.4214
vn 0.8879 -0.0489 -0.4574
vn 0.8927 -0.1023 -0.4388
vn 0.9624 -0.0751 -0.2611
vn 0.9596 -0.0379 -0.2788
vn 0.3907 0.1801 0.9027
vn 0.5524 0.1472 0.8205
vn 0.5396 0.1751 0.8235
vn 0.3803 0.2087 0.9010
vn 0.5270 0.2000 0.8260
vn 0.3683 0.2360 0.8992
vn 0.6789 0.1330 0.7221
vn 0.6672 0.1555 0.7285
vn 0.6918 0.1066 0.7142
vn 0.9834 -0.0808 -0.1625
vn 0.9500 -0.0642 -0.3055
vn 0.9310 -0.0677 -0.3587
vn 0.9740 -0.0850 -0.2102
vn 0.9058 -0.1231 -0.4055
vn 0.9570 -0.1204 -0.2638
vn 0.8628 -0.0296 -0.5047
vn 0.8278 -0.1141 -0.5493
vn 0.8940 -0.0254 -0.4473
vn 0.3420 0.2632 0.9021
vn 0.5151 0.2093 0.8312
vn 0.5210 0.1982 0.8302
vn 0.3323 0.2729 0.9028
vn 0.6763 0.1483 0.7215
vn 0.7178 0.1066 0.6881
vn 0.5211 0.1982 0.8302
vn 0.8838 -0.3005 -0.3585
vn 0.8001 -0.4019 -0.4454
vn 0.8093 -0.3859 -0.4428
vn 0.8890 -0.2841 -0.3592
vn 0.8000 -0.4019 -0.4454
vn 0.5975 -0.5373 -0.5952
vn 0.5998 -0.5337 -0.5962
vn 0.8092 -0.3860 -0.4429
vn 0.9831 -0.1193 -0.1390
vn 0.9343 -0.1869 -0.3037
vn 0.9450 -0.1662 -0.2818
vn 0.9836 -0.1249 -0.1299
vn 0.9538 -0.1345 -0.2687
vn 0.9852 -0.1135 -0.1283
vn 0.8673 -0.2328 -0.4400
vn 0.8954 -0.1665 -0.4129
vn 0.8362 -0.2765 -0.4737
vn 0.4201 0.0589 0.9056
vn 0.5989 0.0383 0.7999
vn 0.5890 0.0639 0.8056
vn 0.4145 0.0901 0.9056
vn 0.5775 0.0914 0.8113
vn 0.4076 0.1210 0.9051
vn 0.7316 0.0309 0.6811
vn 0.7179 0.0547 0.6940
vn 0.5775 0.0914 0.8112
vn 0.7449 0.0128 0.6670
vn 0.9058 -0.1231 -0.4054
vn 0.8810 -0.1934 -0.4318
vn 0.9354 -0.1704 -0.3097
vn 0.8561 -0.2525 -0.4509
vn 0.9109 -0.2197 -0.3494
vn 0.7956 -0.2140 -0.5668
vn 0.7665 -0.2865 -0.5748
vn 0.3684 0.2360 0.8992
vn 0.5175 0.2132 0.8287
vn 0.3557 0.2544 0.8993
vn 0.5176 0.2132 0.8286
vn 0.6626 0.1642 0.7307
vn 0.6764 0.1483 0.7215
vn 0.5176 0.2132 0.8287
vn 0.5527 -0.0655 -0.8308
vn 0.3277 -0.0421 -0.9438
vn 0.2898 -0.1976 -0.9365
vn 0.5055 -0.2170 -0.8351
vn 0.2485 -0.3118 -0.9171
vn 0.4577 -0.3216 -0.8289
vn 0.2897 -0.1976 -0.9365
vn 0.0001 -0.1872 -0.9823
vn 0.3277 -0.0421 -0.9439
vn 0.4680 -0.4462 -0.7628
vn 0.2480 -0.4856 -0.8383
vn 0.2671 -0.4673 -0.8428
vn 0.5071 -0.4117 -0.7572
vn 0.3188 -0.3378 -0.8856
vn 0.5805 -0.2827 -0.7636
vn 0.0001 -0.4993 -0.8664
vn 0.2282 -0.6116 -0.7575
vn 0.1059 -0.6067 -0.7878
vn 0.1008 -0.6081 -0.7874
vn 0.2197 -0.6151 -0.7572
vn 0.2164 -0.3913 -0.8944
vn 0.4187 -0.3896 -0.8203
vn 0.1965 -0.4505 -0.8709
vn 0.3908 -0.4368 -0.8102
vn 0.6202 0.0909 -0.7792
vn 0.3664 0.1280 -0.9216
vn 0.3502 0.0946 -0.9319
vn 0.5882 0.0688 -0.8058
vn 0.0001 0.1024 -0.9947
vn 0.3501 0.0946 -0.9319
vn 0.7877 -0.1302 -0.6022
vn 0.2246 -0.0239 0.9742
vn 0.2286 -0.0545 0.9720
vn 0.8323 -0.3981 -0.3857
vn 0.7337 -0.4762 -0.4846
vn 0.7394 -0.4764 -0.4758
vn 0.8405 -0.3872 -0.3791
vn 0.8404 -0.3872 -0.3791
vn 0.7499 -0.4640 -0.4716
vn 0.8507 -0.3670 -0.3762
vn 0.5985 -0.5498 -0.5827
vn 0.5920 -0.5534 -0.5859
vn 0.6098 -0.5342 -0.5855
vn 0.4233 -0.0154 0.9059
vn 0.4321 -0.0559 0.9001
vn 0.5936 -0.0039 0.8047
vn 0.6055 -0.0543 0.7940
vn 0.4322 -0.0559 0.9001
vn 0.3723 -0.0396 -0.9273
vn 0.6361 -0.0522 -0.7698
vn 0.3722 -0.0396 -0.9273
vn -0.0000 -0.3621 -0.9321
vn 0.0001 -0.0364 -0.9993
vn 0.3723 -0.0397 -0.9273
vn 0.9570 -0.0975 -0.2731
vn 0.9861 -0.0962 -0.1358
vn 0.9073 -0.0891 -0.4110
vn 0.5652 0.1193 0.8163
vn 0.3998 0.1511 0.9041
vn 0.7050 0.0800 0.7047
vn 0.5776 0.0914 0.8112
vn 0.9313 -0.2959 -0.2126
vn 0.8968 -0.3314 -0.2931
vn 0.8980 -0.3219 -0.3000
vn 0.9263 -0.2941 -0.2356
vn 0.8997 -0.3077 -0.3095
vn 0.9215 -0.2890 -0.2596
vn 0.8508 -0.3670 -0.3762
vn 0.2095 0.1395 0.9678
vn 0.2052 0.1713 0.9636
vn 0.2002 0.2016 0.9588
vn 0.7815 -0.2183 -0.5845
vn 0.8128 -0.0722 -0.5781
vn 0.7931 0.0324 -0.6082
vn 0.8127 -0.0722 -0.5782
vn 0.6362 -0.0522 -0.7698
vn 0.6202 0.0909 -0.7791
vn 0.5806 -0.2827 -0.7636
vn 0.2858 -0.0910 -0.9540
vn 0.2884 -0.1753 -0.9413
vn 0.4651 -0.5687 -0.6784
vn 0.4443 -0.5872 -0.6766
vn 0.4260 -0.5965 -0.6802
vn 0.2933 -0.6048 -0.7404
vn 0.2792 -0.6102 -0.7414
vn 0.3071 -0.5915 -0.7455
vn 0.7530 0.0223 -0.6577
vn 0.7530 0.0223 -0.6576
vn 0.7116 -0.0933 -0.6964
vn 0.7529 0.0223 -0.6577
vn 0.7115 -0.0933 -0.6965
vn 0.6315 -0.3138 -0.7090
vn 0.5975 -0.3706 -0.7111
vn 0.7337 -0.3384 -0.5892
vn 0.5663 -0.4086 -0.7158
vn 0.6951 -0.3758 -0.6129
vn 0.6315 -0.3138 -0.7091
vn 0.1858 -0.4961 -0.8482
vn 0.3727 -0.4732 -0.7982
vn 0.1788 -0.5260 -0.8315
vn 0.3592 -0.5028 -0.7862
vn 0.5974 -0.5373 -0.5953
vn 0.3809 -0.6019 -0.7019
vn 0.3740 -0.6048 -0.7031
vn 0.6750 -0.3737 -0.6362
vn 0.7229 -0.3248 -0.6099
vn 0.7115 -0.0933 -0.6964
vn 0.6692 -0.2247 -0.7083
vn 0.6314 -0.3138 -0.7091
vn 0.1861 0.2610 0.9472
vn 0.1767 0.2839 0.9424
vn 0.1643 0.3022 0.9390
vn 0.2164 0.0715 0.9737
vn 0.2132 0.1058 0.9713
vn 0.1525 0.3208 0.9348
vn 0.1938 0.2321 0.9532
vn 0.3683 0.2360 0.8993
vn 0.9600 0.0050 0.2798
vn 0.9549 -0.0339 0.2949
vn 0.9637 -0.2443 -0.1076
vn 0.9481 -0.2678 -0.1712
vn 0.9405 -0.2635 -0.2146
vn 0.9575 -0.2375 -0.1638
vn 0.9682 -0.2471 -0.0386
vn 0.9557 -0.2695 -0.1187
vn 0.9067 -0.2624 -0.3303
vn 0.9029 -0.2676 -0.3363
vn 0.9039 -0.2577 -0.3413
vn 0.9062 -0.2562 -0.3363
vn 0.9701 -0.2407 0.0320
vn 0.9628 -0.2636 -0.0598
vn 0.9696 -0.2236 0.0993
vn 0.9686 -0.2486 -0.0015
vn 0.9667 -0.1988 0.1614
vn 0.9720 -0.2288 0.0529
vn 0.9619 -0.1715 0.2127
vn 0.9729 -0.2049 0.1072
vn 0.9947 -0.0124 0.1016
vn 0.9920 -0.0419 0.1190
vn 0.9953 -0.0267 -0.0927
vn 0.9955 -0.0548 -0.0767
vn 0.9948 -0.0124 0.1016
vn 0.9009 -0.2925 -0.3208
vn 0.9164 -0.2822 -0.2840
vn 0.9008 -0.2925 -0.3208
vn 0.9012 -0.2834 -0.3279
vn 0.9114 -0.2772 -0.3040
vn 0.8608 -0.3441 -0.3750
vn 0.8692 -0.3281 -0.3699
vn 0.4119 -0.5998 -0.6860
vn 0.5908 -0.5500 -0.5903
vn 0.4005 -0.6017 -0.6911
vn 0.5923 -0.5466 -0.5919
vn 0.2660 -0.6105 -0.7460
vn 0.2526 -0.6109 -0.7504
vn 0.1380 -0.6156 -0.7759
vn 0.1305 -0.6101 -0.7815
vn 0.1225 -0.6070 -0.7852
vn 0.7630 -0.4454 -0.4684
vn 0.7758 -0.4306 -0.4612
vn 0.9488 -0.2292 -0.2172
vn 0.9321 -0.2572 -0.2552
vn 0.9220 -0.2487 -0.2969
vn 0.9280 -0.2337 -0.2902
vn 0.9370 -0.2845 -0.2026
vn 0.9288 -0.2826 -0.2399
vn 0.9209 -0.2793 -0.2721
vn 0.9115 -0.2772 -0.3040
vn 0.9208 -0.2793 -0.2721
vn 0.9099 -0.2607 -0.3227
vn 0.9099 -0.2525 -0.3291
vn 0.9535 -0.2756 -0.1222
vn 0.9454 -0.2823 -0.1626
vn 0.1709 -0.5461 -0.8201
vn 0.3454 -0.5263 -0.7770
vn 0.1623 -0.5672 -0.8074
vn 0.3322 -0.5484 -0.7674
vn 0.1552 -0.5892 -0.7930
vn 0.3201 -0.5713 -0.7557
vn 0.1494 -0.6069 -0.7806
vn 0.1440 -0.6162 -0.7743
vn 0.9138 -0.2736 -0.3001
vn 0.9081 -0.2718 -0.3185
vn 0.9016 -0.2773 -0.3321
vn 0.8765 -0.3159 -0.3632
vn 0.3904 -0.6026 -0.6960
vn 0.5946 -0.5432 -0.5928
vn 0.5975 -0.5373 -0.5953
vn 0.2400 -0.6116 -0.7539
vn 0.1141 -0.6067 -0.7867
vn 0.7882 -0.4176 -0.4520
vn 0.9531 -0.0369 0.3004
vn 0.9072 -0.0364 0.4191
vn 0.9533 -0.0324 0.3004
vn 0.9072 -0.0311 0.4195
vn 0.9907 -0.0419 0.1298
vn 0.9904 -0.0313 0.1349
vn 0.9906 -0.0419 0.1298
vn 0.8512 -0.0383 0.5234
vn 0.7537 -0.0411 0.6559
vn 0.8524 -0.0252 0.5223
vn 0.7553 -0.0179 0.6551
vn 0.2241 -0.0357 0.9739
vn 0.2217 0.0043 0.9751
vn 0.4293 -0.0390 0.9023
vn 0.4272 -0.0021 0.9042
vn 0.2242 -0.0357 0.9739
vn 0.6496 -0.2578 -0.7152
vn 0.7899 -0.2150 -0.5743
vn 0.6396 -0.3505 -0.6841
vn 0.7934 -0.2834 -0.5387
vn 0.4860 -0.2811 -0.8275
vn 0.4639 -0.3874 -0.7967
vn 0.9966 -0.0607 -0.0566
vn 0.9981 -0.0511 -0.0338
vn 0.9965 -0.0607 -0.0566
vn 0.9674 -0.1009 -0.2322
vn 0.9747 -0.1096 -0.1946
vn 0.2778 -0.2926 -0.9150
vn 0.2589 -0.4030 -0.8778
vn 0.4322 -0.0559 0.9000
vn 0.6069 -0.0414 0.7937
vn 0.6071 -0.0100 0.7946
vn 0.4272 -0.0021 0.9041
vn 0.6071 -0.0100 0.7945
vn 0.8928 -0.1023 -0.4388
vn 0.8994 -0.1576 -0.4077
vn 0.9088 -0.1959 -0.3683
vn 0.7935 -0.2834 -0.5386
vn 0.7876 -0.1302 -0.6022
vn 0.8489 -0.0176 0.5282
vn 0.7531 -0.0009 0.6579
vn 0.8390 -0.0130 0.5439
vn 0.9012 -0.0360 0.4319
vn 0.8859 -0.0429 0.4620
vn 0.2192 0.0387 0.9749
vn 0.4243 0.0292 0.9051
vn 0.4271 -0.0021 0.9042
vn 0.4242 0.0292 0.9051
vn 0.7934 -0.2834 -0.5386
vn 0.6479 -0.3805 -0.6599
vn 0.8103 -0.2951 -0.5063
vn 0.4569 -0.4336 -0.7767
vn 0.9985 -0.0529 -0.0160
vn 0.9912 -0.0438 0.1252
vn 0.9966 -0.0817 -0.0090
vn 0.9918 -0.0847 0.0958
vn 0.9810 -0.1082 -0.1609
vn 0.2481 -0.4588 -0.8532
vn 0.0001 -0.4083 -0.9128
vn 0.6051 0.0152 0.7960
vn 0.9222 -0.1971 -0.3326
vn 0.9223 -0.1971 -0.3326
vn 0.8561 0.0402 0.5153
vn 0.8580 0.0229 0.5131
vn 0.8575 0.0208 0.5141
vn 0.8560 0.0398 0.5155
vn 0.9572 -0.1694 -0.2347
vn 0.8787 -0.2786 -0.3877
vn 0.8942 -0.2659 -0.3601
vn 0.9679 -0.1495 -0.2021
vn 0.8525 0.0650 0.5187
vn 0.8544 0.0543 0.5168
vn 0.8542 0.0533 0.5172
vn 0.8525 0.0643 0.5188
vn 0.8638 0.0037 0.5038
vn 0.8627 -0.0009 0.5057
vn 0.9317 -0.0013 0.3632
vn 0.9029 0.0219 0.4292
vn 0.9029 0.0317 0.4287
vn 0.9328 0.0100 0.3602
vn 0.9873 -0.0950 0.1276
vn 0.9647 -0.0326 0.2613
vn 0.9677 -0.0136 0.2517
vn 0.9914 -0.0916 0.0937
vn 0.8761 0.0511 0.4794
vn 0.8757 0.0576 0.4794
vn 0.8549 0.0621 0.5150
vn 0.8369 0.0802 0.5415
vn 0.8578 0.0674 0.5096
vn 0.9968 -0.0781 0.0197
vn 0.9962 -0.0844 0.0195
vn 0.9963 -0.0826 0.0221
vn 0.9968 -0.0781 0.0152
vn 0.8575 0.0692 0.5098
vn 0.9964 -0.0841 -0.0083
vn 0.9967 -0.0792 0.0158
vn 0.9968 -0.0796 -0.0032
vn 0.9953 -0.0896 -0.0378
vn 0.9950 -0.0936 0.0348
vn 0.9955 -0.0901 0.0298
vn 0.9892 -0.0997 -0.1078
vn 0.9896 -0.0998 -0.1036
vn 0.9949 -0.0896 -0.0460
vn 0.9953 -0.0867 -0.0436
vn 0.6593 -0.4032 -0.6346
vn 0.6163 -0.4544 -0.6432
vn 0.5846 -0.4648 -0.6650
vn 0.6187 -0.4617 -0.6357
vn 0.9911 -0.1038 -0.0833
vn 0.9475 -0.2774 -0.1591
vn 0.9799 -0.1978 -0.0245
vn 0.9784 -0.2006 -0.0492
vn 0.9479 -0.2731 -0.1638
vn 0.6556 -0.4542 -0.6032
vn 0.6296 -0.4401 -0.6403
vn 0.7404 -0.4206 -0.5243
vn 0.7513 -0.3688 -0.5473
vn 0.8389 -0.3575 -0.4104
vn 0.8313 -0.3838 -0.4020
vn 0.9025 -0.3317 -0.2748
vn 0.9075 -0.3160 -0.2767
vn 0.8432 -0.3538 -0.4048
vn 0.7758 -0.3552 -0.5215
vn 0.9847 -0.1182 0.1278
vn 0.9695 -0.1238 0.2113
vn 0.9693 -0.1007 0.2244
vn 0.9046 -0.3184 -0.2833
vn 0.9432 -0.0868 0.3206
vn 0.9430 -0.0860 0.3214
vn 0.9177 -0.0836 0.3885
vn 0.9112 -0.0837 0.4033
vn 0.9438 -0.0869 0.3188
vn 0.9944 -0.0993 0.0351
vn 0.9905 -0.1158 0.0735
vn 0.9924 -0.1015 0.0694
vn 0.8885 -0.0631 0.4544
vn 0.9190 -0.0769 0.3866
vn 0.8908 -0.0713 0.4487
vn 0.8728 -0.0302 0.4871
vn 0.8731 -0.0243 0.4869
vn 0.9924 -0.1016 0.0694
vn 0.9942 -0.0965 0.0468
vn 0.8614 -0.2910 -0.4163
vn 0.7668 -0.3667 -0.5268
vn 0.7600 -0.3883 -0.5212
vn 0.8565 0.0097 0.5160
vn 0.8645 -0.0160 0.5023
vn 0.6678 -0.4591 -0.5859
vn 0.7703 -0.3905 -0.5042
vn 0.6293 -0.4403 -0.6404
vn 0.7569 -0.3585 -0.5464
vn 0.6600 -0.4013 -0.6351
vn 0.7910 -0.3375 -0.5103
vn 0.9108 -0.2197 -0.3494
vn 0.8248 -0.3027 -0.4776
vn 0.8826 -0.2655 -0.3880
vn 0.9418 -0.1966 -0.2727
vn 0.9250 -0.2210 -0.3090
vn 0.9509 -0.1809 -0.2512
vn 0.9798 -0.1285 -0.1530
vn 0.9858 -0.1063 -0.1301
vn 0.9720 -0.1406 -0.1885
vn 0.7450 0.0128 0.6670
vn 0.8242 0.0018 0.5663
vn 0.7316 0.0309 0.6810
vn 0.8132 0.0249 0.5815
vn 0.8858 -0.0429 0.4620
vn 0.8054 0.0460 0.5910
vn 0.7968 0.0681 0.6004
vn 0.8514 0.0280 0.5238
vn 0.8471 0.0458 0.5295
vn 0.7869 0.0902 0.6104
vn 0.7769 0.1089 0.6202
vn 0.8418 0.0624 0.5362
vn 0.8357 0.0762 0.5439
vn 0.7747 0.1149 0.6218
vn 0.7938 0.0947 0.6007
vn 0.7769 0.1089 0.6201
vn 0.8354 0.0488 0.5475
vn 0.7178 0.1066 0.6880
vn 0.8858 0.0280 0.4632
vn 0.9188 -0.0026 0.3946
vn 0.8838 -0.0076 0.4678
vn 0.7939 0.0947 0.6007
vn 0.9326 -0.0587 0.3560
vn 0.9531 -0.0405 0.3001
vn 0.9736 -0.1246 0.1914
vn 0.9549 -0.1049 0.2778
vn 0.9530 -0.0405 0.3001
vn 0.9572 -0.1463 0.2499
vn 0.9698 -0.1880 0.1554
vn 0.9709 -0.2390 -0.0152
vn 0.9668 -0.2554 0.0076
vn 0.9645 -0.2601 -0.0451
vn 0.9437 -0.2934 -0.1527
vn 0.9950 -0.0975 -0.0202
vn 0.9958 -0.0880 -0.0256
vn 0.9958 -0.0812 -0.0429
vn 0.9946 -0.1027 -0.0143
vn 0.9933 -0.0848 -0.0791
vn 0.9740 -0.0850 -0.2101
vn 0.5413 -0.4373 -0.7182
vn 0.5200 -0.4685 -0.7142
vn 0.3728 -0.4732 -0.7982
vn 0.5018 -0.4911 -0.7120
vn 0.4941 -0.5103 -0.7039
vn 0.4846 -0.5407 -0.6876
vn 0.6226 -0.5037 -0.5989
vn 0.7338 -0.4608 -0.4992
vn 0.8279 -0.4005 -0.3927
vn 0.6187 -0.4617 -0.6356
vn 0.9600 -0.2672 -0.0836
vn 0.9356 -0.2991 -0.1878
vn 0.8976 -0.3381 -0.2827
vn 0.9513 -0.0522 0.3037
vn 0.0719 0.8060 -0.5875
vn 0.0755 0.8060 -0.5871
vn 0.1110 0.7995 -0.5904
vn 0.1089 0.7983 -0.5923
vn 0.0345 0.8105 -0.5848
vn 0.0325 0.8101 -0.5854
vn 0.0719 0.8061 -0.5875
vn 0.1414 0.9786 -0.1493
vn 0.1029 0.9855 -0.1350
vn 0.1050 0.9715 0.2125
vn 0.1358 0.9729 0.1874
vn 0.1358 0.9728 0.1874
vn 0.0726 0.8671 0.4928
vn 0.0907 0.8743 0.4768
vn 0.0821 0.8153 -0.5731
vn 0.1183 0.8103 -0.5740
vn 0.1143 0.7990 -0.5903
vn 0.0785 0.8057 -0.5871
vn 0.0028 0.6459 0.7634
vn 0.0026 0.6471 0.7624
vn 0.0305 0.7278 0.6851
vn 0.0279 0.7216 0.6917
vn 0.0279 0.7217 0.6917
vn 0.0305 0.7279 0.6851
vn 0.0726 0.8671 0.4929
vn 0.0381 0.8187 -0.5729
vn 0.0360 0.8108 -0.5842
vn 0.0555 0.9701 -0.2364
vn 0.0482 0.8742 -0.4831
vn 0.0555 0.9701 -0.2365
vn 0.0942 0.8826 -0.4605
vn 0.0942 0.8826 -0.4606
vn 0.1272 0.8851 -0.4478
vn 0.1272 0.8850 -0.4478
vn 0.0732 0.9485 0.3081
vn 0.0522 0.8463 0.5301
vn 0.0730 0.9883 0.1340
vn 0.0676 0.9579 0.2792
vn 0.0677 0.9081 0.4133
vn 0.0407 0.8132 0.5805
vn 0.0034 0.7108 0.7034
vn 0.0213 0.7187 0.6950
vn -0.0120 0.6592 0.7519
vn 0.0015 0.6533 0.7571
vn 0.0726 0.8670 0.4929
vn -0.0007 0.6362 0.7716
vn -0.0025 0.6414 0.7672
vn -0.0066 0.6425 0.7663
vn -0.0001 0.6366 0.7712
vn -0.2671 -0.3475 0.8988
vn -0.4938 -0.2843 0.8218
vn -0.6723 -0.1870 0.7163
vn -0.6723 -0.1869 0.7163
vn -0.8030 -0.0598 0.5929
vn -0.8030 -0.0599 0.5930
vn -0.8851 0.0934 0.4560
vn -0.9132 0.2658 0.3089
vn -0.7917 0.6105 0.0223
vn -0.6474 0.7559 -0.0975
vn -0.6477 0.7557 -0.0973
vn -0.7917 0.6105 0.0222
vn -0.6476 0.7557 -0.0973
vn -0.4590 0.8680 -0.1895
vn -0.4591 0.8679 -0.1894
vn -0.8821 0.4428 0.1608
vn -0.8821 0.4427 0.1609
vn -0.2377 0.9391 -0.2481
vn -0.2376 0.9391 -0.2481
vn -0.4591 0.8680 -0.1894
vn 0.0745 0.9346 0.3478
vn 0.0468 0.8606 0.5072
vn 0.0776 0.8931 0.4431
vn 0.0728 0.9493 0.3059
vn -0.0316 0.7581 0.6514
vn 0.0402 0.7996 0.5992
vn 0.0676 0.9578 0.2792
vn -0.0067 0.7083 0.7059
vn -0.0229 0.6610 0.7501
vn -0.0771 0.6850 0.7245
vn -0.0513 0.6597 0.7498
vn -0.0007 0.6363 0.7715
vn -0.0076 0.6422 0.7665
vn -0.0005 0.6357 0.7719
vn -0.0136 0.6451 0.7640
vn -0.0005 0.6357 0.7720
vn -0.0011 0.6366 0.7712
vn -0.0003 0.6352 0.7723
vn -0.0003 0.6353 0.7723
vn -0.0007 0.6362 0.7715
vn -0.0006 0.6357 0.7719
vn -0.0012 0.6365 0.7712
vn -0.0001 0.6353 0.7723
vn -0.0002 0.6353 0.7723
vn 0.0001 0.6367 0.7711
vn -0.0001 0.6355 0.7721
vn 0.0398 0.9790 0.1998
vn 0.0372 0.9731 0.2272
vn 0.0452 0.9693 0.2415
vn 0.0450 0.9978 0.0490
vn -0.2376 0.9392 -0.2481
vn 0.4551 0.8336 0.3131
vn 0.4810 0.8117 0.3314
vn -0.4809 0.1679 0.8606
vn -0.5962 0.3562 0.7195
vn -0.5961 0.3562 0.7195
vn -0.6133 0.5738 0.5428
vn -0.6132 0.5738 0.5428
vn -0.5047 0.7794 0.3713
vn -0.0001 0.6353 0.7722
vn -0.3604 0.8929 0.2699
vn -0.2636 0.9362 0.2325
vn 0.0137 0.0011 0.9999
vn -0.0424 0.0039 0.9991
vn -0.0424 0.0038 0.9991
vn -0.2807 0.0657 0.9576
vn -0.6120 0.6244 0.4854
vn -0.6098 0.6292 0.4819
vn -0.6205 0.5900 0.5166
vn -0.6120 0.6244 0.4853
vn -0.0002 0.6351 0.7725
vn -0.4974 0.2102 0.8417
vn -0.6146 0.4128 0.6722
vn 0.5911 0.6565 0.4686
vn 0.6269 0.4935 0.6029
vn 0.5758 0.3030 0.7594
vn 0.5757 0.3030 0.7594
vn 0.4878 0.1766 0.8549
vn 0.4541 0.1470 0.8787
vn 0.3519 0.0896 0.9317
vn 0.4878 0.1765 0.8549
vn 0.2514 0.0470 0.9667
vn -0.1770 0.9612 0.2116
vn -0.1000 0.9747 0.1999
vn -0.1000 0.9747 0.1998
vn -0.0417 0.9799 0.1949
vn -0.0417 0.9800 0.1948
vn -0.1776 0.0294 0.9837
vn -0.3257 0.0783 0.9422
vn -0.3257 0.0784 0.9422
vn -0.4619 0.1507 0.8740
vn -0.4808 0.1679 0.8606
vn -0.6087 0.6332 0.4780
vn -0.5928 0.6649 0.4544
vn -0.4504 0.8281 0.3338
vn -0.1396 0.9630 0.2306
vn 0.2126 0.9486 0.2345
vn 0.1498 0.0207 0.9885
vn 0.0137 0.0010 0.9999
vn 0.2514 0.0469 0.9668
vn 0.1498 0.0208 0.9885
vn -0.2807 0.0657 0.9575
vn 0.2126 0.9486 0.2346
vn 0.4551 0.8336 0.3130
vn -0.2636 0.9362 0.2324
vn -0.1770 0.9612 0.2115
vn -0.6763 0.2878 0.6781
vn -0.6992 0.5351 0.4741
vn -0.5713 0.7710 0.2815
vn -0.4038 0.8980 0.1748
vn -0.5361 0.0877 0.8396
vn -0.4809 0.1679 0.8605
vn -0.5150 0.0696 0.8544
vn -0.0003 0.6349 0.7726
vn -0.2946 0.9457 0.1370
vn -0.2946 0.9458 0.1370
vn -0.1976 0.9735 0.1147
vn -0.3169 -0.0410 0.9476
vn -0.5667 0.1208 0.8150
vn -0.4974 0.2101 0.8417
vn -0.0466 -0.0980 0.9941
vn 0.0152 -0.0992 0.9950
vn -0.0465 -0.0980 0.9941
vn -0.0003 0.6352 0.7724
vn 0.1679 -0.0812 0.9825
vn -0.0001 0.6354 0.7722
vn 0.0004 0.6353 0.7723
vn -0.6778 0.6074 0.4142
vn -0.6088 0.6332 0.4780
vn -0.6783 0.6037 0.4189
vn -0.6809 0.5984 0.4222
vn -0.6933 0.5596 0.4541
vn -0.6809 0.5985 0.4222
vn -0.6968 0.3557 0.6228
vn -0.5668 0.1208 0.8149
vn 0.5360 0.8065 0.2493
vn 0.6662 0.6322 0.3956
vn 0.5080 0.8304 0.2289
vn 0.6269 0.4934 0.6029
vn 0.7085 0.4467 0.5463
vn 0.6480 0.2328 0.7252
vn 0.6269 0.4935 0.6028
vn -0.0001 0.6348 0.7727
vn 0.5067 0.0648 0.8597
vn 0.3952 -0.0037 0.9186
vn 0.3520 0.0896 0.9317
vn 0.2514 0.0469 0.9667
vn 0.2824 -0.0525 0.9579
vn 0.5447 0.0962 0.8331
vn 0.5069 0.0645 0.8596
vn -0.1118 0.9884 0.1026
vn -0.0466 0.9941 0.0979
vn -0.1976 0.9736 0.1147
vn 0.2454 0.9614 0.1246
vn -0.3668 -0.0179 0.9301
vn -0.0002 0.6348 0.7727
vn -0.2005 -0.0758 0.9768
vn -0.3257 0.0782 0.9422
vn -0.0003 0.6351 0.7725
vn -0.4504 0.8281 0.3337
vn -0.5164 0.8230 0.2366
vn -0.1608 0.9808 0.1106
vn -0.6640 0.6410 0.3850
vn -0.5165 0.8229 0.2366
vn 0.5949 -0.0223 -0.8035
vn 0.4663 0.3164 -0.8261
vn 0.6093 0.3574 -0.7079
vn 0.7787 0.0382 -0.6262
vn 0.3208 0.5694 -0.7569
vn 0.4068 0.5945 -0.6936
vn 0.6092 0.3574 -0.7079
vn 0.1217 0.7935 -0.5963
vn 0.1228 0.7958 -0.5930
vn 0.4068 0.5946 -0.6936
vn 0.6093 0.3573 -0.7079
vn 0.6641 0.3708 -0.6492
vn 0.8423 0.0530 -0.5363
vn 0.4439 0.6029 -0.6629
vn 0.4068 0.5946 -0.6935
vn 0.1249 0.7966 -0.5915
vn 0.2200 0.5480 -0.8070
vn 0.0947 0.8016 -0.5903
vn 0.3018 0.2792 -0.9116
vn 0.5949 -0.0224 -0.8035
vn 0.3695 -0.0789 -0.9259
vn 0.1321 0.5424 -0.8297
vn 0.0613 0.8072 -0.5871
vn 0.1752 0.2654 -0.9481
vn 0.1321 0.5423 -0.8297
vn 0.3695 -0.0788 -0.9259
vn 0.2081 -0.1002 -0.9730
vn 0.5558 -0.1769 0.8123
vn 0.3595 0.1011 0.9276
vn 0.2010 0.1235 0.9718
vn 0.3390 -0.1336 0.9313
vn 0.3595 0.1011 0.9277
vn 0.2054 0.3632 0.9088
vn 0.1132 0.3674 0.9232
vn 0.2010 0.1236 0.9718
vn 0.1132 0.3674 0.9231
vn 0.3894 0.4920 0.7787
vn 0.3930 0.4908 0.7776
vn 0.6745 0.2985 0.6752
vn 0.6807 0.2956 0.6703
vn 0.8921 0.0271 0.4511
vn 0.8985 0.0366 0.4374
vn 0.4051 0.5029 0.7635
vn 0.0033 0.6494 0.7605
vn 0.3931 0.4908 0.7776
vn 0.7000 0.2983 0.6488
vn 0.4052 0.5029 0.7635
vn 0.9156 0.0442 0.3997
vn 0.7001 0.2983 0.6488
vn 0.9880 0.1367 -0.0715
vn 0.8473 0.5282 0.0551
vn 0.8193 0.4761 0.3195
vn 0.9839 0.1250 0.1278
vn 0.8473 0.5283 0.0551
vn 0.5644 0.8145 0.1340
vn 0.5221 0.7390 0.4257
vn 0.5643 0.8146 0.1340
vn 0.1458 0.9676 0.2059
vn 0.0941 0.8710 0.4823
vn 0.1448 0.9003 -0.4105
vn 0.5078 0.6915 -0.5137
vn 0.4688 0.6068 -0.6419
vn 0.1324 0.8119 -0.5685
vn 0.5079 0.6915 -0.5137
vn 0.7489 0.4220 -0.5110
vn 0.6937 0.3626 -0.6223
vn 0.7489 0.4219 -0.5110
vn 0.9022 0.0470 -0.4288
vn 0.8651 0.0311 -0.5007
vn 0.6938 0.3625 -0.6223
vn 0.3389 -0.1336 0.9313
vn 0.0841 0.1657 0.9826
vn 0.1506 -0.0820 0.9852
vn 0.1132 0.3673 0.9232
vn 0.0466 0.3858 0.9214
vn 0.8710 -0.0702 0.4863
vn 0.6586 0.2220 0.7190
vn 0.5403 0.1432 0.8292
vn 0.7576 -0.1482 0.6357
vn 0.3807 0.4504 0.8076
vn 0.3110 0.3978 0.8631
vn 0.3806 0.4504 0.8076
vn 0.8924 0.0142 0.4511
vn 0.6767 0.2951 0.6746
vn 0.6826 0.2895 0.6710
vn 0.8969 0.0044 0.4422
vn 0.6766 0.2951 0.6746
vn 0.3907 0.4908 0.7787
vn 0.3943 0.4889 0.7781
vn 0.3907 0.4908 0.7788
vn 0.3977 0.4866 0.7779
vn 0.6885 0.2833 0.6676
vn 0.3944 0.4889 0.7781
vn 0.9016 -0.0034 0.4326
vn 0.8969 0.0045 0.4422
vn 0.7576 -0.1483 0.6357
vn 0.5558 -0.1768 0.8123
vn 0.3595 0.1012 0.9276
vn 0.9011 -0.0207 0.4332
vn 0.6912 0.2716 0.6697
vn 0.6911 0.2716 0.6698
vn 0.3995 0.4809 0.7804
vn 0.3995 0.4809 0.7805
vn 0.8920 0.0271 0.4511
vn 0.3894 0.4920 0.7786
vn 0.9572 0.0949 -0.2734
vn 0.8280 0.5093 -0.2347
vn 0.5623 0.8036 -0.1952
vn 0.5644 0.8146 0.1340
vn 0.1579 0.9817 -0.1064
vn 0.6786 0.3633 -0.6384
vn 0.8544 0.0420 -0.5179
vn 0.4567 0.5981 -0.6585
vn 0.1284 0.7957 -0.5919
vn 0.4567 0.5982 -0.6585
vn 0.8544 0.0421 -0.5179
vn 0.6938 0.3626 -0.6223
vn 0.8650 0.0311 -0.5007
vn 0.0034 0.6494 0.7605
vn 0.4492 0.5928 0.6684
vn 0.0330 0.7324 0.6801
vn 0.7519 0.3638 0.5497
vn 0.9156 0.0442 0.3996
vn 0.9509 0.0763 0.2999
vn 0.7520 0.3638 0.5497
vn 0.0942 0.8709 0.4823
vn 0.7520 0.3639 0.5497
vn 0.5221 0.7390 0.4258
vn 0.1580 0.9817 -0.1064
vn 0.5079 0.6915 -0.5136
vn 0.8280 0.5092 -0.2347
vn 0.0581 0.5424 -0.8381
vn 0.0280 0.8102 -0.5855
vn 0.0763 0.2618 -0.9621
vn 0.0897 -0.1062 -0.9903
vn 0.0763 0.2617 -0.9621
vn 0.0003 0.6351 0.7724
vn 0.1283 0.7957 -0.5919
vn 0.0003 0.6350 0.7725
vn 0.0305 0.7279 0.6850
vn 0.0941 0.8709 0.4823
vn 0.1414 0.9786 -0.1492
vn 0.1458 0.9677 0.2059
vn 0.1414 0.9786 -0.1494
vn -0.0004 0.6353 0.7722
vn 0.9415 -0.0973 0.3228
vn 0.9226 -0.0641 0.3804
vn 0.8765 -0.0458 0.4793
vn 0.9078 -0.0672 0.4140
vn 0.9115 -0.0487 0.4083
vn 0.8687 -0.0518 0.4927
vn 0.9009 -0.0217 0.4334
vn 0.8632 -0.0796 0.4985
vn 0.7597 -0.0163 0.6501
vn 0.7951 0.0285 0.6058
vn 0.7525 -0.0487 0.6568
vn 0.7365 -0.1565 0.6581
vn 0.2160 -0.5669 -0.7950
vn 0.2207 -0.4359 -0.8725
vn 0.3846 -0.4203 -0.8218
vn 0.3752 -0.5556 -0.7420
vn 0.2221 -0.2971 -0.9286
vn 0.3855 -0.2783 -0.8797
vn 0.2221 -0.2971 -0.9287
vn 0.2145 -0.0998 -0.9716
vn 0.3783 -0.0773 -0.9224
vn 0.3855 -0.2783 -0.8798
vn 0.3847 -0.4203 -0.8218
vn 0.6196 -0.3539 -0.7006
vn 0.6105 -0.4811 -0.6292
vn 0.6140 -0.2158 -0.7592
vn 0.3784 -0.0773 -0.9224
vn 0.5907 -0.0238 -0.8065
vn 0.3359 0.2552 0.9067
vn 0.3593 0.1164 0.9259
vn 0.1597 0.1693 0.9725
vn 0.1490 0.3093 0.9392
vn 0.3629 0.0331 0.9312
vn 0.1640 0.0695 0.9840
vn 0.3274 -0.1301 0.9359
vn 0.1466 -0.0811 0.9859
vn 0.6106 -0.4811 -0.6291
vn 0.8248 -0.2333 -0.5150
vn 0.8217 -0.3327 -0.4627
vn 0.6197 -0.3539 -0.7006
vn 0.6141 -0.2158 -0.7592
vn 0.8133 -0.1156 -0.5702
vn 0.5908 -0.0238 -0.8065
vn 0.7644 0.0334 -0.6438
vn 0.8926 -0.1631 -0.4204
vn 0.8940 -0.2409 -0.3778
vn 0.8798 -0.0665 -0.4707
vn 0.7645 0.0334 -0.6438
vn 0.8385 0.0541 -0.5422
vn 0.9756 -0.2162 0.0380
vn 0.9790 -0.1426 0.1457
vn 0.9654 -0.1448 0.2169
vn 0.9708 -0.2122 0.1117
vn 0.9649 -0.0532 0.2572
vn 0.9465 -0.0657 0.3160
vn 0.9140 0.0435 0.4035
vn 0.8980 0.0362 0.4385
vn 0.9517 -0.1367 0.2750
vn 0.9638 -0.1974 0.1793
vn 0.9322 -0.0710 0.3549
vn 0.8920 0.0265 0.4513
vn 0.9491 -0.1498 0.2769
vn 0.9352 -0.1107 0.3365
vn 0.9321 -0.0932 0.3499
vn 0.9451 -0.1262 0.3013
vn 0.9203 -0.0666 0.3854
vn 0.9199 -0.0595 0.3876
vn 0.8972 0.0041 0.4417
vn 0.9018 -0.0040 0.4322
vn 0.0966 -0.4377 -0.8939
vn 0.0962 -0.5596 -0.8232
vn 0.0968 -0.3009 -0.9487
vn 0.0922 -0.1062 -0.9901
vn 0.5586 0.0516 0.8278
vn 0.5340 0.1693 0.8283
vn 0.7596 -0.0163 0.6501
vn 0.5641 -0.0131 0.8256
vn 0.5587 0.0516 0.8278
vn 0.5370 -0.1746 0.8253
vn 0.5340 0.1693 0.8284
vn 0.9826 0.1222 0.1399
vn 0.9994 0.0274 0.0232
vn 0.9892 0.0331 -0.1431
vn 0.9884 0.1374 -0.0641
vn 0.9958 -0.0783 -0.0472
vn 0.9826 -0.0670 -0.1732
vn 0.9755 -0.1871 -0.1158
vn 0.9665 -0.1682 -0.1938
vn 0.9884 0.1374 -0.0642
vn 0.9513 -0.0133 -0.3079
vn 0.9560 0.0933 -0.2781
vn 0.9486 -0.0970 -0.3012
vn 0.9403 -0.1785 -0.2897
vn 0.8621 0.0330 -0.5056
vn 0.8932 -0.0675 -0.4445
vn 0.8894 -0.0646 -0.4525
vn 0.8531 0.0451 -0.5197
vn 0.9036 -0.1460 -0.4028
vn 0.9014 -0.1489 -0.4066
vn 0.9066 -0.2216 -0.3592
vn 0.9046 -0.2222 -0.3639
vn 0.9862 -0.0190 0.1644
vn 0.9471 0.0715 0.3130
vn 0.9913 -0.1168 0.0602
vn 0.9862 -0.0190 0.1643
vn 0.9775 -0.2065 -0.0423
vn 0.9094 -0.0559 -0.4122
vn 0.8945 0.0420 -0.4451
vn 0.9155 -0.1320 -0.3800
vn 0.9145 -0.2095 -0.3460
vn 0.9407 -0.1266 0.3147
vn 0.9555 -0.1760 0.2366
vn 0.9230 -0.0721 0.3779
vn 0.8925 0.0137 0.4509
vn 0.7576 -0.1483 0.6356
vn 0.7177 0.1066 0.6881
vn 0.5997 -0.5337 -0.5962
vn 0.6105 -0.4811 -0.6291
vn 0.5907 -0.0238 -0.8066
vn 0.9139 0.0435 0.4035
vn 0.3783 -0.0773 -0.9225
vn 0.5339 0.1693 0.8284
vn 0.3358 0.2552 0.9067
vn 0.5557 -0.1769 0.8123
vn 0.9572 0.0948 -0.2734
vn 0.9805 -0.1310 0.1462
vn 0.9176 -0.0836 0.3885
vn 0.8886 -0.0631 0.4544
vn 0.9635 -0.1153 0.2418
vn 0.6764 -0.3832 -0.6290
vn 0.6190 -0.4559 -0.6395
vn 0.9961 -0.0878 -0.0092
vn 0.9966 -0.0805 0.0160
vn 0.9968 -0.0776 0.0196
vn 0.9962 -0.0851 0.0196
vn -0.4070 0.0035 0.9134
vn -0.3378 -0.5538 0.7611
vn -0.1686 -0.5785 0.7981
vn -0.2130 -0.0170 0.9769
vn -0.3378 -0.5539 0.7610
vn -0.2074 -0.8752 0.4369
vn -0.0957 -0.8927 0.4403
vn -0.1686 -0.5785 0.7980
vn -0.2130 -0.0169 0.9769
vn 0.0014 -0.5919 0.8060
vn 0.0013 -0.0260 0.9997
vn -0.1685 -0.5785 0.7981
vn 0.0045 -0.9027 0.4303
vn -0.4896 -0.0610 -0.8698
vn -0.3580 -0.6115 -0.7056
vn -0.4895 -0.5985 -0.6342
vn -0.6488 -0.0482 -0.7595
vn -0.3580 -0.6116 -0.7056
vn -0.1629 -0.9084 -0.3851
vn -0.2377 -0.8999 -0.3656
vn -0.4895 -0.5986 -0.6341
vn -0.6488 -0.0482 -0.7594
vn -0.4896 -0.5985 -0.6341
vn -0.5982 -0.5904 -0.5418
vn -0.7771 -0.0397 -0.6282
vn -0.3026 -0.8943 -0.3297
vn -0.9102 0.0304 0.4131
vn -0.7982 -0.5269 0.2919
vn -0.7391 -0.5105 0.4395
vn -0.8295 0.0442 0.5568
vn -0.7981 -0.5270 0.2919
vn -0.5086 -0.8522 0.1223
vn -0.4875 -0.8419 0.2313
vn -0.6396 -0.5102 0.5750
vn -0.7215 0.0426 0.6911
vn -0.7390 -0.5105 0.4395
vn -0.4250 -0.8426 0.3307
vn -0.7771 -0.0396 -0.6281
vn -0.6899 -0.5866 -0.4241
vn -0.8830 -0.0339 -0.4682
vn -0.3583 -0.8917 -0.2765
vn -0.6899 -0.5867 -0.4241
vn -0.7579 -0.5841 -0.2905
vn -0.9563 -0.0286 -0.2911
vn -0.3584 -0.8917 -0.2765
vn -0.4029 -0.8902 -0.2125
vn -0.7578 -0.5842 -0.2905
vn -0.7215 0.0425 0.6911
vn -0.6396 -0.5101 0.5750
vn -0.4990 -0.5272 0.6878
vn -0.5779 0.0265 0.8157
vn -0.3232 -0.8558 0.4038
vn -0.4989 -0.5273 0.6878
vn -0.4989 -0.5272 0.6879
vn -0.3379 -0.5538 0.7610
vn -0.4989 -0.5272 0.6878
vn -0.3232 -0.8558 0.4039
vn -0.2074 -0.8753 0.4369
vn -0.0000 -0.0842 -0.9964
vn -0.0001 -0.6325 -0.7746
vn -0.1955 -0.6253 -0.7555
vn -0.2778 -0.0754 -0.9577
vn -0.0001 -0.6325 -0.7745
vn -0.0002 -0.9199 -0.3921
vn -0.0821 -0.9165 -0.3915
vn -0.2778 -0.0753 -0.9577
vn -0.9976 -0.0112 0.0688
vn -0.8224 -0.5688 -0.0102
vn -0.8236 -0.5500 0.1384
vn -0.9686 0.0076 0.2484
vn -0.4708 -0.8795 -0.0695
vn -0.4980 -0.8670 0.0181
vn -0.8235 -0.5501 0.1384
vn -0.9686 0.0077 0.2484
vn -0.5086 -0.8523 0.1223
vn -0.7982 -0.5270 0.2919
vn -0.9563 -0.0287 -0.2911
vn -0.8007 -0.5794 -0.1524
vn -0.9935 -0.0221 -0.1121
vn -0.4388 -0.8869 -0.1441
vn -0.8007 -0.5793 -0.1524
vn 0.2156 -0.0195 0.9763
vn 0.1696 -0.5916 0.7882
vn 0.3342 -0.5790 0.7437
vn 0.4093 -0.0011 0.9124
vn 0.0995 -0.9047 0.4143
vn 0.1970 -0.8992 0.3907
vn 0.2156 -0.0196 0.9763
vn 0.0995 -0.9047 0.4142
vn 0.6474 -0.0638 -0.7595
vn 0.4871 -0.6031 -0.6316
vn 0.3566 -0.6145 -0.7037
vn 0.4885 -0.0726 -0.8695
vn 0.4870 -0.6032 -0.6316
vn 0.2390 -0.8991 -0.3666
vn 0.1634 -0.9075 -0.3869
vn 0.7756 -0.0580 -0.6285
vn 0.5939 -0.5978 -0.5384
vn 0.3022 -0.8952 -0.3276
vn 0.2390 -0.8992 -0.3666
vn 0.4871 -0.6032 -0.6316
vn 0.8323 0.0396 0.5529
vn 0.7239 -0.5423 0.4264
vn 0.7847 -0.5504 0.2851
vn 0.9097 0.0303 0.4141
vn 0.7239 -0.5424 0.4264
vn 0.4410 -0.8748 0.2005
vn 0.4672 -0.8778 0.1056
vn 0.7847 -0.5504 0.2850
vn 0.7237 0.0348 0.6892
vn 0.6251 -0.5470 0.5568
vn 0.8323 0.0395 0.5529
vn 0.6251 -0.5471 0.5568
vn 0.3816 -0.8793 0.2851
vn 0.8816 -0.0542 -0.4689
vn 0.6824 -0.5980 -0.4204
vn 0.7757 -0.0580 -0.6285
vn 0.6823 -0.5981 -0.4204
vn 0.3522 -0.8958 -0.2710
vn 0.5939 -0.5979 -0.5384
vn 0.9553 -0.0497 -0.2913
vn 0.7469 -0.5995 -0.2876
vn 0.8816 -0.0543 -0.4689
vn 0.3887 -0.8980 -0.2062
vn 0.6823 -0.5981 -0.4203
vn 0.5793 0.0198 0.8149
vn 0.4890 -0.5615 0.6675
vn 0.7237 0.0347 0.6892
vn 0.2941 -0.8891 0.3506
vn 0.6250 -0.5471 0.5568
vn 0.3342 -0.5789 0.7437
vn 0.2773 -0.0818 -0.9573
vn 0.1949 -0.6270 -0.7542
vn -0.0000 -0.0843 -0.9964
vn 0.1949 -0.6271 -0.7542
vn 0.0819 -0.9161 -0.3925
vn -0.0002 -0.9199 -0.3922
vn -0.0001 -0.6326 -0.7745
vn 0.4885 -0.0726 -0.8696
vn 0.3566 -0.6146 -0.7037
vn 0.1634 -0.9075 -0.3870
vn 0.9656 0.0060 0.2598
vn 0.8113 -0.5685 0.1363
vn 0.8097 -0.5868 -0.0101
vn 0.9965 -0.0219 0.0812
vn 0.4640 -0.8857 0.0115
vn 0.4429 -0.8938 -0.0700
vn 0.8096 -0.5868 -0.0101
vn 0.9097 0.0302 0.4141
vn 0.7848 -0.5504 0.2850
vn 0.4673 -0.8778 0.1056
vn 0.4640 -0.8858 0.0115
vn 0.9933 -0.0407 -0.1077
vn 0.7878 -0.5971 -0.1510
vn 0.4169 -0.8981 -0.1402
vn 0.3888 -0.8980 -0.2062
vn 0.8097 -0.5867 -0.0101
vn 0.9933 -0.0408 -0.1077
vn 0.7878 -0.5972 -0.1510
vn -0.2262 -0.9506 -0.2126
vn -0.2608 -0.9492 -0.1758
vn -0.4029 -0.8903 -0.2125
vn -0.2929 -0.9465 -0.1354
vn -0.4388 -0.8870 -0.1441
vn -0.3782 -0.9139 0.1473
vn -0.3305 -0.9153 0.2302
vn -0.2457 -0.9260 0.2867
vn -0.3232 -0.8559 0.4038
vn -0.7770 -0.0396 -0.6282
vn -0.7831 -0.0624 -0.6187
vn -0.1386 -0.9567 -0.2559
vn -0.1855 -0.9526 -0.2411
vn -0.1504 -0.9406 0.3044
vn -0.0644 -0.9530 0.2960
vn -0.0957 -0.8928 0.4403
vn -0.5778 0.0265 0.8157
vn -0.5925 -0.0046 0.8056
vn -0.0381 -0.9684 -0.2465
vn -0.0863 -0.9628 -0.2562
vn -0.1629 -0.9084 -0.3850
vn -0.4896 -0.0609 -0.8698
vn -0.2860 -0.0921 -0.9538
vn -0.6487 -0.0482 -0.7595
vn -0.4979 -0.8670 0.0181
vn -0.3629 -0.9315 -0.0262
vn -0.3855 -0.9210 0.0560
vn -0.5085 -0.8523 0.1223
vn -0.8351 0.0172 0.5498
vn -0.4387 -0.8870 -0.1441
vn -0.3275 -0.9407 -0.0882
vn 0.0063 -0.9600 0.2800
vn 0.0045 -0.9027 0.4302
vn 0.0702 -0.9616 0.2654
vn 0.2155 -0.0195 0.9763
vn -0.0002 -0.9708 -0.2401
vn 0.0376 -0.9680 -0.2480
vn -0.2777 -0.0753 -0.9577
vn 0.2462 -0.9545 -0.1683
vn 0.2692 -0.9542 -0.1302
vn 0.2211 -0.9533 -0.2059
vn 0.2789 -0.9437 0.1778
vn 0.2941 -0.8892 0.3506
vn 0.2119 -0.9511 0.2247
vn 0.3225 -0.9398 0.1128
vn 0.3816 -0.8793 0.2850
vn 0.1867 -0.9529 -0.2390
vn 0.1412 -0.9558 -0.2579
vn 0.3021 -0.8952 -0.3276
vn 0.7757 -0.0580 -0.6284
vn 0.6554 -0.0705 -0.7520
vn 0.1397 -0.9580 0.2505
vn 0.0872 -0.9619 -0.2592
vn 0.4884 -0.0726 -0.8696
vn 0.2389 -0.8992 -0.3666
vn 0.6553 -0.0705 -0.7521
vn 0.3229 -0.9459 -0.0326
vn 0.4639 -0.8858 0.0115
vn 0.3360 -0.9411 0.0383
vn 0.9656 0.0061 0.2598
vn 0.4429 -0.8939 -0.0700
vn 0.2958 -0.9512 -0.0880
vn 0.9934 -0.0407 -0.1077
vn 0.9601 0.0050 0.2798
vn 0.8086 -0.5410 -0.2312
vn 0.8040 -0.5607 -0.1980
vn 0.8488 -0.4997 -0.1726
vn 0.8518 -0.4812 -0.2073
vn 0.9032 -0.4090 -0.1300
vn 0.9084 -0.3834 -0.1667
vn 0.9467 -0.3162 -0.0609
vn 0.9531 -0.2856 -0.0997
vn 0.9714 -0.2349 0.0335
vn 0.9780 -0.2087 -0.0056
vn 0.9792 -0.1499 0.1370
vn 0.9863 -0.1324 0.0982
vn 0.9704 -0.0660 0.2323
vn 0.9792 -0.0572 0.1946
vn 0.9525 -0.0099 0.3043
vn 0.9629 -0.0081 0.2698
vn 0.9375 0.0113 0.3479
vn 0.9480 0.0089 0.3181
vn 0.9303 0.0152 0.3664
vn 0.9399 0.0109 0.3412
vn 0.9301 0.0146 0.3669
vn 0.9382 0.0098 0.3459
vn 0.9336 0.0114 0.3580
vn 0.9402 0.0063 0.3405
vn 0.9337 0.0114 0.3580
vn 0.9389 0.0164 0.3437
vn 0.9443 0.0141 0.3289
vn 0.9449 0.0409 0.3248
vn 0.9492 0.0436 0.3115
vn 0.9482 0.0613 0.3117
vn 0.9517 0.0652 0.3001
vn 0.8147 -0.5009 -0.2922
vn 0.8517 -0.4812 -0.2073
vn 0.8551 -0.4405 -0.2734
vn 0.9109 -0.3359 -0.2397
vn 0.9560 -0.2341 -0.1767
vn 0.9833 -0.1634 -0.0807
vn 0.9947 -0.0992 0.0268
vn 0.9910 -0.0380 0.1282
vn 0.9775 -0.0015 0.2109
vn 0.9635 0.0073 0.2675
vn 0.9544 0.0054 0.2985
vn 0.9508 0.0028 0.3097
vn 0.9507 -0.0017 0.3100
vn 0.9531 0.0083 0.3024
vn 0.9561 0.0442 0.2898
vn 0.9568 0.0674 0.2828
vn 0.8208 -0.4429 -0.3607
vn 0.8591 -0.3796 -0.3434
vn 0.9096 -0.2766 -0.3100
vn 0.9535 -0.1782 -0.2432
vn 0.9842 -0.1100 -0.1384
vn 0.9984 -0.0517 -0.0211
vn 0.9959 -0.0016 0.0905
vn 0.9828 0.0214 0.1836
vn 0.9687 0.0189 0.2474
vn 0.9593 0.0092 0.2822
vn 0.9555 0.0016 0.2951
vn 0.9554 -0.0071 0.2951
vn 0.9579 0.0004 0.2872
vn 0.9602 0.0374 0.2768
vn 0.9607 0.0611 0.2707
vn 0.8245 -0.3934 -0.4068
vn 0.8613 -0.3294 -0.3868
vn 0.9082 -0.2316 -0.3485
vn 0.9083 -0.2316 -0.3485
vn 0.9517 -0.1372 -0.2746
vn 0.9844 -0.0701 -0.1614
vn 0.9993 -0.0142 -0.0360
vn 0.9961 0.0294 0.0836
vn 0.9819 0.0433 0.1842
vn 0.9673 0.0323 0.2517
vn 0.9577 0.0160 0.2873
vn 0.9542 0.0037 0.2991
vn 0.9551 -0.0087 0.2962
vn 0.9583 -0.0045 0.2859
vn 0.9610 0.0305 0.2749
vn 0.9623 0.0527 0.2667
vn 0.1361 0.6044 0.7850
vn 0.1329 0.6055 0.7847
vn 0.1328 0.6055 0.7847
vn 0.1416 0.6078 0.7813
vn 0.1416 0.6071 0.7819
vn 0.1471 0.6099 0.7787
vn 0.1416 0.6072 0.7819
vn 0.1490 0.6133 0.7757
vn 0.1491 0.6131 0.7758
vn -1.0000 -0.0000 -0.0000
vn -1.0000 -0.0000 0.0002
vn 0.1417 0.6078 0.7813
vn -1.0000 -0.0000 -0.0001
vn -1.0000 -0.0001 -0.0000
vn 0.1328 0.6056 0.7846
vn 0.1489 0.6145 0.7747
vn 0.1511 0.6162 0.7730
vn 0.1489 0.6146 0.7747
vn 0.1491 0.6145 0.7747
vn 0.1443 0.6064 0.7820
vn 0.1469 0.6129 0.7764
vn 0.1443 0.6061 0.7822
vn 0.1360 0.5893 0.7964
vn 0.1415 0.5998 0.7875
vn 0.1361 0.5888 0.7968
vn -1.0000 -0.0001 0.0001
vn -1.0000 -0.0003 -0.0008
vn 0.1444 0.6061 0.7822
vn -1.0000 -0.0006 -0.0015
vn 0.1237 0.5792 0.8057
vn 0.1361 0.5888 0.7967
vn 0.1237 0.5793 0.8057
vn 0.1266 0.5790 0.8054
vn 0.1198 0.5716 0.8117
vn 0.1198 0.5730 0.8108
vn -0.7215 -0.5910 0.3607
vn 0.1198 0.5717 0.8117
vn 0.1107 0.5657 0.8172
vn 0.1091 0.5659 0.8172
vn 0.0946 0.5635 0.8207
vn 0.0955 0.5641 0.8202
vn 0.1107 0.5657 0.8171
vn -0.6628 -0.6373 0.3932
vn -0.4942 -0.7326 0.4681
vn 0.0947 0.5635 0.8207
vn -0.7216 -0.5910 0.3607
vn 0.1199 0.5716 0.8117
vn -0.4855 -0.7339 0.4751
vn -0.6628 -0.6372 0.3932
vn -0.6493 -0.6414 0.4086
vn -0.6494 -0.6414 0.4086
vn -0.7216 -0.5909 0.3607
vn -0.7151 -0.5916 0.3723
vn -1.0000 -0.0005 -0.0007
vn -1.0000 -0.0002 -0.0000
vn -0.7063 -0.5926 0.3873
vn -0.7063 -0.5925 0.3874
vn -0.6436 -0.6406 0.4188
vn -0.7878 -0.6045 0.1183
vn -0.6459 -0.7490 0.1477
vn -0.4817 -0.7334 0.4797
vn -0.6458 -0.7490 0.1478
vn -0.4841 -0.8584 0.1694
vn -0.4778 -0.8694 0.1258
vn -0.4841 -0.8585 0.1694
vn -0.6458 -0.7491 0.1477
vn -0.6385 -0.7624 0.1051
vn -0.6458 -0.7490 0.1477
vn -0.7829 -0.6164 0.0840
vn -0.7830 -0.6164 0.0840
vn -0.0110 -0.5108 -0.8596
vn -0.0111 -0.5108 -0.8597
vn -0.0111 -0.5108 -0.8596
vn -0.0110 -0.5107 -0.8597
vn -0.0109 -0.5109 -0.8596
vn -1.0000 0.0002 -0.0000
vn -0.7213 0.4079 -0.5597
vn -0.7140 0.3760 -0.5907
vn -0.7139 0.3760 -0.5907
vn -0.7214 0.4079 -0.5597
vn -0.7072 0.5916 -0.3871
vn -0.7071 0.5915 -0.3876
vn -1.0000 0.0003 -0.0000
vn -1.0000 -0.0002 -0.0003
vn -0.7070 0.5913 -0.3880
vn 0.1226 0.5951 0.7942
vn -1.0000 -0.0000 0.0003
vn -1.0000 -0.0003 -0.0007
vn 0.1082 0.5841 0.8044
vn -0.7069 0.5913 -0.3881
vn 0.1226 0.5952 0.7942
vn 0.1244 0.5982 0.7916
vn 0.1056 0.5833 0.8053
vn 0.1081 0.5841 0.8044
vn 0.1329 0.6055 0.7846
vn 0.0801 0.5902 0.8033
vn 0.0857 0.5868 0.8052
vn 0.0645 0.6010 0.7966
vn 0.0634 0.6020 0.7960
vn 0.0557 0.6090 0.7912
vn 0.0560 0.6088 0.7913
vn 0.0560 0.6088 0.7914
vn 0.0318 0.5953 0.8029
vn 0.0394 0.6008 0.7984
vn -0.0000 0.5849 0.8111
vn -0.0000 0.5848 0.8112
vn -0.0318 0.5953 0.8029
vn -0.0394 0.6008 0.7984
vn -0.0559 0.6088 0.7914
vn -0.0557 0.6090 0.7912
vn -0.0559 0.6087 0.7914
vn 0.2769 0.8009 -0.5309
vn 0.0800 0.8243 -0.5605
vn -0.0001 0.8235 -0.5674
vn 0.2740 0.8030 -0.5292
vn 0.0821 0.8290 -0.5532
vn 0.2769 0.8010 -0.5309
vn -0.0000 0.8300 -0.5578
vn -0.0001 0.8235 -0.5673
vn -0.0801 0.8243 -0.5605
vn -0.0821 0.8290 -0.5532
vn -0.2769 0.8010 -0.5308
vn -0.2740 0.8030 -0.5292
vn -0.2708 0.8052 -0.5276
vn -0.0795 0.8339 -0.5462
vn -0.0000 0.8362 -0.5484
vn -0.0795 0.8338 -0.5462
vn -0.0760 0.5852 -0.8073
vn -0.2701 0.5655 -0.7793
vn -0.0000 0.8364 -0.5482
vn -0.0000 0.5869 -0.8096
vn 0.0795 0.8339 -0.5462
vn 0.0760 0.5853 -0.8073
vn 0.0001 0.5869 -0.8096
vn 0.2708 0.8052 -0.5275
vn 0.2701 0.5655 -0.7793
vn 0.0760 0.5852 -0.8073
vn 0.2647 0.5223 -0.8106
vn 0.0746 0.5409 -0.8377
vn 0.0746 0.5410 -0.8377
vn -0.0000 0.5426 -0.8400
vn -0.0000 0.5869 -0.8097
vn -0.0001 -0.5107 -0.8598
vn 0.0110 -0.5107 -0.8597
vn 0.0110 -0.5106 -0.8597
vn 0.2647 0.5224 -0.8106
vn 0.0111 -0.5106 -0.8597
vn -0.0745 0.5410 -0.8377
vn -0.0110 -0.5106 -0.8597
vn -0.2647 0.5223 -0.8106
vn -0.0111 -0.5107 -0.8597
vn -0.4585 0.4798 -0.7480
vn -0.4674 0.5205 -0.7146
vn -0.4863 0.7307 -0.4792
vn -0.6495 0.6360 -0.4167
vn -0.4863 0.7306 -0.4792
vn -0.6438 0.4517 -0.6177
vn -0.6332 0.4142 -0.6538
vn -0.7072 0.5916 -0.3872
vn -0.6333 0.4142 -0.6538
vn -0.6333 0.4142 -0.6537
vn -0.0001 -0.5109 -0.8596
vn -0.6489 0.6366 -0.4168
vn -0.4885 0.7299 -0.4780
vn -0.7072 0.5917 -0.3870
vn -0.7072 0.5915 -0.3873
vn -0.6527 0.6340 -0.4148
vn -0.4931 0.7282 -0.4760
vn -0.7070 0.5915 -0.3876
vn 0.0634 0.6019 0.7960
vn -0.6527 0.6339 -0.4148
vn 0.1081 0.5841 0.8045
vn 0.0801 0.5901 0.8033
vn -0.4885 0.7300 -0.4780
vn -0.2741 0.8030 -0.5292
vn -0.4862 0.7307 -0.4792
vn 0.0111 -0.5108 -0.8596
vn 0.0112 -0.5108 -0.8596
vn 0.0110 -0.5109 -0.8596
vn 0.0111 -0.5107 -0.8597
vn 0.0110 -0.5108 -0.8596
vn -0.0000 -0.9836 0.1803
vn 0.0540 -0.9822 0.1799
vn -0.0541 -0.9822 0.1799
vn -0.0000 -0.5109 -0.8596
vn 0.2756 -0.9509 0.1406
vn 0.0541 -0.9822 0.1799
vn 0.2796 -0.9419 0.1859
vn 0.0541 -0.9821 0.1802
vn -0.0000 -0.9835 0.1807
vn -0.0000 -0.8369 0.5474
vn -0.0000 -0.9836 0.1805
vn 0.0781 -0.8344 0.5457
vn 0.0781 -0.8343 0.5457
vn 0.0541 -0.9821 0.1803
vn 0.2678 -0.8063 0.5274
vn -0.0781 -0.8344 0.5457
vn -0.0541 -0.9821 0.1802
vn -0.0000 -0.9836 0.1806
vn -0.0781 -0.8343 0.5457
vn -0.2678 -0.8063 0.5274
vn -0.2796 -0.9419 0.1859
vn -0.0541 -0.9821 0.1803
vn -0.2756 -0.9509 0.1406
vn -0.4840 -0.8585 0.1694
vn -0.2796 -0.9419 0.1860
vn -0.0792 -0.8339 0.5461
vn -0.2716 -0.8051 0.5273
vn -0.0818 -0.8334 0.5465
vn -0.2797 -0.8028 0.5266
vn -0.4941 -0.7326 0.4681
vn 0.0887 0.5572 0.8256
vn 0.0888 0.5572 0.8256
vn -0.0818 -0.8335 0.5465
vn 0.0857 0.5528 0.8289
vn 0.0001 -0.8369 0.5474
vn -0.0000 0.5550 0.8319
vn 0.0858 0.5528 0.8289
vn 0.0820 -0.8334 0.5465
vn -0.0857 0.5528 0.8289
vn -0.0000 -0.8368 0.5475
vn 0.0792 -0.8339 0.5461
vn 0.0819 -0.8334 0.5465
vn 0.2716 -0.8051 0.5273
vn 0.2797 -0.8028 0.5266
vn -0.0886 0.5572 0.8256
vn -0.0858 0.5528 0.8289
vn 0.0819 -0.8335 0.5465
vn -0.0002 -0.8370 0.5472
vn 0.4817 -0.7334 0.4797
vn 0.4856 -0.7338 0.4751
vn 0.4941 -0.7326 0.4681
vn 0.2796 -0.9419 0.1860
vn 0.4841 -0.8585 0.1694
vn 0.4841 -0.8584 0.1694
vn 0.6459 -0.7490 0.1477
vn 0.6436 -0.6406 0.4188
vn 0.6493 -0.6414 0.4087
vn 0.7878 -0.6045 0.1184
vn 0.7063 -0.5926 0.3872
vn 0.7151 -0.5917 0.3723
vn 0.7063 -0.5925 0.3874
vn 0.6628 -0.6373 0.3932
vn 0.7215 -0.5910 0.3608
vn 0.7151 -0.5916 0.3723
vn 1.0000 -0.0004 -0.0008
vn 1.0000 -0.0006 -0.0015
vn 0.7215 -0.5910 0.3607
vn 0.7064 -0.5926 0.3872
vn 1.0000 -0.0001 -0.0000
vn -0.1237 0.5792 0.8058
vn -0.1198 0.5715 0.8118
vn 1.0000 -0.0005 -0.0015
vn -0.1106 0.5657 0.8171
vn -0.1266 0.5790 0.8054
vn -0.1198 0.5730 0.8108
vn -0.1091 0.5659 0.8172
vn -0.1106 0.5657 0.8172
vn -0.0946 0.5635 0.8207
vn -0.0955 0.5641 0.8202
vn -0.0886 0.5571 0.8257
vn -0.0883 0.5565 0.8261
vn -0.0857 0.5529 0.8289
vn -0.0849 0.5531 0.8288
vn 0.2797 -0.8028 0.5265
vn 0.4941 -0.7327 0.4681
vn -0.0849 0.5530 0.8288
vn -0.0000 0.5551 0.8318
vn -0.0000 0.5553 0.8316
vn 0.0849 0.5530 0.8288
vn -0.0000 0.5554 0.8316
vn 0.0883 0.5565 0.8261
vn -0.1361 0.5888 0.7968
vn -0.1360 0.5893 0.7964
vn -0.1443 0.6061 0.7822
vn -0.1443 0.6064 0.7820
vn -0.1416 0.5998 0.7876
vn 1.0000 -0.0003 -0.0008
vn -0.1361 0.5888 0.7967
vn -0.1237 0.5792 0.8057
vn 1.0000 -0.0007 -0.0015
vn 1.0000 -0.0002 0.0001
vn -0.1490 0.6145 0.7747
vn -0.1470 0.6129 0.7764
vn -0.1490 0.6133 0.7757
vn -0.1491 0.6131 0.7758
vn -0.1511 0.6161 0.7730
vn -0.1416 0.6078 0.7813
vn -0.1416 0.6072 0.7818
vn -0.1471 0.6099 0.7787
vn 1.0000 -0.0000 -0.0000
vn -0.1417 0.6078 0.7813
vn 1.0000 -0.0000 -0.0001
vn -0.1328 0.6055 0.7847
vn 1.0000 0.0001 -0.0001
vn -0.1416 0.6071 0.7819
vn -0.1329 0.6055 0.7846
vn -0.1361 0.6043 0.7850
vn -0.1226 0.5952 0.7942
vn -0.1244 0.5982 0.7916
vn -0.1081 0.5841 0.8044
vn -0.1056 0.5833 0.8054
vn -0.0800 0.5902 0.8033
vn -0.0857 0.5868 0.8052
vn -0.0633 0.6020 0.7960
vn -0.0645 0.6010 0.7966
vn -0.0633 0.6019 0.7960
vn 0.4931 0.7282 -0.4760
vn -0.0800 0.5901 0.8033
vn 0.6527 0.6340 -0.4149
vn 0.4885 0.7300 -0.4780
vn 0.6489 0.6366 -0.4168
vn 0.6527 0.6340 -0.4148
vn 0.6495 0.6360 -0.4167
vn 0.4863 0.7307 -0.4792
vn 0.6438 0.4517 -0.6177
vn 0.4673 0.5205 -0.7146
vn 0.4863 0.7306 -0.4792
vn 0.2708 0.8052 -0.5276
vn 0.7072 0.5917 -0.3870
vn 0.7214 0.4079 -0.5597
vn 0.7072 0.5915 -0.3873
vn 0.7214 0.4078 -0.5597
vn 0.7072 0.5914 -0.3875
vn 0.7071 0.5914 -0.3875
vn 0.7069 0.5914 -0.3880
vn -0.1082 0.5841 0.8044
vn -0.1226 0.5951 0.7942
vn -0.0801 0.5902 0.8033
vn 1.0000 -0.0001 -0.0001
vn 1.0000 -0.0002 -0.0004
vn 1.0000 -0.0001 -0.0003
vn 1.0000 -0.0002 -0.0003
vn 1.0000 -0.0003 -0.0007
vn 0.7140 0.3759 -0.5907
vn 0.7878 -0.6045 0.1183
vn 0.7829 -0.6164 0.0840
vn 1.0000 -0.0000 -0.0002
vn 0.7829 -0.6165 0.0840
vn 1.0000 0.0001 -0.0002
vn 0.0109 -0.5109 -0.8596
vn 0.6385 -0.7624 0.1051
vn 0.4778 -0.8694 0.1258
vn 0.2757 -0.9509 0.1406
vn 0.4840 -0.8585 0.1694
vn 0.6333 0.4141 -0.6538
vn 0.0109 -0.5107 -0.8597
vn 0.4586 0.4799 -0.7479
vn 0.4674 0.5205 -0.7146
vn 0.6437 0.4517 -0.6177
vn 0.7139 0.3760 -0.5907
vn 0.4586 0.4800 -0.7479
vn 0.0001 -0.8370 0.5472
vn -0.0001 -0.8369 0.5474
vn 0.0002 0.6351 0.7725
vn -0.0000 0.6354 0.7722
vt 0.213575 0.406827
vt 0.226700 0.406827
vt 0.226700 0.403050
vt 0.213575 0.403050
vt 0.200292 0.406827
vt 0.200292 0.403050
vt 0.200292 0.410535
vt 0.213575 0.410535
vt 0.226700 0.410535
vt 0.239957 0.410535
vt 0.239957 0.406827
vt 0.239957 0.403050
vt 0.213575 0.414343
vt 0.226700 0.414343
vt 0.239957 0.414343
vt 0.213575 0.418218
vt 0.226700 0.418218
vt 0.239957 0.418218
vt 0.213575 0.421996
vt 0.226700 0.421996
vt 0.239957 0.421996
vt 0.213575 0.425705
vt 0.226700 0.425705
vt 0.239957 0.425705
vt 0.213575 0.429512
vt 0.226700 0.429512
vt 0.239957 0.429512
vt 0.213575 0.399174
vt 0.226700 0.399174
vt 0.239957 0.399174
vt 0.253645 0.403050
vt 0.253645 0.399174
vt 0.253645 0.429512
vt 0.253645 0.425705
vt 0.253645 0.406827
vt 0.267555 0.403050
vt 0.267555 0.399174
vt 0.267555 0.406827
vt 0.253645 0.410535
vt 0.267555 0.410535
vt 0.253645 0.414343
vt 0.267555 0.414343
vt 0.253645 0.418218
vt 0.267555 0.418218
vt 0.253645 0.421996
vt 0.267555 0.421996
vt 0.267555 0.425705
vt 0.267555 0.429512
vt 0.281441 0.429512
vt 0.281441 0.425705
vt 0.281441 0.421996
vt 0.281441 0.403050
vt 0.281441 0.399174
vt 0.295297 0.403050
vt 0.295297 0.399174
vt 0.295297 0.429512
vt 0.295297 0.425705
vt 0.281441 0.406827
vt 0.295297 0.406827
vt 0.281441 0.410535
vt 0.295297 0.410535
vt 0.281441 0.414343
vt 0.295297 0.414343
vt 0.281441 0.418218
vt 0.295297 0.418218
vt 0.295297 0.421996
vt 0.309209 0.425705
vt 0.309209 0.421996
vt 0.309209 0.418218
vt 0.309209 0.429512
vt 0.323134 0.429512
vt 0.323134 0.425705
vt 0.323134 0.421996
vt 0.309209 0.403050
vt 0.323134 0.403050
vt 0.323134 0.399174
vt 0.309209 0.399174
vt 0.309209 0.406827
vt 0.323134 0.406827
vt 0.309209 0.410535
vt 0.323134 0.410535
vt 0.309209 0.414343
vt 0.323134 0.414343
vt 0.323134 0.418218
vt 0.336954 0.421996
vt 0.336954 0.418218
vt 0.336954 0.414343
vt 0.336954 0.425705
vt 0.350635 0.425705
vt 0.350635 0.421996
vt 0.350635 0.418218
vt 0.336954 0.429512
vt 0.350635 0.429512
vt 0.336954 0.403050
vt 0.350635 0.403050
vt 0.350635 0.399174
vt 0.336954 0.399174
vt 0.336954 0.406827
vt 0.350635 0.406827
vt 0.336954 0.410535
vt 0.350635 0.410535
vt 0.350635 0.414343
vt 0.022416 0.414343
vt 0.022416 0.418218
vt 0.035940 0.418218
vt 0.035940 0.414343
vt 0.022416 0.410536
vt 0.035940 0.410536
vt 0.022416 0.421996
vt 0.035940 0.421996
vt 0.049282 0.421996
vt 0.049282 0.418218
vt 0.049282 0.414343
vt 0.035940 0.425705
vt 0.049282 0.425705
vt 0.022416 0.425705
vt 0.035940 0.429512
vt 0.049282 0.429512
vt 0.022416 0.429512
vt 0.035940 0.403050
vt 0.049282 0.403050
vt 0.049282 0.399174
vt 0.035940 0.399174
vt 0.022416 0.399174
vt 0.022416 0.403050
vt 0.035940 0.406827
vt 0.049282 0.406827
vt 0.022416 0.406827
vt 0.049282 0.410535
vt 0.062426 0.414343
vt 0.062426 0.410535
vt 0.062426 0.406827
vt 0.062426 0.418218
vt 0.075510 0.418218
vt 0.075510 0.414343
vt 0.075510 0.410535
vt 0.062426 0.421996
vt 0.075510 0.421996
vt 0.062426 0.425705
vt 0.075510 0.425705
vt 0.062426 0.429512
vt 0.075510 0.429512
vt 0.062426 0.403050
vt 0.075510 0.403050
vt 0.075510 0.399174
vt 0.062426 0.399174
vt 0.075510 0.406827
vt 0.088676 0.410535
vt 0.088676 0.406827
vt 0.088676 0.403050
vt 0.088676 0.414343
vt 0.102330 0.414343
vt 0.102330 0.410535
vt 0.102330 0.406827
vt 0.088676 0.418218
vt 0.102330 0.418218
vt 0.088676 0.421996
vt 0.102330 0.421996
vt 0.088676 0.425705
vt 0.102330 0.425705
vt 0.088676 0.429512
vt 0.102330 0.429512
vt 0.102330 0.403050
vt 0.102330 0.399174
vt 0.088676 0.399174
vt 0.116681 0.406827
vt 0.116681 0.403050
vt 0.116681 0.399174
vt 0.131100 0.403050
vt 0.131100 0.399174
vt 0.131100 0.406827
vt 0.116681 0.429512
vt 0.131100 0.429512
vt 0.131100 0.425705
vt 0.116681 0.425705
vt 0.131100 0.421996
vt 0.116681 0.421996
vt 0.131100 0.418218
vt 0.116681 0.418218
vt 0.131100 0.414343
vt 0.116681 0.414343
vt 0.131100 0.410535
vt 0.116681 0.410535
vt 0.145519 0.414343
vt 0.145519 0.410535
vt 0.145519 0.406827
vt 0.145519 0.403050
vt 0.159869 0.410535
vt 0.159869 0.406827
vt 0.159869 0.403050
vt 0.159869 0.399174
vt 0.145519 0.399174
vt 0.145519 0.429512
vt 0.159869 0.429512
vt 0.159869 0.425705
vt 0.145519 0.425705
vt 0.159869 0.421996
vt 0.145519 0.421996
vt 0.159869 0.418218
vt 0.145519 0.418218
vt 0.159869 0.414343
vt 0.173722 0.418218
vt 0.173722 0.414343
vt 0.173722 0.410535
vt 0.173722 0.406827
vt 0.187143 0.414343
vt 0.187143 0.410535
vt 0.187143 0.406827
vt 0.187143 0.403050
vt 0.173722 0.403050
vt 0.187143 0.399174
vt 0.173722 0.399174
vt 0.173722 0.429512
vt 0.187143 0.429512
vt 0.187143 0.425705
vt 0.173722 0.425705
vt 0.187143 0.421996
vt 0.173722 0.421996
vt 0.187143 0.418218
vt 0.200292 0.421996
vt 0.200292 0.418218
vt 0.200292 0.414343
vt 0.200292 0.425705
vt 0.200292 0.429512
vt 0.200292 0.399174
vt 0.888166 0.957347
vt 0.885455 0.961275
vt 0.883622 0.965325
vt 0.878366 0.984108
vt 0.878147 0.989669
vt 0.880145 0.994546
vt 0.884303 0.997784
vt 0.891555 0.999023
vt 0.919885 0.999023
vt 0.895104 0.951564
vt 0.891510 0.953944
vt 0.131043 0.577950
vt 0.112987 0.577938
vt 0.112976 0.595338
vt 0.131032 0.595350
vt 0.202661 0.615238
vt 0.207548 0.615238
vt 0.207549 0.597838
vt 0.202661 0.597838
vt 0.197774 0.597838
vt 0.192006 0.597838
vt 0.192006 0.615238
vt 0.197774 0.615238
vt 0.168836 0.595379
vt 0.174401 0.595383
vt 0.174413 0.577980
vt 0.168848 0.577976
vt 0.085960 0.595319
vt 0.092131 0.595323
vt 0.092143 0.577923
vt 0.085972 0.577919
vt 0.257439 0.597839
vt 0.212910 0.597838
vt 0.212910 0.615238
vt 0.257439 0.615238
vt 0.149343 0.577963
vt 0.144898 0.577960
vt 0.144886 0.595360
vt 0.149331 0.595363
vt 0.140126 0.577956
vt 0.135354 0.577953
vt 0.135342 0.595353
vt 0.140114 0.595357
vt 0.179671 0.595387
vt 0.179683 0.577983
vt 0.037899 0.595287
vt 0.043322 0.595291
vt 0.043334 0.577890
vt 0.037911 0.577886
vt 0.183942 0.597838
vt 0.183942 0.615238
vt 0.175295 0.597838
vt 0.175295 0.615238
vt 0.166588 0.597838
vt 0.166588 0.615238
vt 0.192311 0.577989
vt 0.190578 0.595395
vt 0.205495 0.595375
vt 0.220640 0.577952
vt 0.250477 0.595313
vt 0.248813 0.577914
vt 0.234499 0.595336
vt 0.184941 0.595391
vt 0.184953 0.577987
vt 0.219738 0.595356
vt 0.098317 0.595327
vt 0.098329 0.577928
vt 0.104503 0.595332
vt 0.104515 0.577932
vt 0.255999 0.595297
vt 0.255949 0.577896
vt 0.268054 0.615238
vt 0.268054 0.597839
vt 0.262760 0.597839
vt 0.262760 0.615238
vt 0.157882 0.615238
vt 0.157882 0.597838
vt 0.260445 0.595284
vt 0.260395 0.577883
vt 0.033454 0.595284
vt 0.033466 0.577883
vt 0.698518 0.650788
vt 0.703278 0.648469
vt 0.707337 0.645030
vt 0.736520 0.611397
vt 0.739075 0.606684
vt 0.739368 0.601805
vt 0.737308 0.597373
vt 0.732882 0.593675
vt 0.725730 0.589950
vt 0.717536 0.587188
vt 0.708979 0.585582
vt 0.700297 0.584930
vt 0.691743 0.584930
vt 0.693582 0.651649
vt 0.149328 0.597838
vt 0.149328 0.615238
vt 0.273064 0.597839
vt 0.273064 0.615238
vt 0.948055 0.998649
vt 0.955088 0.997441
vt 0.958416 0.994494
vt 0.959173 0.990113
vt 0.957400 0.984988
vt 0.935263 0.948548
vt 0.930967 0.944117
vt 0.925422 0.941376
vt 0.919263 0.940790
vt 0.911191 0.943364
vt 0.672952 0.664557
vt 0.672733 0.658996
vt 0.667477 0.640213
vt 0.665644 0.636163
vt 0.662934 0.632236
vt 0.659589 0.628832
vt 0.655995 0.626452
vt 0.631215 0.673912
vt 0.659545 0.673912
vt 0.666797 0.672672
vt 0.670954 0.669434
vt 0.119943 0.575372
vt 0.119931 0.557971
vt 0.101875 0.557984
vt 0.101887 0.575384
vt 0.095995 0.615238
vt 0.095994 0.597838
vt 0.091107 0.597838
vt 0.091107 0.615238
vt 0.100882 0.597838
vt 0.100882 0.615238
vt 0.106649 0.615238
vt 0.106649 0.597838
vt 0.157736 0.557943
vt 0.157748 0.575346
vt 0.163313 0.575342
vt 0.163301 0.557939
vt 0.074859 0.558003
vt 0.074871 0.575403
vt 0.081042 0.575398
vt 0.081030 0.557998
vt 0.041217 0.597839
vt 0.041217 0.615238
vt 0.085746 0.615238
vt 0.085746 0.597838
vt 0.138243 0.575359
vt 0.138231 0.557958
vt 0.133785 0.557962
vt 0.133797 0.575362
vt 0.129026 0.575365
vt 0.129014 0.557965
vt 0.124242 0.557968
vt 0.124254 0.575369
vt 0.168583 0.575338
vt 0.168571 0.557935
vt 0.026799 0.558035
vt 0.026811 0.575436
vt 0.032234 0.575432
vt 0.032222 0.558031
vt 0.114714 0.615238
vt 0.114714 0.597838
vt 0.123361 0.615238
vt 0.123361 0.597838
vt 0.132068 0.615238
vt 0.132067 0.597838
vt 0.181210 0.575333
vt 0.209540 0.575370
vt 0.194395 0.557946
vt 0.179478 0.557927
vt 0.239376 0.558008
vt 0.223399 0.557986
vt 0.237713 0.575408
vt 0.173853 0.575335
vt 0.173841 0.557931
vt 0.208638 0.557966
vt 0.087228 0.575394
vt 0.087216 0.557994
vt 0.093414 0.575390
vt 0.093403 0.557990
vt 0.244849 0.575426
vt 0.244899 0.558025
vt 0.030602 0.615238
vt 0.035896 0.615238
vt 0.035896 0.597839
vt 0.030602 0.597839
vt 0.140774 0.615238
vt 0.140774 0.597838
vt 0.249295 0.575439
vt 0.249345 0.558038
vt 0.022354 0.558038
vt 0.022365 0.575439
vt 0.645681 0.609259
vt 0.648492 0.613825
vt 0.679484 0.645798
vt 0.683727 0.649008
vt 0.688607 0.651061
vt 0.683202 0.585401
vt 0.674569 0.586531
vt 0.666113 0.588606
vt 0.658084 0.591815
vt 0.651148 0.595929
vt 0.646932 0.599865
vt 0.645119 0.604404
vt 0.025592 0.597839
vt 0.025592 0.615238
vt 0.593699 0.659876
vt 0.591927 0.665001
vt 0.592683 0.669382
vt 0.596011 0.672329
vt 0.603044 0.673537
vt 0.639908 0.618252
vt 0.631836 0.615678
vt 0.625678 0.616264
vt 0.620133 0.619006
vt 0.615837 0.623436
vt 0.782566 0.522610
vt 0.762780 0.533231
vt 0.755870 0.550727
vt 0.771690 0.537007
vt 0.745524 0.542214
vt 0.737370 0.562065
vt 0.725567 0.549819
vt 0.717350 0.569521
vt 0.701530 0.555361
vt 0.694163 0.573838
vt 0.673029 0.558760
vt 0.666486 0.575924
vt 0.643660 0.559624
vt 0.636620 0.574723
vt 0.614346 0.555814
vt 0.607332 0.569358
vt 0.586062 0.548686
vt 0.579527 0.560990
vt 0.560409 0.540193
vt 0.553766 0.551059
vt 0.537253 0.529844
vt 0.530998 0.540147
vt 0.519160 0.519652
vt 0.512430 0.528611
vt 0.506003 0.510449
vt 0.499500 0.517871
vt 0.497684 0.503356
vt 0.492966 0.509330
vt 0.490819 0.495877
vt 0.490791 0.502337
vt 0.788651 0.508586
vt 0.768804 0.516710
vt 0.752644 0.523760
vt 0.733221 0.530905
vt 0.709179 0.537145
vt 0.680323 0.541550
vt 0.649987 0.543786
vt 0.620007 0.541535
vt 0.591516 0.535749
vt 0.566583 0.528294
vt 0.542872 0.519065
vt 0.524744 0.510041
vt 0.511148 0.502196
vt 0.500753 0.496445
vt 0.492223 0.490282
vt 0.789393 0.494889
vt 0.772920 0.499651
vt 0.756799 0.504536
vt 0.738427 0.510752
vt 0.715038 0.517644
vt 0.686326 0.523795
vt 0.654529 0.527509
vt 0.623406 0.526274
vt 0.594889 0.521952
vt 0.570587 0.515412
vt 0.547291 0.506809
vt 0.528340 0.498899
vt 0.513577 0.492424
vt 0.502895 0.489201
vt 0.494610 0.486037
vt 0.784040 0.484759
vt 0.772450 0.481552
vt 0.756389 0.484390
vt 0.737450 0.490985
vt 0.714184 0.499125
vt 0.685437 0.506662
vt 0.654305 0.511638
vt 0.624310 0.512112
vt 0.596801 0.508846
vt 0.572630 0.502733
vt 0.550388 0.495055
vt 0.530262 0.487392
vt 0.514042 0.482056
vt 0.503820 0.481552
vt 0.498258 0.483073
vt 0.430248 0.963560
vt 0.428860 0.934157
vt 0.410321 0.934702
vt 0.412409 0.963635
vt 0.567182 0.963814
vt 0.567885 0.935987
vt 0.553033 0.935523
vt 0.551784 0.963749
vt 0.537880 0.935154
vt 0.536367 0.963698
vt 0.478007 0.963606
vt 0.477945 0.934490
vt 0.462465 0.934224
vt 0.463029 0.963569
vt 0.595368 0.810366
vt 0.594561 0.791015
vt 0.580232 0.790940
vt 0.581379 0.810750
vt 0.593426 0.768830
vt 0.578563 0.768301
vt 0.565072 0.768667
vt 0.567247 0.792185
vt 0.568664 0.813000
vt 0.472143 0.830730
vt 0.470492 0.809229
vt 0.454974 0.810957
vt 0.455951 0.831582
vt 0.467155 0.785423
vt 0.452377 0.787491
vt 0.434872 0.789853
vt 0.437271 0.812732
vt 0.438033 0.832160
vt 0.589260 0.717507
vt 0.585357 0.693587
vt 0.566828 0.689233
vt 0.572430 0.715551
vt 0.549600 0.685348
vt 0.556860 0.714193
vt 0.362172 0.515958
vt 0.357471 0.506617
vt 0.341527 0.512344
vt 0.346222 0.521541
vt 0.325699 0.517863
vt 0.330312 0.527111
vt 0.475561 0.886942
vt 0.474629 0.877537
vt 0.457128 0.875896
vt 0.458015 0.885796
vt 0.473684 0.865610
vt 0.456505 0.863985
vt 0.438395 0.861037
vt 0.439254 0.872535
vt 0.440522 0.882905
vt 0.596766 0.873275
vt 0.596615 0.858710
vt 0.582985 0.859460
vt 0.583127 0.873781
vt 0.596344 0.843695
vt 0.582691 0.844569
vt 0.569609 0.847627
vt 0.569417 0.861830
vt 0.569139 0.875185
vt 0.461349 0.759708
vt 0.447420 0.761679
vt 0.452803 0.734093
vt 0.439757 0.735140
vt 0.423557 0.737587
vt 0.430323 0.764280
vt 0.591802 0.743493
vt 0.576177 0.742559
vt 0.561872 0.742261
vt 0.394358 0.794071
vt 0.390520 0.769958
vt 0.368498 0.772909
vt 0.371754 0.795845
vt 0.385292 0.744523
vt 0.363768 0.748939
vt 0.342004 0.753945
vt 0.346767 0.776245
vt 0.349622 0.797747
vt 0.402574 0.875278
vt 0.400457 0.863002
vt 0.377917 0.860217
vt 0.380389 0.873389
vt 0.398906 0.852215
vt 0.376182 0.849421
vt 0.351906 0.850006
vt 0.353990 0.861475
vt 0.357113 0.875489
vt 0.292854 0.541074
vt 0.288101 0.532001
vt 0.269186 0.540480
vt 0.273940 0.549310
vt 0.250852 0.549765
vt 0.255508 0.558496
vt 0.378729 0.719604
vt 0.357646 0.725374
vt 0.371262 0.696930
vt 0.350613 0.703708
vt 0.328839 0.711376
vt 0.335786 0.731913
vt 0.397987 0.831886
vt 0.396824 0.815296
vt 0.373777 0.816279
vt 0.374904 0.831897
vt 0.350650 0.817348
vt 0.350831 0.832746
vt 0.446278 0.934032
vt 0.447276 0.963543
vt 0.623749 0.964284
vt 0.623764 0.939382
vt 0.609803 0.938295
vt 0.610005 0.964134
vt 0.392255 0.578550
vt 0.386795 0.566446
vt 0.370727 0.571582
vt 0.376288 0.583814
vt 0.381229 0.554754
vt 0.365181 0.559900
vt 0.348918 0.565795
vt 0.354563 0.577760
vt 0.360406 0.590486
vt 0.596085 0.937314
vt 0.596077 0.963998
vt 0.582174 0.936558
vt 0.581896 0.963893
vt 0.398332 0.843055
vt 0.375441 0.841539
vt 0.351052 0.842192
vt 0.472998 0.849812
vt 0.456256 0.849253
vt 0.438155 0.847906
vt 0.595939 0.827734
vt 0.582179 0.828483
vt 0.569411 0.831440
vt 0.425627 0.572915
vt 0.420089 0.559025
vt 0.403519 0.562739
vt 0.408959 0.575581
vt 0.414393 0.545714
vt 0.397924 0.550411
vt 0.623764 0.844313
vt 0.623764 0.828439
vt 0.609742 0.828007
vt 0.609954 0.843892
vt 0.623764 0.811233
vt 0.609446 0.810779
vt 0.418940 0.845542
vt 0.419322 0.856635
vt 0.418807 0.832147
vt 0.391131 0.935903
vt 0.394448 0.963802
vt 0.337271 0.584338
vt 0.343780 0.597226
vt 0.331143 0.572299
vt 0.312396 0.579435
vt 0.319035 0.591411
vt 0.326170 0.604271
vt 0.417939 0.814191
vt 0.415516 0.792109
vt 0.414830 0.711817
vt 0.397854 0.715103
vt 0.405313 0.740743
vt 0.405383 0.688906
vt 0.389608 0.691885
vt 0.363411 0.677650
vt 0.343236 0.685003
vt 0.355461 0.660814
vt 0.335823 0.668458
vt 0.315064 0.676952
vt 0.321885 0.693240
vt 0.307636 0.524338
vt 0.312283 0.533570
vt 0.420580 0.867702
vt 0.422332 0.878942
vt 0.411271 0.767083
vt 0.623764 0.770172
vt 0.623764 0.745054
vt 0.607625 0.744504
vt 0.608457 0.769648
vt 0.623764 0.719609
vt 0.606334 0.719019
vt 0.623764 0.873948
vt 0.623764 0.859327
vt 0.610101 0.858903
vt 0.610191 0.873502
vt 0.623764 0.696728
vt 0.604316 0.696122
vt 0.623764 0.792121
vt 0.609037 0.791632
vt 0.372135 0.938695
vt 0.377094 0.964189
vt 0.522918 0.934902
vt 0.521645 0.963663
vt 0.446840 0.506420
vt 0.439493 0.494675
vt 0.430090 0.504958
vt 0.436241 0.516989
vt 0.453621 0.520686
vt 0.442498 0.531109
vt 0.395558 0.503551
vt 0.391561 0.493835
vt 0.374522 0.500444
vt 0.379078 0.510095
vt 0.460553 0.536285
vt 0.448813 0.546197
vt 0.467721 0.552369
vt 0.455110 0.561494
vt 0.475001 0.568362
vt 0.461330 0.576445
vt 0.482340 0.584442
vt 0.467613 0.590976
vt 0.508162 0.934743
vt 0.507302 0.963641
vt 0.493204 0.934646
vt 0.492769 0.963628
vt 0.409178 0.533852
vt 0.392870 0.539504
vt 0.404385 0.523188
vt 0.388205 0.529524
vt 0.371465 0.534774
vt 0.376170 0.544356
vt 0.343925 0.555331
vt 0.325952 0.561806
vt 0.339349 0.545787
vt 0.321346 0.552253
vt 0.302172 0.559555
vt 0.306923 0.569022
vt 0.288272 0.576892
vt 0.293806 0.587250
vt 0.283426 0.567524
vt 0.265098 0.576524
vt 0.270015 0.585807
vt 0.275476 0.596146
vt 0.360154 0.549581
vt 0.355474 0.540108
vt 0.430813 0.486743
vt 0.420243 0.484029
vt 0.418630 0.491567
vt 0.424026 0.496168
vt 0.423750 0.526295
vt 0.429422 0.539442
vt 0.418466 0.514769
vt 0.816671 0.963582
vt 0.818423 0.934320
vt 0.801007 0.934219
vt 0.799735 0.963568
vt 0.407134 0.487361
vt 0.409659 0.496456
vt 0.435340 0.553737
vt 0.441128 0.568390
vt 0.328515 0.653071
vt 0.308317 0.661811
vt 0.347600 0.645236
vt 0.340097 0.630735
vt 0.321409 0.638676
vt 0.301675 0.647636
vt 0.314525 0.625211
vt 0.295145 0.634276
vt 0.333091 0.617259
vt 0.307590 0.612173
vt 0.288554 0.621233
vt 0.300455 0.599251
vt 0.281819 0.608225
vt 0.413663 0.505079
vt 0.399841 0.513228
vt 0.383633 0.519777
vt 0.366828 0.525347
vt 0.334848 0.536422
vt 0.316839 0.542882
vt 0.297535 0.550272
vt 0.278687 0.558351
vt 0.260273 0.567444
vt 0.350861 0.530799
vt 0.538725 0.915439
vt 0.523794 0.915363
vt 0.539147 0.902125
vt 0.524509 0.902230
vt 0.509627 0.903080
vt 0.508875 0.915561
vt 0.568683 0.915918
vt 0.553879 0.915674
vt 0.568971 0.902048
vt 0.554178 0.902145
vt 0.623764 0.917670
vt 0.610071 0.916983
vt 0.623764 0.902778
vt 0.610183 0.902219
vt 0.596766 0.901836
vt 0.596567 0.916416
vt 0.444691 0.914950
vt 0.427134 0.914631
vt 0.443235 0.902678
vt 0.425650 0.901460
vt 0.406514 0.900688
vt 0.408201 0.914737
vt 0.493336 0.915908
vt 0.493491 0.904156
vt 0.476677 0.904639
vt 0.477333 0.916003
vt 0.387964 0.915531
vt 0.385506 0.900821
vt 0.364108 0.903731
vt 0.367696 0.918474
vt 0.582841 0.916107
vt 0.583101 0.901851
vt 0.461234 0.915565
vt 0.460016 0.903979
vt 0.569031 0.888689
vt 0.554234 0.889505
vt 0.554783 0.877357
vt 0.540430 0.879229
vt 0.539495 0.890169
vt 0.623764 0.888504
vt 0.610212 0.888016
vt 0.596816 0.887735
vt 0.441858 0.892614
vt 0.424062 0.890043
vt 0.404654 0.887881
vt 0.510401 0.892679
vt 0.493814 0.894606
vt 0.510605 0.883779
vt 0.493499 0.886065
vt 0.476163 0.895566
vt 0.382998 0.887068
vt 0.360591 0.889716
vt 0.583166 0.888004
vt 0.458961 0.894731
vt 0.546560 0.823446
vt 0.545501 0.823748
vt 0.544954 0.844458
vt 0.546035 0.844137
vt 0.447694 0.703587
vt 0.447885 0.702457
vt 0.427839 0.678807
vt 0.427990 0.679947
vt 0.541820 0.772964
vt 0.540749 0.773150
vt 0.544052 0.799681
vt 0.545111 0.799440
vt 0.542807 0.860148
vt 0.543926 0.859892
vt 0.503095 0.663900
vt 0.502046 0.664208
vt 0.515660 0.688693
vt 0.516707 0.688448
vt 0.473752 0.628593
vt 0.473057 0.629477
vt 0.488317 0.644789
vt 0.489326 0.644319
vt 0.527531 0.716411
vt 0.528589 0.716197
vt 0.536707 0.744851
vt 0.541912 0.743925
vt 0.534303 0.715103
vt 0.501520 0.828570
vt 0.495968 0.829301
vt 0.498824 0.849984
vt 0.504663 0.849306
vt 0.535636 0.745034
vt 0.490491 0.782185
vt 0.485743 0.783153
vt 0.491955 0.806988
vt 0.497035 0.806002
vt 0.501520 0.866476
vt 0.507500 0.865636
vt 0.465996 0.729974
vt 0.480181 0.756442
vt 0.481261 0.756103
vt 0.466737 0.729113
vt 0.381841 0.619124
vt 0.372664 0.616612
vt 0.377250 0.634091
vt 0.384396 0.631794
vt 0.476488 0.757661
vt 0.435813 0.607511
vt 0.435532 0.608607
vt 0.454738 0.617293
vt 0.455209 0.616266
vt 0.390158 0.652441
vt 0.394708 0.646087
vt 0.388948 0.609026
vt 0.385316 0.604286
vt 0.402088 0.603364
vt 0.417792 0.602966
vt 0.416731 0.597031
vt 0.400089 0.598084
vt 0.389642 0.609931
vt 0.402491 0.604426
vt 0.515683 0.878984
vt 0.520900 0.884505
vt 0.520646 0.880914
vt 0.417990 0.604080
vt 0.525236 0.880817
vt 0.530205 0.879119
vt 0.530218 0.878056
vt 0.525142 0.879748
vt 0.525426 0.883103
vt 0.511692 0.874628
vt 0.512781 0.874320
vt 0.508647 0.865509
vt 0.530124 0.883003
vt 0.536070 0.875523
vt 0.540643 0.869624
vt 0.539511 0.869625
vt 0.535222 0.874826
vt 0.504933 0.876727
vt 0.409791 0.661400
vt 0.409201 0.667113
vt 0.429047 0.688382
vt 0.546195 0.869596
vt 0.549299 0.858494
vt 0.409908 0.660255
vt 0.395373 0.645153
vt 0.396878 0.670080
vt 0.408332 0.673010
vt 0.418082 0.687766
vt 0.439611 0.709525
vt 0.429446 0.709810
vt 0.447449 0.714056
vt 0.447034 0.707472
vt 0.460440 0.733239
vt 0.464080 0.732228
vt 0.470874 0.758592
vt 0.478303 0.784028
vt 0.556438 0.865973
vt 0.557984 0.853265
vt 0.558749 0.837041
vt 0.558476 0.817465
vt 0.551340 0.821770
vt 0.551065 0.842338
vt 0.556976 0.795133
vt 0.554255 0.770194
vt 0.546721 0.771944
vt 0.549854 0.798102
vt 0.550174 0.742916
vt 0.543740 0.714259
vt 0.534341 0.685578
vt 0.523127 0.658897
vt 0.510141 0.661754
vt 0.523165 0.686958
vt 0.510557 0.637433
vt 0.498678 0.618598
vt 0.479137 0.621702
vt 0.496363 0.641011
vt 0.489853 0.601026
vt 0.473651 0.605334
vt 0.461569 0.603818
vt 0.458508 0.609385
vt 0.453026 0.595664
vt 0.437670 0.600212
vt 0.487870 0.850034
vt 0.489582 0.866386
vt 0.485984 0.829944
vt 0.491663 0.877636
vt 0.483108 0.807898
vt 0.381337 0.672140
vt 0.373088 0.654784
vt 0.364409 0.638695
vt 0.356846 0.623784
vt 0.366049 0.603103
vt 0.350143 0.610212
vt 0.396851 0.589709
vt 0.381257 0.595360
vt 0.446619 0.582585
vt 0.430637 0.586421
vt 0.413493 0.587613
vt 0.525219 0.890086
vt 0.173053 0.636934
vt 0.152016 0.640474
vt 0.146002 0.658890
vt 0.168930 0.656648
vt 0.216070 0.633924
vt 0.194462 0.634733
vt 0.192370 0.654930
vt 0.216155 0.654178
vt 0.124598 0.735138
vt 0.121493 0.757547
vt 0.147759 0.757562
vt 0.157734 0.735790
vt 0.120994 0.780397
vt 0.145483 0.777790
vt 0.161188 0.694405
vt 0.164985 0.675574
vt 0.140031 0.677499
vt 0.134170 0.696302
vt 0.149468 0.820358
vt 0.146265 0.797695
vt 0.123035 0.801722
vt 0.126878 0.823793
vt 0.216313 0.692171
vt 0.216234 0.673220
vt 0.190437 0.673970
vt 0.188604 0.692877
vt 0.216471 0.729114
vt 0.216395 0.711613
vt 0.187208 0.712282
vt 0.188581 0.730156
vt 0.157922 0.713851
vt 0.128804 0.715329
vt 0.161380 0.779228
vt 0.166143 0.763536
vt 0.176544 0.750842
vt 0.176919 0.770253
vt 0.187189 0.760873
vt 0.169965 0.782161
vt 0.159569 0.795560
vt 0.165892 0.795338
vt 0.159143 0.811933
vt 0.164816 0.808602
vt 0.170534 0.832284
vt 0.166603 0.820753
vt 0.163623 0.820222
vt 0.162217 0.827991
vt 0.163554 0.528905
vt 0.174101 0.528905
vt 0.174101 0.484425
vt 0.163554 0.484425
vt 0.184687 0.528905
vt 0.184687 0.484425
vt 0.195230 0.528905
vt 0.195230 0.484425
vt 0.205699 0.528905
vt 0.205699 0.484425
vt 0.216159 0.528905
vt 0.216159 0.484425
vt 0.237232 0.484425
vt 0.237232 0.528905
vt 0.247791 0.528905
vt 0.247791 0.484425
vt 0.258309 0.528905
vt 0.258309 0.484425
vt 0.226675 0.528905
vt 0.226675 0.484425
vt 0.268754 0.528905
vt 0.268754 0.484425
vt 0.192516 0.766044
vt 0.191585 0.765155
vt 0.181373 0.773320
vt 0.182423 0.773964
vt 0.173492 0.783624
vt 0.174464 0.783963
vt 0.166747 0.808178
vt 0.168496 0.795460
vt 0.169358 0.795549
vt 0.167512 0.808111
vt 0.173249 0.833020
vt 0.168407 0.820962
vt 0.169136 0.820880
vt 0.174062 0.832891
vt 0.187205 0.852375
vt 0.191414 0.851653
vt 0.181089 0.843570
vt 0.177326 0.843639
vt 0.181973 0.843219
vt 0.192259 0.851134
vt 0.216993 0.861149
vt 0.216981 0.858353
vt 0.203521 0.856675
vt 0.199665 0.857762
vt 0.204200 0.856056
vt 0.216979 0.857708
vt 0.131508 0.849322
vt 0.152933 0.842031
vt 0.167701 0.844508
vt 0.177504 0.853867
vt 0.195570 0.863045
vt 0.217029 0.869850
vt 0.203608 0.759807
vt 0.200913 0.755253
vt 0.216599 0.757838
vt 0.216579 0.753384
vt 0.204164 0.760827
vt 0.216603 0.758887
vt 0.194862 0.744787
vt 0.216533 0.743262
vt 0.279159 0.528905
vt 0.279159 0.484425
vt 0.153102 0.484425
vt 0.153102 0.528905
vt 0.195051 0.911167
vt 0.193262 0.909960
vt 0.164047 0.941569
vt 0.165321 0.943258
vt 0.164464 0.964753
vt 0.166652 0.965367
vt 0.169747 0.959254
vt 0.167928 0.958063
vt 0.163903 0.972975
vt 0.166197 0.972611
vt 0.167016 0.980618
vt 0.168898 0.979350
vt 0.172880 0.986311
vt 0.174217 0.984590
vt 0.181099 0.991185
vt 0.182041 0.989224
vt 0.138738 0.855495
vt 0.139122 0.857616
vt 0.159610 0.857405
vt 0.159825 0.855281
vt 0.131288 0.857606
vt 0.132328 0.859602
vt 0.128983 0.907483
vt 0.130995 0.906878
vt 0.127030 0.893332
vt 0.125005 0.893879
vt 0.123312 0.878595
vt 0.121162 0.878834
vt 0.121133 0.870987
vt 0.123336 0.871455
vt 0.126426 0.864450
vt 0.124584 0.863039
vt 0.198788 0.904211
vt 0.196709 0.903495
vt 0.200265 0.895652
vt 0.198043 0.895666
vt 0.198723 0.887071
vt 0.196640 0.887851
vt 0.193208 0.878300
vt 0.191486 0.879559
vt 0.176092 0.860875
vt 0.174884 0.862679
vt 0.178634 0.865740
vt 0.180050 0.864142
vt 0.170813 0.858033
vt 0.169948 0.860012
vt 0.199479 0.996679
vt 0.199825 0.994565
vt 0.190799 0.992549
vt 0.190174 0.994614
vt 0.208675 0.997673
vt 0.208821 0.995540
vt 0.217583 0.997950
vt 0.217576 0.995798
vt 0.203738 0.920612
vt 0.204846 0.922480
vt 0.210883 0.919836
vt 0.210280 0.917727
vt 0.198564 0.924550
vt 0.199961 0.926173
vt 0.138588 0.937093
vt 0.140486 0.936127
vt 0.135258 0.920826
vt 0.133257 0.921475
vt 0.142881 0.943709
vt 0.144438 0.942067
vt 0.150273 0.947928
vt 0.150788 0.945610
vt 0.158739 0.947292
vt 0.158032 0.945150
vt 0.164623 0.858218
vt 0.165146 0.856121
vt 0.217235 0.918924
vt 0.217226 0.916718
vt 0.172842 0.967070
vt 0.172552 0.971591
vt 0.155898 0.960627
vt 0.174262 0.975797
vt 0.178200 0.979547
vt 0.175200 0.962642
vt 0.165520 0.951483
vt 0.204120 0.931061
vt 0.197126 0.918916
vt 0.184881 0.983409
vt 0.192670 0.986364
vt 0.135270 0.865261
vt 0.131509 0.868315
vt 0.140267 0.863903
vt 0.109190 0.844570
vt 0.114678 0.863997
vt 0.158954 0.863796
vt 0.163115 0.864432
vt 0.141264 0.918634
vt 0.137113 0.905053
vt 0.133260 0.891897
vt 0.129683 0.878039
vt 0.129581 0.872770
vt 0.190695 0.901394
vt 0.187888 0.906457
vt 0.160312 0.936459
vt 0.204638 0.911416
vt 0.199924 0.916065
vt 0.190648 0.890032
vt 0.191683 0.895704
vt 0.217160 0.900753
vt 0.217102 0.887091
vt 0.217201 0.910684
vt 0.171360 0.868009
vt 0.174487 0.870612
vt 0.167394 0.865869
vt 0.186279 0.883298
vt 0.209262 0.989100
vt 0.200881 0.988200
vt 0.217553 0.989329
vt 0.156142 0.939148
vt 0.208080 0.927982
vt 0.217261 0.925300
vt 0.212625 0.925968
vt 0.152175 0.939443
vt 0.148715 0.937440
vt 0.146030 0.933122
vt 0.078854 0.438822
vt 0.095307 0.438822
vt 0.095307 0.436127
vt 0.078854 0.436127
vt 0.095307 0.433200
vt 0.078854 0.433200
vt 0.095307 0.430489
vt 0.078854 0.430489
vt 0.112818 0.438822
vt 0.112818 0.436127
vt 0.112818 0.433200
vt 0.112818 0.430489
vt 0.060577 0.430489
vt 0.060577 0.433200
vt 0.060577 0.436127
vt 0.060577 0.438822
vt 0.040650 0.430489
vt 0.040650 0.433200
vt 0.040650 0.436127
vt 0.040650 0.438822
vt 0.440052 0.438822
vt 0.460516 0.438822
vt 0.460516 0.436127
vt 0.440052 0.436127
vt 0.460516 0.433200
vt 0.440052 0.433200
vt 0.460516 0.430489
vt 0.440052 0.430489
vt 0.297511 0.430489
vt 0.278557 0.430489
vt 0.278557 0.433200
vt 0.297511 0.433200
vt 0.278557 0.436127
vt 0.297511 0.436127
vt 0.278557 0.438822
vt 0.297511 0.438822
vt 0.259884 0.430489
vt 0.259884 0.433200
vt 0.259884 0.436127
vt 0.259884 0.438822
vt 0.206160 0.438822
vt 0.224712 0.438822
vt 0.224712 0.436127
vt 0.206160 0.436127
vt 0.224712 0.433200
vt 0.206160 0.433200
vt 0.224712 0.430489
vt 0.206160 0.430489
vt 0.169246 0.430489
vt 0.150173 0.430489
vt 0.150173 0.433200
vt 0.169246 0.433200
vt 0.150173 0.436127
vt 0.169246 0.436127
vt 0.150173 0.438822
vt 0.169246 0.438822
vt 0.480501 0.438822
vt 0.480501 0.436127
vt 0.480501 0.433200
vt 0.480501 0.430489
vt 0.500489 0.438822
vt 0.500489 0.436127
vt 0.500489 0.433200
vt 0.500489 0.430489
vt 0.398188 0.438822
vt 0.420153 0.438822
vt 0.420153 0.436127
vt 0.398188 0.436127
vt 0.420153 0.433200
vt 0.398188 0.433200
vt 0.420153 0.430489
vt 0.398188 0.430489
vt 0.317016 0.438822
vt 0.336695 0.438822
vt 0.336695 0.436127
vt 0.317016 0.436127
vt 0.336695 0.433200
vt 0.317016 0.433200
vt 0.336695 0.430489
vt 0.317016 0.430489
vt 0.356709 0.430489
vt 0.356709 0.433200
vt 0.356709 0.436127
vt 0.356709 0.438822
vt 0.378561 0.438822
vt 0.378561 0.436127
vt 0.378561 0.433200
vt 0.378561 0.430489
vt 0.187369 0.438822
vt 0.187369 0.436127
vt 0.187369 0.433200
vt 0.187369 0.430489
vt 0.131270 0.438822
vt 0.131270 0.436127
vt 0.131270 0.433200
vt 0.131270 0.430489
vt 0.241872 0.430489
vt 0.241872 0.433200
vt 0.241872 0.436127
vt 0.241872 0.438822
vt 0.020930 0.430489
vt 0.020930 0.433200
vt 0.020930 0.436127
vt 0.020930 0.438822
vt 0.001465 0.430489
vt 0.001465 0.433200
vt 0.001465 0.436127
vt 0.001465 0.438822
vt 0.217586 0.999020
vt 0.216003 0.617682
vt 0.197035 0.618598
vt 0.160289 0.626886
vt 0.145609 0.635429
vt 0.135593 0.647693
vt 0.127730 0.663533
vt 0.119707 0.681592
vt 0.137498 0.941277
vt 0.130754 0.920446
vt 0.119936 0.883488
vt 0.125264 0.902108
vt 0.103961 0.825861
vt 0.098933 0.805932
vt 0.178226 0.621483
vt 0.165038 0.985213
vt 0.181481 0.993557
vt 0.095930 0.760598
vt 0.095930 0.784840
vt 0.112564 0.698156
vt 0.104962 0.717013
vt 0.099034 0.736911
vt 0.217065 0.878372
vt 0.199268 0.997770
vt 0.143103 0.957353
vt 0.151818 0.973162
vt 0.378561 0.478874
vt 0.398188 0.478874
vt 0.398188 0.474746
vt 0.378561 0.474746
vt 0.398188 0.470041
vt 0.378561 0.470041
vt 0.398188 0.465953
vt 0.378561 0.465953
vt 0.420153 0.478874
vt 0.420153 0.474746
vt 0.420153 0.470041
vt 0.420153 0.465953
vt 0.040650 0.478874
vt 0.060577 0.478874
vt 0.060577 0.474746
vt 0.040650 0.474746
vt 0.060577 0.470041
vt 0.040650 0.470041
vt 0.060577 0.465953
vt 0.040650 0.465953
vt 0.078854 0.478874
vt 0.078854 0.474746
vt 0.078854 0.470041
vt 0.078854 0.465953
vt 0.460516 0.478874
vt 0.480501 0.478874
vt 0.480501 0.474746
vt 0.460516 0.474746
vt 0.480501 0.470041
vt 0.460516 0.470041
vt 0.480501 0.465953
vt 0.460516 0.465953
vt 0.500489 0.478874
vt 0.500489 0.474746
vt 0.500489 0.470041
vt 0.500489 0.465953
vt 0.095307 0.478874
vt 0.095307 0.474746
vt 0.095307 0.470041
vt 0.095307 0.465953
vt 0.112818 0.478874
vt 0.112818 0.474746
vt 0.112818 0.470041
vt 0.112818 0.465953
vt 0.259884 0.478874
vt 0.278557 0.478874
vt 0.278557 0.474746
vt 0.259884 0.474746
vt 0.278557 0.470041
vt 0.259884 0.470041
vt 0.278557 0.465953
vt 0.259884 0.465953
vt 0.297511 0.478874
vt 0.297511 0.474746
vt 0.297511 0.470041
vt 0.297511 0.465953
vt 0.336695 0.478874
vt 0.356709 0.478874
vt 0.356709 0.474746
vt 0.336695 0.474746
vt 0.356709 0.470041
vt 0.336695 0.470041
vt 0.356709 0.465953
vt 0.336695 0.465953
vt 0.001465 0.478874
vt 0.020930 0.478874
vt 0.020930 0.474746
vt 0.001465 0.474746
vt 0.020930 0.470041
vt 0.001465 0.470041
vt 0.020930 0.465953
vt 0.001465 0.465953
vt 0.440052 0.478874
vt 0.440052 0.474746
vt 0.440052 0.470041
vt 0.440052 0.465953
vt 0.224712 0.465953
vt 0.206160 0.465953
vt 0.206160 0.470041
vt 0.224712 0.470041
vt 0.206160 0.474746
vt 0.224712 0.474746
vt 0.206160 0.478874
vt 0.224712 0.478874
vt 0.187369 0.465953
vt 0.187369 0.470041
vt 0.187369 0.474746
vt 0.187369 0.478874
vt 0.150173 0.465953
vt 0.131270 0.465953
vt 0.131270 0.470041
vt 0.150173 0.470041
vt 0.131270 0.474746
vt 0.150173 0.474746
vt 0.131270 0.478874
vt 0.150173 0.478874
vt 0.241872 0.465953
vt 0.241872 0.470041
vt 0.241872 0.474746
vt 0.241872 0.478874
vt 0.169246 0.465953
vt 0.169246 0.470041
vt 0.169246 0.474746
vt 0.169246 0.478874
vt 0.317016 0.478874
vt 0.317016 0.474746
vt 0.317016 0.470041
vt 0.317016 0.465953
vt 0.623764 0.682236
vt 0.601579 0.681704
vt 0.267483 0.537459
vt 0.249300 0.546852
vt 0.541772 0.658131
vt 0.522662 0.634843
vt 0.559118 0.669899
vt 0.511456 0.616355
vt 0.500953 0.597535
vt 0.323967 0.514453
vt 0.305866 0.520944
vt 0.339780 0.508944
vt 0.355667 0.503078
vt 0.372243 0.496830
vt 0.473889 0.544917
vt 0.466652 0.529988
vt 0.482448 0.562182
vt 0.458933 0.513822
vt 0.451174 0.498910
vt 0.286264 0.528742
vt 0.580349 0.678049
vt 0.433573 0.483213
vt 0.421358 0.481335
vt 0.406726 0.484123
vt 0.443436 0.489132
vt 0.389950 0.490104
vt 0.491396 0.579641
vt 0.516496 0.878242
vt 0.520572 0.879837
vt 0.382942 0.619428
vt 0.385484 0.631445
vt 0.491602 0.781983
vt 0.498151 0.805819
vt 0.502657 0.828452
vt 0.505814 0.849203
vt 0.834436 0.963651
vt 0.836954 0.934816
vt 0.695126 0.963763
vt 0.694275 0.935624
vt 0.679453 0.936082
vt 0.680229 0.963827
vt 0.710207 0.963713
vt 0.709405 0.935264
vt 0.784049 0.963596
vt 0.784815 0.934419
vt 0.769324 0.934683
vt 0.769122 0.963633
vt 0.652147 0.810405
vt 0.666130 0.810809
vt 0.667290 0.790998
vt 0.652963 0.791053
vt 0.668975 0.768357
vt 0.654108 0.768867
vt 0.680272 0.792262
vt 0.682467 0.768742
vt 0.678839 0.813077
vt 0.775251 0.830964
vt 0.791421 0.831841
vt 0.792438 0.811238
vt 0.776940 0.809481
vt 0.795086 0.787798
vt 0.780324 0.785697
vt 0.810116 0.813049
vt 0.812568 0.790201
vt 0.809313 0.832449
vt 0.658307 0.717528
vt 0.675159 0.715589
vt 0.680806 0.689242
vt 0.662234 0.693580
vt 0.690749 0.714253
vt 0.698074 0.685385
vt 0.886242 0.516520
vt 0.902183 0.522167
vt 0.906916 0.512982
vt 0.890982 0.507190
vt 0.918083 0.527802
vt 0.922734 0.518565
vt 0.771759 0.887130
vt 0.789289 0.885996
vt 0.790185 0.876105
vt 0.772701 0.877731
vt 0.790820 0.864208
vt 0.773659 0.865813
vt 0.808037 0.872761
vt 0.808906 0.861281
vt 0.806763 0.883115
vt 0.650714 0.873314
vt 0.664331 0.873840
vt 0.664486 0.859519
vt 0.650874 0.858751
vt 0.664794 0.844630
vt 0.651154 0.843735
vt 0.678036 0.861909
vt 0.677861 0.847706
vt 0.678298 0.875263
vt 0.800106 0.762013
vt 0.786189 0.760006
vt 0.807843 0.735504
vt 0.794803 0.734419
vt 0.817186 0.764661
vt 0.824031 0.738001
vt 0.671381 0.742611
vt 0.655746 0.743526
vt 0.685695 0.742333
vt 0.853017 0.794531
vt 0.875576 0.796383
vt 0.878921 0.773494
vt 0.856934 0.770463
vt 0.883745 0.749564
vt 0.862252 0.745067
vt 0.900612 0.776919
vt 0.905473 0.754660
vt 0.897660 0.798376
vt 0.844630 0.875515
vt 0.866732 0.873646
vt 0.869213 0.860537
vt 0.846753 0.863280
vt 0.870967 0.849791
vt 0.848317 0.852528
vt 0.893011 0.861845
vt 0.895127 0.850451
vt 0.889875 0.875760
vt 0.955512 0.541919
vt 0.974406 0.550235
vt 0.979197 0.541417
vt 0.960304 0.532859
vt 0.992814 0.559498
vt 0.997507 0.550780
vt 0.889960 0.726033
vt 0.868907 0.720182
vt 0.897082 0.704399
vt 0.876460 0.697539
vt 0.911788 0.732664
vt 0.918824 0.712159
vt 0.849280 0.832258
vt 0.872298 0.832335
vt 0.873478 0.816766
vt 0.850487 0.815710
vt 0.896542 0.817929
vt 0.896287 0.833278
vt 0.637567 0.964139
vt 0.637627 0.938333
vt 0.855906 0.579039
vt 0.871862 0.584365
vt 0.877472 0.572147
vt 0.861414 0.566948
vt 0.883066 0.560479
vt 0.867027 0.555270
vt 0.893623 0.578391
vt 0.899317 0.566439
vt 0.887728 0.591101
vt 0.651541 0.964006
vt 0.651284 0.937372
vt 0.665729 0.963904
vt 0.665167 0.936636
vt 0.871729 0.841941
vt 0.848908 0.843397
vt 0.896016 0.842682
vt 0.791088 0.849493
vt 0.774366 0.850029
vt 0.809164 0.848171
vt 0.665318 0.828543
vt 0.651568 0.827774
vt 0.678076 0.831519
vt 0.822535 0.573278
vt 0.839203 0.576006
vt 0.844694 0.563177
vt 0.828127 0.559400
vt 0.850338 0.550862
vt 0.833875 0.546101
vt 0.637558 0.843912
vt 0.637775 0.828027
vt 0.638075 0.810799
vt 0.827947 0.856908
vt 0.828347 0.845840
vt 0.828505 0.832473
vt 0.852374 0.963807
vt 0.856140 0.935939
vt 0.904337 0.597909
vt 0.910900 0.585038
vt 0.917077 0.573016
vt 0.929118 0.592186
vt 0.935808 0.580229
vt 0.921929 0.605025
vt 0.829415 0.814550
vt 0.831896 0.792507
vt 0.842255 0.741217
vt 0.849803 0.715610
vt 0.832841 0.712265
vt 0.858133 0.692424
vt 0.842369 0.689387
vt 0.904536 0.685722
vt 0.884387 0.678287
vt 0.912018 0.669203
vt 0.892405 0.661478
vt 0.925856 0.694049
vt 0.932749 0.677785
vt 0.936099 0.534335
vt 0.940784 0.525114
vt 0.824922 0.879164
vt 0.826680 0.867949
vt 0.836213 0.767520
vt 0.639074 0.769666
vt 0.639913 0.744521
vt 0.641212 0.719028
vt 0.637312 0.873523
vt 0.637407 0.858923
vt 0.643238 0.696114
vt 0.638489 0.791651
vt 0.869884 0.964176
vt 0.875147 0.938598
vt 0.725108 0.963681
vt 0.724342 0.935031
vt 0.801550 0.506661
vt 0.812118 0.517276
vt 0.818318 0.505260
vt 0.808946 0.494934
vt 0.794712 0.520912
vt 0.805805 0.531383
vt 0.852879 0.503979
vt 0.869347 0.510589
vt 0.873942 0.500949
vt 0.856915 0.494271
vt 0.787718 0.536497
vt 0.799431 0.546459
vt 0.780486 0.552566
vt 0.793074 0.561744
vt 0.773143 0.568544
vt 0.786795 0.576683
vt 0.765740 0.584610
vt 0.780453 0.591202
vt 0.739762 0.963663
vt 0.739093 0.934901
vt 0.754390 0.963652
vt 0.754054 0.934825
vt 0.855436 0.539967
vt 0.839138 0.534250
vt 0.860141 0.529998
vt 0.843974 0.523597
vt 0.872128 0.544885
vt 0.876873 0.535314
vt 0.922311 0.562537
vt 0.904352 0.555989
vt 0.926957 0.552995
vt 0.908968 0.546456
vt 0.941325 0.569831
vt 0.946116 0.560376
vt 0.954379 0.588121
vt 0.959957 0.577779
vt 0.964843 0.568424
vt 0.978190 0.586771
vt 0.983148 0.577502
vt 0.972685 0.597095
vt 0.888135 0.550173
vt 0.892854 0.540712
vt 0.817662 0.487028
vt 0.824419 0.496485
vt 0.829836 0.491901
vt 0.828249 0.484352
vt 0.818860 0.539770
vt 0.824584 0.526634
vt 0.829914 0.515121
vt 0.838795 0.496827
vt 0.841356 0.487734
vt 0.807040 0.568695
vt 0.812885 0.554052
vt 0.939562 0.662666
vt 0.919390 0.653840
vt 0.900329 0.645926
vt 0.926557 0.639467
vt 0.907892 0.631448
vt 0.946265 0.648510
vt 0.952853 0.635170
vt 0.933498 0.626022
vt 0.914954 0.617993
vt 0.940488 0.613005
vt 0.959500 0.622145
vt 0.966290 0.609156
vt 0.947679 0.600103
vt 0.834756 0.505441
vt 0.848558 0.513647
vt 0.864753 0.520261
vt 0.881548 0.525898
vt 0.931504 0.543635
vt 0.913507 0.537102
vt 0.950792 0.551105
vt 0.969620 0.559263
vt 0.988011 0.568434
vt 0.897505 0.531414
vt 0.723517 0.915497
vt 0.708604 0.915555
vt 0.722829 0.902367
vt 0.708209 0.902244
vt 0.738425 0.915715
vt 0.737696 0.903235
vt 0.693472 0.915773
vt 0.678692 0.916000
vt 0.693198 0.902244
vt 0.678429 0.902128
vt 0.637402 0.917006
vt 0.637304 0.902240
vt 0.650863 0.916459
vt 0.650687 0.901877
vt 0.820130 0.914798
vt 0.802588 0.915132
vt 0.821606 0.901642
vt 0.804044 0.902867
vt 0.839036 0.914871
vt 0.840703 0.900852
vt 0.753956 0.916080
vt 0.753820 0.904328
vt 0.769955 0.916185
vt 0.770624 0.904822
vt 0.859226 0.915608
vt 0.861642 0.900952
vt 0.879419 0.918448
vt 0.882930 0.903799
vt 0.664558 0.916171
vt 0.664323 0.901912
vt 0.786052 0.915752
vt 0.787276 0.904168
vt 0.693164 0.889605
vt 0.678388 0.888768
vt 0.692635 0.877456
vt 0.707883 0.890289
vt 0.706968 0.879352
vt 0.637284 0.888036
vt 0.650652 0.887775
vt 0.823191 0.890243
vt 0.805423 0.892812
vt 0.842552 0.888079
vt 0.753510 0.894779
vt 0.736939 0.892835
vt 0.753837 0.886239
vt 0.736749 0.883938
vt 0.771148 0.895751
vt 0.864128 0.887259
vt 0.886407 0.889884
vt 0.664276 0.888063
vt 0.788337 0.894925
vt 0.700917 0.823557
vt 0.701419 0.844249
vt 0.702493 0.844572
vt 0.701970 0.823864
vt 0.800004 0.703924
vt 0.819791 0.680345
vt 0.819946 0.679203
vt 0.799818 0.702792
vt 0.705715 0.773082
vt 0.702392 0.799554
vt 0.703447 0.799801
vt 0.706783 0.773273
vt 0.703506 0.860008
vt 0.704619 0.860262
vt 0.744698 0.664050
vt 0.731003 0.688579
vt 0.732053 0.688830
vt 0.745747 0.664364
vt 0.774177 0.628808
vt 0.758540 0.644498
vt 0.759548 0.644973
vt 0.774869 0.629696
vt 0.719045 0.716319
vt 0.720107 0.716538
vt 0.713328 0.715210
vt 0.705664 0.744033
vt 0.710870 0.744971
vt 0.745908 0.828757
vt 0.742735 0.849481
vt 0.748565 0.850166
vt 0.751451 0.829498
vt 0.711942 0.745159
vt 0.757012 0.782409
vt 0.750428 0.806206
vt 0.755500 0.807201
vt 0.761754 0.783387
vt 0.739875 0.865803
vt 0.745847 0.866648
vt 0.781624 0.730261
vt 0.780886 0.729396
vt 0.766295 0.756349
vt 0.767372 0.756692
vt 0.866174 0.619672
vt 0.863571 0.632337
vt 0.870711 0.634662
vt 0.875365 0.617194
vt 0.771062 0.757921
vt 0.812218 0.607855
vt 0.792785 0.616551
vt 0.793251 0.617580
vt 0.812496 0.608954
vt 0.853203 0.646597
vt 0.857731 0.652970
vt 0.862753 0.604814
vt 0.859102 0.609543
vt 0.845976 0.603830
vt 0.847996 0.598554
vt 0.831348 0.597439
vt 0.830266 0.603374
vt 0.845568 0.604890
vt 0.858404 0.610446
vt 0.731681 0.879140
vt 0.726722 0.881065
vt 0.726464 0.884653
vt 0.830063 0.604487
vt 0.722139 0.880963
vt 0.722235 0.879894
vt 0.717169 0.878195
vt 0.717180 0.879259
vt 0.721946 0.883247
vt 0.738733 0.865675
vt 0.734587 0.874479
vt 0.735673 0.874787
vt 0.711330 0.875653
vt 0.717255 0.883141
vt 0.712176 0.874956
vt 0.707901 0.869746
vt 0.706773 0.869746
vt 0.742425 0.876892
vt 0.818705 0.688779
vt 0.838629 0.667575
vt 0.838060 0.661857
vt 0.698143 0.858603
vt 0.701228 0.869709
vt 0.852542 0.645659
vt 0.837947 0.660712
vt 0.839476 0.673478
vt 0.850943 0.670588
vt 0.829672 0.688202
vt 0.818232 0.710209
vt 0.808069 0.709891
vt 0.800652 0.707813
vt 0.800216 0.714397
vt 0.787169 0.733543
vt 0.783533 0.732522
vt 0.769187 0.784278
vt 0.776671 0.758867
vt 0.690999 0.866071
vt 0.689472 0.853361
vt 0.688727 0.837134
vt 0.689019 0.817556
vt 0.696399 0.842443
vt 0.696145 0.821873
vt 0.690539 0.795225
vt 0.693284 0.770287
vt 0.697655 0.798207
vt 0.700816 0.772050
vt 0.697399 0.743007
vt 0.703883 0.714345
vt 0.713355 0.685655
vt 0.724542 0.687067
vt 0.737652 0.661878
vt 0.724662 0.658977
vt 0.737315 0.637535
vt 0.751508 0.641164
vt 0.768806 0.621901
vt 0.749268 0.618728
vt 0.758161 0.601178
vt 0.774357 0.605552
vt 0.790540 0.611571
vt 0.787335 0.605520
vt 0.795040 0.595950
vt 0.810388 0.600549
vt 0.757776 0.866572
vt 0.759509 0.850231
vt 0.761425 0.830155
vt 0.755683 0.877814
vt 0.764338 0.808127
vt 0.866479 0.672708
vt 0.874796 0.655378
vt 0.883539 0.639317
vt 0.891162 0.624429
vt 0.897921 0.610876
vt 0.882034 0.603703
vt 0.866847 0.595899
vt 0.851266 0.590186
vt 0.801495 0.582880
vt 0.817473 0.586775
vt 0.834623 0.588029
vt 0.722141 0.890227
vt 0.259111 0.636576
vt 0.263397 0.656255
vt 0.286342 0.658307
vt 0.280176 0.639942
vt 0.239944 0.654732
vt 0.237685 0.634553
vt 0.308365 0.734373
vt 0.275243 0.735289
vt 0.285387 0.756975
vt 0.311647 0.756755
vt 0.287815 0.777184
vt 0.312324 0.779600
vt 0.271450 0.693944
vt 0.298480 0.695619
vt 0.292467 0.676866
vt 0.267499 0.675147
vt 0.284166 0.819795
vt 0.306785 0.823044
vt 0.310451 0.800942
vt 0.287185 0.797100
vt 0.244026 0.692644
vt 0.242036 0.673754
vt 0.244363 0.729913
vt 0.245584 0.712034
vt 0.274876 0.713359
vt 0.304000 0.714601
vt 0.267059 0.763086
vt 0.271930 0.778738
vt 0.256566 0.750485
vt 0.246017 0.760592
vt 0.256349 0.769870
vt 0.263364 0.781729
vt 0.267521 0.794897
vt 0.273856 0.795069
vt 0.268707 0.808171
vt 0.274415 0.811452
vt 0.263205 0.831899
vt 0.271482 0.827536
vt 0.270008 0.819781
vt 0.267033 0.820338
vt 0.142651 0.528905
vt 0.142651 0.484425
vt 0.132103 0.484425
vt 0.132103 0.528905
vt 0.121517 0.484425
vt 0.121517 0.528905
vt 0.110975 0.484425
vt 0.110975 0.528905
vt 0.100506 0.484425
vt 0.100506 0.528905
vt 0.090046 0.484425
vt 0.090046 0.528905
vt 0.068972 0.484425
vt 0.058414 0.484425
vt 0.058414 0.528905
vt 0.068972 0.528905
vt 0.047896 0.484425
vt 0.047896 0.528905
vt 0.079529 0.484425
vt 0.079529 0.528905
vt 0.037450 0.484425
vt 0.037450 0.528905
vt 0.240740 0.765799
vt 0.250905 0.773593
vt 0.251935 0.772955
vt 0.241665 0.764904
vt 0.258876 0.783561
vt 0.259845 0.783213
vt 0.264910 0.795043
vt 0.266767 0.807766
vt 0.264041 0.795143
vt 0.265997 0.807709
vt 0.265231 0.820562
vt 0.260497 0.832658
vt 0.264500 0.820486
vt 0.259684 0.832536
vt 0.246706 0.852120
vt 0.256510 0.843306
vt 0.252748 0.843267
vt 0.242492 0.851432
vt 0.251861 0.842923
vt 0.241643 0.850918
vt 0.234291 0.857609
vt 0.230426 0.856551
vt 0.229743 0.855935
vt 0.280884 0.841495
vt 0.302365 0.848606
vt 0.266140 0.844095
vt 0.256417 0.853533
vt 0.238431 0.862860
vt 0.232256 0.755101
vt 0.229604 0.759674
vt 0.229056 0.760695
vt 0.238210 0.744589
vt 0.027045 0.484425
vt 0.027045 0.528905
vt 0.239356 0.910981
vt 0.269372 0.942810
vt 0.270628 0.941111
vt 0.241135 0.909758
vt 0.270431 0.964274
vt 0.266910 0.957633
vt 0.265109 0.958843
vt 0.268252 0.964909
vt 0.271066 0.972467
vt 0.268774 0.972124
vt 0.268031 0.980111
vt 0.266142 0.978864
vt 0.262234 0.985849
vt 0.260881 0.984137
vt 0.254077 0.990822
vt 0.253110 0.988871
vt 0.295188 0.854838
vt 0.274104 0.854800
vt 0.274337 0.856922
vt 0.294822 0.856961
vt 0.302654 0.856887
vt 0.301632 0.858890
vt 0.305384 0.906729
vt 0.309243 0.893094
vt 0.307215 0.892564
vt 0.303367 0.906141
vt 0.312955 0.878022
vt 0.310805 0.877801
vt 0.312918 0.870178
vt 0.309402 0.862262
vt 0.307572 0.863688
vt 0.310719 0.870664
vt 0.235560 0.904056
vt 0.237633 0.903323
vt 0.234011 0.895509
vt 0.236233 0.895504
vt 0.235480 0.886915
vt 0.237570 0.887677
vt 0.240921 0.878096
vt 0.242653 0.879341
vt 0.257888 0.860529
vt 0.253958 0.863828
vt 0.255387 0.865414
vt 0.259111 0.862322
vt 0.263142 0.857643
vt 0.264023 0.859615
vt 0.235696 0.996549
vt 0.245015 0.994372
vt 0.244366 0.992311
vt 0.235328 0.994431
vt 0.226495 0.997611
vt 0.226332 0.995478
vt 0.230748 0.920500
vt 0.224181 0.917669
vt 0.223594 0.919784
vt 0.229655 0.922378
vt 0.235956 0.924395
vt 0.234572 0.926031
vt 0.296035 0.936416
vt 0.301232 0.920755
vt 0.299226 0.920124
vt 0.294130 0.935466
vt 0.291799 0.943066
vt 0.290230 0.941437
vt 0.284449 0.947344
vt 0.283914 0.945032
vt 0.275986 0.946783
vt 0.276672 0.944635
vt 0.268792 0.855684
vt 0.269332 0.857777
vt 0.262091 0.966670
vt 0.262428 0.971166
vt 0.278942 0.960075
vt 0.260762 0.975364
vt 0.256845 0.979114
vt 0.259705 0.962287
vt 0.269250 0.951034
vt 0.230453 0.930956
vt 0.237347 0.918748
vt 0.250204 0.983079
vt 0.242424 0.986136
vt 0.298737 0.864572
vt 0.302523 0.867594
vt 0.293730 0.863256
vt 0.319312 0.863137
vt 0.324639 0.843674
vt 0.275047 0.863306
vt 0.270891 0.863977
vt 0.293202 0.917984
vt 0.297235 0.904369
vt 0.300973 0.891183
vt 0.304431 0.877299
vt 0.304488 0.872031
vt 0.246480 0.906209
vt 0.243630 0.901170
vt 0.274315 0.935970
vt 0.229771 0.911311
vt 0.234524 0.915920
vt 0.242594 0.895488
vt 0.243581 0.889807
vt 0.259575 0.870251
vt 0.262678 0.867622
vt 0.266626 0.865449
vt 0.247892 0.883036
vt 0.234202 0.988069
vt 0.225839 0.989038
vt 0.278508 0.938620
vt 0.226466 0.927908
vt 0.221902 0.925932
vt 0.285915 0.936849
vt 0.282475 0.938881
vt 0.288562 0.932509
vt 0.922123 0.438822
vt 0.922123 0.436127
vt 0.905670 0.436127
vt 0.905670 0.438822
vt 0.922123 0.433200
vt 0.905670 0.433200
vt 0.922123 0.430489
vt 0.905670 0.430489
vt 0.888159 0.436127
vt 0.888159 0.438822
vt 0.888159 0.433200
vt 0.888159 0.430489
vt 0.940401 0.433200
vt 0.940401 0.430489
vt 0.940401 0.436127
vt 0.940401 0.438822
vt 0.960328 0.433200
vt 0.960328 0.430489
vt 0.960328 0.436127
vt 0.960328 0.438822
vt 0.560926 0.438822
vt 0.560926 0.436127
vt 0.540461 0.436127
vt 0.540461 0.438822
vt 0.560926 0.433200
vt 0.540461 0.433200
vt 0.560926 0.430489
vt 0.540461 0.430489
vt 0.703466 0.430489
vt 0.703466 0.433200
vt 0.722421 0.433200
vt 0.722421 0.430489
vt 0.703466 0.436127
vt 0.722421 0.436127
vt 0.703466 0.438822
vt 0.722421 0.438822
vt 0.741093 0.433200
vt 0.741093 0.430489
vt 0.741093 0.436127
vt 0.741093 0.438822
vt 0.794818 0.438822
vt 0.794818 0.436127
vt 0.776265 0.436127
vt 0.776265 0.438822
vt 0.794818 0.433200
vt 0.776265 0.433200
vt 0.794818 0.430489
vt 0.776265 0.430489
vt 0.831732 0.430489
vt 0.831732 0.433200
vt 0.850805 0.433200
vt 0.850805 0.430489
vt 0.831732 0.436127
vt 0.850805 0.436127
vt 0.831732 0.438822
vt 0.850805 0.438822
vt 0.520477 0.436127
vt 0.520477 0.438822
vt 0.520477 0.433200
vt 0.520477 0.430489
vt 0.602790 0.438822
vt 0.602790 0.436127
vt 0.580825 0.436127
vt 0.580825 0.438822
vt 0.602790 0.433200
vt 0.580825 0.433200
vt 0.602790 0.430489
vt 0.580825 0.430489
vt 0.683962 0.438822
vt 0.683962 0.436127
vt 0.664283 0.436127
vt 0.664283 0.438822
vt 0.683962 0.433200
vt 0.664283 0.433200
vt 0.683962 0.430489
vt 0.664283 0.430489
vt 0.644268 0.430489
vt 0.644268 0.433200
vt 0.644268 0.436127
vt 0.644268 0.438822
vt 0.622417 0.438822
vt 0.622417 0.436127
vt 0.622417 0.433200
vt 0.622417 0.430489
vt 0.813608 0.438822
vt 0.813608 0.436127
vt 0.813608 0.433200
vt 0.813608 0.430489
vt 0.869708 0.436127
vt 0.869708 0.438822
vt 0.869708 0.433200
vt 0.869708 0.430489
vt 0.759106 0.433200
vt 0.759106 0.430489
vt 0.759106 0.436127
vt 0.759106 0.438822
vt 0.980048 0.433200
vt 0.980048 0.430489
vt 0.980048 0.436127
vt 0.980048 0.438822
vt 0.999512 0.433200
vt 0.999512 0.430489
vt 0.999512 0.436127
vt 0.999512 0.438822
vt 0.234977 0.618440
vt 0.271791 0.626423
vt 0.296659 0.647025
vt 0.286542 0.634844
vt 0.304651 0.662800
vt 0.312822 0.680792
vt 0.297158 0.940591
vt 0.303726 0.919705
vt 0.314221 0.882663
vt 0.309055 0.901322
vt 0.329716 0.824927
vt 0.334586 0.804961
vt 0.253810 0.621168
vt 0.253725 0.993202
vt 0.270048 0.984674
vt 0.337232 0.759604
vt 0.337422 0.783846
vt 0.327854 0.716093
vt 0.320100 0.697298
vt 0.333941 0.735942
vt 0.235918 0.997642
vt 0.283121 0.972547
vt 0.291689 0.956696
vt 0.622417 0.478874
vt 0.622417 0.474746
vt 0.602790 0.474746
vt 0.602790 0.478874
vt 0.622417 0.470041
vt 0.602790 0.470041
vt 0.622417 0.465953
vt 0.602790 0.465953
vt 0.580825 0.474746
vt 0.580825 0.478874
vt 0.580825 0.470041
vt 0.580825 0.465953
vt 0.960328 0.478874
vt 0.960328 0.474746
vt 0.940401 0.474746
vt 0.940401 0.478874
vt 0.960328 0.470041
vt 0.940401 0.470041
vt 0.960328 0.465953
vt 0.940401 0.465953
vt 0.922123 0.474746
vt 0.922123 0.478874
vt 0.922123 0.470041
vt 0.922123 0.465953
vt 0.540461 0.478874
vt 0.540461 0.474746
vt 0.520477 0.474746
vt 0.520477 0.478874
vt 0.540461 0.470041
vt 0.520477 0.470041
vt 0.540461 0.465953
vt 0.520477 0.465953
vt 0.905670 0.474746
vt 0.905670 0.478874
vt 0.905670 0.470041
vt 0.905670 0.465953
vt 0.888159 0.474746
vt 0.888159 0.478874
vt 0.888159 0.470041
vt 0.888159 0.465953
vt 0.741093 0.478874
vt 0.741093 0.474746
vt 0.722421 0.474746
vt 0.722421 0.478874
vt 0.741093 0.470041
vt 0.722421 0.470041
vt 0.741093 0.465953
vt 0.722421 0.465953
vt 0.703466 0.474746
vt 0.703466 0.478874
vt 0.703466 0.470041
vt 0.703466 0.465953
vt 0.664283 0.478874
vt 0.664283 0.474746
vt 0.644268 0.474746
vt 0.644268 0.478874
vt 0.664283 0.470041
vt 0.644268 0.470041
vt 0.664283 0.465953
vt 0.644268 0.465953
vt 0.999512 0.478874
vt 0.999512 0.474746
vt 0.980048 0.474746
vt 0.980048 0.478874
vt 0.999512 0.470041
vt 0.980048 0.470041
vt 0.999512 0.465953
vt 0.980048 0.465953
vt 0.560926 0.474746
vt 0.560926 0.478874
vt 0.560926 0.470041
vt 0.560926 0.465953
vt 0.776265 0.465953
vt 0.776265 0.470041
vt 0.794818 0.470041
vt 0.794818 0.465953
vt 0.776265 0.474746
vt 0.794818 0.474746
vt 0.776265 0.478874
vt 0.794818 0.478874
vt 0.813608 0.470041
vt 0.813608 0.465953
vt 0.813608 0.474746
vt 0.813608 0.478874
vt 0.850805 0.465953
vt 0.850805 0.470041
vt 0.869708 0.470041
vt 0.869708 0.465953
vt 0.850805 0.474746
vt 0.869708 0.474746
vt 0.850805 0.478874
vt 0.869708 0.478874
vt 0.759106 0.470041
vt 0.759106 0.465953
vt 0.759106 0.474746
vt 0.759106 0.478874
vt 0.831732 0.470041
vt 0.831732 0.465953
vt 0.831732 0.474746
vt 0.831732 0.478874
vt 0.683962 0.474746
vt 0.683962 0.478874
vt 0.683962 0.470041
vt 0.683962 0.465953
vt 0.645976 0.681671
vt 0.999072 0.547871
vt 0.980913 0.538401
vt 0.705995 0.658147
vt 0.725209 0.634900
vt 0.688575 0.669881
vt 0.736489 0.616438
vt 0.747066 0.597644
vt 0.942570 0.521725
vt 0.924481 0.515160
vt 0.908677 0.509586
vt 0.892801 0.503655
vt 0.876237 0.497340
vt 0.774342 0.545087
vt 0.781638 0.530173
vt 0.765713 0.562332
vt 0.789422 0.514023
vt 0.797241 0.499129
vt 0.962154 0.529605
vt 0.667268 0.678010
vt 0.814912 0.483486
vt 0.827144 0.481652
vt 0.841775 0.484495
vt 0.805021 0.489373
vt 0.858542 0.490543
vt 0.756694 0.579772
vt 0.730870 0.878397
vt 0.726797 0.879988
vt 0.865072 0.619972
vt 0.862484 0.631983
vt 0.755903 0.782203
vt 0.749316 0.806019
vt 0.744777 0.828637
vt 0.741589 0.849377
vt 0.595812 0.989756
vt 0.595716 0.992531
vt 0.609702 0.992531
vt 0.609747 0.989756
vt 0.595558 0.995384
vt 0.609623 0.995384
vt 0.623526 0.992531
vt 0.623539 0.989756
vt 0.623532 0.995384
vt 0.414394 0.989756
vt 0.414664 0.992531
vt 0.431207 0.992531
vt 0.431141 0.989756
vt 0.414901 0.995384
vt 0.431236 0.995384
vt 0.447383 0.992531
vt 0.447484 0.989756
vt 0.447226 0.995384
vt 0.537146 0.989756
vt 0.536970 0.992531
vt 0.552434 0.992531
vt 0.552553 0.989756
vt 0.536600 0.995384
vt 0.552136 0.995384
vt 0.567508 0.992531
vt 0.567606 0.989756
vt 0.567264 0.995384
vt 0.462558 0.992531
vt 0.462797 0.989756
vt 0.462233 0.995384
vt 0.477171 0.992531
vt 0.477506 0.989756
vt 0.476725 0.995384
vt 0.581784 0.992531
vt 0.581893 0.989756
vt 0.581575 0.995384
vt 0.382396 0.989756
vt 0.383109 0.992531
vt 0.398522 0.992531
vt 0.398002 0.989756
vt 0.384129 0.995384
vt 0.399013 0.995384
vt 0.506957 0.989756
vt 0.506602 0.992531
vt 0.521666 0.992531
vt 0.521932 0.989756
vt 0.506086 0.995384
vt 0.521212 0.995384
vt 0.491789 0.992531
vt 0.492169 0.989756
vt 0.491278 0.995384
vt 0.637378 0.989756
vt 0.637381 0.992531
vt 0.651423 0.992531
vt 0.651377 0.989756
vt 0.637455 0.995384
vt 0.651558 0.995384
vt 0.816149 0.989756
vt 0.816119 0.992531
vt 0.832698 0.992531
vt 0.832932 0.989756
vt 0.816107 0.995384
vt 0.832470 0.995384
vt 0.799767 0.989756
vt 0.799903 0.992531
vt 0.800085 0.995384
vt 0.694554 0.989756
vt 0.694699 0.992531
vt 0.710141 0.992531
vt 0.709907 0.989756
vt 0.695021 0.995384
vt 0.710547 0.995384
vt 0.679591 0.989756
vt 0.679663 0.992531
vt 0.679905 0.995384
vt 0.784434 0.989756
vt 0.784698 0.992531
vt 0.785043 0.995384
vt 0.769710 0.989756
vt 0.770056 0.992531
vt 0.770512 0.995384
vt 0.665334 0.989756
vt 0.665391 0.992531
vt 0.665580 0.995384
vt 0.849303 0.989756
vt 0.848849 0.992531
vt 0.864059 0.992531
vt 0.864776 0.989756
vt 0.848375 0.995384
vt 0.863353 0.995384
vt 0.725168 0.989756
vt 0.725473 0.992531
vt 0.740575 0.992531
vt 0.740212 0.989756
vt 0.725946 0.995384
vt 0.741091 0.995384
vt 0.755032 0.989756
vt 0.755413 0.992531
vt 0.755925 0.995384
vt 0.461833 0.999023
vt 0.476167 0.999023
vt 0.490633 0.999023
vt 0.551670 0.999023
vt 0.566883 0.999023
vt 0.581271 0.999023
vt 0.431237 0.999023
vt 0.447029 0.999023
vt 0.595357 0.999023
vt 0.609520 0.999023
vt 0.399498 0.999023
vt 0.415115 0.999023
vt 0.520573 0.999023
vt 0.536040 0.999023
vt 0.505412 0.999023
vt 0.623564 0.999023
vt 0.637607 0.999023
vt 0.862314 0.999023
vt 0.847886 0.999023
vt 0.385094 0.999023
vt 0.771076 0.999023
vt 0.756568 0.999023
vt 0.785456 0.999023
vt 0.680305 0.999023
vt 0.665896 0.999023
vt 0.695510 0.999023
vt 0.800296 0.999023
vt 0.816108 0.999023
vt 0.651782 0.999023
vt 0.832246 0.999023
vt 0.726586 0.999023
vt 0.711123 0.999023
vt 0.741758 0.999023
vt 0.960123 0.708815
vt 0.946275 0.719690
vt 0.932822 0.735130
vt 0.951441 0.722271
vt 0.921601 0.753407
vt 0.942509 0.740363
vt 0.914421 0.773332
vt 0.934615 0.761134
vt 0.910618 0.796423
vt 0.928905 0.785872
vt 0.909154 0.823904
vt 0.925402 0.815372
vt 0.910584 0.853487
vt 0.925025 0.846890
vt 0.915813 0.882498
vt 0.928890 0.877467
vt 0.923893 0.910067
vt 0.936021 0.906084
vt 0.933482 0.935639
vt 0.945097 0.932154
vt 0.944103 0.958249
vt 0.955415 0.955353
vt 0.955260 0.976759
vt 0.966248 0.974742
vt 0.965507 0.989743
vt 0.975703 0.988786
vt 0.973556 0.996451
vt 0.981942 0.996268
vt 0.980190 0.998799
vt 0.986347 0.999019
vt 0.974135 0.703277
vt 0.969970 0.715299
vt 0.963290 0.732853
vt 0.955277 0.753732
vt 0.948168 0.779074
vt 0.942836 0.809452
vt 0.940661 0.841859
vt 0.942977 0.873083
vt 0.948837 0.901982
vt 0.957016 0.927920
vt 0.966610 0.951221
vt 0.976704 0.971149
vt 0.985096 0.986063
vt 0.989446 0.994388
vt 0.991693 0.997835
vt 0.987660 0.703446
vt 0.987422 0.714816
vt 0.982657 0.731608
vt 0.974973 0.751866
vt 0.966955 0.776718
vt 0.960091 0.806789
vt 0.956247 0.838984
vt 0.956940 0.869895
vt 0.961287 0.898306
vt 0.968234 0.923522
vt 0.976716 0.946451
vt 0.985695 0.966543
vt 0.992815 0.982052
vt 0.995350 0.991183
vt 0.995703 0.995511
vt 0.997152 0.709407
vt 0.999487 0.720990
vt 0.996145 0.736805
vt 0.989515 0.755653
vt 0.981595 0.778877
vt 0.974083 0.807412
vt 0.969258 0.838260
vt 0.968750 0.867898
vt 0.971771 0.895077
vt 0.977495 0.919012
vt 0.984781 0.941077
vt 0.992546 0.960910
vt 0.998453 0.976684
vt 0.999487 0.986555
vt 0.998364 0.991955
vt 0.048150 0.825803
vt 0.048249 0.818613
vt 0.045889 0.818573
vt 0.045788 0.826003
vt 0.048149 0.826020
vt 0.048115 0.834028
vt 0.045755 0.834240
vt 0.048114 0.834245
vt 0.044634 0.825994
vt 0.044605 0.834238
vt 0.044722 0.818541
vt 0.044605 0.843801
vt 0.045755 0.843801
vt 0.048109 0.843606
vt 0.048109 0.843800
vt 0.048117 0.854025
vt 0.048117 0.853867
vt 0.045767 0.854028
vt 0.048145 0.864224
vt 0.048145 0.864105
vt 0.045799 0.864229
vt 0.044616 0.854030
vt 0.044638 0.864234
vt 0.044735 0.875654
vt 0.045870 0.875158
vt 0.048149 0.873813
vt 0.046295 0.876218
vt 0.048256 0.874623
vt 0.045190 0.876750
vt 0.047165 0.877187
vt 0.049185 0.875406
vt 0.049601 0.878998
vt 0.050639 0.876642
vt 0.046649 0.878482
vt 0.049144 0.880255
vt 0.028645 0.350537
vt 0.031123 0.350168
vt 0.030988 0.347045
vt 0.028339 0.347595
vt 0.030946 0.344744
vt 0.028562 0.345029
vt 0.030837 0.343581
vt 0.028423 0.343897
vt 0.018239 0.345199
vt 0.018859 0.346245
vt 0.018900 0.348677
vt 0.017679 0.346274
vt 0.017747 0.348704
vt 0.018942 0.351475
vt 0.017812 0.351496
vt 0.001830 0.350607
vt 0.001388 0.347657
vt 0.000917 0.345146
vt 0.077466 0.800913
vt 0.079184 0.798961
vt 0.078768 0.797962
vt 0.076884 0.800108
vt 0.074643 0.801922
vt 0.075087 0.802825
vt 0.079625 0.797844
vt 0.000635 0.344007
vt 0.079625 0.750263
vt 0.078777 0.750185
vt 0.100064 0.883236
vt 0.101665 0.823088
vt 0.088519 0.827630
vt 0.084244 0.875815
vt 0.101018 0.822165
vt 0.088536 0.826467
vt 0.079180 0.749181
vt 0.102199 0.822010
vt 0.107803 0.823289
vt 0.107840 0.822195
vt 0.108397 0.834382
vt 0.108086 0.827041
vt 0.110073 0.883641
vt 0.110090 0.872275
vt 0.109787 0.862173
vt 0.109305 0.852034
vt 0.108791 0.842551
vt 0.110231 0.823375
vt 0.110157 0.822265
vt 0.110404 0.826938
vt 0.110719 0.834277
vt 0.044875 0.814918
vt 0.046001 0.815499
vt 0.111114 0.842432
vt 0.111630 0.851916
vt 0.112115 0.862083
vt 0.112420 0.872231
vt 0.112420 0.883717
vt 0.046439 0.814438
vt 0.045338 0.813857
vt 0.048078 0.816413
vt 0.048477 0.815305
vt 0.049925 0.810887
vt 0.050754 0.813008
vt 0.053250 0.811212
vt 0.052382 0.809070
vt 0.056482 0.809934
vt 0.055543 0.807693
vt 0.059584 0.809523
vt 0.058577 0.807124
vt 0.060813 0.807122
vt 0.060804 0.809565
vt 0.062028 0.809532
vt 0.063048 0.807141
vt 0.066070 0.807730
vt 0.065119 0.809957
vt 0.066576 0.806480
vt 0.063662 0.805903
vt 0.060818 0.805865
vt 0.021495 0.175188
vt 0.021671 0.178114
vt 0.023805 0.178160
vt 0.023838 0.175071
vt 0.021718 0.181107
vt 0.023850 0.181107
vt 0.057971 0.805879
vt 0.021671 0.184100
vt 0.023805 0.184053
vt 0.055043 0.806435
vt 0.021495 0.187026
vt 0.023838 0.187143
vt 0.017082 0.186697
vt 0.017177 0.183938
vt 0.017195 0.181107
vt 0.016049 0.183924
vt 0.015954 0.186672
vt 0.016056 0.181107
vt 0.017177 0.178276
vt 0.016049 0.178290
vt 0.017082 0.175516
vt 0.015954 0.175542
vt 0.002880 0.175264
vt 0.003005 0.178174
vt 0.002997 0.181107
vt 0.063859 0.741958
vt 0.063869 0.740934
vt 0.060873 0.740973
vt 0.060953 0.741989
vt 0.057970 0.741492
vt 0.058207 0.742470
vt 0.066764 0.742045
vt 0.066864 0.741032
vt 0.003005 0.184040
vt 0.069500 0.742580
vt 0.069757 0.741607
vt 0.002880 0.186950
vt 0.072372 0.743903
vt 0.072799 0.743001
vt 0.002498 0.190243
vt 0.015740 0.189771
vt 0.016880 0.189806
vt 0.016622 0.192622
vt 0.015459 0.192504
vt 0.001956 0.193167
vt 0.015299 0.198549
vt 0.014090 0.198470
vt 0.000618 0.199012
vt 0.074613 0.745660
vt 0.075174 0.744840
vt 0.063254 0.803886
vt 0.068971 0.803805
vt 0.071754 0.803273
vt 0.020806 0.193175
vt 0.021178 0.190289
vt 0.021045 0.199492
vt 0.023629 0.193569
vt 0.023761 0.190572
vt 0.023404 0.199851
vt 0.051977 0.807724
vt 0.049574 0.809438
vt 0.051906 0.801700
vt 0.054768 0.803108
vt 0.057540 0.803694
vt 0.055310 0.743736
vt 0.053035 0.745449
vt 0.048783 0.749892
vt 0.047859 0.797660
vt 0.049701 0.799842
vt 0.063244 0.804921
vt 0.057430 0.804712
vt 0.069061 0.804826
vt 0.054490 0.804085
vt 0.002174 0.368290
vt 0.002118 0.371217
vt 0.017868 0.370556
vt 0.017901 0.367817
vt 0.017922 0.362566
vt 0.002054 0.362566
vt 0.019043 0.362566
vt 0.019020 0.367825
vt 0.018987 0.370569
vt 0.019020 0.357307
vt 0.017901 0.357315
vt 0.002174 0.356842
vt 0.018987 0.354563
vt 0.017868 0.354576
vt 0.002118 0.353915
vt 0.072013 0.804257
vt 0.029103 0.356808
vt 0.028926 0.353852
vt 0.031079 0.356717
vt 0.031157 0.353651
vt 0.052249 0.881544
vt 0.052686 0.880327
vt 0.055140 0.882080
vt 0.055588 0.880850
vt 0.060705 0.881927
vt 0.060702 0.880931
vt 0.031231 0.362566
vt 0.029198 0.362566
vt 0.066252 0.882038
vt 0.065798 0.880818
vt 0.029103 0.368324
vt 0.031079 0.368415
vt 0.028926 0.371280
vt 0.031157 0.371481
vt 0.068676 0.880278
vt 0.069120 0.881482
vt 0.018942 0.373657
vt 0.028645 0.374595
vt 0.031123 0.374964
vt 0.017812 0.373636
vt 0.017747 0.376428
vt 0.018900 0.376455
vt 0.028339 0.377537
vt 0.017679 0.378858
vt 0.018859 0.378887
vt 0.028562 0.380103
vt 0.030988 0.378087
vt 0.030946 0.380388
vt 0.028423 0.381235
vt 0.030837 0.381551
vt 0.018239 0.379933
vt 0.075422 0.875107
vt 0.074997 0.876161
vt 0.076092 0.876690
vt 0.076547 0.875607
vt 0.074135 0.877123
vt 0.074650 0.878407
vt 0.073143 0.873755
vt 0.073040 0.874569
vt 0.072118 0.875359
vt 0.071727 0.878934
vt 0.070681 0.876602
vt 0.072190 0.880179
vt 0.067587 0.878080
vt 0.064566 0.878600
vt 0.060699 0.878538
vt 0.056814 0.878611
vt 0.053767 0.878105
vt 0.075662 0.864207
vt 0.073329 0.864182
vt 0.075740 0.854033
vt 0.073394 0.854025
vt 0.073330 0.864064
vt 0.076821 0.864224
vt 0.076890 0.854039
vt 0.076920 0.843818
vt 0.075771 0.843816
vt 0.073418 0.843813
vt 0.073394 0.853868
vt 0.075782 0.834260
vt 0.073424 0.834262
vt 0.073418 0.843618
vt 0.075756 0.826032
vt 0.073400 0.826046
vt 0.073424 0.834045
vt 0.076908 0.826023
vt 0.076931 0.834260
vt 0.076817 0.818594
vt 0.075654 0.818627
vt 0.073310 0.818673
vt 0.073399 0.825829
vt 0.075537 0.815567
vt 0.073459 0.816480
vt 0.075101 0.814507
vt 0.073060 0.815368
vt 0.071642 0.810948
vt 0.070801 0.813057
vt 0.069208 0.809122
vt 0.068329 0.811249
vt 0.069620 0.807785
vt 0.072000 0.809507
vt 0.021178 0.171925
vt 0.023761 0.171641
vt 0.020806 0.169039
vt 0.023629 0.168644
vt 0.016622 0.169592
vt 0.016880 0.172408
vt 0.015459 0.169709
vt 0.015740 0.172442
vt 0.015299 0.163664
vt 0.014090 0.163743
vt 0.021045 0.162722
vt 0.011890 0.381877
vt 0.010709 0.381722
vt 0.011243 0.382800
vt 0.005069 0.381906
vt 0.005106 0.383001
vt 0.002752 0.381977
vt 0.002678 0.383086
vt 0.023404 0.162363
vt 0.076658 0.814988
vt 0.076200 0.813932
vt 0.004823 0.386753
vt 0.002504 0.386650
vt 0.004511 0.394094
vt 0.002190 0.393988
vt 0.012845 0.442948
vt 0.004118 0.402262
vt 0.003604 0.411746
vt 0.003122 0.421885
vt 0.002818 0.431987
vt 0.002836 0.443353
vt 0.001794 0.402143
vt 0.001278 0.411627
vt 0.000794 0.421795
vt 0.000488 0.431943
vt 0.000488 0.443428
vt 0.024390 0.387342
vt 0.024372 0.386178
vt 0.028664 0.435527
vt 0.000917 0.379986
vt 0.000635 0.381125
vt 0.047424 0.798651
vt 0.047005 0.797525
vt 0.047934 0.749953
vt 0.049104 0.800636
vt 0.051445 0.802594
vt 0.001830 0.374525
vt 0.001388 0.377475
vt 0.052490 0.744618
vt 0.048400 0.748880
vt 0.054901 0.742826
vt 0.001956 0.169046
vt 0.002498 0.171970
vt 0.000618 0.163201
vt 0.797558 0.700690
vt 0.803287 0.694949
vt 0.780895 0.693286
vt 0.790530 0.704748
vt 0.782694 0.706861
vt 0.774578 0.706861
vt 0.766735 0.704773
vt 0.759709 0.700721
vt 0.753980 0.695038
vt 0.749965 0.688122
vt 0.747889 0.680441
vt 0.778654 0.676365
vt 0.809419 0.672290
vt 0.809415 0.680247
vt 0.807339 0.687970
vt 0.790573 0.647958
vt 0.782731 0.645870
vt 0.776413 0.659445
vt 0.797599 0.652010
vt 0.774615 0.645870
vt 0.766778 0.647983
vt 0.759750 0.652041
vt 0.754021 0.657782
vt 0.749970 0.664761
vt 0.747894 0.672484
vt 0.807343 0.664609
vt 0.803328 0.657693
s 1
f 1/1/1 2/2/2 3/3/3
f 1/1/1 3/3/3 4/4/4
f 5/5/5 6/1/1 7/4/6
f 5/5/5 7/4/6 8/6/7
f 9/7/8 10/8/9 11/1/1
f 9/7/8 11/1/1 12/5/5
f 13/1/1 14/8/9 15/9/10
f 13/1/1 15/9/10 16/2/2
f 17/9/10 18/10/11 19/11/12
f 17/9/10 19/11/12 20/2/2
f 21/2/2 22/11/12 23/12/13
f 21/2/2 23/12/13 24/3/3
f 25/8/9 26/13/14 27/14/15
f 25/8/9 27/14/15 28/9/16
f 29/14/15 30/15/17 31/10/11
f 29/14/15 31/10/11 32/9/10
f 33/13/14 34/16/18 35/17/19
f 33/13/14 35/17/19 36/14/20
f 37/17/19 38/18/21 39/15/22
f 37/17/19 39/15/22 40/14/20
f 41/16/18 42/19/23 43/20/24
f 41/16/18 43/20/24 44/17/19
f 45/20/24 46/21/25 47/18/21
f 45/20/24 47/18/21 48/17/19
f 49/19/26 50/22/27 51/23/28
f 49/19/26 51/23/28 52/20/24
f 53/23/28 54/24/29 55/21/25
f 53/23/28 55/21/25 56/20/24
f 57/22/27 58/25/30 59/26/31
f 57/22/27 59/26/31 60/23/28
f 61/26/31 62/27/32 63/24/29
f 61/26/31 63/24/29 64/23/28
f 65/28/33 66/4/6 67/3/3
f 65/28/33 67/3/3 68/29/31
f 69/3/3 70/12/13 71/30/34
f 69/3/3 71/30/34 72/29/31
f 73/30/34 74/12/13 75/31/35
f 73/30/34 75/31/35 76/32/36
f 77/24/29 78/27/34 79/33/36
f 77/24/29 79/33/36 80/34/37
f 81/11/38 82/35/39 83/31/40
f 81/11/38 83/31/40 84/12/13
f 85/31/35 86/36/41 87/37/42
f 85/31/35 87/37/42 88/32/36
f 89/35/39 90/38/43 91/36/44
f 89/35/39 91/36/44 92/31/35
f 93/39/45 94/40/46 95/38/43
f 93/39/45 95/38/43 96/35/39
f 97/11/47 98/10/11 99/39/45
f 97/11/47 99/39/45 100/35/39
f 101/41/48 102/42/49 103/40/50
f 101/41/48 103/40/50 104/39/45
f 105/10/11 106/15/51 107/41/52
f 105/10/11 107/41/52 108/39/45
f 109/43/53 110/44/54 111/42/49
f 109/43/53 111/42/49 112/41/52
f 113/15/55 114/18/21 115/43/53
f 113/15/55 115/43/53 116/41/52
f 117/45/56 118/46/57 119/44/58
f 117/45/56 119/44/58 120/43/53
f 121/18/21 122/21/25 123/45/56
f 121/18/21 123/45/56 124/43/53
f 125/34/37 126/47/59 127/46/57
f 125/34/37 127/46/57 128/45/56
f 129/21/25 130/24/29 131/34/37
f 129/21/25 131/34/37 132/45/56
f 133/33/60 134/48/42 135/47/61
f 133/33/60 135/47/61 136/34/37
f 137/47/61 138/48/42 139/49/62
f 137/47/61 139/49/62 140/50/63
f 141/46/57 142/47/64 143/50/63
f 141/46/57 143/50/63 144/51/65
f 145/37/42 146/36/66 147/52/67
f 145/37/42 147/52/67 148/53/68
f 149/52/69 150/54/70 151/55/71
f 149/52/69 151/55/71 152/53/68
f 153/49/62 154/56/71 155/57/72
f 153/49/62 155/57/72 156/50/63
f 157/58/73 158/59/74 159/54/75
f 157/58/73 159/54/75 160/52/67
f 161/38/76 162/58/73 163/52/67
f 161/38/76 163/52/67 164/36/77
f 165/60/78 166/61/79 167/59/74
f 165/60/78 167/59/74 168/58/80
f 169/38/43 170/40/50 171/60/78
f 169/38/43 171/60/78 172/58/73
f 173/62/81 174/63/82 175/61/79
f 173/62/81 175/61/79 176/60/78
f 177/40/50 178/42/49 179/62/83
f 177/40/50 179/62/83 180/60/78
f 181/64/84 182/65/85 183/63/86
f 181/64/84 183/63/86 184/62/81
f 185/42/49 186/44/58 187/64/84
f 185/42/49 187/64/84 188/62/87
f 189/51/88 190/66/89 191/65/85
f 189/51/88 191/65/85 192/64/84
f 193/44/58 194/46/57 195/51/90
f 193/44/58 195/51/90 196/64/84
f 197/50/63 198/57/72 199/66/89
f 197/50/63 199/66/89 200/51/65
f 201/66/89 202/57/72 203/67/91
f 201/66/89 203/67/91 204/68/92
f 205/65/85 206/66/89 207/68/92
f 205/65/85 207/68/92 208/69/93
f 209/57/72 210/56/71 211/70/94
f 209/57/72 211/70/94 212/67/95
f 213/70/94 214/71/96 215/72/97
f 213/70/94 215/72/97 216/67/91
f 217/67/91 218/72/97 219/73/98
f 217/67/91 219/73/98 220/68/92
f 221/74/99 222/75/100 223/76/96
f 221/74/99 223/76/96 224/77/94
f 225/55/71 226/54/75 227/74/101
f 225/55/71 227/74/101 228/77/94
f 229/78/102 230/79/103 231/75/100
f 229/78/102 231/75/100 232/74/104
f 233/59/74 234/78/102 235/74/105
f 233/59/74 235/74/105 236/54/75
f 237/80/106 238/81/107 239/79/103
f 237/80/106 239/79/103 240/78/102
f 241/59/74 242/61/79 243/80/106
f 241/59/74 243/80/106 244/78/102
f 245/82/108 246/83/109 247/81/107
f 245/82/108 247/81/107 248/80/106
f 249/61/79 250/63/82 251/82/110
f 249/61/79 251/82/110 252/80/106
f 253/69/93 254/84/111 255/83/112
f 253/69/93 255/83/112 256/82/113
f 257/63/82 258/65/85 259/69/93
f 257/63/82 259/69/93 260/82/113
f 261/68/92 262/73/98 263/84/111
f 261/68/92 263/84/111 264/69/93
f 265/84/111 266/73/114 267/85/115
f 265/84/111 267/85/115 268/86/116
f 269/83/112 270/84/117 271/86/116
f 269/83/112 271/86/116 272/87/118
f 273/73/98 274/72/97 275/88/119
f 273/73/98 275/88/119 276/85/115
f 277/88/120 278/89/121 279/90/122
f 277/88/120 279/90/122 280/85/115
f 281/85/115 282/90/123 283/91/124
f 281/85/115 283/91/124 284/86/125
f 285/92/126 286/93/127 287/89/128
f 285/92/126 287/89/128 288/88/119
f 289/72/129 290/71/96 291/92/126
f 289/72/129 291/92/126 292/88/119
f 293/94/130 294/95/131 295/96/132
f 293/94/130 295/96/132 296/97/126
f 297/76/133 298/75/100 299/94/130
f 297/76/133 299/94/130 300/97/126
f 301/98/134 302/99/135 303/95/131
f 301/98/134 303/95/131 304/94/136
f 305/79/103 306/98/137 307/94/136
f 305/79/103 307/94/136 308/75/100
f 309/100/138 310/101/139 311/99/135
f 309/100/138 311/99/135 312/98/140
f 313/79/103 314/81/107 315/100/138
f 313/79/103 315/100/138 316/98/137
f 317/87/118 318/102/141 319/101/139
f 317/87/118 319/101/139 320/100/138
f 321/81/107 322/83/112 323/87/118
f 321/81/107 323/87/118 324/100/138
f 325/86/142 326/91/143 327/102/141
f 325/86/142 327/102/141 328/87/118
f 329/103/141 330/104/124 331/105/144
f 329/103/141 331/105/144 332/106/145
f 333/107/146 334/103/141 335/106/147
f 333/107/146 335/106/147 336/108/148
f 337/104/124 338/109/149 339/110/150
f 337/104/124 339/110/150 340/105/144
f 341/110/151 342/111/152 343/112/153
f 341/110/151 343/112/153 344/105/144
f 345/105/144 346/112/153 347/113/154
f 345/105/144 347/113/154 348/106/145
f 349/114/155 350/115/156 351/111/152
f 349/114/155 351/111/152 352/110/150
f 353/109/122 354/116/121 355/114/157
f 353/109/122 355/114/157 356/110/158
f 357/117/159 358/118/160 359/115/156
f 357/117/159 359/115/156 360/114/161
f 361/116/162 362/119/132 363/117/163
f 361/116/162 363/117/163 364/114/164
f 365/120/165 366/121/166 367/122/167
f 365/120/165 367/122/167 368/123/159
f 369/124/168 370/125/131 371/120/165
f 369/124/168 371/120/165 372/123/159
f 373/126/169 374/127/170 375/121/166
f 373/126/169 375/121/166 376/120/165
f 377/128/135 378/126/169 379/120/165
f 377/128/135 379/120/165 380/125/131
f 381/108/148 382/129/171 383/127/170
f 381/108/148 383/127/170 384/126/169
f 385/128/135 386/107/139 387/108/148
f 385/128/135 387/108/148 388/126/169
f 389/106/145 390/113/172 391/129/171
f 389/106/145 391/129/171 392/108/148
f 393/129/171 394/113/154 395/130/173
f 393/129/171 395/130/173 396/131/174
f 397/127/170 398/129/171 399/131/174
f 397/127/170 399/131/174 400/132/175
f 401/113/154 402/112/153 403/133/176
f 401/113/154 403/133/176 404/130/177
f 405/133/178 406/134/179 407/135/180
f 405/133/178 407/135/180 408/130/177
f 409/130/173 410/135/180 411/136/181
f 409/130/173 411/136/181 412/131/182
f 413/137/183 414/138/184 415/134/179
f 413/137/183 415/134/179 416/133/178
f 417/112/153 418/111/152 419/137/183
f 417/112/153 419/137/183 420/133/178
f 421/139/185 422/140/186 423/138/184
f 421/139/185 423/138/184 424/137/183
f 425/111/152 426/115/156 427/139/187
f 425/111/152 427/139/187 428/137/183
f 429/141/188 430/142/189 431/140/186
f 429/141/188 431/140/186 432/139/187
f 433/115/156 434/118/167 435/141/188
f 433/115/156 435/141/188 436/139/187
f 437/143/190 438/144/191 439/145/189
f 437/143/190 439/145/189 440/146/188
f 441/122/167 442/121/166 443/143/190
f 441/122/167 443/143/190 444/146/188
f 445/132/175 446/147/192 447/144/191
f 445/132/175 447/144/191 448/143/190
f 449/127/170 450/132/193 451/143/190
f 449/127/170 451/143/190 452/121/166
f 453/131/194 454/136/181 455/147/192
f 453/131/194 455/147/192 456/132/175
f 457/147/192 458/136/181 459/148/195
f 457/147/192 459/148/195 460/149/196
f 461/147/192 462/149/196 463/150/197
f 461/147/192 463/150/197 464/144/191
f 465/136/181 466/135/180 467/151/198
f 465/136/181 467/151/198 468/148/195
f 469/151/199 470/152/200 471/153/201
f 469/151/199 471/153/201 472/148/195
f 473/148/195 474/153/201 475/154/202
f 473/148/195 475/154/202 476/149/196
f 477/155/203 478/156/204 479/152/205
f 477/155/203 479/152/205 480/151/206
f 481/135/207 482/134/179 483/155/208
f 481/135/207 483/155/208 484/151/199
f 485/157/209 486/158/210 487/156/204
f 485/157/209 487/156/204 488/155/203
f 489/134/179 490/138/184 491/157/209
f 489/134/179 491/157/209 492/155/203
f 493/159/211 494/160/212 495/158/213
f 493/159/211 495/158/213 496/157/209
f 497/138/184 498/140/186 499/159/214
f 497/138/184 499/159/214 500/157/209
f 501/161/215 502/162/216 503/160/212
f 501/161/215 503/160/212 504/159/214
f 505/140/186 506/142/217 507/161/218
f 505/140/186 507/161/218 508/159/214
f 509/150/197 510/163/219 511/164/216
f 509/150/197 511/164/216 512/165/220
f 513/145/189 514/144/191 515/150/197
f 513/145/189 515/150/197 516/165/218
f 517/149/196 518/154/202 519/163/219
f 517/149/196 519/163/219 520/150/221
f 521/154/202 522/166/222 523/167/223
f 521/154/202 523/167/223 524/163/224
f 525/164/216 526/163/219 527/167/225
f 525/164/216 527/167/225 528/168/226
f 529/167/227 530/169/228 531/170/229
f 529/167/227 531/170/229 532/168/226
f 533/166/222 534/171/230 535/169/231
f 533/166/222 535/169/231 536/167/232
f 537/172/233 538/173/229 539/174/234
f 537/172/233 539/174/234 540/175/235
f 541/160/212 542/162/216 543/172/233
f 541/160/212 543/172/233 544/175/235
f 545/175/235 546/174/236 547/176/237
f 545/175/235 547/176/237 548/177/238
f 549/158/213 550/160/212 551/175/235
f 549/158/213 551/175/235 552/177/238
f 553/177/238 554/176/237 555/178/239
f 553/177/238 555/178/239 556/179/240
f 557/156/241 558/158/213 559/177/242
f 557/156/241 559/177/242 560/179/240
f 561/179/240 562/178/243 563/180/244
f 561/179/240 563/180/244 564/181/245
f 565/152/205 566/156/204 567/179/240
f 565/152/205 567/179/240 568/181/245
f 569/181/246 570/180/244 571/182/247
f 569/181/246 571/182/247 572/183/248
f 573/153/201 574/152/205 575/181/245
f 573/153/201 575/181/245 576/183/248
f 577/183/249 578/182/247 579/171/230
f 577/183/249 579/171/230 580/166/222
f 581/154/202 582/153/201 583/183/249
f 581/154/202 583/183/249 584/166/222
f 585/182/247 586/180/244 587/184/250
f 585/182/247 587/184/250 588/185/251
f 589/171/230 590/182/252 591/185/253
f 589/171/230 591/185/253 592/186/254
f 593/171/230 594/186/254 595/187/255
f 593/171/230 595/187/255 596/169/231
f 597/185/253 598/188/256 599/189/257
f 597/185/253 599/189/257 600/186/254
f 601/186/254 602/189/257 603/190/258
f 601/186/254 603/190/258 604/187/255
f 605/187/255 606/190/258 607/191/259
f 605/187/255 607/191/259 608/192/260
f 609/170/229 610/169/231 611/187/255
f 609/170/229 611/187/255 612/192/260
f 613/193/260 614/194/259 615/195/261
f 613/193/260 615/195/261 616/196/262
f 617/174/236 618/173/229 619/193/260
f 617/174/236 619/193/260 620/196/262
f 621/196/262 622/195/261 623/197/263
f 621/196/262 623/197/263 624/198/264
f 625/176/237 626/174/265 627/196/262
f 625/176/237 627/196/262 628/198/264
f 629/198/264 630/197/263 631/199/266
f 629/198/264 631/199/266 632/200/267
f 633/178/239 634/176/237 635/198/264
f 633/178/239 635/198/264 636/200/267
f 637/200/267 638/199/266 639/201/268
f 637/200/267 639/201/268 640/184/250
f 641/180/244 642/178/243 643/200/267
f 641/180/244 643/200/267 644/184/269
f 645/184/250 646/201/270 647/188/256
f 645/184/250 647/188/256 648/185/253
f 649/201/268 650/199/271 651/202/272
f 649/201/268 651/202/272 652/203/273
f 653/188/256 654/201/268 655/203/273
f 653/188/256 655/203/273 656/204/274
f 657/189/257 658/188/256 659/204/275
f 657/189/257 659/204/275 660/205/276
f 661/203/273 662/206/277 663/207/278
f 661/203/273 663/207/278 664/204/275
f 665/204/279 666/207/278 667/208/280
f 665/204/279 667/208/280 668/205/281
f 669/205/276 670/208/282 671/209/283
f 669/205/276 671/209/283 672/210/284
f 673/189/257 674/205/276 675/210/285
f 673/189/257 675/210/285 676/190/286
f 677/210/285 678/209/287 679/211/288
f 677/210/285 679/211/288 680/212/289
f 681/191/259 682/190/290 683/210/291
f 681/191/259 683/210/291 684/212/289
f 685/213/289 686/214/292 687/215/293
f 685/213/289 687/215/293 688/216/294
f 689/195/261 690/194/259 691/213/289
f 689/195/261 691/213/289 692/216/294
f 693/216/295 694/215/296 695/217/297
f 693/216/295 695/217/297 696/218/298
f 697/197/263 698/195/261 699/216/295
f 697/197/263 699/216/295 700/218/298
f 701/218/298 702/217/297 703/219/299
f 701/218/298 703/219/299 704/202/300
f 705/199/266 706/197/263 707/218/298
f 705/199/266 707/218/298 708/202/300
f 709/202/301 710/219/302 711/206/277
f 709/202/301 711/206/277 712/203/273
f 713/219/302 714/217/297 715/220/303
f 713/219/302 715/220/303 716/221/304
f 717/206/277 718/219/302 719/221/305
f 717/206/277 719/221/305 720/222/306
f 721/207/307 722/206/277 723/222/308
f 721/207/307 723/222/308 724/7/8
f 725/221/309 726/16/18 727/13/14
f 725/221/309 727/13/14 728/222/310
f 729/222/310 730/13/14 731/8/9
f 729/222/310 731/8/9 732/7/8
f 733/208/280 734/207/278 735/7/8
f 733/208/280 735/7/8 736/5/5
f 737/220/311 738/19/312 739/16/18
f 737/220/311 739/16/18 740/221/309
f 741/223/313 742/22/27 743/19/23
f 741/223/313 743/19/23 744/220/311
f 745/217/297 746/215/296 747/223/313
f 745/217/297 747/223/313 748/220/311
f 749/224/314 750/25/30 751/22/27
f 749/224/314 751/22/27 752/223/313
f 753/215/296 754/214/288 755/224/314
f 753/215/296 755/224/314 756/223/313
f 757/6/315 758/4/6 759/28/30
f 757/6/315 759/28/30 760/225/314
f 761/211/288 762/209/316 763/6/315
f 761/211/288 763/6/315 764/225/314
f 765/208/280 766/5/5 767/6/7
f 765/208/280 767/6/7 768/209/287
f 778/226/317 779/227/318 769/228/319
f 769/228/319 770/229/318 771/230/320
f 771/230/320 772/231/321 773/232/317
f 773/232/317 774/233/318 775/234/317
f 775/234/317 776/235/322 777/236/323
f 777/236/323 778/226/317 769/228/319
f 769/228/319 771/230/320 773/232/317
f 773/232/317 775/234/317 777/236/323
f 777/236/323 769/228/319 773/232/317
f 780/237/324 781/238/325 782/239/325
f 780/237/324 782/239/325 783/240/326
f 784/241/327 785/242/328 786/243/329
f 784/241/327 786/243/329 787/244/330
f 788/245/331 789/246/332 790/247/332
f 788/245/331 790/247/332 791/248/333
f 792/249/334 793/250/335 794/251/336
f 792/249/334 794/251/336 795/252/337
f 796/253/338 797/254/339 798/255/340
f 796/253/338 798/255/340 799/256/341
f 800/257/342 801/258/343 802/259/343
f 800/257/342 802/259/343 803/260/342
f 804/261/344 805/262/345 806/263/345
f 804/261/344 806/263/345 807/264/344
f 808/265/346 809/266/347 810/267/347
f 808/265/346 810/267/347 811/268/346
f 812/250/336 813/269/348 814/270/349
f 812/250/336 814/270/349 815/251/350
f 816/258/351 817/243/328 818/242/352
f 816/258/351 818/242/352 819/259/343
f 820/271/353 821/272/354 822/273/355
f 820/271/353 822/273/355 823/274/356
f 824/244/357 825/245/358 826/248/359
f 824/244/357 826/248/359 827/241/357
f 828/272/354 829/253/341 830/256/360
f 828/272/354 830/256/360 831/273/354
f 832/246/361 833/275/362 834/276/363
f 832/246/361 834/276/363 835/247/361
f 836/275/364 837/277/365 838/278/366
f 836/275/364 838/278/366 839/276/363
f 840/278/365 841/277/365 842/279/367
f 840/278/365 842/279/367 843/280/368
f 844/264/369 845/249/334 846/252/334
f 844/264/369 846/252/334 847/261/344
f 848/281/370 849/282/370 850/283/371
f 848/281/370 850/283/371 851/284/372
f 852/285/373 853/286/374 854/284/372
f 852/285/373 854/284/372 855/287/375
f 856/269/348 857/288/376 858/289/377
f 856/269/348 858/289/377 859/270/378
f 860/290/379 861/287/375 862/284/380
f 863/288/376 864/282/370 865/281/381
f 863/288/376 865/281/381 866/289/376
f 867/254/382 868/291/383 869/292/383
f 867/254/382 869/292/383 870/255/339
f 871/291/384 872/293/385 873/294/386
f 871/291/384 873/294/386 874/292/383
f 875/285/387 876/295/388 877/296/388
f 875/285/387 877/296/388 878/286/374
f 879/293/389 880/239/325 881/238/325
f 879/293/389 881/238/325 882/294/389
f 883/262/345 884/265/346 885/268/346
f 883/262/345 885/268/346 886/263/345
f 887/267/347 888/266/390 889/237/324
f 887/267/347 889/237/324 890/240/326
f 891/297/391 892/298/392 893/299/393
f 891/297/391 893/299/393 894/300/394
f 895/301/395 896/280/396 897/279/397
f 895/301/395 897/279/397 898/302/398
f 899/299/393 900/257/342 901/260/342
f 899/299/393 901/260/342 902/300/393
f 903/295/388 904/303/399 905/304/400
f 903/295/388 905/304/400 906/296/388
f 907/305/401 908/271/402 909/274/403
f 907/305/401 909/274/403 910/306/404
f 923/307/405 924/308/318 911/309/406
f 911/309/406 912/310/318 913/311/317
f 913/311/317 914/312/318 915/313/318
f 915/313/318 916/314/407 917/315/318
f 917/315/318 918/316/318 919/317/318
f 919/317/318 920/318/318 921/319/318
f 921/319/318 922/320/408 923/307/405
f 923/307/405 911/309/406 913/311/317
f 913/311/317 915/313/318 917/315/318
f 917/315/318 919/317/318 921/319/318
f 921/319/318 923/307/405 913/311/317
f 913/311/317 917/315/318 921/319/318
f 925/301/409 926/302/410 927/321/411
f 925/301/409 927/321/411 928/322/412
f 929/323/413 930/298/414 931/297/414
f 929/323/413 931/297/414 932/324/415
f 943/325/318 944/326/318 933/327/405
f 933/327/405 934/328/318 935/329/416
f 935/329/416 936/330/318 937/331/319
f 937/331/319 938/332/417 939/333/418
f 939/333/418 940/334/417 941/235/318
f 941/235/318 942/234/318 943/325/318
f 943/325/318 933/327/405 935/329/416
f 935/329/416 937/331/319 939/333/418
f 939/333/418 941/235/318 943/325/318
f 943/325/318 935/329/416 939/333/418
f 945/283/371 946/290/419 947/284/372
f 957/335/405 958/336/318 948/337/318
f 948/337/318 949/338/420 950/339/418
f 950/339/418 951/340/318 952/341/421
f 952/341/421 953/342/318 954/343/317
f 954/343/317 955/344/318 956/345/422
f 956/345/422 957/335/405 948/337/318
f 948/337/318 950/339/418 952/341/421
f 952/341/421 954/343/317 956/345/422
f 956/345/422 948/337/318 952/341/421
f 959/346/423 960/347/424 961/348/425
f 959/346/423 961/348/425 962/349/425
f 963/350/426 964/351/427 965/352/428
f 963/350/426 965/352/428 966/353/429
f 967/354/430 968/355/431 969/356/432
f 967/354/430 969/356/432 970/357/433
f 971/358/434 972/359/435 973/360/436
f 971/358/434 973/360/436 974/361/437
f 975/362/438 976/363/439 977/364/440
f 975/362/438 977/364/440 978/365/441
f 979/366/442 980/367/443 981/368/444
f 979/366/442 981/368/444 982/369/445
f 983/370/446 984/371/447 985/372/448
f 983/370/446 985/372/448 986/373/448
f 987/374/449 988/375/449 989/376/450
f 987/374/449 989/376/450 990/377/451
f 991/361/452 992/360/453 993/378/454
f 991/361/452 993/378/454 994/379/455
f 995/369/456 996/368/457 997/353/428
f 995/369/456 997/353/428 998/352/458
f 999/380/459 1000/381/460 1001/382/461
f 999/380/459 1001/382/461 1002/383/462
f 1003/351/463 1004/350/464 1005/355/430
f 1003/351/463 1005/355/430 1006/354/430
f 1007/383/461 1008/382/461 1009/363/439
f 1007/383/461 1009/363/439 1010/362/465
f 1011/357/432 1012/356/432 1013/384/466
f 1011/357/432 1013/384/466 1014/385/467
f 1015/385/467 1016/384/468 1017/386/469
f 1015/385/467 1017/386/469 1018/387/469
f 1019/386/470 1020/388/471 1021/389/472
f 1019/386/470 1021/389/472 1022/387/469
f 1023/371/447 1024/370/447 1025/359/434
f 1023/371/447 1025/359/434 1026/358/434
f 1027/390/473 1028/391/474 1029/392/475
f 1027/390/473 1029/392/475 1030/393/473
f 1031/394/476 1032/395/477 1033/391/474
f 1031/394/476 1033/391/474 1034/396/478
f 1035/379/454 1036/378/479 1037/397/480
f 1035/379/454 1037/397/480 1038/398/481
f 1039/399/482 1040/391/483 1041/395/477
f 1042/398/481 1043/397/481 1044/390/473
f 1042/398/481 1044/390/473 1045/393/473
f 1046/365/441 1047/364/484 1048/400/485
f 1046/365/441 1048/400/485 1049/401/485
f 1050/401/485 1051/400/486 1052/402/487
f 1050/401/485 1052/402/487 1053/403/488
f 1054/394/476 1055/396/478 1056/404/489
f 1054/394/476 1056/404/489 1057/405/490
f 1058/403/491 1059/402/492 1060/349/425
f 1058/403/491 1060/349/425 1061/348/425
f 1062/373/448 1063/372/448 1064/375/449
f 1062/373/448 1064/375/449 1065/374/449
f 1066/376/450 1067/347/424 1068/346/423
f 1066/376/450 1068/346/423 1069/377/450
f 1070/406/493 1071/407/494 1072/408/495
f 1070/406/493 1072/408/495 1073/409/493
f 1074/410/496 1075/411/497 1076/389/471
f 1074/410/496 1076/389/471 1077/388/498
f 1078/408/494 1079/407/494 1080/367/499
f 1078/408/494 1080/367/499 1081/366/442
f 1082/405/490 1083/404/490 1084/412/500
f 1082/405/490 1084/412/500 1085/413/501
f 1086/414/502 1087/415/503 1088/381/504
f 1086/414/502 1088/381/504 1089/380/504
f 1102/416/505 1103/417/318 1090/418/318
f 1090/418/318 1091/419/318 1092/420/317
f 1092/420/317 1093/320/506 1094/319/323
f 1094/319/323 1095/421/318 1096/422/317
f 1096/422/317 1097/423/318 1098/424/407
f 1098/424/407 1099/425/318 1100/426/320
f 1100/426/320 1101/427/318 1102/416/505
f 1102/416/505 1090/418/318 1092/420/317
f 1092/420/317 1094/319/323 1096/422/317
f 1096/422/317 1098/424/407 1100/426/320
f 1100/426/320 1102/416/505 1092/420/317
f 1092/420/317 1096/422/317 1100/426/320
f 1104/410/496 1105/322/411 1106/321/412
f 1104/410/496 1106/321/412 1107/411/507
f 1108/428/508 1109/429/509 1110/406/510
f 1108/428/508 1110/406/510 1111/409/510
f 1122/430/511 1123/431/318 1112/432/405
f 1112/432/405 1113/433/318 1114/434/318
f 1114/434/318 1115/342/318 1116/341/318
f 1116/341/318 1117/435/318 1118/436/418
f 1118/436/418 1119/437/322 1120/438/512
f 1120/438/512 1121/439/318 1122/430/511
f 1122/430/511 1112/432/405 1114/434/318
f 1114/434/318 1116/341/318 1118/436/418
f 1118/436/418 1120/438/512 1122/430/511
f 1122/430/511 1114/434/318 1118/436/418
f 1124/392/475 1125/391/474 1126/399/513
f 1127/440/514 1128/441/515 1129/442/516
f 1127/440/514 1129/442/516 1130/443/517
f 1131/441/515 1132/444/518 1133/445/519
f 1131/441/515 1133/445/519 1134/442/516
f 1135/444/520 1136/446/521 1137/447/522
f 1135/444/520 1137/447/522 1138/445/519
f 1139/446/521 1140/448/523 1141/449/524
f 1139/446/521 1141/449/524 1142/447/522
f 1143/448/523 1144/450/525 1145/451/526
f 1143/448/523 1145/451/526 1146/449/524
f 1147/450/525 1148/452/527 1149/453/528
f 1147/450/525 1149/453/528 1150/451/526
f 1151/452/527 1152/454/529 1153/455/530
f 1151/452/527 1153/455/530 1154/453/528
f 1155/454/529 1156/456/531 1157/457/532
f 1155/454/529 1157/457/532 1158/455/530
f 1159/456/531 1160/458/533 1161/459/534
f 1159/456/531 1161/459/534 1162/457/532
f 1163/458/533 1164/460/535 1165/461/536
f 1163/458/533 1165/461/536 1166/459/534
f 1167/460/537 1168/462/538 1169/463/539
f 1167/460/537 1169/463/539 1170/461/536
f 1171/462/538 1172/464/540 1173/465/541
f 1171/462/538 1173/465/541 1174/463/539
f 1175/464/540 1176/466/542 1177/467/543
f 1175/464/540 1177/467/543 1178/465/541
f 1179/466/542 1180/468/544 1181/469/545
f 1179/466/542 1181/469/545 1182/467/543
f 1183/470/546 1184/471/547 1185/441/515
f 1183/470/546 1185/441/515 1186/440/548
f 1187/471/547 1188/472/549 1189/444/550
f 1187/471/547 1189/444/550 1190/441/515
f 1191/472/551 1192/473/552 1193/446/521
f 1191/472/551 1193/446/521 1194/444/550
f 1195/473/552 1196/474/553 1197/448/554
f 1195/473/552 1197/448/554 1198/446/521
f 1199/474/555 1200/475/556 1201/450/557
f 1199/474/555 1201/450/557 1202/448/523
f 1203/475/556 1204/476/558 1205/452/527
f 1203/475/556 1205/452/527 1206/450/557
f 1207/476/558 1208/477/559 1209/454/529
f 1207/476/558 1209/454/529 1210/452/527
f 1211/477/560 1212/478/561 1213/456/531
f 1211/477/560 1213/456/531 1214/454/529
f 1215/478/561 1216/479/562 1217/458/533
f 1215/478/561 1217/458/533 1218/456/531
f 1219/479/562 1220/480/563 1221/460/535
f 1219/479/562 1221/460/535 1222/458/533
f 1223/480/564 1224/481/565 1225/462/538
f 1223/480/564 1225/462/538 1226/460/535
f 1227/481/565 1228/482/566 1229/464/540
f 1227/481/565 1229/464/540 1230/462/538
f 1231/482/567 1232/483/568 1233/466/542
f 1231/482/567 1233/466/542 1234/464/540
f 1235/483/569 1236/484/570 1237/468/544
f 1235/483/569 1237/468/544 1238/466/542
f 1239/485/571 1240/486/572 1241/471/573
f 1239/485/571 1241/471/573 1242/470/574
f 1243/486/572 1244/487/575 1245/472/551
f 1243/486/572 1245/472/551 1246/471/547
f 1247/487/575 1248/488/576 1249/473/577
f 1247/487/575 1249/473/577 1250/472/578
f 1251/488/579 1252/489/580 1253/474/553
f 1251/488/579 1253/474/553 1254/473/552
f 1255/489/581 1256/490/582 1257/475/556
f 1255/489/581 1257/475/556 1258/474/553
f 1259/490/582 1260/491/583 1261/476/584
f 1259/490/582 1261/476/584 1262/475/556
f 1263/491/583 1264/492/585 1265/477/586
f 1263/491/583 1265/477/586 1266/476/584
f 1267/492/587 1268/493/588 1269/478/561
f 1267/492/587 1269/478/561 1270/477/586
f 1271/493/588 1272/494/589 1273/479/562
f 1271/493/588 1273/479/562 1274/478/561
f 1275/494/590 1276/495/591 1277/480/564
f 1275/494/590 1277/480/564 1278/479/562
f 1279/495/591 1280/496/592 1281/481/565
f 1279/495/591 1281/481/565 1282/480/564
f 1283/496/592 1284/497/593 1285/482/594
f 1283/496/592 1285/482/594 1286/481/565
f 1287/497/593 1288/498/595 1289/483/596
f 1287/497/593 1289/483/596 1290/482/566
f 1291/498/597 1292/499/598 1293/484/570
f 1291/498/597 1293/484/570 1294/483/569
f 1295/500/599 1296/501/600 1297/486/572
f 1295/500/599 1297/486/572 1298/485/571
f 1299/501/600 1300/502/601 1301/487/575
f 1299/501/600 1301/487/575 1302/486/572
f 1303/502/601 1304/503/602 1305/488/576
f 1303/502/601 1305/488/576 1306/487/575
f 1307/503/602 1308/504/603 1309/489/581
f 1307/503/602 1309/489/581 1310/488/576
f 1311/504/603 1312/505/604 1313/490/582
f 1311/504/603 1313/490/582 1314/489/581
f 1315/505/604 1316/506/605 1317/491/583
f 1315/505/604 1317/491/583 1318/490/582
f 1319/506/605 1320/507/606 1321/492/585
f 1319/506/605 1321/492/585 1322/491/583
f 1323/507/606 1324/508/607 1325/493/608
f 1323/507/606 1325/493/608 1326/492/609
f 1327/508/607 1328/509/610 1329/494/611
f 1327/508/607 1329/494/611 1330/493/588
f 1331/509/610 1332/510/612 1333/495/591
f 1331/509/610 1333/495/591 1334/494/589
f 1335/510/612 1336/511/613 1337/496/592
f 1335/510/612 1337/496/592 1338/495/614
f 1339/511/613 1340/512/615 1341/497/593
f 1339/511/613 1341/497/593 1342/496/592
f 1343/512/615 1344/513/616 1345/498/595
f 1343/512/615 1345/498/595 1346/497/617
f 1347/513/616 1348/514/618 1349/499/598
f 1347/513/616 1349/499/598 1350/498/595
f 1351/515/619 1352/516/620 1353/517/621
f 1351/515/619 1353/517/621 1354/518/622
f 1355/519/623 1356/520/624 1357/521/625
f 1355/519/623 1357/521/625 1358/522/626
f 1359/522/626 1360/521/625 1361/523/627
f 1359/522/626 1361/523/627 1362/524/628
f 1363/525/629 1364/526/630 1365/527/631
f 1363/525/629 1365/527/631 1366/528/632
f 1367/529/633 1368/530/634 1369/531/635
f 1367/529/633 1369/531/635 1370/532/636
f 1371/530/634 1372/533/637 1373/534/638
f 1371/530/634 1373/534/638 1374/531/635
f 1375/531/635 1376/534/638 1377/535/639
f 1375/531/635 1377/535/639 1378/536/640
f 1379/532/636 1380/531/635 1381/536/640
f 1379/532/636 1381/536/640 1382/537/641
f 1383/538/642 1384/539/643 1385/540/644
f 1383/538/642 1385/540/644 1386/541/645
f 1387/539/643 1388/542/646 1389/543/647
f 1387/539/643 1389/543/647 1390/540/644
f 1391/540/644 1392/543/647 1393/544/648
f 1391/540/644 1393/544/648 1394/545/649
f 1395/541/650 1396/540/644 1397/545/649
f 1395/541/650 1397/545/649 1398/546/651
f 1399/547/652 1400/548/653 1401/549/654
f 1399/547/652 1401/549/654 1402/550/655
f 1403/550/655 1404/549/656 1405/551/657
f 1403/550/655 1405/551/657 1406/552/658
f 1407/553/659 1408/554/660 1409/555/661
f 1407/553/659 1409/555/661 1410/556/662
f 1411/556/662 1412/555/663 1413/557/664
f 1411/556/662 1413/557/664 1414/558/665
f 1415/559/666 1416/560/667 1417/561/668
f 1415/559/666 1417/561/668 1418/562/669
f 1419/560/667 1420/563/670 1421/564/671
f 1419/560/667 1421/564/671 1422/561/668
f 1423/561/668 1424/564/671 1425/565/672
f 1423/561/668 1425/565/672 1426/566/673
f 1427/562/669 1428/561/668 1429/566/673
f 1427/562/669 1429/566/673 1430/567/674
f 1431/568/675 1432/569/676 1433/570/677
f 1431/568/675 1433/570/677 1434/571/678
f 1435/569/676 1436/572/679 1437/573/680
f 1435/569/676 1437/573/680 1438/570/677
f 1439/570/677 1440/573/681 1441/574/682
f 1439/570/677 1441/574/682 1442/575/683
f 1443/571/678 1444/570/677 1445/575/683
f 1443/571/678 1445/575/683 1446/576/684
f 1447/542/646 1448/577/685 1449/578/686
f 1447/542/646 1449/578/686 1450/543/687
f 1451/577/685 1452/579/688 1453/580/689
f 1451/577/685 1453/580/689 1454/578/686
f 1455/578/686 1456/580/689 1457/581/690
f 1455/578/686 1457/581/690 1458/582/691
f 1459/543/647 1460/578/686 1461/582/691
f 1459/543/647 1461/582/691 1462/544/648
f 1463/533/637 1464/583/692 1465/584/693
f 1463/533/637 1465/584/693 1466/534/638
f 1467/583/692 1468/547/652 1469/550/655
f 1467/583/692 1469/550/655 1470/584/693
f 1471/584/694 1472/550/655 1473/552/695
f 1471/584/694 1473/552/695 1474/585/696
f 1475/534/638 1476/584/697 1477/585/696
f 1475/534/638 1477/585/696 1478/535/639
f 1479/586/698 1480/587/699 1481/588/700
f 1479/586/698 1481/588/700 1482/589/701
f 1483/587/699 1484/590/702 1485/591/703
f 1483/587/699 1485/591/703 1486/588/700
f 1487/588/704 1488/591/703 1489/592/705
f 1487/588/704 1489/592/705 1490/593/706
f 1491/589/707 1492/588/700 1493/593/708
f 1491/589/707 1493/593/708 1494/594/709
f 1495/595/710 1496/596/711 1497/597/712
f 1495/595/710 1497/597/712 1498/598/713
f 1499/596/711 1500/599/714 1501/600/715
f 1499/596/711 1501/600/715 1502/597/712
f 1503/597/712 1504/600/715 1505/601/716
f 1503/597/712 1505/601/716 1506/602/717
f 1507/598/713 1508/597/712 1509/602/717
f 1507/598/713 1509/602/717 1510/603/718
f 1511/604/719 1512/605/720 1513/606/721
f 1511/604/719 1513/606/721 1514/607/722
f 1515/607/722 1516/606/721 1517/608/723
f 1515/607/722 1517/608/723 1518/609/724
f 1519/590/702 1520/610/725 1521/611/726
f 1519/590/702 1521/611/726 1522/591/703
f 1523/610/725 1524/612/727 1525/613/728
f 1523/610/725 1525/613/728 1526/611/726
f 1527/611/726 1528/613/728 1529/614/729
f 1527/611/726 1529/614/729 1530/615/730
f 1531/591/703 1532/611/731 1533/615/732
f 1531/591/703 1533/615/732 1534/592/705
f 1535/616/733 1536/617/734 1537/618/735
f 1535/616/733 1537/618/735 1538/619/736
f 1539/617/734 1540/586/698 1541/589/701
f 1539/617/734 1541/589/701 1542/618/735
f 1543/618/735 1544/589/737 1545/594/738
f 1543/618/735 1545/594/738 1546/620/739
f 1547/619/736 1548/618/735 1549/620/740
f 1547/619/736 1549/620/740 1550/621/741
f 1551/528/632 1552/527/631 1553/622/742
f 1551/528/632 1553/622/742 1554/623/743
f 1555/624/744 1556/625/745 1557/626/746
f 1555/624/744 1557/626/746 1558/627/747
f 1559/628/748 1560/629/749 1561/630/750
f 1559/628/748 1561/630/750 1562/631/751
f 1563/629/752 1564/632/753 1565/633/754
f 1563/629/752 1565/633/754 1566/630/750
f 1567/630/750 1568/633/754 1569/634/755
f 1567/630/750 1569/634/755 1570/635/756
f 1571/631/751 1572/630/750 1573/635/756
f 1571/631/751 1573/635/756 1574/636/757
f 1575/627/747 1576/626/746 1577/637/758
f 1575/627/747 1577/637/758 1578/638/759
f 1579/638/759 1580/637/758 1581/639/760
f 1579/638/759 1581/639/760 1582/640/761
f 1583/599/714 1584/641/762 1585/642/763
f 1583/599/714 1585/642/763 1586/600/715
f 1587/641/764 1588/616/733 1589/619/736
f 1587/641/764 1589/619/736 1590/642/763
f 1591/642/765 1592/619/736 1593/621/741
f 1591/642/765 1593/621/741 1594/643/766
f 1595/600/715 1596/642/767 1597/643/766
f 1595/600/715 1597/643/766 1598/601/768
f 1599/563/670 1600/644/769 1601/645/770
f 1599/563/670 1601/645/770 1602/564/671
f 1603/644/769 1604/538/642 1605/541/645
f 1603/644/769 1605/541/645 1606/645/770
f 1607/645/770 1608/541/645 1609/546/651
f 1607/645/770 1609/546/651 1610/646/771
f 1611/564/671 1612/645/770 1613/646/771
f 1611/564/671 1613/646/771 1614/565/672
f 1615/572/679 1616/647/772 1617/648/773
f 1615/572/679 1617/648/773 1618/573/774
f 1619/647/772 1620/529/633 1621/532/636
f 1619/647/772 1621/532/636 1622/648/773
f 1623/648/773 1624/532/636 1625/537/641
f 1623/648/773 1625/537/641 1626/649/775
f 1627/573/774 1628/648/773 1629/649/775
f 1627/573/774 1629/649/775 1630/574/682
f 1631/650/776 1632/651/777 1633/652/778
f 1631/650/776 1633/652/778 1634/653/779
f 1635/651/777 1636/654/780 1637/655/781
f 1635/651/777 1637/655/781 1638/652/778
f 1639/652/778 1640/655/781 1641/632/753
f 1639/652/778 1641/632/753 1642/629/749
f 1643/653/779 1644/652/778 1645/629/749
f 1643/653/779 1645/629/749 1646/628/748
f 1647/656/782 1648/657/783 1649/658/784
f 1647/656/782 1649/658/784 1650/659/785
f 1651/657/783 1652/660/786 1653/661/787
f 1651/657/783 1653/661/787 1654/658/784
f 1655/658/784 1656/661/787 1657/529/633
f 1655/658/784 1657/529/633 1658/647/788
f 1659/659/785 1660/658/784 1661/647/788
f 1659/659/785 1661/647/788 1662/572/679
f 1663/565/672 1664/646/771 1665/662/789
f 1663/565/672 1665/662/789 1666/663/790
f 1667/646/771 1668/546/651 1669/664/791
f 1667/646/771 1669/664/791 1670/662/789
f 1671/662/789 1672/664/791 1673/616/792
f 1671/662/789 1673/616/792 1674/641/764
f 1675/663/790 1676/662/789 1677/641/764
f 1675/663/790 1677/641/764 1678/599/714
f 1679/640/793 1680/639/760 1681/520/624
f 1679/640/793 1681/520/624 1682/519/794
f 1683/518/622 1684/517/795 1685/665/796
f 1683/518/622 1685/665/796 1686/666/797
f 1687/636/757 1688/635/798 1689/667/799
f 1687/636/757 1689/667/799 1690/668/800
f 1691/635/798 1692/634/755 1693/669/801
f 1691/635/798 1693/669/801 1694/667/799
f 1695/667/799 1696/669/801 1697/670/802
f 1695/667/799 1697/670/802 1698/671/803
f 1699/668/800 1700/667/799 1701/671/803
f 1699/668/800 1701/671/803 1702/672/804
f 1703/546/651 1704/545/649 1705/673/805
f 1703/546/651 1705/673/805 1706/664/791
f 1707/545/649 1708/544/648 1709/674/806
f 1707/545/649 1709/674/806 1710/673/807
f 1711/673/808 1712/674/809 1713/586/698
f 1711/673/808 1713/586/698 1714/617/734
f 1715/664/791 1716/673/808 1717/617/734
f 1715/664/791 1717/617/734 1718/616/733
f 1719/581/690 1720/675/810 1721/676/811
f 1719/581/690 1721/676/811 1722/677/812
f 1723/675/810 1724/678/813 1725/679/814
f 1723/675/810 1725/679/814 1726/676/811
f 1727/676/811 1728/679/814 1729/612/727
f 1727/676/811 1729/612/727 1730/610/725
f 1731/677/815 1732/676/811 1733/610/816
f 1731/677/815 1733/610/816 1734/590/702
f 1735/612/817 1736/680/818 1737/681/819
f 1735/612/817 1737/681/819 1738/613/728
f 1739/680/818 1740/682/820 1741/683/821
f 1739/680/818 1741/683/821 1742/681/819
f 1743/681/819 1744/683/821 1745/684/822
f 1743/681/819 1745/684/822 1746/685/823
f 1747/613/728 1748/681/819 1749/685/823
f 1747/613/728 1749/685/823 1750/614/729
f 1751/558/824 1752/557/664 1753/686/825
f 1751/558/824 1753/686/825 1754/687/826
f 1755/687/826 1756/686/825 1757/605/720
f 1755/687/826 1757/605/720 1758/604/719
f 1759/567/674 1760/566/673 1761/688/827
f 1759/567/674 1761/688/827 1762/689/828
f 1763/566/673 1764/565/672 1765/663/790
f 1763/566/673 1765/663/790 1766/688/827
f 1767/688/827 1768/663/790 1769/599/714
f 1767/688/827 1769/599/714 1770/596/711
f 1771/689/828 1772/688/827 1773/596/711
f 1771/689/828 1773/596/711 1774/595/829
f 1775/544/648 1776/582/691 1777/690/830
f 1775/544/648 1777/690/830 1778/674/806
f 1779/582/691 1780/581/690 1781/677/831
f 1779/582/691 1781/677/831 1782/690/830
f 1783/690/830 1784/677/831 1785/590/702
f 1783/690/830 1785/590/702 1786/587/699
f 1787/674/809 1788/690/830 1789/587/699
f 1787/674/809 1789/587/699 1790/586/698
f 1791/691/832 1792/692/833 1793/693/834
f 1791/691/832 1793/693/834 1794/694/835
f 1795/692/833 1796/695/836 1797/696/837
f 1795/692/833 1797/696/837 1798/693/834
f 1799/693/834 1800/696/837 1801/547/652
f 1799/693/834 1801/547/652 1802/583/692
f 1803/694/835 1804/693/834 1805/583/692
f 1803/694/835 1805/583/692 1806/533/838
f 1807/697/839 1808/698/840 1809/699/841
f 1807/697/839 1809/699/841 1810/700/842
f 1811/698/840 1812/656/782 1813/659/785
f 1811/698/840 1813/659/785 1814/699/841
f 1815/699/841 1816/659/785 1817/572/679
f 1815/699/841 1817/572/679 1818/569/676
f 1819/700/842 1820/699/841 1821/569/676
f 1819/700/842 1821/569/676 1822/568/675
f 1823/695/836 1824/701/843 1825/702/844
f 1823/695/836 1825/702/844 1826/696/837
f 1827/696/837 1828/702/844 1829/548/653
f 1827/696/837 1829/548/653 1830/547/652
f 1831/660/786 1832/703/845 1833/704/846
f 1831/660/786 1833/704/846 1834/661/787
f 1835/703/845 1836/691/832 1837/694/835
f 1835/703/845 1837/694/835 1838/704/846
f 1839/704/846 1840/694/835 1841/533/838
f 1839/704/846 1841/533/838 1842/530/634
f 1843/661/787 1844/704/846 1845/530/634
f 1843/661/787 1845/530/634 1846/529/633
f 1847/666/797 1848/665/796 1849/705/847
f 1847/666/797 1849/705/847 1850/706/848
f 1851/524/628 1852/523/627 1853/707/849
f 1851/524/628 1853/707/849 1854/708/850
f 1855/709/851 1856/710/852 1857/711/853
f 1855/709/851 1857/711/853 1858/712/854
f 1859/713/855 1860/709/851 1861/712/854
f 1859/713/855 1861/712/854 1862/714/856
f 1863/715/857 1864/716/858 1865/717/859
f 1863/715/857 1865/717/859 1866/718/860
f 1867/718/860 1868/717/859 1869/554/660
f 1867/718/860 1869/554/660 1870/553/659
f 1871/719/861 1872/713/855 1873/714/856
f 1871/719/861 1873/714/856 1874/720/862
f 1875/721/863 1876/719/861 1877/720/862
f 1875/721/863 1877/720/862 1878/722/864
f 1879/723/865 1880/721/863 1881/722/864
f 1879/723/865 1881/722/864 1882/724/866
f 1883/725/867 1884/723/865 1885/724/866
f 1883/725/867 1885/724/866 1886/726/868
f 1887/708/850 1888/707/849 1889/727/869
f 1887/708/850 1889/727/869 1890/728/870
f 1891/728/870 1892/727/869 1893/729/871
f 1891/728/870 1893/729/871 1894/730/872
f 1895/654/780 1896/731/873 1897/732/874
f 1895/654/780 1897/732/874 1898/655/781
f 1899/731/873 1900/733/875 1901/734/876
f 1899/731/873 1901/734/876 1902/732/874
f 1903/732/874 1904/734/876 1905/735/877
f 1903/732/874 1905/735/877 1906/736/878
f 1907/655/781 1908/732/874 1909/736/878
f 1907/655/781 1909/736/878 1910/632/753
f 1911/634/755 1912/737/879 1913/738/880
f 1911/634/755 1913/738/880 1914/669/801
f 1915/737/879 1916/739/881 1917/740/882
f 1915/737/879 1917/740/882 1918/738/880
f 1919/738/880 1920/740/882 1921/741/883
f 1919/738/880 1921/741/883 1922/742/884
f 1923/669/801 1924/738/880 1925/742/884
f 1923/669/801 1925/742/884 1926/670/802
f 1927/670/802 1928/742/884 1929/743/885
f 1927/670/802 1929/743/885 1930/744/886
f 1931/742/884 1932/741/883 1933/745/887
f 1931/742/884 1933/745/887 1934/743/885
f 1935/743/885 1936/745/887 1937/746/888
f 1935/743/885 1937/746/888 1938/747/889
f 1939/744/886 1940/743/885 1941/747/889
f 1939/744/886 1941/747/889 1942/748/890
f 1943/632/753 1944/736/878 1945/749/891
f 1943/632/753 1945/749/891 1946/633/754
f 1947/736/878 1948/735/877 1949/750/892
f 1947/736/878 1949/750/892 1950/749/891
f 1951/749/891 1952/750/892 1953/739/893
f 1951/749/891 1953/739/893 1954/737/879
f 1955/633/754 1956/749/891 1957/737/879
f 1955/633/754 1957/737/879 1958/634/755
f 1959/751/894 1960/752/895 1961/753/896
f 1959/751/894 1961/753/896 1962/754/897
f 1963/710/852 1964/751/894 1965/754/897
f 1963/710/852 1965/754/897 1966/711/853
f 1967/714/856 1968/712/854 1969/755/898
f 1967/714/856 1969/755/898 1970/756/899
f 1971/712/854 1972/711/853 1973/757/900
f 1971/712/854 1973/757/900 1974/755/898
f 1975/755/898 1976/757/900 1977/733/875
f 1975/755/898 1977/733/875 1978/731/873
f 1979/756/899 1980/755/898 1981/731/873
f 1979/756/899 1981/731/873 1982/654/780
f 1983/730/872 1984/729/871 1985/526/630
f 1983/730/872 1985/526/630 1986/525/629
f 1987/758/901 1988/759/902 1989/760/903
f 1987/758/901 1989/760/903 1990/761/904
f 1991/753/896 1992/752/895 1993/762/905
f 1991/753/896 1993/762/905 1994/763/906
f 1995/763/906 1996/762/905 1997/716/858
f 1995/763/906 1997/716/858 1998/715/857
f 1999/722/864 2000/720/862 2001/764/907
f 1999/722/864 2001/764/907 2002/765/908
f 2003/720/862 2004/714/856 2005/756/899
f 2003/720/862 2005/756/899 2006/764/907
f 2007/764/907 2008/756/899 2009/654/780
f 2007/764/907 2009/654/780 2010/651/777
f 2011/765/908 2012/764/907 2013/651/777
f 2011/765/908 2013/651/777 2014/650/776
f 2015/684/822 2016/683/821 2017/766/909
f 2015/684/822 2017/766/909 2018/767/910
f 2019/683/821 2020/682/820 2021/768/911
f 2019/683/821 2021/768/911 2022/766/909
f 2023/766/909 2024/768/911 2025/769/912
f 2023/766/909 2025/769/912 2026/770/913
f 2027/767/910 2028/766/909 2029/770/913
f 2027/767/910 2029/770/913 2030/771/914
f 2031/771/914 2032/770/913 2033/772/915
f 2031/771/914 2033/772/915 2034/773/916
f 2035/770/913 2036/769/912 2037/774/917
f 2035/770/913 2037/774/917 2038/772/915
f 2039/772/915 2040/774/917 2041/672/804
f 2039/772/915 2041/672/804 2042/775/918
f 2043/773/916 2044/772/915 2045/775/918
f 2043/773/916 2045/775/918 2046/776/919
f 2047/776/919 2048/775/918 2049/777/920
f 2047/776/919 2049/777/920 2050/778/921
f 2051/775/918 2052/672/804 2053/671/803
f 2051/775/918 2053/671/803 2054/777/920
f 2055/777/920 2056/671/803 2057/670/802
f 2055/777/920 2057/670/802 2058/744/886
f 2059/778/921 2060/777/920 2061/744/886
f 2059/778/921 2061/744/886 2062/748/890
f 2063/711/853 2064/754/897 2065/779/922
f 2063/711/853 2065/779/922 2066/757/900
f 2067/754/897 2068/753/896 2069/763/906
f 2067/754/897 2069/763/906 2070/779/922
f 2071/779/922 2072/763/906 2073/715/857
f 2071/779/922 2073/715/857 2074/780/923
f 2075/757/900 2076/779/922 2077/780/923
f 2075/757/900 2077/780/923 2078/733/875
f 2079/733/875 2080/780/923 2081/781/924
f 2079/733/875 2081/781/924 2082/734/876
f 2083/780/923 2084/715/857 2085/718/860
f 2083/780/923 2085/718/860 2086/781/924
f 2087/781/924 2088/718/860 2089/553/659
f 2087/781/924 2089/553/659 2090/782/925
f 2091/734/876 2092/781/924 2093/782/925
f 2091/734/876 2093/782/925 2094/735/877
f 2095/739/881 2096/783/926 2097/784/927
f 2095/739/881 2097/784/927 2098/740/882
f 2099/783/926 2100/558/928 2101/687/826
f 2099/783/926 2101/687/826 2102/784/927
f 2103/784/927 2104/687/826 2105/604/719
f 2103/784/927 2105/604/719 2106/785/929
f 2107/740/882 2108/784/927 2109/785/929
f 2107/740/882 2109/785/929 2110/741/883
f 2111/741/883 2112/785/929 2113/786/930
f 2111/741/883 2113/786/930 2114/745/887
f 2115/785/929 2116/604/719 2117/607/722
f 2115/785/929 2117/607/722 2118/786/930
f 2119/786/930 2120/607/722 2121/609/724
f 2119/786/930 2121/609/724 2122/787/931
f 2123/745/887 2124/786/930 2125/787/931
f 2123/745/887 2125/787/931 2126/746/888
f 2127/735/877 2128/782/925 2129/788/932
f 2127/735/877 2129/788/932 2130/750/892
f 2131/782/925 2132/553/659 2133/556/662
f 2131/782/925 2133/556/662 2134/788/932
f 2135/788/932 2136/556/662 2137/558/824
f 2135/788/932 2137/558/824 2138/783/926
f 2139/750/892 2140/788/932 2141/783/926
f 2139/750/892 2141/783/926 2142/739/893
f 2143/523/627 2144/789/933 2145/790/934
f 2143/523/627 2145/790/934 2146/707/849
f 2147/789/933 2148/791/935 2149/792/936
f 2147/789/933 2149/792/936 2150/790/937
f 2151/790/934 2152/792/938 2153/793/939
f 2151/790/934 2153/793/939 2154/794/940
f 2155/707/849 2156/790/934 2157/794/940
f 2155/707/849 2157/794/940 2158/727/869
f 2159/520/624 2160/795/941 2161/796/942
f 2159/520/624 2161/796/942 2162/521/625
f 2163/795/943 2164/797/944 2165/798/945
f 2163/795/943 2165/798/945 2166/796/942
f 2167/796/942 2168/798/945 2169/791/935
f 2167/796/942 2169/791/935 2170/789/933
f 2171/521/946 2172/796/942 2173/789/933
f 2171/521/946 2173/789/933 2174/523/627
f 2175/625/745 2176/799/947 2177/800/948
f 2175/625/745 2177/800/948 2178/626/746
f 2179/799/947 2180/801/949 2181/802/950
f 2179/799/947 2181/802/950 2182/800/948
f 2183/800/948 2184/802/951 2185/803/952
f 2183/800/948 2185/803/952 2186/804/953
f 2187/626/746 2188/800/948 2189/804/953
f 2187/626/746 2189/804/953 2190/637/954
f 2191/622/742 2192/805/955 2193/806/956
f 2191/622/742 2193/806/956 2194/516/620
f 2195/805/955 2196/807/957 2197/808/958
f 2195/805/955 2197/808/958 2198/806/956
f 2199/806/956 2200/808/958 2201/809/959
f 2199/806/956 2201/809/959 2202/810/960
f 2203/516/620 2204/806/956 2205/810/960
f 2203/516/620 2205/810/960 2206/517/621
f 2207/727/869 2208/794/961 2209/811/962
f 2207/727/869 2209/811/962 2210/729/871
f 2211/794/961 2212/793/939 2213/812/963
f 2211/794/961 2213/812/963 2214/811/962
f 2215/811/962 2216/812/963 2217/813/964
f 2215/811/962 2217/813/964 2218/814/965
f 2219/729/871 2220/811/962 2221/814/965
f 2219/729/871 2221/814/965 2222/526/630
f 2223/517/621 2224/810/960 2225/815/966
f 2223/517/621 2225/815/966 2226/665/796
f 2227/810/960 2228/809/959 2229/816/967
f 2227/810/960 2229/816/967 2230/815/966
f 2231/815/966 2232/816/967 2233/817/968
f 2231/815/966 2233/817/968 2234/818/969
f 2235/665/970 2236/815/966 2237/818/971
f 2235/665/970 2237/818/971 2238/705/847
f 2239/637/758 2240/804/953 2241/819/972
f 2239/637/758 2241/819/972 2242/639/760
f 2243/804/953 2244/803/973 2245/820/974
f 2243/804/953 2245/820/974 2246/819/972
f 2247/819/972 2248/820/974 2249/797/944
f 2247/819/972 2249/797/944 2250/795/975
f 2251/639/760 2252/819/972 2253/795/975
f 2251/639/760 2253/795/975 2254/520/624
f 2255/526/630 2256/814/965 2257/821/976
f 2255/526/630 2257/821/976 2258/527/631
f 2259/814/965 2260/813/964 2261/822/977
f 2259/814/965 2261/822/977 2262/821/976
f 2263/821/976 2264/822/977 2265/807/978
f 2263/821/976 2265/807/978 2266/805/955
f 2267/527/631 2268/821/976 2269/805/955
f 2267/527/631 2269/805/955 2270/622/742
f 2271/797/944 2272/823/979 2273/824/980
f 2271/797/944 2273/824/980 2274/798/945
f 2275/823/979 2276/576/684 2277/825/981
f 2275/823/979 2277/825/981 2278/824/980
f 2279/824/980 2280/825/981 2281/826/982
f 2279/824/980 2281/826/982 2282/827/983
f 2283/798/945 2284/824/980 2285/827/983
f 2283/798/945 2285/827/983 2286/791/935
f 2287/801/949 2288/828/984 2289/829/985
f 2287/801/949 2289/829/985 2290/802/950
f 2291/828/984 2292/697/839 2293/700/842
f 2291/828/984 2293/700/842 2294/829/985
f 2295/829/985 2296/700/842 2297/568/986
f 2295/829/985 2297/568/986 2298/830/987
f 2299/802/988 2300/829/985 2301/830/987
f 2299/802/988 2301/830/987 2302/803/952
f 2303/807/989 2304/831/990 2305/832/991
f 2303/807/989 2305/832/991 2306/808/958
f 2307/831/992 2308/567/993 2309/689/828
f 2307/831/992 2309/689/828 2310/832/991
f 2311/832/991 2312/689/828 2313/595/829
f 2311/832/991 2313/595/829 2314/833/994
f 2315/808/958 2316/832/991 2317/833/994
f 2315/808/958 2317/833/994 2318/809/959
f 2319/793/939 2320/834/995 2321/835/996
f 2319/793/939 2321/835/996 2322/812/963
f 2323/834/995 2324/836/997 2325/837/998
f 2323/834/995 2325/837/998 2326/835/996
f 2327/835/996 2328/837/998 2329/559/666
f 2327/835/996 2329/559/666 2330/838/999
f 2331/812/963 2332/835/996 2333/838/999
f 2331/812/963 2333/838/999 2334/813/964
f 2335/809/959 2336/833/994 2337/839/1000
f 2335/809/959 2337/839/1000 2338/816/967
f 2339/833/994 2340/595/710 2341/598/713
f 2339/833/994 2341/598/713 2342/839/1000
f 2343/839/1000 2344/598/713 2345/603/1001
f 2343/839/1000 2345/603/1001 2346/840/1002
f 2347/816/967 2348/839/1000 2349/840/1002
f 2347/816/967 2349/840/1002 2350/817/1003
f 2351/803/973 2352/830/987 2353/841/1004
f 2351/803/973 2353/841/1004 2354/820/974
f 2355/830/987 2356/568/675 2357/571/678
f 2355/830/987 2357/571/678 2358/841/1004
f 2359/841/1004 2360/571/678 2361/576/684
f 2359/841/1004 2361/576/684 2362/823/979
f 2363/820/974 2364/841/1004 2365/823/979
f 2363/820/974 2365/823/979 2366/797/944
f 2367/813/964 2368/838/999 2369/842/1005
f 2367/813/964 2369/842/1005 2370/822/977
f 2371/838/999 2372/559/666 2373/562/669
f 2371/838/999 2373/562/669 2374/842/1005
f 2375/842/1005 2376/562/669 2377/567/1006
f 2375/842/1005 2377/567/1006 2378/831/990
f 2379/822/977 2380/842/1005 2381/831/1007
f 2379/822/977 2381/831/1007 2382/807/978
f 2383/843/1008 2384/844/1009 2385/845/1010
f 2383/843/1008 2385/845/1010 2386/846/1011
f 2387/847/1012 2388/848/1013 2389/849/1014
f 2387/847/1012 2389/849/1014 2390/850/1015
f 2391/851/1016 2392/852/1017 2393/853/1018
f 2391/851/1016 2393/853/1018 2394/854/1019
f 2395/846/1011 2396/845/1010 2397/855/1020
f 2395/846/1011 2397/855/1020 2398/856/1021
f 2399/857/1022 2400/858/1023 2401/859/1024
f 2399/857/1022 2401/859/1024 2402/860/1025
f 2403/854/1019 2404/853/1018 2405/844/1009
f 2403/854/1019 2405/844/1009 2406/843/1008
f 2407/861/1026 2408/862/1027 2409/863/1028
f 2407/861/1026 2409/863/1028 2410/864/1029
f 2411/860/1025 2412/859/1024 2413/865/1030
f 2411/860/1025 2413/865/1030 2414/866/1031
f 2415/866/1031 2416/867/1032 2417/868/1033
f 2415/866/1031 2417/868/1033 2418/869/1034
f 2419/864/1029 2420/863/1028 2421/858/1023
f 2419/864/1029 2421/858/1023 2422/857/1022
f 2423/870/1035 2424/871/1036 2425/872/1037
f 2423/870/1035 2425/872/1037 2426/873/1038
f 2427/867/1032 2428/874/1039 2429/852/1017
f 2427/867/1032 2429/852/1017 2430/851/1040
f 2431/875/1041 2432/876/1042 2433/877/1043
f 2431/875/1041 2433/877/1043 2434/878/1044
f 2435/873/1038 2436/872/1037 2437/879/1045
f 2435/873/1038 2437/879/1045 2438/880/1046
f 2439/881/1047 2440/882/1048 2441/883/1049
f 2439/881/1047 2441/883/1049 2442/884/1050
f 2443/878/1044 2444/877/1043 2445/871/1036
f 2443/878/1044 2445/871/1036 2446/870/1035
f 2447/885/1051 2448/886/1052 2449/887/1053
f 2447/885/1051 2449/887/1053 2450/888/1054
f 2451/882/1048 2452/889/1055 2453/876/1042
f 2451/882/1048 2453/876/1042 2454/875/1041
f 2455/890/1056 2456/891/1057 2457/892/1058
f 2455/890/1056 2457/892/1058 2458/893/1059
f 2459/888/1054 2460/887/1053 2461/894/1060
f 2459/888/1054 2461/894/1060 2462/895/1061
f 2463/885/1051 2464/896/1062 2465/897/1063
f 2463/885/1051 2465/897/1063 2466/886/1052
f 2467/893/1059 2468/892/1058 2469/862/1027
f 2467/893/1059 2469/862/1027 2470/861/1026
f 2471/898/1064 2472/899/1065 2473/900/1066
f 2471/898/1064 2473/900/1066 2474/901/1067
f 2475/896/1062 2476/902/1068 2477/903/1069
f 2475/896/1062 2477/903/1069 2478/898/1064
f 2479/904/1070 2480/836/997 2481/905/1071
f 2479/904/1070 2481/905/1071 2482/906/1072
f 2483/899/1065 2484/907/1073 2485/891/1057
f 2483/899/1065 2485/891/1057 2486/890/1056
f 2487/908/1074 2488/909/1075 2489/910/1076
f 2487/908/1074 2489/910/1076 2490/911/1077
f 2491/906/1072 2492/905/1071 2493/912/1078
f 2491/906/1072 2493/912/1078 2494/908/1074
f 2495/880/1046 2496/913/1079 2497/914/1080
f 2495/880/1046 2497/914/1080 2498/915/1081
f 2499/909/1075 2500/916/1082 2501/826/982
f 2499/909/1075 2501/826/982 2502/917/1083
f 2503/917/1084 2504/918/1085 2505/919/1086
f 2503/917/1084 2505/919/1086 2506/920/1087
f 2507/913/1088 2508/921/1089 2509/836/997
f 2507/913/1088 2509/836/997 2510/904/1070
f 2511/850/1015 2512/922/1090 2513/923/1091
f 2511/850/1015 2513/923/1091 2514/924/1092
f 2515/918/1085 2516/925/1093 2517/926/1094
f 2515/918/1085 2517/926/1094 2518/856/1021
f 2519/922/1090 2520/927/1095 2521/928/1096
f 2519/922/1090 2521/928/1096 2522/895/1061
f 2523/894/1060 2524/929/1097 2525/930/1098
f 2523/894/1060 2525/930/1098 2526/923/1091
f 2527/678/813 2528/931/1099 2529/930/1098
f 2527/678/813 2529/930/1098 2530/929/1100
f 2531/924/1092 2532/923/1091 2533/930/1098
f 2531/924/1092 2533/930/1098 2534/931/1099
f 2535/579/688 2536/932/1101 2537/933/1102
f 2535/579/688 2537/933/1102 2538/580/689
f 2539/932/1101 2540/924/1092 2541/931/1099
f 2539/932/1101 2541/931/1099 2542/933/1102
f 2543/933/1102 2544/931/1099 2545/678/813
f 2543/933/1102 2545/678/813 2546/675/810
f 2547/580/689 2548/933/1102 2549/675/810
f 2547/580/689 2549/675/810 2550/581/690
f 2551/924/1092 2552/932/1101 2553/934/1103
f 2551/924/1092 2553/934/1103 2554/935/1104
f 2555/579/688 2556/936/1105 2557/934/1103
f 2555/579/688 2557/934/1103 2558/932/1101
f 2559/937/1106 2560/935/1104 2561/934/1103
f 2559/937/1106 2561/934/1103 2562/936/1105
f 2563/876/1042 2564/889/1055 2565/938/1107
f 2563/876/1042 2565/938/1107 2566/939/1108
f 2567/889/1055 2568/937/1106 2569/936/1105
f 2567/889/1055 2569/936/1105 2570/938/1107
f 2571/938/1107 2572/936/1105 2573/579/688
f 2571/938/1107 2573/579/688 2574/577/685
f 2575/939/1108 2576/938/1107 2577/577/1109
f 2575/939/1108 2577/577/1109 2578/542/646
f 2579/576/684 2580/575/683 2581/940/1110
f 2579/576/684 2581/940/1110 2582/825/981
f 2583/575/1111 2584/574/682 2585/941/1112
f 2583/575/1111 2585/941/1112 2586/940/1110
f 2587/940/1110 2588/941/1112 2589/926/1094
f 2587/940/1110 2589/926/1094 2590/925/1093
f 2591/825/981 2592/940/1110 2593/925/1093
f 2591/825/981 2593/925/1093 2594/826/982
f 2595/574/682 2596/649/1113 2597/942/1114
f 2595/574/682 2597/942/1114 2598/941/1112
f 2599/649/1115 2600/537/641 2601/943/1116
f 2599/649/1115 2601/943/1116 2602/942/1114
f 2603/942/1114 2604/943/1116 2605/944/1117
f 2603/942/1114 2605/944/1117 2606/945/1118
f 2607/941/1112 2608/942/1114 2609/945/1118
f 2607/941/1112 2609/945/1118 2610/926/1094
f 2611/537/641 2612/536/640 2613/946/1119
f 2611/537/641 2613/946/1119 2614/943/1116
f 2615/536/640 2616/535/639 2617/947/1120
f 2615/536/640 2617/947/1120 2618/946/1119
f 2619/946/1121 2620/947/1120 2621/948/1122
f 2619/946/1121 2621/948/1122 2622/949/1123
f 2623/943/1116 2624/946/1119 2625/949/1123
f 2623/943/1116 2625/949/1123 2626/944/1117
f 2627/535/639 2628/585/696 2629/950/1124
f 2627/535/639 2629/950/1124 2630/947/1120
f 2631/585/696 2632/552/695 2633/951/1125
f 2631/585/696 2633/951/1125 2634/950/1124
f 2635/950/1124 2636/951/1125 2637/869/1034
f 2635/950/1124 2637/869/1034 2638/868/1033
f 2639/947/1120 2640/950/1124 2641/868/1033
f 2639/947/1120 2641/868/1033 2642/948/1122
f 2643/552/1126 2644/551/1127 2645/952/1128
f 2643/552/1126 2645/952/1128 2646/951/1125
f 2647/952/1128 2648/953/1129 2649/954/1130
f 2647/952/1128 2649/954/1130 2650/955/1131
f 2651/951/1132 2652/952/1128 2653/955/1131
f 2651/951/1132 2653/955/1131 2654/869/1034
f 2655/956/1133 2656/957/1134 2657/958/1135
f 2655/956/1133 2657/958/1135 2658/959/1136
f 2659/953/1129 2660/956/1133 2661/959/1137
f 2659/953/1129 2661/959/1137 2662/954/1130
f 2663/960/1138 2664/725/867 2665/726/868
f 2663/960/1138 2665/726/868 2666/961/1139
f 2667/957/1134 2668/960/1138 2669/961/1139
f 2667/957/1134 2669/961/1139 2670/958/1135
f 2671/958/1135 2672/961/1139 2673/962/1140
f 2671/958/1135 2673/962/1140 2674/963/1141
f 2675/726/868 2676/964/1142 2677/962/1140
f 2675/726/868 2677/962/1140 2678/961/1139
f 2679/965/1143 2680/963/1141 2681/962/1140
f 2679/965/1143 2681/962/1140 2682/964/1142
f 2683/879/1045 2684/872/1037 2685/966/1144
f 2683/879/1045 2685/966/1144 2686/967/1145
f 2687/872/1037 2688/871/1036 2689/968/1146
f 2687/872/1037 2689/968/1146 2690/966/1144
f 2691/966/1144 2692/968/1146 2693/538/642
f 2691/966/1144 2693/538/642 2694/644/769
f 2695/967/1145 2696/966/1144 2697/644/769
f 2695/967/1145 2697/644/769 2698/563/670
f 2699/836/997 2700/921/1089 2701/969/1147
f 2699/836/997 2701/969/1147 2702/837/998
f 2703/921/1089 2704/879/1045 2705/967/1145
f 2703/921/1089 2705/967/1145 2706/969/1147
f 2707/969/1147 2708/967/1145 2709/563/670
f 2707/969/1147 2709/563/670 2710/560/667
f 2711/837/998 2712/969/1147 2713/560/667
f 2711/837/998 2713/560/667 2714/559/666
f 2715/871/1036 2716/877/1043 2717/970/1148
f 2715/871/1036 2717/970/1148 2718/968/1146
f 2719/877/1043 2720/876/1042 2721/939/1108
f 2719/877/1043 2721/939/1108 2722/970/1148
f 2723/970/1148 2724/939/1108 2725/542/646
f 2723/970/1148 2725/542/646 2726/539/643
f 2727/968/1146 2728/970/1148 2729/539/643
f 2727/968/1146 2729/539/643 2730/538/642
f 2731/678/813 2732/929/1100 2733/971/1149
f 2731/678/813 2733/971/1149 2734/679/814
f 2735/929/1100 2736/894/1060 2737/972/1150
f 2735/929/1100 2737/972/1150 2738/971/1149
f 2739/971/1149 2740/972/1150 2741/682/820
f 2739/971/1149 2741/682/820 2742/680/818
f 2743/679/814 2744/971/1149 2745/680/818
f 2743/679/814 2745/680/818 2746/612/727
f 2747/894/1060 2748/887/1053 2749/973/1151
f 2747/894/1060 2749/973/1151 2750/972/1150
f 2751/887/1053 2752/886/1052 2753/974/1152
f 2751/887/1053 2753/974/1152 2754/973/1151
f 2755/973/1151 2756/974/1152 2757/769/912
f 2755/973/1151 2757/769/912 2758/768/911
f 2759/972/1150 2760/973/1151 2761/768/911
f 2759/972/1150 2761/768/911 2762/682/820
f 2763/886/1052 2764/975/1153 2765/976/1154
f 2763/886/1052 2765/976/1154 2766/974/1152
f 2767/975/1153 2768/636/757 2769/668/800
f 2767/975/1153 2769/668/800 2770/976/1154
f 2771/976/1154 2772/668/800 2773/672/804
f 2771/976/1154 2773/672/804 2774/774/917
f 2775/974/1152 2776/976/1154 2777/774/917
f 2775/974/1152 2777/774/917 2778/769/912
f 2779/901/1067 2780/977/1155 2781/978/1156
f 2779/901/1067 2781/978/1156 2782/897/1063
f 2783/977/1155 2784/628/748 2785/631/751
f 2783/977/1155 2785/631/751 2786/978/1156
f 2787/978/1156 2788/631/751 2789/636/757
f 2787/978/1156 2789/636/757 2790/975/1153
f 2791/897/1063 2792/978/1156 2793/975/1153
f 2791/897/1063 2793/975/1153 2794/886/1157
f 2795/726/868 2796/724/866 2797/979/1158
f 2795/726/868 2797/979/1158 2798/964/1142
f 2799/724/866 2800/722/864 2801/765/908
f 2799/724/866 2801/765/908 2802/979/1158
f 2803/979/1158 2804/765/908 2805/650/776
f 2803/979/1158 2805/650/776 2806/980/1159
f 2807/964/1142 2808/979/1158 2809/980/1159
f 2807/964/1142 2809/980/1159 2810/965/1143
f 2811/965/1143 2812/980/1159 2813/981/1160
f 2811/965/1143 2813/981/1160 2814/900/1066
f 2815/980/1159 2816/650/776 2817/653/779
f 2815/980/1159 2817/653/779 2818/981/1160
f 2819/981/1160 2820/653/779 2821/628/748
f 2819/981/1160 2821/628/748 2822/977/1161
f 2823/900/1066 2824/981/1160 2825/977/1161
f 2823/900/1066 2825/977/1161 2826/901/1067
f 2827/826/982 2828/916/1082 2829/982/1162
f 2827/826/982 2829/982/1162 2830/827/983
f 2831/912/1078 2832/905/1071 2833/982/1163
f 2831/912/1078 2833/982/1163 2834/916/1082
f 2835/836/997 2836/834/995 2837/982/1163
f 2835/836/997 2837/982/1163 2838/905/1071
f 2839/793/939 2840/792/938 2841/982/1164
f 2839/793/939 2841/982/1164 2842/834/995
f 2843/791/935 2844/827/983 2845/982/1163
f 2843/791/935 2845/982/1163 2846/792/938
f 2847/983/1165 2848/984/1166 2849/985/1167
f 2847/983/1165 2849/985/1167 2850/986/1168
f 2851/987/1169 2852/988/1170 2853/989/1171
f 2851/987/1169 2853/989/1171 2854/990/1172
f 2855/988/1170 2856/983/1173 2857/986/1168
f 2855/988/1170 2857/986/1168 2858/989/1171
f 2859/991/1174 2860/992/1175 2861/993/1176
f 2859/991/1174 2861/993/1176 2862/994/1177
f 2863/992/1178 2864/995/1179 2865/996/1180
f 2863/992/1178 2865/996/1180 2866/993/1176
f 2867/997/1181 2868/998/1182 2869/999/1183
f 2867/997/1181 2869/999/1183 2870/1000/1184
f 2871/998/1182 2872/986/1168 2873/985/1167
f 2871/998/1182 2873/985/1167 2874/999/1183
f 2875/1001/1185 2876/1002/1186 2877/1003/1187
f 2875/1001/1185 2877/1003/1187 2878/1004/1188
f 2879/1002/1189 2880/996/1190 2881/995/1179
f 2879/1002/1189 2881/995/1179 2882/1003/1191
f 2883/1005/1192 2884/1006/1193 2885/1007/1194
f 2883/1005/1192 2885/1007/1194 2886/1008/1195
f 2887/1008/1195 2888/1007/1194 2889/998/1182
f 2887/1008/1195 2889/998/1182 2890/997/1181
f 2891/1007/1194 2892/989/1171 2893/986/1168
f 2891/1007/1194 2893/986/1168 2894/998/1182
f 2895/1006/1193 2896/990/1172 2897/989/1171
f 2895/1006/1193 2897/989/1171 2898/1007/1194
f 2899/1009/1196 2900/1010/1197 2901/1011/1198
f 2899/1009/1196 2901/1011/1198 2902/1012/1199
f 2903/1012/1199 2904/1011/1198 2905/1013/1200
f 2903/1012/1199 2905/1013/1200 2906/994/1177
f 2907/1011/1198 2908/1008/1195 2909/997/1181
f 2907/1011/1198 2909/997/1181 2910/1013/1201
f 2911/1010/1197 2912/1005/1192 2913/1008/1195
f 2911/1010/1197 2913/1008/1195 2914/1011/1198
f 2915/994/1177 2916/1013/1200 2917/1014/1202
f 2915/994/1177 2917/1014/1202 2918/991/1174
f 2919/1013/1200 2920/997/1181 2921/1000/1184
f 2919/1013/1200 2921/1000/1184 2922/1014/1203
f 2923/996/1190 2924/1015/1204 2925/1016/1205
f 2923/996/1190 2925/1016/1205 2926/993/1176
f 2927/993/1176 2928/1016/1205 2929/1017/1206
f 2927/993/1176 2929/1017/1206 2930/994/1177
f 2931/1016/1205 2932/1018/1207 2933/1019/1208
f 2931/1016/1205 2933/1019/1208 2934/1017/1206
f 2935/1015/1204 2936/1020/1209 2937/1018/1207
f 2935/1015/1204 2937/1018/1207 2938/1016/1205
f 2939/1020/1209 2940/1015/1204 2941/1021/1210
f 2939/1020/1209 2941/1021/1210 2942/1022/1211
f 2943/1022/1211 2944/1021/1210 2945/1023/1212
f 2943/1022/1211 2945/1023/1212 2946/1024/1213
f 2947/1021/1210 2948/1002/1186 2949/1001/1185
f 2947/1021/1210 2949/1001/1185 2950/1023/1212
f 2951/1015/1204 2952/996/1214 2953/1002/1215
f 2951/1015/1204 2953/1002/1215 2954/1021/1210
f 2955/1025/1216 2956/1026/1217 2957/1027/1218
f 2955/1025/1216 2957/1027/1218 2958/1028/1219
f 2959/1001/1185 2960/1028/1220 2961/1027/1218
f 2959/1001/1185 2961/1027/1218 2962/1023/1212
f 2963/1024/1213 2964/1023/1212 2965/1027/1218
f 2963/1024/1213 2965/1027/1218 2966/1026/1217
f 2967/1029/1221 2968/1030/1222 2969/1031/1223
f 2967/1029/1221 2969/1031/1223 2970/1032/1224
f 2971/1031/1223 2972/1030/1222 2973/1033/1225
f 2971/1031/1223 2973/1033/1225 2974/1034/1225
f 2975/1033/1225 2976/1035/1226 2977/1036/1227
f 2975/1033/1225 2977/1036/1227 2978/1034/1225
f 2979/1036/1227 2980/1035/1226 2981/1037/1228
f 2979/1036/1227 2981/1037/1228 2982/1038/1228
f 2983/1037/1228 2984/1039/1229 2985/1040/1229
f 2983/1037/1228 2985/1040/1229 2986/1038/1228
f 2987/1041/1230 2988/1042/1231 2989/1043/1232
f 2987/1041/1230 2989/1043/1232 2990/1044/1233
f 2991/1043/1234 2992/1045/1235 2993/1046/1235
f 2991/1043/1234 2993/1046/1235 2994/1044/1236
f 2995/1040/1229 2996/1039/1229 2997/1047/1237
f 2995/1040/1229 2997/1047/1237 2998/1048/1238
f 2999/1047/1237 3000/1042/1231 3001/1041/1239
f 2999/1047/1237 3001/1041/1239 3002/1048/1238
f 3003/1046/1235 3004/1045/1235 3005/1049/1240
f 3003/1046/1235 3005/1049/1240 3006/1050/1241
f 3007/1051/1242 3008/1052/1243 3009/1053/1244
f 3007/1051/1242 3009/1053/1244 3010/1054/1245
f 3011/1054/1245 3012/1053/1244 3013/1055/1246
f 3011/1054/1245 3013/1055/1246 3014/1056/1247
f 3015/1053/1244 3016/1018/1207 3017/1020/1209
f 3015/1053/1244 3017/1020/1209 3018/1055/1246
f 3019/1052/1243 3020/1019/1248 3021/1018/1207
f 3019/1052/1243 3021/1018/1207 3022/1053/1244
f 3023/1024/1213 3024/1057/1249 3025/1058/1250
f 3023/1024/1213 3025/1058/1250 3026/1022/1211
f 3027/1022/1211 3028/1058/1250 3029/1055/1246
f 3027/1022/1211 3029/1055/1246 3030/1020/1209
f 3031/1058/1250 3032/1059/1251 3033/1056/1247
f 3031/1058/1250 3033/1056/1247 3034/1055/1246
f 3035/1057/1249 3036/1060/1252 3037/1059/1251
f 3035/1057/1249 3037/1059/1251 3038/1058/1250
f 3039/1025/1253 3040/1061/1254 3041/1062/1255
f 3039/1025/1253 3041/1062/1255 3042/1026/1217
f 3043/1026/1217 3044/1062/1255 3045/1057/1249
f 3043/1026/1217 3045/1057/1249 3046/1024/1213
f 3047/1062/1255 3048/1063/1256 3049/1060/1252
f 3047/1062/1255 3049/1060/1252 3050/1057/1249
f 3051/1061/1254 3052/1064/1257 3053/1063/1256
f 3051/1061/1254 3053/1063/1256 3054/1062/1255
f 3055/1065/318 3056/1066/1258 3057/1067/318
f 3055/1065/318 3057/1067/318 3058/1068/323
f 3059/1068/512 3060/1067/1259 3061/1061/1254
f 3059/1068/512 3061/1061/1254 3062/1025/1260
f 3063/1067/318 3064/1069/512 3065/1064/1261
f 3063/1067/318 3065/1064/1261 3066/1061/1254
f 3067/1066/418 3068/1070/512 3069/1069/512
f 3067/1066/418 3069/1069/512 3070/1067/318
f 3071/1071/422 3072/1072/1262 3073/1073/317
f 3071/1071/422 3073/1073/317 3074/1074/317
f 3075/1074/317 3076/1073/317 3077/1066/418
f 3075/1074/317 3077/1066/418 3078/1065/1258
f 3079/1073/418 3080/1075/1262 3081/1070/512
f 3079/1073/418 3081/1070/512 3082/1066/418
f 3083/1072/1262 3084/1076/317 3085/1075/407
f 3083/1072/1262 3085/1075/407 3086/1073/318
f 3087/1001/1185 3088/1004/1188 3089/1077/1263
f 3087/1001/1185 3089/1077/1263 3090/1078/1264
f 3091/1001/1185 3092/1078/1265 3093/1079/416
f 3091/1001/1185 3093/1079/416 3094/1028/1266
f 3095/1025/1260 3096/1028/1266 3097/1079/1267
f 3095/1025/1260 3097/1079/1267 3098/1068/417
f 3099/1065/421 3100/1068/1268 3101/1079/421
f 3099/1065/421 3101/1079/421 3102/1080/322
f 3103/1065/1269 3104/1080/1269 3105/1081/319
f 3103/1065/1269 3105/1081/319 3106/1074/319
f 3107/1071/407 3108/1074/418 3109/1081/318
f 3107/1071/407 3109/1081/318 3110/1082/407
f 3111/1019/1208 3112/1052/1243 3113/1083/1270
f 3111/1019/1208 3113/1083/1270 3114/1084/1271
f 3115/1084/1271 3116/1083/1270 3117/1085/1272
f 3115/1084/1271 3117/1085/1272 3118/1086/1273
f 3119/1083/1270 3120/1087/1274 3121/1088/1275
f 3119/1083/1270 3121/1088/1275 3122/1085/1272
f 3123/1052/1243 3124/1051/1242 3125/1087/1274
f 3123/1052/1243 3125/1087/1274 3126/1083/1270
f 3127/994/1177 3128/1017/1206 3129/1089/1276
f 3127/994/1177 3129/1089/1276 3130/1012/1199
f 3131/1012/1199 3132/1089/1276 3133/1090/1277
f 3131/1012/1199 3133/1090/1277 3134/1009/1196
f 3135/1089/1276 3136/1084/1271 3137/1086/1273
f 3135/1089/1276 3137/1086/1273 3138/1090/1277
f 3139/1017/1206 3140/1019/1208 3141/1084/1271
f 3139/1017/1206 3141/1084/1271 3142/1089/1276
f 3143/1049/1240 3144/1091/1278 3145/1092/1278
f 3143/1049/1240 3145/1092/1278 3146/1050/1241
f 3147/1093/1279 3148/1094/1279 3149/1029/1221
f 3147/1093/1279 3149/1029/1221 3150/1032/1224
f 3151/1095/318 3152/1096/1280 3153/1097/1281
f 3151/1095/318 3153/1097/1281 3154/1098/318
f 3155/1099/506 3156/1100/1282 3157/1101/1283
f 3155/1099/506 3157/1101/1283 3158/1102/319
f 3159/1103/1284 3160/1104/1285 3161/1100/1286
f 3159/1103/1284 3161/1100/1286 3162/1099/506
f 3163/1105/417 3164/1106/1287 3165/1104/1285
f 3163/1105/417 3165/1104/1285 3166/1103/1284
f 3167/1107/1264 3168/1108/1288 3169/1106/1287
f 3167/1107/1264 3169/1106/1287 3170/1105/417
f 3171/1109/1259 3172/1110/1289 3173/1108/1288
f 3171/1109/1259 3173/1108/1288 3174/1107/1264
f 3175/1111/320 3176/1112/1290 3177/1113/1291
f 3175/1111/320 3177/1113/1291 3178/1114/406
f 3179/1115/319 3180/1116/1292 3181/1112/1293
f 3179/1115/319 3181/1112/1293 3182/1111/320
f 3183/1117/506 3184/1118/1294 3185/1119/1295
f 3183/1117/506 3185/1119/1295 3186/1120/317
f 3187/1120/317 3188/1119/1295 3189/1121/1296
f 3187/1120/317 3189/1121/1296 3190/1122/318
f 3191/1123/320 3192/1124/1297 3193/1125/1298
f 3191/1123/320 3193/1125/1298 3194/1126/1284
f 3195/1122/320 3196/1121/1296 3197/1124/1297
f 3195/1122/320 3197/1124/1297 3198/1123/320
f 3199/1127/421 3200/1128/1299 3201/1096/1300
f 3199/1127/421 3201/1096/1300 3202/1095/318
f 3203/1129/318 3204/1130/1301 3205/1128/1299
f 3203/1129/318 3205/1128/1299 3206/1127/421
f 3207/1131/421 3208/1132/1302 3209/1130/1303
f 3207/1131/421 3209/1130/1303 3210/1129/318
f 3211/1133/318 3212/1134/1304 3213/1132/1305
f 3211/1133/318 3213/1132/1305 3214/1131/421
f 3215/1135/318 3216/1136/1306 3217/1137/1307
f 3215/1135/318 3217/1137/1307 3218/1138/317
f 3219/1138/317 3220/1137/1307 3221/1134/1304
f 3219/1138/317 3221/1134/1304 3222/1133/318
f 3223/1139/421 3224/1140/1308 3225/1136/1306
f 3223/1139/421 3225/1136/1306 3226/1135/318
f 3227/1141/407 3228/1142/1309 3229/1143/1310
f 3227/1141/407 3229/1143/1310 3230/1144/318
f 3231/1145/417 3232/1146/1311 3233/1142/1309
f 3231/1145/417 3233/1142/1309 3234/1141/1262
f 3235/1147/405 3236/1148/1312 3237/1146/1313
f 3235/1147/405 3237/1146/1313 3238/1145/1259
f 3239/1149/317 3240/1150/1314 3241/1151/1315
f 3239/1149/317 3241/1151/1315 3242/1152/318
f 3243/1153/319 3244/1154/1316 3245/1150/1314
f 3243/1153/319 3245/1150/1314 3246/1149/317
f 3247/1102/319 3248/1101/1317 3249/1154/1318
f 3247/1102/319 3249/1154/1318 3250/1153/319
f 3251/1155/317 3252/1156/1319 3253/1157/1320
f 3251/1155/317 3253/1157/1320 3254/1158/318
f 3255/1158/318 3256/1157/1320 3257/1118/1294
f 3255/1158/318 3257/1118/1294 3258/1117/320
f 3259/1159/320 3260/1160/1321 3261/1156/1319
f 3259/1159/320 3261/1156/1319 3262/1155/317
f 3263/1161/320 3264/1162/1322 3265/1160/1323
f 3263/1161/320 3265/1160/1323 3266/1159/320
f 3267/1163/407 3268/1164/1324 3269/1162/1322
f 3267/1163/407 3269/1162/1322 3270/1161/320
f 3271/1114/406 3272/1113/1325 3273/1165/1326
f 3271/1114/406 3273/1165/1326 3274/1166/317
f 3275/1166/317 3276/1165/1327 3277/1140/1328
f 3275/1166/317 3277/1140/1328 3278/1139/421
f 3279/1126/1284 3280/1125/1298 3281/1116/1292
f 3279/1126/1284 3281/1116/1292 3282/1115/319
f 3283/1098/318 3284/1097/1329 3285/1164/1324
f 3283/1098/318 3285/1164/1324 3286/1163/318
f 3287/1144/318 3288/1143/1310 3289/1110/1289
f 3287/1144/318 3289/1110/1289 3290/1109/1259
f 3291/1152/318 3292/1151/1330 3293/1167/1331
f 3291/1152/318 3293/1167/1331 3294/1168/317
f 3295/1169/1332 3296/1100/1282 3297/1104/1285
f 3295/1169/1332 3297/1104/1285 3298/1170/1333
f 3299/1099/421 3300/1171/421 3301/1103/421
f 3302/1106/1287 3303/1172/1334 3304/1170/1333
f 3302/1106/1287 3304/1170/1333 3305/1104/1285
f 3306/1108/1288 3307/1173/1335 3308/1172/1336
f 3306/1108/1288 3308/1172/1336 3309/1106/1337
f 3310/1174/1338 3311/1101/1339 3312/1100/1282
f 3310/1174/1338 3312/1100/1282 3313/1169/1332
f 3314/1102/319 3315/1175/1340 3316/1171/320
f 3314/1102/319 3316/1171/320 3317/1099/1341
f 3318/1176/1342 3319/1154/1318 3320/1101/1283
f 3318/1176/1342 3320/1101/1283 3321/1174/1338
f 3322/1153/1343 3323/1177/1343 3324/1175/1344
f 3322/1153/1343 3324/1175/1344 3325/1102/418
f 3326/1173/1335 3327/1108/1288 3328/1110/1289
f 3326/1173/1335 3328/1110/1289 3329/1178/1345
f 3330/1143/1310 3331/1179/1346 3332/1178/1345
f 3330/1143/1310 3332/1178/1345 3333/1110/1289
f 3334/1180/1347 3335/1116/1292 3336/1125/1348
f 3334/1180/1347 3336/1125/1348 3337/1181/1349
f 3338/1182/1350 3339/1112/1290 3340/1116/1292
f 3338/1182/1350 3340/1116/1292 3341/1180/1347
f 3345/1183/418 3346/1184/418 3342/1126/319
f 3342/1126/319 3343/1115/1343 3344/1077/319
f 3344/1077/319 3345/1183/418 3342/1126/319
f 3347/1111/422 3348/1077/422 3349/1115/422
f 3350/1185/1351 3351/1113/1325 3352/1112/1290
f 3350/1185/1351 3352/1112/1290 3353/1182/1352
f 3354/1114/1268 3355/1078/1264 3356/1077/1353
f 3354/1114/1268 3356/1077/1353 3357/1111/1258
f 3358/1186/1354 3359/1165/1326 3360/1113/1325
f 3358/1186/1354 3360/1113/1325 3361/1185/1355
f 3362/1114/322 3363/1166/1356 3364/1079/1357
f 3362/1114/322 3364/1079/1357 3365/1078/1358
f 3366/1187/1359 3367/1188/1360 3368/1118/1294
f 3366/1187/1359 3368/1118/1294 3369/1157/1361
f 3370/1119/1295 3371/1118/1294 3372/1188/1360
f 3370/1119/1295 3372/1188/1360 3373/1189/1362
f 3374/1121/1296 3375/1119/1295 3376/1189/1362
f 3374/1121/1296 3376/1189/1362 3377/1190/1363
f 3378/1191/1364 3379/1124/1297 3380/1121/1296
f 3378/1191/1364 3380/1121/1296 3381/1190/1363
f 3382/1181/1365 3383/1125/1298 3384/1124/1297
f 3382/1181/1365 3384/1124/1297 3385/1191/1366
f 3386/1128/1299 3387/1192/1367 3388/1193/1368
f 3386/1128/1299 3388/1193/1368 3389/1096/1300
f 3390/1097/1329 3391/1096/1369 3392/1193/1368
f 3390/1097/1329 3392/1193/1368 3393/1194/1370
f 3394/1195/1371 3395/1127/319 3396/1095/421
f 3394/1195/1371 3396/1095/421 3397/1196/318
f 3398/1098/319 3399/1175/319 3400/1177/319
f 3398/1098/319 3400/1177/319 3401/1095/319
f 3402/1095/422 3403/1177/422 3404/1196/422
f 3405/1132/1302 3406/1197/1372 3407/1198/1373
f 3405/1132/1302 3407/1198/1373 3408/1130/1374
f 3409/1192/1375 3410/1128/1299 3411/1130/1376
f 3409/1192/1375 3411/1130/1376 3412/1198/1373
f 3413/1131/318 3414/1129/318 3415/1199/318
f 3413/1131/318 3415/1199/318 3416/1200/318
f 3420/1195/407 3421/1201/512 3417/1199/317
f 3417/1199/317 3418/1129/407 3419/1127/319
f 3419/1127/319 3420/1195/407 3417/1199/317
f 3422/1137/1307 3423/1136/1377 3424/1202/1378
f 3422/1137/1307 3424/1202/1378 3425/1203/1379
f 3426/1080/319 3427/1139/1284 3428/1135/1267
f 3426/1080/319 3428/1135/1267 3429/1081/319
f 3430/1135/406 3431/1138/406 3432/1081/406
f 3433/1140/1328 3434/1204/1380 3435/1202/1378
f 3433/1140/1328 3435/1202/1378 3436/1136/1306
f 3437/1165/1326 3438/1186/1354 3439/1204/1380
f 3437/1165/1326 3439/1204/1380 3440/1140/1328
f 3441/1166/1269 3442/1139/1262 3443/1080/1262
f 3444/1134/1381 3445/1205/1382 3446/1197/1372
f 3444/1134/1381 3446/1197/1372 3447/1132/1302
f 3448/1205/1383 3449/1134/1381 3450/1137/1307
f 3448/1205/1383 3450/1137/1307 3451/1203/1379
f 3452/1146/1384 3453/1206/1385 3454/1207/1386
f 3452/1146/1384 3454/1207/1386 3455/1142/1309
f 3456/1179/1387 3457/1143/1310 3458/1142/1309
f 3456/1179/1387 3458/1142/1309 3459/1207/1386
f 3460/1148/1388 3461/1208/1389 3462/1206/1385
f 3460/1148/1388 3462/1206/1385 3463/1146/1384
f 3464/1097/1329 3465/1194/1370 3466/1209/1390
f 3464/1097/1329 3466/1209/1390 3467/1164/1391
f 3468/1098/1268 3469/1163/1268 3470/1175/1268
f 3471/1210/1392 3472/1150/1314 3473/1154/1318
f 3471/1210/1392 3473/1154/1318 3474/1176/1393
f 3475/1149/1394 3476/1196/1356 3477/1177/320
f 3475/1149/1394 3477/1177/320 3478/1153/320
f 3479/1211/1395 3480/1167/1396 3481/1151/1330
f 3479/1211/1395 3481/1151/1330 3482/1212/1397
f 3483/1150/1314 3484/1210/1392 3485/1212/1397
f 3483/1150/1314 3485/1212/1397 3486/1151/1330
f 3487/1149/318 3488/1152/318 3489/1195/318
f 3487/1149/318 3489/1195/318 3490/1196/318
f 3491/1152/418 3492/1168/1398 3493/1201/1259
f 3491/1152/418 3493/1201/1259 3494/1195/1399
f 3495/1162/1322 3496/1213/1400 3497/1214/1401
f 3495/1162/1322 3497/1214/1401 3498/1160/1321
f 3499/1215/1402 3500/1156/1319 3501/1160/1321
f 3499/1215/1402 3501/1160/1321 3502/1214/1403
f 3503/1215/1402 3504/1187/1359 3505/1157/1361
f 3503/1215/1402 3505/1157/1361 3506/1156/1319
f 3507/1164/1324 3508/1209/1390 3509/1213/1400
f 3507/1164/1324 3509/1213/1400 3510/1162/1404
f 3511/1175/418 3512/1163/1264 3513/1161/418
f 3511/1175/418 3513/1161/418 3514/1171/317
f 3515/1166/1262 3516/1080/1262 3517/1079/1262
f 3518/1216/1405 3519/1217/1406 3520/1218/1407
f 3518/1216/1405 3520/1218/1407 3521/1219/1408
f 3522/1219/1408 3523/1218/1409 3524/1220/1410
f 3522/1219/1408 3524/1220/1410 3525/1221/1411
f 3526/1221/1411 3527/1220/1410 3528/1222/1412
f 3526/1221/1411 3528/1222/1412 3529/1223/1413
f 3530/1217/1406 3531/1224/1414 3532/1225/1415
f 3530/1217/1406 3532/1225/1415 3533/1218/1416
f 3534/1218/1407 3535/1225/1415 3536/1226/1417
f 3534/1218/1407 3536/1226/1417 3537/1220/1410
f 3538/1220/1410 3539/1226/1417 3540/1227/1418
f 3538/1220/1410 3540/1227/1418 3541/1222/1412
f 3542/1223/1413 3543/1228/1419 3544/1229/1420
f 3542/1223/1413 3544/1229/1420 3545/1221/1411
f 3546/1221/1411 3547/1229/1421 3548/1230/1422
f 3546/1221/1411 3548/1230/1422 3549/1219/1423
f 3550/1219/1408 3551/1230/1424 3552/1231/1425
f 3550/1219/1408 3552/1231/1425 3553/1216/1426
f 3554/1228/1419 3555/1232/1427 3556/1233/1428
f 3554/1228/1419 3556/1233/1428 3557/1229/1420
f 3558/1229/1421 3559/1233/1429 3560/1234/1430
f 3558/1229/1421 3560/1234/1430 3561/1230/1424
f 3562/1230/1424 3563/1234/1430 3564/1235/1431
f 3562/1230/1424 3564/1235/1431 3565/1231/1425
f 3566/1236/1432 3567/1237/1433 3568/1238/1434
f 3566/1236/1432 3568/1238/1434 3569/1239/1435
f 3570/1239/1435 3571/1238/1436 3572/1240/1437
f 3570/1239/1435 3572/1240/1437 3573/1241/1438
f 3574/1241/1438 3575/1240/1439 3576/1242/418
f 3574/1241/1438 3576/1242/418 3577/1243/317
f 3578/1244/320 3579/1245/406 3580/1246/1440
f 3578/1244/320 3580/1246/1440 3581/1247/1441
f 3582/1247/1441 3583/1246/1440 3584/1248/1442
f 3582/1247/1441 3584/1248/1442 3585/1249/1443
f 3586/1249/1443 3587/1248/1442 3588/1250/1444
f 3586/1249/1443 3588/1250/1444 3589/1251/1445
f 3590/1245/320 3591/1252/1446 3592/1253/1447
f 3590/1245/320 3592/1253/1447 3593/1246/1440
f 3594/1246/1440 3595/1253/1448 3596/1254/1449
f 3594/1246/1440 3596/1254/1449 3597/1248/1442
f 3598/1248/1442 3599/1254/1450 3600/1255/1451
f 3598/1248/1442 3600/1255/1451 3601/1250/1452
f 3602/1256/1453 3603/1257/1454 3604/1258/1455
f 3602/1256/1453 3604/1258/1455 3605/1259/1456
f 3606/1259/1457 3607/1258/1455 3608/1260/1458
f 3606/1259/1457 3608/1260/1458 3609/1261/1459
f 3610/1261/1460 3611/1260/1461 3612/1262/1462
f 3610/1261/1460 3612/1262/1462 3613/1263/1463
f 3614/1264/1464 3615/1265/1465 3616/1266/1466
f 3614/1264/1464 3616/1266/1466 3617/1267/1467
f 3618/1267/1468 3619/1266/1466 3620/1268/1469
f 3618/1267/1468 3620/1268/1469 3621/1269/1470
f 3622/1269/1471 3623/1268/1469 3624/1270/1472
f 3622/1269/1471 3624/1270/1472 3625/1271/1473
f 3626/1237/1433 3627/1272/1474 3628/1273/1475
f 3626/1237/1433 3628/1273/1475 3629/1238/1434
f 3630/1238/1434 3631/1273/1475 3632/1274/1476
f 3630/1238/1434 3632/1274/1476 3633/1240/1477
f 3634/1240/1439 3635/1274/1476 3636/1275/317
f 3634/1240/1439 3636/1275/317 3637/1242/318
f 3638/1272/1474 3639/1276/1478 3640/1277/1479
f 3638/1272/1474 3640/1277/1479 3641/1273/1475
f 3642/1273/1475 3643/1277/1479 3644/1278/1480
f 3642/1273/1475 3644/1278/1480 3645/1274/1476
f 3646/1274/1476 3647/1278/1481 3648/1279/318
f 3646/1274/1476 3648/1279/318 3649/1275/317
f 3650/1280/1482 3651/1281/1483 3652/1282/1484
f 3650/1280/1482 3652/1282/1484 3653/1283/1485
f 3654/1283/1485 3655/1282/1484 3656/1284/1486
f 3654/1283/1485 3656/1284/1486 3657/1285/1487
f 3658/1285/1488 3659/1284/1489 3660/1286/317
f 3658/1285/1488 3660/1286/317 3661/1287/421
f 3662/1288/1490 3663/1289/1491 3664/1290/1492
f 3662/1288/1490 3664/1290/1492 3665/1291/1493
f 3666/1291/1494 3667/1290/1492 3668/1292/1495
f 3666/1291/1494 3668/1292/1495 3669/1293/1496
f 3670/1293/1496 3671/1292/1497 3672/1294/317
f 3670/1293/1496 3672/1294/317 3673/1295/1268
f 3674/1296/418 3675/1294/317 3676/1292/1497
f 3674/1296/418 3676/1292/1497 3677/1297/1498
f 3678/1297/1498 3679/1292/1499 3680/1290/1492
f 3678/1297/1498 3680/1290/1492 3681/1298/1500
f 3682/1298/1500 3683/1290/1492 3684/1289/1501
f 3682/1298/1500 3684/1289/1501 3685/1299/1502
f 3686/1281/1503 3687/1236/1432 3688/1239/1504
f 3686/1281/1503 3688/1239/1504 3689/1282/1505
f 3690/1282/1484 3691/1239/1506 3692/1241/1438
f 3690/1282/1484 3692/1241/1438 3693/1284/1507
f 3694/1284/1489 3695/1241/1438 3696/1243/317
f 3694/1284/1489 3696/1243/317 3697/1286/317
f 3698/1300/1508 3699/1280/1482 3700/1283/1485
f 3698/1300/1508 3700/1283/1485 3701/1301/1509
f 3702/1301/1509 3703/1283/1485 3704/1285/1510
f 3702/1301/1509 3704/1285/1510 3705/1302/1511
f 3706/1302/1512 3707/1285/1488 3708/1287/318
f 3706/1302/1512 3708/1287/318 3709/1303/317
f 3710/1251/1513 3711/1288/1490 3712/1291/1493
f 3710/1251/1513 3712/1291/1493 3713/1249/1443
f 3714/1249/1443 3715/1291/1494 3716/1293/1496
f 3714/1249/1443 3716/1293/1496 3717/1247/1441
f 3718/1247/1514 3719/1293/1496 3720/1295/1268
f 3718/1247/1514 3720/1295/1268 3721/1244/320
f 3722/1303/512 3723/1296/317 3724/1297/1498
f 3722/1303/512 3724/1297/1498 3725/1302/1515
f 3726/1302/1511 3727/1297/1498 3728/1298/1500
f 3726/1302/1511 3728/1298/1500 3729/1301/1509
f 3730/1301/1509 3731/1298/1500 3732/1299/1502
f 3730/1301/1509 3732/1299/1502 3733/1300/1516
f 3734/1304/1517 3735/1256/1453 3736/1259/1457
f 3734/1304/1517 3736/1259/1457 3737/1305/1518
f 3738/1305/1519 3739/1259/1520 3740/1261/1521
f 3738/1305/1519 3740/1261/1521 3741/1306/1522
f 3742/1306/1523 3743/1261/1460 3744/1263/1524
f 3742/1306/1523 3744/1263/1524 3745/1307/1525
f 3746/1224/1414 3747/1308/1526 3748/1309/1527
f 3746/1224/1414 3748/1309/1527 3749/1225/1415
f 3750/1225/1415 3751/1309/1527 3752/1310/1528
f 3750/1225/1415 3752/1310/1528 3753/1226/1417
f 3754/1226/1417 3755/1310/1528 3756/1311/1529
f 3754/1226/1417 3756/1311/1529 3757/1227/1418
f 3758/1308/1526 3759/1270/1530 3760/1268/1469
f 3758/1308/1526 3760/1268/1469 3761/1309/1527
f 3762/1309/1527 3763/1268/1469 3764/1266/1466
f 3762/1309/1527 3764/1266/1466 3765/1310/1528
f 3766/1310/1528 3767/1266/1466 3768/1265/1465
f 3766/1310/1528 3768/1265/1465 3769/1311/1531
f 3770/1252/1532 3771/1312/1533 3772/1313/1534
f 3770/1252/1532 3772/1313/1534 3773/1253/1447
f 3774/1253/1448 3775/1313/1535 3776/1314/1536
f 3774/1253/1448 3776/1314/1536 3777/1254/1449
f 3778/1254/1537 3779/1314/1538 3780/1315/1539
f 3778/1254/1537 3780/1315/1539 3781/1255/1451
f 3782/1312/1540 3783/1262/1541 3784/1260/1542
f 3782/1312/1540 3784/1260/1542 3785/1313/1535
f 3786/1313/1535 3787/1260/1458 3788/1258/1455
f 3786/1313/1535 3788/1258/1455 3789/1314/1543
f 3790/1314/1536 3791/1258/1455 3792/1257/1454
f 3790/1314/1536 3792/1257/1454 3793/1315/1544
f 3794/1307/1525 3795/1264/1464 3796/1267/1467
f 3794/1307/1525 3796/1267/1467 3797/1306/1522
f 3798/1306/1545 3799/1267/1467 3800/1269/1546
f 3798/1306/1545 3800/1269/1546 3801/1305/1518
f 3802/1305/1518 3803/1269/1546 3804/1271/1547
f 3802/1305/1518 3804/1271/1547 3805/1304/1548
f 3806/1232/1427 3807/1316/1549 3808/1317/1550
f 3806/1232/1427 3808/1317/1550 3809/1233/1428
f 3810/1233/1429 3811/1317/1550 3812/1318/1551
f 3810/1233/1429 3812/1318/1551 3813/1234/1430
f 3814/1234/1430 3815/1318/1551 3816/1319/1552
f 3814/1234/1430 3816/1319/1552 3817/1235/1431
f 3818/1316/1549 3819/1320/1553 3820/1321/1554
f 3818/1316/1549 3820/1321/1554 3821/1317/1550
f 3822/1317/1550 3823/1321/1555 3824/1322/1556
f 3822/1317/1550 3824/1322/1556 3825/1318/1551
f 3826/1318/1551 3827/1322/1556 3828/1323/1557
f 3826/1318/1551 3828/1323/1557 3829/1319/1552
f 3830/1145/1558 3831/1324/1558 3832/1147/1558
f 3833/1325/1553 3834/1326/1549 3835/988/1170
f 3833/1325/1553 3835/988/1170 3836/987/1169
f 3837/1327/1419 3838/1328/1413 3839/1329/1412
f 3837/1327/1419 3839/1329/1412 3840/984/1166
f 3841/984/1166 3842/1329/1412 3843/1330/1418
f 3841/984/1166 3843/1330/1418 3844/985/1167
f 3845/999/1183 3846/985/1167 3847/1330/1418
f 3845/999/1183 3847/1330/1418 3848/1331/1531
f 3849/1332/317 3850/1155/319 3851/1158/318
f 3849/1332/317 3851/1158/318 3852/1333/512
f 3853/1122/318 3854/1334/1559 3855/1120/512
f 3856/1334/512 3857/1335/317 3858/1117/318
f 3856/1334/512 3858/1117/318 3859/1120/319
f 3860/1336/1560 3861/1183/318 3862/1077/1259
f 3860/1336/1560 3862/1077/1259 3863/1004/1188
f 3864/1004/1188 3865/1003/1187 3866/1337/1540
f 3864/1004/1188 3866/1337/1540 3867/1336/1560
f 3868/1338/1427 3869/1327/1419 3870/984/1166
f 3868/1338/1427 3870/984/1166 3871/983/1173
f 3872/1326/1549 3873/1338/1427 3874/983/1165
f 3872/1326/1549 3874/983/1165 3875/988/1170
f 3876/1107/1561 3877/1339/418 3878/1340/1259
f 3876/1107/1561 3878/1340/1259 3879/1109/318
f 3880/1341/1463 3881/1342/1562 3882/995/1179
f 3880/1341/1463 3882/995/1179 3883/992/1178
f 3884/1003/1563 3885/995/1179 3886/1342/1541
f 3884/1003/1563 3886/1342/1541 3887/1337/1540
f 3888/1014/1203 3889/1000/1184 3890/1343/1465
f 3888/1014/1203 3890/1343/1465 3891/1344/1464
f 3892/1000/1184 3893/999/1183 3894/1331/1531
f 3892/1000/1184 3894/1331/1531 3895/1343/1465
f 3896/1345/1525 3897/1341/1524 3898/992/1175
f 3896/1345/1525 3898/992/1175 3899/991/1564
f 3900/991/1565 3901/1014/1203 3902/1344/1464
f 3900/991/1565 3902/1344/1464 3903/1345/1525
f 3904/1333/512 3905/1158/421 3906/1117/318
f 3904/1333/512 3906/1117/318 3907/1335/317
f 3908/1159/418 3909/1155/418 3910/1332/418
f 3911/1123/317 3912/1126/317 3913/1184/317
f 3914/1133/318 3915/1131/318 3916/1200/318
f 3914/1133/318 3916/1200/318 3917/1346/318
f 3918/1133/1262 3919/1346/1262 3920/1082/1262
f 3918/1133/1262 3920/1082/1262 3921/1081/1262
f 3922/1144/421 3923/1109/421 3924/1340/421
f 3925/1141/405 3926/1347/418 3927/1324/318
f 3925/1141/405 3927/1324/318 3928/1145/417
f 3929/1141/407 3930/1144/1262 3931/1340/322
f 3929/1141/407 3931/1340/322 3932/1347/317
f 3933/1105/318 3934/1339/317 3935/1107/1263
f 3936/1103/1284 3937/1171/417 3938/1348/1263
f 3936/1103/1284 3938/1348/1263 3939/1349/318
f 3940/1105/1566 3941/1103/506 3942/1349/512
f 3940/1105/1566 3942/1349/512 3943/1339/317
f 3947/1348/317 3948/1171/317 3944/1161/317
f 3944/1161/317 3945/1159/320 3946/1332/317
f 3946/1332/317 3947/1348/317 3944/1161/317
f 3949/1122/421 3950/1123/1567 3951/1184/407
f 3949/1122/421 3951/1184/407 3952/1334/1559
f 3953/1350/1568 3954/1351/1569 3955/1352/1570
f 3953/1350/1568 3955/1352/1570 3956/1353/1571
f 3957/1353/1571 3958/1352/1570 3959/1354/1572
f 3957/1353/1571 3959/1354/1572 3960/1355/1573
f 3961/1355/1573 3962/1354/1572 3963/1356/1574
f 3961/1355/1573 3963/1356/1574 3964/1357/1575
f 3965/1351/1569 3966/1358/1576 3967/1359/1577
f 3965/1351/1569 3967/1359/1577 3968/1352/1570
f 3969/1352/1570 3970/1359/1577 3971/1360/1578
f 3969/1352/1570 3971/1360/1578 3972/1354/1572
f 3973/1354/1572 3974/1360/1578 3975/1361/1579
f 3973/1354/1572 3975/1361/1579 3976/1356/1574
f 3977/1362/1580 3978/1363/1581 3979/1364/1582
f 3977/1362/1580 3979/1364/1582 3980/1365/1583
f 3981/1365/1583 3982/1364/1582 3983/1366/1584
f 3981/1365/1583 3983/1366/1584 3984/1367/1585
f 3985/1367/1586 3986/1366/1584 3987/1368/1587
f 3985/1367/1586 3987/1368/1587 3988/1369/1588
f 3989/1363/1581 3990/1370/1589 3991/1371/1590
f 3989/1363/1581 3991/1371/1590 3992/1364/1591
f 3993/1364/1591 3994/1371/1590 3995/1372/1592
f 3993/1364/1591 3995/1372/1592 3996/1366/1584
f 3997/1366/1584 3998/1372/1593 3999/1373/1594
f 3997/1366/1584 3999/1373/1594 4000/1368/1587
f 4001/1374/1595 4002/1375/1596 4003/1376/1597
f 4001/1374/1595 4003/1376/1597 4004/1377/1598
f 4005/1377/1599 4006/1376/1600 4007/1378/1601
f 4005/1377/1599 4007/1378/1601 4008/1379/1602
f 4009/1379/1602 4010/1378/1601 4011/1380/1603
f 4009/1379/1602 4011/1380/1603 4012/1381/1604
f 4013/1375/1596 4014/1382/1605 4015/1383/1606
f 4013/1375/1596 4015/1383/1606 4016/1376/1597
f 4017/1376/1597 4018/1383/1606 4019/1384/1607
f 4017/1376/1597 4019/1384/1607 4020/1378/1601
f 4021/1378/1601 4022/1384/1607 4023/1385/1478
f 4021/1378/1601 4023/1385/1478 4024/1380/1603
f 4025/1370/1608 4026/1386/1609 4027/1387/1610
f 4025/1370/1608 4027/1387/1610 4028/1371/1590
f 4029/1371/1590 4030/1387/1610 4031/1388/1611
f 4029/1371/1590 4031/1388/1611 4032/1372/1592
f 4033/1372/1592 4034/1388/1612 4035/1389/1613
f 4033/1372/1592 4035/1389/1613 4036/1373/1594
f 4037/1386/1609 4038/1390/1614 4039/1391/1615
f 4037/1386/1609 4039/1391/1615 4040/1387/1610
f 4041/1387/1610 4042/1391/1615 4043/1392/1616
f 4041/1387/1610 4043/1392/1616 4044/1388/1611
f 4045/1388/1611 4046/1392/1616 4047/1393/1617
f 4045/1388/1611 4047/1393/1617 4048/1389/1618
f 4049/1394/1619 4050/1395/1620 4051/1396/1621
f 4049/1394/1619 4051/1396/1621 4052/1397/1622
f 4053/1397/1622 4054/1396/1621 4055/1398/1623
f 4053/1397/1622 4055/1398/1623 4056/1399/1624
f 4057/1399/1624 4058/1398/1623 4059/1400/1625
f 4057/1399/1624 4059/1400/1625 4060/1401/1626
f 4061/1395/1620 4062/1402/1627 4063/1403/1628
f 4061/1395/1620 4063/1403/1628 4064/1396/1621
f 4065/1396/1621 4066/1403/1628 4067/1404/1629
f 4065/1396/1621 4067/1404/1629 4068/1398/1623
f 4069/1398/1623 4070/1404/1629 4071/1405/1630
f 4069/1398/1623 4071/1405/1630 4072/1400/1625
f 4073/1406/1631 4074/1407/1632 4075/1408/1633
f 4073/1406/1631 4075/1408/1633 4076/1409/1634
f 4077/1409/1634 4078/1408/1633 4079/1410/1635
f 4077/1409/1634 4079/1410/1635 4080/1411/1636
f 4081/1411/1636 4082/1410/1635 4083/1412/1637
f 4081/1411/1636 4083/1412/1637 4084/1413/1638
f 4085/1407/1632 4086/1350/1568 4087/1353/1571
f 4085/1407/1632 4087/1353/1571 4088/1408/1633
f 4089/1408/1633 4090/1353/1571 4091/1355/1573
f 4089/1408/1633 4091/1355/1573 4092/1410/1635
f 4093/1410/1635 4094/1355/1573 4095/1357/1575
f 4093/1410/1635 4095/1357/1575 4096/1412/1637
f 4097/1414/1639 4098/1415/1640 4099/1416/1641
f 4097/1414/1639 4099/1416/1641 4100/1417/1642
f 4101/1417/1642 4102/1416/1641 4103/1418/1643
f 4101/1417/1642 4103/1418/1643 4104/1419/1644
f 4105/1419/1644 4106/1418/1643 4107/1420/1645
f 4105/1419/1644 4107/1420/1645 4108/1421/1646
f 4109/1415/1640 4110/1362/1580 4111/1365/1583
f 4109/1415/1640 4111/1365/1583 4112/1416/1641
f 4113/1416/1641 4114/1365/1583 4115/1367/1585
f 4113/1416/1641 4115/1367/1585 4116/1418/1643
f 4117/1418/1643 4118/1367/1586 4119/1369/1588
f 4117/1418/1643 4119/1369/1588 4120/1420/1645
f 4121/1358/1576 4122/1422/1647 4123/1423/1648
f 4121/1358/1576 4123/1423/1648 4124/1359/1649
f 4125/1359/1577 4126/1423/1648 4127/1424/1650
f 4125/1359/1577 4127/1424/1650 4128/1360/1578
f 4129/1360/1578 4130/1424/1650 4131/1425/1651
f 4129/1360/1578 4131/1425/1651 4132/1361/1579
f 4133/1422/1647 4134/1374/1595 4135/1377/1652
f 4133/1422/1647 4135/1377/1652 4136/1423/1648
f 4137/1423/1648 4138/1377/1652 4139/1379/1653
f 4137/1423/1648 4139/1379/1653 4140/1424/1650
f 4141/1424/1650 4142/1379/1653 4143/1381/1604
f 4141/1424/1650 4143/1381/1604 4144/1425/1654
f 4145/1426/1655 4146/1427/1656 4147/1428/1657
f 4145/1426/1655 4147/1428/1657 4148/1429/1658
f 4149/1429/1658 4150/1428/1659 4151/1430/1660
f 4149/1429/1658 4151/1430/1660 4152/1431/1661
f 4153/1431/1661 4154/1430/1660 4155/1432/1662
f 4153/1431/1661 4155/1432/1662 4156/1433/1663
f 4157/1427/1656 4158/1434/1664 4159/1435/1665
f 4157/1427/1656 4159/1435/1665 4160/1428/1659
f 4161/1428/1659 4162/1435/1665 4163/1436/1666
f 4161/1428/1659 4163/1436/1666 4164/1430/1660
f 4165/1430/1660 4166/1436/1666 4167/1437/1667
f 4165/1430/1660 4167/1437/1667 4168/1432/1662
f 4169/1438/1668 4170/1439/1669 4171/1440/1670
f 4169/1438/1668 4171/1440/1670 4172/1441/1671
f 4173/1441/1671 4174/1440/1670 4175/1442/1672
f 4173/1441/1671 4175/1442/1672 4176/1443/1673
f 4177/1443/1673 4178/1442/1672 4179/1444/1674
f 4177/1443/1673 4179/1444/1674 4180/1445/1675
f 4181/1439/1676 4182/1393/1617 4183/1392/1616
f 4181/1439/1676 4183/1392/1616 4184/1440/1670
f 4185/1440/1670 4186/1392/1616 4187/1391/1615
f 4185/1440/1670 4187/1391/1615 4188/1442/1672
f 4189/1442/1672 4190/1391/1615 4191/1390/1614
f 4189/1442/1672 4191/1390/1614 4192/1444/1674
f 4193/1401/1626 4194/1446/1677 4195/1447/1678
f 4193/1401/1626 4195/1447/1678 4196/1399/1624
f 4197/1399/1624 4198/1447/1679 4199/1448/1680
f 4197/1399/1624 4199/1448/1680 4200/1397/1622
f 4201/1397/1622 4202/1448/1680 4203/1449/1681
f 4201/1397/1622 4203/1449/1681 4204/1394/1619
f 4205/1446/1682 4206/1426/1655 4207/1429/1658
f 4205/1446/1682 4207/1429/1658 4208/1447/1679
f 4209/1447/1679 4210/1429/1658 4211/1431/1661
f 4209/1447/1679 4211/1431/1661 4212/1448/1680
f 4213/1448/1680 4214/1431/1661 4215/1433/1663
f 4213/1448/1680 4215/1433/1663 4216/1449/1681
f 4217/1434/1664 4218/1450/1683 4219/1451/1684
f 4217/1434/1664 4219/1451/1684 4220/1435/1665
f 4221/1435/1665 4222/1451/1684 4223/1452/1685
f 4221/1435/1665 4223/1452/1685 4224/1436/1666
f 4225/1436/1666 4226/1452/1685 4227/1453/1686
f 4225/1436/1666 4227/1453/1686 4228/1437/1667
f 4229/1450/1683 4230/1438/1668 4231/1441/1671
f 4229/1450/1683 4231/1441/1671 4232/1451/1684
f 4233/1451/1684 4234/1441/1671 4235/1443/1673
f 4233/1451/1684 4235/1443/1673 4236/1452/1685
f 4237/1452/1685 4238/1443/1673 4239/1445/1675
f 4237/1452/1685 4239/1445/1675 4240/1453/1686
f 4241/1402/1627 4242/1454/1687 4243/1455/1688
f 4241/1402/1627 4243/1455/1688 4244/1403/1628
f 4245/1403/1628 4246/1455/1688 4247/1456/1689
f 4245/1403/1628 4247/1456/1689 4248/1404/1629
f 4249/1404/1629 4250/1456/1689 4251/1457/1690
f 4249/1404/1629 4251/1457/1690 4252/1405/1630
f 4253/1454/1687 4254/1406/1631 4255/1409/1634
f 4253/1454/1687 4255/1409/1634 4256/1455/1688
f 4257/1455/1688 4258/1409/1634 4259/1411/1636
f 4257/1455/1688 4259/1411/1636 4260/1456/1689
f 4261/1456/1689 4262/1411/1636 4263/1413/1638
f 4261/1456/1689 4263/1413/1638 4264/1457/1690
f 4265/701/843 4266/1458/1605 4267/1459/1596
f 4265/701/843 4267/1459/1596 4268/702/844
f 4269/1272/1474 4270/1380/1603 4271/1385/1478
f 4269/1272/1474 4271/1385/1478 4272/1276/1478
f 4273/606/721 4274/1460/1640 4275/1461/1639
f 4273/606/721 4275/1461/1639 4276/608/723
f 4277/1420/1645 4278/1319/1552 4279/1323/1557
f 4277/1420/1645 4279/1323/1557 4280/1421/1646
f 4281/1280/1482 4282/1356/1574 4283/1361/1579
f 4281/1280/1482 4283/1361/1579 4284/1281/1483
f 4285/1462/1576 4286/1463/1569 4287/956/1133
f 4285/1462/1576 4287/956/1133 4288/953/1129
f 4289/549/656 4290/1464/1647 4291/1462/1576
f 4289/549/656 4291/1462/1576 4292/551/1691
f 4293/1361/1579 4294/1425/1654 4295/1236/1432
f 4293/1361/1579 4295/1236/1432 4296/1281/1503
f 4297/551/657 4298/1462/1576 4299/953/1129
f 4297/551/657 4299/953/1129 4300/952/1128
f 4301/1357/1575 4302/1356/1574 4303/1280/1482
f 4301/1357/1575 4303/1280/1482 4304/1300/1516
f 4305/1465/1568 4306/1466/1632 4307/960/1138
f 4305/1465/1568 4307/960/1138 4308/957/1134
f 4309/1463/1569 4310/1465/1568 4311/957/1134
f 4309/1463/1569 4311/957/1134 4312/956/1692
f 4313/1299/1502 4314/1412/1637 4315/1357/1575
f 4313/1299/1502 4315/1357/1575 4316/1300/1516
f 4317/557/1693 4318/1467/1694 4319/1468/1581
f 4317/557/1693 4319/1468/1581 4320/686/825
f 4321/1389/1695 4322/1217/1406 4323/1216/1426
f 4321/1389/1695 4323/1216/1426 4324/1373/1696
f 4325/1216/1426 4326/1231/1425 4327/1368/1587
f 4325/1216/1426 4327/1368/1587 4328/1373/1594
f 4329/555/663 4330/1469/1609 4331/1467/1697
f 4329/555/663 4331/1467/1697 4332/557/664
f 4333/1224/1414 4334/1217/1406 4335/1389/1618
f 4333/1224/1414 4335/1389/1618 4336/1393/1617
f 4337/554/660 4338/1470/1614 4339/1469/1609
f 4337/554/660 4339/1469/1609 4340/555/1698
f 4341/717/859 4342/1471/1674 4343/1470/1614
f 4341/717/859 4343/1470/1614 4344/554/660
f 4345/1439/1669 4346/1308/1526 4347/1224/1414
f 4345/1439/1669 4347/1224/1414 4348/1393/1617
f 4349/1250/1452 4350/1400/1625 4351/1405/1630
f 4349/1250/1452 4351/1405/1630 4352/1251/1445
f 4353/1472/1627 4354/1473/1620 4355/719/861
f 4353/1472/1627 4355/719/861 4356/721/863
f 4357/1474/1687 4358/1472/1627 4359/721/863
f 4357/1474/1687 4359/721/863 4360/723/865
f 4361/1405/1630 4362/1457/1690 4363/1288/1490
f 4361/1405/1630 4363/1288/1490 4364/1251/1445
f 4365/1255/1451 4366/1401/1699 4367/1400/1625
f 4365/1255/1451 4367/1400/1625 4368/1250/1452
f 4369/1473/1620 4370/1475/1619 4371/713/855
f 4369/1473/1620 4371/713/855 4372/719/861
f 4373/1475/1619 4374/1476/1681 4375/709/851
f 4373/1475/1619 4375/709/851 4376/713/855
f 4377/1315/1544 4378/1446/1677 4379/1401/1700
f 4377/1315/1544 4379/1401/1700 4380/1255/1451
f 4381/1368/1587 4382/1231/1425 4383/1235/1431
f 4381/1368/1587 4383/1235/1431 4384/1369/1588
f 4385/605/720 4386/1477/1580 4387/1460/1640
f 4385/605/720 4387/1460/1640 4388/606/721
f 4389/686/825 4390/1468/1581 4391/1477/1580
f 4389/686/825 4391/1477/1580 4392/605/720
f 4393/1235/1431 4394/1319/1552 4395/1420/1645
f 4393/1235/1431 4395/1420/1645 4396/1369/1588
f 4397/1381/1604 4398/1380/1603 4399/1272/1474
f 4397/1381/1604 4399/1272/1474 4400/1237/1433
f 4401/548/1701 4402/1478/1595 4403/1464/1702
f 4401/548/1701 4403/1464/1702 4404/549/656
f 4405/702/844 4406/1459/1596 4407/1478/1703
f 4405/702/844 4407/1478/1703 4408/548/653
f 4409/1236/1432 4410/1425/1654 4411/1381/1604
f 4409/1236/1432 4411/1381/1604 4412/1237/1433
f 4413/1304/1517 4414/1434/1664 4415/1427/1656
f 4413/1304/1517 4415/1427/1656 4416/1256/1453
f 4417/1479/1662 4418/1480/1667 4419/752/895
f 4417/1479/1662 4419/752/895 4420/751/894
f 4421/752/895 4422/1480/1667 4423/1481/1686
f 4421/752/895 4423/1481/1686 4424/762/905
f 4425/1304/1517 4426/1271/1473 4427/1450/1683
f 4425/1304/1517 4427/1450/1683 4428/1434/1664
f 4429/1256/1453 4430/1427/1656 4431/1426/1655
f 4429/1256/1453 4431/1426/1655 4432/1257/1454
f 4433/1482/1663 4434/1479/1662 4435/751/894
f 4433/1482/1663 4435/751/894 4436/710/852
f 4437/1476/1681 4438/1482/1663 4439/710/852
f 4437/1476/1681 4439/710/852 4440/709/851
f 4441/1257/1454 4442/1426/1655 4443/1446/1677
f 4441/1257/1454 4443/1446/1677 4444/1315/1544
f 4445/1270/1472 4446/1308/1526 4447/1439/1669
f 4445/1270/1472 4447/1439/1669 4448/1438/1668
f 4449/716/858 4450/1483/1675 4451/1471/1674
f 4449/716/858 4451/1471/1674 4452/717/859
f 4453/1450/1683 4454/1271/1473 4455/1270/1472
f 4453/1450/1683 4455/1270/1472 4456/1438/1668
f 4457/762/905 4458/1481/1686 4459/1483/1675
f 4457/762/905 4459/1483/1675 4460/716/858
f 4461/1413/1638 4462/1412/1637 4463/1299/1502
f 4461/1413/1638 4463/1299/1502 4464/1289/1491
f 4465/1484/1631 4466/1474/1687 4467/723/865
f 4465/1484/1631 4467/723/865 4468/725/867
f 4469/1466/1632 4470/1484/1631 4471/725/867
f 4469/1466/1632 4471/725/867 4472/960/1138
f 4473/1288/1490 4474/1457/1690 4475/1413/1638
f 4473/1288/1490 4475/1413/1638 4476/1289/1491
f 4477/1138/1704 4478/1133/1259 4479/1081/1259
f 4480/881/1705 4481/884/1050 4482/848/1013
f 4480/881/1705 4482/848/1013 4483/847/1012
f 4484/937/1106 4485/881/1705 4486/847/1012
f 4484/937/1106 4486/847/1012 4487/935/1104
f 4488/923/1091 4489/922/1090 4490/895/1061
f 4488/923/1091 4490/895/1061 4491/894/1060
f 4492/919/1086 4493/918/1085 4494/856/1021
f 4492/919/1086 4494/856/1021 4495/855/1020
f 4496/849/1014 4497/927/1095 4498/922/1090
f 4496/849/1014 4498/922/1090 4499/850/1015
f 4500/914/1080 4501/913/1088 4502/904/1070
f 4500/914/1080 4502/904/1070 4503/1485/1706
f 4504/826/982 4505/925/1093 4506/918/1085
f 4504/826/982 4506/918/1085 4507/917/1084
f 4508/910/1076 4509/909/1075 4510/917/1083
f 4508/910/1076 4510/917/1083 4511/920/1087
f 4512/879/1045 4513/921/1089 4514/913/1088
f 4512/879/1045 4514/913/1088 4515/880/1046
f 4516/1486/1707 4517/906/1072 4518/908/1074
f 4516/1486/1707 4518/908/1074 4519/911/1077
f 4520/912/1078 4521/916/1082 4522/909/1075
f 4520/912/1078 4522/909/1075 4523/908/1074
f 4524/900/1066 4525/899/1065 4526/890/1056
f 4524/900/1066 4526/890/1056 4527/965/1143
f 4528/1485/1706 4529/904/1070 4530/906/1072
f 4528/1485/1706 4530/906/1072 4531/1486/1708
f 4532/897/1063 4533/896/1062 4534/898/1064
f 4532/897/1063 4534/898/1064 4535/901/1067
f 4536/903/1069 4537/907/1073 4538/899/1065
f 4536/903/1069 4538/899/1065 4539/898/1064
f 4540/963/1141 4541/893/1059 4542/861/1026
f 4540/963/1141 4542/861/1026 4543/958/1135
f 4544/1487/1709 4545/902/1068 4546/896/1062
f 4544/1487/1709 4546/896/1062 4547/885/1051
f 4548/1488/1710 4549/888/1054 4550/895/1061
f 4548/1488/1710 4550/895/1061 4551/928/1096
f 4552/965/1143 4553/890/1056 4554/893/1059
f 4552/965/1143 4554/893/1059 4555/963/1141
f 4556/883/1049 4557/882/1048 4558/875/1041
f 4556/883/1049 4558/875/1041 4559/1489/1711
f 4560/1487/1709 4561/885/1051 4562/888/1054
f 4560/1487/1709 4562/888/1054 4563/1488/1710
f 4564/1490/1712 4565/878/1044 4566/870/1035
f 4564/1490/1712 4566/870/1035 4567/1491/1713
f 4568/937/1106 4569/889/1055 4570/882/1048
f 4568/937/1106 4570/882/1048 4571/881/1705
f 4572/1492/1714 4573/873/1038 4574/880/1046
f 4572/1492/1714 4574/880/1046 4575/915/1081
f 4576/1489/1711 4577/875/1041 4578/878/1044
f 4576/1489/1711 4578/878/1044 4579/1490/1712
f 4580/868/1033 4581/867/1032 4582/851/1040
f 4580/868/1033 4582/851/1040 4583/948/1122
f 4584/1491/1713 4585/870/1035 4586/873/1038
f 4584/1491/1713 4586/873/1038 4587/1492/1714
f 4588/959/1136 4589/864/1029 4590/857/1022
f 4588/959/1136 4590/857/1022 4591/954/1130
f 4592/865/1030 4593/874/1039 4594/867/1032
f 4592/865/1030 4594/867/1032 4595/866/1031
f 4596/955/1131 4597/860/1025 4598/866/1031
f 4596/955/1131 4598/866/1031 4599/869/1034
f 4600/958/1135 4601/861/1026 4602/864/1029
f 4600/958/1135 4602/864/1029 4603/959/1137
f 4604/949/1123 4605/854/1019 4606/843/1008
f 4604/949/1123 4606/843/1008 4607/944/1117
f 4608/954/1130 4609/857/1022 4610/860/1025
f 4608/954/1130 4610/860/1025 4611/955/1131
f 4612/945/1118 4613/846/1011 4614/856/1021
f 4612/945/1118 4614/856/1021 4615/926/1094
f 4616/948/1122 4617/851/1040 4618/854/1019
f 4616/948/1122 4618/854/1019 4619/949/1123
f 4620/935/1104 4621/847/1012 4622/850/1015
f 4620/935/1104 4622/850/1015 4623/924/1092
f 4624/944/1117 4625/843/1008 4626/846/1011
f 4624/944/1117 4626/846/1011 4627/945/1118
f 4628/1493/1715 4629/1494/1716 4630/759/902
f 4628/1493/1715 4630/759/902 4631/758/901
f 4632/1495/1717 4633/1496/1718 4634/1497/1719
f 4632/1495/1717 4634/1497/1719 4635/1498/1720
f 4636/1499/1721 4637/1500/1722 4638/1496/1718
f 4636/1499/1721 4638/1496/1718 4639/1495/1717
f 4640/1501/1723 4641/1502/1724 4642/1503/1725
f 4640/1501/1723 4642/1503/1725 4643/1504/1726
f 4644/1505/1727 4645/1506/1728 4646/1507/1729
f 4644/1505/1727 4646/1507/1729 4647/1508/1730
f 4648/1508/1730 4649/1507/1729 4650/1509/1731
f 4648/1508/1730 4650/1509/1731 4651/1510/1732
f 4652/1507/1729 4653/1511/1733 4654/1512/1734
f 4652/1507/1729 4654/1512/1734 4655/1509/1731
f 4656/1506/1728 4657/1513/1735 4658/1511/1733
f 4656/1506/1728 4658/1511/1733 4659/1507/1729
f 4660/1514/1736 4661/1515/1737 4662/1516/1738
f 4660/1514/1736 4662/1516/1738 4663/1517/1739
f 4664/1517/1739 4665/1516/1738 4666/1518/1740
f 4664/1517/1739 4666/1518/1740 4667/1519/1741
f 4668/1516/1738 4669/1520/1742 4670/1521/1743
f 4668/1516/1738 4670/1521/1743 4671/1518/1740
f 4672/1515/1737 4673/1522/1744 4674/1520/1742
f 4672/1515/1737 4674/1520/1742 4675/1516/1738
f 4676/1523/1745 4677/1524/1746 4678/1525/1747
f 4676/1523/1745 4678/1525/1747 4679/1526/1748
f 4680/1524/1746 4681/1527/1749 4682/1528/1750
f 4680/1524/1746 4682/1528/1750 4683/1525/1751
f 4684/1529/1752 4685/1530/1753 4686/1531/1754
f 4684/1529/1752 4686/1531/1754 4687/1532/1755
f 4688/1530/1756 4689/1533/1757 4690/1534/1758
f 4688/1530/1756 4690/1534/1758 4691/1531/1759
f 4692/1535/1760 4693/1536/1761 4694/1537/1762
f 4692/1535/1760 4694/1537/1762 4695/1538/1763
f 4696/1538/1763 4697/1537/1762 4698/1539/1764
f 4696/1538/1763 4698/1539/1764 4699/1540/1765
f 4700/1537/1762 4701/1541/1766 4702/1542/1767
f 4700/1537/1762 4702/1542/1767 4703/1539/1764
f 4704/1536/1761 4705/1543/1768 4706/1541/1766
f 4704/1536/1761 4706/1541/1766 4707/1537/1762
f 4708/1544/1769 4709/1545/1770 4710/1546/1771
f 4708/1544/1769 4710/1546/1771 4711/1547/1772
f 4712/1547/1772 4713/1546/1771 4714/1548/1773
f 4712/1547/1772 4714/1548/1773 4715/1549/1774
f 4716/1546/1771 4717/1550/1775 4718/1551/1776
f 4716/1546/1771 4718/1551/1776 4719/1548/1777
f 4720/1545/1770 4721/1552/1778 4722/1550/1775
f 4720/1545/1770 4722/1550/1775 4723/1546/1771
f 4724/1519/1741 4725/1518/1779 4726/1553/1780
f 4724/1519/1741 4726/1553/1780 4727/1554/1781
f 4728/1554/1781 4729/1553/1780 4730/1555/1782
f 4728/1554/1781 4730/1555/1782 4731/1556/1783
f 4732/1553/1780 4733/1557/1784 4734/1558/1785
f 4732/1553/1780 4734/1558/1785 4735/1555/1782
f 4736/1518/1740 4737/1521/1743 4738/1557/1784
f 4736/1518/1740 4738/1557/1784 4739/1553/1780
f 4740/1510/1786 4741/1509/1731 4742/1559/1787
f 4740/1510/1786 4742/1559/1787 4743/1560/1788
f 4744/1560/1788 4745/1559/1787 4746/1524/1746
f 4744/1560/1788 4746/1524/1746 4747/1523/1745
f 4748/1559/1789 4749/1561/1790 4750/1527/1791
f 4748/1559/1789 4750/1527/1791 4751/1524/1746
f 4752/1509/1731 4753/1512/1734 4754/1561/1790
f 4752/1509/1731 4754/1561/1790 4755/1559/1792
f 4756/1562/1793 4757/1563/1794 4758/1564/1795
f 4756/1562/1793 4758/1564/1795 4759/1565/1796
f 4760/1565/1796 4761/1564/1795 4762/1566/1797
f 4760/1565/1796 4762/1566/1797 4763/1567/1798
f 4764/1564/1799 4765/1568/1800 4766/1569/705
f 4764/1564/1799 4766/1569/705 4767/1566/1797
f 4768/1563/1801 4769/1570/709 4770/1568/1800
f 4768/1563/1801 4770/1568/1800 4771/1564/1795
f 4772/1571/1802 4773/1572/1803 4774/1573/1804
f 4772/1571/1802 4774/1573/1804 4775/1574/1805
f 4776/1574/1805 4777/1573/1804 4778/1575/1806
f 4776/1574/1805 4778/1575/1806 4779/1576/1807
f 4780/1573/1804 4781/1577/717 4782/1578/716
f 4780/1573/1804 4782/1578/716 4783/1575/1806
f 4784/1572/1803 4785/1579/1808 4786/1577/717
f 4784/1572/1803 4786/1577/717 4787/1573/1804
f 4788/1580/1809 4789/1581/1810 4790/1582/1811
f 4788/1580/1809 4790/1582/1811 4791/1583/1812
f 4792/1581/1810 4793/1584/724 4794/1585/723
f 4792/1581/1810 4794/1585/723 4795/1582/1811
f 4796/1567/1798 4797/1566/1797 4798/1586/1813
f 4796/1567/1798 4798/1586/1813 4799/1587/1814
f 4800/1587/1814 4801/1586/1813 4802/1588/1815
f 4800/1587/1814 4802/1588/1815 4803/1589/1816
f 4804/1586/1813 4805/1590/730 4806/1591/729
f 4804/1586/1813 4806/1591/729 4807/1588/1815
f 4808/1566/1797 4809/1569/705 4810/1590/732
f 4808/1566/1797 4810/1590/732 4811/1586/1813
f 4812/1592/1817 4813/1593/1818 4814/1594/1819
f 4812/1592/1817 4814/1594/1819 4815/1595/1820
f 4816/1595/1820 4817/1594/1819 4818/1563/1794
f 4816/1595/1820 4818/1563/1794 4819/1562/1793
f 4820/1594/1819 4821/1596/1821 4822/1570/709
f 4820/1594/1819 4822/1570/709 4823/1563/1801
f 4824/1593/1818 4825/1597/741 4826/1596/740
f 4824/1593/1818 4826/1596/740 4827/1594/1822
f 4828/761/904 4829/760/1823 4830/1502/1724
f 4828/761/904 4830/1502/1724 4831/1501/1723
f 4832/1598/1824 4833/1599/1825 4834/625/745
f 4832/1598/1824 4834/625/745 4835/624/744
f 4836/1600/1826 4837/1601/1827 4838/1602/1828
f 4836/1600/1826 4838/1602/1828 4839/1603/1829
f 4840/1603/1830 4841/1602/1828 4842/1604/1831
f 4840/1603/1830 4842/1604/1831 4843/1605/1832
f 4844/1602/1828 4845/1606/1833 4846/1607/1834
f 4844/1602/1828 4846/1607/1834 4847/1604/1831
f 4848/1601/1827 4849/1608/1835 4850/1606/1833
f 4848/1601/1827 4850/1606/1833 4851/1602/1828
f 4852/1609/1836 4853/1610/1837 4854/1599/1825
f 4852/1609/1836 4854/1599/1825 4855/1598/1824
f 4856/1611/1838 4857/1612/1839 4858/1610/1840
f 4856/1611/1838 4858/1610/1840 4859/1609/1836
f 4860/1576/1807 4861/1575/1806 4862/1613/1841
f 4860/1576/1807 4862/1613/1841 4863/1614/1842
f 4864/1614/1842 4865/1613/1841 4866/1593/1818
f 4864/1614/1842 4866/1593/1818 4867/1592/1817
f 4868/1613/1843 4869/1615/766 4870/1597/741
f 4868/1613/1843 4870/1597/741 4871/1593/1818
f 4872/1575/1806 4873/1578/1844 4874/1615/1845
f 4872/1575/1806 4874/1615/1845 4875/1613/1846
f 4876/1540/1765 4877/1539/1764 4878/1616/1847
f 4876/1540/1765 4878/1616/1847 4879/1617/1848
f 4880/1617/1848 4881/1616/1847 4882/1515/1737
f 4880/1617/1848 4882/1515/1737 4883/1514/1736
f 4884/1616/1847 4885/1618/1849 4886/1522/1744
f 4884/1616/1847 4886/1522/1744 4887/1515/1737
f 4888/1539/1764 4889/1542/1767 4890/1618/1849
f 4888/1539/1764 4890/1618/1849 4891/1616/1847
f 4892/1549/1774 4893/1548/1773 4894/1619/1850
f 4892/1549/1774 4894/1619/1850 4895/1620/1851
f 4896/1620/1851 4897/1619/1850 4898/1506/1728
f 4896/1620/1851 4898/1506/1728 4899/1505/1727
f 4900/1619/1850 4901/1621/1852 4902/1513/1735
f 4900/1619/1850 4902/1513/1735 4903/1506/1728
f 4904/1548/1853 4905/1551/1776 4906/1621/1852
f 4904/1548/1853 4906/1621/1852 4907/1619/1850
f 4908/1622/1854 4909/1623/1855 4910/1624/1856
f 4908/1622/1854 4910/1624/1856 4911/1625/1857
f 4912/1625/1857 4913/1624/1856 4914/1626/1858
f 4912/1625/1857 4914/1626/1858 4915/1627/1859
f 4916/1624/1856 4917/1603/1829 4918/1605/1860
f 4916/1624/1856 4918/1605/1860 4919/1626/1858
f 4920/1623/1855 4921/1600/1826 4922/1603/1829
f 4920/1623/1855 4922/1603/1829 4923/1624/1856
f 4924/656/782 4925/1628/1861 4926/1629/1862
f 4924/656/782 4926/1629/1862 4927/657/783
f 4928/657/783 4929/1629/1862 4930/1630/1863
f 4928/657/783 4930/1630/1863 4931/660/786
f 4932/1629/1862 4933/1620/1851 4934/1505/1727
f 4932/1629/1862 4934/1505/1727 4935/1630/1863
f 4936/1628/1861 4937/1549/1774 4938/1620/1851
f 4936/1628/1861 4938/1620/1851 4939/1629/1862
f 4940/1542/1767 4941/1631/1864 4942/1632/1865
f 4940/1542/1767 4942/1632/1865 4943/1618/1849
f 4944/1618/1849 4945/1632/1865 4946/1633/1866
f 4944/1618/1849 4946/1633/1866 4947/1522/1744
f 4948/1632/1867 4949/1614/1868 4950/1592/1869
f 4948/1632/1867 4950/1592/1869 4951/1633/1866
f 4952/1631/1864 4953/1576/1870 4954/1614/1842
f 4952/1631/1864 4954/1614/1842 4955/1632/1867
f 4956/1498/1720 4957/1497/1719 4958/1612/1839
f 4956/1498/1720 4958/1612/1839 4959/1611/1838
f 4960/1634/1871 4961/1635/1872 4962/1494/1716
f 4960/1634/1871 4962/1494/1716 4963/1493/1715
f 4964/1608/1835 4965/1636/1873 4966/1637/1874
f 4964/1608/1835 4966/1637/1874 4967/1606/1833
f 4968/1606/1833 4969/1637/1874 4970/1638/1875
f 4968/1606/1833 4970/1638/1875 4971/1607/1834
f 4972/1637/1874 4973/1639/1876 4974/1640/1877
f 4972/1637/1874 4974/1640/1877 4975/1638/1875
f 4976/1636/1873 4977/1641/1878 4978/1639/1876
f 4976/1636/1873 4978/1639/1876 4979/1637/1874
f 4980/1522/1744 4981/1633/1866 4982/1642/1879
f 4980/1522/1744 4982/1642/1879 4983/1520/1742
f 4984/1520/1742 4985/1642/1880 4986/1643/1881
f 4984/1520/1742 4986/1643/1881 4987/1521/1743
f 4988/1642/1882 4989/1595/1820 4990/1562/1793
f 4988/1642/1882 4990/1562/1793 4991/1643/1883
f 4992/1633/1866 4993/1592/1869 4994/1595/1820
f 4992/1633/1866 4994/1595/1820 4995/1642/1882
f 4996/1558/1785 4997/1644/1884 4998/1645/1885
f 4996/1558/1785 4998/1645/1885 4999/1646/1886
f 5000/1646/1886 5001/1645/1885 5002/1647/1887
f 5000/1646/1886 5002/1647/1887 5003/1648/1888
f 5004/1645/1885 5005/1587/1814 5006/1589/1816
f 5004/1645/1885 5006/1589/1816 5007/1647/1887
f 5008/1644/1889 5009/1567/1798 5010/1587/1814
f 5008/1644/1889 5010/1587/1814 5011/1645/1885
f 5012/1589/1816 5013/1588/1815 5014/1649/1890
f 5012/1589/1816 5014/1649/1890 5015/1650/1891
f 5016/1650/1891 5017/1649/1890 5018/1651/1892
f 5016/1650/1891 5018/1651/1892 5019/1652/1893
f 5020/1649/1890 5021/1653/823 5022/1654/822
f 5020/1649/1890 5022/1654/822 5023/1651/1892
f 5024/1588/1815 5025/1591/729 5026/1653/823
f 5024/1588/1815 5026/1653/823 5027/1649/1890
f 5028/1533/1894 5029/1655/1895 5030/1656/1896
f 5028/1533/1894 5030/1656/1896 5031/1534/1758
f 5032/1655/1895 5033/1580/1809 5034/1583/1812
f 5032/1655/1895 5034/1583/1812 5035/1656/1896
f 5036/1543/1768 5037/1657/1897 5038/1658/1898
f 5036/1543/1768 5038/1658/1898 5039/1541/1766
f 5040/1541/1766 5041/1658/1898 5042/1631/1864
f 5040/1541/1766 5042/1631/1864 5043/1542/1767
f 5044/1658/1898 5045/1574/1805 5046/1576/1807
f 5044/1658/1898 5046/1576/1807 5047/1631/1864
f 5048/1657/1897 5049/1571/1802 5050/1574/1805
f 5048/1657/1897 5050/1574/1805 5051/1658/1898
f 5052/1521/1743 5053/1643/1899 5054/1659/1900
f 5052/1521/1743 5054/1659/1900 5055/1557/1784
f 5056/1557/1784 5057/1659/1900 5058/1644/1889
f 5056/1557/1784 5058/1644/1889 5059/1558/1785
f 5060/1659/1900 5061/1565/1796 5062/1567/1798
f 5060/1659/1900 5062/1567/1798 5063/1644/1901
f 5064/1643/1883 5065/1562/1793 5066/1565/1796
f 5064/1643/1883 5066/1565/1796 5067/1659/1900
f 5068/691/832 5069/1660/1902 5070/1661/1903
f 5068/691/832 5070/1661/1903 5071/692/833
f 5072/692/833 5073/1661/1903 5074/1662/1904
f 5072/692/833 5074/1662/1904 5075/695/836
f 5076/1661/1903 5077/1560/1788 5078/1523/1745
f 5076/1661/1903 5078/1523/1745 5079/1662/1904
f 5080/1660/1902 5081/1510/1732 5082/1560/1788
f 5080/1660/1902 5082/1560/1788 5083/1661/1903
f 5084/697/839 5085/1663/1905 5086/1664/1906
f 5084/697/839 5086/1664/1906 5087/698/840
f 5088/698/840 5089/1664/1906 5090/1628/1861
f 5088/698/840 5090/1628/1861 5091/656/782
f 5092/1664/1906 5093/1547/1772 5094/1549/1774
f 5092/1664/1906 5094/1549/1774 5095/1628/1861
f 5096/1663/1905 5097/1544/1769 5098/1547/1772
f 5096/1663/1905 5098/1547/1772 5099/1664/1906
f 5100/695/836 5101/1662/1904 5102/1665/1907
f 5100/695/836 5102/1665/1907 5103/701/843
f 5104/1662/1904 5105/1523/1745 5106/1526/1748
f 5104/1662/1904 5106/1526/1748 5107/1665/1907
f 5108/660/786 5109/1630/1863 5110/1666/1908
f 5108/660/786 5110/1666/1908 5111/703/845
f 5112/703/845 5113/1666/1908 5114/1660/1902
f 5112/703/845 5114/1660/1902 5115/691/832
f 5116/1666/1908 5117/1508/1730 5118/1510/1909
f 5116/1666/1908 5118/1510/1909 5119/1660/1902
f 5120/1630/1863 5121/1505/1727 5122/1508/1730
f 5120/1630/1863 5122/1508/1730 5123/1666/1908
f 5124/1667/848 5125/1668/847 5126/1635/1872
f 5124/1667/848 5126/1635/1872 5127/1634/1871
f 5128/1669/1910 5129/1670/1911 5130/1500/1722
f 5128/1669/1910 5130/1500/1722 5131/1499/1721
f 5132/1671/1912 5133/1672/1913 5134/1673/1914
f 5132/1671/1912 5134/1673/1914 5135/1674/1915
f 5136/1675/1916 5137/1676/1917 5138/1672/1913
f 5136/1675/1916 5138/1672/1913 5139/1671/1912
f 5140/1677/1918 5141/1678/1919 5142/1679/1920
f 5140/1677/1918 5142/1679/1920 5143/1680/1921
f 5144/1678/1919 5145/1529/1752 5146/1532/1755
f 5144/1678/1919 5146/1532/1755 5147/1679/1920
f 5148/1681/1922 5149/1682/1923 5150/1676/1917
f 5148/1681/1922 5150/1676/1917 5151/1675/1916
f 5152/1683/1924 5153/1684/1925 5154/1682/1923
f 5152/1683/1924 5154/1682/1923 5155/1681/1922
f 5156/1685/1926 5157/1686/1927 5158/1684/1925
f 5156/1685/1926 5158/1684/1925 5159/1683/1924
f 5160/1687/1928 5161/1688/1929 5162/1686/1927
f 5160/1687/1928 5162/1686/1927 5163/1685/1926
f 5164/1689/1930 5165/1690/1931 5166/1670/1911
f 5164/1689/1930 5166/1670/1911 5167/1669/1910
f 5168/1691/1932 5169/1692/1933 5170/1690/1931
f 5168/1691/1932 5170/1690/1931 5171/1689/1934
f 5172/1627/1859 5173/1626/1858 5174/1693/1935
f 5172/1627/1859 5174/1693/1935 5175/1694/1936
f 5176/1694/1936 5177/1693/1937 5178/1695/1938
f 5176/1694/1936 5178/1695/1938 5179/1696/1939
f 5180/1693/1937 5181/1697/1940 5182/1698/1941
f 5180/1693/1937 5182/1698/1941 5183/1695/1938
f 5184/1626/1858 5185/1605/1832 5186/1697/1940
f 5184/1626/1858 5186/1697/1940 5187/1693/1937
f 5188/1607/1834 5189/1638/1875 5190/1699/1942
f 5188/1607/1834 5190/1699/1942 5191/1700/1943
f 5192/1700/1943 5193/1699/1942 5194/1701/1944
f 5192/1700/1943 5194/1701/1944 5195/1702/1945
f 5196/1699/1942 5197/1703/1946 5198/1704/1947
f 5196/1699/1942 5198/1704/1947 5199/1701/1944
f 5200/1638/1875 5201/1640/1877 5202/1703/1946
f 5200/1638/1875 5202/1703/1946 5203/1699/1942
f 5204/1640/1877 5205/1705/1948 5206/1706/1949
f 5204/1640/1877 5206/1706/1949 5207/1703/1946
f 5208/1703/1946 5209/1706/1949 5210/1707/1950
f 5208/1703/1946 5210/1707/1950 5211/1704/1947
f 5212/1706/1949 5213/1708/889 5214/1709/888
f 5212/1706/1949 5214/1709/888 5215/1707/1950
f 5216/1705/1948 5217/1710/890 5218/1708/889
f 5216/1705/1948 5218/1708/889 5219/1706/1949
f 5220/1605/1832 5221/1604/1831 5222/1711/1951
f 5220/1605/1832 5222/1711/1951 5223/1697/1940
f 5224/1697/1940 5225/1711/1951 5226/1712/1952
f 5224/1697/1940 5226/1712/1952 5227/1698/1941
f 5228/1711/1951 5229/1700/1943 5230/1702/1945
f 5228/1711/1951 5230/1702/1945 5231/1712/1952
f 5232/1604/1831 5233/1607/1834 5234/1700/1943
f 5232/1604/1831 5234/1700/1943 5235/1711/1951
f 5236/1713/1953 5237/1714/1954 5238/1715/1955
f 5236/1713/1953 5238/1715/1955 5239/1716/1956
f 5240/1674/1915 5241/1673/1914 5242/1714/1954
f 5240/1674/1915 5242/1714/1954 5243/1713/1953
f 5244/1676/1917 5245/1717/1957 5246/1718/1958
f 5244/1676/1917 5246/1718/1958 5247/1672/1913
f 5248/1672/1913 5249/1718/1958 5250/1719/1959
f 5248/1672/1913 5250/1719/1959 5251/1673/1914
f 5252/1718/1958 5253/1694/1936 5254/1696/1960
f 5252/1718/1958 5254/1696/1960 5255/1719/1961
f 5256/1717/1957 5257/1627/1859 5258/1694/1936
f 5256/1717/1957 5258/1694/1936 5259/1718/1958
f 5260/1504/1726 5261/1503/1725 5262/1692/1933
f 5260/1504/1726 5262/1692/1933 5263/1691/1932
f 5264/1715/1955 5265/1720/1962 5266/1721/1963
f 5264/1715/1955 5266/1721/1963 5267/1716/1956
f 5268/1720/1962 5269/1677/1918 5270/1680/1921
f 5268/1720/1962 5270/1680/1921 5271/1721/1963
f 5272/1684/1925 5273/1722/1964 5274/1723/1965
f 5272/1684/1925 5274/1723/1965 5275/1682/1923
f 5276/1682/1923 5277/1723/1965 5278/1717/1957
f 5276/1682/1923 5278/1717/1957 5279/1676/1917
f 5280/1723/1965 5281/1625/1857 5282/1627/1859
f 5280/1723/1965 5282/1627/1859 5283/1717/1957
f 5284/1722/1964 5285/1622/1854 5286/1625/1857
f 5284/1722/1964 5286/1625/1857 5287/1723/1965
f 5288/1654/822 5289/1724/910 5290/1725/1966
f 5288/1654/822 5290/1725/1966 5291/1651/1892
f 5292/1651/1892 5293/1725/1966 5294/1726/1967
f 5292/1651/1892 5294/1726/1967 5295/1652/1893
f 5296/1725/1966 5297/1727/1968 5298/1728/1969
f 5296/1725/1966 5298/1728/1969 5299/1726/1967
f 5300/1724/910 5301/1729/914 5302/1727/1968
f 5300/1724/910 5302/1727/1968 5303/1725/1966
f 5304/1729/914 5305/1730/916 5306/1731/1970
f 5304/1729/914 5306/1731/1970 5307/1727/1968
f 5308/1727/1968 5309/1731/1970 5310/1732/1971
f 5308/1727/1968 5310/1732/1971 5311/1728/1969
f 5312/1731/1970 5313/1733/1972 5314/1641/1878
f 5312/1731/1970 5314/1641/1878 5315/1732/1971
f 5316/1730/916 5317/1734/919 5318/1733/1972
f 5316/1730/916 5318/1733/1972 5319/1731/1970
f 5320/1734/919 5321/1735/921 5322/1736/1973
f 5320/1734/919 5322/1736/1973 5323/1733/1972
f 5324/1733/1972 5325/1736/1973 5326/1639/1876
f 5324/1733/1972 5326/1639/1876 5327/1641/1878
f 5328/1736/1973 5329/1705/1948 5330/1640/1877
f 5328/1736/1973 5330/1640/1877 5331/1639/1876
f 5332/1735/921 5333/1710/890 5334/1705/1948
f 5332/1735/921 5334/1705/1948 5335/1736/1973
f 5336/1673/1914 5337/1719/1961 5338/1737/1974
f 5336/1673/1914 5338/1737/1974 5339/1714/1954
f 5340/1714/1954 5341/1737/1974 5342/1720/1962
f 5340/1714/1954 5342/1720/1962 5343/1715/1955
f 5344/1737/1974 5345/1738/1975 5346/1677/1918
f 5344/1737/1974 5346/1677/1918 5347/1720/1962
f 5348/1719/1961 5349/1696/1960 5350/1738/1975
f 5348/1719/1961 5350/1738/1975 5351/1737/1974
f 5352/1696/1960 5353/1695/1938 5354/1739/1976
f 5352/1696/1960 5354/1739/1976 5355/1738/1975
f 5356/1738/1975 5357/1739/1976 5358/1678/1919
f 5356/1738/1975 5358/1678/1919 5359/1677/1918
f 5360/1739/1976 5361/1740/1977 5362/1529/1752
f 5360/1739/1976 5362/1529/1752 5363/1678/1919
f 5364/1695/1938 5365/1698/1941 5366/1740/1977
f 5364/1695/1938 5366/1740/1977 5367/1739/1976
f 5368/1702/1945 5369/1701/1944 5370/1741/1978
f 5368/1702/1945 5370/1741/1978 5371/1742/1979
f 5372/1742/1979 5373/1741/1978 5374/1655/1895
f 5372/1742/1979 5374/1655/1895 5375/1533/1980
f 5376/1741/1978 5377/1743/1981 5378/1580/1809
f 5376/1741/1978 5378/1580/1809 5379/1655/1895
f 5380/1701/1944 5381/1704/1947 5382/1743/1981
f 5380/1701/1944 5382/1743/1981 5383/1741/1978
f 5384/1704/1947 5385/1707/1950 5386/1744/1982
f 5384/1704/1947 5386/1744/1982 5387/1743/1981
f 5388/1743/1981 5389/1744/1982 5390/1581/1810
f 5388/1743/1981 5390/1581/1810 5391/1580/1809
f 5392/1744/1982 5393/1745/931 5394/1584/724
f 5392/1744/1982 5394/1584/724 5395/1581/1810
f 5396/1707/1950 5397/1709/888 5398/1745/931
f 5396/1707/1950 5398/1745/931 5399/1744/1982
f 5400/1698/1941 5401/1712/1952 5402/1746/1983
f 5400/1698/1941 5402/1746/1983 5403/1740/1977
f 5404/1740/1977 5405/1746/1983 5406/1530/1753
f 5404/1740/1977 5406/1530/1753 5407/1529/1752
f 5408/1746/1983 5409/1742/1979 5410/1533/1980
f 5408/1746/1983 5410/1533/1980 5411/1530/1753
f 5412/1712/1952 5413/1702/1945 5414/1742/1979
f 5412/1712/1952 5414/1742/1979 5415/1746/1983
f 5416/1500/1722 5417/1670/1911 5418/1747/1984
f 5416/1500/1722 5418/1747/1984 5419/1748/1985
f 5420/1748/1985 5421/1747/1984 5422/1749/1986
f 5420/1748/1985 5422/1749/1986 5423/1750/1987
f 5424/1747/1984 5425/1751/1988 5426/1752/1989
f 5424/1747/1984 5426/1752/1989 5427/1749/1986
f 5428/1670/1911 5429/1690/1931 5430/1751/1990
f 5428/1670/1911 5430/1751/1990 5431/1747/1984
f 5432/1497/1719 5433/1496/1718 5434/1753/1991
f 5432/1497/1719 5434/1753/1991 5435/1754/1992
f 5436/1754/1992 5437/1753/1991 5438/1755/1993
f 5436/1754/1992 5438/1755/1993 5439/1756/1994
f 5440/1753/1991 5441/1748/1985 5442/1750/1987
f 5440/1753/1991 5442/1750/1987 5443/1755/1993
f 5444/1496/1718 5445/1500/1722 5446/1748/1985
f 5444/1496/1718 5446/1748/1985 5447/1753/1991
f 5448/625/745 5449/1599/1825 5450/1757/1995
f 5448/625/745 5450/1757/1995 5451/799/947
f 5452/799/947 5453/1757/1995 5454/1758/1996
f 5452/799/947 5454/1758/1996 5455/801/949
f 5456/1757/1995 5457/1759/1997 5458/1760/1998
f 5456/1757/1995 5458/1760/1998 5459/1758/1996
f 5460/1599/1825 5461/1610/1837 5462/1759/1997
f 5460/1599/1825 5462/1759/1997 5463/1757/1999
f 5464/760/903 5465/759/902 5466/1761/2000
f 5464/760/903 5466/1761/2000 5467/1762/2001
f 5468/1762/2001 5469/1761/2000 5470/1763/2002
f 5468/1762/2001 5470/1763/2002 5471/1764/2003
f 5472/1761/2000 5473/1765/2004 5474/1766/2005
f 5472/1761/2000 5474/1766/2005 5475/1763/2002
f 5476/759/902 5477/1494/1716 5478/1765/2004
f 5476/759/902 5478/1765/2004 5479/1761/2000
f 5480/1690/1931 5481/1692/1933 5482/1767/2006
f 5480/1690/1931 5482/1767/2006 5483/1751/1988
f 5484/1751/1988 5485/1767/2006 5486/1768/2007
f 5484/1751/1988 5486/1768/2007 5487/1752/1989
f 5488/1767/2008 5489/1769/2009 5490/1770/2010
f 5488/1767/2008 5490/1770/2010 5491/1768/2007
f 5492/1692/1933 5493/1503/1725 5494/1769/2009
f 5492/1692/1933 5494/1769/2009 5495/1767/2008
f 5496/1494/1716 5497/1635/1872 5498/1771/2011
f 5496/1494/1716 5498/1771/2011 5499/1765/2004
f 5500/1765/2004 5501/1771/2011 5502/1772/2012
f 5500/1765/2004 5502/1772/2012 5503/1766/2005
f 5504/1771/2011 5505/1773/969 5506/1774/968
f 5504/1771/2011 5506/1774/968 5507/1772/2012
f 5508/1635/1872 5509/1668/847 5510/1773/969
f 5508/1635/1872 5510/1773/969 5511/1771/2011
f 5512/1610/2013 5513/1612/1839 5514/1775/2014
f 5512/1610/2013 5514/1775/2014 5515/1759/1997
f 5516/1759/1997 5517/1775/2014 5518/1776/2015
f 5516/1759/1997 5518/1776/2015 5519/1760/2016
f 5520/1775/2014 5521/1754/1992 5522/1756/1994
f 5520/1775/2014 5522/1756/1994 5523/1776/2017
f 5524/1612/1839 5525/1497/1719 5526/1754/1992
f 5524/1612/1839 5526/1754/1992 5527/1775/2014
f 5528/1503/1725 5529/1502/2018 5530/1777/2019
f 5528/1503/1725 5530/1777/2019 5531/1769/2009
f 5532/1769/2009 5533/1777/2019 5534/1778/2020
f 5532/1769/2009 5534/1778/2020 5535/1770/2010
f 5536/1777/2019 5537/1762/2001 5538/1764/2021
f 5536/1777/2019 5538/1764/2021 5539/1778/2020
f 5540/1502/1724 5541/760/2022 5542/1762/2001
f 5540/1502/1724 5542/1762/2001 5543/1777/2019
f 5544/1756/1994 5545/1755/1993 5546/1779/2023
f 5544/1756/1994 5546/1779/2023 5547/1780/2024
f 5548/1780/2024 5549/1779/2023 5550/1781/2025
f 5548/1780/2024 5550/1781/2025 5551/1552/1778
f 5552/1779/2023 5553/1782/2026 5554/1783/2027
f 5552/1779/2023 5554/1783/2027 5555/1781/2025
f 5556/1755/1993 5557/1750/1987 5558/1782/2026
f 5556/1755/1993 5558/1782/2026 5559/1779/2023
f 5560/801/949 5561/1758/1996 5562/1784/2028
f 5560/801/949 5562/1784/2028 5563/828/984
f 5564/828/984 5565/1784/2028 5566/1663/1905
f 5564/828/984 5566/1663/1905 5567/697/839
f 5568/1784/2028 5569/1785/2029 5570/1544/1769
f 5568/1784/2028 5570/1544/1769 5571/1663/1905
f 5572/1758/1996 5573/1760/2030 5574/1785/2031
f 5572/1758/1996 5574/1785/2031 5575/1784/2028
f 5576/1764/2032 5577/1763/2002 5578/1786/2033
f 5576/1764/2032 5578/1786/2033 5579/1787/2034
f 5580/1787/2034 5581/1786/2033 5582/1657/1897
f 5580/1787/2034 5582/1657/1897 5583/1543/1768
f 5584/1786/2033 5585/1788/2035 5586/1571/1802
f 5584/1786/2033 5586/1571/1802 5587/1657/1897
f 5588/1763/2002 5589/1766/2005 5590/1788/2035
f 5588/1763/2002 5590/1788/2035 5591/1786/2033
f 5592/1752/1989 5593/1768/2007 5594/1789/2036
f 5592/1752/1989 5594/1789/2036 5595/1790/2037
f 5596/1790/2037 5597/1789/2036 5598/1791/2038
f 5596/1790/2037 5598/1791/2038 5599/1792/2039
f 5600/1789/2036 5601/1793/2040 5602/1535/1760
f 5600/1789/2036 5602/1535/1760 5603/1791/2038
f 5604/1768/2007 5605/1770/2010 5606/1793/2040
f 5604/1768/2007 5606/1793/2040 5607/1789/2036
f 5608/1766/2005 5609/1772/2012 5610/1794/2041
f 5608/1766/2005 5610/1794/2041 5611/1788/2035
f 5612/1788/2035 5613/1794/2041 5614/1572/1803
f 5612/1788/2035 5614/1572/1803 5615/1571/1802
f 5616/1794/2041 5617/1795/1002 5618/1579/1001
f 5616/1794/2041 5618/1579/1001 5619/1572/1803
f 5620/1772/2012 5621/1774/2042 5622/1795/1002
f 5620/1772/2012 5622/1795/1002 5623/1794/2041
f 5624/1760/1998 5625/1776/2015 5626/1796/2043
f 5624/1760/1998 5626/1796/2043 5627/1785/2029
f 5628/1785/2029 5629/1796/2043 5630/1545/1770
f 5628/1785/2029 5630/1545/1770 5631/1544/1769
f 5632/1796/2043 5633/1780/2024 5634/1552/1778
f 5632/1796/2043 5634/1552/1778 5635/1545/1770
f 5636/1776/2017 5637/1756/1994 5638/1780/2024
f 5636/1776/2017 5638/1780/2024 5639/1796/2043
f 5640/1770/2010 5641/1778/2020 5642/1797/2044
f 5640/1770/2010 5642/1797/2044 5643/1793/2040
f 5644/1793/2040 5645/1797/2045 5646/1536/1761
f 5644/1793/2040 5646/1536/1761 5647/1535/1760
f 5648/1797/2044 5649/1787/2034 5650/1543/1768
f 5648/1797/2044 5650/1543/1768 5651/1536/1761
f 5652/1778/2020 5653/1764/2021 5654/1787/2034
f 5652/1778/2020 5654/1787/2034 5655/1797/2044
f 5656/1798/2046 5657/1799/2047 5658/1800/2048
f 5656/1798/2046 5658/1800/2048 5659/1801/2049
f 5660/1802/2050 5661/1803/2051 5662/1804/2052
f 5660/1802/2050 5662/1804/2052 5663/1805/2053
f 5664/1806/2054 5665/1807/2055 5666/1808/2056
f 5664/1806/2054 5666/1808/2056 5667/1809/2057
f 5668/1799/2047 5669/1810/2058 5670/1811/2059
f 5668/1799/2047 5670/1811/2059 5671/1800/2048
f 5672/1812/2060 5673/1813/2061 5674/1814/2062
f 5672/1812/2060 5674/1814/2062 5675/1815/2063
f 5676/1807/2055 5677/1798/2046 5678/1801/2049
f 5676/1807/2055 5678/1801/2049 5679/1808/2056
f 5680/1816/2064 5681/1817/2065 5682/1818/2066
f 5680/1816/2064 5682/1818/2066 5683/1819/2067
f 5684/1813/2061 5685/1820/2068 5686/1821/2069
f 5684/1813/2061 5686/1821/2069 5687/1814/2062
f 5688/1820/2068 5689/1822/2070 5690/1823/2071
f 5688/1820/2068 5690/1823/2071 5691/1824/2072
f 5692/1817/2065 5693/1812/2060 5694/1815/2063
f 5692/1817/2065 5694/1815/2063 5695/1818/2066
f 5696/1825/2073 5697/1826/2074 5698/1827/2075
f 5696/1825/2073 5698/1827/2075 5699/1828/2076
f 5700/1824/2072 5701/1806/2054 5702/1809/2057
f 5700/1824/2072 5702/1809/2057 5703/1829/2077
f 5704/1830/2078 5705/1831/2079 5706/1832/2080
f 5704/1830/2078 5706/1832/2080 5707/1833/2081
f 5708/1826/2074 5709/1834/2082 5710/1835/2083
f 5708/1826/2074 5710/1835/2083 5711/1827/2075
f 5712/1836/2084 5713/1837/2085 5714/1838/2086
f 5712/1836/2084 5714/1838/2086 5715/1839/2087
f 5716/1831/2079 5717/1825/2073 5718/1828/2076
f 5716/1831/2079 5718/1828/2076 5719/1832/2080
f 5720/1840/2088 5721/1841/2089 5722/1842/2090
f 5720/1840/2088 5722/1842/2090 5723/1843/2091
f 5724/1839/2087 5725/1830/2078 5726/1833/2081
f 5724/1839/2087 5726/1833/2081 5727/1844/2092
f 5728/1845/2093 5729/1846/2094 5730/1847/2095
f 5728/1845/2093 5730/1847/2095 5731/1848/2096
f 5732/1841/2089 5733/1849/2097 5734/1850/2098
f 5732/1841/2089 5734/1850/2098 5735/1842/2090
f 5736/1840/2088 5737/1843/2091 5738/1851/2099
f 5736/1840/2088 5738/1851/2099 5739/1852/2100
f 5740/1846/2094 5741/1816/2064 5742/1819/2067
f 5740/1846/2094 5742/1819/2067 5743/1847/2095
f 5744/1853/2101 5745/1854/2102 5746/1855/2103
f 5744/1853/2101 5746/1855/2103 5747/1856/2104
f 5748/1852/2100 5749/1853/2101 5750/1857/2105
f 5748/1852/2100 5750/1857/2105 5751/1858/2106
f 5752/1859/2107 5753/1860/2108 5754/1861/2109
f 5752/1859/2107 5754/1861/2109 5755/1792/2039
f 5756/1856/2104 5757/1845/2093 5758/1848/2096
f 5756/1856/2104 5758/1848/2096 5759/1862/2110
f 5760/1863/2111 5761/1864/2112 5762/1865/2113
f 5760/1863/2111 5762/1865/2113 5763/1866/2114
f 5764/1860/2108 5765/1863/2111 5766/1867/2115
f 5764/1860/2108 5766/1867/2115 5767/1861/2109
f 5768/1834/2082 5769/1868/2116 5770/1869/2117
f 5768/1834/2082 5770/1869/2117 5771/1870/2118
f 5772/1866/2114 5773/1871/2119 5774/1783/2027
f 5772/1866/2114 5774/1783/2027 5775/1872/2120
f 5776/1871/2119 5777/1873/2121 5778/1874/2122
f 5776/1871/2119 5778/1874/2122 5779/1875/2123
f 5780/1870/2124 5781/1859/2107 5782/1792/2039
f 5780/1870/2124 5782/1792/2039 5783/1876/2125
f 5784/1803/2051 5785/1877/2126 5786/1878/2127
f 5784/1803/2051 5786/1878/2127 5787/1879/2128
f 5788/1875/2123 5789/1810/2058 5790/1880/2129
f 5788/1875/2123 5790/1880/2129 5791/1881/2130
f 5792/1879/2128 5793/1849/2097 5794/1882/2131
f 5792/1879/2128 5794/1882/2131 5795/1883/2132
f 5796/1850/2133 5797/1878/2127 5798/1884/2134
f 5796/1850/2133 5798/1884/2134 5799/1885/2135
f 5800/1648/1888 5801/1885/2135 5802/1884/2134
f 5800/1648/1888 5802/1884/2134 5803/1886/2136
f 5804/1877/2126 5805/1886/2136 5806/1884/2134
f 5804/1877/2126 5806/1884/2134 5807/1878/2127
f 5808/1556/2137 5809/1555/1782 5810/1887/2138
f 5808/1556/2137 5810/1887/2138 5811/1888/2139
f 5812/1888/2139 5813/1887/2138 5814/1886/2136
f 5812/1888/2139 5814/1886/2136 5815/1877/2126
f 5816/1887/2138 5817/1646/1886 5818/1648/1888
f 5816/1887/2138 5818/1648/1888 5819/1886/2136
f 5820/1555/1782 5821/1558/1785 5822/1646/1886
f 5820/1555/1782 5822/1646/1886 5823/1887/2138
f 5824/1877/2126 5825/1889/2140 5826/1890/2141
f 5824/1877/2126 5826/1890/2141 5827/1888/2139
f 5828/1556/1783 5829/1888/2139 5830/1890/2141
f 5828/1556/1783 5830/1890/2141 5831/1891/2142
f 5832/1892/2143 5833/1891/2142 5834/1890/2141
f 5832/1892/2143 5834/1890/2141 5835/1889/2140
f 5836/1833/2081 5837/1893/2144 5838/1894/2145
f 5836/1833/2081 5838/1894/2145 5839/1844/2092
f 5840/1844/2092 5841/1894/2145 5842/1891/2142
f 5840/1844/2092 5842/1891/2142 5843/1892/2143
f 5844/1894/2145 5845/1554/1781 5846/1556/1783
f 5844/1894/2145 5846/1556/1783 5847/1891/2142
f 5848/1893/2144 5849/1519/1741 5850/1554/1781
f 5848/1893/2144 5850/1554/1781 5851/1894/2145
f 5852/1552/2146 5853/1781/2025 5854/1895/2147
f 5852/1552/2146 5854/1895/2147 5855/1550/1775
f 5856/1550/2148 5857/1895/2147 5858/1896/2149
f 5856/1550/2148 5858/1896/2149 5859/1551/1776
f 5860/1895/2147 5861/1881/2130 5862/1880/2129
f 5860/1895/2147 5862/1880/2129 5863/1896/2149
f 5864/1781/2025 5865/1783/2150 5866/1881/2130
f 5864/1781/2025 5866/1881/2130 5867/1895/2147
f 5868/1551/1776 5869/1896/2149 5870/1897/2151
f 5868/1551/1776 5870/1897/2151 5871/1621/1852
f 5872/1621/1852 5873/1897/2151 5874/1898/2152
f 5872/1621/1852 5874/1898/2152 5875/1513/1735
f 5876/1897/2151 5877/1899/2153 5878/1900/2154
f 5876/1897/2151 5878/1900/2154 5879/1898/2152
f 5880/1896/2149 5881/1880/2129 5882/1899/2153
f 5880/1896/2149 5882/1899/2153 5883/1897/2151
f 5884/1513/1735 5885/1898/2152 5886/1901/2155
f 5884/1513/1735 5886/1901/2155 5887/1511/1733
f 5888/1511/1733 5889/1901/2155 5890/1902/2156
f 5888/1511/1733 5890/1902/2156 5891/1512/1734
f 5892/1901/2155 5893/1903/2157 5894/1904/2158
f 5892/1901/2155 5894/1904/2158 5895/1902/2156
f 5896/1898/2152 5897/1900/2154 5898/1903/2157
f 5896/1898/2152 5898/1903/2157 5899/1901/2155
f 5900/1512/1734 5901/1902/2156 5902/1905/2159
f 5900/1512/1734 5902/1905/2159 5903/1561/1790
f 5904/1561/1790 5905/1905/2159 5906/1906/2160
f 5904/1561/1790 5906/1906/2160 5907/1527/1791
f 5908/1905/2159 5909/1823/2071 5910/1822/2070
f 5908/1905/2159 5910/1822/2070 5911/1906/2160
f 5912/1902/2161 5913/1904/2158 5914/1823/2071
f 5912/1902/2161 5914/1823/2071 5915/1905/2159
f 5916/1527/1791 5917/1906/2160 5918/1907/2162
f 5916/1527/1791 5918/1907/2162 5919/1528/2163
f 5920/1907/2162 5921/1908/2164 5922/1909/2165
f 5920/1907/2162 5922/1909/2165 5923/1910/2166
f 5924/1906/2167 5925/1822/2070 5926/1908/2164
f 5924/1906/2167 5926/1908/2164 5927/1907/2162
f 5928/1911/2168 5929/1912/2169 5930/1913/2170
f 5928/1911/2168 5930/1913/2170 5931/1914/2171
f 5932/1910/2166 5933/1909/2165 5934/1912/2172
f 5932/1910/2166 5934/1912/2172 5935/1911/2168
f 5936/1915/2173 5937/1916/2174 5938/1688/1929
f 5936/1915/2173 5938/1688/1929 5939/1687/1928
f 5940/1914/2171 5941/1913/2170 5942/1916/2174
f 5940/1914/2171 5942/1916/2174 5943/1915/2173
f 5944/1913/2170 5945/1917/2175 5946/1918/2176
f 5944/1913/2170 5946/1918/2176 5947/1916/2174
f 5948/1688/1929 5949/1916/2174 5950/1918/2176
f 5948/1688/1929 5950/1918/2176 5951/1919/2177
f 5952/1920/2178 5953/1919/2177 5954/1918/2176
f 5952/1920/2178 5954/1918/2176 5955/1917/2175
f 5956/1835/2083 5957/1921/2179 5958/1922/2180
f 5956/1835/2083 5958/1922/2180 5959/1827/2075
f 5960/1827/2075 5961/1922/2180 5962/1923/2181
f 5960/1827/2075 5962/1923/2181 5963/1828/2076
f 5964/1922/2180 5965/1617/1848 5966/1514/1736
f 5964/1922/2180 5966/1514/1736 5967/1923/2181
f 5968/1921/2179 5969/1540/1765 5970/1617/1848
f 5968/1921/2179 5970/1617/1848 5971/1922/2180
f 5972/1792/2039 5973/1791/2038 5974/1924/2182
f 5972/1792/2039 5974/1924/2182 5975/1876/2125
f 5976/1876/2125 5977/1924/2182 5978/1921/2179
f 5976/1876/2125 5978/1921/2179 5979/1835/2083
f 5980/1924/2182 5981/1538/1763 5982/1540/1765
f 5980/1924/2182 5982/1540/1765 5983/1921/2179
f 5984/1791/2038 5985/1535/1760 5986/1538/1763
f 5984/1791/2038 5986/1538/1763 5987/1924/2182
f 5988/1828/2076 5989/1923/2181 5990/1925/2183
f 5988/1828/2076 5990/1925/2183 5991/1832/2080
f 5992/1832/2080 5993/1925/2183 5994/1893/2144
f 5992/1832/2080 5994/1893/2144 5995/1833/2081
f 5996/1925/2183 5997/1517/1739 5998/1519/1741
f 5996/1925/2183 5998/1519/1741 5999/1893/2144
f 6000/1923/2181 6001/1514/1736 6002/1517/2184
f 6000/1923/2181 6002/1517/2184 6003/1925/2183
f 6004/1648/1888 6005/1647/1887 6006/1926/2185
f 6004/1648/1888 6006/1926/2185 6007/1885/2135
f 6008/1885/2135 6009/1926/2185 6010/1927/2186
f 6008/1885/2135 6010/1927/2186 6011/1850/2133
f 6012/1926/2185 6013/1650/1891 6014/1652/1893
f 6012/1926/2185 6014/1652/1893 6015/1927/2186
f 6016/1647/1887 6017/1589/1816 6018/1650/2187
f 6016/1647/1887 6018/1650/2187 6019/1926/2185
f 6020/1850/2133 6021/1927/2186 6022/1928/2188
f 6020/1850/2133 6022/1928/2188 6023/1842/2090
f 6024/1842/2090 6025/1928/2188 6026/1929/2189
f 6024/1842/2090 6026/1929/2189 6027/1843/2091
f 6028/1928/2188 6029/1726/1967 6030/1728/1969
f 6028/1928/2188 6030/1728/1969 6031/1929/2189
f 6032/1927/2186 6033/1652/1893 6034/1726/1967
f 6032/1927/2186 6034/1726/1967 6035/1928/2188
f 6036/1843/2091 6037/1929/2189 6038/1930/2190
f 6036/1843/2091 6038/1930/2190 6039/1931/2191
f 6040/1931/2191 6041/1930/2190 6042/1636/1873
f 6040/1931/2191 6042/1636/1873 6043/1608/1835
f 6044/1930/2190 6045/1732/1971 6046/1641/1878
f 6044/1930/2190 6046/1641/1878 6047/1636/1873
f 6048/1929/2189 6049/1728/1969 6050/1732/1971
f 6048/1929/2189 6050/1732/1971 6051/1930/2190
f 6052/1854/2102 6053/1851/2099 6054/1932/2192
f 6052/1854/2102 6054/1932/2192 6055/1933/2193
f 6056/1933/2193 6057/1932/2192 6058/1601/1827
f 6056/1933/2193 6058/1601/1827 6059/1600/1826
f 6060/1932/2192 6061/1931/2191 6062/1608/1835
f 6060/1932/2192 6062/1608/1835 6063/1601/1827
f 6064/1851/2099 6065/1843/2194 6066/1931/2191
f 6064/1851/2099 6066/1931/2191 6067/1932/2192
f 6068/1688/1929 6069/1919/2177 6070/1934/2195
f 6068/1688/1929 6070/1934/2195 6071/1686/1927
f 6072/1686/1927 6073/1934/2195 6074/1722/1964
f 6072/1686/1927 6074/1722/1964 6075/1684/1925
f 6076/1934/2195 6077/1935/2196 6078/1622/1854
f 6076/1934/2195 6078/1622/1854 6079/1722/1964
f 6080/1919/2177 6081/1920/2178 6082/1935/2196
f 6080/1919/2177 6082/1935/2196 6083/1934/2195
f 6084/1920/2178 6085/1855/2103 6086/1936/2197
f 6084/1920/2178 6086/1936/2197 6087/1935/2196
f 6088/1935/2196 6089/1936/2197 6090/1623/1855
f 6088/1935/2196 6090/1623/1855 6091/1622/1854
f 6092/1936/2197 6093/1933/2193 6094/1600/1826
f 6092/1936/2197 6094/1600/1826 6095/1623/1855
f 6096/1855/2103 6097/1854/2102 6098/1933/2193
f 6096/1855/2103 6098/1933/2193 6099/1936/2197
f 6100/1783/2027 6101/1782/2026 6102/1937/2198
f 6100/1783/2027 6102/1937/2198 6103/1872/2120
f 6104/1867/2115 6105/1872/2120 6106/1937/2198
f 6104/1867/2115 6106/1937/2198 6107/1861/2109
f 6108/1792/2039 6109/1861/2109 6110/1937/2198
f 6108/1792/2039 6110/1937/2198 6111/1790/2037
f 6112/1752/1989 6113/1790/2037 6114/1937/2198
f 6112/1752/1989 6114/1937/2198 6115/1749/1986
f 6116/1750/1987 6117/1749/1986 6118/1937/2198
f 6116/1750/1987 6118/1937/2198 6119/1782/2026
f 6120/1938/2199 6121/1939/2200 6122/1940/2201
f 6120/1938/2199 6122/1940/2201 6123/1941/2202
f 6124/987/1169 6125/990/1172 6126/1942/2203
f 6124/987/1169 6126/1942/2203 6127/1943/2204
f 6128/1943/2204 6129/1942/2203 6130/1939/2200
f 6128/1943/2204 6130/1939/2200 6131/1938/2205
f 6132/1944/2206 6133/1945/2207 6134/1946/2208
f 6132/1944/2206 6134/1946/2208 6135/1947/2209
f 6136/1947/2210 6137/1946/2208 6138/1948/2211
f 6136/1947/2210 6138/1948/2211 6139/1949/2212
f 6140/1950/2213 6141/1951/2214 6142/1952/2215
f 6140/1950/2213 6142/1952/2215 6143/1953/2216
f 6144/1953/2216 6145/1952/2215 6146/1940/2201
f 6144/1953/2216 6146/1940/2201 6147/1939/2200
f 6148/1954/2217 6149/1955/2218 6150/1956/2219
f 6148/1954/2217 6150/1956/2219 6151/1957/2220
f 6152/1957/2221 6153/1956/2222 6154/1949/2212
f 6152/1957/2221 6154/1949/2212 6155/1948/2223
f 6156/1005/1192 6157/1958/2224 6158/1959/2225
f 6156/1005/1192 6158/1959/2225 6159/1006/1193
f 6160/1958/2224 6161/1950/2213 6162/1953/2216
f 6160/1958/2224 6162/1953/2216 6163/1959/2225
f 6164/1959/2225 6165/1953/2216 6166/1939/2200
f 6164/1959/2225 6166/1939/2200 6167/1942/2203
f 6168/1006/1193 6169/1959/2225 6170/1942/2203
f 6168/1006/1193 6170/1942/2203 6171/990/1172
f 6172/1009/1196 6173/1960/2226 6174/1961/2227
f 6172/1009/1196 6174/1961/2227 6175/1010/1197
f 6176/1960/2228 6177/1945/2207 6178/1962/2229
f 6176/1960/2228 6178/1962/2229 6179/1961/2227
f 6180/1961/2227 6181/1962/2230 6182/1950/2213
f 6180/1961/2227 6182/1950/2213 6183/1958/2224
f 6184/1010/1197 6185/1961/2227 6186/1958/2224
f 6184/1010/1197 6186/1958/2224 6187/1005/1192
f 6188/1945/2207 6189/1944/2206 6190/1963/2231
f 6188/1945/2207 6190/1963/2231 6191/1962/2229
f 6192/1962/2229 6193/1963/2232 6194/1951/2214
f 6192/1962/2229 6194/1951/2214 6195/1950/2213
f 6196/1948/2223 6197/1946/2208 6198/1964/2233
f 6196/1948/2223 6198/1964/2233 6199/1965/2234
f 6200/1946/2208 6201/1945/2207 6202/1966/2235
f 6200/1946/2208 6202/1966/2235 6203/1964/2233
f 6204/1964/2233 6205/1966/2235 6206/1967/2236
f 6204/1964/2233 6206/1967/2236 6207/1968/2237
f 6208/1965/2234 6209/1964/2233 6210/1968/2237
f 6208/1965/2234 6210/1968/2237 6211/1969/2238
f 6212/1969/2238 6213/1970/2239 6214/1971/2240
f 6212/1969/2238 6214/1971/2240 6215/1965/2234
f 6216/1970/2239 6217/1972/2241 6218/1973/2242
f 6216/1970/2239 6218/1973/2242 6219/1971/2240
f 6220/1971/2240 6221/1973/2242 6222/1954/2217
f 6220/1971/2240 6222/1954/2217 6223/1957/2221
f 6224/1965/2234 6225/1971/2240 6226/1957/2221
f 6224/1965/2234 6226/1957/2221 6227/1948/2243
f 6228/1974/2244 6229/1975/1219 6230/1976/2245
f 6228/1974/2244 6230/1976/2245 6231/1977/2246
f 6232/1954/2217 6233/1973/2242 6234/1976/2245
f 6232/1954/2217 6234/1976/2245 6235/1975/2247
f 6236/1972/2241 6237/1977/2246 6238/1976/2245
f 6236/1972/2241 6238/1976/2245 6239/1973/2242
f 6240/1978/2248 6241/1979/2248 6242/1980/2249
f 6240/1978/2248 6242/1980/2249 6243/1981/2249
f 6244/1980/2249 6245/1982/2250 6246/1983/2251
f 6244/1980/2249 6246/1983/2251 6247/1981/2249
f 6248/1983/2251 6249/1982/2250 6250/1984/2252
f 6248/1983/2251 6250/1984/2252 6251/1985/2253
f 6252/1984/2252 6253/1986/2254 6254/1987/2254
f 6252/1984/2252 6254/1987/2254 6255/1985/2253
f 6256/1987/2254 6257/1986/2254 6258/1988/2255
f 6256/1987/2254 6258/1988/2255 6259/1989/2255
f 6260/1990/2256 6261/1991/2257 6262/1992/2258
f 6260/1990/2256 6262/1992/2258 6263/1993/2259
f 6264/1992/2260 6265/1991/2257 6266/1994/2261
f 6264/1992/2260 6266/1994/2261 6267/1995/2262
f 6268/1988/2255 6269/1996/2263 6270/1997/2264
f 6268/1988/2255 6270/1997/2264 6271/1989/2255
f 6272/1997/2264 6273/1996/2263 6274/1990/2256
f 6272/1997/2264 6274/1990/2256 6275/1993/2259
f 6276/1994/2261 6277/1998/2265 6278/1999/2266
f 6276/1994/2261 6278/1999/2266 6279/1995/2267
f 6280/2000/2268 6281/2001/2269 6282/2002/2270
f 6280/2000/2268 6282/2002/2270 6283/2003/2271
f 6284/2001/2269 6285/2004/2272 6286/2005/2273
f 6284/2001/2269 6286/2005/2273 6287/2002/2270
f 6288/2002/2270 6289/2005/2273 6290/1969/2238
f 6288/2002/2270 6290/1969/2238 6291/1968/2237
f 6292/2003/2271 6293/2002/2270 6294/1968/2237
f 6292/2003/2271 6294/1968/2237 6295/1967/2274
f 6296/1972/2241 6297/1970/2239 6298/2006/2275
f 6296/1972/2241 6298/2006/2275 6299/2007/2276
f 6300/1970/2239 6301/1969/2238 6302/2005/2273
f 6300/1970/2239 6302/2005/2273 6303/2006/2275
f 6304/2006/2275 6305/2005/2273 6306/2004/2272
f 6304/2006/2275 6306/2004/2272 6307/2008/2277
f 6308/2007/2276 6309/2006/2275 6310/2008/2277
f 6308/2007/2276 6310/2008/2277 6311/2009/2278
f 6312/1974/2279 6313/1977/2246 6314/2010/2280
f 6312/1974/2279 6314/2010/2280 6315/2011/2281
f 6316/1977/2246 6317/1972/2241 6318/2007/2276
f 6316/1977/2246 6318/2007/2276 6319/2010/2280
f 6320/2010/2280 6321/2007/2276 6322/2009/2278
f 6320/2010/2280 6322/2009/2278 6323/2012/2282
f 6324/2011/2283 6325/2010/2280 6326/2012/2282
f 6324/2011/2283 6326/2012/2282 6327/2013/2284
f 6328/2014/2285 6329/2015/406 6330/2016/318
f 6328/2014/2285 6330/2016/318 6331/2017/2286
f 6332/2015/319 6333/1974/2287 6334/2011/2288
f 6332/2015/319 6334/2011/2288 6335/2016/319
f 6336/2016/318 6337/2011/2281 6338/2013/2289
f 6336/2016/318 6338/2013/2289 6339/2018/319
f 6340/2017/418 6341/2016/318 6342/2018/319
f 6340/2017/418 6342/2018/319 6343/2019/319
f 6344/1071/1356 6345/2020/317 6346/2021/317
f 6344/1071/1356 6346/2021/317 6347/1072/1262
f 6348/2020/317 6349/2014/2286 6350/2017/418
f 6348/2020/317 6350/2017/418 6351/2021/317
f 6352/2021/318 6353/2017/318 6354/2019/319
f 6352/2021/318 6354/2019/319 6355/2022/1262
f 6356/1072/407 6357/2021/317 6358/2022/407
f 6356/1072/407 6358/2022/407 6359/1076/317
f 6360/1954/2217 6361/2023/2290 6362/2024/2291
f 6360/1954/2217 6362/2024/2291 6363/1955/2218
f 6364/1954/2217 6365/1975/2292 6366/2025/511
f 6364/1954/2217 6366/2025/511 6367/2023/2293
f 6368/1974/2287 6369/2015/319 6370/2025/1259
f 6368/1974/2287 6370/2025/1259 6371/1975/2292
f 6372/2014/320 6373/2026/417 6374/2025/320
f 6372/2014/320 6374/2025/320 6375/2015/1284
f 6376/2014/1269 6377/2020/512 6378/2027/512
f 6376/2014/1269 6378/2027/512 6379/2026/1269
f 6380/1071/407 6381/1082/407 6382/2027/318
f 6380/1071/407 6382/2027/318 6383/2020/418
f 6384/1967/2236 6385/2028/2294 6386/2029/2295
f 6384/1967/2236 6386/2029/2295 6387/2003/2271
f 6388/2028/2294 6389/1086/1273 6390/1085/1272
f 6388/2028/2294 6390/1085/1272 6391/2029/2295
f 6392/2029/2295 6393/1085/1272 6394/1088/1275
f 6392/2029/2295 6394/1088/1275 6395/2030/2296
f 6396/2003/2271 6397/2029/2295 6398/2030/2296
f 6396/2003/2271 6398/2030/2296 6399/2000/2268
f 6400/1945/2207 6401/1960/2226 6402/2031/2297
f 6400/1945/2207 6402/2031/2297 6403/1966/2235
f 6404/1960/2226 6405/1009/1196 6406/1090/1277
f 6404/1960/2226 6406/1090/1277 6407/2031/2297
f 6408/2031/2297 6409/1090/1277 6410/1086/1273
f 6408/2031/2297 6410/1086/1273 6411/2028/2294
f 6412/1966/2235 6413/2031/2297 6414/2028/2294
f 6412/1966/2235 6414/2028/2294 6415/1967/2236
f 6416/1999/2298 6417/1998/2265 6418/2032/1278
f 6416/1999/2298 6418/2032/1278 6419/2033/1278
f 6420/1093/1279 6421/1979/2248 6422/1978/2248
f 6420/1093/1279 6422/1978/2248 6423/1094/1279
f 6424/2034/320 6425/2035/318 6426/2036/2299
f 6424/2034/320 6426/2036/2299 6427/2037/2300
f 6428/2038/421 6429/2039/1268 6430/2040/2301
f 6428/2038/421 6430/2040/2301 6431/2041/2302
f 6432/2042/421 6433/2038/421 6434/2041/2303
f 6432/2042/421 6434/2041/2303 6435/2043/2304
f 6436/2044/421 6437/2042/421 6438/2043/2305
f 6436/2044/421 6438/2043/2305 6439/2045/2306
f 6440/2046/2307 6441/2044/421 6442/2045/2306
f 6440/2046/2307 6442/2045/2306 6443/2047/2308
f 6444/2048/2290 6445/2046/2307 6446/2047/2308
f 6444/2048/2290 6446/2047/2308 6447/2049/2309
f 6448/2050/421 6449/2051/323 6450/2052/2310
f 6448/2050/421 6450/2052/2310 6451/2053/2311
f 6452/2054/512 6453/2050/421 6454/2053/2312
f 6452/2054/512 6454/2053/2312 6455/2055/2313
f 6456/2056/421 6457/2057/317 6458/2058/2314
f 6456/2056/421 6458/2058/2314 6459/2059/2315
f 6460/2057/317 6461/2060/323 6462/2061/2316
f 6460/2057/317 6462/2061/2316 6463/2058/2317
f 6464/2062/421 6465/2063/2318 6466/2064/2319
f 6464/2062/421 6466/2064/2319 6467/2065/2320
f 6468/2060/323 6469/2062/421 6470/2065/2320
f 6468/2060/323 6470/2065/2320 6471/2061/2316
f 6472/2066/318 6473/2034/320 6474/2037/2300
f 6472/2066/318 6474/2037/2300 6475/2067/2321
f 6476/2068/318 6477/2066/318 6478/2067/2321
f 6476/2068/318 6478/2067/2321 6479/2069/2322
f 6480/2070/418 6481/2068/318 6482/2069/2322
f 6480/2070/418 6482/2069/2322 6483/2071/2323
f 6484/2072/318 6485/2070/418 6486/2071/2324
f 6484/2072/318 6486/2071/2324 6487/2073/2325
f 6488/2074/318 6489/2075/317 6490/2076/2326
f 6488/2074/318 6490/2076/2326 6491/2077/2327
f 6492/2075/319 6493/2072/318 6494/2073/2328
f 6492/2075/319 6494/2073/2328 6495/2076/2326
f 6496/2078/317 6497/2074/418 6498/2077/2327
f 6496/2078/317 6498/2077/2327 6499/2079/2329
f 6500/2080/407 6501/2081/407 6502/2082/2330
f 6500/2080/407 6502/2082/2330 6503/2083/2331
f 6504/2084/1262 6505/2080/1262 6506/2083/2332
f 6504/2084/1262 6506/2083/2332 6507/2085/2333
f 6508/1147/405 6509/2084/1262 6510/2085/2334
f 6508/1147/405 6510/2085/2334 6511/1148/1312
f 6512/2086/318 6513/2087/418 6514/2088/2335
f 6512/2086/318 6514/2088/2335 6515/2089/2336
f 6516/2090/512 6517/2086/318 6518/2089/2337
f 6516/2090/512 6518/2089/2337 6519/2091/2338
f 6520/2039/1268 6521/2090/512 6522/2091/2338
f 6520/2039/1268 6522/2091/2338 6523/2040/2339
f 6524/2092/317 6525/2093/317 6526/2094/2340
f 6524/2092/317 6526/2094/2340 6527/2095/2341
f 6528/2093/317 6529/2056/421 6530/2059/2315
f 6528/2093/317 6530/2059/2315 6531/2094/2340
f 6532/2096/421 6533/2092/317 6534/2095/2341
f 6532/2096/421 6534/2095/2341 6535/2097/2342
f 6536/2098/318 6537/2096/322 6538/2097/2342
f 6536/2098/318 6538/2097/2342 6539/2099/2343
f 6540/2100/407 6541/2098/318 6542/2099/2343
f 6540/2100/407 6542/2099/2343 6543/2101/2344
f 6544/2051/323 6545/2102/317 6546/2103/2345
f 6544/2051/323 6546/2103/2345 6547/2052/2346
f 6548/2102/317 6549/2078/418 6550/2079/2347
f 6548/2102/317 6550/2079/2347 6551/2103/2348
f 6552/2063/1268 6553/2054/512 6554/2055/2349
f 6552/2063/1268 6554/2055/2349 6555/2064/2319
f 6556/2035/318 6557/2100/407 6558/2101/2350
f 6556/2035/318 6558/2101/2350 6559/2036/2351
f 6560/2081/407 6561/2048/1267 6562/2049/2352
f 6560/2081/407 6562/2049/2352 6563/2082/2353
f 6564/2087/317 6565/1168/317 6566/1167/1331
f 6564/2087/317 6566/1167/1331 6567/2088/2335
f 6568/2104/2354 6569/2105/2355 6570/2043/2304
f 6568/2104/2354 6570/2043/2304 6571/2041/2302
f 6572/2038/320 6573/2042/320 6574/2106/320
f 6575/2045/2306 6576/2043/2304 6577/2105/2355
f 6575/2045/2306 6577/2105/2355 6578/2107/2356
f 6579/2047/2308 6580/2045/2306 6581/2107/2356
f 6579/2047/2308 6581/2107/2356 6582/2108/2357
f 6583/2109/2358 6584/2104/2354 6585/2041/2302
f 6583/2109/2358 6585/2041/2302 6586/2040/2359
f 6587/2039/512 6588/2038/2307 6589/2106/421
f 6587/2039/512 6589/2106/421 6590/2110/505
f 6591/2111/2360 6592/2109/2358 6593/2040/2301
f 6591/2111/2360 6593/2040/2301 6594/2091/2338
f 6595/2090/2361 6596/2039/505 6597/2110/1567
f 6595/2090/2361 6597/2110/1567 6598/2112/2361
f 6599/2108/2357 6600/2113/2362 6601/2049/2352
f 6599/2108/2357 6601/2049/2352 6602/2047/2308
f 6603/2082/2353 6604/2049/2352 6605/2113/2363
f 6603/2082/2353 6605/2113/2363 6606/2114/2364
f 6607/2115/2365 6608/2116/2366 6609/2064/2367
f 6607/2115/2365 6609/2064/2367 6610/2055/2349
f 6611/2117/2368 6612/2115/2365 6613/2055/2349
f 6611/2117/2368 6613/2055/2349 6614/2053/2312
f 6618/2024/512 6619/2054/2361 6615/2063/512
f 6615/2063/512 6616/2118/418 6617/2119/418
f 6617/2119/418 6618/2024/512 6615/2063/512
f 6620/2050/1356 6621/2054/1356 6622/2024/1356
f 6623/2120/2369 6624/2117/2370 6625/2053/2312
f 6623/2120/2369 6625/2053/2312 6626/2052/2346
f 6627/2051/1558 6628/2050/2286 6629/2024/2371
f 6627/2051/1558 6629/2024/2371 6630/2023/2290
f 6631/2121/2372 6632/2120/2369 6633/2052/2346
f 6631/2121/2372 6633/2052/2346 6634/2103/2345
f 6635/2051/417 6636/2023/2373 6637/2025/2374
f 6635/2051/417 6637/2025/2374 6638/2102/422
f 6639/2122/2375 6640/2094/2376 6641/2059/2315
f 6639/2122/2375 6641/2059/2315 6642/2123/2377
f 6643/2058/2317 6644/2124/2378 6645/2123/2377
f 6643/2058/2317 6645/2123/2377 6646/2059/2315
f 6647/2061/2316 6648/2125/2379 6649/2124/2380
f 6647/2061/2316 6649/2124/2380 6650/2058/2317
f 6651/2126/2381 6652/2125/2379 6653/2061/2316
f 6651/2126/2381 6653/2061/2316 6654/2065/2320
f 6655/2116/2382 6656/2126/2381 6657/2065/2320
f 6655/2116/2382 6657/2065/2320 6658/2064/2319
f 6659/2067/2321 6660/2037/2300 6661/2127/2383
f 6659/2067/2321 6661/2127/2383 6662/2128/2384
f 6663/2036/2351 6664/2129/2385 6665/2127/2383
f 6663/2036/2351 6665/2127/2383 6666/2037/2300
f 6667/2130/318 6668/2131/322 6669/2034/506
f 6667/2130/318 6669/2034/506 6670/2066/512
f 6671/2035/1259 6672/2034/512 6673/2112/512
f 6671/2035/1259 6673/2112/512 6674/2110/512
f 6675/2034/1356 6676/2131/1356 6677/2112/1356
f 6678/2071/2323 6679/2069/2386 6680/2132/2387
f 6678/2071/2323 6680/2132/2387 6681/2133/2388
f 6682/2128/2384 6683/2132/2387 6684/2069/2389
f 6682/2128/2384 6684/2069/2389 6685/2067/2321
f 6686/2070/318 6687/1200/318 6688/1199/318
f 6686/2070/318 6688/1199/318 6689/2068/318
f 6693/2066/512 6694/2068/1267 6690/1199/317
f 6690/1199/317 6691/1201/319 6692/2130/2390
f 6692/2130/2390 6693/2066/512 6690/1199/317
f 6695/2076/2326 6696/2134/2391 6697/2135/2392
f 6695/2076/2326 6697/2135/2392 6698/2077/2393
f 6699/2026/512 6700/2027/512 6701/2074/1259
f 6699/2026/512 6701/2074/1259 6702/2078/1268
f 6703/2074/323 6704/2027/323 6705/2075/323
f 6706/2079/2394 6707/2077/2327 6708/2135/2392
f 6706/2079/2394 6708/2135/2392 6709/2136/2395
f 6710/2103/2345 6711/2079/2347 6712/2136/2395
f 6710/2103/2345 6712/2136/2395 6713/2121/2372
f 6714/2102/1269 6715/2026/1262 6716/2078/1269
f 6717/2073/2328 6718/2071/2323 6719/2133/2388
f 6717/2073/2328 6719/2133/2388 6720/2137/2396
f 6721/2137/2396 6722/2134/2397 6723/2076/2326
f 6721/2137/2396 6723/2076/2326 6724/2073/2328
f 6725/2085/2334 6726/2083/2332 6727/2138/2398
f 6725/2085/2334 6727/2138/2398 6728/2139/2399
f 6729/2114/2400 6730/2138/2398 6731/2083/2332
f 6729/2114/2400 6731/2083/2332 6732/2082/2353
f 6733/1148/1388 6734/2085/2334 6735/2139/2399
f 6733/1148/1388 6735/2139/2399 6736/1208/1389
f 6737/2036/2351 6738/2101/2344 6739/2140/2401
f 6737/2036/2351 6739/2140/2401 6740/2129/2385
f 6741/2035/1284 6742/2110/1284 6743/2100/1284
f 6744/2141/2402 6745/2111/2360 6746/2091/2338
f 6744/2141/2402 6746/2091/2338 6747/2089/2336
f 6748/2086/2403 6749/2090/421 6750/2112/421
f 6748/2086/2403 6750/2112/421 6751/2131/422
f 6752/1211/1395 6753/2142/2404 6754/2088/2335
f 6752/1211/1395 6754/2088/2335 6755/1167/1396
f 6756/2089/2405 6757/2088/2335 6758/2142/2404
f 6756/2089/2405 6758/2142/2404 6759/2141/2402
f 6760/2086/318 6761/2131/408 6762/2130/318
f 6760/2086/318 6762/2130/318 6763/2087/320
f 6764/2087/317 6765/2130/318 6766/1201/1267
f 6764/2087/317 6766/1201/1267 6767/1168/2406
f 6768/2099/2343 6769/2097/2407 6770/2143/2408
f 6768/2099/2343 6770/2143/2408 6771/2144/2409
f 6772/2145/2410 6773/2143/2411 6774/2097/2407
f 6772/2145/2410 6774/2097/2407 6775/2095/2341
f 6776/2145/2410 6777/2095/2341 6778/2094/2376
f 6776/2145/2410 6778/2094/2376 6779/2122/2375
f 6780/2101/2344 6781/2099/2343 6782/2144/2409
f 6780/2101/2344 6782/2144/2409 6783/2140/2401
f 6784/2110/418 6785/2106/317 6786/2098/418
f 6784/2110/418 6786/2098/418 6787/2100/2290
f 6788/2102/1262 6789/2025/1262 6790/2026/1262
f 6791/2146/2412 6792/2147/2413 6793/2148/2414
f 6791/2146/2412 6793/2148/2414 6794/2149/2415
f 6795/2147/2413 6796/2150/2416 6797/2151/2417
f 6795/2147/2413 6797/2151/2417 6798/2148/2418
f 6799/2150/2416 6800/2152/2419 6801/2153/2420
f 6799/2150/2416 6801/2153/2420 6802/2151/2421
f 6803/2149/2415 6804/2148/2422 6805/2154/2423
f 6803/2149/2415 6805/2154/2423 6806/2155/2424
f 6807/2148/2414 6808/2151/2417 6809/2156/2425
f 6807/2148/2414 6809/2156/2425 6810/2154/2423
f 6811/2151/2426 6812/2153/2420 6813/2157/2427
f 6811/2151/2426 6813/2157/2427 6814/2156/2425
f 6815/2152/2419 6816/2150/2416 6817/2158/2428
f 6815/2152/2419 6817/2158/2428 6818/2159/2429
f 6819/2150/2416 6820/2147/2413 6821/2160/2430
f 6819/2150/2416 6821/2160/2430 6822/2158/2428
f 6823/2147/2413 6824/2146/2431 6825/2161/2432
f 6823/2147/2413 6825/2161/2432 6826/2160/2430
f 6827/2159/2429 6828/2158/2428 6829/2162/2433
f 6827/2159/2429 6829/2162/2433 6830/2163/2434
f 6831/2158/2428 6832/2160/2430 6833/2164/2435
f 6831/2158/2428 6833/2164/2435 6834/2162/2436
f 6835/2160/2430 6836/2161/2437 6837/2165/2438
f 6835/2160/2430 6837/2165/2438 6838/2164/2435
f 6839/2166/2439 6840/2167/2440 6841/2168/2441
f 6839/2166/2439 6841/2168/2441 6842/2169/2442
f 6843/2167/2443 6844/2170/2444 6845/2171/2445
f 6843/2167/2443 6845/2171/2445 6846/2168/2446
f 6847/2170/2444 6848/2172/317 6849/2173/318
f 6847/2170/2444 6849/2173/318 6850/2171/2447
f 6851/2174/318 6852/2175/2448 6853/2176/2449
f 6851/2174/318 6853/2176/2449 6854/2177/421
f 6855/2175/2448 6856/2178/2450 6857/2179/2451
f 6855/2175/2448 6857/2179/2451 6858/2176/2449
f 6859/2178/2450 6860/2180/2452 6861/2181/2453
f 6859/2178/2450 6861/2181/2453 6862/2179/2451
f 6863/2177/318 6864/2176/2449 6865/2182/2454
f 6863/2177/318 6865/2182/2454 6866/2183/2455
f 6867/2176/2456 6868/2179/2451 6869/2184/2457
f 6867/2176/2456 6869/2184/2457 6870/2182/2458
f 6871/2179/2451 6872/2181/2453 6873/2185/2459
f 6871/2179/2451 6873/2185/2459 6874/2184/2460
f 6875/2186/2461 6876/2187/2462 6877/2188/2463
f 6875/2186/2461 6877/2188/2463 6878/2189/2464
f 6879/2187/2465 6880/2190/2466 6881/2191/2467
f 6879/2187/2465 6881/2191/2467 6882/2188/2463
f 6883/2190/2468 6884/2192/2469 6885/2193/2470
f 6883/2190/2468 6885/2193/2470 6886/2191/2467
f 6887/2194/2471 6888/2195/2472 6889/2196/2473
f 6887/2194/2471 6889/2196/2473 6890/2197/2474
f 6891/2195/2475 6892/2198/2476 6893/2199/2477
f 6891/2195/2475 6893/2199/2477 6894/2196/2473
f 6895/2198/2478 6896/2200/2479 6897/2201/2480
f 6895/2198/2478 6897/2201/2480 6898/2199/2481
f 6899/2169/2482 6900/2168/2441 6901/2202/2483
f 6899/2169/2482 6901/2202/2483 6902/2203/2484
f 6903/2168/2441 6904/2171/2485 6905/2204/2486
f 6903/2168/2441 6905/2204/2486 6906/2202/2483
f 6907/2171/2447 6908/2173/318 6909/2205/317
f 6907/2171/2447 6909/2205/317 6910/2204/2486
f 6911/2203/2484 6912/2202/2483 6913/1277/1479
f 6911/2203/2484 6913/1277/1479 6914/1276/1478
f 6915/2202/2483 6916/2204/2486 6917/1278/1480
f 6915/2202/2483 6917/1278/1480 6918/1277/1479
f 6919/2204/2486 6920/2205/317 6921/1279/318
f 6919/2204/2486 6921/1279/318 6922/1278/1481
f 6923/2206/2487 6924/2207/2488 6925/2208/2489
f 6923/2206/2487 6925/2208/2489 6926/2209/2490
f 6927/2207/2488 6928/2210/2491 6929/2211/2492
f 6927/2207/2488 6929/2211/2492 6930/2208/2489
f 6931/2210/2493 6932/2212/418 6933/2213/317
f 6931/2210/2493 6933/2213/317 6934/2211/2492
f 6935/2214/2494 6936/2215/2495 6937/2216/2496
f 6935/2214/2494 6937/2216/2496 6938/2217/2497
f 6939/2215/2498 6940/2218/2499 6941/2219/2500
f 6939/2215/2498 6941/2219/2500 6942/2216/2496
f 6943/2218/2501 6944/2220/1284 6945/2221/317
f 6943/2218/2501 6945/2221/317 6946/2219/2500
f 6947/2222/318 6948/2223/2502 6949/2219/2500
f 6947/2222/318 6949/2219/2500 6950/2221/317
f 6951/2223/2502 6952/2224/2503 6953/2216/2496
f 6951/2223/2502 6953/2216/2496 6954/2219/2504
f 6955/2224/2503 6956/2225/2505 6957/2217/2506
f 6955/2224/2503 6957/2217/2506 6958/2216/2496
f 6959/2209/2507 6960/2208/2489 6961/2167/2440
f 6959/2209/2507 6961/2167/2440 6962/2166/2508
f 6963/2208/2489 6964/2211/2492 6965/2170/2444
f 6963/2208/2489 6965/2170/2444 6966/2167/2509
f 6967/2211/2492 6968/2213/317 6969/2172/317
f 6967/2211/2492 6969/2172/317 6970/2170/2444
f 6971/2226/2510 6972/2227/2511 6973/2207/2488
f 6971/2226/2510 6973/2207/2488 6974/2206/2487
f 6975/2227/2512 6976/2228/2513 6977/2210/2491
f 6975/2227/2512 6977/2210/2491 6978/2207/2488
f 6979/2228/2514 6980/2229/319 6981/2212/418
f 6979/2228/2514 6981/2212/418 6982/2210/2491
f 6983/2180/2515 6984/2178/2450 6985/2215/2495
f 6983/2180/2515 6985/2215/2495 6986/2214/2494
f 6987/2178/2450 6988/2175/2448 6989/2218/2501
f 6987/2178/2450 6989/2218/2501 6990/2215/2498
f 6991/2175/2516 6992/2174/421 6993/2220/1284
f 6991/2175/2516 6993/2220/1284 6994/2218/2499
f 6995/2229/317 6996/2228/2514 6997/2223/2502
f 6995/2229/317 6997/2223/2502 6998/2222/418
f 6999/2228/2513 7000/2227/2512 7001/2224/2503
f 6999/2228/2513 7001/2224/2503 7002/2223/2502
f 7003/2227/2511 7004/2226/2510 7005/2225/2505
f 7003/2227/2511 7005/2225/2505 7006/2224/2503
f 7007/2230/2517 7008/2231/2518 7009/2187/2465
f 7007/2230/2517 7009/2187/2465 7010/2186/2461
f 7011/2231/2518 7012/2232/2519 7013/2190/2520
f 7011/2231/2518 7013/2190/2520 7014/2187/2465
f 7015/2232/2519 7016/2233/2521 7017/2192/2469
f 7015/2232/2519 7017/2192/2469 7018/2190/2520
f 7019/2155/2424 7020/2154/2423 7021/2234/2522
f 7019/2155/2424 7021/2234/2522 7022/2235/2523
f 7023/2154/2423 7024/2156/2425 7025/2236/2524
f 7023/2154/2423 7025/2236/2524 7026/2234/2522
f 7027/2156/2425 7028/2157/2427 7029/2237/2525
f 7027/2156/2425 7029/2237/2525 7030/2236/2526
f 7031/2235/2527 7032/2234/2522 7033/2199/2528
f 7031/2235/2527 7033/2199/2528 7034/2201/2529
f 7035/2234/2522 7036/2236/2524 7037/2196/2473
f 7035/2234/2522 7037/2196/2473 7038/2199/2477
f 7039/2236/2526 7040/2237/2525 7041/2197/2474
f 7039/2236/2526 7041/2197/2474 7042/2196/2473
f 7043/2183/2530 7044/2182/2454 7045/2238/2531
f 7043/2183/2530 7045/2238/2531 7046/2239/2532
f 7047/2182/2454 7048/2184/2457 7049/2240/2533
f 7047/2182/2454 7049/2240/2533 7050/2238/2531
f 7051/2184/2460 7052/2185/2534 7053/2241/2535
f 7051/2184/2460 7053/2241/2535 7054/2240/2536
f 7055/2239/2532 7056/2238/2531 7057/2191/2467
f 7055/2239/2532 7057/2191/2467 7058/2193/2537
f 7059/2238/2531 7060/2240/2538 7061/2188/2463
f 7059/2238/2531 7061/2188/2463 7062/2191/2539
f 7063/2240/2536 7064/2241/2535 7065/2189/2464
f 7063/2240/2536 7065/2189/2464 7066/2188/2463
f 7067/2233/2540 7068/2232/2519 7069/2195/2475
f 7067/2233/2540 7069/2195/2475 7070/2194/2471
f 7071/2232/2519 7072/2231/2518 7073/2198/2476
f 7071/2232/2519 7073/2198/2476 7074/2195/2541
f 7075/2231/2542 7076/2230/2517 7077/2200/2479
f 7075/2231/2542 7077/2200/2479 7078/2198/2476
f 7079/2163/2434 7080/2162/2433 7081/2242/2543
f 7079/2163/2434 7081/2242/2543 7082/2243/2544
f 7083/2162/2436 7084/2164/2435 7085/2244/2545
f 7083/2162/2436 7085/2244/2545 7086/2242/2543
f 7087/2164/2435 7088/2165/2438 7089/2245/2546
f 7087/2164/2435 7089/2245/2546 7090/2244/2547
f 7091/2243/2544 7092/2242/2543 7093/2246/1554
f 7091/2243/2544 7093/2246/1554 7094/2247/1553
f 7095/2242/2543 7096/2244/2545 7097/2248/1556
f 7095/2242/2543 7097/2248/1556 7098/2246/1555
f 7099/2244/2545 7100/2245/2546 7101/2249/1557
f 7099/2244/2545 7101/2249/1557 7102/2248/1556
f 7103/2084/2548 7104/1147/2548 7105/1324/2548
f 7106/1325/1553 7107/987/1169 7108/1943/2204
f 7106/1325/1553 7108/1943/2204 7109/2250/2544
f 7110/2251/2429 7111/1941/2202 7112/2252/2420
f 7110/2251/2429 7112/2252/2420 7113/2253/2419
f 7114/1941/2202 7115/1940/2201 7116/2254/2427
f 7114/1941/2202 7116/2254/2427 7117/2252/2420
f 7118/1952/2215 7119/2255/2549 7120/2254/2427
f 7118/1952/2215 7120/2254/2427 7121/1940/2201
f 7122/2256/317 7123/2257/418 7124/2093/317
f 7122/2256/317 7124/2093/317 7125/2092/512
f 7126/2060/318 7127/2057/317 7128/2258/1284
f 7129/2258/2550 7130/2057/319 7131/2056/318
f 7129/2258/2550 7131/2056/318 7132/2259/317
f 7133/2260/2455 7134/1955/2218 7135/2024/1267
f 7133/2260/2455 7135/2024/1267 7136/2119/318
f 7137/1955/2218 7138/2260/2455 7139/2261/2532
f 7137/1955/2218 7139/2261/2532 7140/1956/2219
f 7141/2262/2434 7142/1938/2205 7143/1941/2202
f 7141/2262/2434 7143/1941/2202 7144/2251/2429
f 7145/2250/2544 7146/1943/2204 7147/1938/2199
f 7145/2250/2544 7147/1938/2199 7148/2262/2434
f 7149/2046/405 7150/2048/318 7151/2263/1267
f 7149/2046/405 7151/2263/1267 7152/2264/418
f 7153/2265/2469 7154/1947/2209 7155/1949/2212
f 7153/2265/2469 7155/1949/2212 7156/2266/2470
f 7157/1956/2551 7158/2261/2532 7159/2266/2552
f 7157/1956/2551 7159/2266/2552 7160/1949/2212
f 7161/1963/2232 7162/2267/2471 7163/2268/2474
f 7161/1963/2232 7163/2268/2474 7164/1951/2214
f 7165/1951/2214 7166/2268/2474 7167/2255/2549
f 7165/1951/2214 7167/2255/2549 7168/1952/2215
f 7169/2269/2521 7170/1944/2553 7171/1947/2209
f 7169/2269/2521 7171/1947/2209 7172/2265/2554
f 7173/1944/2555 7174/2269/2521 7175/2267/2471
f 7173/1944/2555 7175/2267/2471 7176/1963/2232
f 7177/2257/406 7178/2259/1284 7179/2056/421
f 7177/2257/406 7179/2056/421 7180/2093/319
f 7181/2096/418 7182/2256/418 7183/2092/418
f 7184/2062/317 7185/2118/317 7186/2063/317
f 7187/2072/318 7188/1346/318 7189/1200/318
f 7187/2072/318 7189/1200/318 7190/2070/318
f 7191/2072/1262 7192/2027/1262 7193/1082/1262
f 7191/2072/1262 7193/1082/1262 7194/1346/1262
f 7195/2081/320 7196/2263/320 7197/2048/320
f 7198/2080/405 7199/2084/407 7200/1324/318
f 7198/2080/405 7200/1324/318 7201/2270/418
f 7202/2080/407 7203/2270/317 7204/2263/417
f 7202/2080/407 7204/2263/417 7205/2081/1262
f 7206/2044/322 7207/2046/405 7208/2264/1356
f 7209/2042/2291 7210/2271/317 7211/2272/2291
f 7209/2042/2291 7211/2272/2291 7212/2106/322
f 7213/2044/2556 7214/2264/317 7215/2271/317
f 7213/2044/2556 7215/2271/317 7216/2042/408
f 7220/2256/317 7221/2096/421 7217/2098/317
f 7217/2098/317 7218/2106/317 7219/2272/317
f 7219/2272/317 7220/2256/317 7217/2098/317
f 7222/2060/418 7223/2258/2550 7224/2118/407
f 7222/2060/418 7224/2118/407 7225/2062/1344
f 7226/2273/2557 7227/2274/2558 7228/2275/2559
f 7226/2273/2557 7228/2275/2559 7229/2276/2560
f 7230/2274/2558 7231/2277/2561 7232/2278/2562
f 7230/2274/2558 7232/2278/2562 7233/2275/2559
f 7234/2277/2561 7235/2279/2563 7236/2280/2564
f 7234/2277/2561 7236/2280/2564 7237/2278/2562
f 7238/2276/2560 7239/2275/2559 7240/2281/2565
f 7238/2276/2560 7240/2281/2565 7241/2282/2566
f 7242/2275/2559 7243/2278/2562 7244/2283/2567
f 7242/2275/2559 7244/2283/2567 7245/2281/2565
f 7246/2278/2562 7247/2280/2564 7248/2284/2568
f 7246/2278/2562 7248/2284/2568 7249/2283/2567
f 7250/2285/2569 7251/2286/2570 7252/2287/2571
f 7250/2285/2569 7252/2287/2571 7253/2288/2572
f 7254/2286/2570 7255/2289/2573 7256/2290/2574
f 7254/2286/2570 7256/2290/2574 7257/2287/2571
f 7258/2289/2575 7259/2291/2576 7260/2292/2577
f 7258/2289/2575 7260/2292/2577 7261/2290/2578
f 7262/2288/2572 7263/2287/2579 7264/2293/2580
f 7262/2288/2572 7264/2293/2580 7265/2294/2581
f 7266/2287/2571 7267/2290/2574 7268/2295/2582
f 7266/2287/2571 7268/2295/2582 7269/2293/2580
f 7270/2290/2574 7271/2292/2583 7272/2296/2584
f 7270/2290/2574 7272/2296/2584 7273/2295/2582
f 7274/2297/2585 7275/2298/2586 7276/2299/2587
f 7274/2297/2585 7276/2299/2587 7277/2300/2588
f 7278/2298/2586 7279/2301/2589 7280/2302/2590
f 7278/2298/2586 7280/2302/2590 7281/2299/2587
f 7282/2301/2589 7283/2303/2591 7284/2304/2592
f 7282/2301/2589 7284/2304/2592 7285/2302/2590
f 7286/2300/2588 7287/2299/2587 7288/1383/1606
f 7286/2300/2588 7288/1383/1606 7289/1382/1605
f 7290/2299/2587 7291/2302/2590 7292/1384/1607
f 7290/2299/2587 7292/1384/1607 7293/1383/1606
f 7294/2302/2590 7295/2304/2592 7296/1385/1478
f 7294/2302/2590 7296/1385/1478 7297/1384/1607
f 7298/2294/2593 7299/2293/2580 7300/2305/2594
f 7298/2294/2593 7300/2305/2594 7301/2306/2595
f 7302/2293/2596 7303/2295/2597 7304/2307/2598
f 7302/2293/2596 7304/2307/2598 7305/2305/2594
f 7306/2295/2582 7307/2296/2599 7308/2308/2600
f 7306/2295/2582 7308/2308/2600 7309/2307/2598
f 7310/2306/2595 7311/2305/2594 7312/2309/2601
f 7310/2306/2595 7312/2309/2601 7313/2310/2602
f 7314/2305/2594 7315/2307/2598 7316/2311/2603
f 7314/2305/2594 7316/2311/2603 7317/2309/2601
f 7318/2307/2598 7319/2308/2604 7320/2312/2605
f 7318/2307/2598 7320/2312/2605 7321/2311/2603
f 7322/2313/2606 7323/2314/2607 7324/2315/2608
f 7322/2313/2606 7324/2315/2608 7325/2316/2609
f 7326/2314/2607 7327/2317/2610 7328/2318/2611
f 7326/2314/2607 7328/2318/2611 7329/2315/2608
f 7330/2317/2610 7331/2319/2612 7332/2320/2613
f 7330/2317/2610 7332/2320/2613 7333/2318/2611
f 7334/2316/2609 7335/2315/2608 7336/2321/2614
f 7334/2316/2609 7336/2321/2614 7337/2322/2615
f 7338/2315/2608 7339/2318/2611 7340/2323/2616
f 7338/2315/2608 7340/2323/2616 7341/2321/2614
f 7342/2318/2611 7343/2320/2613 7344/2324/2617
f 7342/2318/2611 7344/2324/2617 7345/2323/2616
f 7346/2325/2618 7347/2326/2619 7348/2327/2620
f 7346/2325/2618 7348/2327/2620 7349/2328/2621
f 7350/2326/2619 7351/2329/2622 7352/2330/2623
f 7350/2326/2619 7352/2330/2623 7353/2327/2620
f 7354/2329/2622 7355/2331/2624 7356/2332/2625
f 7354/2329/2622 7356/2332/2625 7357/2330/2623
f 7358/2328/2621 7359/2327/2620 7360/2274/2558
f 7358/2328/2621 7360/2274/2558 7361/2273/2557
f 7362/2327/2620 7363/2330/2623 7364/2277/2561
f 7362/2327/2620 7364/2277/2561 7365/2274/2558
f 7366/2330/2623 7367/2332/2625 7368/2279/2563
f 7366/2330/2623 7368/2279/2563 7369/2277/2561
f 7370/2333/1639 7371/2334/1642 7372/2335/2626
f 7370/2333/1639 7372/2335/2626 7373/2336/2627
f 7374/2334/1642 7375/2337/1644 7376/2338/2628
f 7374/2334/1642 7376/2338/2628 7377/2335/2626
f 7378/2337/1644 7379/2339/1646 7380/2340/2629
f 7378/2337/1644 7380/2340/2629 7381/2338/2628
f 7382/2336/2627 7383/2335/2626 7384/2286/2570
f 7382/2336/2627 7384/2286/2570 7385/2285/2569
f 7386/2335/2626 7387/2338/2628 7388/2289/2573
f 7386/2335/2626 7388/2289/2573 7389/2286/2570
f 7390/2338/2628 7391/2340/2629 7392/2291/2576
f 7390/2338/2628 7392/2291/2576 7393/2289/2575
f 7394/2282/2566 7395/2281/2565 7396/2341/2630
f 7394/2282/2566 7396/2341/2630 7397/2342/2631
f 7398/2281/2632 7399/2283/2567 7400/2343/2633
f 7398/2281/2632 7400/2343/2633 7401/2341/2634
f 7402/2283/2567 7403/2284/2568 7404/2344/2635
f 7402/2283/2567 7404/2344/2635 7405/2343/2633
f 7406/2342/2636 7407/2341/2630 7408/2298/2586
f 7406/2342/2636 7408/2298/2586 7409/2297/2585
f 7410/2341/2630 7411/2343/2633 7412/2301/2589
f 7410/2341/2630 7412/2301/2589 7413/2298/2586
f 7414/2343/2633 7415/2344/2635 7416/2303/2591
f 7414/2343/2633 7416/2303/2591 7417/2301/2589
f 7418/2345/2637 7419/2346/2638 7420/2347/2639
f 7418/2345/2637 7420/2347/2639 7421/2348/2640
f 7422/2346/2638 7423/2349/2641 7424/2350/2642
f 7422/2346/2638 7424/2350/2642 7425/2347/2639
f 7426/2349/2641 7427/2351/2643 7428/2352/2644
f 7426/2349/2641 7428/2352/2644 7429/2350/2642
f 7430/2348/2645 7431/2347/2639 7432/2353/2646
f 7430/2348/2645 7432/2353/2646 7433/2354/2647
f 7434/2347/2639 7435/2350/2642 7436/2355/2648
f 7434/2347/2639 7436/2355/2648 7437/2353/2646
f 7438/2350/2642 7439/2352/2644 7440/2356/2649
f 7438/2350/2642 7440/2356/2649 7441/2355/2648
f 7442/2357/2650 7443/2358/2651 7444/2359/2652
f 7442/2357/2650 7444/2359/2652 7445/2360/2653
f 7446/2358/2651 7447/2361/2654 7448/2362/2655
f 7446/2358/2651 7448/2362/2655 7449/2359/2652
f 7450/2361/2654 7451/2363/2656 7452/2364/2657
f 7450/2361/2654 7452/2364/2657 7453/2362/2655
f 7454/2360/2653 7455/2359/2652 7456/2311/2603
f 7454/2360/2653 7456/2311/2603 7457/2312/2605
f 7458/2359/2652 7459/2362/2655 7460/2309/2601
f 7458/2359/2652 7460/2309/2601 7461/2311/2603
f 7462/2362/2655 7463/2364/2657 7464/2310/2602
f 7462/2362/2655 7464/2310/2602 7465/2309/2601
f 7466/2319/2612 7467/2317/2610 7468/2365/2658
f 7466/2319/2612 7468/2365/2658 7469/2366/2659
f 7470/2317/2610 7471/2314/2607 7472/2367/2660
f 7470/2317/2610 7472/2367/2660 7473/2365/2661
f 7474/2314/2607 7475/2313/2606 7476/2368/2662
f 7474/2314/2607 7476/2368/2662 7477/2367/2660
f 7478/2366/2659 7479/2365/2661 7480/2346/2638
f 7478/2366/2659 7480/2346/2638 7481/2345/2637
f 7482/2365/2661 7483/2367/2660 7484/2349/2641
f 7482/2365/2661 7484/2349/2641 7485/2346/2638
f 7486/2367/2660 7487/2368/2662 7488/2351/2643
f 7486/2367/2660 7488/2351/2643 7489/2349/2641
f 7490/2354/2647 7491/2353/2646 7492/2369/2663
f 7490/2354/2647 7492/2369/2663 7493/2370/2664
f 7494/2353/2646 7495/2355/2648 7496/2371/2665
f 7494/2353/2646 7496/2371/2665 7497/2369/2663
f 7498/2355/2648 7499/2356/2649 7500/2372/2666
f 7498/2355/2648 7500/2372/2666 7501/2371/2665
f 7502/2370/2664 7503/2369/2663 7504/2358/2651
f 7502/2370/2664 7504/2358/2651 7505/2357/2650
f 7506/2369/2663 7507/2371/2665 7508/2361/2654
f 7506/2369/2663 7508/2361/2654 7509/2358/2651
f 7510/2371/2665 7511/2372/2666 7512/2363/2656
f 7510/2371/2665 7512/2363/2656 7513/2361/2654
f 7514/2322/2615 7515/2321/2614 7516/2373/2667
f 7514/2322/2615 7516/2373/2667 7517/2374/2668
f 7518/2321/2614 7519/2323/2616 7520/2375/2669
f 7518/2321/2614 7520/2375/2669 7521/2373/2667
f 7522/2323/2616 7523/2324/2617 7524/2376/2670
f 7522/2323/2616 7524/2376/2670 7525/2375/2669
f 7526/2374/2668 7527/2373/2667 7528/2326/2619
f 7526/2374/2668 7528/2326/2619 7529/2325/2618
f 7530/2373/2667 7531/2375/2669 7532/2329/2622
f 7530/2373/2667 7532/2329/2622 7533/2326/2619
f 7534/2375/2669 7535/2376/2670 7536/2331/2624
f 7534/2375/2669 7536/2331/2624 7537/2329/2622
f 7538/701/843 7539/1665/1907 7540/2377/2588
f 7538/701/843 7540/2377/2588 7541/1458/1605
f 7542/2203/2484 7543/1276/1478 7544/1385/1478
f 7542/2203/2484 7544/1385/1478 7545/2304/2592
f 7546/1582/1811 7547/1585/723 7548/2378/1639
f 7546/1582/1811 7548/2378/1639 7549/2379/2627
f 7550/2340/2629 7551/2339/1646 7552/2249/1557
f 7550/2340/2629 7552/2249/1557 7553/2245/2546
f 7554/2206/2487 7555/2209/2671 7556/2284/2568
f 7554/2206/2487 7556/2284/2568 7557/2280/2564
f 7558/2380/2566 7559/1910/2166 7560/1911/2168
f 7558/2380/2566 7560/1911/2168 7561/2381/2560
f 7562/1525/1751 7563/1528/2672 7564/2380/2566
f 7562/1525/1751 7564/2380/2566 7565/2382/2636
f 7566/2284/2568 7567/2209/2507 7568/2166/2439
f 7566/2284/2568 7568/2166/2439 7569/2344/2635
f 7570/1528/1750 7571/1907/2162 7572/1910/2166
f 7570/1528/1750 7572/1910/2166 7573/2380/2566
f 7574/2279/2563 7575/2226/2510 7576/2206/2487
f 7574/2279/2563 7576/2206/2487 7577/2280/2564
f 7578/2383/2557 7579/1914/2171 7580/1915/2173
f 7578/2383/2557 7580/1915/2173 7581/2384/2621
f 7582/2381/2560 7583/1911/2168 7584/1914/2171
f 7582/2381/2560 7584/1914/2171 7585/2383/2557
f 7586/2225/2505 7587/2226/2510 7588/2279/2563
f 7586/2225/2505 7588/2279/2563 7589/2332/2625
f 7590/1534/2673 7591/1656/1896 7592/2385/2572
f 7590/1534/2673 7592/2385/2572 7593/2386/2674
f 7594/2308/2600 7595/2296/2584 7596/2146/2431
f 7594/2308/2600 7596/2146/2431 7597/2149/2415
f 7598/2146/2431 7599/2296/2675 7600/2292/2577
f 7598/2146/2431 7600/2292/2577 7601/2161/2432
f 7602/1531/1759 7603/1534/1758 7604/2386/2674
f 7602/1531/1759 7604/2386/2674 7605/2387/2595
f 7606/2155/2424 7607/2312/2605 7608/2308/2604
f 7606/2155/2424 7608/2308/2604 7609/2149/2415
f 7610/1532/1755 7611/1531/1754 7612/2387/2595
f 7610/1532/1755 7612/2387/2595 7613/2388/2602
f 7614/1679/1920 7615/1532/1755 7616/2388/2602
f 7614/1679/1920 7616/2388/2602 7617/2389/2657
f 7618/2360/2653 7619/2312/2605 7620/2155/2424
f 7618/2360/2653 7620/2155/2424 7621/2235/2523
f 7622/2181/2453 7623/2180/2452 7624/2324/2617
f 7622/2181/2453 7624/2324/2617 7625/2320/2613
f 7626/2390/2615 7627/1683/1924 7628/1681/1922
f 7626/2390/2615 7628/1681/1922 7629/2391/2609
f 7630/2392/2668 7631/1685/1926 7632/1683/1924
f 7630/2392/2668 7632/1683/1924 7633/2390/2615
f 7634/2324/2617 7635/2180/2452 7636/2214/2494
f 7634/2324/2617 7636/2214/2494 7637/2376/2670
f 7638/2185/2534 7639/2181/2453 7640/2320/2613
f 7638/2185/2534 7640/2320/2613 7641/2319/2676
f 7642/2391/2609 7643/1681/1922 7644/1675/1916
f 7642/2391/2609 7644/1675/1916 7645/2393/2606
f 7646/2393/2606 7647/1675/1916 7648/1671/1912
f 7646/2393/2606 7648/1671/1912 7649/2394/2662
f 7650/2241/2535 7651/2185/2534 7652/2319/2612
f 7650/2241/2535 7652/2319/2612 7653/2366/2659
f 7654/2292/2677 7655/2291/2576 7656/2165/2438
f 7654/2292/2677 7656/2165/2438 7657/2161/2432
f 7658/1583/1812 7659/1582/1811 7660/2379/2627
f 7658/1583/1812 7660/2379/2627 7661/2395/2569
f 7662/1656/1896 7663/1583/1812 7664/2395/2569
f 7662/1656/1896 7664/2395/2569 7665/2385/2572
f 7666/2165/2438 7667/2291/2576 7668/2340/2629
f 7666/2165/2438 7668/2340/2629 7669/2245/2546
f 7670/2303/2591 7671/2169/2442 7672/2203/2484
f 7670/2303/2591 7672/2203/2484 7673/2304/2592
f 7674/1526/1748 7675/1525/1747 7676/2382/2678
f 7674/1526/1748 7676/2382/2678 7677/2396/2585
f 7678/1665/1907 7679/1526/1748 7680/2396/2679
f 7678/1665/1907 7680/2396/2679 7681/2377/2588
f 7682/2166/2680 7683/2169/2442 7684/2303/2591
f 7682/2166/2680 7684/2303/2591 7685/2344/2635
f 7686/2230/2681 7687/2186/2461 7688/2348/2640
f 7686/2230/2681 7688/2348/2640 7689/2354/2647
f 7690/2397/2644 7691/1713/1953 7692/1716/1956
f 7690/2397/2644 7692/1716/1956 7693/2398/2649
f 7694/1716/1956 7695/1721/1963 7696/2399/2666
f 7694/1716/1956 7696/2399/2666 7697/2398/2649
f 7698/2230/2681 7699/2354/2647 7700/2370/2664
f 7698/2230/2681 7700/2370/2664 7701/2200/2479
f 7702/2186/2461 7703/2189/2464 7704/2345/2637
f 7702/2186/2461 7704/2345/2637 7705/2348/2640
f 7706/2400/2643 7707/1674/1915 7708/1713/1953
f 7706/2400/2643 7708/1713/1953 7709/2397/2644
f 7710/2394/2662 7711/1671/1912 7712/1674/1915
f 7710/2394/2662 7712/1674/1915 7713/2400/2643
f 7714/2189/2464 7715/2241/2535 7716/2366/2659
f 7714/2189/2464 7716/2366/2659 7717/2345/2637
f 7718/2201/2480 7719/2357/2650 7720/2360/2653
f 7718/2201/2480 7720/2360/2653 7721/2235/2523
f 7722/1680/1921 7723/1679/1920 7724/2389/2657
f 7722/1680/1921 7724/2389/2657 7725/2401/2656
f 7726/2370/2664 7727/2357/2650 7728/2201/2480
f 7726/2370/2664 7728/2201/2480 7729/2200/2479
f 7730/1721/1963 7731/1680/1921 7732/2401/2656
f 7730/1721/1963 7732/2401/2656 7733/2399/2666
f 7734/2331/2624 7735/2217/2497 7736/2225/2505
f 7734/2331/2624 7736/2225/2505 7737/2332/2625
f 7738/2402/2618 7739/1687/1928 7740/1685/1926
f 7738/2402/2618 7740/1685/1926 7741/2392/2668
f 7742/2384/2621 7743/1915/2173 7744/1687/1928
f 7742/2384/2621 7744/1687/1928 7745/2402/2618
f 7746/2214/2494 7747/2217/2497 7748/2331/2624
f 7746/2214/2494 7748/2331/2624 7749/2376/2670
f 7750/2075/1704 7751/2027/1267 7752/2072/1267
f 7753/1836/2084 7754/1802/2050 7755/1805/2053
f 7753/1836/2084 7755/1805/2053 7756/1837/2085
f 7757/1892/2143 7758/1889/2140 7759/1802/2050
f 7757/1892/2143 7759/1802/2050 7760/1836/2084
f 7761/1878/2127 7762/1850/2133 7763/1849/2097
f 7761/1878/2127 7763/1849/2097 7764/1879/2128
f 7765/1874/2122 7766/1811/2059 7767/1810/2058
f 7765/1874/2122 7767/1810/2058 7768/1875/2123
f 7769/1804/2052 7770/1803/2051 7771/1879/2128
f 7769/1804/2052 7771/1879/2128 7772/1883/2132
f 7773/1869/2117 7774/2403/2682 7775/1859/2107
f 7773/1869/2117 7775/1859/2107 7776/1870/2124
f 7777/1783/2027 7778/1871/2119 7779/1875/2123
f 7777/1783/2027 7779/1875/2123 7780/1881/2130
f 7781/1865/2683 7782/1873/2121 7783/1871/2684
f 7781/1865/2683 7783/1871/2684 7784/1866/2114
f 7785/1835/2083 7786/1834/2082 7787/1870/2124
f 7785/1835/2083 7787/1870/2124 7788/1876/2125
f 7789/2404/2685 7790/1864/2112 7791/1863/2111
f 7789/2404/2685 7791/1863/2111 7792/1860/2108
f 7793/1867/2115 7794/1863/2111 7795/1866/2114
f 7793/1867/2115 7795/1866/2114 7796/1872/2120
f 7797/1855/2103 7798/1920/2178 7799/1845/2093
f 7797/1855/2103 7799/1845/2093 7800/1856/2104
f 7801/2403/2682 7802/2404/2685 7803/1860/2108
f 7801/2403/2682 7803/1860/2108 7804/1859/2107
f 7805/1851/2099 7806/1854/2102 7807/1853/2101
f 7805/1851/2099 7807/1853/2101 7808/1852/2100
f 7809/1857/2105 7810/1853/2101 7811/1856/2104
f 7809/1857/2105 7811/1856/2104 7812/1862/2110
f 7813/1917/2175 7814/1913/2170 7815/1816/2064
f 7813/1917/2175 7815/1816/2064 7816/1846/2094
f 7817/2405/2686 7818/1840/2088 7819/1852/2100
f 7817/2405/2686 7819/1852/2100 7820/1858/2106
f 7821/2406/2687 7822/1882/2131 7823/1849/2097
f 7821/2406/2687 7823/1849/2097 7824/1841/2089
f 7825/1920/2178 7826/1917/2175 7827/1846/2094
f 7825/1920/2178 7827/1846/2094 7828/1845/2093
f 7829/1838/2086 7830/2407/2688 7831/1830/2078
f 7829/1838/2086 7831/1830/2078 7832/1839/2087
f 7833/2405/2686 7834/2406/2687 7835/1841/2089
f 7833/2405/2686 7835/1841/2089 7836/1840/2088
f 7837/2408/2689 7838/2409/2690 7839/1825/2073
f 7837/2408/2689 7839/1825/2073 7840/1831/2079
f 7841/1892/2143 7842/1836/2084 7843/1839/2087
f 7841/1892/2143 7843/1839/2087 7844/1844/2092
f 7845/2410/2691 7846/1868/2116 7847/1834/2082
f 7845/2410/2691 7847/1834/2082 7848/1826/2074
f 7849/2407/2688 7850/2408/2689 7851/1831/2079
f 7849/2407/2688 7851/1831/2079 7852/1830/2078
f 7853/1823/2071 7854/1904/2158 7855/1806/2054
f 7853/1823/2071 7855/1806/2054 7856/1824/2072
f 7857/2409/2690 7858/2410/2691 7859/1826/2074
f 7857/2409/2690 7859/1826/2074 7860/1825/2073
f 7861/1912/2169 7862/1909/2165 7863/1812/2060
f 7861/1912/2169 7863/1812/2060 7864/1817/2065
f 7865/1821/2069 7866/1820/2068 7867/1824/2072
f 7865/1821/2069 7867/1824/2072 7868/1829/2077
f 7869/1908/2164 7870/1822/2070 7871/1820/2068
f 7869/1908/2164 7871/1820/2068 7872/1813/2061
f 7873/1913/2170 7874/1912/2169 7875/1817/2065
f 7873/1913/2170 7875/1817/2065 7876/1816/2064
f 7877/1903/2157 7878/1900/2154 7879/1798/2046
f 7877/1903/2157 7879/1798/2046 7880/1807/2055
f 7881/1909/2165 7882/1908/2164 7883/1813/2061
f 7881/1909/2165 7883/1813/2061 7884/1812/2060
f 7885/1899/2153 7886/1880/2129 7887/1810/2058
f 7885/1899/2153 7887/1810/2058 7888/1799/2047
f 7889/1904/2158 7890/1903/2157 7891/1807/2055
f 7889/1904/2158 7891/1807/2055 7892/1806/2054
f 7893/1889/2140 7894/1877/2126 7895/1803/2051
f 7893/1889/2140 7895/1803/2051 7896/1802/2050
f 7897/1900/2154 7898/1899/2153 7899/1799/2047
f 7897/1900/2154 7899/1799/2047 7900/1798/2046
f 7901/2411/2692 7902/2412/2693 7903/2413/2694
f 7901/2411/2692 7903/2413/2694 7904/2414/2695
f 7905/2412/2696 7906/2415/2697 7907/2416/2698
f 7905/2412/2696 7907/2416/2698 7908/2413/2699
f 7909/2414/2700 7910/2413/2694 7911/2417/2701
f 7909/2414/2700 7911/2417/2701 7912/2418/2702
f 7913/2413/2703 7914/2416/2698 7915/2419/2704
f 7913/2413/2703 7915/2419/2704 7916/2417/2701
f 7917/2420/2705 7918/2421/2706 7919/2422/2707
f 7917/2420/2705 7919/2422/2707 7920/2423/2708
f 7921/2421/2709 7922/2424/2710 7923/2425/2711
f 7921/2421/2709 7923/2425/2711 7924/2422/2712
f 7925/2423/2713 7926/2422/2714 7927/2426/2715
f 7925/2423/2713 7927/2426/2715 7928/2427/2716
f 7929/2422/2712 7930/2425/2711 7931/2428/2717
f 7929/2422/2712 7931/2428/2717 7932/2426/2715
f 7933/2429/2718 7934/2430/2719 7935/2431/2720
f 7933/2429/2718 7935/2431/2720 7936/2432/2721
f 7937/2430/2722 7938/2433/2723 7939/2434/2724
f 7937/2430/2722 7939/2434/2724 7940/2431/2720
f 7941/2432/2721 7942/2431/2720 7943/2435/2725
f 7941/2432/2721 7943/2435/2725 7944/2436/2726
f 7945/2431/2727 7946/2434/2724 7947/2437/2728
f 7945/2431/2727 7947/2437/2728 7948/2435/2725
f 7949/2427/2729 7950/2426/2715 7951/2438/2730
f 7949/2427/2729 7951/2438/2730 7952/2439/2731
f 7953/2426/2715 7954/2428/2717 7955/2440/2732
f 7953/2426/2715 7955/2440/2732 7956/2438/2733
f 7957/2439/2731 7958/2438/2733 7959/2441/2734
f 7957/2439/2731 7959/2441/2734 7960/2442/2735
f 7961/2438/2733 7962/2440/2736 7963/2443/2737
f 7961/2438/2733 7963/2443/2737 7964/2441/2738
f 7965/2436/2739 7966/2435/2740 7967/2444/2741
f 7965/2436/2739 7967/2444/2741 7968/2445/2742
f 7969/2435/2725 7970/2437/2728 7971/2446/2743
f 7969/2435/2725 7971/2446/2743 7972/2444/2744
f 7973/2445/2742 7974/2444/2745 7975/2412/2746
f 7973/2445/2742 7975/2412/2746 7976/2411/2692
f 7977/2444/2747 7978/2446/2748 7979/2415/2749
f 7977/2444/2747 7979/2415/2749 7980/2412/2696
f 7981/2447/2750 7982/2448/2751 7983/2449/2752
f 7981/2447/2750 7983/2449/2752 7984/2450/2753
f 7985/2448/2754 7986/2451/2755 7987/2452/2756
f 7985/2448/2754 7987/2452/2756 7988/2449/2752
f 7989/2450/2757 7990/2449/2752 7991/2421/2706
f 7989/2450/2757 7991/2421/2706 7992/2420/2705
f 7993/2449/2752 7994/2452/2756 7995/2424/2710
f 7993/2449/2752 7995/2424/2710 7996/2421/2706
f 7997/2453/2758 7998/2454/2759 7999/2455/2760
f 7997/2453/2758 7999/2455/2760 8000/2456/2761
f 8001/2454/2759 8002/2457/2762 8003/2458/2763
f 8001/2454/2759 8003/2458/2763 8004/2455/2764
f 8005/2456/2765 8006/2455/2760 8007/2430/2719
f 8005/2456/2765 8007/2430/2719 8008/2429/2718
f 8009/2455/2764 8010/2458/2763 8011/2433/2766
f 8009/2455/2764 8011/2433/2766 8012/2430/2767
f 8013/2442/2768 8014/2441/2734 8015/2459/2769
f 8013/2442/2768 8015/2459/2769 8016/2460/2770
f 8017/2441/2738 8018/2443/2737 8019/2461/2771
f 8017/2441/2738 8019/2461/2771 8020/2459/2769
f 8021/2460/2770 8022/2459/2772 8023/2454/2759
f 8021/2460/2770 8023/2454/2759 8024/2453/2758
f 8025/2459/2769 8026/2461/2771 8027/2457/2762
f 8025/2459/2769 8027/2457/2762 8028/2454/2759
f 8029/2462/2773 8030/2463/2774 8031/2464/2775
f 8029/2462/2773 8031/2464/2775 8032/2465/2776
f 8033/2463/2774 8034/2466/2777 8035/2467/2778
f 8033/2463/2774 8035/2467/2778 8036/2464/2775
f 8037/2418/2702 8038/2417/2701 8039/2463/2774
f 8037/2418/2702 8039/2463/2774 8040/2462/2779
f 8041/2417/2701 8042/2419/2704 8043/2466/2780
f 8041/2417/2701 8043/2466/2780 8044/2463/2774
f 8045/2468/2781 8046/2469/2782 8047/2470/2783
f 8045/2468/2781 8047/2470/2783 8048/2471/2784
f 8049/2469/2785 8050/2472/2786 8051/2473/2787
f 8049/2469/2785 8051/2473/2787 8052/2470/2783
f 8053/2474/2788 8054/2475/2789 8055/2469/2782
f 8053/2474/2788 8055/2469/2782 8056/2468/2781
f 8057/2475/2789 8058/2476/2790 8059/2472/2791
f 8057/2475/2789 8059/2472/2791 8060/2469/2792
f 8061/2477/2793 8062/2478/2794 8063/2479/2795
f 8061/2477/2793 8063/2479/2795 8064/2480/2796
f 8065/2478/2797 8066/2481/2798 8067/2482/2799
f 8065/2478/2797 8067/2482/2799 8068/2479/2800
f 8069/2483/2801 8070/2484/2802 8071/2478/2797
f 8069/2483/2801 8071/2478/2797 8072/2477/2803
f 8073/2484/2804 8074/2485/2805 8075/2481/2798
f 8073/2484/2804 8075/2481/2798 8076/2478/2797
f 8077/2486/2806 8078/2487/2807 8079/2475/2789
f 8077/2486/2806 8079/2475/2789 8080/2474/2808
f 8081/2487/2809 8082/2488/2810 8083/2476/2790
f 8081/2487/2809 8083/2476/2790 8084/2475/2811
f 8085/2489/2812 8086/2490/2813 8087/2487/2807
f 8085/2489/2812 8087/2487/2807 8088/2486/2814
f 8089/2490/2813 8090/2491/2815 8091/2488/2810
f 8089/2490/2813 8091/2488/2810 8092/2487/2816
f 8093/2492/2817 8094/2493/2818 8095/2484/2802
f 8093/2492/2817 8095/2484/2802 8096/2483/2819
f 8097/2493/2818 8098/2494/2820 8099/2485/2805
f 8097/2493/2818 8099/2485/2805 8100/2484/2821
f 8101/2465/2776 8102/2464/2822 8103/2493/2818
f 8101/2465/2776 8103/2493/2818 8104/2492/2817
f 8105/2464/2775 8106/2467/2778 8107/2494/2820
f 8105/2464/2775 8107/2494/2820 8108/2493/2818
f 8109/2495/2823 8110/2496/2824 8111/2497/2751
f 8109/2495/2823 8111/2497/2751 8112/2498/2825
f 8113/2496/2826 8114/2499/2827 8115/2500/2828
f 8113/2496/2826 8115/2500/2828 8116/2497/2829
f 8117/2471/2830 8118/2470/2783 8119/2496/2824
f 8117/2471/2830 8119/2496/2824 8120/2495/2823
f 8121/2470/2831 8122/2473/2832 8123/2499/2827
f 8121/2470/2831 8123/2499/2827 8124/2496/2826
f 8125/2501/2833 8126/2502/2834 8127/2503/2835
f 8125/2501/2833 8127/2503/2835 8128/2504/2836
f 8129/2502/2834 8130/2505/2837 8131/2506/2838
f 8129/2502/2834 8131/2506/2838 8132/2503/2839
f 8133/2480/2840 8134/2479/2841 8135/2502/2834
f 8133/2480/2840 8135/2502/2834 8136/2501/2833
f 8137/2479/2800 8138/2482/2842 8139/2505/2843
f 8137/2479/2800 8139/2505/2843 8140/2502/2834
f 8141/2507/2844 8142/2508/2845 8143/2490/2813
f 8141/2507/2844 8143/2490/2813 8144/2489/2812
f 8145/2508/2845 8146/2509/2846 8147/2491/2847
f 8145/2508/2845 8147/2491/2847 8148/2490/2813
f 8149/2504/2836 8150/2503/2848 8151/2508/2845
f 8149/2504/2836 8151/2508/2845 8152/2507/2849
f 8153/2503/2835 8154/2506/2838 8155/2509/2846
f 8153/2503/2835 8155/2509/2846 8156/2508/2850
f 8157/2439/2731 8158/2442/2735 8159/525/629
f 8157/2439/2731 8159/525/629 8160/528/632
f 8161/2440/2732 8162/2510/2851 8163/2511/2852
f 8161/2440/2732 8163/2511/2852 8164/2443/2853
f 8165/2443/2853 8166/2511/2852 8167/2512/2854
f 8165/2443/2853 8167/2512/2854 8168/2461/2855
f 8169/2442/2735 8170/2460/2770 8171/730/872
f 8169/2442/2735 8171/730/872 8172/525/629
f 8173/2432/2721 8174/2436/2726 8175/519/794
f 8173/2432/2721 8175/519/794 8176/522/626
f 8177/2434/2724 8178/2513/2856 8179/2514/2857
f 8177/2434/2724 8179/2514/2857 8180/2437/2728
f 8181/2437/2728 8182/2514/2857 8183/2515/2858
f 8181/2437/2728 8183/2515/2858 8184/2446/2859
f 8185/2436/2726 8186/2445/2742 8187/640/761
f 8185/2436/2726 8187/640/761 8188/519/794
f 8189/2423/2713 8190/2427/2860 8191/623/2861
f 8189/2423/2713 8191/623/2861 8192/515/619
f 8193/2425/2711 8194/2516/2862 8195/2517/2863
f 8193/2425/2711 8195/2517/2863 8196/2428/2717
f 8197/2428/2717 8198/2517/2863 8199/2510/2851
f 8197/2428/2717 8199/2510/2851 8200/2440/2732
f 8201/2427/2729 8202/2439/2731 8203/528/632
f 8201/2427/2729 8203/528/632 8204/623/743
f 8205/2446/2859 8206/2515/2858 8207/2518/2864
f 8205/2446/2859 8207/2518/2864 8208/2415/2749
f 8209/2415/2749 8210/2518/2864 8211/2519/2865
f 8209/2415/2749 8211/2519/2865 8212/2416/2866
f 8213/2445/2867 8214/2411/2692 8215/638/759
f 8213/2445/2867 8215/638/759 8216/640/2868
f 8217/2411/2692 8218/2414/2700 8219/627/747
f 8217/2411/2692 8219/627/747 8220/638/759
f 8221/2452/2756 8222/2520/2869 8223/2521/2870
f 8221/2452/2756 8223/2521/2870 8224/2424/2710
f 8225/2424/2871 8226/2521/2870 8227/2516/2862
f 8225/2424/2871 8227/2516/2862 8228/2425/2711
f 8229/2450/2757 8230/2420/2872 8231/518/622
f 8229/2450/2757 8231/518/622 8232/666/2873
f 8233/2420/2872 8234/2423/2874 8235/515/619
f 8233/2420/2872 8235/515/619 8236/518/622
f 8237/2458/2875 8238/2522/2876 8239/2523/2877
f 8237/2458/2875 8239/2523/2877 8240/2433/2878
f 8241/2433/2878 8242/2523/2877 8243/2513/2856
f 8241/2433/2878 8243/2513/2856 8244/2434/2724
f 8245/2456/2765 8246/2429/2718 8247/524/628
f 8245/2456/2765 8247/524/628 8248/708/850
f 8249/2429/2718 8250/2432/2721 8251/522/2879
f 8249/2429/2718 8251/522/2879 8252/524/628
f 8253/2461/2880 8254/2512/2854 8255/2524/2881
f 8253/2461/2880 8255/2524/2881 8256/2457/2762
f 8257/2457/2762 8258/2524/2881 8259/2522/2876
f 8257/2457/2762 8259/2522/2876 8260/2458/2763
f 8261/2460/2770 8262/2453/2758 8263/728/870
f 8261/2460/2770 8263/728/870 8264/730/872
f 8265/2453/2758 8266/2456/2765 8267/708/850
f 8265/2453/2758 8267/708/850 8268/728/870
f 8269/2414/2700 8270/2418/2702 8271/624/744
f 8269/2414/2700 8271/624/744 8272/627/747
f 8273/2416/2698 8274/2519/2865 8275/2525/2882
f 8273/2416/2698 8275/2525/2882 8276/2419/2883
f 8277/2526/2884 8278/2466/2780 8279/2419/2704
f 8277/2526/2884 8279/2419/2704 8280/2525/2882
f 8281/2462/2885 8282/1598/1824 8283/624/744
f 8281/2462/2885 8283/624/744 8284/2418/2702
f 8285/2527/2886 8286/2500/2755 8287/2499/2827
f 8285/2527/2886 8287/2499/2827 8288/2528/2887
f 8289/2451/2755 8290/2529/2886 8291/2520/2869
f 8289/2451/2755 8291/2520/2869 8292/2452/2756
f 8293/2498/2750 8294/1667/848 8295/1634/1871
f 8293/2498/2750 8295/1634/1871 8296/2495/2823
f 8297/2447/2750 8298/2450/2888 8299/666/797
f 8297/2447/2750 8299/666/797 8300/706/848
f 8301/2530/2889 8302/2491/2815 8303/2509/2846
f 8301/2530/2889 8303/2509/2846 8304/2531/2890
f 8305/2532/2891 8306/2488/2810 8307/2491/2815
f 8305/2532/2891 8307/2491/2815 8308/2530/2889
f 8309/2489/2812 8310/1504/1726 8311/1691/1932
f 8309/2489/2812 8311/1691/1932 8312/2507/2844
f 8313/2486/2806 8314/1501/1723 8315/1504/1726
f 8313/2486/2806 8315/1504/1726 8316/2489/2812
f 8317/2533/2892 8318/2485/2805 8319/2494/2893
f 8317/2533/2892 8319/2494/2893 8320/2534/2894
f 8321/2535/2895 8322/2481/2798 8323/2485/2896
f 8321/2535/2895 8323/2485/2896 8324/2533/2892
f 8325/2483/2801 8326/1498/1720 8327/1611/1838
f 8325/2483/2801 8327/1611/1838 8328/2492/2817
f 8329/2477/2793 8330/1495/1717 8331/1498/1720
f 8329/2477/2793 8331/1498/1720 8332/2483/2801
f 8333/2536/2897 8334/2476/2790 8335/2488/2810
f 8333/2536/2897 8335/2488/2810 8336/2532/2891
f 8337/2537/2898 8338/2472/2791 8339/2476/2899
f 8337/2537/2898 8339/2476/2899 8340/2536/2897
f 8341/2474/2900 8342/761/904 8343/1501/1723
f 8341/2474/2900 8343/1501/1723 8344/2486/2806
f 8345/2468/2781 8346/758/2901 8347/761/904
f 8345/2468/2781 8347/761/904 8348/2474/2808
f 8349/2534/2894 8350/2494/2893 8351/2467/2778
f 8349/2534/2894 8351/2467/2778 8352/2538/2902
f 8353/2492/2817 8354/1611/1838 8355/1609/1836
f 8353/2492/2817 8355/1609/1836 8356/2465/2776
f 8357/2538/2902 8358/2467/2778 8359/2466/2780
f 8357/2538/2902 8359/2466/2780 8360/2526/2884
f 8361/2465/2776 8362/1609/1836 8363/1598/1824
f 8361/2465/2776 8363/1598/1824 8364/2462/2773
f 8365/2528/2887 8366/2499/2827 8367/2473/2787
f 8365/2528/2887 8367/2473/2787 8368/2539/2903
f 8369/2495/2823 8370/1634/1871 8371/1493/1715
f 8369/2495/2823 8371/1493/1715 8372/2471/2904
f 8373/2539/2903 8374/2473/2787 8375/2472/2905
f 8373/2539/2903 8375/2472/2905 8376/2537/2898
f 8377/2471/2784 8378/1493/1715 8379/758/2906
f 8377/2471/2784 8379/758/2906 8380/2468/2781
f 8381/2540/2907 8382/2505/2908 8383/2482/2799
f 8381/2540/2907 8383/2482/2799 8384/2541/2909
f 8385/2501/2910 8386/1669/1910 8387/1499/1721
f 8385/2501/2910 8387/1499/1721 8388/2480/2796
f 8389/2541/2909 8390/2482/2799 8391/2481/2798
f 8389/2541/2909 8391/2481/2798 8392/2535/2895
f 8393/2480/2796 8394/1499/1721 8395/1495/1717
f 8393/2480/2796 8395/1495/1717 8396/2477/2793
f 8397/2531/2890 8398/2509/2846 8399/2506/2911
f 8397/2531/2890 8399/2506/2911 8400/2542/2912
f 8401/2507/2913 8402/1691/1932 8403/1689/1934
f 8401/2507/2913 8403/1689/1934 8404/2504/2836
f 8405/2542/2912 8406/2506/2911 8407/2505/2843
f 8405/2542/2912 8407/2505/2843 8408/2540/2907
f 8409/2504/2836 8410/1689/1930 8411/1669/2914
f 8409/2504/2836 8411/1669/2914 8412/2501/2910
f 8413/623/743 8414/622/742 8415/516/620
f 8413/623/743 8415/516/620 8416/515/619
f 8417/2543/2915 8418/2544/2916 8419/2545/2917
f 8417/2543/2915 8419/2545/2917 8420/2546/2918
f 8421/2546/2918 8422/2545/2917 8423/2547/2919
f 8421/2546/2918 8423/2547/2919 8424/2548/2920
f 8425/2548/2920 8426/2547/2919 8427/2549/2921
f 8425/2548/2920 8427/2549/2921 8428/2550/2922
f 8429/2550/2922 8430/2549/2921 8431/2551/2923
f 8429/2550/2922 8431/2551/2923 8432/2552/2924
f 8433/2552/2924 8434/2551/2923 8435/2553/2925
f 8433/2552/2924 8435/2553/2925 8436/2554/2926
f 8437/2554/2926 8438/2553/2925 8439/2555/2927
f 8437/2554/2926 8439/2555/2927 8440/2556/2928
f 8441/2556/2928 8442/2555/2927 8443/2557/2929
f 8441/2556/2928 8443/2557/2929 8444/2558/2930
f 8445/2558/2930 8446/2557/2929 8447/2559/2931
f 8445/2558/2930 8447/2559/2931 8448/2560/2932
f 8449/2560/2932 8450/2559/2931 8451/2561/2933
f 8449/2560/2932 8451/2561/2933 8452/2562/2934
f 8453/2562/2934 8454/2561/2933 8455/2563/2935
f 8453/2562/2934 8455/2563/2935 8456/2564/2936
f 8457/2564/2936 8458/2563/2935 8459/2565/2937
f 8457/2564/2936 8459/2565/2937 8460/2566/2938
f 8461/2566/2938 8462/2565/2939 8463/2567/2940
f 8461/2566/2938 8463/2567/2940 8464/2568/2941
f 8465/2568/2941 8466/2567/2940 8467/2569/2942
f 8465/2568/2941 8467/2569/2942 8468/2570/2943
f 8469/2570/2943 8470/2569/2942 8471/2571/2944
f 8469/2570/2943 8471/2571/2944 8472/2572/2945
f 8473/2573/2946 8474/2543/2915 8475/2546/2947
f 8473/2573/2946 8475/2546/2947 8476/2574/2948
f 8477/2574/2948 8478/2546/2918 8479/2548/2920
f 8477/2574/2948 8479/2548/2920 8480/2575/2949
f 8481/2575/2949 8482/2548/2920 8483/2550/2922
f 8481/2575/2949 8483/2550/2922 8484/2576/2950
f 8485/2576/2950 8486/2550/2922 8487/2552/2924
f 8485/2576/2950 8487/2552/2924 8488/2577/2951
f 8489/2577/2951 8490/2552/2924 8491/2554/2926
f 8489/2577/2951 8491/2554/2926 8492/2578/2952
f 8493/2578/2952 8494/2554/2926 8495/2556/2928
f 8493/2578/2952 8495/2556/2928 8496/2579/2953
f 8497/2579/2953 8498/2556/2928 8499/2558/2930
f 8497/2579/2953 8499/2558/2930 8500/2580/2954
f 8501/2580/2954 8502/2558/2930 8503/2560/2932
f 8501/2580/2954 8503/2560/2932 8504/2581/2955
f 8505/2581/2955 8506/2560/2932 8507/2562/2934
f 8505/2581/2955 8507/2562/2934 8508/2582/2956
f 8509/2582/2956 8510/2562/2934 8511/2564/2936
f 8509/2582/2956 8511/2564/2936 8512/2583/2957
f 8513/2583/2957 8514/2564/2936 8515/2566/2938
f 8513/2583/2957 8515/2566/2938 8516/2584/2958
f 8517/2584/2958 8518/2566/2938 8519/2568/2941
f 8517/2584/2958 8519/2568/2941 8520/2585/2959
f 8521/2585/2959 8522/2568/2941 8523/2570/2943
f 8521/2585/2959 8523/2570/2943 8524/2586/2960
f 8525/2586/2960 8526/2570/2943 8527/2572/2945
f 8525/2586/2960 8527/2572/2945 8528/2587/2961
f 8529/2588/2962 8530/2573/2946 8531/2574/2948
f 8529/2588/2962 8531/2574/2948 8532/2589/2963
f 8533/2589/2963 8534/2574/2948 8535/2575/2949
f 8533/2589/2963 8535/2575/2949 8536/2590/2964
f 8537/2590/2964 8538/2575/2949 8539/2576/2950
f 8537/2590/2964 8539/2576/2950 8540/2591/2965
f 8541/2591/2965 8542/2576/2950 8543/2577/2951
f 8541/2591/2965 8543/2577/2951 8544/2592/2966
f 8545/2592/2966 8546/2577/2951 8547/2578/2952
f 8545/2592/2966 8547/2578/2952 8548/2593/2967
f 8549/2593/2967 8550/2578/2952 8551/2579/2953
f 8549/2593/2967 8551/2579/2953 8552/2594/2968
f 8553/2594/2968 8554/2579/2953 8555/2580/2954
f 8553/2594/2968 8555/2580/2954 8556/2595/2969
f 8557/2595/2969 8558/2580/2954 8559/2581/2955
f 8557/2595/2969 8559/2581/2955 8560/2596/2970
f 8561/2596/2970 8562/2581/2955 8563/2582/2956
f 8561/2596/2970 8563/2582/2956 8564/2597/2971
f 8565/2597/2971 8566/2582/2956 8567/2583/2957
f 8565/2597/2971 8567/2583/2957 8568/2598/2972
f 8569/2598/2972 8570/2583/2957 8571/2584/2958
f 8569/2598/2972 8571/2584/2958 8572/2599/2973
f 8573/2599/2973 8574/2584/2958 8575/2585/2959
f 8573/2599/2973 8575/2585/2959 8576/2600/2974
f 8577/2600/2974 8578/2585/2959 8579/2586/2960
f 8577/2600/2974 8579/2586/2960 8580/2601/2975
f 8581/2601/2975 8582/2586/2960 8583/2587/2961
f 8581/2601/2975 8583/2587/2961 8584/2602/2976
f 8585/2603/2977 8586/2588/2962 8587/2589/2963
f 8585/2603/2977 8587/2589/2963 8588/2604/2978
f 8589/2604/2978 8590/2589/2963 8591/2590/2964
f 8589/2604/2978 8591/2590/2964 8592/2605/2979
f 8593/2605/2980 8594/2590/2964 8595/2591/2965
f 8593/2605/2980 8595/2591/2965 8596/2606/2981
f 8597/2606/2981 8598/2591/2965 8599/2592/2966
f 8597/2606/2981 8599/2592/2966 8600/2607/2982
f 8601/2607/2982 8602/2592/2966 8603/2593/2967
f 8601/2607/2982 8603/2593/2967 8604/2608/2983
f 8605/2608/2983 8606/2593/2967 8607/2594/2968
f 8605/2608/2983 8607/2594/2968 8608/2609/2984
f 8609/2609/2984 8610/2594/2968 8611/2595/2969
f 8609/2609/2984 8611/2595/2969 8612/2610/2985
f 8613/2610/2985 8614/2595/2969 8615/2596/2970
f 8613/2610/2985 8615/2596/2970 8616/2611/2986
f 8617/2611/2986 8618/2596/2970 8619/2597/2971
f 8617/2611/2986 8619/2597/2971 8620/2612/2987
f 8621/2612/2987 8622/2597/2971 8623/2598/2972
f 8621/2612/2987 8623/2598/2972 8624/2613/2988
f 8625/2613/2988 8626/2598/2972 8627/2599/2973
f 8625/2613/2988 8627/2599/2973 8628/2614/2989
f 8629/2614/2989 8630/2599/2973 8631/2600/2974
f 8629/2614/2989 8631/2600/2974 8632/2615/2990
f 8633/2615/2990 8634/2600/2974 8635/2601/2975
f 8633/2615/2990 8635/2601/2975 8636/2616/2991
f 8637/2616/2991 8638/2601/2975 8639/2602/2976
f 8637/2616/2991 8639/2602/2976 8640/2617/2992
f 8644/2618/2993 8645/2619/2994 8641/2620/2995
f 8641/2620/2995 8642/2621/2996 8643/2622/2997
f 8643/2622/2997 8644/2618/2993 8641/2620/2995
f 8649/2623/2998 8650/2622/2999 8646/2621/2996
f 8646/2621/2996 8647/2624/3000 8648/2625/3001
f 8648/2625/3001 8649/2623/2998 8646/2621/2996
f 8651/2626/3002 8652/2627/3003 8653/2624/3000
f 8651/2626/3002 8653/2624/3000 8654/2621/3004
f 8655/2628/3005 8656/2626/3006 8657/2621/2996
f 8655/2628/3005 8657/2621/2996 8658/2620/3007
f 8659/2627/3003 8660/2629/3006 8661/2630/3008
f 8659/2627/3003 8661/2630/3008 8662/2624/3000
f 8667/2631/3009 8663/2625/3001 8664/2624/3000
f 8664/2624/3000 8665/2630/3010 8666/2632/3011
f 8666/2632/3011 8667/2631/3009 8664/2624/3000
f 8671/2633/3012 8672/2634/3013 8668/2632/3011
f 8668/2632/3011 8669/2630/3008 8670/2635/3014
f 8670/2635/3014 8671/2633/3012 8668/2632/3011
f 8676/2636/3015 8677/2637/3016 8673/2633/3012
f 8673/2633/3012 8674/2635/3014 8675/2638/3017
f 8675/2638/3017 8676/2636/3015 8673/2633/3012
f 8678/2629/3018 8679/2639/3002 8680/2635/3014
f 8678/2629/3018 8680/2635/3014 8681/2630/3010
f 8682/2639/3005 8683/2640/3019 8684/2638/3017
f 8682/2639/3005 8684/2638/3017 8685/2635/3020
f 8686/2640/3019 8687/2641/3021 8688/2642/3022
f 8686/2640/3019 8688/2642/3022 8689/2638/3023
f 8690/2642/3024 8691/2643/3025 8692/2636/3015
f 8690/2642/3024 8692/2636/3015 8693/2638/3017
f 8694/2644/3026 8695/2645/3027 8696/2643/3025
f 8694/2644/3026 8696/2643/3025 8697/2642/3022
f 8698/2642/3022 8699/2641/3021 8700/2646/3028
f 8698/2642/3022 8700/2646/3028 8701/2644/3029
f 8702/2644/3026 8703/2647/3030 8704/2648/3031
f 8702/2644/3026 8704/2648/3031 8705/2645/3027
f 8706/2649/3032 8707/2650/3033 8708/2648/3031
f 8706/2649/3032 8708/2648/3031 8709/2647/3030
f 8710/2647/3034 8711/2651/3035 8712/2652/3036
f 8710/2647/3034 8712/2652/3036 8713/2649/3037
f 8714/2646/3038 8715/2651/3035 8716/2647/3034
f 8714/2646/3038 8716/2647/3034 8717/2644/3039
f 8718/2653/3040 8719/2654/3036 8720/2655/3041
f 8718/2653/3040 8720/2655/3041 8721/2656/3042
f 8722/2656/3043 8723/2655/3041 8724/2657/3044
f 8722/2656/3043 8724/2657/3044 8725/2658/3045
f 8726/2658/3045 8727/2657/3044 8728/2659/3021
f 8726/2658/3045 8728/2659/3021 8729/2660/3046
f 8730/2660/3046 8731/2661/3047 8732/2662/3048
f 8730/2660/3046 8732/2662/3048 8733/2658/3045
f 8734/2658/3045 8735/2662/3049 8736/2663/3050
f 8734/2658/3045 8736/2663/3050 8737/2656/3043
f 8738/2663/3050 8739/2662/3048 8740/2664/3051
f 8738/2663/3050 8740/2664/3051 8741/2665/3052
f 8742/2664/3051 8743/2662/3048 8744/2661/3006
f 8745/2666/3053 8746/2653/3040 8747/2656/3043
f 8745/2666/3053 8747/2656/3043 8748/2663/3050
f 8749/2666/3053 8750/2663/3050 8751/2665/3054
f 8749/2666/3053 8751/2665/3054 8752/2667/3055
f 8753/2668/3056 8754/2667/3057 8755/2665/3058
f 8753/2668/3056 8755/2665/3058 8756/2669/3059
f 8757/2669/3059 8758/2665/3060 8759/2664/3051
f 8757/2669/3059 8759/2664/3051 8760/2670/3061
f 8761/2671/3059 8762/2672/3062 8763/2673/3063
f 8761/2671/3059 8763/2673/3063 8764/2674/3064
f 8765/2674/3065 8766/2675/3065 8767/2676/3056
f 8765/2674/3065 8767/2676/3056 8768/2671/3059
f 8769/2672/3061 8770/2677/3002 8771/2673/3063
f 8772/2661/3047 8773/2678/3005 8774/2670/3061
f 8772/2661/3047 8774/2670/3061 8775/2664/3051
f 8776/2677/3005 8777/2679/3002 8778/2680/3066
f 8776/2677/3005 8778/2680/3066 8779/2673/3067
f 8780/2681/3002 8781/2682/3002 8782/2683/3002
f 8780/2681/3002 8782/2683/3002 8783/2684/3002
f 8784/2683/3005 8785/2682/3068 8786/2685/3069
f 8784/2683/3005 8786/2685/3069 8787/2686/3070
f 8788/2687/3071 8789/2680/3066 8790/2679/3005
f 8791/2685/3072 8792/2682/3068 8793/2688/3073
f 8794/2682/3068 8795/2689/3068 8796/2690/3074
f 8794/2682/3068 8796/2690/3074 8797/2688/3073
f 8806/2691/3002 8807/2692/3002 8798/2689/3002
f 8798/2689/3002 8799/2682/3075 8800/2681/3002
f 8800/2681/3002 8801/2693/3046 8802/2694/3076
f 8802/2694/3076 8803/2695/3002 8804/2696/3002
f 8805/2697/3002 8806/2691/3002 8798/2689/3002
f 8798/2689/3002 8800/2681/3002 8802/2694/3076
f 8802/2694/3076 8804/2696/3002 8805/2697/3002
f 8805/2697/3002 8798/2689/3002 8802/2694/3076
f 8808/2689/3068 8809/2698/3002 8810/2699/3077
f 8808/2689/3068 8810/2699/3077 8811/2690/3074
f 8812/2692/3002 8813/2700/3002 8814/2698/3002
f 8812/2692/3002 8814/2698/3002 8815/2689/3002
f 8816/2691/3002 8817/2701/3002 8818/2700/3002
f 8816/2691/3002 8818/2700/3002 8819/2692/3002
f 8820/2702/3002 8821/2628/3006 8822/2620/2995
f 8820/2702/3002 8822/2620/2995 8823/2703/3078
f 8824/2697/3002 8825/2704/3079 8826/2701/3002
f 8824/2697/3002 8826/2701/3002 8827/2691/3002
f 8828/2696/3002 8829/2705/3002 8830/2704/3002
f 8828/2696/3002 8830/2704/3002 8831/2697/3002
f 8832/2695/3002 8833/2706/3002 8834/2705/3002
f 8832/2695/3002 8834/2705/3002 8835/2696/3002
f 8836/2694/3076 8837/2707/3019 8838/2706/3002
f 8836/2694/3076 8838/2706/3002 8839/2695/3002
f 8840/2693/3046 8841/2708/3021 8842/2707/3080
f 8840/2693/3046 8842/2707/3080 8843/2694/3076
f 8844/2702/3006 8845/2703/3078 8846/2709/3081
f 8844/2702/3006 8846/2709/3081 8847/2710/3082
f 8848/2703/3083 8849/2711/3084 8850/2712/3085
f 8848/2703/3083 8850/2712/3085 8851/2709/3086
f 8852/2703/3083 8853/2620/2995 8854/2619/3087
f 8852/2703/3083 8854/2619/3087 8855/2711/3084
f 8856/2713/3088 8857/2709/3086 8858/2712/3085
f 8856/2713/3088 8858/2712/3085 8859/2714/3089
f 8860/2713/3088 8861/2714/3089 8862/2715/3090
f 8860/2713/3088 8862/2715/3090 8863/2716/3091
f 8864/2716/3091 8865/2715/3090 8866/2717/3092
f 8864/2716/3091 8866/2717/3092 8867/2718/3093
f 8868/2718/3094 8869/2717/3092 8870/2719/3095
f 8868/2718/3094 8870/2719/3095 8871/2720/3096
f 8872/2721/3097 8873/2720/3096 8874/2719/3095
f 8872/2721/3097 8874/2719/3095 8875/2722/3098
f 8876/2721/3097 8877/2722/3098 8878/2723/3099
f 8876/2721/3097 8878/2723/3099 8879/2724/3100
f 8880/2725/3101 8881/2724/3100 8882/2723/3099
f 8880/2725/3101 8882/2723/3099 8883/2726/3102
f 8884/2724/3100 8885/2725/3103 8886/2727/3104
f 8884/2724/3100 8886/2727/3104 8887/2728/3105
f 8888/2729/3106 8889/2721/3097 8890/2724/3100
f 8888/2729/3106 8890/2724/3100 8891/2728/3105
f 8892/2730/3107 8893/2731/3108 8894/2732/3105
f 8892/2730/3107 8894/2732/3105 8895/2733/3109
f 8896/2731/3108 8897/2734/3110 8898/2735/3111
f 8896/2731/3108 8898/2735/3111 8899/2732/3105
f 8900/2729/3106 8901/2736/3112 8902/2720/3096
f 8900/2729/3106 8902/2720/3096 8903/2721/3097
f 8904/2737/3113 8905/2738/3112 8906/2735/3111
f 8904/2737/3113 8906/2735/3111 8907/2734/3110
f 8908/2720/3096 8909/2736/3112 8910/2739/3114
f 8908/2720/3096 8910/2739/3114 8911/2718/3094
f 8912/2740/3115 8913/2741/3114 8914/2738/3112
f 8912/2740/3115 8914/2738/3112 8915/2737/3113
f 8916/2742/3116 8917/2740/3115 8918/2737/3113
f 8916/2742/3116 8918/2737/3113 8919/2743/3117
f 8920/2734/3110 8921/2744/3118 8922/2743/3117
f 8920/2734/3110 8922/2743/3117 8923/2737/3113
f 8924/2742/3116 8925/2743/3119 8926/2745/3120
f 8924/2742/3116 8926/2745/3120 8927/2746/3121
f 8928/2743/3117 8929/2744/3122 8930/2747/3123
f 8928/2743/3117 8930/2747/3123 8931/2745/3120
f 8932/2748/3124 8933/2749/3125 8934/2747/3126
f 8932/2748/3124 8934/2747/3126 8935/2744/3122
f 8936/2734/3110 8937/2731/3108 8938/2748/3124
f 8936/2734/3110 8938/2748/3124 8939/2744/3118
f 8940/2750/3127 8941/2748/3124 8942/2731/3108
f 8940/2750/3127 8942/2731/3108 8943/2730/3107
f 8944/2750/3127 8945/2751/3128 8946/2749/3129
f 8944/2750/3127 8946/2749/3129 8947/2748/3124
f 8948/2749/3129 8949/2751/3128 8950/2752/3130
f 8948/2749/3129 8950/2752/3130 8951/2753/3131
f 8952/2753/3132 8953/2754/3133 8954/2747/3134
f 8952/2753/3132 8954/2747/3134 8955/2749/3129
f 8956/2755/3135 8957/2756/3133 8958/2757/3132
f 8956/2755/3135 8958/2757/3132 8959/2758/3136
f 8960/2758/3137 8961/2757/3131 8962/2759/3138
f 8960/2758/3137 8962/2759/3138 8963/2760/3139
f 8964/2755/3135 8965/2761/3066 8966/2762/3140
f 8964/2755/3135 8966/2762/3140 8967/2756/3133
f 8968/2763/3140 8969/2745/3120 8970/2747/3134
f 8968/2763/3140 8970/2747/3134 8971/2754/3133
f 8972/2761/3141 8973/2764/3066 8974/2765/3142
f 8972/2761/3141 8974/2765/3142 8975/2762/3140
f 8976/2745/3120 8977/2763/3140 8978/2766/3142
f 8976/2745/3120 8978/2766/3142 8979/2746/3121
f 8980/2764/3066 8981/2767/3143 8982/2768/3144
f 8980/2764/3066 8982/2768/3144 8983/2765/3142
f 8984/2746/3121 8985/2766/3142 8986/2769/3144
f 8984/2746/3121 8986/2769/3144 8987/2770/3145
f 8988/2771/3146 8989/2742/3116 8990/2746/3121
f 8988/2771/3146 8990/2746/3121 8991/2770/3145
f 8992/2772/3147 8993/2771/3148 8994/2770/3145
f 8992/2772/3147 8994/2770/3145 8995/2773/3149
f 8996/2770/3145 8997/2769/3144 8998/2774/3150
f 8996/2770/3145 8998/2774/3150 8999/2773/3149
f 9000/2775/3151 9001/2772/3147 9002/2773/3149
f 9000/2775/3151 9002/2773/3149 9003/2776/3069
f 9004/2773/3149 9005/2774/3152 9006/2777/3071
f 9004/2773/3149 9006/2777/3071 9007/2776/3069
f 9008/2778/3143 9009/2680/3066 9010/2687/3071
f 9008/2778/3143 9010/2687/3071 9011/2779/3152
f 9012/2767/3143 9013/2778/3143 9014/2779/3153
f 9012/2767/3143 9014/2779/3153 9015/2768/3144
f 9026/2755/3135 9027/2780/3154 9016/2781/3063
f 9016/2781/3063 9017/2782/3063 9018/2675/3065
f 9018/2675/3065 9019/2674/3065 9020/2673/3063
f 9020/2673/3063 9021/2680/3066 9022/2778/3143
f 9022/2778/3143 9023/2767/3143 9024/2764/3066
f 9024/2764/3066 9025/2761/3141 9026/2755/3135
f 9026/2755/3135 9016/2781/3063 9018/2675/3065
f 9018/2675/3065 9020/2673/3063 9022/2778/3143
f 9022/2778/3143 9024/2764/3066 9026/2755/3135
f 9026/2755/3135 9018/2675/3065 9022/2778/3143
f 9028/2772/3147 9029/2783/3155 9030/2784/3156
f 9028/2772/3147 9030/2784/3156 9031/2771/3146
f 9032/2783/3155 9033/2772/3147 9034/2775/3157
f 9032/2783/3155 9034/2775/3157 9035/2785/3158
f 9036/2783/3155 9037/2786/3159 9038/2787/3160
f 9036/2783/3155 9038/2787/3160 9039/2784/3156
f 9040/2786/3159 9041/2783/3155 9042/2785/3161
f 9040/2786/3159 9042/2785/3161 9043/2788/3082
f 9044/2716/3162 9045/2789/3160 9046/2790/3163
f 9044/2716/3162 9046/2790/3163 9047/2713/3088
f 9048/2790/3163 9049/2710/3077 9050/2709/3164
f 9048/2790/3163 9050/2709/3164 9051/2713/3165
f 9052/2784/3166 9053/2787/3160 9054/2741/3114
f 9052/2784/3166 9054/2741/3114 9055/2740/3167
f 9056/2718/3094 9057/2739/3114 9058/2789/3160
f 9056/2718/3094 9058/2789/3160 9059/2716/3162
f 9060/2771/3168 9061/2784/3166 9062/2740/3115
f 9060/2771/3168 9062/2740/3115 9063/2742/3116
f 9074/2791/3169 9075/2792/3170 9064/2793/3171
f 9064/2793/3171 9065/2780/3154 9066/2755/3135
f 9066/2755/3135 9067/2758/3137 9068/2760/3139
f 9068/2760/3139 9069/2794/3137 9070/2795/3172
f 9070/2795/3172 9071/2796/3136 9072/2797/3173
f 9072/2797/3173 9073/2798/3169 9074/2791/3169
f 9074/2791/3169 9064/2793/3171 9066/2755/3135
f 9066/2755/3135 9068/2760/3139 9070/2795/3172
f 9070/2795/3172 9072/2797/3173 9074/2791/3169
f 9074/2791/3169 9066/2755/3135 9070/2795/3172
f 9076/2799/3174 9077/2780/3154 9078/2793/3171
f 9076/2799/3174 9078/2793/3171 9079/2800/3175
f 9080/2799/3174 9081/2801/3176 9082/2781/3063
f 9080/2799/3174 9082/2781/3063 9083/2780/3177
f 9084/2792/3170 9085/2802/3178 9086/2800/3179
f 9084/2792/3170 9086/2800/3179 9087/2793/3171
f 9088/2803/3179 9089/2804/3178 9090/2805/3180
f 9088/2803/3179 9090/2805/3180 9091/2806/3181
f 9092/2806/3181 9093/2807/3182 9094/2808/3174
f 9092/2806/3181 9094/2808/3174 9095/2803/3179
f 9096/2809/3183 9097/2807/3184 9098/2806/3181
f 9096/2809/3183 9098/2806/3181 9099/2810/3185
f 9100/2810/3186 9101/2806/3187 9102/2805/3180
f 9100/2810/3186 9102/2805/3180 9103/2811/3188
f 9104/2809/3183 9105/2812/3189 9106/2813/3190
f 9104/2809/3183 9106/2813/3190 9107/2807/3184
f 9108/2813/3190 9109/2814/3176 9110/2808/3174
f 9108/2813/3190 9110/2808/3174 9111/2807/3191
f 9112/2812/3192 9113/2815/3193 9114/2816/3194
f 9112/2812/3192 9114/2816/3194 9115/2813/3195
f 9116/2814/3176 9117/2813/3190 9118/2816/3194
f 9116/2814/3176 9118/2816/3194 9119/2817/3196
f 9120/2782/3063 9121/2781/3063 9122/2801/3176
f 9120/2782/3063 9122/2801/3176 9123/2818/3196
f 9124/2675/3063 9125/2782/3063 9126/2818/3196
f 9124/2675/3063 9126/2818/3196 9127/2676/3056
f 9128/2817/3196 9129/2816/3194 9130/2667/3197
f 9128/2817/3196 9130/2667/3197 9131/2668/3056
f 9132/2815/3193 9133/2666/3053 9134/2667/3057
f 9132/2815/3193 9134/2667/3057 9135/2816/3198
f 9136/2812/3192 9137/2819/3199 9138/2820/3200
f 9136/2812/3192 9138/2820/3200 9139/2815/3193
f 9140/2815/3193 9141/2820/3200 9142/2653/3040
f 9140/2815/3193 9142/2653/3040 9143/2666/3053
f 9144/2819/3199 9145/2821/3201 9146/2822/3202
f 9144/2819/3199 9146/2822/3202 9147/2820/3200
f 9148/2820/3200 9149/2822/3202 9150/2654/3036
f 9148/2820/3200 9150/2654/3036 9151/2653/3040
f 9152/2649/3032 9153/2652/3203 9154/2823/3202
f 9152/2649/3032 9154/2823/3202 9155/2824/3204
f 9156/2824/3205 9157/2823/3202 9158/2825/3206
f 9156/2824/3205 9158/2825/3206 9159/2826/3207
f 9160/2825/3206 9161/2827/3208 9162/2828/3209
f 9160/2825/3206 9162/2828/3209 9163/2826/3210
f 9164/2829/3183 9165/2821/3201 9166/2819/3199
f 9164/2829/3183 9166/2819/3199 9167/2830/3183
f 9168/2831/3211 9169/2832/3212 9170/2828/3209
f 9168/2831/3211 9170/2828/3209 9171/2827/3183
f 9172/2829/3183 9173/2830/3213 9174/2833/3214
f 9172/2829/3183 9174/2833/3214 9175/2834/3215
f 9176/2833/3214 9177/2835/3216 9178/2836/3217
f 9176/2833/3214 9178/2836/3217 9179/2834/3215
f 9180/2837/3218 9181/2832/3219 9182/2831/3220
f 9180/2837/3218 9182/2831/3220 9183/2838/3217
f 9184/2810/3186 9185/2811/3188 9186/2835/3216
f 9184/2810/3186 9186/2835/3216 9187/2833/3214
f 9188/2833/3214 9189/2830/3183 9190/2809/3221
f 9188/2833/3214 9190/2809/3221 9191/2810/3186
f 9192/2811/3188 9193/2839/3222 9194/2840/3223
f 9192/2811/3188 9194/2840/3223 9195/2835/3216
f 9196/2835/3216 9197/2840/3223 9198/2841/3224
f 9196/2835/3216 9198/2841/3224 9199/2836/3217
f 9200/2811/3188 9201/2805/3225 9202/2842/3226
f 9200/2811/3188 9202/2842/3226 9203/2839/3222
f 9204/2839/3222 9205/2842/3227 9206/2843/3228
f 9204/2839/3222 9206/2843/3228 9207/2844/3229
f 9208/2839/3222 9209/2844/3229 9210/2845/3230
f 9208/2839/3222 9210/2845/3230 9211/2840/3223
f 9212/2844/3229 9213/2843/3228 9214/2846/3231
f 9212/2844/3229 9214/2846/3231 9215/2847/3232
f 9216/2848/3233 9217/2845/3230 9218/2844/3229
f 9216/2848/3233 9218/2844/3229 9219/2847/3234
f 9220/2840/3223 9221/2845/3230 9222/2849/3235
f 9220/2840/3223 9222/2849/3235 9223/2841/3224
f 9224/2845/3230 9225/2848/3233 9226/2850/3236
f 9224/2845/3230 9226/2850/3236 9227/2849/3235
f 9228/2848/3237 9229/2851/3238 9230/2852/3239
f 9228/2848/3237 9230/2852/3239 9231/2850/3240
f 9232/2851/3238 9233/2848/3237 9234/2847/3241
f 9232/2851/3238 9234/2847/3241 9235/2853/3242
f 9236/2854/3243 9237/2855/3244 9238/2856/3240
f 9236/2854/3243 9238/2856/3240 9239/2857/3245
f 9240/2856/3240 9241/2855/3244 9242/2858/3246
f 9240/2856/3240 9242/2858/3246 9243/2859/3235
f 9244/2855/3244 9245/2854/3243 9246/2860/3247
f 9244/2855/3244 9246/2860/3247 9247/2861/3248
f 9248/2855/3244 9249/2861/3248 9250/2862/3249
f 9248/2855/3244 9250/2862/3249 9251/2858/3250
f 9252/2863/3251 9253/2858/3250 9254/2862/3249
f 9252/2863/3251 9254/2862/3249 9255/2864/3252
f 9256/2858/3246 9257/2863/3251 9258/2865/3224
f 9256/2858/3246 9258/2865/3224 9259/2859/3235
f 9260/2837/3253 9261/2863/3251 9262/2864/3252
f 9260/2837/3253 9262/2864/3252 9263/2866/3254
f 9264/2832/3255 9265/2837/3253 9266/2866/3254
f 9264/2832/3255 9266/2866/3254 9267/2867/3256
f 9268/2863/3251 9269/2837/3218 9270/2838/3257
f 9268/2863/3251 9270/2838/3257 9271/2865/3258
f 9272/2867/3259 9273/2868/3260 9274/2828/3261
f 9272/2867/3259 9274/2828/3261 9275/2832/3212
f 9276/2869/3262 9277/2826/3207 9278/2828/3209
f 9276/2869/3262 9278/2828/3209 9279/2868/3263
f 9280/2826/3207 9281/2869/3262 9282/2870/3264
f 9280/2826/3207 9282/2870/3264 9283/2824/3204
f 9284/2824/3204 9285/2870/3264 9286/2650/3033
f 9284/2824/3204 9286/2650/3033 9287/2649/3037
f 9288/2854/3243 9289/2871/3265 9290/2872/3266
f 9288/2854/3243 9290/2872/3266 9291/2860/3247
f 9295/2871/3265 9296/2873/3267 9292/2874/3268
f 9292/2874/3268 9293/2875/3269 9294/2872/3266
f 9294/2872/3266 9295/2871/3265 9292/2874/3268
f 9297/2876/3270 9298/2871/3271 9299/2854/3272
f 9297/2876/3270 9299/2854/3272 9300/2857/3273
f 9301/2877/3274 9302/2873/3267 9303/2871/3265
f 9301/2877/3274 9303/2871/3265 9304/2876/3270
f 9305/2878/3274 9306/2879/3275 9307/2873/3267
f 9305/2878/3274 9307/2873/3267 9308/2877/3242
f 9312/2873/3267 9313/2879/3275 9309/2880/3275
f 9309/2880/3275 9310/2881/3276 9311/2874/3268
f 9311/2874/3268 9312/2873/3267 9309/2880/3275
f 9317/2879/3275 9318/2882/3277 9314/2883/3278
f 9315/2884/3279 9316/2880/3275 9317/2879/3275
f 9317/2879/3275 9314/2883/3278 9315/2884/3279
f 9322/2883/3278 9323/2882/3277 9319/2885/3280
f 9319/2885/3280 9320/2886/3281 9321/2887/3282
f 9321/2887/3282 9322/2883/3278 9319/2885/3280
f 9324/2888/3283 9325/2885/3284 9326/2882/3277
f 9324/2888/3283 9326/2882/3277 9327/2889/3283
f 9328/2889/3283 9329/2882/3277 9330/2879/3275
f 9328/2889/3283 9330/2879/3275 9331/2878/3274
f 9332/2890/3285 9333/2891/3286 9334/2885/3280
f 9332/2890/3285 9334/2885/3280 9335/2888/3287
f 9339/2886/3288 9340/2885/3280 9336/2891/3286
f 9336/2891/3286 9337/2892/3289 9338/2893/3290
f 9338/2893/3290 9339/2886/3288 9336/2891/3286
f 9341/2894/3291 9342/2895/3292 9343/2892/3289
f 9341/2894/3291 9343/2892/3289 9344/2891/3286
f 9345/2894/3291 9346/2896/3293 9347/2897/3294
f 9345/2894/3291 9347/2897/3294 9348/2895/3292
f 9349/2898/3295 9350/2899/3296 9351/2897/3294
f 9349/2898/3295 9351/2897/3294 9352/2896/3293
f 9353/2898/3295 9354/2900/3297 9355/2901/3298
f 9353/2898/3295 9355/2901/3298 9356/2899/3296
f 9357/2900/3297 9358/2725/3101 9359/2726/3102
f 9357/2900/3297 9359/2726/3102 9360/2901/3298
f 9361/2725/3103 9362/2900/3299 9363/2902/3300
f 9361/2725/3103 9363/2902/3300 9364/2727/3104
f 9365/2900/3297 9366/2898/3301 9367/2903/3302
f 9365/2900/3297 9367/2903/3302 9368/2902/3300
f 9369/2904/3303 9370/2730/3107 9371/2733/3104
f 9369/2904/3303 9371/2733/3104 9372/2905/3300
f 9373/2906/3304 9374/2904/3303 9375/2905/3300
f 9373/2906/3304 9375/2905/3300 9376/2907/3305
f 9377/2908/3306 9378/2909/3307 9379/2904/3303
f 9377/2908/3306 9379/2904/3303 9380/2906/3304
f 9381/2909/3307 9382/2750/3127 9383/2730/3107
f 9381/2909/3307 9383/2730/3107 9384/2904/3303
f 9385/2908/3306 9386/2910/3308 9387/2911/3309
f 9385/2908/3306 9387/2911/3309 9388/2909/3310
f 9389/2909/3307 9390/2911/3309 9391/2751/3128
f 9389/2909/3307 9391/2751/3128 9392/2750/3311
f 9393/2912/3312 9394/2913/3313 9395/2910/3308
f 9393/2912/3312 9395/2910/3308 9396/2908/3306
f 9397/2906/3304 9398/2914/3314 9399/2912/3312
f 9397/2906/3304 9399/2912/3312 9400/2908/3306
f 9401/2915/3315 9402/2916/3312 9403/2917/3285
f 9404/2917/3285 9405/2916/3312 9406/2918/3316
f 9404/2917/3285 9406/2918/3316 9407/2919/3283
f 9408/2919/3283 9409/2918/3317 9410/2920/3318
f 9408/2919/3283 9410/2920/3318 9411/2921/3242
f 9412/2907/3305 9413/2922/3318 9414/2914/3317
f 9412/2907/3305 9414/2914/3317 9415/2906/3304
f 9416/2923/3242 9417/2924/3318 9418/2896/3319
f 9416/2923/3242 9418/2896/3319 9419/2894/3320
f 9420/2903/3305 9421/2898/3321 9422/2896/3319
f 9420/2903/3305 9422/2896/3319 9423/2924/3318
f 9424/2923/3322 9425/2894/3291 9426/2891/3286
f 9424/2923/3322 9426/2891/3286 9427/2890/3242
f 9428/2925/3283 9429/2919/3283 9430/2921/3283
f 9428/2925/3283 9430/2921/3283 9431/2926/3283
f 9432/2927/3283 9433/2925/3283 9434/2926/3283
f 9432/2927/3283 9434/2926/3283 9435/2928/3283
f 9444/2929/3283 9445/2917/3283 9436/2919/3283
f 9436/2919/3283 9437/2925/3283 9438/2927/3283
f 9439/2930/3283 9440/2931/3283 9441/2932/3283
f 9441/2932/3283 9442/2933/3323 9443/2934/3238
f 9443/2934/3238 9444/2929/3283 9436/2919/3283
f 9436/2919/3283 9438/2927/3283 9439/2930/3283
f 9439/2930/3283 9441/2932/3283 9443/2934/3238
f 9443/2934/3238 9436/2919/3283 9439/2930/3283
f 9446/2930/3283 9447/2927/3283 9448/2928/3283
f 9446/2930/3283 9448/2928/3283 9449/2935/3283
f 9450/2931/3283 9451/2930/3283 9452/2935/3283
f 9450/2931/3283 9452/2935/3283 9453/2936/3283
f 9454/2932/3283 9455/2931/3283 9456/2936/3283
f 9454/2932/3283 9456/2936/3283 9457/2937/3283
f 9458/2933/3324 9459/2932/3283 9460/2937/3283
f 9458/2933/3324 9460/2937/3283 9461/2938/3270
f 9462/2934/3238 9463/2933/3325 9464/2938/3326
f 9462/2934/3238 9464/2938/3326 9465/2939/3239
f 9466/2940/3322 9467/2941/3327 9468/2915/3313
f 9466/2940/3322 9468/2915/3313 9469/2917/3285
f 9470/2929/3283 9471/2942/3283 9472/2940/3283
f 9470/2929/3283 9472/2940/3283 9473/2917/3283
f 9474/2853/3242 9475/2846/3328 9476/2943/3329
f 9474/2853/3242 9476/2943/3329 9477/2944/3330
f 9478/2846/3328 9479/2853/3242 9480/2847/3232
f 9481/2945/3331 9482/2797/3173 9483/2946/3330
f 9484/2946/3332 9485/2797/3333 9486/2796/3136
f 9484/2946/3332 9486/2796/3136 9487/2947/3242
f 9488/2948/3334 9489/2798/3169 9490/2797/3173
f 9488/2948/3334 9490/2797/3173 9491/2945/3329
f 9492/2798/3169 9493/2948/3334 9494/2949/3335
f 9492/2798/3169 9494/2949/3335 9495/2791/3173
f 9496/2791/3169 9497/2949/3335 9498/2802/3178
f 9496/2791/3169 9498/2802/3178 9499/2792/3170
f 9500/2804/3336 9501/2950/3335 9502/2842/3337
f 9500/2804/3336 9502/2842/3337 9503/2805/3180
f 9504/2950/3335 9505/2951/3334 9506/2843/3228
f 9504/2950/3335 9506/2843/3228 9507/2842/3226
f 9508/2951/3334 9509/2943/3329 9510/2846/3328
f 9508/2951/3334 9510/2846/3328 9511/2843/3228
f 9512/2795/3172 9513/2952/3338 9514/2953/3327
f 9512/2795/3172 9514/2953/3327 9515/2796/3136
f 9516/2953/3327 9517/2947/3322 9518/2796/3339
f 9519/2794/3137 9520/2954/3340 9521/2952/3338
f 9519/2794/3137 9521/2952/3338 9522/2795/3172
f 9523/2911/3341 9524/2910/3342 9525/2955/3338
f 9523/2911/3341 9525/2955/3338 9526/2956/3340
f 9527/2910/3308 9528/2913/3313 9529/2957/3343
f 9527/2910/3308 9529/2957/3343 9530/2955/3338
f 9531/2760/3139 9532/2759/3130 9533/2954/3344
f 9531/2760/3139 9533/2954/3344 9534/2794/3137
f 9535/2751/3128 9536/2911/3309 9537/2956/3340
f 9535/2751/3128 9537/2956/3340 9538/2752/3130
f 9539/2819/3199 9540/2812/3192 9541/2809/3345
f 9539/2819/3199 9541/2809/3345 9542/2830/3346
f 9543/2958/421 9544/2959/318 9545/2960/3347
f 9543/2958/421 9545/2960/3347 9546/2961/322
f 9547/2962/318 9548/2961/318 9549/2960/318
f 9547/2962/318 9549/2960/318 9550/2963/318
f 9551/2964/1259 9552/2963/1259 9553/2960/1259
f 9551/2964/1259 9553/2960/1259 9554/2965/407
f 9555/2966/318 9556/2965/318 9557/2960/421
f 9555/2966/318 9557/2960/421 9558/2967/3347
f 9559/2968/318 9560/2967/318 9561/2960/318
f 9559/2968/318 9561/2960/318 9562/2969/318
f 9563/2970/421 9564/2969/3348 9565/2960/319
f 9563/2970/421 9565/2960/319 9566/2971/320
f 9567/2972/2406 9568/2971/2318 9569/2960/2406
f 9567/2972/2406 9569/2960/2406 9570/2959/2406
f 9571/2973/320 9572/2974/417 9573/2975/2318
f 9571/2973/320 9573/2975/2318 9574/2976/318
f 9575/2977/318 9576/2978/318 9577/2975/318
f 9575/2977/318 9577/2975/318 9578/2974/318
f 9579/2979/1267 9580/2980/407 9581/2975/1267
f 9579/2979/1267 9581/2975/1267 9582/2978/1267
f 9583/2981/318 9584/2982/2318 9585/2975/320
f 9583/2981/318 9585/2975/320 9586/2980/318
f 9587/2968/318 9588/2969/318 9589/2975/318
f 9587/2968/318 9589/2975/318 9590/2982/318
f 9591/2970/320 9592/2983/421 9593/2975/512
f 9591/2970/320 9593/2975/512 9594/2969/3348
f 9595/2984/1398 9596/2976/1398 9597/2975/1398
f 9595/2984/1398 9597/2975/1398 9598/2983/3347
