# Blender 5.2.0 LTS
# www.blender.org
mtllib joystick_bottom_L.mtl
o joystick_bottom_L
v 0.097007 0.587812 0.094793
v 0.107944 0.590389 0.072591
v 0.097141 0.614061 0.064592
v 0.086890 0.611741 0.083809
v -0.118912 0.604533 -0.035892
v -0.126350 0.601990 -0.008939
v -0.106722 0.621873 -0.003175
v -0.101322 0.624172 -0.025223
v -0.126350 0.601990 -0.008939
v -0.129122 0.598864 0.020298
v -0.108386 0.619271 0.020401
v -0.106722 0.621873 -0.003175
v -0.000356 0.610763 -0.110094
v -0.023821 0.610554 -0.108721
v -0.021524 0.630836 -0.096901
v 0.000270 0.631129 -0.099238
v -0.138286 0.491355 0.058881
v -0.123145 0.488144 0.083022
v -0.179825 0.501089 0.125161
v -0.205737 0.507841 0.091447
v -0.123145 0.488144 0.083022
v -0.103771 0.485451 0.102889
v -0.148389 0.495701 0.150511
v -0.179825 0.501089 0.125161
v -0.054697 0.503619 -0.118857
v -0.080194 0.503839 -0.109308
v -0.117455 0.527378 -0.145384
v -0.079653 0.525717 -0.153838
v -0.080194 0.503839 -0.109308
v -0.103262 0.503683 -0.094965
v -0.152677 0.528482 -0.129631
v -0.117455 0.527378 -0.145384
v -0.073706 0.589040 -0.148689
v -0.110565 0.589838 -0.142703
v -0.086920 0.596906 -0.117022
v -0.058116 0.597080 -0.124369
v -0.058116 0.597080 -0.124369
v -0.086920 0.596906 -0.117022
v -0.069968 0.609411 -0.094194
v -0.047337 0.610169 -0.103614
v -0.086920 0.596906 -0.117022
v -0.113491 0.596307 -0.103032
v -0.090246 0.608227 -0.079757
v -0.069968 0.609411 -0.094194
v -0.110565 0.589838 -0.142703
v -0.145106 0.590169 -0.128471
v -0.113491 0.596307 -0.103032
v -0.086920 0.596906 -0.117022
v -0.194366 0.566774 0.103755
v -0.170351 0.559710 0.138214
v -0.134933 0.571190 0.121426
v -0.152391 0.576377 0.091593
v -0.152391 0.576377 0.091593
v -0.134933 0.571190 0.121426
v -0.107258 0.587417 0.106010
v -0.120043 0.591149 0.080498
v -0.134933 0.571190 0.121426
v -0.112168 0.567050 0.142724
v -0.090081 0.584439 0.124741
v -0.107258 0.587417 0.106010
v -0.170351 0.559710 0.138214
v -0.140230 0.554073 0.162614
v -0.112168 0.567050 0.142724
v -0.134933 0.571190 0.121426
v -0.039530 0.464654 -0.095421
v -0.057667 0.464439 -0.086004
v -0.062826 0.482860 -0.091942
v -0.043025 0.483139 -0.101680
v -0.043025 0.483139 -0.101680
v -0.062826 0.482860 -0.091942
v -0.080194 0.503839 -0.109308
v -0.054697 0.503619 -0.118857
v -0.062826 0.482860 -0.091942
v -0.080332 0.482337 -0.078555
v -0.103262 0.503683 -0.094965
v -0.080194 0.503839 -0.109308
v -0.057667 0.464439 -0.086004
v -0.073614 0.464072 -0.073254
v -0.080332 0.482337 -0.078555
v -0.062826 0.482860 -0.091942
v -0.097443 0.459780 0.039963
v -0.088024 0.458978 0.058078
v -0.096427 0.473629 0.063615
v -0.106867 0.475083 0.044020
v -0.106867 0.475083 0.044020
v -0.096427 0.473629 0.063615
v -0.123145 0.488144 0.083022
v -0.138286 0.491355 0.058881
v -0.096427 0.473629 0.063615
v -0.082400 0.472321 0.080686
v -0.103771 0.485451 0.102889
v -0.123145 0.488144 0.083022
v -0.088024 0.458978 0.058078
v -0.075268 0.458233 0.074004
v -0.082400 0.472321 0.080686
v -0.096427 0.473629 0.063615
v -0.041290 0.457029 0.096901
v -0.021057 0.456614 0.103051
v -0.023225 0.469736 0.111192
v -0.045350 0.470367 0.104790
v -0.045350 0.470367 0.104790
v -0.023225 0.469736 0.111192
v -0.028833 0.481455 0.133398
v -0.056237 0.482278 0.127624
v -0.023225 0.469736 0.111192
v -0.000731 0.469351 0.113490
v -0.001597 0.481020 0.134853
v -0.028833 0.481455 0.133398
v -0.021057 0.456614 0.103051
v -0.000312 0.456346 0.105297
v -0.000731 0.469351 0.113490
v -0.023225 0.469736 0.111192
v -0.071510 0.548975 0.179567
v -0.035928 0.548132 0.180630
v -0.029154 0.562791 0.158665
v -0.058006 0.563306 0.157584
v -0.058006 0.563306 0.157584
v -0.029154 0.562791 0.158665
v -0.024103 0.581375 0.141292
v -0.047715 0.581669 0.139557
v -0.029154 0.562791 0.158665
v -0.001038 0.562720 0.157341
v -0.000409 0.581494 0.140644
v -0.024103 0.581375 0.141292
v -0.035928 0.548132 0.180630
v -0.002015 0.547828 0.178737
v -0.001038 0.562720 0.157341
v -0.029154 0.562791 0.158665
v -0.056237 0.482278 0.127624
v -0.028833 0.481455 0.133398
v -0.040014 0.489685 0.178479
v -0.078212 0.490622 0.174816
v -0.028833 0.481455 0.133398
v -0.001597 0.481020 0.134853
v -0.003177 0.489340 0.177604
v -0.040014 0.489685 0.178479
v -0.023821 0.610554 -0.108721
v -0.047337 0.610169 -0.103614
v -0.042610 0.630260 -0.089932
v -0.021524 0.630836 -0.096901
v -0.047715 0.581669 0.139557
v -0.024103 0.581375 0.141292
v -0.020399 0.605489 0.128055
v -0.040358 0.605901 0.124505
v -0.096549 0.462939 -0.039699
v -0.102714 0.462219 -0.020231
v -0.112695 0.479417 -0.021540
v -0.105790 0.480598 -0.042653
v -0.105790 0.480598 -0.042653
v -0.112695 0.479417 -0.021540
v -0.147944 0.500227 -0.025621
v -0.138339 0.501989 -0.052417
v -0.112695 0.479417 -0.021540
v -0.115240 0.478068 0.000551
v -0.151233 0.497781 0.002994
v -0.147944 0.500227 -0.025621
v -0.102714 0.462219 -0.020231
v -0.104971 0.461433 0.000046
v -0.115240 0.478068 0.000551
v -0.112695 0.479417 -0.021540
v -0.197619 0.588210 -0.068062
v -0.211342 0.585239 -0.026622
v -0.162705 0.590501 -0.017326
v -0.152537 0.593244 -0.051156
v -0.152537 0.593244 -0.051156
v -0.162705 0.590501 -0.017326
v -0.126350 0.601990 -0.008939
v -0.118912 0.604533 -0.035892
v -0.162705 0.590501 -0.017326
v -0.166142 0.586704 0.019174
v -0.129122 0.598864 0.020298
v -0.126350 0.601990 -0.008939
v -0.211342 0.585239 -0.026622
v -0.215423 0.580546 0.018040
v -0.166142 0.586704 0.019174
v -0.162705 0.590501 -0.017326
v -0.138339 0.501989 -0.052417
v -0.147944 0.500227 -0.025621
v -0.224634 0.525490 -0.034333
v -0.209081 0.527987 -0.073444
v -0.147944 0.500227 -0.025621
v -0.151233 0.497781 0.002994
v -0.229429 0.521112 0.008557
v -0.224634 0.525490 -0.034333
v -0.024103 0.581375 0.141292
v -0.000409 0.581494 0.140644
v 0.000042 0.605517 0.128605
v -0.020399 0.605489 0.128055
v 0.107944 0.590389 0.072591
v 0.114556 0.593413 0.046759
v 0.103751 0.616640 0.042733
v 0.097141 0.614061 0.064592
v 0.114556 0.593413 0.046759
v 0.116955 0.596763 0.018897
v 0.106572 0.619385 0.019471
v 0.103751 0.616640 0.042733
v 0.108975 0.603643 -0.036180
v 0.097840 0.606607 -0.060108
v 0.091267 0.627213 -0.047082
v 0.100433 0.624849 -0.026400
v 0.115423 0.485432 0.056367
v 0.144342 0.495792 0.076384
v 0.129281 0.493713 0.104065
v 0.103294 0.483923 0.078347
v 0.103294 0.483923 0.078347
v 0.129281 0.493713 0.104065
v 0.109297 0.492097 0.127513
v 0.087181 0.482715 0.097296
v 0.047072 0.500260 -0.114310
v 0.054978 0.517895 -0.142614
v 0.081501 0.515777 -0.129939
v 0.068702 0.498883 -0.102978
v 0.068702 0.498883 -0.102978
v 0.081501 0.515777 -0.129939
v 0.106144 0.513362 -0.112310
v 0.088053 0.497262 -0.087656
v 0.050530 0.585164 -0.139441
v 0.046363 0.596282 -0.120078
v 0.069113 0.595367 -0.110861
v 0.076401 0.583658 -0.129019
v 0.076401 0.583658 -0.129019
v 0.069113 0.595367 -0.110861
v 0.090252 0.593596 -0.096158
v 0.100987 0.581332 -0.112725
v 0.069113 0.595367 -0.110861
v 0.064392 0.610254 -0.093583
v 0.082632 0.608877 -0.079588
v 0.090252 0.593596 -0.096158
v 0.046363 0.596282 -0.120078
v 0.044043 0.610866 -0.102779
v 0.064392 0.610254 -0.093583
v 0.069113 0.595367 -0.110861
v 0.137814 0.555857 0.088277
v 0.121206 0.571154 0.080616
v 0.109179 0.568437 0.106564
v 0.124109 0.553062 0.117876
v 0.124109 0.553062 0.117876
v 0.109179 0.568437 0.106564
v 0.092617 0.566330 0.126486
v 0.105324 0.551007 0.140883
v 0.109179 0.568437 0.106564
v 0.097007 0.587812 0.094793
v 0.082152 0.585672 0.112139
v 0.092617 0.566330 0.126486
v 0.121206 0.571154 0.080616
v 0.107944 0.590389 0.072591
v 0.097007 0.587812 0.094793
v 0.109179 0.568437 0.106564
v 0.040214 0.463922 -0.094561
v 0.042591 0.481839 -0.100083
v 0.061650 0.480963 -0.089657
v 0.058137 0.463375 -0.084755
v 0.058137 0.463375 -0.084755
v 0.061650 0.480963 -0.089657
v 0.078340 0.479907 -0.075739
v 0.073795 0.462718 -0.071665
v 0.061650 0.480963 -0.089657
v 0.068702 0.498883 -0.102978
v 0.088053 0.497262 -0.087656
v 0.078340 0.479907 -0.075739
v 0.042591 0.481839 -0.100083
v 0.047072 0.500260 -0.114310
v 0.068702 0.498883 -0.102978
v 0.061650 0.480963 -0.089657
v 0.095076 0.458011 0.042039
v 0.100831 0.472218 0.046189
v 0.090277 0.471189 0.065266
v 0.085252 0.457386 0.059947
v 0.085252 0.457386 0.059947
v 0.090277 0.471189 0.065266
v 0.076227 0.470351 0.081889
v 0.072141 0.456878 0.075594
v 0.090277 0.471189 0.065266
v 0.103294 0.483923 0.078347
v 0.087181 0.482715 0.097296
v 0.076227 0.470351 0.081889
v 0.100831 0.472218 0.046189
v 0.115423 0.485432 0.056367
v 0.103294 0.483923 0.078347
v 0.090277 0.471189 0.065266
v 0.038454 0.456296 0.097761
v 0.040338 0.469355 0.105412
v 0.020431 0.469225 0.111517
v 0.019583 0.456240 0.103490
v 0.019583 0.456240 0.103490
v 0.020431 0.469225 0.111517
v -0.000731 0.469351 0.113490
v -0.000312 0.456346 0.105297
v 0.020431 0.469225 0.111517
v 0.023233 0.480953 0.131807
v -0.001597 0.481020 0.134853
v -0.000731 0.469351 0.113490
v 0.040338 0.469355 0.105412
v 0.046103 0.481226 0.124372
v 0.023233 0.480953 0.131807
v 0.020431 0.469225 0.111517
v 0.056527 0.548424 0.165989
v 0.049486 0.563557 0.147381
v 0.025112 0.562941 0.153409
v 0.028621 0.547907 0.173620
v 0.028621 0.547907 0.173620
v 0.025112 0.562941 0.153409
v -0.001038 0.562720 0.157341
v -0.002015 0.547828 0.178737
v 0.025112 0.562941 0.153409
v 0.022228 0.581896 0.137440
v -0.000409 0.581494 0.140644
v -0.001038 0.562720 0.157341
v 0.049486 0.563557 0.147381
v 0.043722 0.582676 0.131916
v 0.022228 0.581896 0.137440
v 0.025112 0.562941 0.153409
v 0.046103 0.481226 0.124372
v 0.058201 0.490012 0.161668
v 0.029231 0.489479 0.171986
v 0.023233 0.480953 0.131807
v 0.023233 0.480953 0.131807
v 0.029231 0.489479 0.171986
v -0.003177 0.489340 0.177604
v -0.001597 0.481020 0.134853
v 0.095970 0.461170 -0.037623
v 0.102019 0.477405 -0.039389
v 0.108109 0.476049 -0.018299
v 0.101697 0.460341 -0.018027
v 0.101697 0.460341 -0.018027
v 0.108109 0.476049 -0.018299
v 0.109979 0.474696 0.003594
v 0.103498 0.459517 0.002294
v 0.108109 0.476049 -0.018299
v 0.123594 0.491332 -0.020798
v 0.125904 0.489218 0.005821
v 0.109979 0.474696 0.003594
v 0.102019 0.477405 -0.039389
v 0.116255 0.493443 -0.046172
v 0.123594 0.491332 -0.020798
v 0.108109 0.476049 -0.018299
v 0.137493 0.573726 -0.058762
v 0.121313 0.587078 -0.047431
v 0.128549 0.582881 -0.015677
v 0.146043 0.568921 -0.022152
v 0.146043 0.568921 -0.022152
v 0.128549 0.582881 -0.015677
v 0.130566 0.578585 0.017867
v 0.148474 0.564041 0.016778
v 0.128549 0.582881 -0.015677
v 0.115244 0.600264 -0.009303
v 0.116955 0.596763 0.018897
v 0.130566 0.578585 0.017867
v 0.121313 0.587078 -0.047431
v 0.108975 0.603643 -0.036180
v 0.115244 0.600264 -0.009303
v 0.128549 0.582881 -0.015677
v 0.116255 0.493443 -0.046172
v 0.143765 0.507738 -0.061134
v 0.153794 0.504551 -0.026916
v 0.123594 0.491332 -0.020798
v 0.123594 0.491332 -0.020798
v 0.153794 0.504551 -0.026916
v 0.157150 0.501346 0.009586
v 0.125904 0.489218 0.005821
v 0.097840 0.606607 -0.060108
v 0.082632 0.608877 -0.079588
v 0.078281 0.629094 -0.065053
v 0.091267 0.627213 -0.047082
v -0.047337 0.610169 -0.103614
v -0.069968 0.609411 -0.094194
v -0.062183 0.629278 -0.078560
v -0.042610 0.630260 -0.089932
v 0.168110 0.557805 -0.028085
v 0.146043 0.568921 -0.022152
v 0.148474 0.564041 0.016778
v 0.171528 0.552849 0.016020
v 0.157321 0.562697 -0.069244
v 0.137493 0.573726 -0.058762
v 0.146043 0.568921 -0.022152
v 0.168110 0.557805 -0.028085
v 0.032714 0.536358 0.197764
v 0.028621 0.547907 0.173620
v -0.002015 0.547828 0.178737
v -0.003465 0.536177 0.204688
v 0.064913 0.536995 0.187259
v 0.056527 0.548424 0.165989
v 0.028621 0.547907 0.173620
v 0.032714 0.536358 0.197764
v 0.142519 0.541720 0.128135
v 0.124109 0.553062 0.117876
v 0.105324 0.551007 0.140883
v 0.120850 0.539641 0.154214
v 0.158589 0.544554 0.095661
v 0.137814 0.555857 0.088277
v 0.124109 0.553062 0.117876
v 0.142519 0.541720 0.128135
v 0.086310 0.573574 -0.146245
v 0.076401 0.583658 -0.129019
v 0.100987 0.581332 -0.112725
v 0.114369 0.570700 -0.127993
v 0.057037 0.575813 -0.158435
v 0.050530 0.585164 -0.139441
v 0.076401 0.583658 -0.129019
v 0.086310 0.573574 -0.146245
v -0.248093 0.587329 -0.083803
v -0.266270 0.584074 -0.035180
v -0.211342 0.585239 -0.026622
v -0.197619 0.588210 -0.068062
v -0.266270 0.584074 -0.035180
v -0.271470 0.578258 0.017918
v -0.215423 0.580546 0.018040
v -0.211342 0.585239 -0.026622
v -0.088270 0.537487 0.206616
v -0.044676 0.536492 0.207550
v -0.035928 0.548132 0.180630
v -0.071510 0.548975 0.179567
v -0.044676 0.536492 0.207550
v -0.003465 0.536177 0.204688
v -0.002015 0.547828 0.178737
v -0.035928 0.548132 0.180630
v -0.242325 0.560305 0.118867
v -0.210734 0.551098 0.158705
v -0.170351 0.559710 0.138214
v -0.194366 0.566774 0.103755
v -0.210734 0.551098 0.158705
v -0.172399 0.543829 0.186765
v -0.140230 0.554073 0.162614
v -0.170351 0.559710 0.138214
v -0.092184 0.584219 -0.173049
v -0.137482 0.586343 -0.167060
v -0.110565 0.589838 -0.142703
v -0.073706 0.589040 -0.148689
v -0.137482 0.586343 -0.167060
v -0.180262 0.587856 -0.151527
v -0.145106 0.590169 -0.128471
v -0.110565 0.589838 -0.142703
v -0.069968 0.609411 -0.094194
v -0.090246 0.608227 -0.079757
v -0.079044 0.627905 -0.063489
v -0.062183 0.629278 -0.078560
v 0.044043 0.610866 -0.102779
v 0.022360 0.610940 -0.108152
v 0.022031 0.631241 -0.096916
v 0.042876 0.631040 -0.090233
v 0.027690 0.577653 -0.165807
v 0.024721 0.586177 -0.145550
v 0.050530 0.585164 -0.139441
v 0.057037 0.575813 -0.158435
v -0.005726 0.579539 -0.170292
v -0.003649 0.587048 -0.148790
v 0.024721 0.586177 -0.145550
v 0.027690 0.577653 -0.165807
v 0.000427 0.464604 -0.102958
v 0.000237 0.482951 -0.109162
v 0.021900 0.482506 -0.106656
v 0.020725 0.464337 -0.100712
v 0.020725 0.464337 -0.100712
v 0.021900 0.482506 -0.106656
v 0.042591 0.481839 -0.100083
v 0.040214 0.463922 -0.094561
v 0.021900 0.482506 -0.106656
v 0.023905 0.501372 -0.121449
v 0.047072 0.500260 -0.114310
v 0.042591 0.481839 -0.100083
v 0.000237 0.482951 -0.109162
v -0.001010 0.502289 -0.124567
v 0.023905 0.501372 -0.121449
v 0.021900 0.482506 -0.106656
v -0.003649 0.587048 -0.148790
v -0.001747 0.596812 -0.127655
v 0.023085 0.596657 -0.125354
v 0.024721 0.586177 -0.145550
v 0.024721 0.586177 -0.145550
v 0.023085 0.596657 -0.125354
v 0.046363 0.596282 -0.120078
v 0.050530 0.585164 -0.139441
v 0.023085 0.596657 -0.125354
v 0.022360 0.610940 -0.108152
v 0.044043 0.610866 -0.102779
v 0.046363 0.596282 -0.120078
v -0.001747 0.596812 -0.127655
v -0.000356 0.610763 -0.110094
v 0.022360 0.610940 -0.108152
v 0.023085 0.596657 -0.125354
v -0.001010 0.502289 -0.124567
v -0.003965 0.521588 -0.154865
v 0.027270 0.519738 -0.150543
v 0.023905 0.501372 -0.121449
v 0.023905 0.501372 -0.121449
v 0.027270 0.519738 -0.150543
v 0.054978 0.517895 -0.142614
v 0.047072 0.500260 -0.114310
v 0.022360 0.610940 -0.108152
v -0.000356 0.610763 -0.110094
v 0.000270 0.631129 -0.099238
v 0.022031 0.631241 -0.096916
v 0.116955 0.596763 0.018897
v 0.115244 0.600264 -0.009303
v 0.105512 0.622179 -0.003907
v 0.106572 0.619385 0.019471
v -0.005726 0.579539 -0.170292
v -0.046776 0.581817 -0.173246
v -0.037094 0.588038 -0.150122
v -0.003649 0.587048 -0.148790
v -0.046776 0.581817 -0.173246
v -0.092184 0.584219 -0.173049
v -0.073706 0.589040 -0.148689
v -0.037094 0.588038 -0.150122
v 0.000427 0.464604 -0.102958
v -0.019914 0.464710 -0.101150
v -0.021702 0.483166 -0.107476
v 0.000237 0.482951 -0.109162
v 0.000237 0.482951 -0.109162
v -0.021702 0.483166 -0.107476
v -0.027723 0.503067 -0.123812
v -0.001010 0.502289 -0.124567
v -0.021702 0.483166 -0.107476
v -0.043025 0.483139 -0.101680
v -0.054697 0.503619 -0.118857
v -0.027723 0.503067 -0.123812
v -0.019914 0.464710 -0.101150
v -0.039530 0.464654 -0.095421
v -0.043025 0.483139 -0.101680
v -0.021702 0.483166 -0.107476
v -0.003649 0.587048 -0.148790
v -0.037094 0.588038 -0.150122
v -0.029165 0.596988 -0.127521
v -0.001747 0.596812 -0.127655
v -0.001747 0.596812 -0.127655
v -0.029165 0.596988 -0.127521
v -0.023821 0.610554 -0.108721
v -0.000356 0.610763 -0.110094
v -0.029165 0.596988 -0.127521
v -0.058116 0.597080 -0.124369
v -0.047337 0.610169 -0.103614
v -0.023821 0.610554 -0.108721
v -0.037094 0.588038 -0.150122
v -0.073706 0.589040 -0.148689
v -0.058116 0.597080 -0.124369
v -0.029165 0.596988 -0.127521
v -0.001010 0.502289 -0.124567
v -0.027723 0.503067 -0.123812
v -0.040607 0.523671 -0.156406
v -0.003965 0.521588 -0.154865
v -0.027723 0.503067 -0.123812
v -0.054697 0.503619 -0.118857
v -0.079653 0.525717 -0.153838
v -0.040607 0.523671 -0.156406
v 0.115244 0.600264 -0.009303
v 0.108975 0.603643 -0.036180
v 0.100433 0.624849 -0.026400
v 0.105512 0.622179 -0.003907
v -0.090246 0.608227 -0.079757
v -0.106767 0.606603 -0.059944
v -0.092130 0.626190 -0.045501
v -0.079044 0.627905 -0.063489
v -0.180262 0.587856 -0.151527
v -0.218306 0.588387 -0.123431
v -0.174892 0.589740 -0.103010
v -0.145106 0.590169 -0.128471
v -0.218306 0.588387 -0.123431
v -0.248093 0.587329 -0.083803
v -0.197619 0.588210 -0.068062
v -0.174892 0.589740 -0.103010
v -0.103262 0.503683 -0.094965
v -0.123052 0.503104 -0.075820
v -0.184150 0.528833 -0.105571
v -0.152677 0.528482 -0.129631
v -0.123052 0.503104 -0.075820
v -0.138339 0.501989 -0.052417
v -0.209081 0.527987 -0.073444
v -0.184150 0.528833 -0.105571
v -0.145106 0.590169 -0.128471
v -0.174892 0.589740 -0.103010
v -0.135810 0.595131 -0.080523
v -0.113491 0.596307 -0.103032
v -0.113491 0.596307 -0.103032
v -0.135810 0.595131 -0.080523
v -0.106767 0.606603 -0.059944
v -0.090246 0.608227 -0.079757
v -0.135810 0.595131 -0.080523
v -0.152537 0.593244 -0.051156
v -0.118912 0.604533 -0.035892
v -0.106767 0.606603 -0.059944
v -0.174892 0.589740 -0.103010
v -0.197619 0.588210 -0.068062
v -0.152537 0.593244 -0.051156
v -0.135810 0.595131 -0.080523
v -0.073614 0.464072 -0.073254
v -0.086725 0.463565 -0.057607
v -0.094841 0.481578 -0.061908
v -0.080332 0.482337 -0.078555
v -0.080332 0.482337 -0.078555
v -0.094841 0.481578 -0.061908
v -0.123052 0.503104 -0.075820
v -0.103262 0.503683 -0.094965
v -0.094841 0.481578 -0.061908
v -0.105790 0.480598 -0.042653
v -0.138339 0.501989 -0.052417
v -0.123052 0.503104 -0.075820
v -0.086725 0.463565 -0.057607
v -0.096549 0.462939 -0.039699
v -0.105790 0.480598 -0.042653
v -0.094841 0.481578 -0.061908
v -0.106767 0.606603 -0.059944
v -0.118912 0.604533 -0.035892
v -0.101322 0.624172 -0.025223
v -0.092130 0.626190 -0.045501
v -0.129122 0.598864 0.020298
v -0.127216 0.595126 0.050956
v -0.106276 0.616382 0.045022
v -0.108386 0.619271 0.020401
v -0.271470 0.578258 0.017918
v -0.263180 0.569898 0.070651
v -0.209671 0.574095 0.062597
v -0.215423 0.580546 0.018040
v -0.263180 0.569898 0.070651
v -0.242325 0.560305 0.118867
v -0.194366 0.566774 0.103755
v -0.209671 0.574095 0.062597
v -0.127216 0.595126 0.050956
v -0.120043 0.591149 0.080498
v -0.100022 0.613428 0.068960
v -0.106276 0.616382 0.045022
v -0.090081 0.584439 0.124741
v -0.069965 0.582588 0.135049
v -0.058851 0.606840 0.117963
v -0.075378 0.608416 0.106948
v -0.104971 0.461433 0.000046
v -0.103170 0.460610 0.020367
v -0.113240 0.476594 0.022705
v -0.115240 0.478068 0.000551
v -0.115240 0.478068 0.000551
v -0.113240 0.476594 0.022705
v -0.147885 0.494706 0.031700
v -0.151233 0.497781 0.002994
v -0.113240 0.476594 0.022705
v -0.106867 0.475083 0.044020
v -0.138286 0.491355 0.058881
v -0.147885 0.494706 0.031700
v -0.103170 0.460610 0.020367
v -0.097443 0.459780 0.039963
v -0.106867 0.475083 0.044020
v -0.113240 0.476594 0.022705
v -0.215423 0.580546 0.018040
v -0.209671 0.574095 0.062597
v -0.162808 0.581801 0.056451
v -0.166142 0.586704 0.019174
v -0.166142 0.586704 0.019174
v -0.162808 0.581801 0.056451
v -0.127216 0.595126 0.050956
v -0.129122 0.598864 0.020298
v -0.162808 0.581801 0.056451
v -0.152391 0.576377 0.091593
v -0.120043 0.591149 0.080498
v -0.127216 0.595126 0.050956
v -0.209671 0.574095 0.062597
v -0.194366 0.566774 0.103755
v -0.152391 0.576377 0.091593
v -0.162808 0.581801 0.056451
v -0.151233 0.497781 0.002994
v -0.147885 0.494706 0.031700
v -0.222832 0.514905 0.051580
v -0.229429 0.521112 0.008557
v -0.147885 0.494706 0.031700
v -0.138286 0.491355 0.058881
v -0.205737 0.507841 0.091447
v -0.222832 0.514905 0.051580
v -0.069965 0.582588 0.135049
v -0.047715 0.581669 0.139557
v -0.040358 0.605901 0.124505
v -0.058851 0.606840 0.117963
v 0.043722 0.582676 0.131916
v 0.064024 0.583944 0.124020
v 0.057229 0.608037 0.111571
v 0.039177 0.606755 0.120158
v -0.172399 0.543829 0.186765
v -0.131184 0.539564 0.201290
v -0.106755 0.550686 0.175059
v -0.140230 0.554073 0.162614
v -0.131184 0.539564 0.201290
v -0.088270 0.537487 0.206616
v -0.071510 0.548975 0.179567
v -0.106755 0.550686 0.175059
v -0.103771 0.485451 0.102889
v -0.081383 0.483542 0.117631
v -0.114438 0.492388 0.166326
v -0.148389 0.495701 0.150511
v -0.081383 0.483542 0.117631
v -0.056237 0.482278 0.127624
v -0.078212 0.490622 0.174816
v -0.114438 0.492388 0.166326
v -0.140230 0.554073 0.162614
v -0.106755 0.550686 0.175059
v -0.086086 0.564545 0.153602
v -0.112168 0.567050 0.142724
v -0.112168 0.567050 0.142724
v -0.086086 0.564545 0.153602
v -0.069965 0.582588 0.135049
v -0.090081 0.584439 0.124741
v -0.086086 0.564545 0.153602
v -0.058006 0.563306 0.157584
v -0.047715 0.581669 0.139557
v -0.069965 0.582588 0.135049
v -0.106755 0.550686 0.175059
v -0.071510 0.548975 0.179567
v -0.058006 0.563306 0.157584
v -0.086086 0.564545 0.153602
v -0.075268 0.458233 0.074004
v -0.059560 0.457576 0.087095
v -0.065269 0.471229 0.094531
v -0.082400 0.472321 0.080686
v -0.082400 0.472321 0.080686
v -0.065269 0.471229 0.094531
v -0.081383 0.483542 0.117631
v -0.103771 0.485451 0.102889
v -0.065269 0.471229 0.094531
v -0.045350 0.470367 0.104790
v -0.056237 0.482278 0.127624
v -0.081383 0.483542 0.117631
v -0.059560 0.457576 0.087095
v -0.041290 0.457029 0.096901
v -0.045350 0.470367 0.104790
v -0.065269 0.471229 0.094531
v 0.094556 0.538085 0.173345
v 0.082391 0.549464 0.156034
v 0.056527 0.548424 0.165989
v 0.064913 0.536995 0.187259
v 0.120850 0.539641 0.154214
v 0.105324 0.551007 0.140883
v 0.082391 0.549464 0.156034
v 0.094556 0.538085 0.173345
v 0.087181 0.482715 0.097296
v 0.109297 0.492097 0.127513
v 0.085173 0.490878 0.146773
v 0.067723 0.481815 0.112761
v 0.067723 0.481815 0.112761
v 0.085173 0.490878 0.146773
v 0.058201 0.490012 0.161668
v 0.046103 0.481226 0.124372
v 0.105324 0.551007 0.140883
v 0.092617 0.566330 0.126486
v 0.072319 0.564695 0.139285
v 0.082391 0.549464 0.156034
v 0.082391 0.549464 0.156034
v 0.072319 0.564695 0.139285
v 0.049486 0.563557 0.147381
v 0.056527 0.548424 0.165989
v 0.072319 0.564695 0.139285
v 0.064024 0.583944 0.124020
v 0.043722 0.582676 0.131916
v 0.049486 0.563557 0.147381
v 0.092617 0.566330 0.126486
v 0.082152 0.585672 0.112139
v 0.064024 0.583944 0.124020
v 0.072319 0.564695 0.139285
v 0.072141 0.456878 0.075594
v 0.076227 0.470351 0.081889
v 0.059233 0.469735 0.095416
v 0.056243 0.456511 0.088344
v 0.056243 0.456511 0.088344
v 0.059233 0.469735 0.095416
v 0.040338 0.469355 0.105412
v 0.038454 0.456296 0.097761
v 0.059233 0.469735 0.095416
v 0.067723 0.481815 0.112761
v 0.046103 0.481226 0.124372
v 0.040338 0.469355 0.105412
v 0.076227 0.470351 0.081889
v 0.087181 0.482715 0.097296
v 0.067723 0.481815 0.112761
v 0.059233 0.469735 0.095416
v 0.064024 0.583944 0.124020
v 0.082152 0.585672 0.112139
v 0.073405 0.609721 0.099612
v 0.057229 0.608037 0.111571
v -0.120043 0.591149 0.080498
v -0.107258 0.587417 0.106010
v -0.089435 0.610681 0.090216
v -0.100022 0.613428 0.068960
v 0.168307 0.548325 0.057914
v 0.145820 0.559579 0.054144
v 0.137814 0.555857 0.088277
v 0.158589 0.544554 0.095661
v 0.171528 0.552849 0.016020
v 0.148474 0.564041 0.016778
v 0.145820 0.559579 0.054144
v 0.168307 0.548325 0.057914
v 0.103498 0.459517 0.002294
v 0.109979 0.474696 0.003594
v 0.107494 0.473402 0.025368
v 0.101241 0.458731 0.022571
v 0.101241 0.458731 0.022571
v 0.107494 0.473402 0.025368
v 0.100831 0.472218 0.046189
v 0.095076 0.458011 0.042039
v 0.107494 0.473402 0.025368
v 0.123089 0.487221 0.031908
v 0.115423 0.485432 0.056367
v 0.100831 0.472218 0.046189
v 0.109979 0.474696 0.003594
v 0.125904 0.489218 0.005821
v 0.123089 0.487221 0.031908
v 0.107494 0.473402 0.025368
v 0.148474 0.564041 0.016778
v 0.130566 0.578585 0.017867
v 0.128215 0.574589 0.050534
v 0.145820 0.559579 0.054144
v 0.145820 0.559579 0.054144
v 0.128215 0.574589 0.050534
v 0.121206 0.571154 0.080616
v 0.137814 0.555857 0.088277
v 0.128215 0.574589 0.050534
v 0.114556 0.593413 0.046759
v 0.107944 0.590389 0.072591
v 0.121206 0.571154 0.080616
v 0.130566 0.578585 0.017867
v 0.116955 0.596763 0.018897
v 0.114556 0.593413 0.046759
v 0.128215 0.574589 0.050534
v 0.125904 0.489218 0.005821
v 0.157150 0.501346 0.009586
v 0.153837 0.498372 0.044578
v 0.123089 0.487221 0.031908
v 0.123089 0.487221 0.031908
v 0.153837 0.498372 0.044578
v 0.144342 0.495792 0.076384
v 0.115423 0.485432 0.056367
v -0.107258 0.587417 0.106010
v -0.090081 0.584439 0.124741
v -0.075378 0.608416 0.106948
v -0.089435 0.610681 0.090216
v 0.082632 0.608877 -0.079588
v 0.064392 0.610254 -0.093583
v 0.061904 0.630357 -0.079539
v 0.078281 0.629094 -0.065053
v 0.138815 0.567055 -0.102632
v 0.122016 0.577966 -0.089297
v 0.137493 0.573726 -0.058762
v 0.157321 0.562697 -0.069244
v 0.114369 0.570700 -0.127993
v 0.100987 0.581332 -0.112725
v 0.122016 0.577966 -0.089297
v 0.138815 0.567055 -0.102632
v 0.088053 0.497262 -0.087656
v 0.106144 0.513362 -0.112310
v 0.127428 0.510685 -0.089606
v 0.104178 0.495436 -0.068635
v 0.104178 0.495436 -0.068635
v 0.127428 0.510685 -0.089606
v 0.143765 0.507738 -0.061134
v 0.116255 0.493443 -0.046172
v 0.100987 0.581332 -0.112725
v 0.090252 0.593596 -0.096158
v 0.108176 0.590762 -0.074764
v 0.122016 0.577966 -0.089297
v 0.122016 0.577966 -0.089297
v 0.108176 0.590762 -0.074764
v 0.121313 0.587078 -0.047431
v 0.137493 0.573726 -0.058762
v 0.108176 0.590762 -0.074764
v 0.097840 0.606607 -0.060108
v 0.108975 0.603643 -0.036180
v 0.121313 0.587078 -0.047431
v 0.090252 0.593596 -0.096158
v 0.082632 0.608877 -0.079588
v 0.097840 0.606607 -0.060108
v 0.108176 0.590762 -0.074764
v 0.073795 0.462718 -0.071665
v 0.078340 0.479907 -0.075739
v 0.091962 0.478707 -0.058774
v 0.086552 0.461973 -0.055739
v 0.086552 0.461973 -0.055739
v 0.091962 0.478707 -0.058774
v 0.102019 0.477405 -0.039389
v 0.095970 0.461170 -0.037623
v 0.091962 0.478707 -0.058774
v 0.104178 0.495436 -0.068635
v 0.116255 0.493443 -0.046172
v 0.102019 0.477405 -0.039389
v 0.078340 0.479907 -0.075739
v 0.088053 0.497262 -0.087656
v 0.104178 0.495436 -0.068635
v 0.091962 0.478707 -0.058774
v 0.064392 0.610254 -0.093583
v 0.044043 0.610866 -0.102779
v 0.042876 0.631040 -0.090233
v 0.061904 0.630357 -0.079539
v -0.000409 0.581494 0.140644
v 0.022228 0.581896 0.137440
v 0.020013 0.605928 0.125895
v 0.000042 0.605517 0.128605
v 0.022228 0.581896 0.137440
v 0.043722 0.582676 0.131916
v 0.039177 0.606755 0.120158
v 0.020013 0.605928 0.125895
v 0.082152 0.585672 0.112139
v 0.097007 0.587812 0.094793
v 0.086890 0.611741 0.083809
v 0.073405 0.609721 0.099612
v -0.104497 0.582215 -0.187916
v -0.108299 0.580040 -0.192595
v -0.160884 0.583368 -0.186259
v -0.155856 0.585229 -0.182065
v -0.108299 0.580040 -0.192595
v -0.111131 0.575327 -0.196255
v -0.164641 0.578887 -0.189566
v -0.160884 0.583368 -0.186259
v -0.192370 0.570055 -0.184433
v -0.217396 0.571345 -0.173993
v -0.215472 0.581655 -0.172287
v -0.190610 0.580413 -0.182636
v -0.180998 0.586530 -0.175661
v -0.186495 0.584798 -0.179551
v -0.211028 0.585958 -0.169465
v -0.205102 0.587581 -0.165938
v -0.186495 0.584798 -0.179551
v -0.190610 0.580413 -0.182636
v -0.215472 0.581655 -0.172287
v -0.211028 0.585958 -0.169465
v -0.273544 0.543832 0.159113
v -0.291773 0.549682 0.135024
v -0.293986 0.539856 0.135222
v -0.275576 0.534005 0.159544
v -0.262657 0.551075 0.154715
v -0.268870 0.548703 0.157306
v -0.247803 0.543278 0.178387
v -0.241949 0.545829 0.175325
v -0.268870 0.548703 0.157306
v -0.273544 0.543832 0.159113
v -0.252177 0.538269 0.180569
v -0.247803 0.543278 0.178387
v -0.231508 0.523650 0.198890
v -0.206783 0.519526 0.213448
v -0.205362 0.529390 0.212465
v -0.229876 0.533496 0.198067
v -0.220384 0.541351 0.192058
v -0.225830 0.538632 0.195550
v -0.201681 0.534638 0.209643
v -0.196691 0.537507 0.205762
v -0.225830 0.538632 0.195550
v -0.229876 0.533496 0.198067
v -0.205362 0.529390 0.212465
v -0.201681 0.534638 0.209643
v -0.275576 0.534005 0.159544
v -0.274470 0.524138 0.158364
v -0.252893 0.518643 0.179994
v -0.254005 0.528434 0.181213
v -0.230411 0.513921 0.197628
v -0.205714 0.509844 0.212148
v -0.206783 0.519526 0.213448
v -0.231508 0.523650 0.198890
v -0.274470 0.524138 0.158364
v -0.270571 0.519157 0.155768
v -0.249232 0.513749 0.177085
v -0.252893 0.518643 0.179994
v -0.270571 0.519157 0.155768
v -0.265075 0.516634 0.152345
v -0.244109 0.511354 0.173193
v -0.249232 0.513749 0.177085
v -0.112304 0.564828 -0.198257
v -0.111593 0.553884 -0.197825
v -0.165334 0.557577 -0.191121
v -0.166229 0.568483 -0.191441
v -0.230411 0.513921 0.197628
v -0.227005 0.509103 0.194450
v -0.202595 0.505090 0.208731
v -0.205714 0.509844 0.212148
v -0.227005 0.509103 0.194450
v -0.222271 0.506816 0.190161
v -0.198295 0.502895 0.204090
v -0.202595 0.505090 0.208731
v -0.191412 0.559175 -0.184188
v -0.216390 0.560497 -0.173837
v -0.217396 0.571345 -0.173993
v -0.192370 0.570055 -0.184433
v -0.111593 0.553884 -0.197825
v -0.109275 0.547958 -0.194839
v -0.162307 0.551728 -0.188433
v -0.165334 0.557577 -0.191121
v -0.109275 0.547958 -0.194839
v -0.106042 0.544126 -0.190439
v -0.158068 0.547998 -0.184439
v -0.162307 0.551728 -0.188433
v -0.054095 0.521030 0.235905
v -0.106038 0.522017 0.235307
v -0.106832 0.512096 0.236595
v -0.054539 0.511085 0.237255
v -0.191412 0.559175 -0.184188
v -0.188102 0.553364 -0.181692
v -0.212826 0.554721 -0.171574
v -0.216390 0.560497 -0.173837
v -0.188102 0.553364 -0.181692
v -0.183457 0.549684 -0.177958
v -0.207812 0.551086 -0.168154
v -0.212826 0.554721 -0.171574
v -0.100864 0.530679 0.226950
v -0.103853 0.527492 0.231776
v -0.052868 0.526570 0.232209
v -0.051190 0.529850 0.227157
v -0.103853 0.527492 0.231776
v -0.106038 0.522017 0.235307
v -0.054095 0.521030 0.235905
v -0.052868 0.526570 0.232209
v -0.054539 0.511085 0.237255
v -0.005188 0.510915 0.233151
v -0.005108 0.520881 0.231783
v -0.054095 0.521030 0.235905
v -0.051190 0.529850 0.227157
v -0.052868 0.526570 0.232209
v -0.004882 0.526469 0.228043
v -0.004573 0.529818 0.222934
v -0.052868 0.526570 0.232209
v -0.054095 0.521030 0.235905
v -0.005108 0.520881 0.231783
v -0.004882 0.526469 0.228043
v -0.106832 0.512096 0.236595
v -0.106151 0.502465 0.235135
v -0.054162 0.501444 0.235746
v -0.054539 0.511085 0.237255
v -0.054162 0.501444 0.235746
v -0.005130 0.501256 0.231629
v -0.005188 0.510915 0.233151
v -0.054539 0.511085 0.237255
v -0.106151 0.502465 0.235135
v -0.104308 0.497780 0.231160
v -0.053144 0.496734 0.231632
v -0.054162 0.501444 0.235746
v -0.104308 0.497780 0.231160
v -0.101793 0.495672 0.225732
v -0.051755 0.494586 0.226014
v -0.053144 0.496734 0.231632
v -0.313137 0.581308 -0.071872
v -0.299407 0.582678 -0.098558
v -0.301793 0.572580 -0.099903
v -0.315610 0.571265 -0.073104
v -0.054162 0.501444 0.235746
v -0.053144 0.496734 0.231632
v -0.004978 0.496506 0.227471
v -0.005130 0.501256 0.231629
v -0.053144 0.496734 0.231632
v -0.051755 0.494586 0.226014
v -0.004772 0.494301 0.221791
v -0.004978 0.496506 0.227471
v -0.300846 0.586861 -0.068908
v -0.307830 0.585449 -0.070468
v -0.317163 0.583290 -0.042316
v -0.310091 0.584737 -0.041223
v -0.307830 0.585449 -0.070468
v -0.313137 0.581308 -0.071872
v -0.322549 0.579124 -0.043378
v -0.317163 0.583290 -0.042316
v -0.330706 0.566112 -0.013825
v -0.331783 0.562197 0.017229
v -0.329200 0.572098 0.017995
v -0.328128 0.576055 -0.012886
v -0.315572 0.581775 -0.011637
v -0.322695 0.580266 -0.012211
v -0.323768 0.576374 0.018283
v -0.316649 0.577971 0.018341
v -0.322695 0.580266 -0.012211
v -0.328128 0.576055 -0.012886
v -0.329200 0.572098 0.017995
v -0.323768 0.576374 0.018283
v -0.315610 0.571265 -0.073104
v -0.314512 0.560687 -0.073604
v -0.324001 0.558634 -0.045134
v -0.325086 0.569134 -0.044484
v -0.329633 0.555698 -0.014609
v -0.330718 0.551874 0.016318
v -0.331783 0.562197 0.017229
v -0.330706 0.566112 -0.013825
v -0.314512 0.560687 -0.073604
v -0.310064 0.555081 -0.073006
v -0.319488 0.553077 -0.044950
v -0.324001 0.558634 -0.045134
v -0.310064 0.555081 -0.073006
v -0.303724 0.551667 -0.071831
v -0.313038 0.549727 -0.044340
v -0.319488 0.553077 -0.044950
v 0.097709 0.548085 -0.163906
v 0.064917 0.551103 -0.178143
v 0.064397 0.561984 -0.176183
v 0.096938 0.559015 -0.162076
v -0.329633 0.555698 -0.014609
v -0.325089 0.550198 -0.014860
v -0.326186 0.546444 0.015634
v -0.330718 0.551874 0.016318
v -0.325089 0.550198 -0.014860
v -0.318584 0.546929 -0.014855
v -0.319692 0.543270 0.015037
v -0.326186 0.546444 0.015634
v 0.096938 0.559015 -0.162076
v 0.128206 0.555647 -0.141837
v 0.129209 0.544713 -0.143488
v 0.097709 0.548085 -0.163906
v 0.064397 0.561984 -0.176183
v 0.063002 0.567763 -0.172593
v 0.094872 0.564973 -0.158784
v 0.096938 0.559015 -0.162076
v 0.063002 0.567763 -0.172593
v 0.061100 0.571392 -0.168003
v 0.092059 0.568846 -0.154592
v 0.094872 0.564973 -0.158784
v 0.162984 0.517139 0.137545
v 0.181801 0.519917 0.102595
v 0.180379 0.530180 0.102347
v 0.161658 0.527355 0.137057
v 0.096938 0.559015 -0.162076
v 0.094872 0.564973 -0.158784
v 0.125521 0.561698 -0.138945
v 0.128206 0.555647 -0.141837
v 0.094872 0.564973 -0.158784
v 0.092059 0.568846 -0.154592
v 0.121863 0.565698 -0.135284
v 0.125521 0.561698 -0.138945
v 0.138048 0.515039 0.166710
v 0.162984 0.517139 0.137545
v 0.161658 0.527355 0.137057
v 0.136907 0.525215 0.165964
v 0.180379 0.530180 0.102347
v 0.176539 0.535959 0.101234
v 0.158095 0.533216 0.135442
v 0.161658 0.527355 0.137057
v 0.176539 0.535959 0.101234
v 0.171303 0.539575 0.099631
v 0.153239 0.536944 0.133179
v 0.158095 0.533216 0.135442
v 0.161924 0.507249 0.136350
v 0.180588 0.509922 0.101553
v 0.181801 0.519917 0.102595
v 0.162984 0.517139 0.137545
v 0.161658 0.527355 0.137057
v 0.158095 0.533216 0.135442
v 0.133849 0.531124 0.163758
v 0.136907 0.525215 0.165964
v 0.158095 0.533216 0.135442
v 0.153239 0.536944 0.133179
v 0.129683 0.534916 0.160710
v 0.133849 0.531124 0.163758
v 0.172629 0.502257 0.095930
v 0.177227 0.504875 0.099141
v 0.158971 0.502272 0.133371
v 0.154924 0.499752 0.129356
v 0.177227 0.504875 0.099141
v 0.180588 0.509922 0.101553
v 0.161924 0.507249 0.136350
v 0.158971 0.502272 0.133371
v 0.137167 0.505224 0.165403
v 0.161924 0.507249 0.136350
v 0.162984 0.517139 0.137545
v 0.138048 0.515039 0.166710
v 0.154924 0.499752 0.129356
v 0.158971 0.502272 0.133371
v 0.134698 0.500298 0.162003
v 0.131314 0.497846 0.157393
v 0.158971 0.502272 0.133371
v 0.161924 0.507249 0.136350
v 0.137167 0.505224 0.165403
v 0.134698 0.500298 0.162003
v 0.097153 0.537201 -0.163398
v 0.064576 0.540174 -0.177608
v 0.064917 0.551103 -0.178143
v 0.097709 0.548085 -0.163906
v 0.062311 0.530458 -0.169662
v 0.063621 0.534265 -0.174383
v 0.095589 0.531371 -0.160303
v 0.093445 0.527672 -0.155772
v 0.063621 0.534265 -0.174383
v 0.064576 0.540174 -0.177608
v 0.097153 0.537201 -0.163398
v 0.095589 0.531371 -0.160303
v 0.129209 0.544713 -0.143488
v 0.128422 0.533898 -0.143054
v 0.097153 0.537201 -0.163398
v 0.097709 0.548085 -0.163906
v 0.093445 0.527672 -0.155772
v 0.095589 0.531371 -0.160303
v 0.126216 0.528170 -0.140248
v 0.123193 0.524611 -0.136125
v 0.095589 0.531371 -0.160303
v 0.097153 0.537201 -0.163398
v 0.128422 0.533898 -0.143054
v 0.126216 0.528170 -0.140248
v 0.037134 0.511353 0.224061
v 0.074074 0.512231 0.209944
v 0.073558 0.522261 0.208700
v 0.036904 0.521341 0.222722
v 0.036904 0.521341 0.222722
v -0.005108 0.520881 0.231783
v -0.005188 0.510915 0.233151
v 0.037134 0.511353 0.224061
v 0.073558 0.522261 0.208700
v 0.072177 0.527958 0.205286
v 0.036288 0.526966 0.219065
v 0.036904 0.521341 0.222722
v 0.072177 0.527958 0.205286
v 0.070294 0.531460 0.200618
v 0.035449 0.530369 0.214070
v 0.036288 0.526966 0.219065
v 0.036911 0.501669 0.222561
v 0.073609 0.502514 0.208490
v 0.074074 0.512231 0.209944
v 0.037134 0.511353 0.224061
v 0.036904 0.521341 0.222722
v 0.036288 0.526966 0.219065
v -0.004882 0.526469 0.228043
v -0.005108 0.520881 0.231783
v 0.036288 0.526966 0.219065
v 0.035449 0.530369 0.214070
v -0.004573 0.529818 0.222934
v -0.004882 0.526469 0.228043
v 0.070540 0.495339 0.199143
v 0.072314 0.497673 0.204538
v 0.036290 0.496873 0.218460
v 0.035440 0.494603 0.212858
v 0.072314 0.497673 0.204538
v 0.073609 0.502514 0.208490
v 0.036911 0.501669 0.222561
v 0.036290 0.496873 0.218460
v -0.005188 0.510915 0.233151
v -0.005130 0.501256 0.231629
v 0.036911 0.501669 0.222561
v 0.037134 0.511353 0.224061
v 0.035440 0.494603 0.212858
v 0.036290 0.496873 0.218460
v -0.004978 0.496506 0.227471
v -0.004772 0.494301 0.221791
v 0.036290 0.496873 0.218460
v 0.036911 0.501669 0.222561
v -0.005130 0.501256 0.231629
v -0.004978 0.496506 0.227471
v 0.192778 0.532322 -0.034423
v 0.179184 0.536876 -0.080072
v 0.177843 0.547625 -0.078888
v 0.191336 0.542929 -0.033609
v 0.191336 0.542929 -0.033609
v 0.196063 0.538181 0.015296
v 0.197549 0.527718 0.014882
v 0.192778 0.532322 -0.034423
v 0.177843 0.547625 -0.078888
v 0.174225 0.553520 -0.077005
v 0.187423 0.548721 -0.032519
v 0.191336 0.542929 -0.033609
v 0.174225 0.553520 -0.077005
v 0.169292 0.557303 -0.074677
v 0.182083 0.552364 -0.031238
v 0.187423 0.548721 -0.032519
v 0.191444 0.521863 -0.034627
v 0.177983 0.526270 -0.079972
v 0.179184 0.536876 -0.080072
v 0.192778 0.532322 -0.034423
v 0.191336 0.542929 -0.033609
v 0.187423 0.548721 -0.032519
v 0.192023 0.543908 0.015543
v 0.196063 0.538181 0.015296
v 0.187423 0.548721 -0.032519
v 0.182083 0.552364 -0.031238
v 0.186508 0.547457 0.015716
v 0.192023 0.543908 0.015543
v 0.170106 0.517513 -0.075888
v 0.174657 0.520765 -0.078350
v 0.187771 0.516472 -0.034055
v 0.182748 0.513377 -0.033064
v 0.174657 0.520765 -0.078350
v 0.177983 0.526270 -0.079972
v 0.191444 0.521863 -0.034627
v 0.187771 0.516472 -0.034055
v 0.197549 0.527718 0.014882
v 0.196169 0.517425 0.014338
v 0.191444 0.521863 -0.034627
v 0.192778 0.532322 -0.034423
v 0.182748 0.513377 -0.033064
v 0.187771 0.516472 -0.034055
v 0.192385 0.512158 0.013734
v 0.187211 0.509236 0.013073
v 0.187771 0.516472 -0.034055
v 0.191444 0.521863 -0.034627
v 0.196169 0.517425 0.014338
v 0.192385 0.512158 0.013734
v 0.031447 0.553851 -0.186981
v -0.007903 0.556911 -0.192855
v -0.007750 0.567633 -0.190794
v 0.031209 0.564664 -0.184951
v 0.064917 0.551103 -0.178143
v 0.031447 0.553851 -0.186981
v 0.031209 0.564664 -0.184951
v 0.064397 0.561984 -0.176183
v -0.007750 0.567633 -0.190794
v -0.007388 0.572962 -0.186963
v 0.030562 0.570245 -0.181195
v 0.031209 0.564664 -0.184951
v -0.007388 0.572962 -0.186963
v -0.006904 0.575977 -0.182048
v 0.029679 0.573603 -0.176385
v 0.030562 0.570245 -0.181195
v 0.031304 0.542899 -0.186451
v -0.007797 0.545948 -0.192340
v -0.007903 0.556911 -0.192855
v 0.031447 0.553851 -0.186981
v 0.031209 0.564664 -0.184951
v 0.030562 0.570245 -0.181195
v 0.063002 0.567763 -0.172593
v 0.064397 0.561984 -0.176183
v 0.030562 0.570245 -0.181195
v 0.029679 0.573603 -0.176385
v 0.061100 0.571392 -0.168003
v 0.063002 0.567763 -0.172593
v -0.006965 0.536046 -0.184441
v -0.007450 0.539960 -0.189137
v 0.030910 0.536938 -0.183215
v 0.030371 0.533060 -0.178476
v -0.007450 0.539960 -0.189137
v -0.007797 0.545948 -0.192340
v 0.031304 0.542899 -0.186451
v 0.030910 0.536938 -0.183215
v 0.064576 0.540174 -0.177608
v 0.031304 0.542899 -0.186451
v 0.031447 0.553851 -0.186981
v 0.064917 0.551103 -0.178143
v 0.030371 0.533060 -0.178476
v 0.030910 0.536938 -0.183215
v 0.063621 0.534265 -0.174383
v 0.062311 0.530458 -0.169662
v 0.030910 0.536938 -0.183215
v 0.031304 0.542899 -0.186451
v 0.064576 0.540174 -0.177608
v 0.063621 0.534265 -0.174383
v -0.056798 0.571352 -0.195449
v -0.007750 0.567633 -0.190794
v -0.007903 0.556911 -0.192855
v -0.057468 0.560743 -0.197510
v -0.006904 0.575977 -0.182048
v -0.007388 0.572962 -0.186963
v -0.055155 0.576364 -0.191618
v -0.052945 0.578947 -0.186706
v -0.007388 0.572962 -0.186963
v -0.007750 0.567633 -0.190794
v -0.056798 0.571352 -0.195449
v -0.055155 0.576364 -0.191618
v -0.057468 0.560743 -0.197510
v -0.112304 0.564828 -0.198257
v -0.111131 0.575327 -0.196255
v -0.056798 0.571352 -0.195449
v -0.052945 0.578947 -0.186706
v -0.055155 0.576364 -0.191618
v -0.108299 0.580040 -0.192595
v -0.104497 0.582215 -0.187916
v -0.055155 0.576364 -0.191618
v -0.056798 0.571352 -0.195449
v -0.111131 0.575327 -0.196255
v -0.108299 0.580040 -0.192595
v -0.007903 0.556911 -0.192855
v -0.007797 0.545948 -0.192340
v -0.057041 0.549780 -0.197018
v -0.057468 0.560743 -0.197510
v -0.057041 0.549780 -0.197018
v -0.111593 0.553884 -0.197825
v -0.112304 0.564828 -0.198257
v -0.057468 0.560743 -0.197510
v -0.007797 0.545948 -0.192340
v -0.007450 0.539960 -0.189137
v -0.055682 0.543802 -0.193870
v -0.057041 0.549780 -0.197018
v -0.007450 0.539960 -0.189137
v -0.006965 0.536046 -0.184441
v -0.053792 0.539900 -0.189249
v -0.055682 0.543802 -0.193870
v -0.239789 0.582650 -0.158709
v -0.215472 0.581655 -0.172287
v -0.217396 0.571345 -0.173993
v -0.241844 0.572392 -0.160331
v -0.057041 0.549780 -0.197018
v -0.055682 0.543802 -0.193870
v -0.109275 0.547958 -0.194839
v -0.111593 0.553884 -0.197825
v -0.055682 0.543802 -0.193870
v -0.053792 0.539900 -0.189249
v -0.106042 0.544126 -0.190439
v -0.109275 0.547958 -0.194839
v -0.228884 0.588416 -0.152967
v -0.235109 0.586885 -0.156141
v -0.257146 0.587400 -0.139713
v -0.250659 0.588862 -0.136915
v -0.235109 0.586885 -0.156141
v -0.239789 0.582650 -0.158709
v -0.262035 0.583218 -0.142008
v -0.257146 0.587400 -0.139713
v -0.284726 0.573127 -0.123171
v -0.301793 0.572580 -0.099903
v -0.299407 0.582678 -0.098558
v -0.282439 0.583279 -0.121728
v -0.270698 0.588846 -0.117290
v -0.277386 0.587428 -0.119706
v -0.294220 0.586813 -0.096822
v -0.287376 0.588215 -0.094801
v -0.277386 0.587428 -0.119706
v -0.282439 0.583279 -0.121728
v -0.299407 0.582678 -0.098558
v -0.294220 0.586813 -0.096822
v -0.241844 0.572392 -0.160331
v -0.240795 0.561581 -0.160282
v -0.263141 0.562245 -0.143606
v -0.264216 0.573012 -0.143539
v -0.283629 0.562414 -0.123376
v -0.300693 0.561928 -0.100245
v -0.301793 0.572580 -0.099903
v -0.284726 0.573127 -0.123171
v -0.240795 0.561581 -0.160282
v -0.236991 0.555836 -0.158287
v -0.259134 0.556531 -0.141905
v -0.263141 0.562245 -0.143606
v -0.236991 0.555836 -0.158287
v -0.231628 0.552242 -0.155229
v -0.253468 0.552977 -0.139242
v -0.259134 0.556531 -0.141905
v -0.325988 0.567225 0.049048
v -0.329200 0.572098 0.017995
v -0.331783 0.562197 0.017229
v -0.328534 0.557353 0.048516
v -0.283629 0.562414 -0.123376
v -0.279435 0.556732 -0.122013
v -0.296358 0.556281 -0.099239
v -0.300693 0.561928 -0.100245
v -0.279435 0.556732 -0.122013
v -0.273490 0.553219 -0.119805
v -0.290196 0.552814 -0.097513
v -0.296358 0.556281 -0.099239
v -0.313547 0.573307 0.048422
v -0.320605 0.571591 0.048910
v -0.313133 0.566157 0.078692
v -0.306194 0.568014 0.077672
v -0.320605 0.571591 0.048910
v -0.325988 0.567225 0.049048
v -0.318418 0.561684 0.079245
v -0.313133 0.566157 0.078692
v -0.309399 0.545931 0.108038
v -0.293986 0.539856 0.135222
v -0.291773 0.549682 0.135024
v -0.307041 0.555765 0.108083
v -0.295151 0.562382 0.105528
v -0.301909 0.560364 0.107093
v -0.286843 0.554415 0.133620
v -0.280324 0.556606 0.131534
v -0.301909 0.560364 0.107093
v -0.307041 0.555765 0.108083
v -0.291773 0.549682 0.135024
v -0.286843 0.554415 0.133620
v -0.328534 0.557353 0.048516
v -0.327469 0.547122 0.047530
v -0.319823 0.541703 0.077880
v -0.320891 0.551837 0.078940
v -0.308318 0.535889 0.106938
v -0.292893 0.529906 0.134079
v -0.293986 0.539856 0.135222
v -0.309399 0.545931 0.108038
v -0.327469 0.547122 0.047530
v -0.322986 0.541773 0.046430
v -0.315431 0.536442 0.076372
v -0.319823 0.541703 0.077880
v -0.322986 0.541773 0.046430
v -0.316567 0.538713 0.045226
v -0.309153 0.533510 0.074576
v -0.315431 0.536442 0.076372
v -0.174895 0.515875 0.225826
v -0.141303 0.513462 0.233307
v -0.140287 0.523363 0.232091
v -0.173669 0.525756 0.224713
v -0.308318 0.535889 0.106938
v -0.304052 0.530721 0.105047
v -0.288796 0.524833 0.131821
v -0.292893 0.529906 0.134079
v -0.304052 0.530721 0.105047
v -0.297975 0.527925 0.102677
v -0.282982 0.522176 0.128903
v -0.288796 0.524833 0.131821
v -0.166076 0.534114 0.217309
v -0.170449 0.531105 0.221590
v -0.137570 0.528785 0.228731
v -0.133870 0.531897 0.224133
v -0.170449 0.531105 0.221590
v -0.173669 0.525756 0.224713
v -0.140287 0.523363 0.232091
v -0.137570 0.528785 0.228731
v -0.141303 0.513462 0.233307
v -0.106832 0.512096 0.236595
v -0.106038 0.522017 0.235307
v -0.140287 0.523363 0.232091
v -0.133870 0.531897 0.224133
v -0.137570 0.528785 0.228731
v -0.103853 0.527492 0.231776
v -0.100864 0.530679 0.226950
v -0.137570 0.528785 0.228731
v -0.140287 0.523363 0.232091
v -0.106038 0.522017 0.235307
v -0.103853 0.527492 0.231776
v -0.173945 0.506232 0.224458
v -0.140484 0.503833 0.231887
v -0.141303 0.513462 0.233307
v -0.174895 0.515875 0.225826
v -0.140484 0.503833 0.231887
v -0.106151 0.502465 0.235135
v -0.106832 0.512096 0.236595
v -0.141303 0.513462 0.233307
v -0.173945 0.506232 0.224458
v -0.171222 0.501528 0.220800
v -0.138190 0.499150 0.228044
v -0.140484 0.503833 0.231887
v -0.171222 0.501528 0.220800
v -0.167476 0.499398 0.215820
v -0.135044 0.497047 0.222802
v -0.138190 0.499150 0.228044
v 0.107952 0.513441 0.190810
v 0.138048 0.515039 0.166710
v 0.136907 0.525215 0.165964
v 0.107115 0.523545 0.189774
v -0.140484 0.503833 0.231887
v -0.138190 0.499150 0.228044
v -0.104308 0.497780 0.231160
v -0.106151 0.502465 0.235135
v -0.138190 0.499150 0.228044
v -0.135044 0.497047 0.222802
v -0.101793 0.495672 0.225732
v -0.104308 0.497780 0.231160
v 0.074074 0.512231 0.209944
v 0.107952 0.513441 0.190810
v 0.107115 0.523545 0.189774
v 0.073558 0.522261 0.208700
v 0.136907 0.525215 0.165964
v 0.133849 0.531124 0.163758
v 0.104875 0.529371 0.186864
v 0.107115 0.523545 0.189774
v 0.133849 0.531124 0.163758
v 0.129683 0.534916 0.160710
v 0.101825 0.533049 0.182874
v 0.104875 0.529371 0.186864
v 0.107269 0.503682 0.189420
v 0.137167 0.505224 0.165403
v 0.138048 0.515039 0.166710
v 0.107952 0.513441 0.190810
v 0.107115 0.523545 0.189774
v 0.104875 0.529371 0.186864
v 0.072177 0.527958 0.205286
v 0.073558 0.522261 0.208700
v 0.104875 0.529371 0.186864
v 0.101825 0.533049 0.182874
v 0.070294 0.531460 0.200618
v 0.072177 0.527958 0.205286
v 0.131314 0.497846 0.157393
v 0.134698 0.500298 0.162003
v 0.105357 0.498798 0.185701
v 0.102737 0.496406 0.180636
v 0.134698 0.500298 0.162003
v 0.137167 0.505224 0.165403
v 0.107269 0.503682 0.189420
v 0.105357 0.498798 0.185701
v 0.073609 0.502514 0.208490
v 0.107269 0.503682 0.189420
v 0.107952 0.513441 0.190810
v 0.074074 0.512231 0.209944
v 0.102737 0.496406 0.180636
v 0.105357 0.498798 0.185701
v 0.072314 0.497673 0.204538
v 0.070540 0.495339 0.199143
v 0.105357 0.498798 0.185701
v 0.107269 0.503682 0.189420
v 0.073609 0.502514 0.208490
v 0.072314 0.497673 0.204538
v 0.193630 0.523495 0.061363
v 0.197549 0.527718 0.014882
v 0.196063 0.538181 0.015296
v 0.192155 0.533840 0.061417
v 0.181801 0.519917 0.102595
v 0.193630 0.523495 0.061363
v 0.192155 0.533840 0.061417
v 0.180379 0.530180 0.102347
v 0.196063 0.538181 0.015296
v 0.192023 0.543908 0.015543
v 0.188150 0.539567 0.060923
v 0.192155 0.533840 0.061417
v 0.192023 0.543908 0.015543
v 0.186508 0.547457 0.015716
v 0.182685 0.543113 0.060127
v 0.188150 0.539567 0.060923
v 0.192301 0.513362 0.060534
v 0.196169 0.517425 0.014338
v 0.197549 0.527718 0.014882
v 0.193630 0.523495 0.061363
v 0.192155 0.533840 0.061417
v 0.188150 0.539567 0.060923
v 0.176539 0.535959 0.101234
v 0.180379 0.530180 0.102347
v 0.188150 0.539567 0.060923
v 0.182685 0.543113 0.060127
v 0.171303 0.539575 0.099631
v 0.176539 0.535959 0.101234
v 0.187211 0.509236 0.013073
v 0.192385 0.512158 0.013734
v 0.188642 0.508215 0.058909
v 0.183638 0.505460 0.056810
v 0.192385 0.512158 0.013734
v 0.196169 0.517425 0.014338
v 0.192301 0.513362 0.060534
v 0.188642 0.508215 0.058909
v 0.180588 0.509922 0.101553
v 0.192301 0.513362 0.060534
v 0.193630 0.523495 0.061363
v 0.181801 0.519917 0.102595
v 0.183638 0.505460 0.056810
v 0.188642 0.508215 0.058909
v 0.177227 0.504875 0.099141
v 0.172629 0.502257 0.095930
v 0.188642 0.508215 0.058909
v 0.192301 0.513362 0.060534
v 0.180588 0.509922 0.101553
v 0.177227 0.504875 0.099141
v 0.157237 0.541004 -0.116204
v 0.129209 0.544713 -0.143488
v 0.128206 0.555647 -0.141837
v 0.156044 0.551869 -0.114755
v 0.179184 0.536876 -0.080072
v 0.157237 0.541004 -0.116204
v 0.156044 0.551869 -0.114755
v 0.177843 0.547625 -0.078888
v 0.128206 0.555647 -0.141837
v 0.125521 0.561698 -0.138945
v 0.152841 0.557871 -0.112303
v 0.156044 0.551869 -0.114755
v 0.125521 0.561698 -0.138945
v 0.121863 0.565698 -0.135284
v 0.148475 0.561804 -0.109227
v 0.152841 0.557871 -0.112303
v 0.156229 0.530281 -0.115899
v 0.128422 0.533898 -0.143054
v 0.129209 0.544713 -0.143488
v 0.157237 0.541004 -0.116204
v 0.156044 0.551869 -0.114755
v 0.152841 0.557871 -0.112303
v 0.174225 0.553520 -0.077005
v 0.177843 0.547625 -0.078888
v 0.152841 0.557871 -0.112303
v 0.148475 0.561804 -0.109227
v 0.169292 0.557303 -0.074677
v 0.174225 0.553520 -0.077005
v 0.123193 0.524611 -0.136125
v 0.126216 0.528170 -0.140248
v 0.153416 0.524665 -0.113558
v 0.149563 0.521261 -0.110088
v 0.126216 0.528170 -0.140248
v 0.128422 0.533898 -0.143054
v 0.156229 0.530281 -0.115899
v 0.153416 0.524665 -0.113558
v 0.177983 0.526270 -0.079972
v 0.156229 0.530281 -0.115899
v 0.157237 0.541004 -0.116204
v 0.179184 0.536876 -0.080072
v 0.149563 0.521261 -0.110088
v 0.153416 0.524665 -0.113558
v 0.174657 0.520765 -0.078350
v 0.170106 0.517513 -0.075888
v 0.153416 0.524665 -0.113558
v 0.156229 0.530281 -0.115899
v 0.177983 0.526270 -0.079972
v 0.174657 0.520765 -0.078350
v -0.205102 0.587581 -0.165938
v -0.228884 0.588416 -0.152967
v -0.250659 0.588862 -0.136915
v -0.218306 0.588387 -0.123431
v -0.180262 0.587856 -0.151527
v -0.155856 0.585229 -0.182065
v -0.180998 0.586530 -0.175661
v -0.205102 0.587581 -0.165938
v -0.180262 0.587856 -0.151527
v -0.137482 0.586343 -0.167060
v -0.241949 0.545829 0.175325
v -0.220384 0.541351 0.192058
v -0.196691 0.537507 0.205762
v -0.172399 0.543829 0.186765
v -0.210734 0.551098 0.158705
v -0.196691 0.537507 0.205762
v -0.166076 0.534114 0.217309
v -0.133870 0.531897 0.224133
v -0.131184 0.539564 0.201290
v -0.172399 0.543829 0.186765
v -0.117455 0.527378 -0.145384
v -0.152677 0.528482 -0.129631
v -0.207812 0.551086 -0.168154
v -0.183457 0.549684 -0.177958
v -0.158068 0.547998 -0.184439
v -0.152677 0.528482 -0.129631
v -0.184150 0.528833 -0.105571
v -0.253468 0.552977 -0.139242
v -0.231628 0.552242 -0.155229
v -0.207812 0.551086 -0.168154
v -0.179825 0.501089 0.125161
v -0.148389 0.495701 0.150511
v -0.198295 0.502895 0.204090
v -0.222271 0.506816 0.190161
v -0.244109 0.511354 0.173193
v -0.148389 0.495701 0.150511
v -0.114438 0.492388 0.166326
v -0.135044 0.497047 0.222802
v -0.167476 0.499398 0.215820
v -0.198295 0.502895 0.204090
v -0.051190 0.529850 0.227157
v -0.004573 0.529818 0.222934
v -0.003465 0.536177 0.204688
v -0.044676 0.536492 0.207550
v 0.035449 0.530369 0.214070
v 0.032714 0.536358 0.197764
v -0.003465 0.536177 0.204688
v -0.004573 0.529818 0.222934
v -0.040014 0.489685 0.178479
v -0.003177 0.489340 0.177604
v -0.004772 0.494301 0.221791
v -0.051755 0.494586 0.226014
v 0.029231 0.489479 0.171986
v 0.035440 0.494603 0.212858
v -0.004772 0.494301 0.221791
v -0.003177 0.489340 0.177604
v -0.006904 0.575977 -0.182048
v -0.052945 0.578947 -0.186706
v -0.046776 0.581817 -0.173246
v -0.005726 0.579539 -0.170292
v -0.006904 0.575977 -0.182048
v -0.005726 0.579539 -0.170292
v 0.027690 0.577653 -0.165807
v 0.029679 0.573603 -0.176385
v -0.003965 0.521588 -0.154865
v -0.040607 0.523671 -0.156406
v -0.053792 0.539900 -0.189249
v -0.006965 0.536046 -0.184441
v -0.003965 0.521588 -0.154865
v -0.006965 0.536046 -0.184441
v 0.030371 0.533060 -0.178476
v 0.027270 0.519738 -0.150543
v -0.310091 0.584737 -0.041223
v -0.315572 0.581775 -0.011637
v -0.316649 0.577971 0.018341
v -0.271470 0.578258 0.017918
v -0.266270 0.584074 -0.035180
v -0.316649 0.577971 0.018341
v -0.313547 0.573307 0.048422
v -0.306194 0.568014 0.077672
v -0.263180 0.569898 0.070651
v -0.271470 0.578258 0.017918
v -0.224634 0.525490 -0.034333
v -0.229429 0.521112 0.008557
v -0.319692 0.543270 0.015037
v -0.318584 0.546929 -0.014855
v -0.313038 0.549727 -0.044340
v -0.229429 0.521112 0.008557
v -0.222832 0.514905 0.051580
v -0.309153 0.533510 0.074576
v -0.316567 0.538713 0.045226
v -0.319692 0.543270 0.015037
v 0.121863 0.565698 -0.135284
v 0.114369 0.570700 -0.127993
v 0.138815 0.567055 -0.102632
v 0.148475 0.561804 -0.109227
v 0.092059 0.568846 -0.154592
v 0.086310 0.573574 -0.146245
v 0.114369 0.570700 -0.127993
v 0.121863 0.565698 -0.135284
v 0.153239 0.536944 0.133179
v 0.142519 0.541720 0.128135
v 0.120850 0.539641 0.154214
v 0.129683 0.534916 0.160710
v 0.129683 0.534916 0.160710
v 0.120850 0.539641 0.154214
v 0.094556 0.538085 0.173345
v 0.101825 0.533049 0.182874
v 0.081501 0.515777 -0.129939
v 0.093445 0.527672 -0.155772
v 0.123193 0.524611 -0.136125
v 0.106144 0.513362 -0.112310
v 0.106144 0.513362 -0.112310
v 0.123193 0.524611 -0.136125
v 0.149563 0.521261 -0.110088
v 0.127428 0.510685 -0.089606
v 0.109297 0.492097 0.127513
v 0.131314 0.497846 0.157393
v 0.102737 0.496406 0.180636
v 0.085173 0.490878 0.146773
v 0.129281 0.493713 0.104065
v 0.154924 0.499752 0.129356
v 0.131314 0.497846 0.157393
v 0.109297 0.492097 0.127513
v 0.182083 0.552364 -0.031238
v 0.168110 0.557805 -0.028085
v 0.171528 0.552849 0.016020
v 0.186508 0.547457 0.015716
v 0.186508 0.547457 0.015716
v 0.171528 0.552849 0.016020
v 0.168307 0.548325 0.057914
v 0.182685 0.543113 0.060127
v 0.153794 0.504551 -0.026916
v 0.182748 0.513377 -0.033064
v 0.187211 0.509236 0.013073
v 0.157150 0.501346 0.009586
v 0.157150 0.501346 0.009586
v 0.187211 0.509236 0.013073
v 0.183638 0.505460 0.056810
v 0.153837 0.498372 0.044578
v 0.061100 0.571392 -0.168003
v 0.057037 0.575813 -0.158435
v 0.086310 0.573574 -0.146245
v 0.092059 0.568846 -0.154592
v 0.029679 0.573603 -0.176385
v 0.027690 0.577653 -0.165807
v 0.057037 0.575813 -0.158435
v 0.061100 0.571392 -0.168003
v 0.054978 0.517895 -0.142614
v 0.062311 0.530458 -0.169662
v 0.093445 0.527672 -0.155772
v 0.081501 0.515777 -0.129939
v 0.027270 0.519738 -0.150543
v 0.030371 0.533060 -0.178476
v 0.062311 0.530458 -0.169662
v 0.054978 0.517895 -0.142614
v -0.052945 0.578947 -0.186706
v -0.104497 0.582215 -0.187916
v -0.092184 0.584219 -0.173049
v -0.046776 0.581817 -0.173246
v -0.104497 0.582215 -0.187916
v -0.155856 0.585229 -0.182065
v -0.137482 0.586343 -0.167060
v -0.092184 0.584219 -0.173049
v -0.079653 0.525717 -0.153838
v -0.117455 0.527378 -0.145384
v -0.158068 0.547998 -0.184439
v -0.106042 0.544126 -0.190439
v -0.040607 0.523671 -0.156406
v -0.079653 0.525717 -0.153838
v -0.106042 0.544126 -0.190439
v -0.053792 0.539900 -0.189249
v -0.287376 0.588215 -0.094801
v -0.300846 0.586861 -0.068908
v -0.310091 0.584737 -0.041223
v -0.266270 0.584074 -0.035180
v -0.248093 0.587329 -0.083803
v -0.250659 0.588862 -0.136915
v -0.270698 0.588846 -0.117290
v -0.287376 0.588215 -0.094801
v -0.248093 0.587329 -0.083803
v -0.218306 0.588387 -0.123431
v -0.209081 0.527987 -0.073444
v -0.224634 0.525490 -0.034333
v -0.313038 0.549727 -0.044340
v -0.303724 0.551667 -0.071831
v -0.290196 0.552814 -0.097513
v -0.184150 0.528833 -0.105571
v -0.209081 0.527987 -0.073444
v -0.290196 0.552814 -0.097513
v -0.273490 0.553219 -0.119805
v -0.253468 0.552977 -0.139242
v -0.280324 0.556606 0.131534
v -0.262657 0.551075 0.154715
v -0.241949 0.545829 0.175325
v -0.210734 0.551098 0.158705
v -0.242325 0.560305 0.118867
v -0.306194 0.568014 0.077672
v -0.295151 0.562382 0.105528
v -0.280324 0.556606 0.131534
v -0.242325 0.560305 0.118867
v -0.263180 0.569898 0.070651
v -0.205737 0.507841 0.091447
v -0.179825 0.501089 0.125161
v -0.244109 0.511354 0.173193
v -0.265075 0.516634 0.152345
v -0.282982 0.522176 0.128903
v -0.222832 0.514905 0.051580
v -0.205737 0.507841 0.091447
v -0.282982 0.522176 0.128903
v -0.297975 0.527925 0.102677
v -0.309153 0.533510 0.074576
v -0.100864 0.530679 0.226950
v -0.051190 0.529850 0.227157
v -0.044676 0.536492 0.207550
v -0.088270 0.537487 0.206616
v -0.133870 0.531897 0.224133
v -0.100864 0.530679 0.226950
v -0.088270 0.537487 0.206616
v -0.131184 0.539564 0.201290
v -0.078212 0.490622 0.174816
v -0.040014 0.489685 0.178479
v -0.051755 0.494586 0.226014
v -0.101793 0.495672 0.225732
v -0.114438 0.492388 0.166326
v -0.078212 0.490622 0.174816
v -0.101793 0.495672 0.225732
v -0.135044 0.497047 0.222802
v 0.070294 0.531460 0.200618
v 0.064913 0.536995 0.187259
v 0.032714 0.536358 0.197764
v 0.035449 0.530369 0.214070
v 0.101825 0.533049 0.182874
v 0.094556 0.538085 0.173345
v 0.064913 0.536995 0.187259
v 0.070294 0.531460 0.200618
v 0.085173 0.490878 0.146773
v 0.102737 0.496406 0.180636
v 0.070540 0.495339 0.199143
v 0.058201 0.490012 0.161668
v 0.058201 0.490012 0.161668
v 0.070540 0.495339 0.199143
v 0.035440 0.494603 0.212858
v 0.029231 0.489479 0.171986
v 0.171303 0.539575 0.099631
v 0.158589 0.544554 0.095661
v 0.142519 0.541720 0.128135
v 0.153239 0.536944 0.133179
v 0.182685 0.543113 0.060127
v 0.168307 0.548325 0.057914
v 0.158589 0.544554 0.095661
v 0.171303 0.539575 0.099631
v 0.144342 0.495792 0.076384
v 0.172629 0.502257 0.095930
v 0.154924 0.499752 0.129356
v 0.129281 0.493713 0.104065
v 0.153837 0.498372 0.044578
v 0.183638 0.505460 0.056810
v 0.172629 0.502257 0.095930
v 0.144342 0.495792 0.076384
v 0.169292 0.557303 -0.074677
v 0.157321 0.562697 -0.069244
v 0.168110 0.557805 -0.028085
v 0.182083 0.552364 -0.031238
v 0.148475 0.561804 -0.109227
v 0.138815 0.567055 -0.102632
v 0.157321 0.562697 -0.069244
v 0.169292 0.557303 -0.074677
v 0.127428 0.510685 -0.089606
v 0.149563 0.521261 -0.110088
v 0.170106 0.517513 -0.075888
v 0.143765 0.507738 -0.061134
v 0.143765 0.507738 -0.061134
v 0.170106 0.517513 -0.075888
v 0.182748 0.513377 -0.033064
v 0.153794 0.504551 -0.026916
v -0.030014 0.432975 0.072604
v -0.033536 0.434994 0.080862
v -0.048728 0.435056 0.072743
v -0.043664 0.433028 0.065331
v -0.033536 0.434994 0.080862
v -0.036954 0.440445 0.088452
v -0.053555 0.440520 0.079516
v -0.048728 0.435056 0.072743
v -0.036954 0.440445 0.088452
v -0.039353 0.447867 0.093339
v -0.056852 0.447955 0.083836
v -0.053555 0.440520 0.079516
v -0.043664 0.433028 0.065331
v -0.048728 0.435056 0.072743
v -0.061971 0.435113 0.061846
v -0.055584 0.433073 0.055560
v -0.048728 0.435056 0.072743
v -0.053555 0.440520 0.079516
v -0.067956 0.440602 0.067560
v -0.061971 0.435113 0.061846
v -0.053555 0.440520 0.079516
v -0.056852 0.447955 0.083836
v -0.071936 0.448067 0.071172
v -0.067956 0.440602 0.067560
v -0.072603 0.433083 -0.030093
v -0.080710 0.435188 -0.033431
v -0.072607 0.435149 -0.048514
v -0.065332 0.433041 -0.043676
v -0.080710 0.435188 -0.033431
v -0.087887 0.440849 -0.036346
v -0.079008 0.440828 -0.052725
v -0.072607 0.435149 -0.048514
v -0.087887 0.440849 -0.036346
v -0.092211 0.448551 -0.038056
v -0.082821 0.448556 -0.055180
v -0.079008 0.440828 -0.052725
v -0.065332 0.433041 -0.043676
v -0.072607 0.435149 -0.048514
v -0.061730 0.435098 -0.061732
v -0.055559 0.432990 -0.055585
v -0.072607 0.435149 -0.048514
v -0.079008 0.440828 -0.052725
v -0.067129 0.440790 -0.067062
v -0.061730 0.435098 -0.061732
v -0.079008 0.440828 -0.052725
v -0.082821 0.448556 -0.055180
v -0.070311 0.448540 -0.070147
v -0.067129 0.440790 -0.067062
v -0.029987 0.432866 -0.072618
v -0.033306 0.434971 -0.080619
v -0.016793 0.434899 -0.085567
v -0.015106 0.432799 -0.077087
v -0.033306 0.434971 -0.080619
v -0.036175 0.440679 -0.087504
v -0.018244 0.440606 -0.092843
v -0.016793 0.434899 -0.085567
v -0.036175 0.440679 -0.087504
v -0.037824 0.448460 -0.091427
v -0.019070 0.448391 -0.096967
v -0.018244 0.440606 -0.092843
v -0.015106 0.432799 -0.077087
v -0.016793 0.434899 -0.085567
v 0.000317 0.434825 -0.087233
v 0.000309 0.432731 -0.078598
v -0.016793 0.434899 -0.085567
v -0.018244 0.440606 -0.092843
v 0.000338 0.440529 -0.094623
v 0.000317 0.434825 -0.087233
v -0.018244 0.440606 -0.092843
v -0.019070 0.448391 -0.096967
v 0.000367 0.448316 -0.098787
v 0.000338 0.440529 -0.094623
v -0.072617 0.433128 0.030060
v -0.080853 0.435197 0.033441
v -0.085785 0.435216 0.017034
v -0.077081 0.433136 0.015314
v -0.080853 0.435197 0.033441
v -0.088382 0.440751 0.036479
v -0.093668 0.440800 0.018573
v -0.085785 0.435216 0.017034
v -0.088382 0.440751 0.036479
v -0.093185 0.448302 0.038362
v -0.098620 0.448391 0.019521
v -0.093668 0.440800 0.018573
v -0.077081 0.433136 0.015314
v -0.085785 0.435216 0.017034
v -0.087432 0.435221 -0.000015
v -0.078593 0.433131 -0.000018
v -0.085785 0.435216 0.017034
v -0.093668 0.440800 0.018573
v -0.095375 0.440832 -0.000003
v -0.087432 0.435221 -0.000015
v -0.093668 0.440800 0.018573
v -0.098620 0.448391 0.019521
v -0.100292 0.448461 0.000015
v -0.095375 0.440832 -0.000003
v 0.037674 0.447603 0.094010
v 0.036176 0.440163 0.088796
v 0.052575 0.440120 0.080005
v 0.054903 0.447591 0.084788
v 0.036176 0.440163 0.088796
v 0.033419 0.434713 0.080969
v 0.048461 0.434650 0.072895
v 0.052575 0.440120 0.080005
v 0.033419 0.434713 0.080969
v 0.030142 0.432713 0.072625
v 0.043662 0.432649 0.065363
v 0.048461 0.434650 0.072895
v 0.054903 0.447591 0.084788
v 0.052575 0.440120 0.080005
v 0.067066 0.440079 0.068152
v 0.070181 0.447577 0.072324
v 0.052575 0.440120 0.080005
v 0.048461 0.434650 0.072895
v 0.061717 0.434593 0.062028
v 0.067066 0.440079 0.068152
v 0.048461 0.434650 0.072895
v 0.043662 0.432649 0.065363
v 0.055568 0.432590 0.055594
v 0.061717 0.434593 0.062028
v 0.092083 0.447825 -0.036990
v 0.087832 0.440123 -0.035794
v 0.079047 0.440171 -0.052251
v 0.082872 0.447897 -0.054265
v 0.087832 0.440123 -0.035794
v 0.080710 0.434496 -0.033259
v 0.072637 0.434526 -0.048366
v 0.079047 0.440171 -0.052251
v 0.080710 0.434496 -0.033259
v 0.072625 0.432451 -0.030063
v 0.065361 0.432473 -0.043651
v 0.072637 0.434526 -0.048366
v 0.082872 0.447897 -0.054265
v 0.079047 0.440171 -0.052251
v 0.067243 0.440229 -0.066675
v 0.070506 0.447974 -0.069400
v 0.079047 0.440171 -0.052251
v 0.072637 0.434526 -0.048366
v 0.061785 0.434568 -0.061613
v 0.067243 0.440229 -0.066675
v 0.072637 0.434526 -0.048366
v 0.065361 0.432473 -0.043651
v 0.055594 0.432506 -0.055569
v 0.061785 0.434568 -0.061613
v 0.038279 0.448152 -0.091045
v 0.036494 0.440375 -0.087306
v 0.018791 0.440453 -0.092743
v 0.019707 0.448238 -0.096776
v 0.036494 0.440375 -0.087306
v 0.033525 0.434684 -0.080558
v 0.017272 0.434753 -0.085533
v 0.018791 0.440453 -0.092743
v 0.033525 0.434684 -0.080558
v 0.030169 0.432605 -0.072611
v 0.015559 0.432665 -0.077078
v 0.017272 0.434753 -0.085533
v 0.019707 0.448238 -0.096776
v 0.018791 0.440453 -0.092743
v 0.000338 0.440529 -0.094623
v 0.000367 0.448316 -0.098787
v 0.018791 0.440453 -0.092743
v 0.017272 0.434753 -0.085533
v 0.000317 0.434825 -0.087233
v 0.000338 0.440529 -0.094623
v 0.017272 0.434753 -0.085533
v 0.015559 0.432665 -0.077078
v 0.000309 0.432731 -0.078598
v 0.000317 0.434825 -0.087233
v 0.092023 0.447614 0.039703
v 0.087795 0.440043 0.037170
v 0.093233 0.440042 0.019264
v 0.097755 0.447647 0.020862
v 0.087795 0.440043 0.037170
v 0.080689 0.434510 0.033654
v 0.085667 0.434486 0.017247
v 0.093233 0.440042 0.019264
v 0.080689 0.434510 0.033654
v 0.072611 0.432496 0.030096
v 0.077082 0.432466 0.015351
v 0.085667 0.434486 0.017247
v 0.097755 0.447647 0.020862
v 0.093233 0.440042 0.019264
v 0.095082 0.440055 0.000662
v 0.099704 0.447692 0.001303
v 0.093233 0.440042 0.019264
v 0.085667 0.434486 0.017247
v 0.087358 0.434475 0.000192
v 0.095082 0.440055 0.000662
v 0.085667 0.434486 0.017247
v 0.077082 0.432466 0.015351
v 0.078601 0.432448 0.000018
v 0.087358 0.434475 0.000192
v 0.070506 0.447974 -0.069400
v 0.067243 0.440229 -0.066675
v 0.052857 0.440298 -0.078501
v 0.055434 0.448061 -0.081802
v 0.067243 0.440229 -0.066675
v 0.061785 0.434568 -0.061613
v 0.048559 0.434621 -0.072476
v 0.052857 0.440298 -0.078501
v 0.061785 0.434568 -0.061613
v 0.055594 0.432506 -0.055569
v 0.043691 0.432551 -0.065343
v 0.048559 0.434621 -0.072476
v 0.055434 0.448061 -0.081802
v 0.052857 0.440298 -0.078501
v 0.036494 0.440375 -0.087306
v 0.038279 0.448152 -0.091045
v 0.052857 0.440298 -0.078501
v 0.048559 0.434621 -0.072476
v 0.033525 0.434684 -0.080558
v 0.036494 0.440375 -0.087306
v 0.048559 0.434621 -0.072476
v 0.043691 0.432551 -0.065343
v 0.030169 0.432605 -0.072611
v 0.033525 0.434684 -0.080558
v -0.055559 0.432990 -0.055585
v -0.061730 0.435098 -0.061732
v -0.048469 0.435039 -0.072566
v -0.043635 0.432931 -0.065352
v -0.061730 0.435098 -0.061732
v -0.067129 0.440790 -0.067062
v -0.052672 0.440741 -0.078795
v -0.048469 0.435039 -0.072566
v -0.067129 0.440790 -0.067062
v -0.070311 0.448540 -0.070147
v -0.055119 0.448510 -0.082371
v -0.052672 0.440741 -0.078795
v -0.043635 0.432931 -0.065352
v -0.048469 0.435039 -0.072566
v -0.033306 0.434971 -0.080619
v -0.029987 0.432866 -0.072618
v -0.048469 0.435039 -0.072566
v -0.052672 0.440741 -0.078795
v -0.036175 0.440679 -0.087504
v -0.033306 0.434971 -0.080619
v -0.052672 0.440741 -0.078795
v -0.055119 0.448510 -0.082371
v -0.037824 0.448460 -0.091427
v -0.036175 0.440679 -0.087504
v -0.078593 0.433131 -0.000018
v -0.087432 0.435221 -0.000015
v -0.085710 0.435212 -0.017054
v -0.077074 0.433113 -0.015350
v -0.087432 0.435221 -0.000015
v -0.095375 0.440832 -0.000003
v -0.093410 0.440850 -0.018544
v -0.085710 0.435212 -0.017054
v -0.095375 0.440832 -0.000003
v -0.100292 0.448461 0.000015
v -0.098111 0.448517 -0.019421
v -0.093410 0.440850 -0.018544
v -0.077074 0.433113 -0.015350
v -0.085710 0.435212 -0.017054
v -0.080710 0.435188 -0.033431
v -0.072603 0.433083 -0.030093
v -0.085710 0.435212 -0.017054
v -0.093410 0.440850 -0.018544
v -0.087887 0.440849 -0.036346
v -0.080710 0.435188 -0.033431
v -0.093410 0.440850 -0.018544
v -0.098111 0.448517 -0.019421
v -0.092211 0.448551 -0.038056
v -0.087887 0.440849 -0.036346
v -0.055584 0.433073 0.055560
v -0.061971 0.435113 0.061846
v -0.072807 0.435161 0.048569
v -0.065352 0.433106 0.043646
v -0.061971 0.435113 0.061846
v -0.067956 0.440602 0.067560
v -0.079697 0.440682 0.053020
v -0.072807 0.435161 0.048569
v -0.067956 0.440602 0.067560
v -0.071936 0.448067 0.071172
v -0.084176 0.448190 0.055805
v -0.079697 0.440682 0.053020
v -0.065352 0.433106 0.043646
v -0.072807 0.435161 0.048569
v -0.080853 0.435197 0.033441
v -0.072617 0.433128 0.030060
v -0.072807 0.435161 0.048569
v -0.079697 0.440682 0.053020
v -0.088382 0.440751 0.036479
v -0.080853 0.435197 0.033441
v -0.079697 0.440682 0.053020
v -0.084176 0.448190 0.055805
v -0.093185 0.448302 0.038362
v -0.088382 0.440751 0.036479
v 0.000297 0.432848 0.078598
v 0.000245 0.434851 0.087586
v -0.016937 0.434926 0.085871
v -0.015124 0.432914 0.077080
v 0.000245 0.434851 0.087586
v 0.000105 0.440283 0.095941
v -0.018731 0.440370 0.093999
v -0.016937 0.434926 0.085871
v 0.000105 0.440283 0.095941
v -0.000087 0.447688 0.101423
v -0.020023 0.447787 0.099288
v -0.018731 0.440370 0.093999
v -0.015124 0.432914 0.077080
v -0.016937 0.434926 0.085871
v -0.033536 0.434994 0.080862
v -0.030014 0.432975 0.072604
v -0.016937 0.434926 0.085871
v -0.018731 0.440370 0.093999
v -0.036954 0.440445 0.088452
v -0.033536 0.434994 0.080862
v -0.018731 0.440370 0.093999
v -0.020023 0.447787 0.099288
v -0.039353 0.447867 0.093339
v -0.036954 0.440445 0.088452
v -0.000087 0.447688 0.101423
v 0.000105 0.440283 0.095941
v 0.018556 0.440209 0.094170
v 0.019258 0.447618 0.099621
v 0.000105 0.440283 0.095941
v 0.000245 0.434851 0.087586
v 0.017196 0.434778 0.085921
v 0.018556 0.440209 0.094170
v 0.000245 0.434851 0.087586
v 0.000297 0.432848 0.078598
v 0.015541 0.432781 0.077085
v 0.017196 0.434778 0.085921
v 0.019258 0.447618 0.099621
v 0.018556 0.440209 0.094170
v 0.036176 0.440163 0.088796
v 0.037674 0.447603 0.094010
v 0.018556 0.440209 0.094170
v 0.017196 0.434778 0.085921
v 0.033419 0.434713 0.080969
v 0.036176 0.440163 0.088796
v 0.017196 0.434778 0.085921
v 0.015541 0.432781 0.077085
v 0.030142 0.432713 0.072625
v 0.033419 0.434713 0.080969
v 0.070181 0.447577 0.072324
v 0.067066 0.440079 0.068152
v 0.078956 0.440054 0.053678
v 0.082713 0.447587 0.057085
v 0.067066 0.440079 0.068152
v 0.061717 0.434593 0.062028
v 0.072597 0.434546 0.048772
v 0.078956 0.440054 0.053678
v 0.061717 0.434593 0.062028
v 0.055568 0.432590 0.055594
v 0.065341 0.432538 0.043682
v 0.072597 0.434546 0.048772
v 0.082713 0.447587 0.057085
v 0.078956 0.440054 0.053678
v 0.087795 0.440043 0.037170
v 0.092023 0.447614 0.039703
v 0.078956 0.440054 0.053678
v 0.072597 0.434546 0.048772
v 0.080689 0.434510 0.033654
v 0.087795 0.440043 0.037170
v 0.072597 0.434546 0.048772
v 0.065341 0.432538 0.043682
v 0.072611 0.432496 0.030096
v 0.080689 0.434510 0.033654
v 0.099704 0.447692 0.001303
v 0.095082 0.440055 0.000662
v 0.093244 0.440083 -0.017927
v 0.097769 0.447754 -0.018228
v 0.095082 0.440055 0.000662
v 0.087358 0.434475 0.000192
v 0.085675 0.434479 -0.016861
v 0.093244 0.440083 -0.017927
v 0.087358 0.434475 0.000192
v 0.078601 0.432448 0.000018
v 0.077089 0.432443 -0.015316
v 0.085675 0.434479 -0.016861
v 0.097769 0.447754 -0.018228
v 0.093244 0.440083 -0.017927
v 0.087832 0.440123 -0.035794
v 0.092083 0.447825 -0.036990
v 0.093244 0.440083 -0.017927
v 0.085675 0.434479 -0.016861
v 0.080710 0.434496 -0.033259
v 0.087832 0.440123 -0.035794
v 0.085675 0.434479 -0.016861
v 0.077089 0.432443 -0.015316
v 0.072625 0.432451 -0.030063
v 0.080710 0.434496 -0.033259
v -0.000312 0.456346 0.105297
v -0.000087 0.447688 0.101423
v 0.019258 0.447618 0.099621
v 0.019583 0.456240 0.103490
v -0.010117 0.432829 0.051926
v 0.000299 0.432784 0.052949
v 0.000297 0.432848 0.078598
v -0.015124 0.432914 0.077080
v -0.020023 0.447787 0.099288
v -0.000087 0.447688 0.101423
v -0.000312 0.456346 0.105297
v -0.021057 0.456614 0.103051
v 0.000297 0.432848 0.078598
v 0.000299 0.432784 0.052949
v 0.010541 0.432739 0.051931
v 0.015541 0.432781 0.077085
v -0.037449 0.432936 0.037432
v -0.029415 0.432906 0.044016
v -0.043664 0.433028 0.065331
v -0.055584 0.433073 0.055560
v -0.071936 0.448067 0.071172
v -0.056852 0.447955 0.083836
v -0.059560 0.457576 0.087095
v -0.075268 0.458233 0.074004
v -0.044029 0.432958 0.029405
v -0.037449 0.432936 0.037432
v -0.055584 0.433073 0.055560
v -0.065352 0.433106 0.043646
v -0.084176 0.448190 0.055805
v -0.071936 0.448067 0.071172
v -0.075268 0.458233 0.074004
v -0.088024 0.458978 0.058078
v -0.104971 0.461433 0.000046
v -0.100292 0.448461 0.000015
v -0.098620 0.448391 0.019521
v -0.103170 0.460610 0.020367
v -0.051926 0.432963 -0.010341
v -0.052949 0.432975 -0.000012
v -0.078593 0.433131 -0.000018
v -0.077074 0.433113 -0.015350
v -0.098111 0.448517 -0.019421
v -0.100292 0.448461 0.000015
v -0.104971 0.461433 0.000046
v -0.102714 0.462219 -0.020231
v -0.078593 0.433131 -0.000018
v -0.052949 0.432975 -0.000012
v -0.051930 0.432978 0.010317
v -0.077081 0.433136 0.015314
v -0.073614 0.464072 -0.073254
v -0.070311 0.448540 -0.070147
v -0.082821 0.448556 -0.055180
v -0.086725 0.463565 -0.057607
v -0.037432 0.432880 -0.037449
v -0.044016 0.432914 -0.029425
v -0.065332 0.433041 -0.043676
v -0.055559 0.432990 -0.055585
v -0.029396 0.432840 -0.044030
v -0.037432 0.432880 -0.037449
v -0.055559 0.432990 -0.055585
v -0.043635 0.432931 -0.065352
v -0.055119 0.448510 -0.082371
v -0.070311 0.448540 -0.070147
v -0.073614 0.464072 -0.073254
v -0.057667 0.464439 -0.086004
v 0.000427 0.464604 -0.102958
v 0.000367 0.448316 -0.098787
v -0.019070 0.448391 -0.096967
v -0.019914 0.464710 -0.101150
v 0.019707 0.448238 -0.096776
v 0.000367 0.448316 -0.098787
v 0.000427 0.464604 -0.102958
v 0.020725 0.464337 -0.100712
v 0.010553 0.432661 -0.051926
v 0.000307 0.432705 -0.052949
v 0.000309 0.432731 -0.078598
v 0.015559 0.432665 -0.077078
v 0.000307 0.432705 -0.052949
v -0.010105 0.432751 -0.051931
v -0.015106 0.432799 -0.077087
v 0.000309 0.432731 -0.078598
v 0.054903 0.447591 0.084788
v 0.070181 0.447577 0.072324
v 0.072141 0.456878 0.075594
v 0.056243 0.456511 0.088344
v 0.070181 0.447577 0.072324
v 0.082713 0.447587 0.057085
v 0.085252 0.457386 0.059947
v 0.072141 0.456878 0.075594
v 0.029415 0.432650 0.044030
v 0.037432 0.432610 0.037449
v 0.055568 0.432590 0.055594
v 0.043662 0.432649 0.065363
v 0.055568 0.432590 0.055594
v 0.037432 0.432610 0.037449
v 0.044016 0.432575 0.029425
v 0.065341 0.432538 0.043682
v 0.097755 0.447647 0.020862
v 0.099704 0.447692 0.001303
v 0.103498 0.459517 0.002294
v 0.101241 0.458731 0.022571
v 0.103498 0.459517 0.002294
v 0.099704 0.447692 0.001303
v 0.097769 0.447754 -0.018228
v 0.101697 0.460341 -0.018027
v 0.051926 0.432526 0.010341
v 0.052949 0.432514 0.000012
v 0.078601 0.432448 0.000018
v 0.077082 0.432466 0.015351
v 0.052949 0.432514 0.000012
v 0.051930 0.432511 -0.010317
v 0.077089 0.432443 -0.015316
v 0.078601 0.432448 0.000018
v 0.082872 0.447897 -0.054265
v 0.070506 0.447974 -0.069400
v 0.073795 0.462718 -0.071665
v 0.086552 0.461973 -0.055739
v 0.044029 0.432531 -0.029405
v 0.037449 0.432554 -0.037432
v 0.055594 0.432506 -0.055569
v 0.065361 0.432473 -0.043651
v 0.055594 0.432506 -0.055569
v 0.037449 0.432554 -0.037432
v 0.029434 0.432584 -0.044016
v 0.043691 0.432551 -0.065343
v 0.073795 0.462718 -0.071665
v 0.070506 0.447974 -0.069400
v 0.055434 0.448061 -0.081802
v 0.058137 0.463375 -0.084755
v 0.020348 0.432620 -0.048914
v 0.010553 0.432661 -0.051926
v 0.015559 0.432665 -0.077078
v 0.030169 0.432605 -0.072611
v 0.055434 0.448061 -0.081802
v 0.038279 0.448152 -0.091045
v 0.040214 0.463922 -0.094561
v 0.058137 0.463375 -0.084755
v 0.029434 0.432584 -0.044016
v 0.020348 0.432620 -0.048914
v 0.030169 0.432605 -0.072611
v 0.043691 0.432551 -0.065343
v 0.038279 0.448152 -0.091045
v 0.019707 0.448238 -0.096776
v 0.020725 0.464337 -0.100712
v 0.040214 0.463922 -0.094561
v -0.019070 0.448391 -0.096967
v -0.037824 0.448460 -0.091427
v -0.039530 0.464654 -0.095421
v -0.019914 0.464710 -0.101150
v -0.020178 0.432796 -0.048923
v -0.029396 0.432840 -0.044030
v -0.043635 0.432931 -0.065352
v -0.029987 0.432866 -0.072618
v -0.010105 0.432751 -0.051931
v -0.020178 0.432796 -0.048923
v -0.029987 0.432866 -0.072618
v -0.015106 0.432799 -0.077087
v -0.039530 0.464654 -0.095421
v -0.037824 0.448460 -0.091427
v -0.055119 0.448510 -0.082371
v -0.057667 0.464439 -0.086004
v -0.082821 0.448556 -0.055180
v -0.092211 0.448551 -0.038056
v -0.096549 0.462939 -0.039699
v -0.086725 0.463565 -0.057607
v -0.048914 0.432942 -0.020274
v -0.051926 0.432963 -0.010341
v -0.077074 0.433113 -0.015350
v -0.072603 0.433083 -0.030093
v -0.044016 0.432914 -0.029425
v -0.048914 0.432942 -0.020274
v -0.072603 0.433083 -0.030093
v -0.065332 0.433041 -0.043676
v -0.096549 0.462939 -0.039699
v -0.092211 0.448551 -0.038056
v -0.098111 0.448517 -0.019421
v -0.102714 0.462219 -0.020231
v -0.098620 0.448391 0.019521
v -0.093185 0.448302 0.038362
v -0.097443 0.459780 0.039963
v -0.103170 0.460610 0.020367
v -0.048923 0.432973 0.020251
v -0.044029 0.432958 0.029405
v -0.065352 0.433106 0.043646
v -0.072617 0.433128 0.030060
v -0.051930 0.432978 0.010317
v -0.048923 0.432973 0.020251
v -0.072617 0.433128 0.030060
v -0.077081 0.433136 0.015314
v -0.097443 0.459780 0.039963
v -0.093185 0.448302 0.038362
v -0.084176 0.448190 0.055805
v -0.088024 0.458978 0.058078
v -0.056852 0.447955 0.083836
v -0.039353 0.447867 0.093339
v -0.041290 0.457029 0.096901
v -0.059560 0.457576 0.087095
v -0.020196 0.432869 0.048914
v -0.010117 0.432829 0.051926
v -0.015124 0.432914 0.077080
v -0.030014 0.432975 0.072604
v -0.029415 0.432906 0.044016
v -0.020196 0.432869 0.048914
v -0.030014 0.432975 0.072604
v -0.043664 0.433028 0.065331
v -0.041290 0.457029 0.096901
v -0.039353 0.447867 0.093339
v -0.020023 0.447787 0.099288
v -0.021057 0.456614 0.103051
v 0.037674 0.447603 0.094010
v 0.054903 0.447591 0.084788
v 0.056243 0.456511 0.088344
v 0.038454 0.456296 0.097761
v 0.020329 0.432693 0.048923
v 0.029415 0.432650 0.044030
v 0.043662 0.432649 0.065363
v 0.030142 0.432713 0.072625
v 0.019258 0.447618 0.099621
v 0.037674 0.447603 0.094010
v 0.038454 0.456296 0.097761
v 0.019583 0.456240 0.103490
v 0.010541 0.432739 0.051931
v 0.020329 0.432693 0.048923
v 0.030142 0.432713 0.072625
v 0.015541 0.432781 0.077085
v 0.092023 0.447614 0.039703
v 0.097755 0.447647 0.020862
v 0.101241 0.458731 0.022571
v 0.095076 0.458011 0.042039
v 0.048914 0.432547 0.020274
v 0.051926 0.432526 0.010341
v 0.077082 0.432466 0.015351
v 0.072611 0.432496 0.030096
v 0.082713 0.447587 0.057085
v 0.092023 0.447614 0.039703
v 0.095076 0.458011 0.042039
v 0.085252 0.457386 0.059947
v 0.044016 0.432575 0.029425
v 0.048914 0.432547 0.020274
v 0.072611 0.432496 0.030096
v 0.065341 0.432538 0.043682
v 0.092083 0.447825 -0.036990
v 0.082872 0.447897 -0.054265
v 0.086552 0.461973 -0.055739
v 0.095970 0.461170 -0.037623
v 0.048923 0.432517 -0.020251
v 0.044029 0.432531 -0.029405
v 0.065361 0.432473 -0.043651
v 0.072625 0.432451 -0.030063
v 0.097769 0.447754 -0.018228
v 0.092083 0.447825 -0.036990
v 0.095970 0.461170 -0.037623
v 0.101697 0.460341 -0.018027
v 0.051930 0.432511 -0.010317
v 0.048923 0.432517 -0.020251
v 0.072625 0.432451 -0.030063
v 0.077089 0.432443 -0.015316
v -0.164641 0.578887 -0.189566
v -0.111131 0.575327 -0.196255
v -0.112304 0.564828 -0.198257
v -0.166229 0.568483 -0.191441
v -0.018692 0.632923 0.122168
v -0.018162 0.636731 0.119833
v -0.036029 0.637262 0.114651
v -0.037052 0.633573 0.117090
v -0.018162 0.636731 0.119833
v -0.017344 0.638500 0.115788
v -0.034434 0.638850 0.110725
v -0.036029 0.637262 0.114651
v 0.000009 0.632747 0.123642
v 0.000003 0.636615 0.121399
v -0.018162 0.636731 0.119833
v -0.018692 0.632923 0.122168
v 0.000003 0.636615 0.121399
v -0.000003 0.638490 0.117346
v -0.017344 0.638500 0.115788
v -0.018162 0.636731 0.119833
v -0.061027 0.651622 -0.072650
v -0.059859 0.655353 -0.070486
v -0.041337 0.656357 -0.082992
v -0.042142 0.652543 -0.085152
v -0.059859 0.655353 -0.070486
v -0.057413 0.657112 -0.067180
v -0.039547 0.658222 -0.079350
v -0.041337 0.656357 -0.082992
v -0.076872 0.650425 -0.057110
v -0.075338 0.654101 -0.055093
v -0.059859 0.655353 -0.070486
v -0.061027 0.651622 -0.072650
v -0.075338 0.654101 -0.055093
v -0.072325 0.655798 -0.052258
v -0.057413 0.657112 -0.067180
v -0.059859 0.655353 -0.070486
v -0.082406 0.637713 0.080706
v -0.080227 0.641149 0.078548
v -0.090212 0.643042 0.060162
v -0.092621 0.639545 0.061806
v -0.080227 0.641149 0.078548
v -0.076798 0.642408 0.075814
v -0.086403 0.644403 0.058133
v -0.090212 0.643042 0.060162
v -0.069283 0.636065 0.096678
v -0.067428 0.639509 0.094227
v -0.080227 0.641149 0.078548
v -0.082406 0.637713 0.080706
v -0.067428 0.639509 0.094227
v -0.064505 0.640768 0.090932
v -0.076798 0.642408 0.075814
v -0.080227 0.641149 0.078548
v -0.088753 0.648973 -0.039744
v -0.086865 0.652633 -0.038092
v -0.075338 0.654101 -0.055093
v -0.076872 0.650425 -0.057110
v -0.086865 0.652633 -0.038092
v -0.083366 0.654317 -0.035910
v -0.072325 0.655798 -0.052258
v -0.075338 0.654101 -0.055093
v -0.096760 0.647313 -0.020934
v -0.094579 0.650974 -0.019803
v -0.086865 0.652633 -0.038092
v -0.088753 0.648973 -0.039744
v -0.094579 0.650974 -0.019803
v -0.090724 0.652659 -0.018397
v -0.083366 0.654317 -0.035910
v -0.086865 0.652633 -0.038092
v -0.054042 0.634655 0.108724
v -0.052576 0.638198 0.106207
v -0.067428 0.639509 0.094227
v -0.069283 0.636065 0.096678
v -0.052576 0.638198 0.106207
v -0.050278 0.639584 0.102513
v -0.064505 0.640768 0.090932
v -0.067428 0.639509 0.094227
v -0.037052 0.633573 0.117090
v -0.036029 0.637262 0.114651
v -0.052576 0.638198 0.106207
v -0.054042 0.634655 0.108724
v -0.036029 0.637262 0.114651
v -0.034434 0.638850 0.110725
v -0.050278 0.639584 0.102513
v -0.052576 0.638198 0.106207
v -0.021352 0.653169 -0.093307
v -0.020920 0.657060 -0.091211
v 0.000031 0.657367 -0.094150
v 0.000066 0.653442 -0.096210
v -0.020920 0.657060 -0.091211
v -0.019932 0.659038 -0.087343
v 0.000017 0.659397 -0.090188
v 0.000031 0.657367 -0.094150
v -0.042142 0.652543 -0.085152
v -0.041337 0.656357 -0.082992
v -0.020920 0.657060 -0.091211
v -0.021352 0.653169 -0.093307
v -0.041337 0.656357 -0.082992
v -0.039547 0.658222 -0.079350
v -0.019932 0.659038 -0.087343
v -0.020920 0.657060 -0.091211
v -0.099182 0.641508 0.041222
v -0.096671 0.645090 0.040283
v -0.099509 0.647167 0.019837
v -0.101999 0.643529 0.020004
v -0.096671 0.645090 0.040283
v -0.092628 0.646596 0.039097
v -0.095387 0.648783 0.019551
v -0.099509 0.647167 0.019837
v -0.092621 0.639545 0.061806
v -0.090212 0.643042 0.060162
v -0.096671 0.645090 0.040283
v -0.099182 0.641508 0.041222
v -0.090212 0.643042 0.060162
v -0.086403 0.644403 0.058133
v -0.092628 0.646596 0.039097
v -0.096671 0.645090 0.040283
v -0.101170 0.645486 -0.000893
v -0.098791 0.649145 -0.000366
v -0.094579 0.650974 -0.019803
v -0.096760 0.647313 -0.020934
v -0.098791 0.649145 -0.000366
v -0.094732 0.650814 0.000216
v -0.090724 0.652659 -0.018397
v -0.094579 0.650974 -0.019803
v -0.101999 0.643529 0.020004
v -0.099509 0.647167 0.019837
v -0.098791 0.649145 -0.000366
v -0.101170 0.645486 -0.000893
v -0.099509 0.647167 0.019837
v -0.095387 0.648783 0.019551
v -0.094732 0.650814 0.000216
v -0.098791 0.649145 -0.000366
v 0.036840 0.633431 0.116253
v 0.035922 0.637290 0.114260
v 0.018124 0.636753 0.119635
v 0.018620 0.632867 0.121744
v 0.035922 0.637290 0.114260
v 0.034360 0.639139 0.110541
v 0.017316 0.638652 0.115697
v 0.018124 0.636753 0.119635
v 0.018620 0.632867 0.121744
v 0.018124 0.636753 0.119635
v 0.000003 0.636615 0.121399
v 0.000009 0.632747 0.123642
v 0.018124 0.636753 0.119635
v 0.017316 0.638652 0.115697
v -0.000003 0.638490 0.117346
v 0.000003 0.636615 0.121399
v 0.042212 0.652548 -0.085267
v 0.041371 0.656353 -0.083044
v 0.059836 0.655360 -0.070625
v 0.060971 0.651654 -0.072953
v 0.041371 0.656353 -0.083044
v 0.039569 0.658203 -0.079369
v 0.057412 0.657092 -0.067236
v 0.059836 0.655360 -0.070625
v 0.060971 0.651654 -0.072953
v 0.059836 0.655360 -0.070625
v 0.075266 0.654119 -0.055299
v 0.076710 0.650469 -0.057560
v 0.059836 0.655360 -0.070625
v 0.057412 0.657092 -0.067236
v 0.072304 0.655801 -0.052341
v 0.075266 0.654119 -0.055299
v 0.092101 0.639293 0.060956
v 0.089953 0.643014 0.059775
v 0.080011 0.641127 0.077995
v 0.081992 0.637420 0.079506
v 0.089953 0.643014 0.059775
v 0.086232 0.644655 0.057980
v 0.076630 0.642736 0.075577
v 0.080011 0.641127 0.077995
v 0.081992 0.637420 0.079506
v 0.080011 0.641127 0.077995
v 0.067268 0.639500 0.093596
v 0.068988 0.635765 0.095322
v 0.080011 0.641127 0.077995
v 0.076630 0.642736 0.075577
v 0.064363 0.641151 0.090643
v 0.067268 0.639500 0.093596
v 0.076710 0.650469 -0.057560
v 0.075266 0.654119 -0.055299
v 0.086787 0.652655 -0.038290
v 0.088579 0.648997 -0.040179
v 0.075266 0.654119 -0.055299
v 0.072304 0.655801 -0.052341
v 0.083340 0.654360 -0.035987
v 0.086787 0.652655 -0.038290
v 0.088579 0.648997 -0.040179
v 0.086787 0.652655 -0.038290
v 0.094500 0.650992 -0.019942
v 0.096586 0.647296 -0.021244
v 0.086787 0.652655 -0.038290
v 0.083340 0.654360 -0.035987
v 0.090694 0.652745 -0.018446
v 0.094500 0.650992 -0.019942
v 0.068988 0.635765 0.095322
v 0.067268 0.639500 0.093596
v 0.052439 0.638210 0.105647
v 0.053782 0.634411 0.107526
v 0.067268 0.639500 0.093596
v 0.064363 0.641151 0.090643
v 0.050166 0.639959 0.102249
v 0.052439 0.638210 0.105647
v 0.053782 0.634411 0.107526
v 0.052439 0.638210 0.105647
v 0.035922 0.637290 0.114260
v 0.036840 0.633431 0.116253
v 0.052439 0.638210 0.105647
v 0.050166 0.639959 0.102249
v 0.034360 0.639139 0.110541
v 0.035922 0.637290 0.114260
v 0.000066 0.653442 -0.096210
v 0.000031 0.657367 -0.094150
v 0.020980 0.657056 -0.091219
v 0.021478 0.653164 -0.093327
v 0.000031 0.657367 -0.094150
v 0.000017 0.659397 -0.090188
v 0.019964 0.659031 -0.087344
v 0.020980 0.657056 -0.091219
v 0.021478 0.653164 -0.093327
v 0.020980 0.657056 -0.091219
v 0.041371 0.656353 -0.083044
v 0.042212 0.652548 -0.085267
v 0.020980 0.657056 -0.091219
v 0.019964 0.659031 -0.087344
v 0.039569 0.658203 -0.079369
v 0.041371 0.656353 -0.083044
v 0.101629 0.643400 0.019796
v 0.099333 0.647159 0.019745
v 0.096432 0.645070 0.040070
v 0.098689 0.641320 0.040749
v 0.099333 0.647159 0.019745
v 0.095294 0.648935 0.019524
v 0.092489 0.646786 0.039021
v 0.096432 0.645070 0.040070
v 0.098689 0.641320 0.040749
v 0.096432 0.645070 0.040070
v 0.089953 0.643014 0.059775
v 0.092101 0.639293 0.060956
v 0.096432 0.645070 0.040070
v 0.092489 0.646786 0.039021
v 0.086232 0.644655 0.057980
v 0.089953 0.643014 0.059775
v 0.096586 0.647296 -0.021244
v 0.094500 0.650992 -0.019942
v 0.098676 0.649151 -0.000446
v 0.100925 0.645413 -0.001076
v 0.094500 0.650992 -0.019942
v 0.090694 0.652745 -0.018446
v 0.094678 0.650936 0.000194
v 0.098676 0.649151 -0.000446
v 0.100925 0.645413 -0.001076
v 0.098676 0.649151 -0.000446
v 0.099333 0.647159 0.019745
v 0.101629 0.643400 0.019796
v 0.098676 0.649151 -0.000446
v 0.094678 0.650936 0.000194
v 0.095294 0.648935 0.019524
v 0.099333 0.647159 0.019745
v -0.085662 0.652948 -0.016791
v -0.090724 0.652659 -0.018397
v -0.094732 0.650814 0.000216
v -0.089455 0.651079 0.000840
v -0.078716 0.654604 -0.033348
v -0.083366 0.654317 -0.035910
v -0.090724 0.652659 -0.018397
v -0.085662 0.652948 -0.016791
v -0.101322 0.624172 -0.025223
v -0.106722 0.621873 -0.003175
v -0.101170 0.645486 -0.000893
v -0.096760 0.647313 -0.020934
v -0.092130 0.626190 -0.045501
v -0.101322 0.624172 -0.025223
v -0.096760 0.647313 -0.020934
v -0.088753 0.648973 -0.039744
v -0.060866 0.640484 0.087080
v -0.064505 0.640768 0.090932
v -0.050278 0.639584 0.102513
v -0.047438 0.639447 0.098060
v -0.072502 0.642128 0.072685
v -0.076798 0.642408 0.075814
v -0.064505 0.640768 0.090932
v -0.060866 0.640484 0.087080
v -0.075378 0.608416 0.106948
v -0.058851 0.606840 0.117963
v -0.054042 0.634655 0.108724
v -0.069283 0.636065 0.096678
v -0.089435 0.610681 0.090216
v -0.075378 0.608416 0.106948
v -0.069283 0.636065 0.096678
v -0.082406 0.637713 0.080706
v -0.068263 0.656097 -0.048840
v -0.072325 0.655798 -0.052258
v -0.083366 0.654317 -0.035910
v -0.078716 0.654604 -0.033348
v -0.054070 0.657476 -0.063074
v -0.057413 0.657112 -0.067180
v -0.072325 0.655798 -0.052258
v -0.068263 0.656097 -0.048840
v -0.079044 0.627905 -0.063489
v -0.092130 0.626190 -0.045501
v -0.088753 0.648973 -0.039744
v -0.076872 0.650425 -0.057110
v -0.062183 0.629278 -0.078560
v -0.079044 0.627905 -0.063489
v -0.076872 0.650425 -0.057110
v -0.061027 0.651622 -0.072650
v -0.047438 0.639447 0.098060
v -0.050278 0.639584 0.102513
v -0.034434 0.638850 0.110725
v -0.032472 0.638950 0.105843
v -0.058851 0.606840 0.117963
v -0.040358 0.605901 0.124505
v -0.037052 0.633573 0.117090
v -0.054042 0.634655 0.108724
v -0.032472 0.638950 0.105843
v -0.034434 0.638850 0.110725
v -0.017344 0.638500 0.115788
v -0.016345 0.638821 0.110650
v -0.040358 0.605901 0.124505
v -0.020399 0.605489 0.128055
v -0.018692 0.632923 0.122168
v -0.037052 0.633573 0.117090
v -0.018573 0.659653 -0.082301
v -0.019932 0.659038 -0.087343
v -0.039547 0.658222 -0.079350
v -0.037082 0.658707 -0.074700
v -0.021524 0.630836 -0.096901
v -0.042610 0.630260 -0.089932
v -0.042142 0.652543 -0.085152
v -0.021352 0.653169 -0.093307
v -0.037082 0.658707 -0.074700
v -0.039547 0.658222 -0.079350
v -0.057413 0.657112 -0.067180
v -0.054070 0.657476 -0.063074
v -0.042610 0.630260 -0.089932
v -0.062183 0.629278 -0.078560
v -0.061027 0.651622 -0.072650
v -0.042142 0.652543 -0.085152
v -0.087482 0.646633 0.037732
v -0.092628 0.646596 0.039097
v -0.086403 0.644403 0.058133
v -0.081601 0.644253 0.055829
v -0.106276 0.616382 0.045022
v -0.100022 0.613428 0.068960
v -0.092621 0.639545 0.061806
v -0.099182 0.641508 0.041222
v -0.081601 0.644253 0.055829
v -0.086403 0.644403 0.058133
v -0.076798 0.642408 0.075814
v -0.072502 0.642128 0.072685
v -0.100022 0.613428 0.068960
v -0.089435 0.610681 0.090216
v -0.082406 0.637713 0.080706
v -0.092621 0.639545 0.061806
v -0.089455 0.651079 0.000840
v -0.094732 0.650814 0.000216
v -0.095387 0.648783 0.019551
v -0.090084 0.648971 0.019179
v -0.106722 0.621873 -0.003175
v -0.108386 0.619271 0.020401
v -0.101999 0.643529 0.020004
v -0.101170 0.645486 -0.000893
v -0.090084 0.648971 0.019179
v -0.095387 0.648783 0.019551
v -0.092628 0.646596 0.039097
v -0.087482 0.646633 0.037732
v -0.108386 0.619271 0.020401
v -0.106276 0.616382 0.045022
v -0.099182 0.641508 0.041222
v -0.101999 0.643529 0.020004
v 0.017316 0.638652 0.115697
v 0.016310 0.639136 0.110589
v -0.000007 0.638946 0.112124
v -0.000003 0.638490 0.117346
v -0.016345 0.638821 0.110650
v -0.017344 0.638500 0.115788
v -0.000003 0.638490 0.117346
v -0.000007 0.638946 0.112124
v 0.000042 0.605517 0.128605
v 0.020013 0.605928 0.125895
v 0.018620 0.632867 0.121744
v 0.000009 0.632747 0.123642
v -0.020399 0.605489 0.128055
v 0.000042 0.605517 0.128605
v 0.000009 0.632747 0.123642
v -0.018692 0.632923 0.122168
v 0.000017 0.659397 -0.090188
v 0.000016 0.660072 -0.084998
v 0.018605 0.659640 -0.082301
v 0.019964 0.659031 -0.087344
v 0.022031 0.631241 -0.096916
v 0.000270 0.631129 -0.099238
v 0.000066 0.653442 -0.096210
v 0.021478 0.653164 -0.093327
v 0.000016 0.660072 -0.084998
v 0.000017 0.659397 -0.090188
v -0.019932 0.659038 -0.087343
v -0.018573 0.659653 -0.082301
v 0.000270 0.631129 -0.099238
v -0.021524 0.630836 -0.096901
v -0.021352 0.653169 -0.093307
v 0.000066 0.653442 -0.096210
v 0.100433 0.624849 -0.026400
v 0.091267 0.627213 -0.047082
v 0.088579 0.648997 -0.040179
v 0.096586 0.647296 -0.021244
v 0.083340 0.654360 -0.035987
v 0.078705 0.654685 -0.033382
v 0.085642 0.653124 -0.016805
v 0.090694 0.652745 -0.018446
v 0.090694 0.652745 -0.018446
v 0.085642 0.653124 -0.016805
v 0.089418 0.651343 0.000843
v 0.094678 0.650936 0.000194
v 0.105512 0.622179 -0.003907
v 0.100433 0.624849 -0.026400
v 0.096586 0.647296 -0.021244
v 0.100925 0.645413 -0.001076
v 0.073405 0.609721 0.099612
v 0.086890 0.611741 0.083809
v 0.081992 0.637420 0.079506
v 0.068988 0.635765 0.095322
v 0.076630 0.642736 0.075577
v 0.072313 0.642859 0.072556
v 0.060691 0.641324 0.086894
v 0.064363 0.641151 0.090643
v 0.064363 0.641151 0.090643
v 0.060691 0.641324 0.086894
v 0.047302 0.640253 0.097878
v 0.050166 0.639959 0.102249
v 0.057229 0.608037 0.111571
v 0.073405 0.609721 0.099612
v 0.068988 0.635765 0.095322
v 0.053782 0.634411 0.107526
v 0.078281 0.629094 -0.065053
v 0.061904 0.630357 -0.079539
v 0.060971 0.651654 -0.072953
v 0.076710 0.650469 -0.057560
v 0.057412 0.657092 -0.067236
v 0.054081 0.657428 -0.063103
v 0.068260 0.656092 -0.048883
v 0.072304 0.655801 -0.052341
v 0.072304 0.655801 -0.052341
v 0.068260 0.656092 -0.048883
v 0.078705 0.654685 -0.033382
v 0.083340 0.654360 -0.035987
v 0.091267 0.627213 -0.047082
v 0.078281 0.629094 -0.065053
v 0.076710 0.650469 -0.057560
v 0.088579 0.648997 -0.040179
v 0.050166 0.639959 0.102249
v 0.047302 0.640253 0.097878
v 0.032389 0.639558 0.105717
v 0.034360 0.639139 0.110541
v 0.034360 0.639139 0.110541
v 0.032389 0.639558 0.105717
v 0.016310 0.639136 0.110589
v 0.017316 0.638652 0.115697
v 0.039177 0.606755 0.120158
v 0.057229 0.608037 0.111571
v 0.053782 0.634411 0.107526
v 0.036840 0.633431 0.116253
v 0.020013 0.605928 0.125895
v 0.039177 0.606755 0.120158
v 0.036840 0.633431 0.116253
v 0.018620 0.632867 0.121744
v 0.019964 0.659031 -0.087344
v 0.018605 0.659640 -0.082301
v 0.037108 0.658667 -0.074710
v 0.039569 0.658203 -0.079369
v 0.039569 0.658203 -0.079369
v 0.037108 0.658667 -0.074710
v 0.054081 0.657428 -0.063103
v 0.057412 0.657092 -0.067236
v 0.042876 0.631040 -0.090233
v 0.022031 0.631241 -0.096916
v 0.021478 0.653164 -0.093327
v 0.042212 0.652548 -0.085267
v 0.061904 0.630357 -0.079539
v 0.042876 0.631040 -0.090233
v 0.042212 0.652548 -0.085267
v 0.060971 0.651654 -0.072953
v 0.092489 0.646786 0.039021
v 0.087369 0.647062 0.037714
v 0.081438 0.644823 0.055769
v 0.086232 0.644655 0.057980
v 0.086232 0.644655 0.057980
v 0.081438 0.644823 0.055769
v 0.072313 0.642859 0.072556
v 0.076630 0.642736 0.075577
v 0.097141 0.614061 0.064592
v 0.103751 0.616640 0.042733
v 0.098689 0.641320 0.040749
v 0.092101 0.639293 0.060956
v 0.086890 0.611741 0.083809
v 0.097141 0.614061 0.064592
v 0.092101 0.639293 0.060956
v 0.081992 0.637420 0.079506
v 0.094678 0.650936 0.000194
v 0.089418 0.651343 0.000843
v 0.090016 0.649309 0.019182
v 0.095294 0.648935 0.019524
v 0.095294 0.648935 0.019524
v 0.090016 0.649309 0.019182
v 0.087369 0.647062 0.037714
v 0.092489 0.646786 0.039021
v 0.106572 0.619385 0.019471
v 0.105512 0.622179 -0.003907
v 0.100925 0.645413 -0.001076
v 0.101629 0.643400 0.019796
v 0.103751 0.616640 0.042733
v 0.106572 0.619385 0.019471
v 0.101629 0.643400 0.019796
v 0.098689 0.641320 0.040749
v -0.315431 0.536442 0.076372
v -0.309153 0.533510 0.074576
v -0.297975 0.527925 0.102677
v -0.304052 0.530721 0.105047
v -0.319823 0.541703 0.077880
v -0.315431 0.536442 0.076372
v -0.304052 0.530721 0.105047
v -0.308318 0.535889 0.106938
v -0.319823 0.541703 0.077880
v -0.308318 0.535889 0.106938
v -0.309399 0.545931 0.108038
v -0.320891 0.551837 0.078940
v -0.313133 0.566157 0.078692
v -0.318418 0.561684 0.079245
v -0.307041 0.555765 0.108083
v -0.301909 0.560364 0.107093
v -0.306194 0.568014 0.077672
v -0.313133 0.566157 0.078692
v -0.301909 0.560364 0.107093
v -0.295151 0.562382 0.105528
v -0.320891 0.551837 0.078940
v -0.309399 0.545931 0.108038
v -0.307041 0.555765 0.108083
v -0.318418 0.561684 0.079245
v -0.288796 0.524833 0.131821
v -0.282982 0.522176 0.128903
v -0.265075 0.516634 0.152345
v -0.270571 0.519157 0.155768
v -0.292893 0.529906 0.134079
v -0.288796 0.524833 0.131821
v -0.270571 0.519157 0.155768
v -0.274470 0.524138 0.158364
v -0.293986 0.539856 0.135222
v -0.292893 0.529906 0.134079
v -0.274470 0.524138 0.158364
v -0.275576 0.534005 0.159544
v -0.286843 0.554415 0.133620
v -0.291773 0.549682 0.135024
v -0.273544 0.543832 0.159113
v -0.268870 0.548703 0.157306
v -0.280324 0.556606 0.131534
v -0.286843 0.554415 0.133620
v -0.268870 0.548703 0.157306
v -0.262657 0.551075 0.154715
v -0.252177 0.538269 0.180569
v -0.273544 0.543832 0.159113
v -0.275576 0.534005 0.159544
v -0.254005 0.528434 0.181213
v -0.326186 0.546444 0.015634
v -0.319692 0.543270 0.015037
v -0.316567 0.538713 0.045226
v -0.322986 0.541773 0.046430
v -0.330718 0.551874 0.016318
v -0.326186 0.546444 0.015634
v -0.322986 0.541773 0.046430
v -0.327469 0.547122 0.047530
v -0.331783 0.562197 0.017229
v -0.330718 0.551874 0.016318
v -0.327469 0.547122 0.047530
v -0.328534 0.557353 0.048516
v -0.323768 0.576374 0.018283
v -0.329200 0.572098 0.017995
v -0.325988 0.567225 0.049048
v -0.320605 0.571591 0.048910
v -0.316649 0.577971 0.018341
v -0.323768 0.576374 0.018283
v -0.320605 0.571591 0.048910
v -0.313547 0.573307 0.048422
v -0.318418 0.561684 0.079245
v -0.325988 0.567225 0.049048
v -0.328534 0.557353 0.048516
v -0.320891 0.551837 0.078940
v -0.319488 0.553077 -0.044950
v -0.313038 0.549727 -0.044340
v -0.318584 0.546929 -0.014855
v -0.325089 0.550198 -0.014860
v -0.324001 0.558634 -0.045134
v -0.319488 0.553077 -0.044950
v -0.325089 0.550198 -0.014860
v -0.329633 0.555698 -0.014609
v -0.324001 0.558634 -0.045134
v -0.329633 0.555698 -0.014609
v -0.330706 0.566112 -0.013825
v -0.325086 0.569134 -0.044484
v -0.317163 0.583290 -0.042316
v -0.322549 0.579124 -0.043378
v -0.328128 0.576055 -0.012886
v -0.322695 0.580266 -0.012211
v -0.310091 0.584737 -0.041223
v -0.317163 0.583290 -0.042316
v -0.322695 0.580266 -0.012211
v -0.315572 0.581775 -0.011637
v -0.325086 0.569134 -0.044484
v -0.330706 0.566112 -0.013825
v -0.328128 0.576055 -0.012886
v -0.322549 0.579124 -0.043378
v -0.296358 0.556281 -0.099239
v -0.290196 0.552814 -0.097513
v -0.303724 0.551667 -0.071831
v -0.310064 0.555081 -0.073006
v -0.300693 0.561928 -0.100245
v -0.296358 0.556281 -0.099239
v -0.310064 0.555081 -0.073006
v -0.314512 0.560687 -0.073604
v -0.301793 0.572580 -0.099903
v -0.300693 0.561928 -0.100245
v -0.314512 0.560687 -0.073604
v -0.315610 0.571265 -0.073104
v -0.294220 0.586813 -0.096822
v -0.299407 0.582678 -0.098558
v -0.313137 0.581308 -0.071872
v -0.307830 0.585449 -0.070468
v -0.287376 0.588215 -0.094801
v -0.294220 0.586813 -0.096822
v -0.307830 0.585449 -0.070468
v -0.300846 0.586861 -0.068908
v -0.322549 0.579124 -0.043378
v -0.313137 0.581308 -0.071872
v -0.315610 0.571265 -0.073104
v -0.325086 0.569134 -0.044484
v -0.259134 0.556531 -0.141905
v -0.253468 0.552977 -0.139242
v -0.273490 0.553219 -0.119805
v -0.279435 0.556732 -0.122013
v -0.263141 0.562245 -0.143606
v -0.259134 0.556531 -0.141905
v -0.279435 0.556732 -0.122013
v -0.283629 0.562414 -0.123376
v -0.263141 0.562245 -0.143606
v -0.283629 0.562414 -0.123376
v -0.284726 0.573127 -0.123171
v -0.264216 0.573012 -0.143539
v -0.257146 0.587400 -0.139713
v -0.262035 0.583218 -0.142008
v -0.282439 0.583279 -0.121728
v -0.277386 0.587428 -0.119706
v -0.250659 0.588862 -0.136915
v -0.257146 0.587400 -0.139713
v -0.277386 0.587428 -0.119706
v -0.270698 0.588846 -0.117290
v -0.264216 0.573012 -0.143539
v -0.284726 0.573127 -0.123171
v -0.282439 0.583279 -0.121728
v -0.262035 0.583218 -0.142008
v -0.212826 0.554721 -0.171574
v -0.207812 0.551086 -0.168154
v -0.231628 0.552242 -0.155229
v -0.236991 0.555836 -0.158287
v -0.216390 0.560497 -0.173837
v -0.212826 0.554721 -0.171574
v -0.236991 0.555836 -0.158287
v -0.240795 0.561581 -0.160282
v -0.217396 0.571345 -0.173993
v -0.216390 0.560497 -0.173837
v -0.240795 0.561581 -0.160282
v -0.241844 0.572392 -0.160331
v -0.211028 0.585958 -0.169465
v -0.215472 0.581655 -0.172287
v -0.239789 0.582650 -0.158709
v -0.235109 0.586885 -0.156141
v -0.205102 0.587581 -0.165938
v -0.211028 0.585958 -0.169465
v -0.235109 0.586885 -0.156141
v -0.228884 0.588416 -0.152967
v -0.262035 0.583218 -0.142008
v -0.239789 0.582650 -0.158709
v -0.241844 0.572392 -0.160331
v -0.264216 0.573012 -0.143539
v -0.162307 0.551728 -0.188433
v -0.158068 0.547998 -0.184439
v -0.183457 0.549684 -0.177958
v -0.188102 0.553364 -0.181692
v -0.165334 0.557577 -0.191121
v -0.162307 0.551728 -0.188433
v -0.188102 0.553364 -0.181692
v -0.191412 0.559175 -0.184188
v -0.165334 0.557577 -0.191121
v -0.191412 0.559175 -0.184188
v -0.192370 0.570055 -0.184433
v -0.166229 0.568483 -0.191441
v -0.160884 0.583368 -0.186259
v -0.164641 0.578887 -0.189566
v -0.190610 0.580413 -0.182636
v -0.186495 0.584798 -0.179551
v -0.155856 0.585229 -0.182065
v -0.160884 0.583368 -0.186259
v -0.186495 0.584798 -0.179551
v -0.180998 0.586530 -0.175661
v -0.166229 0.568483 -0.191441
v -0.192370 0.570055 -0.184433
v -0.190610 0.580413 -0.182636
v -0.164641 0.578887 -0.189566
v -0.249232 0.513749 0.177085
v -0.244109 0.511354 0.173193
v -0.222271 0.506816 0.190161
v -0.227005 0.509103 0.194450
v -0.252893 0.518643 0.179994
v -0.249232 0.513749 0.177085
v -0.227005 0.509103 0.194450
v -0.230411 0.513921 0.197628
v -0.252893 0.518643 0.179994
v -0.230411 0.513921 0.197628
v -0.231508 0.523650 0.198890
v -0.254005 0.528434 0.181213
v -0.247803 0.543278 0.178387
v -0.252177 0.538269 0.180569
v -0.229876 0.533496 0.198067
v -0.225830 0.538632 0.195550
v -0.241949 0.545829 0.175325
v -0.247803 0.543278 0.178387
v -0.225830 0.538632 0.195550
v -0.220384 0.541351 0.192058
v -0.254005 0.528434 0.181213
v -0.231508 0.523650 0.198890
v -0.229876 0.533496 0.198067
v -0.252177 0.538269 0.180569
v -0.202595 0.505090 0.208731
v -0.198295 0.502895 0.204090
v -0.167476 0.499398 0.215820
v -0.171222 0.501528 0.220800
v -0.205714 0.509844 0.212148
v -0.202595 0.505090 0.208731
v -0.171222 0.501528 0.220800
v -0.173945 0.506232 0.224458
v -0.205714 0.509844 0.212148
v -0.173945 0.506232 0.224458
v -0.174895 0.515875 0.225826
v -0.206783 0.519526 0.213448
v -0.201681 0.534638 0.209643
v -0.205362 0.529390 0.212465
v -0.173669 0.525756 0.224713
v -0.170449 0.531105 0.221590
v -0.196691 0.537507 0.205762
v -0.201681 0.534638 0.209643
v -0.170449 0.531105 0.221590
v -0.166076 0.534114 0.217309
v -0.206783 0.519526 0.213448
v -0.174895 0.515875 0.225826
v -0.173669 0.525756 0.224713
v -0.205362 0.529390 0.212465
v 0.048923 0.432517 -0.020251
v 0.051930 0.432511 -0.010317
v 0.051930 0.458981 -0.010317
v 0.048923 0.458987 -0.020251
v -0.037449 0.459406 0.037432
v -0.044029 0.459429 0.029405
v 0.000057 0.459215 -0.000000
v -0.029415 0.459376 0.044016
v -0.020196 0.459340 0.048914
v -0.029415 0.459376 0.044016
v 0.000057 0.459215 -0.000000
v -0.010117 0.459299 0.051926
v 0.000299 0.459255 0.052949
v -0.010117 0.459299 0.051926
v 0.000057 0.459215 -0.000000
v 0.010541 0.459209 0.051931
v 0.020329 0.459164 0.048923
v 0.010541 0.459209 0.051931
v 0.000057 0.459215 -0.000000
v 0.029415 0.459120 0.044030
v 0.037432 0.459080 0.037449
v 0.029415 0.459120 0.044030
v 0.000057 0.459215 -0.000000
v 0.044016 0.459046 0.029425
v 0.048914 0.459017 0.020274
v 0.044016 0.459046 0.029425
v 0.000057 0.459215 -0.000000
v 0.051926 0.458997 0.010341
v 0.052949 0.458985 0.000012
v 0.051926 0.458997 0.010341
v 0.000057 0.459215 -0.000000
v 0.051930 0.458981 -0.010317
v 0.048923 0.458987 -0.020251
v 0.051930 0.458981 -0.010317
v 0.000057 0.459215 -0.000000
v 0.044029 0.459002 -0.029405
v 0.037449 0.459024 -0.037432
v 0.044029 0.459002 -0.029405
v 0.000057 0.459215 -0.000000
v 0.029434 0.459054 -0.044016
v 0.020348 0.459090 -0.048914
v 0.029434 0.459054 -0.044016
v 0.000057 0.459215 -0.000000
v 0.010553 0.459131 -0.051926
v 0.000307 0.459176 -0.052949
v 0.010553 0.459131 -0.051926
v 0.000057 0.459215 -0.000000
v -0.010105 0.459221 -0.051931
v -0.020178 0.459267 -0.048923
v -0.010105 0.459221 -0.051931
v 0.000057 0.459215 -0.000000
v -0.029396 0.459310 -0.044030
v -0.037432 0.459350 -0.037449
v -0.029396 0.459310 -0.044030
v 0.000057 0.459215 -0.000000
v -0.044016 0.459385 -0.029425
v -0.048914 0.459413 -0.020274
v -0.044016 0.459385 -0.029425
v 0.000057 0.459215 -0.000000
v -0.051926 0.459433 -0.010341
v -0.052949 0.459446 -0.000012
v -0.051926 0.459433 -0.010341
v 0.000057 0.459215 -0.000000
v -0.051930 0.459449 0.010317
v -0.048923 0.459443 0.020251
v -0.051930 0.459449 0.010317
v 0.000057 0.459215 -0.000000
v -0.044029 0.459429 0.029405
v -0.020178 0.432796 -0.048923
v -0.010105 0.432751 -0.051931
v -0.010105 0.459221 -0.051931
v -0.020178 0.459267 -0.048923
v 0.051930 0.432511 -0.010317
v 0.052949 0.432514 0.000012
v 0.052949 0.458985 0.000012
v 0.051930 0.458981 -0.010317
v 0.048914 0.432547 0.020274
v 0.044016 0.432575 0.029425
v 0.044016 0.459046 0.029425
v 0.048914 0.459017 0.020274
v -0.010105 0.432751 -0.051931
v 0.000307 0.432705 -0.052949
v 0.000307 0.459176 -0.052949
v -0.010105 0.459221 -0.051931
v 0.020329 0.432693 0.048923
v 0.010541 0.432739 0.051931
v 0.010541 0.459209 0.051931
v 0.020329 0.459164 0.048923
v 0.044016 0.432575 0.029425
v 0.037432 0.432610 0.037449
v 0.037432 0.459080 0.037449
v 0.044016 0.459046 0.029425
v 0.000299 0.432784 0.052949
v -0.010117 0.432829 0.051926
v -0.010117 0.459299 0.051926
v 0.000299 0.459255 0.052949
v 0.010541 0.432739 0.051931
v 0.000299 0.432784 0.052949
v 0.000299 0.459255 0.052949
v 0.010541 0.459209 0.051931
v -0.037449 0.432936 0.037432
v -0.044029 0.432958 0.029405
v -0.044029 0.459429 0.029405
v -0.037449 0.459406 0.037432
v -0.010117 0.432829 0.051926
v -0.020196 0.432869 0.048914
v -0.020196 0.459340 0.048914
v -0.010117 0.459299 0.051926
v -0.052949 0.432975 -0.000012
v -0.051926 0.432963 -0.010341
v -0.051926 0.459433 -0.010341
v -0.052949 0.459446 -0.000012
v -0.044029 0.432958 0.029405
v -0.048923 0.432973 0.020251
v -0.048923 0.459443 0.020251
v -0.044029 0.459429 0.029405
v -0.048914 0.432942 -0.020274
v -0.044016 0.432914 -0.029425
v -0.044016 0.459385 -0.029425
v -0.048914 0.459413 -0.020274
v -0.051926 0.432963 -0.010341
v -0.048914 0.432942 -0.020274
v -0.048914 0.459413 -0.020274
v -0.051926 0.459433 -0.010341
v -0.037432 0.432880 -0.037449
v -0.029396 0.432840 -0.044030
v -0.029396 0.459310 -0.044030
v -0.037432 0.459350 -0.037449
v -0.044016 0.432914 -0.029425
v -0.037432 0.432880 -0.037449
v -0.037432 0.459350 -0.037449
v -0.044016 0.459385 -0.029425
v 0.020348 0.432620 -0.048914
v 0.029434 0.432584 -0.044016
v 0.029434 0.459054 -0.044016
v 0.020348 0.459090 -0.048914
v -0.029396 0.432840 -0.044030
v -0.020178 0.432796 -0.048923
v -0.020178 0.459267 -0.048923
v -0.029396 0.459310 -0.044030
v -0.020196 0.432869 0.048914
v -0.029415 0.432906 0.044016
v -0.029415 0.459376 0.044016
v -0.020196 0.459340 0.048914
v 0.029434 0.432584 -0.044016
v 0.037449 0.432554 -0.037432
v 0.037449 0.459024 -0.037432
v 0.029434 0.459054 -0.044016
v 0.052949 0.432514 0.000012
v 0.051926 0.432526 0.010341
v 0.051926 0.458997 0.010341
v 0.052949 0.458985 0.000012
v -0.029415 0.432906 0.044016
v -0.037449 0.432936 0.037432
v -0.037449 0.459406 0.037432
v -0.029415 0.459376 0.044016
v 0.000307 0.432705 -0.052949
v 0.010553 0.432661 -0.051926
v 0.010553 0.459131 -0.051926
v 0.000307 0.459176 -0.052949
v 0.051926 0.432526 0.010341
v 0.048914 0.432547 0.020274
v 0.048914 0.459017 0.020274
v 0.051926 0.458997 0.010341
v 0.037449 0.432554 -0.037432
v 0.044029 0.432531 -0.029405
v 0.044029 0.459002 -0.029405
v 0.037449 0.459024 -0.037432
v 0.010553 0.432661 -0.051926
v 0.020348 0.432620 -0.048914
v 0.020348 0.459090 -0.048914
v 0.010553 0.459131 -0.051926
v 0.037432 0.432610 0.037449
v 0.029415 0.432650 0.044030
v 0.029415 0.459120 0.044030
v 0.037432 0.459080 0.037449
v 0.044029 0.432531 -0.029405
v 0.048923 0.432517 -0.020251
v 0.048923 0.458987 -0.020251
v 0.044029 0.459002 -0.029405
v -0.048923 0.432973 0.020251
v -0.051930 0.432978 0.010317
v -0.051930 0.459449 0.010317
v -0.048923 0.459443 0.020251
v 0.029415 0.432650 0.044030
v 0.020329 0.432693 0.048923
v 0.020329 0.459164 0.048923
v 0.029415 0.459120 0.044030
v -0.051930 0.432978 0.010317
v -0.052949 0.432975 -0.000012
v -0.052949 0.459446 -0.000012
v -0.051930 0.459449 0.010317
vn 0.6445 0.5892 0.4873
vn 0.7555 0.5582 0.3430
vn 0.8463 0.3691 0.3841
vn 0.7422 0.3913 0.5440
vn -0.4557 0.8845 -0.0998
vn -0.4694 0.8830 0.0035
vn -0.8444 0.5302 -0.0769
vn -0.8162 0.5280 -0.2347
vn -0.4732 0.8754 0.0989
vn -0.8392 0.5393 0.0706
vn 0.0096 0.6544 -0.7561
vn -0.1046 0.6978 -0.7086
vn -0.1963 0.3572 -0.9132
vn -0.0002 0.3274 -0.9449
vn -0.2961 -0.9551 0.0072
vn -0.2568 -0.9647 0.0586
vn -0.1946 -0.9807 -0.0171
vn -0.2269 -0.9724 -0.0534
vn -0.2078 -0.9717 0.1123
vn -0.1487 -0.9885 0.0259
vn -0.1564 -0.8276 -0.5391
vn -0.2239 -0.8582 -0.4620
vn -0.1588 -0.9173 -0.3652
vn -0.1071 -0.8996 -0.4234
vn -0.2774 -0.8832 -0.3781
vn -0.2032 -0.9316 -0.3015
vn -0.0006 0.9686 -0.2487
vn -0.0318 0.9850 -0.1694
vn -0.1187 0.9542 -0.2746
vn -0.0697 0.9241 -0.3757
vn -0.2999 0.8220 -0.4841
vn -0.2091 0.7619 -0.6130
vn -0.1588 0.9725 -0.1703
vn -0.3749 0.8610 -0.3437
vn -0.3000 0.8220 -0.4841
vn -0.0553 0.9944 -0.0898
vn -0.1588 0.9725 -0.1702
vn -0.0968 0.9669 0.2359
vn -0.0976 0.9501 0.2963
vn -0.2153 0.9147 0.3421
vn -0.2214 0.9414 0.2543
vn -0.4077 0.8141 0.4135
vn -0.4508 0.8423 0.2954
vn -0.1746 0.8765 0.4486
vn -0.3217 0.7719 0.5484
vn -0.0787 0.9284 0.3632
vn -0.3471 -0.3157 -0.8831
vn -0.5048 -0.3370 -0.7947
vn -0.3850 -0.6342 -0.6705
vn -0.2699 -0.5838 -0.7657
vn -0.2699 -0.5839 -0.7656
vn -0.4767 -0.6810 -0.5559
vn -0.2239 -0.8581 -0.4620
vn -0.6422 -0.3609 -0.6762
vn -0.4767 -0.6809 -0.5560
vn -0.8192 -0.4857 0.3050
vn -0.7378 -0.4976 0.4561
vn -0.4860 -0.8356 0.2561
vn -0.5421 -0.8260 0.1542
vn -0.5420 -0.8261 0.1542
vn -0.4859 -0.8356 0.2561
vn -0.4859 -0.8357 0.2561
vn -0.4144 -0.8381 0.3548
vn -0.6286 -0.5048 0.5917
vn -0.3406 -0.4989 0.7969
vn -0.1811 -0.4921 0.8515
vn -0.1246 -0.7954 0.5932
vn -0.2292 -0.8143 0.5332
vn -0.1246 -0.7954 0.5931
vn -0.0508 -0.9657 0.2547
vn -0.0991 -0.9711 0.2173
vn -0.0069 -0.7789 0.6271
vn 0.0039 -0.9598 0.2806
vn -0.0508 -0.9657 0.2548
vn -0.0130 -0.4883 0.8726
vn -0.0049 0.8901 0.4558
vn 0.0195 0.8819 0.4711
vn 0.0088 0.7700 0.6379
vn -0.0336 0.7914 0.6104
vn 0.0096 0.7699 0.6381
vn -0.0235 0.5977 0.8014
vn -0.0969 0.6446 0.7583
vn 0.0618 0.7533 0.6548
vn 0.0606 0.5675 0.8211
vn 0.0195 0.8818 0.4711
vn 0.0551 0.8734 0.4839
vn 0.0088 0.7701 0.6379
vn -0.0224 -0.9914 0.1291
vn -0.0537 -0.9930 0.1054
vn 0.0039 -0.9599 0.2805
vn 0.0102 -0.9894 0.1451
vn -0.3728 0.4159 -0.8295
vn -0.0969 0.6446 0.7584
vn -0.0877 0.3689 0.9253
vn -0.2095 0.4336 0.8764
vn -0.8316 -0.4090 -0.3758
vn -0.8781 -0.4315 -0.2068
vn -0.6048 -0.7746 -0.1850
vn -0.5848 -0.7506 -0.3076
vn -0.3465 -0.9253 -0.1540
vn -0.3377 -0.9149 -0.2210
vn -0.6037 -0.7944 -0.0665
vn -0.3420 -0.9347 -0.0967
vn -0.8913 -0.4522 -0.0320
vn -0.6038 -0.7944 -0.0665
vn -0.0686 0.9973 0.0260
vn -0.0729 0.9946 0.0744
vn -0.1965 0.9791 0.0529
vn -0.1904 0.9816 -0.0114
vn -0.1905 0.9816 -0.0114
vn -0.2039 0.9721 0.1163
vn -0.4731 0.8755 0.0989
vn -0.4693 0.8830 0.0035
vn -0.0797 0.9888 0.1264
vn -0.2633 -0.9537 -0.1452
vn -0.2552 -0.9484 -0.1882
vn -0.2607 -0.9587 -0.1138
vn 0.0606 0.5674 0.8212
vn 0.0451 0.3277 0.9437
vn 0.8239 0.5284 0.2048
vn 0.9132 0.3400 0.2247
vn 0.8537 0.5151 0.0771
vn 0.9442 0.3216 0.0703
vn 0.9132 0.3399 0.2247
vn 0.8012 0.5636 -0.2009
vn 0.7110 0.6066 -0.3557
vn 0.8178 0.3849 -0.4279
vn 0.9008 0.3508 -0.2560
vn 0.4011 -0.9101 0.1041
vn 0.2567 -0.9660 0.0311
vn 0.2155 -0.9734 0.0781
vn 0.3412 -0.9239 0.1729
vn 0.3412 -0.9240 0.1729
vn 0.1725 -0.9784 0.1139
vn 0.2759 -0.9339 0.2272
vn 0.1919 -0.7845 -0.5897
vn 0.1062 -0.8877 -0.4480
vn 0.1628 -0.8991 -0.4064
vn 0.2782 -0.7997 -0.5320
vn 0.2114 -0.9113 -0.3532
vn 0.3513 -0.8177 -0.4561
vn 0.1805 0.8899 -0.4188
vn 0.1993 0.8231 -0.5317
vn 0.3234 0.8109 -0.4878
vn 0.2783 0.8760 -0.3940
vn 0.3234 0.8109 -0.4877
vn 0.4620 0.7942 -0.3948
vn 0.3854 0.8661 -0.3184
vn 0.3234 0.8108 -0.4878
vn 0.4232 0.6547 -0.6263
vn 0.5798 0.6409 -0.5030
vn 0.4620 0.7941 -0.3948
vn 0.2726 0.6490 -0.7103
vn 0.4857 0.8368 0.2526
vn 0.6439 0.7042 0.2991
vn 0.5523 0.7193 0.4213
vn 0.4316 0.8331 0.3460
vn 0.4315 0.8331 0.3460
vn 0.4133 0.7311 0.5428
vn 0.3336 0.8328 0.4418
vn 0.5523 0.7193 0.4214
vn 0.4943 0.6032 0.6259
vn 0.3678 -0.2863 -0.8847
vn 0.3165 -0.5066 -0.8020
vn 0.4550 -0.5187 -0.7239
vn 0.5293 -0.2917 -0.7967
vn 0.4550 -0.5187 -0.7238
vn 0.5760 -0.5356 -0.6175
vn 0.6716 -0.3005 -0.6772
vn 0.4550 -0.5188 -0.7238
vn 0.2783 -0.7997 -0.5320
vn 0.3513 -0.8176 -0.4561
vn 0.5760 -0.5357 -0.6175
vn 0.2782 -0.7997 -0.5321
vn 0.8502 -0.3969 0.3459
vn 0.6975 -0.6682 0.2588
vn 0.6107 -0.6943 0.3807
vn 0.7581 -0.4176 0.5009
vn 0.5051 -0.7158 0.4822
vn 0.6374 -0.4370 0.6346
vn 0.6107 -0.6944 0.3807
vn 0.2760 -0.9339 0.2272
vn 0.6975 -0.6683 0.2588
vn 0.3413 -0.9239 0.1729
vn 0.6107 -0.6944 0.3806
vn 0.3415 -0.4700 0.8139
vn 0.2653 -0.7488 0.6074
vn 0.1292 -0.7641 0.6320
vn 0.1677 -0.4825 0.8597
vn 0.0718 -0.9538 0.2918
vn 0.1430 -0.9475 0.2861
vn 0.1447 0.8510 0.5049
vn 0.1781 0.7321 0.6575
vn 0.1220 0.7401 0.6613
vn 0.0996 0.8636 0.4943
vn 0.1521 0.5562 0.8170
vn 0.2353 0.5666 0.7897
vn 0.1430 -0.9475 0.2860
vn 0.0918 -0.9844 0.1501
vn 0.0501 -0.9870 0.1527
vn 0.0039 -0.9598 0.2805
vn 0.8717 -0.3239 -0.3677
vn 0.7459 -0.5721 -0.3412
vn 0.7858 -0.5894 -0.1873
vn 0.9213 -0.3386 -0.1910
vn 0.7907 -0.6114 -0.0307
vn 0.9343 -0.3563 -0.0071
vn 0.4807 -0.8619 -0.1616
vn 0.4777 -0.8760 -0.0664
vn 0.7907 -0.6115 -0.0307
vn 0.7458 -0.5722 -0.3412
vn 0.4574 -0.8497 -0.2624
vn 0.5215 0.8496 -0.0787
vn 0.6616 0.7381 -0.1321
vn 0.7040 0.7101 -0.0096
vn 0.5357 0.8440 0.0243
vn 0.5358 0.8440 0.0243
vn 0.7126 0.6957 0.0905
vn 0.5289 0.8426 0.1011
vn 0.8478 0.5276 -0.0534
vn 0.6617 0.7381 -0.1321
vn 0.2926 -0.9321 -0.2135
vn 0.3121 -0.9392 -0.1434
vn 0.3105 -0.9471 -0.0813
vn 0.5799 0.6409 -0.5030
vn 0.6936 0.4108 -0.5917
vn -0.5229 0.4748 -0.7080
vn -0.3729 0.4159 -0.8294
vn 0.4240 0.9049 0.0358
vn 0.4028 0.9098 0.1002
vn 0.4326 0.8999 -0.0553
vn 0.5357 0.8441 0.0243
vn 0.0843 0.9193 0.3845
vn 0.0479 0.9250 0.3770
vn 0.1259 0.9094 0.3964
vn 0.3363 0.8957 0.2910
vn 0.2733 0.8899 0.3653
vn 0.3658 0.9048 0.2181
vn 0.2642 0.8987 -0.3501
vn 0.3483 0.8939 -0.2822
vn 0.1824 0.9112 -0.3693
vn -0.0116 0.9990 0.0442
vn -0.0162 0.9962 0.0860
vn -0.0231 0.9908 0.1334
vn 0.0066 0.9326 0.3609
vn 0.0223 0.9290 0.3694
vn -0.0049 0.8901 0.4557
vn 0.0219 0.9291 0.3693
vn -0.0372 0.9729 0.2282
vn -0.0393 0.9617 0.2714
vn -0.0305 0.9494 0.3127
vn 0.0317 0.9806 -0.1935
vn 0.0088 0.9927 -0.1200
vn -0.0052 0.9986 -0.0517
vn -0.6504 0.5126 -0.5606
vn -0.5229 0.4748 -0.7079
vn 0.2726 0.6489 -0.7103
vn 0.1350 0.6418 -0.7549
vn 0.1956 0.3396 -0.9200
vn 0.3754 0.3773 -0.8466
vn 0.1169 0.9278 -0.3542
vn 0.1046 0.9074 -0.4071
vn 0.0788 0.9461 -0.3140
vn 0.0581 0.9271 -0.3703
vn 0.0080 -0.2891 -0.9573
vn 0.0100 -0.5108 -0.8596
vn 0.1648 -0.5020 -0.8490
vn 0.1920 -0.2850 -0.9391
vn 0.3165 -0.5065 -0.8020
vn 0.0946 -0.7753 -0.6244
vn 0.0100 -0.5109 -0.8596
vn 0.0010 -0.7788 -0.6273
vn 0.0313 0.8591 -0.5109
vn 0.1010 0.8376 -0.5369
vn 0.0313 0.8590 -0.5109
vn 0.0010 -0.7789 -0.6272
vn -0.0108 -0.8768 -0.4807
vn 0.0436 -0.8788 -0.4752
vn 0.0946 -0.7754 -0.6244
vn 0.1956 0.3397 -0.9200
vn 0.9414 0.3256 -0.0876
vn 0.9443 0.3216 0.0703
vn 0.0555 0.9644 -0.2585
vn 0.0287 0.9482 -0.3163
vn -0.1744 -0.2993 -0.9381
vn -0.1366 -0.5392 -0.8311
vn -0.1366 -0.5392 -0.8310
vn -0.0808 -0.7980 -0.5973
vn -0.2699 -0.5839 -0.7657
vn -0.0808 -0.7980 -0.5972
vn -0.1367 -0.5392 -0.8310
vn -0.0204 0.8894 -0.4566
vn -0.0697 0.9241 -0.3758
vn -0.0204 0.8895 -0.4566
vn -0.0571 -0.8845 -0.4630
vn 0.8013 0.5636 -0.2009
vn 0.9414 0.3257 -0.0876
vn -0.4267 0.8788 -0.2136
vn -0.7514 0.5263 -0.3981
vn -0.6504 0.5126 -0.5605
vn -0.0095 1.0000 0.0012
vn -0.0651 0.9976 -0.0256
vn -0.3149 -0.9015 -0.2969
vn -0.2354 -0.9413 -0.2419
vn -0.0651 0.9975 -0.0256
vn -0.1809 0.9800 -0.0826
vn -0.7526 -0.3853 -0.5340
vn -0.5429 -0.7198 -0.4327
vn -0.4768 -0.6809 -0.5559
vn -0.5429 -0.7198 -0.4326
vn -0.4268 0.8788 -0.2136
vn -0.7514 0.5262 -0.3981
vn -0.4731 0.8754 0.0989
vn -0.4688 0.8622 0.1920
vn -0.8042 0.5555 0.2113
vn -0.8391 0.5393 0.0706
vn -0.0307 0.9827 0.1826
vn -0.0886 0.9795 0.1807
vn -0.4509 0.8423 0.2954
vn -0.7385 0.5723 0.3565
vn -0.3217 0.7718 0.5484
vn -0.1978 0.7085 0.6774
vn -0.3501 0.5073 0.7875
vn -0.5098 0.5605 0.6526
vn -0.8711 -0.4704 0.1411
vn -0.5822 -0.8117 0.0469
vn -0.3250 -0.9447 -0.0444
vn -0.2136 0.9599 0.1815
vn -0.4687 0.8622 0.1920
vn -0.2214 0.9415 0.2543
vn -0.2489 -0.9647 -0.0857
vn -0.2269 -0.9725 -0.0534
vn -0.2095 0.4337 0.8764
vn -0.3500 0.5073 0.7875
vn 0.3421 0.5897 0.7316
vn 0.4508 0.3633 0.8153
vn 0.3145 0.3297 0.8901
vn -0.0124 0.9392 0.3432
vn -0.0386 0.9050 0.4236
vn -0.0122 0.9391 0.3433
vn -0.1519 -0.9740 0.1682
vn -0.0978 -0.9928 0.0689
vn -0.0383 0.9049 0.4239
vn -0.0972 0.8283 0.5518
vn -0.0969 0.6447 0.7583
vn -0.6285 -0.5048 0.5917
vn -0.4936 -0.5050 0.7080
vn -0.3274 -0.8306 0.4504
vn -0.3274 -0.8307 0.4504
vn -0.2292 -0.8144 0.5332
vn -0.2292 -0.8143 0.5333
vn 0.1881 0.8961 0.4021
vn 0.2185 0.8383 0.4996
vn 0.2759 -0.9340 0.2272
vn 0.1316 -0.9817 0.1376
vn 0.2097 -0.9413 0.2647
vn 0.2674 0.7314 0.6273
vn 0.2185 0.8382 0.4996
vn 0.4133 0.7311 0.5429
vn 0.6373 -0.4370 0.6347
vn 0.3890 -0.7331 0.5579
vn 0.4967 -0.4542 0.7396
vn 0.3889 -0.7331 0.5579
vn 0.2097 -0.9412 0.2647
vn 0.3889 -0.7332 0.5579
vn 0.4943 0.6032 0.6260
vn 0.6037 0.3905 0.6950
vn 0.4508 0.3634 0.8153
vn -0.6419 0.5783 0.5036
vn 0.3834 0.9102 0.1566
vn 0.5133 0.8408 0.1720
vn 0.5289 0.8427 0.1011
vn 0.9344 -0.3563 -0.0071
vn 0.7598 -0.6390 0.1202
vn 0.9100 -0.3760 0.1749
vn 0.7597 -0.6390 0.1202
vn 0.7597 -0.6391 0.1202
vn 0.4492 -0.8931 0.0234
vn 0.4012 -0.9101 0.1041
vn 0.4493 -0.8931 0.0234
vn 0.5290 0.8426 0.1011
vn 0.6941 0.6949 0.1879
vn 0.4858 0.8368 0.2526
vn 0.2907 -0.9565 -0.0228
vn -0.5099 0.5605 0.6526
vn -0.6419 0.5782 0.5036
vn 0.5410 0.4089 -0.7349
vn 0.6936 0.4108 -0.5918
vn 0.4093 0.8960 -0.1724
vn 0.4719 0.8580 -0.2028
vn 0.2558 -0.9229 -0.2877
vn 0.4119 -0.8352 -0.3644
vn 0.4573 -0.8497 -0.2624
vn 0.5802 0.7691 -0.2680
vn 0.5803 0.7691 -0.2680
vn 0.4621 0.7941 -0.3948
vn 0.6745 -0.5545 -0.4875
vn 0.7876 -0.3113 -0.5317
vn 0.7458 -0.5721 -0.3413
vn 0.7458 -0.5721 -0.3412
vn 0.4119 -0.8352 -0.3645
vn 0.0606 0.5675 0.8212
vn 0.1842 0.3143 0.9313
vn 0.3145 0.3297 0.8902
vn 0.4944 0.6032 0.6259
vn 0.7422 0.3914 0.5441
vn 0.6038 0.3905 0.6950
vn 0.0443 0.9677 -0.2482
vn 0.0181 0.7598 -0.6499
vn -0.0534 0.7911 -0.6094
vn 0.0196 0.9876 -0.1556
vn -0.0260 0.3522 -0.9356
vn -0.1336 0.3697 -0.9195
vn -0.3169 0.0811 -0.9450
vn -0.4325 0.0847 -0.8976
vn -0.3812 0.4200 -0.8236
vn -0.2755 0.3980 -0.8750
vn 0.0012 0.9920 -0.1260
vn -0.1385 0.8296 -0.5410
vn -0.1956 0.8541 -0.4819
vn 0.0033 0.9980 -0.0636
vn -0.1385 0.8295 -0.5411
vn -0.2755 0.3981 -0.8750
vn -0.6435 0.3919 0.6575
vn -0.7151 0.4110 0.5654
vn -0.8334 0.0205 0.5523
vn -0.7532 0.0102 0.6577
vn -0.0458 0.9616 0.2707
vn -0.3366 0.8022 0.4931
vn -0.3012 0.7826 0.5449
vn -0.0320 0.9601 0.2778
vn -0.3366 0.8022 0.4932
vn -0.6435 0.3920 0.6575
vn -0.5663 0.3747 0.7341
vn -0.3012 0.7825 0.5449
vn -0.5639 -0.0031 0.8259
vn -0.4399 -0.0071 0.8980
vn -0.3735 0.3406 0.8628
vn -0.4789 0.3584 0.8014
vn -0.0409 0.9485 0.3141
vn -0.2586 0.7632 0.5922
vn -0.2047 0.7420 0.6384
vn -0.0224 0.9483 0.3166
vn -0.2586 0.7631 0.5923
vn -0.4789 0.3585 0.8013
vn -0.7401 -0.3880 0.5492
vn -0.6610 -0.3931 0.6392
vn -0.6655 0.0023 0.7464
vn -0.5666 -0.3948 0.7232
vn -0.4474 -0.3907 0.8045
vn -0.5639 -0.0032 0.8259
vn -0.5082 -0.8267 0.2415
vn -0.4612 -0.8341 0.3026
vn -0.5081 -0.8268 0.2415
vn -0.2150 -0.9757 -0.0415
vn -0.1904 -0.9812 -0.0301
vn -0.4612 -0.8341 0.3025
vn -0.0495 0.0741 -0.9960
vn -0.0678 -0.2079 -0.9758
vn -0.1782 -0.2164 -0.9599
vn -0.1640 0.0768 -0.9835
vn -0.4028 -0.8400 0.3636
vn -0.3253 -0.8414 0.4315
vn -0.4473 -0.3907 0.8045
vn -0.1756 -0.9845 -0.0011
vn -0.1405 -0.9899 0.0173
vn -0.3238 -0.2321 -0.9172
vn -0.4323 -0.2438 -0.8682
vn -0.0678 -0.2080 -0.9758
vn -0.0858 -0.6295 -0.7722
vn -0.1683 -0.6478 -0.7430
vn -0.1782 -0.2165 -0.9599
vn -0.0858 -0.6296 -0.7721
vn -0.0943 -0.9008 -0.4238
vn -0.1442 -0.9209 -0.3620
vn 0.0368 0.3040 0.9520
vn -0.0402 0.3059 0.9512
vn -0.0524 -0.0083 0.9986
vn 0.0342 -0.0084 0.9994
vn -0.2696 -0.6744 -0.6874
vn -0.3401 -0.6919 -0.6369
vn -0.1711 -0.9259 -0.3368
vn -0.1909 -0.9370 -0.2926
vn 0.0083 0.9270 0.3750
vn -0.0158 0.6992 0.7148
vn 0.0341 0.6957 0.7176
vn 0.0240 0.9233 0.3834
vn -0.0158 0.6991 0.7149
vn 0.0341 0.6956 0.7176
vn 0.1430 -0.0081 0.9897
vn 0.1357 0.3044 0.9428
vn 0.0368 0.3039 0.9520
vn 0.1019 0.6942 0.7126
vn 0.0527 0.9195 0.3896
vn 0.1357 0.3045 0.9428
vn 0.1019 0.6941 0.7126
vn -0.0524 -0.0085 0.9986
vn -0.0591 -0.3633 0.9298
vn 0.0282 -0.3603 0.9324
vn 0.0282 -0.3604 0.9324
vn 0.1347 -0.3599 0.9232
vn 0.1430 -0.0082 0.9897
vn -0.0536 -0.8206 0.5689
vn 0.0111 -0.8143 0.5804
vn -0.0536 -0.8207 0.5688
vn -0.0411 -0.9932 0.1090
vn -0.0129 -0.9913 0.1311
vn 0.0111 -0.8143 0.5803
vn -0.8095 0.4997 -0.3081
vn -0.7490 0.4930 -0.4426
vn -0.8486 0.0952 -0.5205
vn -0.9198 0.0933 -0.3812
vn 0.0866 -0.8103 0.5796
vn 0.1347 -0.3600 0.9232
vn 0.0184 -0.9892 0.1451
vn -0.0224 0.9982 0.0560
vn -0.3900 0.9148 -0.1050
vn -0.4090 0.9122 -0.0232
vn -0.0122 0.9962 0.0868
vn -0.8095 0.4998 -0.3081
vn -0.8489 0.4998 -0.1719
vn -0.4091 0.9122 -0.0232
vn -0.9918 0.0813 -0.0987
vn -0.9965 0.0706 0.0445
vn -0.8702 0.4827 0.0986
vn -0.8686 0.4941 -0.0380
vn -0.0296 0.9937 0.1081
vn -0.4203 0.9056 0.0575
vn -0.4245 0.8943 0.1415
vn -0.0191 0.9903 0.1377
vn -0.4204 0.9055 0.0575
vn -0.8702 0.4828 0.0986
vn -0.9198 0.0932 -0.3812
vn -0.8720 -0.3002 -0.3866
vn -0.9142 -0.3104 -0.2604
vn -0.9670 0.0886 -0.2389
vn -0.9370 -0.3209 -0.1379
vn -0.9428 -0.3330 -0.0134
vn -0.9918 0.0812 -0.0987
vn -0.5854 -0.7557 -0.2938
vn -0.6065 -0.7638 -0.2207
vn -0.9142 -0.3105 -0.2604
vn -0.5853 -0.7557 -0.2938
vn -0.2594 -0.9515 -0.1657
vn -0.2535 -0.9563 -0.1457
vn -0.6065 -0.7639 -0.2207
vn 0.4783 0.0576 -0.8763
vn 0.3335 0.0638 -0.9406
vn 0.3355 0.3302 -0.8823
vn 0.4730 0.3269 -0.8182
vn -0.9370 -0.3210 -0.1379
vn -0.6175 -0.7716 -0.1526
vn -0.6201 -0.7798 -0.0859
vn -0.9428 -0.3331 -0.0134
vn -0.2630 -0.9559 -0.1310
vn -0.2521 -0.9603 -0.1193
vn 0.6145 0.3261 -0.7184
vn 0.6283 0.0499 -0.7764
vn 0.2904 0.6816 -0.6716
vn 0.4003 0.6732 -0.6218
vn 0.2110 0.8842 -0.4166
vn 0.2925 0.8717 -0.3932
vn 0.4003 0.6732 -0.6217
vn 0.8266 -0.0090 0.5628
vn 0.9281 -0.0051 0.3724
vn 0.8706 0.3155 0.3775
vn 0.7748 0.3067 0.5528
vn 0.4730 0.3269 -0.8181
vn 0.5100 0.6749 -0.5333
vn 0.6145 0.3262 -0.7183
vn 0.3708 0.8704 -0.3239
vn 0.6961 -0.0112 0.7178
vn 0.8265 -0.0090 0.5628
vn 0.6529 0.2979 0.6964
vn 0.6374 0.7023 0.3170
vn 0.5757 0.6852 0.4462
vn 0.7748 0.3068 0.5528
vn 0.3678 0.9027 0.2233
vn 0.3433 0.8899 0.3003
vn 0.7857 -0.3529 0.5080
vn 0.8820 -0.3408 0.3255
vn 0.8266 -0.0090 0.5627
vn 0.5757 0.6851 0.4462
vn 0.4903 0.6703 0.5570
vn 0.2920 0.8808 0.3727
vn 0.4903 0.6704 0.5570
vn 0.2542 -0.9668 0.0260
vn 0.6144 -0.7674 0.1835
vn 0.5384 -0.7847 0.3071
vn 0.2131 -0.9742 0.0740
vn 0.6145 -0.7673 0.1836
vn 0.7857 -0.3530 0.5080
vn 0.5385 -0.7847 0.3071
vn 0.6623 -0.3587 0.6577
vn 0.6962 -0.0112 0.7178
vn 0.2130 -0.9742 0.0740
vn 0.4493 -0.7949 0.4077
vn 0.1709 -0.9791 0.1106
vn 0.6623 -0.3588 0.6577
vn 0.4434 -0.2410 -0.8633
vn 0.3040 -0.2288 -0.9248
vn 0.0882 -0.8941 -0.4391
vn 0.2045 -0.6465 -0.7350
vn 0.3074 -0.6629 -0.6827
vn 0.1419 -0.9047 -0.4018
vn 0.4434 -0.2411 -0.8633
vn 0.5873 -0.2551 -0.7681
vn 0.1419 -0.9046 -0.4018
vn 0.4111 -0.6803 -0.6068
vn 0.1908 -0.9159 -0.3531
vn 0.2816 -0.0082 0.9595
vn 0.4255 -0.0092 0.9049
vn 0.3976 0.3009 0.8668
vn 0.2635 0.3041 0.9155
vn 0.2635 0.3040 0.9155
vn 0.1430 -0.0080 0.9897
vn 0.2816 -0.0081 0.9595
vn 0.2913 0.6825 0.6703
vn 0.1926 0.6910 0.6967
vn 0.1484 0.9035 0.4021
vn 0.0956 0.9141 0.3941
vn 0.2686 -0.3594 0.8937
vn 0.4057 -0.3595 0.8404
vn 0.1926 0.6910 0.6968
vn 0.1926 0.6911 0.6967
vn 0.0527 0.9195 0.3895
vn 0.0950 -0.9845 0.1473
vn 0.2735 -0.8030 0.5296
vn 0.1793 -0.8066 0.5633
vn 0.0561 -0.9869 0.1510
vn 0.2735 -0.8029 0.5296
vn 0.4057 -0.3595 0.8403
vn 0.1793 -0.8065 0.5634
vn 0.0561 -0.9869 0.1511
vn 0.9819 0.0146 -0.1888
vn 0.9177 0.0263 -0.3964
vn 0.8796 0.3251 -0.3474
vn 0.9353 0.3211 -0.1487
vn 0.9353 0.3210 -0.1487
vn 0.9471 0.3201 0.0219
vn 0.9999 0.0062 -0.0087
vn 0.8795 0.3251 -0.3474
vn 0.6831 0.6971 -0.2178
vn 0.7068 0.7045 -0.0638
vn 0.4456 0.8916 -0.0809
vn 0.4325 0.9014 0.0188
vn 0.9320 -0.2966 -0.2082
vn 0.8681 -0.2851 -0.4064
vn 0.7004 0.7109 0.0636
vn 0.9471 0.3202 0.0219
vn 0.7068 0.7046 -0.0638
vn 0.4326 0.9014 0.0188
vn 0.4074 0.9087 0.0911
vn 0.2817 -0.9351 -0.2149
vn 0.6181 -0.7086 -0.3404
vn 0.6694 -0.7165 -0.1960
vn 0.3047 -0.9413 -0.1452
vn 0.6695 -0.7165 -0.1960
vn 0.9999 0.0061 -0.0087
vn 0.9501 -0.3097 -0.0367
vn 0.3048 -0.9413 -0.1452
vn 0.6812 -0.7287 -0.0712
vn 0.3053 -0.9484 -0.0852
vn 0.9320 -0.2967 -0.2082
vn 0.6813 -0.7286 -0.0712
vn 0.2033 0.0679 -0.9768
vn 0.1231 0.0701 -0.9899
vn 0.1366 0.3351 -0.9322
vn 0.2122 0.3333 -0.9186
vn 0.3355 0.3301 -0.8823
vn 0.1366 0.3352 -0.9322
vn 0.1347 0.7088 -0.6924
vn 0.1931 0.6942 -0.6934
vn 0.2122 0.3334 -0.9186
vn 0.1022 0.9231 -0.3708
vn 0.1422 0.9022 -0.4071
vn 0.1781 -0.2177 -0.9596
vn 0.1002 -0.2088 -0.9728
vn 0.2904 0.6816 -0.6717
vn 0.2110 0.8843 -0.4166
vn -0.0107 -0.8817 -0.4716
vn 0.0473 -0.6191 -0.7839
vn 0.1089 -0.6307 -0.7684
vn 0.0322 -0.8851 -0.4642
vn 0.1002 -0.2089 -0.9728
vn 0.1089 -0.6306 -0.7684
vn 0.0322 -0.8851 -0.4643
vn 0.0749 0.3392 -0.9377
vn 0.0577 0.0718 -0.9957
vn 0.1022 0.9231 -0.3707
vn 0.0892 0.7285 -0.6792
vn 0.0754 0.9457 -0.3162
vn 0.0749 0.3393 -0.9377
vn -0.0260 0.3521 -0.9356
vn 0.0443 0.9677 -0.2483
vn -0.0260 0.3522 -0.9355
vn 0.0181 0.7598 -0.6500
vn 0.1002 -0.2087 -0.9728
vn 0.0362 -0.2044 -0.9782
vn 0.0577 0.0718 -0.9958
vn -0.0044 -0.6171 -0.7869
vn -0.0477 -0.8873 -0.4588
vn -0.4785 0.4407 -0.7595
vn -0.3812 0.4199 -0.8236
vn -0.4325 0.0848 -0.8976
vn -0.5403 0.0885 -0.8368
vn -0.0044 -0.6170 -0.7869
vn -0.0858 -0.6296 -0.7722
vn -0.0044 -0.6171 -0.7868
vn -0.0943 -0.9008 -0.4239
vn -0.0120 0.9984 -0.0544
vn -0.2435 0.8744 -0.4196
vn -0.2887 0.8918 -0.3483
vn -0.0023 1.0000 -0.0063
vn -0.2435 0.8744 -0.4197
vn -0.4785 0.4408 -0.7595
vn -0.5768 0.4615 -0.6740
vn -0.2888 0.8918 -0.3483
vn -0.7544 0.0945 -0.6495
vn -0.8486 0.0951 -0.5205
vn -0.6678 0.4796 -0.5693
vn -0.0167 0.9998 0.0047
vn -0.3284 0.9047 -0.2715
vn -0.3633 0.9125 -0.1880
vn -0.0063 0.9991 0.0413
vn -0.6677 0.4796 -0.5693
vn -0.7490 0.4931 -0.4426
vn -0.5320 -0.2544 -0.8076
vn -0.6324 -0.2658 -0.7276
vn -0.6507 0.0920 -0.7537
vn -0.7254 -0.2775 -0.6299
vn -0.8089 -0.2894 -0.5118
vn -0.8486 0.0950 -0.5205
vn -0.4013 -0.7067 -0.5827
vn -0.4592 -0.7210 -0.5190
vn -0.2145 -0.9374 -0.2743
vn -0.2241 -0.9456 -0.2359
vn -0.8538 0.4673 0.2295
vn -0.9965 0.0707 0.0445
vn -0.9814 0.0580 0.1829
vn -0.5098 -0.7340 -0.4487
vn -0.5534 -0.7459 -0.3707
vn -0.8089 -0.2895 -0.5117
vn -0.2431 -0.9455 -0.2166
vn -0.2447 -0.9518 -0.1850
vn -0.0372 0.9850 0.1683
vn -0.4208 0.8794 0.2228
vn -0.4100 0.8620 0.2981
vn -0.0262 0.9815 0.1898
vn -0.4208 0.8793 0.2228
vn -0.8216 0.4495 0.3507
vn -0.8990 0.0322 0.4368
vn -0.7151 0.4111 0.5654
vn -0.7750 0.4306 0.4626
vn -0.0436 0.9740 0.2221
vn -0.3921 0.8431 0.3680
vn -0.3677 0.8230 0.4330
vn -0.0314 0.9711 0.2364
vn -0.3922 0.8431 0.3680
vn -0.9322 -0.3456 0.1075
vn -0.9064 -0.3580 0.2241
vn -0.9485 0.0450 0.3136
vn -0.8659 -0.3697 0.3369
vn -0.8104 -0.3799 0.4461
vn -0.6145 -0.7886 -0.0211
vn -0.6011 -0.7980 0.0436
vn -0.9064 -0.3581 0.2241
vn -0.6145 -0.7887 -0.0211
vn -0.2572 -0.9604 -0.1069
vn -0.2418 -0.9656 -0.0955
vn -0.2908 -0.0085 0.9568
vn -0.1336 -0.0086 0.9910
vn -0.1104 0.3099 0.9443
vn -0.2463 0.3241 0.9134
vn -0.8659 -0.3698 0.3369
vn -0.5792 -0.8079 0.1090
vn -0.5485 -0.8176 0.1754
vn -0.8103 -0.3799 0.4461
vn -0.2419 -0.9671 -0.0782
vn -0.2217 -0.9729 -0.0656
vn -0.5484 -0.8176 0.1754
vn -0.0200 0.9354 0.3529
vn -0.1361 0.7223 0.6780
vn -0.0585 0.7049 0.7069
vn -0.0048 0.9356 0.3531
vn -0.1361 0.7223 0.6781
vn -0.1104 0.3100 0.9443
vn -0.0158 0.6991 0.7148
vn 0.0083 0.9270 0.3749
vn -0.3001 -0.3815 0.8743
vn -0.1406 -0.3686 0.9189
vn -0.1336 -0.0087 0.9910
vn -0.2908 -0.0085 0.9567
vn -0.0524 -0.0084 0.9986
vn -0.3001 -0.3816 0.8742
vn -0.2263 -0.8380 0.4965
vn -0.1148 -0.8276 0.5495
vn -0.2263 -0.8381 0.4964
vn -0.1104 -0.9922 0.0577
vn -0.0829 -0.9940 0.0717
vn 0.5605 -0.0109 0.8281
vn 0.5244 0.2966 0.7982
vn -0.1406 -0.3687 0.9189
vn -0.1148 -0.8275 0.5495
vn -0.1148 -0.8276 0.5494
vn -0.0829 -0.9940 0.0718
vn 0.5605 -0.0108 0.8281
vn 0.5244 0.2965 0.7982
vn 0.3907 0.6712 0.6300
vn 0.5244 0.2966 0.7981
vn 0.2163 0.8880 0.4058
vn 0.3906 0.6712 0.6300
vn 0.5341 -0.3599 0.7650
vn 0.5243 0.2966 0.7982
vn 0.3976 0.3010 0.8668
vn 0.3606 -0.7999 0.4797
vn 0.1319 -0.9821 0.1344
vn 0.4493 -0.7949 0.4078
vn 0.6623 -0.3589 0.6577
vn 0.5341 -0.3600 0.7649
vn 0.4057 -0.3594 0.8404
vn 0.5341 -0.3600 0.7650
vn 0.9844 -0.0003 0.1762
vn 0.9272 0.3193 0.1958
vn 0.9272 0.3194 0.1958
vn 0.6774 0.7112 0.1881
vn 0.4073 0.9087 0.0911
vn 0.3854 0.9096 0.1553
vn 0.6773 0.7113 0.1881
vn 0.9355 -0.3251 0.1387
vn 0.6773 0.7112 0.1881
vn 0.8706 0.3156 0.3775
vn 0.6374 0.7024 0.3170
vn 0.6812 -0.7286 -0.0712
vn 0.6631 -0.7466 0.0539
vn 0.2871 -0.9575 -0.0284
vn 0.9354 -0.3252 0.1387
vn 0.8820 -0.3407 0.3255
vn 0.9354 -0.3251 0.1387
vn 0.6144 -0.7673 0.1835
vn 0.6145 -0.7673 0.1835
vn 0.7871 0.0394 -0.6156
vn 0.6146 0.3261 -0.7183
vn 0.7616 0.3274 -0.5593
vn 0.6146 0.3262 -0.7183
vn 0.6123 0.6864 -0.3923
vn 0.4265 0.8801 -0.2085
vn 0.7404 -0.2709 -0.6152
vn 0.7616 0.3274 -0.5592
vn 0.4266 0.8801 -0.2084
vn 0.1909 -0.9159 -0.3531
vn 0.5214 -0.6971 -0.4921
vn 0.2390 -0.9267 -0.2898
vn 0.5215 -0.6971 -0.4921
vn 0.2390 -0.9268 -0.2898
vn 0.5215 -0.6971 -0.4920
vn -0.0052 0.9987 -0.0517
vn 0.0033 0.9980 -0.0635
vn 0.0196 0.9876 -0.1555
vn 0.0012 0.9920 -0.1259
vn -0.1442 -0.9210 -0.3620
vn -0.1909 -0.9370 -0.2925
vn -0.1104 -0.9922 0.0576
vn -0.0129 -0.9913 0.1310
vn 0.0754 0.9457 -0.3161
vn 0.1422 0.9023 -0.4071
vn -0.0477 -0.8873 -0.4587
vn -0.0107 -0.8818 -0.4716
vn -0.0121 0.9962 0.0868
vn -0.2629 -0.9559 -0.1310
vn -0.2520 -0.9603 -0.1193
vn -0.2571 -0.9604 -0.1069
vn 0.4265 0.8802 -0.2084
vn 0.2114 -0.9114 -0.3532
vn 0.2130 -0.9743 0.0740
vn 0.0882 -0.8941 -0.4390
vn 0.0882 -0.8942 -0.4390
vn -0.2593 -0.9515 -0.1657
vn -0.0435 0.9741 0.2221
vn -0.2150 -0.9757 -0.0416
vn -0.0122 0.9392 0.3433
vn -0.0411 -0.9932 0.1089
vn -0.0307 -0.9974 0.0648
vn -0.1581 -0.9144 0.3726
vn -0.2288 -0.9139 0.3353
vn -0.0429 -0.9974 0.0584
vn -0.1581 -0.9144 0.3727
vn -0.2673 -0.7253 0.6344
vn -0.3883 -0.7242 0.5699
vn -0.2288 -0.9139 0.3354
vn -0.3398 -0.4930 0.8009
vn -0.4943 -0.4891 0.7186
vn -0.2921 -0.9127 0.2857
vn -0.0537 -0.9973 0.0499
vn -0.2289 -0.9139 0.3353
vn -0.4963 -0.7206 0.4842
vn -0.2921 -0.9127 0.2858
vn -0.6318 -0.4805 0.6082
vn -0.0710 -0.9971 -0.0271
vn -0.4009 -0.9010 -0.1661
vn -0.3642 -0.8993 -0.2423
vn -0.0647 -0.9971 -0.0397
vn -0.4009 -0.9009 -0.1661
vn -0.6794 -0.6755 -0.2866
vn -0.6168 -0.6681 -0.4162
vn -0.3642 -0.8992 -0.2423
vn -0.6794 -0.6754 -0.2866
vn -0.8468 -0.3855 -0.3665
vn -0.7654 -0.3704 -0.5263
vn -0.0646 -0.9971 -0.0398
vn -0.3124 -0.8978 -0.3104
vn -0.0559 -0.9971 -0.0509
vn -0.3642 -0.8992 -0.2424
vn -0.5282 -0.6616 -0.5322
vn -0.6524 -0.3571 -0.6685
vn -0.5283 -0.6616 -0.5322
vn -0.0321 -0.9972 -0.0670
vn -0.1719 -0.8957 -0.4101
vn -0.0895 -0.8951 -0.4367
vn -0.0185 -0.9973 -0.0713
vn -0.1719 -0.8956 -0.4102
vn -0.2886 -0.6511 -0.7020
vn -0.1481 -0.6477 -0.7474
vn -0.0895 -0.8951 -0.4368
vn -0.2886 -0.6510 -0.7021
vn -0.3527 -0.3361 -0.8733
vn -0.1786 -0.3296 -0.9271
vn -0.0031 -0.8948 -0.4464
vn -0.0043 -0.9973 -0.0728
vn -0.0003 -0.6453 -0.7639
vn -0.0031 -0.8948 -0.4465
vn 0.0043 -0.3250 -0.9457
vn -0.0695 -0.9972 0.0275
vn -0.3864 -0.9090 0.1563
vn -0.4135 -0.9070 0.0796
vn -0.0740 -0.9972 0.0144
vn -0.6561 -0.7074 0.2628
vn -0.7018 -0.7000 0.1321
vn -0.6562 -0.7074 0.2628
vn -0.8307 -0.4523 0.3245
vn -0.8857 -0.4363 0.1587
vn -0.7019 -0.6999 0.1321
vn -0.4254 -0.9050 -0.0018
vn -0.0757 -0.9971 0.0005
vn -0.7218 -0.6921 -0.0068
vn -0.9075 -0.4197 -0.0171
vn 0.3347 -0.4916 0.8039
vn 0.2638 -0.7237 0.6377
vn 0.3861 -0.7169 0.5805
vn 0.4878 -0.4783 0.7303
vn 0.1525 -0.9146 0.3745
vn 0.2243 -0.9131 0.3406
vn 0.1525 -0.9146 0.3744
vn 0.0225 -0.9976 0.0650
vn 0.0347 -0.9977 0.0589
vn 0.4967 -0.7098 0.4994
vn 0.6261 -0.4635 0.6270
vn 0.2890 -0.9115 0.2928
vn 0.2243 -0.9131 0.3405
vn 0.0455 -0.9977 0.0505
vn 0.2889 -0.9115 0.2927
vn 0.8605 -0.3616 -0.3589
vn 0.6919 -0.6620 -0.2880
vn 0.6269 -0.6561 -0.4202
vn 0.7786 -0.3490 -0.5216
vn 0.6918 -0.6621 -0.2880
vn 0.4022 -0.9000 -0.1680
vn 0.3641 -0.8984 -0.2454
vn 0.0629 -0.9976 -0.0272
vn 0.0564 -0.9976 -0.0399
vn 0.3641 -0.8985 -0.2453
vn 0.7785 -0.3490 -0.5216
vn 0.5356 -0.6513 -0.5375
vn 0.6647 -0.3387 -0.6659
vn 0.6268 -0.6561 -0.4202
vn 0.3107 -0.8972 -0.3139
vn 0.3640 -0.8985 -0.2454
vn 0.0475 -0.9976 -0.0511
vn 0.3639 -0.3244 -0.8731
vn 0.2925 -0.6444 -0.7065
vn 0.1493 -0.6438 -0.7505
vn 0.1884 -0.3226 -0.9276
vn 0.2925 -0.6445 -0.7065
vn 0.1686 -0.8951 -0.4128
vn 0.0846 -0.8947 -0.4386
vn 0.0240 -0.9974 -0.0672
vn 0.0101 -0.9974 -0.0715
vn -0.0003 -0.6453 -0.7640
vn -0.0003 -0.6454 -0.7639
vn 0.0846 -0.8947 -0.4385
vn 0.0101 -0.9974 -0.0716
vn 0.8351 -0.4290 0.3443
vn 0.6654 -0.6936 0.2761
vn 0.7141 -0.6855 0.1422
vn 0.8943 -0.4114 0.1762
vn 0.6653 -0.6937 0.2761
vn 0.3871 -0.9077 0.1619
vn 0.4154 -0.9058 0.0835
vn 0.7140 -0.6855 0.1422
vn 0.0615 -0.9977 0.0279
vn 0.0660 -0.9977 0.0146
vn 0.4153 -0.9058 0.0835
vn 0.7141 -0.6854 0.1422
vn 0.7356 -0.6774 -0.0006
vn 0.9191 -0.3940 -0.0027
vn 0.4280 -0.9038 -0.0000
vn 0.0661 -0.9977 0.0146
vn 0.0679 -0.9977 0.0007
vn 0.4279 -0.9038 -0.0000
vn 0.4227 -0.6472 -0.6344
vn 0.5243 -0.3301 -0.7849
vn 0.5356 -0.6514 -0.5375
vn 0.2447 -0.8960 -0.3706
vn 0.4226 -0.6473 -0.6344
vn 0.3106 -0.8972 -0.3139
vn 0.0365 -0.9975 -0.0603
vn 0.2447 -0.8960 -0.3705
vn 0.4226 -0.6472 -0.6345
vn 0.2925 -0.6445 -0.7064
vn -0.0558 -0.9971 -0.0509
vn -0.2474 -0.8966 -0.3673
vn -0.0449 -0.9972 -0.0602
vn -0.4173 -0.6558 -0.6292
vn -0.2474 -0.8966 -0.3674
vn -0.5282 -0.6616 -0.5323
vn -0.6524 -0.3570 -0.6685
vn -0.5127 -0.3452 -0.7861
vn -0.4173 -0.6557 -0.6292
vn -0.0448 -0.9972 -0.0602
vn -0.2474 -0.8965 -0.3674
vn -0.4173 -0.6557 -0.6293
vn -0.3527 -0.3360 -0.8733
vn -0.4213 -0.9029 -0.0849
vn -0.0747 -0.9971 -0.0135
vn -0.7217 -0.6921 -0.0068
vn -0.7145 -0.6838 -0.1483
vn -0.4214 -0.9029 -0.0849
vn -0.8945 -0.4023 -0.1949
vn -0.7146 -0.6837 -0.1483
vn -0.7145 -0.6837 -0.1483
vn -0.6794 -0.6755 -0.2865
vn -0.3453 -0.9110 0.2256
vn -0.0627 -0.9972 0.0395
vn -0.5866 -0.7146 0.3812
vn -0.7452 -0.4675 0.4756
vn -0.5866 -0.7145 0.3812
vn -0.3863 -0.9090 0.1563
vn -0.6561 -0.7075 0.2628
vn -0.5867 -0.7145 0.3812
vn -0.7452 -0.4675 0.4755
vn -0.0044 -0.9975 0.0699
vn -0.0050 -0.9155 0.4022
vn -0.0830 -0.9148 0.3952
vn -0.0178 -0.9975 0.0687
vn -0.0067 -0.7284 0.6851
vn -0.1396 -0.7262 0.6731
vn -0.0830 -0.9148 0.3953
vn -0.0102 -0.5005 0.8657
vn -0.1782 -0.4962 0.8497
vn -0.1396 -0.7262 0.6732
vn -0.0178 -0.9975 0.0686
vn 0.1307 -0.7284 0.6726
vn 0.1657 -0.5004 0.8498
vn -0.0050 -0.9155 0.4023
vn 0.0749 -0.9157 0.3949
vn -0.0044 -0.9975 0.0700
vn 0.0093 -0.9976 0.0687
vn 0.0749 -0.9157 0.3948
vn 0.0093 -0.9976 0.0688
vn 0.1525 -0.9147 0.3744
vn 0.4968 -0.7098 0.4994
vn 0.5916 -0.7020 0.3965
vn 0.7444 -0.4468 0.4962
vn 0.2890 -0.9114 0.2928
vn 0.3442 -0.9096 0.2325
vn 0.2890 -0.9115 0.2927
vn 0.0546 -0.9977 0.0400
vn 0.3441 -0.9097 0.2325
vn 0.6653 -0.6936 0.2761
vn 0.3442 -0.9097 0.2325
vn 0.7357 -0.6774 -0.0006
vn 0.7284 -0.6694 -0.1462
vn 0.9078 -0.3770 -0.1840
vn 0.4236 -0.9018 -0.0850
vn 0.0678 -0.9977 0.0007
vn 0.0667 -0.9977 -0.0135
vn 0.4235 -0.9019 -0.0850
vn 0.9077 -0.3770 -0.1840
vn 0.6919 -0.6621 -0.2880
vn 0.4023 -0.9000 -0.1680
vn 0.0630 -0.9976 -0.0272
vn -0.0046 -1.0000 0.0025
vn -0.0042 -1.0000 0.0025
vn -0.0041 -1.0000 0.0025
vn -0.0055 -1.0000 0.0021
vn -0.0052 -1.0000 0.0023
vn -0.6286 -0.5047 0.5917
vn -0.0059 -1.0000 0.0016
vn -0.0057 -1.0000 0.0019
vn -0.0627 -0.9973 0.0395
vn -0.8914 -0.4522 -0.0320
vn -0.0061 -1.0000 0.0002
vn -0.0061 -1.0000 0.0006
vn -0.0061 -1.0000 0.0009
vn -0.0061 -1.0000 0.0012
vn -0.0057 -1.0000 -0.0004
vn -0.0058 -1.0000 -0.0001
vn -0.0646 -0.9971 -0.0397
vn -0.0055 -1.0000 -0.0006
vn -0.0042 -1.0000 -0.0010
vn -0.0045 -1.0000 -0.0010
vn 0.6374 -0.4370 0.6347
vn -0.0035 -1.0000 0.0023
vn -0.0032 -1.0000 0.0021
vn -0.0030 -1.0000 0.0019
vn -0.0028 -1.0000 0.0016
vn -0.0026 -1.0000 0.0009
vn -0.0026 -1.0000 0.0006
vn -0.0026 -1.0000 0.0005
vn -0.0030 -1.0000 -0.0004
vn -0.0033 -1.0000 -0.0006
vn -0.0039 -1.0000 -0.0009
vn 0.0240 -0.9975 -0.0672
vn 0.5243 -0.3301 -0.7850
vn 0.3639 -0.3243 -0.8731
vn -0.0035 -1.0000 -0.0008
vn -0.0038 -1.0000 -0.0010
vn 0.3639 -0.3243 -0.8732
vn -0.0052 -1.0000 -0.0008
vn -0.0054 -1.0000 -0.0006
vn -0.0048 -1.0000 -0.0010
vn -0.0060 -1.0000 -0.0001
vn -0.0060 -1.0000 0.0003
vn -0.0057 -1.0000 -0.0003
vn -0.0060 -1.0000 0.0002
vn -0.0059 -1.0000 0.0015
vn -0.0061 -1.0000 0.0010
vn -0.0060 -1.0000 0.0013
vn -0.4943 -0.4891 0.7187
vn -0.4936 -0.5050 0.7081
vn -0.0051 -1.0000 0.0024
vn -0.0047 -1.0000 0.0024
vn -0.0049 -1.0000 0.0024
vn -0.3406 -0.4989 0.7970
vn -0.0039 -1.0000 0.0025
vn -0.0027 -1.0000 0.0013
vn -0.0026 -1.0000 0.0010
vn 0.7877 -0.3113 -0.5317
vn -0.0028 -1.0000 -0.0001
vn -0.0027 -1.0000 0.0002
vn 0.0629 -0.9977 -0.0272
vn -0.0495 0.0742 -0.9960
vn -0.1317 0.2659 0.9550
vn -0.1045 0.7594 0.6422
vn -0.1930 0.7907 0.5809
vn -0.2809 0.3247 0.9031
vn -0.1045 0.7594 0.6421
vn -0.0303 0.9757 0.2169
vn -0.0377 0.9834 0.1777
vn -0.1930 0.7908 0.5809
vn 0.0286 0.2270 0.9735
vn 0.0044 0.7374 0.6754
vn -0.0031 0.9698 0.2438
vn -0.0303 0.9757 0.2168
vn -0.5977 0.2817 -0.7506
vn -0.4416 0.7583 -0.4796
vn -0.3386 0.7415 -0.5792
vn -0.4347 0.2521 -0.8646
vn -0.4416 0.7583 -0.4795
vn -0.1868 0.9723 -0.1405
vn -0.1552 0.9677 -0.1989
vn -0.3386 0.7416 -0.5792
vn -0.7339 0.2942 -0.6123
vn -0.5227 0.7666 -0.3729
vn -0.4417 0.7583 -0.4795
vn -0.5226 0.7667 -0.3729
vn -0.2074 0.9745 -0.0859
vn -0.1868 0.9723 -0.1404
vn -0.7358 0.4168 0.5337
vn -0.4076 0.8395 0.3594
vn -0.4846 0.8246 0.2919
vn -0.8416 0.3840 0.3798
vn -0.4075 0.8395 0.3594
vn -0.0371 0.9903 0.1340
vn -0.0746 0.9868 0.1436
vn -0.5986 0.4213 0.6813
vn -0.3357 0.8396 0.4271
vn -0.3356 0.8396 0.4271
vn -0.0240 0.9913 0.1294
vn -0.8447 0.2904 -0.4496
vn -0.5893 0.7668 -0.2543
vn -0.7339 0.2941 -0.6123
vn -0.5893 0.7669 -0.2543
vn -0.2226 0.9744 -0.0312
vn -0.5227 0.7667 -0.3729
vn -0.9181 0.2841 -0.2764
vn -0.6305 0.7654 -0.1292
vn -0.6304 0.7655 -0.1292
vn -0.2262 0.9738 0.0228
vn -0.4363 0.3866 0.8125
vn -0.2658 0.8217 0.5042
vn -0.3356 0.8396 0.4272
vn -0.5986 0.4214 0.6813
vn -0.2657 0.8217 0.5042
vn -0.0299 0.9891 0.1438
vn -0.2810 0.3248 0.9031
vn -0.4363 0.3867 0.8125
vn -0.0299 0.9892 0.1438
vn -0.2350 0.2176 -0.9473
vn -0.1949 0.7226 -0.6632
vn -0.0001 0.7150 -0.6992
vn -0.0014 0.2032 -0.9791
vn -0.0970 0.9623 -0.2541
vn 0.0001 0.9602 -0.2793
vn -0.0001 0.7150 -0.6991
vn -0.4347 0.2522 -0.8646
vn -0.3386 0.7415 -0.5793
vn -0.1552 0.9676 -0.1989
vn -0.9146 0.3395 0.2196
vn -0.5602 0.8014 0.2096
vn -0.6158 0.7804 0.1088
vn -0.9509 0.3037 0.0600
vn -0.1282 0.9818 0.1402
vn -0.1791 0.9771 0.1149
vn -0.6157 0.7805 0.1088
vn -0.4845 0.8246 0.2919
vn -0.9524 0.2863 -0.1048
vn -0.6397 0.7686 -0.0065
vn -0.9181 0.2842 -0.2764
vn -0.2126 0.9744 0.0728
vn -0.2263 0.9738 0.0228
vn -0.6304 0.7654 -0.1292
vn -0.9524 0.2862 -0.1048
vn -0.6157 0.7804 0.1088
vn 0.3498 0.2173 0.9113
vn 0.2283 0.7353 0.6382
vn 0.1205 0.7297 0.6731
vn 0.1936 0.2107 0.9582
vn 0.2283 0.7353 0.6381
vn 0.0577 0.9700 0.2363
vn 0.0312 0.9679 0.2494
vn 0.1205 0.7296 0.6731
vn 0.4252 0.2723 -0.8632
vn 0.3335 0.7490 -0.5725
vn 0.4340 0.7677 -0.4715
vn 0.5890 0.3093 -0.7466
vn 0.3335 0.7490 -0.5724
vn 0.1532 0.9688 -0.1950
vn 0.1831 0.9735 -0.1368
vn 0.5171 0.7729 -0.3678
vn 0.7301 0.3163 -0.6057
vn 0.2056 0.9748 -0.0860
vn 0.8734 0.2789 0.3991
vn 0.5527 0.7699 0.3190
vn 0.4849 0.7746 0.4060
vn 0.7788 0.2867 0.5579
vn 0.1369 0.9764 0.1670
vn 0.1066 0.9785 0.1763
vn 0.7788 0.2866 0.5579
vn 0.4108 0.7676 0.4920
vn 0.6525 0.2730 0.7069
vn 0.0887 0.9777 0.1903
vn 0.4107 0.7676 0.4920
vn 0.5911 0.7654 -0.2545
vn 0.8458 0.2970 -0.4431
vn 0.2057 0.9748 -0.0860
vn 0.2279 0.9730 -0.0362
vn 0.8459 0.2970 -0.4430
vn 0.6432 0.7541 -0.1325
vn 0.9240 0.2713 -0.2693
vn 0.2422 0.9701 0.0157
vn 0.6432 0.7542 -0.1325
vn 0.3245 0.7511 0.5749
vn 0.5021 0.2432 0.8299
vn 0.4107 0.7677 0.4920
vn 0.0752 0.9742 0.2129
vn 0.3245 0.7512 0.5749
vn 0.3245 0.7511 0.5750
vn 0.3498 0.2172 0.9113
vn 0.0577 0.9700 0.2362
vn -0.0014 0.2033 -0.9791
vn -0.0001 0.7149 -0.6992
vn 0.1932 0.7261 -0.6599
vn 0.2295 0.2264 -0.9466
vn 0.0968 0.9628 -0.2523
vn 0.4252 0.2724 -0.8632
vn 0.1932 0.7261 -0.6598
vn 0.0968 0.9628 -0.2522
vn 0.9656 0.2497 0.0718
vn 0.6537 0.7485 0.1113
vn 0.6132 0.7582 0.2217
vn 0.9361 0.2612 0.2357
vn 0.2175 0.9692 0.1155
vn 0.1784 0.9725 0.1497
vn 0.6131 0.7582 0.2217
vn 0.9361 0.2611 0.2357
vn 0.8735 0.2789 0.3991
vn 0.6131 0.7583 0.2217
vn 0.1370 0.9764 0.1670
vn 0.9241 0.2713 -0.2693
vn 0.6646 0.7472 -0.0089
vn 0.9626 0.2534 -0.0959
vn 0.2400 0.9684 0.0678
vn 0.6645 0.7472 -0.0089
vn 0.9656 0.2498 0.0718
vn 0.2401 0.9684 0.0678
vn -0.0785 0.9942 0.0737
vn -0.2261 0.9738 0.0228
vn -0.0586 0.9936 0.0969
vn -0.0873 0.9951 0.0469
vn -0.8162 0.5280 -0.2348
vn 0.0866 0.9960 0.0198
vn 0.0538 0.9985 0.0102
vn 0.0934 0.9943 0.0512
vn -0.3501 0.5072 0.7875
vn -0.5099 0.5604 0.6526
vn -0.0901 0.9958 0.0167
vn -0.0910 0.9957 -0.0175
vn -0.6504 0.5125 -0.5606
vn -0.5229 0.4747 -0.7080
vn -0.0377 0.9834 0.1776
vn 0.0175 0.9995 0.0278
vn -0.0041 0.9983 0.0582
vn -0.0589 0.9932 -0.1003
vn -0.0854 0.9947 -0.0581
vn -0.3729 0.4159 -0.8295
vn -0.3729 0.4158 -0.8295
vn 0.0243 0.9934 0.1120
vn 0.0697 0.9937 0.0881
vn -0.8417 0.3839 0.3798
vn -0.7385 0.5722 0.3565
vn -0.8416 0.3839 0.3798
vn -0.1790 0.9771 0.1149
vn -0.0231 0.9933 0.1130
vn -0.8043 0.5555 0.2113
vn -0.0009 0.9959 0.0907
vn -0.0059 0.9966 0.0823
vn -0.0303 0.9758 0.2168
vn 0.0451 0.3276 0.9437
vn 0.0001 0.9602 -0.2792
vn 0.0002 0.9928 -0.1199
vn 0.0591 0.9934 -0.0985
vn -0.1963 0.3571 -0.9132
vn 0.8178 0.3848 -0.4279
vn 0.8459 0.2970 -0.4431
vn 0.0928 0.9949 0.0405
vn 0.0942 0.9934 0.0655
vn 0.2421 0.9701 0.0157
vn 0.0845 0.9922 0.0914
vn 0.7422 0.3913 0.5441
vn 0.1066 0.9786 0.1763
vn -0.0280 0.9956 0.0897
vn -0.0265 0.9966 0.0776
vn -0.0139 0.9969 0.0775
vn 0.4509 0.3633 0.8153
vn 0.5021 0.2431 0.8299
vn 0.6936 0.4107 -0.5918
vn 0.0882 0.9960 -0.0150
vn 0.0888 0.9959 0.0151
vn 0.2056 0.9749 -0.0860
vn -0.0033 0.9963 0.0857
vn 0.0312 0.9679 0.2493
vn 0.4508 0.3633 0.8154
vn 0.0841 0.9949 -0.0553
vn 0.1532 0.9688 -0.1949
vn 0.0230 0.9926 0.1195
vn -0.0109 0.9940 0.1086
vn 0.7423 0.3913 0.5440
vn 0.7789 0.2866 0.5579
vn 0.0594 0.9919 0.1124
vn 0.1783 0.9725 0.1497
vn 0.9443 0.3215 0.0703
vn 0.9657 0.2497 0.0718
vn -0.2420 -0.9671 -0.0782
vn -0.5792 -0.8078 0.1090
vn -0.8216 0.4494 0.3507
vn -0.4099 0.8620 0.2981
vn -0.0435 0.9740 0.2221
vn -0.8216 0.4493 0.3507
vn -0.2218 -0.9729 -0.0656
vn -0.5081 -0.8267 0.2415
vn -0.8103 -0.3799 0.4462
vn -0.0314 0.9711 0.2365
vn -0.3676 0.8230 0.4330
vn -0.6655 0.0024 0.7464
vn -0.6146 -0.7886 -0.0211
vn -0.9322 -0.3455 0.1075
vn -0.9814 0.0579 0.1829
vn -0.8701 0.4828 0.0986
vn -0.0192 0.9903 0.1377
vn -0.4207 0.8794 0.2228
vn -0.8538 0.4672 0.2295
vn -0.6064 -0.7639 -0.2207
vn -0.2536 -0.9563 -0.1457
vn -0.6176 -0.7716 -0.1526
vn -0.9143 -0.3104 -0.2604
vn -0.9670 0.0885 -0.2389
vn -0.2448 -0.9518 -0.1850
vn -0.5854 -0.7556 -0.2938
vn -0.8720 -0.3003 -0.3866
vn -0.8090 -0.2893 -0.5117
vn -0.9670 0.0887 -0.2389
vn -0.5098 -0.7340 -0.4488
vn -0.6324 -0.2657 -0.7276
vn -0.7254 -0.2774 -0.6299
vn -0.6677 0.4797 -0.5693
vn -0.6507 0.0921 -0.7537
vn -0.4323 -0.2438 -0.8681
vn -0.5320 -0.2545 -0.8076
vn -0.4323 -0.2437 -0.8682
vn -0.5403 0.0884 -0.8368
vn -0.1956 0.8541 -0.4820
vn -0.4785 0.4408 -0.7594
vn -0.2435 0.8744 -0.4198
vn -0.1711 -0.9259 -0.3369
vn -0.1683 -0.6477 -0.7430
vn -0.0534 0.7911 -0.6093
vn 0.0012 0.9920 -0.1261
vn -0.4028 -0.8400 0.3635
vn -0.4028 -0.8399 0.3636
vn -0.5666 -0.3949 0.7232
vn -0.5639 -0.0032 0.8258
vn -0.6655 0.0022 0.7464
vn -0.2586 0.7631 0.5922
vn -0.0410 0.9485 0.3141
vn -0.4789 0.3585 0.8014
vn -0.1405 -0.9899 0.0174
vn -0.3001 -0.3816 0.8743
vn -0.4399 -0.0072 0.8980
vn -0.2047 0.7419 0.6384
vn -0.3735 0.3407 0.8628
vn -0.1361 0.7224 0.6780
vn -0.0200 0.9354 0.3530
vn -0.3735 0.3406 0.8629
vn -0.9240 -0.0001 0.3824
vn -0.9808 -0.0000 0.1949
vn -0.9808 0.0001 0.1949
vn -0.9240 -0.0000 0.3824
vn -0.0044 -1.0000 0.0007
vn -0.0043 -1.0000 0.0007
vn -0.0043 -1.0000 0.0008
vn -0.0044 -1.0000 0.0008
vn -0.0046 -1.0000 0.0011
vn -0.0045 -1.0000 0.0007
vn 0.3791 -0.0004 0.9254
vn 0.1927 -0.0000 0.9813
vn 0.1929 0.0004 0.9812
vn 0.3790 -0.0000 0.9254
vn -1.0000 -0.0000 -0.0001
vn -1.0000 -0.0000 -0.0002
vn -0.9237 0.0003 -0.3832
vn -0.8314 -0.0000 -0.5556
vn -0.8313 -0.0003 -0.5559
vn -0.9237 -0.0000 -0.3830
vn 0.1927 -0.0004 0.9813
vn -0.0002 -0.0000 1.0000
vn -0.0002 0.0004 1.0000
vn 0.1929 -0.0000 0.9812
vn -0.3860 0.0004 -0.9225
vn -0.1972 -0.0000 -0.9804
vn -0.1970 -0.0004 -0.9804
vn -0.3862 -0.0000 -0.9224
vn -0.8314 0.0003 -0.5557
vn -0.7073 -0.0000 -0.7069
vn -0.7073 -0.0003 -0.7069
vn -0.8312 -0.0000 -0.5559
vn 0.0002 0.0004 -1.0000
vn 0.1927 -0.0000 -0.9813
vn 0.1932 -0.0004 -0.9812
vn 0.0001 -0.0000 -1.0000
vn -0.1971 0.0004 -0.9804
vn 0.0002 -0.0000 -1.0000
vn 0.0001 -0.0004 -1.0000
vn -0.1970 -0.0000 -0.9804
vn 0.7069 0.0002 -0.7073
vn 0.8315 -0.0000 -0.5555
vn 0.8317 -0.0002 -0.5553
vn 0.7068 -0.0000 -0.7074
vn 0.1927 0.0004 -0.9813
vn 0.3794 -0.0000 -0.9252
vn 0.3794 -0.0004 -0.9252
vn 0.1932 -0.0000 -0.9812
vn 1.0000 -0.0001 0.0002
vn 0.9807 -0.0000 0.1954
vn 0.9808 0.0001 0.1952
vn 1.0000 -0.0000 0.0001
vn 0.8315 0.0001 -0.5555
vn 0.9240 -0.0000 -0.3825
vn 0.9240 -0.0001 -0.3824
vn 0.8317 -0.0000 -0.5553
vn 0.9237 -0.0003 0.3830
vn 0.8313 -0.0000 0.5559
vn 0.8314 0.0003 0.5556
vn 0.9238 -0.0000 0.3829
vn 0.9807 -0.0002 0.1954
vn 0.9238 -0.0000 0.3830
vn 0.9238 0.0002 0.3828
vn 0.9808 -0.0000 0.1952
vn 0.7066 -0.0004 0.7076
vn 0.5537 -0.0000 0.8327
vn 0.5536 0.0004 0.8328
vn 0.7069 -0.0000 0.7073
vn 0.8312 -0.0003 0.5559
vn 0.7066 -0.0000 0.7076
vn 0.7069 0.0003 0.7073
vn 0.8314 -0.0000 0.5557
vn -0.3863 -0.0003 0.9224
vn -0.5574 -0.0000 0.8302
vn -0.5575 0.0003 0.8302
vn -0.3862 -0.0000 0.9224
vn 0.5537 -0.0004 0.8327
vn 0.3791 -0.0000 0.9253
vn 0.3790 0.0004 0.9254
vn 0.5536 -0.0000 0.8328
vn 0.3794 0.0004 -0.9252
vn 0.5540 -0.0000 -0.8325
vn 0.5540 -0.0003 -0.8325
vn -0.5574 -0.0003 0.8302
vn -0.7076 -0.0000 0.7066
vn -0.7073 0.0003 0.7069
vn -0.5575 -0.0000 0.8302
vn -1.0000 0.0001 -0.0001
vn -0.9808 -0.0000 -0.1952
vn -0.9807 -0.0001 -0.1954
vn 0.5541 0.0003 -0.8324
vn 0.7069 -0.0000 -0.7073
vn 0.7068 -0.0003 -0.7074
vn -0.0002 -0.0004 1.0000
vn -0.1975 -0.0000 0.9803
vn -0.1974 0.0004 0.9803
vn -0.9808 0.0002 -0.1952
vn -0.9237 -0.0000 -0.3832
vn -0.9238 -0.0002 -0.3830
vn -0.9807 -0.0000 -0.1954
vn -0.7076 -0.0002 0.7066
vn -0.8317 -0.0000 0.5553
vn -0.8315 0.0002 0.5555
vn -0.7074 -0.0000 0.7068
vn -0.1975 -0.0004 0.9803
vn -0.3863 -0.0000 0.9224
vn -0.3862 0.0004 0.9224
vn -0.7073 0.0004 -0.7069
vn -0.5571 -0.0000 -0.8304
vn -0.5573 -0.0004 -0.8303
vn -0.8317 -0.0001 0.5553
vn -0.9240 0.0001 0.3825
vn -0.8315 -0.0000 0.5555
vn 0.9240 -0.0000 -0.3824
vn 0.9808 -0.0000 -0.1949
vn 0.9808 -0.0001 -0.1949
vn -0.5571 0.0004 -0.8305
vn -0.3860 -0.0000 -0.9225
vn -0.3862 -0.0004 -0.9224
vn -0.5573 -0.0000 -0.8303
vn 1.0000 -0.0000 0.0002
vt 0.438328 0.334822
vt 0.453432 0.342153
vt 0.462975 0.327561
vt 0.451005 0.321643
vt 0.526079 0.184685
vt 0.507142 0.179344
vt 0.503580 0.198270
vt 0.517789 0.202060
vt 0.486592 0.177634
vt 0.488305 0.197197
vt 0.576816 0.267948
vt 0.576393 0.252109
vt 0.561387 0.254472
vt 0.562175 0.267716
vt 0.795604 0.272589
vt 0.778353 0.261105
vt 0.746871 0.302954
vt 0.771265 0.322876
vt 0.764257 0.246641
vt 0.728725 0.279270
vt 0.925280 0.216333
vt 0.917880 0.234250
vt 0.946470 0.263828
vt 0.953587 0.236557
vt 0.907135 0.250431
vt 0.934227 0.289107
vt 0.608735 0.216370
vt 0.604070 0.189489
vt 0.584878 0.207017
vt 0.590274 0.227789
vt 0.566798 0.220038
vt 0.573177 0.235934
vt 0.574667 0.187702
vt 0.556791 0.205534
vt 0.593443 0.164276
vt 0.422110 0.130310
vt 0.396605 0.148602
vt 0.411460 0.174772
vt 0.433158 0.161272
vt 0.426497 0.195849
vt 0.444308 0.185754
vt 0.396009 0.191933
vt 0.413524 0.208792
vt 0.378570 0.171189
vt 0.896400 0.200646
vt 0.890600 0.211656
vt 0.901117 0.219131
vt 0.907927 0.205892
vt 0.891824 0.230879
vt 0.882747 0.221438
vt 0.811300 0.236161
vt 0.799661 0.229975
vt 0.793296 0.240126
vt 0.806864 0.247696
vt 0.781532 0.230011
vt 0.789460 0.221536
vt 0.775125 0.199061
vt 0.771592 0.185770
vt 0.761303 0.187917
vt 0.765270 0.203546
vt 0.743385 0.191792
vt 0.747053 0.211725
vt 0.760378 0.172120
vt 0.742989 0.172058
vt 0.770755 0.172233
vt 0.366001 0.221766
vt 0.365388 0.247513
vt 0.384327 0.251900
vt 0.385006 0.231403
vt 0.402022 0.255012
vt 0.403070 0.238838
vt 0.385703 0.271617
vt 0.402949 0.270968
vt 0.367210 0.271812
vt 0.709750 0.199200
vt 0.711840 0.227306
vt 0.711132 0.172156
vt 0.557778 0.241248
vt 0.419989 0.257288
vt 0.421817 0.244651
vt 0.861891 0.235735
vt 0.849653 0.239612
vt 0.852323 0.252496
vt 0.866961 0.247957
vt 0.856531 0.281268
vt 0.875972 0.274820
vt 0.837005 0.254023
vt 0.835837 0.283108
vt 0.836818 0.241041
vt 0.549006 0.126046
vt 0.518521 0.116206
vt 0.512385 0.152002
vt 0.536955 0.159257
vt 0.485877 0.149846
vt 0.485572 0.113581
vt 0.863469 0.339817
vt 0.892301 0.329168
vt 0.831919 0.342424
vt 0.420236 0.269941
vt 0.470710 0.346652
vt 0.476285 0.331257
vt 0.489175 0.348098
vt 0.490234 0.332565
vt 0.525216 0.341256
vt 0.540812 0.333157
vt 0.529482 0.321945
vt 0.517337 0.327816
vt 0.803604 0.089650
vt 0.789968 0.066447
vt 0.769033 0.076735
vt 0.787210 0.097723
vt 0.751096 0.090750
vt 0.772891 0.108795
vt 0.924389 0.144327
vt 0.948346 0.138814
vt 0.939691 0.119320
vt 0.916900 0.128679
vt 0.927476 0.101001
vt 0.906533 0.114452
vt 0.600779 0.305579
vt 0.585328 0.301059
vt 0.578134 0.316733
vt 0.592679 0.323868
vt 0.567506 0.331467
vt 0.580731 0.341393
vt 0.563319 0.310596
vt 0.553664 0.322686
vt 0.570202 0.297280
vt 0.436500 0.371944
vt 0.444459 0.356713
vt 0.425967 0.347924
vt 0.414928 0.361617
vt 0.411419 0.336254
vt 0.397924 0.347945
vt 0.426104 0.325079
vt 0.897291 0.152568
vt 0.908620 0.148656
vt 0.902233 0.135581
vt 0.891956 0.141466
vt 0.893451 0.123877
vt 0.884606 0.131514
vt 0.814929 0.113380
vt 0.810860 0.103656
vt 0.797177 0.110223
vt 0.803089 0.118807
vt 0.785053 0.119372
vt 0.792510 0.126518
vt 0.776930 0.147353
vt 0.767369 0.143602
vt 0.762461 0.157358
vt 0.772587 0.159384
vt 0.745887 0.154144
vt 0.751938 0.137754
vt 0.377859 0.313369
vt 0.394321 0.306613
vt 0.389129 0.289792
vt 0.371526 0.293611
vt 0.405797 0.286015
vt 0.410466 0.300150
vt 0.724396 0.127390
vt 0.716037 0.148453
vt 0.864757 0.116506
vt 0.869760 0.106385
vt 0.855629 0.101315
vt 0.852916 0.112052
vt 0.840671 0.099123
vt 0.840341 0.109982
vt 0.859811 0.086468
vt 0.840650 0.083796
vt 0.877770 0.092790
vt 0.542661 0.369148
vt 0.533919 0.354677
vt 0.512020 0.361085
vt 0.516621 0.376906
vt 0.488659 0.363473
vt 0.488536 0.379847
vt 0.507706 0.346315
vt 0.891400 0.071857
vt 0.866735 0.063020
vt 0.839884 0.059090
vt 0.540150 0.314009
vt 0.551233 0.228549
vt 0.521131 0.394825
vt 0.488561 0.398619
vt 0.550855 0.385250
vt 0.352423 0.297564
vt 0.346676 0.271525
vt 0.360851 0.320631
vt 0.405695 0.376573
vt 0.386436 0.360714
vt 0.429511 0.388729
vt 0.606178 0.332544
vt 0.592714 0.352742
vt 0.615571 0.311550
vt 0.560332 0.088934
vt 0.524427 0.075696
vt 0.484916 0.072159
vt 0.344383 0.209789
vt 0.344007 0.241653
vt 0.409435 0.095078
vt 0.379747 0.119046
vt 0.358921 0.147713
vt 0.626796 0.202739
vt 0.621895 0.169596
vt 0.610198 0.138386
vt 0.542015 0.217350
vt 0.574701 0.283041
vt 0.560247 0.280689
vt 0.555773 0.293013
vt 0.621564 0.290391
vt 0.605864 0.287274
vt 0.625322 0.266084
vt 0.608785 0.267009
vt 0.901379 0.176637
vt 0.913621 0.177104
vt 0.912444 0.162629
vt 0.900465 0.164423
vt 0.928912 0.160889
vt 0.930587 0.178541
vt 0.592223 0.267696
vt 0.589874 0.284981
vt 0.956202 0.181729
vt 0.953611 0.159032
vt 0.504107 0.331431
vt 0.627432 0.236033
vt 0.609950 0.242938
vt 0.900013 0.188836
vt 0.912111 0.191695
vt 0.929446 0.197365
vt 0.592491 0.248412
vt 0.956484 0.208296
vt 0.542953 0.193542
vt 0.530711 0.208454
vt 0.589471 0.110662
vt 0.574684 0.142561
vt 0.893042 0.264253
vt 0.916130 0.311564
vt 0.558296 0.171425
vt 0.873059 0.229578
vt 0.880296 0.240631
vt 0.465041 0.179663
vt 0.472353 0.198984
vt 0.445477 0.078915
vt 0.452601 0.118377
vt 0.456896 0.203824
vt 0.406330 0.223273
vt 0.425833 0.232634
vt 0.432736 0.221515
vt 0.823862 0.239882
vt 0.821642 0.252385
vt 0.815134 0.280106
vt 0.458757 0.152889
vt 0.800356 0.336510
vt 0.417043 0.313348
vt 0.432742 0.304300
vt 0.426657 0.293607
vt 0.348210 0.178217
vt 0.369355 0.195964
vt 0.753906 0.230122
vt 0.717584 0.254041
vt 0.388047 0.211122
vt 0.781170 0.211129
vt 0.772093 0.217726
vt 0.371850 0.341839
vt 0.386118 0.331659
vt 0.736149 0.107943
vt 0.761023 0.122416
vt 0.401330 0.322293
vt 0.774986 0.130731
vt 0.783660 0.136215
vt 0.440836 0.313775
vt 0.443288 0.211596
vt 0.457389 0.396311
vt 0.461360 0.378094
vt 0.825554 0.099913
vt 0.827518 0.110417
vt 0.821636 0.084915
vt 0.465720 0.361949
vt 0.813827 0.060383
vt 0.548997 0.304258
vt 0.574575 0.370752
vt 0.564149 0.356902
vt 0.911578 0.084845
vt 0.893447 0.102297
vt 0.552684 0.344468
vt 0.882511 0.114016
vt 0.875441 0.123086
vt 0.422487 0.282092
vt 0.637712 0.193596
vt 0.641512 0.190806
vt 0.636064 0.152302
vt 0.632755 0.156027
vt 0.645933 0.188754
vt 0.639986 0.149309
vt 0.640564 0.127504
vt 0.633503 0.108031
vt 0.626602 0.111985
vt 0.633294 0.130647
vt 0.626678 0.138089
vt 0.629695 0.134026
vt 0.623327 0.115749
vt 0.620600 0.120150
vt 0.377328 0.072849
vt 0.394519 0.057707
vt 0.389761 0.051756
vt 0.371934 0.067604
vt 0.382747 0.081722
vt 0.380281 0.077082
vt 0.363538 0.091909
vt 0.366413 0.096278
vt 0.360136 0.087991
vt 0.341760 0.101828
vt 0.329415 0.120203
vt 0.336267 0.123258
vt 0.348202 0.105624
vt 0.355148 0.113183
vt 0.351948 0.109158
vt 0.340357 0.126407
vt 0.343883 0.130087
vt 0.717709 0.380059
vt 0.721817 0.373818
vt 0.704933 0.358189
vt 0.700110 0.363903
vt 0.693278 0.340164
vt 0.681623 0.322138
vt 0.675571 0.326378
vt 0.687841 0.345140
vt 0.724353 0.369485
vt 0.707891 0.354160
vt 0.726949 0.365122
vt 0.710880 0.350103
vt 0.998642 0.264935
vt 0.990664 0.263031
vt 0.984014 0.302590
vt 0.991558 0.305788
vt 0.696573 0.336532
vt 0.685256 0.318903
vt 0.699848 0.332835
vt 0.688816 0.315567
vt 0.976971 0.321255
vt 0.969928 0.339920
vt 0.976656 0.344554
vt 0.984107 0.325171
vt 0.986049 0.260680
vt 0.979863 0.299417
vt 0.982022 0.257897
vt 0.976290 0.295841
vt 0.319376 0.235441
vt 0.319359 0.197021
vt 0.311899 0.196284
vt 0.311899 0.235559
vt 0.973127 0.317728
vt 0.966391 0.336040
vt 0.969828 0.313850
vt 0.963366 0.331858
vt 0.328500 0.200759
vt 0.324193 0.198617
vt 0.324322 0.236129
vt 0.328783 0.237226
vt 0.315840 0.272516
vt 0.323241 0.271453
vt 0.328162 0.271175
vt 0.332619 0.271181
vt 0.657694 0.248732
vt 0.665003 0.247614
vt 0.665085 0.208715
vt 0.657694 0.208725
vt 0.669028 0.172074
vt 0.661695 0.170976
vt 0.669544 0.246062
vt 0.669782 0.208067
vt 0.673877 0.244173
vt 0.674283 0.207123
vt 0.551008 0.041518
vt 0.571603 0.050218
vt 0.575441 0.043340
vt 0.553769 0.034221
vt 0.673730 0.172344
vt 0.678253 0.172371
vt 0.548607 0.051672
vt 0.549739 0.046432
vt 0.529600 0.037903
vt 0.528833 0.043273
vt 0.530412 0.032819
vt 0.507546 0.022329
vt 0.482995 0.019556
vt 0.483735 0.027554
vt 0.507073 0.030187
vt 0.506528 0.040884
vt 0.506824 0.035401
vt 0.484048 0.032899
vt 0.484222 0.038494
vt 0.896146 0.416674
vt 0.893352 0.409245
vt 0.872737 0.417510
vt 0.874575 0.425265
vt 0.849650 0.419522
vt 0.826563 0.421535
vt 0.826463 0.429507
vt 0.850519 0.427386
vt 0.891981 0.404164
vt 0.871857 0.412280
vt 0.890833 0.398969
vt 0.871149 0.406954
vt 0.627614 0.347775
vt 0.639186 0.322685
vt 0.631586 0.319254
vt 0.620616 0.343193
vt 0.849303 0.414221
vt 0.826749 0.416162
vt 0.849105 0.408833
vt 0.827060 0.410713
vt 0.605295 0.366169
vt 0.611397 0.371867
vt 0.626980 0.317063
vt 0.616364 0.340167
vt 0.622950 0.315111
vt 0.612651 0.337408
vt 0.391582 0.399779
vt 0.418544 0.415033
vt 0.422037 0.407922
vt 0.396235 0.393498
vt 0.601606 0.362386
vt 0.598379 0.358913
vt 0.369034 0.380462
vt 0.374652 0.375128
vt 0.424132 0.403115
vt 0.399021 0.389088
vt 0.425902 0.398590
vt 0.401354 0.384897
vt 0.745253 0.049053
vt 0.772068 0.035868
vt 0.769543 0.028492
vt 0.741302 0.042446
vt 0.378136 0.371301
vt 0.381101 0.367658
vt 0.776460 0.044277
vt 0.774166 0.040287
vt 0.748137 0.052966
vt 0.751115 0.056494
vt 0.722558 0.066819
vt 0.717417 0.061176
vt 0.726076 0.070149
vt 0.729589 0.073147
vt 0.969334 0.107429
vt 0.979405 0.131863
vt 0.987401 0.129819
vt 0.976900 0.104161
vt 0.970122 0.133958
vt 0.974535 0.132981
vt 0.964710 0.109306
vt 0.960487 0.110989
vt 0.961621 0.079258
vt 0.954791 0.083800
vt 0.950608 0.086460
vt 0.946765 0.088874
vt 0.323577 0.304256
vt 0.334990 0.332052
vt 0.341872 0.328880
vt 0.330786 0.302153
vt 0.346436 0.326874
vt 0.335576 0.300997
vt 0.350547 0.325101
vt 0.339916 0.300083
vt 0.676735 0.140735
vt 0.688168 0.113452
vt 0.681490 0.109978
vt 0.669633 0.138441
vt 0.696805 0.117040
vt 0.692546 0.115379
vt 0.681327 0.141865
vt 0.685764 0.142753
vt 0.527461 0.424002
vt 0.562591 0.411405
vt 0.559283 0.403865
vt 0.525859 0.415883
vt 0.488428 0.421099
vt 0.488130 0.429509
vt 0.557157 0.399046
vt 0.524769 0.410661
vt 0.555166 0.394641
vt 0.523691 0.405857
vt 0.876235 0.032203
vt 0.909529 0.044810
vt 0.913693 0.037872
vt 0.878726 0.024480
vt 0.488563 0.415629
vt 0.488607 0.410565
vt 0.904339 0.052578
vt 0.906850 0.048891
vt 0.874707 0.036893
vt 0.873347 0.041155
vt 0.839827 0.018013
vt 0.839085 0.026153
vt 0.838925 0.031183
vt 0.838993 0.035767
vt 0.646695 0.297058
vt 0.651627 0.267007
vt 0.643516 0.265705
vt 0.638736 0.294733
vt 0.638634 0.265414
vt 0.633927 0.293406
vt 0.634355 0.265508
vt 0.629716 0.292333
vt 0.985668 0.156698
vt 0.989622 0.185895
vt 0.997858 0.185857
vt 0.993865 0.155745
vt 0.980091 0.184966
vt 0.984588 0.185511
vt 0.980676 0.157121
vt 0.976189 0.157447
vt 0.646447 0.229086
vt 0.654551 0.229357
vt 0.641702 0.230012
vt 0.637559 0.231540
vt 0.653914 0.187849
vt 0.991837 0.222599
vt 1.000000 0.223445
vt 0.986929 0.221219
vt 0.982583 0.219510
vt 0.615253 0.094885
vt 0.621524 0.090133
vt 0.609926 0.103548
vt 0.612349 0.098933
vt 0.601372 0.082117
vt 0.599252 0.086946
vt 0.603904 0.077786
vt 0.592493 0.057787
vt 0.587753 0.064002
vt 0.583817 0.073508
vt 0.585625 0.068539
vt 0.569879 0.054960
vt 0.568382 0.060071
vt 0.964385 0.362239
vt 0.958293 0.356917
vt 0.946658 0.373914
vt 0.952115 0.379924
vt 0.930313 0.387447
vt 0.913967 0.400980
vt 0.917718 0.408082
vt 0.934916 0.394003
vt 0.955142 0.352733
vt 0.943892 0.369427
vt 0.952447 0.348297
vt 0.941529 0.364736
vt 0.460292 0.032158
vt 0.458411 0.024585
vt 0.927998 0.382737
vt 0.912105 0.396047
vt 0.926023 0.377859
vt 0.910517 0.390983
vt 0.461858 0.042778
vt 0.461189 0.037333
vt 0.438330 0.041766
vt 0.439493 0.047063
vt 0.436849 0.036761
vt 0.411794 0.040685
vt 0.415684 0.047234
vt 0.419287 0.057115
vt 0.417677 0.052010
vt 0.397024 0.062255
vt 0.399081 0.067167
vt 0.802509 0.424207
vt 0.803484 0.416470
vt 0.780404 0.411405
vt 0.778555 0.418907
vt 0.759553 0.400426
vt 0.738702 0.389447
vt 0.735307 0.396216
vt 0.756931 0.407562
vt 0.804179 0.411250
vt 0.781609 0.406338
vt 0.804992 0.405963
vt 0.782924 0.401214
vt 0.322984 0.139026
vt 0.316554 0.157850
vt 0.323845 0.159588
vt 0.330056 0.141423
vt 0.761213 0.395574
vt 0.740816 0.384810
vt 0.762971 0.390678
vt 0.743019 0.380141
vt 0.338130 0.147510
vt 0.334375 0.144187
vt 0.328394 0.161968
vt 0.332378 0.164934
vt 0.675539 0.303765
vt 0.669455 0.285391
vt 0.662535 0.287939
vt 0.669053 0.307158
vt 0.679435 0.300944
vt 0.673615 0.282984
vt 0.683206 0.297944
vt 0.677596 0.280321
vt 0.350178 0.357609
vt 0.356548 0.353348
vt 0.360687 0.350406
vt 0.364337 0.347668
vt 0.703490 0.088607
vt 0.697453 0.084023
vt 0.707509 0.091271
vt 0.711456 0.093644
vt 0.450774 0.425424
vt 0.452869 0.417587
vt 0.454121 0.412421
vt 0.455165 0.407597
vt 0.803540 0.027903
vt 0.802570 0.020012
vt 0.804643 0.032719
vt 0.805994 0.037093
vt 0.590169 0.393513
vt 0.585312 0.386808
vt 0.582348 0.382451
vt 0.579699 0.378462
vt 0.935328 0.062473
vt 0.941014 0.056659
vt 0.931794 0.065864
vt 0.928517 0.068936
vt 0.796075 0.190074
vt 0.791212 0.192021
vt 0.795679 0.200755
vt 0.800027 0.197865
vt 0.785910 0.194253
vt 0.790963 0.204017
vt 0.780876 0.196466
vt 0.786506 0.207213
vt 0.801791 0.208313
vt 0.805444 0.204629
vt 0.797848 0.212416
vt 0.794134 0.216402
vt 0.852253 0.213813
vt 0.854157 0.218218
vt 0.862081 0.213788
vt 0.859408 0.209880
vt 0.856214 0.222951
vt 0.864951 0.217969
vt 0.858222 0.227516
vt 0.867744 0.222005
vt 0.868946 0.207996
vt 0.865621 0.204712
vt 0.872500 0.211500
vt 0.875955 0.214884
vt 0.874500 0.191465
vt 0.878711 0.193259
vt 0.881358 0.184829
vt 0.876920 0.183852
vt 0.883180 0.195154
vt 0.886058 0.185858
vt 0.887525 0.196979
vt 0.890623 0.186846
vt 0.882426 0.176119
vt 0.877903 0.175978
vt 0.887206 0.176264
vt 0.891847 0.176396
vt 0.819634 0.214120
vt 0.817758 0.218837
vt 0.826873 0.221436
vt 0.827770 0.216510
vt 0.815760 0.224003
vt 0.825939 0.226802
vt 0.813898 0.228983
vt 0.825090 0.231970
vt 0.836221 0.222174
vt 0.836133 0.217235
vt 0.836345 0.227525
vt 0.836503 0.232676
vt 0.782465 0.149556
vt 0.787537 0.151636
vt 0.793279 0.142483
vt 0.788748 0.139489
vt 0.792780 0.153918
vt 0.797918 0.145713
vt 0.797499 0.156119
vt 0.802063 0.148790
vt 0.800751 0.134683
vt 0.796963 0.130883
vt 0.804589 0.138726
vt 0.807991 0.142538
vt 0.861337 0.123908
vt 0.859286 0.128318
vt 0.867592 0.133800
vt 0.870429 0.129936
vt 0.857114 0.132831
vt 0.864630 0.137744
vt 0.854997 0.137027
vt 0.861786 0.141414
vt 0.874644 0.140659
vt 0.878133 0.137460
vt 0.871027 0.143916
vt 0.867576 0.146946
vt 0.888620 0.155791
vt 0.884259 0.157410
vt 0.886595 0.166701
vt 0.891176 0.165956
vt 0.879766 0.159049
vt 0.881884 0.167455
vt 0.875502 0.160573
vt 0.877419 0.168154
vt 0.817454 0.119658
vt 0.819354 0.124502
vt 0.829627 0.122448
vt 0.828765 0.117405
vt 0.821211 0.129561
vt 0.830416 0.127680
vt 0.822793 0.134281
vt 0.831020 0.132550
vt 0.839967 0.122460
vt 0.840135 0.117433
vt 0.839700 0.127646
vt 0.839334 0.132469
vt 0.880243 0.148630
vt 0.884241 0.146187
vt 0.876115 0.151113
vt 0.872189 0.153420
vt 0.874536 0.201068
vt 0.870698 0.198497
vt 0.878625 0.203799
vt 0.882600 0.206434
vt 0.845434 0.221063
vt 0.844405 0.216305
vt 0.846564 0.226196
vt 0.847682 0.231139
vt 0.809270 0.214415
vt 0.812084 0.210119
vt 0.806250 0.219157
vt 0.803416 0.223741
vt 0.793261 0.172797
vt 0.788014 0.172600
vt 0.788616 0.182459
vt 0.793787 0.181569
vt 0.782244 0.172434
vt 0.782949 0.183504
vt 0.776730 0.172321
vt 0.777546 0.184561
vt 0.783811 0.161710
vt 0.778418 0.160570
vt 0.789431 0.162978
vt 0.794523 0.164213
vt 0.809583 0.128618
vt 0.806689 0.124192
vt 0.812477 0.133278
vt 0.815010 0.137642
vt 0.849974 0.124469
vt 0.851126 0.119659
vt 0.848710 0.129409
vt 0.847431 0.134001
vt 0.808068 0.179239
vt 0.807711 0.173416
vt 0.808519 0.167743
vt 0.815675 0.194602
vt 0.812134 0.190081
vt 0.820035 0.198303
vt 0.841598 0.202811
vt 0.836022 0.203331
vt 0.830424 0.202740
vt 0.856120 0.195203
vt 0.851831 0.198651
vt 0.859652 0.191006
vt 0.864379 0.170168
vt 0.864715 0.175539
vt 0.864016 0.180966
vt 0.813432 0.157515
vt 0.817316 0.153311
vt 0.821940 0.149978
vt 0.832589 0.146374
vt 0.838181 0.146208
vt 0.843666 0.147133
vt 0.853505 0.151989
vt 0.857516 0.155707
vt 0.860731 0.160100
vt 0.863040 0.164982
vt 0.862313 0.186206
vt 0.846932 0.201228
vt 0.825019 0.201048
vt 0.809557 0.184895
vt 0.810454 0.162395
vt 0.827100 0.147640
vt 0.848835 0.149087
vt 0.647624 0.146977
vt 0.435992 0.258891
vt 0.438314 0.259157
vt 0.440394 0.249666
vt 0.438064 0.248990
vt 0.440613 0.259432
vt 0.442683 0.250375
vt 0.435807 0.268681
vt 0.438084 0.268513
vt 0.440341 0.268356
vt 0.539743 0.235357
vt 0.537738 0.236601
vt 0.543590 0.246461
vt 0.545709 0.245646
vt 0.535807 0.237904
vt 0.541517 0.247323
vt 0.531792 0.226563
vt 0.530051 0.228193
vt 0.528401 0.229876
vt 0.456837 0.223330
vt 0.458707 0.225090
vt 0.468657 0.219456
vt 0.467200 0.217379
vt 0.460381 0.226976
vt 0.469906 0.221619
vt 0.448294 0.230947
vt 0.450426 0.232346
vt 0.452417 0.233871
vt 0.522659 0.219887
vt 0.521315 0.221848
vt 0.520052 0.223837
vt 0.512616 0.215250
vt 0.511759 0.217475
vt 0.510946 0.219700
vt 0.442089 0.239587
vt 0.444359 0.240635
vt 0.446552 0.241763
vt 0.549152 0.256520
vt 0.547024 0.256904
vt 0.547965 0.267139
vt 0.550049 0.267224
vt 0.544922 0.257310
vt 0.545893 0.267065
vt 0.478582 0.213598
vt 0.479490 0.215899
vt 0.490585 0.214446
vt 0.490298 0.212047
vt 0.480229 0.218235
vt 0.490782 0.216842
vt 0.501747 0.212632
vt 0.501438 0.215001
vt 0.501115 0.217358
vt 0.440505 0.287477
vt 0.442558 0.286550
vt 0.439458 0.277661
vt 0.437279 0.278228
vt 0.444588 0.285621
vt 0.441621 0.277107
vt 0.544731 0.288232
vt 0.542712 0.287299
vt 0.536659 0.296567
vt 0.538564 0.297823
vt 0.540740 0.286328
vt 0.534847 0.295236
vt 0.529026 0.304319
vt 0.530701 0.305857
vt 0.527482 0.302697
vt 0.470168 0.314960
vt 0.471254 0.312960
vt 0.461771 0.308245
vt 0.460367 0.310061
vt 0.472210 0.310922
vt 0.463073 0.306385
vt 0.453607 0.302027
vt 0.451952 0.303595
vt 0.455200 0.300426
vt 0.520571 0.310105
vt 0.521877 0.311914
vt 0.519394 0.308242
vt 0.511494 0.314071
vt 0.512334 0.316105
vt 0.510735 0.312022
vt 0.447237 0.294730
vt 0.445364 0.295995
vt 0.449076 0.293450
vt 0.546554 0.277246
vt 0.548619 0.277795
vt 0.544512 0.276696
vt 0.491500 0.319171
vt 0.491689 0.316977
vt 0.481385 0.315864
vt 0.480712 0.317998
vt 0.491817 0.314791
vt 0.481943 0.313718
vt 0.501807 0.316380
vt 0.502136 0.318554
vt 0.501490 0.314217
vt 0.510008 0.222365
vt 0.500712 0.220173
vt 0.518613 0.226237
vt 0.454606 0.235754
vt 0.449033 0.243142
vt 0.462158 0.229292
vt 0.526515 0.231924
vt 0.533578 0.239504
vt 0.445326 0.251227
vt 0.443298 0.259760
vt 0.542438 0.257815
vt 0.539095 0.248390
vt 0.480948 0.221044
vt 0.471182 0.224248
vt 0.490932 0.219707
vt 0.444172 0.276463
vt 0.442994 0.268180
vt 0.543433 0.266994
vt 0.542101 0.276050
vt 0.518095 0.305968
vt 0.509891 0.309546
vt 0.501113 0.311618
vt 0.464524 0.304135
vt 0.457031 0.298501
vt 0.451227 0.291923
vt 0.532776 0.293599
vt 0.525758 0.300699
vt 0.446978 0.284522
vt 0.538439 0.285151
vt 0.482504 0.311127
vt 0.473231 0.308453
vt 0.491910 0.312162
vt 0.433827 0.029614
vt 0.354106 0.083453
vt 0.532096 0.025102
vt 0.609545 0.072235
vt 0.036244 0.840941
vt 0.036247 0.848231
vt 0.054837 0.848214
vt 0.054835 0.840924
vt 0.468910 0.249697
vt 0.464864 0.255760
vt 0.497702 0.273274
vt 0.474071 0.244541
vt 0.480177 0.240483
vt 0.487013 0.237683
vt 0.494223 0.236250
vt 0.501451 0.236256
vt 0.508500 0.237684
vt 0.515187 0.240478
vt 0.521244 0.244525
vt 0.526398 0.249679
vt 0.530452 0.255738
vt 0.533242 0.262472
vt 0.534669 0.269621
vt 0.534669 0.276910
vt 0.533251 0.284061
vt 0.530462 0.290795
vt 0.526416 0.296859
vt 0.521268 0.302013
vt 0.515254 0.306062
vt 0.508616 0.308842
vt 0.501526 0.310263
vt 0.494178 0.310269
vt 0.486931 0.308861
vt 0.480152 0.306076
vt 0.474081 0.302031
vt 0.468927 0.296876
vt 0.464873 0.290818
vt 0.462084 0.284083
vt 0.460657 0.276935
vt 0.460657 0.269645
vt 0.462074 0.262495
vt 0.036387 0.782670
vt 0.036362 0.790052
vt 0.054952 0.790035
vt 0.054977 0.782653
vt 0.036256 0.855520
vt 0.054846 0.855503
vt 0.036293 0.870099
vt 0.036319 0.877389
vt 0.054909 0.877372
vt 0.054883 0.870082
vt 0.036336 0.797400
vt 0.054926 0.797383
vt 0.036422 0.899210
vt 0.036461 0.906401
vt 0.055051 0.906384
vt 0.055013 0.899193
vt 0.036350 0.884678
vt 0.054941 0.884661
vt 0.036283 0.680365
vt 0.036321 0.687716
vt 0.054911 0.687699
vt 0.054873 0.680348
vt 0.036244 0.673137
vt 0.054834 0.673120
vt 0.036417 0.709730
vt 0.036440 0.717019
vt 0.055030 0.717002
vt 0.055007 0.709713
vt 0.036357 0.695104
vt 0.054947 0.695086
vt 0.036472 0.738888
vt 0.036470 0.746177
vt 0.055060 0.746160
vt 0.055062 0.738871
vt 0.036456 0.724309
vt 0.055046 0.724292
vt 0.036462 0.753467
vt 0.036449 0.760757
vt 0.055039 0.760739
vt 0.055052 0.753450
vt 0.036432 0.768046
vt 0.036410 0.775341
vt 0.055000 0.775323
vt 0.055022 0.768029
vt 0.036290 0.811828
vt 0.036271 0.819078
vt 0.054861 0.819060
vt 0.054880 0.811811
vt 0.036389 0.702435
vt 0.054979 0.702418
vt 0.036257 0.826362
vt 0.054847 0.826345
vt 0.036272 0.862810
vt 0.054862 0.862793
vt 0.036312 0.804631
vt 0.054902 0.804614
vt 0.036248 0.833652
vt 0.054838 0.833635
vt 0.036385 0.891963
vt 0.054975 0.891945
vt 0.036467 0.731599
vt 0.055057 0.731581
s 1
f 1/1/1 2/2/2 3/3/3
f 1/1/1 3/3/3 4/4/4
f 5/5/5 6/6/6 7/7/7
f 5/5/5 7/7/7 8/8/8
f 9/6/6 10/9/9 11/10/10
f 9/6/6 11/10/10 12/7/7
f 13/11/11 14/12/12 15/13/13
f 13/11/11 15/13/13 16/14/14
f 17/15/15 18/16/16 19/17/17
f 17/15/15 19/17/17 20/18/18
f 21/16/16 22/19/19 23/20/20
f 21/16/16 23/20/20 24/17/17
f 25/21/21 26/22/22 27/23/23
f 25/21/21 27/23/23 28/24/24
f 29/22/22 30/25/25 31/26/26
f 29/22/22 31/26/26 32/23/23
f 33/27/27 34/28/28 35/29/29
f 33/27/27 35/29/29 36/30/30
f 37/30/30 38/29/29 39/31/31
f 37/30/30 39/31/31 40/32/32
f 41/29/29 42/33/33 43/34/34
f 41/29/29 43/34/34 44/31/35
f 45/28/28 46/35/36 47/33/37
f 45/28/28 47/33/37 48/29/29
f 49/36/38 50/37/39 51/38/40
f 49/36/38 51/38/40 52/39/41
f 53/39/41 54/38/40 55/40/42
f 53/39/41 55/40/42 56/41/43
f 57/38/40 58/42/44 59/43/45
f 57/38/40 59/43/45 60/40/42
f 61/37/39 62/44/46 63/42/44
f 61/37/39 63/42/44 64/38/40
f 65/45/47 66/46/48 67/47/49
f 65/45/47 67/47/49 68/48/50
f 69/48/51 70/47/49 71/22/22
f 69/48/51 71/22/22 72/21/21
f 73/47/49 74/49/52 75/25/25
f 73/47/49 75/25/25 76/22/53
f 77/46/48 78/50/54 79/49/55
f 77/46/48 79/49/55 80/47/49
f 81/51/56 82/52/57 83/53/58
f 81/51/56 83/53/58 84/54/59
f 85/54/60 86/53/61 87/16/16
f 85/54/60 87/16/16 88/15/15
f 89/53/62 90/55/63 91/19/19
f 89/53/62 91/19/19 92/16/16
f 93/52/57 94/56/64 95/55/63
f 93/52/57 95/55/63 96/53/61
f 97/57/65 98/58/66 99/59/67
f 97/57/65 99/59/67 100/60/68
f 101/60/68 102/59/69 103/61/70
f 101/60/68 103/61/70 104/62/71
f 105/59/69 106/63/72 107/64/73
f 105/59/69 107/64/73 108/61/74
f 109/58/66 110/65/75 111/63/72
f 109/58/66 111/63/72 112/59/69
f 113/66/76 114/67/77 115/68/78
f 113/66/76 115/68/78 116/69/79
f 117/69/79 118/68/80 119/70/81
f 117/69/79 119/70/81 120/71/82
f 121/68/78 122/72/83 123/73/84
f 121/68/78 123/73/84 124/70/81
f 125/67/85 126/74/86 127/72/83
f 125/67/85 127/72/83 128/68/87
f 129/62/71 130/61/70 131/75/88
f 129/62/71 131/75/88 132/76/89
f 133/61/70 134/64/90 135/77/91
f 133/61/70 135/77/91 136/75/88
f 137/12/12 138/32/32 139/78/92
f 137/12/12 139/78/92 140/13/13
f 141/71/93 142/70/81 143/79/94
f 141/71/93 143/79/94 144/80/95
f 145/81/96 146/82/97 147/83/98
f 145/81/96 147/83/98 148/84/99
f 149/84/99 150/83/98 151/85/100
f 149/84/99 151/85/100 152/86/101
f 153/83/98 154/87/102 155/88/103
f 153/83/98 155/88/103 156/85/100
f 157/82/97 158/89/104 159/87/105
f 157/82/97 159/87/105 160/83/98
f 161/90/106 162/91/107 163/92/108
f 161/90/106 163/92/108 164/93/109
f 165/93/110 166/92/108 167/6/6
f 165/93/110 167/6/6 168/5/5
f 169/92/108 170/94/111 171/9/112
f 169/92/108 171/9/112 172/6/113
f 173/91/107 174/95/114 175/94/111
f 173/91/107 175/94/111 176/92/108
f 177/86/101 178/85/100 179/96/115
f 177/86/101 179/96/115 180/97/116
f 181/85/100 182/88/103 183/98/117
f 181/85/100 183/98/117 184/96/115
f 185/70/81 186/73/118 187/99/119
f 185/70/81 187/99/119 188/79/94
f 189/2/2 190/100/120 191/101/121
f 189/2/2 191/101/121 192/3/3
f 193/100/120 194/102/122 195/103/123
f 193/100/120 195/103/123 196/101/124
f 197/104/125 198/105/126 199/106/127
f 197/104/125 199/106/127 200/107/128
f 201/108/129 202/109/130 203/110/131
f 201/108/129 203/110/131 204/111/132
f 205/111/133 206/110/131 207/112/134
f 205/111/133 207/112/134 208/113/135
f 209/114/136 210/115/137 211/116/138
f 209/114/136 211/116/138 212/117/139
f 213/117/139 214/116/138 215/118/140
f 213/117/139 215/118/140 216/119/141
f 217/120/142 218/121/143 219/122/144
f 217/120/142 219/122/144 220/123/145
f 221/123/145 222/122/146 223/124/147
f 221/123/145 223/124/147 224/125/148
f 225/122/149 226/126/150 227/127/151
f 225/122/149 227/127/151 228/124/152
f 229/121/143 230/128/153 231/126/150
f 229/121/143 231/126/150 232/122/144
f 233/129/154 234/130/155 235/131/156
f 233/129/154 235/131/156 236/132/157
f 237/132/158 238/131/156 239/133/159
f 237/132/158 239/133/159 240/134/160
f 241/131/161 242/1/1 243/135/162
f 241/131/161 243/135/162 244/133/159
f 245/130/155 246/2/2 247/1/1
f 245/130/155 247/1/1 248/131/156
f 249/136/163 250/137/164 251/138/165
f 249/136/163 251/138/165 252/139/166
f 253/139/166 254/138/167 255/140/168
f 253/139/166 255/140/168 256/141/169
f 257/138/170 258/117/171 259/119/172
f 257/138/170 259/119/172 260/140/173
f 261/137/164 262/114/136 263/117/174
f 261/137/164 263/117/174 264/138/167
f 265/142/175 266/143/176 267/144/177
f 265/142/175 267/144/177 268/145/178
f 269/145/178 270/144/177 271/146/179
f 269/145/178 271/146/179 272/147/180
f 273/144/181 274/111/132 275/113/182
f 273/144/181 275/113/182 276/146/179
f 277/143/183 278/108/129 279/111/184
f 277/143/183 279/111/184 280/144/185
f 281/148/186 282/149/187 283/150/188
f 281/148/186 283/150/188 284/151/189
f 285/151/189 286/150/188 287/63/72
f 285/151/189 287/63/72 288/65/75
f 289/150/188 290/152/190 291/64/73
f 289/150/188 291/64/73 292/63/72
f 293/149/187 294/153/191 295/152/190
f 293/149/187 295/152/190 296/150/188
f 297/154/192 298/155/193 299/156/194
f 297/154/192 299/156/194 300/157/195
f 301/157/195 302/156/194 303/72/83
f 301/157/195 303/72/83 304/74/86
f 305/156/194 306/158/196 307/73/84
f 305/156/194 307/73/84 308/72/83
f 309/155/193 310/159/197 311/158/196
f 309/155/193 311/158/196 312/156/194
f 313/153/198 314/160/199 315/161/200
f 313/153/198 315/161/200 316/152/190
f 317/152/190 318/161/200 319/77/91
f 317/152/190 319/77/91 320/64/201
f 321/162/202 322/163/203 323/164/204
f 321/162/202 323/164/204 324/165/205
f 325/165/205 326/164/204 327/166/206
f 325/165/205 327/166/206 328/167/207
f 329/164/204 330/168/208 331/169/209
f 329/164/204 331/169/209 332/166/210
f 333/163/211 334/170/212 335/168/208
f 333/163/211 335/168/208 336/164/204
f 337/171/213 338/172/214 339/173/215
f 337/171/213 339/173/215 340/174/216
f 341/174/217 342/173/215 343/175/218
f 341/174/217 343/175/218 344/176/219
f 345/173/215 346/177/220 347/102/122
f 345/173/215 347/102/122 348/175/218
f 349/172/221 350/104/125 351/177/220
f 349/172/221 351/177/220 352/173/215
f 353/170/212 354/178/222 355/179/223
f 353/170/212 355/179/223 356/168/208
f 357/168/208 358/179/223 359/180/224
f 357/168/208 359/180/224 360/169/209
f 361/105/126 362/127/225 363/181/226
f 361/105/126 363/181/226 364/106/127
f 365/32/32 366/31/35 367/182/227
f 365/32/32 367/182/227 368/78/228
f 369/183/229 370/174/216 371/176/219
f 369/183/229 371/176/219 372/184/230
f 373/185/231 374/171/213 375/174/232
f 373/185/231 375/174/232 376/183/229
f 377/186/233 378/157/195 379/74/86
f 377/186/233 379/74/86 380/187/234
f 381/188/235 382/154/192 383/157/195
f 381/188/235 383/157/195 384/186/233
f 385/189/236 386/132/158 387/134/160
f 385/189/236 387/134/160 388/190/237
f 389/191/238 390/129/154 391/132/158
f 389/191/238 391/132/158 392/189/236
f 393/192/239 394/123/145 395/125/148
f 393/192/239 395/125/148 396/193/240
f 397/194/241 398/120/142 399/123/145
f 397/194/241 399/123/145 400/192/239
f 401/195/242 402/196/243 403/91/107
f 401/195/242 403/91/107 404/90/106
f 405/196/243 406/197/244 407/95/114
f 405/196/243 407/95/114 408/91/107
f 409/198/245 410/199/246 411/67/77
f 409/198/245 411/67/77 412/66/247
f 413/199/248 414/187/234 415/74/86
f 413/199/248 415/74/86 416/67/77
f 417/200/249 418/201/250 419/37/39
f 417/200/249 419/37/39 420/36/38
f 421/201/250 422/202/251 423/44/46
f 421/201/250 423/44/46 424/37/39
f 425/203/252 426/204/253 427/28/28
f 425/203/252 427/28/28 428/27/27
f 429/204/253 430/205/254 431/35/36
f 429/204/253 431/35/36 432/28/28
f 433/31/35 434/34/34 435/206/255
f 433/31/35 435/206/255 436/182/256
f 437/128/257 438/207/258 439/208/259
f 437/128/257 439/208/259 440/209/260
f 441/210/261 442/211/262 443/120/142
f 441/210/261 443/120/142 444/194/241
f 445/212/263 446/213/264 447/211/262
f 445/212/263 447/211/262 448/210/261
f 449/214/265 450/215/266 451/216/267
f 449/214/265 451/216/267 452/217/268
f 453/217/268 454/216/267 455/137/269
f 453/217/268 455/137/269 456/136/163
f 457/216/267 458/218/270 459/114/136
f 457/216/267 459/114/136 460/137/164
f 461/215/271 462/219/272 463/218/270
f 461/215/271 463/218/270 464/216/267
f 465/213/264 466/220/273 467/221/274
f 465/213/264 467/221/274 468/211/262
f 469/211/262 470/221/274 471/121/143
f 469/211/262 471/121/143 472/120/142
f 473/221/274 474/207/258 475/128/153
f 473/221/274 475/128/153 476/121/143
f 477/220/275 478/11/11 479/207/258
f 477/220/275 479/207/258 480/221/274
f 481/219/276 482/222/277 483/223/278
f 481/219/276 483/223/278 484/218/279
f 485/218/279 486/223/278 487/115/137
f 485/218/279 487/115/137 488/114/136
f 489/207/258 490/11/11 491/14/14
f 489/207/258 491/14/14 492/208/280
f 493/102/122 494/177/220 495/224/281
f 493/102/122 495/224/281 496/103/282
f 497/212/263 498/225/283 499/226/284
f 497/212/263 499/226/284 500/213/264
f 501/225/283 502/203/252 503/27/27
f 501/225/283 503/27/27 504/226/284
f 505/214/265 506/227/285 507/228/286
f 505/214/265 507/228/286 508/215/271
f 509/215/271 510/228/287 511/229/288
f 509/215/271 511/229/288 512/219/272
f 513/228/287 514/48/289 515/21/21
f 513/228/287 515/21/21 516/229/290
f 517/227/285 518/45/47 519/48/50
f 517/227/285 519/48/50 520/228/291
f 521/213/264 522/226/284 523/230/292
f 521/213/264 523/230/292 524/220/273
f 525/220/273 526/230/292 527/12/12
f 525/220/273 527/12/12 528/11/11
f 529/230/292 530/30/293 531/32/32
f 529/230/292 531/32/32 532/12/12
f 533/226/284 534/27/27 535/30/30
f 533/226/284 535/30/30 536/230/294
f 537/219/276 538/229/290 539/231/295
f 537/219/276 539/231/295 540/222/277
f 541/229/290 542/21/21 543/24/24
f 541/229/290 543/24/24 544/231/295
f 545/177/220 546/104/296 547/107/128
f 545/177/220 547/107/128 548/224/297
f 549/34/34 550/232/298 551/233/299
f 549/34/34 551/233/299 552/206/300
f 553/205/254 554/234/301 555/235/302
f 553/205/254 555/235/302 556/35/36
f 557/234/301 558/195/242 559/90/106
f 557/234/301 559/90/106 560/235/302
f 561/25/25 562/236/303 563/237/304
f 561/25/25 563/237/304 564/26/26
f 565/236/303 566/86/101 567/97/116
f 565/236/303 567/97/116 568/237/304
f 569/35/36 570/235/305 571/238/306
f 569/35/36 571/238/306 572/33/37
f 573/33/37 574/238/306 575/232/298
f 573/33/37 575/232/298 576/34/34
f 577/238/306 578/93/109 579/5/5
f 577/238/306 579/5/5 580/232/298
f 581/235/305 582/90/106 583/93/109
f 581/235/305 583/93/109 584/238/306
f 585/50/54 586/239/307 587/240/308
f 585/50/54 587/240/308 588/49/309
f 589/49/52 590/240/310 591/236/303
f 589/49/52 591/236/303 592/25/25
f 593/240/310 594/84/99 595/86/101
f 593/240/310 595/86/101 596/236/303
f 597/239/307 598/81/96 599/84/99
f 597/239/307 599/84/99 600/240/310
f 601/232/311 602/5/5 603/8/8
f 601/232/311 603/8/8 604/233/312
f 605/9/313 606/241/314 607/242/315
f 605/9/313 607/242/315 608/10/316
f 609/197/244 610/243/317 611/244/318
f 609/197/244 611/244/318 612/95/114
f 613/243/317 614/200/249 615/36/38
f 613/243/317 615/36/38 616/244/318
f 617/241/314 618/41/319 619/245/320
f 617/241/314 619/245/320 620/242/315
f 621/43/321 622/246/322 623/247/323
f 621/43/321 623/247/323 624/248/324
f 625/89/104 626/249/325 627/250/326
f 625/89/104 627/250/326 628/87/102
f 629/87/102 630/250/326 631/251/327
f 629/87/102 631/251/327 632/88/103
f 633/250/326 634/54/60 635/15/15
f 633/250/326 635/15/15 636/251/327
f 637/249/325 638/51/56 639/54/59
f 637/249/325 639/54/59 640/250/326
f 641/95/114 642/244/318 643/252/328
f 641/95/114 643/252/328 644/94/111
f 645/94/111 646/252/328 647/241/314
f 645/94/111 647/241/314 648/9/313
f 649/252/328 650/39/41 651/41/43
f 649/252/328 651/41/43 652/241/329
f 653/244/318 654/36/38 655/39/330
f 653/244/318 655/39/330 656/252/328
f 657/88/103 658/251/327 659/253/331
f 657/88/103 659/253/331 660/98/117
f 661/251/327 662/15/15 663/18/332
f 661/251/327 663/18/332 664/253/331
f 665/246/322 666/71/82 667/80/333
f 665/246/322 667/80/333 668/247/334
f 669/159/197 670/254/335 671/255/336
f 669/159/197 671/255/336 672/256/337
f 673/202/251 674/257/338 675/258/339
f 673/202/251 675/258/339 676/44/46
f 677/257/340 678/198/245 679/66/247
f 677/257/340 679/66/247 680/258/339
f 681/19/19 682/259/341 683/260/342
f 681/19/19 683/260/342 684/20/20
f 685/259/341 686/62/71 687/76/89
f 685/259/341 687/76/89 688/260/342
f 689/44/46 690/258/343 691/261/344
f 689/44/46 691/261/344 692/42/44
f 693/42/44 694/261/344 695/246/322
f 693/42/44 695/246/322 696/43/321
f 697/261/344 698/69/79 699/71/345
f 697/261/344 699/71/345 700/246/322
f 701/258/339 702/66/247 703/69/79
f 701/258/339 703/69/79 704/261/344
f 705/56/346 706/262/347 707/263/348
f 705/56/346 707/263/348 708/55/63
f 709/55/63 710/263/349 711/259/341
f 709/55/63 711/259/341 712/19/19
f 713/263/348 714/60/350 715/62/71
f 713/263/348 715/62/71 716/259/341
f 717/262/347 718/57/65 719/60/351
f 717/262/347 719/60/351 720/263/348
f 721/264/352 722/265/353 723/154/192
f 721/264/352 723/154/192 724/188/235
f 725/190/237 726/134/160 727/265/353
f 725/190/237 727/265/353 728/264/352
f 729/113/354 730/112/134 731/266/355
f 729/113/354 731/266/355 732/267/356
f 733/267/356 734/266/355 735/160/199
f 733/267/356 735/160/199 736/153/198
f 737/134/160 738/133/159 739/268/357
f 737/134/160 739/268/357 740/265/358
f 741/265/358 742/268/357 743/155/193
f 741/265/358 743/155/193 744/154/192
f 745/268/357 746/254/335 747/159/197
f 745/268/357 747/159/197 748/155/193
f 749/133/359 750/135/162 751/254/335
f 749/133/359 751/254/335 752/268/357
f 753/147/360 754/146/179 755/269/361
f 753/147/360 755/269/361 756/270/362
f 757/270/362 758/269/363 759/149/187
f 757/270/362 759/149/187 760/148/186
f 761/269/363 762/267/356 763/153/198
f 761/269/363 763/153/198 764/149/187
f 765/146/179 766/113/135 767/267/364
f 765/146/179 767/267/364 768/269/365
f 769/254/335 770/135/366 771/271/367
f 769/254/335 771/271/367 772/255/368
f 773/41/43 774/40/42 775/272/369
f 773/41/43 775/272/369 776/245/320
f 777/273/370 778/274/371 779/129/154
f 777/273/370 779/129/154 780/191/238
f 781/184/230 782/176/372 783/274/371
f 781/184/230 783/274/371 784/273/370
f 785/167/373 786/166/206 787/275/374
f 785/167/373 787/275/374 788/276/375
f 789/276/375 790/275/376 791/143/176
f 789/276/375 791/143/176 792/142/175
f 793/275/377 794/277/378 795/108/379
f 793/275/377 795/108/379 796/143/176
f 797/166/206 798/169/209 799/277/380
f 797/166/206 799/277/380 800/275/377
f 801/176/381 802/175/218 803/278/382
f 801/176/381 803/278/382 804/274/371
f 805/274/371 806/278/382 807/130/155
f 805/274/371 807/130/155 808/129/383
f 809/278/382 810/100/120 811/2/2
f 809/278/382 811/2/2 812/130/155
f 813/175/218 814/102/122 815/100/120
f 813/175/218 815/100/120 816/278/382
f 817/169/209 818/180/224 819/279/384
f 817/169/209 819/279/384 820/277/378
f 821/277/378 822/279/384 823/109/130
f 821/277/378 823/109/130 824/108/129
f 825/40/42 826/43/321 827/248/385
f 825/40/42 827/248/385 828/272/386
f 829/127/225 830/126/150 831/280/387
f 829/127/225 831/280/387 832/181/388
f 833/281/389 834/282/390 835/171/213
f 833/281/389 835/171/213 836/185/231
f 837/193/240 838/125/148 839/282/390
f 837/193/240 839/282/390 840/281/389
f 841/119/141 842/118/140 843/283/391
f 841/119/141 843/283/391 844/284/392
f 845/284/392 846/283/391 847/178/222
f 845/284/392 847/178/222 848/170/393
f 849/125/148 850/124/152 851/285/394
f 849/125/148 851/285/394 852/282/390
f 853/282/390 854/285/394 855/172/214
f 853/282/390 855/172/214 856/171/213
f 857/285/395 858/105/126 859/104/125
f 857/285/395 859/104/125 860/172/214
f 861/124/396 862/127/225 863/105/126
f 861/124/396 863/105/126 864/285/394
f 865/141/169 866/140/173 867/286/397
f 865/141/169 867/286/397 868/287/398
f 869/287/398 870/286/397 871/163/399
f 869/287/398 871/163/399 872/162/202
f 873/286/397 874/284/392 875/170/212
f 873/286/397 875/170/212 876/163/400
f 877/140/173 878/119/172 879/284/401
f 877/140/173 879/284/401 880/286/397
f 881/126/150 882/128/153 883/209/260
f 881/126/150 883/209/260 884/280/387
f 885/73/402 886/158/196 887/288/403
f 885/73/402 887/288/403 888/99/119
f 889/158/196 890/159/197 891/256/404
f 889/158/196 891/256/404 892/288/403
f 893/135/405 894/1/1 895/4/406
f 893/135/405 895/4/406 896/271/407
f 897/289/408 898/290/409 899/291/410
f 897/289/408 899/291/410 900/292/411
f 901/290/409 902/293/412 903/294/413
f 901/290/409 903/294/413 904/291/410
f 905/295/414 906/296/415 907/297/416
f 905/295/414 907/297/416 908/298/417
f 909/299/418 910/300/419 911/301/420
f 909/299/418 911/301/420 912/302/421
f 913/300/422 914/298/423 915/297/416
f 913/300/422 915/297/416 916/301/420
f 917/303/424 918/304/425 919/305/426
f 917/303/424 919/305/426 920/306/427
f 921/307/428 922/308/429 923/309/430
f 921/307/428 923/309/430 924/310/431
f 925/308/432 926/303/433 927/311/434
f 925/308/432 927/311/434 928/309/435
f 929/312/436 930/313/437 931/314/438
f 929/312/436 931/314/438 932/315/439
f 933/316/440 934/317/441 935/318/442
f 933/316/440 935/318/442 936/319/443
f 937/317/444 938/315/445 939/314/438
f 937/317/444 939/314/438 940/318/442
f 941/320/427 942/321/446 943/322/447
f 941/320/427 943/322/447 944/323/448
f 945/324/449 946/325/450 947/326/437
f 945/324/449 947/326/437 948/327/451
f 949/321/446 950/328/452 951/329/453
f 949/321/446 951/329/453 952/322/447
f 953/328/454 954/330/455 955/331/456
f 953/328/454 955/331/456 956/329/457
f 957/332/458 958/333/459 959/334/460
f 957/332/458 959/334/460 960/335/461
f 961/324/449 962/336/462 963/337/463
f 961/324/449 963/337/463 964/325/464
f 965/336/462 966/338/465 967/339/466
f 965/336/462 967/339/466 968/337/463
f 969/340/467 970/341/468 971/342/415
f 969/340/467 971/342/415 972/343/414
f 973/333/469 974/344/470 975/345/471
f 973/333/469 975/345/471 976/334/472
f 977/344/473 978/346/474 979/347/475
f 977/344/473 979/347/475 980/345/471
f 981/348/476 982/349/477 983/350/478
f 981/348/476 983/350/478 984/351/479
f 985/340/467 986/352/480 987/353/481
f 985/340/467 987/353/481 988/341/468
f 989/352/480 990/354/482 991/355/483
f 989/352/480 991/355/483 992/353/481
f 993/356/484 994/357/485 995/358/486
f 993/356/484 995/358/486 996/359/487
f 997/357/488 998/349/477 999/348/476
f 997/357/488 999/348/476 1000/358/489
f 1001/351/479 1002/360/490 1003/361/491
f 1001/351/479 1003/361/491 1004/348/492
f 1005/359/487 1006/358/489 1007/362/493
f 1005/359/487 1007/362/493 1008/363/494
f 1009/358/489 1010/348/476 1011/361/495
f 1009/358/489 1011/361/495 1012/362/496
f 1013/364/497 1014/365/498 1015/366/499
f 1013/364/497 1015/366/499 1016/367/479
f 1017/366/500 1018/368/501 1019/369/502
f 1017/366/500 1019/369/502 1020/367/479
f 1021/365/498 1022/370/503 1023/371/504
f 1021/365/498 1023/371/504 1024/366/500
f 1025/370/505 1026/372/506 1027/373/507
f 1025/370/505 1027/373/507 1028/371/508
f 1029/374/509 1030/375/510 1031/376/511
f 1029/374/509 1031/376/511 1032/377/512
f 1033/366/500 1034/371/508 1035/378/513
f 1033/366/500 1035/378/513 1036/368/514
f 1037/371/508 1038/373/507 1039/379/515
f 1037/371/508 1039/379/515 1040/378/513
f 1041/380/516 1042/381/517 1043/382/518
f 1041/380/516 1043/382/518 1044/383/519
f 1045/381/517 1046/374/520 1047/384/521
f 1045/381/517 1047/384/521 1048/382/522
f 1049/385/523 1050/386/524 1051/387/525
f 1049/385/523 1051/387/525 1052/388/526
f 1053/389/527 1054/390/528 1055/391/529
f 1053/389/527 1055/391/529 1056/392/530
f 1057/390/531 1058/388/526 1059/387/532
f 1057/390/531 1059/387/532 1060/391/529
f 1061/393/533 1062/394/534 1063/395/535
f 1061/393/533 1063/395/535 1064/396/536
f 1065/397/537 1066/398/538 1067/399/524
f 1065/397/537 1067/399/524 1068/400/539
f 1069/394/534 1070/401/540 1071/402/541
f 1069/394/534 1071/402/541 1072/395/542
f 1073/401/543 1074/403/544 1075/404/545
f 1073/401/543 1075/404/545 1076/402/546
f 1077/405/547 1078/406/548 1079/407/549
f 1077/405/547 1079/407/549 1080/408/550
f 1081/397/551 1082/409/552 1083/410/553
f 1081/397/551 1083/410/553 1084/398/554
f 1085/409/552 1086/411/555 1087/412/556
f 1085/409/552 1087/412/556 1088/410/553
f 1089/408/550 1090/413/557 1091/414/558
f 1089/408/550 1091/414/558 1092/405/547
f 1093/407/549 1094/415/559 1095/416/560
f 1093/407/549 1095/416/560 1096/408/550
f 1097/415/559 1098/417/561 1099/418/562
f 1097/415/559 1099/418/562 1100/416/563
f 1101/419/564 1102/420/565 1103/421/566
f 1101/419/564 1103/421/566 1104/422/567
f 1105/408/568 1106/416/563 1107/423/569
f 1105/408/568 1107/423/569 1108/413/570
f 1109/416/563 1110/418/562 1111/424/571
f 1109/416/563 1111/424/571 1112/423/569
f 1113/425/572 1114/419/573 1115/422/567
f 1113/425/572 1115/422/567 1116/426/574
f 1117/421/566 1118/427/575 1119/428/576
f 1117/421/566 1119/428/576 1120/422/577
f 1121/427/575 1122/429/578 1123/430/579
f 1121/427/575 1123/430/579 1124/428/576
f 1125/431/580 1126/432/581 1127/433/565
f 1125/431/580 1127/433/565 1128/434/582
f 1129/422/567 1130/428/583 1131/435/584
f 1129/422/567 1131/435/584 1132/426/574
f 1133/428/576 1134/430/579 1135/436/585
f 1133/428/576 1135/436/585 1136/435/586
f 1137/437/587 1138/438/588 1139/439/589
f 1137/437/587 1139/439/589 1140/440/590
f 1141/438/591 1142/432/581 1143/431/592
f 1141/438/591 1143/431/592 1144/439/593
f 1145/441/594 1146/431/580 1147/434/573
f 1145/441/594 1147/434/573 1148/442/595
f 1149/440/596 1150/439/589 1151/443/597
f 1149/440/596 1151/443/597 1152/444/598
f 1153/439/589 1154/431/592 1155/441/599
f 1153/439/589 1155/441/599 1156/443/597
f 1157/445/600 1158/446/601 1159/447/548
f 1157/445/600 1159/447/548 1160/448/547
f 1161/449/602 1162/450/603 1163/451/604
f 1161/449/602 1163/451/604 1164/452/605
f 1165/450/603 1166/446/601 1167/445/606
f 1165/450/603 1167/445/606 1168/451/604
f 1169/453/558 1170/454/607 1171/445/600
f 1169/453/558 1171/445/600 1172/448/547
f 1173/452/608 1174/451/604 1175/455/609
f 1173/452/608 1175/455/609 1176/456/610
f 1177/451/604 1178/445/600 1179/454/607
f 1177/451/604 1179/454/607 1180/455/609
f 1181/457/611 1182/458/612 1183/459/613
f 1181/457/611 1183/459/613 1184/460/614
f 1185/460/615 1186/361/491 1187/360/616
f 1185/460/615 1187/360/616 1188/457/617
f 1189/459/613 1190/461/618 1191/462/619
f 1189/459/613 1191/462/619 1192/460/614
f 1193/461/618 1194/463/620 1195/464/621
f 1193/461/618 1195/464/621 1196/462/619
f 1197/465/622 1198/466/623 1199/467/612
f 1197/465/622 1199/467/612 1200/468/611
f 1201/460/614 1202/462/624 1203/362/496
f 1201/460/614 1203/362/496 1204/361/495
f 1205/462/625 1206/464/621 1207/363/626
f 1205/462/625 1207/363/626 1208/362/496
f 1209/469/627 1210/470/628 1211/471/629
f 1209/469/627 1211/471/629 1212/472/630
f 1213/470/631 1214/466/632 1215/465/622
f 1213/470/631 1215/465/622 1216/471/633
f 1217/369/490 1218/368/501 1219/465/622
f 1217/369/490 1219/465/622 1220/468/611
f 1221/472/634 1222/471/629 1223/378/513
f 1221/472/634 1223/378/513 1224/379/515
f 1225/471/633 1226/465/622 1227/368/501
f 1225/471/633 1227/368/501 1228/378/513
f 1229/473/635 1230/474/636 1231/475/637
f 1229/473/635 1231/475/637 1232/476/638
f 1233/476/639 1234/477/640 1235/478/641
f 1233/476/639 1235/478/641 1236/473/635
f 1237/475/642 1238/479/643 1239/480/644
f 1237/475/642 1239/480/644 1240/476/638
f 1241/479/643 1242/481/645 1243/482/646
f 1241/479/643 1243/482/646 1244/480/644
f 1245/483/647 1246/484/648 1247/485/636
f 1245/483/647 1247/485/636 1248/486/635
f 1249/476/638 1250/480/644 1251/487/649
f 1249/476/638 1251/487/649 1252/477/650
f 1253/480/651 1254/482/652 1255/488/653
f 1253/480/651 1255/488/653 1256/487/649
f 1257/489/654 1258/490/655 1259/491/656
f 1257/489/654 1259/491/656 1260/492/657
f 1261/490/655 1262/484/648 1263/483/647
f 1261/490/655 1263/483/647 1264/491/658
f 1265/493/659 1266/494/660 1267/483/647
f 1265/493/659 1267/483/647 1268/486/635
f 1269/492/661 1270/491/656 1271/495/662
f 1269/492/661 1271/495/662 1272/496/663
f 1273/491/658 1274/483/664 1275/494/660
f 1273/491/658 1275/494/660 1276/495/665
f 1277/497/666 1278/498/667 1279/499/668
f 1277/497/666 1279/499/668 1280/500/669
f 1281/406/548 1282/497/666 1283/500/669
f 1281/406/548 1283/500/669 1284/407/670
f 1285/499/671 1286/501/672 1287/502/673
f 1285/499/671 1287/502/673 1288/500/674
f 1289/501/672 1290/503/675 1291/504/676
f 1289/501/672 1291/504/676 1292/502/673
f 1293/505/677 1294/506/678 1295/507/667
f 1293/505/677 1295/507/667 1296/508/666
f 1297/500/674 1298/502/673 1299/415/679
f 1297/500/674 1299/415/679 1300/407/549
f 1301/502/673 1302/504/676 1303/417/680
f 1301/502/673 1303/417/680 1304/415/559
f 1305/509/681 1306/510/682 1307/511/683
f 1305/509/681 1307/511/683 1308/512/684
f 1309/510/682 1310/506/685 1311/505/677
f 1309/510/682 1311/505/677 1312/511/686
f 1313/446/601 1314/505/677 1315/508/666
f 1313/446/601 1315/508/666 1316/447/548
f 1317/512/687 1318/511/683 1319/450/603
f 1317/512/687 1319/450/603 1320/449/602
f 1321/511/686 1322/505/677 1323/446/601
f 1321/511/686 1323/446/601 1324/450/603
f 1325/513/688 1326/499/668 1327/498/667
f 1325/513/688 1327/498/667 1328/514/689
f 1329/503/690 1330/501/672 1331/515/691
f 1329/503/690 1331/515/691 1332/516/692
f 1333/501/672 1334/499/668 1335/513/693
f 1333/501/672 1335/513/693 1336/515/691
f 1337/514/689 1338/517/458 1339/293/694
f 1337/514/689 1339/293/694 1340/513/688
f 1341/516/692 1342/515/691 1343/290/409
f 1341/516/692 1343/290/409 1344/289/695
f 1345/515/691 1346/513/688 1347/293/696
f 1345/515/691 1347/293/696 1348/290/697
f 1349/507/667 1350/506/698 1351/518/699
f 1349/507/667 1351/518/699 1352/519/700
f 1353/518/699 1354/333/459 1355/332/458
f 1353/518/699 1355/332/458 1356/519/700
f 1357/506/685 1358/510/682 1359/520/701
f 1357/506/685 1359/520/701 1360/518/699
f 1361/510/682 1362/509/681 1363/521/702
f 1361/510/682 1363/521/702 1364/520/701
f 1365/522/703 1366/297/704 1367/296/705
f 1365/522/703 1367/296/705 1368/523/706
f 1369/518/699 1370/520/707 1371/344/708
f 1369/518/699 1371/344/708 1372/333/469
f 1373/520/709 1374/521/702 1375/346/710
f 1373/520/709 1375/346/710 1376/344/473
f 1377/524/711 1378/525/712 1379/526/713
f 1377/524/711 1379/526/713 1380/527/714
f 1381/525/715 1382/522/716 1383/528/717
f 1381/525/715 1383/528/717 1384/526/718
f 1385/529/719 1386/376/720 1387/375/510
f 1385/529/719 1387/375/510 1388/530/721
f 1389/531/722 1390/532/723 1391/533/724
f 1389/531/722 1391/533/724 1392/534/725
f 1393/532/723 1394/530/726 1395/375/727
f 1393/532/723 1395/375/727 1396/533/724
f 1397/535/706 1398/536/728 1399/537/729
f 1397/535/706 1399/537/729 1400/538/730
f 1401/539/731 1402/540/732 1403/541/733
f 1401/539/731 1403/541/733 1404/542/719
f 1405/536/728 1406/543/734 1407/544/735
f 1405/536/728 1407/544/735 1408/537/729
f 1409/543/734 1410/545/736 1411/546/737
f 1409/543/734 1411/546/737 1412/544/735
f 1413/547/738 1414/387/525 1415/386/739
f 1413/547/738 1415/386/739 1416/548/740
f 1417/539/731 1418/549/741 1419/550/742
f 1417/539/731 1419/550/742 1420/540/743
f 1421/549/741 1422/551/744 1423/552/745
f 1421/549/741 1423/552/745 1424/550/742
f 1425/553/746 1426/554/747 1427/555/748
f 1425/553/746 1427/555/748 1428/556/749
f 1429/554/750 1430/547/738 1431/557/751
f 1429/554/750 1431/557/751 1432/555/748
f 1433/558/752 1434/305/426 1435/304/753
f 1433/558/752 1435/304/753 1436/559/754
f 1437/560/755 1438/561/756 1439/562/757
f 1437/560/755 1439/562/757 1440/563/758
f 1441/561/759 1442/559/754 1443/304/753
f 1441/561/759 1443/304/753 1444/562/757
f 1445/564/740 1446/565/760 1447/566/761
f 1445/564/740 1447/566/761 1448/567/762
f 1449/568/763 1450/569/764 1451/570/426
f 1449/568/763 1451/570/426 1452/571/752
f 1453/565/760 1454/572/765 1455/573/766
f 1453/565/760 1455/573/766 1456/566/767
f 1457/572/768 1458/574/769 1459/575/770
f 1457/572/768 1459/575/770 1460/573/766
f 1461/576/771 1462/577/772 1463/578/773
f 1461/576/771 1463/578/773 1464/579/774
f 1465/568/775 1466/580/776 1467/581/777
f 1465/568/775 1467/581/777 1468/569/778
f 1469/580/776 1470/582/779 1471/583/780
f 1469/580/776 1471/583/780 1472/581/781
f 1473/584/782 1474/585/783 1475/586/784
f 1473/584/782 1475/586/784 1476/587/785
f 1477/585/786 1478/579/774 1479/578/787
f 1477/585/786 1479/578/787 1480/586/784
f 1481/577/772 1482/350/478 1483/349/477
f 1481/577/772 1483/349/477 1484/578/787
f 1485/587/785 1486/586/784 1487/357/788
f 1485/587/785 1487/357/788 1488/356/789
f 1489/586/784 1490/578/787 1491/349/477
f 1489/586/784 1491/349/477 1492/357/788
f 1493/588/790 1494/589/791 1495/590/792
f 1493/588/790 1495/590/792 1496/591/793
f 1497/589/791 1498/365/498 1499/364/794
f 1497/589/791 1499/364/794 1500/590/792
f 1501/588/795 1502/592/796 1503/593/797
f 1501/588/795 1503/593/797 1504/589/791
f 1505/592/798 1506/594/799 1507/595/800
f 1505/592/798 1507/595/800 1508/593/797
f 1509/596/801 1510/425/572 1511/426/574
f 1509/596/801 1511/426/574 1512/597/802
f 1513/589/803 1514/593/804 1515/370/503
f 1513/589/803 1515/370/503 1516/365/498
f 1517/593/805 1518/595/806 1519/372/506
f 1517/593/805 1519/372/506 1520/370/505
f 1521/458/612 1522/596/807 1523/597/808
f 1521/458/612 1523/597/808 1524/459/613
f 1525/426/574 1526/435/584 1527/598/809
f 1525/426/574 1527/598/809 1528/597/810
f 1529/435/586 1530/436/585 1531/599/811
f 1529/435/586 1531/599/811 1532/598/812
f 1533/600/813 1534/441/599 1535/442/572
f 1533/600/813 1535/442/572 1536/601/801
f 1537/597/814 1538/598/812 1539/461/618
f 1537/597/814 1539/461/618 1540/459/815
f 1541/598/812 1542/599/811 1543/463/620
f 1541/598/812 1543/463/620 1544/461/618
f 1545/444/598 1546/443/597 1547/602/816
f 1545/444/598 1547/602/816 1548/603/817
f 1549/443/818 1550/441/819 1551/600/820
f 1549/443/818 1551/600/820 1552/602/816
f 1553/466/821 1554/600/822 1555/601/801
f 1553/466/821 1555/601/801 1556/467/612
f 1557/603/817 1558/602/816 1559/470/628
f 1557/603/817 1559/470/628 1560/469/627
f 1561/602/816 1562/600/822 1563/466/632
f 1561/602/816 1563/466/632 1564/470/631
f 1565/604/823 1566/478/659 1567/477/640
f 1565/604/823 1567/477/640 1568/605/824
f 1569/420/565 1570/604/823 1571/605/825
f 1569/420/565 1571/605/825 1572/421/566
f 1573/477/640 1574/487/649 1575/606/826
f 1573/477/640 1575/606/826 1576/605/825
f 1577/487/649 1578/488/827 1579/607/828
f 1577/487/649 1579/607/828 1580/606/829
f 1581/608/830 1582/494/660 1583/493/659
f 1581/608/830 1583/493/659 1584/609/823
f 1585/605/825 1586/606/831 1587/427/575
f 1585/605/825 1587/427/575 1588/421/832
f 1589/606/829 1590/607/828 1591/429/578
f 1589/606/829 1591/429/578 1592/427/833
f 1593/496/663 1594/495/834 1595/610/835
f 1593/496/663 1595/610/835 1596/611/836
f 1597/495/665 1598/494/660 1599/608/837
f 1597/495/665 1599/608/837 1600/610/835
f 1601/432/838 1602/608/839 1603/609/823
f 1601/432/838 1603/609/823 1604/433/565
f 1605/611/836 1606/610/835 1607/438/840
f 1605/611/836 1607/438/840 1608/437/587
f 1609/610/835 1610/608/839 1611/432/581
f 1609/610/835 1611/432/581 1612/438/841
f 1613/612/842 1614/414/558 1615/413/843
f 1613/612/842 1615/413/843 1616/613/844
f 1617/474/636 1618/612/842 1619/613/844
f 1617/474/636 1619/613/844 1620/475/642
f 1621/413/845 1622/423/569 1623/614/846
f 1621/413/845 1623/614/846 1624/613/844
f 1625/423/569 1626/424/571 1627/615/847
f 1625/423/569 1627/615/847 1628/614/846
f 1629/616/848 1630/454/607 1631/453/558
f 1629/616/848 1631/453/558 1632/617/842
f 1633/613/849 1634/614/846 1635/479/643
f 1633/613/849 1635/479/643 1636/475/642
f 1637/614/846 1638/615/850 1639/481/645
f 1637/614/846 1639/481/645 1640/479/643
f 1641/456/851 1642/455/609 1643/618/852
f 1641/456/851 1643/618/852 1644/619/853
f 1645/455/609 1646/454/607 1647/616/848
f 1645/455/609 1647/616/848 1648/618/854
f 1649/484/648 1650/616/848 1651/617/842
f 1649/484/648 1651/617/842 1652/485/636
f 1653/619/855 1654/618/856 1655/490/655
f 1653/619/855 1655/490/655 1656/489/654
f 1657/618/854 1658/616/848 1659/484/648
f 1657/618/854 1659/484/648 1660/490/655
f 1664/234/301 1665/205/857 1661/302/858
f 1661/302/858 1662/524/711 1663/527/714
f 1663/527/714 1664/234/301 1661/302/858
f 1669/205/254 1670/204/253 1666/292/859
f 1666/292/859 1667/299/860 1668/302/858
f 1668/302/858 1669/205/254 1666/292/859
f 1674/202/251 1675/201/250 1671/310/431
f 1671/310/431 1672/316/440 1673/319/443
f 1673/319/443 1674/202/251 1671/310/431
f 1679/257/340 1680/202/251 1676/319/443
f 1676/319/443 1677/584/782 1678/587/785
f 1678/587/785 1679/257/340 1676/319/443
f 1684/354/482 1685/347/861 1681/23/23
f 1681/23/23 1682/26/26 1683/355/862
f 1683/355/862 1684/354/482 1681/23/23
f 1689/545/736 1690/355/862 1686/26/26
f 1686/26/26 1687/237/304 1688/546/737
f 1688/546/737 1689/545/736 1686/26/26
f 1694/338/465 1695/331/456 1691/17/17
f 1691/17/17 1692/20/20 1693/339/466
f 1693/339/466 1694/338/465 1691/17/17
f 1699/594/863 1700/339/466 1696/20/20
f 1696/20/20 1697/260/342 1698/595/800
f 1698/595/800 1699/594/863 1696/20/20
f 1701/359/487 1702/363/626 1703/187/234
f 1701/359/487 1703/187/234 1704/199/248
f 1705/464/621 1706/186/233 1707/187/234
f 1705/464/621 1707/187/234 1708/363/626
f 1709/75/88 1710/77/91 1711/379/515
f 1709/75/88 1711/379/515 1712/373/864
f 1713/161/200 1714/472/630 1715/379/515
f 1713/161/200 1715/379/515 1716/77/91
f 1717/503/690 1718/516/865 1719/225/283
f 1717/503/690 1719/225/283 1720/212/263
f 1721/503/690 1722/212/263 1723/210/261
f 1721/503/690 1723/210/261 1724/504/866
f 1725/222/277 1726/231/295 1727/521/867
f 1725/222/277 1727/521/867 1728/509/868
f 1729/222/277 1730/509/681 1731/512/684
f 1729/222/277 1731/512/684 1732/223/278
f 1736/197/244 1737/196/243 1733/383/869
f 1733/383/869 1734/389/527 1735/392/530
f 1735/392/530 1736/197/244 1733/383/869
f 1741/243/317 1742/197/244 1738/392/530
f 1738/392/530 1739/553/746 1740/556/749
f 1740/556/749 1741/243/317 1738/392/530
f 1746/411/870 1747/404/545 1743/96/115
f 1743/96/115 1744/98/117 1745/412/871
f 1745/412/871 1746/411/870 1743/96/115
f 1751/574/872 1752/412/871 1748/98/117
f 1748/98/117 1749/253/331 1750/575/770
f 1750/575/770 1751/574/872 1748/98/117
f 1753/424/571 1754/193/240 1755/281/389
f 1753/424/571 1755/281/389 1756/615/873
f 1757/418/562 1758/192/239 1759/193/240
f 1757/418/562 1759/193/240 1760/424/571
f 1761/430/579 1762/189/236 1763/190/237
f 1761/430/579 1763/190/237 1764/436/585
f 1765/436/585 1766/190/237 1767/264/352
f 1765/436/585 1767/264/352 1768/599/811
f 1769/116/138 1770/452/605 1771/456/610
f 1769/116/138 1771/456/610 1772/118/874
f 1773/118/140 1774/456/610 1775/619/855
f 1773/118/140 1775/619/855 1776/283/391
f 1777/112/134 1778/444/598 1779/603/817
f 1777/112/134 1779/603/817 1780/266/355
f 1781/110/131 1782/440/875 1783/444/598
f 1781/110/131 1783/444/598 1784/112/134
f 1785/482/646 1786/183/229 1787/184/230
f 1785/482/646 1787/184/230 1788/488/827
f 1789/488/827 1790/184/230 1791/273/370
f 1789/488/827 1791/273/370 1792/607/828
f 1793/179/223 1794/492/657 1795/496/663
f 1793/179/223 1795/496/663 1796/180/224
f 1797/180/224 1798/496/663 1799/611/836
f 1797/180/224 1799/611/836 1800/279/384
f 1801/417/680 1802/194/241 1803/192/239
f 1801/417/680 1803/192/239 1804/418/562
f 1805/504/866 1806/210/261 1807/194/241
f 1805/504/866 1807/194/241 1808/417/680
f 1809/115/137 1810/449/876 1811/452/605
f 1809/115/137 1811/452/605 1812/116/138
f 1813/223/278 1814/512/684 1815/449/877
f 1813/223/278 1815/449/877 1816/115/137
f 1817/516/865 1818/289/408 1819/203/252
f 1817/516/865 1819/203/252 1820/225/283
f 1821/289/408 1822/292/859 1823/204/253
f 1821/289/408 1823/204/253 1824/203/252
f 1825/24/24 1826/23/23 1827/347/861
f 1825/24/24 1827/347/861 1828/346/474
f 1829/231/295 1830/24/24 1831/346/474
f 1829/231/295 1831/346/474 1832/521/867
f 1836/196/243 1837/195/242 1833/534/725
f 1833/534/725 1834/380/516 1835/383/869
f 1835/383/869 1836/196/243 1833/534/725
f 1841/195/242 1842/234/301 1838/527/714
f 1838/527/714 1839/531/722 1840/534/725
f 1840/534/725 1841/195/242 1838/527/714
f 1846/403/878 1847/552/745 1843/97/116
f 1843/97/116 1844/96/115 1845/404/545
f 1845/404/545 1846/403/878 1843/97/116
f 1851/551/744 1852/546/737 1848/237/304
f 1848/237/304 1849/97/116 1850/552/745
f 1850/552/745 1851/551/744 1848/237/304
f 1856/201/250 1857/200/249 1853/563/758
f 1853/563/758 1854/307/428 1855/310/431
f 1855/310/431 1856/201/250 1853/563/758
f 1861/200/249 1862/243/317 1858/556/749
f 1858/556/749 1859/560/879 1860/563/758
f 1860/563/758 1861/200/249 1858/556/749
f 1866/330/880 1867/583/780 1863/18/332
f 1863/18/332 1864/17/17 1865/331/456
f 1865/331/456 1866/330/880 1863/18/332
f 1871/582/779 1872/575/770 1868/253/331
f 1868/253/331 1869/18/332 1870/583/780
f 1870/583/780 1871/582/779 1868/253/331
f 1873/356/789 1874/359/487 1875/199/248
f 1873/356/789 1875/199/248 1876/198/245
f 1877/587/785 1878/356/789 1879/198/245
f 1877/587/785 1879/198/245 1880/257/881
f 1881/76/89 1882/75/88 1883/373/864
f 1881/76/89 1883/373/864 1884/372/882
f 1885/260/342 1886/76/89 1887/372/882
f 1885/260/342 1887/372/882 1888/595/800
f 1889/463/620 1890/188/235 1891/186/233
f 1889/463/620 1891/186/233 1892/464/621
f 1893/599/811 1894/264/352 1895/188/235
f 1893/599/811 1895/188/235 1896/463/620
f 1897/266/355 1898/603/817 1899/469/627
f 1897/266/355 1899/469/627 1900/160/199
f 1901/160/199 1902/469/627 1903/472/630
f 1901/160/199 1903/472/630 1904/161/200
f 1905/429/578 1906/191/238 1907/189/236
f 1905/429/578 1907/189/236 1908/430/579
f 1909/607/828 1910/273/370 1911/191/238
f 1909/607/828 1911/191/238 1912/429/578
f 1913/109/130 1914/437/587 1915/440/596
f 1913/109/130 1915/440/596 1916/110/131
f 1917/279/384 1918/611/836 1919/437/587
f 1917/279/384 1919/437/587 1920/109/130
f 1921/481/645 1922/185/231 1923/183/229
f 1921/481/645 1923/183/229 1924/482/646
f 1925/615/873 1926/281/389 1927/185/231
f 1925/615/873 1927/185/231 1928/481/645
f 1929/283/391 1930/619/855 1931/489/654
f 1929/283/391 1931/489/654 1932/178/222
f 1933/178/222 1934/489/654 1935/492/657
f 1933/178/222 1935/492/657 1936/179/223
f 1937/620/883 1938/621/884 1939/622/885
f 1937/620/883 1939/622/885 1940/623/886
f 1941/621/887 1942/624/888 1943/625/889
f 1941/621/887 1943/625/889 1944/622/890
f 1945/624/888 1946/626/891 1947/627/892
f 1945/624/888 1947/627/892 1948/625/889
f 1949/623/886 1950/622/885 1951/628/893
f 1949/623/886 1951/628/893 1952/629/894
f 1953/622/895 1954/625/889 1955/630/896
f 1953/622/895 1955/630/896 1956/628/897
f 1957/625/889 1958/627/892 1959/631/898
f 1957/625/889 1959/631/898 1960/630/896
f 1961/632/899 1962/633/900 1963/634/901
f 1961/632/899 1963/634/901 1964/635/902
f 1965/633/903 1966/636/904 1967/637/905
f 1965/633/903 1967/637/905 1968/634/906
f 1969/636/907 1970/638/908 1971/639/909
f 1969/636/907 1971/639/909 1972/637/905
f 1973/635/910 1974/634/901 1975/640/911
f 1973/635/910 1975/640/911 1976/641/912
f 1977/634/913 1978/637/905 1979/642/914
f 1977/634/913 1979/642/914 1980/640/911
f 1981/637/905 1982/639/909 1983/643/915
f 1981/637/905 1983/643/915 1984/642/916
f 1985/644/917 1986/645/918 1987/646/919
f 1985/644/917 1987/646/919 1988/647/920
f 1989/645/921 1990/648/922 1991/649/923
f 1989/645/921 1991/649/923 1992/646/924
f 1993/648/925 1994/650/926 1995/651/927
f 1993/648/925 1995/651/927 1996/649/923
f 1997/647/920 1998/646/924 1999/652/928
f 1997/647/920 1999/652/928 2000/653/929
f 2001/646/924 2002/649/923 2003/654/930
f 2001/646/924 2003/654/930 2004/652/931
f 2005/649/923 2006/651/927 2007/655/932
f 2005/649/923 2007/655/932 2008/654/930
f 2009/656/933 2010/657/934 2011/658/935
f 2009/656/933 2011/658/935 2012/659/936
f 2013/657/934 2014/660/937 2015/661/938
f 2013/657/934 2015/661/938 2016/658/935
f 2017/660/939 2018/662/940 2019/663/941
f 2017/660/939 2019/663/941 2020/661/942
f 2021/659/936 2022/658/935 2023/664/943
f 2021/659/936 2023/664/943 2024/665/944
f 2025/658/935 2026/661/938 2027/666/945
f 2025/658/935 2027/666/945 2028/664/943
f 2029/661/942 2030/663/941 2031/667/946
f 2029/661/942 2031/667/946 2032/666/945
f 2033/668/947 2034/669/948 2035/670/949
f 2033/668/947 2035/670/949 2036/671/950
f 2037/669/948 2038/672/951 2039/673/952
f 2037/669/948 2039/673/952 2040/670/949
f 2041/672/953 2042/674/954 2043/675/955
f 2041/672/953 2043/675/955 2044/673/952
f 2045/671/950 2046/670/949 2047/676/956
f 2045/671/950 2047/676/956 2048/677/957
f 2049/670/949 2050/673/952 2051/678/958
f 2049/670/949 2051/678/958 2052/676/956
f 2053/673/959 2054/675/955 2055/679/960
f 2053/673/959 2055/679/960 2056/678/961
f 2057/680/962 2058/681/963 2059/682/964
f 2057/680/962 2059/682/964 2060/683/965
f 2061/681/966 2062/684/967 2063/685/968
f 2061/681/966 2063/685/968 2064/682/964
f 2065/684/967 2066/686/969 2067/687/970
f 2065/684/967 2067/687/970 2068/685/971
f 2069/683/972 2070/682/964 2071/688/973
f 2069/683/972 2071/688/973 2072/689/974
f 2073/682/975 2074/685/968 2075/690/976
f 2073/682/975 2075/690/976 2076/688/973
f 2077/685/977 2078/687/970 2079/691/978
f 2077/685/977 2079/691/978 2080/690/976
f 2081/692/979 2082/693/980 2083/694/981
f 2081/692/979 2083/694/981 2084/695/982
f 2085/693/983 2086/696/984 2087/697/985
f 2085/693/983 2087/697/985 2088/694/981
f 2089/696/984 2090/698/986 2091/699/987
f 2089/696/984 2091/699/987 2092/697/985
f 2093/695/982 2094/694/981 2095/654/988
f 2093/695/982 2095/654/988 2096/655/932
f 2097/694/981 2098/697/985 2099/652/931
f 2097/694/981 2099/652/931 2100/654/989
f 2101/697/990 2102/699/991 2103/653/929
f 2101/697/990 2103/653/929 2104/652/931
f 2105/700/992 2106/701/993 2107/702/994
f 2105/700/992 2107/702/994 2108/703/995
f 2109/701/996 2110/704/997 2111/705/998
f 2109/701/996 2111/705/998 2112/702/999
f 2113/704/997 2114/706/1000 2115/707/1001
f 2113/704/997 2115/707/1001 2116/705/1002
f 2117/703/995 2118/702/1003 2119/708/1004
f 2117/703/995 2119/708/1004 2120/709/1005
f 2121/702/994 2122/705/998 2123/710/1006
f 2121/702/994 2123/710/1006 2124/708/1004
f 2125/705/998 2126/707/1007 2127/711/1008
f 2125/705/998 2127/711/1008 2128/710/1009
f 2129/689/974 2130/688/973 2131/712/1010
f 2129/689/974 2131/712/1010 2132/713/1011
f 2133/688/1012 2134/690/976 2135/714/1013
f 2133/688/1012 2135/714/1013 2136/712/1014
f 2137/690/1015 2138/691/978 2139/715/1016
f 2137/690/1015 2139/715/1016 2140/714/1017
f 2141/713/1011 2142/712/1018 2143/693/980
f 2141/713/1011 2143/693/980 2144/692/979
f 2145/712/1014 2146/714/1013 2147/696/984
f 2145/712/1014 2147/696/984 2148/693/1019
f 2149/714/1013 2150/715/1016 2151/698/986
f 2149/714/1013 2151/698/986 2152/696/984
f 2153/641/1020 2154/640/911 2155/716/1021
f 2153/641/1020 2155/716/1021 2156/717/1022
f 2157/640/911 2158/642/914 2159/718/1023
f 2157/640/911 2159/718/1023 2160/716/1024
f 2161/642/1025 2162/643/1026 2163/719/1027
f 2161/642/1025 2163/719/1027 2164/718/1028
f 2165/717/1029 2166/716/1021 2167/645/918
f 2165/717/1029 2167/645/918 2168/644/917
f 2169/716/1030 2170/718/1028 2171/648/922
f 2169/716/1030 2171/648/922 2172/645/921
f 2173/718/1031 2174/719/1027 2175/650/1032
f 2173/718/1031 2175/650/1032 2176/648/925
f 2177/665/944 2178/664/943 2179/720/1033
f 2177/665/944 2179/720/1033 2180/721/1034
f 2181/664/943 2182/666/1035 2183/722/1036
f 2181/664/943 2183/722/1036 2184/720/1037
f 2185/666/945 2186/667/946 2187/723/1038
f 2185/666/945 2187/723/1038 2188/722/1039
f 2189/721/1034 2190/720/1037 2191/633/900
f 2189/721/1034 2191/633/900 2192/632/899
f 2193/720/1037 2194/722/1040 2195/636/1041
f 2193/720/1037 2195/636/1041 2196/633/903
f 2197/722/1040 2198/723/1038 2199/638/908
f 2197/722/1040 2199/638/908 2200/636/904
f 2201/629/894 2202/628/893 2203/724/1042
f 2201/629/894 2203/724/1042 2204/725/1043
f 2205/628/893 2206/630/896 2207/726/1044
f 2205/628/893 2207/726/1044 2208/724/1042
f 2209/630/896 2210/631/898 2211/727/1045
f 2209/630/896 2211/727/1045 2212/726/1046
f 2213/725/1043 2214/724/1042 2215/657/1047
f 2213/725/1043 2215/657/1047 2216/656/933
f 2217/724/1042 2218/726/1044 2219/660/1048
f 2217/724/1042 2219/660/1048 2220/657/934
f 2221/726/1049 2222/727/1050 2223/662/940
f 2221/726/1049 2223/662/940 2224/660/937
f 2225/728/1051 2226/729/1052 2227/730/1053
f 2225/728/1051 2227/730/1053 2228/731/1054
f 2229/729/1052 2230/732/1055 2231/733/1056
f 2229/729/1052 2231/733/1056 2232/730/1057
f 2233/732/1055 2234/734/1058 2235/735/1059
f 2233/732/1055 2235/735/1059 2236/733/1060
f 2237/731/1061 2238/730/1053 2239/621/887
f 2237/731/1061 2239/621/887 2240/620/883
f 2241/730/1057 2242/733/1056 2243/624/888
f 2241/730/1057 2243/624/888 2244/621/887
f 2245/733/1056 2246/735/1059 2247/626/891
f 2245/733/1056 2247/626/891 2248/624/888
f 2249/734/1058 2250/732/1055 2251/736/1062
f 2249/734/1058 2251/736/1062 2252/737/1063
f 2253/732/1055 2254/729/1064 2255/738/1065
f 2253/732/1055 2255/738/1065 2256/736/1062
f 2257/729/1052 2258/728/1066 2259/739/1067
f 2257/729/1052 2259/739/1067 2260/738/1065
f 2261/737/1063 2262/736/1062 2263/669/948
f 2261/737/1063 2263/669/948 2264/668/947
f 2265/736/1062 2266/738/1065 2267/672/951
f 2265/736/1062 2267/672/951 2268/669/948
f 2269/738/1068 2270/739/1069 2271/674/954
f 2269/738/1068 2271/674/954 2272/672/1070
f 2273/677/957 2274/676/1071 2275/740/1072
f 2273/677/957 2275/740/1072 2276/741/1073
f 2277/676/956 2278/678/1074 2279/742/1075
f 2277/676/956 2279/742/1075 2280/740/1072
f 2281/678/1076 2282/679/960 2283/743/1077
f 2281/678/1076 2283/743/1077 2284/742/1078
f 2285/741/1073 2286/740/1072 2287/701/1079
f 2285/741/1073 2287/701/1079 2288/700/992
f 2289/740/1072 2290/742/1080 2291/704/997
f 2289/740/1072 2291/704/997 2292/701/1079
f 2293/742/1080 2294/743/1077 2295/706/1000
f 2293/742/1080 2295/706/1000 2296/704/997
f 2297/709/1005 2298/708/1081 2299/744/1082
f 2297/709/1005 2299/744/1082 2300/745/1083
f 2301/708/1004 2302/710/1006 2303/746/1084
f 2301/708/1004 2303/746/1084 2304/744/1082
f 2305/710/1009 2306/711/1085 2307/747/1086
f 2305/710/1009 2307/747/1086 2308/746/1087
f 2309/745/1088 2310/744/1082 2311/681/1089
f 2309/745/1088 2311/681/1089 2312/680/962
f 2313/744/1082 2314/746/1084 2315/684/1090
f 2313/744/1082 2315/684/1090 2316/681/1089
f 2317/746/1087 2318/747/1086 2319/686/1091
f 2317/746/1087 2319/686/1091 2320/684/967
f 2321/65/75 2322/734/1058 2323/737/1063
f 2321/65/75 2323/737/1063 2324/151/189
f 2325/748/1092 2326/749/1093 2327/728/1051
f 2325/748/1092 2327/728/1051 2328/731/1061
f 2329/735/1059 2330/734/1058 2331/65/75
f 2329/735/1059 2331/65/75 2332/58/66
f 2333/728/1051 2334/749/1094 2335/750/1094
f 2333/728/1051 2335/750/1094 2336/739/1067
f 2337/751/1095 2338/752/1096 2339/623/886
f 2337/751/1095 2339/623/886 2340/629/894
f 2341/631/898 2342/627/892 2343/262/347
f 2341/631/898 2343/262/347 2344/56/1097
f 2345/753/1098 2346/751/1099 2347/629/894
f 2345/753/1098 2347/629/894 2348/725/1100
f 2349/727/1045 2350/631/898 2351/56/64
f 2349/727/1045 2351/56/64 2352/52/57
f 2353/89/1101 2354/667/946 2355/663/941
f 2353/89/1101 2355/663/941 2356/249/325
f 2357/754/1102 2358/755/1103 2359/665/944
f 2357/754/1102 2359/665/944 2360/721/1034
f 2361/723/1038 2362/667/946 2363/89/104
f 2361/723/1038 2363/89/104 2364/82/97
f 2365/665/944 2366/755/1104 2367/756/1105
f 2365/665/944 2367/756/1105 2368/659/936
f 2369/50/54 2370/643/1026 2371/639/909
f 2369/50/54 2371/639/909 2372/239/307
f 2373/757/1106 2374/758/1107 2375/635/1108
f 2373/757/1106 2375/635/1108 2376/641/1020
f 2377/759/1109 2378/757/1109 2379/641/1020
f 2377/759/1109 2379/641/1020 2380/717/1029
f 2381/719/1027 2382/643/1026 2383/50/54
f 2381/719/1027 2383/50/54 2384/46/48
f 2385/214/265 2386/655/932 2387/651/927
f 2385/214/265 2387/651/927 2388/227/285
f 2389/695/982 2390/655/932 2391/214/265
f 2389/695/982 2391/214/265 2392/217/268
f 2393/760/1110 2394/761/1110 2395/653/929
f 2393/760/1110 2395/653/929 2396/699/987
f 2397/761/1111 2398/762/1111 2399/647/920
f 2397/761/1111 2399/647/920 2400/653/929
f 2401/671/950 2402/677/957 2403/147/1112
f 2401/671/950 2403/147/1112 2404/270/362
f 2405/677/957 2406/741/1073 2407/145/178
f 2405/677/957 2407/145/178 2408/147/1112
f 2409/763/1113 2410/764/1114 2411/679/960
f 2409/763/1113 2411/679/960 2412/675/955
f 2413/679/960 2414/764/1115 2415/765/1116
f 2413/679/960 2415/765/1116 2416/743/1077
f 2417/703/995 2418/709/1005 2419/167/373
f 2417/703/995 2419/167/373 2420/276/375
f 2421/167/373 2422/709/1005 2423/745/1083
f 2421/167/373 2423/745/1083 2424/165/205
f 2425/766/1117 2426/767/1117 2427/711/1085
f 2425/766/1117 2427/711/1085 2428/707/1001
f 2429/767/1118 2430/768/1119 2431/747/1086
f 2429/767/1118 2431/747/1086 2432/711/1085
f 2433/683/965 2434/689/974 2435/141/169
f 2433/683/965 2435/141/169 2436/287/398
f 2437/769/1120 2438/770/1120 2439/691/978
f 2437/769/1120 2439/691/978 2440/687/970
f 2441/691/978 2442/770/1120 2443/771/1121
f 2441/691/978 2443/771/1121 2444/715/1016
f 2445/141/169 2446/689/974 2447/713/1011
f 2445/141/169 2447/713/1011 2448/139/166
f 2449/772/1122 2450/760/1122 2451/699/987
f 2449/772/1122 2451/699/987 2452/698/1123
f 2453/713/1124 2454/692/1125 2455/136/163
f 2453/713/1124 2455/136/163 2456/139/166
f 2457/771/1126 2458/772/1127 2459/698/1123
f 2457/771/1126 2459/698/1123 2460/715/1016
f 2461/692/1128 2462/695/982 2463/217/268
f 2461/692/1128 2463/217/268 2464/136/163
f 2465/651/927 2466/650/1032 2467/45/47
f 2465/651/927 2467/45/47 2468/227/285
f 2469/773/1129 2470/759/1130 2471/717/1029
f 2469/773/1129 2471/717/1029 2472/644/917
f 2473/762/1131 2474/773/1131 2475/644/917
f 2473/762/1131 2475/644/917 2476/647/920
f 2477/45/47 2478/650/1032 2479/719/1027
f 2477/45/47 2479/719/1027 2480/46/48
f 2481/639/909 2482/638/908 2483/81/96
f 2481/639/909 2483/81/96 2484/239/307
f 2485/774/1132 2486/754/1133 2487/721/1034
f 2485/774/1132 2487/721/1034 2488/632/899
f 2489/758/1134 2490/774/1135 2491/632/899
f 2489/758/1134 2491/632/899 2492/635/1108
f 2493/81/96 2494/638/908 2495/723/1038
f 2493/81/96 2495/723/1038 2496/82/97
f 2497/663/941 2498/662/940 2499/51/56
f 2497/663/941 2499/51/56 2500/249/325
f 2501/775/1136 2502/753/1136 2503/725/1100
f 2501/775/1136 2503/725/1100 2504/656/933
f 2505/756/1137 2506/775/1138 2507/656/933
f 2505/756/1137 2507/656/933 2508/659/936
f 2509/51/56 2510/662/940 2511/727/1045
f 2509/51/56 2511/727/1045 2512/52/57
f 2513/627/1139 2514/626/891 2515/57/65
f 2513/627/1139 2515/57/65 2516/262/1140
f 2517/776/1141 2518/748/1142 2519/731/1061
f 2517/776/1141 2519/731/1061 2520/620/883
f 2521/752/1096 2522/776/1143 2523/620/883
f 2521/752/1096 2523/620/883 2524/623/886
f 2525/57/1144 2526/626/891 2527/735/1059
f 2525/57/1144 2527/735/1059 2528/58/66
f 2529/668/947 2530/671/950 2531/270/362
f 2529/668/947 2531/270/362 2532/148/186
f 2533/777/1113 2534/763/1113 2535/675/955
f 2533/777/1113 2535/675/955 2536/674/954
f 2537/737/1063 2538/668/947 2539/148/186
f 2537/737/1063 2539/148/186 2540/151/189
f 2541/750/1145 2542/777/1145 2543/674/954
f 2541/750/1145 2543/674/954 2544/739/1067
f 2545/700/992 2546/703/995 2547/276/375
f 2545/700/992 2547/276/375 2548/142/175
f 2549/778/1146 2550/766/1147 2551/707/1001
f 2549/778/1146 2551/707/1001 2552/706/1000
f 2553/741/1073 2554/700/992 2555/142/175
f 2553/741/1073 2555/142/175 2556/145/178
f 2557/765/1116 2558/778/1116 2559/706/1000
f 2557/765/1116 2559/706/1000 2560/743/1077
f 2561/680/962 2562/683/965 2563/287/1148
f 2561/680/962 2563/287/1148 2564/162/202
f 2565/779/1149 2566/769/1149 2567/687/970
f 2565/779/1149 2567/687/970 2568/686/969
f 2569/745/1083 2570/680/962 2571/162/202
f 2569/745/1083 2571/162/202 2572/165/205
f 2573/768/1150 2574/779/1150 2575/686/1151
f 2573/768/1150 2575/686/1151 2576/747/1086
f 2577/294/413 2578/293/412 2579/517/1152
f 2577/294/413 2579/517/1152 2580/780/461
f 2581/781/1153 2582/782/1154 2583/783/1155
f 2581/781/1153 2583/783/1155 2584/784/1156
f 2585/782/1157 2586/785/1158 2587/786/1159
f 2585/782/1157 2587/786/1159 2588/783/1160
f 2589/787/1161 2590/788/1162 2591/782/1154
f 2589/787/1161 2591/782/1154 2592/781/1153
f 2593/788/1162 2594/789/1163 2595/785/1164
f 2593/788/1162 2595/785/1164 2596/782/1157
f 2597/790/1165 2598/791/1166 2599/792/1167
f 2597/790/1165 2599/792/1167 2600/793/1168
f 2601/791/1169 2602/794/1170 2603/795/1171
f 2601/791/1169 2603/795/1171 2604/792/1172
f 2605/796/1173 2606/797/1174 2607/791/1175
f 2605/796/1173 2607/791/1175 2608/790/1165
f 2609/797/1176 2610/798/1177 2611/794/1178
f 2609/797/1176 2611/794/1178 2612/791/1169
f 2613/799/1179 2614/800/1180 2615/801/1181
f 2613/799/1179 2615/801/1181 2616/802/1182
f 2617/800/1183 2618/803/1184 2619/804/1185
f 2617/800/1183 2619/804/1185 2620/801/1181
f 2621/805/1186 2622/806/1187 2623/800/1183
f 2621/805/1186 2623/800/1183 2624/799/1179
f 2625/806/1188 2626/807/1189 2627/803/1184
f 2625/806/1188 2627/803/1184 2628/800/1183
f 2629/808/1190 2630/809/1191 2631/797/1174
f 2629/808/1190 2631/797/1174 2632/796/1192
f 2633/809/1193 2634/810/1194 2635/798/1177
f 2633/809/1193 2635/798/1177 2636/797/1195
f 2637/811/1196 2638/812/1197 2639/809/1193
f 2637/811/1196 2639/809/1193 2640/808/1190
f 2641/812/1198 2642/813/1199 2643/810/1194
f 2641/812/1198 2643/810/1194 2644/809/1193
f 2645/814/1200 2646/815/1201 2647/806/1202
f 2645/814/1200 2647/806/1202 2648/805/1203
f 2649/815/1204 2650/816/1205 2651/807/1189
f 2649/815/1204 2651/807/1189 2652/806/1188
f 2653/784/1206 2654/783/1155 2655/815/1204
f 2653/784/1206 2655/815/1204 2656/814/1207
f 2657/783/1160 2658/786/1159 2659/816/1208
f 2657/783/1160 2659/816/1208 2660/815/1204
f 2661/817/1209 2662/818/1210 2663/819/1211
f 2661/817/1209 2663/819/1211 2664/820/1212
f 2665/818/1210 2666/821/1213 2667/822/1214
f 2665/818/1210 2667/822/1214 2668/819/1215
f 2669/793/1216 2670/792/1217 2671/818/1210
f 2669/793/1216 2671/818/1210 2672/817/1209
f 2673/792/1167 2674/795/1218 2675/821/1213
f 2673/792/1167 2675/821/1213 2676/818/1210
f 2677/823/1219 2678/824/1220 2679/825/1221
f 2677/823/1219 2679/825/1221 2680/826/1222
f 2681/824/1220 2682/827/1223 2683/828/1224
f 2681/824/1220 2683/828/1224 2684/825/1225
f 2685/802/1182 2686/801/1181 2687/824/1220
f 2685/802/1182 2687/824/1220 2688/823/1219
f 2689/801/1226 2690/804/1185 2691/827/1223
f 2689/801/1226 2691/827/1223 2692/824/1220
f 2693/829/1227 2694/830/1228 2695/812/1197
f 2693/829/1227 2695/812/1197 2696/811/1229
f 2697/830/1228 2698/831/1230 2699/813/1231
f 2697/830/1228 2699/813/1231 2700/812/1232
f 2701/826/1222 2702/825/1221 2703/830/1228
f 2701/826/1222 2703/830/1228 2704/829/1233
f 2705/825/1234 2706/828/1224 2707/831/1230
f 2705/825/1234 2707/831/1230 2708/830/1228
f 2709/832/1235 2710/833/1236 2711/834/1237
f 2709/832/1235 2711/834/1237 2712/835/1238
f 2713/833/1239 2714/836/1240 2715/837/1241
f 2713/833/1239 2715/837/1241 2716/834/1237
f 2717/835/1238 2718/834/1242 2719/788/1162
f 2717/835/1238 2719/788/1162 2720/787/1161
f 2721/834/1237 2722/837/1241 2723/789/1163
f 2721/834/1237 2723/789/1163 2724/788/1162
f 2725/838/1243 2726/839/1244 2727/840/1245
f 2725/838/1243 2727/840/1245 2728/841/1246
f 2729/839/1247 2730/842/1248 2731/843/1249
f 2729/839/1247 2731/843/1249 2732/840/1245
f 2733/841/1246 2734/840/1245 2735/844/1250
f 2733/841/1246 2735/844/1250 2736/845/1251
f 2737/840/1245 2738/843/1249 2739/846/1252
f 2737/840/1245 2739/846/1252 2740/844/1250
f 2741/847/1253 2742/848/1254 2743/849/1255
f 2741/847/1253 2743/849/1255 2744/850/1256
f 2745/848/1254 2746/851/1257 2747/852/1258
f 2745/848/1254 2747/852/1258 2748/849/1255
f 2749/850/1259 2750/849/1255 2751/853/1260
f 2749/850/1259 2751/853/1260 2752/854/1261
f 2753/849/1255 2754/852/1258 2755/855/1262
f 2753/849/1255 2755/855/1262 2756/853/1263
f 2757/845/1251 2758/844/1250 2759/856/1264
f 2757/845/1251 2759/856/1264 2760/857/1265
f 2761/844/1250 2762/846/1266 2763/858/1267
f 2761/844/1250 2763/858/1267 2764/856/1264
f 2765/857/1268 2766/856/1264 2767/859/1269
f 2765/857/1268 2767/859/1269 2768/860/1270
f 2769/856/1264 2770/858/1267 2771/861/1271
f 2769/856/1264 2771/861/1271 2772/859/1272
f 2773/854/1261 2774/853/1263 2775/862/1273
f 2773/854/1261 2775/862/1273 2776/863/1274
f 2777/853/1275 2778/855/1262 2779/864/1276
f 2777/853/1275 2779/864/1276 2780/862/1277
f 2781/863/1274 2782/862/1278 2783/833/1239
f 2781/863/1274 2783/833/1239 2784/832/1279
f 2785/862/1277 2786/864/1276 2787/836/1280
f 2785/862/1277 2787/836/1280 2788/833/1239
f 2789/820/1281 2790/819/1282 2791/865/1283
f 2789/820/1281 2791/865/1283 2792/866/1284
f 2793/819/1215 2794/822/1214 2795/867/1285
f 2793/819/1215 2795/867/1285 2796/865/1283
f 2797/866/1284 2798/865/1283 2799/839/1244
f 2797/866/1284 2799/839/1244 2800/838/1286
f 2801/865/1287 2802/867/1288 2803/842/1248
f 2801/865/1287 2803/842/1248 2804/839/1244
f 2805/868/1289 2806/869/1290 2807/870/1291
f 2805/868/1289 2807/870/1291 2808/871/1292
f 2809/869/1290 2810/872/1293 2811/873/1294
f 2809/869/1290 2811/873/1294 2812/870/1295
f 2813/871/1296 2814/870/1291 2815/848/1254
f 2813/871/1296 2815/848/1254 2816/847/1297
f 2817/870/1298 2818/873/1294 2819/851/1299
f 2817/870/1298 2819/851/1299 2820/848/1254
f 2821/860/1300 2822/859/1269 2823/874/1301
f 2821/860/1300 2823/874/1301 2824/875/1302
f 2825/859/1272 2826/861/1271 2827/876/1303
f 2825/859/1272 2827/876/1303 2828/874/1304
f 2829/875/1302 2830/874/1301 2831/869/1290
f 2829/875/1302 2831/869/1290 2832/868/1305
f 2833/874/1304 2834/876/1306 2835/872/1293
f 2833/874/1304 2835/872/1293 2836/869/1290
f 2837/877/1307 2838/813/1308 2839/831/1230
f 2837/877/1307 2839/831/1230 2840/878/1309
f 2841/879/1310 2842/810/1194 2843/813/1308
f 2841/879/1310 2843/813/1308 2844/877/1307
f 2845/8/8 2846/7/7 2847/829/1233
f 2845/8/8 2847/829/1233 2848/811/1196
f 2849/233/312 2850/8/1311 2851/811/1196
f 2849/233/312 2851/811/1196 2852/808/1190
f 2853/880/1312 2854/807/1189 2855/816/1208
f 2853/880/1312 2855/816/1208 2856/881/1313
f 2857/882/1314 2858/803/1184 2859/807/1189
f 2857/882/1314 2859/807/1189 2860/880/1312
f 2861/248/385 2862/247/1315 2863/814/1200
f 2861/248/385 2863/814/1200 2864/805/1186
f 2865/272/386 2866/248/1316 2867/805/1186
f 2865/272/386 2867/805/1186 2868/799/1179
f 2869/883/1317 2870/798/1177 2871/810/1194
f 2869/883/1317 2871/810/1194 2872/879/1310
f 2873/884/1318 2874/794/1178 2875/798/1177
f 2873/884/1318 2875/798/1177 2876/883/1317
f 2877/206/1319 2878/233/312 2879/808/1190
f 2877/206/1319 2879/808/1190 2880/796/1192
f 2881/182/1320 2882/206/255 2883/796/1192
f 2881/182/1320 2883/796/1192 2884/790/1165
f 2885/881/1313 2886/816/1208 2887/786/1321
f 2885/881/1313 2887/786/1321 2888/885/1322
f 2889/247/1315 2890/80/95 2891/784/1156
f 2889/247/1315 2891/784/1156 2892/814/1200
f 2893/885/1322 2894/786/1321 2895/785/1164
f 2893/885/1322 2895/785/1164 2896/886/1323
f 2897/80/95 2898/79/94 2899/781/1153
f 2897/80/95 2899/781/1153 2900/784/1156
f 2901/887/1324 2902/821/1213 2903/795/1171
f 2901/887/1324 2903/795/1171 2904/888/1325
f 2905/13/13 2906/78/1326 2907/793/1168
f 2905/13/13 2907/793/1168 2908/817/1209
f 2909/888/1325 2910/795/1171 2911/794/1178
f 2909/888/1325 2911/794/1178 2912/884/1318
f 2913/78/1327 2914/182/1320 2915/790/1165
f 2913/78/1327 2915/790/1165 2916/793/1168
f 2917/889/1328 2918/827/1223 2919/804/1185
f 2917/889/1328 2919/804/1185 2920/890/1329
f 2921/242/315 2922/245/320 2923/802/1330
f 2921/242/315 2923/802/1330 2924/823/1219
f 2925/890/1329 2926/804/1185 2927/803/1184
f 2925/890/1329 2927/803/1184 2928/882/1314
f 2929/245/1331 2930/272/386 2931/799/1179
f 2929/245/1331 2931/799/1179 2932/802/1332
f 2933/878/1309 2934/831/1230 2935/828/1333
f 2933/878/1309 2935/828/1333 2936/891/1334
f 2937/7/7 2938/10/10 2939/826/1222
f 2937/7/7 2939/826/1222 2940/829/1233
f 2941/891/1334 2942/828/1224 2943/827/1223
f 2941/891/1334 2943/827/1223 2944/889/1328
f 2945/10/10 2946/242/1335 2947/823/1219
f 2945/10/10 2947/823/1219 2948/826/1222
f 2949/837/1241 2950/892/1336 2951/893/1337
f 2949/837/1241 2951/893/1337 2952/789/1163
f 2953/886/1323 2954/785/1338 2955/789/1163
f 2953/886/1323 2955/789/1163 2956/893/1337
f 2957/99/1339 2958/288/403 2959/835/1238
f 2957/99/1339 2959/835/1238 2960/787/1161
f 2961/79/94 2962/99/1339 2963/787/1161
f 2961/79/94 2963/787/1161 2964/781/1153
f 2965/822/1340 2966/894/1341 2967/895/1342
f 2965/822/1340 2967/895/1342 2968/867/1288
f 2969/208/259 2970/14/14 2971/820/1212
f 2969/208/259 2971/820/1212 2972/866/1284
f 2973/894/1341 2974/822/1340 2975/821/1213
f 2973/894/1341 2975/821/1213 2976/887/1324
f 2977/14/14 2978/13/1343 2979/817/1209
f 2977/14/14 2979/817/1209 2980/820/1212
f 2981/107/128 2982/106/1344 2983/857/1345
f 2981/107/128 2983/857/1345 2984/860/1270
f 2985/858/1267 2986/896/1346 2987/897/1347
f 2985/858/1267 2987/897/1347 2988/861/1348
f 2989/861/1271 2990/897/1347 2991/898/1349
f 2989/861/1271 2991/898/1349 2992/876/1303
f 2993/224/281 2994/107/128 2995/860/1300
f 2993/224/281 2995/860/1300 2996/875/1302
f 2997/271/407 2998/4/1350 2999/850/1259
f 2997/271/407 2999/850/1259 3000/854/1261
f 3001/852/1351 3002/899/1352 3003/900/1353
f 3001/852/1351 3003/900/1353 3004/855/1262
f 3005/855/1262 3006/900/1353 3007/901/1354
f 3005/855/1262 3007/901/1354 3008/864/1276
f 3009/255/1355 3010/271/407 3011/854/1261
f 3009/255/1355 3011/854/1261 3012/863/1356
f 3013/181/1357 3014/280/387 3015/841/1246
f 3013/181/1357 3015/841/1246 3016/845/1251
f 3017/843/1249 3018/902/1358 3019/903/1359
f 3017/843/1249 3019/903/1359 3020/846/1360
f 3021/846/1360 3022/903/1359 3023/896/1346
f 3021/846/1360 3023/896/1346 3024/858/1267
f 3025/106/127 3026/181/388 3027/845/1251
f 3025/106/127 3027/845/1251 3028/857/1265
f 3029/864/1276 3030/901/1354 3031/904/1361
f 3029/864/1276 3031/904/1361 3032/836/1280
f 3033/836/1280 3034/904/1361 3035/892/1336
f 3033/836/1280 3035/892/1336 3036/837/1362
f 3037/256/404 3038/255/1363 3039/863/1356
f 3037/256/404 3039/863/1356 3040/832/1279
f 3041/288/403 3042/256/404 3043/832/1279
f 3041/288/403 3043/832/1279 3044/835/1238
f 3045/867/1288 3046/895/1342 3047/905/1364
f 3045/867/1288 3047/905/1364 3048/842/1248
f 3049/842/1365 3050/905/1364 3051/902/1358
f 3049/842/1365 3051/902/1358 3052/843/1249
f 3053/209/260 3054/208/259 3055/866/1284
f 3053/209/260 3055/866/1284 3056/838/1243
f 3057/280/387 3058/209/260 3059/838/1243
f 3057/280/387 3059/838/1243 3060/841/1246
f 3061/873/1294 3062/906/1366 3063/907/1367
f 3061/873/1294 3063/907/1367 3064/851/1257
f 3065/851/1257 3066/907/1367 3067/899/1352
f 3065/851/1257 3067/899/1352 3068/852/1351
f 3069/3/3 3070/101/124 3071/871/1296
f 3069/3/3 3071/871/1296 3072/847/1297
f 3073/4/1368 3074/3/3 3075/847/1297
f 3073/4/1368 3075/847/1297 3076/850/1369
f 3077/876/1303 3078/898/1349 3079/908/1370
f 3077/876/1303 3079/908/1370 3080/872/1293
f 3081/872/1293 3082/908/1370 3083/906/1366
f 3081/872/1293 3083/906/1366 3084/873/1371
f 3085/103/1372 3086/224/281 3087/875/1302
f 3085/103/1372 3087/875/1302 3088/868/1373
f 3089/101/124 3090/103/1372 3091/868/1373
f 3089/101/124 3091/868/1373 3092/871/1296
f 3093/573/766 3094/575/770 3095/582/1374
f 3093/573/766 3095/582/1374 3096/580/776
f 3097/566/767 3098/573/766 3099/580/1375
f 3097/566/767 3099/580/1375 3100/568/763
f 3101/566/761 3102/568/763 3103/571/752
f 3101/566/761 3103/571/752 3104/567/762
f 3105/555/748 3106/557/1376 3107/559/754
f 3105/555/748 3107/559/754 3108/561/759
f 3109/556/749 3110/555/1377 3111/561/759
f 3109/556/749 3111/561/759 3112/560/1378
f 3113/909/762 3114/558/752 3115/559/754
f 3113/909/762 3115/559/754 3116/557/1379
f 3117/581/781 3118/583/1380 3119/330/880
f 3117/581/781 3119/330/880 3120/328/454
f 3121/569/778 3122/581/781 3123/328/1381
f 3121/569/778 3123/328/1381 3124/321/446
f 3125/570/426 3126/569/1382 3127/321/446
f 3125/570/426 3127/321/446 3128/320/427
f 3129/562/757 3130/304/753 3131/303/433
f 3129/562/757 3131/303/433 3132/308/429
f 3133/563/1383 3134/562/1384 3135/308/429
f 3133/563/1383 3135/308/429 3136/307/428
f 3137/311/434 3138/303/424 3139/306/427
f 3137/311/434 3139/306/427 3140/910/1385
f 3141/410/553 3142/412/556 3143/574/769
f 3141/410/553 3143/574/769 3144/572/768
f 3145/398/554 3146/410/553 3147/572/1386
f 3145/398/554 3147/572/1386 3148/565/760
f 3149/399/524 3150/398/538 3151/565/1387
f 3149/399/524 3151/565/1387 3152/564/1388
f 3153/391/529 3154/387/1389 3155/547/738
f 3153/391/529 3155/547/738 3156/554/747
f 3157/392/1390 3158/391/529 3159/554/1391
f 3157/392/1390 3159/554/1391 3160/553/746
f 3161/557/1376 3162/547/1392 3163/548/740
f 3161/557/1376 3163/548/740 3164/909/762
f 3165/402/1393 3166/404/1394 3167/411/870
f 3165/402/1393 3167/411/870 3168/409/552
f 3169/395/542 3170/402/541 3171/409/1395
f 3169/395/542 3171/409/1395 3172/397/551
f 3173/395/1396 3174/397/551 3175/400/539
f 3173/395/1396 3175/400/539 3176/396/1397
f 3177/382/522 3178/384/521 3179/388/526
f 3177/382/522 3179/388/526 3180/390/531
f 3181/383/519 3182/382/518 3183/390/528
f 3181/383/519 3183/390/528 3184/389/527
f 3185/911/536 3186/385/539 3187/388/526
f 3185/911/536 3187/388/526 3188/384/521
f 3189/550/742 3190/552/1398 3191/403/878
f 3189/550/742 3191/403/878 3192/401/543
f 3193/540/743 3194/550/742 3195/401/1399
f 3193/540/743 3195/401/1399 3196/394/1400
f 3197/541/720 3198/540/1401 3199/394/534
f 3197/541/720 3199/394/534 3200/393/533
f 3201/533/724 3202/375/727 3203/374/520
f 3201/533/724 3203/374/520 3204/381/517
f 3205/534/725 3206/533/724 3207/381/517
f 3205/534/725 3207/381/517 3208/380/516
f 3209/384/521 3210/374/520 3211/377/533
f 3209/384/521 3211/377/533 3212/911/1402
f 3213/544/735 3214/546/737 3215/551/744
f 3213/544/735 3215/551/744 3216/549/741
f 3217/537/729 3218/544/735 3219/549/1403
f 3217/537/729 3219/549/1403 3220/539/731
f 3221/537/1404 3222/539/1405 3223/542/719
f 3221/537/1404 3223/542/719 3224/538/730
f 3225/526/718 3226/528/717 3227/530/1406
f 3225/526/718 3227/530/1406 3228/532/723
f 3229/527/714 3230/526/718 3231/532/723
f 3229/527/714 3231/532/723 3232/531/722
f 3233/912/1407 3234/529/719 3235/530/726
f 3233/912/1407 3235/530/726 3236/528/717
f 3237/353/481 3238/355/862 3239/545/736
f 3237/353/481 3239/545/736 3240/543/734
f 3241/341/1408 3242/353/481 3243/543/734
f 3241/341/1408 3243/543/734 3244/536/1409
f 3245/342/415 3246/341/1410 3247/536/728
f 3245/342/415 3247/536/728 3248/535/1411
f 3249/301/1412 3250/297/416 3251/522/1413
f 3249/301/1412 3251/522/1413 3252/525/1414
f 3253/302/858 3254/301/420 3255/525/715
f 3253/302/858 3255/525/715 3256/524/711
f 3257/528/717 3258/522/703 3259/523/706
f 3257/528/717 3259/523/706 3260/912/730
f 3261/345/471 3262/347/475 3263/354/1415
f 3261/345/471 3263/354/1415 3264/352/480
f 3265/334/472 3266/345/1416 3267/352/480
f 3265/334/472 3267/352/480 3268/340/467
f 3269/334/472 3270/340/467 3271/343/414
f 3269/334/472 3271/343/414 3272/335/461
f 3273/291/410 3274/294/413 3275/298/423
f 3273/291/410 3275/298/423 3276/300/422
f 3277/292/411 3278/291/1417 3279/300/419
f 3277/292/411 3279/300/419 3280/299/1418
f 3281/780/461 3282/295/414 3283/298/417
f 3281/780/461 3283/298/417 3284/294/413
f 3285/329/457 3286/331/456 3287/338/465
f 3285/329/457 3287/338/465 3288/336/1419
f 3289/322/447 3290/329/457 3291/336/1420
f 3289/322/447 3291/336/1420 3292/324/1421
f 3293/322/447 3294/324/449 3295/327/1422
f 3293/322/447 3295/327/1422 3296/323/1423
f 3297/309/435 3298/311/434 3299/315/445
f 3297/309/435 3299/315/445 3300/317/1424
f 3301/310/431 3302/309/435 3303/317/441
f 3301/310/431 3303/317/441 3304/316/1425
f 3305/910/448 3306/312/1422 3307/315/1426
f 3305/910/448 3307/315/1426 3308/311/434
f 3309/337/463 3310/339/1427 3311/594/863
f 3309/337/463 3311/594/863 3312/592/796
f 3313/325/464 3314/337/463 3315/592/796
f 3313/325/464 3315/592/796 3316/588/795
f 3317/325/464 3318/588/1428 3319/591/793
f 3317/325/464 3319/591/793 3320/326/1429
f 3321/318/1430 3322/314/1431 3323/579/774
f 3321/318/1430 3323/579/774 3324/585/786
f 3325/319/443 3326/318/442 3327/585/1432
f 3325/319/443 3327/585/1432 3328/584/1433
f 3329/313/437 3330/576/793 3331/579/774
f 3329/313/437 3331/579/774 3332/314/1434
f 3333/913/1435 3334/914/1436 3335/915/1437
f 3333/913/1435 3335/915/1437 3336/916/1438
f 3337/917/1439 3338/918/1439 3339/919/1439
f 3337/917/1439 3339/919/1439 3340/920/1440
f 3341/921/1441 3342/920/1441 3343/919/1441
f 3341/921/1441 3343/919/1441 3344/922/1441
f 3345/923/1442 3346/922/1441 3347/919/1442
f 3345/923/1442 3347/919/1442 3348/924/1442
f 3349/925/1442 3350/924/1442 3351/919/1442
f 3349/925/1442 3351/919/1442 3352/926/1442
f 3353/927/1440 3354/926/1442 3355/919/1440
f 3353/927/1440 3355/919/1440 3356/928/1440
f 3357/929/1442 3358/928/1442 3359/919/1442
f 3357/929/1442 3359/919/1442 3360/930/1443
f 3361/931/1441 3362/930/1439 3363/919/1441
f 3361/931/1441 3363/919/1441 3364/932/1441
f 3365/933/1439 3366/932/1439 3367/919/1439
f 3365/933/1439 3367/919/1439 3368/934/1439
f 3369/935/1441 3370/934/1441 3371/919/1441
f 3369/935/1441 3371/919/1441 3372/936/1439
f 3373/937/1439 3374/936/1439 3375/919/1439
f 3373/937/1439 3375/919/1439 3376/938/1439
f 3377/939/1439 3378/938/1444 3379/919/1439
f 3377/939/1439 3379/919/1439 3380/940/1440
f 3381/941/1440 3382/940/1440 3383/919/1440
f 3381/941/1440 3383/919/1440 3384/942/1440
f 3385/943/1442 3386/942/1442 3387/919/1442
f 3385/943/1442 3387/919/1442 3388/944/1442
f 3389/945/1440 3390/944/1440 3391/919/1440
f 3389/945/1440 3391/919/1440 3392/946/1440
f 3393/947/1442 3394/946/1442 3395/919/1442
f 3393/947/1442 3395/919/1442 3396/948/1439
f 3397/949/1441 3398/948/1439 3399/919/1441
f 3397/949/1441 3399/919/1441 3400/918/1441
f 3401/950/1445 3402/951/1446 3403/952/1447
f 3401/950/1445 3403/952/1447 3404/953/1448
f 3405/914/1436 3406/954/1449 3407/955/1450
f 3405/914/1436 3407/955/1450 3408/915/1436
f 3409/956/1451 3410/957/1452 3411/958/1453
f 3409/956/1451 3411/958/1453 3412/959/1454
f 3413/951/1455 3414/960/1456 3415/961/1457
f 3413/951/1455 3415/961/1457 3416/952/1458
f 3417/962/1459 3418/963/1460 3419/964/1461
f 3417/962/1459 3419/964/1461 3420/965/1462
f 3421/957/1463 3422/966/1464 3423/967/1465
f 3421/957/1463 3423/967/1465 3424/958/1466
f 3425/968/1467 3426/969/1468 3427/970/1469
f 3425/968/1467 3427/970/1469 3428/971/1470
f 3429/972/1471 3430/968/1472 3431/971/1473
f 3429/972/1471 3431/971/1473 3432/973/1474
f 3433/974/1475 3434/975/1476 3435/976/1477
f 3433/974/1475 3435/976/1477 3436/977/1478
f 3437/969/1479 3438/978/1480 3439/979/1481
f 3437/969/1479 3439/979/1481 3440/970/1482
f 3441/980/1483 3442/981/1484 3443/982/1485
f 3441/980/1483 3443/982/1485 3444/983/1486
f 3445/975/1487 3446/984/1488 3447/985/1489
f 3445/975/1487 3447/985/1489 3448/976/1490
f 3449/986/1491 3450/987/1492 3451/988/1493
f 3449/986/1491 3451/988/1493 3452/989/1494
f 3453/981/1495 3454/986/1496 3455/989/1497
f 3453/981/1495 3455/989/1497 3456/982/1498
f 3457/990/1499 3458/991/1500 3459/992/1501
f 3457/990/1499 3459/992/1501 3460/993/1502
f 3461/987/1503 3462/990/1504 3463/993/1505
f 3461/987/1503 3463/993/1505 3464/988/1506
f 3465/994/1507 3466/995/1508 3467/996/1509
f 3465/994/1507 3467/996/1509 3468/997/1510
f 3469/991/1511 3470/950/1512 3471/953/1513
f 3469/991/1511 3471/953/1513 3472/992/1514
f 3473/978/1515 3474/998/1516 3475/999/1517
f 3473/978/1515 3475/999/1517 3476/979/1480
f 3477/995/1518 3478/1000/1519 3479/1001/1520
f 3477/995/1518 3479/1001/1520 3480/996/1521
f 3481/954/1522 3482/1002/1523 3483/1003/1524
f 3481/954/1522 3483/1003/1524 3484/955/1450
f 3485/998/1525 3486/974/1526 3487/977/1527
f 3485/998/1525 3487/977/1527 3488/999/1516
f 3489/960/1528 3490/1004/1529 3491/1005/1530
f 3489/960/1528 3491/1005/1530 3492/961/1456
f 3493/1002/1531 3494/956/1532 3495/959/1533
f 3493/1002/1531 3495/959/1533 3496/1003/1534
f 3497/1000/1535 3498/1006/1536 3499/1007/1537
f 3497/1000/1535 3499/1007/1537 3500/1001/1538
f 3501/1004/1539 3502/994/1540 3503/997/1541
f 3501/1004/1539 3503/997/1541 3504/1005/1529
f 3505/966/1542 3506/1008/1543 3507/1009/1544
f 3505/966/1542 3507/1009/1544 3508/967/1464
f 3509/1006/1545 3510/913/1438 3511/916/1546
f 3509/1006/1545 3511/916/1546 3512/1007/1547
f 3513/984/1548 3514/1010/1549 3515/1011/1550
f 3513/984/1548 3515/1011/1550 3516/985/1548
f 3517/1008/1551 3518/962/1552 3519/965/1553
f 3517/1008/1551 3519/965/1553 3520/1009/1554
f 3521/1010/1549 3522/980/1555 3523/983/1486
f 3521/1010/1549 3523/983/1486 3524/1011/1549
