v -0.012713 -0.067113 0.678771
v -0.012713 -0.157772 0.617111
v 0.119591 -0.159309 0.616229
v 0.112843 -0.069531 0.679808
v -0.012713 -0.067113 0.678771
v -0.138269 -0.069531 0.679808
v -0.145017 -0.159309 0.616229
v -0.012713 -0.157772 0.617111
v 0.119591 -0.159309 0.616229
v 0.26507 -0.1626 0.614705
v 0.267973 -0.070114 0.680162
v 0.112843 -0.069531 0.679808
v 0.26507 -0.1626 0.614705
v 0.39617 -0.168153 0.611165
v 0.46931 -0.08395 0.681988
v 0.267973 -0.070114 0.680162
v 0.479641 -0.179664 0.615045
v 0.46931 -0.08395 0.681988
v 0.39617 -0.168153 0.611165
v 0.479641 -0.179664 0.615045
v 0.519088 -0.102515 0.703597
v 0.494152 -0.087994 0.688873
v 0.46931 -0.08395 0.681988
v 0.519088 -0.102515 0.703597
v 0.479641 -0.179664 0.615045
v 0.543497 -0.223281 0.654848
v 0.570528 -0.157518 0.759941
v 0.590957 -0.293436 0.720694
v 0.595787 -0.228381 0.79668
v 0.570528 -0.157518 0.759941
v 0.543497 -0.223281 0.654848
v 0.479641 -0.179664 0.615045
v 0.462617 -0.209978 0.520171
v 0.546247 -0.262947 0.559987
v 0.543497 -0.223281 0.654848
v 0.590957 -0.293436 0.720694
v 0.543497 -0.223281 0.654848
v 0.546247 -0.262947 0.559987
v 0.596798 -0.355008 0.631892
v 0.590957 -0.293436 0.720694
v 0.616386 -0.35752 0.796985
v 0.616821 -0.29261 0.840664
v 0.595787 -0.228381 0.79668
v 0.590957 -0.293436 0.720694
v 0.596798 -0.355008 0.631892
v 0.625985 -0.421352 0.750309
v 0.616386 -0.35752 0.796985
v 0.661898 -0.495711 0.733314
v 0.625985 -0.421352 0.750309
v 0.596798 -0.355008 0.631892
v 0.630575 -0.455548 0.600768
v 0.630575 -0.455548 0.600768
v 0.596798 -0.355008 0.631892
v 0.554752 -0.290734 0.475363
v 0.600546 -0.397997 0.452214
v 0.596798 -0.355008 0.631892
v 0.546247 -0.262947 0.559987
v 0.554752 -0.290734 0.475363
v 0.462617 -0.209978 0.520171
v 0.459678 -0.222053 0.419402
v 0.554752 -0.290734 0.475363
v 0.546247 -0.262947 0.559987
v 0.459678 -0.222053 0.419402
v 0.433229 -0.218949 0.304678
v 0.518638 -0.265754 0.336497
v 0.554752 -0.290734 0.475363
v 0.580182 -0.346281 0.318825
v 0.600546 -0.397997 0.452214
v 0.554752 -0.290734 0.475363
v 0.518638 -0.265754 0.336497
v 0.63422 -0.43288 0.312076
v 0.663319 -0.482042 0.442734
v 0.600546 -0.397997 0.452214
v 0.580182 -0.346281 0.318825
v 0.698378 -0.530506 0.583582
v 0.630575 -0.455548 0.600768
v 0.600546 -0.397997 0.452214
v 0.663319 -0.482042 0.442734
v 0.790174 -0.550493 0.565544
v 0.698378 -0.530506 0.583582
v 0.663319 -0.482042 0.442734
v 0.762357 -0.51566 0.426953
v 0.762357 -0.51566 0.426953
v 0.663319 -0.482042 0.442734
v 0.63422 -0.43288 0.312076
v 0.733859 -0.466949 0.298082
v 0.580182 -0.346281 0.318825
v 0.553602 -0.322052 0.179636
v 0.610917 -0.386284 0.178822
v 0.63422 -0.43288 0.312076
v 0.610917 -0.386284 0.178822
v 0.704874 -0.413015 0.177104
v 0.733859 -0.466949 0.298082
v 0.63422 -0.43288 0.312076
v 0.704874 -0.413015 0.177104
v 0.798097 -0.40032 0.175371
v 0.832425 -0.452365 0.292706
v 0.733859 -0.466949 0.298082
v 0.733859 -0.466949 0.298082
v 0.832425 -0.452365 0.292706
v 0.862486 -0.501426 0.421384
v 0.762357 -0.51566 0.426953
v 0.798097 -0.40032 0.175371
v 0.883862 -0.352346 0.172829
v 0.921191 -0.397999 0.296986
v 0.832425 -0.452365 0.292706
v 0.950495 -0.442157 0.429187
v 0.862486 -0.501426 0.421384
v 0.832425 -0.452365 0.292706
v 0.921191 -0.397999 0.296986
v 0.762357 -0.51566 0.426953
v 0.862486 -0.501426 0.421384
v 0.88461 -0.532032 0.557079
v 0.790174 -0.550493 0.565544
v 0.96021 -0.474428 0.561484
v 0.88461 -0.532032 0.557079
v 0.862486 -0.501426 0.421384
v 0.950495 -0.442157 0.429187
v 1.00258 -0.390697 0.58257
v 0.96021 -0.474428 0.561484
v 0.950495 -0.442157 0.429187
v 0.996655 -0.35182 0.451246
v 0.973679 -0.308351 0.315503
v 0.996655 -0.35182 0.451246
v 0.950495 -0.442157 0.429187
v 0.921191 -0.397999 0.296986
v 0.973679 -0.308351 0.315503
v 0.996822 -0.209005 0.341868
v 1.01497 -0.251609 0.482621
v 0.996655 -0.35182 0.451246
v 0.996655 -0.35182 0.451246
v 1.01497 -0.251609 0.482621
v 1.01609 -0.296844 0.613595
v 1.00258 -0.390697 0.58257
v 1.00258 -0.390697 0.58257
v 1.01609 -0.296844 0.613595
v 1.00005 -0.33522 0.724833
v 0.988198 -0.419527 0.694612
v 0.988198 -0.419527 0.694612
v 0.947248 -0.492844 0.676153
v 0.96021 -0.474428 0.561484
v 1.00258 -0.390697 0.58257
v 0.988198 -0.419527 0.694612
v 1.00005 -0.33522 0.724833
v 0.975621 -0.356946 0.791715
v 0.958226 -0.435779 0.777531
v 0.988198 -0.419527 0.694612
v 0.958226 -0.435779 0.777531
v 0.92703 -0.493232 0.752704
v 0.947248 -0.492844 0.676153
v 0.947248 -0.492844 0.676153
v 0.92703 -0.493232 0.752704
v 0.879423 -0.521324 0.773563
v 0.88021 -0.541641 0.679845
v 0.947248 -0.492844 0.676153
v 0.88021 -0.541641 0.679845
v 0.88461 -0.532032 0.557079
v 0.96021 -0.474428 0.561484
v 0.88021 -0.541641 0.679845
v 0.879423 -0.521324 0.773563
v 0.812432 -0.537362 0.792445
v 0.803458 -0.558485 0.69115
v 0.88021 -0.541641 0.679845
v 0.803458 -0.558485 0.69115
v 0.790174 -0.550493 0.565544
v 0.88461 -0.532032 0.557079
v 0.698378 -0.530506 0.583582
v 0.790174 -0.550493 0.565544
v 0.803458 -0.558485 0.69115
v 0.723136 -0.548778 0.707011
v 0.803458 -0.558485 0.69115
v 0.812432 -0.537362 0.792445
v 0.734546 -0.531037 0.808327
v 0.723136 -0.548778 0.707011
v 0.756534 -0.466774 0.895695
v 0.734546 -0.531037 0.808327
v 0.812432 -0.537362 0.792445
v 0.835993 -0.472909 0.874572
v 0.835993 -0.472909 0.874572
v 0.812432 -0.537362 0.792445
v 0.879423 -0.521324 0.773563
v 0.903745 -0.461226 0.836378
v 0.770967 -0.366782 0.932557
v 0.756534 -0.466774 0.895695
v 0.835993 -0.472909 0.874572
v 0.852102 -0.37056 0.913166
v 0.852102 -0.37056 0.913166
v 0.835993 -0.472909 0.874572
v 0.903745 -0.461226 0.836378
v 0.922 -0.366531 0.867915
v 0.756534 -0.466774 0.895695
v 0.770967 -0.366782 0.932557
v 0.690793 -0.357262 0.926377
v 0.674262 -0.438217 0.88108
v 0.641664 -0.337839 0.886956
v 0.639789 -0.400652 0.851745
v 0.674262 -0.438217 0.88108
v 0.690793 -0.357262 0.926377
v 0.674262 -0.438217 0.88108
v 0.639789 -0.400652 0.851745
v 0.646522 -0.446678 0.81361
v 0.672731 -0.487513 0.812866
v 0.674262 -0.438217 0.88108
v 0.672731 -0.487513 0.812866
v 0.734546 -0.531037 0.808327
v 0.756534 -0.466774 0.895695
v 0.723136 -0.548778 0.707011
v 0.734546 -0.531037 0.808327
v 0.672731 -0.487513 0.812866
v 0.661898 -0.495711 0.733314
v 0.646522 -0.446678 0.81361
v 0.625985 -0.421352 0.750309
v 0.661898 -0.495711 0.733314
v 0.672731 -0.487513 0.812866
v 0.639789 -0.400652 0.851745
v 0.616386 -0.35752 0.796985
v 0.625985 -0.421352 0.750309
v 0.646522 -0.446678 0.81361
v 0.723136 -0.548778 0.707011
v 0.661898 -0.495711 0.733314
v 0.630575 -0.455548 0.600768
v 0.698378 -0.530506 0.583582
v 0.641664 -0.337839 0.886956
v 0.616821 -0.29261 0.840664
v 0.616386 -0.35752 0.796985
v 0.639789 -0.400652 0.851745
v 0.975621 -0.356946 0.791715
v 0.922 -0.366531 0.867915
v 0.903745 -0.461226 0.836378
v 0.958226 -0.435779 0.777531
v 0.903745 -0.461226 0.836378
v 0.879423 -0.521324 0.773563
v 0.92703 -0.493232 0.752704
v 0.958226 -0.435779 0.777531
v 0.940411 -0.26733 0.18198
v 0.966545 -0.168659 0.199754
v 0.996822 -0.209005 0.341868
v 0.973679 -0.308351 0.315503
v 0.907502 -0.233912 0.055065
v 0.931001 -0.133727 0.061558
v 0.966545 -0.168659 0.199754
v 0.940411 -0.26733 0.18198
v 0.850572 -0.317019 0.056376
v 0.907502 -0.233912 0.055065
v 0.940411 -0.26733 0.18198
v 0.883862 -0.352346 0.172829
v 0.883862 -0.352346 0.172829
v 0.940411 -0.26733 0.18198
v 0.973679 -0.308351 0.315503
v 0.921191 -0.397999 0.296986
v 0.767838 -0.357303 0.064382
v 0.850572 -0.317019 0.056376
v 0.883862 -0.352346 0.172829
v 0.798097 -0.40032 0.175371
v 0.828558 -0.293045 -0.048426
v 0.879491 -0.208667 -0.055032
v 0.907502 -0.233912 0.055065
v 0.850572 -0.317019 0.056376
v 0.744089 -0.333745 -0.036956
v 0.828558 -0.293045 -0.048426
v 0.850572 -0.317019 0.056376
v 0.767838 -0.357303 0.064382
v 0.659301 -0.34336 -0.036266
v 0.744089 -0.333745 -0.036956
v 0.767838 -0.357303 0.064382
v 0.679844 -0.369211 0.066704
v 0.679844 -0.369211 0.066704
v 0.767838 -0.357303 0.064382
v 0.798097 -0.40032 0.175371
v 0.704874 -0.413015 0.177104
v 0.56688 -0.326265 -0.041296
v 0.659301 -0.34336 -0.036266
v 0.679844 -0.369211 0.066704
v 0.590097 -0.350101 0.065979
v 0.590097 -0.350101 0.065979
v 0.679844 -0.369211 0.066704
v 0.704874 -0.413015 0.177104
v 0.610917 -0.386284 0.178822
v 0.534338 -0.295669 0.063636
v 0.519568 -0.285591 -0.045139
v 0.56688 -0.326265 -0.041296
v 0.590097 -0.350101 0.065979
v 0.553602 -0.322052 0.179636
v 0.534338 -0.295669 0.063636
v 0.590097 -0.350101 0.065979
v 0.610917 -0.386284 0.178822
v 0.480595 -0.248518 -0.047616
v 0.519568 -0.285591 -0.045139
v 0.534338 -0.295669 0.063636
v 0.485284 -0.245371 0.059037
v 0.485284 -0.245371 0.059037
v 0.534338 -0.295669 0.063636
v 0.553602 -0.322052 0.179636
v 0.50066 -0.252027 0.18103
v 0.50066 -0.252027 0.18103
v 0.553602 -0.322052 0.179636
v 0.580182 -0.346281 0.318825
v 0.518638 -0.265754 0.336497
v 0.41702 -0.219797 0.059016
v 0.485284 -0.245371 0.059037
v 0.50066 -0.252027 0.18103
v 0.423456 -0.219206 0.177635
v 0.423456 -0.219206 0.177635
v 0.50066 -0.252027 0.18103
v 0.518638 -0.265754 0.336497
v 0.433229 -0.218949 0.304678
v 0.328382 -0.215916 0.057783
v 0.41702 -0.219797 0.059016
v 0.423456 -0.219206 0.177635
v 0.330364 -0.215916 0.174737
v 0.330364 -0.215916 0.174737
v 0.423456 -0.219206 0.177635
v 0.433229 -0.218949 0.304678
v 0.336308 -0.215916 0.292471
v 0.336308 -0.215916 0.292471
v 0.433229 -0.218949 0.304678
v 0.459678 -0.222053 0.419402
v 0.349168 -0.215911 0.404667
v 0.224348 -0.215916 0.172438
v 0.330364 -0.215916 0.174737
v 0.336308 -0.215916 0.292471
v 0.228819 -0.215916 0.286884
v 0.228819 -0.215916 0.286884
v 0.336308 -0.215916 0.292471
v 0.349168 -0.215911 0.404667
v 0.234753 -0.215916 0.398695
v 0.349168 -0.215911 0.404667
v 0.459678 -0.222053 0.419402
v 0.462617 -0.209978 0.520171
v 0.364069 -0.20557 0.510355
v 0.234753 -0.215916 0.398695
v 0.349168 -0.215911 0.404667
v 0.364069 -0.20557 0.510355
v 0.245715 -0.204936 0.509354
v 0.364069 -0.20557 0.510355
v 0.462617 -0.209978 0.520171
v 0.479641 -0.179664 0.615045
v 0.39617 -0.168153 0.611165
v 0.245715 -0.204936 0.509354
v 0.364069 -0.20557 0.510355
v 0.39617 -0.168153 0.611165
v 0.26507 -0.1626 0.614705
v 0.234753 -0.215916 0.398695
v 0.245715 -0.204936 0.509354
v 0.11696 -0.204616 0.508345
v 0.113482 -0.215916 0.395331
v 0.245715 -0.204936 0.509354
v 0.26507 -0.1626 0.614705
v 0.119591 -0.159309 0.616229
v 0.11696 -0.204616 0.508345
v 0.113482 -0.215916 0.395331
v 0.11696 -0.204616 0.508345
v -0.012713 -0.207272 0.508701
v -0.012713 -0.215916 0.39932
v 0.11696 -0.204616 0.508345
v 0.119591 -0.159309 0.616229
v -0.012713 -0.157772 0.617111
v -0.012713 -0.207272 0.508701
v -0.138908 -0.215916 0.395331
v -0.012713 -0.215916 0.39932
v -0.012713 -0.207272 0.508701
v -0.142386 -0.204616 0.508345
v -0.142386 -0.204616 0.508345
v -0.012713 -0.207272 0.508701
v -0.012713 -0.157772 0.617111
v -0.145017 -0.159309 0.616229
v -0.260179 -0.215916 0.398695
v -0.138908 -0.215916 0.395331
v -0.142386 -0.204616 0.508345
v -0.271141 -0.204936 0.509354
v -0.271141 -0.204936 0.509354
v -0.142386 -0.204616 0.508345
v -0.145017 -0.159309 0.616229
v -0.290496 -0.1626 0.614705
v -0.145017 -0.159309 0.616229
v -0.138269 -0.069531 0.679808
v -0.293399 -0.070114 0.680162
v -0.290496 -0.1626 0.614705
v -0.271141 -0.204936 0.509354
v -0.290496 -0.1626 0.614705
v -0.421596 -0.168153 0.611165
v -0.389495 -0.20557 0.510355
v -0.290496 -0.1626 0.614705
v -0.293399 -0.070114 0.680162
v -0.494736 -0.08395 0.681988
v -0.421596 -0.168153 0.611165
v -0.505067 -0.179664 0.615045
v -0.421596 -0.168153 0.611165
v -0.494736 -0.08395 0.681988
v -0.505067 -0.179664 0.615045
v -0.494736 -0.08395 0.681988
v -0.519578 -0.087994 0.688873
v -0.544514 -0.102515 0.703597
v -0.544514 -0.102515 0.703597
v -0.595954 -0.157518 0.759941
v -0.568923 -0.223281 0.654848
v -0.505067 -0.179664 0.615045
v -0.616383 -0.293436 0.720694
v -0.568923 -0.223281 0.654848
v -0.595954 -0.157518 0.759941
v -0.621213 -0.228381 0.79668
v -0.616383 -0.293436 0.720694
v -0.621213 -0.228381 0.79668
v -0.642247 -0.29261 0.840664
v -0.641812 -0.35752 0.796985
v -0.66709 -0.337839 0.886956
v -0.665215 -0.400652 0.851745
v -0.641812 -0.35752 0.796985
v -0.642247 -0.29261 0.840664
v -0.665215 -0.400652 0.851745
v -0.671948 -0.446678 0.81361
v -0.651411 -0.421352 0.750309
v -0.641812 -0.35752 0.796985
v -0.616383 -0.293436 0.720694
v -0.641812 -0.35752 0.796985
v -0.651411 -0.421352 0.750309
v -0.622224 -0.355008 0.631892
v -0.671948 -0.446678 0.81361
v -0.698157 -0.487513 0.812866
v -0.687324 -0.495711 0.733314
v -0.651411 -0.421352 0.750309
v -0.687324 -0.495711 0.733314
v -0.656001 -0.455548 0.600768
v -0.622224 -0.355008 0.631892
v -0.651411 -0.421352 0.750309
v -0.656001 -0.455548 0.600768
v -0.625972 -0.397997 0.452214
v -0.580178 -0.290734 0.475363
v -0.622224 -0.355008 0.631892
v -0.622224 -0.355008 0.631892
v -0.580178 -0.290734 0.475363
v -0.571673 -0.262947 0.559987
v -0.616383 -0.293436 0.720694
v -0.622224 -0.355008 0.631892
v -0.571673 -0.262947 0.559987
v -0.568923 -0.223281 0.654848
v -0.505067 -0.179664 0.615045
v -0.568923 -0.223281 0.654848
v -0.571673 -0.262947 0.559987
v -0.488043 -0.209978 0.520171
v -0.488043 -0.209978 0.520171
v -0.571673 -0.262947 0.559987
v -0.580178 -0.290734 0.475363
v -0.485104 -0.222053 0.419402
v -0.389495 -0.20557 0.510355
v -0.421596 -0.168153 0.611165
v -0.505067 -0.179664 0.615045
v -0.488043 -0.209978 0.520171
v -0.374594 -0.215911 0.404667
v -0.389495 -0.20557 0.510355
v -0.488043 -0.209978 0.520171
v -0.485104 -0.222053 0.419402
v -0.361734 -0.215916 0.292471
v -0.374594 -0.215911 0.404667
v -0.485104 -0.222053 0.419402
v -0.458655 -0.218949 0.304678
v -0.485104 -0.222053 0.419402
v -0.580178 -0.290734 0.475363
v -0.544064 -0.265754 0.336497
v -0.458655 -0.218949 0.304678
v -0.35579 -0.215916 0.174737
v -0.361734 -0.215916 0.292471
v -0.458655 -0.218949 0.304678
v -0.448882 -0.219206 0.177635
v -0.448882 -0.219206 0.177635
v -0.458655 -0.218949 0.304678
v -0.544064 -0.265754 0.336497
v -0.526086 -0.252027 0.18103
v -0.526086 -0.252027 0.18103
v -0.544064 -0.265754 0.336497
v -0.605608 -0.346281 0.318825
v -0.579028 -0.322052 0.179636
v -0.605608 -0.346281 0.318825
v -0.544064 -0.265754 0.336497
v -0.580178 -0.290734 0.475363
v -0.625972 -0.397997 0.452214
v -0.605608 -0.346281 0.318825
v -0.659646 -0.43288 0.312076
v -0.636343 -0.386284 0.178822
v -0.579028 -0.322052 0.179636
v -0.659646 -0.43288 0.312076
v -0.605608 -0.346281 0.318825
v -0.625972 -0.397997 0.452214
v -0.688745 -0.482042 0.442734
v -0.636343 -0.386284 0.178822
v -0.659646 -0.43288 0.312076
v -0.759285 -0.466949 0.298082
v -0.7303 -0.413015 0.177104
v -0.787783 -0.51566 0.426953
v -0.759285 -0.466949 0.298082
v -0.659646 -0.43288 0.312076
v -0.688745 -0.482042 0.442734
v -0.8156 -0.550493 0.565544
v -0.787783 -0.51566 0.426953
v -0.688745 -0.482042 0.442734
v -0.723804 -0.530506 0.583582
v -0.723804 -0.530506 0.583582
v -0.688745 -0.482042 0.442734
v -0.625972 -0.397997 0.452214
v -0.656001 -0.455548 0.600768
v -0.723804 -0.530506 0.583582
v -0.748562 -0.548778 0.707011
v -0.828884 -0.558485 0.69115
v -0.8156 -0.550493 0.565544
v -0.748562 -0.548778 0.707011
v -0.723804 -0.530506 0.583582
v -0.656001 -0.455548 0.600768
v -0.687324 -0.495711 0.733314
v -0.828884 -0.558485 0.69115
v -0.748562 -0.548778 0.707011
v -0.759972 -0.531037 0.808327
v -0.837858 -0.537362 0.792445
v -0.748562 -0.548778 0.707011
v -0.687324 -0.495711 0.733314
v -0.698157 -0.487513 0.812866
v -0.759972 -0.531037 0.808327
v -0.905636 -0.541641 0.679845
v -0.828884 -0.558485 0.69115
v -0.837858 -0.537362 0.792445
v -0.904849 -0.521324 0.773563
v -0.905636 -0.541641 0.679845
v -0.910036 -0.532032 0.557079
v -0.8156 -0.550493 0.565544
v -0.828884 -0.558485 0.69115
v -0.972674 -0.492844 0.676153
v -0.985636 -0.474428 0.561484
v -0.910036 -0.532032 0.557079
v -0.905636 -0.541641 0.679845
v -0.972674 -0.492844 0.676153
v -0.905636 -0.541641 0.679845
v -0.904849 -0.521324 0.773563
v -0.952456 -0.493232 0.752704
v -0.985636 -0.474428 0.561484
v -0.975921 -0.442157 0.429187
v -0.887912 -0.501426 0.421384
v -0.910036 -0.532032 0.557079
v -0.787783 -0.51566 0.426953
v -0.8156 -0.550493 0.565544
v -0.910036 -0.532032 0.557079
v -0.887912 -0.501426 0.421384
v -0.975921 -0.442157 0.429187
v -0.946617 -0.397999 0.296986
v -0.857851 -0.452365 0.292706
v -0.887912 -0.501426 0.421384
v -0.759285 -0.466949 0.298082
v -0.787783 -0.51566 0.426953
v -0.887912 -0.501426 0.421384
v -0.857851 -0.452365 0.292706
v -0.7303 -0.413015 0.177104
v -0.759285 -0.466949 0.298082
v -0.857851 -0.452365 0.292706
v -0.823523 -0.40032 0.175371
v -0.823523 -0.40032 0.175371
v -0.857851 -0.452365 0.292706
v -0.946617 -0.397999 0.296986
v -0.909288 -0.352346 0.172829
v -0.909288 -0.352346 0.172829
v -0.946617 -0.397999 0.296986
v -0.999105 -0.308351 0.315503
v -0.965837 -0.26733 0.18198
v -0.999105 -0.308351 0.315503
v -0.946617 -0.397999 0.296986
v -0.975921 -0.442157 0.429187
v -1.02208 -0.35182 0.451246
v -0.965837 -0.26733 0.18198
v -0.999105 -0.308351 0.315503
v -1.02225 -0.209005 0.341868
v -0.991971 -0.168659 0.199754
v -0.999105 -0.308351 0.315503
v -1.02208 -0.35182 0.451246
v -1.04039 -0.251609 0.482621
v -1.02225 -0.209005 0.341868
v -1.02208 -0.35182 0.451246
v -1.02801 -0.390697 0.58257
v -1.04152 -0.296844 0.613595
v -1.04039 -0.251609 0.482621
v -1.02801 -0.390697 0.58257
v -1.02208 -0.35182 0.451246
v -0.975921 -0.442157 0.429187
v -0.985636 -0.474428 0.561484
v -1.02801 -0.390697 0.58257
v -1.01362 -0.419527 0.694612
v -1.02547 -0.33522 0.724833
v -1.04152 -0.296844 0.613595
v -1.01362 -0.419527 0.694612
v -1.02801 -0.390697 0.58257
v -0.985636 -0.474428 0.561484
v -0.972674 -0.492844 0.676153
v -1.01362 -0.419527 0.694612
v -0.983652 -0.435779 0.777531
v -1.00105 -0.356946 0.791715
v -1.02547 -0.33522 0.724833
v -1.01362 -0.419527 0.694612
v -0.972674 -0.492844 0.676153
v -0.952456 -0.493232 0.752704
v -0.983652 -0.435779 0.777531
v -1.00105 -0.356946 0.791715
v -0.983652 -0.435779 0.777531
v -0.929171 -0.461226 0.836378
v -0.947426 -0.366531 0.867915
v -0.929171 -0.461226 0.836378
v -0.983652 -0.435779 0.777531
v -0.952456 -0.493232 0.752704
v -0.904849 -0.521324 0.773563
v -0.861419 -0.472909 0.874572
v -0.929171 -0.461226 0.836378
v -0.904849 -0.521324 0.773563
v -0.837858 -0.537362 0.792445
v -0.877528 -0.37056 0.913166
v -0.947426 -0.366531 0.867915
v -0.929171 -0.461226 0.836378
v -0.861419 -0.472909 0.874572
v -0.796393 -0.366782 0.932557
v -0.877528 -0.37056 0.913166
v -0.861419 -0.472909 0.874572
v -0.78196 -0.466774 0.895695
v -0.78196 -0.466774 0.895695
v -0.861419 -0.472909 0.874572
v -0.837858 -0.537362 0.792445
v -0.759972 -0.531037 0.808327
v -0.78196 -0.466774 0.895695
v -0.699688 -0.438217 0.88108
v -0.716219 -0.357262 0.926377
v -0.796393 -0.366782 0.932557
v -0.66709 -0.337839 0.886956
v -0.716219 -0.357262 0.926377
v -0.699688 -0.438217 0.88108
v -0.665215 -0.400652 0.851745
v -0.699688 -0.438217 0.88108
v -0.698157 -0.487513 0.812866
v -0.671948 -0.446678 0.81361
v -0.665215 -0.400652 0.851745
v -0.699688 -0.438217 0.88108
v -0.78196 -0.466774 0.895695
v -0.759972 -0.531037 0.808327
v -0.698157 -0.487513 0.812866
v -0.932928 -0.233912 0.055065
v -0.965837 -0.26733 0.18198
v -0.991971 -0.168659 0.199754
v -0.956427 -0.133727 0.061558
v -0.904917 -0.208667 -0.055032
v -0.932928 -0.233912 0.055065
v -0.956427 -0.133727 0.061558
v -0.92369 -0.113065 -0.05689
v -0.877094 -0.19465 -0.14921
v -0.904917 -0.208667 -0.055032
v -0.92369 -0.113065 -0.05689
v -0.893754 -0.102941 -0.158081
v -0.853815 -0.18991 -0.227307
v -0.877094 -0.19465 -0.14921
v -0.893754 -0.102941 -0.158081
v -0.866902 -0.097907 -0.245781
v -0.819036 -0.08768 -0.306808
v -0.812019 -0.184799 -0.281091
v -0.853815 -0.18991 -0.227307
v -0.866902 -0.097907 -0.245781
v -0.812019 -0.184799 -0.281091
v -0.788863 -0.255273 -0.260548
v -0.821886 -0.267275 -0.21369
v -0.853815 -0.18991 -0.227307
v -0.877094 -0.19465 -0.14921
v -0.853815 -0.18991 -0.227307
v -0.821886 -0.267275 -0.21369
v -0.836664 -0.275555 -0.141406
v -0.788863 -0.255273 -0.260548
v -0.743224 -0.301311 -0.251179
v -0.761679 -0.324182 -0.204975
v -0.821886 -0.267275 -0.21369
v -0.764108 -0.324873 -0.131233
v -0.836664 -0.275555 -0.141406
v -0.821886 -0.267275 -0.21369
v -0.761679 -0.324182 -0.204975
v -0.764108 -0.324873 -0.131233
v -0.769515 -0.333745 -0.036956
v -0.853984 -0.293045 -0.048426
v -0.836664 -0.275555 -0.141406
v -0.836664 -0.275555 -0.141406
v -0.853984 -0.293045 -0.048426
v -0.904917 -0.208667 -0.055032
v -0.877094 -0.19465 -0.14921
v -0.769515 -0.333745 -0.036956
v -0.793264 -0.357303 0.064382
v -0.875998 -0.317019 0.056376
v -0.853984 -0.293045 -0.048426
v -0.853984 -0.293045 -0.048426
v -0.875998 -0.317019 0.056376
v -0.932928 -0.233912 0.055065
v -0.904917 -0.208667 -0.055032
v -0.793264 -0.357303 0.064382
v -0.823523 -0.40032 0.175371
v -0.909288 -0.352346 0.172829
v -0.875998 -0.317019 0.056376
v -0.875998 -0.317019 0.056376
v -0.909288 -0.352346 0.172829
v -0.965837 -0.26733 0.18198
v -0.932928 -0.233912 0.055065
v -0.70527 -0.369211 0.066704
v -0.7303 -0.413015 0.177104
v -0.823523 -0.40032 0.175371
v -0.793264 -0.357303 0.064382
v -0.684727 -0.34336 -0.036266
v -0.70527 -0.369211 0.066704
v -0.793264 -0.357303 0.064382
v -0.769515 -0.333745 -0.036956
v -0.615523 -0.350101 0.065979
v -0.636343 -0.386284 0.178822
v -0.7303 -0.413015 0.177104
v -0.70527 -0.369211 0.066704
v -0.592306 -0.326265 -0.041296
v -0.615523 -0.350101 0.065979
v -0.70527 -0.369211 0.066704
v -0.684727 -0.34336 -0.036266
v -0.573954 -0.319828 -0.143837
v -0.592306 -0.326265 -0.041296
v -0.684727 -0.34336 -0.036266
v -0.673936 -0.339372 -0.132248
v -0.673936 -0.339372 -0.132248
v -0.684727 -0.34336 -0.036266
v -0.769515 -0.333745 -0.036956
v -0.764108 -0.324873 -0.131233
v -0.573954 -0.319828 -0.143837
v -0.673936 -0.339372 -0.132248
v -0.678225 -0.345791 -0.199014
v -0.59263 -0.338763 -0.202505
v -0.673936 -0.339372 -0.132248
v -0.764108 -0.324873 -0.131233
v -0.761679 -0.324182 -0.204975
v -0.678225 -0.345791 -0.199014
v -0.674602 -0.320205 -0.247479
v -0.618989 -0.319624 -0.248531
v -0.59263 -0.338763 -0.202505
v -0.678225 -0.345791 -0.199014
v -0.743224 -0.301311 -0.251179
v -0.674602 -0.320205 -0.247479
v -0.678225 -0.345791 -0.199014
v -0.761679 -0.324182 -0.204975
v -0.618989 -0.319624 -0.248531
v -0.568427 -0.305329 -0.253448
v -0.542904 -0.311109 -0.208977
v -0.59263 -0.338763 -0.202505
v -0.533073 -0.286565 -0.156597
v -0.573954 -0.319828 -0.143837
v -0.59263 -0.338763 -0.202505
v -0.542904 -0.311109 -0.208977
v -0.568427 -0.305329 -0.253448
v -0.522037 -0.271457 -0.26972
v -0.498621 -0.27136 -0.222769
v -0.542904 -0.311109 -0.208977
v -0.497083 -0.256405 -0.166784
v -0.533073 -0.286565 -0.156597
v -0.542904 -0.311109 -0.208977
v -0.498621 -0.27136 -0.222769
v -0.497083 -0.256405 -0.166784
v -0.506021 -0.248518 -0.047616
v -0.544994 -0.285591 -0.045139
v -0.533073 -0.286565 -0.156597
v -0.544994 -0.285591 -0.045139
v -0.592306 -0.326265 -0.041296
v -0.573954 -0.319828 -0.143837
v -0.533073 -0.286565 -0.156597
v -0.506021 -0.248518 -0.047616
v -0.51071 -0.245371 0.059037
v -0.559764 -0.295669 0.063636
v -0.544994 -0.285591 -0.045139
v -0.559764 -0.295669 0.063636
v -0.615523 -0.350101 0.065979
v -0.592306 -0.326265 -0.041296
v -0.544994 -0.285591 -0.045139
v -0.51071 -0.245371 0.059037
v -0.526086 -0.252027 0.18103
v -0.579028 -0.322052 0.179636
v -0.559764 -0.295669 0.063636
v -0.579028 -0.322052 0.179636
v -0.636343 -0.386284 0.178822
v -0.615523 -0.350101 0.065979
v -0.559764 -0.295669 0.063636
v -0.442446 -0.219797 0.059016
v -0.448882 -0.219206 0.177635
v -0.526086 -0.252027 0.18103
v -0.51071 -0.245371 0.059037
v -0.439272 -0.221355 -0.053545
v -0.442446 -0.219797 0.059016
v -0.51071 -0.245371 0.059037
v -0.506021 -0.248518 -0.047616
v -0.353808 -0.215916 0.057783
v -0.35579 -0.215916 0.174737
v -0.448882 -0.219206 0.177635
v -0.442446 -0.219797 0.059016
v -0.354033 -0.215916 -0.0566
v -0.353808 -0.215916 0.057783
v -0.442446 -0.219797 0.059016
v -0.439272 -0.221355 -0.053545
v -0.351573 -0.215916 -0.160694
v -0.354033 -0.215916 -0.0566
v -0.439272 -0.221355 -0.053545
v -0.437988 -0.225015 -0.160835
v -0.437988 -0.225015 -0.160835
v -0.439272 -0.221355 -0.053545
v -0.506021 -0.248518 -0.047616
v -0.497083 -0.256405 -0.166784
v -0.352995 -0.215931 -0.248017
v -0.351573 -0.215916 -0.160694
v -0.437988 -0.225015 -0.160835
v -0.448666 -0.239444 -0.256232
v -0.497083 -0.256405 -0.166784
v -0.498621 -0.27136 -0.222769
v -0.448666 -0.239444 -0.256232
v -0.437988 -0.225015 -0.160835
v -0.42748 -0.23182 -0.312182
v -0.448666 -0.239444 -0.256232
v -0.488661 -0.237096 -0.308601
v -0.462931 -0.201738 -0.357374
v -0.522037 -0.271457 -0.26972
v -0.488661 -0.237096 -0.308601
v -0.448666 -0.239444 -0.256232
v -0.498621 -0.27136 -0.222769
v -0.352995 -0.215931 -0.248017
v -0.448666 -0.239444 -0.256232
v -0.42748 -0.23182 -0.312182
v -0.358588 -0.216518 -0.322313
v -0.2505 -0.215916 -0.32621
v -0.246128 -0.215916 -0.245363
v -0.352995 -0.215931 -0.248017
v -0.358588 -0.216518 -0.322313
v -0.246128 -0.215916 -0.245363
v -0.243327 -0.215916 -0.157692
v -0.351573 -0.215916 -0.160694
v -0.352995 -0.215931 -0.248017
v -0.125986 -0.215203 -0.250702
v -0.128856 -0.215916 -0.163876
v -0.243327 -0.215916 -0.157692
v -0.246128 -0.215916 -0.245363
v -0.12996 -0.215916 -0.328225
v -0.125986 -0.215203 -0.250702
v -0.246128 -0.215916 -0.245363
v -0.2505 -0.215916 -0.32621
v -0.243327 -0.215916 -0.157692
v -0.128856 -0.215916 -0.163876
v -0.129694 -0.215916 -0.060787
v -0.245493 -0.215916 -0.055967
v -0.243327 -0.215916 -0.157692
v -0.245493 -0.215916 -0.055967
v -0.354033 -0.215916 -0.0566
v -0.351573 -0.215916 -0.160694
v -0.245493 -0.215916 -0.055967
v -0.24831 -0.215916 0.056055
v -0.353808 -0.215916 0.057783
v -0.354033 -0.215916 -0.0566
v -0.245493 -0.215916 -0.055967
v -0.129694 -0.215916 -0.060787
v -0.132158 -0.215916 0.053467
v -0.24831 -0.215916 0.056055
v -0.128856 -0.215916 -0.163876
v -0.012713 -0.215916 -0.167801
v -0.012713 -0.215916 -0.068156
v -0.129694 -0.215916 -0.060787
v -0.129694 -0.215916 -0.060787
v -0.012713 -0.215916 -0.068156
v -0.012713 -0.215916 0.052062
v -0.132158 -0.215916 0.053467
v 0.10343 -0.215916 -0.163876
v 0.104268 -0.215916 -0.060787
v -0.012713 -0.215916 -0.068156
v -0.012713 -0.215916 -0.167801
v 0.104268 -0.215916 -0.060787
v 0.106732 -0.215916 0.053467
v -0.012713 -0.215916 0.052062
v -0.012713 -0.215916 -0.068156
v 0.220067 -0.215916 -0.055967
v 0.222884 -0.215916 0.056055
v 0.106732 -0.215916 0.053467
v 0.104268 -0.215916 -0.060787
v 0.217901 -0.215916 -0.157692
v 0.220067 -0.215916 -0.055967
v 0.104268 -0.215916 -0.060787
v 0.10343 -0.215916 -0.163876
v 0.222884 -0.215916 0.056055
v 0.224348 -0.215916 0.172438
v 0.108829 -0.215916 0.17257
v 0.106732 -0.215916 0.053467
v 0.106732 -0.215916 0.053467
v 0.108829 -0.215916 0.17257
v -0.012713 -0.215916 0.175491
v -0.012713 -0.215916 0.052062
v 0.224348 -0.215916 0.172438
v 0.228819 -0.215916 0.286884
v 0.111566 -0.215916 0.285374
v 0.108829 -0.215916 0.17257
v 0.108829 -0.215916 0.17257
v 0.111566 -0.215916 0.285374
v -0.012713 -0.215916 0.286521
v -0.012713 -0.215916 0.286521
v -0.012713 -0.215916 0.175491
v -0.132158 -0.215916 0.053467
v -0.012713 -0.215916 0.052062
v -0.012713 -0.215916 0.175491
v -0.134255 -0.215916 0.17257
v -0.134255 -0.215916 0.17257
v -0.012713 -0.215916 0.175491
v -0.012713 -0.215916 0.286521
v -0.012713 -0.215916 0.286521
v -0.136992 -0.215916 0.285374
v -0.136992 -0.215916 0.285374
v -0.012713 -0.215916 0.286521
v -0.012713 -0.215916 0.39932
v -0.138908 -0.215916 0.395331
v 0.111566 -0.215916 0.285374
v 0.113482 -0.215916 0.395331
v -0.012713 -0.215916 0.39932
v -0.012713 -0.215916 0.286521
v -0.249774 -0.215916 0.172438
v -0.134255 -0.215916 0.17257
v -0.136992 -0.215916 0.285374
v -0.254245 -0.215916 0.286884
v -0.254245 -0.215916 0.286884
v -0.136992 -0.215916 0.285374
v -0.138908 -0.215916 0.395331
v -0.260179 -0.215916 0.398695
v -0.249774 -0.215916 0.172438
v -0.254245 -0.215916 0.286884
v -0.361734 -0.215916 0.292471
v -0.35579 -0.215916 0.174737
v -0.254245 -0.215916 0.286884
v -0.260179 -0.215916 0.398695
v -0.374594 -0.215911 0.404667
v -0.361734 -0.215916 0.292471
v -0.260179 -0.215916 0.398695
v -0.271141 -0.204936 0.509354
v -0.389495 -0.20557 0.510355
v -0.374594 -0.215911 0.404667
v -0.24831 -0.215916 0.056055
v -0.132158 -0.215916 0.053467
v -0.134255 -0.215916 0.17257
v -0.249774 -0.215916 0.172438
v -0.24831 -0.215916 0.056055
v -0.249774 -0.215916 0.172438
v -0.35579 -0.215916 0.174737
v -0.353808 -0.215916 0.057783
v 0.228819 -0.215916 0.286884
v 0.234753 -0.215916 0.398695
v 0.113482 -0.215916 0.395331
v 0.111566 -0.215916 0.285374
v 0.222884 -0.215916 0.056055
v 0.328382 -0.215916 0.057783
v 0.330364 -0.215916 0.174737
v 0.224348 -0.215916 0.172438
v 0.220067 -0.215916 -0.055967
v 0.328607 -0.215916 -0.0566
v 0.328382 -0.215916 0.057783
v 0.222884 -0.215916 0.056055
v 0.328607 -0.215916 -0.0566
v 0.413846 -0.221355 -0.053545
v 0.41702 -0.219797 0.059016
v 0.328382 -0.215916 0.057783
v 0.217901 -0.215916 -0.157692
v 0.326147 -0.215916 -0.160694
v 0.328607 -0.215916 -0.0566
v 0.220067 -0.215916 -0.055967
v 0.326147 -0.215916 -0.160694
v 0.412562 -0.225015 -0.160835
v 0.413846 -0.221355 -0.053545
v 0.328607 -0.215916 -0.0566
v 0.412562 -0.225015 -0.160835
v 0.471657 -0.256405 -0.166784
v 0.480595 -0.248518 -0.047616
v 0.413846 -0.221355 -0.053545
v 0.413846 -0.221355 -0.053545
v 0.480595 -0.248518 -0.047616
v 0.485284 -0.245371 0.059037
v 0.41702 -0.219797 0.059016
v 0.471657 -0.256405 -0.166784
v 0.507647 -0.286565 -0.156597
v 0.519568 -0.285591 -0.045139
v 0.480595 -0.248518 -0.047616
v 0.471657 -0.256405 -0.166784
v 0.473195 -0.27136 -0.222769
v 0.517478 -0.311109 -0.208977
v 0.507647 -0.286565 -0.156597
v 0.471657 -0.256405 -0.166784
v 0.412562 -0.225015 -0.160835
v 0.42324 -0.239444 -0.256232
v 0.473195 -0.27136 -0.222769
v 0.507647 -0.286565 -0.156597
v 0.517478 -0.311109 -0.208977
v 0.567204 -0.338763 -0.202505
v 0.548528 -0.319828 -0.143837
v 0.519568 -0.285591 -0.045139
v 0.507647 -0.286565 -0.156597
v 0.548528 -0.319828 -0.143837
v 0.56688 -0.326265 -0.041296
v 0.548528 -0.319828 -0.143837
v 0.64851 -0.339372 -0.132248
v 0.659301 -0.34336 -0.036266
v 0.56688 -0.326265 -0.041296
v 0.548528 -0.319828 -0.143837
v 0.567204 -0.338763 -0.202505
v 0.652799 -0.345791 -0.199014
v 0.64851 -0.339372 -0.132248
v 0.649176 -0.320205 -0.247479
v 0.652799 -0.345791 -0.199014
v 0.567204 -0.338763 -0.202505
v 0.593563 -0.319624 -0.248531
v 0.593563 -0.319624 -0.248531
v 0.567204 -0.338763 -0.202505
v 0.517478 -0.311109 -0.208977
v 0.543001 -0.305329 -0.253448
v 0.649176 -0.320205 -0.247479
v 0.593563 -0.319624 -0.248531
v 0.59998 -0.302796 -0.256766
v 0.646005 -0.303268 -0.255621
v 0.593563 -0.319624 -0.248531
v 0.543001 -0.305329 -0.253448
v 0.554202 -0.287725 -0.263432
v 0.59998 -0.302796 -0.256766
v 0.554202 -0.287725 -0.263432
v 0.543001 -0.305329 -0.253448
v 0.496611 -0.271457 -0.26972
v 0.510248 -0.258475 -0.278606
v 0.543001 -0.305329 -0.253448
v 0.517478 -0.311109 -0.208977
v 0.473195 -0.27136 -0.222769
v 0.496611 -0.271457 -0.26972
v 0.496611 -0.271457 -0.26972
v 0.463235 -0.237096 -0.308601
v 0.482457 -0.223462 -0.309983
v 0.510248 -0.258475 -0.278606
v 0.496611 -0.271457 -0.26972
v 0.473195 -0.27136 -0.222769
v 0.42324 -0.239444 -0.256232
v 0.463235 -0.237096 -0.308601
v 0.463235 -0.237096 -0.308601
v 0.437505 -0.201738 -0.357374
v 0.457327 -0.181291 -0.359419
v 0.482457 -0.223462 -0.309983
v 0.402054 -0.23182 -0.312182
v 0.437505 -0.201738 -0.357374
v 0.463235 -0.237096 -0.308601
v 0.42324 -0.239444 -0.256232
v 0.327569 -0.215931 -0.248017
v 0.333162 -0.216518 -0.322313
v 0.402054 -0.23182 -0.312182
v 0.42324 -0.239444 -0.256232
v 0.327569 -0.215931 -0.248017
v 0.42324 -0.239444 -0.256232
v 0.412562 -0.225015 -0.160835
v 0.326147 -0.215916 -0.160694
v 0.225074 -0.215916 -0.32621
v 0.333162 -0.216518 -0.322313
v 0.327569 -0.215931 -0.248017
v 0.220702 -0.215916 -0.245363
v 0.220702 -0.215916 -0.245363
v 0.327569 -0.215931 -0.248017
v 0.326147 -0.215916 -0.160694
v 0.217901 -0.215916 -0.157692
v 0.104534 -0.215916 -0.328225
v 0.225074 -0.215916 -0.32621
v 0.220702 -0.215916 -0.245363
v 0.10056 -0.215203 -0.250702
v 0.10056 -0.215203 -0.250702
v 0.220702 -0.215916 -0.245363
v 0.217901 -0.215916 -0.157692
v 0.10343 -0.215916 -0.163876
v -0.012713 -0.215916 -0.330662
v 0.104534 -0.215916 -0.328225
v 0.10056 -0.215203 -0.250702
v -0.012713 -0.215106 -0.252548
v -0.012713 -0.215106 -0.252548
v 0.10056 -0.215203 -0.250702
v 0.10343 -0.215916 -0.163876
v -0.012713 -0.215916 -0.167801
v -0.012713 -0.215916 -0.330662
v -0.012713 -0.215106 -0.252548
v -0.125986 -0.215203 -0.250702
v -0.12996 -0.215916 -0.328225
v -0.012713 -0.215106 -0.252548
v -0.012713 -0.215916 -0.167801
v -0.128856 -0.215916 -0.163876
v -0.125986 -0.215203 -0.250702
v 0.106212 -0.194094 -0.378048
v 0.104534 -0.215916 -0.328225
v -0.012713 -0.215916 -0.330662
v -0.012713 -0.196931 -0.3826
v -0.131638 -0.194094 -0.378048
v -0.012713 -0.196931 -0.3826
v -0.012713 -0.215916 -0.330662
v -0.12996 -0.215916 -0.328225
v -0.2505 -0.215916 -0.32621
v -0.251925 -0.196317 -0.374188
v -0.131638 -0.194094 -0.378048
v -0.12996 -0.215916 -0.328225
v -0.131638 -0.194094 -0.378048
v -0.130408 -0.136561 -0.423359
v -0.012713 -0.135158 -0.424708
v -0.012713 -0.196931 -0.3826
v -0.251925 -0.196317 -0.374188
v -0.245984 -0.135861 -0.422519
v -0.130408 -0.136561 -0.423359
v -0.131638 -0.194094 -0.378048
v -0.357702 -0.200747 -0.367186
v -0.34599 -0.131846 -0.422668
v -0.245984 -0.135861 -0.422519
v -0.251925 -0.196317 -0.374188
v -0.358588 -0.216518 -0.322313
v -0.357702 -0.200747 -0.367186
v -0.251925 -0.196317 -0.374188
v -0.2505 -0.215916 -0.32621
v -0.42748 -0.23182 -0.312182
v -0.462931 -0.201738 -0.357374
v -0.357702 -0.200747 -0.367186
v -0.358588 -0.216518 -0.322313
v -0.462931 -0.201738 -0.357374
v -0.449399 -0.125355 -0.41669
v -0.34599 -0.131846 -0.422668
v -0.357702 -0.200747 -0.367186
v -0.449399 -0.125355 -0.41669
v -0.446822 -0.05699 -0.448527
v -0.338147 -0.065197 -0.451603
v -0.34599 -0.131846 -0.422668
v -0.34599 -0.131846 -0.422668
v -0.338147 -0.065197 -0.451603
v -0.243557 -0.064943 -0.453881
v -0.245984 -0.135861 -0.422519
v -0.446822 -0.05699 -0.448527
v -0.448732 0.002919 -0.464077
v -0.340311 -0.004712 -0.466957
v -0.338147 -0.065197 -0.451603
v -0.338147 -0.065197 -0.451603
v -0.340311 -0.004712 -0.466957
v -0.244633 -0.004273 -0.469528
v -0.243557 -0.064943 -0.453881
v -0.245984 -0.135861 -0.422519
v -0.243557 -0.064943 -0.453881
v -0.129688 -0.066555 -0.454568
v -0.130408 -0.136561 -0.423359
v -0.243557 -0.064943 -0.453881
v -0.244633 -0.004273 -0.469528
v -0.131218 -0.003839 -0.470872
v -0.129688 -0.066555 -0.454568
v -0.129688 -0.066555 -0.454568
v -0.131218 -0.003839 -0.470872
v -0.012713 -0.004775 -0.470841
v -0.012713 -0.062769 -0.456108
v 0.104262 -0.066555 -0.454568
v -0.012713 -0.062769 -0.456108
v -0.012713 -0.004775 -0.470841
v 0.105792 -0.003839 -0.470872
v 0.218131 -0.064943 -0.453881
v 0.104262 -0.066555 -0.454568
v 0.105792 -0.003839 -0.470872
v 0.219207 -0.004273 -0.469528
v 0.312721 -0.065197 -0.451603
v 0.218131 -0.064943 -0.453881
v 0.219207 -0.004273 -0.469528
v 0.314885 -0.004712 -0.466957
v 0.421396 -0.05699 -0.448527
v 0.312721 -0.065197 -0.451603
v 0.314885 -0.004712 -0.466957
v 0.423306 0.002919 -0.464077
v 0.423973 -0.125355 -0.41669
v 0.320564 -0.131846 -0.422668
v 0.312721 -0.065197 -0.451603
v 0.421396 -0.05699 -0.448527
v 0.437505 -0.201738 -0.357374
v 0.332276 -0.200747 -0.367186
v 0.320564 -0.131846 -0.422668
v 0.423973 -0.125355 -0.41669
v 0.437505 -0.201738 -0.357374
v 0.423973 -0.125355 -0.41669
v 0.440014 -0.145088 -0.39659
v 0.457327 -0.181291 -0.359419
v 0.423973 -0.125355 -0.41669
v 0.444286 -0.131845 -0.402901
v 0.440014 -0.145088 -0.39659
v 0.423973 -0.125355 -0.41669
v 0.459889 -0.115874 -0.405389
v 0.462288 -0.122704 -0.399582
v 0.444286 -0.131845 -0.402901
v 0.443474 -0.106716 -0.418576
v 0.455083 -0.109011 -0.419754
v 0.459889 -0.115874 -0.405389
v 0.423973 -0.125355 -0.41669
v 0.320564 -0.131846 -0.422668
v 0.220558 -0.135861 -0.422519
v 0.218131 -0.064943 -0.453881
v 0.312721 -0.065197 -0.451603
v 0.332276 -0.200747 -0.367186
v 0.226499 -0.196317 -0.374188
v 0.220558 -0.135861 -0.422519
v 0.320564 -0.131846 -0.422668
v 0.220558 -0.135861 -0.422519
v 0.104982 -0.136561 -0.423359
v 0.104262 -0.066555 -0.454568
v 0.218131 -0.064943 -0.453881
v 0.226499 -0.196317 -0.374188
v 0.106212 -0.194094 -0.378048
v 0.104982 -0.136561 -0.423359
v 0.220558 -0.135861 -0.422519
v 0.225074 -0.215916 -0.32621
v 0.104534 -0.215916 -0.328225
v 0.106212 -0.194094 -0.378048
v 0.226499 -0.196317 -0.374188
v 0.333162 -0.216518 -0.322313
v 0.225074 -0.215916 -0.32621
v 0.226499 -0.196317 -0.374188
v 0.332276 -0.200747 -0.367186
v 0.106212 -0.194094 -0.378048
v -0.012713 -0.196931 -0.3826
v -0.012713 -0.135158 -0.424708
v 0.104982 -0.136561 -0.423359
v 0.104982 -0.136561 -0.423359
v -0.012713 -0.135158 -0.424708
v -0.012713 -0.062769 -0.456108
v 0.104262 -0.066555 -0.454568
v -0.130408 -0.136561 -0.423359
v -0.129688 -0.066555 -0.454568
v -0.012713 -0.062769 -0.456108
v -0.012713 -0.135158 -0.424708
v 0.402054 -0.23182 -0.312182
v 0.333162 -0.216518 -0.322313
v 0.332276 -0.200747 -0.367186
v 0.437505 -0.201738 -0.357374
v 0.443474 -0.106716 -0.418576
v 0.443474 -0.106716 -0.363797
v 0.455083 -0.109011 -0.364976
v 0.455083 -0.109011 -0.419754
v 0.455083 -0.109011 -0.419754
v 0.455083 -0.109011 -0.364976
v 0.757917 -0.076527 -0.27023
v 0.757917 -0.076527 -0.325008
v 0.757917 -0.076527 -0.325008
v 0.757917 -0.076527 -0.27023
v 0.770312 -0.067791 -0.267449
v 0.770312 -0.067791 -0.322228
v 0.757917 -0.076527 -0.325008
v 0.770312 -0.067791 -0.322228
v 0.79361 -0.08768 -0.306808
v 0.760384 -0.083746 -0.321852
v 0.773839 -0.100157 -0.311657
v 0.760161 -0.091618 -0.319557
v 0.760384 -0.083746 -0.321852
v 0.79361 -0.08768 -0.306808
v 0.79361 -0.08768 -0.306808
v 0.786593 -0.184799 -0.281091
v 0.773225 -0.179827 -0.286407
v 0.773839 -0.100157 -0.311657
v 0.79361 -0.08768 -0.306808
v 0.841476 -0.097907 -0.245781
v 0.828389 -0.18991 -0.227307
v 0.786593 -0.184799 -0.281091
v 0.828389 -0.18991 -0.227307
v 0.841476 -0.097907 -0.245781
v 0.868328 -0.102941 -0.158081
v 0.851668 -0.19465 -0.14921
v 0.851668 -0.19465 -0.14921
v 0.868328 -0.102941 -0.158081
v 0.898264 -0.113065 -0.05689
v 0.879491 -0.208667 -0.055032
v 0.879491 -0.208667 -0.055032
v 0.898264 -0.113065 -0.05689
v 0.931001 -0.133727 0.061558
v 0.907502 -0.233912 0.055065
v 0.811238 -0.275555 -0.141406
v 0.851668 -0.19465 -0.14921
v 0.879491 -0.208667 -0.055032
v 0.828558 -0.293045 -0.048426
v 0.851668 -0.19465 -0.14921
v 0.811238 -0.275555 -0.141406
v 0.79646 -0.267275 -0.21369
v 0.828389 -0.18991 -0.227307
v 0.738682 -0.324873 -0.131233
v 0.811238 -0.275555 -0.141406
v 0.828558 -0.293045 -0.048426
v 0.744089 -0.333745 -0.036956
v 0.738682 -0.324873 -0.131233
v 0.736253 -0.324182 -0.204975
v 0.79646 -0.267275 -0.21369
v 0.811238 -0.275555 -0.141406
v 0.786593 -0.184799 -0.281091
v 0.828389 -0.18991 -0.227307
v 0.79646 -0.267275 -0.21369
v 0.763437 -0.255273 -0.260548
v 0.763437 -0.255273 -0.260548
v 0.79646 -0.267275 -0.21369
v 0.736253 -0.324182 -0.204975
v 0.717798 -0.301311 -0.251179
v 0.717798 -0.301311 -0.251179
v 0.736253 -0.324182 -0.204975
v 0.652799 -0.345791 -0.199014
v 0.649176 -0.320205 -0.247479
v 0.64851 -0.339372 -0.132248
v 0.652799 -0.345791 -0.199014
v 0.736253 -0.324182 -0.204975
v 0.738682 -0.324873 -0.131233
v 0.763437 -0.255273 -0.260548
v 0.717798 -0.301311 -0.251179
v 0.710808 -0.285529 -0.25892
v 0.749152 -0.251544 -0.26519
v 0.717798 -0.301311 -0.251179
v 0.649176 -0.320205 -0.247479
v 0.646005 -0.303268 -0.255621
v 0.710808 -0.285529 -0.25892
v 0.710808 -0.285529 -0.25892
v 0.710808 -0.285529 -0.204142
v 0.749152 -0.251544 -0.210411
v 0.749152 -0.251544 -0.26519
v 0.646005 -0.303268 -0.255621
v 0.646005 -0.303268 -0.200842
v 0.710808 -0.285529 -0.204142
v 0.710808 -0.285529 -0.25892
v 0.482457 -0.223462 -0.255204
v 0.749152 -0.251544 -0.210411
v 0.710808 -0.285529 -0.204142
v 0.510248 -0.258475 -0.223828
v 0.510248 -0.258475 -0.223828
v 0.710808 -0.285529 -0.204142
v 0.646005 -0.303268 -0.200842
v 0.554202 -0.287725 -0.208653
v 0.482457 -0.223462 -0.309983
v 0.482457 -0.223462 -0.255204
v 0.510248 -0.258475 -0.223828
v 0.510248 -0.258475 -0.278606
v 0.510248 -0.258475 -0.278606
v 0.510248 -0.258475 -0.223828
v 0.554202 -0.287725 -0.208653
v 0.554202 -0.287725 -0.263432
v 0.554202 -0.287725 -0.263432
v 0.554202 -0.287725 -0.208653
v 0.59998 -0.302796 -0.201988
v 0.59998 -0.302796 -0.256766
v 0.554202 -0.287725 -0.208653
v 0.646005 -0.303268 -0.200842
v 0.59998 -0.302796 -0.201988
v 0.59998 -0.302796 -0.256766
v 0.59998 -0.302796 -0.201988
v 0.646005 -0.303268 -0.200842
v 0.646005 -0.303268 -0.255621
v 0.457327 -0.181291 -0.359419
v 0.457327 -0.181291 -0.304641
v 0.482457 -0.223462 -0.255204
v 0.482457 -0.223462 -0.309983
v 0.457327 -0.181291 -0.304641
v 0.773225 -0.179827 -0.231629
v 0.749152 -0.251544 -0.210411
v 0.482457 -0.223462 -0.255204
v 0.444286 -0.131845 -0.348123
v 0.773839 -0.100157 -0.256879
v 0.773225 -0.179827 -0.231629
v 0.457327 -0.181291 -0.304641
v 0.440014 -0.145088 -0.341812
v 0.440014 -0.145088 -0.39659
v 0.440014 -0.145088 -0.341812
v 0.457327 -0.181291 -0.304641
v 0.457327 -0.181291 -0.359419
v 0.749152 -0.251544 -0.26519
v 0.749152 -0.251544 -0.210411
v 0.773225 -0.179827 -0.231629
v 0.773225 -0.179827 -0.286407
v 0.773225 -0.179827 -0.286407
v 0.773225 -0.179827 -0.231629
v 0.773839 -0.100157 -0.256879
v 0.773839 -0.100157 -0.311657
v 0.773839 -0.100157 -0.311657
v 0.773839 -0.100157 -0.256879
v 0.760161 -0.091618 -0.264778
v 0.760161 -0.091618 -0.319557
v 0.462288 -0.122704 -0.344803
v 0.760161 -0.091618 -0.264778
v 0.773839 -0.100157 -0.256879
v 0.444286 -0.131845 -0.348123
v 0.462288 -0.122704 -0.399582
v 0.462288 -0.122704 -0.344803
v 0.444286 -0.131845 -0.348123
v 0.444286 -0.131845 -0.402901
v 0.444286 -0.131845 -0.402901
v 0.444286 -0.131845 -0.348123
v 0.440014 -0.145088 -0.341812
v 0.440014 -0.145088 -0.39659
v 0.760161 -0.091618 -0.319557
v 0.760161 -0.091618 -0.264778
v 0.462288 -0.122704 -0.344803
v 0.462288 -0.122704 -0.399582
v 0.760161 -0.091618 -0.319557
v 0.462288 -0.122704 -0.399582
v 0.459889 -0.115874 -0.405389
v 0.760384 -0.083746 -0.321852
v 0.786593 -0.184799 -0.281091
v 0.763437 -0.255273 -0.260548
v 0.749152 -0.251544 -0.26519
v 0.773225 -0.179827 -0.286407
v 0.64851 -0.339372 -0.132248
v 0.738682 -0.324873 -0.131233
v 0.744089 -0.333745 -0.036956
v 0.659301 -0.34336 -0.036266
v 0.459889 -0.115874 -0.405389
v 0.455083 -0.109011 -0.419754
v 0.757917 -0.076527 -0.325008
v 0.760384 -0.083746 -0.321852
v -0.462931 -0.201738 -0.357374
v -0.482753 -0.181291 -0.359419
v -0.46544 -0.145088 -0.39659
v -0.449399 -0.125355 -0.41669
v -0.449399 -0.125355 -0.41669
v -0.46544 -0.145088 -0.39659
v -0.469712 -0.131845 -0.402901
v -0.449399 -0.125355 -0.41669
v -0.469712 -0.131845 -0.402901
v -0.487714 -0.122704 -0.399582
v -0.485315 -0.115874 -0.405389
v -0.4689 -0.106716 -0.418576
v -0.449399 -0.125355 -0.41669
v -0.485315 -0.115874 -0.405389
v -0.480509 -0.109011 -0.419754
v -0.4689 -0.106716 -0.418576
v -0.480509 -0.109011 -0.419754
v -0.480509 -0.109011 -0.364976
v -0.4689 -0.106716 -0.363797
v -0.480509 -0.109011 -0.419754
v -0.783343 -0.076527 -0.325008
v -0.783343 -0.076527 -0.27023
v -0.480509 -0.109011 -0.364976
v -0.783343 -0.076527 -0.325008
v -0.795738 -0.067791 -0.322228
v -0.795738 -0.067791 -0.267449
v -0.783343 -0.076527 -0.27023
v -0.783343 -0.076527 -0.325008
v -0.78581 -0.083746 -0.321852
v -0.819036 -0.08768 -0.306808
v -0.795738 -0.067791 -0.322228
v -0.485315 -0.115874 -0.405389
v -0.78581 -0.083746 -0.321852
v -0.783343 -0.076527 -0.325008
v -0.480509 -0.109011 -0.419754
v -0.799265 -0.100157 -0.311657
v -0.819036 -0.08768 -0.306808
v -0.78581 -0.083746 -0.321852
v -0.785587 -0.091618 -0.319557
v -0.785587 -0.091618 -0.319557
v -0.78581 -0.083746 -0.321852
v -0.485315 -0.115874 -0.405389
v -0.487714 -0.122704 -0.399582
v -0.785587 -0.091618 -0.319557
v -0.487714 -0.122704 -0.399582
v -0.487714 -0.122704 -0.344803
v -0.785587 -0.091618 -0.264778
v -0.799265 -0.100157 -0.311657
v -0.785587 -0.091618 -0.319557
v -0.785587 -0.091618 -0.264778
v -0.799265 -0.100157 -0.256879
v -0.487714 -0.122704 -0.344803
v -0.469712 -0.131845 -0.348123
v -0.799265 -0.100157 -0.256879
v -0.785587 -0.091618 -0.264778
v -0.798651 -0.179827 -0.286407
v -0.799265 -0.100157 -0.311657
v -0.799265 -0.100157 -0.256879
v -0.798651 -0.179827 -0.231629
v -0.799265 -0.100157 -0.256879
v -0.469712 -0.131845 -0.348123
v -0.46544 -0.145088 -0.341812
v -0.482753 -0.181291 -0.304641
v -0.798651 -0.179827 -0.231629
v -0.487714 -0.122704 -0.399582
v -0.469712 -0.131845 -0.402901
v -0.469712 -0.131845 -0.348123
v -0.487714 -0.122704 -0.344803
v -0.469712 -0.131845 -0.402901
v -0.46544 -0.145088 -0.39659
v -0.46544 -0.145088 -0.341812
v -0.469712 -0.131845 -0.348123
v -0.46544 -0.145088 -0.39659
v -0.482753 -0.181291 -0.359419
v -0.482753 -0.181291 -0.304641
v -0.46544 -0.145088 -0.341812
v -0.482753 -0.181291 -0.359419
v -0.507883 -0.223462 -0.309983
v -0.507883 -0.223462 -0.255204
v -0.482753 -0.181291 -0.304641
v -0.798651 -0.179827 -0.231629
v -0.482753 -0.181291 -0.304641
v -0.507883 -0.223462 -0.255204
v -0.774578 -0.251544 -0.210411
v -0.507883 -0.223462 -0.309983
v -0.535674 -0.258475 -0.278606
v -0.535674 -0.258475 -0.223828
v -0.507883 -0.223462 -0.255204
v -0.774578 -0.251544 -0.210411
v -0.507883 -0.223462 -0.255204
v -0.535674 -0.258475 -0.223828
v -0.736234 -0.285529 -0.204142
v -0.736234 -0.285529 -0.25892
v -0.774578 -0.251544 -0.26519
v -0.774578 -0.251544 -0.210411
v -0.736234 -0.285529 -0.204142
v -0.774578 -0.251544 -0.26519
v -0.798651 -0.179827 -0.286407
v -0.798651 -0.179827 -0.231629
v -0.774578 -0.251544 -0.210411
v -0.671431 -0.303268 -0.255621
v -0.736234 -0.285529 -0.25892
v -0.736234 -0.285529 -0.204142
v -0.671431 -0.303268 -0.200842
v -0.736234 -0.285529 -0.204142
v -0.535674 -0.258475 -0.223828
v -0.579628 -0.287725 -0.208653
v -0.671431 -0.303268 -0.200842
v -0.625406 -0.302796 -0.256766
v -0.671431 -0.303268 -0.255621
v -0.671431 -0.303268 -0.200842
v -0.625406 -0.302796 -0.201988
v -0.671431 -0.303268 -0.200842
v -0.579628 -0.287725 -0.208653
v -0.625406 -0.302796 -0.201988
v -0.579628 -0.287725 -0.263432
v -0.625406 -0.302796 -0.256766
v -0.625406 -0.302796 -0.201988
v -0.579628 -0.287725 -0.208653
v -0.535674 -0.258475 -0.278606
v -0.579628 -0.287725 -0.263432
v -0.579628 -0.287725 -0.208653
v -0.535674 -0.258475 -0.223828
v -0.618989 -0.319624 -0.248531
v -0.625406 -0.302796 -0.256766
v -0.579628 -0.287725 -0.263432
v -0.568427 -0.305329 -0.253448
v -0.579628 -0.287725 -0.263432
v -0.535674 -0.258475 -0.278606
v -0.522037 -0.271457 -0.26972
v -0.568427 -0.305329 -0.253448
v -0.674602 -0.320205 -0.247479
v -0.671431 -0.303268 -0.255621
v -0.625406 -0.302796 -0.256766
v -0.618989 -0.319624 -0.248531
v -0.522037 -0.271457 -0.26972
v -0.535674 -0.258475 -0.278606
v -0.507883 -0.223462 -0.309983
v -0.488661 -0.237096 -0.308601
v -0.743224 -0.301311 -0.251179
v -0.736234 -0.285529 -0.25892
v -0.671431 -0.303268 -0.255621
v -0.674602 -0.320205 -0.247479
v -0.788863 -0.255273 -0.260548
v -0.774578 -0.251544 -0.26519
v -0.736234 -0.285529 -0.25892
v -0.743224 -0.301311 -0.251179
v -0.812019 -0.184799 -0.281091
v -0.798651 -0.179827 -0.286407
v -0.774578 -0.251544 -0.26519
v -0.788863 -0.255273 -0.260548
v -0.819036 -0.08768 -0.306808
v -0.799265 -0.100157 -0.311657
v -0.798651 -0.179827 -0.286407
v -0.812019 -0.184799 -0.281091
v -0.488661 -0.237096 -0.308601
v -0.507883 -0.223462 -0.309983
v -0.482753 -0.181291 -0.359419
v -0.462931 -0.201738 -0.357374
vn -0 -0.5704 0.8213
vn -0 -0.7788 0.6273
vn -0.0049 -0.7775 0.6289
vn -0.0069 -0.574 0.8188
vn -0 -0.5704 0.8213
vn 0.0069 -0.574 0.8188
vn 0.0049 -0.7774 0.629
vn -0 -0.7788 0.6273
vn -0.0049 -0.7775 0.6289
vn -0.0178 -0.7714 0.6361
vn -0.0183 -0.5907 0.8067
vn -0.0069 -0.574 0.8188
vn -0.0178 -0.7714 0.6361
vn -0.0525 -0.7764 0.6281
vn -0.1286 -0.5898 0.7972
vn -0.0183 -0.5907 0.8067
vn -0.5108 -0.7065 0.4898
vn -0.1286 -0.5898 0.7972
vn -0.0525 -0.7764 0.6281
vn -0.5108 -0.7065 0.4898
vn -0.719 -0.3957 0.5713
vn -0.4948 -0.4962 0.7134
vn -0.1286 -0.5898 0.7972
vn -0.719 -0.3957 0.5713
vn -0.5108 -0.7065 0.4898
vn -0.8372 -0.4254 0.3435
vn -0.8548 -0.2971 0.4255
vn -0.942 -0.2666 0.2038
vn -0.9373 -0.2026 0.2836
vn -0.8548 -0.2971 0.4255
vn -0.8372 -0.4254 0.3435
vn -0.5108 -0.7065 0.4898
vn -0.368 -0.9002 0.2328
vn -0.7681 -0.6115 0.1902
vn -0.8372 -0.4254 0.3435
vn -0.942 -0.2666 0.2038
vn -0.8372 -0.4254 0.3435
vn -0.7681 -0.6115 0.1902
vn -0.9263 -0.3638 0.0979
vn -0.942 -0.2666 0.2038
vn -0.9597 -0.2117 0.1846
vn -0.9579 -0.1586 0.2391
vn -0.9373 -0.2026 0.2836
vn -0.942 -0.2666 0.2038
vn -0.9263 -0.3638 0.0979
vn -0.9357 -0.3383 0.0996
vn -0.9597 -0.2117 0.1846
vn -0.784 -0.6162 0.0749
vn -0.9357 -0.3383 0.0996
vn -0.9263 -0.3638 0.0979
vn -0.8535 -0.5209 0.0162
vn -0.8535 -0.5209 0.0162
vn -0.9263 -0.3638 0.0979
vn -0.8123 -0.5782 0.0763
vn -0.8645 -0.5025 0.0052
vn -0.9263 -0.3638 0.0979
vn -0.7681 -0.6115 0.1902
vn -0.8123 -0.5782 0.0763
vn -0.368 -0.9002 0.2328
vn -0.3523 -0.933 0.0738
vn -0.8123 -0.5782 0.0763
vn -0.7681 -0.6115 0.1902
vn -0.3523 -0.933 0.0738
vn -0.2637 -0.9646 0.0067
vn -0.6977 -0.7155 0.0357
vn -0.8123 -0.5782 0.0763
vn -0.8264 -0.5631 0.0082
vn -0.8645 -0.5025 0.0052
vn -0.8123 -0.5782 0.0763
vn -0.6977 -0.7155 0.0357
vn -0.602 -0.7803 -0.1695
vn -0.589 -0.7932 -0.1544
vn -0.8645 -0.5025 0.0052
vn -0.8264 -0.5631 0.0082
vn -0.5181 -0.8496 -0.0985
vn -0.8535 -0.5209 0.0162
vn -0.8645 -0.5025 0.0052
vn -0.589 -0.7932 -0.1544
vn -0.0422 -0.9845 -0.17
vn -0.5181 -0.8496 -0.0985
vn -0.589 -0.7932 -0.1544
vn -0.1036 -0.9534 -0.2833
vn -0.1036 -0.9534 -0.2833
vn -0.589 -0.7932 -0.1544
vn -0.602 -0.7803 -0.1695
vn -0.1184 -0.9304 -0.3468
vn -0.8264 -0.5631 0.0082
vn -0.7753 -0.6316 0.002
vn -0.547 -0.8197 -0.1699
vn -0.602 -0.7803 -0.1695
vn -0.547 -0.8197 -0.1699
vn -0.0934 -0.9302 -0.355
vn -0.1184 -0.9304 -0.3468
vn -0.602 -0.7803 -0.1695
vn -0.0934 -0.9302 -0.355
vn 0.2816 -0.8607 -0.4241
vn 0.3126 -0.8534 -0.4172
vn -0.1184 -0.9304 -0.3468
vn -0.1184 -0.9304 -0.3468
vn 0.3126 -0.8534 -0.4172
vn 0.3486 -0.8782 -0.3275
vn -0.1036 -0.9534 -0.2833
vn 0.2816 -0.8607 -0.4241
vn 0.6453 -0.6471 -0.406
vn 0.69 -0.6113 -0.3876
vn 0.3126 -0.8534 -0.4172
vn 0.7381 -0.6097 -0.2889
vn 0.3486 -0.8782 -0.3275
vn 0.3126 -0.8534 -0.4172
vn 0.69 -0.6113 -0.3876
vn -0.1036 -0.9534 -0.2833
vn 0.3486 -0.8782 -0.3275
vn 0.3916 -0.9028 -0.1778
vn -0.0422 -0.9845 -0.17
vn 0.7633 -0.6319 -0.1347
vn 0.3916 -0.9028 -0.1778
vn 0.3486 -0.8782 -0.3275
vn 0.7381 -0.6097 -0.2889
vn 0.9541 -0.2958 -0.0479
vn 0.7633 -0.6319 -0.1347
vn 0.7381 -0.6097 -0.2889
vn 0.9426 -0.2771 -0.1866
vn 0.9126 -0.2931 -0.2851
vn 0.9426 -0.2771 -0.1866
vn 0.7381 -0.6097 -0.2889
vn 0.69 -0.6113 -0.3876
vn 0.9126 -0.2931 -0.2851
vn 0.9598 -0.1611 -0.23
vn 0.9807 -0.1433 -0.1333
vn 0.9426 -0.2771 -0.1866
vn 0.9426 -0.2771 -0.1866
vn 0.9807 -0.1433 -0.1333
vn 0.9883 -0.1522 -0.0043
vn 0.9541 -0.2958 -0.0479
vn 0.9541 -0.2958 -0.0479
vn 0.9883 -0.1522 -0.0043
vn 0.9675 -0.1976 0.158
vn 0.9317 -0.3433 0.1189
vn 0.9317 -0.3433 0.1189
vn 0.7461 -0.6641 0.0472
vn 0.7633 -0.6319 -0.1347
vn 0.9541 -0.2958 -0.0479
vn 0.9317 -0.3433 0.1189
vn 0.9675 -0.1976 0.158
vn 0.8675 -0.2759 0.4138
vn 0.8288 -0.4026 0.3886
vn 0.9317 -0.3433 0.1189
vn 0.8288 -0.4026 0.3886
vn 0.6954 -0.667 0.2675
vn 0.7461 -0.6641 0.0472
vn 0.7461 -0.6641 0.0472
vn 0.6954 -0.667 0.2675
vn 0.4362 -0.8322 0.3422
vn 0.3929 -0.9192 0.0246
vn 0.7461 -0.6641 0.0472
vn 0.3929 -0.9192 0.0246
vn 0.3916 -0.9028 -0.1778
vn 0.7633 -0.6319 -0.1347
vn 0.3929 -0.9192 0.0246
vn 0.4362 -0.8322 0.3422
vn 0.1458 -0.909 0.3904
vn 0.0362 -0.9988 0.0335
vn 0.3929 -0.9192 0.0246
vn 0.0362 -0.9988 0.0335
vn -0.0422 -0.9845 -0.17
vn 0.3916 -0.9028 -0.1778
vn -0.5181 -0.8496 -0.0985
vn -0.0422 -0.9845 -0.17
vn 0.0362 -0.9988 0.0335
vn -0.4096 -0.9109 0.0493
vn 0.0362 -0.9988 0.0335
vn 0.1458 -0.909 0.3904
vn -0.2345 -0.8795 0.4142
vn -0.4096 -0.9109 0.0493
vn -0.0617 -0.5954 0.801
vn -0.2345 -0.8795 0.4142
vn 0.1458 -0.909 0.3904
vn 0.296 -0.598 0.7448
vn 0.296 -0.598 0.7448
vn 0.1458 -0.909 0.3904
vn 0.4362 -0.8322 0.3422
vn 0.5925 -0.5161 0.6185
vn 0.0121 -0.3802 0.9248
vn -0.0617 -0.5954 0.801
vn 0.296 -0.598 0.7448
vn 0.3598 -0.3727 0.8553
vn 0.3598 -0.3727 0.8553
vn 0.296 -0.598 0.7448
vn 0.5925 -0.5161 0.6185
vn 0.6517 -0.3419 0.6771
vn -0.0617 -0.5954 0.801
vn 0.0121 -0.3802 0.9248
vn -0.3892 -0.3539 0.8504
vn -0.4692 -0.5063 0.7235
vn -0.8543 -0.2205 0.4707
vn -0.8682 -0.2872 0.4047
vn -0.4692 -0.5063 0.7235
vn -0.3892 -0.3539 0.8504
vn -0.4692 -0.5063 0.7235
vn -0.8682 -0.2872 0.4047
vn -0.8785 -0.419 0.2294
vn -0.6126 -0.6993 0.3685
vn -0.4692 -0.5063 0.7235
vn -0.6126 -0.6993 0.3685
vn -0.2345 -0.8795 0.4142
vn -0.0617 -0.5954 0.801
vn -0.4096 -0.9109 0.0493
vn -0.2345 -0.8795 0.4142
vn -0.6126 -0.6993 0.3685
vn -0.784 -0.6162 0.0749
vn -0.8785 -0.419 0.2294
vn -0.9357 -0.3383 0.0996
vn -0.784 -0.6162 0.0749
vn -0.6126 -0.6993 0.3685
vn -0.8682 -0.2872 0.4047
vn -0.9597 -0.2117 0.1846
vn -0.9357 -0.3383 0.0996
vn -0.8785 -0.419 0.2294
vn -0.4096 -0.9109 0.0493
vn -0.784 -0.6162 0.0749
vn -0.8535 -0.5209 0.0162
vn -0.5181 -0.8496 -0.0985
vn -0.8543 -0.2205 0.4707
vn -0.9579 -0.1586 0.2391
vn -0.9597 -0.2117 0.1846
vn -0.8682 -0.2872 0.4047
vn 0.8675 -0.2759 0.4138
vn 0.6517 -0.3419 0.6771
vn 0.5925 -0.5161 0.6185
vn 0.8288 -0.4026 0.3886
vn 0.5925 -0.5161 0.6185
vn 0.4362 -0.8322 0.3422
vn 0.6954 -0.667 0.2675
vn 0.8288 -0.4026 0.3886
vn 0.886 -0.3298 -0.3258
vn 0.9413 -0.1866 -0.2813
vn 0.9598 -0.1611 -0.23
vn 0.9126 -0.2931 -0.2851
vn 0.8802 -0.3546 -0.3155
vn 0.9365 -0.1966 -0.2904
vn 0.9413 -0.1866 -0.2813
vn 0.886 -0.3298 -0.3258
vn 0.6245 -0.6968 -0.3528
vn 0.8802 -0.3546 -0.3155
vn 0.886 -0.3298 -0.3258
vn 0.6453 -0.6471 -0.406
vn 0.6453 -0.6471 -0.406
vn 0.886 -0.3298 -0.3258
vn 0.9126 -0.2931 -0.2851
vn 0.69 -0.6113 -0.3876
vn 0.266 -0.8999 -0.3456
vn 0.6245 -0.6968 -0.3528
vn 0.6453 -0.6471 -0.406
vn 0.2816 -0.8607 -0.4241
vn 0.6516 -0.7059 -0.2777
vn 0.8902 -0.3449 -0.2977
vn 0.8802 -0.3546 -0.3155
vn 0.6245 -0.6968 -0.3528
vn 0.2782 -0.9368 -0.2121
vn 0.6516 -0.7059 -0.2777
vn 0.6245 -0.6968 -0.3528
vn 0.266 -0.8999 -0.3456
vn -0.0425 -0.9889 -0.1425
vn 0.2782 -0.9368 -0.2121
vn 0.266 -0.8999 -0.3456
vn -0.0558 -0.9558 -0.2887
vn -0.0558 -0.9558 -0.2887
vn 0.266 -0.8999 -0.3456
vn 0.2816 -0.8607 -0.4241
vn -0.0934 -0.9302 -0.355
vn -0.409 -0.9115 -0.0428
vn -0.0425 -0.9889 -0.1425
vn -0.0558 -0.9558 -0.2887
vn -0.4562 -0.8769 -0.1511
vn -0.4562 -0.8769 -0.1511
vn -0.0558 -0.9558 -0.2887
vn -0.0934 -0.9302 -0.355
vn -0.547 -0.8197 -0.1699
vn -0.7234 -0.6904 0.0012
vn -0.6783 -0.7331 0.0498
vn -0.409 -0.9115 -0.0428
vn -0.4562 -0.8769 -0.1511
vn -0.7753 -0.6316 0.002
vn -0.7234 -0.6904 0.0012
vn -0.4562 -0.8769 -0.1511
vn -0.547 -0.8197 -0.1699
vn -0.5314 -0.8453 0.056
vn -0.6783 -0.7331 0.0498
vn -0.7234 -0.6904 0.0012
vn -0.5514 -0.8339 0.0255
vn -0.5514 -0.8339 0.0255
vn -0.7234 -0.6904 0.0012
vn -0.7753 -0.6316 0.002
vn -0.6175 -0.7863 0.0193
vn -0.6175 -0.7863 0.0193
vn -0.7753 -0.6316 0.002
vn -0.8264 -0.5631 0.0082
vn -0.6977 -0.7155 0.0357
vn -0.1949 -0.9807 0.0128
vn -0.5514 -0.8339 0.0255
vn -0.6175 -0.7863 0.0193
vn -0.2229 -0.9748 0.0042
vn -0.2229 -0.9748 0.0042
vn -0.6175 -0.7863 0.0193
vn -0.6977 -0.7155 0.0357
vn -0.2637 -0.9646 0.0067
vn -0.0211 -0.9998 0.0026
vn -0.1949 -0.9807 0.0128
vn -0.2229 -0.9748 0.0042
vn -0.0172 -0.9999 0.0017
vn -0.0172 -0.9999 0.0017
vn -0.2229 -0.9748 0.0042
vn -0.2637 -0.9646 0.0067
vn -0.0178 -0.9998 -0.0004
vn -0.0178 -0.9998 -0.0004
vn -0.2637 -0.9646 0.0067
vn -0.3523 -0.933 0.0738
vn -0.0259 -0.9985 0.0491
vn -0 -1 -0
vn -0.0172 -0.9999 0.0017
vn -0.0178 -0.9998 -0.0004
vn -0 -1 -0
vn -0 -1 -0
vn -0.0178 -0.9998 -0.0004
vn -0.0259 -0.9985 0.0491
vn -0.0021 -0.9987 0.0502
vn -0.0259 -0.9985 0.0491
vn -0.3523 -0.933 0.0738
vn -0.368 -0.9002 0.2328
vn -0.0413 -0.9711 0.235
vn -0.0021 -0.9987 0.0502
vn -0.0259 -0.9985 0.0491
vn -0.0413 -0.9711 0.235
vn -0.0099 -0.9689 0.2474
vn -0.0413 -0.9711 0.235
vn -0.368 -0.9002 0.2328
vn -0.5108 -0.7065 0.4898
vn -0.0525 -0.7764 0.6281
vn -0.0099 -0.9689 0.2474
vn -0.0413 -0.9711 0.235
vn -0.0525 -0.7764 0.6281
vn -0.0178 -0.7714 0.6361
vn -0.0021 -0.9987 0.0502
vn -0.0099 -0.9689 0.2474
vn 0.0006 -0.9675 0.253
vn 0.0023 -0.9989 0.0468
vn -0.0099 -0.9689 0.2474
vn -0.0178 -0.7714 0.6361
vn -0.0049 -0.7775 0.6289
vn 0.0006 -0.9675 0.253
vn 0.0023 -0.9989 0.0468
vn 0.0006 -0.9675 0.253
vn -0 -0.9671 0.2545
vn -0 -0.9989 0.046
vn 0.0006 -0.9675 0.253
vn -0.0049 -0.7775 0.6289
vn -0 -0.7788 0.6273
vn -0 -0.9671 0.2545
vn -0.0023 -0.9989 0.0468
vn -0 -0.9989 0.046
vn -0 -0.9671 0.2545
vn -0.0006 -0.9675 0.253
vn -0.0006 -0.9675 0.253
vn -0 -0.9671 0.2545
vn -0 -0.7788 0.6273
vn 0.0049 -0.7774 0.629
vn 0.0021 -0.9987 0.0502
vn -0.0023 -0.9989 0.0468
vn -0.0006 -0.9675 0.253
vn 0.0099 -0.9689 0.2474
vn 0.0099 -0.9689 0.2474
vn -0.0006 -0.9675 0.253
vn 0.0049 -0.7774 0.629
vn 0.0178 -0.7714 0.6361
vn 0.0049 -0.7774 0.629
vn 0.0069 -0.574 0.8188
vn 0.0183 -0.5907 0.8067
vn 0.0178 -0.7714 0.6361
vn 0.0099 -0.9689 0.2474
vn 0.0178 -0.7714 0.6361
vn 0.0525 -0.7764 0.6281
vn 0.0413 -0.9711 0.235
vn 0.0178 -0.7714 0.6361
vn 0.0183 -0.5907 0.8067
vn 0.1286 -0.5898 0.7972
vn 0.0525 -0.7764 0.6281
vn 0.5108 -0.7065 0.4898
vn 0.0525 -0.7764 0.6281
vn 0.1286 -0.5898 0.7972
vn 0.5108 -0.7065 0.4898
vn 0.1286 -0.5898 0.7972
vn 0.4948 -0.4962 0.7134
vn 0.719 -0.3957 0.5713
vn 0.719 -0.3957 0.5713
vn 0.8549 -0.297 0.4254
vn 0.8372 -0.4254 0.3435
vn 0.5108 -0.7065 0.4898
vn 0.942 -0.2666 0.2038
vn 0.8372 -0.4254 0.3435
vn 0.8549 -0.297 0.4254
vn 0.9373 -0.2026 0.2836
vn 0.942 -0.2666 0.2038
vn 0.9373 -0.2026 0.2836
vn 0.9579 -0.1586 0.2391
vn 0.9597 -0.2117 0.1846
vn 0.8543 -0.2205 0.4707
vn 0.8682 -0.2872 0.4047
vn 0.9597 -0.2117 0.1846
vn 0.9579 -0.1586 0.2391
vn 0.8682 -0.2872 0.4047
vn 0.8785 -0.419 0.2293
vn 0.9357 -0.3383 0.0996
vn 0.9597 -0.2117 0.1846
vn 0.942 -0.2666 0.2038
vn 0.9597 -0.2117 0.1846
vn 0.9357 -0.3383 0.0996
vn 0.9263 -0.3638 0.0979
vn 0.8785 -0.419 0.2293
vn 0.6126 -0.6993 0.3685
vn 0.784 -0.6162 0.0749
vn 0.9357 -0.3383 0.0996
vn 0.784 -0.6162 0.0749
vn 0.8535 -0.5209 0.0162
vn 0.9263 -0.3638 0.0979
vn 0.9357 -0.3383 0.0996
vn 0.8535 -0.5209 0.0162
vn 0.8645 -0.5025 0.0052
vn 0.8123 -0.5782 0.0763
vn 0.9263 -0.3638 0.0979
vn 0.9263 -0.3638 0.0979
vn 0.8123 -0.5782 0.0763
vn 0.7681 -0.6115 0.1902
vn 0.942 -0.2666 0.2038
vn 0.9263 -0.3638 0.0979
vn 0.7681 -0.6115 0.1902
vn 0.8372 -0.4254 0.3435
vn 0.5108 -0.7065 0.4898
vn 0.8372 -0.4254 0.3435
vn 0.7681 -0.6115 0.1902
vn 0.368 -0.9002 0.2328
vn 0.368 -0.9002 0.2328
vn 0.7681 -0.6115 0.1902
vn 0.8123 -0.5782 0.0763
vn 0.3523 -0.933 0.0738
vn 0.0413 -0.9711 0.235
vn 0.0525 -0.7764 0.6281
vn 0.5108 -0.7065 0.4898
vn 0.368 -0.9002 0.2328
vn 0.0259 -0.9985 0.0491
vn 0.0413 -0.9711 0.235
vn 0.368 -0.9002 0.2328
vn 0.3523 -0.933 0.0738
vn 0.0179 -0.9998 -0.0004
vn 0.0259 -0.9985 0.0491
vn 0.3523 -0.933 0.0738
vn 0.2637 -0.9646 0.0067
vn 0.3523 -0.933 0.0738
vn 0.8123 -0.5782 0.0763
vn 0.6978 -0.7155 0.0357
vn 0.2637 -0.9646 0.0067
vn 0.0172 -0.9999 0.0017
vn 0.0179 -0.9998 -0.0004
vn 0.2637 -0.9646 0.0067
vn 0.2228 -0.9748 0.0041
vn 0.2228 -0.9748 0.0041
vn 0.2637 -0.9646 0.0067
vn 0.6978 -0.7155 0.0357
vn 0.6175 -0.7863 0.0193
vn 0.6175 -0.7863 0.0193
vn 0.6978 -0.7155 0.0357
vn 0.8263 -0.5631 0.0082
vn 0.7753 -0.6316 0.002
vn 0.8263 -0.5631 0.0082
vn 0.6978 -0.7155 0.0357
vn 0.8123 -0.5782 0.0763
vn 0.8645 -0.5025 0.0052
vn 0.8263 -0.5631 0.0082
vn 0.602 -0.7803 -0.1695
vn 0.5469 -0.8197 -0.17
vn 0.7753 -0.6316 0.002
vn 0.602 -0.7803 -0.1695
vn 0.8263 -0.5631 0.0082
vn 0.8645 -0.5025 0.0052
vn 0.5891 -0.7932 -0.1543
vn 0.5469 -0.8197 -0.17
vn 0.602 -0.7803 -0.1695
vn 0.1184 -0.9304 -0.3468
vn 0.0934 -0.9302 -0.355
vn 0.1036 -0.9534 -0.2833
vn 0.1184 -0.9304 -0.3468
vn 0.602 -0.7803 -0.1695
vn 0.5891 -0.7932 -0.1543
vn 0.0422 -0.9845 -0.17
vn 0.1036 -0.9534 -0.2833
vn 0.5891 -0.7932 -0.1543
vn 0.5181 -0.8496 -0.0985
vn 0.5181 -0.8496 -0.0985
vn 0.5891 -0.7932 -0.1543
vn 0.8645 -0.5025 0.0052
vn 0.8535 -0.5209 0.0162
vn 0.5181 -0.8496 -0.0985
vn 0.4096 -0.9109 0.0493
vn -0.0362 -0.9988 0.0335
vn 0.0422 -0.9845 -0.17
vn 0.4096 -0.9109 0.0493
vn 0.5181 -0.8496 -0.0985
vn 0.8535 -0.5209 0.0162
vn 0.784 -0.6162 0.0749
vn -0.0362 -0.9988 0.0335
vn 0.4096 -0.9109 0.0493
vn 0.2345 -0.8795 0.4142
vn -0.1458 -0.909 0.3904
vn 0.4096 -0.9109 0.0493
vn 0.784 -0.6162 0.0749
vn 0.6126 -0.6993 0.3685
vn 0.2345 -0.8795 0.4142
vn -0.3929 -0.9192 0.0246
vn -0.0362 -0.9988 0.0335
vn -0.1458 -0.909 0.3904
vn -0.4362 -0.8322 0.3422
vn -0.3929 -0.9192 0.0246
vn -0.3916 -0.9028 -0.1778
vn 0.0422 -0.9845 -0.17
vn -0.0362 -0.9988 0.0335
vn -0.7461 -0.6641 0.0472
vn -0.7633 -0.6319 -0.1347
vn -0.3916 -0.9028 -0.1778
vn -0.3929 -0.9192 0.0246
vn -0.7461 -0.6641 0.0472
vn -0.3929 -0.9192 0.0246
vn -0.4362 -0.8322 0.3422
vn -0.6954 -0.667 0.2675
vn -0.7633 -0.6319 -0.1347
vn -0.7382 -0.6096 -0.2888
vn -0.3486 -0.8782 -0.3275
vn -0.3916 -0.9028 -0.1778
vn 0.1036 -0.9534 -0.2833
vn 0.0422 -0.9845 -0.17
vn -0.3916 -0.9028 -0.1778
vn -0.3486 -0.8782 -0.3275
vn -0.7382 -0.6096 -0.2888
vn -0.69 -0.6113 -0.3876
vn -0.3126 -0.8534 -0.4172
vn -0.3486 -0.8782 -0.3275
vn 0.1184 -0.9304 -0.3468
vn 0.1036 -0.9534 -0.2833
vn -0.3486 -0.8782 -0.3275
vn -0.3126 -0.8534 -0.4172
vn 0.0934 -0.9302 -0.355
vn 0.1184 -0.9304 -0.3468
vn -0.3126 -0.8534 -0.4172
vn -0.2815 -0.8607 -0.4241
vn -0.2815 -0.8607 -0.4241
vn -0.3126 -0.8534 -0.4172
vn -0.69 -0.6113 -0.3876
vn -0.6453 -0.6471 -0.406
vn -0.6453 -0.6471 -0.406
vn -0.69 -0.6113 -0.3876
vn -0.9126 -0.2931 -0.2851
vn -0.886 -0.3298 -0.3258
vn -0.9126 -0.2931 -0.2851
vn -0.69 -0.6113 -0.3876
vn -0.7382 -0.6096 -0.2888
vn -0.9426 -0.2771 -0.1866
vn -0.886 -0.3298 -0.3258
vn -0.9126 -0.2931 -0.2851
vn -0.9598 -0.1611 -0.23
vn -0.9414 -0.1865 -0.2812
vn -0.9126 -0.2931 -0.2851
vn -0.9426 -0.2771 -0.1866
vn -0.9807 -0.1433 -0.1332
vn -0.9598 -0.1611 -0.23
vn -0.9426 -0.2771 -0.1866
vn -0.9541 -0.2958 -0.0479
vn -0.9883 -0.1522 -0.0043
vn -0.9807 -0.1433 -0.1332
vn -0.9541 -0.2958 -0.0479
vn -0.9426 -0.2771 -0.1866
vn -0.7382 -0.6096 -0.2888
vn -0.7633 -0.6319 -0.1347
vn -0.9541 -0.2958 -0.0479
vn -0.9317 -0.3433 0.1189
vn -0.9675 -0.1976 0.158
vn -0.9883 -0.1522 -0.0043
vn -0.9317 -0.3433 0.1189
vn -0.9541 -0.2958 -0.0479
vn -0.7633 -0.6319 -0.1347
vn -0.7461 -0.6641 0.0472
vn -0.9317 -0.3433 0.1189
vn -0.8288 -0.4026 0.3886
vn -0.8675 -0.276 0.4139
vn -0.9675 -0.1976 0.158
vn -0.9317 -0.3433 0.1189
vn -0.7461 -0.6641 0.0472
vn -0.6954 -0.667 0.2675
vn -0.8288 -0.4026 0.3886
vn -0.8675 -0.276 0.4139
vn -0.8288 -0.4026 0.3886
vn -0.5925 -0.5161 0.6185
vn -0.6517 -0.3419 0.6771
vn -0.5925 -0.5161 0.6185
vn -0.8288 -0.4026 0.3886
vn -0.6954 -0.667 0.2675
vn -0.4362 -0.8322 0.3422
vn -0.296 -0.598 0.7448
vn -0.5925 -0.5161 0.6185
vn -0.4362 -0.8322 0.3422
vn -0.1458 -0.909 0.3904
vn -0.3598 -0.3727 0.8554
vn -0.6517 -0.3419 0.6771
vn -0.5925 -0.5161 0.6185
vn -0.296 -0.598 0.7448
vn -0.0121 -0.3802 0.9248
vn -0.3598 -0.3727 0.8554
vn -0.296 -0.598 0.7448
vn 0.0617 -0.5954 0.801
vn 0.0617 -0.5954 0.801
vn -0.296 -0.598 0.7448
vn -0.1458 -0.909 0.3904
vn 0.2345 -0.8795 0.4142
vn 0.0617 -0.5954 0.801
vn 0.4692 -0.5063 0.7235
vn 0.3892 -0.3539 0.8504
vn -0.0121 -0.3802 0.9248
vn 0.8543 -0.2205 0.4707
vn 0.3892 -0.3539 0.8504
vn 0.4692 -0.5063 0.7235
vn 0.8682 -0.2872 0.4047
vn 0.4692 -0.5063 0.7235
vn 0.6126 -0.6993 0.3685
vn 0.8785 -0.419 0.2293
vn 0.8682 -0.2872 0.4047
vn 0.4692 -0.5063 0.7235
vn 0.0617 -0.5954 0.801
vn 0.2345 -0.8795 0.4142
vn 0.6126 -0.6993 0.3685
vn -0.8802 -0.3546 -0.3155
vn -0.886 -0.3298 -0.3258
vn -0.9414 -0.1865 -0.2812
vn -0.9365 -0.1966 -0.2904
vn -0.8902 -0.3449 -0.2978
vn -0.8802 -0.3546 -0.3155
vn -0.9365 -0.1966 -0.2904
vn -0.9357 -0.1947 -0.2942
vn -0.9028 -0.3192 -0.2881
vn -0.8902 -0.3449 -0.2978
vn -0.9357 -0.1947 -0.2942
vn -0.9348 -0.1946 -0.297
vn -0.8522 -0.3026 -0.4268
vn -0.9028 -0.3192 -0.2881
vn -0.9348 -0.1946 -0.297
vn -0.8543 -0.2145 -0.4734
vn -0.689 -0.2377 -0.6847
vn -0.6754 -0.2999 -0.6737
vn -0.8522 -0.3026 -0.4268
vn -0.8543 -0.2145 -0.4734
vn -0.6754 -0.2999 -0.6737
vn -0.5851 -0.499 -0.6393
vn -0.7346 -0.5806 -0.351
vn -0.8522 -0.3026 -0.4268
vn -0.9028 -0.3192 -0.2881
vn -0.8522 -0.3026 -0.4268
vn -0.7346 -0.5806 -0.351
vn -0.7206 -0.6564 -0.2235
vn -0.5851 -0.499 -0.6393
vn -0.3364 -0.7233 -0.6031
vn -0.4206 -0.8773 -0.2311
vn -0.7346 -0.5806 -0.351
vn -0.3559 -0.9296 -0.0956
vn -0.7206 -0.6564 -0.2235
vn -0.7346 -0.5806 -0.351
vn -0.4206 -0.8773 -0.2311
vn -0.3559 -0.9296 -0.0956
vn -0.2782 -0.9368 -0.2121
vn -0.6516 -0.7059 -0.2777
vn -0.7206 -0.6564 -0.2235
vn -0.7206 -0.6564 -0.2235
vn -0.6516 -0.7059 -0.2777
vn -0.8902 -0.3449 -0.2978
vn -0.9028 -0.3192 -0.2881
vn -0.2782 -0.9368 -0.2121
vn -0.266 -0.8999 -0.3456
vn -0.6245 -0.6968 -0.3528
vn -0.6516 -0.7059 -0.2777
vn -0.6516 -0.7059 -0.2777
vn -0.6245 -0.6968 -0.3528
vn -0.8802 -0.3546 -0.3155
vn -0.8902 -0.3449 -0.2978
vn -0.266 -0.8999 -0.3456
vn -0.2815 -0.8607 -0.4241
vn -0.6453 -0.6471 -0.406
vn -0.6245 -0.6968 -0.3528
vn -0.6245 -0.6968 -0.3528
vn -0.6453 -0.6471 -0.406
vn -0.886 -0.3298 -0.3258
vn -0.8802 -0.3546 -0.3155
vn 0.0558 -0.9558 -0.2887
vn 0.0934 -0.9302 -0.355
vn -0.2815 -0.8607 -0.4241
vn -0.266 -0.8999 -0.3456
vn 0.0425 -0.9889 -0.1425
vn 0.0558 -0.9558 -0.2887
vn -0.266 -0.8999 -0.3456
vn -0.2782 -0.9368 -0.2121
vn 0.4562 -0.8769 -0.1511
vn 0.5469 -0.8197 -0.17
vn 0.0934 -0.9302 -0.355
vn 0.0558 -0.9558 -0.2887
vn 0.409 -0.9115 -0.0428
vn 0.4562 -0.8769 -0.1511
vn 0.0558 -0.9558 -0.2887
vn 0.0425 -0.9889 -0.1425
vn 0.3978 -0.9141 0.079
vn 0.409 -0.9115 -0.0428
vn 0.0425 -0.9889 -0.1425
vn 0.021 -0.9997 0.0126
vn 0.021 -0.9997 0.0126
vn 0.0425 -0.9889 -0.1425
vn -0.2782 -0.9368 -0.2121
vn -0.3559 -0.9296 -0.0956
vn 0.3978 -0.9141 0.079
vn 0.021 -0.9997 0.0126
vn -0.059 -0.992 -0.1115
vn 0.2509 -0.9664 -0.0557
vn 0.021 -0.9997 0.0126
vn -0.3559 -0.9296 -0.0956
vn -0.4206 -0.8773 -0.2311
vn -0.059 -0.992 -0.1115
vn -0.0842 -0.8183 -0.5685
vn 0.1053 -0.8301 -0.5476
vn 0.2509 -0.9664 -0.0557
vn -0.059 -0.992 -0.1115
vn -0.3364 -0.7233 -0.6031
vn -0.0842 -0.8183 -0.5685
vn -0.059 -0.992 -0.1115
vn -0.4206 -0.8773 -0.2311
vn 0.1053 -0.8301 -0.5476
vn 0.3385 -0.7813 -0.5243
vn 0.5603 -0.8247 -0.0764
vn 0.2509 -0.9664 -0.0557
vn 0.6528 -0.7485 0.1168
vn 0.3978 -0.9141 0.079
vn 0.2509 -0.9664 -0.0557
vn 0.5603 -0.8247 -0.0764
vn 0.3385 -0.7813 -0.5243
vn 0.3691 -0.8119 -0.4524
vn 0.5486 -0.835 -0.043
vn 0.5603 -0.8247 -0.0764
vn 0.5494 -0.8289 0.1052
vn 0.6528 -0.7485 0.1168
vn 0.5603 -0.8247 -0.0764
vn 0.5486 -0.835 -0.043
vn 0.5494 -0.8289 0.1052
vn 0.5314 -0.8453 0.056
vn 0.6782 -0.7331 0.0499
vn 0.6528 -0.7485 0.1168
vn 0.6782 -0.7331 0.0499
vn 0.409 -0.9115 -0.0428
vn 0.3978 -0.9141 0.079
vn 0.6528 -0.7485 0.1168
vn 0.5314 -0.8453 0.056
vn 0.5514 -0.8339 0.0255
vn 0.7235 -0.6904 0.0012
vn 0.6782 -0.7331 0.0499
vn 0.7235 -0.6904 0.0012
vn 0.4562 -0.8769 -0.1511
vn 0.409 -0.9115 -0.0428
vn 0.6782 -0.7331 0.0499
vn 0.5514 -0.8339 0.0255
vn 0.6175 -0.7863 0.0193
vn 0.7753 -0.6316 0.002
vn 0.7235 -0.6904 0.0012
vn 0.7753 -0.6316 0.002
vn 0.5469 -0.8197 -0.17
vn 0.4562 -0.8769 -0.1511
vn 0.7235 -0.6904 0.0012
vn 0.1949 -0.9807 0.0128
vn 0.2228 -0.9748 0.0041
vn 0.6175 -0.7863 0.0193
vn 0.5514 -0.8339 0.0255
vn 0.2184 -0.9754 0.03
vn 0.1949 -0.9807 0.0128
vn 0.5514 -0.8339 0.0255
vn 0.5314 -0.8453 0.056
vn 0.0211 -0.9998 0.0026
vn 0.0172 -0.9999 0.0017
vn 0.2228 -0.9748 0.0041
vn 0.1949 -0.9807 0.0128
vn 0.0313 -0.9995 0.0059
vn 0.0211 -0.9998 0.0026
vn 0.1949 -0.9807 0.0128
vn 0.2184 -0.9754 0.03
vn 0.058 -0.9981 0.019
vn 0.0313 -0.9995 0.0059
vn 0.2184 -0.9754 0.03
vn 0.2654 -0.9622 0.0604
vn 0.2654 -0.9622 0.0604
vn 0.2184 -0.9754 0.03
vn 0.5314 -0.8453 0.056
vn 0.5494 -0.8289 0.1052
vn 0.0853 -0.9962 0.0158
vn 0.058 -0.9981 0.019
vn 0.2654 -0.9622 0.0604
vn 0.2886 -0.9563 -0.0479
vn 0.5494 -0.8289 0.1052
vn 0.5486 -0.835 -0.043
vn 0.2886 -0.9563 -0.0479
vn 0.2654 -0.9622 0.0604
vn 0.1244 -0.9582 -0.2576
vn 0.2886 -0.9563 -0.0479
vn 0.0657 -0.8775 -0.4751
vn -0.1021 -0.7235 -0.6828
vn 0.3691 -0.8119 -0.4524
vn 0.0657 -0.8775 -0.4751
vn 0.2886 -0.9563 -0.0479
vn 0.5486 -0.835 -0.043
vn 0.0853 -0.9962 0.0158
vn 0.2886 -0.9563 -0.0479
vn 0.1244 -0.9582 -0.2576
vn 0.0607 -0.9802 -0.1886
vn 0.0023 -0.9887 -0.1498
vn 0.0022 -1 0.0009
vn 0.0853 -0.9962 0.0158
vn 0.0607 -0.9802 -0.1886
vn 0.0022 -1 0.0009
vn 0.0007 -1 -0.001
vn 0.058 -0.9981 0.019
vn 0.0853 -0.9962 0.0158
vn 0.0017 -1 0.0003
vn 0.0008 -1 -0.0032
vn 0.0007 -1 -0.001
vn 0.0022 -1 0.0009
vn -0.0037 -0.9879 -0.1548
vn 0.0017 -1 0.0003
vn 0.0022 -1 0.0009
vn 0.0023 -0.9887 -0.1498
vn 0.0007 -1 -0.001
vn 0.0008 -1 -0.0032
vn -0 -1 -0
vn -0 -1 -0
vn 0.0007 -1 -0.001
vn -0 -1 -0
vn 0.0313 -0.9995 0.0059
vn 0.058 -0.9981 0.019
vn -0 -1 -0
vn -0 -1 -0
vn 0.0211 -0.9998 0.0026
vn 0.0313 -0.9995 0.0059
vn -0 -1 -0
vn -0 -1 -0
vn -0 -1 -0
vn -0 -1 -0
vn 0.0008 -1 -0.0032
vn -0 -1 -0.0045
vn -0 -1 -0
vn -0 -1 -0
vn -0 -1 -0
vn -0 -1 -0
vn -0 -1 -0
vn -0 -1 -0
vn -0.0007 -1 -0.0029
vn -0 -1 -0
vn -0 -1 -0
vn -0 -1 -0.0045
vn -0 -1 -0
vn -0 -1 -0
vn -0 -1 -0
vn -0 -1 -0
vn -0 -1 -0
vn -0 -1 -0
vn -0 -1 -0
vn -0 -1 -0
vn -0.0007 -1 -0.001
vn -0 -1 -0
vn -0 -1 -0
vn -0.0007 -1 -0.0029
vn -0 -1 -0
vn -0 -1 -0
vn -0 -1 -0
vn -0 -1 -0
vn -0 -1 -0
vn -0 -1 -0
vn -0 -1 -0
vn -0 -1 -0
vn -0 -1 -0
vn -0 -1 -0
vn -0 -1 -0
vn -0 -1 -0
vn -0 -1 -0
vn -0 -1 -0
vn -0 -1 -0
vn -0 -1 -0
vn -0 -1 -0
vn -0 -1 -0
vn -0 -1 -0
vn -0 -1 -0
vn -0 -1 -0
vn -0 -1 -0
vn -0 -1 -0
vn -0 -1 -0
vn -0 -1 -0
vn -0 -1 -0
vn -0 -1 -0
vn -0 -1 -0
vn -0 -0.9989 0.046
vn -0.0023 -0.9989 0.0468
vn -0 -1 -0
vn 0.0023 -0.9989 0.0468
vn -0 -0.9989 0.046
vn -0 -1 -0
vn -0 -1 -0
vn -0 -1 -0
vn -0 -1 -0
vn -0 -1 -0
vn -0 -1 -0
vn -0 -1 -0
vn -0.0023 -0.9989 0.0468
vn 0.0021 -0.9987 0.0502
vn -0 -1 -0
vn -0 -1 -0
vn 0.0179 -0.9998 -0.0004
vn 0.0172 -0.9999 0.0017
vn -0 -1 -0
vn 0.0021 -0.9987 0.0502
vn 0.0259 -0.9985 0.0491
vn 0.0179 -0.9998 -0.0004
vn 0.0021 -0.9987 0.0502
vn 0.0099 -0.9689 0.2474
vn 0.0413 -0.9711 0.235
vn 0.0259 -0.9985 0.0491
vn -0 -1 -0
vn -0 -1 -0
vn -0 -1 -0
vn -0 -1 -0
vn -0 -1 -0
vn -0 -1 -0
vn 0.0172 -0.9999 0.0017
vn 0.0211 -0.9998 0.0026
vn -0 -1 -0
vn -0.0021 -0.9987 0.0502
vn 0.0023 -0.9989 0.0468
vn -0 -1 -0
vn -0 -1 -0
vn -0.0211 -0.9998 0.0026
vn -0.0172 -0.9999 0.0017
vn -0 -1 -0
vn -0 -1 -0
vn -0.0313 -0.9995 0.0059
vn -0.0211 -0.9998 0.0026
vn -0 -1 -0
vn -0.0313 -0.9995 0.0059
vn -0.2184 -0.9754 0.03
vn -0.1949 -0.9807 0.0128
vn -0.0211 -0.9998 0.0026
vn -0.0007 -1 -0.001
vn -0.058 -0.9981 0.019
vn -0.0313 -0.9995 0.0059
vn -0 -1 -0
vn -0.058 -0.9981 0.019
vn -0.2654 -0.9622 0.0603
vn -0.2184 -0.9754 0.03
vn -0.0313 -0.9995 0.0059
vn -0.2654 -0.9622 0.0603
vn -0.5494 -0.8289 0.1052
vn -0.5314 -0.8453 0.056
vn -0.2184 -0.9754 0.03
vn -0.2184 -0.9754 0.03
vn -0.5314 -0.8453 0.056
vn -0.5514 -0.8339 0.0255
vn -0.1949 -0.9807 0.0128
vn -0.5494 -0.8289 0.1052
vn -0.6528 -0.7485 0.1168
vn -0.6783 -0.7331 0.0498
vn -0.5314 -0.8453 0.056
vn -0.5494 -0.8289 0.1052
vn -0.5486 -0.835 -0.043
vn -0.5602 -0.8248 -0.0763
vn -0.6528 -0.7485 0.1168
vn -0.5494 -0.8289 0.1052
vn -0.2654 -0.9622 0.0603
vn -0.2886 -0.9563 -0.0479
vn -0.5486 -0.835 -0.043
vn -0.6528 -0.7485 0.1168
vn -0.5602 -0.8248 -0.0763
vn -0.2509 -0.9664 -0.0557
vn -0.3978 -0.9141 0.079
vn -0.6783 -0.7331 0.0498
vn -0.6528 -0.7485 0.1168
vn -0.3978 -0.9141 0.079
vn -0.409 -0.9115 -0.0428
vn -0.3978 -0.9141 0.079
vn -0.021 -0.9997 0.0126
vn -0.0425 -0.9889 -0.1425
vn -0.409 -0.9115 -0.0428
vn -0.3978 -0.9141 0.079
vn -0.2509 -0.9664 -0.0557
vn 0.059 -0.992 -0.1115
vn -0.021 -0.9997 0.0126
vn 0.0842 -0.8183 -0.5685
vn 0.059 -0.992 -0.1115
vn -0.2509 -0.9664 -0.0557
vn -0.1053 -0.8301 -0.5476
vn -0.1053 -0.8301 -0.5476
vn -0.2509 -0.9664 -0.0557
vn -0.5602 -0.8248 -0.0763
vn -0.3385 -0.7813 -0.5243
vn 0.0842 -0.8183 -0.5685
vn -0.1053 -0.8301 -0.5476
vn -0.0077 -0.4461 -0.895
vn 0.0446 -0.427 -0.9031
vn -0.1053 -0.8301 -0.5476
vn -0.3385 -0.7813 -0.5243
vn -0.0392 -0.4776 -0.8777
vn -0.0077 -0.4461 -0.895
vn -0.0392 -0.4776 -0.8777
vn -0.3385 -0.7813 -0.5243
vn -0.3691 -0.8119 -0.4524
vn 0.103 -0.5503 -0.8286
vn -0.3385 -0.7813 -0.5243
vn -0.5602 -0.8248 -0.0763
vn -0.5486 -0.835 -0.043
vn -0.3691 -0.8119 -0.4524
vn -0.3691 -0.8119 -0.4524
vn -0.0657 -0.8775 -0.4751
vn 0.3593 -0.5841 -0.7278
vn 0.103 -0.5503 -0.8286
vn -0.3691 -0.8119 -0.4524
vn -0.5486 -0.835 -0.043
vn -0.2886 -0.9563 -0.0479
vn -0.0657 -0.8775 -0.4751
vn -0.0657 -0.8775 -0.4751
vn 0.1021 -0.7235 -0.6828
vn 0.415 -0.5564 -0.7199
vn 0.3593 -0.5841 -0.7278
vn -0.1244 -0.9582 -0.2576
vn 0.1021 -0.7235 -0.6828
vn -0.0657 -0.8775 -0.4751
vn -0.2886 -0.9563 -0.0479
vn -0.0853 -0.9962 0.0158
vn -0.0607 -0.9802 -0.1886
vn -0.1244 -0.9582 -0.2576
vn -0.2886 -0.9563 -0.0479
vn -0.0853 -0.9962 0.0158
vn -0.2886 -0.9563 -0.0479
vn -0.2654 -0.9622 0.0603
vn -0.058 -0.9981 0.019
vn -0.0023 -0.9887 -0.1498
vn -0.0607 -0.9802 -0.1886
vn -0.0853 -0.9962 0.0158
vn -0.0022 -1 0.0009
vn -0.0022 -1 0.0009
vn -0.0853 -0.9962 0.0158
vn -0.058 -0.9981 0.019
vn -0.0007 -1 -0.001
vn 0.0038 -0.9879 -0.1548
vn -0.0023 -0.9887 -0.1498
vn -0.0022 -1 0.0009
vn -0.0017 -1 0.0003
vn -0.0017 -1 0.0003
vn -0.0022 -1 0.0009
vn -0.0007 -1 -0.001
vn -0.0007 -1 -0.0029
vn -0 -0.9878 -0.1555
vn 0.0038 -0.9879 -0.1548
vn -0.0017 -1 0.0003
vn -0 -1 0.0002
vn -0 -1 0.0002
vn -0.0017 -1 0.0003
vn -0.0007 -1 -0.0029
vn -0 -1 -0.0045
vn -0 -0.9878 -0.1555
vn -0 -1 0.0002
vn 0.0017 -1 0.0003
vn -0.0037 -0.9879 -0.1548
vn -0 -1 0.0002
vn -0 -1 -0.0045
vn 0.0008 -1 -0.0032
vn 0.0017 -1 0.0003
vn 0.0156 -0.7656 -0.6431
vn 0.0038 -0.9879 -0.1548
vn -0 -0.9878 -0.1555
vn -0 -0.7615 -0.6482
vn -0.0156 -0.7656 -0.6431
vn -0 -0.7615 -0.6482
vn -0 -0.9878 -0.1555
vn -0.0037 -0.9879 -0.1548
vn 0.0023 -0.9887 -0.1498
vn -0.0111 -0.7677 -0.6408
vn -0.0156 -0.7656 -0.6431
vn -0.0037 -0.9879 -0.1548
vn -0.0156 -0.7656 -0.6431
vn -0.012 -0.5082 -0.8612
vn -0 -0.4967 -0.8679
vn -0 -0.7615 -0.6482
vn -0.0111 -0.7677 -0.6408
vn -0.0159 -0.5223 -0.8526
vn -0.012 -0.5082 -0.8612
vn -0.0156 -0.7656 -0.6431
vn -0.0312 -0.7419 -0.6698
vn -0.0479 -0.5229 -0.851
vn -0.0159 -0.5223 -0.8526
vn -0.0111 -0.7677 -0.6408
vn 0.0607 -0.9802 -0.1886
vn -0.0312 -0.7419 -0.6698
vn -0.0111 -0.7677 -0.6408
vn 0.0023 -0.9887 -0.1498
vn 0.1244 -0.9582 -0.2576
vn -0.1021 -0.7235 -0.6828
vn -0.0312 -0.7419 -0.6698
vn 0.0607 -0.9802 -0.1886
vn -0.1021 -0.7235 -0.6828
vn -0.083 -0.527 -0.8458
vn -0.0479 -0.5229 -0.851
vn -0.0312 -0.7419 -0.6698
vn -0.083 -0.527 -0.8458
vn -0.0565 -0.332 -0.9416
vn -0.0388 -0.3358 -0.9411
vn -0.0479 -0.5229 -0.851
vn -0.0479 -0.5229 -0.851
vn -0.0388 -0.3358 -0.9411
vn -0.0147 -0.3349 -0.9422
vn -0.0159 -0.5223 -0.8526
vn -0.0565 -0.332 -0.9416
vn -0.0448 -0.2498 -0.9673
vn -0.0351 -0.2492 -0.9678
vn -0.0388 -0.3358 -0.9411
vn -0.0388 -0.3358 -0.9411
vn -0.0351 -0.2492 -0.9678
vn -0.0162 -0.2498 -0.9682
vn -0.0147 -0.3349 -0.9422
vn -0.0159 -0.5223 -0.8526
vn -0.0147 -0.3349 -0.9422
vn -0.0063 -0.3372 -0.9414
vn -0.012 -0.5082 -0.8612
vn -0.0147 -0.3349 -0.9422
vn -0.0162 -0.2498 -0.9682
vn -0.0066 -0.25 -0.9682
vn -0.0063 -0.3372 -0.9414
vn -0.0063 -0.3372 -0.9414
vn -0.0066 -0.25 -0.9682
vn -0 -0.2491 -0.9685
vn -0 -0.3335 -0.9427
vn 0.0063 -0.3372 -0.9414
vn -0 -0.3335 -0.9427
vn -0 -0.2491 -0.9685
vn 0.0066 -0.25 -0.9682
vn 0.0147 -0.3349 -0.9422
vn 0.0063 -0.3372 -0.9414
vn 0.0066 -0.25 -0.9682
vn 0.0162 -0.2498 -0.9682
vn 0.0388 -0.3358 -0.9411
vn 0.0147 -0.3349 -0.9422
vn 0.0162 -0.2498 -0.9682
vn 0.0351 -0.2492 -0.9678
vn 0.0565 -0.332 -0.9416
vn 0.0388 -0.3358 -0.9411
vn 0.0351 -0.2492 -0.9678
vn 0.0448 -0.2498 -0.9673
vn 0.083 -0.527 -0.8458
vn 0.0479 -0.5229 -0.851
vn 0.0388 -0.3358 -0.9411
vn 0.0565 -0.332 -0.9416
vn 0.1021 -0.7235 -0.6828
vn 0.0313 -0.7419 -0.6698
vn 0.0479 -0.5229 -0.851
vn 0.083 -0.527 -0.8458
vn 0.1021 -0.7235 -0.6828
vn 0.083 -0.527 -0.8458
vn 0.3875 -0.5345 -0.7511
vn 0.415 -0.5564 -0.7199
vn 0.083 -0.527 -0.8458
vn 0.3802 -0.495 -0.7813
vn 0.3875 -0.5345 -0.7511
vn 0.083 -0.527 -0.8458
vn 0.2831 -0.6096 -0.7404
vn 0.2909 -0.4382 -0.8505
vn 0.3802 -0.495 -0.7813
vn 0.252 -0.6192 -0.7437
vn 0.2688 -0.6806 -0.6816
vn 0.2831 -0.6096 -0.7404
vn 0.083 -0.527 -0.8458
vn 0.0479 -0.5229 -0.851
vn 0.0159 -0.5224 -0.8526
vn 0.0147 -0.3349 -0.9422
vn 0.0388 -0.3358 -0.9411
vn 0.0313 -0.7419 -0.6698
vn 0.0111 -0.7677 -0.6408
vn 0.0159 -0.5224 -0.8526
vn 0.0479 -0.5229 -0.851
vn 0.0159 -0.5224 -0.8526
vn 0.012 -0.5082 -0.8612
vn 0.0063 -0.3372 -0.9414
vn 0.0147 -0.3349 -0.9422
vn 0.0111 -0.7677 -0.6408
vn 0.0156 -0.7656 -0.6431
vn 0.012 -0.5082 -0.8612
vn 0.0159 -0.5224 -0.8526
vn -0.0023 -0.9887 -0.1498
vn 0.0038 -0.9879 -0.1548
vn 0.0156 -0.7656 -0.6431
vn 0.0111 -0.7677 -0.6408
vn -0.0607 -0.9802 -0.1886
vn -0.0023 -0.9887 -0.1498
vn 0.0111 -0.7677 -0.6408
vn 0.0313 -0.7419 -0.6698
vn 0.0156 -0.7656 -0.6431
vn -0 -0.7615 -0.6482
vn -0 -0.4967 -0.8679
vn 0.012 -0.5082 -0.8612
vn 0.012 -0.5082 -0.8612
vn -0 -0.4967 -0.8679
vn -0 -0.3335 -0.9427
vn 0.0063 -0.3372 -0.9414
vn -0.012 -0.5082 -0.8612
vn -0.0063 -0.3372 -0.9414
vn -0 -0.3335 -0.9427
vn -0 -0.4967 -0.8679
vn -0.1244 -0.9582 -0.2576
vn -0.0607 -0.9802 -0.1886
vn 0.0313 -0.7419 -0.6698
vn 0.1021 -0.7235 -0.6828
vn 0.1939 0.981 -0
vn 0.1939 0.981 -0
vn -0.0966 0.9953 -0
vn -0.0938 0.9956 -0
vn -0.0938 0.9956 -0
vn -0.0966 0.9953 -0
vn -0.138 0.9904 -0
vn -0.124 0.9923 -0
vn -0.124 0.9923 -0
vn -0.138 0.9904 -0
vn -0.5761 0.8174 -0
vn -0.5761 0.8174 -0
vn 0.2848 -0.6571 -0.698
vn 0.3751 -0.2544 -0.8914
vn 0.689 -0.2377 -0.6847
vn 0.2944 -0.534 -0.7926
vn 0.3439 -0.2702 -0.8993
vn 0.2941 -0.4058 -0.8653
vn 0.2944 -0.534 -0.7926
vn 0.689 -0.2377 -0.6847
vn 0.689 -0.2377 -0.6847
vn 0.6754 -0.2998 -0.6737
vn 0.2981 -0.2984 -0.9067
vn 0.3439 -0.2702 -0.8993
vn 0.689 -0.2377 -0.6847
vn 0.8543 -0.2145 -0.4734
vn 0.8522 -0.3026 -0.4268
vn 0.6754 -0.2998 -0.6737
vn 0.8522 -0.3026 -0.4268
vn 0.8543 -0.2145 -0.4734
vn 0.9348 -0.1946 -0.297
vn 0.9028 -0.3192 -0.2881
vn 0.9028 -0.3192 -0.2881
vn 0.9348 -0.1946 -0.297
vn 0.9357 -0.1947 -0.2942
vn 0.8902 -0.3449 -0.2977
vn 0.8902 -0.3449 -0.2977
vn 0.9357 -0.1947 -0.2942
vn 0.9365 -0.1966 -0.2904
vn 0.8802 -0.3546 -0.3155
vn 0.7206 -0.6564 -0.2235
vn 0.9028 -0.3192 -0.2881
vn 0.8902 -0.3449 -0.2977
vn 0.6516 -0.7059 -0.2777
vn 0.9028 -0.3192 -0.2881
vn 0.7206 -0.6564 -0.2235
vn 0.7346 -0.5806 -0.351
vn 0.8522 -0.3026 -0.4268
vn 0.3559 -0.9296 -0.0956
vn 0.7206 -0.6564 -0.2235
vn 0.6516 -0.7059 -0.2777
vn 0.2782 -0.9368 -0.2121
vn 0.3559 -0.9296 -0.0956
vn 0.4206 -0.8773 -0.2311
vn 0.7346 -0.5806 -0.351
vn 0.7206 -0.6564 -0.2235
vn 0.6754 -0.2998 -0.6737
vn 0.8522 -0.3026 -0.4268
vn 0.7346 -0.5806 -0.351
vn 0.5851 -0.499 -0.6393
vn 0.5851 -0.499 -0.6393
vn 0.7346 -0.5806 -0.351
vn 0.4206 -0.8773 -0.2311
vn 0.3365 -0.7233 -0.6031
vn 0.3365 -0.7233 -0.6031
vn 0.4206 -0.8773 -0.2311
vn 0.059 -0.992 -0.1115
vn 0.0842 -0.8183 -0.5685
vn -0.021 -0.9997 0.0126
vn 0.059 -0.992 -0.1115
vn 0.4206 -0.8773 -0.2311
vn 0.3559 -0.9296 -0.0956
vn 0.5851 -0.499 -0.6393
vn 0.3365 -0.7233 -0.6031
vn 0.1203 -0.3994 -0.9088
vn 0.2039 -0.3578 -0.9113
vn 0.3365 -0.7233 -0.6031
vn 0.0842 -0.8183 -0.5685
vn 0.0446 -0.427 -0.9031
vn 0.1203 -0.3994 -0.9088
vn -0.4592 0.8883 -0
vn -0.4369 0.8995 -0
vn -0.8428 0.5382 -0
vn -0.8759 0.4824 -0
vn -0.1549 0.9879 -0
vn -0.1529 0.9882 -0
vn -0.4369 0.8995 -0
vn -0.4592 0.8883 -0
vn 0.1331 -0.5152 -0.8467
vn 0.1302 -0.5141 -0.8478
vn 0.0608 -0.4778 -0.8764
vn 0.0605 -0.4769 -0.8769
vn 0.0605 -0.4769 -0.8769
vn 0.0608 -0.4778 -0.8764
vn 0.0318 -0.3777 -0.9254
vn 0.0318 -0.3777 -0.9254
vn 0.8401 0.5425 -0
vn 0.8061 0.5917 -0
vn 0.6304 0.7763 -0
vn 0.6972 0.7169 -0
vn 0.6972 0.7169 -0
vn 0.6304 0.7763 -0
vn 0.4258 0.9048 -0
vn 0.4581 0.8889 -0
vn 0.4581 0.8889 -0
vn 0.4258 0.9048 -0
vn 0.1587 0.9873 -0
vn 0.1745 0.9847 -0
vn 0.0318 -0.3777 -0.9254
vn 0.0318 -0.3777 -0.9254
vn 0.0197 -0.3538 -0.9351
vn 0.1745 0.9847 -0
vn 0.1587 0.9873 -0
vn -0.1529 0.9882 -0
vn -0.1549 0.9879 -0
vn 0.8903 0.4553 -0
vn 0.8693 0.4943 -0
vn 0.8061 0.5917 -0
vn 0.8401 0.5425 -0
vn 0.2172 -0.463 -0.8593
vn 0.2049 -0.4734 -0.8567
vn 0.1302 -0.5141 -0.8478
vn 0.1331 -0.5152 -0.8467
vn 0.2465 -0.4352 -0.8659
vn 0.2474 -0.4322 -0.8672
vn 0.2049 -0.4734 -0.8567
vn 0.2172 -0.463 -0.8593
vn 0.2456 -0.4384 -0.8646
vn 0.9949 0.1013 -0
vn 0.9422 0.335 -0
vn 0.8693 0.4943 -0
vn 0.8903 0.4553 -0
vn -0.8759 0.4824 -0
vn -0.8428 0.5382 -0
vn -0.9817 0.1904 -0
vn -0.9912 0.1324 -0
vn -0.9912 0.1324 -0
vn -0.9817 0.1904 -0
vn -0.9961 -0.0883 -0
vn -0.9749 -0.2227 -0
vn -0.9749 -0.2227 -0
vn -0.9961 -0.0883 -0
vn 0.0559 -0.9984 -0
vn 0.0841 -0.9965 -0
vn 0.2791 -0.3041 -0.9108
vn 0.2791 -0.3041 -0.9108
vn 0.2474 -0.4322 -0.8672
vn 0.2465 -0.4352 -0.8659
vn 0.1331 -0.9911 -0
vn 0.1214 -0.9926 -0
vn 0.7287 -0.6848 -0
vn 0.6799 -0.7333 -0
vn 0.6799 -0.7333 -0
vn 0.7287 -0.6848 -0
vn 0.9422 0.335 -0
vn 0.9949 0.1013 -0
vn 0.0841 -0.9965 -0
vn 0.0559 -0.9984 -0
vn 0.1214 -0.9926 -0
vn 0.1331 -0.9911 -0
vn 0.2941 -0.4058 -0.8653
vn 0.2909 -0.4382 -0.8505
vn 0.2831 -0.6096 -0.7404
vn 0.2944 -0.534 -0.7926
vn 0.6754 -0.2998 -0.6737
vn 0.5851 -0.499 -0.6393
vn 0.2039 -0.3578 -0.9113
vn 0.2981 -0.2984 -0.9067
vn -0.021 -0.9997 0.0126
vn 0.3559 -0.9296 -0.0956
vn 0.2782 -0.9368 -0.2121
vn -0.0425 -0.9889 -0.1425
vn 0.2831 -0.6096 -0.7404
vn 0.2688 -0.6806 -0.6816
vn 0.2848 -0.6571 -0.698
vn 0.2944 -0.534 -0.7926
vn -0.1021 -0.7235 -0.6828
vn -0.415 -0.5564 -0.7199
vn -0.3875 -0.5345 -0.7511
vn -0.083 -0.527 -0.8458
vn -0.083 -0.527 -0.8458
vn -0.3875 -0.5345 -0.7511
vn -0.3803 -0.495 -0.7812
vn -0.083 -0.527 -0.8458
vn -0.3803 -0.495 -0.7812
vn -0.2909 -0.4382 -0.8505
vn -0.2831 -0.6096 -0.7404
vn -0.252 -0.6192 -0.7437
vn -0.083 -0.527 -0.8458
vn -0.2831 -0.6096 -0.7404
vn -0.2688 -0.6806 -0.6816
vn -0.1939 0.981 -0
vn 0.0938 0.9956 -0
vn 0.0966 0.9953 -0
vn -0.1939 0.981 -0
vn 0.0938 0.9956 -0
vn 0.124 0.9923 -0
vn 0.138 0.9904 -0
vn 0.0966 0.9953 -0
vn 0.124 0.9923 -0
vn 0.5761 0.8174 -0
vn 0.5761 0.8174 -0
vn 0.138 0.9904 -0
vn -0.2848 -0.6571 -0.698
vn -0.2943 -0.534 -0.7926
vn -0.689 -0.2377 -0.6847
vn -0.375 -0.2544 -0.8914
vn -0.2831 -0.6096 -0.7404
vn -0.2943 -0.534 -0.7926
vn -0.2848 -0.6571 -0.698
vn -0.2688 -0.6806 -0.6816
vn -0.3439 -0.2702 -0.8993
vn -0.689 -0.2377 -0.6847
vn -0.2943 -0.534 -0.7926
vn -0.2941 -0.4058 -0.8653
vn -0.2941 -0.4058 -0.8653
vn -0.2943 -0.534 -0.7926
vn -0.2831 -0.6096 -0.7404
vn -0.2909 -0.4382 -0.8505
vn -0.0841 -0.9965 -0
vn -0.1331 -0.9911 -0
vn -0.1214 -0.9926 -0
vn -0.0559 -0.9984 -0
vn 0.9749 -0.2227 -0
vn -0.0841 -0.9965 -0
vn -0.0559 -0.9984 -0
vn 0.9961 -0.0883 -0
vn -0.2791 -0.3041 -0.9108
vn -0.2465 -0.4352 -0.8659
vn -0.2474 -0.4322 -0.8672
vn -0.2791 -0.3041 -0.9108
vn 0.9912 0.1323 -0
vn 0.9749 -0.2227 -0
vn 0.9961 -0.0883 -0
vn 0.9817 0.1904 -0
vn -0.2474 -0.4322 -0.8672
vn -0.2465 -0.4352 -0.8659
vn -0.2456 -0.4384 -0.8646
vn -0.2172 -0.4631 -0.8593
vn -0.2049 -0.4734 -0.8567
vn -0.1331 -0.9911 -0
vn -0.6799 -0.7333 -0
vn -0.7287 -0.6848 -0
vn -0.1214 -0.9926 -0
vn -0.6799 -0.7333 -0
vn -0.9949 0.1013 -0
vn -0.9422 0.335 -0
vn -0.7287 -0.6848 -0
vn -0.9949 0.1013 -0
vn -0.8903 0.4553 -0
vn -0.8693 0.4943 -0
vn -0.9422 0.335 -0
vn -0.8903 0.4553 -0
vn -0.8401 0.5425 -0
vn -0.8061 0.5917 -0
vn -0.8693 0.4943 -0
vn -0.2049 -0.4734 -0.8567
vn -0.2172 -0.4631 -0.8593
vn -0.1331 -0.5152 -0.8467
vn -0.1302 -0.5141 -0.8478
vn -0.8401 0.5425 -0
vn -0.6972 0.7169 -0
vn -0.6304 0.7763 -0
vn -0.8061 0.5917 -0
vn -0.1302 -0.5141 -0.8478
vn -0.1331 -0.5152 -0.8467
vn -0.0605 -0.4769 -0.8769
vn -0.0608 -0.4778 -0.8764
vn 0.4592 0.8883 -0
vn 0.8759 0.4824 -0
vn 0.8428 0.5382 -0
vn 0.4369 0.8995 -0
vn 0.8759 0.4824 -0
vn 0.9912 0.1323 -0
vn 0.9817 0.1904 -0
vn 0.8428 0.5382 -0
vn 0.1549 0.9879 -0
vn 0.4592 0.8883 -0
vn 0.4369 0.8995 -0
vn 0.1529 0.9882 -0
vn -0.0608 -0.4778 -0.8764
vn -0.0605 -0.4769 -0.8769
vn -0.0318 -0.3777 -0.9254
vn -0.0318 -0.3777 -0.9254
vn -0.1745 0.9847 -0
vn 0.1549 0.9879 -0
vn 0.1529 0.9882 -0
vn -0.1587 0.9873 -0
vn -0.0318 -0.3777 -0.9254
vn -0.0318 -0.3777 -0.9254
vn -0.0197 -0.3538 -0.9351
vn -0.4581 0.8889 -0
vn -0.1745 0.9847 -0
vn -0.1587 0.9873 -0
vn -0.4258 0.9048 -0
vn -0.6972 0.7169 -0
vn -0.4581 0.8889 -0
vn -0.4258 0.9048 -0
vn -0.6304 0.7763 -0
vn 0.1053 -0.8301 -0.5476
vn 0.0077 -0.4461 -0.895
vn 0.0392 -0.4776 -0.8777
vn 0.3385 -0.7813 -0.5243
vn 0.0392 -0.4776 -0.8777
vn -0.1034 -0.5504 -0.8285
vn 0.3691 -0.8119 -0.4524
vn 0.3385 -0.7813 -0.5243
vn -0.0842 -0.8183 -0.5685
vn -0.0446 -0.427 -0.9031
vn 0.0077 -0.4461 -0.895
vn 0.1053 -0.8301 -0.5476
vn 0.3691 -0.8119 -0.4524
vn -0.1034 -0.5504 -0.8285
vn -0.3593 -0.5841 -0.7278
vn 0.0657 -0.8775 -0.4751
vn -0.3364 -0.7233 -0.6031
vn -0.1203 -0.3994 -0.9088
vn -0.0446 -0.427 -0.9031
vn -0.0842 -0.8183 -0.5685
vn -0.5851 -0.499 -0.6393
vn -0.2039 -0.3578 -0.9113
vn -0.1203 -0.3994 -0.9088
vn -0.3364 -0.7233 -0.6031
vn -0.6754 -0.2999 -0.6737
vn -0.2981 -0.2984 -0.9067
vn -0.2039 -0.3578 -0.9113
vn -0.5851 -0.499 -0.6393
vn -0.689 -0.2377 -0.6847
vn -0.3439 -0.2702 -0.8993
vn -0.2981 -0.2984 -0.9067
vn -0.6754 -0.2999 -0.6737
vn 0.0657 -0.8775 -0.4751
vn -0.3593 -0.5841 -0.7278
vn -0.415 -0.5564 -0.7199
vn -0.1021 -0.7235 -0.6828
vt -0 0
vt 2e-05 1
vt 1 1
vt 1 0
vt -0 0
vt 1 0
vt 1 1
vt 2e-05 1
vt 0 1
vt 1 1
vt 1 0
vt -0 0
vt 0 1
vt 1 1
vt 1 0
vt -0 0
vt 0 1
vt 1 1
vt 1 0
vt 0 1
vt 1 1
vt 1 0
vt -0 0
vt 0 1
vt 1 1
vt 1 0
vt -0 0
vt 0 1
vt 1 1
vt 1 0
vt -0 0
vt 0 1
vt 1 1
vt 1 0
vt -0 0
vt 0 1
vt 1 1
vt 1 0
vt -0 0
vt 0 1
vt 1 1
vt 1 0
vt -0 0
vt 0 1
vt 1 1
vt 1 0
vt -0 0
vt 0 1
vt 1 1
vt 1 0
vt -0 0
vt 0 1
vt 1 1
vt 1 0
vt -0 0
vt 0 1
vt 1 1
vt 1 0
vt 0 1
vt 1 1
vt 1 0
vt -0 0
vt 0 1
vt 1 1
vt 1 0
vt -0 0
vt 0 0.486901
vt 1 0.486901
vt 1 0
vt -0 0
vt 0 1
vt 1 1
vt 1 0.486901
vt 0 0.486901
vt 0 1
vt 1 1
vt 1 0
vt -0 0
vt 0 1
vt 1 1
vt 1 0
vt -0 0
vt 0 1
vt 1 1
vt 1 0
vt -0 0
vt 0.486901 0
vt 0.486901 1
vt 1 1
vt 1 0
vt 0 1
vt 1 1
vt 1 0
vt -0 0
vt 0 1
vt 1 1
vt 1 0
vt -0 0
vt 0 1
vt 1 1
vt 1 0
vt -0 0
vt 0 1
vt 1 1
vt 1 0
vt -0 0
vt 0 1
vt 1 1
vt 1 0
vt -0 0
vt 0 1
vt 1 1
vt 1 0
vt -0 0
vt 0 1
vt 1 1
vt 1 0
vt -0 0
vt 0 1
vt 1 1
vt 1 0
vt -0 0
vt 0 1
vt 1 1
vt 1 0
vt -0 0
vt 0 1
vt 1 1
vt 1 0
vt -0 0
vt 0 1
vt 1 1
vt 1 0
vt -0 0
vt 0 1
vt 1 1
vt 1 0
vt -0 0
vt 0 1
vt 1 1
vt 1 0
vt -0 0
vt 0 1
vt 1 1
vt 1 0
vt -0 0
vt 0 1
vt 1 1
vt 1 0
vt -0 0
vt 0 1
vt 1 1
vt 1 0
vt -0 0
vt 0 1
vt 1 1
vt 1 0
vt -0 0
vt 0 1
vt 1 1
vt 1 0.657704
vt 0 0.657704
vt 0 1
vt 1 1
vt 1 0
vt -0 0
vt 0 1
vt 1 1
vt 1 0
vt -0 0
vt 0 0.657704
vt 1 0.657704
vt 1 0.498121
vt 0 0.498121
vt 0 0.501879
vt 1 0.501879
vt 1 0.342296
vt 0 0.342296
vt 0 0.342296
vt 1 0.342296
vt 1 0
vt -0 0
vt 0 1
vt 1 1
vt 1 0
vt -0 0
vt 0 1
vt 1 1
vt 1 0
vt -0 0
vt 0 1
vt 1 1
vt 1 0
vt -0 0
vt 0 1
vt 1 1
vt 1 0
vt -0 0
vt 0 1
vt 1 1
vt 1 0
vt -0 0
vt 0 1
vt 1 1
vt 1 0.501879
vt 0 0.501879
vt 0 0.498121
vt 1 0.498121
vt 1 0
vt -0 0
vt 0 0.479417
vt 1 0.479417
vt 1 0
vt -0 0
vt 0 1
vt 1 1
vt 1 0.479417
vt 0 0.479417
vt 0 1
vt 1 1
vt 1 0
vt -0 0
vt 0 1
vt 1 1
vt 1 0
vt -0 0
vt 0 1
vt 1 1
vt 1 0
vt -0 0
vt 0 1
vt 1 1
vt 1 0
vt -0 0
vt 0 1
vt 1 1
vt 1 0
vt -0 0
vt 0 1
vt 1 1
vt 1 0
vt -0 0
vt 0 1
vt 1 1
vt 1 0
vt -0 0
vt 0 1
vt 1 1
vt 1 0
vt -0 0
vt 0 1
vt 1 1
vt 1 0
vt -0 0
vt 0 1
vt 1 1
vt 1 0
vt -0 0
vt 0 1
vt 1 1
vt 1 0
vt -0 0
vt 0 1
vt 1 1
vt 1 0
vt -0 0
vt 0 1
vt 1 1
vt 1 0
vt -0 0
vt 0 1
vt 1 1
vt 1 0
vt -0 0
vt 0 1
vt 1 1
vt 1 0
vt -0 0
vt 0.486901 0
vt 0.486901 1
vt 1 1
vt 1 0
vt 0.486901 0
vt 0.486901 1
vt 1 1
vt 1 0
vt 0 1
vt 0.486901 1
vt 0.486901 0
vt -0 0
vt 0 1
vt 0.486901 1
vt 0.486901 0
vt -0 0
vt 0 1
vt 0.486901 1
vt 0.486901 0
vt -0 0
vt 0 1
vt 1 1
vt 1 0
vt -0 0
vt 0 1
vt 1 1
vt 1 0
vt -0 0
vt 0 0.660085
vt 1 0.660085
vt 1 0.525581
vt 0 0.525581
vt 0 0.525581
vt 1 0.525581
vt 1 0.410756
vt 0 0.410756
vt 0 0.410756
vt 1 0.410756
vt 1 0.301349
vt 0 0.301349
vt 0 0.493917
vt 1 0.493917
vt 1 0.38601
vt 0 0.38601
vt 0 0.38601
vt 1 0.38601
vt 1 0.283194
vt 0 0.283194
vt 0 0.301349
vt 1 0.301349
vt 1 0.217098
vt 0 0.217098
vt 0 0.283194
vt 1 0.283194
vt 1 0.204019
vt 0 0.204019
vt 0 0.217098
vt 1 0.217098
vt 1 0.131479
vt 0 0.131479
vt 0 0.204019
vt 1 0.204019
vt 1 0.123558
vt 0 0.123558
vt 0 1
vt 1 1
vt 1 0
vt -0 0
vt 0 1
vt 1 1
vt 1 0
vt -0 0
vt 0 1
vt 1 1
vt 1 0
vt 0 6.97374e-06
vt 0 1
vt 1 1
vt 1 2.00272e-05
vt -0 0
vt 0 1
vt 0 6.97374e-06
vt 1 0
vt 1 1
vt 0 1
vt -0 0
vt 1 2.00272e-05
vt 1 1
vt 0 1
vt -0 0
vt 1 0
vt 1 1
vt 0 1
vt -0 0
vt 1 0
vt 1 1
vt 0 1
vt -0 0
vt 1 0
vt 1 1
vt 0 0.204019
vt 0 0.123558
vt 1 0.123558
vt 1 0.204019
vt 0 1
vt -0 0
vt 1 0
vt 1 1
vt 0 1
vt 1 0
vt 1 1
vt 0 1
vt -0 0
vt 1 0
vt 1 1
vt 0 1
vt -0 0
vt 1 0
vt 1 1
vt 0 1
vt -0 0
vt 1 0
vt 1 1
vt 0 1
vt -0 0
vt 1 0
vt 1 1
vt 0 1
vt -0 0
vt 1 0
vt 1 1
vt 0 1
vt 0 0.479417
vt 1 0.479417
vt 1 1
vt 0 1
vt -0 0
vt 1 0
vt 1 1
vt 0 0.479417
vt -0 0
vt 1 0
vt 1 0.479417
vt 0 1
vt -0 0
vt 1 0
vt 1 1
vt 0 1
vt -0 0
vt 1 0
vt 1 1
vt 0 1
vt 1 0
vt 1 1
vt 0 1
vt -0 0
vt 1 0
vt 1 1
vt 0 1
vt -0 0
vt 1 0
vt 1 1
vt 0 1
vt -0 0
vt 1 0
vt 1 1
vt 0 0.217098
vt 0 0.131479
vt 1 0.131479
vt 1 0.217098
vt 0 0.301349
vt 0 0.217098
vt 1 0.217098
vt 1 0.301349
vt 0 0.410756
vt 0 0.301349
vt 1 0.301349
vt 1 0.410756
vt 0 1
vt -0 0
vt 1 0
vt 1 1
vt 0 0.525581
vt 0 0.410756
vt 1 0.410756
vt 1 0.525581
vt 0 1
vt -0 0
vt 1 0
vt 1 1
vt 0 1
vt -0 0
vt 0.486901 0
vt 0.486901 1
vt 0 0.486901
vt -0 0
vt 1 0
vt 1 0.486901
vt 0.486901 0
vt 1 0
vt 1 1
vt 0.486901 1
vt 0 1
vt 0 0.486901
vt 1 0.486901
vt 1 1
vt 0 1
vt -0 0
vt 1 0
vt 1 1
vt 0 1
vt -0 0
vt 1 0
vt 1 1
vt 0 1
vt -0 0
vt 1 0
vt 1 1
vt 0 1
vt -0 0
vt 1 0
vt 1 1
vt 0 1
vt -0 0
vt 1 0
vt 1 1
vt 0 1
vt -0 0
vt 1 0
vt 1 1
vt 0 0.657704
vt 0 0.498121
vt 1 0.498121
vt 1 0.657704
vt 0 0.498121
vt -0 0
vt 1 0
vt 1 0.498121
vt 0 1
vt 0 0.657704
vt 1 0.657704
vt 1 1
vt 0 1
vt -0 0
vt 1 0
vt 1 1
vt 0 1
vt -0 0
vt 1 0
vt 1 1
vt 0 1
vt -0 0
vt 1 0
vt 1 1
vt 0 1
vt -0 0
vt 1 0
vt 1 1
vt 0 1
vt -0 0
vt 1 0
vt 1 1
vt 0 1
vt -0 0
vt 1 0
vt 1 1
vt 0 1
vt -0 0
vt 1 0
vt 1 1
vt 0 1
vt -0 0
vt 1 0
vt 1 1
vt 0 1
vt -0 0
vt 1 0
vt 1 1
vt 0 1
vt -0 0
vt 1 0
vt 1 1
vt 0 1
vt -0 0
vt 1 0
vt 1 1
vt 0 1
vt -0 0
vt 1 0
vt 1 1
vt 0 1
vt -0 0
vt 1 0
vt 1 1
vt 0 1
vt -0 0
vt 1 0
vt 1 1
vt 0 1
vt -0 0
vt 1 0
vt 1 1
vt 0 1
vt -0 0
vt 1 0
vt 1 1
vt 0 1
vt -0 0
vt 1 0
vt 1 1
vt 0 1
vt -0 0
vt 1 0
vt 1 1
vt 0 1
vt -0 0
vt 1 0
vt 1 1
vt 0 1
vt -0 0
vt 1 0
vt 1 1
vt 0 1
vt -0 0
vt 1 0
vt 1 1
vt 0 0.342296
vt -0 0
vt 1 0
vt 1 0.342296
vt 0 1
vt -0 0
vt 1 0
vt 1 1
vt 0 1
vt -0 0
vt 1 0
vt 1 1
vt 0 0.501879
vt 0 0.342296
vt 1 0.342296
vt 1 0.501879
vt 0 1
vt -0 0
vt 1 0
vt 1 1
vt 0 1
vt -0 0
vt 1 0
vt 1 1
vt 0 1
vt -0 0
vt 1 0
vt 1 1
vt 0 1
vt 0 0.501879
vt 1 0.501879
vt 1 1
vt 0 1
vt -0 0
vt 1 0
vt 1 1
vt 0 1
vt -0 0
vt 1 0
vt 1 1
vt 0 1
vt -0 0
vt 1 0
vt 1 1
vt 0 1
vt -0 0
vt 1 0
vt 1 1
vt 0 1
vt -0 0
vt 1 0
vt 1 1
vt 0 1
vt -0 0
vt 1 0
vt 1 1
vt 0 1
vt -0 0
vt 1 0
vt 1 1
vt 0 1
vt -0 0
vt 1 0
vt 1 1
vt 0 1
vt -0 0
vt 1 0
vt 1 1
vt 0 1
vt -0 0
vt 1 0
vt 1 1
vt 0 1
vt -0 0
vt 1 0
vt 1 1
vt 0 1
vt -0 0
vt 1 0
vt 1 1
vt 0 1
vt -0 0
vt 1 0
vt 1 1
vt 0 1
vt -0 0
vt 1 0
vt 1 1
vt 0 1
vt -0 0
vt 1 0
vt 1 1
vt 0 1
vt -0 0
vt 1 0
vt 1 1
vt 0 1
vt -0 0
vt 1 0
vt 1 1
vt 0 1
vt -0 0
vt 1 0
vt 1 1
vt 0 1
vt -0 0
vt 1 0
vt 1 1
vt 0 1
vt -0 0
vt 1 0
vt 1 1
vt 0 1
vt -0 0
vt 1 0
vt 1 1
vt 0 1
vt -0 0
vt 1 0
vt 1 1
vt 0 1
vt -0 0
vt 1 0
vt 1 1
vt 0 1
vt -0 0
vt 1 0
vt 1 1
vt 0 1
vt -0 0
vt 1 0
vt 1 1
vt 0 1
vt 0 0.486901
vt 1 0.486901
vt 1 1
vt 0 0.513099
vt -0 0
vt 1 0
vt 1 0.513099
vt 0 0.486901
vt -0 0
vt 1 0
vt 1 0.486901
vt 0 1
vt 0 0.513099
vt 1 0.513099
vt 1 1
vt 0 1
vt -0 0
vt 0.486901 0
vt 0.486901 1
vt 0.486901 0
vt 1 0
vt 1 1
vt 0.486901 1
vt 0 1
vt -0 0
vt 0.486901 0
vt 0.486901 1
vt 0.486901 0
vt 1 0
vt 1 1
vt 0.486901 1
vt 0 1
vt -0 0
vt 0.486901 0
vt 0.486901 1
vt 0.486901 0
vt 1 0
vt 1 1
vt 0.486901 1
vt 0 1
vt -0 0
vt 1 0
vt 1 1
vt 0 1
vt -0 0
vt 1 0
vt 1 1
vt 0 0.660085
vt 0 0.525581
vt 1 0.525581
vt 1 0.660085
vt 0 0.792176
vt 0 0.660085
vt 1 0.660085
vt 1 0.792176
vt 0 0.904938
vt 0 0.792176
vt 1 0.792176
vt 1 0.904938
vt 0 1
vt -0 0
vt 1 0
vt 1 1
vt 0 1
vt 0 0.904938
vt 1 0.904938
vt 1 1
vt 0 1
vt -0 0
vt 1 0
vt 1 1
vt 0 1
vt -0 0
vt 1 0
vt 1 1
vt 0 1
vt -0 0
vt 1 0
vt 1 1
vt 0 1
vt -0 0
vt 1 0
vt 1 1
vt 0 1
vt 0 0.939755
vt 1 0.939755
vt 1 1
vt 0 0.939755
vt 0 0.85042
vt 1 0.85042
vt 1 0.939755
vt 0 0.941417
vt 0 0.853003
vt 1 0.853003
vt 1 0.941417
vt 0 1
vt 0 0.941417
vt 1 0.941417
vt 1 1
vt 0 1
vt -0 0
vt 1 0
vt 1 1
vt 0 0.85042
vt 0 0.744451
vt 1 0.744451
vt 1 0.85042
vt 0 0.744451
vt 0 0.620318
vt 1 0.620318
vt 1 0.744451
vt 0 1
vt -0 0
vt 1 0
vt 1 1
vt 0 1
vt -0 0
vt 1 0
vt 1 1
vt 0 1
vt -0 0
vt 1 0
vt 1 1
vt 0 1
vt 1 1
vt 1 0
vt -0 0
vt 0 1
vt 1 1
vt 1 0
vt -0 0
vt 0 1
vt 1 1
vt 1 0
vt -0 0
vt 0 1
vt 1 1
vt 1 0
vt -0 0
vt 0 1
vt 1 1
vt 1 0
vt -0 0
vt 0 1
vt 1 1
vt 1 0
vt -0 0
vt 0 1
vt 1 1
vt 1 0
vt -0 0
vt 0 1
vt 1 1
vt 1 -9.53674e-07
vt 1 0
vt -0 0
vt 0 1
vt -0 0
vt 1 0
vt 1 1
vt 0 1
vt -0 0
vt 1 0
vt 1 -9.53674e-07
vt 1 1
vt 0 1
vt 0 -9.53674e-07
vt 1 6.97374e-06
vt 1 1
vt 0 1
vt 1 1
vt 1 6.97374e-06
vt 0 -9.53674e-07
vt 0 1
vt -0 0
vt 1 0
vt 1 1
vt 0 1
vt -0 0
vt 1 0
vt 1 1
vt 0 0.493917
vt 0 0.38601
vt 1 0.38601
vt 1 0.493917
vt 0 0.38601
vt 0 0.283194
vt 1 0.283194
vt 1 0.38601
vt 0 0.283194
vt 0 0.204019
vt 1 0.204019
vt 1 0.283194
vt 0 1
vt -0 0
vt 1 0
vt 1 1
vt 0 0.620318
vt 0 0.493917
vt 1 0.493917
vt 1 0.620318
vt 0 1
vt 1 1
vt 1 0
vt -0 0
vt 0 0.620318
vt 1 0.620318
vt 1 0.493917
vt 0 0.493917
vt 0 0.744451
vt 1 0.744451
vt 1 0.620318
vt 0 0.620318
vt 0 0.792176
vt 1 0.792176
vt 1 0.660085
vt 0 0.660085
vt 0 0.85042
vt 1 0.85042
vt 1 0.744451
vt 0 0.744451
vt 0 0.904938
vt 1 0.904938
vt 1 0.792176
vt 0 0.792176
vt 0 1
vt 1 1
vt 1 0
vt -0 0
vt 0 1
vt 1 1
vt 1 0
vt -0 0
vt 0 1
vt 0.486901 1
vt 0.486901 0
vt -0 0
vt 0 1
vt 1 1
vt 1 0.513099
vt 0 0.513099
vt 0 1
vt 1 1
vt 1 0
vt -0 0
vt 0 0.513099
vt 1 0.513099
vt 1 0
vt -0 0
vt 0.486901 0
vt 0.486901 1
vt 1 1
vt 1 0
vt 0 1
vt 1 1
vt 1 0
vt -0 0
vt 0 1
vt 1 1
vt 1 0
vt -0 0
vt 0 1
vt 1 1
vt 1 0
vt -0 0
vt 0 1
vt 1 1
vt 1 0.486901
vt 0 0.486901
vt 0 0.495601
vt -0 0
vt 1 0
vt 1 0.495601
vt 0 1
vt 0 0.757727
vt 1 0.757727
vt 1 1
vt 1 0.757727
vt 0 0.757727
vt 0 0.527824
vt 1 0.527824
vt 0 0.486901
vt 1 0.486901
vt 1 0
vt -0 0
vt 0 0.527824
vt -0 0
vt 1 0
vt 1 0.527824
vt 0 1
vt 1 1
vt 1 0
vt -0 0
vt 0 1
vt 0 0.402232
vt 1 0.402232
vt 1 1
vt 0 1
vt 1 1
vt 1 0
vt -0 0
vt 0 1
vt 1 1
vt 1 0
vt -0 0
vt 0 1
vt 1 1
vt 1 0.904938
vt 0 0.904938
vt 0 1
vt 1 1
vt 1 0.939755
vt 0 0.939755
vt 0 0.939755
vt 1 0.939755
vt 1 0.85042
vt 0 0.85042
vt 0 1
vt 1 1
vt 1 0.941417
vt 0 0.941417
vt 0 0.941417
vt 1 0.941417
vt 1 0.853003
vt 0 0.853003
vt 0 1
vt 1 1
vt 1 0.941314
vt 0 0.941314
vt 0 0.941314
vt 1 0.941314
vt 1 0.843925
vt 0 0.843925
vt 0 1
vt 0 0.941314
vt 1 0.941314
vt 1 1
vt 0 0.941314
vt 0 0.843925
vt 1 0.843925
vt 1 0.941314
vt 0 1
vt 1 1
vt 1 0
vt -0 0
vt 0 1
vt -0 0
vt 1 0
vt 1 1
vt 0 1
vt -0 0
vt 1 0
vt 1 1
vt 0 0.266576
vt 1 0.266576
vt 1 0
vt -0 0
vt 0 0.561352
vt 1 0.561352
vt 1 0.266576
vt 0 0.266576
vt 0 0.770769
vt 1 0.770769
vt 1 0.561352
vt 0 0.561352
vt 0 1
vt -0 0
vt 1 0
vt 1 1
vt 0 1
vt -0 0
vt 1 0
vt 1 1
vt 0 1
vt 1 1
vt 1 0.770769
vt 0 0.770769
vt 0 1
vt 1 1
vt 1 0.770769
vt 0 0.770769
vt 0 0.770769
vt 1 0.770769
vt 1 0.561352
vt 0 0.561352
vt 0 1
vt 1 1
vt 1 0.770769
vt 0 0.770769
vt 0 0.770769
vt 1 0.770769
vt 1 0.561352
vt 0 0.561352
vt 0 0.561352
vt 1 0.561352
vt 1 0.266576
vt 0 0.266576
vt 0 0.561352
vt 1 0.561352
vt 1 0.266576
vt 0 0.266576
vt 0 0.266576
vt 1 0.266576
vt 1 0
vt -0 0
vt 0 0.266576
vt -0 0
vt 1 0
vt 1 0.266576
vt 0 0.561352
vt 0 0.266576
vt 1 0.266576
vt 1 0.561352
vt 0 0.770769
vt 0 0.561352
vt 1 0.561352
vt 1 0.770769
vt 0 1
vt 0 0.770769
vt 1 0.770769
vt 1 1
vt 0 1
vt 0 0.770769
vt 1 0.770769
vt 1 1
vt 0 1
vt 0 0.770769
vt 1 0.770769
vt 1 1
vt 0 0.402232
vt -0 0
vt 1 0
vt 1 0.402232
vt 0 0.5
vt 1 0
vt 1 1
vt 0 1
vt -0 0
vt 1 0
vt 1 1
vt 0 0.512139
vt -0 0
vt 1 0
vt 1 0.756069
vt 0 0.770769
vt 0 0.561352
vt 1 0.561352
vt 1 0.770769
vt 0 0.770769
vt 0 0.561352
vt 1 0.561352
vt 1 0.770769
vt 0 0.561352
vt 0 0.266576
vt 1 0.266576
vt 1 0.561352
vt 0 0.561352
vt 0 0.266576
vt 1 0.266576
vt 1 0.561352
vt 0 1
vt 1 1
vt 1 0
vt -0 0
vt 0 1
vt 1 1
vt 1 0
vt -0 0
vt 0 0.266576
vt -0 0
vt 1 0
vt 1 0.266576
vt 0 0.266576
vt -0 0
vt 1 0
vt 1 0.266576
vt 0 0.266576
vt 1 0.266576
vt 1 0
vt -0 0
vt 0 1
vt 1 1
vt 1 0
vt -0 0
vt 0 1
vt -0 0
vt 1 0
vt 1 1
vt 0 1
vt -0 0
vt 1 0
vt 1 1
vt 0 1
vt -0 0
vt 1 0
vt 1 1
vt 0 1
vt -0 0
vt 1 0
vt 1 1
vt 0 1
vt -0 0
vt 1 0
vt 1 1
vt 0 1
vt 0 0.5414
vt 1 0.5414
vt 1 1
vt 0 1
vt 1 1
vt 1 0
vt -0 0
vt 0 1
vt 1 1
vt 1 0
vt -0 0
vt 0 1
vt 1 1
vt 1 0
vt -0 0
vt 0 1
vt 1 1
vt 1 0
vt -0 0
vt 0 1
vt 1 1
vt 1 0
vt -0 0
vt 0 1
vt 1 1
vt 1 0
vt -0 0
vt 0 1
vt 1 1
vt 1 0
vt -0 0
vt 0 1
vt 1 1
vt 1 0
vt -0 0
vt 0 1
vt 1 1
vt 1 0
vt -0 0
vt 0 1
vt 1 1
vt 1 0
vt -0 0
vt 0 1
vt 1 1
vt 1 0
vt -0 0
vt 0 1
vt 1 1
vt 1 0
vt -0 0
vt 0 1
vt -0 0
vt 1 0
vt 1 1
vt 0 1
vt 0 0.495601
vt 1 0.495601
vt 1 1
vt 0 1
vt -0 0
vt 1 0
vt 1 1
vt 0 1
vt -0 0
vt 1 0
vt 1 1
vt 1 0
vt 1 0
vt 1 0
vt 1 0
vt 1 0
vt 1 0
vt 1 0
vt 1 0
vt 0 1
vt -0 0
vt 1 0
vt 1 1
vt 0 1
vt -0 0
vt 1 0
vt 1 1
vt 0 1
vt -0 0
vt 1 0
vt 1 1
vt 1 0
vt 1 0
vt 1 0
vt 0 1
vt -0 0
vt 1 0
vt 1 1
vt 0 1
vt -0 0
vt 1 0
vt 1 1
vt 1 0
vt 1 0
vt 1 0
vt 1 0
vt 1 0
vt 1 0
vt 1 0
vt 1 0
vt 1 0
vt 0 1
vt -0 0
vt 1 0
vt 1 1
vt 0 1
vt -0 0
vt 1 0
vt 1 1
vt 0 1
vt -0 0
vt 1 0
vt 1 1
vt 0 1
vt -0 0
vt 1 0
vt 1 1
vt 1 0
vt 1 0
vt 1 0
vt 1 0
vt 0 1
vt -0 0
vt 1 0
vt 1 1
vt 0 1
vt -0 0
vt 1 0
vt 1 1
vt 0 1
vt -0 0
vt 1 0
vt 1 1
vt 0 1
vt -0 0
vt 0.484947 0
vt 0.484947 1
vt 0 0.5414
vt -0 0
vt 1 0
vt 1 0.5414
vt 0 1
vt 1 1
vt 1 0
vt -0 0
vt 0.484947 0
vt 1 0
vt 1 1
vt 0.484947 1
vt 0 0.402232
vt 1 0.402232
vt 1 0
vt -0 0
vt 0 0.5
vt 1 1
vt 1 0
vt 0 1
vt 1 1
vt 1 0
vt -0 0
vt 0 0.512139
vt 1 0.756069
vt 1 0
vt -0 0
vt 0 1
vt 1 1
vt 1 0
vt -0 0
vt 0 1
vt 1 1
vt 1 0
vt -0 0
vt 0 1
vt 1 1
vt 1 0
vt -0 0
vt 0 1
vt 1 1
vt 1 0
vt -0 0
vt 0.484947 0
vt 0.484947 1
vt 1 1
vt 1 0
vt 0 1
vt 1 1
vt 1 0
vt -0 0
vt 0 1
vt 0.484947 1
vt 0.484947 0
vt -0 0
vt 0 1
vt 1 1
vt 1 0
vt -0 0
vt 0 1
vt 1 1
vt 1 0
vt -0 0
vt -0 0
vt -0 0
vt -0 0
vt -0 0
vt 0 1
vt 1 1
vt 1 0
vt -0 0
vt -0 0
vt -0 0
vt -0 0
vt -0 0
vt -0 0
vt 0 1
vt 1 1
vt 1 0
vt -0 0
vt 0 1
vt 1 1
vt 1 0
vt -0 0
vt 0 1
vt 1 1
vt 1 0
vt -0 0
vt 0 1
vt 1 1
vt 1 0
vt -0 0
vt -0 0
vt -0 0
vt -0 0
vt -0 0
vt 0 1
vt 1 1
vt 1 0
vt -0 0
vt -0 0
vt -0 0
vt -0 0
vt -0 0
vt 0 1
vt 1 1
vt 1 0
vt -0 0
vt 0 1
vt 1 1
vt 1 0
vt -0 0
vt 0 1
vt 1 1
vt 1 0
vt -0 0
vt -0 0
vt -0 0
vt -0 0
vt -0 0
vt 0 1
vt 1 1
vt 1 0
vt -0 0
vt -0 0
vt -0 0
vt -0 0
vt 0 1
vt 1 1
vt 1 0
vt -0 0
vt 0 1
vt 1 1
vt 1 0
vt -0 0
vt 0 1
vt 1 1
vt 1 0.757727
vt 0 0.757727
vt 1 0.757727
vt 1 0.527824
vt 0 0.527824
vt 0 0.757727
vt 0 0.495601
vt 1 0.495601
vt 1 0
vt -0 0
vt 0 0.527824
vt 1 0.527824
vt 1 0
vt -0 0
vt 0 1
vt 1 1
vt 1 0.495601
vt 0 0.495601
vt 0 1
vt 1 1
vt 1 0
vt -0 0
vt 0 0.5414
vt 1 0.5414
vt 1 0
vt -0 0
vt 0 1
vt 1 1
vt 1 0.5414
vt 0 0.5414
vt 0 1
vt 1 1
vt 1 0.402232
vt 0 0.402232
s off
f 1/1/1 2/2/2 3/3/3
f 1/1/1 3/3/3 4/4/4
f 5/5/5 6/6/6 7/7/7
f 5/5/5 7/7/7 8/8/8
f 9/9/9 10/10/10 11/11/11
f 9/9/9 11/11/11 12/12/12
f 13/13/13 14/14/14 15/15/15
f 13/13/13 15/15/15 16/16/16
f 17/17/17 18/18/18 19/19/19
f 20/20/20 21/21/21 22/22/22
f 20/20/20 22/22/22 23/23/23
f 24/24/24 25/25/25 26/26/26
f 24/24/24 26/26/26 27/27/27
f 28/28/28 29/29/29 30/30/30
f 28/28/28 30/30/30 31/31/31
f 32/32/32 33/33/33 34/34/34
f 32/32/32 34/34/34 35/35/35
f 36/36/36 37/37/37 38/38/38
f 36/36/36 38/38/38 39/39/39
f 40/40/40 41/41/41 42/42/42
f 40/40/40 42/42/42 43/43/43
f 44/44/44 45/45/45 46/46/46
f 44/44/44 46/46/46 47/47/47
f 48/48/48 49/49/49 50/50/50
f 48/48/48 50/50/50 51/51/51
f 52/52/52 53/53/53 54/54/54
f 52/52/52 54/54/54 55/55/55
f 56/56/56 57/57/57 58/58/58
f 59/59/59 60/60/60 61/61/61
f 59/59/59 61/61/61 62/62/62
f 63/63/63 64/64/64 65/65/65
f 63/63/63 65/65/65 66/66/66
f 67/67/67 68/68/68 69/69/69
f 67/67/67 69/69/69 70/70/70
f 71/71/71 72/72/72 73/73/73
f 71/71/71 73/73/73 74/74/74
f 75/75/75 76/76/76 77/77/77
f 75/75/75 77/77/77 78/78/78
f 79/79/79 80/80/80 81/81/81
f 79/79/79 81/81/81 82/82/82
f 83/83/83 84/84/84 85/85/85
f 83/83/83 85/85/85 86/86/86
f 87/87/87 88/88/88 89/89/89
f 87/87/87 89/89/89 90/90/90
f 91/91/91 92/92/92 93/93/93
f 91/91/91 93/93/93 94/94/94
f 95/95/95 96/96/96 97/97/97
f 95/95/95 97/97/97 98/98/98
f 99/99/99 100/100/100 101/101/101
f 99/99/99 101/101/101 102/102/102
f 103/103/103 104/104/104 105/105/105
f 103/103/103 105/105/105 106/106/106
f 107/107/107 108/108/108 109/109/109
f 107/107/107 109/109/109 110/110/110
f 111/111/111 112/112/112 113/113/113
f 111/111/111 113/113/113 114/114/114
f 115/115/115 116/116/116 117/117/117
f 115/115/115 117/117/117 118/118/118
f 119/119/119 120/120/120 121/121/121
f 119/119/119 121/121/121 122/122/122
f 123/123/123 124/124/124 125/125/125
f 123/123/123 125/125/125 126/126/126
f 127/127/127 128/128/128 129/129/129
f 127/127/127 129/129/129 130/130/130
f 131/131/131 132/132/132 133/133/133
f 131/131/131 133/133/133 134/134/134
f 135/135/135 136/136/136 137/137/137
f 135/135/135 137/137/137 138/138/138
f 139/139/139 140/140/140 141/141/141
f 139/139/139 141/141/141 142/142/142
f 143/143/143 144/144/144 145/145/145
f 143/143/143 145/145/145 146/146/146
f 147/147/147 148/148/148 149/149/149
f 147/147/147 149/149/149 150/150/150
f 151/151/151 152/152/152 153/153/153
f 151/151/151 153/153/153 154/154/154
f 155/155/155 156/156/156 157/157/157
f 155/155/155 157/157/157 158/158/158
f 159/159/159 160/160/160 161/161/161
f 159/159/159 161/161/161 162/162/162
f 163/163/163 164/164/164 165/165/165
f 163/163/163 165/165/165 166/166/166
f 167/167/167 168/168/168 169/169/169
f 167/167/167 169/169/169 170/170/170
f 171/171/171 172/172/172 173/173/173
f 171/171/171 173/173/173 174/174/174
f 175/175/175 176/176/176 177/177/177
f 175/175/175 177/177/177 178/178/178
f 179/179/179 180/180/180 181/181/181
f 179/179/179 181/181/181 182/182/182
f 183/183/183 184/184/184 185/185/185
f 183/183/183 185/185/185 186/186/186
f 187/187/187 188/188/188 189/189/189
f 187/187/187 189/189/189 190/190/190
f 191/191/191 192/192/192 193/193/193
f 191/191/191 193/193/193 194/194/194
f 195/195/195 196/196/196 197/197/197
f 195/195/195 197/197/197 198/198/198
f 199/199/199 200/200/200 201/201/201
f 199/199/199 201/201/201 202/202/202
f 203/203/203 204/204/204 205/205/205
f 203/203/203 205/205/205 206/206/206
f 207/207/207 208/208/208 209/209/209
f 207/207/207 209/209/209 210/210/210
f 211/211/211 212/212/212 213/213/213
f 211/211/211 213/213/213 214/214/214
f 215/215/215 216/216/216 217/217/217
f 215/215/215 217/217/217 218/218/218
f 219/219/219 220/220/220 221/221/221
f 219/219/219 221/221/221 222/222/222
f 223/223/223 224/224/224 225/225/225
f 223/223/223 225/225/225 226/226/226
f 227/227/227 228/228/228 229/229/229
f 227/227/227 229/229/229 230/230/230
f 231/231/231 232/232/232 233/233/233
f 231/231/231 233/233/233 234/234/234
f 235/235/235 236/236/236 237/237/237
f 235/235/235 237/237/237 238/238/238
f 239/239/239 240/240/240 241/241/241
f 239/239/239 241/241/241 242/242/242
f 243/243/243 244/244/244 245/245/245
f 243/243/243 245/245/245 246/246/246
f 247/247/247 248/248/248 249/249/249
f 247/247/247 249/249/249 250/250/250
f 251/251/251 252/252/252 253/253/253
f 251/251/251 253/253/253 254/254/254
f 255/255/255 256/256/256 257/257/257
f 255/255/255 257/257/257 258/258/258
f 259/259/259 260/260/260 261/261/261
f 259/259/259 261/261/261 262/262/262
f 263/263/263 264/264/264 265/265/265
f 263/263/263 265/265/265 266/266/266
f 267/267/267 268/268/268 269/269/269
f 267/267/267 269/269/269 270/270/270
f 271/271/271 272/272/272 273/273/273
f 271/271/271 273/273/273 274/274/274
f 275/275/275 276/276/276 277/277/277
f 275/275/275 277/277/277 278/278/278
f 279/279/279 280/280/280 281/281/281
f 279/279/279 281/281/281 282/282/282
f 283/283/283 284/284/284 285/285/285
f 283/283/283 285/285/285 286/286/286
f 287/287/287 288/288/288 289/289/289
f 287/287/287 289/289/289 290/290/290
f 291/291/291 292/292/292 293/293/293
f 291/291/291 293/293/293 294/294/294
f 295/295/295 296/296/296 297/297/297
f 295/295/295 297/297/297 298/298/298
f 299/299/299 300/300/300 301/301/301
f 299/299/299 301/301/301 302/302/302
f 303/303/303 304/304/304 305/305/305
f 303/303/303 305/305/305 306/306/306
f 307/307/307 308/308/308 309/309/309
f 307/307/307 309/309/309 310/310/310
f 311/311/311 312/312/312 313/313/313
f 311/311/311 313/313/313 314/314/314
f 315/315/315 316/316/316 317/317/317
f 315/315/315 317/317/317 318/318/318
f 319/319/319 320/320/320 321/321/321
f 319/319/319 321/321/321 322/322/322
f 323/323/323 324/324/324 325/325/325
f 323/323/323 325/325/325 326/326/326
f 327/327/327 328/328/328 329/329/329
f 327/327/327 329/329/329 330/330/330
f 331/331/331 332/332/332 333/333/333
f 331/331/331 333/333/333 334/334/334
f 335/335/335 336/336/336 337/337/337
f 335/335/335 337/337/337 338/338/338
f 339/339/339 340/340/340 341/341/341
f 339/339/339 341/341/341 342/342/342
f 343/343/343 344/344/344 345/345/345
f 343/343/343 345/345/345 346/346/346
f 347/347/347 348/348/348 349/349/349
f 347/347/347 349/349/349 350/350/350
f 351/351/351 352/352/352 353/353/353
f 351/351/351 353/353/353 354/354/354
f 355/355/355 356/356/356 357/357/357
f 355/355/355 357/357/357 358/358/358
f 359/359/359 360/360/360 361/361/361
f 359/359/359 361/361/361 362/362/362
f 363/363/363 364/364/364 365/365/365
f 363/363/363 365/365/365 366/366/366
f 367/367/367 368/368/368 369/369/369
f 367/367/367 369/369/369 370/370/370
f 371/371/371 372/372/372 373/373/373
f 371/371/371 373/373/373 374/374/374
f 375/375/375 376/376/376 377/377/377
f 375/375/375 377/377/377 378/378/378
f 379/379/379 380/380/380 381/381/381
f 379/379/379 381/381/381 382/382/382
f 383/383/383 384/384/384 385/385/385
f 383/383/383 385/385/385 386/386/386
f 387/387/387 388/388/388 389/389/389
f 390/390/390 391/391/391 392/392/392
f 390/390/390 392/392/392 393/393/393
f 394/394/394 395/395/395 396/396/396
f 394/394/394 396/396/396 397/397/397
f 398/398/398 399/399/399 400/400/400
f 398/398/398 400/400/400 401/401/401
f 402/402/402 403/403/403 404/404/404
f 402/402/402 404/404/404 405/405/405
f 406/406/406 407/407/407 408/408/408
f 406/406/406 408/408/408 409/409/409
f 410/410/410 411/411/411 412/412/412
f 410/410/410 412/412/412 413/413/413
f 414/414/414 415/415/415 416/416/416
f 414/414/414 416/416/416 417/417/417
f 418/418/418 419/419/419 420/420/420
f 418/418/418 420/420/420 421/421/421
f 422/422/422 423/423/423 424/424/424
f 422/422/422 424/424/424 425/425/425
f 426/426/426 427/427/427 428/428/428
f 426/426/426 428/428/428 429/429/429
f 430/430/430 431/431/431 432/432/432
f 433/433/433 434/434/434 435/435/435
f 433/433/433 435/435/435 436/436/436
f 437/437/437 438/438/438 439/439/439
f 437/437/437 439/439/439 440/440/440
f 441/441/441 442/442/442 443/443/443
f 441/441/441 443/443/443 444/444/444
f 445/445/445 446/446/446 447/447/447
f 445/445/445 447/447/447 448/448/448
f 449/449/449 450/450/450 451/451/451
f 449/449/449 451/451/451 452/452/452
f 453/453/453 454/454/454 455/455/455
f 453/453/453 455/455/455 456/456/456
f 457/457/457 458/458/458 459/459/459
f 457/457/457 459/459/459 460/460/460
f 461/461/461 462/462/462 463/463/463
f 461/461/461 463/463/463 464/464/464
f 465/465/465 466/466/466 467/467/467
f 465/465/465 467/467/467 468/468/468
f 469/469/469 470/470/470 471/471/471
f 469/469/469 471/471/471 472/472/472
f 473/473/473 474/474/474 475/475/475
f 473/473/473 475/475/475 476/476/476
f 477/477/477 478/478/478 479/479/479
f 477/477/477 479/479/479 480/480/480
f 481/481/481 482/482/482 483/483/483
f 481/481/481 483/483/483 484/484/484
f 485/485/485 486/486/486 487/487/487
f 485/485/485 487/487/487 488/488/488
f 489/489/489 490/490/490 491/491/491
f 489/489/489 491/491/491 492/492/492
f 493/493/493 494/494/494 495/495/495
f 493/493/493 495/495/495 496/496/496
f 497/497/497 498/498/498 499/499/499
f 497/497/497 499/499/499 500/500/500
f 501/501/501 502/502/502 503/503/503
f 501/501/501 503/503/503 504/504/504
f 505/505/505 506/506/506 507/507/507
f 505/505/505 507/507/507 508/508/508
f 509/509/509 510/510/510 511/511/511
f 509/509/509 511/511/511 512/512/512
f 513/513/513 514/514/514 515/515/515
f 513/513/513 515/515/515 516/516/516
f 517/517/517 518/518/518 519/519/519
f 517/517/517 519/519/519 520/520/520
f 521/521/521 522/522/522 523/523/523
f 521/521/521 523/523/523 524/524/524
f 525/525/525 526/526/526 527/527/527
f 525/525/525 527/527/527 528/528/528
f 529/529/529 530/530/530 531/531/531
f 529/529/529 531/531/531 532/532/532
f 533/533/533 534/534/534 535/535/535
f 533/533/533 535/535/535 536/536/536
f 537/537/537 538/538/538 539/539/539
f 537/537/537 539/539/539 540/540/540
f 541/541/541 542/542/542 543/543/543
f 541/541/541 543/543/543 544/544/544
f 545/545/545 546/546/546 547/547/547
f 545/545/545 547/547/547 548/548/548
f 549/549/549 550/550/550 551/551/551
f 549/549/549 551/551/551 552/552/552
f 553/553/553 554/554/554 555/555/555
f 553/553/553 555/555/555 556/556/556
f 557/557/557 558/558/558 559/559/559
f 557/557/557 559/559/559 560/560/560
f 561/561/561 562/562/562 563/563/563
f 561/561/561 563/563/563 564/564/564
f 565/565/565 566/566/566 567/567/567
f 565/565/565 567/567/567 568/568/568
f 569/569/569 570/570/570 571/571/571
f 569/569/569 571/571/571 572/572/572
f 573/573/573 574/574/574 575/575/575
f 573/573/573 575/575/575 576/576/576
f 577/577/577 578/578/578 579/579/579
f 577/577/577 579/579/579 580/580/580
f 581/581/581 582/582/582 583/583/583
f 581/581/581 583/583/583 584/584/584
f 585/585/585 586/586/586 587/587/587
f 585/585/585 587/587/587 588/588/588
f 589/589/589 590/590/590 591/591/591
f 589/589/589 591/591/591 592/592/592
f 593/593/593 594/594/594 595/595/595
f 593/593/593 595/595/595 596/596/596
f 597/597/597 598/598/598 599/599/599
f 597/597/597 599/599/599 600/600/600
f 601/601/601 602/602/602 603/603/603
f 601/601/601 603/603/603 604/604/604
f 605/605/605 606/606/606 607/607/607
f 605/605/605 607/607/607 608/608/608
f 609/609/609 610/610/610 611/611/611
f 609/609/609 611/611/611 612/612/612
f 613/613/613 614/614/614 615/615/615
f 613/613/613 615/615/615 616/616/616
f 617/617/617 618/618/618 619/619/619
f 617/617/617 619/619/619 620/620/620
f 621/621/621 622/622/622 623/623/623
f 621/621/621 623/623/623 624/624/624
f 625/625/625 626/626/626 627/627/627
f 625/625/625 627/627/627 628/628/628
f 629/629/629 630/630/630 631/631/631
f 629/629/629 631/631/631 632/632/632
f 633/633/633 634/634/634 635/635/635
f 633/633/633 635/635/635 636/636/636
f 637/637/637 638/638/638 639/639/639
f 637/637/637 639/639/639 640/640/640
f 641/641/641 642/642/642 643/643/643
f 641/641/641 643/643/643 644/644/644
f 645/645/645 646/646/646 647/647/647
f 645/645/645 647/647/647 648/648/648
f 649/649/649 650/650/650 651/651/651
f 649/649/649 651/651/651 652/652/652
f 653/653/653 654/654/654 655/655/655
f 653/653/653 655/655/655 656/656/656
f 657/657/657 658/658/658 659/659/659
f 657/657/657 659/659/659 660/660/660
f 661/661/661 662/662/662 663/663/663
f 661/661/661 663/663/663 664/664/664
f 665/665/665 666/666/666 667/667/667
f 665/665/665 667/667/667 668/668/668
f 669/669/669 670/670/670 671/671/671
f 669/669/669 671/671/671 672/672/672
f 673/673/673 674/674/674 675/675/675
f 673/673/673 675/675/675 676/676/676
f 677/677/677 678/678/678 679/679/679
f 677/677/677 679/679/679 680/680/680
f 681/681/681 682/682/682 683/683/683
f 681/681/681 683/683/683 684/684/684
f 685/685/685 686/686/686 687/687/687
f 685/685/685 687/687/687 688/688/688
f 689/689/689 690/690/690 691/691/691
f 689/689/689 691/691/691 692/692/692
f 693/693/693 694/694/694 695/695/695
f 693/693/693 695/695/695 696/696/696
f 697/697/697 698/698/698 699/699/699
f 697/697/697 699/699/699 700/700/700
f 701/701/701 702/702/702 703/703/703
f 701/701/701 703/703/703 704/704/704
f 705/705/705 706/706/706 707/707/707
f 705/705/705 707/707/707 708/708/708
f 709/709/709 710/710/710 711/711/711
f 709/709/709 711/711/711 712/712/712
f 713/713/713 714/714/714 715/715/715
f 713/713/713 715/715/715 716/716/716
f 717/717/717 718/718/718 719/719/719
f 717/717/717 719/719/719 720/720/720
f 721/721/721 722/722/722 723/723/723
f 721/721/721 723/723/723 724/724/724
f 725/725/725 726/726/726 727/727/727
f 725/725/725 727/727/727 728/728/728
f 729/729/729 730/730/730 731/731/731
f 729/729/729 731/731/731 732/732/732
f 733/733/733 734/734/734 735/735/735
f 733/733/733 735/735/735 736/736/736
f 737/737/737 738/738/738 739/739/739
f 737/737/737 739/739/739 740/740/740
f 741/741/741 742/742/742 743/743/743
f 741/741/741 743/743/743 744/744/744
f 745/745/745 746/746/746 747/747/747
f 745/745/745 747/747/747 748/748/748
f 749/749/749 750/750/750 751/751/751
f 749/749/749 751/751/751 752/752/752
f 753/753/753 754/754/754 755/755/755
f 753/753/753 755/755/755 756/756/756
f 757/757/757 758/758/758 759/759/759
f 757/757/757 759/759/759 760/760/760
f 761/761/761 762/762/762 763/763/763
f 761/761/761 763/763/763 764/764/764
f 765/765/765 766/766/766 767/767/767
f 765/765/765 767/767/767 768/768/768
f 769/769/769 770/770/770 771/771/771
f 769/769/769 771/771/771 772/772/772
f 773/773/773 774/774/774 775/775/775
f 773/773/773 775/775/775 776/776/776
f 777/777/777 778/778/778 779/779/779
f 777/777/777 779/779/779 780/780/780
f 781/781/781 782/782/782 783/783/783
f 781/781/781 783/783/783 784/784/784
f 785/785/785 786/786/786 787/787/787
f 785/785/785 787/787/787 788/788/788
f 789/789/789 790/790/790 791/791/791
f 789/789/789 791/791/791 792/792/792
f 793/793/793 794/794/794 795/795/795
f 793/793/793 795/795/795 796/796/796
f 797/797/797 798/798/798 799/799/799
f 797/797/797 799/799/799 800/800/800
f 801/801/801 802/802/802 803/803/803
f 801/801/801 803/803/803 804/804/804
f 805/805/805 806/806/806 807/807/807
f 805/805/805 807/807/807 808/808/808
f 809/809/809 810/810/810 811/811/811
f 809/809/809 811/811/811 812/812/812
f 813/813/813 814/814/814 815/815/815
f 813/813/813 815/815/815 816/816/816
f 817/817/817 818/818/818 819/819/819
f 817/817/817 819/819/819 820/820/820
f 821/821/821 822/822/822 823/823/823
f 821/821/821 823/823/823 824/824/824
f 825/825/825 826/826/826 827/827/827
f 825/825/825 827/827/827 828/828/828
f 829/829/829 830/830/830 831/831/831
f 829/829/829 831/831/831 832/832/832
f 833/833/833 834/834/834 835/835/835
f 833/833/833 835/835/835 836/836/836
f 837/837/837 838/838/838 839/839/839
f 837/837/837 839/839/839 840/840/840
f 841/841/841 842/842/842 843/843/843
f 841/841/841 843/843/843 844/844/844
f 845/845/845 846/846/846 847/847/847
f 845/845/845 847/847/847 848/848/848
f 849/849/849 850/850/850 851/851/851
f 849/849/849 851/851/851 852/852/852
f 853/853/853 854/854/854 855/855/855
f 853/853/853 855/855/855 856/856/856
f 857/857/857 858/858/858 859/859/859
f 857/857/857 859/859/859 860/860/860
f 861/861/861 862/862/862 863/863/863
f 861/861/861 863/863/863 864/864/864
f 865/865/865 866/866/866 867/867/867
f 865/865/865 867/867/867 868/868/868
f 869/869/869 870/870/870 871/871/871
f 869/869/869 871/871/871 872/872/872
f 873/873/873 874/874/874 875/875/875
f 873/873/873 875/875/875 876/876/876
f 877/877/877 878/878/878 879/879/879
f 877/877/877 879/879/879 880/880/880
f 881/881/881 882/882/882 883/883/883
f 881/881/881 883/883/883 884/884/884
f 885/885/885 886/886/886 887/887/887
f 885/885/885 887/887/887 888/888/888
f 893/893/893 889/889/889 890/890/890
f 892/892/892 893/893/893 890/890/890
f 894/894/894 895/895/895 896/896/896
f 894/894/894 896/896/896 897/897/897
f 902/902/902 898/898/898 899/899/899
f 901/901/901 902/902/902 899/899/899
f 903/903/903 904/904/904 905/905/905
f 903/903/903 905/905/905 906/906/906
f 907/907/907 908/908/908 909/909/909
f 907/907/907 909/909/909 910/910/910
f 911/911/911 912/912/912 913/913/913
f 911/911/911 913/913/913 914/914/914
f 915/915/915 916/916/916 917/917/917
f 915/915/915 917/917/917 918/918/918
f 919/919/919 920/920/920 921/921/921
f 919/919/919 921/921/921 922/922/922
f 923/923/923 924/924/924 925/925/925
f 923/923/923 925/925/925 926/926/926
f 927/927/927 928/928/928 929/929/929
f 927/927/927 929/929/929 930/930/930
f 931/931/931 932/932/932 933/933/933
f 931/931/931 933/933/933 934/934/934
f 935/935/935 936/936/936 937/937/937
f 935/935/935 937/937/937 938/938/938
f 939/939/939 940/940/940 941/941/941
f 939/939/939 941/941/941 942/942/942
f 943/943/943 944/944/944 945/945/945
f 943/943/943 945/945/945 946/946/946
f 947/947/947 948/948/948 949/949/949
f 947/947/947 949/949/949 950/950/950
f 951/951/951 952/952/952 953/953/953
f 951/951/951 953/953/953 954/954/954
f 955/955/955 956/956/956 957/957/957
f 955/955/955 957/957/957 958/958/958
f 959/959/959 960/960/960 961/961/961
f 959/959/959 961/961/961 962/962/962
f 963/963/963 964/964/964 965/965/965
f 963/963/963 965/965/965 966/966/966
f 967/967/967 968/968/968 969/969/969
f 967/967/967 969/969/969 970/970/970
f 971/971/971 972/972/972 973/973/973
f 971/971/971 973/973/973 974/974/974
f 975/975/975 976/976/976 977/977/977
f 975/975/975 977/977/977 978/978/978
f 979/979/979 980/980/980 981/981/981
f 979/979/979 981/981/981 982/982/982
f 983/983/983 984/984/984 985/985/985
f 983/983/983 985/985/985 986/986/986
f 987/987/987 988/988/988 989/989/989
f 987/987/987 989/989/989 990/990/990
f 991/991/991 992/992/992 993/993/993
f 991/991/991 993/993/993 994/994/994
f 995/995/995 996/996/996 997/997/997
f 995/995/995 997/997/997 998/998/998
f 999/999/999 1000/1000/1000 1001/1001/1001
f 999/999/999 1001/1001/1001 1002/1002/1002
f 1003/1003/1003 1004/1004/1004 1005/1005/1005
f 1003/1003/1003 1005/1005/1005 1006/1006/1006
f 1007/1007/1007 1008/1008/1008 1009/1009/1009
f 1007/1007/1007 1009/1009/1009 1010/1010/1010
f 1011/1011/1011 1012/1012/1012 1013/1013/1013
f 1011/1011/1011 1013/1013/1013 1014/1014/1014
f 1015/1015/1015 1016/1016/1016 1017/1017/1017
f 1015/1015/1015 1017/1017/1017 1018/1018/1018
f 1019/1019/1019 1020/1020/1020 1021/1021/1021
f 1019/1019/1019 1021/1021/1021 1022/1022/1022
f 1023/1023/1023 1024/1024/1024 1025/1025/1025
f 1023/1023/1023 1025/1025/1025 1026/1026/1026
f 1027/1027/1027 1028/1028/1028 1029/1029/1029
f 1027/1027/1027 1029/1029/1029 1030/1030/1030
f 1031/1031/1031 1032/1032/1032 1033/1033/1033
f 1031/1031/1031 1033/1033/1033 1034/1034/1034
f 1035/1035/1035 1036/1036/1036 1037/1037/1037
f 1035/1035/1035 1037/1037/1037 1038/1038/1038
f 1039/1039/1039 1040/1040/1040 1041/1041/1041
f 1039/1039/1039 1041/1041/1041 1042/1042/1042
f 1043/1043/1043 1044/1044/1044 1045/1045/1045
f 1043/1043/1043 1045/1045/1045 1046/1046/1046
f 1047/1047/1047 1048/1048/1048 1049/1049/1049
f 1047/1047/1047 1049/1049/1049 1050/1050/1050
f 1051/1051/1051 1052/1052/1052 1053/1053/1053
f 1051/1051/1051 1053/1053/1053 1054/1054/1054
f 1055/1055/1055 1056/1056/1056 1057/1057/1057
f 1055/1055/1055 1057/1057/1057 1058/1058/1058
f 1059/1059/1059 1060/1060/1060 1061/1061/1061
f 1059/1059/1059 1061/1061/1061 1062/1062/1062
f 1063/1063/1063 1064/1064/1064 1065/1065/1065
f 1063/1063/1063 1065/1065/1065 1066/1066/1066
f 1067/1067/1067 1068/1068/1068 1069/1069/1069
f 1067/1067/1067 1069/1069/1069 1070/1070/1070
f 1071/1071/1071 1072/1072/1072 1073/1073/1073
f 1071/1071/1071 1073/1073/1073 1074/1074/1074
f 1075/1075/1075 1076/1076/1076 1077/1077/1077
f 1075/1075/1075 1077/1077/1077 1078/1078/1078
f 1079/1079/1079 1080/1080/1080 1081/1081/1081
f 1079/1079/1079 1081/1081/1081 1082/1082/1082
f 1083/1083/1083 1084/1084/1084 1085/1085/1085
f 1083/1083/1083 1085/1085/1085 1086/1086/1086
f 1087/1087/1087 1088/1088/1088 1089/1089/1089
f 1087/1087/1087 1089/1089/1089 1090/1090/1090
f 1091/1091/1091 1092/1092/1092 1093/1093/1093
f 1091/1091/1091 1093/1093/1093 1094/1094/1094
f 1095/1095/1095 1096/1096/1096 1097/1097/1097
f 1095/1095/1095 1097/1097/1097 1098/1098/1098
f 1099/1099/1099 1100/1100/1100 1101/1101/1101
f 1099/1099/1099 1101/1101/1101 1102/1102/1102
f 1103/1103/1103 1104/1104/1104 1105/1105/1105
f 1103/1103/1103 1105/1105/1105 1106/1106/1106
f 1107/1107/1107 1108/1108/1108 1109/1109/1109
f 1107/1107/1107 1109/1109/1109 1110/1110/1110
f 1111/1111/1111 1112/1112/1112 1113/1113/1113
f 1111/1111/1111 1113/1113/1113 1114/1114/1114
f 1115/1115/1115 1116/1116/1116 1117/1117/1117
f 1115/1115/1115 1117/1117/1117 1118/1118/1118
f 1119/1119/1119 1120/1120/1120 1121/1121/1121
f 1119/1119/1119 1121/1121/1121 1122/1122/1122
f 1123/1123/1123 1124/1124/1124 1125/1125/1125
f 1123/1123/1123 1125/1125/1125 1126/1126/1126
f 1127/1127/1127 1128/1128/1128 1129/1129/1129
f 1127/1127/1127 1129/1129/1129 1130/1130/1130
f 1131/1131/1131 1132/1132/1132 1133/1133/1133
f 1131/1131/1131 1133/1133/1133 1134/1134/1134
f 1135/1135/1135 1136/1136/1136 1137/1137/1137
f 1135/1135/1135 1137/1137/1137 1138/1138/1138
f 1139/1139/1139 1140/1140/1140 1141/1141/1141
f 1139/1139/1139 1141/1141/1141 1142/1142/1142
f 1143/1143/1143 1144/1144/1144 1145/1145/1145
f 1143/1143/1143 1145/1145/1145 1146/1146/1146
f 1147/1147/1147 1148/1148/1148 1149/1149/1149
f 1147/1147/1147 1149/1149/1149 1150/1150/1150
f 1151/1151/1151 1152/1152/1152 1153/1153/1153
f 1151/1151/1151 1153/1153/1153 1154/1154/1154
f 1155/1155/1155 1156/1156/1156 1157/1157/1157
f 1155/1155/1155 1157/1157/1157 1158/1158/1158
f 1159/1159/1159 1160/1160/1160 1161/1161/1161
f 1159/1159/1159 1161/1161/1161 1162/1162/1162
f 1163/1163/1163 1164/1164/1164 1165/1165/1165
f 1163/1163/1163 1165/1165/1165 1166/1166/1166
f 1167/1167/1167 1168/1168/1168 1169/1169/1169
f 1167/1167/1167 1169/1169/1169 1170/1170/1170
f 1171/1171/1171 1172/1172/1172 1173/1173/1173
f 1174/1174/1174 1175/1175/1175 1176/1176/1176
f 1174/1174/1174 1176/1176/1176 1177/1177/1177
f 1178/1178/1178 1179/1179/1179 1180/1180/1180
f 1178/1178/1178 1180/1180/1180 1181/1181/1181
f 1182/1182/1182 1183/1183/1183 1184/1184/1184
f 1182/1182/1182 1184/1184/1184 1185/1185/1185
f 1186/1186/1186 1187/1187/1187 1188/1188/1188
f 1186/1186/1186 1188/1188/1188 1189/1189/1189
f 1190/1190/1190 1191/1191/1191 1192/1192/1192
f 1190/1190/1190 1192/1192/1192 1193/1193/1193
f 1194/1194/1194 1195/1195/1195 1196/1196/1196
f 1194/1194/1194 1196/1196/1196 1197/1197/1197
f 1198/1198/1198 1199/1199/1199 1200/1200/1200
f 1198/1198/1198 1200/1200/1200 1201/1201/1201
f 1202/1202/1202 1203/1203/1203 1204/1204/1204
f 1202/1202/1202 1204/1204/1204 1205/1205/1205
f 1206/1206/1206 1207/1207/1207 1208/1208/1208
f 1206/1206/1206 1208/1208/1208 1209/1209/1209
f 1210/1210/1210 1211/1211/1211 1212/1212/1212
f 1210/1210/1210 1212/1212/1212 1213/1213/1213
f 1214/1214/1214 1215/1215/1215 1216/1216/1216
f 1214/1214/1214 1216/1216/1216 1217/1217/1217
f 1218/1218/1218 1219/1219/1219 1220/1220/1220
f 1218/1218/1218 1220/1220/1220 1221/1221/1221
f 1222/1222/1222 1223/1223/1223 1224/1224/1224
f 1222/1222/1222 1224/1224/1224 1225/1225/1225
f 1226/1226/1226 1227/1227/1227 1228/1228/1228
f 1226/1226/1226 1228/1228/1228 1229/1229/1229
f 1230/1230/1230 1231/1231/1231 1232/1232/1232
f 1230/1230/1230 1232/1232/1232 1233/1233/1233
f 1234/1234/1234 1235/1235/1235 1236/1236/1236
f 1234/1234/1234 1236/1236/1236 1237/1237/1237
f 1238/1238/1238 1239/1239/1239 1240/1240/1240
f 1238/1238/1238 1240/1240/1240 1241/1241/1241
f 1242/1242/1242 1243/1243/1243 1244/1244/1244
f 1242/1242/1242 1244/1244/1244 1245/1245/1245
f 1246/1246/1246 1247/1247/1247 1248/1248/1248
f 1246/1246/1246 1248/1248/1248 1249/1249/1249
f 1250/1250/1250 1251/1251/1251 1252/1252/1252
f 1250/1250/1250 1252/1252/1252 1253/1253/1253
f 1254/1254/1254 1255/1255/1255 1256/1256/1256
f 1254/1254/1254 1256/1256/1256 1257/1257/1257
f 1258/1258/1258 1259/1259/1259 1260/1260/1260
f 1258/1258/1258 1260/1260/1260 1261/1261/1261
f 1262/1262/1262 1263/1263/1263 1264/1264/1264
f 1262/1262/1262 1264/1264/1264 1265/1265/1265
f 1266/1266/1266 1267/1267/1267 1268/1268/1268
f 1266/1266/1266 1268/1268/1268 1269/1269/1269
f 1270/1270/1270 1271/1271/1271 1272/1272/1272
f 1270/1270/1270 1272/1272/1272 1273/1273/1273
f 1274/1274/1274 1275/1275/1275 1276/1276/1276
f 1274/1274/1274 1276/1276/1276 1277/1277/1277
f 1278/1278/1278 1279/1279/1279 1280/1280/1280
f 1278/1278/1278 1280/1280/1280 1281/1281/1281
f 1282/1282/1282 1283/1283/1283 1284/1284/1284
f 1282/1282/1282 1284/1284/1284 1285/1285/1285
f 1286/1286/1286 1287/1287/1287 1288/1288/1288
f 1286/1286/1286 1288/1288/1288 1289/1289/1289
f 1290/1290/1290 1291/1291/1291 1292/1292/1292
f 1290/1290/1290 1292/1292/1292 1293/1293/1293
f 1294/1294/1294 1295/1295/1295 1296/1296/1296
f 1294/1294/1294 1296/1296/1296 1297/1297/1297
f 1298/1298/1298 1299/1299/1299 1300/1300/1300
f 1298/1298/1298 1300/1300/1300 1301/1301/1301
f 1302/1302/1302 1303/1303/1303 1304/1304/1304
f 1302/1302/1302 1304/1304/1304 1305/1305/1305
f 1306/1306/1306 1307/1307/1307 1308/1308/1308
f 1306/1306/1306 1308/1308/1308 1309/1309/1309
f 1310/1310/1310 1311/1311/1311 1312/1312/1312
f 1310/1310/1310 1312/1312/1312 1313/1313/1313
f 1314/1314/1314 1315/1315/1315 1316/1316/1316
f 1314/1314/1314 1316/1316/1316 1317/1317/1317
f 1318/1318/1318 1319/1319/1319 1320/1320/1320
f 1318/1318/1318 1320/1320/1320 1321/1321/1321
f 1322/1322/1322 1323/1323/1323 1324/1324/1324
f 1322/1322/1322 1324/1324/1324 1325/1325/1325
f 1326/1326/1326 1327/1327/1327 1328/1328/1328
f 1326/1326/1326 1328/1328/1328 1329/1329/1329
f 1330/1330/1330 1331/1331/1331 1332/1332/1332
f 1333/1333/1333 1334/1334/1334 1335/1335/1335
f 1333/1333/1333 1335/1335/1335 1336/1336/1336
f 1337/1337/1337 1338/1338/1338 1339/1339/1339
f 1337/1337/1337 1339/1339/1339 1340/1340/1340
f 1341/1341/1341 1342/1342/1342 1343/1343/1343
f 1341/1341/1341 1343/1343/1343 1344/1344/1344
f 1348/1348/1348 1349/1349/1349 1345/1345/1345
f 1345/1345/1345 1346/1346/1346 1347/1347/1347
f 1347/1347/1347 1348/1348/1348 1345/1345/1345
f 1350/1350/1350 1351/1351/1351 1352/1352/1352
f 1350/1350/1350 1352/1352/1352 1353/1353/1353
f 1354/1354/1354 1355/1355/1355 1356/1356/1356
f 1354/1354/1354 1356/1356/1356 1357/1357/1357
f 1358/1358/1358 1359/1359/1359 1360/1360/1360
f 1358/1358/1358 1360/1360/1360 1361/1361/1361
f 1362/1362/1362 1363/1363/1363 1364/1364/1364
f 1362/1362/1362 1364/1364/1364 1365/1365/1365
f 1366/1366/1366 1367/1367/1367 1368/1368/1368
f 1366/1366/1366 1368/1368/1368 1369/1369/1369
f 1370/1370/1370 1371/1371/1371 1372/1372/1372
f 1370/1370/1370 1372/1372/1372 1373/1373/1373
f 1374/1374/1374 1375/1375/1375 1376/1376/1376
f 1374/1374/1374 1376/1376/1376 1377/1377/1377
f 1378/1378/1378 1379/1379/1379 1380/1380/1380
f 1378/1378/1378 1380/1380/1380 1381/1381/1381
f 1382/1382/1382 1383/1383/1383 1384/1384/1384
f 1382/1382/1382 1384/1384/1384 1385/1385/1385
f 1386/1386/1386 1387/1387/1387 1388/1388/1388
f 1386/1386/1386 1388/1388/1388 1389/1389/1389
f 1390/1390/1390 1391/1391/1391 1392/1392/1392
f 1390/1390/1390 1392/1392/1392 1393/1393/1393
f 1394/1394/1394 1395/1395/1395 1396/1396/1396
f 1394/1394/1394 1396/1396/1396 1397/1397/1397
f 1398/1398/1398 1399/1399/1399 1400/1400/1400
f 1398/1398/1398 1400/1400/1400 1401/1401/1401
f 1402/1402/1402 1403/1403/1403 1404/1404/1404
f 1405/1405/1405 1406/1406/1406 1407/1407/1407
f 1405/1405/1405 1407/1407/1407 1408/1408/1408
f 1409/1409/1409 1410/1410/1410 1411/1411/1411
f 1409/1409/1409 1411/1411/1411 1412/1412/1412
f 1413/1413/1413 1414/1414/1414 1415/1415/1415
f 1413/1413/1413 1415/1415/1415 1416/1416/1416
f 1417/1417/1417 1418/1418/1418 1419/1419/1419
f 1417/1417/1417 1419/1419/1419 1420/1420/1420
f 1421/1421/1421 1422/1422/1422 1423/1423/1423
f 1421/1421/1421 1423/1423/1423 1424/1424/1424
f 1425/1425/1425 1426/1426/1426 1427/1427/1427
f 1425/1425/1425 1427/1427/1427 1428/1428/1428
f 1429/1429/1429 1430/1430/1430 1431/1431/1431
f 1429/1429/1429 1431/1431/1431 1432/1432/1432
f 1433/1433/1433 1434/1434/1434 1435/1435/1435
f 1433/1433/1433 1435/1435/1435 1436/1436/1436
f 1437/1437/1437 1438/1438/1438 1439/1439/1439
f 1437/1437/1437 1439/1439/1439 1440/1440/1440
f 1441/1441/1441 1442/1442/1442 1443/1443/1443
f 1441/1441/1441 1443/1443/1443 1444/1444/1444
f 1445/1445/1445 1446/1446/1446 1447/1447/1447
f 1445/1445/1445 1447/1447/1447 1448/1448/1448
f 1449/1449/1449 1450/1450/1450 1451/1451/1451
f 1449/1449/1449 1451/1451/1451 1452/1452/1452
f 1453/1453/1453 1454/1454/1454 1455/1455/1455
f 1453/1453/1453 1455/1455/1455 1456/1456/1456
f 1460/1460/1460 1461/1461/1461 1457/1457/1457
f 1457/1457/1457 1458/1458/1458 1459/1459/1459
f 1459/1459/1459 1460/1460/1460 1457/1457/1457
f 1462/1462/1462 1463/1463/1463 1464/1464/1464
f 1462/1462/1462 1464/1464/1464 1465/1465/1465
f 1466/1466/1466 1467/1467/1467 1468/1468/1468
f 1466/1466/1466 1468/1468/1468 1469/1469/1469
f 1470/1470/1470 1471/1471/1471 1472/1472/1472
f 1470/1470/1470 1472/1472/1472 1473/1473/1473
f 1474/1474/1474 1475/1475/1475 1476/1476/1476
f 1474/1474/1474 1476/1476/1476 1477/1477/1477
f 1478/1478/1478 1479/1479/1479 1480/1480/1480
f 1478/1478/1478 1480/1480/1480 1481/1481/1481
f 1482/1482/1482 1483/1483/1483 1484/1484/1484
f 1482/1482/1482 1484/1484/1484 1485/1485/1485
f 1486/1486/1486 1487/1487/1487 1488/1488/1488
f 1486/1486/1486 1488/1488/1488 1489/1489/1489
f 1490/1490/1490 1491/1491/1491 1492/1492/1492
f 1490/1490/1490 1492/1492/1492 1493/1493/1493
f 1494/1494/1494 1495/1495/1495 1496/1496/1496
f 1494/1494/1494 1496/1496/1496 1497/1497/1497
f 1498/1498/1498 1499/1499/1499 1500/1500/1500
f 1498/1498/1498 1500/1500/1500 1501/1501/1501
f 1502/1502/1502 1503/1503/1503 1504/1504/1504
f 1502/1502/1502 1504/1504/1504 1505/1505/1505
f 1506/1506/1506 1507/1507/1507 1508/1508/1508
f 1506/1506/1506 1508/1508/1508 1509/1509/1509
f 1510/1510/1510 1511/1511/1511 1512/1512/1512
f 1513/1513/1513 1514/1514/1514 1515/1515/1515
f 1513/1513/1513 1515/1515/1515 1516/1516/1516
f 1517/1517/1517 1518/1518/1518 1519/1519/1519
f 1517/1517/1517 1519/1519/1519 1520/1520/1520
f 1521/1521/1521 1522/1522/1522 1523/1523/1523
f 1521/1521/1521 1523/1523/1523 1524/1524/1524
f 1525/1525/1525 1526/1526/1526 1527/1527/1527
f 1525/1525/1525 1527/1527/1527 1528/1528/1528
f 1529/1529/1529 1530/1530/1530 1531/1531/1531
f 1529/1529/1529 1531/1531/1531 1532/1532/1532
f 1533/1533/1533 1534/1534/1534 1535/1535/1535
f 1533/1533/1533 1535/1535/1535 1536/1536/1536
f 1537/1537/1537 1538/1538/1538 1539/1539/1539
f 1537/1537/1537 1539/1539/1539 1540/1540/1540
f 1541/1541/1541 1542/1542/1542 1543/1543/1543
f 1541/1541/1541 1543/1543/1543 1544/1544/1544
f 1545/1545/1545 1546/1546/1546 1547/1547/1547
f 1545/1545/1545 1547/1547/1547 1548/1548/1548
f 1549/1549/1549 1550/1550/1550 1551/1551/1551
f 1549/1549/1549 1551/1551/1551 1552/1552/1552
f 1553/1553/1553 1554/1554/1554 1555/1555/1555
f 1553/1553/1553 1555/1555/1555 1556/1556/1556
