v -0.012713 -0.067113 0.678771
v -0.012713 -0.157772 0.617111
v 0.119591 -0.159309 0.616229
v -0.012713 -0.067113 0.678771
v 0.119591 -0.159309 0.616229
v 0.112843 -0.069531 0.679808
v -0.012713 -0.067113 0.678771
v -0.138269 -0.069531 0.679808
v -0.145017 -0.159309 0.616229
v -0.012713 -0.067113 0.678771
v -0.145017 -0.159309 0.616229
v -0.012713 -0.157772 0.617111
v 0.119591 -0.159309 0.616229
v 0.26507 -0.1626 0.614705
v 0.267973 -0.070114 0.680162
v 0.119591 -0.159309 0.616229
v 0.267973 -0.070114 0.680162
v 0.112843 -0.069531 0.679808
v 0.26507 -0.1626 0.614705
v 0.39617 -0.168153 0.611165
v 0.46931 -0.08395 0.681988
v 0.26507 -0.1626 0.614705
v 0.46931 -0.08395 0.681988
v 0.267973 -0.070114 0.680162
v 0.479641 -0.179664 0.615045
v 0.46931 -0.08395 0.681988
v 0.39617 -0.168153 0.611165
v 0.479641 -0.179664 0.615045
v 0.519088 -0.102515 0.703597
v 0.494152 -0.087994 0.688873
v 0.479641 -0.179664 0.615045
v 0.494152 -0.087994 0.688873
v 0.46931 -0.08395 0.681988
v 0.519088 -0.102515 0.703597
v 0.479641 -0.179664 0.615045
v 0.543497 -0.223281 0.654848
v 0.519088 -0.102515 0.703597
v 0.543497 -0.223281 0.654848
v 0.570528 -0.157518 0.759941
v 0.590957 -0.293436 0.720694
v 0.595787 -0.228381 0.79668
v 0.570528 -0.157518 0.759941
v 0.590957 -0.293436 0.720694
v 0.570528 -0.157518 0.759941
v 0.543497 -0.223281 0.654848
v 0.479641 -0.179664 0.615045
v 0.462617 -0.209978 0.520171
v 0.546247 -0.262947 0.559987
v 0.479641 -0.179664 0.615045
v 0.546247 -0.262947 0.559987
v 0.543497 -0.223281 0.654848
v 0.590957 -0.293436 0.720694
v 0.543497 -0.223281 0.654848
v 0.546247 -0.262947 0.559987
v 0.590957 -0.293436 0.720694
v 0.546247 -0.262947 0.559987
v 0.596798 -0.355008 0.631892
v 0.590957 -0.293436 0.720694
v 0.616386 -0.35752 0.796985
v 0.616821 -0.29261 0.840664
v 0.590957 -0.293436 0.720694
v 0.616821 -0.29261 0.840664
v 0.595787 -0.228381 0.79668
v 0.590957 -0.293436 0.720694
v 0.596798 -0.355008 0.631892
v 0.625985 -0.421352 0.750309
v 0.590957 -0.293436 0.720694
v 0.625985 -0.421352 0.750309
v 0.616386 -0.35752 0.796985
v 0.661898 -0.495711 0.733314
v 0.625985 -0.421352 0.750309
v 0.596798 -0.355008 0.631892
v 0.661898 -0.495711 0.733314
v 0.596798 -0.355008 0.631892
v 0.630575 -0.455548 0.600768
v 0.630575 -0.455548 0.600768
v 0.596798 -0.355008 0.631892
v 0.554752 -0.290734 0.475363
v 0.630575 -0.455548 0.600768
v 0.554752 -0.290734 0.475363
v 0.600546 -0.397997 0.452214
v 0.596798 -0.355008 0.631892
v 0.546247 -0.262947 0.559987
v 0.554752 -0.290734 0.475363
v 0.462617 -0.209978 0.520171
v 0.459678 -0.222053 0.419402
v 0.554752 -0.290734 0.475363
v 0.462617 -0.209978 0.520171
v 0.554752 -0.290734 0.475363
v 0.546247 -0.262947 0.559987
v 0.459678 -0.222053 0.419402
v 0.433229 -0.218949 0.304678
v 0.518638 -0.265754 0.336497
v 0.459678 -0.222053 0.419402
v 0.518638 -0.265754 0.336497
v 0.554752 -0.290734 0.475363
v 0.580182 -0.346281 0.318825
v 0.600546 -0.397997 0.452214
v 0.554752 -0.290734 0.475363
v 0.580182 -0.346281 0.318825
v 0.554752 -0.290734 0.475363
v 0.518638 -0.265754 0.336497
v 0.63422 -0.43288 0.312076
v 0.663319 -0.482042 0.442734
v 0.600546 -0.397997 0.452214
v 0.63422 -0.43288 0.312076
v 0.600546 -0.397997 0.452214
v 0.580182 -0.346281 0.318825
v 0.698378 -0.530506 0.583582
v 0.630575 -0.455548 0.600768
v 0.600546 -0.397997 0.452214
v 0.698378 -0.530506 0.583582
v 0.600546 -0.397997 0.452214
v 0.663319 -0.482042 0.442734
v 0.790174 -0.550493 0.565544
v 0.698378 -0.530506 0.583582
v 0.663319 -0.482042 0.442734
v 0.790174 -0.550493 0.565544
v 0.663319 -0.482042 0.442734
v 0.762357 -0.51566 0.426953
v 0.762357 -0.51566 0.426953
v 0.663319 -0.482042 0.442734
v 0.63422 -0.43288 0.312076
v 0.762357 -0.51566 0.426953
v 0.63422 -0.43288 0.312076
v 0.733859 -0.466949 0.298082
v 0.580182 -0.346281 0.318825
v 0.553602 -0.322052 0.179636
v 0.610917 -0.386284 0.178822
v 0.580182 -0.346281 0.318825
v 0.610917 -0.386284 0.178822
v 0.63422 -0.43288 0.312076
v 0.610917 -0.386284 0.178822
v 0.704874 -0.413015 0.177104
v 0.733859 -0.466949 0.298082
v 0.610917 -0.386284 0.178822
v 0.733859 -0.466949 0.298082
v 0.63422 -0.43288 0.312076
v 0.704874 -0.413015 0.177104
v 0.798097 -0.40032 0.175371
v 0.832425 -0.452365 0.292706
v 0.704874 -0.413015 0.177104
v 0.832425 -0.452365 0.292706
v 0.733859 -0.466949 0.298082
v 0.733859 -0.466949 0.298082
v 0.832425 -0.452365 0.292706
v 0.862486 -0.501426 0.421384
v 0.733859 -0.466949 0.298082
v 0.862486 -0.501426 0.421384
v 0.762357 -0.51566 0.426953
v 0.798097 -0.40032 0.175371
v 0.883862 -0.352346 0.172829
v 0.921191 -0.397999 0.296986
v 0.798097 -0.40032 0.175371
v 0.921191 -0.397999 0.296986
v 0.832425 -0.452365 0.292706
v 0.950495 -0.442157 0.429187
v 0.862486 -0.501426 0.421384
v 0.832425 -0.452365 0.292706
v 0.950495 -0.442157 0.429187
v 0.832425 -0.452365 0.292706
v 0.921191 -0.397999 0.296986
v 0.762357 -0.51566 0.426953
v 0.862486 -0.501426 0.421384
v 0.88461 -0.532032 0.557079
v 0.762357 -0.51566 0.426953
v 0.88461 -0.532032 0.557079
v 0.790174 -0.550493 0.565544
v 0.96021 -0.474428 0.561484
v 0.88461 -0.532032 0.557079
v 0.862486 -0.501426 0.421384
v 0.96021 -0.474428 0.561484
v 0.862486 -0.501426 0.421384
v 0.950495 -0.442157 0.429187
v 1.00258 -0.390697 0.58257
v 0.96021 -0.474428 0.561484
v 0.950495 -0.442157 0.429187
v 1.00258 -0.390697 0.58257
v 0.950495 -0.442157 0.429187
v 0.996655 -0.35182 0.451246
v 0.973679 -0.308351 0.315503
v 0.996655 -0.35182 0.451246
v 0.950495 -0.442157 0.429187
v 0.973679 -0.308351 0.315503
v 0.950495 -0.442157 0.429187
v 0.921191 -0.397999 0.296986
v 0.973679 -0.308351 0.315503
v 0.996822 -0.209005 0.341868
v 1.01497 -0.251609 0.482621
v 0.973679 -0.308351 0.315503
v 1.01497 -0.251609 0.482621
v 0.996655 -0.35182 0.451246
v 0.996655 -0.35182 0.451246
v 1.01497 -0.251609 0.482621
v 1.01609 -0.296844 0.613595
v 0.996655 -0.35182 0.451246
v 1.01609 -0.296844 0.613595
v 1.00258 -0.390697 0.58257
v 1.00258 -0.390697 0.58257
v 1.01609 -0.296844 0.613595
v 1.00005 -0.33522 0.724833
v 1.00258 -0.390697 0.58257
v 1.00005 -0.33522 0.724833
v 0.988198 -0.419527 0.694612
v 0.988198 -0.419527 0.694612
v 0.947248 -0.492844 0.676153
v 0.96021 -0.474428 0.561484
v 0.988198 -0.419527 0.694612
v 0.96021 -0.474428 0.561484
v 1.00258 -0.390697 0.58257
v 0.988198 -0.419527 0.694612
v 1.00005 -0.33522 0.724833
v 0.975621 -0.356946 0.791715
v 0.988198 -0.419527 0.694612
v 0.975621 -0.356946 0.791715
v 0.958226 -0.435779 0.777531
v 0.988198 -0.419527 0.694612
v 0.958226 -0.435779 0.777531
v 0.92703 -0.493232 0.752704
v 0.988198 -0.419527 0.694612
v 0.92703 -0.493232 0.752704
v 0.947248 -0.492844 0.676153
v 0.947248 -0.492844 0.676153
v 0.92703 -0.493232 0.752704
v 0.879423 -0.521324 0.773563
v 0.947248 -0.492844 0.676153
v 0.879423 -0.521324 0.773563
v 0.88021 -0.541641 0.679845
v 0.947248 -0.492844 0.676153
v 0.88021 -0.541641 0.679845
v 0.88461 -0.532032 0.557079
v 0.947248 -0.492844 0.676153
v 0.88461 -0.532032 0.557079
v 0.96021 -0.474428 0.561484
v 0.88021 -0.541641 0.679845
v 0.879423 -0.521324 0.773563
v 0.812432 -0.537362 0.792445
v 0.88021 -0.541641 0.679845
v 0.812432 -0.537362 0.792445
v 0.803458 -0.558485 0.69115
v 0.88021 -0.541641 0.679845
v 0.803458 -0.558485 0.69115
v 0.790174 -0.550493 0.565544
v 0.88021 -0.541641 0.679845
v 0.790174 -0.550493 0.565544
v 0.88461 -0.532032 0.557079
v 0.698378 -0.530506 0.583582
v 0.790174 -0.550493 0.565544
v 0.803458 -0.558485 0.69115
v 0.698378 -0.530506 0.583582
v 0.803458 -0.558485 0.69115
v 0.723136 -0.548778 0.707011
v 0.803458 -0.558485 0.69115
v 0.812432 -0.537362 0.792445
v 0.734546 -0.531037 0.808327
v 0.803458 -0.558485 0.69115
v 0.734546 -0.531037 0.808327
v 0.723136 -0.548778 0.707011
v 0.756534 -0.466774 0.895695
v 0.734546 -0.531037 0.808327
v 0.812432 -0.537362 0.792445
v 0.756534 -0.466774 0.895695
v 0.812432 -0.537362 0.792445
v 0.835993 -0.472909 0.874572
v 0.835993 -0.472909 0.874572
v 0.812432 -0.537362 0.792445
v 0.879423 -0.521324 0.773563
v 0.835993 -0.472909 0.874572
v 0.879423 -0.521324 0.773563
v 0.903745 -0.461226 0.836378
v 0.770967 -0.366782 0.932557
v 0.756534 -0.466774 0.895695
v 0.835993 -0.472909 0.874572
v 0.770967 -0.366782 0.932557
v 0.835993 -0.472909 0.874572
v 0.852102 -0.37056 0.913166
v 0.852102 -0.37056 0.913166
v 0.835993 -0.472909 0.874572
v 0.903745 -0.461226 0.836378
v 0.852102 -0.37056 0.913166
v 0.903745 -0.461226 0.836378
v 0.922 -0.366531 0.867915
v 0.756534 -0.466774 0.895695
v 0.770967 -0.366782 0.932557
v 0.690793 -0.357262 0.926377
v 0.756534 -0.466774 0.895695
v 0.690793 -0.357262 0.926377
v 0.674262 -0.438217 0.88108
v 0.641664 -0.337839 0.886956
v 0.639789 -0.400652 0.851745
v 0.674262 -0.438217 0.88108
v 0.641664 -0.337839 0.886956
v 0.674262 -0.438217 0.88108
v 0.690793 -0.357262 0.926377
v 0.674262 -0.438217 0.88108
v 0.639789 -0.400652 0.851745
v 0.646522 -0.446678 0.81361
v 0.674262 -0.438217 0.88108
v 0.646522 -0.446678 0.81361
v 0.672731 -0.487513 0.812866
v 0.674262 -0.438217 0.88108
v 0.672731 -0.487513 0.812866
v 0.734546 -0.531037 0.808327
v 0.674262 -0.438217 0.88108
v 0.734546 -0.531037 0.808327
v 0.756534 -0.466774 0.895695
v 0.723136 -0.548778 0.707011
v 0.734546 -0.531037 0.808327
v 0.672731 -0.487513 0.812866
v 0.723136 -0.548778 0.707011
v 0.672731 -0.487513 0.812866
v 0.661898 -0.495711 0.733314
v 0.646522 -0.446678 0.81361
v 0.625985 -0.421352 0.750309
v 0.661898 -0.495711 0.733314
v 0.646522 -0.446678 0.81361
v 0.661898 -0.495711 0.733314
v 0.672731 -0.487513 0.812866
v 0.639789 -0.400652 0.851745
v 0.616386 -0.35752 0.796985
v 0.625985 -0.421352 0.750309
v 0.639789 -0.400652 0.851745
v 0.625985 -0.421352 0.750309
v 0.646522 -0.446678 0.81361
v 0.723136 -0.548778 0.707011
v 0.661898 -0.495711 0.733314
v 0.630575 -0.455548 0.600768
v 0.723136 -0.548778 0.707011
v 0.630575 -0.455548 0.600768
v 0.698378 -0.530506 0.583582
v 0.641664 -0.337839 0.886956
v 0.616821 -0.29261 0.840664
v 0.616386 -0.35752 0.796985
v 0.641664 -0.337839 0.886956
v 0.616386 -0.35752 0.796985
v 0.639789 -0.400652 0.851745
v 0.975621 -0.356946 0.791715
v 0.922 -0.366531 0.867915
v 0.903745 -0.461226 0.836378
v 0.975621 -0.356946 0.791715
v 0.903745 -0.461226 0.836378
v 0.958226 -0.435779 0.777531
v 0.903745 -0.461226 0.836378
v 0.879423 -0.521324 0.773563
v 0.92703 -0.493232 0.752704
v 0.903745 -0.461226 0.836378
v 0.92703 -0.493232 0.752704
v 0.958226 -0.435779 0.777531
v 0.940411 -0.26733 0.18198
v 0.966545 -0.168659 0.199754
v 0.996822 -0.209005 0.341868
v 0.940411 -0.26733 0.18198
v 0.996822 -0.209005 0.341868
v 0.973679 -0.308351 0.315503
v 0.907502 -0.233912 0.055065
v 0.931001 -0.133727 0.061558
v 0.966545 -0.168659 0.199754
v 0.907502 -0.233912 0.055065
v 0.966545 -0.168659 0.199754
v 0.940411 -0.26733 0.18198
v 0.850572 -0.317019 0.056376
v 0.907502 -0.233912 0.055065
v 0.940411 -0.26733 0.18198
v 0.850572 -0.317019 0.056376
v 0.940411 -0.26733 0.18198
v 0.883862 -0.352346 0.172829
v 0.883862 -0.352346 0.172829
v 0.940411 -0.26733 0.18198
v 0.973679 -0.308351 0.315503
v 0.883862 -0.352346 0.172829
v 0.973679 -0.308351 0.315503
v 0.921191 -0.397999 0.296986
v 0.767838 -0.357303 0.064382
v 0.850572 -0.317019 0.056376
v 0.883862 -0.352346 0.172829
v 0.767838 -0.357303 0.064382
v 0.883862 -0.352346 0.172829
v 0.798097 -0.40032 0.175371
v 0.828558 -0.293045 -0.048426
v 0.879491 -0.208667 -0.055032
v 0.907502 -0.233912 0.055065
v 0.828558 -0.293045 -0.048426
v 0.907502 -0.233912 0.055065
v 0.850572 -0.317019 0.056376
v 0.744089 -0.333745 -0.036956
v 0.828558 -0.293045 -0.048426
v 0.850572 -0.317019 0.056376
v 0.744089 -0.333745 -0.036956
v 0.850572 -0.317019 0.056376
v 0.767838 -0.357303 0.064382
v 0.659301 -0.34336 -0.036266
v 0.744089 -0.333745 -0.036956
v 0.767838 -0.357303 0.064382
v 0.659301 -0.34336 -0.036266
v 0.767838 -0.357303 0.064382
v 0.679844 -0.369211 0.066704
v 0.679844 -0.369211 0.066704
v 0.767838 -0.357303 0.064382
v 0.798097 -0.40032 0.175371
v 0.679844 -0.369211 0.066704
v 0.798097 -0.40032 0.175371
v 0.704874 -0.413015 0.177104
v 0.56688 -0.326265 -0.041296
v 0.659301 -0.34336 -0.036266
v 0.679844 -0.369211 0.066704
v 0.56688 -0.326265 -0.041296
v 0.679844 -0.369211 0.066704
v 0.590097 -0.350101 0.065979
v 0.590097 -0.350101 0.065979
v 0.679844 -0.369211 0.066704
v 0.704874 -0.413015 0.177104
v 0.590097 -0.350101 0.065979
v 0.704874 -0.413015 0.177104
v 0.610917 -0.386284 0.178822
v 0.534338 -0.295669 0.063636
v 0.519568 -0.285591 -0.045139
v 0.56688 -0.326265 -0.041296
v 0.534338 -0.295669 0.063636
v 0.56688 -0.326265 -0.041296
v 0.590097 -0.350101 0.065979
v 0.553602 -0.322052 0.179636
v 0.534338 -0.295669 0.063636
v 0.590097 -0.350101 0.065979
v 0.553602 -0.322052 0.179636
v 0.590097 -0.350101 0.065979
v 0.610917 -0.386284 0.178822
v 0.480595 -0.248518 -0.047616
v 0.519568 -0.285591 -0.045139
v 0.534338 -0.295669 0.063636
v 0.480595 -0.248518 -0.047616
v 0.534338 -0.295669 0.063636
v 0.485284 -0.245371 0.059037
v 0.485284 -0.245371 0.059037
v 0.534338 -0.295669 0.063636
v 0.553602 -0.322052 0.179636
v 0.485284 -0.245371 0.059037
v 0.553602 -0.322052 0.179636
v 0.50066 -0.252027 0.18103
v 0.50066 -0.252027 0.18103
v 0.553602 -0.322052 0.179636
v 0.580182 -0.346281 0.318825
v 0.50066 -0.252027 0.18103
v 0.580182 -0.346281 0.318825
v 0.518638 -0.265754 0.336497
v 0.41702 -0.219797 0.059016
v 0.485284 -0.245371 0.059037
v 0.50066 -0.252027 0.18103
v 0.41702 -0.219797 0.059016
v 0.50066 -0.252027 0.18103
v 0.423456 -0.219206 0.177635
v 0.423456 -0.219206 0.177635
v 0.50066 -0.252027 0.18103
v 0.518638 -0.265754 0.336497
v 0.423456 -0.219206 0.177635
v 0.518638 -0.265754 0.336497
v 0.433229 -0.218949 0.304678
v 0.328382 -0.215916 0.057783
v 0.41702 -0.219797 0.059016
v 0.423456 -0.219206 0.177635
v 0.328382 -0.215916 0.057783
v 0.423456 -0.219206 0.177635
v 0.330364 -0.215916 0.174737
v 0.330364 -0.215916 0.174737
v 0.423456 -0.219206 0.177635
v 0.433229 -0.218949 0.304678
v 0.330364 -0.215916 0.174737
v 0.433229 -0.218949 0.304678
v 0.336308 -0.215916 0.292471
v 0.336308 -0.215916 0.292471
v 0.433229 -0.218949 0.304678
v 0.459678 -0.222053 0.419402
v 0.336308 -0.215916 0.292471
v 0.459678 -0.222053 0.419402
v 0.349168 -0.215911 0.404667
v 0.224348 -0.215916 0.172438
v 0.330364 -0.215916 0.174737
v 0.336308 -0.215916 0.292471
v 0.224348 -0.215916 0.172438
v 0.336308 -0.215916 0.292471
v 0.228819 -0.215916 0.286884
v 0.228819 -0.215916 0.286884
v 0.336308 -0.215916 0.292471
v 0.349168 -0.215911 0.404667
v 0.228819 -0.215916 0.286884
v 0.349168 -0.215911 0.404667
v 0.234753 -0.215916 0.398695
v 0.349168 -0.215911 0.404667
v 0.459678 -0.222053 0.419402
v 0.462617 -0.209978 0.520171
v 0.349168 -0.215911 0.404667
v 0.462617 -0.209978 0.520171
v 0.364069 -0.20557 0.510355
v 0.234753 -0.215916 0.398695
v 0.349168 -0.215911 0.404667
v 0.364069 -0.20557 0.510355
v 0.234753 -0.215916 0.398695
v 0.364069 -0.20557 0.510355
v 0.245715 -0.204936 0.509354
v 0.364069 -0.20557 0.510355
v 0.462617 -0.209978 0.520171
v 0.479641 -0.179664 0.615045
v 0.364069 -0.20557 0.510355
v 0.479641 -0.179664 0.615045
v 0.39617 -0.168153 0.611165
v 0.245715 -0.204936 0.509354
v 0.364069 -0.20557 0.510355
v 0.39617 -0.168153 0.611165
v 0.245715 -0.204936 0.509354
v 0.39617 -0.168153 0.611165
v 0.26507 -0.1626 0.614705
v 0.234753 -0.215916 0.398695
v 0.245715 -0.204936 0.509354
v 0.11696 -0.204616 0.508345
v 0.234753 -0.215916 0.398695
v 0.11696 -0.204616 0.508345
v 0.113482 -0.215916 0.395331
v 0.245715 -0.204936 0.509354
v 0.26507 -0.1626 0.614705
v 0.119591 -0.159309 0.616229
v 0.245715 -0.204936 0.509354
v 0.119591 -0.159309 0.616229
v 0.11696 -0.204616 0.508345
v 0.113482 -0.215916 0.395331
v 0.11696 -0.204616 0.508345
v -0.012713 -0.207272 0.508701
v 0.113482 -0.215916 0.395331
v -0.012713 -0.207272 0.508701
v -0.012713 -0.215916 0.39932
v 0.11696 -0.204616 0.508345
v 0.119591 -0.159309 0.616229
v -0.012713 -0.157772 0.617111
v 0.11696 -0.204616 0.508345
v -0.012713 -0.157772 0.617111
v -0.012713 -0.207272 0.508701
v -0.138908 -0.215916 0.395331
v -0.012713 -0.215916 0.39932
v -0.012713 -0.207272 0.508701
v -0.138908 -0.215916 0.395331
v -0.012713 -0.207272 0.508701
v -0.142386 -0.204616 0.508345
v -0.142386 -0.204616 0.508345
v -0.012713 -0.207272 0.508701
v -0.012713 -0.157772 0.617111
v -0.142386 -0.204616 0.508345
v -0.012713 -0.157772 0.617111
v -0.145017 -0.159309 0.616229
v -0.260179 -0.215916 0.398695
v -0.138908 -0.215916 0.395331
v -0.142386 -0.204616 0.508345
v -0.260179 -0.215916 0.398695
v -0.142386 -0.204616 0.508345
v -0.271141 -0.204936 0.509354
v -0.271141 -0.204936 0.509354
v -0.142386 -0.204616 0.508345
v -0.145017 -0.159309 0.616229
v -0.271141 -0.204936 0.509354
v -0.145017 -0.159309 0.616229
v -0.290496 -0.1626 0.614705
v -0.145017 -0.159309 0.616229
v -0.138269 -0.069531 0.679808
v -0.293399 -0.070114 0.680162
v -0.145017 -0.159309 0.616229
v -0.293399 -0.070114 0.680162
v -0.290496 -0.1626 0.614705
v -0.271141 -0.204936 0.509354
v -0.290496 -0.1626 0.614705
v -0.421596 -0.168153 0.611165
v -0.271141 -0.204936 0.509354
v -0.421596 -0.168153 0.611165
v -0.389495 -0.20557 0.510355
v -0.290496 -0.1626 0.614705
v -0.293399 -0.070114 0.680162
v -0.494736 -0.08395 0.681988
v -0.290496 -0.1626 0.614705
v -0.494736 -0.08395 0.681988
v -0.421596 -0.168153 0.611165
v -0.505067 -0.179664 0.615045
v -0.421596 -0.168153 0.611165
v -0.494736 -0.08395 0.681988
v -0.505067 -0.179664 0.615045
v -0.494736 -0.08395 0.681988
v -0.519578 -0.087994 0.688873
v -0.505067 -0.179664 0.615045
v -0.519578 -0.087994 0.688873
v -0.544514 -0.102515 0.703597
v -0.544514 -0.102515 0.703597
v -0.595954 -0.157518 0.759941
v -0.568923 -0.223281 0.654848
v -0.544514 -0.102515 0.703597
v -0.568923 -0.223281 0.654848
v -0.505067 -0.179664 0.615045
v -0.616383 -0.293436 0.720694
v -0.568923 -0.223281 0.654848
v -0.595954 -0.157518 0.759941
v -0.616383 -0.293436 0.720694
v -0.595954 -0.157518 0.759941
v -0.621213 -0.228381 0.79668
v -0.616383 -0.293436 0.720694
v -0.621213 -0.228381 0.79668
v -0.642247 -0.29261 0.840664
v -0.616383 -0.293436 0.720694
v -0.642247 -0.29261 0.840664
v -0.641812 -0.35752 0.796985
v -0.66709 -0.337839 0.886956
v -0.665215 -0.400652 0.851745
v -0.641812 -0.35752 0.796985
v -0.66709 -0.337839 0.886956
v -0.641812 -0.35752 0.796985
v -0.642247 -0.29261 0.840664
v -0.665215 -0.400652 0.851745
v -0.671948 -0.446678 0.81361
v -0.651411 -0.421352 0.750309
v -0.665215 -0.400652 0.851745
v -0.651411 -0.421352 0.750309
v -0.641812 -0.35752 0.796985
v -0.616383 -0.293436 0.720694
v -0.641812 -0.35752 0.796985
v -0.651411 -0.421352 0.750309
v -0.616383 -0.293436 0.720694
v -0.651411 -0.421352 0.750309
v -0.622224 -0.355008 0.631892
v -0.671948 -0.446678 0.81361
v -0.698157 -0.487513 0.812866
v -0.687324 -0.495711 0.733314
v -0.671948 -0.446678 0.81361
v -0.687324 -0.495711 0.733314
v -0.651411 -0.421352 0.750309
v -0.687324 -0.495711 0.733314
v -0.656001 -0.455548 0.600768
v -0.622224 -0.355008 0.631892
v -0.687324 -0.495711 0.733314
v -0.622224 -0.355008 0.631892
v -0.651411 -0.421352 0.750309
v -0.656001 -0.455548 0.600768
v -0.625972 -0.397997 0.452214
v -0.580178 -0.290734 0.475363
v -0.656001 -0.455548 0.600768
v -0.580178 -0.290734 0.475363
v -0.622224 -0.355008 0.631892
v -0.622224 -0.355008 0.631892
v -0.580178 -0.290734 0.475363
v -0.571673 -0.262947 0.559987
v -0.616383 -0.293436 0.720694
v -0.622224 -0.355008 0.631892
v -0.571673 -0.262947 0.559987
v -0.616383 -0.293436 0.720694
v -0.571673 -0.262947 0.559987
v -0.568923 -0.223281 0.654848
v -0.505067 -0.179664 0.615045
v -0.568923 -0.223281 0.654848
v -0.571673 -0.262947 0.559987
v -0.505067 -0.179664 0.615045
v -0.571673 -0.262947 0.559987
v -0.488043 -0.209978 0.520171
v -0.488043 -0.209978 0.520171
v -0.571673 -0.262947 0.559987
v -0.580178 -0.290734 0.475363
v -0.488043 -0.209978 0.520171
v -0.580178 -0.290734 0.475363
v -0.485104 -0.222053 0.419402
v -0.389495 -0.20557 0.510355
v -0.421596 -0.168153 0.611165
v -0.505067 -0.179664 0.615045
v -0.389495 -0.20557 0.510355
v -0.505067 -0.179664 0.615045
v -0.488043 -0.209978 0.520171
v -0.374594 -0.215911 0.404667
v -0.389495 -0.20557 0.510355
v -0.488043 -0.209978 0.520171
v -0.374594 -0.215911 0.404667
v -0.488043 -0.209978 0.520171
v -0.485104 -0.222053 0.419402
v -0.361734 -0.215916 0.292471
v -0.374594 -0.215911 0.404667
v -0.485104 -0.222053 0.419402
v -0.361734 -0.215916 0.292471
v -0.485104 -0.222053 0.419402
v -0.458655 -0.218949 0.304678
v -0.485104 -0.222053 0.419402
v -0.580178 -0.290734 0.475363
v -0.544064 -0.265754 0.336497
v -0.485104 -0.222053 0.419402
v -0.544064 -0.265754 0.336497
v -0.458655 -0.218949 0.304678
v -0.35579 -0.215916 0.174737
v -0.361734 -0.215916 0.292471
v -0.458655 -0.218949 0.304678
v -0.35579 -0.215916 0.174737
v -0.458655 -0.218949 0.304678
v -0.448882 -0.219206 0.177635
v -0.448882 -0.219206 0.177635
v -0.458655 -0.218949 0.304678
v -0.544064 -0.265754 0.336497
v -0.448882 -0.219206 0.177635
v -0.544064 -0.265754 0.336497
v -0.526086 -0.252027 0.18103
v -0.526086 -0.252027 0.18103
v -0.544064 -0.265754 0.336497
v -0.605608 -0.346281 0.318825
v -0.526086 -0.252027 0.18103
v -0.605608 -0.346281 0.318825
v -0.579028 -0.322052 0.179636
v -0.605608 -0.346281 0.318825
v -0.544064 -0.265754 0.336497
v -0.580178 -0.290734 0.475363
v -0.605608 -0.346281 0.318825
v -0.580178 -0.290734 0.475363
v -0.625972 -0.397997 0.452214
v -0.605608 -0.346281 0.318825
v -0.659646 -0.43288 0.312076
v -0.636343 -0.386284 0.178822
v -0.605608 -0.346281 0.318825
v -0.636343 -0.386284 0.178822
v -0.579028 -0.322052 0.179636
v -0.659646 -0.43288 0.312076
v -0.605608 -0.346281 0.318825
v -0.625972 -0.397997 0.452214
v -0.659646 -0.43288 0.312076
v -0.625972 -0.397997 0.452214
v -0.688745 -0.482042 0.442734
v -0.636343 -0.386284 0.178822
v -0.659646 -0.43288 0.312076
v -0.759285 -0.466949 0.298082
v -0.636343 -0.386284 0.178822
v -0.759285 -0.466949 0.298082
v -0.7303 -0.413015 0.177104
v -0.787783 -0.51566 0.426953
v -0.759285 -0.466949 0.298082
v -0.659646 -0.43288 0.312076
v -0.787783 -0.51566 0.426953
v -0.659646 -0.43288 0.312076
v -0.688745 -0.482042 0.442734
v -0.8156 -0.550493 0.565544
v -0.787783 -0.51566 0.426953
v -0.688745 -0.482042 0.442734
v -0.8156 -0.550493 0.565544
v -0.688745 -0.482042 0.442734
v -0.723804 -0.530506 0.583582
v -0.723804 -0.530506 0.583582
v -0.688745 -0.482042 0.442734
v -0.625972 -0.397997 0.452214
v -0.723804 -0.530506 0.583582
v -0.625972 -0.397997 0.452214
v -0.656001 -0.455548 0.600768
v -0.723804 -0.530506 0.583582
v -0.748562 -0.548778 0.707011
v -0.828884 -0.558485 0.69115
v -0.723804 -0.530506 0.583582
v -0.828884 -0.558485 0.69115
v -0.8156 -0.550493 0.565544
v -0.748562 -0.548778 0.707011
v -0.723804 -0.530506 0.583582
v -0.656001 -0.455548 0.600768
v -0.748562 -0.548778 0.707011
v -0.656001 -0.455548 0.600768
v -0.687324 -0.495711 0.733314
v -0.828884 -0.558485 0.69115
v -0.748562 -0.548778 0.707011
v -0.759972 -0.531037 0.808327
v -0.828884 -0.558485 0.69115
v -0.759972 -0.531037 0.808327
v -0.837858 -0.537362 0.792445
v -0.748562 -0.548778 0.707011
v -0.687324 -0.495711 0.733314
v -0.698157 -0.487513 0.812866
v -0.748562 -0.548778 0.707011
v -0.698157 -0.487513 0.812866
v -0.759972 -0.531037 0.808327
v -0.905636 -0.541641 0.679845
v -0.828884 -0.558485 0.69115
v -0.837858 -0.537362 0.792445
v -0.905636 -0.541641 0.679845
v -0.837858 -0.537362 0.792445
v -0.904849 -0.521324 0.773563
v -0.905636 -0.541641 0.679845
v -0.910036 -0.532032 0.557079
v -0.8156 -0.550493 0.565544
v -0.905636 -0.541641 0.679845
v -0.8156 -0.550493 0.565544
v -0.828884 -0.558485 0.69115
v -0.972674 -0.492844 0.676153
v -0.985636 -0.474428 0.561484
v -0.910036 -0.532032 0.557079
v -0.972674 -0.492844 0.676153
v -0.910036 -0.532032 0.557079
v -0.905636 -0.541641 0.679845
v -0.972674 -0.492844 0.676153
v -0.905636 -0.541641 0.679845
v -0.904849 -0.521324 0.773563
v -0.972674 -0.492844 0.676153
v -0.904849 -0.521324 0.773563
v -0.952456 -0.493232 0.752704
v -0.985636 -0.474428 0.561484
v -0.975921 -0.442157 0.429187
v -0.887912 -0.501426 0.421384
v -0.985636 -0.474428 0.561484
v -0.887912 -0.501426 0.421384
v -0.910036 -0.532032 0.557079
v -0.787783 -0.51566 0.426953
v -0.8156 -0.550493 0.565544
v -0.910036 -0.532032 0.557079
v -0.787783 -0.51566 0.426953
v -0.910036 -0.532032 0.557079
v -0.887912 -0.501426 0.421384
v -0.975921 -0.442157 0.429187
v -0.946617 -0.397999 0.296986
v -0.857851 -0.452365 0.292706
v -0.975921 -0.442157 0.429187
v -0.857851 -0.452365 0.292706
v -0.887912 -0.501426 0.421384
v -0.759285 -0.466949 0.298082
v -0.787783 -0.51566 0.426953
v -0.887912 -0.501426 0.421384
v -0.759285 -0.466949 0.298082
v -0.887912 -0.501426 0.421384
v -0.857851 -0.452365 0.292706
v -0.7303 -0.413015 0.177104
v -0.759285 -0.466949 0.298082
v -0.857851 -0.452365 0.292706
v -0.7303 -0.413015 0.177104
v -0.857851 -0.452365 0.292706
v -0.823523 -0.40032 0.175371
v -0.823523 -0.40032 0.175371
v -0.857851 -0.452365 0.292706
v -0.946617 -0.397999 0.296986
v -0.823523 -0.40032 0.175371
v -0.946617 -0.397999 0.296986
v -0.909288 -0.352346 0.172829
v -0.909288 -0.352346 0.172829
v -0.946617 -0.397999 0.296986
v -0.999105 -0.308351 0.315503
v -0.909288 -0.352346 0.172829
v -0.999105 -0.308351 0.315503
v -0.965837 -0.26733 0.18198
v -0.999105 -0.308351 0.315503
v -0.946617 -0.397999 0.296986
v -0.975921 -0.442157 0.429187
v -0.999105 -0.308351 0.315503
v -0.975921 -0.442157 0.429187
v -1.02208 -0.35182 0.451246
v -0.965837 -0.26733 0.18198
v -0.999105 -0.308351 0.315503
v -1.02225 -0.209005 0.341868
v -0.965837 -0.26733 0.18198
v -1.02225 -0.209005 0.341868
v -0.991971 -0.168659 0.199754
v -0.999105 -0.308351 0.315503
v -1.02208 -0.35182 0.451246
v -1.04039 -0.251609 0.482621
v -0.999105 -0.308351 0.315503
v -1.04039 -0.251609 0.482621
v -1.02225 -0.209005 0.341868
v -1.02208 -0.35182 0.451246
v -1.02801 -0.390697 0.58257
v -1.04152 -0.296844 0.613595
v -1.02208 -0.35182 0.451246
v -1.04152 -0.296844 0.613595
v -1.04039 -0.251609 0.482621
v -1.02801 -0.390697 0.58257
v -1.02208 -0.35182 0.451246
v -0.975921 -0.442157 0.429187
v -1.02801 -0.390697 0.58257
v -0.975921 -0.442157 0.429187
v -0.985636 -0.474428 0.561484
v -1.02801 -0.390697 0.58257
v -1.01362 -0.419527 0.694612
v -1.02547 -0.33522 0.724833
v -1.02801 -0.390697 0.58257
v -1.02547 -0.33522 0.724833
v -1.04152 -0.296844 0.613595
v -1.01362 -0.419527 0.694612
v -1.02801 -0.390697 0.58257
v -0.985636 -0.474428 0.561484
v -1.01362 -0.419527 0.694612
v -0.985636 -0.474428 0.561484
v -0.972674 -0.492844 0.676153
v -1.01362 -0.419527 0.694612
v -0.983652 -0.435779 0.777531
v -1.00105 -0.356946 0.791715
v -1.01362 -0.419527 0.694612
v -1.00105 -0.356946 0.791715
v -1.02547 -0.33522 0.724833
v -1.01362 -0.419527 0.694612
v -0.972674 -0.492844 0.676153
v -0.952456 -0.493232 0.752704
v -1.01362 -0.419527 0.694612
v -0.952456 -0.493232 0.752704
v -0.983652 -0.435779 0.777531
v -1.00105 -0.356946 0.791715
v -0.983652 -0.435779 0.777531
v -0.929171 -0.461226 0.836378
v -1.00105 -0.356946 0.791715
v -0.929171 -0.461226 0.836378
v -0.947426 -0.366531 0.867915
v -0.929171 -0.461226 0.836378
v -0.983652 -0.435779 0.777531
v -0.952456 -0.493232 0.752704
v -0.929171 -0.461226 0.836378
v -0.952456 -0.493232 0.752704
v -0.904849 -0.521324 0.773563
v -0.861419 -0.472909 0.874572
v -0.929171 -0.461226 0.836378
v -0.904849 -0.521324 0.773563
v -0.861419 -0.472909 0.874572
v -0.904849 -0.521324 0.773563
v -0.837858 -0.537362 0.792445
v -0.877528 -0.37056 0.913166
v -0.947426 -0.366531 0.867915
v -0.929171 -0.461226 0.836378
v -0.877528 -0.37056 0.913166
v -0.929171 -0.461226 0.836378
v -0.861419 -0.472909 0.874572
v -0.796393 -0.366782 0.932557
v -0.877528 -0.37056 0.913166
v -0.861419 -0.472909 0.874572
v -0.796393 -0.366782 0.932557
v -0.861419 -0.472909 0.874572
v -0.78196 -0.466774 0.895695
v -0.78196 -0.466774 0.895695
v -0.861419 -0.472909 0.874572
v -0.837858 -0.537362 0.792445
v -0.78196 -0.466774 0.895695
v -0.837858 -0.537362 0.792445
v -0.759972 -0.531037 0.808327
v -0.78196 -0.466774 0.895695
v -0.699688 -0.438217 0.88108
v -0.716219 -0.357262 0.926377
v -0.78196 -0.466774 0.895695
v -0.716219 -0.357262 0.926377
v -0.796393 -0.366782 0.932557
v -0.66709 -0.337839 0.886956
v -0.716219 -0.357262 0.926377
v -0.699688 -0.438217 0.88108
v -0.66709 -0.337839 0.886956
v -0.699688 -0.438217 0.88108
v -0.665215 -0.400652 0.851745
v -0.699688 -0.438217 0.88108
v -0.698157 -0.487513 0.812866
v -0.671948 -0.446678 0.81361
v -0.699688 -0.438217 0.88108
v -0.671948 -0.446678 0.81361
v -0.665215 -0.400652 0.851745
v -0.699688 -0.438217 0.88108
v -0.78196 -0.466774 0.895695
v -0.759972 -0.531037 0.808327
v -0.699688 -0.438217 0.88108
v -0.759972 -0.531037 0.808327
v -0.698157 -0.487513 0.812866
v -0.932928 -0.233912 0.055065
v -0.965837 -0.26733 0.18198
v -0.991971 -0.168659 0.199754
v -0.932928 -0.233912 0.055065
v -0.991971 -0.168659 0.199754
v -0.956427 -0.133727 0.061558
v -0.904917 -0.208667 -0.055032
v -0.932928 -0.233912 0.055065
v -0.956427 -0.133727 0.061558
v -0.904917 -0.208667 -0.055032
v -0.956427 -0.133727 0.061558
v -0.92369 -0.113065 -0.05689
v -0.877094 -0.19465 -0.14921
v -0.904917 -0.208667 -0.055032
v -0.92369 -0.113065 -0.05689
v -0.877094 -0.19465 -0.14921
v -0.92369 -0.113065 -0.05689
v -0.893754 -0.102941 -0.158081
v -0.853815 -0.18991 -0.227307
v -0.877094 -0.19465 -0.14921
v -0.893754 -0.102941 -0.158081
v -0.853815 -0.18991 -0.227307
v -0.893754 -0.102941 -0.158081
v -0.866902 -0.097907 -0.245781
v -0.819036 -0.08768 -0.306808
v -0.812019 -0.184799 -0.281091
v -0.853815 -0.18991 -0.227307
v -0.819036 -0.08768 -0.306808
v -0.853815 -0.18991 -0.227307
v -0.866902 -0.097907 -0.245781
v -0.812019 -0.184799 -0.281091
v -0.788863 -0.255273 -0.260548
v -0.821886 -0.267275 -0.21369
v -0.812019 -0.184799 -0.281091
v -0.821886 -0.267275 -0.21369
v -0.853815 -0.18991 -0.227307
v -0.877094 -0.19465 -0.14921
v -0.853815 -0.18991 -0.227307
v -0.821886 -0.267275 -0.21369
v -0.877094 -0.19465 -0.14921
v -0.821886 -0.267275 -0.21369
v -0.836664 -0.275555 -0.141406
v -0.788863 -0.255273 -0.260548
v -0.743224 -0.301311 -0.251179
v -0.761679 -0.324182 -0.204975
v -0.788863 -0.255273 -0.260548
v -0.761679 -0.324182 -0.204975
v -0.821886 -0.267275 -0.21369
v -0.764108 -0.324873 -0.131233
v -0.836664 -0.275555 -0.141406
v -0.821886 -0.267275 -0.21369
v -0.764108 -0.324873 -0.131233
v -0.821886 -0.267275 -0.21369
v -0.761679 -0.324182 -0.204975
v -0.764108 -0.324873 -0.131233
v -0.769515 -0.333745 -0.036956
v -0.853984 -0.293045 -0.048426
v -0.764108 -0.324873 -0.131233
v -0.853984 -0.293045 -0.048426
v -0.836664 -0.275555 -0.141406
v -0.836664 -0.275555 -0.141406
v -0.853984 -0.293045 -0.048426
v -0.904917 -0.208667 -0.055032
v -0.836664 -0.275555 -0.141406
v -0.904917 -0.208667 -0.055032
v -0.877094 -0.19465 -0.14921
v -0.769515 -0.333745 -0.036956
v -0.793264 -0.357303 0.064382
v -0.875998 -0.317019 0.056376
v -0.769515 -0.333745 -0.036956
v -0.875998 -0.317019 0.056376
v -0.853984 -0.293045 -0.048426
v -0.853984 -0.293045 -0.048426
v -0.875998 -0.317019 0.056376
v -0.932928 -0.233912 0.055065
v -0.853984 -0.293045 -0.048426
v -0.932928 -0.233912 0.055065
v -0.904917 -0.208667 -0.055032
v -0.793264 -0.357303 0.064382
v -0.823523 -0.40032 0.175371
v -0.909288 -0.352346 0.172829
v -0.793264 -0.357303 0.064382
v -0.909288 -0.352346 0.172829
v -0.875998 -0.317019 0.056376
v -0.875998 -0.317019 0.056376
v -0.909288 -0.352346 0.172829
v -0.965837 -0.26733 0.18198
v -0.875998 -0.317019 0.056376
v -0.965837 -0.26733 0.18198
v -0.932928 -0.233912 0.055065
v -0.70527 -0.369211 0.066704
v -0.7303 -0.413015 0.177104
v -0.823523 -0.40032 0.175371
v -0.70527 -0.369211 0.066704
v -0.823523 -0.40032 0.175371
v -0.793264 -0.357303 0.064382
v -0.684727 -0.34336 -0.036266
v -0.70527 -0.369211 0.066704
v -0.793264 -0.357303 0.064382
v -0.684727 -0.34336 -0.036266
v -0.793264 -0.357303 0.064382
v -0.769515 -0.333745 -0.036956
v -0.615523 -0.350101 0.065979
v -0.636343 -0.386284 0.178822
v -0.7303 -0.413015 0.177104
v -0.615523 -0.350101 0.065979
v -0.7303 -0.413015 0.177104
v -0.70527 -0.369211 0.066704
v -0.592306 -0.326265 -0.041296
v -0.615523 -0.350101 0.065979
v -0.70527 -0.369211 0.066704
v -0.592306 -0.326265 -0.041296
v -0.70527 -0.369211 0.066704
v -0.684727 -0.34336 -0.036266
v -0.573954 -0.319828 -0.143837
v -0.592306 -0.326265 -0.041296
v -0.684727 -0.34336 -0.036266
v -0.573954 -0.319828 -0.143837
v -0.684727 -0.34336 -0.036266
v -0.673936 -0.339372 -0.132248
v -0.673936 -0.339372 -0.132248
v -0.684727 -0.34336 -0.036266
v -0.769515 -0.333745 -0.036956
v -0.673936 -0.339372 -0.132248
v -0.769515 -0.333745 -0.036956
v -0.764108 -0.324873 -0.131233
v -0.573954 -0.319828 -0.143837
v -0.673936 -0.339372 -0.132248
v -0.678225 -0.345791 -0.199014
v -0.573954 -0.319828 -0.143837
v -0.678225 -0.345791 -0.199014
v -0.59263 -0.338763 -0.202505
v -0.673936 -0.339372 -0.132248
v -0.764108 -0.324873 -0.131233
v -0.761679 -0.324182 -0.204975
v -0.673936 -0.339372 -0.132248
v -0.761679 -0.324182 -0.204975
v -0.678225 -0.345791 -0.199014
v -0.674602 -0.320205 -0.247479
v -0.618989 -0.319624 -0.248531
v -0.59263 -0.338763 -0.202505
v -0.674602 -0.320205 -0.247479
v -0.59263 -0.338763 -0.202505
v -0.678225 -0.345791 -0.199014
v -0.743224 -0.301311 -0.251179
v -0.674602 -0.320205 -0.247479
v -0.678225 -0.345791 -0.199014
v -0.743224 -0.301311 -0.251179
v -0.678225 -0.345791 -0.199014
v -0.761679 -0.324182 -0.204975
v -0.618989 -0.319624 -0.248531
v -0.568427 -0.305329 -0.253448
v -0.542904 -0.311109 -0.208977
v -0.618989 -0.319624 -0.248531
v -0.542904 -0.311109 -0.208977
v -0.59263 -0.338763 -0.202505
v -0.533073 -0.286565 -0.156597
v -0.573954 -0.319828 -0.143837
v -0.59263 -0.338763 -0.202505
v -0.533073 -0.286565 -0.156597
v -0.59263 -0.338763 -0.202505
v -0.542904 -0.311109 -0.208977
v -0.568427 -0.305329 -0.253448
v -0.522037 -0.271457 -0.26972
v -0.498621 -0.27136 -0.222769
v -0.568427 -0.305329 -0.253448
v -0.498621 -0.27136 -0.222769
v -0.542904 -0.311109 -0.208977
v -0.497083 -0.256405 -0.166784
v -0.533073 -0.286565 -0.156597
v -0.542904 -0.311109 -0.208977
v -0.497083 -0.256405 -0.166784
v -0.542904 -0.311109 -0.208977
v -0.498621 -0.27136 -0.222769
v -0.497083 -0.256405 -0.166784
v -0.506021 -0.248518 -0.047616
v -0.544994 -0.285591 -0.045139
v -0.497083 -0.256405 -0.166784
v -0.544994 -0.285591 -0.045139
v -0.533073 -0.286565 -0.156597
v -0.544994 -0.285591 -0.045139
v -0.592306 -0.326265 -0.041296
v -0.573954 -0.319828 -0.143837
v -0.544994 -0.285591 -0.045139
v -0.573954 -0.319828 -0.143837
v -0.533073 -0.286565 -0.156597
v -0.506021 -0.248518 -0.047616
v -0.51071 -0.245371 0.059037
v -0.559764 -0.295669 0.063636
v -0.506021 -0.248518 -0.047616
v -0.559764 -0.295669 0.063636
v -0.544994 -0.285591 -0.045139
v -0.559764 -0.295669 0.063636
v -0.615523 -0.350101 0.065979
v -0.592306 -0.326265 -0.041296
v -0.559764 -0.295669 0.063636
v -0.592306 -0.326265 -0.041296
v -0.544994 -0.285591 -0.045139
v -0.51071 -0.245371 0.059037
v -0.526086 -0.252027 0.18103
v -0.579028 -0.322052 0.179636
v -0.51071 -0.245371 0.059037
v -0.579028 -0.322052 0.179636
v -0.559764 -0.295669 0.063636
v -0.579028 -0.322052 0.179636
v -0.636343 -0.386284 0.178822
v -0.615523 -0.350101 0.065979
v -0.579028 -0.322052 0.179636
v -0.615523 -0.350101 0.065979
v -0.559764 -0.295669 0.063636
v -0.442446 -0.219797 0.059016
v -0.448882 -0.219206 0.177635
v -0.526086 -0.252027 0.18103
v -0.442446 -0.219797 0.059016
v -0.526086 -0.252027 0.18103
v -0.51071 -0.245371 0.059037
v -0.439272 -0.221355 -0.053545
v -0.442446 -0.219797 0.059016
v -0.51071 -0.245371 0.059037
v -0.439272 -0.221355 -0.053545
v -0.51071 -0.245371 0.059037
v -0.506021 -0.248518 -0.047616
v -0.353808 -0.215916 0.057783
v -0.35579 -0.215916 0.174737
v -0.448882 -0.219206 0.177635
v -0.353808 -0.215916 0.057783
v -0.448882 -0.219206 0.177635
v -0.442446 -0.219797 0.059016
v -0.354033 -0.215916 -0.0566
v -0.353808 -0.215916 0.057783
v -0.442446 -0.219797 0.059016
v -0.354033 -0.215916 -0.0566
v -0.442446 -0.219797 0.059016
v -0.439272 -0.221355 -0.053545
v -0.351573 -0.215916 -0.160694
v -0.354033 -0.215916 -0.0566
v -0.439272 -0.221355 -0.053545
v -0.351573 -0.215916 -0.160694
v -0.439272 -0.221355 -0.053545
v -0.437988 -0.225015 -0.160835
v -0.437988 -0.225015 -0.160835
v -0.439272 -0.221355 -0.053545
v -0.506021 -0.248518 -0.047616
v -0.437988 -0.225015 -0.160835
v -0.506021 -0.248518 -0.047616
v -0.497083 -0.256405 -0.166784
v -0.352995 -0.215931 -0.248017
v -0.351573 -0.215916 -0.160694
v -0.437988 -0.225015 -0.160835
v -0.352995 -0.215931 -0.248017
v -0.437988 -0.225015 -0.160835
v -0.448666 -0.239444 -0.256232
v -0.497083 -0.256405 -0.166784
v -0.498621 -0.27136 -0.222769
v -0.448666 -0.239444 -0.256232
v -0.497083 -0.256405 -0.166784
v -0.448666 -0.239444 -0.256232
v -0.437988 -0.225015 -0.160835
v -0.42748 -0.23182 -0.312182
v -0.448666 -0.239444 -0.256232
v -0.488661 -0.237096 -0.308601
v -0.42748 -0.23182 -0.312182
v -0.488661 -0.237096 -0.308601
v -0.462931 -0.201738 -0.357374
v -0.522037 -0.271457 -0.26972
v -0.488661 -0.237096 -0.308601
v -0.448666 -0.239444 -0.256232
v -0.522037 -0.271457 -0.26972
v -0.448666 -0.239444 -0.256232
v -0.498621 -0.27136 -0.222769
v -0.352995 -0.215931 -0.248017
v -0.448666 -0.239444 -0.256232
v -0.42748 -0.23182 -0.312182
v -0.352995 -0.215931 -0.248017
v -0.42748 -0.23182 -0.312182
v -0.358588 -0.216518 -0.322313
v -0.2505 -0.215916 -0.32621
v -0.246128 -0.215916 -0.245363
v -0.352995 -0.215931 -0.248017
v -0.2505 -0.215916 -0.32621
v -0.352995 -0.215931 -0.248017
v -0.358588 -0.216518 -0.322313
v -0.246128 -0.215916 -0.245363
v -0.243327 -0.215916 -0.157692
v -0.351573 -0.215916 -0.160694
v -0.246128 -0.215916 -0.245363
v -0.351573 -0.215916 -0.160694
v -0.352995 -0.215931 -0.248017
v -0.125986 -0.215203 -0.250702
v -0.128856 -0.215916 -0.163876
v -0.243327 -0.215916 -0.157692
v -0.125986 -0.215203 -0.250702
v -0.243327 -0.215916 -0.157692
v -0.246128 -0.215916 -0.245363
v -0.12996 -0.215916 -0.328225
v -0.125986 -0.215203 -0.250702
v -0.246128 -0.215916 -0.245363
v -0.12996 -0.215916 -0.328225
v -0.246128 -0.215916 -0.245363
v -0.2505 -0.215916 -0.32621
v -0.243327 -0.215916 -0.157692
v -0.128856 -0.215916 -0.163876
v -0.129694 -0.215916 -0.060787
v -0.243327 -0.215916 -0.157692
v -0.129694 -0.215916 -0.060787
v -0.245493 -0.215916 -0.055967
v -0.243327 -0.215916 -0.157692
v -0.245493 -0.215916 -0.055967
v -0.354033 -0.215916 -0.0566
v -0.243327 -0.215916 -0.157692
v -0.354033 -0.215916 -0.0566
v -0.351573 -0.215916 -0.160694
v -0.245493 -0.215916 -0.055967
v -0.24831 -0.215916 0.056055
v -0.353808 -0.215916 0.057783
v -0.245493 -0.215916 -0.055967
v -0.353808 -0.215916 0.057783
v -0.354033 -0.215916 -0.0566
v -0.245493 -0.215916 -0.055967
v -0.129694 -0.215916 -0.060787
v -0.132158 -0.215916 0.053467
v -0.245493 -0.215916 -0.055967
v -0.132158 -0.215916 0.053467
v -0.24831 -0.215916 0.056055
v -0.128856 -0.215916 -0.163876
v -0.012713 -0.215916 -0.167801
v -0.012713 -0.215916 -0.068156
v -0.128856 -0.215916 -0.163876
v -0.012713 -0.215916 -0.068156
v -0.129694 -0.215916 -0.060787
v -0.129694 -0.215916 -0.060787
v -0.012713 -0.215916 -0.068156
v -0.012713 -0.215916 0.052062
v -0.129694 -0.215916 -0.060787
v -0.012713 -0.215916 0.052062
v -0.132158 -0.215916 0.053467
v 0.10343 -0.215916 -0.163876
v 0.104268 -0.215916 -0.060787
v -0.012713 -0.215916 -0.068156
v 0.10343 -0.215916 -0.163876
v -0.012713 -0.215916 -0.068156
v -0.012713 -0.215916 -0.167801
v 0.104268 -0.215916 -0.060787
v 0.106732 -0.215916 0.053467
v -0.012713 -0.215916 0.052062
v 0.104268 -0.215916 -0.060787
v -0.012713 -0.215916 0.052062
v -0.012713 -0.215916 -0.068156
v 0.220067 -0.215916 -0.055967
v 0.222884 -0.215916 0.056055
v 0.106732 -0.215916 0.053467
v 0.220067 -0.215916 -0.055967
v 0.106732 -0.215916 0.053467
v 0.104268 -0.215916 -0.060787
v 0.217901 -0.215916 -0.157692
v 0.220067 -0.215916 -0.055967
v 0.104268 -0.215916 -0.060787
v 0.217901 -0.215916 -0.157692
v 0.104268 -0.215916 -0.060787
v 0.10343 -0.215916 -0.163876
v 0.222884 -0.215916 0.056055
v 0.224348 -0.215916 0.172438
v 0.108829 -0.215916 0.17257
v 0.222884 -0.215916 0.056055
v 0.108829 -0.215916 0.17257
v 0.106732 -0.215916 0.053467
v 0.106732 -0.215916 0.053467
v 0.108829 -0.215916 0.17257
v -0.012713 -0.215916 0.175491
v 0.106732 -0.215916 0.053467
v -0.012713 -0.215916 0.175491
v -0.012713 -0.215916 0.052062
v 0.224348 -0.215916 0.172438
v 0.228819 -0.215916 0.286884
v 0.111566 -0.215916 0.285374
v 0.224348 -0.215916 0.172438
v 0.111566 -0.215916 0.285374
v 0.108829 -0.215916 0.17257
v -0.012713 -0.215916 0.175491
v 0.108829 -0.215916 0.17257
v 0.111566 -0.215916 0.285374
v -0.012713 -0.215916 0.286521
v -0.012713 -0.215916 0.175491
v 0.111566 -0.215916 0.285374
v -0.132158 -0.215916 0.053467
v -0.012713 -0.215916 0.052062
v -0.012713 -0.215916 0.175491
v -0.132158 -0.215916 0.053467
v -0.012713 -0.215916 0.175491
v -0.134255 -0.215916 0.17257
v -0.136992 -0.215916 0.285374
v -0.134255 -0.215916 0.17257
v -0.012713 -0.215916 0.175491
v -0.012713 -0.215916 0.286521
v -0.136992 -0.215916 0.285374
v -0.012713 -0.215916 0.175491
v -0.136992 -0.215916 0.285374
v -0.012713 -0.215916 0.286521
v -0.012713 -0.215916 0.39932
v -0.136992 -0.215916 0.285374
v -0.012713 -0.215916 0.39932
v -0.138908 -0.215916 0.395331
v 0.111566 -0.215916 0.285374
v 0.113482 -0.215916 0.395331
v -0.012713 -0.215916 0.39932
v 0.111566 -0.215916 0.285374
v -0.012713 -0.215916 0.39932
v -0.012713 -0.215916 0.286521
v -0.249774 -0.215916 0.172438
v -0.134255 -0.215916 0.17257
v -0.136992 -0.215916 0.285374
v -0.249774 -0.215916 0.172438
v -0.136992 -0.215916 0.285374
v -0.254245 -0.215916 0.286884
v -0.254245 -0.215916 0.286884
v -0.136992 -0.215916 0.285374
v -0.138908 -0.215916 0.395331
v -0.254245 -0.215916 0.286884
v -0.138908 -0.215916 0.395331
v -0.260179 -0.215916 0.398695
v -0.249774 -0.215916 0.172438
v -0.254245 -0.215916 0.286884
v -0.361734 -0.215916 0.292471
v -0.249774 -0.215916 0.172438
v -0.361734 -0.215916 0.292471
v -0.35579 -0.215916 0.174737
v -0.254245 -0.215916 0.286884
v -0.260179 -0.215916 0.398695
v -0.374594 -0.215911 0.404667
v -0.254245 -0.215916 0.286884
v -0.374594 -0.215911 0.404667
v -0.361734 -0.215916 0.292471
v -0.260179 -0.215916 0.398695
v -0.271141 -0.204936 0.509354
v -0.389495 -0.20557 0.510355
v -0.260179 -0.215916 0.398695
v -0.389495 -0.20557 0.510355
v -0.374594 -0.215911 0.404667
v -0.24831 -0.215916 0.056055
v -0.132158 -0.215916 0.053467
v -0.134255 -0.215916 0.17257
v -0.24831 -0.215916 0.056055
v -0.134255 -0.215916 0.17257
v -0.249774 -0.215916 0.172438
v -0.24831 -0.215916 0.056055
v -0.249774 -0.215916 0.172438
v -0.35579 -0.215916 0.174737
v -0.24831 -0.215916 0.056055
v -0.35579 -0.215916 0.174737
v -0.353808 -0.215916 0.057783
v 0.228819 -0.215916 0.286884
v 0.234753 -0.215916 0.398695
v 0.113482 -0.215916 0.395331
v 0.228819 -0.215916 0.286884
v 0.113482 -0.215916 0.395331
v 0.111566 -0.215916 0.285374
v 0.222884 -0.215916 0.056055
v 0.328382 -0.215916 0.057783
v 0.330364 -0.215916 0.174737
v 0.222884 -0.215916 0.056055
v 0.330364 -0.215916 0.174737
v 0.224348 -0.215916 0.172438
v 0.220067 -0.215916 -0.055967
v 0.328607 -0.215916 -0.0566
v 0.328382 -0.215916 0.057783
v 0.220067 -0.215916 -0.055967
v 0.328382 -0.215916 0.057783
v 0.222884 -0.215916 0.056055
v 0.328607 -0.215916 -0.0566
v 0.413846 -0.221355 -0.053545
v 0.41702 -0.219797 0.059016
v 0.328607 -0.215916 -0.0566
v 0.41702 -0.219797 0.059016
v 0.328382 -0.215916 0.057783
v 0.217901 -0.215916 -0.157692
v 0.326147 -0.215916 -0.160694
v 0.328607 -0.215916 -0.0566
v 0.217901 -0.215916 -0.157692
v 0.328607 -0.215916 -0.0566
v 0.220067 -0.215916 -0.055967
v 0.326147 -0.215916 -0.160694
v 0.412562 -0.225015 -0.160835
v 0.413846 -0.221355 -0.053545
v 0.326147 -0.215916 -0.160694
v 0.413846 -0.221355 -0.053545
v 0.328607 -0.215916 -0.0566
v 0.412562 -0.225015 -0.160835
v 0.471657 -0.256405 -0.166784
v 0.480595 -0.248518 -0.047616
v 0.412562 -0.225015 -0.160835
v 0.480595 -0.248518 -0.047616
v 0.413846 -0.221355 -0.053545
v 0.413846 -0.221355 -0.053545
v 0.480595 -0.248518 -0.047616
v 0.485284 -0.245371 0.059037
v 0.413846 -0.221355 -0.053545
v 0.485284 -0.245371 0.059037
v 0.41702 -0.219797 0.059016
v 0.471657 -0.256405 -0.166784
v 0.507647 -0.286565 -0.156597
v 0.519568 -0.285591 -0.045139
v 0.471657 -0.256405 -0.166784
v 0.519568 -0.285591 -0.045139
v 0.480595 -0.248518 -0.047616
v 0.471657 -0.256405 -0.166784
v 0.473195 -0.27136 -0.222769
v 0.517478 -0.311109 -0.208977
v 0.471657 -0.256405 -0.166784
v 0.517478 -0.311109 -0.208977
v 0.507647 -0.286565 -0.156597
v 0.471657 -0.256405 -0.166784
v 0.412562 -0.225015 -0.160835
v 0.42324 -0.239444 -0.256232
v 0.471657 -0.256405 -0.166784
v 0.42324 -0.239444 -0.256232
v 0.473195 -0.27136 -0.222769
v 0.507647 -0.286565 -0.156597
v 0.517478 -0.311109 -0.208977
v 0.567204 -0.338763 -0.202505
v 0.507647 -0.286565 -0.156597
v 0.567204 -0.338763 -0.202505
v 0.548528 -0.319828 -0.143837
v 0.519568 -0.285591 -0.045139
v 0.507647 -0.286565 -0.156597
v 0.548528 -0.319828 -0.143837
v 0.519568 -0.285591 -0.045139
v 0.548528 -0.319828 -0.143837
v 0.56688 -0.326265 -0.041296
v 0.548528 -0.319828 -0.143837
v 0.64851 -0.339372 -0.132248
v 0.659301 -0.34336 -0.036266
v 0.548528 -0.319828 -0.143837
v 0.659301 -0.34336 -0.036266
v 0.56688 -0.326265 -0.041296
v 0.548528 -0.319828 -0.143837
v 0.567204 -0.338763 -0.202505
v 0.652799 -0.345791 -0.199014
v 0.548528 -0.319828 -0.143837
v 0.652799 -0.345791 -0.199014
v 0.64851 -0.339372 -0.132248
v 0.649176 -0.320205 -0.247479
v 0.652799 -0.345791 -0.199014
v 0.567204 -0.338763 -0.202505
v 0.649176 -0.320205 -0.247479
v 0.567204 -0.338763 -0.202505
v 0.593563 -0.319624 -0.248531
v 0.593563 -0.319624 -0.248531
v 0.567204 -0.338763 -0.202505
v 0.517478 -0.311109 -0.208977
v 0.593563 -0.319624 -0.248531
v 0.517478 -0.311109 -0.208977
v 0.543001 -0.305329 -0.253448
v 0.649176 -0.320205 -0.247479
v 0.593563 -0.319624 -0.248531
v 0.59998 -0.302796 -0.256766
v 0.649176 -0.320205 -0.247479
v 0.59998 -0.302796 -0.256766
v 0.646005 -0.303268 -0.255621
v 0.593563 -0.319624 -0.248531
v 0.543001 -0.305329 -0.253448
v 0.554202 -0.287725 -0.263432
v 0.593563 -0.319624 -0.248531
v 0.554202 -0.287725 -0.263432
v 0.59998 -0.302796 -0.256766
v 0.554202 -0.287725 -0.263432
v 0.543001 -0.305329 -0.253448
v 0.496611 -0.271457 -0.26972
v 0.554202 -0.287725 -0.263432
v 0.496611 -0.271457 -0.26972
v 0.510248 -0.258475 -0.278606
v 0.543001 -0.305329 -0.253448
v 0.517478 -0.311109 -0.208977
v 0.473195 -0.27136 -0.222769
v 0.543001 -0.305329 -0.253448
v 0.473195 -0.27136 -0.222769
v 0.496611 -0.271457 -0.26972
v 0.496611 -0.271457 -0.26972
v 0.463235 -0.237096 -0.308601
v 0.482457 -0.223462 -0.309983
v 0.496611 -0.271457 -0.26972
v 0.482457 -0.223462 -0.309983
v 0.510248 -0.258475 -0.278606
v 0.496611 -0.271457 -0.26972
v 0.473195 -0.27136 -0.222769
v 0.42324 -0.239444 -0.256232
v 0.496611 -0.271457 -0.26972
v 0.42324 -0.239444 -0.256232
v 0.463235 -0.237096 -0.308601
v 0.463235 -0.237096 -0.308601
v 0.437505 -0.201738 -0.357374
v 0.457327 -0.181291 -0.359419
v 0.463235 -0.237096 -0.308601
v 0.457327 -0.181291 -0.359419
v 0.482457 -0.223462 -0.309983
v 0.402054 -0.23182 -0.312182
v 0.437505 -0.201738 -0.357374
v 0.463235 -0.237096 -0.308601
v 0.402054 -0.23182 -0.312182
v 0.463235 -0.237096 -0.308601
v 0.42324 -0.239444 -0.256232
v 0.327569 -0.215931 -0.248017
v 0.333162 -0.216518 -0.322313
v 0.402054 -0.23182 -0.312182
v 0.327569 -0.215931 -0.248017
v 0.402054 -0.23182 -0.312182
v 0.42324 -0.239444 -0.256232
v 0.327569 -0.215931 -0.248017
v 0.42324 -0.239444 -0.256232
v 0.412562 -0.225015 -0.160835
v 0.327569 -0.215931 -0.248017
v 0.412562 -0.225015 -0.160835
v 0.326147 -0.215916 -0.160694
v 0.225074 -0.215916 -0.32621
v 0.333162 -0.216518 -0.322313
v 0.327569 -0.215931 -0.248017
v 0.225074 -0.215916 -0.32621
v 0.327569 -0.215931 -0.248017
v 0.220702 -0.215916 -0.245363
v 0.220702 -0.215916 -0.245363
v 0.327569 -0.215931 -0.248017
v 0.326147 -0.215916 -0.160694
v 0.220702 -0.215916 -0.245363
v 0.326147 -0.215916 -0.160694
v 0.217901 -0.215916 -0.157692
v 0.104534 -0.215916 -0.328225
v 0.225074 -0.215916 -0.32621
v 0.220702 -0.215916 -0.245363
v 0.104534 -0.215916 -0.328225
v 0.220702 -0.215916 -0.245363
v 0.10056 -0.215203 -0.250702
v 0.10056 -0.215203 -0.250702
v 0.220702 -0.215916 -0.245363
v 0.217901 -0.215916 -0.157692
v 0.10056 -0.215203 -0.250702
v 0.217901 -0.215916 -0.157692
v 0.10343 -0.215916 -0.163876
v -0.012713 -0.215916 -0.330662
v 0.104534 -0.215916 -0.328225
v 0.10056 -0.215203 -0.250702
v -0.012713 -0.215916 -0.330662
v 0.10056 -0.215203 -0.250702
v -0.012713 -0.215106 -0.252548
v -0.012713 -0.215106 -0.252548
v 0.10056 -0.215203 -0.250702
v 0.10343 -0.215916 -0.163876
v -0.012713 -0.215106 -0.252548
v 0.10343 -0.215916 -0.163876
v -0.012713 -0.215916 -0.167801
v -0.012713 -0.215916 -0.330662
v -0.012713 -0.215106 -0.252548
v -0.125986 -0.215203 -0.250702
v -0.012713 -0.215916 -0.330662
v -0.125986 -0.215203 -0.250702
v -0.12996 -0.215916 -0.328225
v -0.012713 -0.215106 -0.252548
v -0.012713 -0.215916 -0.167801
v -0.128856 -0.215916 -0.163876
v -0.012713 -0.215106 -0.252548
v -0.128856 -0.215916 -0.163876
v -0.125986 -0.215203 -0.250702
v 0.106212 -0.194094 -0.378048
v 0.104534 -0.215916 -0.328225
v -0.012713 -0.215916 -0.330662
v 0.106212 -0.194094 -0.378048
v -0.012713 -0.215916 -0.330662
v -0.012713 -0.196931 -0.3826
v -0.131638 -0.194094 -0.378048
v -0.012713 -0.196931 -0.3826
v -0.012713 -0.215916 -0.330662
v -0.131638 -0.194094 -0.378048
v -0.012713 -0.215916 -0.330662
v -0.12996 -0.215916 -0.328225
v -0.2505 -0.215916 -0.32621
v -0.251925 -0.196317 -0.374188
v -0.131638 -0.194094 -0.378048
v -0.2505 -0.215916 -0.32621
v -0.131638 -0.194094 -0.378048
v -0.12996 -0.215916 -0.328225
v -0.131638 -0.194094 -0.378048
v -0.130408 -0.136561 -0.423359
v -0.012713 -0.135158 -0.424708
v -0.131638 -0.194094 -0.378048
v -0.012713 -0.135158 -0.424708
v -0.012713 -0.196931 -0.3826
v -0.251925 -0.196317 -0.374188
v -0.245984 -0.135861 -0.422519
v -0.130408 -0.136561 -0.423359
v -0.251925 -0.196317 -0.374188
v -0.130408 -0.136561 -0.423359
v -0.131638 -0.194094 -0.378048
v -0.357702 -0.200747 -0.367186
v -0.34599 -0.131846 -0.422668
v -0.245984 -0.135861 -0.422519
v -0.357702 -0.200747 -0.367186
v -0.245984 -0.135861 -0.422519
v -0.251925 -0.196317 -0.374188
v -0.358588 -0.216518 -0.322313
v -0.357702 -0.200747 -0.367186
v -0.251925 -0.196317 -0.374188
v -0.358588 -0.216518 -0.322313
v -0.251925 -0.196317 -0.374188
v -0.2505 -0.215916 -0.32621
v -0.42748 -0.23182 -0.312182
v -0.462931 -0.201738 -0.357374
v -0.357702 -0.200747 -0.367186
v -0.42748 -0.23182 -0.312182
v -0.357702 -0.200747 -0.367186
v -0.358588 -0.216518 -0.322313
v -0.462931 -0.201738 -0.357374
v -0.449399 -0.125355 -0.41669
v -0.34599 -0.131846 -0.422668
v -0.462931 -0.201738 -0.357374
v -0.34599 -0.131846 -0.422668
v -0.357702 -0.200747 -0.367186
v -0.449399 -0.125355 -0.41669
v -0.446822 -0.05699 -0.448527
v -0.338147 -0.065197 -0.451603
v -0.449399 -0.125355 -0.41669
v -0.338147 -0.065197 -0.451603
v -0.34599 -0.131846 -0.422668
v -0.34599 -0.131846 -0.422668
v -0.338147 -0.065197 -0.451603
v -0.243557 -0.064943 -0.453881
v -0.34599 -0.131846 -0.422668
v -0.243557 -0.064943 -0.453881
v -0.245984 -0.135861 -0.422519
v -0.446822 -0.05699 -0.448527
v -0.448732 0.002919 -0.464077
v -0.340311 -0.004712 -0.466957
v -0.446822 -0.05699 -0.448527
v -0.340311 -0.004712 -0.466957
v -0.338147 -0.065197 -0.451603
v -0.338147 -0.065197 -0.451603
v -0.340311 -0.004712 -0.466957
v -0.244633 -0.004273 -0.469528
v -0.338147 -0.065197 -0.451603
v -0.244633 -0.004273 -0.469528
v -0.243557 -0.064943 -0.453881
v -0.245984 -0.135861 -0.422519
v -0.243557 -0.064943 -0.453881
v -0.129688 -0.066555 -0.454568
v -0.245984 -0.135861 -0.422519
v -0.129688 -0.066555 -0.454568
v -0.130408 -0.136561 -0.423359
v -0.243557 -0.064943 -0.453881
v -0.244633 -0.004273 -0.469528
v -0.131218 -0.003839 -0.470872
v -0.243557 -0.064943 -0.453881
v -0.131218 -0.003839 -0.470872
v -0.129688 -0.066555 -0.454568
v -0.129688 -0.066555 -0.454568
v -0.131218 -0.003839 -0.470872
v -0.012713 -0.004775 -0.470841
v -0.129688 -0.066555 -0.454568
v -0.012713 -0.004775 -0.470841
v -0.012713 -0.062769 -0.456108
v 0.104262 -0.066555 -0.454568
v -0.012713 -0.062769 -0.456108
v -0.012713 -0.004775 -0.470841
v 0.104262 -0.066555 -0.454568
v -0.012713 -0.004775 -0.470841
v 0.105792 -0.003839 -0.470872
v 0.218131 -0.064943 -0.453881
v 0.104262 -0.066555 -0.454568
v 0.105792 -0.003839 -0.470872
v 0.218131 -0.064943 -0.453881
v 0.105792 -0.003839 -0.470872
v 0.219207 -0.004273 -0.469528
v 0.312721 -0.065197 -0.451603
v 0.218131 -0.064943 -0.453881
v 0.219207 -0.004273 -0.469528
v 0.312721 -0.065197 -0.451603
v 0.219207 -0.004273 -0.469528
v 0.314885 -0.004712 -0.466957
v 0.421396 -0.05699 -0.448527
v 0.312721 -0.065197 -0.451603
v 0.314885 -0.004712 -0.466957
v 0.421396 -0.05699 -0.448527
v 0.314885 -0.004712 -0.466957
v 0.423306 0.002919 -0.464077
v 0.423973 -0.125355 -0.41669
v 0.320564 -0.131846 -0.422668
v 0.312721 -0.065197 -0.451603
v 0.423973 -0.125355 -0.41669
v 0.312721 -0.065197 -0.451603
v 0.421396 -0.05699 -0.448527
v 0.437505 -0.201738 -0.357374
v 0.332276 -0.200747 -0.367186
v 0.320564 -0.131846 -0.422668
v 0.437505 -0.201738 -0.357374
v 0.320564 -0.131846 -0.422668
v 0.423973 -0.125355 -0.41669
v 0.437505 -0.201738 -0.357374
v 0.423973 -0.125355 -0.41669
v 0.440014 -0.145088 -0.39659
v 0.437505 -0.201738 -0.357374
v 0.440014 -0.145088 -0.39659
v 0.457327 -0.181291 -0.359419
v 0.423973 -0.125355 -0.41669
v 0.444286 -0.131845 -0.402901
v 0.440014 -0.145088 -0.39659
v 0.423973 -0.125355 -0.41669
v 0.459889 -0.115874 -0.405389
v 0.462288 -0.122704 -0.399582
v 0.423973 -0.125355 -0.41669
v 0.462288 -0.122704 -0.399582
v 0.444286 -0.131845 -0.402901
v 0.443474 -0.106716 -0.418576
v 0.455083 -0.109011 -0.419754
v 0.459889 -0.115874 -0.405389
v 0.443474 -0.106716 -0.418576
v 0.459889 -0.115874 -0.405389
v 0.423973 -0.125355 -0.41669
v 0.320564 -0.131846 -0.422668
v 0.220558 -0.135861 -0.422519
v 0.218131 -0.064943 -0.453881
v 0.320564 -0.131846 -0.422668
v 0.218131 -0.064943 -0.453881
v 0.312721 -0.065197 -0.451603
v 0.332276 -0.200747 -0.367186
v 0.226499 -0.196317 -0.374188
v 0.220558 -0.135861 -0.422519
v 0.332276 -0.200747 -0.367186
v 0.220558 -0.135861 -0.422519
v 0.320564 -0.131846 -0.422668
v 0.220558 -0.135861 -0.422519
v 0.104982 -0.136561 -0.423359
v 0.104262 -0.066555 -0.454568
v 0.220558 -0.135861 -0.422519
v 0.104262 -0.066555 -0.454568
v 0.218131 -0.064943 -0.453881
v 0.226499 -0.196317 -0.374188
v 0.106212 -0.194094 -0.378048
v 0.104982 -0.136561 -0.423359
v 0.226499 -0.196317 -0.374188
v 0.104982 -0.136561 -0.423359
v 0.220558 -0.135861 -0.422519
v 0.225074 -0.215916 -0.32621
v 0.104534 -0.215916 -0.328225
v 0.106212 -0.194094 -0.378048
v 0.225074 -0.215916 -0.32621
v 0.106212 -0.194094 -0.378048
v 0.226499 -0.196317 -0.374188
v 0.333162 -0.216518 -0.322313
v 0.225074 -0.215916 -0.32621
v 0.226499 -0.196317 -0.374188
v 0.333162 -0.216518 -0.322313
v 0.226499 -0.196317 -0.374188
v 0.332276 -0.200747 -0.367186
v 0.106212 -0.194094 -0.378048
v -0.012713 -0.196931 -0.3826
v -0.012713 -0.135158 -0.424708
v 0.106212 -0.194094 -0.378048
v -0.012713 -0.135158 -0.424708
v 0.104982 -0.136561 -0.423359
v 0.104982 -0.136561 -0.423359
v -0.012713 -0.135158 -0.424708
v -0.012713 -0.062769 -0.456108
v 0.104982 -0.136561 -0.423359
v -0.012713 -0.062769 -0.456108
v 0.104262 -0.066555 -0.454568
v -0.130408 -0.136561 -0.423359
v -0.129688 -0.066555 -0.454568
v -0.012713 -0.062769 -0.456108
v -0.130408 -0.136561 -0.423359
v -0.012713 -0.062769 -0.456108
v -0.012713 -0.135158 -0.424708
v 0.402054 -0.23182 -0.312182
v 0.333162 -0.216518 -0.322313
v 0.332276 -0.200747 -0.367186
v 0.402054 -0.23182 -0.312182
v 0.332276 -0.200747 -0.367186
v 0.437505 -0.201738 -0.357374
v 0.443474 -0.106716 -0.418576
v 0.443474 -0.106716 -0.363797
v 0.455083 -0.109011 -0.364976
v 0.443474 -0.106716 -0.418576
v 0.455083 -0.109011 -0.364976
v 0.455083 -0.109011 -0.419754
v 0.455083 -0.109011 -0.419754
v 0.455083 -0.109011 -0.364976
v 0.757917 -0.076527 -0.27023
v 0.455083 -0.109011 -0.419754
v 0.757917 -0.076527 -0.27023
v 0.757917 -0.076527 -0.325008
v 0.757917 -0.076527 -0.325008
v 0.757917 -0.076527 -0.27023
v 0.770312 -0.067791 -0.267449
v 0.757917 -0.076527 -0.325008
v 0.770312 -0.067791 -0.267449
v 0.770312 -0.067791 -0.322228
v 0.757917 -0.076527 -0.325008
v 0.770312 -0.067791 -0.322228
v 0.79361 -0.08768 -0.306808
v 0.757917 -0.076527 -0.325008
v 0.79361 -0.08768 -0.306808
v 0.760384 -0.083746 -0.321852
v 0.773839 -0.100157 -0.311657
v 0.760161 -0.091618 -0.319557
v 0.760384 -0.083746 -0.321852
v 0.773839 -0.100157 -0.311657
v 0.760384 -0.083746 -0.321852
v 0.79361 -0.08768 -0.306808
v 0.79361 -0.08768 -0.306808
v 0.786593 -0.184799 -0.281091
v 0.773225 -0.179827 -0.286407
v 0.79361 -0.08768 -0.306808
v 0.773225 -0.179827 -0.286407
v 0.773839 -0.100157 -0.311657
v 0.79361 -0.08768 -0.306808
v 0.841476 -0.097907 -0.245781
v 0.828389 -0.18991 -0.227307
v 0.79361 -0.08768 -0.306808
v 0.828389 -0.18991 -0.227307
v 0.786593 -0.184799 -0.281091
v 0.828389 -0.18991 -0.227307
v 0.841476 -0.097907 -0.245781
v 0.868328 -0.102941 -0.158081
v 0.828389 -0.18991 -0.227307
v 0.868328 -0.102941 -0.158081
v 0.851668 -0.19465 -0.14921
v 0.851668 -0.19465 -0.14921
v 0.868328 -0.102941 -0.158081
v 0.898264 -0.113065 -0.05689
v 0.851668 -0.19465 -0.14921
v 0.898264 -0.113065 -0.05689
v 0.879491 -0.208667 -0.055032
v 0.879491 -0.208667 -0.055032
v 0.898264 -0.113065 -0.05689
v 0.931001 -0.133727 0.061558
v 0.879491 -0.208667 -0.055032
v 0.931001 -0.133727 0.061558
v 0.907502 -0.233912 0.055065
v 0.811238 -0.275555 -0.141406
v 0.851668 -0.19465 -0.14921
v 0.879491 -0.208667 -0.055032
v 0.811238 -0.275555 -0.141406
v 0.879491 -0.208667 -0.055032
v 0.828558 -0.293045 -0.048426
v 0.851668 -0.19465 -0.14921
v 0.811238 -0.275555 -0.141406
v 0.79646 -0.267275 -0.21369
v 0.851668 -0.19465 -0.14921
v 0.79646 -0.267275 -0.21369
v 0.828389 -0.18991 -0.227307
v 0.738682 -0.324873 -0.131233
v 0.811238 -0.275555 -0.141406
v 0.828558 -0.293045 -0.048426
v 0.738682 -0.324873 -0.131233
v 0.828558 -0.293045 -0.048426
v 0.744089 -0.333745 -0.036956
v 0.738682 -0.324873 -0.131233
v 0.736253 -0.324182 -0.204975
v 0.79646 -0.267275 -0.21369
v 0.738682 -0.324873 -0.131233
v 0.79646 -0.267275 -0.21369
v 0.811238 -0.275555 -0.141406
v 0.786593 -0.184799 -0.281091
v 0.828389 -0.18991 -0.227307
v 0.79646 -0.267275 -0.21369
v 0.786593 -0.184799 -0.281091
v 0.79646 -0.267275 -0.21369
v 0.763437 -0.255273 -0.260548
v 0.763437 -0.255273 -0.260548
v 0.79646 -0.267275 -0.21369
v 0.736253 -0.324182 -0.204975
v 0.763437 -0.255273 -0.260548
v 0.736253 -0.324182 -0.204975
v 0.717798 -0.301311 -0.251179
v 0.717798 -0.301311 -0.251179
v 0.736253 -0.324182 -0.204975
v 0.652799 -0.345791 -0.199014
v 0.717798 -0.301311 -0.251179
v 0.652799 -0.345791 -0.199014
v 0.649176 -0.320205 -0.247479
v 0.64851 -0.339372 -0.132248
v 0.652799 -0.345791 -0.199014
v 0.736253 -0.324182 -0.204975
v 0.64851 -0.339372 -0.132248
v 0.736253 -0.324182 -0.204975
v 0.738682 -0.324873 -0.131233
v 0.763437 -0.255273 -0.260548
v 0.717798 -0.301311 -0.251179
v 0.710808 -0.285529 -0.25892
v 0.763437 -0.255273 -0.260548
v 0.710808 -0.285529 -0.25892
v 0.749152 -0.251544 -0.26519
v 0.717798 -0.301311 -0.251179
v 0.649176 -0.320205 -0.247479
v 0.646005 -0.303268 -0.255621
v 0.717798 -0.301311 -0.251179
v 0.646005 -0.303268 -0.255621
v 0.710808 -0.285529 -0.25892
v 0.710808 -0.285529 -0.25892
v 0.710808 -0.285529 -0.204142
v 0.749152 -0.251544 -0.210411
v 0.710808 -0.285529 -0.25892
v 0.749152 -0.251544 -0.210411
v 0.749152 -0.251544 -0.26519
v 0.646005 -0.303268 -0.255621
v 0.646005 -0.303268 -0.200842
v 0.710808 -0.285529 -0.204142
v 0.646005 -0.303268 -0.255621
v 0.710808 -0.285529 -0.204142
v 0.710808 -0.285529 -0.25892
v 0.482457 -0.223462 -0.255204
v 0.749152 -0.251544 -0.210411
v 0.710808 -0.285529 -0.204142
v 0.482457 -0.223462 -0.255204
v 0.710808 -0.285529 -0.204142
v 0.510248 -0.258475 -0.223828
v 0.510248 -0.258475 -0.223828
v 0.710808 -0.285529 -0.204142
v 0.646005 -0.303268 -0.200842
v 0.510248 -0.258475 -0.223828
v 0.646005 -0.303268 -0.200842
v 0.554202 -0.287725 -0.208653
v 0.482457 -0.223462 -0.309983
v 0.482457 -0.223462 -0.255204
v 0.510248 -0.258475 -0.223828
v 0.482457 -0.223462 -0.309983
v 0.510248 -0.258475 -0.223828
v 0.510248 -0.258475 -0.278606
v 0.510248 -0.258475 -0.278606
v 0.510248 -0.258475 -0.223828
v 0.554202 -0.287725 -0.208653
v 0.510248 -0.258475 -0.278606
v 0.554202 -0.287725 -0.208653
v 0.554202 -0.287725 -0.263432
v 0.554202 -0.287725 -0.263432
v 0.554202 -0.287725 -0.208653
v 0.59998 -0.302796 -0.201988
v 0.554202 -0.287725 -0.263432
v 0.59998 -0.302796 -0.201988
v 0.59998 -0.302796 -0.256766
v 0.554202 -0.287725 -0.208653
v 0.646005 -0.303268 -0.200842
v 0.59998 -0.302796 -0.201988
v 0.59998 -0.302796 -0.256766
v 0.59998 -0.302796 -0.201988
v 0.646005 -0.303268 -0.200842
v 0.59998 -0.302796 -0.256766
v 0.646005 -0.303268 -0.200842
v 0.646005 -0.303268 -0.255621
v 0.457327 -0.181291 -0.359419
v 0.457327 -0.181291 -0.304641
v 0.482457 -0.223462 -0.255204
v 0.457327 -0.181291 -0.359419
v 0.482457 -0.223462 -0.255204
v 0.482457 -0.223462 -0.309983
v 0.457327 -0.181291 -0.304641
v 0.773225 -0.179827 -0.231629
v 0.749152 -0.251544 -0.210411
v 0.457327 -0.181291 -0.304641
v 0.749152 -0.251544 -0.210411
v 0.482457 -0.223462 -0.255204
v 0.457327 -0.181291 -0.304641
v 0.440014 -0.145088 -0.341812
v 0.444286 -0.131845 -0.348123
v 0.444286 -0.131845 -0.348123
v 0.773839 -0.100157 -0.256879
v 0.773225 -0.179827 -0.231629
v 0.773225 -0.179827 -0.231629
v 0.457327 -0.181291 -0.304641
v 0.444286 -0.131845 -0.348123
v 0.440014 -0.145088 -0.39659
v 0.440014 -0.145088 -0.341812
v 0.457327 -0.181291 -0.304641
v 0.440014 -0.145088 -0.39659
v 0.457327 -0.181291 -0.304641
v 0.457327 -0.181291 -0.359419
v 0.749152 -0.251544 -0.26519
v 0.749152 -0.251544 -0.210411
v 0.773225 -0.179827 -0.231629
v 0.749152 -0.251544 -0.26519
v 0.773225 -0.179827 -0.231629
v 0.773225 -0.179827 -0.286407
v 0.773225 -0.179827 -0.286407
v 0.773225 -0.179827 -0.231629
v 0.773839 -0.100157 -0.256879
v 0.773225 -0.179827 -0.286407
v 0.773839 -0.100157 -0.256879
v 0.773839 -0.100157 -0.311657
v 0.773839 -0.100157 -0.311657
v 0.773839 -0.100157 -0.256879
v 0.760161 -0.091618 -0.264778
v 0.773839 -0.100157 -0.311657
v 0.760161 -0.091618 -0.264778
v 0.760161 -0.091618 -0.319557
v 0.462288 -0.122704 -0.344803
v 0.760161 -0.091618 -0.264778
v 0.773839 -0.100157 -0.256879
v 0.462288 -0.122704 -0.344803
v 0.773839 -0.100157 -0.256879
v 0.444286 -0.131845 -0.348123
v 0.462288 -0.122704 -0.399582
v 0.462288 -0.122704 -0.344803
v 0.444286 -0.131845 -0.348123
v 0.462288 -0.122704 -0.399582
v 0.444286 -0.131845 -0.348123
v 0.444286 -0.131845 -0.402901
v 0.444286 -0.131845 -0.402901
v 0.444286 -0.131845 -0.348123
v 0.440014 -0.145088 -0.341812
v 0.444286 -0.131845 -0.402901
v 0.440014 -0.145088 -0.341812
v 0.440014 -0.145088 -0.39659
v 0.760161 -0.091618 -0.319557
v 0.760161 -0.091618 -0.264778
v 0.462288 -0.122704 -0.344803
v 0.760161 -0.091618 -0.319557
v 0.462288 -0.122704 -0.344803
v 0.462288 -0.122704 -0.399582
v 0.760161 -0.091618 -0.319557
v 0.462288 -0.122704 -0.399582
v 0.459889 -0.115874 -0.405389
v 0.760161 -0.091618 -0.319557
v 0.459889 -0.115874 -0.405389
v 0.760384 -0.083746 -0.321852
v 0.786593 -0.184799 -0.281091
v 0.763437 -0.255273 -0.260548
v 0.749152 -0.251544 -0.26519
v 0.786593 -0.184799 -0.281091
v 0.749152 -0.251544 -0.26519
v 0.773225 -0.179827 -0.286407
v 0.64851 -0.339372 -0.132248
v 0.738682 -0.324873 -0.131233
v 0.744089 -0.333745 -0.036956
v 0.64851 -0.339372 -0.132248
v 0.744089 -0.333745 -0.036956
v 0.659301 -0.34336 -0.036266
v 0.459889 -0.115874 -0.405389
v 0.455083 -0.109011 -0.419754
v 0.757917 -0.076527 -0.325008
v 0.459889 -0.115874 -0.405389
v 0.757917 -0.076527 -0.325008
v 0.760384 -0.083746 -0.321852
v -0.462931 -0.201738 -0.357374
v -0.482753 -0.181291 -0.359419
v -0.46544 -0.145088 -0.39659
v -0.462931 -0.201738 -0.357374
v -0.46544 -0.145088 -0.39659
v -0.449399 -0.125355 -0.41669
v -0.449399 -0.125355 -0.41669
v -0.46544 -0.145088 -0.39659
v -0.469712 -0.131845 -0.402901
v -0.449399 -0.125355 -0.41669
v -0.469712 -0.131845 -0.402901
v -0.487714 -0.122704 -0.399582
v -0.449399 -0.125355 -0.41669
v -0.487714 -0.122704 -0.399582
v -0.485315 -0.115874 -0.405389
v -0.4689 -0.106716 -0.418576
v -0.449399 -0.125355 -0.41669
v -0.485315 -0.115874 -0.405389
v -0.4689 -0.106716 -0.418576
v -0.485315 -0.115874 -0.405389
v -0.480509 -0.109011 -0.419754
v -0.4689 -0.106716 -0.418576
v -0.480509 -0.109011 -0.419754
v -0.480509 -0.109011 -0.364976
v -0.4689 -0.106716 -0.418576
v -0.480509 -0.109011 -0.364976
v -0.4689 -0.106716 -0.363797
v -0.480509 -0.109011 -0.419754
v -0.783343 -0.076527 -0.325008
v -0.783343 -0.076527 -0.27023
v -0.480509 -0.109011 -0.419754
v -0.783343 -0.076527 -0.27023
v -0.480509 -0.109011 -0.364976
v -0.783343 -0.076527 -0.325008
v -0.795738 -0.067791 -0.322228
v -0.795738 -0.067791 -0.267449
v -0.783343 -0.076527 -0.325008
v -0.795738 -0.067791 -0.267449
v -0.783343 -0.076527 -0.27023
v -0.783343 -0.076527 -0.325008
v -0.78581 -0.083746 -0.321852
v -0.819036 -0.08768 -0.306808
v -0.783343 -0.076527 -0.325008
v -0.819036 -0.08768 -0.306808
v -0.795738 -0.067791 -0.322228
v -0.485315 -0.115874 -0.405389
v -0.78581 -0.083746 -0.321852
v -0.783343 -0.076527 -0.325008
v -0.485315 -0.115874 -0.405389
v -0.783343 -0.076527 -0.325008
v -0.480509 -0.109011 -0.419754
v -0.799265 -0.100157 -0.311657
v -0.819036 -0.08768 -0.306808
v -0.78581 -0.083746 -0.321852
v -0.799265 -0.100157 -0.311657
v -0.78581 -0.083746 -0.321852
v -0.785587 -0.091618 -0.319557
v -0.785587 -0.091618 -0.319557
v -0.78581 -0.083746 -0.321852
v -0.485315 -0.115874 -0.405389
v -0.785587 -0.091618 -0.319557
v -0.485315 -0.115874 -0.405389
v -0.487714 -0.122704 -0.399582
v -0.785587 -0.091618 -0.319557
v -0.487714 -0.122704 -0.399582
v -0.487714 -0.122704 -0.344803
v -0.785587 -0.091618 -0.319557
v -0.487714 -0.122704 -0.344803
v -0.785587 -0.091618 -0.264778
v -0.799265 -0.100157 -0.311657
v -0.785587 -0.091618 -0.319557
v -0.785587 -0.091618 -0.264778
v -0.799265 -0.100157 -0.311657
v -0.785587 -0.091618 -0.264778
v -0.799265 -0.100157 -0.256879
v -0.487714 -0.122704 -0.344803
v -0.469712 -0.131845 -0.348123
v -0.799265 -0.100157 -0.256879
v -0.487714 -0.122704 -0.344803
v -0.799265 -0.100157 -0.256879
v -0.785587 -0.091618 -0.264778
v -0.798651 -0.179827 -0.286407
v -0.799265 -0.100157 -0.311657
v -0.799265 -0.100157 -0.256879
v -0.798651 -0.179827 -0.286407
v -0.799265 -0.100157 -0.256879
v -0.798651 -0.179827 -0.231629
v -0.482753 -0.181291 -0.304641
v -0.798651 -0.179827 -0.231629
v -0.799265 -0.100157 -0.256879
v -0.799265 -0.100157 -0.256879
v -0.469712 -0.131845 -0.348123
v -0.46544 -0.145088 -0.341812
v -0.46544 -0.145088 -0.341812
v -0.482753 -0.181291 -0.304641
v -0.799265 -0.100157 -0.256879
v -0.487714 -0.122704 -0.399582
v -0.469712 -0.131845 -0.402901
v -0.469712 -0.131845 -0.348123
v -0.487714 -0.122704 -0.399582
v -0.469712 -0.131845 -0.348123
v -0.487714 -0.122704 -0.344803
v -0.469712 -0.131845 -0.402901
v -0.46544 -0.145088 -0.39659
v -0.46544 -0.145088 -0.341812
v -0.469712 -0.131845 -0.402901
v -0.46544 -0.145088 -0.341812
v -0.469712 -0.131845 -0.348123
v -0.46544 -0.145088 -0.39659
v -0.482753 -0.181291 -0.359419
v -0.482753 -0.181291 -0.304641
v -0.46544 -0.145088 -0.39659
v -0.482753 -0.181291 -0.304641
v -0.46544 -0.145088 -0.341812
v -0.482753 -0.181291 -0.359419
v -0.507883 -0.223462 -0.309983
v -0.507883 -0.223462 -0.255204
v -0.482753 -0.181291 -0.359419
v -0.507883 -0.223462 -0.255204
v -0.482753 -0.181291 -0.304641
v -0.798651 -0.179827 -0.231629
v -0.482753 -0.181291 -0.304641
v -0.507883 -0.223462 -0.255204
v -0.798651 -0.179827 -0.231629
v -0.507883 -0.223462 -0.255204
v -0.774578 -0.251544 -0.210411
v -0.507883 -0.223462 -0.309983
v -0.535674 -0.258475 -0.278606
v -0.535674 -0.258475 -0.223828
v -0.507883 -0.223462 -0.309983
v -0.535674 -0.258475 -0.223828
v -0.507883 -0.223462 -0.255204
v -0.774578 -0.251544 -0.210411
v -0.507883 -0.223462 -0.255204
v -0.535674 -0.258475 -0.223828
v -0.774578 -0.251544 -0.210411
v -0.535674 -0.258475 -0.223828
v -0.736234 -0.285529 -0.204142
v -0.736234 -0.285529 -0.25892
v -0.774578 -0.251544 -0.26519
v -0.774578 -0.251544 -0.210411
v -0.736234 -0.285529 -0.25892
v -0.774578 -0.251544 -0.210411
v -0.736234 -0.285529 -0.204142
v -0.774578 -0.251544 -0.26519
v -0.798651 -0.179827 -0.286407
v -0.798651 -0.179827 -0.231629
v -0.774578 -0.251544 -0.26519
v -0.798651 -0.179827 -0.231629
v -0.774578 -0.251544 -0.210411
v -0.671431 -0.303268 -0.255621
v -0.736234 -0.285529 -0.25892
v -0.736234 -0.285529 -0.204142
v -0.671431 -0.303268 -0.255621
v -0.736234 -0.285529 -0.204142
v -0.671431 -0.303268 -0.200842
v -0.736234 -0.285529 -0.204142
v -0.535674 -0.258475 -0.223828
v -0.579628 -0.287725 -0.208653
v -0.736234 -0.285529 -0.204142
v -0.579628 -0.287725 -0.208653
v -0.671431 -0.303268 -0.200842
v -0.625406 -0.302796 -0.256766
v -0.671431 -0.303268 -0.255621
v -0.671431 -0.303268 -0.200842
v -0.625406 -0.302796 -0.256766
v -0.671431 -0.303268 -0.200842
v -0.625406 -0.302796 -0.201988
v -0.671431 -0.303268 -0.200842
v -0.579628 -0.287725 -0.208653
v -0.625406 -0.302796 -0.201988
v -0.579628 -0.287725 -0.263432
v -0.625406 -0.302796 -0.256766
v -0.625406 -0.302796 -0.201988
v -0.579628 -0.287725 -0.263432
v -0.625406 -0.302796 -0.201988
v -0.579628 -0.287725 -0.208653
v -0.535674 -0.258475 -0.278606
v -0.579628 -0.287725 -0.263432
v -0.579628 -0.287725 -0.208653
v -0.535674 -0.258475 -0.278606
v -0.579628 -0.287725 -0.208653
v -0.535674 -0.258475 -0.223828
v -0.618989 -0.319624 -0.248531
v -0.625406 -0.302796 -0.256766
v -0.579628 -0.287725 -0.263432
v -0.618989 -0.319624 -0.248531
v -0.579628 -0.287725 -0.263432
v -0.568427 -0.305329 -0.253448
v -0.579628 -0.287725 -0.263432
v -0.535674 -0.258475 -0.278606
v -0.522037 -0.271457 -0.26972
v -0.579628 -0.287725 -0.263432
v -0.522037 -0.271457 -0.26972
v -0.568427 -0.305329 -0.253448
v -0.674602 -0.320205 -0.247479
v -0.671431 -0.303268 -0.255621
v -0.625406 -0.302796 -0.256766
v -0.674602 -0.320205 -0.247479
v -0.625406 -0.302796 -0.256766
v -0.618989 -0.319624 -0.248531
v -0.522037 -0.271457 -0.26972
v -0.535674 -0.258475 -0.278606
v -0.507883 -0.223462 -0.309983
v -0.522037 -0.271457 -0.26972
v -0.507883 -0.223462 -0.309983
v -0.488661 -0.237096 -0.308601
v -0.743224 -0.301311 -0.251179
v -0.736234 -0.285529 -0.25892
v -0.671431 -0.303268 -0.255621
v -0.743224 -0.301311 -0.251179
v -0.671431 -0.303268 -0.255621
v -0.674602 -0.320205 -0.247479
v -0.788863 -0.255273 -0.260548
v -0.774578 -0.251544 -0.26519
v -0.736234 -0.285529 -0.25892
v -0.788863 -0.255273 -0.260548
v -0.736234 -0.285529 -0.25892
v -0.743224 -0.301311 -0.251179
v -0.812019 -0.184799 -0.281091
v -0.798651 -0.179827 -0.286407
v -0.774578 -0.251544 -0.26519
v -0.812019 -0.184799 -0.281091
v -0.774578 -0.251544 -0.26519
v -0.788863 -0.255273 -0.260548
v -0.819036 -0.08768 -0.306808
v -0.799265 -0.100157 -0.311657
v -0.798651 -0.179827 -0.286407
v -0.819036 -0.08768 -0.306808
v -0.798651 -0.179827 -0.286407
v -0.812019 -0.184799 -0.281091
v -0.488661 -0.237096 -0.308601
v -0.507883 -0.223462 -0.309983
v -0.482753 -0.181291 -0.359419
v -0.488661 -0.237096 -0.308601
v -0.482753 -0.181291 -0.359419
v -0.462931 -0.201738 -0.357374
vn -0 -0.5704 0.8213
vn -0 -0.7788 0.6273
vn -0.0049 -0.7774 0.6289
vn -0 -0.5704 0.8213
vn -0.0049 -0.7774 0.6289
vn -0.0069 -0.574 0.8188
vn -0 -0.5704 0.8213
vn 0.0069 -0.574 0.8188
vn 0.0049 -0.7774 0.629
vn -0 -0.5704 0.8213
vn 0.0049 -0.7774 0.629
vn -0 -0.7788 0.6273
vn -0.0049 -0.7774 0.6289
vn -0.0178 -0.7714 0.6361
vn -0.0183 -0.5907 0.8067
vn -0.0049 -0.7774 0.6289
vn -0.0183 -0.5907 0.8067
vn -0.0069 -0.574 0.8188
vn -0.0178 -0.7714 0.6361
vn -0.0525 -0.7763 0.6281
vn -0.1286 -0.5898 0.7972
vn -0.0178 -0.7714 0.6361
vn -0.1286 -0.5898 0.7972
vn -0.0183 -0.5907 0.8067
vn -0.5108 -0.7065 0.4898
vn -0.1286 -0.5898 0.7972
vn -0.0525 -0.7764 0.6281
vn -0.5108 -0.7065 0.4898
vn -0.719 -0.3957 0.5714
vn -0.4948 -0.4962 0.7134
vn -0.5108 -0.7065 0.4898
vn -0.4948 -0.4962 0.7134
vn -0.1287 -0.5898 0.7972
vn -0.719 -0.3957 0.5713
vn -0.5108 -0.7065 0.4898
vn -0.8372 -0.4254 0.3436
vn -0.719 -0.3957 0.5713
vn -0.8372 -0.4254 0.3436
vn -0.8548 -0.2971 0.4255
vn -0.942 -0.2666 0.2038
vn -0.9373 -0.2026 0.2836
vn -0.8548 -0.2971 0.4255
vn -0.942 -0.2666 0.2038
vn -0.8548 -0.2971 0.4255
vn -0.8373 -0.4254 0.3435
vn -0.5108 -0.7065 0.4898
vn -0.368 -0.9002 0.2328
vn -0.768 -0.6115 0.1902
vn -0.5108 -0.7065 0.4898
vn -0.768 -0.6115 0.1902
vn -0.8372 -0.4255 0.3435
vn -0.942 -0.2667 0.2038
vn -0.8373 -0.4254 0.3435
vn -0.7681 -0.6114 0.1902
vn -0.942 -0.2667 0.2038
vn -0.7681 -0.6114 0.1902
vn -0.9263 -0.3638 0.0979
vn -0.942 -0.2666 0.2038
vn -0.9597 -0.2117 0.1846
vn -0.958 -0.1586 0.2391
vn -0.942 -0.2666 0.2038
vn -0.958 -0.1586 0.2391
vn -0.9373 -0.2026 0.2836
vn -0.942 -0.2666 0.2038
vn -0.9263 -0.3638 0.0979
vn -0.9358 -0.3383 0.0996
vn -0.942 -0.2666 0.2038
vn -0.9358 -0.3383 0.0996
vn -0.9597 -0.2117 0.1846
vn -0.784 -0.6162 0.0749
vn -0.9357 -0.3383 0.0996
vn -0.9263 -0.3638 0.0979
vn -0.784 -0.6162 0.0749
vn -0.9263 -0.3638 0.0979
vn -0.8535 -0.5209 0.0162
vn -0.8535 -0.5209 0.0162
vn -0.9263 -0.3638 0.0979
vn -0.8123 -0.5782 0.0763
vn -0.8535 -0.5209 0.0162
vn -0.8123 -0.5782 0.0763
vn -0.8646 -0.5025 0.0052
vn -0.9263 -0.3638 0.0979
vn -0.7681 -0.6115 0.1902
vn -0.8123 -0.5782 0.0763
vn -0.368 -0.9002 0.2328
vn -0.3523 -0.933 0.0738
vn -0.8123 -0.5782 0.0763
vn -0.368 -0.9002 0.2328
vn -0.8123 -0.5782 0.0763
vn -0.768 -0.6115 0.1902
vn -0.3523 -0.933 0.0738
vn -0.2637 -0.9646 0.0067
vn -0.6977 -0.7155 0.0357
vn -0.3523 -0.933 0.0738
vn -0.6977 -0.7155 0.0357
vn -0.8123 -0.5782 0.0763
vn -0.8264 -0.5631 0.0082
vn -0.8646 -0.5025 0.0052
vn -0.8123 -0.5782 0.0763
vn -0.8264 -0.5631 0.0082
vn -0.8123 -0.5782 0.0763
vn -0.6977 -0.7155 0.0357
vn -0.602 -0.7803 -0.1695
vn -0.5891 -0.7932 -0.1544
vn -0.8645 -0.5025 0.0052
vn -0.602 -0.7803 -0.1695
vn -0.8645 -0.5025 0.0052
vn -0.8264 -0.5631 0.0082
vn -0.5182 -0.8496 -0.0985
vn -0.8535 -0.5209 0.0162
vn -0.8645 -0.5025 0.0052
vn -0.5182 -0.8496 -0.0985
vn -0.8645 -0.5025 0.0052
vn -0.5891 -0.7932 -0.1544
vn -0.0422 -0.9845 -0.17
vn -0.5181 -0.8496 -0.0985
vn -0.589 -0.7932 -0.1544
vn -0.0422 -0.9845 -0.17
vn -0.589 -0.7932 -0.1544
vn -0.1037 -0.9534 -0.2833
vn -0.1036 -0.9534 -0.2833
vn -0.589 -0.7933 -0.1544
vn -0.602 -0.7803 -0.1695
vn -0.1036 -0.9534 -0.2833
vn -0.602 -0.7803 -0.1695
vn -0.1184 -0.9304 -0.3468
vn -0.8264 -0.5631 0.0082
vn -0.7753 -0.6316 0.002
vn -0.547 -0.8197 -0.1699
vn -0.8264 -0.5631 0.0082
vn -0.547 -0.8197 -0.1699
vn -0.602 -0.7803 -0.1695
vn -0.547 -0.8197 -0.1699
vn -0.0934 -0.9302 -0.355
vn -0.1184 -0.9304 -0.3468
vn -0.547 -0.8197 -0.1699
vn -0.1184 -0.9304 -0.3468
vn -0.602 -0.7803 -0.1695
vn -0.0934 -0.9302 -0.355
vn 0.2816 -0.8607 -0.4241
vn 0.3126 -0.8534 -0.4172
vn -0.0934 -0.9302 -0.355
vn 0.3126 -0.8534 -0.4172
vn -0.1183 -0.9304 -0.3469
vn -0.1184 -0.9304 -0.3468
vn 0.3125 -0.8534 -0.4172
vn 0.3485 -0.8782 -0.3275
vn -0.1184 -0.9304 -0.3468
vn 0.3485 -0.8782 -0.3275
vn -0.1036 -0.9534 -0.2833
vn 0.2817 -0.8607 -0.4241
vn 0.6453 -0.6471 -0.406
vn 0.69 -0.6113 -0.3876
vn 0.2817 -0.8607 -0.4241
vn 0.69 -0.6113 -0.3876
vn 0.3126 -0.8533 -0.4172
vn 0.7381 -0.6097 -0.2889
vn 0.3486 -0.8782 -0.3275
vn 0.3126 -0.8534 -0.4172
vn 0.7381 -0.6097 -0.2889
vn 0.3126 -0.8534 -0.4172
vn 0.69 -0.6113 -0.3876
vn -0.1036 -0.9534 -0.2833
vn 0.3486 -0.8782 -0.3275
vn 0.3916 -0.9028 -0.1778
vn -0.1036 -0.9534 -0.2833
vn 0.3916 -0.9028 -0.1778
vn -0.0422 -0.9845 -0.17
vn 0.7633 -0.6319 -0.1347
vn 0.3916 -0.9028 -0.1778
vn 0.3486 -0.8782 -0.3275
vn 0.7633 -0.6319 -0.1347
vn 0.3486 -0.8782 -0.3275
vn 0.7381 -0.6097 -0.2889
vn 0.954 -0.2958 -0.0479
vn 0.7633 -0.6318 -0.1347
vn 0.7381 -0.6097 -0.2889
vn 0.954 -0.2958 -0.0479
vn 0.7381 -0.6097 -0.2889
vn 0.9425 -0.2771 -0.1866
vn 0.9126 -0.2931 -0.2851
vn 0.9425 -0.2771 -0.1866
vn 0.7381 -0.6097 -0.2889
vn 0.9126 -0.2931 -0.2851
vn 0.7381 -0.6097 -0.2889
vn 0.69 -0.6113 -0.3876
vn 0.9126 -0.2931 -0.2851
vn 0.9598 -0.1611 -0.23
vn 0.9807 -0.1433 -0.1333
vn 0.9126 -0.2931 -0.2851
vn 0.9807 -0.1433 -0.1333
vn 0.9426 -0.2771 -0.1866
vn 0.9426 -0.277 -0.1866
vn 0.9807 -0.1433 -0.1333
vn 0.9883 -0.1522 -0.0043
vn 0.9426 -0.277 -0.1866
vn 0.9883 -0.1522 -0.0043
vn 0.9541 -0.2957 -0.0479
vn 0.9541 -0.2958 -0.0479
vn 0.9883 -0.1522 -0.0043
vn 0.9675 -0.1976 0.158
vn 0.9541 -0.2958 -0.0479
vn 0.9675 -0.1976 0.158
vn 0.9317 -0.3433 0.1189
vn 0.9317 -0.3433 0.1189
vn 0.7461 -0.6641 0.0472
vn 0.7633 -0.6319 -0.1347
vn 0.9317 -0.3433 0.1189
vn 0.7633 -0.6319 -0.1347
vn 0.954 -0.2958 -0.0479
vn 0.9317 -0.3433 0.1189
vn 0.9675 -0.1976 0.158
vn 0.8675 -0.2759 0.4138
vn 0.9317 -0.3433 0.1189
vn 0.8675 -0.2759 0.4138
vn 0.8288 -0.4026 0.3886
vn 0.9317 -0.3433 0.1189
vn 0.8288 -0.4026 0.3886
vn 0.6954 -0.667 0.2675
vn 0.9317 -0.3433 0.1189
vn 0.6954 -0.667 0.2675
vn 0.7461 -0.6641 0.0472
vn 0.7461 -0.6641 0.0472
vn 0.6954 -0.667 0.2675
vn 0.4362 -0.8322 0.3422
vn 0.7461 -0.6641 0.0472
vn 0.4362 -0.8322 0.3422
vn 0.393 -0.9192 0.0246
vn 0.7461 -0.6641 0.0472
vn 0.3929 -0.9192 0.0246
vn 0.3916 -0.9028 -0.1778
vn 0.7461 -0.6641 0.0472
vn 0.3916 -0.9028 -0.1778
vn 0.7632 -0.6319 -0.1347
vn 0.3929 -0.9193 0.0246
vn 0.4362 -0.8323 0.3422
vn 0.1458 -0.909 0.3904
vn 0.3929 -0.9193 0.0246
vn 0.1458 -0.909 0.3904
vn 0.0363 -0.9988 0.0335
vn 0.3929 -0.9193 0.0246
vn 0.0362 -0.9988 0.0335
vn -0.0421 -0.9845 -0.17
vn 0.3929 -0.9193 0.0246
vn -0.0421 -0.9845 -0.17
vn 0.3916 -0.9028 -0.1778
vn -0.5181 -0.8496 -0.0985
vn -0.0423 -0.9845 -0.17
vn 0.0361 -0.9988 0.0335
vn -0.5181 -0.8496 -0.0985
vn 0.0361 -0.9988 0.0335
vn -0.4096 -0.9109 0.0493
vn 0.0362 -0.9988 0.0335
vn 0.1458 -0.909 0.3904
vn -0.2345 -0.8795 0.4141
vn 0.0362 -0.9988 0.0335
vn -0.2345 -0.8795 0.4141
vn -0.4096 -0.9109 0.0493
vn -0.0617 -0.5955 0.801
vn -0.2344 -0.8795 0.4142
vn 0.1458 -0.909 0.3904
vn -0.0617 -0.5955 0.801
vn 0.1458 -0.909 0.3904
vn 0.296 -0.598 0.7448
vn 0.296 -0.598 0.7448
vn 0.1458 -0.909 0.3904
vn 0.4362 -0.8322 0.3423
vn 0.296 -0.598 0.7448
vn 0.4362 -0.8322 0.3423
vn 0.5925 -0.5162 0.6185
vn 0.0121 -0.3802 0.9248
vn -0.0617 -0.5954 0.801
vn 0.296 -0.598 0.7448
vn 0.0121 -0.3802 0.9248
vn 0.296 -0.598 0.7448
vn 0.3598 -0.3727 0.8554
vn 0.3599 -0.3727 0.8553
vn 0.296 -0.598 0.7448
vn 0.5925 -0.5161 0.6185
vn 0.3599 -0.3727 0.8553
vn 0.5925 -0.5161 0.6185
vn 0.6516 -0.3419 0.6771
vn -0.0617 -0.5954 0.8011
vn 0.0121 -0.3802 0.9248
vn -0.3892 -0.3539 0.8504
vn -0.0617 -0.5954 0.8011
vn -0.3892 -0.3539 0.8504
vn -0.4692 -0.5063 0.7235
vn -0.8543 -0.2205 0.4708
vn -0.8682 -0.2872 0.4047
vn -0.4693 -0.5063 0.7235
vn -0.8543 -0.2205 0.4708
vn -0.4693 -0.5063 0.7235
vn -0.3893 -0.3539 0.8504
vn -0.4692 -0.5063 0.7235
vn -0.8682 -0.2872 0.4047
vn -0.8785 -0.419 0.2295
vn -0.4692 -0.5063 0.7235
vn -0.8785 -0.419 0.2295
vn -0.6126 -0.6992 0.3685
vn -0.4692 -0.5063 0.7235
vn -0.6126 -0.6993 0.3685
vn -0.2345 -0.8794 0.4142
vn -0.4692 -0.5063 0.7235
vn -0.2345 -0.8794 0.4142
vn -0.0617 -0.5954 0.801
vn -0.4096 -0.9109 0.0493
vn -0.2345 -0.8795 0.4142
vn -0.6126 -0.6993 0.3685
vn -0.4096 -0.9109 0.0493
vn -0.6126 -0.6993 0.3685
vn -0.784 -0.6163 0.0749
vn -0.8785 -0.419 0.2294
vn -0.9357 -0.3383 0.0996
vn -0.784 -0.6162 0.0749
vn -0.8785 -0.419 0.2294
vn -0.784 -0.6162 0.0749
vn -0.6126 -0.6992 0.3685
vn -0.8682 -0.2872 0.4046
vn -0.9597 -0.2117 0.1846
vn -0.9357 -0.3383 0.0996
vn -0.8682 -0.2872 0.4046
vn -0.9357 -0.3383 0.0996
vn -0.8785 -0.419 0.2294
vn -0.4097 -0.9109 0.0493
vn -0.784 -0.6162 0.0749
vn -0.8534 -0.5209 0.0162
vn -0.4097 -0.9109 0.0493
vn -0.8534 -0.5209 0.0162
vn -0.5181 -0.8496 -0.0985
vn -0.8543 -0.2205 0.4707
vn -0.9579 -0.1586 0.2391
vn -0.9597 -0.2117 0.1846
vn -0.8543 -0.2205 0.4707
vn -0.9597 -0.2117 0.1846
vn -0.8682 -0.2872 0.4047
vn 0.8675 -0.2759 0.4138
vn 0.6517 -0.3419 0.677
vn 0.5926 -0.5161 0.6185
vn 0.8675 -0.2759 0.4138
vn 0.5926 -0.5161 0.6185
vn 0.8288 -0.4026 0.3886
vn 0.5925 -0.5161 0.6185
vn 0.4362 -0.8322 0.3422
vn 0.6954 -0.667 0.2675
vn 0.5925 -0.5161 0.6185
vn 0.6954 -0.667 0.2675
vn 0.8288 -0.4026 0.3886
vn 0.8861 -0.3298 -0.3258
vn 0.9413 -0.1866 -0.2813
vn 0.9598 -0.1611 -0.23
vn 0.8861 -0.3298 -0.3258
vn 0.9598 -0.1611 -0.23
vn 0.9126 -0.293 -0.2851
vn 0.8802 -0.3546 -0.3155
vn 0.9365 -0.1966 -0.2904
vn 0.9413 -0.1866 -0.2813
vn 0.8802 -0.3546 -0.3155
vn 0.9413 -0.1866 -0.2813
vn 0.8861 -0.3298 -0.3258
vn 0.6245 -0.6968 -0.3528
vn 0.8802 -0.3546 -0.3155
vn 0.886 -0.3299 -0.3258
vn 0.6245 -0.6968 -0.3528
vn 0.886 -0.3299 -0.3258
vn 0.6453 -0.6471 -0.406
vn 0.6453 -0.6471 -0.406
vn 0.886 -0.3299 -0.3258
vn 0.9126 -0.2931 -0.2851
vn 0.6453 -0.6471 -0.406
vn 0.9126 -0.2931 -0.2851
vn 0.69 -0.6113 -0.3876
vn 0.266 -0.8999 -0.3456
vn 0.6244 -0.6968 -0.3528
vn 0.6453 -0.6472 -0.406
vn 0.266 -0.8999 -0.3456
vn 0.6453 -0.6472 -0.406
vn 0.2817 -0.8607 -0.4241
vn 0.6516 -0.7059 -0.2777
vn 0.8902 -0.3449 -0.2977
vn 0.8802 -0.3546 -0.3155
vn 0.6516 -0.7059 -0.2777
vn 0.8802 -0.3546 -0.3155
vn 0.6246 -0.6968 -0.3528
vn 0.2782 -0.9368 -0.2121
vn 0.6516 -0.7059 -0.2777
vn 0.6245 -0.6968 -0.3528
vn 0.2782 -0.9368 -0.2121
vn 0.6245 -0.6968 -0.3528
vn 0.266 -0.8999 -0.3456
vn -0.0425 -0.9889 -0.1425
vn 0.2781 -0.9368 -0.2121
vn 0.266 -0.8999 -0.3456
vn -0.0425 -0.9889 -0.1425
vn 0.266 -0.8999 -0.3456
vn -0.0558 -0.9558 -0.2887
vn -0.0558 -0.9558 -0.2887
vn 0.266 -0.8999 -0.3456
vn 0.2816 -0.8607 -0.4241
vn -0.0558 -0.9558 -0.2887
vn 0.2816 -0.8607 -0.4241
vn -0.0933 -0.9302 -0.355
vn -0.409 -0.9115 -0.0428
vn -0.0425 -0.9889 -0.1425
vn -0.0558 -0.9558 -0.2887
vn -0.409 -0.9115 -0.0428
vn -0.0558 -0.9558 -0.2887
vn -0.4562 -0.877 -0.1511
vn -0.4562 -0.877 -0.1511
vn -0.0559 -0.9558 -0.2887
vn -0.0934 -0.9302 -0.355
vn -0.4562 -0.877 -0.1511
vn -0.0934 -0.9302 -0.355
vn -0.547 -0.8197 -0.1699
vn -0.7234 -0.6904 0.0012
vn -0.6783 -0.7331 0.0498
vn -0.4091 -0.9115 -0.0428
vn -0.7234 -0.6904 0.0012
vn -0.4091 -0.9115 -0.0428
vn -0.4562 -0.8769 -0.1511
vn -0.7753 -0.6316 0.002
vn -0.7234 -0.6904 0.0012
vn -0.4562 -0.8769 -0.1511
vn -0.7753 -0.6316 0.002
vn -0.4562 -0.8769 -0.1511
vn -0.5471 -0.8197 -0.1699
vn -0.5314 -0.8453 0.056
vn -0.6783 -0.7331 0.0498
vn -0.7234 -0.6904 0.0012
vn -0.5314 -0.8453 0.056
vn -0.7234 -0.6904 0.0012
vn -0.5514 -0.8338 0.0255
vn -0.5513 -0.834 0.022
vn -0.7234 -0.6904 0.0012
vn -0.7753 -0.6316 0.002
vn -0.5513 -0.834 0.022
vn -0.7753 -0.6316 0.002
vn -0.6176 -0.7863 0.0193
vn -0.6176 -0.7863 0.0193
vn -0.7753 -0.6316 0.002
vn -0.8264 -0.5631 0.0082
vn -0.6176 -0.7863 0.0193
vn -0.8264 -0.5631 0.0082
vn -0.6977 -0.7155 0.0357
vn -0.1949 -0.9807 0.0128
vn -0.5514 -0.8339 0.0255
vn -0.6175 -0.7864 0.0193
vn -0.1949 -0.9807 0.0128
vn -0.6175 -0.7864 0.0193
vn -0.2229 -0.9748 0.0042
vn -0.2229 -0.9748 0.0042
vn -0.6175 -0.7863 0.0193
vn -0.6977 -0.7155 0.0357
vn -0.2229 -0.9748 0.0042
vn -0.6977 -0.7155 0.0357
vn -0.2637 -0.9646 0.0067
vn -0.0211 -0.9998 0.0026
vn -0.1949 -0.9807 0.0128
vn -0.2229 -0.9748 0.0042
vn -0.0211 -0.9998 0.0026
vn -0.2229 -0.9748 0.0042
vn -0.0172 -0.9999 0.0017
vn -0.0172 -0.9999 0.0017
vn -0.2228 -0.9748 0.0042
vn -0.2637 -0.9646 0.0067
vn -0.0172 -0.9999 0.0017
vn -0.2637 -0.9646 0.0067
vn -0.0178 -0.9998 -0.0004
vn -0.0178 -0.9998 -0.0004
vn -0.2637 -0.9646 0.0067
vn -0.3523 -0.933 0.0738
vn -0.0178 -0.9998 -0.0004
vn -0.3523 -0.933 0.0738
vn -0.0259 -0.9985 0.0491
vn -0 -1 -0
vn -0.0172 -0.9999 0.0017
vn -0.0178 -0.9998 -0.0004
vn -0 -1 -0
vn -0.0178 -0.9998 -0.0004
vn -0 -1 -0
vn -0 -1 -0
vn -0.0178 -0.9998 -0.0004
vn -0.0259 -0.9985 0.0491
vn -0 -1 -0
vn -0.0259 -0.9985 0.0491
vn -0.0021 -0.9987 0.0502
vn -0.0259 -0.9985 0.0491
vn -0.3522 -0.933 0.0738
vn -0.368 -0.9002 0.2328
vn -0.0259 -0.9985 0.0491
vn -0.368 -0.9002 0.2328
vn -0.0413 -0.9711 0.235
vn -0.0021 -0.9987 0.0502
vn -0.0259 -0.9985 0.0491
vn -0.0413 -0.9711 0.235
vn -0.0021 -0.9987 0.0502
vn -0.0413 -0.9711 0.235
vn -0.0099 -0.9689 0.2473
vn -0.0413 -0.9711 0.235
vn -0.368 -0.9002 0.2328
vn -0.5108 -0.7065 0.4898
vn -0.0413 -0.9711 0.235
vn -0.5108 -0.7065 0.4898
vn -0.0525 -0.7764 0.628
vn -0.0099 -0.9689 0.2474
vn -0.0413 -0.9711 0.235
vn -0.0525 -0.7764 0.628
vn -0.0099 -0.9689 0.2474
vn -0.0525 -0.7764 0.628
vn -0.0178 -0.7714 0.6361
vn -0.0021 -0.9987 0.0502
vn -0.0099 -0.9689 0.2474
vn 0.0006 -0.9675 0.2529
vn -0.0021 -0.9987 0.0502
vn 0.0006 -0.9675 0.2529
vn 0.0023 -0.9989 0.0468
vn -0.0099 -0.9689 0.2474
vn -0.0178 -0.7714 0.6361
vn -0.0049 -0.7775 0.6288
vn -0.0099 -0.9689 0.2474
vn -0.0049 -0.7775 0.6288
vn 0.0006 -0.9675 0.253
vn 0.0023 -0.9989 0.0468
vn 0.0006 -0.9675 0.2529
vn -0 -0.9671 0.2545
vn 0.0023 -0.9989 0.0468
vn -0 -0.9671 0.2545
vn -0 -0.9989 0.046
vn 0.0006 -0.9675 0.253
vn -0.0049 -0.7775 0.6288
vn -0 -0.7788 0.6272
vn 0.0006 -0.9675 0.253
vn -0 -0.7788 0.6272
vn -0 -0.9671 0.2545
vn -0.0023 -0.9989 0.0468
vn -0 -0.9989 0.046
vn -0 -0.9671 0.2545
vn -0.0023 -0.9989 0.0468
vn -0 -0.9671 0.2545
vn -0.0006 -0.9675 0.2529
vn -0.0006 -0.9675 0.253
vn -0 -0.9671 0.2545
vn -0 -0.7788 0.6272
vn -0.0006 -0.9675 0.253
vn -0 -0.7788 0.6272
vn 0.0049 -0.7774 0.629
vn 0.0021 -0.9987 0.0502
vn -0.0023 -0.9989 0.0468
vn -0.0006 -0.9675 0.2529
vn 0.0021 -0.9987 0.0502
vn -0.0006 -0.9675 0.2529
vn 0.0099 -0.9689 0.2474
vn 0.0099 -0.9689 0.2474
vn -0.0006 -0.9675 0.253
vn 0.0049 -0.7774 0.629
vn 0.0099 -0.9689 0.2474
vn 0.0049 -0.7774 0.629
vn 0.0178 -0.7714 0.6361
vn 0.0049 -0.7774 0.629
vn 0.0069 -0.574 0.8188
vn 0.0183 -0.5907 0.8067
vn 0.0049 -0.7774 0.629
vn 0.0183 -0.5907 0.8067
vn 0.0178 -0.7714 0.6361
vn 0.0099 -0.9689 0.2474
vn 0.0178 -0.7714 0.6361
vn 0.0525 -0.7764 0.628
vn 0.0099 -0.9689 0.2474
vn 0.0525 -0.7764 0.628
vn 0.0413 -0.9711 0.235
vn 0.0178 -0.7714 0.6361
vn 0.0183 -0.5907 0.8067
vn 0.1286 -0.5898 0.7972
vn 0.0178 -0.7714 0.6361
vn 0.1286 -0.5898 0.7972
vn 0.0525 -0.7764 0.6281
vn 0.5108 -0.7065 0.4898
vn 0.0525 -0.7764 0.6281
vn 0.1286 -0.5898 0.7972
vn 0.5108 -0.7065 0.4899
vn 0.1287 -0.5898 0.7972
vn 0.4948 -0.4962 0.7134
vn 0.5108 -0.7065 0.4899
vn 0.4948 -0.4962 0.7134
vn 0.719 -0.3957 0.5714
vn 0.719 -0.3957 0.5713
vn 0.8549 -0.297 0.4254
vn 0.8372 -0.4254 0.3436
vn 0.719 -0.3957 0.5713
vn 0.8372 -0.4254 0.3436
vn 0.5108 -0.7065 0.4898
vn 0.942 -0.2666 0.2038
vn 0.8373 -0.4254 0.3436
vn 0.8549 -0.297 0.4254
vn 0.942 -0.2666 0.2038
vn 0.8549 -0.297 0.4254
vn 0.9373 -0.2026 0.2836
vn 0.942 -0.2666 0.2038
vn 0.9373 -0.2026 0.2836
vn 0.958 -0.1586 0.2391
vn 0.942 -0.2666 0.2038
vn 0.958 -0.1586 0.2391
vn 0.9597 -0.2117 0.1846
vn 0.8543 -0.2205 0.4707
vn 0.8682 -0.2871 0.4047
vn 0.9597 -0.2117 0.1846
vn 0.8543 -0.2205 0.4707
vn 0.9597 -0.2117 0.1846
vn 0.9579 -0.1586 0.2391
vn 0.8682 -0.2872 0.4046
vn 0.8786 -0.419 0.2293
vn 0.9357 -0.3383 0.0996
vn 0.8682 -0.2872 0.4046
vn 0.9357 -0.3383 0.0996
vn 0.9597 -0.2117 0.1846
vn 0.942 -0.2666 0.2038
vn 0.9597 -0.2117 0.1846
vn 0.9358 -0.3383 0.0996
vn 0.942 -0.2666 0.2038
vn 0.9358 -0.3383 0.0996
vn 0.9263 -0.3638 0.0979
vn 0.8785 -0.419 0.2293
vn 0.6126 -0.6993 0.3685
vn 0.784 -0.6162 0.0749
vn 0.8785 -0.419 0.2293
vn 0.784 -0.6162 0.0749
vn 0.9357 -0.3383 0.0996
vn 0.784 -0.6162 0.0749
vn 0.8535 -0.5208 0.0162
vn 0.9263 -0.3638 0.0979
vn 0.784 -0.6162 0.0749
vn 0.9263 -0.3638 0.0979
vn 0.9357 -0.3383 0.0996
vn 0.8535 -0.5209 0.0162
vn 0.8645 -0.5025 0.0052
vn 0.8123 -0.5782 0.0763
vn 0.8535 -0.5209 0.0162
vn 0.8123 -0.5782 0.0763
vn 0.9263 -0.3638 0.0979
vn 0.9263 -0.3638 0.0979
vn 0.8123 -0.5782 0.0763
vn 0.7681 -0.6115 0.1902
vn 0.942 -0.2667 0.2038
vn 0.9263 -0.3638 0.0979
vn 0.7681 -0.6114 0.1902
vn 0.942 -0.2667 0.2038
vn 0.7681 -0.6114 0.1902
vn 0.8373 -0.4254 0.3435
vn 0.5108 -0.7065 0.4898
vn 0.8372 -0.4255 0.3435
vn 0.768 -0.6115 0.1902
vn 0.5108 -0.7065 0.4898
vn 0.768 -0.6115 0.1902
vn 0.368 -0.9002 0.2328
vn 0.368 -0.9002 0.2328
vn 0.768 -0.6115 0.1902
vn 0.8123 -0.5782 0.0763
vn 0.368 -0.9002 0.2328
vn 0.8123 -0.5782 0.0763
vn 0.3523 -0.933 0.0738
vn 0.0413 -0.9711 0.235
vn 0.0525 -0.7764 0.628
vn 0.5108 -0.7065 0.4898
vn 0.0413 -0.9711 0.235
vn 0.5108 -0.7065 0.4898
vn 0.368 -0.9002 0.2328
vn 0.0259 -0.9985 0.0491
vn 0.0413 -0.9711 0.235
vn 0.368 -0.9002 0.2328
vn 0.0259 -0.9985 0.0491
vn 0.368 -0.9002 0.2328
vn 0.3528 -0.9325 0.0777
vn 0.0179 -0.9998 -0.0004
vn 0.0259 -0.9985 0.0491
vn 0.3523 -0.933 0.0738
vn 0.0179 -0.9998 -0.0004
vn 0.3523 -0.933 0.0738
vn 0.2637 -0.9646 0.0067
vn 0.3523 -0.933 0.0738
vn 0.8123 -0.5782 0.0763
vn 0.6977 -0.7155 0.0357
vn 0.3523 -0.933 0.0738
vn 0.6977 -0.7155 0.0357
vn 0.2637 -0.9646 0.0067
vn 0.0172 -0.9999 0.0017
vn 0.0179 -0.9998 -0.0004
vn 0.2637 -0.9646 0.0067
vn 0.0172 -0.9999 0.0017
vn 0.2637 -0.9646 0.0067
vn 0.2228 -0.9749 0.0041
vn 0.2228 -0.9748 0.0041
vn 0.2637 -0.9646 0.0067
vn 0.6977 -0.7155 0.0357
vn 0.2228 -0.9748 0.0041
vn 0.6977 -0.7155 0.0357
vn 0.6175 -0.7863 0.0193
vn 0.6176 -0.7863 0.0193
vn 0.6978 -0.7154 0.0357
vn 0.8263 -0.5631 0.0082
vn 0.6176 -0.7863 0.0193
vn 0.8263 -0.5631 0.0082
vn 0.7753 -0.6316 0.002
vn 0.8263 -0.5631 0.0082
vn 0.6978 -0.7154 0.0357
vn 0.8123 -0.5782 0.0763
vn 0.8263 -0.5631 0.0082
vn 0.8123 -0.5782 0.0763
vn 0.8646 -0.5025 0.0052
vn 0.8263 -0.5631 0.0082
vn 0.602 -0.7803 -0.1695
vn 0.547 -0.8197 -0.17
vn 0.8263 -0.5631 0.0082
vn 0.547 -0.8197 -0.17
vn 0.7753 -0.6316 0.002
vn 0.602 -0.7803 -0.1695
vn 0.8263 -0.5631 0.0082
vn 0.8645 -0.5025 0.0052
vn 0.602 -0.7803 -0.1695
vn 0.8645 -0.5025 0.0052
vn 0.5891 -0.7932 -0.1543
vn 0.5469 -0.8198 -0.17
vn 0.602 -0.7803 -0.1695
vn 0.1184 -0.9304 -0.3468
vn 0.5469 -0.8198 -0.17
vn 0.1184 -0.9304 -0.3468
vn 0.0934 -0.9302 -0.355
vn 0.1036 -0.9534 -0.2833
vn 0.1184 -0.9304 -0.3468
vn 0.602 -0.7803 -0.1695
vn 0.1036 -0.9534 -0.2833
vn 0.602 -0.7803 -0.1695
vn 0.5891 -0.7932 -0.1543
vn 0.0422 -0.9845 -0.17
vn 0.1037 -0.9534 -0.2833
vn 0.5891 -0.7932 -0.1543
vn 0.0422 -0.9845 -0.17
vn 0.5891 -0.7932 -0.1543
vn 0.5181 -0.8496 -0.0986
vn 0.5182 -0.8496 -0.0985
vn 0.5891 -0.7932 -0.1543
vn 0.8645 -0.5026 0.0052
vn 0.5182 -0.8496 -0.0985
vn 0.8645 -0.5026 0.0052
vn 0.8535 -0.5209 0.0162
vn 0.5181 -0.8496 -0.0985
vn 0.4096 -0.9109 0.0493
vn -0.0362 -0.9988 0.0335
vn 0.5181 -0.8496 -0.0985
vn -0.0362 -0.9988 0.0335
vn 0.0423 -0.9845 -0.17
vn 0.4097 -0.9109 0.0493
vn 0.5181 -0.8496 -0.0985
vn 0.8534 -0.5209 0.0162
vn 0.4097 -0.9109 0.0493
vn 0.8534 -0.5209 0.0162
vn 0.784 -0.6162 0.0749
vn -0.0362 -0.9988 0.0335
vn 0.4096 -0.911 0.0493
vn 0.2344 -0.8795 0.4142
vn -0.0362 -0.9988 0.0335
vn 0.2344 -0.8795 0.4142
vn -0.1458 -0.909 0.3904
vn 0.4096 -0.9109 0.0493
vn 0.784 -0.6163 0.0749
vn 0.6126 -0.6993 0.3684
vn 0.4096 -0.9109 0.0493
vn 0.6126 -0.6993 0.3684
vn 0.2345 -0.8795 0.4142
vn -0.3929 -0.9193 0.0246
vn -0.0362 -0.9988 0.0335
vn -0.1458 -0.909 0.3904
vn -0.3929 -0.9193 0.0246
vn -0.1458 -0.909 0.3904
vn -0.4362 -0.8323 0.3422
vn -0.3929 -0.9193 0.0246
vn -0.3916 -0.9028 -0.1778
vn 0.0421 -0.9845 -0.17
vn -0.3929 -0.9193 0.0246
vn 0.0421 -0.9845 -0.17
vn -0.0362 -0.9988 0.0335
vn -0.7461 -0.6642 0.0472
vn -0.7632 -0.6319 -0.1347
vn -0.3916 -0.9028 -0.1778
vn -0.7461 -0.6642 0.0472
vn -0.3916 -0.9028 -0.1778
vn -0.3929 -0.9192 0.0246
vn -0.7461 -0.6641 0.0472
vn -0.3929 -0.9192 0.0246
vn -0.4362 -0.8322 0.3422
vn -0.7461 -0.6641 0.0472
vn -0.4362 -0.8322 0.3422
vn -0.6954 -0.667 0.2675
vn -0.7632 -0.6319 -0.1347
vn -0.7382 -0.6096 -0.2888
vn -0.3486 -0.8782 -0.3275
vn -0.7632 -0.6319 -0.1347
vn -0.3486 -0.8782 -0.3275
vn -0.3916 -0.9028 -0.1778
vn 0.1036 -0.9534 -0.2833
vn 0.0422 -0.9845 -0.17
vn -0.3916 -0.9028 -0.1778
vn 0.1036 -0.9534 -0.2833
vn -0.3916 -0.9028 -0.1778
vn -0.3486 -0.8782 -0.3275
vn -0.7382 -0.6096 -0.2888
vn -0.69 -0.6113 -0.3876
vn -0.3126 -0.8534 -0.4172
vn -0.7382 -0.6096 -0.2888
vn -0.3126 -0.8534 -0.4172
vn -0.3486 -0.8782 -0.3275
vn 0.1184 -0.9304 -0.3468
vn 0.1036 -0.9534 -0.2833
vn -0.3485 -0.8782 -0.3275
vn 0.1184 -0.9304 -0.3468
vn -0.3485 -0.8782 -0.3275
vn -0.3125 -0.8534 -0.4172
vn 0.0934 -0.9302 -0.355
vn 0.1183 -0.9304 -0.3468
vn -0.3126 -0.8534 -0.4172
vn 0.0934 -0.9302 -0.355
vn -0.3126 -0.8534 -0.4172
vn -0.2815 -0.8607 -0.4241
vn -0.2816 -0.8607 -0.4241
vn -0.3126 -0.8533 -0.4172
vn -0.69 -0.6113 -0.3876
vn -0.2816 -0.8607 -0.4241
vn -0.69 -0.6113 -0.3876
vn -0.6453 -0.6471 -0.406
vn -0.6453 -0.6471 -0.406
vn -0.69 -0.6112 -0.3876
vn -0.9126 -0.2931 -0.2851
vn -0.6453 -0.6471 -0.406
vn -0.9126 -0.2931 -0.2851
vn -0.886 -0.3299 -0.3258
vn -0.9126 -0.2931 -0.2851
vn -0.69 -0.6113 -0.3876
vn -0.7382 -0.6096 -0.2888
vn -0.9126 -0.2931 -0.2851
vn -0.7382 -0.6096 -0.2888
vn -0.9425 -0.2771 -0.1866
vn -0.8861 -0.3298 -0.3258
vn -0.9126 -0.2931 -0.2851
vn -0.9598 -0.1611 -0.23
vn -0.8861 -0.3298 -0.3258
vn -0.9598 -0.1611 -0.23
vn -0.9414 -0.1865 -0.2812
vn -0.9126 -0.2931 -0.2851
vn -0.9426 -0.2771 -0.1866
vn -0.9807 -0.1433 -0.1332
vn -0.9126 -0.2931 -0.2851
vn -0.9807 -0.1433 -0.1332
vn -0.9598 -0.1611 -0.23
vn -0.9426 -0.277 -0.1866
vn -0.9541 -0.2958 -0.0479
vn -0.9883 -0.1522 -0.0043
vn -0.9426 -0.277 -0.1866
vn -0.9883 -0.1522 -0.0043
vn -0.9807 -0.1433 -0.1332
vn -0.954 -0.2958 -0.0479
vn -0.9426 -0.2771 -0.1866
vn -0.7382 -0.6096 -0.2888
vn -0.954 -0.2958 -0.0479
vn -0.7382 -0.6096 -0.2888
vn -0.7633 -0.6318 -0.1347
vn -0.9541 -0.2958 -0.0479
vn -0.9317 -0.3433 0.1189
vn -0.9675 -0.1976 0.158
vn -0.9541 -0.2958 -0.0479
vn -0.9675 -0.1976 0.158
vn -0.9883 -0.1522 -0.0043
vn -0.9317 -0.3433 0.1189
vn -0.954 -0.2958 -0.0479
vn -0.7633 -0.6318 -0.1347
vn -0.9317 -0.3433 0.1189
vn -0.7633 -0.6318 -0.1347
vn -0.7462 -0.6641 0.0472
vn -0.9317 -0.3433 0.1189
vn -0.8288 -0.4026 0.3886
vn -0.8675 -0.276 0.4138
vn -0.9317 -0.3433 0.1189
vn -0.8675 -0.276 0.4138
vn -0.9675 -0.1976 0.158
vn -0.9317 -0.3433 0.1189
vn -0.7462 -0.6641 0.0472
vn -0.6954 -0.667 0.2675
vn -0.9317 -0.3433 0.1189
vn -0.6954 -0.667 0.2675
vn -0.8288 -0.4026 0.3886
vn -0.8675 -0.276 0.4139
vn -0.8288 -0.4026 0.3886
vn -0.5925 -0.5161 0.6185
vn -0.8675 -0.276 0.4139
vn -0.5925 -0.5161 0.6185
vn -0.6517 -0.3419 0.677
vn -0.5925 -0.5161 0.6185
vn -0.8288 -0.4026 0.3886
vn -0.6954 -0.667 0.2675
vn -0.5925 -0.5161 0.6185
vn -0.6954 -0.667 0.2675
vn -0.4362 -0.8322 0.3422
vn -0.296 -0.598 0.7448
vn -0.5925 -0.5162 0.6185
vn -0.4362 -0.8322 0.3423
vn -0.296 -0.598 0.7448
vn -0.4362 -0.8322 0.3423
vn -0.1458 -0.909 0.3904
vn -0.3598 -0.3727 0.8553
vn -0.6516 -0.3419 0.6771
vn -0.5925 -0.5161 0.6185
vn -0.3598 -0.3727 0.8553
vn -0.5925 -0.5161 0.6185
vn -0.296 -0.598 0.7448
vn -0.0121 -0.3802 0.9248
vn -0.3598 -0.3727 0.8554
vn -0.296 -0.598 0.7448
vn -0.0121 -0.3802 0.9248
vn -0.296 -0.598 0.7448
vn 0.0617 -0.5954 0.8011
vn 0.0617 -0.5955 0.801
vn -0.296 -0.598 0.7448
vn -0.1458 -0.909 0.3904
vn 0.0617 -0.5955 0.801
vn -0.1458 -0.909 0.3904
vn 0.2344 -0.8795 0.4142
vn 0.0618 -0.5954 0.8011
vn 0.4692 -0.5063 0.7235
vn 0.3892 -0.3539 0.8505
vn 0.0618 -0.5954 0.8011
vn 0.3892 -0.3539 0.8505
vn -0.0121 -0.3802 0.9248
vn 0.8543 -0.2205 0.4707
vn 0.3893 -0.3539 0.8504
vn 0.4693 -0.5063 0.7235
vn 0.8543 -0.2205 0.4707
vn 0.4693 -0.5063 0.7235
vn 0.8682 -0.2872 0.4047
vn 0.4692 -0.5063 0.7235
vn 0.6126 -0.6992 0.3685
vn 0.8785 -0.419 0.2294
vn 0.4692 -0.5063 0.7235
vn 0.8785 -0.419 0.2294
vn 0.8682 -0.2872 0.4047
vn 0.4692 -0.5063 0.7235
vn 0.0617 -0.5954 0.801
vn 0.2345 -0.8794 0.4142
vn 0.4692 -0.5063 0.7235
vn 0.2345 -0.8794 0.4142
vn 0.6126 -0.6993 0.3685
vn -0.8802 -0.3545 -0.3155
vn -0.8861 -0.3298 -0.3258
vn -0.9414 -0.1865 -0.2812
vn -0.8802 -0.3545 -0.3155
vn -0.9414 -0.1865 -0.2812
vn -0.9365 -0.1966 -0.2904
vn -0.8902 -0.3449 -0.2978
vn -0.8802 -0.3546 -0.3155
vn -0.9365 -0.1966 -0.2904
vn -0.8902 -0.3449 -0.2978
vn -0.9365 -0.1966 -0.2904
vn -0.9357 -0.1947 -0.2942
vn -0.9028 -0.3192 -0.2881
vn -0.8902 -0.3448 -0.2978
vn -0.9357 -0.1947 -0.2942
vn -0.9028 -0.3192 -0.2881
vn -0.9357 -0.1947 -0.2942
vn -0.9348 -0.1946 -0.297
vn -0.8522 -0.3026 -0.4268
vn -0.9028 -0.3192 -0.2881
vn -0.9348 -0.1946 -0.297
vn -0.8522 -0.3026 -0.4268
vn -0.9348 -0.1946 -0.297
vn -0.8544 -0.2145 -0.4734
vn -0.689 -0.2377 -0.6847
vn -0.6754 -0.2999 -0.6737
vn -0.8522 -0.3026 -0.4268
vn -0.689 -0.2377 -0.6847
vn -0.8522 -0.3026 -0.4268
vn -0.8543 -0.2145 -0.4735
vn -0.6754 -0.2999 -0.6737
vn -0.5851 -0.499 -0.6393
vn -0.7346 -0.5806 -0.351
vn -0.6754 -0.2999 -0.6737
vn -0.7346 -0.5806 -0.351
vn -0.8522 -0.3026 -0.4268
vn -0.9028 -0.3192 -0.2881
vn -0.8522 -0.3026 -0.4268
vn -0.7347 -0.5806 -0.351
vn -0.9028 -0.3192 -0.2881
vn -0.7347 -0.5806 -0.351
vn -0.7206 -0.6564 -0.2235
vn -0.5851 -0.499 -0.6393
vn -0.3364 -0.7233 -0.6031
vn -0.4206 -0.8773 -0.2311
vn -0.5851 -0.499 -0.6393
vn -0.4206 -0.8773 -0.2311
vn -0.7346 -0.5806 -0.351
vn -0.3559 -0.9296 -0.0956
vn -0.7206 -0.6564 -0.2235
vn -0.7346 -0.5806 -0.351
vn -0.3559 -0.9296 -0.0956
vn -0.7346 -0.5806 -0.351
vn -0.4206 -0.8773 -0.2311
vn -0.3559 -0.9296 -0.0956
vn -0.2782 -0.9368 -0.2121
vn -0.6516 -0.7059 -0.2777
vn -0.3559 -0.9296 -0.0956
vn -0.6516 -0.7059 -0.2777
vn -0.7206 -0.6564 -0.2235
vn -0.7206 -0.6563 -0.2235
vn -0.6516 -0.7059 -0.2777
vn -0.8901 -0.3449 -0.2978
vn -0.7206 -0.6563 -0.2235
vn -0.8901 -0.3449 -0.2978
vn -0.9028 -0.3192 -0.2881
vn -0.2782 -0.9368 -0.2121
vn -0.266 -0.8999 -0.3456
vn -0.6245 -0.6968 -0.3528
vn -0.2782 -0.9368 -0.2121
vn -0.6245 -0.6968 -0.3528
vn -0.6516 -0.7059 -0.2777
vn -0.6516 -0.7059 -0.2777
vn -0.6246 -0.6968 -0.3528
vn -0.8802 -0.3546 -0.3155
vn -0.6516 -0.7059 -0.2777
vn -0.8802 -0.3546 -0.3155
vn -0.8901 -0.3449 -0.2978
vn -0.266 -0.8999 -0.3456
vn -0.2816 -0.8607 -0.4241
vn -0.6453 -0.6471 -0.406
vn -0.266 -0.8999 -0.3456
vn -0.6453 -0.6471 -0.406
vn -0.6244 -0.6968 -0.3528
vn -0.6245 -0.6968 -0.3528
vn -0.6453 -0.6471 -0.406
vn -0.886 -0.3299 -0.3258
vn -0.6245 -0.6968 -0.3528
vn -0.886 -0.3299 -0.3258
vn -0.8802 -0.3546 -0.3155
vn 0.0558 -0.9558 -0.2887
vn 0.0933 -0.9302 -0.355
vn -0.2815 -0.8608 -0.4241
vn 0.0558 -0.9558 -0.2887
vn -0.2815 -0.8608 -0.4241
vn -0.266 -0.8999 -0.3456
vn 0.0425 -0.9889 -0.1425
vn 0.0558 -0.9558 -0.2887
vn -0.266 -0.8999 -0.3456
vn 0.0425 -0.9889 -0.1425
vn -0.266 -0.8999 -0.3456
vn -0.2781 -0.9368 -0.2121
vn 0.4562 -0.877 -0.1511
vn 0.5469 -0.8197 -0.17
vn 0.0934 -0.9302 -0.355
vn 0.4562 -0.877 -0.1511
vn 0.0934 -0.9302 -0.355
vn 0.0559 -0.9558 -0.2887
vn 0.409 -0.9116 -0.0428
vn 0.4562 -0.877 -0.1511
vn 0.0558 -0.9558 -0.2887
vn 0.409 -0.9116 -0.0428
vn 0.0558 -0.9558 -0.2887
vn 0.0425 -0.9889 -0.1425
vn 0.3977 -0.9141 0.079
vn 0.409 -0.9116 -0.0428
vn 0.0425 -0.9889 -0.1425
vn 0.3977 -0.9141 0.079
vn 0.0425 -0.9889 -0.1425
vn 0.021 -0.9997 0.0126
vn 0.021 -0.9997 0.0126
vn 0.0425 -0.9889 -0.1425
vn -0.2782 -0.9368 -0.2121
vn 0.021 -0.9997 0.0126
vn -0.2782 -0.9368 -0.2121
vn -0.3559 -0.9296 -0.0956
vn 0.3977 -0.9141 0.0791
vn 0.021 -0.9997 0.0126
vn -0.0589 -0.992 -0.1115
vn 0.3977 -0.9141 0.0791
vn -0.0589 -0.992 -0.1115
vn 0.2509 -0.9664 -0.0557
vn 0.021 -0.9997 0.0126
vn -0.3559 -0.9296 -0.0956
vn -0.4206 -0.8773 -0.2311
vn 0.021 -0.9997 0.0126
vn -0.4206 -0.8773 -0.2311
vn -0.059 -0.992 -0.1115
vn -0.0842 -0.8184 -0.5685
vn 0.1053 -0.8301 -0.5476
vn 0.2509 -0.9664 -0.0557
vn -0.0842 -0.8184 -0.5685
vn 0.2509 -0.9664 -0.0557
vn -0.059 -0.992 -0.1115
vn -0.3364 -0.7233 -0.6031
vn -0.0842 -0.8184 -0.5685
vn -0.059 -0.992 -0.1115
vn -0.3364 -0.7233 -0.6031
vn -0.059 -0.992 -0.1115
vn -0.4206 -0.8773 -0.2311
vn 0.1053 -0.8301 -0.5476
vn 0.3385 -0.7814 -0.5243
vn 0.5603 -0.8247 -0.0764
vn 0.1053 -0.8301 -0.5476
vn 0.5603 -0.8247 -0.0764
vn 0.2509 -0.9664 -0.0557
vn 0.6528 -0.7485 0.1168
vn 0.3978 -0.9141 0.079
vn 0.2509 -0.9664 -0.0557
vn 0.6528 -0.7485 0.1168
vn 0.2509 -0.9664 -0.0557
vn 0.5603 -0.8247 -0.0764
vn 0.3386 -0.7814 -0.5243
vn 0.3691 -0.8119 -0.4523
vn 0.5486 -0.835 -0.043
vn 0.3386 -0.7814 -0.5243
vn 0.5486 -0.835 -0.043
vn 0.5603 -0.8247 -0.0764
vn 0.5494 -0.8289 0.1052
vn 0.6528 -0.7485 0.1168
vn 0.5604 -0.8247 -0.0764
vn 0.5494 -0.8289 0.1052
vn 0.5604 -0.8247 -0.0764
vn 0.5486 -0.835 -0.043
vn 0.5494 -0.8289 0.1052
vn 0.5314 -0.8452 0.056
vn 0.6782 -0.7331 0.0499
vn 0.5494 -0.8289 0.1052
vn 0.6782 -0.7331 0.0499
vn 0.6528 -0.7485 0.1168
vn 0.6782 -0.7332 0.0499
vn 0.4091 -0.9115 -0.0428
vn 0.3978 -0.914 0.079
vn 0.6782 -0.7332 0.0499
vn 0.3978 -0.914 0.079
vn 0.6528 -0.7485 0.1168
vn 0.5314 -0.8453 0.056
vn 0.5514 -0.8338 0.0255
vn 0.7235 -0.6904 0.0012
vn 0.5314 -0.8453 0.056
vn 0.7235 -0.6904 0.0012
vn 0.6782 -0.7331 0.0499
vn 0.7234 -0.6904 0.0012
vn 0.4562 -0.8769 -0.1511
vn 0.4091 -0.9115 -0.0428
vn 0.7234 -0.6904 0.0012
vn 0.4091 -0.9115 -0.0428
vn 0.6782 -0.7331 0.0499
vn 0.5514 -0.8338 0.0255
vn 0.6176 -0.7863 0.0193
vn 0.7753 -0.6316 0.002
vn 0.5514 -0.8338 0.0255
vn 0.7753 -0.6316 0.002
vn 0.7235 -0.6904 0.0012
vn 0.7753 -0.6316 0.002
vn 0.547 -0.8197 -0.17
vn 0.4562 -0.8769 -0.1511
vn 0.7753 -0.6316 0.002
vn 0.4562 -0.8769 -0.1511
vn 0.7235 -0.6904 0.0012
vn 0.1949 -0.9807 0.0128
vn 0.2229 -0.9748 0.0041
vn 0.6175 -0.7864 0.0193
vn 0.1949 -0.9807 0.0128
vn 0.6175 -0.7864 0.0193
vn 0.5514 -0.8339 0.0255
vn 0.2184 -0.9754 0.03
vn 0.195 -0.9807 0.0128
vn 0.5513 -0.8339 0.0255
vn 0.2184 -0.9754 0.03
vn 0.5513 -0.8339 0.0255
vn 0.5313 -0.8453 0.056
vn 0.0211 -0.9998 0.0026
vn 0.0172 -0.9999 0.0017
vn 0.2228 -0.9749 0.0041
vn 0.0211 -0.9998 0.0026
vn 0.2228 -0.9749 0.0041
vn 0.1949 -0.9807 0.0128
vn 0.0313 -0.9995 0.0059
vn 0.0211 -0.9998 0.0026
vn 0.1949 -0.9807 0.0128
vn 0.0313 -0.9995 0.0059
vn 0.1949 -0.9807 0.0128
vn 0.2184 -0.9754 0.03
vn 0.058 -0.9981 0.019
vn 0.0313 -0.9995 0.0059
vn 0.2184 -0.9754 0.03
vn 0.058 -0.9981 0.019
vn 0.2184 -0.9754 0.03
vn 0.2654 -0.9622 0.0604
vn 0.2655 -0.9622 0.0604
vn 0.2185 -0.9754 0.03
vn 0.5314 -0.8453 0.056
vn 0.2655 -0.9622 0.0604
vn 0.5314 -0.8453 0.056
vn 0.5494 -0.8289 0.1052
vn 0.0853 -0.9962 0.0158
vn 0.058 -0.9981 0.019
vn 0.2654 -0.9623 0.0604
vn 0.0853 -0.9962 0.0158
vn 0.2654 -0.9623 0.0604
vn 0.2886 -0.9563 -0.0478
vn 0.5494 -0.8289 0.1052
vn 0.5486 -0.835 -0.043
vn 0.2886 -0.9562 -0.0479
vn 0.5494 -0.8289 0.1052
vn 0.2886 -0.9562 -0.0479
vn 0.2653 -0.9622 0.0615
vn 0.1244 -0.9582 -0.2576
vn 0.2886 -0.9563 -0.0479
vn 0.0657 -0.8775 -0.4751
vn 0.1244 -0.9582 -0.2576
vn 0.0657 -0.8775 -0.4751
vn -0.1021 -0.7235 -0.6827
vn 0.3691 -0.8119 -0.4523
vn 0.0657 -0.8775 -0.4751
vn 0.2886 -0.9563 -0.0479
vn 0.3691 -0.8119 -0.4523
vn 0.2886 -0.9563 -0.0479
vn 0.5485 -0.835 -0.043
vn 0.0853 -0.9962 0.0158
vn 0.2886 -0.9563 -0.0479
vn 0.1244 -0.9582 -0.2576
vn 0.0853 -0.9962 0.0158
vn 0.1244 -0.9582 -0.2576
vn 0.0607 -0.9802 -0.1886
vn 0.0023 -0.9887 -0.1497
vn 0.0022 -1 0.0009
vn 0.0853 -0.9962 0.0158
vn 0.0023 -0.9887 -0.1497
vn 0.0853 -0.9962 0.0158
vn 0.0607 -0.9802 -0.1885
vn 0.0022 -1 0.0009
vn 0.0007 -1 -0.001
vn 0.058 -0.9981 0.019
vn 0.0022 -1 0.0009
vn 0.058 -0.9981 0.019
vn 0.0853 -0.9962 0.0158
vn 0.0017 -1 0.0003
vn 0.0008 -1 -0.0032
vn 0.0007 -1 -0.001
vn 0.0017 -1 0.0003
vn 0.0007 -1 -0.001
vn 0.0022 -1 0.0009
vn -0.0037 -0.9879 -0.1548
vn 0.0017 -1 0.0003
vn 0.0022 -1 0.0009
vn -0.0037 -0.9879 -0.1548
vn 0.0022 -1 0.0009
vn 0.0023 -0.9887 -0.1498
vn 0.0007 -1 -0.001
vn 0.0008 -1 -0.0032
vn -0 -1 -0
vn 0.0007 -1 -0.001
vn -0 -1 -0
vn -0 -1 -0
vn 0.0007 -1 -0.001
vn -0 -1 -0
vn 0.0313 -0.9995 0.0059
vn 0.0007 -1 -0.001
vn 0.0313 -0.9995 0.0059
vn 0.058 -0.9981 0.019
vn -0 -1 -0
vn -0 -1 -0
vn 0.0211 -0.9998 0.0026
vn -0 -1 -0
vn 0.0211 -0.9998 0.0026
vn 0.0313 -0.9995 0.0059
vn -0 -1 -0
vn -0 -1 -0
vn -0 -1 -0
vn -0 -1 -0
vn -0 -1 -0
vn -0 -1 -0
vn 0.0008 -1 -0.0032
vn -0 -1 -0.0045
vn -0 -1 -0
vn 0.0008 -1 -0.0032
vn -0 -1 -0
vn -0 -1 -0
vn -0 -1 -0
vn -0 -1 -0
vn -0 -1 -0
vn -0 -1 -0
vn -0 -1 -0
vn -0 -1 -0
vn -0.0007 -1 -0.0029
vn -0 -1 -0
vn -0 -1 -0
vn -0.0007 -1 -0.0029
vn -0 -1 -0
vn -0 -1 -0.0045
vn -0 -1 -0
vn -0 -1 -0
vn -0 -1 -0
vn -0 -1 -0
vn -0 -1 -0
vn -0 -1 -0
vn -0 -1 -0
vn -0 -1 -0
vn -0 -1 -0
vn -0 -1 -0
vn -0 -1 -0
vn -0 -1 -0
vn -0.0007 -1 -0.001
vn -0 -1 -0
vn -0 -1 -0
vn -0.0007 -1 -0.001
vn -0 -1 -0
vn -0.0007 -1 -0.0029
vn -0 -1 -0
vn -0 -1 -0
vn -0 -1 -0
vn -0 -1 -0
vn -0 -1 -0
vn -0 -1 -0
vn -0 -1 -0
vn -0 -1 -0
vn -0 -1 -0
vn -0 -1 -0
vn -0 -1 -0
vn -0 -1 -0
vn -0 -1 -0
vn -0 -1 -0
vn -0 -1 -0
vn -0 -1 -0
vn -0 -1 -0
vn -0 -1 -0
vn -0 -1 -0
vn -0 -1 -0
vn -0 -1 -0
vn -0 -1 -0
vn -0 -1 -0
vn -0 -1 -0
vn -0 -1 -0
vn -0 -1 -0
vn -0 -1 -0
vn -0 -1 -0
vn -0 -1 -0
vn -0 -1 -0
vn -0 -1 -0
vn -0 -1 -0
vn -0 -1 -0
vn -0 -1 -0
vn -0 -1 -0
vn -0 -1 -0
vn -0 -1 -0
vn -0 -1 -0
vn -0 -0.9989 0.046
vn -0 -1 -0
vn -0 -0.9989 0.046
vn -0.0023 -0.9989 0.0468
vn -0 -1 -0
vn 0.0023 -0.9989 0.0468
vn -0 -0.9989 0.046
vn -0 -1 -0
vn -0 -0.9989 0.046
vn -0 -1 -0
vn -0 -1 -0
vn -0 -1 -0
vn -0 -1 -0
vn -0 -1 -0
vn -0 -1 -0
vn -0 -1 -0
vn -0 -1 -0
vn -0 -1 -0
vn -0.0023 -0.9989 0.0468
vn -0 -1 -0
vn -0.0023 -0.9989 0.0468
vn 0.0021 -0.9987 0.0502
vn -0 -1 -0
vn -0 -1 -0
vn 0.0179 -0.9998 -0.0004
vn -0 -1 -0
vn 0.0179 -0.9998 -0.0004
vn 0.0172 -0.9999 0.0017
vn -0 -1 -0
vn 0.0021 -0.9987 0.0502
vn 0.0259 -0.9985 0.0491
vn -0 -1 -0
vn 0.0259 -0.9985 0.0491
vn 0.0179 -0.9998 -0.0004
vn 0.0021 -0.9987 0.0502
vn 0.0099 -0.9689 0.2473
vn 0.0413 -0.9711 0.235
vn 0.0021 -0.9987 0.0502
vn 0.0413 -0.9711 0.235
vn 0.0259 -0.9985 0.0491
vn -0 -1 -0
vn -0 -1 -0
vn -0 -1 -0
vn -0 -1 -0
vn -0 -1 -0
vn -0 -1 -0
vn -0 -1 -0
vn -0 -1 -0
vn 0.0172 -0.9999 0.0017
vn -0 -1 -0
vn 0.0172 -0.9999 0.0017
vn 0.0211 -0.9998 0.0026
vn -0 -1 -0
vn -0.0021 -0.9987 0.0502
vn 0.0023 -0.9989 0.0468
vn -0 -1 -0
vn 0.0023 -0.9989 0.0468
vn -0 -1 -0
vn -0 -1 -0
vn -0.0211 -0.9998 0.0026
vn -0.0172 -0.9999 0.0017
vn -0 -1 -0
vn -0.0172 -0.9999 0.0017
vn -0 -1 -0
vn -0 -1 -0
vn -0.0313 -0.9995 0.0059
vn -0.0211 -0.9998 0.0026
vn -0 -1 -0
vn -0.0211 -0.9998 0.0026
vn -0 -1 -0
vn -0.0313 -0.9995 0.0059
vn -0.2184 -0.9754 0.03
vn -0.1949 -0.9807 0.0128
vn -0.0313 -0.9995 0.0059
vn -0.1949 -0.9807 0.0128
vn -0.0211 -0.9998 0.0026
vn -0.0007 -1 -0.001
vn -0.058 -0.9981 0.019
vn -0.0313 -0.9995 0.0059
vn -0.0007 -1 -0.001
vn -0.0313 -0.9995 0.0059
vn -0 -1 -0
vn -0.058 -0.9981 0.019
vn -0.2654 -0.9623 0.0603
vn -0.2184 -0.9754 0.03
vn -0.058 -0.9981 0.019
vn -0.2184 -0.9754 0.03
vn -0.0313 -0.9995 0.0059
vn -0.2655 -0.9622 0.0603
vn -0.5494 -0.8289 0.1052
vn -0.5314 -0.8453 0.056
vn -0.2655 -0.9622 0.0603
vn -0.5314 -0.8453 0.056
vn -0.2185 -0.9754 0.03
vn -0.2184 -0.9754 0.03
vn -0.5313 -0.8453 0.056
vn -0.5513 -0.8339 0.0255
vn -0.2184 -0.9754 0.03
vn -0.5513 -0.8339 0.0255
vn -0.195 -0.9807 0.0128
vn -0.5494 -0.8289 0.1052
vn -0.6528 -0.7485 0.1168
vn -0.6783 -0.7331 0.0498
vn -0.5494 -0.8289 0.1052
vn -0.6783 -0.7331 0.0498
vn -0.5314 -0.8452 0.056
vn -0.5494 -0.8289 0.1052
vn -0.5486 -0.835 -0.043
vn -0.5602 -0.8248 -0.0763
vn -0.5494 -0.8289 0.1052
vn -0.5602 -0.8248 -0.0763
vn -0.6528 -0.7485 0.1168
vn -0.5494 -0.8289 0.1052
vn -0.2654 -0.9622 0.0603
vn -0.2886 -0.9562 -0.0479
vn -0.5494 -0.8289 0.1052
vn -0.2886 -0.9562 -0.0479
vn -0.5486 -0.835 -0.043
vn -0.6528 -0.7485 0.1168
vn -0.5602 -0.8248 -0.0763
vn -0.2509 -0.9664 -0.0557
vn -0.6528 -0.7485 0.1168
vn -0.2509 -0.9664 -0.0557
vn -0.3978 -0.9141 0.079
vn -0.6783 -0.7331 0.0498
vn -0.6528 -0.7485 0.1168
vn -0.3978 -0.914 0.079
vn -0.6783 -0.7331 0.0498
vn -0.3978 -0.914 0.079
vn -0.4091 -0.9115 -0.0428
vn -0.3977 -0.9141 0.079
vn -0.021 -0.9997 0.0126
vn -0.0425 -0.9889 -0.1425
vn -0.3977 -0.9141 0.079
vn -0.0425 -0.9889 -0.1425
vn -0.409 -0.9116 -0.0428
vn -0.3977 -0.9141 0.0791
vn -0.2509 -0.9664 -0.0557
vn 0.059 -0.992 -0.1115
vn -0.3977 -0.9141 0.0791
vn 0.059 -0.992 -0.1115
vn -0.021 -0.9997 0.0126
vn 0.0842 -0.8184 -0.5685
vn 0.059 -0.992 -0.1116
vn -0.2509 -0.9664 -0.0557
vn 0.0842 -0.8184 -0.5685
vn -0.2509 -0.9664 -0.0557
vn -0.1053 -0.8301 -0.5475
vn -0.1053 -0.8301 -0.5476
vn -0.2509 -0.9664 -0.0557
vn -0.5602 -0.8248 -0.0763
vn -0.1053 -0.8301 -0.5476
vn -0.5602 -0.8248 -0.0763
vn -0.3385 -0.7814 -0.5243
vn 0.0842 -0.8184 -0.5685
vn -0.1053 -0.8301 -0.5476
vn -0.0077 -0.4461 -0.895
vn 0.0842 -0.8184 -0.5685
vn -0.0077 -0.4461 -0.895
vn 0.0446 -0.427 -0.9031
vn -0.1053 -0.8301 -0.5476
vn -0.3385 -0.7814 -0.5243
vn -0.0392 -0.4776 -0.8777
vn -0.1053 -0.8301 -0.5476
vn -0.0392 -0.4776 -0.8777
vn -0.0077 -0.4461 -0.895
vn -0.0392 -0.4776 -0.8777
vn -0.3386 -0.7813 -0.5243
vn -0.3691 -0.8118 -0.4524
vn -0.0392 -0.4776 -0.8777
vn -0.3691 -0.8118 -0.4524
vn 0.103 -0.5503 -0.8286
vn -0.3386 -0.7813 -0.5243
vn -0.5602 -0.8248 -0.0763
vn -0.5486 -0.835 -0.043
vn -0.3386 -0.7813 -0.5243
vn -0.5486 -0.835 -0.043
vn -0.3691 -0.8119 -0.4523
vn -0.3691 -0.8119 -0.4524
vn -0.0657 -0.8775 -0.4751
vn 0.3593 -0.5841 -0.7278
vn -0.3691 -0.8119 -0.4524
vn 0.3593 -0.5841 -0.7278
vn 0.103 -0.5503 -0.8286
vn -0.3691 -0.8119 -0.4523
vn -0.5486 -0.835 -0.043
vn -0.2886 -0.9562 -0.0479
vn -0.3691 -0.8119 -0.4523
vn -0.2886 -0.9562 -0.0479
vn -0.0657 -0.8775 -0.4751
vn -0.0657 -0.8775 -0.4751
vn 0.1021 -0.7235 -0.6827
vn 0.415 -0.5564 -0.7199
vn -0.0657 -0.8775 -0.4751
vn 0.415 -0.5564 -0.7199
vn 0.3593 -0.5841 -0.7278
vn -0.1244 -0.9582 -0.2576
vn 0.1021 -0.7235 -0.6827
vn -0.0657 -0.8775 -0.4751
vn -0.1244 -0.9582 -0.2576
vn -0.0657 -0.8775 -0.4751
vn -0.2885 -0.9563 -0.0479
vn -0.0853 -0.9962 0.0158
vn -0.0607 -0.9802 -0.1886
vn -0.1244 -0.9582 -0.2576
vn -0.0853 -0.9962 0.0158
vn -0.1244 -0.9582 -0.2576
vn -0.2886 -0.9563 -0.0479
vn -0.0853 -0.9962 0.0158
vn -0.2886 -0.9563 -0.0478
vn -0.2654 -0.9623 0.0603
vn -0.0853 -0.9962 0.0158
vn -0.2654 -0.9623 0.0603
vn -0.058 -0.9981 0.019
vn -0.0023 -0.9887 -0.1497
vn -0.0607 -0.9802 -0.1885
vn -0.0853 -0.9962 0.0158
vn -0.0023 -0.9887 -0.1497
vn -0.0853 -0.9962 0.0158
vn -0.0022 -1 0.0009
vn -0.0022 -1 0.0009
vn -0.0853 -0.9962 0.0158
vn -0.058 -0.9981 0.019
vn -0.0022 -1 0.0009
vn -0.058 -0.9981 0.019
vn -0.0007 -1 -0.001
vn 0.0038 -0.9879 -0.1548
vn -0.0023 -0.9887 -0.1498
vn -0.0022 -1 0.0009
vn 0.0038 -0.9879 -0.1548
vn -0.0022 -1 0.0009
vn -0.0017 -1 0.0003
vn -0.0017 -1 0.0003
vn -0.0022 -1 0.0009
vn -0.0007 -1 -0.001
vn -0.0017 -1 0.0003
vn -0.0007 -1 -0.001
vn -0.0007 -1 -0.0029
vn -0 -0.9878 -0.1554
vn 0.0038 -0.9879 -0.1548
vn -0.0017 -1 0.0003
vn -0 -0.9878 -0.1554
vn -0.0017 -1 0.0003
vn -0 -1 0.0002
vn -0 -1 0.0002
vn -0.0017 -1 0.0003
vn -0.0007 -1 -0.0029
vn -0 -1 0.0002
vn -0.0007 -1 -0.0029
vn -0 -1 -0.0045
vn -0 -0.9878 -0.1554
vn -0 -1 0.0002
vn 0.0017 -1 0.0003
vn -0 -0.9878 -0.1554
vn 0.0017 -1 0.0003
vn -0.0037 -0.9879 -0.1548
vn 0.0001 -1 0.0002
vn -0 -1 -0.0045
vn 0.0008 -1 -0.0032
vn 0.0001 -1 0.0002
vn 0.0008 -1 -0.0032
vn 0.0017 -1 0.0003
vn 0.0156 -0.7656 -0.6431
vn 0.0038 -0.9879 -0.1548
vn -0 -0.9878 -0.1555
vn 0.0156 -0.7656 -0.6431
vn -0 -0.9878 -0.1555
vn -0 -0.7615 -0.6482
vn -0.0156 -0.7656 -0.6431
vn -0 -0.7615 -0.6482
vn -0 -0.9878 -0.1555
vn -0.0156 -0.7656 -0.6431
vn -0 -0.9878 -0.1555
vn -0.0037 -0.9879 -0.1548
vn 0.0023 -0.9887 -0.1498
vn -0.0111 -0.7677 -0.6407
vn -0.0156 -0.7656 -0.6431
vn 0.0023 -0.9887 -0.1498
vn -0.0156 -0.7656 -0.6431
vn -0.0037 -0.9879 -0.1549
vn -0.0156 -0.7656 -0.6431
vn -0.012 -0.5082 -0.8611
vn -0 -0.4967 -0.8679
vn -0.0156 -0.7656 -0.6431
vn -0 -0.4967 -0.8679
vn -0 -0.7614 -0.6482
vn -0.0111 -0.7676 -0.6408
vn -0.0159 -0.5223 -0.8526
vn -0.012 -0.5082 -0.8611
vn -0.0111 -0.7676 -0.6408
vn -0.012 -0.5082 -0.8611
vn -0.0156 -0.7656 -0.6431
vn -0.0312 -0.7419 -0.6698
vn -0.0479 -0.5229 -0.851
vn -0.0159 -0.5223 -0.8526
vn -0.0312 -0.7419 -0.6698
vn -0.0159 -0.5223 -0.8526
vn -0.0111 -0.7676 -0.6408
vn 0.0607 -0.9802 -0.1886
vn -0.0312 -0.7419 -0.6698
vn -0.0111 -0.7677 -0.6407
vn 0.0607 -0.9802 -0.1886
vn -0.0111 -0.7677 -0.6407
vn 0.0023 -0.9887 -0.1499
vn 0.1244 -0.9582 -0.2577
vn -0.1021 -0.7235 -0.6827
vn -0.0312 -0.7419 -0.6698
vn 0.1244 -0.9582 -0.2577
vn -0.0312 -0.7419 -0.6698
vn 0.0607 -0.9802 -0.1886
vn -0.1021 -0.7234 -0.6828
vn -0.083 -0.527 -0.8458
vn -0.0479 -0.5229 -0.851
vn -0.1021 -0.7234 -0.6828
vn -0.0479 -0.5229 -0.851
vn -0.0312 -0.7419 -0.6698
vn -0.083 -0.527 -0.8458
vn -0.0565 -0.332 -0.9416
vn -0.0388 -0.3358 -0.9411
vn -0.083 -0.527 -0.8458
vn -0.0388 -0.3358 -0.9411
vn -0.0479 -0.5229 -0.8511
vn -0.0479 -0.5229 -0.851
vn -0.0388 -0.3358 -0.9411
vn -0.0147 -0.3349 -0.9421
vn -0.0479 -0.5229 -0.851
vn -0.0147 -0.3349 -0.9421
vn -0.0159 -0.5223 -0.8526
vn -0.0565 -0.332 -0.9416
vn -0.0448 -0.2498 -0.9673
vn -0.0351 -0.2492 -0.9678
vn -0.0565 -0.332 -0.9416
vn -0.0351 -0.2492 -0.9678
vn -0.0388 -0.3358 -0.9411
vn -0.0388 -0.3358 -0.9411
vn -0.0351 -0.2492 -0.9678
vn -0.0162 -0.2498 -0.9682
vn -0.0388 -0.3358 -0.9411
vn -0.0162 -0.2498 -0.9682
vn -0.0147 -0.3348 -0.9422
vn -0.0159 -0.5223 -0.8526
vn -0.0147 -0.3349 -0.9421
vn -0.0063 -0.3372 -0.9414
vn -0.0159 -0.5223 -0.8526
vn -0.0063 -0.3372 -0.9414
vn -0.012 -0.5082 -0.8612
vn -0.0147 -0.3349 -0.9422
vn -0.0162 -0.2498 -0.9682
vn -0.0066 -0.25 -0.9682
vn -0.0147 -0.3349 -0.9422
vn -0.0066 -0.25 -0.9682
vn -0.0063 -0.3372 -0.9414
vn -0.0063 -0.3372 -0.9414
vn -0.0066 -0.25 -0.9682
vn -0.0001 -0.2491 -0.9685
vn -0.0063 -0.3372 -0.9414
vn -0.0001 -0.2491 -0.9685
vn -0 -0.3335 -0.9427
vn 0.0063 -0.3372 -0.9414
vn -0 -0.3335 -0.9427
vn -0 -0.2491 -0.9685
vn 0.0063 -0.3372 -0.9414
vn -0 -0.2491 -0.9685
vn 0.0066 -0.25 -0.9682
vn 0.0147 -0.3349 -0.9422
vn 0.0063 -0.3372 -0.9414
vn 0.0066 -0.25 -0.9682
vn 0.0147 -0.3349 -0.9422
vn 0.0066 -0.25 -0.9682
vn 0.0162 -0.2498 -0.9682
vn 0.0388 -0.3358 -0.9411
vn 0.0147 -0.3348 -0.9422
vn 0.0162 -0.2498 -0.9682
vn 0.0388 -0.3358 -0.9411
vn 0.0162 -0.2498 -0.9682
vn 0.0351 -0.2492 -0.9678
vn 0.0565 -0.332 -0.9416
vn 0.0388 -0.3358 -0.9411
vn 0.0351 -0.2492 -0.9678
vn 0.0565 -0.332 -0.9416
vn 0.0351 -0.2492 -0.9678
vn 0.0448 -0.2498 -0.9673
vn 0.083 -0.527 -0.8458
vn 0.0479 -0.5229 -0.8511
vn 0.0388 -0.3358 -0.9411
vn 0.083 -0.527 -0.8458
vn 0.0388 -0.3358 -0.9411
vn 0.0565 -0.332 -0.9416
vn 0.1021 -0.7234 -0.6828
vn 0.0313 -0.7419 -0.6698
vn 0.0479 -0.5229 -0.851
vn 0.1021 -0.7234 -0.6828
vn 0.0479 -0.5229 -0.851
vn 0.083 -0.527 -0.8458
vn 0.1021 -0.7235 -0.6828
vn 0.083 -0.527 -0.8458
vn 0.3875 -0.5345 -0.7511
vn 0.1021 -0.7235 -0.6828
vn 0.3875 -0.5345 -0.7511
vn 0.415 -0.5564 -0.7199
vn 0.0831 -0.527 -0.8458
vn 0.3802 -0.495 -0.7813
vn 0.3875 -0.5345 -0.7511
vn 0.0831 -0.527 -0.8458
vn 0.2831 -0.6096 -0.7404
vn 0.2909 -0.4382 -0.8505
vn 0.0831 -0.527 -0.8458
vn 0.2909 -0.4382 -0.8505
vn 0.3802 -0.495 -0.7813
vn 0.252 -0.6192 -0.7437
vn 0.2688 -0.6805 -0.6816
vn 0.2831 -0.6096 -0.7404
vn 0.252 -0.6192 -0.7437
vn 0.2831 -0.6096 -0.7404
vn 0.0831 -0.527 -0.8458
vn 0.0479 -0.5229 -0.851
vn 0.0159 -0.5223 -0.8526
vn 0.0147 -0.3349 -0.9421
vn 0.0479 -0.5229 -0.851
vn 0.0147 -0.3349 -0.9421
vn 0.0388 -0.3358 -0.9411
vn 0.0313 -0.7419 -0.6698
vn 0.0111 -0.7676 -0.6408
vn 0.0159 -0.5224 -0.8525
vn 0.0313 -0.7419 -0.6698
vn 0.0159 -0.5224 -0.8525
vn 0.0479 -0.5229 -0.851
vn 0.0159 -0.5223 -0.8526
vn 0.012 -0.5082 -0.8612
vn 0.0063 -0.3372 -0.9414
vn 0.0159 -0.5223 -0.8526
vn 0.0063 -0.3372 -0.9414
vn 0.0147 -0.3349 -0.9421
vn 0.0111 -0.7676 -0.6408
vn 0.0156 -0.7656 -0.6431
vn 0.012 -0.5082 -0.8611
vn 0.0111 -0.7676 -0.6408
vn 0.012 -0.5082 -0.8611
vn 0.0159 -0.5224 -0.8525
vn -0.0023 -0.9887 -0.1498
vn 0.0038 -0.9879 -0.1549
vn 0.0156 -0.7656 -0.6431
vn -0.0023 -0.9887 -0.1498
vn 0.0156 -0.7656 -0.6431
vn 0.0111 -0.7677 -0.6407
vn -0.0607 -0.9802 -0.1886
vn -0.0023 -0.9887 -0.1499
vn 0.0111 -0.7677 -0.6407
vn -0.0607 -0.9802 -0.1886
vn 0.0111 -0.7677 -0.6407
vn 0.0313 -0.7419 -0.6698
vn 0.0156 -0.7656 -0.6431
vn -0 -0.7614 -0.6482
vn -0 -0.4967 -0.8679
vn 0.0156 -0.7656 -0.6431
vn -0 -0.4967 -0.8679
vn 0.012 -0.5082 -0.8611
vn 0.012 -0.5082 -0.8612
vn -0 -0.4967 -0.8679
vn -0 -0.3335 -0.9427
vn 0.012 -0.5082 -0.8612
vn -0 -0.3335 -0.9427
vn 0.0063 -0.3372 -0.9414
vn -0.012 -0.5082 -0.8612
vn -0.0063 -0.3372 -0.9414
vn -0 -0.3335 -0.9427
vn -0.012 -0.5082 -0.8612
vn -0 -0.3335 -0.9427
vn -0 -0.4967 -0.8679
vn -0.1244 -0.9582 -0.2577
vn -0.0607 -0.9802 -0.1886
vn 0.0313 -0.7419 -0.6698
vn -0.1244 -0.9582 -0.2577
vn 0.0313 -0.7419 -0.6698
vn 0.1021 -0.7235 -0.6827
vn 0.1939 0.981 -0
vn 0.1939 0.981 -0
vn -0.0966 0.9953 -0
vn 0.1939 0.981 -0
vn -0.0966 0.9953 -0
vn -0.0938 0.9956 -0
vn -0.0938 0.9956 -0
vn -0.0966 0.9953 -0
vn -0.138 0.9904 -0
vn -0.0938 0.9956 -0
vn -0.138 0.9904 -0
vn -0.124 0.9923 -0
vn -0.124 0.9923 -0
vn -0.138 0.9904 -0
vn -0.5761 0.8174 -0
vn -0.124 0.9923 -0
vn -0.5761 0.8174 -0
vn -0.5761 0.8174 -0
vn 0.2848 -0.6571 -0.698
vn 0.3751 -0.2544 -0.8914
vn 0.689 -0.2377 -0.6847
vn 0.2848 -0.6571 -0.698
vn 0.689 -0.2377 -0.6847
vn 0.2944 -0.5339 -0.7926
vn 0.3439 -0.2702 -0.8993
vn 0.2941 -0.4058 -0.8653
vn 0.2944 -0.5339 -0.7926
vn 0.3439 -0.2702 -0.8993
vn 0.2944 -0.5339 -0.7926
vn 0.689 -0.2377 -0.6847
vn 0.689 -0.2377 -0.6847
vn 0.6754 -0.2998 -0.6737
vn 0.2981 -0.2984 -0.9067
vn 0.689 -0.2377 -0.6847
vn 0.2981 -0.2984 -0.9067
vn 0.3439 -0.2702 -0.8993
vn 0.689 -0.2377 -0.6847
vn 0.8543 -0.2145 -0.4735
vn 0.8522 -0.3026 -0.4268
vn 0.689 -0.2377 -0.6847
vn 0.8522 -0.3026 -0.4268
vn 0.6755 -0.2998 -0.6737
vn 0.8522 -0.3026 -0.4268
vn 0.8544 -0.2145 -0.4734
vn 0.9348 -0.1946 -0.297
vn 0.8522 -0.3026 -0.4268
vn 0.9348 -0.1946 -0.297
vn 0.9028 -0.3192 -0.2881
vn 0.9028 -0.3192 -0.2881
vn 0.9348 -0.1946 -0.297
vn 0.9357 -0.1947 -0.2942
vn 0.9028 -0.3192 -0.2881
vn 0.9357 -0.1947 -0.2942
vn 0.8902 -0.3449 -0.2977
vn 0.8902 -0.3449 -0.2977
vn 0.9357 -0.1947 -0.2942
vn 0.9365 -0.1966 -0.2904
vn 0.8902 -0.3449 -0.2977
vn 0.9365 -0.1966 -0.2904
vn 0.8802 -0.3546 -0.3155
vn 0.7206 -0.6563 -0.2235
vn 0.9028 -0.3193 -0.2881
vn 0.8902 -0.3449 -0.2977
vn 0.7206 -0.6563 -0.2235
vn 0.8902 -0.3449 -0.2977
vn 0.6516 -0.7059 -0.2777
vn 0.9028 -0.3192 -0.2881
vn 0.7206 -0.6564 -0.2235
vn 0.7347 -0.5806 -0.351
vn 0.9028 -0.3192 -0.2881
vn 0.7347 -0.5806 -0.351
vn 0.8522 -0.3026 -0.4268
vn 0.3559 -0.9296 -0.0956
vn 0.7206 -0.6564 -0.2235
vn 0.6516 -0.7059 -0.2777
vn 0.3559 -0.9296 -0.0956
vn 0.6516 -0.7059 -0.2777
vn 0.2783 -0.9368 -0.2121
vn 0.3559 -0.9296 -0.0956
vn 0.4206 -0.8773 -0.2311
vn 0.7346 -0.5806 -0.351
vn 0.3559 -0.9296 -0.0956
vn 0.7346 -0.5806 -0.351
vn 0.7206 -0.6564 -0.2235
vn 0.6754 -0.2998 -0.6737
vn 0.8522 -0.3026 -0.4268
vn 0.7346 -0.5806 -0.351
vn 0.6754 -0.2998 -0.6737
vn 0.7346 -0.5806 -0.351
vn 0.5851 -0.499 -0.6393
vn 0.5851 -0.499 -0.6393
vn 0.7346 -0.5806 -0.351
vn 0.4206 -0.8773 -0.2311
vn 0.5851 -0.499 -0.6393
vn 0.4206 -0.8773 -0.2311
vn 0.3365 -0.7232 -0.6031
vn 0.3364 -0.7233 -0.6031
vn 0.4206 -0.8773 -0.2311
vn 0.059 -0.992 -0.1115
vn 0.3364 -0.7233 -0.6031
vn 0.059 -0.992 -0.1115
vn 0.0843 -0.8184 -0.5685
vn -0.021 -0.9997 0.0126
vn 0.059 -0.992 -0.1115
vn 0.4206 -0.8773 -0.231
vn -0.021 -0.9997 0.0126
vn 0.4206 -0.8773 -0.231
vn 0.3559 -0.9296 -0.0956
vn 0.5851 -0.499 -0.6393
vn 0.3365 -0.7232 -0.6031
vn 0.1203 -0.3994 -0.9088
vn 0.5851 -0.499 -0.6393
vn 0.1203 -0.3994 -0.9088
vn 0.2039 -0.3578 -0.9113
vn 0.3365 -0.7232 -0.6031
vn 0.0842 -0.8184 -0.5685
vn 0.0446 -0.427 -0.9031
vn 0.3365 -0.7232 -0.6031
vn 0.0446 -0.427 -0.9031
vn 0.1203 -0.3994 -0.9088
vn -0.4593 0.8883 -0
vn -0.4369 0.8995 -0
vn -0.8428 0.5383 -0
vn -0.4593 0.8883 -0
vn -0.8428 0.5383 -0
vn -0.8759 0.4825 -0
vn -0.1549 0.9879 -0
vn -0.1529 0.9882 -0
vn -0.4368 0.8995 -0
vn -0.1549 0.9879 -0
vn -0.4368 0.8995 -0
vn -0.4592 0.8883 -0
vn 0.1331 -0.5152 -0.8467
vn 0.1302 -0.514 -0.8478
vn 0.0608 -0.4777 -0.8764
vn 0.1331 -0.5152 -0.8467
vn 0.0608 -0.4777 -0.8764
vn 0.0605 -0.4769 -0.8769
vn 0.0605 -0.4769 -0.8769
vn 0.0608 -0.4778 -0.8764
vn 0.0318 -0.3777 -0.9254
vn 0.0605 -0.4769 -0.8769
vn 0.0318 -0.3777 -0.9254
vn 0.0318 -0.3777 -0.9254
vn 0.8401 0.5425 -0
vn 0.8061 0.5917 -0
vn 0.6304 0.7762 -0
vn 0.8401 0.5425 -0
vn 0.6304 0.7762 -0
vn 0.6972 0.7169 -0
vn 0.6972 0.7169 -0
vn 0.6304 0.7763 -0
vn 0.4259 0.9048 -0
vn 0.6972 0.7169 -0
vn 0.4259 0.9048 -0
vn 0.4581 0.8889 -0
vn 0.4581 0.8889 -0
vn 0.4258 0.9048 -0
vn 0.1587 0.9873 -0
vn 0.4581 0.8889 -0
vn 0.1587 0.9873 -0
vn 0.1745 0.9847 -0
vn 0.0318 -0.3777 -0.9254
vn 0.0318 -0.3777 -0.9254
vn 0.0197 -0.3538 -0.9351
vn 0.1745 0.9847 -0
vn 0.1587 0.9873 -0
vn -0.1529 0.9882 -0
vn 0.1745 0.9847 -0
vn -0.1529 0.9882 -0
vn -0.1549 0.9879 -0
vn 0.8903 0.4553 -0
vn 0.8693 0.4943 -0
vn 0.8061 0.5917 -0
vn 0.8903 0.4553 -0
vn 0.8061 0.5917 -0
vn 0.8401 0.5425 -0
vn 0.2172 -0.463 -0.8593
vn 0.2049 -0.4734 -0.8567
vn 0.1302 -0.5141 -0.8478
vn 0.2172 -0.463 -0.8593
vn 0.1302 -0.5141 -0.8478
vn 0.1331 -0.5152 -0.8466
vn 0.2172 -0.4631 -0.8593
vn 0.2456 -0.4384 -0.8646
vn 0.2465 -0.4352 -0.8659
vn 0.2465 -0.4352 -0.8659
vn 0.2474 -0.4322 -0.8672
vn 0.2049 -0.4734 -0.8567
vn 0.2049 -0.4734 -0.8567
vn 0.2172 -0.4631 -0.8593
vn 0.2465 -0.4352 -0.8659
vn 0.9949 0.1013 -0
vn 0.9422 0.335 -0
vn 0.8693 0.4943 -0
vn 0.9949 0.1013 -0
vn 0.8693 0.4943 -0
vn 0.8903 0.4553 -0
vn -0.876 0.4824 -0
vn -0.8428 0.5382 -0
vn -0.9817 0.1904 -0
vn -0.876 0.4824 -0
vn -0.9817 0.1904 -0
vn -0.9912 0.1324 -0
vn -0.9912 0.1324 -0
vn -0.9817 0.1904 -0
vn -0.9961 -0.0883 -0
vn -0.9912 0.1324 -0
vn -0.9961 -0.0883 -0
vn -0.9749 -0.2227 -0
vn -0.9749 -0.2227 -0
vn -0.9961 -0.0883 -0
vn 0.0559 -0.9984 -0
vn -0.9749 -0.2227 -0
vn 0.0559 -0.9984 -0
vn 0.0841 -0.9965 -0
vn 0.2791 -0.3041 -0.9108
vn 0.2791 -0.3041 -0.9108
vn 0.2474 -0.4322 -0.8672
vn 0.2791 -0.3041 -0.9108
vn 0.2474 -0.4322 -0.8672
vn 0.2465 -0.4352 -0.8659
vn 0.1331 -0.9911 -0
vn 0.1214 -0.9926 -0
vn 0.7287 -0.6849 -0
vn 0.1331 -0.9911 -0
vn 0.7287 -0.6849 -0
vn 0.6799 -0.7333 -0
vn 0.6799 -0.7333 -0
vn 0.7287 -0.6848 -0
vn 0.9422 0.335 -0
vn 0.6799 -0.7333 -0
vn 0.9422 0.335 -0
vn 0.9949 0.1013 -0
vn 0.0841 -0.9965 -0
vn 0.0559 -0.9984 -0
vn 0.1214 -0.9926 -0
vn 0.0841 -0.9965 -0
vn 0.1214 -0.9926 -0
vn 0.1331 -0.9911 -0
vn 0.2941 -0.4058 -0.8654
vn 0.2909 -0.4382 -0.8505
vn 0.2831 -0.6096 -0.7404
vn 0.2941 -0.4058 -0.8654
vn 0.2831 -0.6096 -0.7404
vn 0.2944 -0.5339 -0.7926
vn 0.6754 -0.2998 -0.6737
vn 0.5851 -0.499 -0.6393
vn 0.2039 -0.3578 -0.9113
vn 0.6754 -0.2998 -0.6737
vn 0.2039 -0.3578 -0.9113
vn 0.2981 -0.2984 -0.9067
vn -0.021 -0.9997 0.0126
vn 0.3559 -0.9296 -0.0956
vn 0.2781 -0.9368 -0.2121
vn -0.021 -0.9997 0.0126
vn 0.2781 -0.9368 -0.2121
vn -0.0425 -0.9889 -0.1425
vn 0.2831 -0.6096 -0.7404
vn 0.2688 -0.6806 -0.6815
vn 0.2848 -0.657 -0.698
vn 0.2831 -0.6096 -0.7404
vn 0.2848 -0.657 -0.698
vn 0.2944 -0.5339 -0.7926
vn -0.1021 -0.7235 -0.6828
vn -0.415 -0.5564 -0.7199
vn -0.3875 -0.5345 -0.7511
vn -0.1021 -0.7235 -0.6828
vn -0.3875 -0.5345 -0.7511
vn -0.0831 -0.527 -0.8458
vn -0.0831 -0.527 -0.8458
vn -0.3875 -0.5345 -0.7511
vn -0.3803 -0.495 -0.7812
vn -0.0831 -0.527 -0.8458
vn -0.3803 -0.495 -0.7812
vn -0.2909 -0.4382 -0.8505
vn -0.0831 -0.527 -0.8458
vn -0.2909 -0.4382 -0.8505
vn -0.2831 -0.6096 -0.7404
vn -0.252 -0.6192 -0.7437
vn -0.0831 -0.527 -0.8458
vn -0.2831 -0.6096 -0.7404
vn -0.252 -0.6192 -0.7437
vn -0.2831 -0.6096 -0.7404
vn -0.2688 -0.6806 -0.6816
vn -0.1939 0.981 -0
vn 0.0938 0.9956 -0
vn 0.0966 0.9953 -0
vn -0.1939 0.981 -0
vn 0.0966 0.9953 -0
vn -0.1939 0.981 -0
vn 0.0938 0.9956 -0
vn 0.124 0.9923 -0
vn 0.138 0.9904 -0
vn 0.0938 0.9956 -0
vn 0.138 0.9904 -0
vn 0.0966 0.9953 -0
vn 0.124 0.9923 -0
vn 0.5761 0.8174 -0
vn 0.5761 0.8174 -0
vn 0.124 0.9923 -0
vn 0.5761 0.8174 -0
vn 0.138 0.9904 -0
vn -0.2848 -0.6571 -0.698
vn -0.2943 -0.534 -0.7926
vn -0.689 -0.2377 -0.6847
vn -0.2848 -0.6571 -0.698
vn -0.689 -0.2377 -0.6847
vn -0.375 -0.2544 -0.8914
vn -0.2831 -0.6096 -0.7404
vn -0.2943 -0.534 -0.7926
vn -0.2848 -0.657 -0.698
vn -0.2831 -0.6096 -0.7404
vn -0.2848 -0.657 -0.698
vn -0.2688 -0.6806 -0.6816
vn -0.3439 -0.2702 -0.8993
vn -0.689 -0.2377 -0.6847
vn -0.2943 -0.534 -0.7926
vn -0.3439 -0.2702 -0.8993
vn -0.2943 -0.534 -0.7926
vn -0.2941 -0.4058 -0.8653
vn -0.2941 -0.4058 -0.8654
vn -0.2943 -0.534 -0.7926
vn -0.2831 -0.6096 -0.7404
vn -0.2941 -0.4058 -0.8654
vn -0.2831 -0.6096 -0.7404
vn -0.2909 -0.4382 -0.8505
vn -0.0841 -0.9965 -0
vn -0.1331 -0.9911 -0
vn -0.1214 -0.9926 -0
vn -0.0841 -0.9965 -0
vn -0.1214 -0.9926 -0
vn -0.0559 -0.9984 -0
vn 0.9749 -0.2227 -0
vn -0.0841 -0.9965 -0
vn -0.0559 -0.9984 -0
vn 0.9749 -0.2227 -0
vn -0.0559 -0.9984 -0
vn 0.9961 -0.0883 -0
vn -0.2791 -0.3041 -0.9108
vn -0.2465 -0.4352 -0.866
vn -0.2474 -0.4322 -0.8672
vn -0.2791 -0.3041 -0.9108
vn -0.2474 -0.4322 -0.8672
vn -0.2791 -0.3042 -0.9108
vn 0.9912 0.1323 -0
vn 0.9749 -0.2227 -0
vn 0.9961 -0.0883 -0
vn 0.9912 0.1323 -0
vn 0.9961 -0.0883 -0
vn 0.9817 0.1904 -0
vn -0.2172 -0.4631 -0.8593
vn -0.2049 -0.4734 -0.8567
vn -0.2474 -0.4322 -0.8672
vn -0.2474 -0.4322 -0.8672
vn -0.2465 -0.4352 -0.8659
vn -0.2456 -0.4384 -0.8646
vn -0.2456 -0.4384 -0.8646
vn -0.2172 -0.4631 -0.8593
vn -0.2474 -0.4322 -0.8672
vn -0.1331 -0.9911 -0
vn -0.6799 -0.7333 -0
vn -0.7287 -0.6849 -0
vn -0.1331 -0.9911 -0
vn -0.7287 -0.6849 -0
vn -0.1214 -0.9926 -0
vn -0.6799 -0.7333 -0
vn -0.9949 0.1012 -0
vn -0.9422 0.335 -0
vn -0.6799 -0.7333 -0
vn -0.9422 0.335 -0
vn -0.7287 -0.6848 -0
vn -0.9949 0.1013 -0
vn -0.8903 0.4553 -0
vn -0.8693 0.4943 -0
vn -0.9949 0.1013 -0
vn -0.8693 0.4943 -0
vn -0.9422 0.3351 -0
vn -0.8903 0.4553 -0
vn -0.8401 0.5425 -0
vn -0.8061 0.5917 -0
vn -0.8903 0.4553 -0
vn -0.8061 0.5917 -0
vn -0.8693 0.4943 -0
vn -0.2049 -0.4734 -0.8567
vn -0.2172 -0.4631 -0.8593
vn -0.1331 -0.5152 -0.8467
vn -0.2049 -0.4734 -0.8567
vn -0.1331 -0.5152 -0.8467
vn -0.1302 -0.514 -0.8478
vn -0.8401 0.5425 -0
vn -0.6972 0.7169 -0
vn -0.6304 0.7762 -0
vn -0.8401 0.5425 -0
vn -0.6304 0.7762 -0
vn -0.8061 0.5918 -0
vn -0.1302 -0.5141 -0.8478
vn -0.1331 -0.5152 -0.8467
vn -0.0605 -0.4769 -0.8769
vn -0.1302 -0.5141 -0.8478
vn -0.0605 -0.4769 -0.8769
vn -0.0608 -0.4777 -0.8764
vn 0.4593 0.8883 -0
vn 0.8759 0.4825 -0
vn 0.8428 0.5383 -0
vn 0.4593 0.8883 -0
vn 0.8428 0.5383 -0
vn 0.4369 0.8995 -0
vn 0.876 0.4824 -0
vn 0.9912 0.1323 -0
vn 0.9817 0.1904 -0
vn 0.876 0.4824 -0
vn 0.9817 0.1904 -0
vn 0.8428 0.5382 -0
vn 0.1549 0.9879 -0
vn 0.4592 0.8883 -0
vn 0.4368 0.8995 -0
vn 0.1549 0.9879 -0
vn 0.4368 0.8995 -0
vn 0.1529 0.9882 -0
vn -0.0608 -0.4778 -0.8764
vn -0.0605 -0.4769 -0.8769
vn -0.0318 -0.3777 -0.9254
vn -0.0608 -0.4778 -0.8764
vn -0.0318 -0.3777 -0.9254
vn -0.0318 -0.3777 -0.9254
vn -0.1745 0.9847 -0
vn 0.1549 0.9879 -0
vn 0.1529 0.9882 -0
vn -0.1745 0.9847 -0
vn 0.1529 0.9882 -0
vn -0.1587 0.9873 -0
vn -0.0318 -0.3777 -0.9254
vn -0.0318 -0.3777 -0.9254
vn -0.0197 -0.3538 -0.9351
vn -0.4581 0.8889 -0
vn -0.1745 0.9847 -0
vn -0.1587 0.9873 -0
vn -0.4581 0.8889 -0
vn -0.1587 0.9873 -0
vn -0.4258 0.9048 -0
vn -0.6972 0.7169 -0
vn -0.4581 0.8889 -0
vn -0.4259 0.9048 -0
vn -0.6972 0.7169 -0
vn -0.4259 0.9048 -0
vn -0.6304 0.7763 -0
vn 0.1053 -0.8301 -0.5476
vn 0.0077 -0.4461 -0.895
vn 0.0392 -0.4776 -0.8777
vn 0.1053 -0.8301 -0.5476
vn 0.0392 -0.4776 -0.8777
vn 0.3385 -0.7814 -0.5243
vn 0.0392 -0.4776 -0.8777
vn -0.1034 -0.5504 -0.8285
vn 0.3691 -0.8119 -0.4524
vn 0.0392 -0.4776 -0.8777
vn 0.3691 -0.8119 -0.4524
vn 0.3385 -0.7814 -0.5243
vn -0.0842 -0.8184 -0.5685
vn -0.0446 -0.427 -0.9031
vn 0.0077 -0.4461 -0.895
vn -0.0842 -0.8184 -0.5685
vn 0.0077 -0.4461 -0.895
vn 0.1053 -0.8301 -0.5476
vn 0.3691 -0.8119 -0.4523
vn -0.1034 -0.5504 -0.8285
vn -0.3593 -0.5841 -0.7278
vn 0.3691 -0.8119 -0.4523
vn -0.3593 -0.5841 -0.7278
vn 0.0657 -0.8775 -0.4751
vn -0.3364 -0.7233 -0.6031
vn -0.1203 -0.3994 -0.9088
vn -0.0446 -0.427 -0.9031
vn -0.3364 -0.7233 -0.6031
vn -0.0446 -0.427 -0.9031
vn -0.0842 -0.8184 -0.5685
vn -0.5851 -0.4989 -0.6393
vn -0.2039 -0.3578 -0.9113
vn -0.1203 -0.3994 -0.9088
vn -0.5851 -0.4989 -0.6393
vn -0.1203 -0.3994 -0.9088
vn -0.3364 -0.7233 -0.6031
vn -0.6754 -0.2999 -0.6737
vn -0.2981 -0.2984 -0.9067
vn -0.2039 -0.3578 -0.9113
vn -0.6754 -0.2999 -0.6737
vn -0.2039 -0.3578 -0.9113
vn -0.5851 -0.499 -0.6393
vn -0.6889 -0.2377 -0.6847
vn -0.3439 -0.2702 -0.8993
vn -0.2981 -0.2984 -0.9067
vn -0.6889 -0.2377 -0.6847
vn -0.2981 -0.2984 -0.9067
vn -0.6754 -0.2999 -0.6737
vn 0.0657 -0.8775 -0.4751
vn -0.3593 -0.5841 -0.7278
vn -0.415 -0.5564 -0.7199
vn 0.0657 -0.8775 -0.4751
vn -0.415 -0.5564 -0.7199
vn -0.1021 -0.7234 -0.6828
vt -0 1
vt 2e-05 0
vt 1 0
vt -0 1
vt 1 0
vt 1 1
vt -0 1
vt 1 1
vt 1 0
vt -0 1
vt 1 0
vt 2e-05 0
vt 0 0
vt 1 0
vt 1 1
vt 0 0
vt 1 1
vt -0 1
vt 0 0
vt 1 0
vt 1 1
vt 0 0
vt 1 1
vt -0 1
vt 0 0
vt 1 0
vt 1 1
vt 0 0
vt 1 0
vt 1 1
vt 0 0
vt 1 1
vt -0 1
vt 0 0
vt 1 0
vt 1 1
vt 0 0
vt 1 1
vt -0 1
vt 0 0
vt 1 0
vt 1 1
vt 0 0
vt 1 1
vt -0 1
vt 0 0
vt 1 0
vt 1 1
vt 0 0
vt 1 1
vt -0 1
vt 0 0
vt 1 0
vt 1 1
vt 0 0
vt 1 1
vt -0 1
vt 0 0
vt 1 0
vt 1 1
vt 0 0
vt 1 1
vt -0 1
vt 0 0
vt 1 0
vt 1 1
vt 0 0
vt 1 1
vt -0 1
vt 0 0
vt 1 0
vt 1 1
vt 0 0
vt 1 1
vt -0 1
vt 0 0
vt 1 0
vt 1 1
vt 0 0
vt 1 1
vt -0 1
vt 0 0
vt 1 0
vt 1 1
vt 0 0
vt 1 0
vt 1 1
vt 0 0
vt 1 1
vt -0 1
vt 0 0
vt 1 0
vt 1 1
vt 0 0
vt 1 1
vt -0 1
vt 0 0.513099
vt 1 0.513099
vt 1 1
vt 0 0.513099
vt 1 1
vt -0 1
vt 0 0
vt 1 0
vt 1 0.513099
vt 0 0
vt 1 0.513099
vt 0 0.513099
vt 0 0
vt 1 0
vt 1 1
vt 0 0
vt 1 1
vt -0 1
vt 0 0
vt 1 0
vt 1 1
vt 0 0
vt 1 1
vt -0 1
vt 0 0
vt 1 0
vt 1 1
vt 0 0
vt 1 1
vt -0 1
vt 0.486901 1
vt 0.486901 0
vt 1 0
vt 0.486901 1
vt 1 0
vt 1 1
vt 0 0
vt 1 0
vt 1 1
vt 0 0
vt 1 1
vt -0 1
vt 0 0
vt 1 0
vt 1 1
vt 0 0
vt 1 1
vt -0 1
vt 0 0
vt 1 0
vt 1 1
vt 0 0
vt 1 1
vt -0 1
vt 0 0
vt 1 0
vt 1 1
vt 0 0
vt 1 1
vt -0 1
vt 0 0
vt 1 0
vt 1 1
vt 0 0
vt 1 1
vt -0 1
vt 0 0
vt 1 0
vt 1 1
vt 0 0
vt 1 1
vt -0 1
vt 0 0
vt 1 0
vt 1 1
vt 0 0
vt 1 1
vt -0 1
vt 0 0
vt 1 0
vt 1 1
vt 0 0
vt 1 1
vt -0 1
vt 0 0
vt 1 0
vt 1 1
vt 0 0
vt 1 1
vt -0 1
vt 0 0
vt 1 0
vt 1 1
vt 0 0
vt 1 1
vt -0 1
vt 0 0
vt 1 0
vt 1 1
vt 0 0
vt 1 1
vt -0 1
vt 0 0
vt 1 0
vt 1 1
vt 0 0
vt 1 1
vt -0 1
vt 0 0
vt 1 0
vt 1 1
vt 0 0
vt 1 1
vt -0 1
vt 0 0
vt 1 0
vt 1 1
vt 0 0
vt 1 1
vt -0 1
vt 0 0
vt 1 0
vt 1 1
vt 0 0
vt 1 1
vt -0 1
vt 0 0
vt 1 0
vt 1 1
vt 0 0
vt 1 1
vt -0 1
vt 0 0
vt 1 0
vt 1 1
vt 0 0
vt 1 1
vt -0 1
vt 0 0
vt 1 0
vt 1 0.342296
vt 0 0
vt 1 0.342296
vt 0 0.342296
vt 0 0
vt 1 0
vt 1 1
vt 0 0
vt 1 1
vt -0 1
vt 0 0
vt 1 0
vt 1 1
vt 0 0
vt 1 1
vt -0 1
vt 0 0.342296
vt 1 0.342296
vt 1 0.501879
vt 0 0.342296
vt 1 0.501879
vt 0 0.501879
vt 0 0.498121
vt 1 0.498121
vt 1 0.657704
vt 0 0.498121
vt 1 0.657704
vt 0 0.657704
vt 0 0.657704
vt 1 0.657704
vt 1 1
vt 0 0.657704
vt 1 1
vt -0 1
vt 0 0
vt 1 0
vt 1 1
vt 0 0
vt 1 1
vt -0 1
vt 0 0
vt 1 0
vt 1 1
vt 0 0
vt 1 1
vt -0 1
vt 0 0
vt 1 0
vt 1 1
vt 0 0
vt 1 1
vt -0 1
vt 0 0
vt 1 0
vt 1 1
vt 0 0
vt 1 1
vt -0 1
vt 0 0
vt 1 0
vt 1 1
vt 0 0
vt 1 1
vt -0 1
vt 0 0
vt 1 0
vt 1 0.498121
vt 0 0
vt 1 0.498121
vt 0 0.498121
vt 0 0.501879
vt 1 0.501879
vt 1 1
vt 0 0.501879
vt 1 1
vt -0 1
vt 0 0.520583
vt 1 0.520583
vt 1 1
vt 0 0.520583
vt 1 1
vt -0 1
vt 0 0
vt 1 0
vt 1 0.520583
vt 0 0
vt 1 0.520583
vt 0 0.520583
vt 0 0
vt 1 0
vt 1 1
vt 0 0
vt 1 1
vt -0 1
vt 0 0
vt 1 0
vt 1 1
vt 0 0
vt 1 1
vt -0 1
vt 0 0
vt 1 0
vt 1 1
vt 0 0
vt 1 1
vt -0 1
vt 0 0
vt 1 0
vt 1 1
vt 0 0
vt 1 1
vt -0 1
vt 0 0
vt 1 0
vt 1 1
vt 0 0
vt 1 1
vt -0 1
vt 0 0
vt 1 0
vt 1 1
vt 0 0
vt 1 1
vt -0 1
vt 0 0
vt 1 0
vt 1 1
vt 0 0
vt 1 1
vt -0 1
vt 0 0
vt 1 0
vt 1 1
vt 0 0
vt 1 1
vt -0 1
vt 0 0
vt 1 0
vt 1 1
vt 0 0
vt 1 1
vt -0 1
vt 0 0
vt 1 0
vt 1 1
vt 0 0
vt 1 1
vt -0 1
vt 0 0
vt 1 0
vt 1 1
vt 0 0
vt 1 1
vt -0 1
vt 0 0
vt 1 0
vt 1 1
vt 0 0
vt 1 1
vt -0 1
vt 0 0
vt 1 0
vt 1 1
vt 0 0
vt 1 1
vt -0 1
vt 0 0
vt 1 0
vt 1 1
vt 0 0
vt 1 1
vt -0 1
vt 0 0
vt 1 0
vt 1 1
vt 0 0
vt 1 1
vt -0 1
vt 0.486901 1
vt 0.486901 0
vt 1 0
vt 0.486901 1
vt 1 0
vt 1 1
vt 0.486901 1
vt 0.486901 0
vt 1 0
vt 0.486901 1
vt 1 0
vt 1 1
vt 0 0
vt 0.486901 0
vt 0.486901 1
vt 0 0
vt 0.486901 1
vt -0 1
vt 0 0
vt 0.486901 0
vt 0.486901 1
vt 0 0
vt 0.486901 1
vt -0 1
vt 0 0
vt 0.486901 0
vt 0.486901 1
vt 0 0
vt 0.486901 1
vt -0 1
vt 0 0
vt 1 0
vt 1 1
vt 0 0
vt 1 1
vt -0 1
vt 0 0
vt 1 0
vt 1 1
vt 0 0
vt 1 1
vt -0 1
vt 0 0.339915
vt 1 0.339915
vt 1 0.474419
vt 0 0.339915
vt 1 0.474419
vt 0 0.474419
vt 0 0.474419
vt 1 0.474419
vt 1 0.589244
vt 0 0.474419
vt 1 0.589244
vt 0 0.589244
vt 0 0.589244
vt 1 0.589244
vt 1 0.698651
vt 0 0.589244
vt 1 0.698651
vt 0 0.698651
vt 0 0.506083
vt 1 0.506083
vt 1 0.61399
vt 0 0.506083
vt 1 0.61399
vt 0 0.61399
vt 0 0.61399
vt 1 0.61399
vt 1 0.716806
vt 0 0.61399
vt 1 0.716806
vt 0 0.716806
vt 0 0.698651
vt 1 0.698651
vt 1 0.782902
vt 0 0.698651
vt 1 0.782902
vt 0 0.782902
vt 0 0.716806
vt 1 0.716806
vt 1 0.795981
vt 0 0.716806
vt 1 0.795981
vt 0 0.795981
vt 0 0.782902
vt 1 0.782902
vt 1 0.868521
vt 0 0.782902
vt 1 0.868521
vt 0 0.868521
vt 0 0.795981
vt 1 0.795981
vt 1 0.876442
vt 0 0.795981
vt 1 0.876442
vt 0 0.876442
vt 0 0
vt 1 0
vt 1 1
vt 0 0
vt 1 1
vt -0 1
vt 0 0
vt 1 0
vt 1 1
vt 0 0
vt 1 1
vt -0 1
vt 0 0
vt 1 0
vt 1 1
vt 0 0
vt 1 1
vt 0 0.999993
vt 0 0
vt 1 0
vt 1 0.99998
vt 0 0
vt 1 0.99998
vt -0 1
vt 0 0
vt 0 0.999993
vt 1 1
vt 0 0
vt 1 1
vt 1 0
vt 0 0
vt -0 1
vt 1 0.99998
vt 0 0
vt 1 0.99998
vt 1 0
vt 0 0
vt -0 1
vt 1 1
vt 0 0
vt 1 1
vt 1 0
vt 0 0
vt -0 1
vt 1 1
vt 0 0
vt 1 1
vt 1 0
vt 0 0
vt -0 1
vt 1 1
vt 0 0
vt 1 1
vt 1 0
vt 0 0.795981
vt 0 0.876442
vt 1 0.876442
vt 0 0.795981
vt 1 0.876442
vt 1 0.795981
vt 0 0
vt -0 1
vt 1 1
vt 0 0
vt 1 1
vt 1 0
vt 0 0
vt 1 1
vt 1 0
vt 0 0
vt -0 1
vt 1 1
vt 0 0
vt 1 1
vt 1 0
vt 0 0
vt -0 1
vt 1 1
vt 0 0
vt 1 1
vt 1 0
vt 0 0
vt -0 1
vt 1 1
vt 0 0
vt 1 1
vt 1 0
vt 0 0
vt -0 1
vt 1 1
vt 0 0
vt 1 1
vt 1 0
vt 0 0
vt -0 1
vt 1 1
vt 0 0
vt 1 1
vt 1 0
vt 0 0
vt 0 0.520583
vt 1 0.520583
vt 0 0
vt 1 0.520583
vt 1 0
vt 0 0
vt -0 1
vt 1 1
vt 0 0
vt 1 1
vt 1 0
vt 0 0.520583
vt -0 1
vt 1 1
vt 0 0.520583
vt 1 1
vt 1 0.520583
vt 0 0
vt -0 1
vt 1 1
vt 0 0
vt 1 1
vt 1 0
vt 0 0
vt -0 1
vt 1 1
vt 0 0
vt 1 1
vt 1 0
vt 0 0
vt 1 1
vt 1 0
vt 0 0
vt -0 1
vt 1 1
vt 0 0
vt 1 1
vt 1 0
vt 0 0
vt -0 1
vt 1 1
vt 0 0
vt 1 1
vt 1 0
vt 0 0
vt -0 1
vt 1 1
vt 0 0
vt 1 1
vt 1 0
vt 0 0.782902
vt 0 0.868521
vt 1 0.868521
vt 0 0.782902
vt 1 0.868521
vt 1 0.782902
vt 0 0.698651
vt 0 0.782902
vt 1 0.782902
vt 0 0.698651
vt 1 0.782902
vt 1 0.698651
vt 0 0.589244
vt 0 0.698651
vt 1 0.698651
vt 0 0.589244
vt 1 0.698651
vt 1 0.589244
vt 0 0
vt -0 1
vt 1 1
vt 0 0
vt 1 1
vt 1 0
vt 0 0.474419
vt 0 0.589244
vt 1 0.589244
vt 0 0.474419
vt 1 0.589244
vt 1 0.474419
vt 0 0
vt -0 1
vt 1 1
vt 0 0
vt 1 1
vt 1 0
vt 0 0
vt -0 1
vt 0.486901 1
vt 0 0
vt 0.486901 1
vt 0.486901 0
vt 0 0.513099
vt -0 1
vt 1 1
vt 0 0.513099
vt 1 1
vt 1 0.513099
vt 0.486901 1
vt 1 1
vt 1 0
vt 0.486901 1
vt 1 0
vt 0.486901 0
vt 0 0
vt 0 0.513099
vt 1 0.513099
vt 0 0
vt 1 0.513099
vt 1 0
vt 0 0
vt -0 1
vt 1 1
vt 0 0
vt 1 1
vt 1 0
vt 0 0
vt -0 1
vt 1 1
vt 0 0
vt 1 1
vt 1 0
vt 0 0
vt -0 1
vt 1 1
vt 0 0
vt 1 1
vt 1 0
vt 0 0
vt -0 1
vt 1 1
vt 0 0
vt 1 1
vt 1 0
vt 0 0
vt -0 1
vt 1 1
vt 0 0
vt 1 1
vt 1 0
vt 0 0
vt -0 1
vt 1 1
vt 0 0
vt 1 1
vt 1 0
vt 0 0.342296
vt 0 0.501879
vt 1 0.501879
vt 0 0.342296
vt 1 0.501879
vt 1 0.342296
vt 0 0.501879
vt -0 1
vt 1 1
vt 0 0.501879
vt 1 1
vt 1 0.501879
vt 0 0
vt 0 0.342296
vt 1 0.342296
vt 0 0
vt 1 0.342296
vt 1 0
vt 0 0
vt -0 1
vt 1 1
vt 0 0
vt 1 1
vt 1 0
vt 0 0
vt -0 1
vt 1 1
vt 0 0
vt 1 1
vt 1 0
vt 0 0
vt -0 1
vt 1 1
vt 0 0
vt 1 1
vt 1 0
vt 0 0
vt -0 1
vt 1 1
vt 0 0
vt 1 1
vt 1 0
vt 0 0
vt -0 1
vt 1 1
vt 0 0
vt 1 1
vt 1 0
vt 0 0
vt -0 1
vt 1 1
vt 0 0
vt 1 1
vt 1 0
vt 0 0
vt -0 1
vt 1 1
vt 0 0
vt 1 1
vt 1 0
vt 0 0
vt -0 1
vt 1 1
vt 0 0
vt 1 1
vt 1 0
vt 0 0
vt -0 1
vt 1 1
vt 0 0
vt 1 1
vt 1 0
vt 0 0
vt -0 1
vt 1 1
vt 0 0
vt 1 1
vt 1 0
vt 0 0
vt -0 1
vt 1 1
vt 0 0
vt 1 1
vt 1 0
vt 0 0
vt -0 1
vt 1 1
vt 0 0
vt 1 1
vt 1 0
vt 0 0
vt -0 1
vt 1 1
vt 0 0
vt 1 1
vt 1 0
vt 0 0
vt -0 1
vt 1 1
vt 0 0
vt 1 1
vt 1 0
vt 0 0
vt -0 1
vt 1 1
vt 0 0
vt 1 1
vt 1 0
vt 0 0
vt -0 1
vt 1 1
vt 0 0
vt 1 1
vt 1 0
vt 0 0
vt -0 1
vt 1 1
vt 0 0
vt 1 1
vt 1 0
vt 0 0
vt -0 1
vt 1 1
vt 0 0
vt 1 1
vt 1 0
vt 0 0
vt -0 1
vt 1 1
vt 0 0
vt 1 1
vt 1 0
vt 0 0
vt -0 1
vt 1 1
vt 0 0
vt 1 1
vt 1 0
vt 0 0
vt -0 1
vt 1 1
vt 0 0
vt 1 1
vt 1 0
vt 0 0.657704
vt -0 1
vt 1 1
vt 0 0.657704
vt 1 1
vt 1 0.657704
vt 0 0
vt -0 1
vt 1 1
vt 0 0
vt 1 1
vt 1 0
vt 0 0
vt -0 1
vt 1 1
vt 0 0
vt 1 1
vt 1 0
vt 0 0.498121
vt 0 0.657704
vt 1 0.657704
vt 0 0.498121
vt 1 0.657704
vt 1 0.498121
vt 0 0
vt -0 1
vt 1 1
vt 0 0
vt 1 1
vt 1 0
vt 0 0
vt -0 1
vt 1 1
vt 0 0
vt 1 1
vt 1 0
vt 0 0
vt -0 1
vt 1 1
vt 0 0
vt 1 1
vt 1 0
vt 0 0
vt 0 0.498121
vt 1 0.498121
vt 0 0
vt 1 0.498121
vt 1 0
vt 0 0
vt -0 1
vt 1 1
vt 0 0
vt 1 1
vt 1 0
vt 0 0
vt -0 1
vt 1 1
vt 0 0
vt 1 1
vt 1 0
vt 0 0
vt -0 1
vt 1 1
vt 0 0
vt 1 1
vt 1 0
vt 0 0
vt -0 1
vt 1 1
vt 0 0
vt 1 1
vt 1 0
vt 0 0
vt -0 1
vt 1 1
vt 0 0
vt 1 1
vt 1 0
vt 0 0
vt -0 1
vt 1 1
vt 0 0
vt 1 1
vt 1 0
vt 0 0
vt -0 1
vt 1 1
vt 0 0
vt 1 1
vt 1 0
vt 0 0
vt -0 1
vt 1 1
vt 0 0
vt 1 1
vt 1 0
vt 0 0
vt -0 1
vt 1 1
vt 0 0
vt 1 1
vt 1 0
vt 0 0
vt -0 1
vt 1 1
vt 0 0
vt 1 1
vt 1 0
vt 0 0
vt -0 1
vt 1 1
vt 0 0
vt 1 1
vt 1 0
vt 0 0
vt -0 1
vt 1 1
vt 0 0
vt 1 1
vt 1 0
vt 0 0
vt -0 1
vt 1 1
vt 0 0
vt 1 1
vt 1 0
vt 0 0
vt -0 1
vt 1 1
vt 0 0
vt 1 1
vt 1 0
vt 0 0
vt -0 1
vt 1 1
vt 0 0
vt 1 1
vt 1 0
vt 0 0
vt -0 1
vt 1 1
vt 0 0
vt 1 1
vt 1 0
vt 0 0
vt -0 1
vt 1 1
vt 0 0
vt 1 1
vt 1 0
vt 0 0
vt -0 1
vt 1 1
vt 0 0
vt 1 1
vt 1 0
vt 0 0
vt -0 1
vt 1 1
vt 0 0
vt 1 1
vt 1 0
vt 0 0
vt -0 1
vt 1 1
vt 0 0
vt 1 1
vt 1 0
vt 0 0
vt -0 1
vt 1 1
vt 0 0
vt 1 1
vt 1 0
vt 0 0
vt -0 1
vt 1 1
vt 0 0
vt 1 1
vt 1 0
vt 0 0
vt -0 1
vt 1 1
vt 0 0
vt 1 1
vt 1 0
vt 0 0
vt -0 1
vt 1 1
vt 0 0
vt 1 1
vt 1 0
vt 0 0
vt -0 1
vt 1 1
vt 0 0
vt 1 1
vt 1 0
vt 0 0
vt 0 0.513099
vt 1 0.513099
vt 0 0
vt 1 0.513099
vt 1 0
vt 0 0.486901
vt -0 1
vt 1 1
vt 0 0.486901
vt 1 1
vt 1 0.486901
vt 0 0.513099
vt -0 1
vt 1 1
vt 0 0.513099
vt 1 1
vt 1 0.513099
vt 0 0
vt 0 0.486901
vt 1 0.486901
vt 0 0
vt 1 0.486901
vt 1 0
vt 0 0
vt -0 1
vt 0.486901 1
vt 0 0
vt 0.486901 1
vt 0.486901 0
vt 0.486901 1
vt 1 1
vt 1 0
vt 0.486901 1
vt 1 0
vt 0.486901 0
vt 0 0
vt -0 1
vt 0.486901 1
vt 0 0
vt 0.486901 1
vt 0.486901 0
vt 0.486901 1
vt 1 1
vt 1 0
vt 0.486901 1
vt 1 0
vt 0.486901 0
vt 0 0
vt -0 1
vt 0.486901 1
vt 0 0
vt 0.486901 1
vt 0.486901 0
vt 0.486901 1
vt 1 1
vt 1 0
vt 0.486901 1
vt 1 0
vt 0.486901 0
vt 0 0
vt -0 1
vt 1 1
vt 0 0
vt 1 1
vt 1 0
vt 0 0
vt -0 1
vt 1 1
vt 0 0
vt 1 1
vt 1 0
vt 0 0.339915
vt 0 0.474419
vt 1 0.474419
vt 0 0.339915
vt 1 0.474419
vt 1 0.339915
vt 0 0.207824
vt 0 0.339915
vt 1 0.339915
vt 0 0.207824
vt 1 0.339915
vt 1 0.207824
vt 0 0.095062
vt 0 0.207824
vt 1 0.207824
vt 0 0.095062
vt 1 0.207824
vt 1 0.095062
vt 0 0
vt -0 1
vt 1 1
vt 0 0
vt 1 1
vt 1 0
vt 0 0
vt 0 0.095062
vt 1 0.095062
vt 0 0
vt 1 0.095062
vt 1 0
vt 0 0
vt -0 1
vt 1 1
vt 0 0
vt 1 1
vt 1 0
vt 0 0
vt -0 1
vt 1 1
vt 0 0
vt 1 1
vt 1 0
vt 0 0
vt -0 1
vt 1 1
vt 0 0
vt 1 1
vt 1 0
vt 0 0
vt -0 1
vt 1 1
vt 0 0
vt 1 1
vt 1 0
vt 0 0
vt 0 0.060245
vt 1 0.060245
vt 0 0
vt 1 0.060245
vt 1 0
vt 0 0.060245
vt 0 0.14958
vt 1 0.14958
vt 0 0.060245
vt 1 0.14958
vt 1 0.060245
vt 0 0.058583
vt 0 0.146997
vt 1 0.146997
vt 0 0.058583
vt 1 0.146997
vt 1 0.058583
vt 0 0
vt 0 0.058583
vt 1 0.058583
vt 0 0
vt 1 0.058583
vt 1 0
vt 0 0
vt -0 1
vt 1 1
vt 0 0
vt 1 1
vt 1 0
vt 0 0.14958
vt 0 0.255549
vt 1 0.255549
vt 0 0.14958
vt 1 0.255549
vt 1 0.14958
vt 0 0.255549
vt 0 0.379682
vt 1 0.379682
vt 0 0.255549
vt 1 0.379682
vt 1 0.255549
vt 0 0
vt -0 1
vt 1 1
vt 0 0
vt 1 1
vt 1 0
vt 0 0
vt -0 1
vt 1 1
vt 0 0
vt 1 1
vt 1 0
vt 0 0
vt -0 1
vt 1 1
vt 0 0
vt 1 1
vt 1 0
vt 0 0
vt 1 0
vt 1 1
vt 0 0
vt 1 1
vt -0 1
vt 0 0
vt 1 0
vt 1 1
vt 0 0
vt 1 1
vt -0 1
vt 0 0
vt 1 0
vt 1 1
vt 0 0
vt 1 1
vt -0 1
vt 0 0
vt 1 0
vt 1 1
vt 0 0
vt 1 1
vt -0 1
vt 0 0
vt 1 0
vt 1 1
vt 0 0
vt 1 1
vt -0 1
vt 0 0
vt 1 0
vt 1 1
vt 0 0
vt 1 1
vt -0 1
vt 0 0
vt 1 0
vt 1 1
vt 0 0
vt 1 1
vt -0 1
vt -0 1
vt 0 0
vt 1 0
vt 1 1
vt -0 1
vt 1 0
vt 0 0
vt -0 1
vt 1 1
vt 0 0
vt 1 1
vt 1 0
vt 1 0
vt 0 0
vt -0 1
vt 1 1
vt 1 0
vt -0 1
vt 0 0
vt 0 1
vt 1 0.999993
vt 0 0
vt 1 0.999993
vt 1 0
vt 0 0
vt 1 0
vt 1 0.999993
vt 0 0
vt 1 0.999993
vt 0 1
vt 0 0
vt -0 1
vt 1 1
vt 0 0
vt 1 1
vt 1 0
vt 0 0
vt -0 1
vt 1 1
vt 0 0
vt 1 1
vt 1 0
vt 0 0.506083
vt 0 0.61399
vt 1 0.61399
vt 0 0.506083
vt 1 0.61399
vt 1 0.506083
vt 0 0.61399
vt 0 0.716806
vt 1 0.716806
vt 0 0.61399
vt 1 0.716806
vt 1 0.61399
vt 0 0.716806
vt 0 0.795981
vt 1 0.795981
vt 0 0.716806
vt 1 0.795981
vt 1 0.716806
vt 0 0
vt -0 1
vt 1 1
vt 0 0
vt 1 1
vt 1 0
vt 0 0.379682
vt 0 0.506083
vt 1 0.506083
vt 0 0.379682
vt 1 0.506083
vt 1 0.379682
vt 0 0
vt 1 0
vt 1 1
vt 0 0
vt 1 1
vt -0 1
vt 0 0.379682
vt 1 0.379682
vt 1 0.506083
vt 0 0.379682
vt 1 0.506083
vt 0 0.506083
vt 0 0.255549
vt 1 0.255549
vt 1 0.379682
vt 0 0.255549
vt 1 0.379682
vt 0 0.379682
vt 0 0.207824
vt 1 0.207824
vt 1 0.339915
vt 0 0.207824
vt 1 0.339915
vt 0 0.339915
vt 0 0.14958
vt 1 0.14958
vt 1 0.255549
vt 0 0.14958
vt 1 0.255549
vt 0 0.255549
vt 0 0.095062
vt 1 0.095062
vt 1 0.207824
vt 0 0.095062
vt 1 0.207824
vt 0 0.207824
vt 0 0
vt 1 0
vt 1 1
vt 0 0
vt 1 1
vt -0 1
vt 0 0
vt 1 0
vt 1 1
vt 0 0
vt 1 1
vt -0 1
vt 0 0
vt 0.486901 0
vt 0.486901 1
vt 0 0
vt 0.486901 1
vt -0 1
vt 0 0
vt 1 0
vt 1 0.486901
vt 0 0
vt 1 0.486901
vt 0 0.486901
vt 0 0
vt 1 0
vt 1 1
vt 0 0
vt 1 1
vt -0 1
vt 0 0.486901
vt 1 0.486901
vt 1 1
vt 0 0.486901
vt 1 1
vt -0 1
vt 0.486901 1
vt 0.486901 0
vt 1 0
vt 0.486901 1
vt 1 0
vt 1 1
vt 0 0
vt 1 0
vt 1 1
vt 0 0
vt 1 1
vt -0 1
vt 0 0
vt 1 0
vt 1 1
vt 0 0
vt 1 1
vt -0 1
vt 0 0
vt 1 0
vt 1 1
vt 0 0
vt 1 1
vt -0 1
vt 0 0
vt 1 0
vt 1 0.513099
vt 0 0
vt 1 0.513099
vt 0 0.513099
vt 0 0.504399
vt -0 1
vt 1 1
vt 0 0.504399
vt 1 1
vt 1 0.504399
vt 0 0
vt 0 0.242273
vt 1 0.242273
vt 0 0
vt 1 0.242273
vt 1 0
vt 1 0.242273
vt 0 0.242273
vt 0 0.472176
vt 1 0.242273
vt 0 0.472176
vt 1 0.472176
vt 0 0.513099
vt 1 0.513099
vt 1 1
vt 0 0.513099
vt 1 1
vt -0 1
vt 0 0.472176
vt -0 1
vt 1 1
vt 0 0.472176
vt 1 1
vt 1 0.472176
vt 0 0
vt 1 0
vt 1 1
vt 0 0
vt 1 1
vt -0 1
vt 0 0
vt 0 0.597768
vt 1 0.597768
vt 0 0
vt 1 0.597768
vt 1 0
vt 0 0
vt 1 0
vt 1 1
vt 0 0
vt 1 1
vt -0 1
vt 0 0
vt 1 0
vt 1 1
vt 0 0
vt 1 1
vt -0 1
vt 0 0
vt 1 0
vt 1 0.095062
vt 0 0
vt 1 0.095062
vt 0 0.095062
vt 0 0
vt 1 0
vt 1 0.060245
vt 0 0
vt 1 0.060245
vt 0 0.060245
vt 0 0.060245
vt 1 0.060245
vt 1 0.14958
vt 0 0.060245
vt 1 0.14958
vt 0 0.14958
vt 0 0
vt 1 0
vt 1 0.058583
vt 0 0
vt 1 0.058583
vt 0 0.058583
vt 0 0.058583
vt 1 0.058583
vt 1 0.146997
vt 0 0.058583
vt 1 0.146997
vt 0 0.146997
vt 0 0
vt 1 0
vt 1 0.058686
vt 0 0
vt 1 0.058686
vt 0 0.058686
vt 0 0.058686
vt 1 0.058686
vt 1 0.156075
vt 0 0.058686
vt 1 0.156075
vt 0 0.156075
vt 0 0
vt 0 0.058686
vt 1 0.058686
vt 0 0
vt 1 0.058686
vt 1 0
vt 0 0.058686
vt 0 0.156075
vt 1 0.156075
vt 0 0.058686
vt 1 0.156075
vt 1 0.058686
vt 0 0
vt 1 0
vt 1 1
vt 0 0
vt 1 1
vt -0 1
vt 0 0
vt -0 1
vt 1 1
vt 0 0
vt 1 1
vt 1 0
vt 0 0
vt -0 1
vt 1 1
vt 0 0
vt 1 1
vt 1 0
vt 0 0.733424
vt 1 0.733424
vt 1 1
vt 0 0.733424
vt 1 1
vt -0 1
vt 0 0.438648
vt 1 0.438648
vt 1 0.733424
vt 0 0.438648
vt 1 0.733424
vt 0 0.733424
vt 0 0.229231
vt 1 0.229231
vt 1 0.438648
vt 0 0.229231
vt 1 0.438648
vt 0 0.438648
vt 0 0
vt -0 1
vt 1 1
vt 0 0
vt 1 1
vt 1 0
vt 0 0
vt -0 1
vt 1 1
vt 0 0
vt 1 1
vt 1 0
vt 0 0
vt 1 0
vt 1 0.229231
vt 0 0
vt 1 0.229231
vt 0 0.229231
vt 0 0
vt 1 0
vt 1 0.229231
vt 0 0
vt 1 0.229231
vt 0 0.229231
vt 0 0.229231
vt 1 0.229231
vt 1 0.438648
vt 0 0.229231
vt 1 0.438648
vt 0 0.438648
vt 0 0
vt 1 0
vt 1 0.229231
vt 0 0
vt 1 0.229231
vt 0 0.229231
vt 0 0.229231
vt 1 0.229231
vt 1 0.438648
vt 0 0.229231
vt 1 0.438648
vt 0 0.438648
vt 0 0.438648
vt 1 0.438648
vt 1 0.733424
vt 0 0.438648
vt 1 0.733424
vt 0 0.733424
vt 0 0.438648
vt 1 0.438648
vt 1 0.733424
vt 0 0.438648
vt 1 0.733424
vt 0 0.733424
vt 0 0.733424
vt 1 0.733424
vt 1 1
vt 0 0.733424
vt 1 1
vt -0 1
vt 0 0.733424
vt -0 1
vt 1 1
vt 0 0.733424
vt 1 1
vt 1 0.733424
vt 0 0.438648
vt 0 0.733424
vt 1 0.733424
vt 0 0.438648
vt 1 0.733424
vt 1 0.438648
vt 0 0.229231
vt 0 0.438648
vt 1 0.438648
vt 0 0.229231
vt 1 0.438648
vt 1 0.229231
vt 0 0
vt 0 0.229231
vt 1 0.229231
vt 0 0
vt 1 0.229231
vt 1 0
vt 0 0
vt 0 0.229231
vt 1 0.229231
vt 0 0
vt 1 0.229231
vt 1 0
vt 0 0
vt 0 0.229231
vt 1 0.229231
vt 0 0
vt 1 0.229231
vt 1 0
vt 0 0.597768
vt -0 1
vt 1 1
vt 0 0.597768
vt 1 1
vt 1 0.597768
vt 0 0.5
vt 1 1
vt 1 0
vt 0 0
vt -0 1
vt 1 1
vt 0 0
vt 1 1
vt 1 0
vt 0 0.487861
vt -0 1
vt 1 1
vt 0 0.487861
vt 1 1
vt 1 0.243931
vt 0 0.229231
vt 0 0.438648
vt 1 0.438648
vt 0 0.229231
vt 1 0.438648
vt 1 0.229231
vt 0 0.229231
vt 0 0.438648
vt 1 0.438648
vt 0 0.229231
vt 1 0.438648
vt 1 0.229231
vt 0 0.438648
vt 0 0.733424
vt 1 0.733424
vt 0 0.438648
vt 1 0.733424
vt 1 0.438648
vt 0 0.438648
vt 0 0.733424
vt 1 0.733424
vt 0 0.438648
vt 1 0.733424
vt 1 0.438648
vt 0 0
vt 1 0
vt 1 1
vt 0 0
vt 1 1
vt -0 1
vt 0 0
vt 1 0
vt 1 1
vt 0 0
vt 1 1
vt -0 1
vt 0 0.733424
vt -0 1
vt 1 1
vt 0 0.733424
vt 1 1
vt 1 0.733424
vt 0 0.733424
vt -0 1
vt 1 1
vt 0 0.733424
vt 1 1
vt 1 0.733424
vt 0 0.733424
vt 1 0.733424
vt 1 1
vt 0 0.733424
vt 1 1
vt -0 1
vt 0 0
vt 1 0
vt 1 1
vt 0 0
vt 1 1
vt -0 1
vt 0 0
vt -0 1
vt 1 1
vt 0 0
vt 1 1
vt 1 0
vt 0 0
vt -0 1
vt 1 1
vt 0 0
vt 1 1
vt 1 0
vt 0 0
vt -0 1
vt 1 1
vt 0 0
vt 1 1
vt 1 0
vt 0 0
vt -0 1
vt 1 1
vt 0 0
vt 1 1
vt 1 0
vt 0 0
vt -0 1
vt 1 1
vt 0 0
vt 1 1
vt 1 0
vt 0 0
vt 0 0.4586
vt 1 0.4586
vt 0 0
vt 1 0.4586
vt 1 0
vt 0 0
vt 1 0
vt 1 1
vt 0 0
vt 1 1
vt -0 1
vt 0 0
vt 1 0
vt 1 1
vt 0 0
vt 1 1
vt -0 1
vt 0 0
vt 1 0
vt 1 1
vt 0 0
vt 1 1
vt -0 1
vt 0 0
vt 1 0
vt 1 1
vt 0 0
vt 1 1
vt -0 1
vt 0 0
vt 1 0
vt 1 1
vt 0 0
vt 1 1
vt -0 1
vt 0 0
vt 1 0
vt 1 1
vt 0 0
vt 1 1
vt -0 1
vt 0 0
vt 1 0
vt 1 1
vt 0 0
vt 1 1
vt -0 1
vt 0 0
vt 1 0
vt 1 1
vt 0 0
vt 1 1
vt -0 1
vt 0 0
vt 1 0
vt 1 1
vt 0 0
vt 1 1
vt -0 1
vt 0 0
vt 1 0
vt 1 1
vt 0 0
vt 1 1
vt -0 1
vt 0 0
vt 1 0
vt 1 1
vt 0 0
vt 1 1
vt -0 1
vt 0 0
vt 1 0
vt 1 1
vt 0 0
vt 1 1
vt -0 1
vt 0 0
vt -0 1
vt 1 1
vt 0 0
vt 1 1
vt 1 0
vt 0 0
vt 0 0.504399
vt 1 0.504399
vt 0 0
vt 1 0.504399
vt 1 0
vt 0 0
vt -0 1
vt 1 1
vt 0 0
vt 1 1
vt 1 0
vt 0 0
vt -0 1
vt 1 1
vt 0 0
vt 1 1
vt 1 0
vt 1 1
vt 1 1
vt 1 1
vt 1 1
vt 1 1
vt 1 1
vt 1 1
vt 1 1
vt 1 1
vt 1 1
vt 1 1
vt 1 1
vt 0 0
vt -0 1
vt 1 1
vt 0 0
vt 1 1
vt 1 0
vt 0 0
vt -0 1
vt 1 1
vt 0 0
vt 1 1
vt 1 0
vt 0 0
vt -0 1
vt 1 1
vt 0 0
vt 1 1
vt 1 0
vt 1 1
vt 1 1
vt 1 1
vt 0 0
vt -0 1
vt 1 1
vt 0 0
vt 1 1
vt 1 0
vt 0 0
vt -0 1
vt 1 1
vt 0 0
vt 1 1
vt 1 0
vt 1 1
vt 1 1
vt 1 1
vt 1 1
vt 1 1
vt 1 1
vt 1 1
vt 1 1
vt 1 1
vt 1 1
vt 1 1
vt 1 1
vt 1 1
vt 1 1
vt 1 1
vt 0 0
vt -0 1
vt 1 1
vt 0 0
vt 1 1
vt 1 0
vt 0 0
vt -0 1
vt 1 1
vt 0 0
vt 1 1
vt 1 0
vt 0 0
vt -0 1
vt 1 1
vt 0 0
vt 1 1
vt 1 0
vt 0 0
vt -0 1
vt 1 1
vt 0 0
vt 1 1
vt 1 0
vt 1 1
vt 1 1
vt 1 1
vt 1 1
vt 1 1
vt 1 1
vt 0 0
vt -0 1
vt 1 1
vt 0 0
vt 1 1
vt 1 0
vt 0 0
vt -0 1
vt 1 1
vt 0 0
vt 1 1
vt 1 0
vt 0 0
vt -0 1
vt 1 1
vt 0 0
vt 1 1
vt 1 0
vt 0 0
vt -0 1
vt 0.484947 1
vt 0 0
vt 0.484947 1
vt 0.484947 0
vt 0 0.4586
vt -0 1
vt 1 1
vt 0 0.4586
vt 1 1
vt 1 0.4586
vt 0 0
vt 1 0
vt 1 1
vt 0 0
vt 1 1
vt -0 1
vt 0.484947 1
vt 1 1
vt 1 0
vt 0.484947 1
vt 1 0
vt 0.484947 0
vt 0 0.597768
vt 1 0.597768
vt 1 1
vt 0 0.597768
vt 1 1
vt -0 1
vt 0 0.5
vt 1 0
vt 1 1
vt 0 0
vt 1 0
vt 1 1
vt 0 0
vt 1 1
vt -0 1
vt 0 0.487861
vt 1 0.243931
vt 1 1
vt 0 0.487861
vt 1 1
vt -0 1
vt 0 0
vt 1 0
vt 1 1
vt 0 0
vt 1 1
vt -0 1
vt 0 0
vt 1 0
vt 1 1
vt 0 0
vt 1 1
vt -0 1
vt 0 0
vt 1 0
vt 1 1
vt 0 0
vt 1 1
vt -0 1
vt 0 0
vt 1 0
vt 1 1
vt 0 0
vt 1 1
vt -0 1
vt 0.484947 1
vt 0.484947 0
vt 1 0
vt 0.484947 1
vt 1 0
vt 1 1
vt 0 0
vt 1 0
vt 1 1
vt 0 0
vt 1 1
vt -0 1
vt 0 0
vt 0.484947 0
vt 0.484947 1
vt 0 0
vt 0.484947 1
vt -0 1
vt 0 0
vt 1 0
vt 1 1
vt 0 0
vt 1 1
vt -0 1
vt 0 0
vt 1 0
vt 1 1
vt 0 0
vt 1 1
vt -0 1
vt -0 1
vt -0 1
vt -0 1
vt -0 1
vt -0 1
vt -0 1
vt 0 0
vt 1 0
vt 1 1
vt 0 0
vt 1 1
vt -0 1
vt -0 1
vt -0 1
vt -0 1
vt -0 1
vt -0 1
vt -0 1
vt -0 1
vt -0 1
vt -0 1
vt 0 0
vt 1 0
vt 1 1
vt 0 0
vt 1 1
vt -0 1
vt 0 0
vt 1 0
vt 1 1
vt 0 0
vt 1 1
vt -0 1
vt 0 0
vt 1 0
vt 1 1
vt 0 0
vt 1 1
vt -0 1
vt 0 0
vt 1 0
vt 1 1
vt 0 0
vt 1 1
vt -0 1
vt -0 1
vt -0 1
vt -0 1
vt -0 1
vt -0 1
vt -0 1
vt 0 0
vt 1 0
vt 1 1
vt 0 0
vt 1 1
vt -0 1
vt -0 1
vt -0 1
vt -0 1
vt -0 1
vt -0 1
vt -0 1
vt 0 0
vt 1 0
vt 1 1
vt 0 0
vt 1 1
vt -0 1
vt 0 0
vt 1 0
vt 1 1
vt 0 0
vt 1 1
vt -0 1
vt 0 0
vt 1 0
vt 1 1
vt 0 0
vt 1 1
vt -0 1
vt -0 1
vt -0 1
vt -0 1
vt -0 1
vt -0 1
vt -0 1
vt 0 0
vt 1 0
vt 1 1
vt 0 0
vt 1 1
vt -0 1
vt -0 1
vt -0 1
vt -0 1
vt 0 0
vt 1 0
vt 1 1
vt 0 0
vt 1 1
vt -0 1
vt 0 0
vt 1 0
vt 1 1
vt 0 0
vt 1 1
vt -0 1
vt 0 0
vt 1 0
vt 1 0.242273
vt 0 0
vt 1 0.242273
vt 0 0.242273
vt 1 0.242273
vt 1 0.472176
vt 0 0.472176
vt 1 0.242273
vt 0 0.472176
vt 0 0.242273
vt 0 0.504399
vt 1 0.504399
vt 1 1
vt 0 0.504399
vt 1 1
vt -0 1
vt 0 0.472176
vt 1 0.472176
vt 1 1
vt 0 0.472176
vt 1 1
vt -0 1
vt 0 0
vt 1 0
vt 1 0.504399
vt 0 0
vt 1 0.504399
vt 0 0.504399
vt 0 0
vt 1 0
vt 1 1
vt 0 0
vt 1 1
vt -0 1
vt 0 0.4586
vt 1 0.4586
vt 1 1
vt 0 0.4586
vt 1 1
vt -0 1
vt 0 0
vt 1 0
vt 1 0.4586
vt 0 0
vt 1 0.4586
vt 0 0.4586
vt 0 0
vt 1 0
vt 1 0.597768
vt 0 0
vt 1 0.597768
vt 0 0.597768
s off
f 1/1/1 2/2/2 3/3/3
f 4/4/4 5/5/5 6/6/6
f 7/7/7 8/8/8 9/9/9
f 10/10/10 11/11/11 12/12/12
f 13/13/13 14/14/14 15/15/15
f 16/16/16 17/17/17 18/18/18
f 19/19/19 20/20/20 21/21/21
f 22/22/22 23/23/23 24/24/24
f 25/25/25 26/26/26 27/27/27
f 28/28/28 29/29/29 30/30/30
f 31/31/31 32/32/32 33/33/33
f 34/34/34 35/35/35 36/36/36
f 37/37/37 38/38/38 39/39/39
f 40/40/40 41/41/41 42/42/42
f 43/43/43 44/44/44 45/45/45
f 46/46/46 47/47/47 48/48/48
f 49/49/49 50/50/50 51/51/51
f 52/52/52 53/53/53 54/54/54
f 55/55/55 56/56/56 57/57/57
f 58/58/58 59/59/59 60/60/60
f 61/61/61 62/62/62 63/63/63
f 64/64/64 65/65/65 66/66/66
f 67/67/67 68/68/68 69/69/69
f 70/70/70 71/71/71 72/72/72
f 73/73/73 74/74/74 75/75/75
f 76/76/76 77/77/77 78/78/78
f 79/79/79 80/80/80 81/81/81
f 82/82/82 83/83/83 84/84/84
f 85/85/85 86/86/86 87/87/87
f 88/88/88 89/89/89 90/90/90
f 91/91/91 92/92/92 93/93/93
f 94/94/94 95/95/95 96/96/96
f 97/97/97 98/98/98 99/99/99
f 100/100/100 101/101/101 102/102/102
f 103/103/103 104/104/104 105/105/105
f 106/106/106 107/107/107 108/108/108
f 109/109/109 110/110/110 111/111/111
f 112/112/112 113/113/113 114/114/114
f 115/115/115 116/116/116 117/117/117
f 118/118/118 119/119/119 120/120/120
f 121/121/121 122/122/122 123/123/123
f 124/124/124 125/125/125 126/126/126
f 127/127/127 128/128/128 129/129/129
f 130/130/130 131/131/131 132/132/132
f 133/133/133 134/134/134 135/135/135
f 136/136/136 137/137/137 138/138/138
f 139/139/139 140/140/140 141/141/141
f 142/142/142 143/143/143 144/144/144
f 145/145/145 146/146/146 147/147/147
f 148/148/148 149/149/149 150/150/150
f 151/151/151 152/152/152 153/153/153
f 154/154/154 155/155/155 156/156/156
f 157/157/157 158/158/158 159/159/159
f 160/160/160 161/161/161 162/162/162
f 163/163/163 164/164/164 165/165/165
f 166/166/166 167/167/167 168/168/168
f 169/169/169 170/170/170 171/171/171
f 172/172/172 173/173/173 174/174/174
f 175/175/175 176/176/176 177/177/177
f 178/178/178 179/179/179 180/180/180
f 181/181/181 182/182/182 183/183/183
f 184/184/184 185/185/185 186/186/186
f 187/187/187 188/188/188 189/189/189
f 190/190/190 191/191/191 192/192/192
f 193/193/193 194/194/194 195/195/195
f 196/196/196 197/197/197 198/198/198
f 199/199/199 200/200/200 201/201/201
f 202/202/202 203/203/203 204/204/204
f 205/205/205 206/206/206 207/207/207
f 208/208/208 209/209/209 210/210/210
f 211/211/211 212/212/212 213/213/213
f 214/214/214 215/215/215 216/216/216
f 217/217/217 218/218/218 219/219/219
f 220/220/220 221/221/221 222/222/222
f 223/223/223 224/224/224 225/225/225
f 226/226/226 227/227/227 228/228/228
f 229/229/229 230/230/230 231/231/231
f 232/232/232 233/233/233 234/234/234
f 235/235/235 236/236/236 237/237/237
f 238/238/238 239/239/239 240/240/240
f 241/241/241 242/242/242 243/243/243
f 244/244/244 245/245/245 246/246/246
f 247/247/247 248/248/248 249/249/249
f 250/250/250 251/251/251 252/252/252
f 253/253/253 254/254/254 255/255/255
f 256/256/256 257/257/257 258/258/258
f 259/259/259 260/260/260 261/261/261
f 262/262/262 263/263/263 264/264/264
f 265/265/265 266/266/266 267/267/267
f 268/268/268 269/269/269 270/270/270
f 271/271/271 272/272/272 273/273/273
f 274/274/274 275/275/275 276/276/276
f 277/277/277 278/278/278 279/279/279
f 280/280/280 281/281/281 282/282/282
f 283/283/283 284/284/284 285/285/285
f 286/286/286 287/287/287 288/288/288
f 289/289/289 290/290/290 291/291/291
f 292/292/292 293/293/293 294/294/294
f 295/295/295 296/296/296 297/297/297
f 298/298/298 299/299/299 300/300/300
f 301/301/301 302/302/302 303/303/303
f 304/304/304 305/305/305 306/306/306
f 307/307/307 308/308/308 309/309/309
f 310/310/310 311/311/311 312/312/312
f 313/313/313 314/314/314 315/315/315
f 316/316/316 317/317/317 318/318/318
f 319/319/319 320/320/320 321/321/321
f 322/322/322 323/323/323 324/324/324
f 325/325/325 326/326/326 327/327/327
f 328/328/328 329/329/329 330/330/330
f 331/331/331 332/332/332 333/333/333
f 334/334/334 335/335/335 336/336/336
f 337/337/337 338/338/338 339/339/339
f 340/340/340 341/341/341 342/342/342
f 343/343/343 344/344/344 345/345/345
f 346/346/346 347/347/347 348/348/348
f 349/349/349 350/350/350 351/351/351
f 352/352/352 353/353/353 354/354/354
f 355/355/355 356/356/356 357/357/357
f 358/358/358 359/359/359 360/360/360
f 361/361/361 362/362/362 363/363/363
f 364/364/364 365/365/365 366/366/366
f 367/367/367 368/368/368 369/369/369
f 370/370/370 371/371/371 372/372/372
f 373/373/373 374/374/374 375/375/375
f 376/376/376 377/377/377 378/378/378
f 379/379/379 380/380/380 381/381/381
f 382/382/382 383/383/383 384/384/384
f 385/385/385 386/386/386 387/387/387
f 388/388/388 389/389/389 390/390/390
f 391/391/391 392/392/392 393/393/393
f 394/394/394 395/395/395 396/396/396
f 397/397/397 398/398/398 399/399/399
f 400/400/400 401/401/401 402/402/402
f 403/403/403 404/404/404 405/405/405
f 406/406/406 407/407/407 408/408/408
f 409/409/409 410/410/410 411/411/411
f 412/412/412 413/413/413 414/414/414
f 415/415/415 416/416/416 417/417/417
f 418/418/418 419/419/419 420/420/420
f 421/421/421 422/422/422 423/423/423
f 424/424/424 425/425/425 426/426/426
f 427/427/427 428/428/428 429/429/429
f 430/430/430 431/431/431 432/432/432
f 433/433/433 434/434/434 435/435/435
f 436/436/436 437/437/437 438/438/438
f 439/439/439 440/440/440 441/441/441
f 442/442/442 443/443/443 444/444/444
f 445/445/445 446/446/446 447/447/447
f 448/448/448 449/449/449 450/450/450
f 451/451/451 452/452/452 453/453/453
f 454/454/454 455/455/455 456/456/456
f 457/457/457 458/458/458 459/459/459
f 460/460/460 461/461/461 462/462/462
f 463/463/463 464/464/464 465/465/465
f 466/466/466 467/467/467 468/468/468
f 469/469/469 470/470/470 471/471/471
f 472/472/472 473/473/473 474/474/474
f 475/475/475 476/476/476 477/477/477
f 478/478/478 479/479/479 480/480/480
f 481/481/481 482/482/482 483/483/483
f 484/484/484 485/485/485 486/486/486
f 487/487/487 488/488/488 489/489/489
f 490/490/490 491/491/491 492/492/492
f 493/493/493 494/494/494 495/495/495
f 496/496/496 497/497/497 498/498/498
f 499/499/499 500/500/500 501/501/501
f 502/502/502 503/503/503 504/504/504
f 505/505/505 506/506/506 507/507/507
f 508/508/508 509/509/509 510/510/510
f 511/511/511 512/512/512 513/513/513
f 514/514/514 515/515/515 516/516/516
f 517/517/517 518/518/518 519/519/519
f 520/520/520 521/521/521 522/522/522
f 523/523/523 524/524/524 525/525/525
f 526/526/526 527/527/527 528/528/528
f 529/529/529 530/530/530 531/531/531
f 532/532/532 533/533/533 534/534/534
f 535/535/535 536/536/536 537/537/537
f 538/538/538 539/539/539 540/540/540
f 541/541/541 542/542/542 543/543/543
f 544/544/544 545/545/545 546/546/546
f 547/547/547 548/548/548 549/549/549
f 550/550/550 551/551/551 552/552/552
f 553/553/553 554/554/554 555/555/555
f 556/556/556 557/557/557 558/558/558
f 559/559/559 560/560/560 561/561/561
f 562/562/562 563/563/563 564/564/564
f 565/565/565 566/566/566 567/567/567
f 568/568/568 569/569/569 570/570/570
f 571/571/571 572/572/572 573/573/573
f 574/574/574 575/575/575 576/576/576
f 577/577/577 578/578/578 579/579/579
f 580/580/580 581/581/581 582/582/582
f 583/583/583 584/584/584 585/585/585
f 586/586/586 587/587/587 588/588/588
f 589/589/589 590/590/590 591/591/591
f 592/592/592 593/593/593 594/594/594
f 595/595/595 596/596/596 597/597/597
f 598/598/598 599/599/599 600/600/600
f 601/601/601 602/602/602 603/603/603
f 604/604/604 605/605/605 606/606/606
f 607/607/607 608/608/608 609/609/609
f 610/610/610 611/611/611 612/612/612
f 613/613/613 614/614/614 615/615/615
f 616/616/616 617/617/617 618/618/618
f 619/619/619 620/620/620 621/621/621
f 622/622/622 623/623/623 624/624/624
f 625/625/625 626/626/626 627/627/627
f 628/628/628 629/629/629 630/630/630
f 631/631/631 632/632/632 633/633/633
f 634/634/634 635/635/635 636/636/636
f 637/637/637 638/638/638 639/639/639
f 640/640/640 641/641/641 642/642/642
f 643/643/643 644/644/644 645/645/645
f 646/646/646 647/647/647 648/648/648
f 649/649/649 650/650/650 651/651/651
f 652/652/652 653/653/653 654/654/654
f 655/655/655 656/656/656 657/657/657
f 658/658/658 659/659/659 660/660/660
f 661/661/661 662/662/662 663/663/663
f 664/664/664 665/665/665 666/666/666
f 667/667/667 668/668/668 669/669/669
f 670/670/670 671/671/671 672/672/672
f 673/673/673 674/674/674 675/675/675
f 676/676/676 677/677/677 678/678/678
f 679/679/679 680/680/680 681/681/681
f 682/682/682 683/683/683 684/684/684
f 685/685/685 686/686/686 687/687/687
f 688/688/688 689/689/689 690/690/690
f 691/691/691 692/692/692 693/693/693
f 694/694/694 695/695/695 696/696/696
f 697/697/697 698/698/698 699/699/699
f 700/700/700 701/701/701 702/702/702
f 703/703/703 704/704/704 705/705/705
f 706/706/706 707/707/707 708/708/708
f 709/709/709 710/710/710 711/711/711
f 712/712/712 713/713/713 714/714/714
f 715/715/715 716/716/716 717/717/717
f 718/718/718 719/719/719 720/720/720
f 721/721/721 722/722/722 723/723/723
f 724/724/724 725/725/725 726/726/726
f 727/727/727 728/728/728 729/729/729
f 730/730/730 731/731/731 732/732/732
f 733/733/733 734/734/734 735/735/735
f 736/736/736 737/737/737 738/738/738
f 739/739/739 740/740/740 741/741/741
f 742/742/742 743/743/743 744/744/744
f 745/745/745 746/746/746 747/747/747
f 748/748/748 749/749/749 750/750/750
f 751/751/751 752/752/752 753/753/753
f 754/754/754 755/755/755 756/756/756
f 757/757/757 758/758/758 759/759/759
f 760/760/760 761/761/761 762/762/762
f 763/763/763 764/764/764 765/765/765
f 766/766/766 767/767/767 768/768/768
f 769/769/769 770/770/770 771/771/771
f 772/772/772 773/773/773 774/774/774
f 775/775/775 776/776/776 777/777/777
f 778/778/778 779/779/779 780/780/780
f 781/781/781 782/782/782 783/783/783
f 784/784/784 785/785/785 786/786/786
f 787/787/787 788/788/788 789/789/789
f 790/790/790 791/791/791 792/792/792
f 793/793/793 794/794/794 795/795/795
f 796/796/796 797/797/797 798/798/798
f 799/799/799 800/800/800 801/801/801
f 802/802/802 803/803/803 804/804/804
f 805/805/805 806/806/806 807/807/807
f 808/808/808 809/809/809 810/810/810
f 811/811/811 812/812/812 813/813/813
f 814/814/814 815/815/815 816/816/816
f 817/817/817 818/818/818 819/819/819
f 820/820/820 821/821/821 822/822/822
f 823/823/823 824/824/824 825/825/825
f 826/826/826 827/827/827 828/828/828
f 829/829/829 830/830/830 831/831/831
f 832/832/832 833/833/833 834/834/834
f 835/835/835 836/836/836 837/837/837
f 838/838/838 839/839/839 840/840/840
f 841/841/841 842/842/842 843/843/843
f 844/844/844 845/845/845 846/846/846
f 847/847/847 848/848/848 849/849/849
f 850/850/850 851/851/851 852/852/852
f 853/853/853 854/854/854 855/855/855
f 856/856/856 857/857/857 858/858/858
f 859/859/859 860/860/860 861/861/861
f 862/862/862 863/863/863 864/864/864
f 865/865/865 866/866/866 867/867/867
f 868/868/868 869/869/869 870/870/870
f 871/871/871 872/872/872 873/873/873
f 874/874/874 875/875/875 876/876/876
f 877/877/877 878/878/878 879/879/879
f 880/880/880 881/881/881 882/882/882
f 883/883/883 884/884/884 885/885/885
f 886/886/886 887/887/887 888/888/888
f 889/889/889 890/890/890 891/891/891
f 892/892/892 893/893/893 894/894/894
f 895/895/895 896/896/896 897/897/897
f 898/898/898 899/899/899 900/900/900
f 901/901/901 902/902/902 903/903/903
f 904/904/904 905/905/905 906/906/906
f 907/907/907 908/908/908 909/909/909
f 910/910/910 911/911/911 912/912/912
f 913/913/913 914/914/914 915/915/915
f 916/916/916 917/917/917 918/918/918
f 919/919/919 920/920/920 921/921/921
f 922/922/922 923/923/923 924/924/924
f 925/925/925 926/926/926 927/927/927
f 928/928/928 929/929/929 930/930/930
f 931/931/931 932/932/932 933/933/933
f 934/934/934 935/935/935 936/936/936
f 937/937/937 938/938/938 939/939/939
f 940/940/940 941/941/941 942/942/942
f 943/943/943 944/944/944 945/945/945
f 946/946/946 947/947/947 948/948/948
f 949/949/949 950/950/950 951/951/951
f 952/952/952 953/953/953 954/954/954
f 955/955/955 956/956/956 957/957/957
f 958/958/958 959/959/959 960/960/960
f 961/961/961 962/962/962 963/963/963
f 964/964/964 965/965/965 966/966/966
f 967/967/967 968/968/968 969/969/969
f 970/970/970 971/971/971 972/972/972
f 973/973/973 974/974/974 975/975/975
f 976/976/976 977/977/977 978/978/978
f 979/979/979 980/980/980 981/981/981
f 982/982/982 983/983/983 984/984/984
f 985/985/985 986/986/986 987/987/987
f 988/988/988 989/989/989 990/990/990
f 991/991/991 992/992/992 993/993/993
f 994/994/994 995/995/995 996/996/996
f 997/997/997 998/998/998 999/999/999
f 1000/1000/1000 1001/1001/1001 1002/1002/1002
f 1003/1003/1003 1004/1004/1004 1005/1005/1005
f 1006/1006/1006 1007/1007/1007 1008/1008/1008
f 1009/1009/1009 1010/1010/1010 1011/1011/1011
f 1012/1012/1012 1013/1013/1013 1014/1014/1014
f 1015/1015/1015 1016/1016/1016 1017/1017/1017
f 1018/1018/1018 1019/1019/1019 1020/1020/1020
f 1021/1021/1021 1022/1022/1022 1023/1023/1023
f 1024/1024/1024 1025/1025/1025 1026/1026/1026
f 1027/1027/1027 1028/1028/1028 1029/1029/1029
f 1030/1030/1030 1031/1031/1031 1032/1032/1032
f 1033/1033/1033 1034/1034/1034 1035/1035/1035
f 1036/1036/1036 1037/1037/1037 1038/1038/1038
f 1039/1039/1039 1040/1040/1040 1041/1041/1041
f 1042/1042/1042 1043/1043/1043 1044/1044/1044
f 1045/1045/1045 1046/1046/1046 1047/1047/1047
f 1048/1048/1048 1049/1049/1049 1050/1050/1050
f 1051/1051/1051 1052/1052/1052 1053/1053/1053
f 1054/1054/1054 1055/1055/1055 1056/1056/1056
f 1057/1057/1057 1058/1058/1058 1059/1059/1059
f 1060/1060/1060 1061/1061/1061 1062/1062/1062
f 1063/1063/1063 1064/1064/1064 1065/1065/1065
f 1066/1066/1066 1067/1067/1067 1068/1068/1068
f 1069/1069/1069 1070/1070/1070 1071/1071/1071
f 1072/1072/1072 1073/1073/1073 1074/1074/1074
f 1075/1075/1075 1076/1076/1076 1077/1077/1077
f 1078/1078/1078 1079/1079/1079 1080/1080/1080
f 1081/1081/1081 1082/1082/1082 1083/1083/1083
f 1084/1084/1084 1085/1085/1085 1086/1086/1086
f 1087/1087/1087 1088/1088/1088 1089/1089/1089
f 1090/1090/1090 1091/1091/1091 1092/1092/1092
f 1093/1093/1093 1094/1094/1094 1095/1095/1095
f 1096/1096/1096 1097/1097/1097 1098/1098/1098
f 1099/1099/1099 1100/1100/1100 1101/1101/1101
f 1102/1102/1102 1103/1103/1103 1104/1104/1104
f 1105/1105/1105 1106/1106/1106 1107/1107/1107
f 1108/1108/1108 1109/1109/1109 1110/1110/1110
f 1111/1111/1111 1112/1112/1112 1113/1113/1113
f 1114/1114/1114 1115/1115/1115 1116/1116/1116
f 1117/1117/1117 1118/1118/1118 1119/1119/1119
f 1120/1120/1120 1121/1121/1121 1122/1122/1122
f 1123/1123/1123 1124/1124/1124 1125/1125/1125
f 1126/1126/1126 1127/1127/1127 1128/1128/1128
f 1129/1129/1129 1130/1130/1130 1131/1131/1131
f 1132/1132/1132 1133/1133/1133 1134/1134/1134
f 1135/1135/1135 1136/1136/1136 1137/1137/1137
f 1138/1138/1138 1139/1139/1139 1140/1140/1140
f 1141/1141/1141 1142/1142/1142 1143/1143/1143
f 1144/1144/1144 1145/1145/1145 1146/1146/1146
f 1147/1147/1147 1148/1148/1148 1149/1149/1149
f 1150/1150/1150 1151/1151/1151 1152/1152/1152
f 1153/1153/1153 1154/1154/1154 1155/1155/1155
f 1156/1156/1156 1157/1157/1157 1158/1158/1158
f 1159/1159/1159 1160/1160/1160 1161/1161/1161
f 1162/1162/1162 1163/1163/1163 1164/1164/1164
f 1165/1165/1165 1166/1166/1166 1167/1167/1167
f 1168/1168/1168 1169/1169/1169 1170/1170/1170
f 1171/1171/1171 1172/1172/1172 1173/1173/1173
f 1174/1174/1174 1175/1175/1175 1176/1176/1176
f 1177/1177/1177 1178/1178/1178 1179/1179/1179
f 1180/1180/1180 1181/1181/1181 1182/1182/1182
f 1183/1183/1183 1184/1184/1184 1185/1185/1185
f 1186/1186/1186 1187/1187/1187 1188/1188/1188
f 1189/1189/1189 1190/1190/1190 1191/1191/1191
f 1192/1192/1192 1193/1193/1193 1194/1194/1194
f 1195/1195/1195 1196/1196/1196 1197/1197/1197
f 1198/1198/1198 1199/1199/1199 1200/1200/1200
f 1201/1201/1201 1202/1202/1202 1203/1203/1203
f 1204/1204/1204 1205/1205/1205 1206/1206/1206
f 1207/1207/1207 1208/1208/1208 1209/1209/1209
f 1210/1210/1210 1211/1211/1211 1212/1212/1212
f 1213/1213/1213 1214/1214/1214 1215/1215/1215
f 1216/1216/1216 1217/1217/1217 1218/1218/1218
f 1219/1219/1219 1220/1220/1220 1221/1221/1221
f 1222/1222/1222 1223/1223/1223 1224/1224/1224
f 1225/1225/1225 1226/1226/1226 1227/1227/1227
f 1228/1228/1228 1229/1229/1229 1230/1230/1230
f 1231/1231/1231 1232/1232/1232 1233/1233/1233
f 1234/1234/1234 1235/1235/1235 1236/1236/1236
f 1237/1237/1237 1238/1238/1238 1239/1239/1239
f 1240/1240/1240 1241/1241/1241 1242/1242/1242
f 1243/1243/1243 1244/1244/1244 1245/1245/1245
f 1246/1246/1246 1247/1247/1247 1248/1248/1248
f 1249/1249/1249 1250/1250/1250 1251/1251/1251
f 1252/1252/1252 1253/1253/1253 1254/1254/1254
f 1255/1255/1255 1256/1256/1256 1257/1257/1257
f 1258/1258/1258 1259/1259/1259 1260/1260/1260
f 1261/1261/1261 1262/1262/1262 1263/1263/1263
f 1264/1264/1264 1265/1265/1265 1266/1266/1266
f 1267/1267/1267 1268/1268/1268 1269/1269/1269
f 1270/1270/1270 1271/1271/1271 1272/1272/1272
f 1273/1273/1273 1274/1274/1274 1275/1275/1275
f 1276/1276/1276 1277/1277/1277 1278/1278/1278
f 1279/1279/1279 1280/1280/1280 1281/1281/1281
f 1282/1282/1282 1283/1283/1283 1284/1284/1284
f 1285/1285/1285 1286/1286/1286 1287/1287/1287
f 1288/1288/1288 1289/1289/1289 1290/1290/1290
f 1291/1291/1291 1292/1292/1292 1293/1293/1293
f 1294/1294/1294 1295/1295/1295 1296/1296/1296
f 1297/1297/1297 1298/1298/1298 1299/1299/1299
f 1300/1300/1300 1301/1301/1301 1302/1302/1302
f 1303/1303/1303 1304/1304/1304 1305/1305/1305
f 1306/1306/1306 1307/1307/1307 1308/1308/1308
f 1309/1309/1309 1310/1310/1310 1311/1311/1311
f 1312/1312/1312 1313/1313/1313 1314/1314/1314
f 1315/1315/1315 1316/1316/1316 1317/1317/1317
f 1318/1318/1318 1319/1319/1319 1320/1320/1320
f 1321/1321/1321 1322/1322/1322 1323/1323/1323
f 1324/1324/1324 1325/1325/1325 1326/1326/1326
f 1327/1327/1327 1328/1328/1328 1329/1329/1329
f 1330/1330/1330 1331/1331/1331 1332/1332/1332
f 1333/1333/1333 1334/1334/1334 1335/1335/1335
f 1336/1336/1336 1337/1337/1337 1338/1338/1338
f 1339/1339/1339 1340/1340/1340 1341/1341/1341
f 1342/1342/1342 1343/1343/1343 1344/1344/1344
f 1345/1345/1345 1346/1346/1346 1347/1347/1347
f 1348/1348/1348 1349/1349/1349 1350/1350/1350
f 1351/1351/1351 1352/1352/1352 1353/1353/1353
f 1354/1354/1354 1355/1355/1355 1356/1356/1356
f 1357/1357/1357 1358/1358/1358 1359/1359/1359
f 1360/1360/1360 1361/1361/1361 1362/1362/1362
f 1363/1363/1363 1364/1364/1364 1365/1365/1365
f 1366/1366/1366 1367/1367/1367 1368/1368/1368
f 1369/1369/1369 1370/1370/1370 1371/1371/1371
f 1372/1372/1372 1373/1373/1373 1374/1374/1374
f 1375/1375/1375 1376/1376/1376 1377/1377/1377
f 1378/1378/1378 1379/1379/1379 1380/1380/1380
f 1381/1381/1381 1382/1382/1382 1383/1383/1383
f 1384/1384/1384 1385/1385/1385 1386/1386/1386
f 1387/1387/1387 1388/1388/1388 1389/1389/1389
f 1390/1390/1390 1391/1391/1391 1392/1392/1392
f 1393/1393/1393 1394/1394/1394 1395/1395/1395
f 1396/1396/1396 1397/1397/1397 1398/1398/1398
f 1399/1399/1399 1400/1400/1400 1401/1401/1401
f 1402/1402/1402 1403/1403/1403 1404/1404/1404
f 1405/1405/1405 1406/1406/1406 1407/1407/1407
f 1408/1408/1408 1409/1409/1409 1410/1410/1410
f 1411/1411/1411 1412/1412/1412 1413/1413/1413
f 1414/1414/1414 1415/1415/1415 1416/1416/1416
f 1417/1417/1417 1418/1418/1418 1419/1419/1419
f 1420/1420/1420 1421/1421/1421 1422/1422/1422
f 1423/1423/1423 1424/1424/1424 1425/1425/1425
f 1426/1426/1426 1427/1427/1427 1428/1428/1428
f 1429/1429/1429 1430/1430/1430 1431/1431/1431
f 1432/1432/1432 1433/1433/1433 1434/1434/1434
f 1435/1435/1435 1436/1436/1436 1437/1437/1437
f 1438/1438/1438 1439/1439/1439 1440/1440/1440
f 1441/1441/1441 1442/1442/1442 1443/1443/1443
f 1444/1444/1444 1445/1445/1445 1446/1446/1446
f 1447/1447/1447 1448/1448/1448 1449/1449/1449
f 1450/1450/1450 1451/1451/1451 1452/1452/1452
f 1453/1453/1453 1454/1454/1454 1455/1455/1455
f 1456/1456/1456 1457/1457/1457 1458/1458/1458
f 1459/1459/1459 1460/1460/1460 1461/1461/1461
f 1462/1462/1462 1463/1463/1463 1464/1464/1464
f 1465/1465/1465 1466/1466/1466 1467/1467/1467
f 1468/1468/1468 1469/1469/1469 1470/1470/1470
f 1471/1471/1471 1472/1472/1472 1473/1473/1473
f 1474/1474/1474 1475/1475/1475 1476/1476/1476
f 1477/1477/1477 1478/1478/1478 1479/1479/1479
f 1480/1480/1480 1481/1481/1481 1482/1482/1482
f 1483/1483/1483 1484/1484/1484 1485/1485/1485
f 1486/1486/1486 1487/1487/1487 1488/1488/1488
f 1489/1489/1489 1490/1490/1490 1491/1491/1491
f 1492/1492/1492 1493/1493/1493 1494/1494/1494
f 1495/1495/1495 1496/1496/1496 1497/1497/1497
f 1498/1498/1498 1499/1499/1499 1500/1500/1500
f 1501/1501/1501 1502/1502/1502 1503/1503/1503
f 1504/1504/1504 1505/1505/1505 1506/1506/1506
f 1507/1507/1507 1508/1508/1508 1509/1509/1509
f 1510/1510/1510 1511/1511/1511 1512/1512/1512
f 1513/1513/1513 1514/1514/1514 1515/1515/1515
f 1516/1516/1516 1517/1517/1517 1518/1518/1518
f 1519/1519/1519 1520/1520/1520 1521/1521/1521
f 1522/1522/1522 1523/1523/1523 1524/1524/1524
f 1525/1525/1525 1526/1526/1526 1527/1527/1527
f 1528/1528/1528 1529/1529/1529 1530/1530/1530
f 1531/1531/1531 1532/1532/1532 1533/1533/1533
f 1534/1534/1534 1535/1535/1535 1536/1536/1536
f 1537/1537/1537 1538/1538/1538 1539/1539/1539
f 1540/1540/1540 1541/1541/1541 1542/1542/1542
f 1543/1543/1543 1544/1544/1544 1545/1545/1545
f 1546/1546/1546 1547/1547/1547 1548/1548/1548
f 1549/1549/1549 1550/1550/1550 1551/1551/1551
f 1552/1552/1552 1553/1553/1553 1554/1554/1554
f 1555/1555/1555 1556/1556/1556 1557/1557/1557
f 1558/1558/1558 1559/1559/1559 1560/1560/1560
f 1561/1561/1561 1562/1562/1562 1563/1563/1563
f 1564/1564/1564 1565/1565/1565 1566/1566/1566
f 1567/1567/1567 1568/1568/1568 1569/1569/1569
f 1570/1570/1570 1571/1571/1571 1572/1572/1572
f 1573/1573/1573 1574/1574/1574 1575/1575/1575
f 1576/1576/1576 1577/1577/1577 1578/1578/1578
f 1579/1579/1579 1580/1580/1580 1581/1581/1581
f 1582/1582/1582 1583/1583/1583 1584/1584/1584
f 1585/1585/1585 1586/1586/1586 1587/1587/1587
f 1588/1588/1588 1589/1589/1589 1590/1590/1590
f 1591/1591/1591 1592/1592/1592 1593/1593/1593
f 1594/1594/1594 1595/1595/1595 1596/1596/1596
f 1597/1597/1597 1598/1598/1598 1599/1599/1599
f 1600/1600/1600 1601/1601/1601 1602/1602/1602
f 1603/1603/1603 1604/1604/1604 1605/1605/1605
f 1606/1606/1606 1607/1607/1607 1608/1608/1608
f 1609/1609/1609 1610/1610/1610 1611/1611/1611
f 1612/1612/1612 1613/1613/1613 1614/1614/1614
f 1615/1615/1615 1616/1616/1616 1617/1617/1617
f 1618/1618/1618 1619/1619/1619 1620/1620/1620
f 1621/1621/1621 1622/1622/1622 1623/1623/1623
f 1624/1624/1624 1625/1625/1625 1626/1626/1626
f 1627/1627/1627 1628/1628/1628 1629/1629/1629
f 1630/1630/1630 1631/1631/1631 1632/1632/1632
f 1633/1633/1633 1634/1634/1634 1635/1635/1635
f 1636/1636/1636 1637/1637/1637 1638/1638/1638
f 1639/1639/1639 1640/1640/1640 1641/1641/1641
f 1642/1642/1642 1643/1643/1643 1644/1644/1644
f 1645/1645/1645 1646/1646/1646 1647/1647/1647
f 1648/1648/1648 1649/1649/1649 1650/1650/1650
f 1651/1651/1651 1652/1652/1652 1653/1653/1653
f 1654/1654/1654 1655/1655/1655 1656/1656/1656
f 1657/1657/1657 1658/1658/1658 1659/1659/1659
f 1660/1660/1660 1661/1661/1661 1662/1662/1662
f 1663/1663/1663 1664/1664/1664 1665/1665/1665
f 1666/1666/1666 1667/1667/1667 1668/1668/1668
f 1669/1669/1669 1670/1670/1670 1671/1671/1671
f 1672/1672/1672 1673/1673/1673 1674/1674/1674
f 1675/1675/1675 1676/1676/1676 1677/1677/1677
f 1678/1678/1678 1679/1679/1679 1680/1680/1680
f 1681/1681/1681 1682/1682/1682 1683/1683/1683
f 1684/1684/1684 1685/1685/1685 1686/1686/1686
f 1687/1687/1687 1688/1688/1688 1689/1689/1689
f 1690/1690/1690 1691/1691/1691 1692/1692/1692
f 1693/1693/1693 1694/1694/1694 1695/1695/1695
f 1696/1696/1696 1697/1697/1697 1698/1698/1698
f 1699/1699/1699 1700/1700/1700 1701/1701/1701
f 1702/1702/1702 1703/1703/1703 1704/1704/1704
f 1705/1705/1705 1706/1706/1706 1707/1707/1707
f 1708/1708/1708 1709/1709/1709 1710/1710/1710
f 1711/1711/1711 1712/1712/1712 1713/1713/1713
f 1714/1714/1714 1715/1715/1715 1716/1716/1716
f 1717/1717/1717 1718/1718/1718 1719/1719/1719
f 1720/1720/1720 1721/1721/1721 1722/1722/1722
f 1723/1723/1723 1724/1724/1724 1725/1725/1725
f 1726/1726/1726 1727/1727/1727 1728/1728/1728
f 1729/1729/1729 1730/1730/1730 1731/1731/1731
f 1732/1732/1732 1733/1733/1733 1734/1734/1734
f 1735/1735/1735 1736/1736/1736 1737/1737/1737
f 1738/1738/1738 1739/1739/1739 1740/1740/1740
f 1741/1741/1741 1742/1742/1742 1743/1743/1743
f 1744/1744/1744 1745/1745/1745 1746/1746/1746
f 1747/1747/1747 1748/1748/1748 1749/1749/1749
f 1750/1750/1750 1751/1751/1751 1752/1752/1752
f 1753/1753/1753 1754/1754/1754 1755/1755/1755
f 1756/1756/1756 1757/1757/1757 1758/1758/1758
f 1759/1759/1759 1760/1760/1760 1761/1761/1761
f 1762/1762/1762 1763/1763/1763 1764/1764/1764
f 1765/1765/1765 1766/1766/1766 1767/1767/1767
f 1768/1768/1768 1769/1769/1769 1770/1770/1770
f 1771/1771/1771 1772/1772/1772 1773/1773/1773
f 1774/1774/1774 1775/1775/1775 1776/1776/1776
f 1777/1777/1777 1778/1778/1778 1779/1779/1779
f 1780/1780/1780 1781/1781/1781 1782/1782/1782
f 1783/1783/1783 1784/1784/1784 1785/1785/1785
f 1786/1786/1786 1787/1787/1787 1788/1788/1788
f 1789/1789/1789 1790/1790/1790 1791/1791/1791
f 1792/1792/1792 1793/1793/1793 1794/1794/1794
f 1795/1795/1795 1796/1796/1796 1797/1797/1797
f 1798/1798/1798 1799/1799/1799 1800/1800/1800
f 1801/1801/1801 1802/1802/1802 1803/1803/1803
f 1804/1804/1804 1805/1805/1805 1806/1806/1806
f 1807/1807/1807 1808/1808/1808 1809/1809/1809
f 1810/1810/1810 1811/1811/1811 1812/1812/1812
f 1813/1813/1813 1814/1814/1814 1815/1815/1815
f 1816/1816/1816 1817/1817/1817 1818/1818/1818
f 1819/1819/1819 1820/1820/1820 1821/1821/1821
f 1822/1822/1822 1823/1823/1823 1824/1824/1824
f 1825/1825/1825 1826/1826/1826 1827/1827/1827
f 1828/1828/1828 1829/1829/1829 1830/1830/1830
f 1831/1831/1831 1832/1832/1832 1833/1833/1833
f 1834/1834/1834 1835/1835/1835 1836/1836/1836
f 1837/1837/1837 1838/1838/1838 1839/1839/1839
f 1840/1840/1840 1841/1841/1841 1842/1842/1842
f 1843/1843/1843 1844/1844/1844 1845/1845/1845
f 1846/1846/1846 1847/1847/1847 1848/1848/1848
f 1849/1849/1849 1850/1850/1850 1851/1851/1851
f 1852/1852/1852 1853/1853/1853 1854/1854/1854
f 1855/1855/1855 1856/1856/1856 1857/1857/1857
f 1858/1858/1858 1859/1859/1859 1860/1860/1860
f 1861/1861/1861 1862/1862/1862 1863/1863/1863
f 1864/1864/1864 1865/1865/1865 1866/1866/1866
f 1867/1867/1867 1868/1868/1868 1869/1869/1869
f 1870/1870/1870 1871/1871/1871 1872/1872/1872
f 1873/1873/1873 1874/1874/1874 1875/1875/1875
f 1876/1876/1876 1877/1877/1877 1878/1878/1878
f 1879/1879/1879 1880/1880/1880 1881/1881/1881
f 1882/1882/1882 1883/1883/1883 1884/1884/1884
f 1885/1885/1885 1886/1886/1886 1887/1887/1887
f 1888/1888/1888 1889/1889/1889 1890/1890/1890
f 1891/1891/1891 1892/1892/1892 1893/1893/1893
f 1894/1894/1894 1895/1895/1895 1896/1896/1896
f 1897/1897/1897 1898/1898/1898 1899/1899/1899
f 1900/1900/1900 1901/1901/1901 1902/1902/1902
f 1903/1903/1903 1904/1904/1904 1905/1905/1905
f 1906/1906/1906 1907/1907/1907 1908/1908/1908
f 1909/1909/1909 1910/1910/1910 1911/1911/1911
f 1912/1912/1912 1913/1913/1913 1914/1914/1914
f 1915/1915/1915 1916/1916/1916 1917/1917/1917
f 1918/1918/1918 1919/1919/1919 1920/1920/1920
f 1921/1921/1921 1922/1922/1922 1923/1923/1923
f 1924/1924/1924 1925/1925/1925 1926/1926/1926
f 1927/1927/1927 1928/1928/1928 1929/1929/1929
f 1930/1930/1930 1931/1931/1931 1932/1932/1932
f 1933/1933/1933 1934/1934/1934 1935/1935/1935
f 1936/1936/1936 1937/1937/1937 1938/1938/1938
f 1939/1939/1939 1940/1940/1940 1941/1941/1941
f 1942/1942/1942 1943/1943/1943 1944/1944/1944
f 1945/1945/1945 1946/1946/1946 1947/1947/1947
f 1948/1948/1948 1949/1949/1949 1950/1950/1950
f 1951/1951/1951 1952/1952/1952 1953/1953/1953
f 1954/1954/1954 1955/1955/1955 1956/1956/1956
f 1957/1957/1957 1958/1958/1958 1959/1959/1959
f 1960/1960/1960 1961/1961/1961 1962/1962/1962
f 1963/1963/1963 1964/1964/1964 1965/1965/1965
f 1966/1966/1966 1967/1967/1967 1968/1968/1968
f 1969/1969/1969 1970/1970/1970 1971/1971/1971
f 1972/1972/1972 1973/1973/1973 1974/1974/1974
f 1975/1975/1975 1976/1976/1976 1977/1977/1977
f 1978/1978/1978 1979/1979/1979 1980/1980/1980
f 1981/1981/1981 1982/1982/1982 1983/1983/1983
f 1984/1984/1984 1985/1985/1985 1986/1986/1986
f 1987/1987/1987 1988/1988/1988 1989/1989/1989
f 1990/1990/1990 1991/1991/1991 1992/1992/1992
f 1993/1993/1993 1994/1994/1994 1995/1995/1995
f 1996/1996/1996 1997/1997/1997 1998/1998/1998
f 1999/1999/1999 2000/2000/2000 2001/2001/2001
f 2002/2002/2002 2003/2003/2003 2004/2004/2004
f 2005/2005/2005 2006/2006/2006 2007/2007/2007
f 2008/2008/2008 2009/2009/2009 2010/2010/2010
f 2011/2011/2011 2012/2012/2012 2013/2013/2013
f 2014/2014/2014 2015/2015/2015 2016/2016/2016
f 2017/2017/2017 2018/2018/2018 2019/2019/2019
f 2020/2020/2020 2021/2021/2021 2022/2022/2022
f 2023/2023/2023 2024/2024/2024 2025/2025/2025
f 2026/2026/2026 2027/2027/2027 2028/2028/2028
f 2029/2029/2029 2030/2030/2030 2031/2031/2031
f 2032/2032/2032 2033/2033/2033 2034/2034/2034
f 2035/2035/2035 2036/2036/2036 2037/2037/2037
f 2038/2038/2038 2039/2039/2039 2040/2040/2040
f 2041/2041/2041 2042/2042/2042 2043/2043/2043
f 2044/2044/2044 2045/2045/2045 2046/2046/2046
f 2047/2047/2047 2048/2048/2048 2049/2049/2049
f 2050/2050/2050 2051/2051/2051 2052/2052/2052
f 2053/2053/2053 2054/2054/2054 2055/2055/2055
f 2056/2056/2056 2057/2057/2057 2058/2058/2058
f 2059/2059/2059 2060/2060/2060 2061/2061/2061
f 2062/2062/2062 2063/2063/2063 2064/2064/2064
f 2065/2065/2065 2066/2066/2066 2067/2067/2067
f 2068/2068/2068 2069/2069/2069 2070/2070/2070
f 2071/2071/2071 2072/2072/2072 2073/2073/2073
f 2074/2074/2074 2075/2075/2075 2076/2076/2076
f 2077/2077/2077 2078/2078/2078 2079/2079/2079
f 2080/2080/2080 2081/2081/2081 2082/2082/2082
f 2083/2083/2083 2084/2084/2084 2085/2085/2085
f 2086/2086/2086 2087/2087/2087 2088/2088/2088
f 2089/2089/2089 2090/2090/2090 2091/2091/2091
f 2092/2092/2092 2093/2093/2093 2094/2094/2094
f 2095/2095/2095 2096/2096/2096 2097/2097/2097
f 2098/2098/2098 2099/2099/2099 2100/2100/2100
f 2101/2101/2101 2102/2102/2102 2103/2103/2103
f 2104/2104/2104 2105/2105/2105 2106/2106/2106
f 2107/2107/2107 2108/2108/2108 2109/2109/2109
f 2110/2110/2110 2111/2111/2111 2112/2112/2112
f 2113/2113/2113 2114/2114/2114 2115/2115/2115
f 2116/2116/2116 2117/2117/2117 2118/2118/2118
f 2119/2119/2119 2120/2120/2120 2121/2121/2121
f 2122/2122/2122 2123/2123/2123 2124/2124/2124
f 2125/2125/2125 2126/2126/2126 2127/2127/2127
f 2128/2128/2128 2129/2129/2129 2130/2130/2130
f 2131/2131/2131 2132/2132/2132 2133/2133/2133
f 2134/2134/2134 2135/2135/2135 2136/2136/2136
f 2137/2137/2137 2138/2138/2138 2139/2139/2139
f 2140/2140/2140 2141/2141/2141 2142/2142/2142
f 2143/2143/2143 2144/2144/2144 2145/2145/2145
f 2146/2146/2146 2147/2147/2147 2148/2148/2148
f 2149/2149/2149 2150/2150/2150 2151/2151/2151
f 2152/2152/2152 2153/2153/2153 2154/2154/2154
f 2155/2155/2155 2156/2156/2156 2157/2157/2157
f 2158/2158/2158 2159/2159/2159 2160/2160/2160
f 2161/2161/2161 2162/2162/2162 2163/2163/2163
f 2164/2164/2164 2165/2165/2165 2166/2166/2166
f 2167/2167/2167 2168/2168/2168 2169/2169/2169
f 2170/2170/2170 2171/2171/2171 2172/2172/2172
f 2173/2173/2173 2174/2174/2174 2175/2175/2175
f 2176/2176/2176 2177/2177/2177 2178/2178/2178
f 2179/2179/2179 2180/2180/2180 2181/2181/2181
f 2182/2182/2182 2183/2183/2183 2184/2184/2184
f 2185/2185/2185 2186/2186/2186 2187/2187/2187
f 2188/2188/2188 2189/2189/2189 2190/2190/2190
f 2191/2191/2191 2192/2192/2192 2193/2193/2193
f 2194/2194/2194 2195/2195/2195 2196/2196/2196
f 2197/2197/2197 2198/2198/2198 2199/2199/2199
f 2200/2200/2200 2201/2201/2201 2202/2202/2202
f 2203/2203/2203 2204/2204/2204 2205/2205/2205
f 2206/2206/2206 2207/2207/2207 2208/2208/2208
f 2209/2209/2209 2210/2210/2210 2211/2211/2211
f 2212/2212/2212 2213/2213/2213 2214/2214/2214
f 2215/2215/2215 2216/2216/2216 2217/2217/2217
f 2218/2218/2218 2219/2219/2219 2220/2220/2220
f 2221/2221/2221 2222/2222/2222 2223/2223/2223
f 2224/2224/2224 2225/2225/2225 2226/2226/2226
f 2227/2227/2227 2228/2228/2228 2229/2229/2229
f 2230/2230/2230 2231/2231/2231 2232/2232/2232
f 2233/2233/2233 2234/2234/2234 2235/2235/2235
f 2236/2236/2236 2237/2237/2237 2238/2238/2238
f 2239/2239/2239 2240/2240/2240 2241/2241/2241
f 2242/2242/2242 2243/2243/2243 2244/2244/2244
f 2245/2245/2245 2246/2246/2246 2247/2247/2247
f 2248/2248/2248 2249/2249/2249 2250/2250/2250
f 2251/2251/2251 2252/2252/2252 2253/2253/2253
f 2254/2254/2254 2255/2255/2255 2256/2256/2256
f 2257/2257/2257 2258/2258/2258 2259/2259/2259
f 2260/2260/2260 2261/2261/2261 2262/2262/2262
f 2263/2263/2263 2264/2264/2264 2265/2265/2265
f 2266/2266/2266 2267/2267/2267 2268/2268/2268
f 2269/2269/2269 2270/2270/2270 2271/2271/2271
f 2272/2272/2272 2273/2273/2273 2274/2274/2274
f 2275/2275/2275 2276/2276/2276 2277/2277/2277
f 2278/2278/2278 2279/2279/2279 2280/2280/2280
f 2281/2281/2281 2282/2282/2282 2283/2283/2283
f 2284/2284/2284 2285/2285/2285 2286/2286/2286
f 2287/2287/2287 2288/2288/2288 2289/2289/2289
f 2290/2290/2290 2291/2291/2291 2292/2292/2292
f 2293/2293/2293 2294/2294/2294 2295/2295/2295
f 2296/2296/2296 2297/2297/2297 2298/2298/2298
f 2299/2299/2299 2300/2300/2300 2301/2301/2301
f 2302/2302/2302 2303/2303/2303 2304/2304/2304
f 2305/2305/2305 2306/2306/2306 2307/2307/2307
f 2308/2308/2308 2309/2309/2309 2310/2310/2310
f 2311/2311/2311 2312/2312/2312 2313/2313/2313
f 2314/2314/2314 2315/2315/2315 2316/2316/2316
f 2317/2317/2317 2318/2318/2318 2319/2319/2319
f 2320/2320/2320 2321/2321/2321 2322/2322/2322
