v -0.376991 0.094381 0.030958
v -0.404339 0.165733 0.052373
v -0.382588 0.165733 0.073869
v -0.376991 0.094381 0.030958
v -0.382588 0.165733 0.073869
v -0.361715 0.094381 0.046108
v -0.387825 0.094381 0.01237
v -0.419785 0.165733 0.02598
v -0.404339 0.165733 0.052373
v -0.387825 0.094381 0.01237
v -0.404339 0.165733 0.052373
v -0.376991 0.094381 0.030958
v -0.39348 0.094381 -0.008388
v -0.427873 0.165733 -0.003511
v -0.419785 0.165733 0.02598
v -0.39348 0.094381 -0.008388
v -0.419785 0.165733 0.02598
v -0.387825 0.094381 0.01237
v -0.419785 0.165733 0.02598
v -0.427873 0.165733 -0.003511
v -0.427873 0.173463 -0.003511
v -0.419785 0.165733 0.02598
v -0.427873 0.173463 -0.003511
v -0.419785 0.173463 0.02598
v -0.404339 0.165733 0.052373
v -0.419785 0.165733 0.02598
v -0.419785 0.173463 0.02598
v -0.404339 0.165733 0.052373
v -0.419785 0.173463 0.02598
v -0.404339 0.173463 0.052373
v -0.427696 0.173463 0.029079
v -0.411178 0.173463 0.057416
v -0.404339 0.173463 0.052373
v -0.427696 0.173463 0.029079
v -0.404339 0.173463 0.052373
v -0.419785 0.173463 0.02598
v -0.436316 0.173463 -0.002568
v -0.427696 0.173463 0.029079
v -0.419785 0.173463 0.02598
v -0.436316 0.173463 -0.002568
v -0.419785 0.173463 0.02598
v -0.427873 0.173463 -0.003511
v -0.411178 0.173463 0.057416
v -0.387889 0.173463 0.080514
v -0.382588 0.173463 0.073869
v -0.411178 0.173463 0.057416
v -0.382588 0.173463 0.073869
v -0.404339 0.173463 0.052373
v -0.382588 0.165733 0.073869
v -0.404339 0.165733 0.052373
v -0.404339 0.173463 0.052373
v -0.382588 0.165733 0.073869
v -0.404339 0.173463 0.052373
v -0.382588 0.173463 0.073869
v -0.387889 0.173463 0.080514
v -0.359416 0.173463 0.096796
v -0.356016 0.173463 0.089003
v -0.387889 0.173463 0.080514
v -0.356016 0.173463 0.089003
v -0.382588 0.173463 0.073869
v -0.356016 0.165733 0.089003
v -0.382588 0.165733 0.073869
v -0.382588 0.173463 0.073869
v -0.356016 0.165733 0.089003
v -0.382588 0.173463 0.073869
v -0.356016 0.173463 0.089003
v -0.361715 0.094381 0.046108
v -0.382588 0.165733 0.073869
v -0.356016 0.165733 0.089003
v -0.361715 0.094381 0.046108
v -0.356016 0.165733 0.089003
v -0.343038 0.094381 0.056789
v -0.343038 0.094381 0.056789
v -0.356016 0.165733 0.089003
v -0.326432 0.165733 0.096744
v -0.343038 0.094381 0.056789
v -0.326432 0.165733 0.096744
v -0.322233 0.094381 0.062271
v -0.326432 0.165733 0.096744
v -0.356016 0.165733 0.089003
v -0.356016 0.173463 0.089003
v -0.326432 0.165733 0.096744
v -0.356016 0.173463 0.089003
v -0.326432 0.173463 0.096744
v -0.326432 0.165733 0.096744
v -0.295852 0.165733 0.096564
v -0.300719 0.094381 0.062182
v -0.326432 0.165733 0.096744
v -0.300719 0.094381 0.062182
v -0.322233 0.094381 0.062271
v -0.295852 0.165733 0.096564
v -0.326432 0.165733 0.096744
v -0.326432 0.173463 0.096744
v -0.295852 0.165733 0.096564
v -0.326432 0.173463 0.096744
v -0.295852 0.173463 0.096564
v -0.326432 0.173463 0.096744
v -0.327698 0.173463 0.105154
v -0.294899 0.173463 0.105018
v -0.326432 0.173463 0.096744
v -0.294899 0.173463 0.105018
v -0.295852 0.173463 0.096564
v -0.359416 0.173463 0.096796
v -0.327698 0.173463 0.105154
v -0.326432 0.173463 0.096744
v -0.359416 0.173463 0.096796
v -0.326432 0.173463 0.096744
v -0.356016 0.173463 0.089003
v -0.294899 0.173463 0.105018
v -0.263251 0.173463 0.096398
v -0.266361 0.173463 0.088475
v -0.294899 0.173463 0.105018
v -0.266361 0.173463 0.088475
v -0.295852 0.173463 0.096564
v -0.266361 0.165733 0.088475
v -0.295852 0.165733 0.096564
v -0.295852 0.173463 0.096564
v -0.266361 0.165733 0.088475
v -0.295852 0.173463 0.096564
v -0.266361 0.173463 0.088475
v -0.266361 0.173463 0.088475
v -0.263251 0.173463 0.096398
v -0.234914 0.173463 0.07988
v -0.266361 0.173463 0.088475
v -0.234914 0.173463 0.07988
v -0.239968 0.173463 0.07303
v -0.239968 0.165733 0.07303
v -0.266361 0.165733 0.088475
v -0.266361 0.173463 0.088475
v -0.239968 0.165733 0.07303
v -0.266361 0.173463 0.088475
v -0.239968 0.173463 0.07303
v -0.300719 0.094381 0.062182
v -0.295852 0.165733 0.096564
v -0.266361 0.165733 0.088475
v -0.300719 0.094381 0.062182
v -0.266361 0.165733 0.088475
v -0.27996 0.094381 0.056527
v -0.266361 0.165733 0.088475
v -0.239968 0.165733 0.07303
v -0.261372 0.094381 0.045693
v -0.266361 0.165733 0.088475
v -0.261372 0.094381 0.045693
v -0.27996 0.094381 0.056527
v -0.261372 0.094381 0.045693
v -0.239968 0.165733 0.07303
v -0.218472 0.165733 0.051279
v -0.261372 0.094381 0.045693
v -0.218472 0.165733 0.051279
v -0.246222 0.094381 0.030417
v -0.218472 0.165733 0.051279
v -0.239968 0.165733 0.07303
v -0.239968 0.173463 0.07303
v -0.218472 0.165733 0.051279
v -0.239968 0.173463 0.07303
v -0.218472 0.173463 0.051279
v -0.246222 0.094381 0.030417
v -0.218472 0.165733 0.051279
v -0.203338 0.165733 0.024707
v -0.246222 0.094381 0.030417
v -0.203338 0.165733 0.024707
v -0.235542 0.094381 0.01174
v -0.203338 0.165733 0.024707
v -0.218472 0.165733 0.051279
v -0.218472 0.173463 0.051279
v -0.203338 0.165733 0.024707
v -0.218472 0.173463 0.051279
v -0.203338 0.173463 0.024707
v -0.211817 0.173463 0.056591
v -0.195535 0.173463 0.028118
v -0.203338 0.173463 0.024707
v -0.211817 0.173463 0.056591
v -0.203338 0.173463 0.024707
v -0.218472 0.173463 0.051279
v -0.234914 0.173463 0.07988
v -0.211817 0.173463 0.056591
v -0.218472 0.173463 0.051279
v -0.234914 0.173463 0.07988
v -0.218472 0.173463 0.051279
v -0.239968 0.173463 0.07303
v -0.195535 0.173463 0.028118
v -0.187176 0.173463 -0.003599
v -0.195597 0.173463 -0.004878
v -0.195535 0.173463 0.028118
v -0.195597 0.173463 -0.004878
v -0.203338 0.173463 0.024707
v -0.195597 0.165733 -0.004878
v -0.203338 0.165733 0.024707
v -0.203338 0.173463 0.024707
v -0.195597 0.165733 -0.004878
v -0.203338 0.173463 0.024707
v -0.195597 0.173463 -0.004878
v -0.187176 0.173463 -0.003599
v -0.187312 0.173463 -0.036399
v -0.195777 0.173463 -0.035457
v -0.187176 0.173463 -0.003599
v -0.195777 0.173463 -0.035457
v -0.195597 0.173463 -0.004878
v -0.195777 0.165733 -0.035457
v -0.195597 0.165733 -0.004878
v -0.195597 0.173463 -0.004878
v -0.195777 0.165733 -0.035457
v -0.195597 0.173463 -0.004878
v -0.195777 0.173463 -0.035457
v -0.235542 0.094381 0.01174
v -0.203338 0.165733 0.024707
v -0.195597 0.165733 -0.004878
v -0.235542 0.094381 0.01174
v -0.195597 0.165733 -0.004878
v -0.230059 0.094381 -0.009065
v -0.230059 0.094381 -0.009065
v -0.195597 0.165733 -0.004878
v -0.195777 0.165733 -0.035457
v -0.230059 0.094381 -0.009065
v -0.195777 0.165733 -0.035457
v -0.230148 0.094381 -0.030579
v -0.230148 0.094381 -0.030579
v -0.195777 0.165733 -0.035457
v -0.203866 0.165733 -0.064948
v -0.230148 0.094381 -0.030579
v -0.203866 0.165733 -0.064948
v -0.235803 0.094381 -0.051338
v -0.203866 0.165733 -0.064948
v -0.195777 0.165733 -0.035457
v -0.195777 0.173463 -0.035457
v -0.203866 0.165733 -0.064948
v -0.195777 0.173463 -0.035457
v -0.203866 0.173463 -0.064948
v -0.235803 0.094381 -0.051338
v -0.203866 0.165733 -0.064948
v -0.219311 0.165733 -0.091341
v -0.235803 0.094381 -0.051338
v -0.219311 0.165733 -0.091341
v -0.246637 0.094381 -0.069926
v -0.219311 0.165733 -0.091341
v -0.203866 0.165733 -0.064948
v -0.203866 0.173463 -0.064948
v -0.219311 0.165733 -0.091341
v -0.203866 0.173463 -0.064948
v -0.219311 0.173463 -0.091341
v -0.187312 0.173463 -0.036399
v -0.195933 0.173463 -0.068046
v -0.203866 0.173463 -0.064948
v -0.187312 0.173463 -0.036399
v -0.203866 0.173463 -0.064948
v -0.195777 0.173463 -0.035457
v -0.195933 0.173463 -0.068046
v -0.21245 0.173463 -0.096384
v -0.219311 0.173463 -0.091341
v -0.195933 0.173463 -0.068046
v -0.219311 0.173463 -0.091341
v -0.203866 0.173463 -0.064948
v -0.21245 0.173463 -0.096384
v -0.235739 0.173463 -0.119481
v -0.241062 0.173463 -0.112837
v -0.21245 0.173463 -0.096384
v -0.241062 0.173463 -0.112837
v -0.219311 0.173463 -0.091341
v -0.241062 0.165733 -0.112837
v -0.219311 0.165733 -0.091341
v -0.219311 0.173463 -0.091341
v -0.241062 0.165733 -0.112837
v -0.219311 0.173463 -0.091341
v -0.241062 0.173463 -0.112837
v -0.235739 0.173463 -0.119481
v -0.264212 0.173463 -0.135763
v -0.267635 0.173463 -0.127971
v -0.235739 0.173463 -0.119481
v -0.267635 0.173463 -0.127971
v -0.241062 0.173463 -0.112837
v -0.267635 0.165733 -0.127971
v -0.241062 0.165733 -0.112837
v -0.241062 0.173463 -0.112837
v -0.267635 0.165733 -0.127971
v -0.241062 0.173463 -0.112837
v -0.267635 0.173463 -0.127971
v -0.246637 0.094381 -0.069926
v -0.219311 0.165733 -0.091341
v -0.241062 0.165733 -0.112837
v -0.246637 0.094381 -0.069926
v -0.241062 0.165733 -0.112837
v -0.261913 0.094381 -0.085076
v -0.261913 0.094381 -0.085076
v -0.241062 0.165733 -0.112837
v -0.267635 0.165733 -0.127971
v -0.261913 0.094381 -0.085076
v -0.267635 0.165733 -0.127971
v -0.28059 0.094381 -0.095756
v -0.28059 0.094381 -0.095756
v -0.267635 0.165733 -0.127971
v -0.297219 0.165733 -0.135712
v -0.28059 0.094381 -0.095756
v -0.297219 0.165733 -0.135712
v -0.301395 0.094381 -0.101238
v -0.297219 0.165733 -0.135712
v -0.267635 0.165733 -0.127971
v -0.267635 0.173463 -0.127971
v -0.297219 0.165733 -0.135712
v -0.267635 0.173463 -0.127971
v -0.297219 0.173463 -0.135712
v -0.297219 0.165733 -0.135712
v -0.327798 0.165733 -0.135532
v -0.32291 0.094381 -0.101149
v -0.297219 0.165733 -0.135712
v -0.32291 0.094381 -0.101149
v -0.301395 0.094381 -0.101238
v -0.327798 0.165733 -0.135532
v -0.297219 0.165733 -0.135712
v -0.297219 0.173463 -0.135712
v -0.327798 0.165733 -0.135532
v -0.297219 0.173463 -0.135712
v -0.327798 0.173463 -0.135532
v -0.297219 0.173463 -0.135712
v -0.29593 0.173463 -0.144121
v -0.32873 0.173463 -0.143986
v -0.297219 0.173463 -0.135712
v -0.32873 0.173463 -0.143986
v -0.327798 0.173463 -0.135532
v -0.264212 0.173463 -0.135763
v -0.29593 0.173463 -0.144121
v -0.297219 0.173463 -0.135712
v -0.264212 0.173463 -0.135763
v -0.297219 0.173463 -0.135712
v -0.267635 0.173463 -0.127971
v -0.32873 0.173463 -0.143986
v -0.360377 0.173463 -0.135365
v -0.35729 0.173463 -0.127443
v -0.32873 0.173463 -0.143986
v -0.35729 0.173463 -0.127443
v -0.327798 0.173463 -0.135532
v -0.35729 0.165733 -0.127443
v -0.327798 0.165733 -0.135532
v -0.327798 0.173463 -0.135532
v -0.35729 0.165733 -0.127443
v -0.327798 0.173463 -0.135532
v -0.35729 0.173463 -0.127443
v -0.35729 0.173463 -0.127443
v -0.360377 0.173463 -0.135365
v -0.388714 0.173463 -0.118848
v -0.35729 0.173463 -0.127443
v -0.388714 0.173463 -0.118848
v -0.383682 0.173463 -0.111998
v -0.383682 0.165733 -0.111998
v -0.35729 0.165733 -0.127443
v -0.35729 0.173463 -0.127443
v -0.383682 0.165733 -0.111998
v -0.35729 0.173463 -0.127443
v -0.383682 0.173463 -0.111998
v -0.32291 0.094381 -0.101149
v -0.327798 0.165733 -0.135532
v -0.35729 0.165733 -0.127443
v -0.32291 0.094381 -0.101149
v -0.35729 0.165733 -0.127443
v -0.343668 0.094381 -0.095495
v -0.35729 0.165733 -0.127443
v -0.383682 0.165733 -0.111998
v -0.362256 0.094381 -0.08466
v -0.35729 0.165733 -0.127443
v -0.362256 0.094381 -0.08466
v -0.343668 0.094381 -0.095495
v -0.362256 0.094381 -0.08466
v -0.383682 0.165733 -0.111998
v -0.405178 0.165733 -0.090247
v -0.362256 0.094381 -0.08466
v -0.405178 0.165733 -0.090247
v -0.377406 0.094381 -0.069384
v -0.405178 0.165733 -0.090247
v -0.383682 0.165733 -0.111998
v -0.383682 0.173463 -0.111998
v -0.405178 0.165733 -0.090247
v -0.383682 0.173463 -0.111998
v -0.405178 0.173463 -0.090247
v -0.377406 0.094381 -0.069384
v -0.405178 0.165733 -0.090247
v -0.420312 0.165733 -0.063675
v -0.377406 0.094381 -0.069384
v -0.420312 0.165733 -0.063675
v -0.388086 0.094381 -0.050708
v -0.420312 0.165733 -0.063675
v -0.405178 0.165733 -0.090247
v -0.405178 0.173463 -0.090247
v -0.420312 0.165733 -0.063675
v -0.405178 0.173463 -0.090247
v -0.420312 0.173463 -0.063675
v -0.411811 0.173463 -0.095559
v -0.428093 0.173463 -0.067085
v -0.420312 0.173463 -0.063675
v -0.411811 0.173463 -0.095559
v -0.420312 0.173463 -0.063675
v -0.405178 0.173463 -0.090247
v -0.388714 0.173463 -0.118848
v -0.411811 0.173463 -0.095559
v -0.405178 0.173463 -0.090247
v -0.388714 0.173463 -0.118848
v -0.405178 0.173463 -0.090247
v -0.383682 0.173463 -0.111998
v -0.428093 0.173463 -0.067085
v -0.436452 0.173463 -0.035368
v -0.428053 0.173463 -0.034091
v -0.428093 0.173463 -0.067085
v -0.428053 0.173463 -0.034091
v -0.420312 0.173463 -0.063675
v -0.428053 0.165733 -0.034091
v -0.420312 0.165733 -0.063675
v -0.420312 0.173463 -0.063675
v -0.428053 0.165733 -0.034091
v -0.420312 0.173463 -0.063675
v -0.428053 0.173463 -0.034091
v -0.436452 0.173463 -0.035368
v -0.436316 0.173463 -0.002568
v -0.427873 0.173463 -0.003511
v -0.436452 0.173463 -0.035368
v -0.427873 0.173463 -0.003511
v -0.428053 0.173463 -0.034091
v -0.427873 0.165733 -0.003511
v -0.428053 0.165733 -0.034091
v -0.428053 0.173463 -0.034091
v -0.427873 0.165733 -0.003511
v -0.428053 0.173463 -0.034091
v -0.427873 0.173463 -0.003511
v -0.388086 0.094381 -0.050708
v -0.420312 0.165733 -0.063675
v -0.428053 0.165733 -0.034091
v -0.388086 0.094381 -0.050708
v -0.428053 0.165733 -0.034091
v -0.393569 0.094381 -0.029903
v -0.393569 0.094381 -0.029903
v -0.428053 0.165733 -0.034091
v -0.427873 0.165733 -0.003511
v -0.393569 0.094381 -0.029903
v -0.427873 0.165733 -0.003511
v -0.39348 0.094381 -0.008388
v -0.436452 0.173463 -0.035368
v -0.428093 0.173463 -0.067085
v -0.437619 0.164317 -0.070911
v -0.436452 0.173463 -0.035368
v -0.437619 0.164317 -0.070911
v -0.448992 0.162101 -0.037023
v -0.436316 0.173463 -0.002568
v -0.436452 0.173463 -0.035368
v -0.448992 0.162101 -0.037023
v -0.436316 0.173463 -0.002568
v -0.448992 0.162101 -0.037023
v -0.450928 0.159961 -0.001646
v -0.448992 0.162101 -0.037023
v -0.437619 0.164317 -0.070911
v -0.444778 0.163023 -0.074325
v -0.448992 0.162101 -0.037023
v -0.444778 0.163023 -0.074325
v -0.45673 0.160895 -0.038575
v -0.450928 0.159961 -0.001646
v -0.448992 0.162101 -0.037023
v -0.45673 0.160895 -0.038575
v -0.450928 0.159961 -0.001646
v -0.45673 0.160895 -0.038575
v -0.458873 0.158401 -0.001418
v -0.444778 0.163023 -0.074325
v -0.518597 0.162741 -0.101549
v -0.45673 0.160895 -0.038575
v -0.458873 0.158401 -0.001418
v -0.45673 0.160895 -0.038575
v -0.518597 0.162741 -0.101549
v -0.458873 0.158401 -0.001418
v -0.518597 0.162741 -0.101549
v -0.526181 0.151186 0.045712
v -0.518597 0.162741 -0.101549
v -0.634827 0.157244 -0.115816
v -0.649643 0.14171 0.080212
v -0.518597 0.162741 -0.101549
v -0.649643 0.14171 0.080212
v -0.526181 0.151186 0.045712
v -0.513576 0.162539 -0.251419
v -0.624272 0.15501 -0.268312
v -0.634827 0.157244 -0.115816
v -0.513576 0.162539 -0.251419
v -0.634827 0.157244 -0.115816
v -0.518597 0.162741 -0.101549
v -0.513576 0.162539 -0.251419
v -0.518597 0.162741 -0.101549
v -0.444778 0.163023 -0.074325
v -0.513576 0.162539 -0.251419
v -0.444778 0.163023 -0.074325
v -0.425478 0.164657 -0.106002
v -0.622161 0.13805 -0.416023
v -0.624272 0.15501 -0.268312
v -0.513576 0.162539 -0.251419
v -0.622161 0.13805 -0.416023
v -0.513576 0.162539 -0.251419
v -0.520222 0.143835 -0.432301
v -0.513576 0.162539 -0.251419
v -0.410447 0.164129 -0.2515
v -0.40496 0.147835 -0.440247
v -0.513576 0.162539 -0.251419
v -0.40496 0.147835 -0.440247
v -0.520222 0.143835 -0.432301
v -0.410447 0.164129 -0.2515
v -0.513576 0.162539 -0.251419
v -0.425478 0.164657 -0.106002
v -0.410447 0.164129 -0.2515
v -0.425478 0.164657 -0.106002
v -0.400133 0.165878 -0.133344
v -0.437619 0.164317 -0.070911
v -0.419068 0.165645 -0.101143
v -0.425478 0.164657 -0.106002
v -0.437619 0.164317 -0.070911
v -0.425478 0.164657 -0.106002
v -0.444778 0.163023 -0.074325
v -0.419068 0.165645 -0.101143
v -0.394986 0.16613 -0.127043
v -0.400133 0.165878 -0.133344
v -0.419068 0.165645 -0.101143
v -0.400133 0.165878 -0.133344
v -0.425478 0.164657 -0.106002
v -0.394986 0.16613 -0.127043
v -0.364535 0.166821 -0.145371
v -0.367885 0.166771 -0.153072
v -0.394986 0.16613 -0.127043
v -0.367885 0.166771 -0.153072
v -0.400133 0.165878 -0.133344
v -0.367885 0.166771 -0.153072
v -0.331507 0.167409 -0.163826
v -0.410447 0.164129 -0.2515
v -0.367885 0.166771 -0.153072
v -0.410447 0.164129 -0.2515
v -0.400133 0.165878 -0.133344
v -0.364535 0.166821 -0.145371
v -0.330229 0.167347 -0.155246
v -0.331507 0.167409 -0.163826
v -0.364535 0.166821 -0.145371
v -0.331507 0.167409 -0.163826
v -0.367885 0.166771 -0.153072
v -0.330229 0.167347 -0.155246
v -0.294419 0.167726 -0.155873
v -0.293368 0.167831 -0.164654
v -0.330229 0.167347 -0.155246
v -0.293368 0.167831 -0.164654
v -0.331507 0.167409 -0.163826
v -0.331507 0.167409 -0.163826
v -0.293368 0.167831 -0.164654
v -0.289953 0.166587 -0.251318
v -0.331507 0.167409 -0.163826
v -0.289953 0.166587 -0.251318
v -0.410447 0.164129 -0.2515
v -0.294419 0.167726 -0.155873
v -0.259674 0.167847 -0.146827
v -0.256312 0.167993 -0.155037
v -0.294419 0.167726 -0.155873
v -0.256312 0.167993 -0.155037
v -0.293368 0.167831 -0.164654
v -0.289953 0.166587 -0.251318
v -0.293368 0.167831 -0.164654
v -0.256312 0.167993 -0.155037
v -0.410447 0.164129 -0.2515
v -0.289953 0.166587 -0.251318
v -0.289426 0.151288 -0.442181
v -0.410447 0.164129 -0.2515
v -0.289426 0.151288 -0.442181
v -0.40496 0.147835 -0.440247
v -0.289953 0.166587 -0.251318
v -0.11102 0.167742 -0.255092
v -0.15051 0.153403 -0.443337
v -0.289953 0.166587 -0.251318
v -0.15051 0.153403 -0.443337
v -0.289426 0.151288 -0.442181
v -0.11102 0.167742 -0.255092
v -0.289953 0.166587 -0.251318
v -0.256312 0.167993 -0.155037
v -0.11102 0.167742 -0.255092
v -0.256312 0.167993 -0.155037
v -0.22323 0.167788 -0.13576
v -0.11102 0.167742 -0.255092
v -0.012713 0.168209 -0.253154
v -0.012713 0.153699 -0.444014
v -0.11102 0.167742 -0.255092
v -0.012713 0.153699 -0.444014
v -0.15051 0.153403 -0.443337
v -0.115337 0.167185 -0.113625
v -0.012713 0.166538 -0.100773
v -0.012713 0.168209 -0.253154
v -0.115337 0.167185 -0.113625
v -0.012713 0.168209 -0.253154
v -0.11102 0.167742 -0.255092
v -0.115337 0.167185 -0.113625
v -0.11102 0.167742 -0.255092
v -0.22323 0.167788 -0.13576
v -0.115337 0.167185 -0.113625
v -0.22323 0.167788 -0.13576
v -0.196915 0.16708 -0.108161
v -0.259674 0.167847 -0.146827
v -0.228603 0.167611 -0.128863
v -0.22323 0.167788 -0.13576
v -0.259674 0.167847 -0.146827
v -0.22323 0.167788 -0.13576
v -0.256312 0.167993 -0.155037
v -0.228603 0.167611 -0.128863
v -0.20372 0.167044 -0.103178
v -0.196915 0.16708 -0.108161
v -0.228603 0.167611 -0.128863
v -0.196915 0.16708 -0.108161
v -0.22323 0.167788 -0.13576
v -0.20372 0.167044 -0.103178
v -0.18672 0.166341 -0.071955
v -0.179127 0.165798 -0.075014
v -0.20372 0.167044 -0.103178
v -0.179127 0.165798 -0.075014
v -0.196915 0.16708 -0.108161
v -0.179127 0.165798 -0.075014
v -0.168618 0.163862 -0.037556
v -0.115337 0.167185 -0.113625
v -0.179127 0.165798 -0.075014
v -0.115337 0.167185 -0.113625
v -0.196915 0.16708 -0.108161
v -0.18672 0.166341 -0.071955
v -0.176691 0.165054 -0.036206
v -0.168618 0.163862 -0.037556
v -0.18672 0.166341 -0.071955
v -0.168618 0.163862 -0.037556
v -0.179127 0.165798 -0.075014
v -0.176691 0.165054 -0.036206
v -0.174888 0.163012 -0.001687
v -0.16677 0.161535 -0.001497
v -0.176691 0.165054 -0.036206
v -0.16677 0.161535 -0.001497
v -0.168618 0.163862 -0.037556
v -0.168618 0.163862 -0.037556
v -0.16677 0.161535 -0.001497
v -0.116664 0.158051 0.039772
v -0.168618 0.163862 -0.037556
v -0.116664 0.158051 0.039772
v -0.115337 0.167185 -0.113625
v -0.174888 0.163012 -0.001687
v -0.18117 0.159333 0.037185
v -0.174184 0.15819 0.039555
v -0.174888 0.163012 -0.001687
v -0.174184 0.15819 0.039555
v -0.16677 0.161535 -0.001497
v -0.174184 0.15819 0.039555
v -0.116664 0.158051 0.039772
v -0.16677 0.161535 -0.001497
v -0.012713 0.157799 0.040166
v -0.116664 0.158051 0.039772
v -0.117272 0.121858 0.213446
v -0.012713 0.157799 0.040166
v -0.117272 0.121858 0.213446
v -0.012713 0.122477 0.217568
v -0.012713 0.157799 0.040166
v -0.012713 0.166538 -0.100773
v -0.115337 0.167185 -0.113625
v -0.012713 0.157799 0.040166
v -0.115337 0.167185 -0.113625
v -0.116664 0.158051 0.039772
v -0.187771 0.147817 0.078208
v -0.117272 0.121858 0.213446
v -0.116664 0.158051 0.039772
v -0.187771 0.147817 0.078208
v -0.116664 0.158051 0.039772
v -0.174184 0.15819 0.039555
v -0.233326 0.11287 0.206216
v -0.23883 0.067463 0.401033
v -0.123908 0.07419 0.395638
v -0.233326 0.11287 0.206216
v -0.123908 0.07419 0.395638
v -0.117272 0.121858 0.213446
v -0.123908 0.07419 0.395638
v -0.012713 0.078577 0.394387
v -0.012713 0.122477 0.217568
v -0.123908 0.07419 0.395638
v -0.012713 0.122477 0.217568
v -0.117272 0.121858 0.213446
v -0.213795 0.139646 0.112972
v -0.233326 0.11287 0.206216
v -0.117272 0.121858 0.213446
v -0.213795 0.139646 0.112972
v -0.117272 0.121858 0.213446
v -0.187771 0.147817 0.078208
v -0.18117 0.159333 0.037185
v -0.195134 0.149772 0.07454
v -0.187771 0.147817 0.078208
v -0.18117 0.159333 0.037185
v -0.187771 0.147817 0.078208
v -0.174184 0.15819 0.039555
v -0.195134 0.149772 0.07454
v -0.219443 0.141393 0.107419
v -0.213795 0.139646 0.112972
v -0.195134 0.149772 0.07454
v -0.213795 0.139646 0.112972
v -0.187771 0.147817 0.078208
v -0.219443 0.141393 0.107419
v -0.255283 0.136159 0.130469
v -0.251781 0.13413 0.137465
v -0.219443 0.141393 0.107419
v -0.251781 0.13413 0.137465
v -0.213795 0.139646 0.112972
v -0.251781 0.13413 0.137465
v -0.29478 0.130083 0.15062
v -0.233326 0.11287 0.206216
v -0.251781 0.13413 0.137465
v -0.233326 0.11287 0.206216
v -0.213795 0.139646 0.112972
v -0.255283 0.136159 0.130469
v -0.29611 0.132152 0.142871
v -0.29478 0.130083 0.15062
v -0.255283 0.136159 0.130469
v -0.29478 0.130083 0.15062
v -0.251781 0.13413 0.137465
v -0.29611 0.132152 0.142871
v -0.333048 0.130518 0.143235
v -0.334309 0.128342 0.151039
v -0.29611 0.132152 0.142871
v -0.334309 0.128342 0.151039
v -0.29478 0.130083 0.15062
v -0.29478 0.130083 0.15062
v -0.334309 0.128342 0.151039
v -0.39779 0.103952 0.205178
v -0.29478 0.130083 0.15062
v -0.39779 0.103952 0.205178
v -0.233326 0.11287 0.206216
v -0.333048 0.130518 0.143235
v -0.377269 0.13237 0.128339
v -0.381158 0.129643 0.135328
v -0.333048 0.130518 0.143235
v -0.381158 0.129643 0.135328
v -0.334309 0.128342 0.151039
v -0.381158 0.129643 0.135328
v -0.411832 0.133638 0.113697
v -0.39779 0.103952 0.205178
v -0.381158 0.129643 0.135328
v -0.39779 0.103952 0.205178
v -0.334309 0.128342 0.151039
v -0.544421 0.096942 0.195568
v -0.550216 0.045354 0.402521
v -0.407699 0.052889 0.404225
v -0.544421 0.096942 0.195568
v -0.407699 0.052889 0.404225
v -0.39779 0.103952 0.205178
v -0.407699 0.052889 0.404225
v -0.23883 0.067463 0.401033
v -0.233326 0.11287 0.206216
v -0.407699 0.052889 0.404225
v -0.233326 0.11287 0.206216
v -0.39779 0.103952 0.205178
v -0.544421 0.096942 0.195568
v -0.39779 0.103952 0.205178
v -0.411832 0.133638 0.113697
v -0.544421 0.096942 0.195568
v -0.411832 0.133638 0.113697
v -0.434182 0.141961 0.08449
v -0.377269 0.13237 0.128339
v -0.405827 0.136565 0.108229
v -0.411832 0.133638 0.113697
v -0.377269 0.13237 0.128339
v -0.411832 0.133638 0.113697
v -0.381158 0.129643 0.135328
v -0.405827 0.136565 0.108229
v -0.426862 0.14477 0.08078
v -0.434182 0.141961 0.08449
v -0.405827 0.136565 0.108229
v -0.434182 0.141961 0.08449
v -0.411832 0.133638 0.113697
v -0.426862 0.14477 0.08078
v -0.442571 0.154347 0.048234
v -0.449918 0.153017 0.051124
v -0.426862 0.14477 0.08078
v -0.449918 0.153017 0.051124
v -0.434182 0.141961 0.08449
v -0.544421 0.096942 0.195568
v -0.434182 0.141961 0.08449
v -0.449918 0.153017 0.051124
v -0.544421 0.096942 0.195568
v -0.449918 0.153017 0.051124
v -0.526181 0.151186 0.045712
v -0.442571 0.154347 0.048234
v -0.450928 0.159961 -0.001646
v -0.458873 0.158401 -0.001418
v -0.442571 0.154347 0.048234
v -0.458873 0.158401 -0.001418
v -0.449918 0.153017 0.051124
v -0.526181 0.151186 0.045712
v -0.449918 0.153017 0.051124
v -0.458873 0.158401 -0.001418
v -0.411178 0.173463 0.057416
v -0.427696 0.173463 0.029079
v -0.442571 0.154347 0.048234
v -0.411178 0.173463 0.057416
v -0.442571 0.154347 0.048234
v -0.426862 0.14477 0.08078
v -0.427696 0.173463 0.029079
v -0.436316 0.173463 -0.002568
v -0.450928 0.159961 -0.001646
v -0.427696 0.173463 0.029079
v -0.450928 0.159961 -0.001646
v -0.442571 0.154347 0.048234
v -0.387889 0.173463 0.080514
v -0.411178 0.173463 0.057416
v -0.426862 0.14477 0.08078
v -0.387889 0.173463 0.080514
v -0.426862 0.14477 0.08078
v -0.405827 0.136565 0.108229
v -0.359416 0.173463 0.096796
v -0.387889 0.173463 0.080514
v -0.405827 0.136565 0.108229
v -0.359416 0.173463 0.096796
v -0.405827 0.136565 0.108229
v -0.377269 0.13237 0.128339
v -0.327698 0.173463 0.105154
v -0.359416 0.173463 0.096796
v -0.377269 0.13237 0.128339
v -0.327698 0.173463 0.105154
v -0.377269 0.13237 0.128339
v -0.333048 0.130518 0.143235
v -0.627273 0.091918 0.210868
v -0.644672 0.04275 0.387645
v -0.550216 0.045354 0.402521
v -0.627273 0.091918 0.210868
v -0.550216 0.045354 0.402521
v -0.544421 0.096942 0.195568
v -0.649643 0.14171 0.080212
v -0.627273 0.091918 0.210868
v -0.544421 0.096942 0.195568
v -0.649643 0.14171 0.080212
v -0.544421 0.096942 0.195568
v -0.526181 0.151186 0.045712
v -0.407699 0.052889 0.404225
v -0.550216 0.045354 0.402521
v -0.554891 -0.008069 0.601959
v -0.407699 0.052889 0.404225
v -0.554891 -0.008069 0.601959
v -0.412283 0.001927 0.601564
v -0.550216 0.045354 0.402521
v -0.644672 0.04275 0.387645
v -0.655025 -0.01295 0.590728
v -0.550216 0.045354 0.402521
v -0.655025 -0.01295 0.590728
v -0.554891 -0.008069 0.601959
v -0.787772 0.011139 0.531802
v -0.655025 -0.01295 0.590728
v -0.644672 0.04275 0.387645
v -0.787772 0.011139 0.531802
v -0.644672 0.04275 0.387645
v -0.761368 0.06907 0.357998
v -0.761368 0.06907 0.357998
v -0.644672 0.04275 0.387645
v -0.627273 0.091918 0.210868
v -0.761368 0.06907 0.357998
v -0.627273 0.091918 0.210868
v -0.726766 0.111784 0.19341
v -0.87096 -0.003082 0.474945
v -0.787772 0.011139 0.531802
v -0.761368 0.06907 0.357998
v -0.87096 -0.003082 0.474945
v -0.761368 0.06907 0.357998
v -0.847276 0.04966 0.318103
v -0.847276 0.04966 0.318103
v -0.761368 0.06907 0.357998
v -0.726766 0.111784 0.19341
v -0.847276 0.04966 0.318103
v -0.726766 0.111784 0.19341
v -0.816991 0.093794 0.160397
v -0.816991 0.093794 0.160397
v -0.726766 0.111784 0.19341
v -0.649643 0.14171 0.080212
v -0.816991 0.093794 0.160397
v -0.649643 0.14171 0.080212
v -0.777846 0.128114 0.011103
v -0.726766 0.111784 0.19341
v -0.627273 0.091918 0.210868
v -0.649643 0.14171 0.080212
v -0.634827 0.157244 -0.115816
v -0.742476 0.140939 -0.135076
v -0.777846 0.128114 0.011103
v -0.634827 0.157244 -0.115816
v -0.777846 0.128114 0.011103
v -0.649643 0.14171 0.080212
v -0.875958 0.088714 -0.023876
v -0.777846 0.128114 0.011103
v -0.742476 0.140939 -0.135076
v -0.875958 0.088714 -0.023876
v -0.742476 0.140939 -0.135076
v -0.850389 0.105181 -0.157621
v -0.850389 0.105181 -0.157621
v -0.742476 0.140939 -0.135076
v -0.728724 0.140129 -0.269642
v -0.850389 0.105181 -0.157621
v -0.728724 0.140129 -0.269642
v -0.828393 0.101582 -0.280972
v -0.728724 0.140129 -0.269642
v -0.742476 0.140939 -0.135076
v -0.634827 0.157244 -0.115816
v -0.728724 0.140129 -0.269642
v -0.634827 0.157244 -0.115816
v -0.624272 0.15501 -0.268312
v -0.624272 0.15501 -0.268312
v -0.622161 0.13805 -0.416023
v -0.71758 0.126878 -0.387383
v -0.624272 0.15501 -0.268312
v -0.71758 0.126878 -0.387383
v -0.728724 0.140129 -0.269642
v -0.71758 0.126878 -0.387383
v -0.788352 0.106457 -0.359463
v -0.828393 0.101582 -0.280972
v -0.71758 0.126878 -0.387383
v -0.828393 0.101582 -0.280972
v -0.728724 0.140129 -0.269642
v -0.828393 0.101582 -0.280972
v -0.865554 -0.015826 -0.262089
v -0.893185 -0.005443 -0.165884
v -0.828393 0.101582 -0.280972
v -0.893185 -0.005443 -0.165884
v -0.850389 0.105181 -0.157621
v -0.822673 -0.052347 -0.314124
v -0.865554 -0.015826 -0.262089
v -0.828393 0.101582 -0.280972
v -0.822673 -0.052347 -0.314124
v -0.828393 0.101582 -0.280972
v -0.806535 0.032745 -0.346679
v -0.778282 0.069516 -0.385071
v -0.806535 0.032745 -0.346679
v -0.828393 0.101582 -0.280972
v -0.778282 0.069516 -0.385071
v -0.828393 0.101582 -0.280972
v -0.788352 0.106457 -0.359463
v -0.778282 0.069516 -0.385071
v -0.788352 0.106457 -0.359463
v -0.71758 0.126878 -0.387383
v -0.778282 0.069516 -0.385071
v -0.71758 0.126878 -0.387383
v -0.716183 0.087862 -0.423703
v -0.794738 0.019218 -0.348649
v -0.806535 0.032745 -0.346679
v -0.778282 0.069516 -0.385071
v -0.794738 0.019218 -0.348649
v -0.778282 0.069516 -0.385071
v -0.770436 0.057118 -0.383982
v -0.770436 0.057118 -0.383982
v -0.778282 0.069516 -0.385071
v -0.716183 0.087862 -0.423703
v -0.770436 0.057118 -0.383982
v -0.716183 0.087862 -0.423703
v -0.713902 0.076337 -0.419641
v -0.713902 0.076337 -0.419641
v -0.716183 0.087862 -0.423703
v -0.626424 0.100526 -0.446944
v -0.713902 0.076337 -0.419641
v -0.626424 0.100526 -0.446944
v -0.62548 0.087805 -0.444471
v -0.716183 0.087862 -0.423703
v -0.71758 0.126878 -0.387383
v -0.622161 0.13805 -0.416023
v -0.716183 0.087862 -0.423703
v -0.622161 0.13805 -0.416023
v -0.626424 0.100526 -0.446944
v -0.62548 0.087805 -0.444471
v -0.626424 0.100526 -0.446944
v -0.515024 0.09712 -0.461792
v -0.62548 0.087805 -0.444471
v -0.515024 0.09712 -0.461792
v -0.52483 0.086048 -0.459029
v -0.626424 0.100526 -0.446944
v -0.622161 0.13805 -0.416023
v -0.520222 0.143835 -0.432301
v -0.626424 0.100526 -0.446944
v -0.520222 0.143835 -0.432301
v -0.515024 0.09712 -0.461792
v -0.464413 0.054476 -0.468212
v -0.478825 0.053145 -0.464882
v -0.52483 0.086048 -0.459029
v -0.464413 0.054476 -0.468212
v -0.52483 0.086048 -0.459029
v -0.515024 0.09712 -0.461792
v -0.464413 0.054476 -0.468212
v -0.515024 0.09712 -0.461792
v -0.384611 0.106547 -0.467526
v -0.464413 0.054476 -0.468212
v -0.384611 0.106547 -0.467526
v -0.355512 0.051805 -0.472834
v -0.515024 0.09712 -0.461792
v -0.520222 0.143835 -0.432301
v -0.40496 0.147835 -0.440247
v -0.515024 0.09712 -0.461792
v -0.40496 0.147835 -0.440247
v -0.384611 0.106547 -0.467526
v -0.384611 0.106547 -0.467526
v -0.40496 0.147835 -0.440247
v -0.289426 0.151288 -0.442181
v -0.384611 0.106547 -0.467526
v -0.289426 0.151288 -0.442181
v -0.26984 0.108618 -0.471168
v -0.355512 0.051805 -0.472834
v -0.384611 0.106547 -0.467526
v -0.26984 0.108618 -0.471168
v -0.355512 0.051805 -0.472834
v -0.26984 0.108618 -0.471168
v -0.253781 0.053478 -0.475961
v -0.253781 0.053478 -0.475961
v -0.26984 0.108618 -0.471168
v -0.142214 0.111733 -0.47262
v -0.253781 0.053478 -0.475961
v -0.142214 0.111733 -0.47262
v -0.13515 0.053545 -0.477491
v -0.26984 0.108618 -0.471168
v -0.289426 0.151288 -0.442181
v -0.15051 0.153403 -0.443337
v -0.26984 0.108618 -0.471168
v -0.15051 0.153403 -0.443337
v -0.142214 0.111733 -0.47262
v -0.244633 -0.004273 -0.469528
v -0.253781 0.053478 -0.475961
v -0.13515 0.053545 -0.477491
v -0.244633 -0.004273 -0.469528
v -0.13515 0.053545 -0.477491
v -0.131218 -0.003839 -0.470872
v -0.340311 -0.004712 -0.466957
v -0.355512 0.051805 -0.472834
v -0.253781 0.053478 -0.475961
v -0.340311 -0.004712 -0.466957
v -0.253781 0.053478 -0.475961
v -0.244633 -0.004273 -0.469528
v -0.448732 0.002919 -0.464077
v -0.464413 0.054476 -0.468212
v -0.355512 0.051805 -0.472834
v -0.448732 0.002919 -0.464077
v -0.355512 0.051805 -0.472834
v -0.340311 -0.004712 -0.466957
v -0.448732 0.002919 -0.464077
v -0.46254 0.00453 -0.462471
v -0.478825 0.053145 -0.464882
v -0.448732 0.002919 -0.464077
v -0.478825 0.053145 -0.464882
v -0.464413 0.054476 -0.468212
v -0.46254 0.00453 -0.462471
v -0.448732 0.002919 -0.464077
v -0.446822 -0.05699 -0.448527
v -0.46254 0.00453 -0.462471
v -0.446822 -0.05699 -0.448527
v -0.461084 -0.040077 -0.45018
v -0.461084 -0.040077 -0.45018
v -0.446822 -0.05699 -0.448527
v -0.449399 -0.125355 -0.41669
v -0.461084 -0.040077 -0.45018
v -0.449399 -0.125355 -0.41669
v -0.459355 -0.08982 -0.431397
v -0.459355 -0.08982 -0.431397
v -0.449399 -0.125355 -0.41669
v -0.4689 -0.106716 -0.418576
v -0.459355 -0.08982 -0.431397
v -0.4689 -0.106716 -0.418576
v -0.4689 -0.106716 -0.363797
v -0.459355 -0.08982 -0.431397
v -0.4689 -0.106716 -0.363797
v -0.459355 -0.08982 -0.376619
v -0.4689 -0.106716 -0.363797
v -0.795738 -0.067791 -0.267449
v -0.803655 -0.05272 -0.267921
v -0.4689 -0.106716 -0.363797
v -0.803655 -0.05272 -0.267921
v -0.459355 -0.08982 -0.376619
v -0.480509 -0.109011 -0.364976
v -0.783343 -0.076527 -0.27023
v -0.795738 -0.067791 -0.267449
v -0.480509 -0.109011 -0.364976
v -0.795738 -0.067791 -0.267449
v -0.4689 -0.106716 -0.363797
v -0.795738 -0.067791 -0.322228
v -0.803655 -0.05272 -0.3227
v -0.803655 -0.05272 -0.267921
v -0.795738 -0.067791 -0.322228
v -0.803655 -0.05272 -0.267921
v -0.795738 -0.067791 -0.267449
v -0.803655 -0.05272 -0.3227
v -0.794738 0.019218 -0.348649
v -0.794738 0.019218 -0.293871
v -0.803655 -0.05272 -0.3227
v -0.794738 0.019218 -0.293871
v -0.803655 -0.05272 -0.267921
v -0.459355 -0.08982 -0.376619
v -0.803655 -0.05272 -0.267921
v -0.794738 0.019218 -0.293871
v -0.459355 -0.08982 -0.376619
v -0.794738 0.019218 -0.293871
v -0.461084 -0.040077 -0.395402
v -0.794738 0.019218 -0.348649
v -0.770436 0.057118 -0.383982
v -0.770436 0.057118 -0.329204
v -0.794738 0.019218 -0.348649
v -0.770436 0.057118 -0.329204
v -0.794738 0.019218 -0.293871
v -0.461084 -0.040077 -0.395402
v -0.794738 0.019218 -0.293871
v -0.770436 0.057118 -0.329204
v -0.461084 -0.040077 -0.395402
v -0.770436 0.057118 -0.329204
v -0.46254 0.00453 -0.407692
v -0.46254 0.00453 -0.462471
v -0.461084 -0.040077 -0.45018
v -0.461084 -0.040077 -0.395402
v -0.46254 0.00453 -0.462471
v -0.461084 -0.040077 -0.395402
v -0.46254 0.00453 -0.407692
v -0.461084 -0.040077 -0.45018
v -0.459355 -0.08982 -0.431397
v -0.459355 -0.08982 -0.376619
v -0.461084 -0.040077 -0.45018
v -0.459355 -0.08982 -0.376619
v -0.461084 -0.040077 -0.395402
v -0.478825 0.053145 -0.464882
v -0.46254 0.00453 -0.462471
v -0.46254 0.00453 -0.407692
v -0.478825 0.053145 -0.464882
v -0.46254 0.00453 -0.407692
v -0.478825 0.053145 -0.410103
v -0.46254 0.00453 -0.407692
v -0.770436 0.057118 -0.329204
v -0.713902 0.076337 -0.364862
v -0.46254 0.00453 -0.407692
v -0.713902 0.076337 -0.364862
v -0.478825 0.053145 -0.410103
v -0.52483 0.086048 -0.459029
v -0.478825 0.053145 -0.464882
v -0.478825 0.053145 -0.410103
v -0.52483 0.086048 -0.459029
v -0.478825 0.053145 -0.410103
v -0.52483 0.086048 -0.40425
v -0.478825 0.053145 -0.410103
v -0.713902 0.076337 -0.364862
v -0.62548 0.087805 -0.389693
v -0.478825 0.053145 -0.410103
v -0.62548 0.087805 -0.389693
v -0.52483 0.086048 -0.40425
v -0.770436 0.057118 -0.383982
v -0.713902 0.076337 -0.419641
v -0.713902 0.076337 -0.364862
v -0.770436 0.057118 -0.383982
v -0.713902 0.076337 -0.364862
v -0.770436 0.057118 -0.329204
v -0.713902 0.076337 -0.419641
v -0.62548 0.087805 -0.444471
v -0.62548 0.087805 -0.389693
v -0.713902 0.076337 -0.419641
v -0.62548 0.087805 -0.389693
v -0.713902 0.076337 -0.364862
v -0.62548 0.087805 -0.444471
v -0.52483 0.086048 -0.459029
v -0.52483 0.086048 -0.40425
v -0.62548 0.087805 -0.444471
v -0.52483 0.086048 -0.40425
v -0.62548 0.087805 -0.389693
v -0.822673 -0.052347 -0.314124
v -0.806535 0.032745 -0.346679
v -0.794738 0.019218 -0.348649
v -0.822673 -0.052347 -0.314124
v -0.794738 0.019218 -0.348649
v -0.803655 -0.05272 -0.3227
v -0.795738 -0.067791 -0.322228
v -0.819036 -0.08768 -0.306808
v -0.822673 -0.052347 -0.314124
v -0.795738 -0.067791 -0.322228
v -0.822673 -0.052347 -0.314124
v -0.803655 -0.05272 -0.3227
v -0.865554 -0.015826 -0.262089
v -0.822673 -0.052347 -0.314124
v -0.819036 -0.08768 -0.306808
v -0.865554 -0.015826 -0.262089
v -0.819036 -0.08768 -0.306808
v -0.866902 -0.097907 -0.245781
v -0.893185 -0.005443 -0.165884
v -0.865554 -0.015826 -0.262089
v -0.866902 -0.097907 -0.245781
v -0.893185 -0.005443 -0.165884
v -0.866902 -0.097907 -0.245781
v -0.893754 -0.102941 -0.158081
v -0.92072 -0.008991 -0.064067
v -0.893185 -0.005443 -0.165884
v -0.893754 -0.102941 -0.158081
v -0.92072 -0.008991 -0.064067
v -0.893754 -0.102941 -0.158081
v -0.92369 -0.113065 -0.05689
v -1.00997 -0.267718 0.740033
v -1.02108 -0.218171 0.641839
v -1.04152 -0.296844 0.613595
v -1.00997 -0.267718 0.740033
v -1.04152 -0.296844 0.613595
v -1.02547 -0.33522 0.724833
v -1.00105 -0.356946 0.791715
v -0.994136 -0.303339 0.796133
v -1.00997 -0.267718 0.740033
v -1.00105 -0.356946 0.791715
v -1.00997 -0.267718 0.740033
v -1.02547 -0.33522 0.724833
v -0.969325 -0.153971 0.685335
v -1.02108 -0.218171 0.641839
v -1.00997 -0.267718 0.740033
v -0.969325 -0.153971 0.685335
v -1.00997 -0.267718 0.740033
v -0.962862 -0.216564 0.783709
v -0.962862 -0.216564 0.783709
v -1.00997 -0.267718 0.740033
v -0.994136 -0.303339 0.796133
v -0.962862 -0.216564 0.783709
v -0.994136 -0.303339 0.796133
v -0.946059 -0.283747 0.852516
v -1.00105 -0.356946 0.791715
v -0.947426 -0.366531 0.867915
v -0.946059 -0.283747 0.852516
v -1.00105 -0.356946 0.791715
v -0.946059 -0.283747 0.852516
v -0.994136 -0.303339 0.796133
v -0.876617 -0.272397 0.893997
v -0.889753 -0.189222 0.827329
v -0.962862 -0.216564 0.783709
v -0.876617 -0.272397 0.893997
v -0.962862 -0.216564 0.783709
v -0.946059 -0.283747 0.852516
v -0.877528 -0.37056 0.913166
v -0.876617 -0.272397 0.893997
v -0.946059 -0.283747 0.852516
v -0.877528 -0.37056 0.913166
v -0.946059 -0.283747 0.852516
v -0.947426 -0.366531 0.867915
v -0.796393 -0.366782 0.932557
v -0.804063 -0.26952 0.912262
v -0.876617 -0.272397 0.893997
v -0.796393 -0.366782 0.932557
v -0.876617 -0.272397 0.893997
v -0.877528 -0.37056 0.913166
v -0.716219 -0.357262 0.926377
v -0.729288 -0.273523 0.911309
v -0.804063 -0.26952 0.912262
v -0.716219 -0.357262 0.926377
v -0.804063 -0.26952 0.912262
v -0.796393 -0.366782 0.932557
v -0.729288 -0.273523 0.911309
v -0.726753 -0.201675 0.870157
v -0.8144 -0.185671 0.855202
v -0.729288 -0.273523 0.911309
v -0.8144 -0.185671 0.855202
v -0.804063 -0.26952 0.912262
v -0.876617 -0.272397 0.893997
v -0.804063 -0.26952 0.912262
v -0.8144 -0.185671 0.855202
v -0.876617 -0.272397 0.893997
v -0.8144 -0.185671 0.855202
v -0.889753 -0.189222 0.827329
v -0.889753 -0.189222 0.827329
v -0.8144 -0.185671 0.855202
v -0.813812 -0.110036 0.76845
v -0.889753 -0.189222 0.827329
v -0.813812 -0.110036 0.76845
v -0.893675 -0.116783 0.730756
v -0.726753 -0.201675 0.870157
v -0.719511 -0.127435 0.803055
v -0.813812 -0.110036 0.76845
v -0.726753 -0.201675 0.870157
v -0.813812 -0.110036 0.76845
v -0.8144 -0.185671 0.855202
v -0.726753 -0.201675 0.870157
v -0.729288 -0.273523 0.911309
v -0.685233 -0.283687 0.893767
v -0.726753 -0.201675 0.870157
v -0.685233 -0.283687 0.893767
v -0.670156 -0.23937 0.863301
v -0.719511 -0.127435 0.803055
v -0.726753 -0.201675 0.870157
v -0.670156 -0.23937 0.863301
v -0.719511 -0.127435 0.803055
v -0.670156 -0.23937 0.863301
v -0.648558 -0.179392 0.817493
v -0.719511 -0.127435 0.803055
v -0.69991 -0.064883 0.710701
v -0.801792 -0.04533 0.661304
v -0.719511 -0.127435 0.803055
v -0.801792 -0.04533 0.661304
v -0.813812 -0.110036 0.76845
v -0.69991 -0.064883 0.710701
v -0.719511 -0.127435 0.803055
v -0.648558 -0.179392 0.817493
v -0.69991 -0.064883 0.710701
v -0.648558 -0.179392 0.817493
v -0.622939 -0.111144 0.758658
v -0.655025 -0.01295 0.590728
v -0.787772 0.011139 0.531802
v -0.801792 -0.04533 0.661304
v -0.655025 -0.01295 0.590728
v -0.801792 -0.04533 0.661304
v -0.69991 -0.064883 0.710701
v -0.655025 -0.01295 0.590728
v -0.69991 -0.064883 0.710701
v -0.622939 -0.111144 0.758658
v -0.655025 -0.01295 0.590728
v -0.622939 -0.111144 0.758658
v -0.566684 -0.067851 0.701052
v -0.544514 -0.102515 0.703597
v -0.566684 -0.067851 0.701052
v -0.622939 -0.111144 0.758658
v -0.544514 -0.102515 0.703597
v -0.622939 -0.111144 0.758658
v -0.595954 -0.157518 0.759941
v -0.595954 -0.157518 0.759941
v -0.622939 -0.111144 0.758658
v -0.648558 -0.179392 0.817493
v -0.595954 -0.157518 0.759941
v -0.648558 -0.179392 0.817493
v -0.621213 -0.228381 0.79668
v -0.621213 -0.228381 0.79668
v -0.648558 -0.179392 0.817493
v -0.670156 -0.23937 0.863301
v -0.621213 -0.228381 0.79668
v -0.670156 -0.23937 0.863301
v -0.642247 -0.29261 0.840664
v -0.642247 -0.29261 0.840664
v -0.670156 -0.23937 0.863301
v -0.685233 -0.283687 0.893767
v -0.642247 -0.29261 0.840664
v -0.685233 -0.283687 0.893767
v -0.66709 -0.337839 0.886956
v -0.66709 -0.337839 0.886956
v -0.685233 -0.283687 0.893767
v -0.729288 -0.273523 0.911309
v -0.66709 -0.337839 0.886956
v -0.729288 -0.273523 0.911309
v -0.716219 -0.357262 0.926377
v -0.566684 -0.067851 0.701052
v -0.544514 -0.102515 0.703597
v -0.519578 -0.087994 0.688873
v -0.566684 -0.067851 0.701052
v -0.519578 -0.087994 0.688873
v -0.530901 -0.049256 0.676405
v -0.530901 -0.049256 0.676405
v -0.519578 -0.087994 0.688873
v -0.494736 -0.08395 0.681988
v -0.530901 -0.049256 0.676405
v -0.494736 -0.08395 0.681988
v -0.477499 -0.04221 0.665529
v -0.477499 -0.04221 0.665529
v -0.494736 -0.08395 0.681988
v -0.293399 -0.070114 0.680162
v -0.477499 -0.04221 0.665529
v -0.293399 -0.070114 0.680162
v -0.283262 -0.032968 0.664467
v -0.283262 -0.032968 0.664467
v -0.293399 -0.070114 0.680162
v -0.138269 -0.069531 0.679808
v -0.283262 -0.032968 0.664467
v -0.138269 -0.069531 0.679808
v -0.136858 -0.025898 0.665006
v -0.136858 -0.025898 0.665006
v -0.138269 -0.069531 0.679808
v -0.012713 -0.067113 0.678771
v -0.136858 -0.025898 0.665006
v -0.012713 -0.067113 0.678771
v -0.012713 -0.02353 0.665878
v 0.111432 -0.025898 0.665006
v -0.012713 -0.02353 0.665878
v -0.012713 -0.067113 0.678771
v 0.111432 -0.025898 0.665006
v -0.012713 -0.067113 0.678771
v 0.112843 -0.069531 0.679808
v 0.257836 -0.032968 0.664467
v 0.111432 -0.025898 0.665006
v 0.112843 -0.069531 0.679808
v 0.257836 -0.032968 0.664467
v 0.112843 -0.069531 0.679808
v 0.267973 -0.070114 0.680162
v 0.452073 -0.04221 0.665529
v 0.257836 -0.032968 0.664467
v 0.267973 -0.070114 0.680162
v 0.452073 -0.04221 0.665529
v 0.267973 -0.070114 0.680162
v 0.46931 -0.08395 0.681988
v 0.505475 -0.049256 0.676405
v 0.452073 -0.04221 0.665529
v 0.46931 -0.08395 0.681988
v 0.505475 -0.049256 0.676405
v 0.46931 -0.08395 0.681988
v 0.494152 -0.087994 0.688873
v 0.541258 -0.067851 0.701052
v 0.505475 -0.049256 0.676405
v 0.494152 -0.087994 0.688873
v 0.541258 -0.067851 0.701052
v 0.494152 -0.087994 0.688873
v 0.519088 -0.102515 0.703597
v 0.519088 -0.102515 0.703597
v 0.570528 -0.157518 0.759941
v 0.597513 -0.111144 0.758658
v 0.519088 -0.102515 0.703597
v 0.597513 -0.111144 0.758658
v 0.541258 -0.067851 0.701052
v 0.570528 -0.157518 0.759941
v 0.595787 -0.228381 0.79668
v 0.623132 -0.179392 0.817493
v 0.570528 -0.157518 0.759941
v 0.623132 -0.179392 0.817493
v 0.597513 -0.111144 0.758658
v 0.595787 -0.228381 0.79668
v 0.616821 -0.29261 0.840664
v 0.64473 -0.23937 0.863301
v 0.595787 -0.228381 0.79668
v 0.64473 -0.23937 0.863301
v 0.623132 -0.179392 0.817493
v 0.616821 -0.29261 0.840664
v 0.641664 -0.337839 0.886956
v 0.659807 -0.283687 0.893767
v 0.616821 -0.29261 0.840664
v 0.659807 -0.283687 0.893767
v 0.64473 -0.23937 0.863301
v 0.641664 -0.337839 0.886956
v 0.690793 -0.357262 0.926377
v 0.703862 -0.273523 0.911309
v 0.641664 -0.337839 0.886956
v 0.703862 -0.273523 0.911309
v 0.659807 -0.283687 0.893767
v 0.690793 -0.357262 0.926377
v 0.770967 -0.366782 0.932557
v 0.778637 -0.26952 0.912262
v 0.690793 -0.357262 0.926377
v 0.778637 -0.26952 0.912262
v 0.703862 -0.273523 0.911309
v 0.770967 -0.366782 0.932557
v 0.852102 -0.37056 0.913166
v 0.851191 -0.272397 0.893997
v 0.770967 -0.366782 0.932557
v 0.851191 -0.272397 0.893997
v 0.778637 -0.26952 0.912262
v 0.852102 -0.37056 0.913166
v 0.922 -0.366531 0.867915
v 0.920633 -0.283747 0.852516
v 0.852102 -0.37056 0.913166
v 0.920633 -0.283747 0.852516
v 0.851191 -0.272397 0.893997
v 0.975621 -0.356946 0.791715
v 0.96871 -0.303339 0.796133
v 0.920633 -0.283747 0.852516
v 0.975621 -0.356946 0.791715
v 0.920633 -0.283747 0.852516
v 0.922 -0.366531 0.867915
v 0.975621 -0.356946 0.791715
v 1.00005 -0.33522 0.724833
v 0.98454 -0.267718 0.740033
v 0.975621 -0.356946 0.791715
v 0.98454 -0.267718 0.740033
v 0.96871 -0.303339 0.796133
v 0.98454 -0.267718 0.740033
v 1.00005 -0.33522 0.724833
v 1.01609 -0.296844 0.613595
v 0.98454 -0.267718 0.740033
v 1.01609 -0.296844 0.613595
v 0.995649 -0.218171 0.641839
v 0.895294 -0.008991 -0.064067
v 0.898264 -0.113065 -0.05689
v 0.868328 -0.102941 -0.158081
v 0.895294 -0.008991 -0.064067
v 0.868328 -0.102941 -0.158081
v 0.867759 -0.005443 -0.165884
v 0.867759 -0.005443 -0.165884
v 0.868328 -0.102941 -0.158081
v 0.841476 -0.097907 -0.245781
v 0.867759 -0.005443 -0.165884
v 0.841476 -0.097907 -0.245781
v 0.840128 -0.015826 -0.262089
v 0.840128 -0.015826 -0.262089
v 0.841476 -0.097907 -0.245781
v 0.79361 -0.08768 -0.306808
v 0.840128 -0.015826 -0.262089
v 0.79361 -0.08768 -0.306808
v 0.797247 -0.052347 -0.314124
v 0.770312 -0.067791 -0.322228
v 0.778229 -0.05272 -0.3227
v 0.797247 -0.052347 -0.314124
v 0.770312 -0.067791 -0.322228
v 0.797247 -0.052347 -0.314124
v 0.79361 -0.08768 -0.306808
v 0.770312 -0.067791 -0.322228
v 0.770312 -0.067791 -0.267449
v 0.778229 -0.05272 -0.267921
v 0.770312 -0.067791 -0.322228
v 0.778229 -0.05272 -0.267921
v 0.778229 -0.05272 -0.3227
v 0.770312 -0.067791 -0.267449
v 0.443474 -0.106716 -0.363797
v 0.433929 -0.08982 -0.376619
v 0.770312 -0.067791 -0.267449
v 0.433929 -0.08982 -0.376619
v 0.778229 -0.05272 -0.267921
v 0.455083 -0.109011 -0.364976
v 0.443474 -0.106716 -0.363797
v 0.770312 -0.067791 -0.267449
v 0.455083 -0.109011 -0.364976
v 0.770312 -0.067791 -0.267449
v 0.757917 -0.076527 -0.27023
v 0.433929 -0.08982 -0.431397
v 0.433929 -0.08982 -0.376619
v 0.443474 -0.106716 -0.363797
v 0.433929 -0.08982 -0.431397
v 0.443474 -0.106716 -0.363797
v 0.443474 -0.106716 -0.418576
v 0.433929 -0.08982 -0.431397
v 0.443474 -0.106716 -0.418576
v 0.423973 -0.125355 -0.41669
v 0.435658 -0.040077 -0.45018
v 0.433929 -0.08982 -0.431397
v 0.423973 -0.125355 -0.41669
v 0.435658 -0.040077 -0.45018
v 0.423973 -0.125355 -0.41669
v 0.421396 -0.05699 -0.448527
v 0.437114 0.00453 -0.462471
v 0.435658 -0.040077 -0.45018
v 0.421396 -0.05699 -0.448527
v 0.437114 0.00453 -0.462471
v 0.421396 -0.05699 -0.448527
v 0.423306 0.002919 -0.464077
v 0.423306 0.002919 -0.464077
v 0.438987 0.054476 -0.468212
v 0.453399 0.053145 -0.464882
v 0.423306 0.002919 -0.464077
v 0.453399 0.053145 -0.464882
v 0.437114 0.00453 -0.462471
v 0.423306 0.002919 -0.464077
v 0.314885 -0.004712 -0.466957
v 0.330086 0.051805 -0.472834
v 0.423306 0.002919 -0.464077
v 0.330086 0.051805 -0.472834
v 0.438987 0.054476 -0.468212
v 0.314885 -0.004712 -0.466957
v 0.219207 -0.004273 -0.469528
v 0.228355 0.053478 -0.475961
v 0.314885 -0.004712 -0.466957
v 0.228355 0.053478 -0.475961
v 0.330086 0.051805 -0.472834
v 0.219207 -0.004273 -0.469528
v 0.105792 -0.003839 -0.470872
v 0.109724 0.053545 -0.477491
v 0.219207 -0.004273 -0.469528
v 0.109724 0.053545 -0.477491
v 0.228355 0.053478 -0.475961
v 0.105792 -0.003839 -0.470872
v -0.012713 -0.004775 -0.470841
v -0.012713 0.053381 -0.477645
v 0.105792 -0.003839 -0.470872
v -0.012713 0.053381 -0.477645
v 0.109724 0.053545 -0.477491
v -0.131218 -0.003839 -0.470872
v -0.13515 0.053545 -0.477491
v -0.012713 0.053381 -0.477645
v -0.131218 -0.003839 -0.470872
v -0.012713 0.053381 -0.477645
v -0.012713 -0.004775 -0.470841
v -0.13515 0.053545 -0.477491
v -0.142214 0.111733 -0.47262
v -0.012713 0.111256 -0.473302
v -0.13515 0.053545 -0.477491
v -0.012713 0.111256 -0.473302
v -0.012713 0.053381 -0.477645
v 0.109724 0.053545 -0.477491
v -0.012713 0.053381 -0.477645
v -0.012713 0.111256 -0.473302
v 0.109724 0.053545 -0.477491
v -0.012713 0.111256 -0.473302
v 0.116788 0.111733 -0.47262
v -0.142214 0.111733 -0.47262
v -0.15051 0.153403 -0.443337
v -0.012713 0.153699 -0.444014
v -0.142214 0.111733 -0.47262
v -0.012713 0.153699 -0.444014
v -0.012713 0.111256 -0.473302
v 0.116788 0.111733 -0.47262
v -0.012713 0.111256 -0.473302
v -0.012713 0.153699 -0.444014
v 0.116788 0.111733 -0.47262
v -0.012713 0.153699 -0.444014
v 0.125084 0.153403 -0.443337
v 0.244414 0.108618 -0.471168
v 0.116788 0.111733 -0.47262
v 0.125084 0.153403 -0.443337
v 0.244414 0.108618 -0.471168
v 0.125084 0.153403 -0.443337
v 0.264 0.151288 -0.442181
v 0.228355 0.053478 -0.475961
v 0.109724 0.053545 -0.477491
v 0.116788 0.111733 -0.47262
v 0.228355 0.053478 -0.475961
v 0.116788 0.111733 -0.47262
v 0.244414 0.108618 -0.471168
v 0.359185 0.106547 -0.467526
v 0.244414 0.108618 -0.471168
v 0.264 0.151288 -0.442181
v 0.359185 0.106547 -0.467526
v 0.264 0.151288 -0.442181
v 0.379534 0.147835 -0.440247
v 0.330086 0.051805 -0.472834
v 0.228355 0.053478 -0.475961
v 0.244414 0.108618 -0.471168
v 0.330086 0.051805 -0.472834
v 0.244414 0.108618 -0.471168
v 0.359185 0.106547 -0.467526
v 0.438987 0.054476 -0.468212
v 0.330086 0.051805 -0.472834
v 0.359185 0.106547 -0.467526
v 0.438987 0.054476 -0.468212
v 0.359185 0.106547 -0.467526
v 0.489598 0.09712 -0.461792
v 0.489598 0.09712 -0.461792
v 0.359185 0.106547 -0.467526
v 0.379534 0.147835 -0.440247
v 0.489598 0.09712 -0.461792
v 0.379534 0.147835 -0.440247
v 0.494796 0.143835 -0.432301
v 0.48815 0.162539 -0.251419
v 0.494796 0.143835 -0.432301
v 0.379534 0.147835 -0.440247
v 0.48815 0.162539 -0.251419
v 0.379534 0.147835 -0.440247
v 0.385021 0.164129 -0.2515
v 0.385021 0.164129 -0.2515
v 0.379534 0.147835 -0.440247
v 0.264 0.151288 -0.442181
v 0.385021 0.164129 -0.2515
v 0.264 0.151288 -0.442181
v 0.264527 0.166587 -0.251318
v 0.306081 0.167409 -0.163826
v 0.385021 0.164129 -0.2515
v 0.264527 0.166587 -0.251318
v 0.306081 0.167409 -0.163826
v 0.264527 0.166587 -0.251318
v 0.267942 0.167831 -0.164654
v 0.385021 0.164129 -0.2515
v 0.374707 0.165878 -0.133344
v 0.400052 0.164657 -0.106002
v 0.385021 0.164129 -0.2515
v 0.400052 0.164657 -0.106002
v 0.48815 0.162539 -0.251419
v 0.342459 0.166771 -0.153072
v 0.374707 0.165878 -0.133344
v 0.385021 0.164129 -0.2515
v 0.342459 0.166771 -0.153072
v 0.385021 0.164129 -0.2515
v 0.306081 0.167409 -0.163826
v 0.393642 0.165645 -0.101143
v 0.400052 0.164657 -0.106002
v 0.374707 0.165878 -0.133344
v 0.393642 0.165645 -0.101143
v 0.374707 0.165878 -0.133344
v 0.36956 0.16613 -0.127043
v 0.36956 0.16613 -0.127043
v 0.374707 0.165878 -0.133344
v 0.342459 0.166771 -0.153072
v 0.36956 0.16613 -0.127043
v 0.342459 0.166771 -0.153072
v 0.339109 0.166821 -0.145371
v 0.339109 0.166821 -0.145371
v 0.342459 0.166771 -0.153072
v 0.306081 0.167409 -0.163826
v 0.339109 0.166821 -0.145371
v 0.306081 0.167409 -0.163826
v 0.304803 0.167347 -0.155246
v 0.363288 0.173463 -0.118848
v 0.36956 0.16613 -0.127043
v 0.339109 0.166821 -0.145371
v 0.363288 0.173463 -0.118848
v 0.339109 0.166821 -0.145371
v 0.334951 0.173463 -0.135365
v 0.334951 0.173463 -0.135365
v 0.339109 0.166821 -0.145371
v 0.304803 0.167347 -0.155246
v 0.334951 0.173463 -0.135365
v 0.304803 0.167347 -0.155246
v 0.303304 0.173463 -0.143986
v 0.303304 0.173463 -0.143986
v 0.304803 0.167347 -0.155246
v 0.268993 0.167726 -0.155873
v 0.303304 0.173463 -0.143986
v 0.268993 0.167726 -0.155873
v 0.270504 0.173463 -0.144121
v 0.304803 0.167347 -0.155246
v 0.306081 0.167409 -0.163826
v 0.267942 0.167831 -0.164654
v 0.304803 0.167347 -0.155246
v 0.267942 0.167831 -0.164654
v 0.268993 0.167726 -0.155873
v 0.270504 0.173463 -0.144121
v 0.268993 0.167726 -0.155873
v 0.234248 0.167847 -0.146827
v 0.270504 0.173463 -0.144121
v 0.234248 0.167847 -0.146827
v 0.238786 0.173463 -0.135763
v 0.268993 0.167726 -0.155873
v 0.267942 0.167831 -0.164654
v 0.230886 0.167993 -0.155037
v 0.268993 0.167726 -0.155873
v 0.230886 0.167993 -0.155037
v 0.234248 0.167847 -0.146827
v 0.264527 0.166587 -0.251318
v 0.230886 0.167993 -0.155037
v 0.267942 0.167831 -0.164654
v 0.234248 0.167847 -0.146827
v 0.230886 0.167993 -0.155037
v 0.197804 0.167788 -0.13576
v 0.234248 0.167847 -0.146827
v 0.197804 0.167788 -0.13576
v 0.203177 0.167611 -0.128863
v 0.085594 0.167742 -0.255092
v 0.197804 0.167788 -0.13576
v 0.230886 0.167993 -0.155037
v 0.085594 0.167742 -0.255092
v 0.230886 0.167993 -0.155037
v 0.264527 0.166587 -0.251318
v 0.203177 0.167611 -0.128863
v 0.197804 0.167788 -0.13576
v 0.171489 0.16708 -0.108161
v 0.203177 0.167611 -0.128863
v 0.171489 0.16708 -0.108161
v 0.178294 0.167044 -0.103178
v 0.089911 0.167185 -0.113625
v 0.171489 0.16708 -0.108161
v 0.197804 0.167788 -0.13576
v 0.089911 0.167185 -0.113625
v 0.197804 0.167788 -0.13576
v 0.085594 0.167742 -0.255092
v 0.089911 0.167185 -0.113625
v 0.085594 0.167742 -0.255092
v -0.012713 0.168209 -0.253154
v 0.089911 0.167185 -0.113625
v -0.012713 0.168209 -0.253154
v -0.012713 0.166538 -0.100773
v 0.085594 0.167742 -0.255092
v 0.125084 0.153403 -0.443337
v -0.012713 0.153699 -0.444014
v 0.085594 0.167742 -0.255092
v -0.012713 0.153699 -0.444014
v -0.012713 0.168209 -0.253154
v 0.264527 0.166587 -0.251318
v 0.264 0.151288 -0.442181
v 0.125084 0.153403 -0.443337
v 0.264527 0.166587 -0.251318
v 0.125084 0.153403 -0.443337
v 0.085594 0.167742 -0.255092
v -0.012713 0.157799 0.040166
v 0.091238 0.158051 0.039772
v 0.089911 0.167185 -0.113625
v -0.012713 0.157799 0.040166
v 0.089911 0.167185 -0.113625
v -0.012713 0.166538 -0.100773
v 0.143192 0.163862 -0.037556
v 0.089911 0.167185 -0.113625
v 0.091238 0.158051 0.039772
v 0.143192 0.163862 -0.037556
v 0.091238 0.158051 0.039772
v 0.141344 0.161535 -0.001497
v 0.153701 0.165798 -0.075014
v 0.171489 0.16708 -0.108161
v 0.089911 0.167185 -0.113625
v 0.153701 0.165798 -0.075014
v 0.089911 0.167185 -0.113625
v 0.143192 0.163862 -0.037556
v 0.161294 0.166341 -0.071955
v 0.153701 0.165798 -0.075014
v 0.143192 0.163862 -0.037556
v 0.161294 0.166341 -0.071955
v 0.143192 0.163862 -0.037556
v 0.151265 0.165054 -0.036206
v 0.151265 0.165054 -0.036206
v 0.143192 0.163862 -0.037556
v 0.141344 0.161535 -0.001497
v 0.151265 0.165054 -0.036206
v 0.141344 0.161535 -0.001497
v 0.149462 0.163012 -0.001687
v 0.178294 0.167044 -0.103178
v 0.171489 0.16708 -0.108161
v 0.153701 0.165798 -0.075014
v 0.178294 0.167044 -0.103178
v 0.153701 0.165798 -0.075014
v 0.161294 0.166341 -0.071955
v 0.187024 0.173463 -0.096384
v 0.178294 0.167044 -0.103178
v 0.161294 0.166341 -0.071955
v 0.187024 0.173463 -0.096384
v 0.161294 0.166341 -0.071955
v 0.170507 0.173463 -0.068046
v 0.170507 0.173463 -0.068046
v 0.161294 0.166341 -0.071955
v 0.151265 0.165054 -0.036206
v 0.170507 0.173463 -0.068046
v 0.151265 0.165054 -0.036206
v 0.161886 0.173463 -0.036399
v 0.170507 0.173463 -0.068046
v 0.17844 0.173463 -0.064948
v 0.193885 0.173463 -0.091341
v 0.170507 0.173463 -0.068046
v 0.193885 0.173463 -0.091341
v 0.187024 0.173463 -0.096384
v 0.161886 0.173463 -0.036399
v 0.170351 0.173463 -0.035457
v 0.17844 0.173463 -0.064948
v 0.161886 0.173463 -0.036399
v 0.17844 0.173463 -0.064948
v 0.170507 0.173463 -0.068046
v 0.161886 0.173463 -0.036399
v 0.151265 0.165054 -0.036206
v 0.149462 0.163012 -0.001687
v 0.161886 0.173463 -0.036399
v 0.149462 0.163012 -0.001687
v 0.16175 0.173463 -0.003599
v 0.16175 0.173463 -0.003599
v 0.170171 0.173463 -0.004878
v 0.170351 0.173463 -0.035457
v 0.16175 0.173463 -0.003599
v 0.170351 0.173463 -0.035457
v 0.161886 0.173463 -0.036399
v 0.170351 0.165733 -0.035457
v 0.170351 0.173463 -0.035457
v 0.170171 0.173463 -0.004878
v 0.170351 0.165733 -0.035457
v 0.170171 0.173463 -0.004878
v 0.170171 0.165733 -0.004878
v 0.17844 0.165733 -0.064948
v 0.17844 0.173463 -0.064948
v 0.170351 0.173463 -0.035457
v 0.17844 0.165733 -0.064948
v 0.170351 0.173463 -0.035457
v 0.170351 0.165733 -0.035457
v 0.204722 0.094381 -0.030579
v 0.210377 0.094381 -0.051338
v 0.17844 0.165733 -0.064948
v 0.204722 0.094381 -0.030579
v 0.17844 0.165733 -0.064948
v 0.170351 0.165733 -0.035457
v 0.204633 0.094381 -0.009065
v 0.204722 0.094381 -0.030579
v 0.170351 0.165733 -0.035457
v 0.204633 0.094381 -0.009065
v 0.170351 0.165733 -0.035457
v 0.170171 0.165733 -0.004878
v 0.210377 0.094381 -0.051338
v 0.221211 0.094381 -0.069926
v 0.193885 0.165733 -0.091341
v 0.210377 0.094381 -0.051338
v 0.193885 0.165733 -0.091341
v 0.17844 0.165733 -0.064948
v 0.193885 0.165733 -0.091341
v 0.193885 0.173463 -0.091341
v 0.17844 0.173463 -0.064948
v 0.193885 0.165733 -0.091341
v 0.17844 0.173463 -0.064948
v 0.17844 0.165733 -0.064948
v 0.221211 0.094381 -0.069926
v 0.236487 0.094381 -0.085076
v 0.215636 0.165733 -0.112837
v 0.221211 0.094381 -0.069926
v 0.215636 0.165733 -0.112837
v 0.193885 0.165733 -0.091341
v 0.215636 0.165733 -0.112837
v 0.215636 0.173463 -0.112837
v 0.193885 0.173463 -0.091341
v 0.215636 0.165733 -0.112837
v 0.193885 0.173463 -0.091341
v 0.193885 0.165733 -0.091341
v 0.187024 0.173463 -0.096384
v 0.193885 0.173463 -0.091341
v 0.215636 0.173463 -0.112837
v 0.187024 0.173463 -0.096384
v 0.215636 0.173463 -0.112837
v 0.210313 0.173463 -0.119481
v 0.210313 0.173463 -0.119481
v 0.215636 0.173463 -0.112837
v 0.242209 0.173463 -0.127971
v 0.210313 0.173463 -0.119481
v 0.242209 0.173463 -0.127971
v 0.238786 0.173463 -0.135763
v 0.242209 0.165733 -0.127971
v 0.242209 0.173463 -0.127971
v 0.215636 0.173463 -0.112837
v 0.242209 0.165733 -0.127971
v 0.215636 0.173463 -0.112837
v 0.215636 0.165733 -0.112837
v 0.238786 0.173463 -0.135763
v 0.242209 0.173463 -0.127971
v 0.271793 0.173463 -0.135712
v 0.238786 0.173463 -0.135763
v 0.271793 0.173463 -0.135712
v 0.270504 0.173463 -0.144121
v 0.271793 0.165733 -0.135712
v 0.271793 0.173463 -0.135712
v 0.242209 0.173463 -0.127971
v 0.271793 0.165733 -0.135712
v 0.242209 0.173463 -0.127971
v 0.242209 0.165733 -0.127971
v 0.236487 0.094381 -0.085076
v 0.255164 0.094381 -0.095756
v 0.242209 0.165733 -0.127971
v 0.236487 0.094381 -0.085076
v 0.242209 0.165733 -0.127971
v 0.215636 0.165733 -0.112837
v 0.255164 0.094381 -0.095756
v 0.275969 0.094381 -0.101238
v 0.271793 0.165733 -0.135712
v 0.255164 0.094381 -0.095756
v 0.271793 0.165733 -0.135712
v 0.242209 0.165733 -0.127971
v 0.271793 0.165733 -0.135712
v 0.275969 0.094381 -0.101238
v 0.297484 0.094381 -0.101149
v 0.271793 0.165733 -0.135712
v 0.297484 0.094381 -0.101149
v 0.302372 0.165733 -0.135532
v 0.302372 0.165733 -0.135532
v 0.302372 0.173463 -0.135532
v 0.271793 0.173463 -0.135712
v 0.302372 0.165733 -0.135532
v 0.271793 0.173463 -0.135712
v 0.271793 0.165733 -0.135712
v 0.297484 0.094381 -0.101149
v 0.318242 0.094381 -0.095495
v 0.331864 0.165733 -0.127443
v 0.297484 0.094381 -0.101149
v 0.331864 0.165733 -0.127443
v 0.302372 0.165733 -0.135532
v 0.331864 0.165733 -0.127443
v 0.331864 0.173463 -0.127443
v 0.302372 0.173463 -0.135532
v 0.331864 0.165733 -0.127443
v 0.302372 0.173463 -0.135532
v 0.302372 0.165733 -0.135532
v 0.271793 0.173463 -0.135712
v 0.302372 0.173463 -0.135532
v 0.303304 0.173463 -0.143986
v 0.271793 0.173463 -0.135712
v 0.303304 0.173463 -0.143986
v 0.270504 0.173463 -0.144121
v 0.303304 0.173463 -0.143986
v 0.302372 0.173463 -0.135532
v 0.331864 0.173463 -0.127443
v 0.303304 0.173463 -0.143986
v 0.331864 0.173463 -0.127443
v 0.334951 0.173463 -0.135365
v 0.331864 0.173463 -0.127443
v 0.358256 0.173463 -0.111998
v 0.363288 0.173463 -0.118848
v 0.331864 0.173463 -0.127443
v 0.363288 0.173463 -0.118848
v 0.334951 0.173463 -0.135365
v 0.358256 0.165733 -0.111998
v 0.358256 0.173463 -0.111998
v 0.331864 0.173463 -0.127443
v 0.358256 0.165733 -0.111998
v 0.331864 0.173463 -0.127443
v 0.331864 0.165733 -0.127443
v 0.363288 0.173463 -0.118848
v 0.358256 0.173463 -0.111998
v 0.379752 0.173463 -0.090247
v 0.363288 0.173463 -0.118848
v 0.379752 0.173463 -0.090247
v 0.386385 0.173463 -0.095559
v 0.379752 0.165733 -0.090247
v 0.379752 0.173463 -0.090247
v 0.358256 0.173463 -0.111998
v 0.379752 0.165733 -0.090247
v 0.358256 0.173463 -0.111998
v 0.358256 0.165733 -0.111998
v 0.331864 0.165733 -0.127443
v 0.318242 0.094381 -0.095495
v 0.33683 0.094381 -0.08466
v 0.331864 0.165733 -0.127443
v 0.33683 0.094381 -0.08466
v 0.358256 0.165733 -0.111998
v 0.33683 0.094381 -0.08466
v 0.35198 0.094381 -0.069384
v 0.379752 0.165733 -0.090247
v 0.33683 0.094381 -0.08466
v 0.379752 0.165733 -0.090247
v 0.358256 0.165733 -0.111998
v 0.35198 0.094381 -0.069384
v 0.36266 0.094381 -0.050708
v 0.394886 0.165733 -0.063675
v 0.35198 0.094381 -0.069384
v 0.394886 0.165733 -0.063675
v 0.379752 0.165733 -0.090247
v 0.394886 0.165733 -0.063675
v 0.394886 0.173463 -0.063675
v 0.379752 0.173463 -0.090247
v 0.394886 0.165733 -0.063675
v 0.379752 0.173463 -0.090247
v 0.379752 0.165733 -0.090247
v 0.36266 0.094381 -0.050708
v 0.368143 0.094381 -0.029903
v 0.402627 0.165733 -0.034091
v 0.36266 0.094381 -0.050708
v 0.402627 0.165733 -0.034091
v 0.394886 0.165733 -0.063675
v 0.402627 0.165733 -0.034091
v 0.402627 0.173463 -0.034091
v 0.394886 0.173463 -0.063675
v 0.402627 0.165733 -0.034091
v 0.394886 0.173463 -0.063675
v 0.394886 0.165733 -0.063675
v 0.386385 0.173463 -0.095559
v 0.379752 0.173463 -0.090247
v 0.394886 0.173463 -0.063675
v 0.386385 0.173463 -0.095559
v 0.394886 0.173463 -0.063675
v 0.402667 0.173463 -0.067085
v 0.402667 0.173463 -0.067085
v 0.394886 0.173463 -0.063675
v 0.402627 0.173463 -0.034091
v 0.402667 0.173463 -0.067085
v 0.402627 0.173463 -0.034091
v 0.411026 0.173463 -0.035368
v 0.411026 0.173463 -0.035368
v 0.402627 0.173463 -0.034091
v 0.402447 0.173463 -0.003511
v 0.411026 0.173463 -0.035368
v 0.402447 0.173463 -0.003511
v 0.41089 0.173463 -0.002568
v 0.402447 0.165733 -0.003511
v 0.402447 0.173463 -0.003511
v 0.402627 0.173463 -0.034091
v 0.402447 0.165733 -0.003511
v 0.402627 0.173463 -0.034091
v 0.402627 0.165733 -0.034091
v 0.41089 0.173463 -0.002568
v 0.402447 0.173463 -0.003511
v 0.394359 0.173463 0.02598
v 0.41089 0.173463 -0.002568
v 0.394359 0.173463 0.02598
v 0.40227 0.173463 0.029079
v 0.394359 0.165733 0.02598
v 0.394359 0.173463 0.02598
v 0.402447 0.173463 -0.003511
v 0.394359 0.165733 0.02598
v 0.402447 0.173463 -0.003511
v 0.402447 0.165733 -0.003511
v 0.368143 0.094381 -0.029903
v 0.368054 0.094381 -0.008388
v 0.402447 0.165733 -0.003511
v 0.368143 0.094381 -0.029903
v 0.402447 0.165733 -0.003511
v 0.402627 0.165733 -0.034091
v 0.368054 0.094381 -0.008388
v 0.362399 0.094381 0.01237
v 0.394359 0.165733 0.02598
v 0.368054 0.094381 -0.008388
v 0.394359 0.165733 0.02598
v 0.402447 0.165733 -0.003511
v 0.362399 0.094381 0.01237
v 0.351565 0.094381 0.030958
v 0.378913 0.165733 0.052373
v 0.362399 0.094381 0.01237
v 0.378913 0.165733 0.052373
v 0.394359 0.165733 0.02598
v 0.378913 0.165733 0.052373
v 0.378913 0.173463 0.052373
v 0.394359 0.173463 0.02598
v 0.378913 0.165733 0.052373
v 0.394359 0.173463 0.02598
v 0.394359 0.165733 0.02598
v 0.351565 0.094381 0.030958
v 0.336289 0.094381 0.046108
v 0.357162 0.165733 0.073869
v 0.351565 0.094381 0.030958
v 0.357162 0.165733 0.073869
v 0.378913 0.165733 0.052373
v 0.357162 0.165733 0.073869
v 0.357162 0.173463 0.073869
v 0.378913 0.173463 0.052373
v 0.357162 0.165733 0.073869
v 0.378913 0.173463 0.052373
v 0.378913 0.165733 0.052373
v 0.40227 0.173463 0.029079
v 0.394359 0.173463 0.02598
v 0.378913 0.173463 0.052373
v 0.40227 0.173463 0.029079
v 0.378913 0.173463 0.052373
v 0.385752 0.173463 0.057416
v 0.385752 0.173463 0.057416
v 0.378913 0.173463 0.052373
v 0.357162 0.173463 0.073869
v 0.385752 0.173463 0.057416
v 0.357162 0.173463 0.073869
v 0.362463 0.173463 0.080514
v 0.362463 0.173463 0.080514
v 0.357162 0.173463 0.073869
v 0.33059 0.173463 0.089003
v 0.362463 0.173463 0.080514
v 0.33059 0.173463 0.089003
v 0.33399 0.173463 0.096796
v 0.33059 0.165733 0.089003
v 0.33059 0.173463 0.089003
v 0.357162 0.173463 0.073869
v 0.33059 0.165733 0.089003
v 0.357162 0.173463 0.073869
v 0.357162 0.165733 0.073869
v 0.33399 0.173463 0.096796
v 0.33059 0.173463 0.089003
v 0.301006 0.173463 0.096744
v 0.33399 0.173463 0.096796
v 0.301006 0.173463 0.096744
v 0.302272 0.173463 0.105154
v 0.301006 0.165733 0.096744
v 0.301006 0.173463 0.096744
v 0.33059 0.173463 0.089003
v 0.301006 0.165733 0.096744
v 0.33059 0.173463 0.089003
v 0.33059 0.165733 0.089003
v 0.336289 0.094381 0.046108
v 0.317612 0.094381 0.056789
v 0.33059 0.165733 0.089003
v 0.336289 0.094381 0.046108
v 0.33059 0.165733 0.089003
v 0.357162 0.165733 0.073869
v 0.317612 0.094381 0.056789
v 0.296807 0.094381 0.062271
v 0.301006 0.165733 0.096744
v 0.317612 0.094381 0.056789
v 0.301006 0.165733 0.096744
v 0.33059 0.165733 0.089003
v 0.301006 0.165733 0.096744
v 0.296807 0.094381 0.062271
v 0.275293 0.094381 0.062182
v 0.301006 0.165733 0.096744
v 0.275293 0.094381 0.062182
v 0.270426 0.165733 0.096564
v 0.270426 0.165733 0.096564
v 0.270426 0.173463 0.096564
v 0.301006 0.173463 0.096744
v 0.270426 0.165733 0.096564
v 0.301006 0.173463 0.096744
v 0.301006 0.165733 0.096744
v 0.275293 0.094381 0.062182
v 0.254534 0.094381 0.056527
v 0.240935 0.165733 0.088475
v 0.275293 0.094381 0.062182
v 0.240935 0.165733 0.088475
v 0.270426 0.165733 0.096564
v 0.240935 0.165733 0.088475
v 0.240935 0.173463 0.088475
v 0.270426 0.173463 0.096564
v 0.240935 0.165733 0.088475
v 0.270426 0.173463 0.096564
v 0.270426 0.165733 0.096564
v 0.301006 0.173463 0.096744
v 0.270426 0.173463 0.096564
v 0.269473 0.173463 0.105018
v 0.301006 0.173463 0.096744
v 0.269473 0.173463 0.105018
v 0.302272 0.173463 0.105154
v 0.269473 0.173463 0.105018
v 0.270426 0.173463 0.096564
v 0.240935 0.173463 0.088475
v 0.269473 0.173463 0.105018
v 0.240935 0.173463 0.088475
v 0.237825 0.173463 0.096398
v 0.240935 0.173463 0.088475
v 0.214542 0.173463 0.07303
v 0.209488 0.173463 0.07988
v 0.240935 0.173463 0.088475
v 0.209488 0.173463 0.07988
v 0.237825 0.173463 0.096398
v 0.214542 0.165733 0.07303
v 0.214542 0.173463 0.07303
v 0.240935 0.173463 0.088475
v 0.214542 0.165733 0.07303
v 0.240935 0.173463 0.088475
v 0.240935 0.165733 0.088475
v 0.209488 0.173463 0.07988
v 0.214542 0.173463 0.07303
v 0.193046 0.173463 0.051279
v 0.209488 0.173463 0.07988
v 0.193046 0.173463 0.051279
v 0.186391 0.173463 0.056591
v 0.193046 0.165733 0.051279
v 0.193046 0.173463 0.051279
v 0.214542 0.173463 0.07303
v 0.193046 0.165733 0.051279
v 0.214542 0.173463 0.07303
v 0.214542 0.165733 0.07303
v 0.240935 0.165733 0.088475
v 0.254534 0.094381 0.056527
v 0.235946 0.094381 0.045693
v 0.240935 0.165733 0.088475
v 0.235946 0.094381 0.045693
v 0.214542 0.165733 0.07303
v 0.235946 0.094381 0.045693
v 0.220796 0.094381 0.030417
v 0.193046 0.165733 0.051279
v 0.235946 0.094381 0.045693
v 0.193046 0.165733 0.051279
v 0.214542 0.165733 0.07303
v 0.220796 0.094381 0.030417
v 0.210116 0.094381 0.01174
v 0.177912 0.165733 0.024707
v 0.220796 0.094381 0.030417
v 0.177912 0.165733 0.024707
v 0.193046 0.165733 0.051279
v 0.177912 0.165733 0.024707
v 0.177912 0.173463 0.024707
v 0.193046 0.173463 0.051279
v 0.177912 0.165733 0.024707
v 0.193046 0.173463 0.051279
v 0.193046 0.165733 0.051279
v 0.210116 0.094381 0.01174
v 0.204633 0.094381 -0.009065
v 0.170171 0.165733 -0.004878
v 0.210116 0.094381 0.01174
v 0.170171 0.165733 -0.004878
v 0.177912 0.165733 0.024707
v 0.170171 0.165733 -0.004878
v 0.170171 0.173463 -0.004878
v 0.177912 0.173463 0.024707
v 0.170171 0.165733 -0.004878
v 0.177912 0.173463 0.024707
v 0.177912 0.165733 0.024707
v 0.186391 0.173463 0.056591
v 0.193046 0.173463 0.051279
v 0.177912 0.173463 0.024707
v 0.186391 0.173463 0.056591
v 0.177912 0.173463 0.024707
v 0.170109 0.173463 0.028118
v 0.170109 0.173463 0.028118
v 0.177912 0.173463 0.024707
v 0.170171 0.173463 -0.004878
v 0.170109 0.173463 0.028118
v 0.170171 0.173463 -0.004878
v 0.16175 0.173463 -0.003599
v 0.170109 0.173463 0.028118
v 0.155744 0.159333 0.037185
v 0.169708 0.149772 0.07454
v 0.170109 0.173463 0.028118
v 0.169708 0.149772 0.07454
v 0.186391 0.173463 0.056591
v 0.16175 0.173463 -0.003599
v 0.149462 0.163012 -0.001687
v 0.155744 0.159333 0.037185
v 0.16175 0.173463 -0.003599
v 0.155744 0.159333 0.037185
v 0.170109 0.173463 0.028118
v 0.155744 0.159333 0.037185
v 0.148758 0.15819 0.039555
v 0.162345 0.147817 0.078208
v 0.155744 0.159333 0.037185
v 0.162345 0.147817 0.078208
v 0.169708 0.149772 0.07454
v 0.149462 0.163012 -0.001687
v 0.141344 0.161535 -0.001497
v 0.148758 0.15819 0.039555
v 0.149462 0.163012 -0.001687
v 0.148758 0.15819 0.039555
v 0.155744 0.159333 0.037185
v 0.162345 0.147817 0.078208
v 0.148758 0.15819 0.039555
v 0.091238 0.158051 0.039772
v 0.162345 0.147817 0.078208
v 0.091238 0.158051 0.039772
v 0.091846 0.121858 0.213446
v 0.148758 0.15819 0.039555
v 0.141344 0.161535 -0.001497
v 0.091238 0.158051 0.039772
v 0.169708 0.149772 0.07454
v 0.162345 0.147817 0.078208
v 0.188369 0.139646 0.112972
v 0.169708 0.149772 0.07454
v 0.188369 0.139646 0.112972
v 0.194017 0.141393 0.107419
v 0.188369 0.139646 0.112972
v 0.162345 0.147817 0.078208
v 0.091846 0.121858 0.213446
v 0.188369 0.139646 0.112972
v 0.091846 0.121858 0.213446
v 0.2079 0.11287 0.206216
v 0.2079 0.11287 0.206216
v 0.091846 0.121858 0.213446
v 0.098482 0.07419 0.395638
v 0.2079 0.11287 0.206216
v 0.098482 0.07419 0.395638
v 0.213404 0.067463 0.401033
v 0.098482 0.07419 0.395638
v 0.091846 0.121858 0.213446
v -0.012713 0.122477 0.217568
v 0.098482 0.07419 0.395638
v -0.012713 0.122477 0.217568
v -0.012713 0.078577 0.394387
v -0.012713 0.157799 0.040166
v -0.012713 0.122477 0.217568
v 0.091846 0.121858 0.213446
v -0.012713 0.157799 0.040166
v 0.091846 0.121858 0.213446
v 0.091238 0.158051 0.039772
v 0.382273 0.052889 0.404225
v 0.372364 0.103952 0.205178
v 0.2079 0.11287 0.206216
v 0.382273 0.052889 0.404225
v 0.2079 0.11287 0.206216
v 0.213404 0.067463 0.401033
v 0.269354 0.130083 0.15062
v 0.2079 0.11287 0.206216
v 0.372364 0.103952 0.205178
v 0.269354 0.130083 0.15062
v 0.372364 0.103952 0.205178
v 0.308883 0.128342 0.151039
v 0.226355 0.13413 0.137465
v 0.188369 0.139646 0.112972
v 0.2079 0.11287 0.206216
v 0.226355 0.13413 0.137465
v 0.2079 0.11287 0.206216
v 0.269354 0.130083 0.15062
v 0.229857 0.136159 0.130469
v 0.226355 0.13413 0.137465
v 0.269354 0.130083 0.15062
v 0.229857 0.136159 0.130469
v 0.269354 0.130083 0.15062
v 0.270684 0.132152 0.142871
v 0.270684 0.132152 0.142871
v 0.269354 0.130083 0.15062
v 0.308883 0.128342 0.151039
v 0.270684 0.132152 0.142871
v 0.308883 0.128342 0.151039
v 0.307622 0.130518 0.143235
v 0.307622 0.130518 0.143235
v 0.308883 0.128342 0.151039
v 0.355732 0.129643 0.135328
v 0.307622 0.130518 0.143235
v 0.355732 0.129643 0.135328
v 0.351843 0.13237 0.128339
v 0.355732 0.129643 0.135328
v 0.308883 0.128342 0.151039
v 0.372364 0.103952 0.205178
v 0.355732 0.129643 0.135328
v 0.372364 0.103952 0.205178
v 0.386406 0.133638 0.113697
v 0.351843 0.13237 0.128339
v 0.355732 0.129643 0.135328
v 0.386406 0.133638 0.113697
v 0.351843 0.13237 0.128339
v 0.386406 0.133638 0.113697
v 0.380401 0.136565 0.108229
v 0.380401 0.136565 0.108229
v 0.386406 0.133638 0.113697
v 0.408756 0.141961 0.08449
v 0.380401 0.136565 0.108229
v 0.408756 0.141961 0.08449
v 0.401436 0.14477 0.08078
v 0.518995 0.096942 0.195568
v 0.408756 0.141961 0.08449
v 0.386406 0.133638 0.113697
v 0.518995 0.096942 0.195568
v 0.386406 0.133638 0.113697
v 0.372364 0.103952 0.205178
v 0.401436 0.14477 0.08078
v 0.408756 0.141961 0.08449
v 0.424492 0.153017 0.051124
v 0.401436 0.14477 0.08078
v 0.424492 0.153017 0.051124
v 0.417145 0.154347 0.048234
v 0.518995 0.096942 0.195568
v 0.500755 0.151186 0.045712
v 0.424492 0.153017 0.051124
v 0.518995 0.096942 0.195568
v 0.424492 0.153017 0.051124
v 0.408756 0.141961 0.08449
v 0.624217 0.14171 0.080212
v 0.500755 0.151186 0.045712
v 0.518995 0.096942 0.195568
v 0.624217 0.14171 0.080212
v 0.518995 0.096942 0.195568
v 0.601847 0.091918 0.210868
v 0.601847 0.091918 0.210868
v 0.518995 0.096942 0.195568
v 0.52479 0.045354 0.402521
v 0.601847 0.091918 0.210868
v 0.52479 0.045354 0.402521
v 0.619246 0.04275 0.387645
v 0.518995 0.096942 0.195568
v 0.372364 0.103952 0.205178
v 0.382273 0.052889 0.404225
v 0.518995 0.096942 0.195568
v 0.382273 0.052889 0.404225
v 0.52479 0.045354 0.402521
v 0.52479 0.045354 0.402521
v 0.529465 -0.008069 0.601959
v 0.629599 -0.01295 0.590728
v 0.52479 0.045354 0.402521
v 0.629599 -0.01295 0.590728
v 0.619246 0.04275 0.387645
v 0.382273 0.052889 0.404225
v 0.386857 0.001927 0.601564
v 0.529465 -0.008069 0.601959
v 0.382273 0.052889 0.404225
v 0.529465 -0.008069 0.601959
v 0.52479 0.045354 0.402521
v 0.386857 0.001927 0.601564
v 0.382273 0.052889 0.404225
v 0.213404 0.067463 0.401033
v 0.386857 0.001927 0.601564
v 0.213404 0.067463 0.401033
v 0.225947 0.008845 0.603353
v 0.225947 0.008845 0.603353
v 0.257836 -0.032968 0.664467
v 0.452073 -0.04221 0.665529
v 0.225947 0.008845 0.603353
v 0.452073 -0.04221 0.665529
v 0.386857 0.001927 0.601564
v 0.529465 -0.008069 0.601959
v 0.386857 0.001927 0.601564
v 0.452073 -0.04221 0.665529
v 0.529465 -0.008069 0.601959
v 0.452073 -0.04221 0.665529
v 0.505475 -0.049256 0.676405
v 0.225947 0.008845 0.603353
v 0.110511 0.012929 0.603482
v 0.111432 -0.025898 0.665006
v 0.225947 0.008845 0.603353
v 0.111432 -0.025898 0.665006
v 0.257836 -0.032968 0.664467
v 0.098482 0.07419 0.395638
v 0.110511 0.012929 0.603482
v 0.225947 0.008845 0.603353
v 0.098482 0.07419 0.395638
v 0.225947 0.008845 0.603353
v 0.213404 0.067463 0.401033
v 0.110511 0.012929 0.603482
v -0.012713 0.015266 0.606188
v -0.012713 -0.02353 0.665878
v 0.110511 0.012929 0.603482
v -0.012713 -0.02353 0.665878
v 0.111432 -0.025898 0.665006
v 0.110511 0.012929 0.603482
v 0.098482 0.07419 0.395638
v -0.012713 0.078577 0.394387
v 0.110511 0.012929 0.603482
v -0.012713 0.078577 0.394387
v -0.012713 0.015266 0.606188
v -0.135937 0.012929 0.603482
v -0.012713 0.015266 0.606188
v -0.012713 0.078577 0.394387
v -0.135937 0.012929 0.603482
v -0.012713 0.078577 0.394387
v -0.123908 0.07419 0.395638
v -0.135937 0.012929 0.603482
v -0.136858 -0.025898 0.665006
v -0.012713 -0.02353 0.665878
v -0.135937 0.012929 0.603482
v -0.012713 -0.02353 0.665878
v -0.012713 0.015266 0.606188
v -0.123908 0.07419 0.395638
v -0.23883 0.067463 0.401033
v -0.251373 0.008845 0.603353
v -0.123908 0.07419 0.395638
v -0.251373 0.008845 0.603353
v -0.135937 0.012929 0.603482
v -0.251373 0.008845 0.603353
v -0.283262 -0.032968 0.664467
v -0.136858 -0.025898 0.665006
v -0.251373 0.008845 0.603353
v -0.136858 -0.025898 0.665006
v -0.135937 0.012929 0.603482
v -0.251373 0.008845 0.603353
v -0.412283 0.001927 0.601564
v -0.477499 -0.04221 0.665529
v -0.251373 0.008845 0.603353
v -0.477499 -0.04221 0.665529
v -0.283262 -0.032968 0.664467
v -0.412283 0.001927 0.601564
v -0.251373 0.008845 0.603353
v -0.23883 0.067463 0.401033
v -0.412283 0.001927 0.601564
v -0.23883 0.067463 0.401033
v -0.407699 0.052889 0.404225
v -0.554891 -0.008069 0.601959
v -0.530901 -0.049256 0.676405
v -0.477499 -0.04221 0.665529
v -0.554891 -0.008069 0.601959
v -0.477499 -0.04221 0.665529
v -0.412283 0.001927 0.601564
v 0.629599 -0.01295 0.590728
v 0.529465 -0.008069 0.601959
v 0.505475 -0.049256 0.676405
v 0.629599 -0.01295 0.590728
v 0.505475 -0.049256 0.676405
v 0.541258 -0.067851 0.701052
v 0.762346 0.011139 0.531802
v 0.735942 0.06907 0.357998
v 0.619246 0.04275 0.387645
v 0.762346 0.011139 0.531802
v 0.619246 0.04275 0.387645
v 0.629599 -0.01295 0.590728
v 0.629599 -0.01295 0.590728
v 0.674484 -0.064883 0.710701
v 0.776366 -0.04533 0.661304
v 0.629599 -0.01295 0.590728
v 0.776366 -0.04533 0.661304
v 0.762346 0.011139 0.531802
v 0.629599 -0.01295 0.590728
v 0.541258 -0.067851 0.701052
v 0.597513 -0.111144 0.758658
v 0.629599 -0.01295 0.590728
v 0.597513 -0.111144 0.758658
v 0.674484 -0.064883 0.710701
v 0.674484 -0.064883 0.710701
v 0.597513 -0.111144 0.758658
v 0.623132 -0.179392 0.817493
v 0.674484 -0.064883 0.710701
v 0.623132 -0.179392 0.817493
v 0.694085 -0.127435 0.803055
v 0.694085 -0.127435 0.803055
v 0.788386 -0.110036 0.76845
v 0.776366 -0.04533 0.661304
v 0.694085 -0.127435 0.803055
v 0.776366 -0.04533 0.661304
v 0.674484 -0.064883 0.710701
v 0.860862 -0.056389 0.612511
v 0.845534 -0.003082 0.474945
v 0.762346 0.011139 0.531802
v 0.860862 -0.056389 0.612511
v 0.762346 0.011139 0.531802
v 0.776366 -0.04533 0.661304
v 0.868249 -0.116783 0.730756
v 0.860862 -0.056389 0.612511
v 0.776366 -0.04533 0.661304
v 0.868249 -0.116783 0.730756
v 0.776366 -0.04533 0.661304
v 0.788386 -0.110036 0.76845
v 0.864327 -0.189222 0.827329
v 0.868249 -0.116783 0.730756
v 0.788386 -0.110036 0.76845
v 0.864327 -0.189222 0.827329
v 0.788386 -0.110036 0.76845
v 0.788974 -0.185671 0.855202
v 0.701327 -0.201675 0.870157
v 0.788974 -0.185671 0.855202
v 0.788386 -0.110036 0.76845
v 0.701327 -0.201675 0.870157
v 0.788386 -0.110036 0.76845
v 0.694085 -0.127435 0.803055
v 0.851191 -0.272397 0.893997
v 0.864327 -0.189222 0.827329
v 0.788974 -0.185671 0.855202
v 0.851191 -0.272397 0.893997
v 0.788974 -0.185671 0.855202
v 0.778637 -0.26952 0.912262
v 0.703862 -0.273523 0.911309
v 0.778637 -0.26952 0.912262
v 0.788974 -0.185671 0.855202
v 0.703862 -0.273523 0.911309
v 0.788974 -0.185671 0.855202
v 0.701327 -0.201675 0.870157
v 0.701327 -0.201675 0.870157
v 0.64473 -0.23937 0.863301
v 0.659807 -0.283687 0.893767
v 0.701327 -0.201675 0.870157
v 0.659807 -0.283687 0.893767
v 0.703862 -0.273523 0.911309
v 0.694085 -0.127435 0.803055
v 0.623132 -0.179392 0.817493
v 0.64473 -0.23937 0.863301
v 0.694085 -0.127435 0.803055
v 0.64473 -0.23937 0.863301
v 0.701327 -0.201675 0.870157
v 0.851191 -0.272397 0.893997
v 0.920633 -0.283747 0.852516
v 0.937436 -0.216564 0.783709
v 0.851191 -0.272397 0.893997
v 0.937436 -0.216564 0.783709
v 0.864327 -0.189222 0.827329
v 0.864327 -0.189222 0.827329
v 0.937436 -0.216564 0.783709
v 0.943899 -0.153971 0.685335
v 0.864327 -0.189222 0.827329
v 0.943899 -0.153971 0.685335
v 0.868249 -0.116783 0.730756
v 0.937436 -0.216564 0.783709
v 0.920633 -0.283747 0.852516
v 0.96871 -0.303339 0.796133
v 0.937436 -0.216564 0.783709
v 0.96871 -0.303339 0.796133
v 0.98454 -0.267718 0.740033
v 0.943899 -0.153971 0.685335
v 0.937436 -0.216564 0.783709
v 0.98454 -0.267718 0.740033
v 0.943899 -0.153971 0.685335
v 0.98454 -0.267718 0.740033
v 0.995649 -0.218171 0.641839
v 0.850532 0.088714 -0.023876
v 0.824963 0.105181 -0.157621
v 0.71705 0.140939 -0.135076
v 0.850532 0.088714 -0.023876
v 0.71705 0.140939 -0.135076
v 0.75242 0.128114 0.011103
v 0.824963 0.105181 -0.157621
v 0.850532 0.088714 -0.023876
v 0.895294 -0.008991 -0.064067
v 0.824963 0.105181 -0.157621
v 0.895294 -0.008991 -0.064067
v 0.867759 -0.005443 -0.165884
v 0.824963 0.105181 -0.157621
v 0.802967 0.101582 -0.280972
v 0.703298 0.140129 -0.269642
v 0.824963 0.105181 -0.157621
v 0.703298 0.140129 -0.269642
v 0.71705 0.140939 -0.135076
v 0.802967 0.101582 -0.280972
v 0.824963 0.105181 -0.157621
v 0.867759 -0.005443 -0.165884
v 0.802967 0.101582 -0.280972
v 0.867759 -0.005443 -0.165884
v 0.840128 -0.015826 -0.262089
v 0.752856 0.069516 -0.385071
v 0.762926 0.106457 -0.359463
v 0.802967 0.101582 -0.280972
v 0.752856 0.069516 -0.385071
v 0.802967 0.101582 -0.280972
v 0.781109 0.032745 -0.346679
v 0.797247 -0.052347 -0.314124
v 0.781109 0.032745 -0.346679
v 0.802967 0.101582 -0.280972
v 0.797247 -0.052347 -0.314124
v 0.802967 0.101582 -0.280972
v 0.840128 -0.015826 -0.262089
v 0.692154 0.126878 -0.387383
v 0.703298 0.140129 -0.269642
v 0.802967 0.101582 -0.280972
v 0.692154 0.126878 -0.387383
v 0.802967 0.101582 -0.280972
v 0.762926 0.106457 -0.359463
v 0.598846 0.15501 -0.268312
v 0.703298 0.140129 -0.269642
v 0.692154 0.126878 -0.387383
v 0.598846 0.15501 -0.268312
v 0.692154 0.126878 -0.387383
v 0.596735 0.13805 -0.416023
v 0.703298 0.140129 -0.269642
v 0.598846 0.15501 -0.268312
v 0.609401 0.157244 -0.115816
v 0.703298 0.140129 -0.269642
v 0.609401 0.157244 -0.115816
v 0.71705 0.140939 -0.135076
v 0.596735 0.13805 -0.416023
v 0.494796 0.143835 -0.432301
v 0.48815 0.162539 -0.251419
v 0.596735 0.13805 -0.416023
v 0.48815 0.162539 -0.251419
v 0.598846 0.15501 -0.268312
v 0.48815 0.162539 -0.251419
v 0.493171 0.162741 -0.101549
v 0.609401 0.157244 -0.115816
v 0.48815 0.162539 -0.251419
v 0.609401 0.157244 -0.115816
v 0.598846 0.15501 -0.268312
v 0.493171 0.162741 -0.101549
v 0.500755 0.151186 0.045712
v 0.624217 0.14171 0.080212
v 0.493171 0.162741 -0.101549
v 0.624217 0.14171 0.080212
v 0.609401 0.157244 -0.115816
v 0.609401 0.157244 -0.115816
v 0.624217 0.14171 0.080212
v 0.75242 0.128114 0.011103
v 0.609401 0.157244 -0.115816
v 0.75242 0.128114 0.011103
v 0.71705 0.140939 -0.135076
v 0.791565 0.093794 0.160397
v 0.75242 0.128114 0.011103
v 0.624217 0.14171 0.080212
v 0.791565 0.093794 0.160397
v 0.624217 0.14171 0.080212
v 0.70134 0.111784 0.19341
v 0.70134 0.111784 0.19341
v 0.624217 0.14171 0.080212
v 0.601847 0.091918 0.210868
v 0.82185 0.04966 0.318103
v 0.791565 0.093794 0.160397
v 0.70134 0.111784 0.19341
v 0.82185 0.04966 0.318103
v 0.70134 0.111784 0.19341
v 0.735942 0.06907 0.357998
v 0.735942 0.06907 0.357998
v 0.70134 0.111784 0.19341
v 0.601847 0.091918 0.210868
v 0.735942 0.06907 0.357998
v 0.601847 0.091918 0.210868
v 0.619246 0.04275 0.387645
v 0.845534 -0.003082 0.474945
v 0.82185 0.04966 0.318103
v 0.735942 0.06907 0.357998
v 0.845534 -0.003082 0.474945
v 0.735942 0.06907 0.357998
v 0.762346 0.011139 0.531802
v 0.433447 0.158401 -0.001418
v 0.500755 0.151186 0.045712
v 0.493171 0.162741 -0.101549
v 0.433447 0.158401 -0.001418
v 0.493171 0.162741 -0.101549
v 0.431304 0.160895 -0.038575
v 0.48815 0.162539 -0.251419
v 0.400052 0.164657 -0.106002
v 0.419352 0.163023 -0.074325
v 0.48815 0.162539 -0.251419
v 0.419352 0.163023 -0.074325
v 0.493171 0.162741 -0.101549
v 0.419352 0.163023 -0.074325
v 0.431304 0.160895 -0.038575
v 0.493171 0.162741 -0.101549
v 0.423566 0.162101 -0.037023
v 0.431304 0.160895 -0.038575
v 0.419352 0.163023 -0.074325
v 0.423566 0.162101 -0.037023
v 0.419352 0.163023 -0.074325
v 0.412193 0.164317 -0.070911
v 0.412193 0.164317 -0.070911
v 0.419352 0.163023 -0.074325
v 0.400052 0.164657 -0.106002
v 0.412193 0.164317 -0.070911
v 0.400052 0.164657 -0.106002
v 0.393642 0.165645 -0.101143
v 0.411026 0.173463 -0.035368
v 0.423566 0.162101 -0.037023
v 0.412193 0.164317 -0.070911
v 0.411026 0.173463 -0.035368
v 0.412193 0.164317 -0.070911
v 0.402667 0.173463 -0.067085
v 0.402667 0.173463 -0.067085
v 0.412193 0.164317 -0.070911
v 0.393642 0.165645 -0.101143
v 0.402667 0.173463 -0.067085
v 0.393642 0.165645 -0.101143
v 0.386385 0.173463 -0.095559
v 0.386385 0.173463 -0.095559
v 0.393642 0.165645 -0.101143
v 0.36956 0.16613 -0.127043
v 0.386385 0.173463 -0.095559
v 0.36956 0.16613 -0.127043
v 0.363288 0.173463 -0.118848
v 0.41089 0.173463 -0.002568
v 0.425502 0.159961 -0.001646
v 0.423566 0.162101 -0.037023
v 0.41089 0.173463 -0.002568
v 0.423566 0.162101 -0.037023
v 0.411026 0.173463 -0.035368
v 0.425502 0.159961 -0.001646
v 0.433447 0.158401 -0.001418
v 0.431304 0.160895 -0.038575
v 0.425502 0.159961 -0.001646
v 0.431304 0.160895 -0.038575
v 0.423566 0.162101 -0.037023
v 0.417145 0.154347 0.048234
v 0.424492 0.153017 0.051124
v 0.433447 0.158401 -0.001418
v 0.417145 0.154347 0.048234
v 0.433447 0.158401 -0.001418
v 0.425502 0.159961 -0.001646
v 0.40227 0.173463 0.029079
v 0.417145 0.154347 0.048234
v 0.425502 0.159961 -0.001646
v 0.40227 0.173463 0.029079
v 0.425502 0.159961 -0.001646
v 0.41089 0.173463 -0.002568
v 0.500755 0.151186 0.045712
v 0.433447 0.158401 -0.001418
v 0.424492 0.153017 0.051124
v 0.385752 0.173463 0.057416
v 0.401436 0.14477 0.08078
v 0.417145 0.154347 0.048234
v 0.385752 0.173463 0.057416
v 0.417145 0.154347 0.048234
v 0.40227 0.173463 0.029079
v 0.600998 0.100526 -0.446944
v 0.489598 0.09712 -0.461792
v 0.494796 0.143835 -0.432301
v 0.600998 0.100526 -0.446944
v 0.494796 0.143835 -0.432301
v 0.596735 0.13805 -0.416023
v 0.690757 0.087862 -0.423703
v 0.600998 0.100526 -0.446944
v 0.596735 0.13805 -0.416023
v 0.690757 0.087862 -0.423703
v 0.596735 0.13805 -0.416023
v 0.692154 0.126878 -0.387383
v 0.688476 0.076337 -0.419641
v 0.600054 0.087805 -0.444471
v 0.600998 0.100526 -0.446944
v 0.688476 0.076337 -0.419641
v 0.600998 0.100526 -0.446944
v 0.690757 0.087862 -0.423703
v 0.600054 0.087805 -0.444471
v 0.499404 0.086048 -0.459029
v 0.489598 0.09712 -0.461792
v 0.600054 0.087805 -0.444471
v 0.489598 0.09712 -0.461792
v 0.600998 0.100526 -0.446944
v 0.74501 0.057118 -0.383982
v 0.688476 0.076337 -0.419641
v 0.690757 0.087862 -0.423703
v 0.74501 0.057118 -0.383982
v 0.690757 0.087862 -0.423703
v 0.752856 0.069516 -0.385071
v 0.752856 0.069516 -0.385071
v 0.690757 0.087862 -0.423703
v 0.692154 0.126878 -0.387383
v 0.752856 0.069516 -0.385071
v 0.692154 0.126878 -0.387383
v 0.762926 0.106457 -0.359463
v 0.769312 0.019218 -0.348649
v 0.74501 0.057118 -0.383982
v 0.752856 0.069516 -0.385071
v 0.769312 0.019218 -0.348649
v 0.752856 0.069516 -0.385071
v 0.781109 0.032745 -0.346679
v 0.769312 0.019218 -0.348649
v 0.769312 0.019218 -0.293871
v 0.74501 0.057118 -0.329204
v 0.769312 0.019218 -0.348649
v 0.74501 0.057118 -0.329204
v 0.74501 0.057118 -0.383982
v 0.74501 0.057118 -0.383982
v 0.74501 0.057118 -0.329204
v 0.688476 0.076337 -0.364862
v 0.74501 0.057118 -0.383982
v 0.688476 0.076337 -0.364862
v 0.688476 0.076337 -0.419641
v 0.769312 0.019218 -0.293871
v 0.435658 -0.040077 -0.395402
v 0.437114 0.00453 -0.407692
v 0.769312 0.019218 -0.293871
v 0.437114 0.00453 -0.407692
v 0.74501 0.057118 -0.329204
v 0.74501 0.057118 -0.329204
v 0.437114 0.00453 -0.407692
v 0.453399 0.053145 -0.410103
v 0.74501 0.057118 -0.329204
v 0.453399 0.053145 -0.410103
v 0.688476 0.076337 -0.364862
v 0.453399 0.053145 -0.464882
v 0.453399 0.053145 -0.410103
v 0.437114 0.00453 -0.407692
v 0.453399 0.053145 -0.464882
v 0.437114 0.00453 -0.407692
v 0.437114 0.00453 -0.462471
v 0.437114 0.00453 -0.462471
v 0.437114 0.00453 -0.407692
v 0.435658 -0.040077 -0.395402
v 0.437114 0.00453 -0.462471
v 0.435658 -0.040077 -0.395402
v 0.435658 -0.040077 -0.45018
v 0.499404 0.086048 -0.459029
v 0.499404 0.086048 -0.40425
v 0.453399 0.053145 -0.410103
v 0.499404 0.086048 -0.459029
v 0.453399 0.053145 -0.410103
v 0.453399 0.053145 -0.464882
v 0.688476 0.076337 -0.364862
v 0.453399 0.053145 -0.410103
v 0.499404 0.086048 -0.40425
v 0.688476 0.076337 -0.364862
v 0.499404 0.086048 -0.40425
v 0.600054 0.087805 -0.389693
v 0.600054 0.087805 -0.444471
v 0.600054 0.087805 -0.389693
v 0.499404 0.086048 -0.40425
v 0.600054 0.087805 -0.444471
v 0.499404 0.086048 -0.40425
v 0.499404 0.086048 -0.459029
v 0.438987 0.054476 -0.468212
v 0.489598 0.09712 -0.461792
v 0.499404 0.086048 -0.459029
v 0.438987 0.054476 -0.468212
v 0.499404 0.086048 -0.459029
v 0.453399 0.053145 -0.464882
v 0.688476 0.076337 -0.419641
v 0.688476 0.076337 -0.364862
v 0.600054 0.087805 -0.389693
v 0.688476 0.076337 -0.419641
v 0.600054 0.087805 -0.389693
v 0.600054 0.087805 -0.444471
v 0.435658 -0.040077 -0.45018
v 0.435658 -0.040077 -0.395402
v 0.433929 -0.08982 -0.376619
v 0.435658 -0.040077 -0.45018
v 0.433929 -0.08982 -0.376619
v 0.433929 -0.08982 -0.431397
v 0.778229 -0.05272 -0.267921
v 0.433929 -0.08982 -0.376619
v 0.435658 -0.040077 -0.395402
v 0.778229 -0.05272 -0.267921
v 0.435658 -0.040077 -0.395402
v 0.769312 0.019218 -0.293871
v 0.778229 -0.05272 -0.3227
v 0.778229 -0.05272 -0.267921
v 0.769312 0.019218 -0.293871
v 0.778229 -0.05272 -0.3227
v 0.769312 0.019218 -0.293871
v 0.769312 0.019218 -0.348649
v 0.797247 -0.052347 -0.314124
v 0.778229 -0.05272 -0.3227
v 0.769312 0.019218 -0.348649
v 0.797247 -0.052347 -0.314124
v 0.769312 0.019218 -0.348649
v 0.781109 0.032745 -0.346679
v 0.362463 0.173463 0.080514
v 0.380401 0.136565 0.108229
v 0.401436 0.14477 0.08078
v 0.362463 0.173463 0.080514
v 0.401436 0.14477 0.08078
v 0.385752 0.173463 0.057416
v 0.33399 0.173463 0.096796
v 0.351843 0.13237 0.128339
v 0.380401 0.136565 0.108229
v 0.33399 0.173463 0.096796
v 0.380401 0.136565 0.108229
v 0.362463 0.173463 0.080514
v 0.302272 0.173463 0.105154
v 0.307622 0.130518 0.143235
v 0.351843 0.13237 0.128339
v 0.302272 0.173463 0.105154
v 0.351843 0.13237 0.128339
v 0.33399 0.173463 0.096796
v 0.269473 0.173463 0.105018
v 0.270684 0.132152 0.142871
v 0.307622 0.130518 0.143235
v 0.269473 0.173463 0.105018
v 0.307622 0.130518 0.143235
v 0.302272 0.173463 0.105154
v 0.237825 0.173463 0.096398
v 0.229857 0.136159 0.130469
v 0.270684 0.132152 0.142871
v 0.237825 0.173463 0.096398
v 0.270684 0.132152 0.142871
v 0.269473 0.173463 0.105018
v 0.209488 0.173463 0.07988
v 0.194017 0.141393 0.107419
v 0.229857 0.136159 0.130469
v 0.209488 0.173463 0.07988
v 0.229857 0.136159 0.130469
v 0.237825 0.173463 0.096398
v 0.194017 0.141393 0.107419
v 0.188369 0.139646 0.112972
v 0.226355 0.13413 0.137465
v 0.194017 0.141393 0.107419
v 0.226355 0.13413 0.137465
v 0.229857 0.136159 0.130469
v 0.186391 0.173463 0.056591
v 0.169708 0.149772 0.07454
v 0.194017 0.141393 0.107419
v 0.186391 0.173463 0.056591
v 0.194017 0.141393 0.107419
v 0.209488 0.173463 0.07988
v 0.238786 0.173463 -0.135763
v 0.234248 0.167847 -0.146827
v 0.203177 0.167611 -0.128863
v 0.238786 0.173463 -0.135763
v 0.203177 0.167611 -0.128863
v 0.210313 0.173463 -0.119481
v 0.210313 0.173463 -0.119481
v 0.203177 0.167611 -0.128863
v 0.178294 0.167044 -0.103178
v 0.210313 0.173463 -0.119481
v 0.178294 0.167044 -0.103178
v 0.187024 0.173463 -0.096384
v -0.655025 -0.01295 0.590728
v -0.566684 -0.067851 0.701052
v -0.530901 -0.049256 0.676405
v -0.655025 -0.01295 0.590728
v -0.530901 -0.049256 0.676405
v -0.554891 -0.008069 0.601959
v -0.893675 -0.116783 0.730756
v -0.813812 -0.110036 0.76845
v -0.801792 -0.04533 0.661304
v -0.893675 -0.116783 0.730756
v -0.801792 -0.04533 0.661304
v -0.886288 -0.056389 0.612511
v -0.886288 -0.056389 0.612511
v -0.801792 -0.04533 0.661304
v -0.787772 0.011139 0.531802
v -0.886288 -0.056389 0.612511
v -0.787772 0.011139 0.531802
v -0.87096 -0.003082 0.474945
v -0.889753 -0.189222 0.827329
v -0.893675 -0.116783 0.730756
v -0.969325 -0.153971 0.685335
v -0.889753 -0.189222 0.827329
v -0.969325 -0.153971 0.685335
v -0.962862 -0.216564 0.783709
v -0.850389 0.105181 -0.157621
v -0.893185 -0.005443 -0.165884
v -0.92072 -0.008991 -0.064067
v -0.850389 0.105181 -0.157621
v -0.92072 -0.008991 -0.064067
v -0.875958 0.088714 -0.023876
v -0.294899 0.173463 0.105018
v -0.327698 0.173463 0.105154
v -0.333048 0.130518 0.143235
v -0.294899 0.173463 0.105018
v -0.333048 0.130518 0.143235
v -0.29611 0.132152 0.142871
v -0.263251 0.173463 0.096398
v -0.294899 0.173463 0.105018
v -0.29611 0.132152 0.142871
v -0.263251 0.173463 0.096398
v -0.29611 0.132152 0.142871
v -0.255283 0.136159 0.130469
v -0.234914 0.173463 0.07988
v -0.263251 0.173463 0.096398
v -0.255283 0.136159 0.130469
v -0.234914 0.173463 0.07988
v -0.255283 0.136159 0.130469
v -0.219443 0.141393 0.107419
v -0.211817 0.173463 0.056591
v -0.234914 0.173463 0.07988
v -0.219443 0.141393 0.107419
v -0.211817 0.173463 0.056591
v -0.219443 0.141393 0.107419
v -0.195134 0.149772 0.07454
v -0.195535 0.173463 0.028118
v -0.211817 0.173463 0.056591
v -0.195134 0.149772 0.07454
v -0.195535 0.173463 0.028118
v -0.195134 0.149772 0.07454
v -0.18117 0.159333 0.037185
v -0.187176 0.173463 -0.003599
v -0.195535 0.173463 0.028118
v -0.18117 0.159333 0.037185
v -0.187176 0.173463 -0.003599
v -0.18117 0.159333 0.037185
v -0.174888 0.163012 -0.001687
v -0.187312 0.173463 -0.036399
v -0.187176 0.173463 -0.003599
v -0.174888 0.163012 -0.001687
v -0.187312 0.173463 -0.036399
v -0.174888 0.163012 -0.001687
v -0.176691 0.165054 -0.036206
v -0.195933 0.173463 -0.068046
v -0.187312 0.173463 -0.036399
v -0.176691 0.165054 -0.036206
v -0.195933 0.173463 -0.068046
v -0.176691 0.165054 -0.036206
v -0.18672 0.166341 -0.071955
v -0.21245 0.173463 -0.096384
v -0.195933 0.173463 -0.068046
v -0.18672 0.166341 -0.071955
v -0.21245 0.173463 -0.096384
v -0.18672 0.166341 -0.071955
v -0.20372 0.167044 -0.103178
v -0.235739 0.173463 -0.119481
v -0.21245 0.173463 -0.096384
v -0.20372 0.167044 -0.103178
v -0.235739 0.173463 -0.119481
v -0.20372 0.167044 -0.103178
v -0.228603 0.167611 -0.128863
v -0.264212 0.173463 -0.135763
v -0.235739 0.173463 -0.119481
v -0.228603 0.167611 -0.128863
v -0.264212 0.173463 -0.135763
v -0.228603 0.167611 -0.128863
v -0.259674 0.167847 -0.146827
v -0.29593 0.173463 -0.144121
v -0.264212 0.173463 -0.135763
v -0.259674 0.167847 -0.146827
v -0.29593 0.173463 -0.144121
v -0.259674 0.167847 -0.146827
v -0.294419 0.167726 -0.155873
v -0.32873 0.173463 -0.143986
v -0.29593 0.173463 -0.144121
v -0.294419 0.167726 -0.155873
v -0.32873 0.173463 -0.143986
v -0.294419 0.167726 -0.155873
v -0.330229 0.167347 -0.155246
v -0.360377 0.173463 -0.135365
v -0.32873 0.173463 -0.143986
v -0.330229 0.167347 -0.155246
v -0.360377 0.173463 -0.135365
v -0.330229 0.167347 -0.155246
v -0.364535 0.166821 -0.145371
v -0.388714 0.173463 -0.118848
v -0.360377 0.173463 -0.135365
v -0.364535 0.166821 -0.145371
v -0.388714 0.173463 -0.118848
v -0.364535 0.166821 -0.145371
v -0.394986 0.16613 -0.127043
v -0.411811 0.173463 -0.095559
v -0.388714 0.173463 -0.118848
v -0.394986 0.16613 -0.127043
v -0.411811 0.173463 -0.095559
v -0.394986 0.16613 -0.127043
v -0.419068 0.165645 -0.101143
v -0.428093 0.173463 -0.067085
v -0.411811 0.173463 -0.095559
v -0.419068 0.165645 -0.101143
v -0.428093 0.173463 -0.067085
v -0.419068 0.165645 -0.101143
v -0.437619 0.164317 -0.070911
vn 0.7105 0.4377 -0.551
vn 0.7257 0.3951 -0.5633
vn 0.5554 0.395 -0.7318
vn 0.7105 0.4377 -0.551
vn 0.5554 0.395 -0.7318
vn 0.5439 0.4377 -0.716
vn 0.8289 0.4377 -0.3483
vn 0.8468 0.3951 -0.3562
vn 0.7259 0.395 -0.5631
vn 0.8289 0.4377 -0.3483
vn 0.7259 0.395 -0.5631
vn 0.7107 0.4377 -0.5508
vn 0.8908 0.4377 -0.1219
vn 0.9101 0.395 -0.1249
vn 0.8469 0.3951 -0.356
vn 0.8908 0.4377 -0.1219
vn 0.8469 0.3951 -0.356
vn 0.829 0.4377 -0.3481
vn 0.8469 0.3949 -0.3562
vn 0.9102 0.3949 -0.1249
vn 0.6238 0.7769 -0.0859
vn 0.8469 0.3949 -0.3562
vn 0.6238 0.7769 -0.0859
vn 0.5803 0.7769 -0.2443
vn 0.7258 0.3949 -0.5632
vn 0.8468 0.3949 -0.3562
vn 0.5803 0.7769 -0.2443
vn 0.7258 0.3949 -0.5632
vn 0.5803 0.7769 -0.2443
vn 0.4972 0.7769 -0.3863
vn -0.5329 0.8111 0.2411
vn -0.4654 0.7787 0.4208
vn 0.4974 0.7767 -0.3864
vn -0.5329 0.8111 0.2411
vn 0.4974 0.7767 -0.3864
vn 0.5805 0.7767 -0.2444
vn -0.5482 0.8307 0.097
vn -0.5329 0.8111 0.2411
vn 0.5805 0.7767 -0.2444
vn -0.5482 0.8307 0.097
vn 0.5805 0.7767 -0.2444
vn 0.624 0.7767 -0.0859
vn -0.4653 0.7787 0.4208
vn -0.3887 0.7412 0.5473
vn 0.3804 0.7768 -0.5018
vn -0.4653 0.7787 0.4208
vn 0.3804 0.7768 -0.5018
vn 0.4974 0.7767 -0.3864
vn 0.5553 0.3949 -0.7319
vn 0.7258 0.3949 -0.5633
vn 0.4972 0.7769 -0.3863
vn 0.5553 0.3949 -0.7319
vn 0.4972 0.7769 -0.3863
vn 0.3803 0.777 -0.5016
vn -0.3886 0.7412 0.5474
vn -0.254 0.7208 0.6449
vn 0.2376 0.7769 -0.5831
vn -0.3886 0.7412 0.5474
vn 0.2376 0.7769 -0.5831
vn 0.3804 0.7768 -0.5018
vn 0.347 0.3948 -0.8507
vn 0.5553 0.3949 -0.7319
vn 0.3802 0.777 -0.5016
vn 0.347 0.3948 -0.8507
vn 0.3802 0.777 -0.5016
vn 0.2374 0.7771 -0.5829
vn 0.5437 0.4377 -0.7161
vn 0.5552 0.3951 -0.7319
vn 0.3471 0.3949 -0.8506
vn 0.5437 0.4377 -0.7161
vn 0.3471 0.3949 -0.8506
vn 0.3401 0.4377 -0.8323
vn 0.3399 0.4377 -0.8324
vn 0.3469 0.3949 -0.8507
vn 0.1152 0.3949 -0.9115
vn 0.3399 0.4377 -0.8324
vn 0.1152 0.3949 -0.9115
vn 0.113 0.4376 -0.892
vn 0.1151 0.3948 -0.9115
vn 0.3469 0.3948 -0.8507
vn 0.2374 0.7771 -0.5829
vn 0.1151 0.3948 -0.9115
vn 0.2374 0.7771 -0.5829
vn 0.0784 0.7772 -0.6243
vn 0.115 0.395 -0.9115
vn -0.1247 0.3949 -0.9102
vn -0.1217 0.4376 -0.8909
vn 0.115 0.395 -0.9115
vn -0.1217 0.4376 -0.8909
vn 0.1128 0.4376 -0.8921
vn -0.1248 0.3948 -0.9103
vn 0.115 0.3948 -0.9115
vn 0.0785 0.7772 -0.6243
vn -0.1248 0.3948 -0.9103
vn 0.0785 0.7772 -0.6243
vn -0.0858 0.7773 -0.6233
vn 0.0785 0.7771 -0.6245
vn -0.1056 0.7219 0.6839
vn 0.0807 0.7313 0.6772
vn 0.0785 0.7771 -0.6245
vn 0.0807 0.7313 0.6772
vn -0.0858 0.7771 -0.6235
vn -0.2539 0.7208 0.6449
vn -0.1056 0.7219 0.6839
vn 0.0785 0.7771 -0.6245
vn -0.2539 0.7208 0.6449
vn 0.0785 0.7771 -0.6245
vn 0.2375 0.7769 -0.5831
vn 0.0807 0.7313 0.6772
vn 0.2371 0.7411 0.6282
vn -0.2442 0.7772 -0.5799
vn 0.0807 0.7313 0.6772
vn -0.2442 0.7772 -0.5799
vn -0.0858 0.7771 -0.6235
vn -0.3561 0.3948 -0.847
vn -0.1249 0.3948 -0.9102
vn -0.0858 0.7773 -0.6233
vn -0.3561 0.3948 -0.847
vn -0.0858 0.7773 -0.6233
vn -0.2441 0.7774 -0.5797
vn -0.2442 0.7772 -0.5799
vn 0.2372 0.7411 0.6281
vn 0.3723 0.7624 0.5293
vn -0.2442 0.7772 -0.5799
vn 0.3723 0.7624 0.5293
vn -0.3859 0.7773 -0.4969
vn -0.5632 0.3947 -0.7259
vn -0.3562 0.3948 -0.8469
vn -0.2442 0.7774 -0.5797
vn -0.5632 0.3947 -0.7259
vn -0.2442 0.7774 -0.5797
vn -0.3859 0.7774 -0.4967
vn -0.1219 0.4376 -0.8909
vn -0.1249 0.395 -0.9102
vn -0.356 0.3949 -0.8469
vn -0.1219 0.4376 -0.8909
vn -0.356 0.3949 -0.8469
vn -0.3481 0.4376 -0.8291
vn -0.3562 0.395 -0.8468
vn -0.5631 0.3948 -0.726
vn -0.5508 0.4375 -0.7108
vn -0.3562 0.395 -0.8468
vn -0.5508 0.4375 -0.7108
vn -0.3483 0.4376 -0.829
vn -0.551 0.4375 -0.7106
vn -0.5633 0.3949 -0.7258
vn -0.7318 0.3948 -0.5555
vn -0.551 0.4375 -0.7106
vn -0.7318 0.3948 -0.5555
vn -0.716 0.4375 -0.544
vn -0.7319 0.3947 -0.5554
vn -0.5633 0.3947 -0.7259
vn -0.3858 0.7775 -0.4967
vn -0.7319 0.3947 -0.5554
vn -0.3858 0.7775 -0.4967
vn -0.5011 0.7776 -0.3798
vn -0.7162 0.4375 -0.5438
vn -0.7319 0.3949 -0.5553
vn -0.8507 0.3948 -0.3471
vn -0.7162 0.4375 -0.5438
vn -0.8507 0.3948 -0.3471
vn -0.8324 0.4375 -0.3401
vn -0.8508 0.3947 -0.347
vn -0.732 0.3947 -0.5553
vn -0.5011 0.7776 -0.3799
vn -0.8508 0.3947 -0.347
vn -0.5011 0.7776 -0.3799
vn -0.5823 0.7776 -0.2372
vn 0.4584 0.7968 0.3937
vn 0.489 0.8416 0.2292
vn -0.5825 0.7774 -0.2372
vn 0.4584 0.7968 0.3937
vn -0.5825 0.7774 -0.2372
vn -0.5013 0.7774 -0.38
vn 0.3723 0.7624 0.5293
vn 0.4584 0.7968 0.3937
vn -0.5013 0.7774 -0.3799
vn 0.3723 0.7624 0.5293
vn -0.5013 0.7774 -0.3799
vn -0.3859 0.7773 -0.4969
vn 0.489 0.8416 0.2292
vn 0.4774 0.8755 0.0747
vn -0.624 0.7774 -0.0785
vn 0.489 0.8416 0.2292
vn -0.624 0.7774 -0.0785
vn -0.5825 0.7774 -0.2372
vn -0.9116 0.3947 -0.115
vn -0.8508 0.3947 -0.3469
vn -0.5823 0.7776 -0.2371
vn -0.9116 0.3947 -0.115
vn -0.5823 0.7776 -0.2371
vn -0.6239 0.7776 -0.0784
vn 0.4774 0.8755 0.0747
vn 0.4335 0.8997 -0.0515
vn -0.6231 0.7774 0.0857
vn 0.4774 0.8755 0.0747
vn -0.6231 0.7774 0.0857
vn -0.624 0.7774 -0.0785
vn -0.9103 0.3947 0.1248
vn -0.9116 0.3947 -0.1149
vn -0.6238 0.7776 -0.0784
vn -0.9103 0.3947 0.1248
vn -0.6238 0.7776 -0.0784
vn -0.6229 0.7776 0.0856
vn -0.8325 0.4375 -0.3399
vn -0.8507 0.3949 -0.3469
vn -0.9115 0.3948 -0.1151
vn -0.8325 0.4375 -0.3399
vn -0.9115 0.3948 -0.1151
vn -0.8921 0.4375 -0.1131
vn -0.8921 0.4375 -0.1129
vn -0.9115 0.3949 -0.1149
vn -0.9103 0.3948 0.1247
vn -0.8921 0.4375 -0.1129
vn -0.9103 0.3948 0.1247
vn -0.8909 0.4375 0.1217
vn -0.8909 0.4375 0.1219
vn -0.9102 0.3948 0.1249
vn -0.8469 0.3948 0.3561
vn -0.8909 0.4375 0.1219
vn -0.8469 0.3948 0.3561
vn -0.8291 0.4375 0.3481
vn -0.8469 0.3947 0.3562
vn -0.9103 0.3947 0.1249
vn -0.6229 0.7776 0.0857
vn -0.8469 0.3947 0.3562
vn -0.6229 0.7776 0.0857
vn -0.5795 0.7776 0.2441
vn -0.829 0.4375 0.3483
vn -0.8468 0.3949 0.3563
vn -0.726 0.3948 0.5631
vn -0.829 0.4375 0.3483
vn -0.726 0.3948 0.5631
vn -0.7108 0.4375 0.5508
vn -0.7259 0.3947 0.5632
vn -0.8469 0.3947 0.3563
vn -0.5795 0.7776 0.244
vn -0.7259 0.3947 0.5632
vn -0.5795 0.7776 0.244
vn -0.4966 0.7776 0.3857
vn 0.4335 0.8997 -0.0515
vn 0.3673 0.9197 -0.1388
vn -0.5797 0.7774 0.2441
vn 0.4335 0.8997 -0.0515
vn -0.5797 0.7774 0.2441
vn -0.6231 0.7774 0.0857
vn 0.3673 0.9197 -0.1388
vn 0.2777 0.9397 -0.1998
vn -0.4968 0.7774 0.3858
vn 0.3673 0.9197 -0.1388
vn -0.4968 0.7774 0.3858
vn -0.5797 0.7774 0.2441
vn 0.2777 0.9397 -0.1998
vn 0.1914 0.9516 -0.2403
vn -0.38 0.7773 0.5014
vn 0.2777 0.9397 -0.1998
vn -0.38 0.7773 0.5014
vn -0.4968 0.7774 0.3858
vn -0.5554 0.3947 0.732
vn -0.7259 0.3947 0.5633
vn -0.4966 0.7776 0.3857
vn -0.5554 0.3947 0.732
vn -0.4966 0.7776 0.3857
vn -0.3799 0.7775 0.5012
vn 0.1914 0.9516 -0.2403
vn 0.1119 0.9561 -0.271
vn -0.2373 0.7772 0.5828
vn 0.1914 0.9516 -0.2403
vn -0.2373 0.7772 0.5828
vn -0.38 0.7773 0.5014
vn -0.347 0.3948 0.8507
vn -0.5553 0.3947 0.732
vn -0.3799 0.7775 0.5012
vn -0.347 0.3948 0.8507
vn -0.3799 0.7775 0.5012
vn -0.2372 0.7774 0.5826
vn -0.7106 0.4375 0.551
vn -0.7258 0.3949 0.5633
vn -0.5554 0.3948 0.7319
vn -0.7106 0.4375 0.551
vn -0.5554 0.3948 0.7319
vn -0.544 0.4375 0.716
vn -0.5438 0.4375 0.7162
vn -0.5552 0.3949 0.732
vn -0.3471 0.3949 0.8506
vn -0.5438 0.4375 0.7162
vn -0.3471 0.3949 0.8506
vn -0.3401 0.4376 0.8324
vn -0.3399 0.4376 0.8325
vn -0.3469 0.395 0.8507
vn -0.1151 0.3949 0.9115
vn -0.3399 0.4376 0.8325
vn -0.1151 0.3949 0.9115
vn -0.1131 0.4376 0.892
vn -0.115 0.3948 0.9115
vn -0.3469 0.3948 0.8507
vn -0.2373 0.7774 0.5826
vn -0.115 0.3948 0.9115
vn -0.2373 0.7774 0.5826
vn -0.0785 0.7772 0.6243
vn -0.1149 0.3949 0.9115
vn 0.1248 0.3949 0.9102
vn 0.1217 0.4376 0.8909
vn -0.1149 0.3949 0.9115
vn 0.1217 0.4376 0.8909
vn -0.1129 0.4376 0.892
vn 0.1249 0.3948 0.9103
vn -0.1149 0.3948 0.9115
vn -0.0785 0.7773 0.6243
vn 0.1249 0.3948 0.9103
vn -0.0785 0.7773 0.6243
vn 0.0858 0.7772 0.6234
vn -0.0785 0.7771 0.6245
vn 0.0336 0.9541 -0.2978
vn -0.0511 0.9466 -0.3183
vn -0.0785 0.7771 0.6245
vn -0.0511 0.9466 -0.3183
vn 0.0858 0.777 0.6236
vn 0.1118 0.9561 -0.271
vn 0.0336 0.9541 -0.2977
vn -0.0785 0.7771 0.6245
vn 0.1118 0.9561 -0.271
vn -0.0785 0.7771 0.6245
vn -0.2373 0.7772 0.5828
vn -0.0511 0.9466 -0.3183
vn -0.1464 0.9347 -0.3238
vn 0.2443 0.7769 0.5803
vn -0.0511 0.9466 -0.3183
vn 0.2443 0.7769 0.5803
vn 0.0858 0.777 0.6236
vn 0.3562 0.3948 0.8469
vn 0.125 0.3948 0.9102
vn 0.0858 0.7772 0.6234
vn 0.3562 0.3948 0.8469
vn 0.0858 0.7772 0.6234
vn 0.2443 0.7771 0.5801
vn 0.2443 0.7769 0.5803
vn -0.1463 0.9347 -0.3238
vn -0.2509 0.9187 -0.3051
vn 0.2443 0.7769 0.5803
vn -0.2509 0.9187 -0.3051
vn 0.3862 0.7768 0.4974
vn 0.5632 0.3949 0.7258
vn 0.3563 0.3948 0.8469
vn 0.2443 0.7771 0.5801
vn 0.5632 0.3949 0.7258
vn 0.2443 0.7771 0.5801
vn 0.3861 0.777 0.4972
vn 0.1219 0.4376 0.8909
vn 0.125 0.395 0.9102
vn 0.3561 0.3949 0.8469
vn 0.1219 0.4376 0.8909
vn 0.3561 0.3949 0.8469
vn 0.3481 0.4377 0.829
vn 0.3563 0.395 0.8468
vn 0.5631 0.395 0.7259
vn 0.5508 0.4377 0.7107
vn 0.3563 0.395 0.8468
vn 0.5508 0.4377 0.7107
vn 0.3483 0.4377 0.8289
vn 0.551 0.4377 0.7105
vn 0.5633 0.3951 0.7257
vn 0.7317 0.395 0.5554
vn 0.551 0.4377 0.7105
vn 0.7317 0.395 0.5554
vn 0.7159 0.4377 0.5439
vn 0.7319 0.3949 0.5553
vn 0.5633 0.3949 0.7258
vn 0.3861 0.777 0.4972
vn 0.7319 0.3949 0.5553
vn 0.3861 0.777 0.4972
vn 0.5017 0.7769 0.3804
vn 0.7161 0.4377 0.5437
vn 0.7319 0.3951 0.5552
vn 0.8506 0.395 0.3471
vn 0.7161 0.4377 0.5437
vn 0.8506 0.395 0.3471
vn 0.8323 0.4377 0.3401
vn 0.8507 0.3949 0.347
vn 0.7319 0.3949 0.5553
vn 0.5018 0.7769 0.3803
vn 0.8507 0.3949 0.347
vn 0.5018 0.7769 0.3803
vn 0.5832 0.7768 0.2375
vn -0.3543 0.8992 -0.2568
vn -0.4419 0.8803 -0.1729
vn 0.5834 0.7767 0.2377
vn -0.3543 0.8992 -0.2568
vn 0.5834 0.7767 0.2377
vn 0.5019 0.7768 0.3805
vn -0.2509 0.9187 -0.3051
vn -0.3543 0.8992 -0.2568
vn 0.5019 0.7768 0.3805
vn -0.2509 0.9187 -0.3051
vn 0.5019 0.7768 0.3805
vn 0.3862 0.7768 0.4974
vn -0.4419 0.8803 -0.1728
vn -0.502 0.863 -0.0561
vn 0.625 0.7767 0.0785
vn -0.4419 0.8803 -0.1728
vn 0.625 0.7767 0.0785
vn 0.5834 0.7767 0.2376
vn 0.9115 0.3949 0.115
vn 0.8507 0.3949 0.3469
vn 0.5832 0.7768 0.2375
vn 0.9115 0.3949 0.115
vn 0.5832 0.7768 0.2375
vn 0.6248 0.7768 0.0785
vn -0.502 0.863 -0.0561
vn -0.5482 0.8307 0.0969
vn 0.624 0.7767 -0.0859
vn -0.502 0.863 -0.0561
vn 0.624 0.7767 -0.0859
vn 0.625 0.7767 0.0785
vn 0.9102 0.3949 -0.1248
vn 0.9115 0.3949 0.1149
vn 0.6248 0.7768 0.0784
vn 0.9102 0.3949 -0.1248
vn 0.6248 0.7768 0.0784
vn 0.6238 0.7769 -0.0859
vn 0.8324 0.4377 0.3399
vn 0.8506 0.3951 0.3469
vn 0.9114 0.395 0.1151
vn 0.8324 0.4377 0.3399
vn 0.9114 0.395 0.1151
vn 0.892 0.4377 0.113
vn 0.892 0.4377 0.1128
vn 0.9115 0.395 0.1149
vn 0.9102 0.395 -0.1247
vn 0.892 0.4377 0.1128
vn 0.9102 0.395 -0.1247
vn 0.8908 0.4377 -0.1217
vn -0.5021 0.863 -0.0562
vn -0.442 0.8802 -0.1729
vn -0.4487 0.8803 -0.1541
vn -0.5021 0.863 -0.0562
vn -0.4487 0.8803 -0.1541
vn -0.5026 0.8638 -0.0345
vn -0.5483 0.8307 0.0968
vn -0.5021 0.863 -0.056
vn -0.5026 0.8638 -0.0344
vn -0.5483 0.8307 0.0968
vn -0.5026 0.8638 -0.0344
vn -0.525 0.843 0.1174
vn -0.5024 0.864 -0.0344
vn -0.4485 0.8804 -0.154
vn -0.0271 0.9996 0.0103
vn -0.5024 0.864 -0.0344
vn -0.0271 0.9996 0.0103
vn -0.054 0.9962 0.0687
vn -0.5248 0.8431 0.1175
vn -0.5024 0.864 -0.0343
vn -0.054 0.9962 0.0688
vn -0.5248 0.8431 0.1175
vn -0.054 0.9962 0.0688
vn -0.0551 0.9953 0.0794
vn -0.027 0.9996 0.0103
vn -0.0483 0.9983 0.0337
vn -0.0539 0.9962 0.0688
vn -0.055 0.9953 0.0794
vn -0.0539 0.9962 0.0688
vn -0.0483 0.9983 0.0337
vn -0.055 0.9953 0.0794
vn -0.0483 0.9983 0.0337
vn -0.054 0.9957 0.0753
vn -0.0483 0.9983 0.0337
vn -0.1007 0.9944 0.0313
vn -0.1383 0.9859 0.0942
vn -0.0483 0.9983 0.0337
vn -0.1383 0.9859 0.0942
vn -0.0546 0.9956 0.0757
vn -0.0438 0.9972 -0.06
vn -0.0968 0.9932 -0.0652
vn -0.1007 0.9944 0.0313
vn -0.0438 0.9972 -0.06
vn -0.1007 0.9944 0.0313
vn -0.0483 0.9983 0.0337
vn -0.0438 0.9972 -0.06
vn -0.0483 0.9983 0.0337
vn -0.027 0.9996 0.0103
vn -0.0438 0.9972 -0.06
vn -0.027 0.9996 0.0103
vn -0.024 0.9997 -0.0005
vn -0.1267 0.946 -0.2983
vn -0.0968 0.9932 -0.0652
vn -0.0438 0.9972 -0.06
vn -0.1267 0.946 -0.2983
vn -0.0438 0.9972 -0.06
vn -0.0618 0.9519 -0.3002
vn -0.0438 0.9972 -0.06
vn -0.026 0.9973 -0.0681
vn -0.0376 0.9586 -0.2822
vn -0.0438 0.9972 -0.06
vn -0.0376 0.9586 -0.2822
vn -0.0618 0.9519 -0.3002
vn -0.026 0.9973 -0.0681
vn -0.0438 0.9972 -0.06
vn -0.024 0.9997 -0.0005
vn -0.026 0.9973 -0.0681
vn -0.024 0.9997 -0.0005
vn -0.025 0.9997 -0.0079
vn -0.4485 0.8804 -0.1541
vn -0.355 0.9041 -0.2379
vn -0.0241 0.9997 -0.0005
vn -0.4485 0.8804 -0.1541
vn -0.0241 0.9997 -0.0005
vn -0.0271 0.9996 0.0103
vn -0.355 0.9041 -0.2379
vn -0.2377 0.9348 -0.264
vn -0.025 0.9997 -0.0079
vn -0.355 0.9041 -0.2379
vn -0.025 0.9997 -0.0079
vn -0.0241 0.9997 -0.0006
vn -0.2345 0.9348 -0.2666
vn -0.1328 0.9532 -0.2718
vn -0.0282 0.9995 -0.0133
vn -0.2345 0.9348 -0.2666
vn -0.0282 0.9995 -0.0133
vn -0.025 0.9997 -0.0079
vn -0.0282 0.9995 -0.0132
vn -0.0202 0.9997 -0.0162
vn -0.026 0.9973 -0.0681
vn -0.0282 0.9995 -0.0132
vn -0.026 0.9973 -0.0681
vn -0.025 0.9997 -0.0079
vn -0.1327 0.9532 -0.2718
vn -0.0481 0.9645 -0.2599
vn -0.0202 0.9997 -0.0162
vn -0.1327 0.9532 -0.2718
vn -0.0202 0.9997 -0.0162
vn -0.0282 0.9995 -0.0133
vn -0.048 0.9644 -0.2599
vn 0.0198 0.9709 -0.2388
vn -0.0143 0.9998 -0.0155
vn -0.048 0.9644 -0.2599
vn -0.0143 0.9998 -0.0155
vn -0.0202 0.9997 -0.0162
vn -0.0202 0.9997 -0.0162
vn -0.0143 0.9998 -0.0155
vn -0.0156 0.9979 -0.0635
vn -0.0202 0.9997 -0.0162
vn -0.0156 0.9979 -0.0635
vn -0.026 0.9973 -0.0681
vn 0.0229 0.9709 -0.2383
vn 0.0869 0.9727 -0.2151
vn -0.0038 1 -0.0077
vn 0.0229 0.9709 -0.2383
vn -0.0038 1 -0.0077
vn -0.0143 0.9998 -0.0155
vn -0.0156 0.9979 -0.0635
vn -0.0143 0.9998 -0.0155
vn -0.0038 1 -0.0077
vn -0.026 0.9973 -0.0681
vn -0.0156 0.9979 -0.0635
vn -0.0206 0.9711 -0.2377
vn -0.026 0.9973 -0.0681
vn -0.0206 0.9711 -0.2377
vn -0.0376 0.9586 -0.2822
vn -0.0156 0.9979 -0.0635
vn -0.0049 0.9987 -0.0504
vn -0.0097 0.97 -0.2431
vn -0.0156 0.9979 -0.0635
vn -0.0097 0.97 -0.2431
vn -0.0206 0.9711 -0.2377
vn -0.0049 0.9987 -0.0504
vn -0.0156 0.9979 -0.0635
vn -0.0038 1 -0.0077
vn -0.0049 0.9987 -0.0504
vn -0.0038 1 -0.0077
vn -0.0006 1 -0.0015
vn -0.0049 0.9987 -0.0504
vn -0 0.9991 -0.0421
vn -0 0.9632 -0.2688
vn -0.0049 0.9987 -0.0504
vn -0 0.9632 -0.2688
vn -0.0097 0.97 -0.2431
vn 0.0024 0.9996 0.0287
vn -0 0.9993 0.0368
vn -0 0.9991 -0.0421
vn 0.0024 0.9996 0.0287
vn -0 0.9991 -0.0421
vn -0.0049 0.9987 -0.0504
vn 0.0024 0.9996 0.0287
vn -0.0049 0.9987 -0.0504
vn -0.0006 1 -0.0015
vn 0.0024 0.9996 0.0287
vn -0.0006 1 -0.0015
vn 0.0049 0.9999 0.0121
vn 0.0889 0.9727 -0.2143
vn 0.1579 0.9694 -0.1879
vn -0.0006 1 -0.0015
vn 0.0889 0.9727 -0.2143
vn -0.0006 1 -0.0015
vn -0.0038 1 -0.0077
vn 0.1571 0.9694 -0.1885
vn 0.2427 0.9571 -0.1581
vn 0.0049 0.9999 0.0121
vn 0.1571 0.9694 -0.1885
vn 0.0049 0.9999 0.0121
vn -0.0006 1 -0.0015
vn 0.2414 0.9572 -0.1598
vn 0.3458 0.9316 -0.1123
vn 0.0119 0.9991 0.0404
vn 0.2414 0.9572 -0.1598
vn 0.0119 0.9991 0.0404
vn 0.0049 0.9999 0.0121
vn 0.0119 0.9991 0.0404
vn 0.0258 0.9981 0.0561
vn 0.0024 0.9996 0.0287
vn 0.0119 0.9991 0.0404
vn 0.0024 0.9996 0.0287
vn 0.0049 0.9999 0.0121
vn 0.3458 0.9316 -0.1122
vn 0.4338 0.9007 -0.0219
vn 0.0259 0.9981 0.056
vn 0.3458 0.9316 -0.1122
vn 0.0259 0.9981 0.056
vn 0.0119 0.9991 0.0404
vn 0.4338 0.9008 -0.0219
vn 0.4758 0.8737 0.1018
vn 0.0291 0.9975 0.0638
vn 0.4338 0.9008 -0.0219
vn 0.0291 0.9975 0.0638
vn 0.0259 0.9981 0.0561
vn 0.0258 0.9981 0.0561
vn 0.029 0.9975 0.0638
vn 0.0038 0.9981 0.0612
vn 0.0258 0.9981 0.0561
vn 0.0038 0.9981 0.0612
vn 0.0024 0.9996 0.0287
vn 0.4758 0.8737 0.1018
vn 0.4703 0.8352 0.285
vn -0.0146 0.9798 0.1993
vn 0.4758 0.8737 0.1018
vn -0.0146 0.9798 0.1993
vn 0.0291 0.9975 0.0638
vn -0.0147 0.9798 0.1993
vn 0.0038 0.9981 0.0612
vn 0.029 0.9975 0.0638
vn -0 0.9799 0.1996
vn -0.0117 0.979 0.2033
vn -0.0378 0.9727 0.229
vn -0 0.9799 0.1996
vn -0.0378 0.9727 0.229
vn -0 0.9745 0.2246
vn -0 0.9982 0.0606
vn -0 0.9993 0.0368
vn 0.0024 0.9996 0.0287
vn -0 0.9982 0.0606
vn 0.0024 0.9996 0.0287
vn 0.0038 0.9981 0.0612
vn -0.0376 0.9738 0.2243
vn -0.0378 0.9727 0.229
vn -0.0117 0.979 0.2033
vn -0.0376 0.9738 0.2243
vn -0.0117 0.979 0.2033
vn -0.0147 0.9798 0.1994
vn -0.0641 0.9679 0.243
vn -0.059 0.9657 0.2528
vn -0.0408 0.964 0.2628
vn -0.0641 0.9679 0.243
vn -0.0408 0.964 0.2628
vn -0.0378 0.9727 0.229
vn -0.0408 0.964 0.2628
vn -0 0.9636 0.2674
vn -0 0.9745 0.2246
vn -0.0408 0.964 0.2628
vn -0 0.9745 0.2246
vn -0.0378 0.9727 0.229
vn -0.0575 0.9677 0.2456
vn -0.0641 0.9679 0.243
vn -0.0378 0.9727 0.229
vn -0.0575 0.9677 0.2456
vn -0.0378 0.9727 0.229
vn -0.0376 0.9738 0.2243
vn 0.4703 0.8352 0.285
vn 0.4193 0.7936 0.441
vn -0.0375 0.9738 0.2244
vn 0.4703 0.8352 0.285
vn -0.0375 0.9738 0.2244
vn -0.0146 0.9798 0.1995
vn 0.4193 0.7936 0.441
vn 0.3287 0.7702 0.5465
vn -0.0574 0.9677 0.2456
vn 0.4193 0.7936 0.441
vn -0.0574 0.9677 0.2456
vn -0.0385 0.9733 0.2262
vn 0.3287 0.7702 0.5465
vn 0.2062 0.749 0.6296
vn 0.0208 0.9574 0.2879
vn 0.3287 0.7702 0.5465
vn 0.0208 0.9574 0.2879
vn -0.0574 0.9677 0.2456
vn 0.0208 0.9574 0.2879
vn -0.0351 0.9408 0.3373
vn -0.064 0.9679 0.2431
vn 0.0208 0.9574 0.2879
vn -0.064 0.9679 0.2431
vn -0.0574 0.9677 0.2457
vn 0.2062 0.749 0.6296
vn 0.0542 0.7377 0.673
vn -0.0351 0.9408 0.3373
vn 0.2062 0.749 0.6296
vn -0.0351 0.9408 0.3373
vn 0.0208 0.9574 0.2879
vn 0.0542 0.7377 0.673
vn -0.1067 0.732 0.6729
vn -0.0577 0.9371 0.3443
vn 0.0542 0.7377 0.673
vn -0.0577 0.9371 0.3443
vn -0.0351 0.9408 0.3372
vn -0.0351 0.9407 0.3373
vn -0.0577 0.9371 0.3443
vn -0.0634 0.9652 0.2538
vn -0.0351 0.9407 0.3373
vn -0.0634 0.9652 0.2538
vn -0.0641 0.9679 0.2431
vn -0.108 0.732 0.6727
vn -0.2481 0.7259 0.6415
vn -0.0912 0.9419 0.3233
vn -0.108 0.732 0.6727
vn -0.0912 0.9419 0.3233
vn -0.0577 0.9371 0.3443
vn -0.0912 0.9419 0.3233
vn -0.0696 0.9451 0.3194
vn -0.0634 0.9652 0.2537
vn -0.0912 0.9419 0.3233
vn -0.0634 0.9652 0.2537
vn -0.0577 0.9371 0.3443
vn -0.0353 0.9588 0.2819
vn -0.059 0.9662 0.2508
vn -0.0617 0.9667 0.2482
vn -0.0353 0.9588 0.2819
vn -0.0617 0.9667 0.2482
vn -0.0634 0.9652 0.2537
vn -0.0617 0.9667 0.2482
vn -0.059 0.9657 0.2528
vn -0.0641 0.9679 0.243
vn -0.0617 0.9667 0.2482
vn -0.0641 0.9679 0.243
vn -0.0634 0.9652 0.2537
vn -0.0353 0.9588 0.2819
vn -0.0634 0.9652 0.2537
vn -0.0696 0.9451 0.3194
vn -0.0353 0.9588 0.2819
vn -0.0696 0.9451 0.3194
vn -0.057 0.9429 0.3282
vn -0.248 0.7259 0.6415
vn -0.3698 0.7319 0.5724
vn -0.0696 0.9451 0.3194
vn -0.248 0.7259 0.6415
vn -0.0696 0.9451 0.3194
vn -0.0912 0.9419 0.3233
vn -0.3665 0.7311 0.5755
vn -0.4414 0.7547 0.4854
vn -0.0571 0.9429 0.3283
vn -0.3665 0.7311 0.5755
vn -0.0571 0.9429 0.3283
vn -0.0696 0.9451 0.3194
vn -0.4415 0.7547 0.4853
vn -0.4798 0.8157 0.3232
vn -0.0493 0.9515 0.3036
vn -0.4415 0.7547 0.4853
vn -0.0493 0.9515 0.3036
vn -0.0571 0.9429 0.3282
vn -0.0353 0.9588 0.2819
vn -0.057 0.9429 0.3282
vn -0.0493 0.9515 0.3036
vn -0.0353 0.9588 0.2819
vn -0.0493 0.9515 0.3036
vn -0.0109 0.9396 0.342
vn -0.4798 0.8157 0.3232
vn -0.5248 0.8431 0.1175
vn -0.0551 0.9953 0.0794
vn -0.4798 0.8157 0.3232
vn -0.0551 0.9953 0.0794
vn -0.0493 0.9516 0.3035
vn -0.0545 0.9956 0.0757
vn -0.0493 0.9516 0.3035
vn -0.055 0.9953 0.0794
vn -0.4654 0.7787 0.4208
vn -0.5328 0.8112 0.2411
vn -0.4799 0.8156 0.3233
vn -0.4654 0.7787 0.4208
vn -0.4799 0.8156 0.3233
vn -0.4416 0.7546 0.4854
vn -0.5329 0.8111 0.241
vn -0.5483 0.8307 0.097
vn -0.525 0.8429 0.1175
vn -0.5329 0.8111 0.241
vn -0.525 0.8429 0.1175
vn -0.4799 0.8157 0.3231
vn -0.3887 0.7412 0.5473
vn -0.4653 0.7787 0.4209
vn -0.4416 0.7545 0.4855
vn -0.3887 0.7412 0.5473
vn -0.4416 0.7545 0.4855
vn -0.3667 0.7309 0.5756
vn -0.254 0.7209 0.6448
vn -0.3886 0.7412 0.5474
vn -0.3666 0.7309 0.5757
vn -0.254 0.7209 0.6448
vn -0.3666 0.7309 0.5757
vn -0.2482 0.7257 0.6416
vn -0.1057 0.7219 0.6838
vn -0.2539 0.7209 0.6449
vn -0.2481 0.7257 0.6417
vn -0.1057 0.7219 0.6838
vn -0.2481 0.7257 0.6417
vn -0.1081 0.7319 0.6728
vn 0.0505 0.9552 0.2915
vn 0.0348 0.9606 0.2758
vn -0.059 0.9662 0.2508
vn 0.0505 0.9552 0.2915
vn -0.059 0.9662 0.2508
vn -0.0353 0.9588 0.2819
vn 0.0358 0.9377 0.3456
vn 0.0505 0.9552 0.2915
vn -0.0353 0.9588 0.2819
vn 0.0358 0.9377 0.3456
vn -0.0353 0.9588 0.2819
vn -0.0109 0.9396 0.342
vn -0.0617 0.9667 0.2482
vn -0.059 0.9662 0.2508
vn -0.0684 0.9445 0.3212
vn -0.0617 0.9667 0.2482
vn -0.0684 0.9445 0.3212
vn -0.056 0.9401 0.3364
vn -0.059 0.9662 0.2508
vn 0.035 0.9609 0.2748
vn -0.0008 0.9373 0.3486
vn -0.059 0.9662 0.2508
vn -0.0008 0.9373 0.3486
vn -0.0684 0.9445 0.3212
vn 0.0566 0.9432 0.3274
vn -0.0006 0.9373 0.3486
vn 0.0351 0.9609 0.2748
vn 0.0566 0.9432 0.3274
vn 0.0351 0.9609 0.2748
vn 0.114 0.9512 0.2869
vn 0.114 0.9512 0.2869
vn 0.0352 0.9609 0.2748
vn 0.0506 0.9552 0.2915
vn 0.114 0.9512 0.2869
vn 0.0506 0.9552 0.2915
vn 0.1395 0.947 0.2893
vn -0.4535 0.8551 0.2514
vn -0.3337 0.8952 0.2955
vn -0.3068 0.9237 0.2294
vn -0.4535 0.8551 0.2514
vn -0.3068 0.9237 0.2294
vn -0.4202 0.8846 0.2022
vn -0.4202 0.8846 0.2021
vn -0.3068 0.9237 0.2294
vn -0.241 0.9558 0.1684
vn -0.4202 0.8846 0.2021
vn -0.241 0.9558 0.1684
vn -0.3608 0.9199 0.1537
vn -0.3607 0.9199 0.1536
vn -0.241 0.9558 0.1684
vn -0.1383 0.9859 0.0942
vn -0.3607 0.9199 0.1536
vn -0.1383 0.9859 0.0942
vn -0.2727 0.9584 0.0837
vn 0.1395 0.947 0.2893
vn 0.0505 0.9552 0.2915
vn 0.0358 0.9377 0.3456
vn -0.1007 0.9944 0.0313
vn -0.2302 0.9731 0.0074
vn -0.2727 0.9585 0.0836
vn -0.1007 0.9944 0.0313
vn -0.2727 0.9585 0.0836
vn -0.1383 0.9859 0.0942
vn -0.6589 0.7519 -0.0218
vn -0.2729 0.9584 0.0835
vn -0.2303 0.9731 0.0074
vn -0.6589 0.7519 -0.0218
vn -0.2303 0.9731 0.0074
vn -0.6583 0.7447 -0.1096
vn -0.6583 0.7447 -0.1097
vn -0.2302 0.9731 0.0074
vn -0.2274 0.9709 -0.0745
vn -0.6583 0.7447 -0.1097
vn -0.2274 0.9709 -0.0745
vn -0.6914 0.6813 -0.2404
vn -0.2272 0.971 -0.0744
vn -0.2302 0.9731 0.0074
vn -0.1007 0.9944 0.0313
vn -0.2272 0.971 -0.0744
vn -0.1007 0.9944 0.0313
vn -0.0968 0.9932 -0.0652
vn -0.0968 0.9932 -0.0652
vn -0.1268 0.946 -0.2984
vn -0.2632 0.9179 -0.2971
vn -0.0968 0.9932 -0.0652
vn -0.2632 0.9179 -0.2971
vn -0.2272 0.971 -0.0746
vn -0.2633 0.9178 -0.2971
vn -0.5771 0.7406 -0.3441
vn -0.6914 0.6813 -0.2404
vn -0.2633 0.9178 -0.2971
vn -0.6914 0.6813 -0.2404
vn -0.2274 0.9709 -0.0746
vn -0.6914 0.6813 -0.2404
vn -0.9194 0.1347 -0.3694
vn -0.9471 0.2208 -0.233
vn -0.6914 0.6813 -0.2404
vn -0.9471 0.2208 -0.233
vn -0.6584 0.7446 -0.1097
vn -0.7878 -0.0346 -0.615
vn -0.9194 0.1346 -0.3696
vn -0.6913 0.6814 -0.2404
vn -0.7878 -0.0346 -0.615
vn -0.6913 0.6814 -0.2404
vn -0.8274 0.0559 -0.5589
vn -0.714 0.2278 -0.6621
vn -0.8273 0.056 -0.5589
vn -0.6913 0.6814 -0.2404
vn -0.714 0.2278 -0.6621
vn -0.6913 0.6814 -0.2404
vn -0.5771 0.7406 -0.3442
vn -0.7138 0.2279 -0.6622
vn -0.5772 0.7405 -0.3442
vn -0.2631 0.9179 -0.2971
vn -0.7138 0.2279 -0.6622
vn -0.2631 0.9179 -0.2971
vn -0.3815 0.4482 -0.8084
vn -0.4504 -0.2939 -0.8431
vn -0.8273 0.0559 -0.559
vn -0.7139 0.2279 -0.6621
vn -0.4504 -0.2939 -0.8431
vn -0.7139 0.2279 -0.6621
vn -0.4756 -0.3672 -0.7993
vn -0.4756 -0.3672 -0.7994
vn -0.7139 0.2279 -0.6621
vn -0.3814 0.4483 -0.8084
vn -0.4756 -0.3672 -0.7994
vn -0.3814 0.4483 -0.8084
vn -0.3147 -0.3199 -0.8937
vn -0.3145 -0.3198 -0.8938
vn -0.3814 0.4483 -0.8084
vn -0.2067 0.4871 -0.8485
vn -0.3145 -0.3198 -0.8938
vn -0.2067 0.4871 -0.8485
vn -0.1759 -0.2202 -0.9595
vn -0.3813 0.4483 -0.8085
vn -0.2632 0.9178 -0.2972
vn -0.1268 0.946 -0.2985
vn -0.3813 0.4483 -0.8085
vn -0.1268 0.946 -0.2985
vn -0.2068 0.4871 -0.8485
vn -0.1759 -0.2202 -0.9595
vn -0.2067 0.4871 -0.8485
vn -0.0973 0.4125 -0.9057
vn -0.1759 -0.2202 -0.9595
vn -0.0973 0.4125 -0.9057
vn -0.1554 -0.1442 -0.9773
vn -0.2066 0.4871 -0.8485
vn -0.1268 0.946 -0.2985
vn -0.0618 0.9519 -0.3002
vn -0.2066 0.4871 -0.8485
vn -0.0618 0.9519 -0.3002
vn -0.0973 0.4127 -0.9057
vn -0.0545 0.0107 -0.9985
vn -0.1887 -0.1025 -0.9767
vn -0.1554 -0.1442 -0.9773
vn -0.0545 0.0107 -0.9985
vn -0.1554 -0.1442 -0.9773
vn -0.0973 0.4125 -0.9057
vn -0.0544 0.0108 -0.9985
vn -0.0973 0.4124 -0.9058
vn -0.0472 0.3234 -0.9451
vn -0.0544 0.0108 -0.9985
vn -0.0472 0.3234 -0.9451
vn -0.0358 -0.0132 -0.9993
vn -0.0973 0.4126 -0.9057
vn -0.0617 0.9519 -0.3002
vn -0.0376 0.9586 -0.2822
vn -0.0973 0.4126 -0.9057
vn -0.0376 0.9586 -0.2822
vn -0.0472 0.3237 -0.945
vn -0.0472 0.3236 -0.945
vn -0.0376 0.9586 -0.2822
vn -0.0206 0.9711 -0.2377
vn -0.0472 0.3236 -0.945
vn -0.0206 0.9711 -0.2377
vn -0.0248 0.3291 -0.944
vn -0.0358 -0.0131 -0.9993
vn -0.0472 0.3234 -0.9451
vn -0.0248 0.3289 -0.9441
vn -0.0358 -0.0131 -0.9993
vn -0.0248 0.3289 -0.9441
vn -0.0202 -0.0125 -0.9997
vn -0.0202 -0.0124 -0.9997
vn -0.0248 0.3289 -0.9441
vn -0.0099 0.3319 -0.9433
vn -0.0202 -0.0124 -0.9997
vn -0.0099 0.3319 -0.9433
vn -0.0072 -0.0147 -0.9999
vn -0.0248 0.3291 -0.944
vn -0.0206 0.9711 -0.2377
vn -0.0098 0.97 -0.2431
vn -0.0248 0.3291 -0.944
vn -0.0098 0.97 -0.2431
vn -0.0099 0.3321 -0.9432
vn -0.0185 -0.1135 -0.9934
vn -0.0202 -0.0126 -0.9997
vn -0.0072 -0.0149 -0.9999
vn -0.0185 -0.1135 -0.9934
vn -0.0072 -0.0149 -0.9999
vn -0.0063 -0.1147 -0.9934
vn -0.0322 -0.109 -0.9935
vn -0.0358 -0.0133 -0.9993
vn -0.0202 -0.0126 -0.9997
vn -0.0322 -0.109 -0.9935
vn -0.0202 -0.0126 -0.9997
vn -0.0185 -0.1135 -0.9934
vn -0.0601 -0.1193 -0.991
vn -0.0544 0.0107 -0.9985
vn -0.0358 -0.0133 -0.9993
vn -0.0601 -0.1193 -0.991
vn -0.0358 -0.0133 -0.9993
vn -0.0322 -0.109 -0.9935
vn -0.0601 -0.1193 -0.991
vn -0.1713 -0.1797 -0.9687
vn -0.1887 -0.1025 -0.9767
vn -0.0601 -0.1193 -0.991
vn -0.1887 -0.1025 -0.9767
vn -0.0545 0.0107 -0.9985
vn -0.1713 -0.1798 -0.9687
vn -0.0602 -0.1194 -0.991
vn -0.2119 -0.3567 -0.9099
vn -0.1713 -0.1798 -0.9687
vn -0.2119 -0.3567 -0.9099
vn -0.1822 -0.2885 -0.94
vn -0.1823 -0.2886 -0.9399
vn -0.212 -0.3568 -0.9098
vn -0.2748 -0.4086 -0.8704
vn -0.1823 -0.2886 -0.9399
vn -0.2748 -0.4086 -0.8704
vn -0.2331 -0.3878 -0.8918
vn -0.2333 -0.3878 -0.8917
vn -0.2749 -0.4086 -0.8703
vn -0.3395 -0.4393 -0.8317
vn -0.9985 0.0539 -0
vn -0.8707 0.4919 -0
vn -0.8707 0.4919 -0
vn -0.9985 0.0539 -0
vn -0.8707 0.4919 -0
vn -0.9822 0.188 -0
vn -0.3096 -0.3105 -0.8987
vn -0.3096 -0.3119 -0.8983
vn -0.3197 -0.3163 -0.8932
vn -0.3096 -0.3105 -0.8987
vn -0.3197 -0.3163 -0.8932
vn -0.3198 -0.3165 -0.893
vn -0.2433 0.3123 -0.9183
vn -0.2433 0.3123 -0.9183
vn -0.3096 -0.312 -0.8982
vn -0.2433 0.3123 -0.9183
vn -0.3096 -0.312 -0.8982
vn -0.3097 -0.3104 -0.8988
vn 0.8853 0.4651 -0
vn 0.9995 -0.0301 -0
vn 0.9999 0.0154 -0
vn 0.8853 0.4651 -0
vn 0.9999 0.0154 -0
vn 0.8853 0.4651 -0
vn 0.9995 -0.0302 -0
vn 0.9357 -0.3529 -0
vn 0.9752 -0.2214 -0
vn 0.9995 -0.0302 -0
vn 0.9752 -0.2214 -0
vn 0.9999 0.0153 -0
vn -0.3198 -0.3164 -0.8931
vn -0.3197 -0.3164 -0.8931
vn -0.3189 -0.3418 -0.884
vn -0.3198 -0.3164 -0.8931
vn -0.3189 -0.3418 -0.884
vn -0.3183 -0.3479 -0.8819
vn 0.9356 -0.3531 -0
vn 0.4683 -0.8836 -0
vn 0.6803 -0.7329 -0
vn 0.9356 -0.3531 -0
vn 0.6803 -0.7329 -0
vn 0.9751 -0.2216 -0
vn -0.3183 -0.3479 -0.8819
vn -0.3189 -0.3419 -0.8839
vn -0.3032 -0.4006 -0.8646
vn -0.3183 -0.3479 -0.8819
vn -0.3032 -0.4006 -0.8646
vn -0.2944 -0.392 -0.8716
vn -0.9793 -0.2022 -0
vn -0.9995 -0.033 -0
vn -0.9994 -0.034 -0
vn -0.9793 -0.2022 -0
vn -0.9994 -0.034 -0
vn -0.9849 -0.1733 -0
vn -0.9994 -0.0336 -0
vn -0.9985 0.0539 -0
vn -0.9822 0.1878 -0
vn -0.9994 -0.0336 -0
vn -0.9822 0.1878 -0
vn -0.9994 -0.034 -0
vn -0.7984 -0.6022 -0
vn -0.9793 -0.2024 -0
vn -0.9848 -0.1735 -0
vn -0.7984 -0.6022 -0
vn -0.9848 -0.1735 -0
vn -0.7913 -0.6114 -0
vn -0.2944 -0.392 -0.8716
vn -0.3032 -0.4006 -0.8646
vn -0.2524 -0.3502 -0.902
vn -0.2944 -0.392 -0.8716
vn -0.2524 -0.3502 -0.902
vn -0.2486 -0.3429 -0.9059
vn -0.2527 -0.9675 -0
vn -0.7982 -0.6024 -0
vn -0.7911 -0.6116 -0
vn -0.2527 -0.9675 -0
vn -0.7911 -0.6116 -0
vn -0.2091 -0.9779 -0
vn -0.2486 -0.3429 -0.9059
vn -0.2524 -0.3501 -0.9021
vn -0.1872 -0.2297 -0.9551
vn -0.2486 -0.3429 -0.9059
vn -0.1872 -0.2297 -0.9551
vn -0.1871 -0.2295 -0.9552
vn 0.4682 -0.8836 -0
vn 0.1822 -0.9833 -0
vn 0.2305 -0.9731 -0
vn 0.4682 -0.8836 -0
vn 0.2305 -0.9731 -0
vn 0.6801 -0.7331 -0
vn 0.1821 -0.9833 -0
vn 0.0414 -0.9991 -0
vn 0.0606 -0.9982 -0
vn 0.1821 -0.9833 -0
vn 0.0606 -0.9982 -0
vn 0.2303 -0.9731 -0
vn 0.0414 -0.9991 -0
vn -0.2525 -0.9676 -0
vn -0.2089 -0.9779 -0
vn 0.0414 -0.9991 -0
vn -0.2089 -0.9779 -0
vn 0.0606 -0.9982 -0
vn -0.7878 -0.0347 -0.615
vn -0.8273 0.056 -0.559
vn -0.4503 -0.2938 -0.8432
vn -0.7878 -0.0347 -0.615
vn -0.4503 -0.2938 -0.8432
vn -0.4096 -0.2487 -0.8777
vn -0.3983 -0.2286 -0.8883
vn -0.7656 -0.1442 -0.627
vn -0.7878 -0.0347 -0.615
vn -0.3983 -0.2286 -0.8883
vn -0.7878 -0.0347 -0.615
vn -0.4096 -0.2487 -0.8777
vn -0.9194 0.1345 -0.3696
vn -0.7878 -0.0348 -0.6149
vn -0.7656 -0.1442 -0.627
vn -0.9194 0.1345 -0.3696
vn -0.7656 -0.1442 -0.627
vn -0.9264 -0.0572 -0.3722
vn -0.9471 0.2207 -0.233
vn -0.9195 0.1345 -0.3694
vn -0.9265 -0.0572 -0.372
vn -0.9471 0.2207 -0.233
vn -0.9265 -0.0572 -0.372
vn -0.9608 -0.0133 -0.2769
vn -0.9429 0.2736 -0.1898
vn -0.9471 0.2207 -0.233
vn -0.9608 -0.0133 -0.2769
vn -0.9429 0.2736 -0.1898
vn -0.9608 -0.0133 -0.2769
vn -0.9664 0.017 -0.2563
vn -0.8935 0.3103 0.3247
vn -0.9101 0.3667 0.1932
vn -0.9707 0.2059 0.1238
vn -0.8935 0.3103 0.3247
vn -0.9707 0.2059 0.1238
vn -0.9545 0.1566 0.2537
vn -0.8559 0.1046 0.5064
vn -0.8382 0.2087 0.5038
vn -0.8934 0.3103 0.3248
vn -0.8559 0.1046 0.5064
vn -0.8934 0.3103 0.3248
vn -0.9545 0.1566 0.2538
vn -0.7118 0.6188 0.3324
vn -0.91 0.3669 0.1933
vn -0.8934 0.3105 0.3248
vn -0.7118 0.6188 0.3324
vn -0.8934 0.3105 0.3248
vn -0.6856 0.5317 0.4972
vn -0.6856 0.5316 0.4973
vn -0.8933 0.3104 0.3249
vn -0.8381 0.209 0.5039
vn -0.6856 0.5316 0.4973
vn -0.8381 0.209 0.5039
vn -0.6405 0.3181 0.699
vn -0.8558 0.1046 0.5066
vn -0.636 0.1422 0.7585
vn -0.6405 0.318 0.699
vn -0.8558 0.1046 0.5066
vn -0.6405 0.318 0.699
vn -0.8381 0.2087 0.504
vn -0.394 0.366 0.8431
vn -0.4356 0.6356 0.6374
vn -0.6855 0.5317 0.4974
vn -0.394 0.366 0.8431
vn -0.6855 0.5317 0.4974
vn -0.6403 0.3182 0.6991
vn -0.3795 0.1777 0.908
vn -0.394 0.3658 0.8432
vn -0.6403 0.318 0.6992
vn -0.3795 0.1777 0.908
vn -0.6403 0.318 0.6992
vn -0.6358 0.1422 0.7586
vn -0.1083 0.1916 0.9755
vn -0.1264 0.3748 0.9185
vn -0.3938 0.3658 0.8433
vn -0.1083 0.1916 0.9755
vn -0.3938 0.3658 0.8433
vn -0.3793 0.1777 0.9081
vn 0.1866 0.191 0.9637
vn 0.1563 0.3558 0.9214
vn -0.1262 0.3748 0.9185
vn 0.1866 0.191 0.9637
vn -0.1262 0.3748 0.9185
vn -0.1081 0.1916 0.9755
vn 0.1563 0.356 0.9213
vn 0.1205 0.6036 0.7882
vn -0.1662 0.6567 0.7356
vn 0.1563 0.356 0.9213
vn -0.1662 0.6567 0.7356
vn -0.1262 0.375 0.9184
vn -0.3938 0.366 0.8432
vn -0.1264 0.375 0.9184
vn -0.1664 0.6567 0.7356
vn -0.3938 0.366 0.8432
vn -0.1664 0.6567 0.7356
vn -0.4354 0.6356 0.6375
vn -0.4354 0.6358 0.6374
vn -0.1664 0.6568 0.7355
vn -0.1869 0.8045 0.5638
vn -0.4354 0.6358 0.6374
vn -0.1869 0.8045 0.5638
vn -0.4608 0.7607 0.4571
vn 0.1205 0.6037 0.788
vn 0.0588 0.7479 0.6612
vn -0.1867 0.8044 0.5639
vn 0.1205 0.6037 0.788
vn -0.1867 0.8044 0.5639
vn -0.1662 0.6568 0.7355
vn 0.1207 0.6035 0.7881
vn 0.1565 0.356 0.9213
vn 0.5789 0.2573 0.7737
vn 0.1207 0.6035 0.7881
vn 0.5789 0.2573 0.7737
vn 0.5775 0.3706 0.7274
vn 0.059 0.7479 0.6612
vn 0.1207 0.6036 0.7881
vn 0.5775 0.3707 0.7274
vn 0.059 0.7479 0.6612
vn 0.5775 0.3707 0.7274
vn 0.4625 0.4993 0.7327
vn 0.0588 0.748 0.6611
vn 0.0155 0.8666 0.4988
vn -0.0286 0.899 0.4371
vn 0.0588 0.748 0.6611
vn -0.0286 0.899 0.4371
vn -0.1867 0.8046 0.5638
vn 0.0157 0.8665 0.4989
vn 0.059 0.7479 0.6611
vn 0.4625 0.4994 0.7326
vn 0.0157 0.8665 0.4989
vn 0.4625 0.4994 0.7326
vn 0.2402 0.7153 0.6563
vn -0.0007 0.9372 0.3487
vn 0.0565 0.9432 0.3275
vn -0.0286 0.899 0.437
vn -0.0007 0.9372 0.3487
vn -0.0286 0.899 0.437
vn 0.0156 0.8666 0.4987
vn -0.0007 0.9372 0.3488
vn 0.0157 0.8666 0.4988
vn 0.2402 0.7154 0.6561
vn -0.0007 0.9372 0.3488
vn 0.2402 0.7154 0.6561
vn 0.1029 0.8014 0.5891
vn 0.4789 0.3483 0.8058
vn 0.1029 0.8015 0.5891
vn 0.2403 0.7153 0.6562
vn 0.4789 0.3483 0.8058
vn 0.2403 0.7153 0.6562
vn 0.6149 0.2802 0.7371
vn 0.615 0.2802 0.7371
vn 0.2403 0.7153 0.6562
vn 0.4627 0.4992 0.7326
vn 0.615 0.2802 0.7371
vn 0.4627 0.4992 0.7326
vn 0.7433 0.193 0.6405
vn 0.7433 0.1931 0.6404
vn 0.4626 0.4993 0.7326
vn 0.5777 0.3705 0.7273
vn 0.7433 0.1931 0.6404
vn 0.5777 0.3705 0.7273
vn 0.7804 0.1681 0.6023
vn 0.7803 0.1681 0.6023
vn 0.5777 0.3705 0.7273
vn 0.5791 0.2571 0.7736
vn 0.7803 0.1681 0.6023
vn 0.5791 0.2571 0.7736
vn 0.6235 0.1692 0.7633
vn 0.6233 0.1692 0.7635
vn 0.5789 0.2571 0.7738
vn 0.1565 0.3558 0.9214
vn 0.6233 0.1692 0.7635
vn 0.1565 0.3558 0.9214
vn 0.1868 0.191 0.9637
vn 0.103 0.8014 0.5892
vn 0.4788 0.3483 0.8059
vn 0.2773 0.3369 0.8998
vn 0.103 0.8014 0.5892
vn 0.2773 0.3369 0.8998
vn -0.0293 0.8117 0.5833
vn -0.0293 0.8117 0.5833
vn 0.2772 0.3369 0.8998
vn 0.0352 0.3668 0.9296
vn -0.0293 0.8117 0.5833
vn 0.0352 0.3668 0.9296
vn -0.0277 0.707 0.7067
vn -0.0277 0.7069 0.7068
vn 0.0351 0.3668 0.9296
vn -0.0134 0.3722 0.9281
vn -0.0277 0.7069 0.7068
vn -0.0134 0.3722 0.9281
vn -0.0301 0.6918 0.7215
vn -0.0301 0.6918 0.7215
vn -0.0134 0.3722 0.928
vn -0.0076 0.3311 0.9436
vn -0.0301 0.6918 0.7215
vn -0.0076 0.3311 0.9436
vn -0.0228 0.6746 0.7378
vn -0.0228 0.6746 0.7379
vn -0.0076 0.3311 0.9436
vn -0 0.3027 0.9531
vn -0.0228 0.6746 0.7379
vn -0 0.3027 0.9531
vn -0 0.6709 0.7415
vn 0.0228 0.6746 0.7379
vn -0 0.6709 0.7415
vn -0 0.3027 0.9531
vn 0.0228 0.6746 0.7379
vn -0 0.3027 0.9531
vn 0.0076 0.3311 0.9436
vn 0.0301 0.6918 0.7215
vn 0.0228 0.6746 0.7378
vn 0.0076 0.3311 0.9436
vn 0.0301 0.6918 0.7215
vn 0.0076 0.3311 0.9436
vn 0.0134 0.3723 0.928
vn 0.0277 0.7069 0.7068
vn 0.0301 0.6918 0.7215
vn 0.0134 0.3723 0.928
vn 0.0277 0.7069 0.7068
vn 0.0134 0.3723 0.928
vn -0.0351 0.3669 0.9296
vn 0.0293 0.8117 0.5833
vn 0.0277 0.707 0.7067
vn -0.0352 0.3669 0.9296
vn 0.0293 0.8117 0.5833
vn -0.0352 0.3669 0.9296
vn -0.277 0.3369 0.8999
vn -0.103 0.8014 0.5892
vn 0.0294 0.8117 0.5833
vn -0.277 0.3369 0.8999
vn -0.103 0.8014 0.5892
vn -0.277 0.3369 0.8999
vn -0.4788 0.3483 0.8059
vn -0.4789 0.3483 0.8058
vn -0.6149 0.2801 0.7371
vn -0.2403 0.7153 0.6562
vn -0.4789 0.3483 0.8058
vn -0.2403 0.7153 0.6562
vn -0.1029 0.8015 0.5891
vn -0.615 0.2801 0.7371
vn -0.7433 0.193 0.6405
vn -0.4627 0.4992 0.7326
vn -0.615 0.2801 0.7371
vn -0.4627 0.4992 0.7326
vn -0.2403 0.7153 0.6562
vn -0.7433 0.1931 0.6404
vn -0.7806 0.1677 0.6021
vn -0.5777 0.3705 0.7273
vn -0.7433 0.1931 0.6404
vn -0.5777 0.3705 0.7273
vn -0.4626 0.4993 0.7326
vn -0.7806 0.1677 0.6021
vn -0.6235 0.1692 0.7633
vn -0.5791 0.2571 0.7736
vn -0.7806 0.1677 0.6021
vn -0.5791 0.2571 0.7736
vn -0.5777 0.3705 0.7273
vn -0.6233 0.1692 0.7635
vn -0.1868 0.191 0.9636
vn -0.1565 0.3559 0.9213
vn -0.6233 0.1692 0.7635
vn -0.1565 0.3559 0.9213
vn -0.5789 0.2571 0.7738
vn -0.1866 0.191 0.9637
vn 0.1081 0.1916 0.9755
vn 0.1262 0.3748 0.9185
vn -0.1866 0.191 0.9637
vn 0.1262 0.3748 0.9185
vn -0.1564 0.3558 0.9214
vn 0.1083 0.1916 0.9755
vn 0.3793 0.1777 0.9081
vn 0.3938 0.3657 0.8433
vn 0.1083 0.1916 0.9755
vn 0.3938 0.3657 0.8433
vn 0.1264 0.3748 0.9185
vn 0.3795 0.1777 0.908
vn 0.6358 0.1422 0.7586
vn 0.6403 0.318 0.6992
vn 0.3795 0.1777 0.908
vn 0.6403 0.318 0.6992
vn 0.394 0.3657 0.8432
vn 0.8558 0.1046 0.5066
vn 0.8381 0.2086 0.504
vn 0.6404 0.318 0.6991
vn 0.8558 0.1046 0.5066
vn 0.6404 0.318 0.6991
vn 0.636 0.1422 0.7585
vn 0.8559 0.1046 0.5064
vn 0.9545 0.1566 0.2538
vn 0.8934 0.3103 0.3249
vn 0.8559 0.1046 0.5064
vn 0.8934 0.3103 0.3249
vn 0.8382 0.2086 0.5038
vn 0.8934 0.3103 0.3248
vn 0.9545 0.1566 0.2537
vn 0.9707 0.2059 0.1238
vn 0.8934 0.3103 0.3248
vn 0.9707 0.2059 0.1238
vn 0.9101 0.3667 0.1932
vn 0.9429 0.2736 -0.1898
vn 0.9664 0.017 -0.2563
vn 0.9608 -0.0133 -0.2769
vn 0.9429 0.2736 -0.1898
vn 0.9608 -0.0133 -0.2769
vn 0.9471 0.2207 -0.233
vn 0.9471 0.2207 -0.233
vn 0.9608 -0.0133 -0.2769
vn 0.9265 -0.0572 -0.372
vn 0.9471 0.2207 -0.233
vn 0.9265 -0.0572 -0.372
vn 0.9195 0.1345 -0.3695
vn 0.9194 0.1345 -0.3696
vn 0.9264 -0.0572 -0.3722
vn 0.7656 -0.1442 -0.627
vn 0.9194 0.1345 -0.3696
vn 0.7656 -0.1442 -0.627
vn 0.7878 -0.0347 -0.6149
vn 0.3983 -0.2286 -0.8883
vn 0.4096 -0.2487 -0.8777
vn 0.7878 -0.0346 -0.615
vn 0.3983 -0.2286 -0.8883
vn 0.7878 -0.0346 -0.615
vn 0.7656 -0.1442 -0.627
vn -0.8853 0.4651 -0
vn -0.8853 0.4651 -0
vn -0.9999 0.0154 -0
vn -0.8853 0.4651 -0
vn -0.9999 0.0154 -0
vn -0.9995 -0.0301 -0
vn 0.3096 -0.3119 -0.8983
vn 0.3096 -0.3105 -0.8987
vn 0.3198 -0.3165 -0.8931
vn 0.3096 -0.3119 -0.8983
vn 0.3198 -0.3165 -0.8931
vn 0.3197 -0.3163 -0.8932
vn 0.2433 0.3123 -0.9183
vn 0.3095 -0.3104 -0.8988
vn 0.3097 -0.312 -0.8982
vn 0.2433 0.3123 -0.9183
vn 0.3097 -0.312 -0.8982
vn 0.2433 0.3123 -0.9183
vn 0.9985 0.0539 -0
vn 0.9822 0.188 -0
vn 0.8707 0.4919 -0
vn 0.9985 0.0539 -0
vn 0.8707 0.4919 -0
vn 0.8707 0.4919 -0
vn 0.2333 -0.3878 -0.8917
vn 0.3395 -0.4393 -0.8317
vn 0.2749 -0.4086 -0.8703
vn 0.1823 -0.2886 -0.9399
vn 0.2331 -0.3878 -0.8918
vn 0.2748 -0.4086 -0.8704
vn 0.1823 -0.2886 -0.9399
vn 0.2748 -0.4086 -0.8704
vn 0.212 -0.3569 -0.9098
vn 0.1713 -0.1799 -0.9687
vn 0.1822 -0.2885 -0.94
vn 0.2119 -0.3568 -0.9098
vn 0.1713 -0.1799 -0.9687
vn 0.2119 -0.3568 -0.9098
vn 0.0602 -0.1194 -0.991
vn 0.0601 -0.1193 -0.991
vn 0.0545 0.0107 -0.9985
vn 0.1887 -0.1025 -0.9767
vn 0.0601 -0.1193 -0.991
vn 0.1887 -0.1025 -0.9767
vn 0.1713 -0.1798 -0.9687
vn 0.0601 -0.1193 -0.991
vn 0.0322 -0.109 -0.9935
vn 0.0358 -0.0133 -0.9993
vn 0.0601 -0.1193 -0.991
vn 0.0358 -0.0133 -0.9993
vn 0.0544 0.0107 -0.9985
vn 0.0322 -0.109 -0.9935
vn 0.0185 -0.1135 -0.9934
vn 0.0202 -0.0126 -0.9997
vn 0.0322 -0.109 -0.9935
vn 0.0202 -0.0126 -0.9997
vn 0.0358 -0.0133 -0.9993
vn 0.0185 -0.1135 -0.9934
vn 0.0063 -0.1147 -0.9934
vn 0.0072 -0.0149 -0.9999
vn 0.0185 -0.1135 -0.9934
vn 0.0072 -0.0149 -0.9999
vn 0.0202 -0.0126 -0.9997
vn 0.0063 -0.1147 -0.9934
vn -0 -0.1154 -0.9933
vn -0 -0.0163 -0.9999
vn 0.0063 -0.1147 -0.9934
vn -0 -0.0163 -0.9999
vn 0.0072 -0.0149 -0.9999
vn -0.0063 -0.1147 -0.9934
vn -0.0072 -0.0149 -0.9999
vn -0 -0.0163 -0.9999
vn -0.0063 -0.1147 -0.9934
vn -0 -0.0163 -0.9999
vn -0 -0.1154 -0.9933
vn -0.0072 -0.0147 -0.9999
vn -0.0099 0.3319 -0.9433
vn -0 0.3271 -0.945
vn -0.0072 -0.0147 -0.9999
vn -0 0.3271 -0.945
vn -0 -0.0161 -0.9999
vn 0.0072 -0.0147 -0.9999
vn -0 -0.0161 -0.9999
vn -0 0.3271 -0.945
vn 0.0072 -0.0147 -0.9999
vn -0 0.3271 -0.945
vn 0.0099 0.3319 -0.9433
vn -0.0099 0.3321 -0.9432
vn -0.0097 0.97 -0.2431
vn 0.0001 0.9632 -0.2688
vn -0.0099 0.3321 -0.9432
vn 0.0001 0.9632 -0.2688
vn -0 0.3274 -0.9449
vn 0.0099 0.3321 -0.9432
vn -0 0.3274 -0.9449
vn -0 0.9632 -0.2688
vn 0.0099 0.3321 -0.9432
vn -0 0.9632 -0.2688
vn 0.0097 0.97 -0.2431
vn 0.0248 0.3291 -0.944
vn 0.0099 0.3321 -0.9432
vn 0.0097 0.97 -0.2431
vn 0.0248 0.3291 -0.944
vn 0.0097 0.97 -0.2431
vn 0.0207 0.9711 -0.2377
vn 0.0202 -0.0124 -0.9997
vn 0.0072 -0.0147 -0.9999
vn 0.0099 0.3319 -0.9433
vn 0.0202 -0.0124 -0.9997
vn 0.0099 0.3319 -0.9433
vn 0.0248 0.3289 -0.9441
vn 0.0472 0.3236 -0.945
vn 0.0248 0.3291 -0.944
vn 0.0206 0.9711 -0.2377
vn 0.0472 0.3236 -0.945
vn 0.0206 0.9711 -0.2377
vn 0.0376 0.9586 -0.2822
vn 0.0358 -0.0131 -0.9993
vn 0.0202 -0.0125 -0.9997
vn 0.0248 0.3289 -0.9441
vn 0.0358 -0.0131 -0.9993
vn 0.0248 0.3289 -0.9441
vn 0.0472 0.3234 -0.9451
vn 0.0544 0.0108 -0.9985
vn 0.0358 -0.0132 -0.9993
vn 0.0472 0.3234 -0.9451
vn 0.0544 0.0108 -0.9985
vn 0.0472 0.3234 -0.9451
vn 0.0973 0.4124 -0.9058
vn 0.0973 0.4126 -0.9057
vn 0.0472 0.3237 -0.945
vn 0.0376 0.9586 -0.2822
vn 0.0973 0.4126 -0.9057
vn 0.0376 0.9586 -0.2822
vn 0.0618 0.9519 -0.3002
vn 0.0438 0.9972 -0.06
vn 0.0618 0.9519 -0.3002
vn 0.0376 0.9586 -0.2822
vn 0.0438 0.9972 -0.06
vn 0.0376 0.9586 -0.2822
vn 0.026 0.9973 -0.0681
vn 0.026 0.9973 -0.0681
vn 0.0376 0.9586 -0.2822
vn 0.0206 0.9711 -0.2377
vn 0.026 0.9973 -0.0681
vn 0.0206 0.9711 -0.2377
vn 0.0156 0.9979 -0.0635
vn 0.0202 0.9997 -0.0162
vn 0.026 0.9973 -0.0681
vn 0.0156 0.9979 -0.0635
vn 0.0202 0.9997 -0.0162
vn 0.0156 0.9979 -0.0635
vn 0.0143 0.9998 -0.0155
vn 0.026 0.9973 -0.0681
vn 0.025 0.9997 -0.0079
vn 0.024 0.9997 -0.0005
vn 0.026 0.9973 -0.0681
vn 0.024 0.9997 -0.0005
vn 0.0438 0.9972 -0.06
vn 0.0282 0.9995 -0.0132
vn 0.025 0.9997 -0.0079
vn 0.026 0.9973 -0.0681
vn 0.0282 0.9995 -0.0132
vn 0.026 0.9973 -0.0681
vn 0.0202 0.9997 -0.0162
vn 0.355 0.9041 -0.2379
vn 0.0241 0.9997 -0.0006
vn 0.025 0.9997 -0.0079
vn 0.355 0.9041 -0.2379
vn 0.025 0.9997 -0.0079
vn 0.2344 0.9349 -0.2666
vn 0.2344 0.9349 -0.2666
vn 0.025 0.9997 -0.0079
vn 0.0282 0.9995 -0.0133
vn 0.2344 0.9349 -0.2666
vn 0.0282 0.9995 -0.0133
vn 0.1327 0.9532 -0.2718
vn 0.1346 0.9531 -0.271
vn 0.0282 0.9995 -0.0133
vn 0.0202 0.9997 -0.0162
vn 0.1346 0.9531 -0.271
vn 0.0202 0.9997 -0.0162
vn 0.0481 0.9645 -0.2599
vn 0.251 0.9186 -0.3054
vn 0.2346 0.9348 -0.2668
vn 0.1329 0.9531 -0.272
vn 0.251 0.9186 -0.3054
vn 0.1329 0.9531 -0.272
vn 0.1465 0.9347 -0.324
vn 0.1464 0.9347 -0.324
vn 0.1328 0.9531 -0.2721
vn 0.0482 0.9644 -0.2601
vn 0.1464 0.9347 -0.324
vn 0.0482 0.9644 -0.2601
vn 0.0512 0.9465 -0.3185
vn 0.0511 0.9465 -0.3185
vn 0.0481 0.9644 -0.2601
vn -0.0234 0.9709 -0.2385
vn 0.0511 0.9465 -0.3185
vn -0.0234 0.9709 -0.2385
vn -0.0336 0.954 -0.298
vn 0.0504 0.9644 -0.2596
vn 0.0202 0.9997 -0.0162
vn 0.0143 0.9998 -0.0155
vn 0.0504 0.9644 -0.2596
vn 0.0143 0.9998 -0.0155
vn -0.0234 0.9709 -0.2383
vn -0.0337 0.954 -0.298
vn -0.0235 0.9709 -0.2385
vn -0.0889 0.9727 -0.2145
vn -0.0337 0.954 -0.298
vn -0.0889 0.9727 -0.2145
vn -0.1119 0.956 -0.2712
vn -0.0228 0.9709 -0.2383
vn 0.0143 0.9998 -0.0155
vn 0.0038 1 -0.0077
vn -0.0228 0.9709 -0.2383
vn 0.0038 1 -0.0077
vn -0.0889 0.9727 -0.2143
vn 0.0156 0.9979 -0.0635
vn 0.0038 1 -0.0077
vn 0.0143 0.9998 -0.0155
vn -0.0907 0.9727 -0.2135
vn 0.0038 1 -0.0077
vn 0.0006 1 -0.0015
vn -0.0907 0.9727 -0.2135
vn 0.0006 1 -0.0015
vn -0.1571 0.9694 -0.1885
vn 0.0049 0.9987 -0.0504
vn 0.0006 1 -0.0015
vn 0.0038 1 -0.0077
vn 0.0049 0.9987 -0.0504
vn 0.0038 1 -0.0077
vn 0.0156 0.9979 -0.0635
vn -0.1571 0.9694 -0.1885
vn 0.0006 1 -0.0015
vn -0.0049 0.9999 0.0121
vn -0.1571 0.9694 -0.1885
vn -0.0049 0.9999 0.0121
vn -0.2413 0.9572 -0.1599
vn -0.0024 0.9996 0.0287
vn -0.0049 0.9999 0.0121
vn 0.0006 1 -0.0015
vn -0.0024 0.9996 0.0287
vn 0.0006 1 -0.0015
vn 0.0049 0.9987 -0.0504
vn -0.0024 0.9996 0.0287
vn 0.0049 0.9987 -0.0504
vn -0 0.9991 -0.0421
vn -0.0024 0.9996 0.0287
vn -0 0.9991 -0.0421
vn -0 0.9993 0.0368
vn 0.0049 0.9987 -0.0504
vn 0.0097 0.97 -0.2431
vn -0 0.9632 -0.2688
vn 0.0049 0.9987 -0.0504
vn -0 0.9632 -0.2688
vn -0 0.9991 -0.0421
vn 0.0156 0.9979 -0.0635
vn 0.0206 0.9711 -0.2377
vn 0.0097 0.97 -0.2431
vn 0.0156 0.9979 -0.0635
vn 0.0097 0.97 -0.2431
vn 0.0049 0.9987 -0.0504
vn -0 0.9982 0.0606
vn -0.0038 0.9981 0.0612
vn -0.0024 0.9996 0.0287
vn -0 0.9982 0.0606
vn -0.0024 0.9996 0.0287
vn -0 0.9993 0.0368
vn -0.0258 0.9981 0.056
vn -0.0024 0.9996 0.0287
vn -0.0038 0.9981 0.0612
vn -0.0258 0.9981 0.056
vn -0.0038 0.9981 0.0612
vn -0.029 0.9975 0.0638
vn -0.0119 0.9991 0.0404
vn -0.0049 0.9999 0.0121
vn -0.0024 0.9996 0.0287
vn -0.0119 0.9991 0.0404
vn -0.0024 0.9996 0.0287
vn -0.0258 0.9981 0.056
vn -0.3458 0.9316 -0.1122
vn -0.0119 0.9991 0.0404
vn -0.0259 0.9981 0.0559
vn -0.3458 0.9316 -0.1122
vn -0.0259 0.9981 0.0559
vn -0.4338 0.9007 -0.0219
vn -0.4338 0.9008 -0.0218
vn -0.026 0.9981 0.056
vn -0.0291 0.9975 0.0638
vn -0.4338 0.9008 -0.0218
vn -0.0291 0.9975 0.0638
vn -0.4758 0.8737 0.1018
vn -0.2413 0.9572 -0.1598
vn -0.0049 0.9999 0.0121
vn -0.0119 0.9991 0.0404
vn -0.2413 0.9572 -0.1598
vn -0.0119 0.9991 0.0404
vn -0.3458 0.9316 -0.1123
vn -0.2779 0.9396 -0.1999
vn -0.2415 0.9571 -0.16
vn -0.346 0.9315 -0.1124
vn -0.2779 0.9396 -0.1999
vn -0.346 0.9315 -0.1124
vn -0.3675 0.9196 -0.1389
vn -0.3675 0.9196 -0.1388
vn -0.3461 0.9315 -0.1123
vn -0.434 0.9006 -0.022
vn -0.3675 0.9196 -0.1388
vn -0.434 0.9006 -0.022
vn -0.4336 0.8996 -0.0516
vn -0.3673 0.9197 -0.1388
vn 0.5797 0.7774 0.2441
vn 0.4968 0.7774 0.3859
vn -0.3673 0.9197 -0.1388
vn 0.4968 0.7774 0.3859
vn -0.2777 0.9397 -0.1998
vn -0.4335 0.8997 -0.0515
vn 0.6231 0.7774 0.0857
vn 0.5797 0.7774 0.2441
vn -0.4335 0.8997 -0.0515
vn 0.5797 0.7774 0.2441
vn -0.3673 0.9197 -0.1388
vn -0.4336 0.8996 -0.0515
vn -0.434 0.9006 -0.0219
vn -0.476 0.8735 0.1017
vn -0.4336 0.8996 -0.0515
vn -0.476 0.8735 0.1017
vn -0.4775 0.8754 0.0746
vn -0.4774 0.8755 0.0747
vn 0.624 0.7774 -0.0784
vn 0.6231 0.7774 0.0857
vn -0.4774 0.8755 0.0747
vn 0.6231 0.7774 0.0857
vn -0.4335 0.8997 -0.0515
vn 0.9103 0.3947 0.125
vn 0.6229 0.7776 0.0856
vn 0.6238 0.7776 -0.0784
vn 0.9103 0.3947 0.125
vn 0.6238 0.7776 -0.0784
vn 0.9116 0.3947 -0.115
vn 0.8469 0.3947 0.3563
vn 0.5795 0.7776 0.2441
vn 0.6229 0.7776 0.0857
vn 0.8469 0.3947 0.3563
vn 0.6229 0.7776 0.0857
vn 0.9103 0.3947 0.1251
vn 0.8909 0.4375 0.1219
vn 0.8291 0.4375 0.3481
vn 0.8468 0.3949 0.3563
vn 0.8909 0.4375 0.1219
vn 0.8468 0.3949 0.3563
vn 0.9102 0.3948 0.1252
vn 0.8921 0.4375 -0.1129
vn 0.8909 0.4375 0.1217
vn 0.9102 0.3949 0.125
vn 0.8921 0.4375 -0.1129
vn 0.9102 0.3949 0.125
vn 0.9115 0.3948 -0.1149
vn 0.829 0.4375 0.3483
vn 0.7108 0.4375 0.5508
vn 0.726 0.3949 0.5631
vn 0.829 0.4375 0.3483
vn 0.726 0.3949 0.5631
vn 0.8467 0.3948 0.3565
vn 0.726 0.3947 0.5631
vn 0.4966 0.7776 0.3857
vn 0.5795 0.7776 0.244
vn 0.726 0.3947 0.5631
vn 0.5795 0.7776 0.244
vn 0.8469 0.3947 0.3564
vn 0.7106 0.4375 0.551
vn 0.544 0.4375 0.716
vn 0.5555 0.3949 0.7318
vn 0.7106 0.4375 0.551
vn 0.5555 0.3949 0.7318
vn 0.7258 0.3948 0.5633
vn 0.5555 0.3947 0.7319
vn 0.3799 0.7775 0.5012
vn 0.4966 0.7776 0.3857
vn 0.5555 0.3947 0.7319
vn 0.4966 0.7776 0.3857
vn 0.7259 0.3947 0.5632
vn -0.2777 0.9397 -0.1998
vn 0.4968 0.7774 0.3858
vn 0.3801 0.7773 0.5013
vn -0.2777 0.9397 -0.1998
vn 0.3801 0.7773 0.5013
vn -0.1914 0.9516 -0.2403
vn -0.1914 0.9516 -0.2403
vn 0.38 0.7773 0.5014
vn 0.2373 0.7772 0.5828
vn -0.1914 0.9516 -0.2403
vn 0.2373 0.7772 0.5828
vn -0.1119 0.9561 -0.271
vn 0.3469 0.3948 0.8508
vn 0.2372 0.7774 0.5826
vn 0.3799 0.7775 0.5012
vn 0.3469 0.3948 0.8508
vn 0.3799 0.7775 0.5012
vn 0.5554 0.3947 0.7319
vn -0.1119 0.9561 -0.271
vn 0.2373 0.7772 0.5828
vn 0.0785 0.7771 0.6245
vn -0.1119 0.9561 -0.271
vn 0.0785 0.7771 0.6245
vn -0.0336 0.9541 -0.2977
vn 0.1149 0.3948 0.9116
vn 0.0785 0.7772 0.6243
vn 0.2373 0.7774 0.5826
vn 0.1149 0.3948 0.9116
vn 0.2373 0.7774 0.5826
vn 0.3468 0.3948 0.8508
vn 0.5438 0.4375 0.7162
vn 0.3401 0.4376 0.8324
vn 0.3469 0.3949 0.8507
vn 0.5438 0.4375 0.7162
vn 0.3469 0.3949 0.8507
vn 0.5553 0.3948 0.732
vn 0.3399 0.4376 0.8325
vn 0.1131 0.4376 0.892
vn 0.1149 0.395 0.9115
vn 0.3399 0.4376 0.8325
vn 0.1149 0.395 0.9115
vn 0.3467 0.3949 0.8508
vn 0.1147 0.3949 0.9115
vn 0.1129 0.4376 0.892
vn -0.1217 0.4376 0.8909
vn 0.1147 0.3949 0.9115
vn -0.1217 0.4376 0.8909
vn -0.1248 0.395 0.9102
vn -0.1248 0.3948 0.9103
vn -0.0858 0.7772 0.6234
vn 0.0785 0.7773 0.6243
vn -0.1248 0.3948 0.9103
vn 0.0785 0.7773 0.6243
vn 0.1148 0.3948 0.9116
vn -0.1219 0.4376 0.8909
vn -0.3481 0.4377 0.829
vn -0.356 0.395 0.8469
vn -0.1219 0.4376 0.8909
vn -0.356 0.395 0.8469
vn -0.125 0.3949 0.9102
vn -0.356 0.3948 0.847
vn -0.2443 0.7771 0.5801
vn -0.0858 0.7772 0.6234
vn -0.356 0.3948 0.847
vn -0.0858 0.7772 0.6234
vn -0.1249 0.3948 0.9103
vn 0.0785 0.7771 0.6245
vn -0.0858 0.777 0.6236
vn 0.0511 0.9466 -0.3183
vn 0.0785 0.7771 0.6245
vn 0.0511 0.9466 -0.3183
vn -0.0336 0.9541 -0.2978
vn 0.0511 0.9466 -0.3183
vn -0.0858 0.777 0.6236
vn -0.2443 0.7769 0.5803
vn 0.0511 0.9466 -0.3183
vn -0.2443 0.7769 0.5803
vn 0.1463 0.9347 -0.3238
vn -0.2443 0.7769 0.5803
vn -0.3862 0.7768 0.4974
vn 0.2509 0.9187 -0.3051
vn -0.2443 0.7769 0.5803
vn 0.2509 0.9187 -0.3051
vn 0.1463 0.9347 -0.3238
vn -0.5633 0.3949 0.7258
vn -0.3861 0.777 0.4972
vn -0.2443 0.7771 0.5801
vn -0.5633 0.3949 0.7258
vn -0.2443 0.7771 0.5801
vn -0.3561 0.3948 0.847
vn 0.2509 0.9187 -0.3051
vn -0.3862 0.7768 0.4974
vn -0.5019 0.7768 0.3805
vn 0.2509 0.9187 -0.3051
vn -0.5019 0.7768 0.3805
vn 0.3543 0.8992 -0.2568
vn -0.7319 0.3949 0.5553
vn -0.5017 0.7769 0.3804
vn -0.3861 0.777 0.4972
vn -0.7319 0.3949 0.5553
vn -0.3861 0.777 0.4972
vn -0.5634 0.3949 0.7257
vn -0.3562 0.3949 0.8468
vn -0.3483 0.4377 0.8289
vn -0.5508 0.4377 0.7107
vn -0.3562 0.3949 0.8468
vn -0.5508 0.4377 0.7107
vn -0.5633 0.395 0.7257
vn -0.551 0.4377 0.7105
vn -0.716 0.4377 0.5439
vn -0.7319 0.395 0.5553
vn -0.551 0.4377 0.7105
vn -0.7319 0.395 0.5553
vn -0.5635 0.395 0.7256
vn -0.7161 0.4377 0.5437
vn -0.8323 0.4377 0.3401
vn -0.8506 0.3951 0.3471
vn -0.7161 0.4377 0.5437
vn -0.8506 0.3951 0.3471
vn -0.732 0.395 0.5551
vn -0.8506 0.3949 0.3471
vn -0.5832 0.7768 0.2375
vn -0.5017 0.7769 0.3804
vn -0.8506 0.3949 0.3471
vn -0.5017 0.7769 0.3804
vn -0.732 0.3949 0.5552
vn -0.8324 0.4377 0.3399
vn -0.892 0.4377 0.113
vn -0.9114 0.395 0.1151
vn -0.8324 0.4377 0.3399
vn -0.9114 0.395 0.1151
vn -0.8507 0.395 0.3469
vn -0.9115 0.3949 0.1151
vn -0.6248 0.7768 0.0785
vn -0.5832 0.7768 0.2376
vn -0.9115 0.3949 0.1151
vn -0.5832 0.7768 0.2376
vn -0.8507 0.3949 0.347
vn 0.3543 0.8992 -0.2568
vn -0.5019 0.7768 0.3805
vn -0.5834 0.7767 0.2377
vn 0.3543 0.8992 -0.2568
vn -0.5834 0.7767 0.2377
vn 0.4419 0.8803 -0.1728
vn 0.4419 0.8803 -0.1728
vn -0.5834 0.7767 0.2376
vn -0.625 0.7767 0.0785
vn 0.4419 0.8803 -0.1728
vn -0.625 0.7767 0.0785
vn 0.502 0.863 -0.0562
vn 0.502 0.863 -0.0562
vn -0.625 0.7767 0.0785
vn -0.624 0.7767 -0.0859
vn 0.502 0.863 -0.0562
vn -0.624 0.7767 -0.0859
vn 0.5482 0.8307 0.0969
vn -0.9102 0.3949 -0.1249
vn -0.6238 0.7769 -0.0859
vn -0.6248 0.7768 0.0784
vn -0.9102 0.3949 -0.1249
vn -0.6248 0.7768 0.0784
vn -0.9115 0.3949 0.115
vn 0.5482 0.8307 0.0969
vn -0.624 0.7767 -0.086
vn -0.5805 0.7767 -0.2444
vn 0.5482 0.8307 0.0969
vn -0.5805 0.7767 -0.2444
vn 0.5329 0.8111 0.241
vn -0.8469 0.3949 -0.3562
vn -0.5803 0.7769 -0.2443
vn -0.6238 0.7769 -0.0859
vn -0.8469 0.3949 -0.3562
vn -0.6238 0.7769 -0.0859
vn -0.9102 0.3949 -0.125
vn -0.892 0.4377 0.1128
vn -0.8908 0.4377 -0.1217
vn -0.9101 0.3951 -0.1249
vn -0.892 0.4377 0.1128
vn -0.9101 0.3951 -0.1249
vn -0.9115 0.395 0.1149
vn -0.8908 0.4377 -0.1219
vn -0.829 0.4377 -0.3481
vn -0.8468 0.3951 -0.3562
vn -0.8908 0.4377 -0.1219
vn -0.8468 0.3951 -0.3562
vn -0.9101 0.395 -0.1251
vn -0.8289 0.4377 -0.3483
vn -0.7107 0.4377 -0.5508
vn -0.7258 0.3951 -0.5631
vn -0.8289 0.4377 -0.3483
vn -0.7258 0.3951 -0.5631
vn -0.8467 0.395 -0.3564
vn -0.7259 0.3949 -0.5631
vn -0.4972 0.7769 -0.3863
vn -0.5803 0.7769 -0.2443
vn -0.7259 0.3949 -0.5631
vn -0.5803 0.7769 -0.2443
vn -0.8468 0.3949 -0.3563
vn -0.7105 0.4377 -0.551
vn -0.5439 0.4377 -0.7159
vn -0.5554 0.3951 -0.7317
vn -0.7105 0.4377 -0.551
vn -0.5554 0.3951 -0.7317
vn -0.7257 0.395 -0.5633
vn -0.5554 0.3949 -0.7318
vn -0.3802 0.777 -0.5017
vn -0.4972 0.7769 -0.3863
vn -0.5554 0.3949 -0.7318
vn -0.4972 0.7769 -0.3863
vn -0.7258 0.3949 -0.5632
vn 0.5329 0.8111 0.241
vn -0.5805 0.7767 -0.2444
vn -0.4974 0.7767 -0.3864
vn 0.5329 0.8111 0.241
vn -0.4974 0.7767 -0.3864
vn 0.4652 0.7787 0.4209
vn 0.4653 0.7787 0.4209
vn -0.4974 0.7767 -0.3864
vn -0.3804 0.7768 -0.5019
vn 0.4653 0.7787 0.4209
vn -0.3804 0.7768 -0.5019
vn 0.3886 0.7412 0.5474
vn 0.3887 0.7412 0.5473
vn -0.3803 0.7768 -0.5019
vn -0.2376 0.7769 -0.5831
vn 0.3887 0.7412 0.5473
vn -0.2376 0.7769 -0.5831
vn 0.2539 0.7208 0.6449
vn -0.3469 0.3948 -0.8507
vn -0.2374 0.7771 -0.5829
vn -0.3803 0.777 -0.5017
vn -0.3469 0.3948 -0.8507
vn -0.3803 0.777 -0.5017
vn -0.5554 0.3949 -0.7319
vn 0.2539 0.7208 0.6449
vn -0.2375 0.7769 -0.5831
vn -0.0785 0.777 -0.6246
vn 0.2539 0.7208 0.6449
vn -0.0785 0.777 -0.6246
vn 0.1056 0.7219 0.6839
vn -0.1149 0.3948 -0.9116
vn -0.0785 0.7772 -0.6244
vn -0.2374 0.7771 -0.5829
vn -0.1149 0.3948 -0.9116
vn -0.2374 0.7771 -0.5829
vn -0.3468 0.3948 -0.8508
vn -0.5437 0.4377 -0.7161
vn -0.3401 0.4377 -0.8323
vn -0.3469 0.395 -0.8507
vn -0.5437 0.4377 -0.7161
vn -0.3469 0.395 -0.8507
vn -0.5552 0.395 -0.7319
vn -0.3399 0.4377 -0.8324
vn -0.113 0.4376 -0.892
vn -0.1149 0.395 -0.9115
vn -0.3399 0.4377 -0.8324
vn -0.1149 0.395 -0.9115
vn -0.3467 0.3949 -0.8508
vn -0.1147 0.3949 -0.9115
vn -0.1128 0.4376 -0.8921
vn 0.1217 0.4376 -0.8909
vn -0.1147 0.3949 -0.9115
vn 0.1217 0.4376 -0.8909
vn 0.1247 0.395 -0.9102
vn 0.1247 0.3948 -0.9103
vn 0.0857 0.7773 -0.6233
vn -0.0785 0.7772 -0.6244
vn 0.1247 0.3948 -0.9103
vn -0.0785 0.7772 -0.6244
vn -0.1148 0.3948 -0.9116
vn 0.1219 0.4376 -0.8909
vn 0.3481 0.4376 -0.829
vn 0.356 0.395 -0.8469
vn 0.1219 0.4376 -0.8909
vn 0.356 0.395 -0.8469
vn 0.1249 0.3949 -0.9102
vn 0.356 0.3948 -0.847
vn 0.2441 0.7774 -0.5797
vn 0.0858 0.7773 -0.6233
vn 0.356 0.3948 -0.847
vn 0.0858 0.7773 -0.6233
vn 0.1248 0.3948 -0.9103
vn -0.0785 0.777 -0.6246
vn 0.0858 0.7771 -0.6235
vn -0.0807 0.7313 0.6772
vn -0.0785 0.777 -0.6246
vn -0.0807 0.7313 0.6772
vn 0.1056 0.7219 0.6839
vn -0.0807 0.7313 0.6772
vn 0.0859 0.7771 -0.6235
vn 0.2443 0.7772 -0.5799
vn -0.0807 0.7313 0.6772
vn 0.2443 0.7772 -0.5799
vn -0.2371 0.7411 0.6282
vn 0.2442 0.7772 -0.5799
vn 0.3859 0.7773 -0.4969
vn -0.3722 0.7624 0.5293
vn 0.2442 0.7772 -0.5799
vn -0.3722 0.7624 0.5293
vn -0.2372 0.7411 0.6282
vn 0.5634 0.3947 -0.7258
vn 0.3858 0.7775 -0.4967
vn 0.2442 0.7774 -0.5797
vn 0.5634 0.3947 -0.7258
vn 0.2442 0.7774 -0.5797
vn 0.3561 0.3948 -0.847
vn -0.3722 0.7624 0.5293
vn 0.3859 0.7773 -0.4969
vn 0.5013 0.7774 -0.3799
vn -0.3722 0.7624 0.5293
vn 0.5013 0.7774 -0.3799
vn -0.4584 0.7968 0.3937
vn 0.732 0.3947 -0.5553
vn 0.5011 0.7776 -0.3798
vn 0.3858 0.7775 -0.4967
vn 0.732 0.3947 -0.5553
vn 0.3858 0.7775 -0.4967
vn 0.5634 0.3947 -0.7258
vn 0.3562 0.3949 -0.8468
vn 0.3483 0.4376 -0.829
vn 0.5508 0.4375 -0.7108
vn 0.3562 0.3949 -0.8468
vn 0.5508 0.4375 -0.7108
vn 0.5633 0.3949 -0.7258
vn 0.551 0.4375 -0.7106
vn 0.716 0.4375 -0.544
vn 0.7319 0.3949 -0.5553
vn 0.551 0.4375 -0.7106
vn 0.7319 0.3949 -0.5553
vn 0.5635 0.3949 -0.7256
vn 0.7162 0.4375 -0.5438
vn 0.8324 0.4375 -0.3401
vn 0.8506 0.3949 -0.3471
vn 0.7162 0.4375 -0.5438
vn 0.8506 0.3949 -0.3471
vn 0.7321 0.3948 -0.5551
vn 0.8507 0.3947 -0.3471
vn 0.5823 0.7776 -0.2372
vn 0.5011 0.7776 -0.3799
vn 0.8507 0.3947 -0.3471
vn 0.5011 0.7776 -0.3799
vn 0.732 0.3947 -0.5553
vn 0.8325 0.4375 -0.3399
vn 0.8921 0.4375 -0.1131
vn 0.9115 0.3949 -0.1151
vn 0.8325 0.4375 -0.3399
vn 0.9115 0.3949 -0.1151
vn 0.8507 0.3948 -0.3469
vn 0.9116 0.3947 -0.1151
vn 0.6239 0.7776 -0.0784
vn 0.5823 0.7776 -0.2372
vn 0.9116 0.3947 -0.1151
vn 0.5823 0.7776 -0.2372
vn 0.8508 0.3947 -0.347
vn -0.4584 0.7968 0.3937
vn 0.5013 0.7774 -0.38
vn 0.5825 0.7774 -0.2373
vn -0.4584 0.7968 0.3937
vn 0.5825 0.7774 -0.2373
vn -0.489 0.8416 0.2292
vn -0.489 0.8416 0.2292
vn 0.5825 0.7774 -0.2372
vn 0.624 0.7774 -0.0784
vn -0.489 0.8416 0.2292
vn 0.624 0.7774 -0.0784
vn -0.4774 0.8755 0.0748
vn -0.4891 0.8416 0.2293
vn -0.4705 0.8351 0.2851
vn -0.4195 0.7935 0.441
vn -0.4891 0.8416 0.2293
vn -0.4195 0.7935 0.441
vn -0.4585 0.7968 0.3936
vn -0.4775 0.8754 0.0748
vn -0.476 0.8735 0.1018
vn -0.4706 0.8351 0.2849
vn -0.4775 0.8754 0.0748
vn -0.4706 0.8351 0.2849
vn -0.4891 0.8416 0.2292
vn -0.4704 0.8352 0.285
vn 0.0146 0.9798 0.1995
vn 0.0375 0.9738 0.2244
vn -0.4704 0.8352 0.285
vn 0.0375 0.9738 0.2244
vn -0.4193 0.7936 0.4409
vn -0.4758 0.8737 0.1018
vn -0.0291 0.9975 0.0639
vn 0.0146 0.9798 0.1993
vn -0.4758 0.8737 0.1018
vn 0.0146 0.9798 0.1993
vn -0.4704 0.8352 0.285
vn 0.0376 0.9738 0.2243
vn 0.0147 0.9798 0.1994
vn 0.0117 0.979 0.2033
vn 0.0376 0.9738 0.2243
vn 0.0117 0.979 0.2033
vn 0.038 0.9727 0.229
vn 0.0147 0.9798 0.1993
vn -0.029 0.9975 0.0638
vn -0.0038 0.9981 0.0612
vn -0.4197 0.7937 0.4403
vn 0.0375 0.9738 0.2244
vn 0.0574 0.9677 0.2456
vn -0.4197 0.7937 0.4403
vn 0.0574 0.9677 0.2456
vn -0.3287 0.7703 0.5465
vn 0.0575 0.9677 0.2456
vn 0.0376 0.9738 0.2243
vn 0.038 0.9727 0.229
vn 0.0575 0.9677 0.2456
vn 0.038 0.9727 0.229
vn 0.0641 0.9679 0.243
vn 0.0641 0.9679 0.243
vn 0.038 0.9727 0.229
vn 0.0408 0.964 0.2628
vn 0.0641 0.9679 0.243
vn 0.0408 0.964 0.2628
vn 0.059 0.9657 0.2528
vn 0.0408 0.964 0.2628
vn 0.038 0.9727 0.229
vn -0 0.9745 0.2246
vn 0.0408 0.964 0.2628
vn -0 0.9745 0.2246
vn -0 0.9636 0.2674
vn -0 0.9799 0.1996
vn -0 0.9745 0.2246
vn 0.038 0.9727 0.229
vn -0 0.9799 0.1996
vn 0.038 0.9727 0.229
vn 0.0117 0.979 0.2033
vn 0.0617 0.9667 0.2482
vn 0.0634 0.9652 0.2537
vn 0.0641 0.9679 0.243
vn 0.0617 0.9667 0.2482
vn 0.0641 0.9679 0.243
vn 0.059 0.9657 0.2528
vn 0.0351 0.9407 0.3373
vn 0.0641 0.9679 0.2431
vn 0.0634 0.9652 0.2538
vn 0.0351 0.9407 0.3373
vn 0.0634 0.9652 0.2538
vn 0.0577 0.9371 0.3443
vn -0.0208 0.9574 0.2879
vn 0.0574 0.9677 0.2456
vn 0.0641 0.9679 0.243
vn -0.0208 0.9574 0.2879
vn 0.0641 0.9679 0.243
vn 0.0351 0.9408 0.3373
vn -0.2062 0.749 0.6296
vn -0.0208 0.9574 0.2879
vn 0.0351 0.9408 0.3373
vn -0.2062 0.749 0.6296
vn 0.0351 0.9408 0.3373
vn -0.056 0.7378 0.6727
vn -0.056 0.7378 0.6727
vn 0.0351 0.9408 0.3372
vn 0.0577 0.9371 0.3443
vn -0.056 0.7378 0.6727
vn 0.0577 0.9371 0.3443
vn 0.1058 0.732 0.6731
vn 0.1058 0.732 0.673
vn 0.0577 0.9371 0.3443
vn 0.0912 0.9419 0.3233
vn 0.1058 0.732 0.673
vn 0.0912 0.9419 0.3233
vn 0.248 0.7259 0.6416
vn 0.0912 0.9419 0.3233
vn 0.0577 0.9371 0.3443
vn 0.0634 0.9652 0.2537
vn 0.0912 0.9419 0.3233
vn 0.0634 0.9652 0.2537
vn 0.0696 0.9451 0.3194
vn 0.2481 0.7259 0.6415
vn 0.0912 0.9419 0.3233
vn 0.0696 0.9451 0.3194
vn 0.2481 0.7259 0.6415
vn 0.0696 0.9451 0.3194
vn 0.3665 0.731 0.5756
vn 0.3665 0.7311 0.5755
vn 0.0696 0.9451 0.3194
vn 0.0571 0.9429 0.3283
vn 0.3665 0.7311 0.5755
vn 0.0571 0.9429 0.3283
vn 0.4414 0.7547 0.4854
vn 0.0353 0.9588 0.2819
vn 0.057 0.9429 0.3282
vn 0.0696 0.9451 0.3194
vn 0.0353 0.9588 0.2819
vn 0.0696 0.9451 0.3194
vn 0.0634 0.9652 0.2537
vn 0.4414 0.7547 0.4854
vn 0.0571 0.9429 0.3282
vn 0.0493 0.9515 0.3036
vn 0.4414 0.7547 0.4854
vn 0.0493 0.9515 0.3036
vn 0.4798 0.8157 0.3232
vn 0.0353 0.9588 0.2819
vn 0.0109 0.9396 0.342
vn 0.0493 0.9515 0.3036
vn 0.0353 0.9588 0.2819
vn 0.0493 0.9515 0.3036
vn 0.057 0.9429 0.3282
vn -0.0358 0.9377 0.3456
vn 0.0109 0.9396 0.342
vn 0.0353 0.9588 0.2819
vn -0.0358 0.9377 0.3456
vn 0.0353 0.9588 0.2819
vn -0.0505 0.9552 0.2915
vn -0.0505 0.9552 0.2915
vn 0.0353 0.9588 0.2819
vn 0.0591 0.9663 0.2507
vn -0.0505 0.9552 0.2915
vn 0.0591 0.9663 0.2507
vn -0.035 0.9609 0.2748
vn 0.0353 0.9588 0.2819
vn 0.0634 0.9652 0.2537
vn 0.0617 0.9667 0.2482
vn 0.0353 0.9588 0.2819
vn 0.0617 0.9667 0.2482
vn 0.0591 0.9663 0.2507
vn 0.0591 0.9662 0.2507
vn 0.0684 0.9445 0.3212
vn 0.0008 0.9373 0.3486
vn 0.0591 0.9662 0.2507
vn 0.0008 0.9373 0.3486
vn -0.0349 0.9607 0.2754
vn 0.0617 0.9667 0.2482
vn 0.056 0.9401 0.3364
vn 0.0684 0.9445 0.3212
vn 0.0617 0.9667 0.2482
vn 0.0684 0.9445 0.3212
vn 0.0591 0.9663 0.2507
vn 0.056 0.9401 0.3364
vn 0.0617 0.9667 0.2482
vn 0.059 0.9657 0.2528
vn 0.056 0.9401 0.3364
vn 0.059 0.9657 0.2528
vn 0.049 0.9371 0.3457
vn 0.049 0.937 0.3459
vn 0.0301 0.692 0.7213
vn 0.0277 0.7071 0.7066
vn 0.049 0.937 0.3459
vn 0.0277 0.7071 0.7066
vn 0.056 0.94 0.3365
vn 0.0684 0.9445 0.3213
vn 0.056 0.94 0.3365
vn 0.0277 0.7071 0.7066
vn 0.0684 0.9445 0.3213
vn 0.0277 0.7071 0.7066
vn 0.0293 0.8118 0.5833
vn 0.049 0.937 0.3459
vn 0.0334 0.9351 0.3529
vn 0.0228 0.6748 0.7377
vn 0.049 0.937 0.3459
vn 0.0228 0.6748 0.7377
vn 0.0301 0.692 0.7213
vn 0.0408 0.964 0.2628
vn 0.0334 0.9351 0.3528
vn 0.049 0.9371 0.3457
vn 0.0408 0.964 0.2628
vn 0.049 0.9371 0.3457
vn 0.059 0.9657 0.2528
vn 0.0334 0.9351 0.3529
vn -0 0.9356 0.3531
vn -0 0.671 0.7414
vn 0.0334 0.9351 0.3529
vn -0 0.671 0.7414
vn 0.0228 0.6748 0.7377
vn 0.0334 0.9351 0.3528
vn 0.0408 0.964 0.2628
vn -0 0.9636 0.2674
vn 0.0334 0.9351 0.3528
vn -0 0.9636 0.2674
vn -0 0.9356 0.353
vn -0.0334 0.9351 0.3528
vn -0 0.9356 0.353
vn -0 0.9636 0.2674
vn -0.0334 0.9351 0.3528
vn -0 0.9636 0.2674
vn -0.0408 0.964 0.2628
vn -0.0334 0.9351 0.3529
vn -0.0228 0.6748 0.7377
vn -0 0.671 0.7414
vn -0.0334 0.9351 0.3529
vn -0 0.671 0.7414
vn -0 0.9356 0.3531
vn -0.0408 0.964 0.2628
vn -0.059 0.9657 0.2528
vn -0.049 0.9371 0.3457
vn -0.0408 0.964 0.2628
vn -0.049 0.9371 0.3457
vn -0.0334 0.9351 0.3528
vn -0.049 0.937 0.3459
vn -0.0301 0.692 0.7213
vn -0.0228 0.6748 0.7377
vn -0.049 0.937 0.3459
vn -0.0228 0.6748 0.7377
vn -0.0334 0.9351 0.3529
vn -0.049 0.937 0.3459
vn -0.056 0.94 0.3365
vn -0.0277 0.7071 0.7066
vn -0.049 0.937 0.3459
vn -0.0277 0.7071 0.7066
vn -0.0301 0.692 0.7213
vn -0.056 0.9401 0.3364
vn -0.049 0.9371 0.3457
vn -0.059 0.9657 0.2528
vn -0.056 0.9401 0.3364
vn -0.059 0.9657 0.2528
vn -0.0617 0.9667 0.2482
vn -0.0684 0.9445 0.3213
vn -0.0293 0.8118 0.5833
vn -0.0277 0.7071 0.7066
vn -0.0684 0.9445 0.3213
vn -0.0277 0.7071 0.7066
vn -0.056 0.94 0.3365
vn 0.0008 0.9372 0.3488
vn 0.0684 0.9445 0.3213
vn 0.0294 0.8117 0.5833
vn 0.0008 0.9372 0.3488
vn 0.0294 0.8117 0.5833
vn -0.1029 0.8014 0.5892
vn -0.0566 0.9432 0.3274
vn -0.114 0.9512 0.2868
vn -0.0351 0.9609 0.2748
vn -0.0566 0.9432 0.3274
vn -0.0351 0.9609 0.2748
vn 0.0006 0.9373 0.3486
vn 0.0007 0.9372 0.3487
vn -0.0156 0.8666 0.4987
vn 0.0286 0.899 0.437
vn 0.0007 0.9372 0.3487
vn 0.0286 0.899 0.437
vn -0.0565 0.9432 0.3275
vn 0.0007 0.9372 0.3488
vn -0.1029 0.8014 0.5892
vn -0.2402 0.7154 0.6561
vn 0.0007 0.9372 0.3488
vn -0.2402 0.7154 0.6561
vn -0.0157 0.8666 0.4988
vn -0.0157 0.8665 0.4989
vn -0.2402 0.7153 0.6563
vn -0.4625 0.4994 0.7326
vn -0.0157 0.8665 0.4989
vn -0.4625 0.4994 0.7326
vn -0.0591 0.748 0.6611
vn -0.0588 0.7481 0.661
vn 0.1867 0.8046 0.5638
vn 0.0286 0.899 0.4371
vn -0.0588 0.7481 0.661
vn 0.0286 0.899 0.4371
vn -0.0155 0.8666 0.4988
vn 0.4676 0.8212 0.3272
vn 0.4535 0.855 0.2515
vn 0.3337 0.8952 0.2955
vn 0.4676 0.8212 0.3272
vn 0.3337 0.8952 0.2955
vn 0.3295 0.8601 0.3894
vn 0.4608 0.7608 0.457
vn 0.4676 0.8211 0.3273
vn 0.3295 0.8601 0.3894
vn 0.4608 0.7608 0.457
vn 0.3295 0.8601 0.3894
vn 0.1869 0.8045 0.5637
vn 0.4354 0.6358 0.6374
vn 0.4608 0.7607 0.4571
vn 0.1869 0.8045 0.5638
vn 0.4354 0.6358 0.6374
vn 0.1869 0.8045 0.5638
vn 0.1664 0.6568 0.7355
vn -0.1205 0.6037 0.7881
vn 0.1662 0.6568 0.7355
vn 0.1867 0.8044 0.5639
vn -0.1205 0.6037 0.7881
vn 0.1867 0.8044 0.5639
vn -0.0588 0.748 0.6611
vn 0.3938 0.3659 0.8432
vn 0.4354 0.6356 0.6375
vn 0.1664 0.6567 0.7356
vn 0.3938 0.3659 0.8432
vn 0.1664 0.6567 0.7356
vn 0.1264 0.375 0.9184
vn -0.1563 0.356 0.9213
vn 0.1262 0.375 0.9184
vn 0.1662 0.6567 0.7356
vn -0.1563 0.356 0.9213
vn 0.1662 0.6567 0.7356
vn -0.1205 0.6035 0.7882
vn -0.1207 0.6035 0.7881
vn -0.5775 0.3706 0.7274
vn -0.5789 0.2573 0.7737
vn -0.1207 0.6035 0.7881
vn -0.5789 0.2573 0.7737
vn -0.1565 0.356 0.9213
vn -0.059 0.7479 0.6612
vn -0.4625 0.4993 0.7327
vn -0.5775 0.3707 0.7274
vn -0.059 0.7479 0.6612
vn -0.5775 0.3707 0.7274
vn -0.1207 0.6036 0.7881
vn 0.394 0.3659 0.8431
vn 0.6403 0.3182 0.6991
vn 0.6854 0.5317 0.4974
vn 0.394 0.3659 0.8431
vn 0.6854 0.5317 0.4974
vn 0.4356 0.6356 0.6374
vn 0.4356 0.6357 0.6373
vn 0.6854 0.5318 0.4973
vn 0.7116 0.6189 0.3325
vn 0.4356 0.6357 0.6373
vn 0.7116 0.6189 0.3325
vn 0.461 0.7606 0.4571
vn 0.6856 0.5316 0.4973
vn 0.6405 0.3181 0.699
vn 0.8381 0.2089 0.5039
vn 0.6856 0.5316 0.4973
vn 0.8381 0.2089 0.5039
vn 0.8933 0.3104 0.325
vn 0.7118 0.6188 0.3324
vn 0.6856 0.5317 0.4972
vn 0.8933 0.3105 0.3249
vn 0.7118 0.6188 0.3324
vn 0.8933 0.3105 0.3249
vn 0.91 0.3669 0.1933
vn 0.6589 0.7519 -0.0218
vn 0.6583 0.7447 -0.1096
vn 0.2303 0.9731 0.0074
vn 0.6589 0.7519 -0.0218
vn 0.2303 0.9731 0.0074
vn 0.2729 0.9584 0.0835
vn 0.6585 0.7445 -0.1097
vn 0.6591 0.7517 -0.0218
vn 0.9429 0.2738 -0.1897
vn 0.6585 0.7445 -0.1097
vn 0.9429 0.2738 -0.1897
vn 0.947 0.2209 -0.233
vn 0.6583 0.7447 -0.1097
vn 0.6914 0.6813 -0.2404
vn 0.2274 0.9709 -0.0745
vn 0.6583 0.7447 -0.1097
vn 0.2274 0.9709 -0.0745
vn 0.2303 0.9731 0.0074
vn 0.6914 0.6813 -0.2404
vn 0.6584 0.7446 -0.1097
vn 0.9471 0.2208 -0.233
vn 0.6914 0.6813 -0.2404
vn 0.9471 0.2208 -0.233
vn 0.9194 0.1347 -0.3695
vn 0.714 0.2278 -0.6621
vn 0.5771 0.7406 -0.3442
vn 0.6913 0.6814 -0.2404
vn 0.714 0.2278 -0.6621
vn 0.6913 0.6814 -0.2404
vn 0.8273 0.056 -0.5589
vn 0.7878 -0.0345 -0.615
vn 0.8274 0.0559 -0.5589
vn 0.6913 0.6814 -0.2403
vn 0.7878 -0.0345 -0.615
vn 0.6913 0.6814 -0.2403
vn 0.9194 0.1346 -0.3696
vn 0.2633 0.9178 -0.2971
vn 0.2274 0.9709 -0.0746
vn 0.6914 0.6813 -0.2404
vn 0.2633 0.9178 -0.2971
vn 0.6914 0.6813 -0.2404
vn 0.5771 0.7406 -0.3441
vn 0.0968 0.9932 -0.0652
vn 0.2272 0.971 -0.0746
vn 0.2632 0.9179 -0.2971
vn 0.0968 0.9932 -0.0652
vn 0.2632 0.9179 -0.2971
vn 0.1268 0.946 -0.2984
vn 0.2272 0.971 -0.0744
vn 0.0968 0.9932 -0.0652
vn 0.1007 0.9944 0.0313
vn 0.2272 0.971 -0.0744
vn 0.1007 0.9944 0.0313
vn 0.2302 0.9731 0.0074
vn 0.1267 0.946 -0.2983
vn 0.0618 0.9519 -0.3002
vn 0.0438 0.9972 -0.06
vn 0.1267 0.946 -0.2983
vn 0.0438 0.9972 -0.06
vn 0.0968 0.9932 -0.0652
vn 0.0438 0.9972 -0.06
vn 0.0483 0.9983 0.0337
vn 0.1007 0.9944 0.0313
vn 0.0438 0.9972 -0.06
vn 0.1007 0.9944 0.0313
vn 0.0968 0.9932 -0.0652
vn 0.0483 0.9983 0.0337
vn 0.0545 0.9956 0.0757
vn 0.1383 0.9859 0.0942
vn 0.0483 0.9983 0.0337
vn 0.1383 0.9859 0.0942
vn 0.1007 0.9944 0.0313
vn 0.1007 0.9944 0.0313
vn 0.1383 0.9859 0.0942
vn 0.2727 0.9585 0.0836
vn 0.1007 0.9944 0.0313
vn 0.2727 0.9585 0.0836
vn 0.2302 0.9731 0.0074
vn 0.3607 0.9199 0.1536
vn 0.2727 0.9584 0.0837
vn 0.1383 0.9859 0.0942
vn 0.3607 0.9199 0.1536
vn 0.1383 0.9859 0.0942
vn 0.241 0.9558 0.1684
vn -0.1395 0.947 0.2893
vn -0.0359 0.9377 0.3456
vn -0.0505 0.9552 0.2915
vn 0.4205 0.8845 0.2021
vn 0.3608 0.9199 0.1537
vn 0.241 0.9558 0.1684
vn 0.4205 0.8845 0.2021
vn 0.241 0.9558 0.1684
vn 0.3068 0.9237 0.2294
vn -0.114 0.9512 0.2868
vn -0.1395 0.947 0.2893
vn -0.0505 0.9552 0.2915
vn -0.114 0.9512 0.2868
vn -0.0505 0.9552 0.2915
vn -0.0352 0.9609 0.2748
vn 0.4535 0.8551 0.2514
vn 0.4205 0.8845 0.2022
vn 0.3068 0.9237 0.2294
vn 0.4535 0.8551 0.2514
vn 0.3068 0.9237 0.2294
vn 0.3337 0.8952 0.2955
vn 0.055 0.9953 0.0794
vn 0.054 0.9957 0.0753
vn 0.0483 0.9983 0.0337
vn 0.055 0.9953 0.0794
vn 0.0483 0.9983 0.0337
vn 0.0539 0.9962 0.0689
vn 0.0438 0.9972 -0.06
vn 0.024 0.9997 -0.0005
vn 0.027 0.9996 0.0103
vn 0.0438 0.9972 -0.06
vn 0.027 0.9996 0.0103
vn 0.0483 0.9983 0.0337
vn 0.027 0.9996 0.0103
vn 0.0539 0.9962 0.0689
vn 0.0483 0.9983 0.0337
vn 0.5023 0.864 -0.0345
vn 0.054 0.9962 0.0688
vn 0.0271 0.9996 0.0103
vn 0.5023 0.864 -0.0345
vn 0.0271 0.9996 0.0103
vn 0.4485 0.8804 -0.154
vn 0.4485 0.8804 -0.1541
vn 0.0271 0.9996 0.0103
vn 0.0241 0.9997 -0.0005
vn 0.4485 0.8804 -0.1541
vn 0.0241 0.9997 -0.0005
vn 0.355 0.9041 -0.2379
vn 0.5021 0.863 -0.0563
vn 0.5025 0.8639 -0.0346
vn 0.4487 0.8803 -0.1541
vn 0.5021 0.863 -0.0563
vn 0.4487 0.8803 -0.1541
vn 0.442 0.8802 -0.1728
vn 0.442 0.8802 -0.1729
vn 0.4487 0.8803 -0.1542
vn 0.3552 0.904 -0.238
vn 0.442 0.8802 -0.1729
vn 0.3552 0.904 -0.238
vn 0.3544 0.8991 -0.2568
vn 0.3544 0.8991 -0.2569
vn 0.3552 0.904 -0.2381
vn 0.2346 0.9348 -0.2668
vn 0.3544 0.8991 -0.2569
vn 0.2346 0.9348 -0.2668
vn 0.2511 0.9186 -0.3053
vn 0.5483 0.8307 0.0968
vn 0.525 0.843 0.1175
vn 0.5025 0.8639 -0.0345
vn 0.5483 0.8307 0.0968
vn 0.5025 0.8639 -0.0345
vn 0.5021 0.863 -0.0562
vn 0.5248 0.8431 0.1175
vn 0.0552 0.9953 0.0794
vn 0.054 0.9962 0.0689
vn 0.5248 0.8431 0.1175
vn 0.054 0.9962 0.0689
vn 0.5023 0.864 -0.0345
vn 0.4798 0.8157 0.3232
vn 0.0494 0.9515 0.3035
vn 0.0551 0.9953 0.0795
vn 0.4798 0.8157 0.3232
vn 0.0551 0.9953 0.0795
vn 0.5248 0.8431 0.1175
vn 0.5329 0.8111 0.241
vn 0.4799 0.8157 0.3231
vn 0.525 0.8429 0.1176
vn 0.5329 0.8111 0.241
vn 0.525 0.8429 0.1176
vn 0.5483 0.8307 0.097
vn 0.0545 0.9956 0.0757
vn 0.055 0.9953 0.0794
vn 0.0493 0.9516 0.3035
vn 0.4653 0.7787 0.4208
vn 0.4416 0.7546 0.4854
vn 0.4799 0.8156 0.3233
vn 0.4653 0.7787 0.4208
vn 0.4799 0.8156 0.3233
vn 0.5328 0.8111 0.2411
vn 0.2066 0.4871 -0.8485
vn 0.0973 0.4127 -0.9057
vn 0.0618 0.9519 -0.3002
vn 0.2066 0.4871 -0.8485
vn 0.0618 0.9519 -0.3002
vn 0.1268 0.946 -0.2985
vn 0.3814 0.4483 -0.8084
vn 0.2068 0.4871 -0.8485
vn 0.1268 0.946 -0.2984
vn 0.3814 0.4483 -0.8084
vn 0.1268 0.946 -0.2984
vn 0.2632 0.9178 -0.2972
vn 0.3145 -0.3199 -0.8938
vn 0.1759 -0.2202 -0.9595
vn 0.2067 0.4871 -0.8485
vn 0.3145 -0.3199 -0.8938
vn 0.2067 0.4871 -0.8485
vn 0.3813 0.4483 -0.8084
vn 0.1759 -0.2202 -0.9595
vn 0.1554 -0.1442 -0.9773
vn 0.0973 0.4125 -0.9057
vn 0.1759 -0.2202 -0.9595
vn 0.0973 0.4125 -0.9057
vn 0.2067 0.4871 -0.8485
vn 0.4757 -0.3672 -0.7993
vn 0.3147 -0.3199 -0.8937
vn 0.3813 0.4483 -0.8084
vn 0.4757 -0.3672 -0.7993
vn 0.3813 0.4483 -0.8084
vn 0.7139 0.2279 -0.6622
vn 0.7138 0.2279 -0.6622
vn 0.3815 0.4483 -0.8084
vn 0.2631 0.9179 -0.2971
vn 0.7138 0.2279 -0.6622
vn 0.2631 0.9179 -0.2971
vn 0.5772 0.7405 -0.3442
vn 0.4504 -0.2939 -0.8431
vn 0.4757 -0.3672 -0.7993
vn 0.7139 0.2279 -0.6621
vn 0.4504 -0.2939 -0.8431
vn 0.7139 0.2279 -0.6621
vn 0.8273 0.0559 -0.559
vn -0.9356 -0.3531 -0
vn -0.9751 -0.2216 -0
vn -0.6803 -0.7329 -0
vn -0.9356 -0.3531 -0
vn -0.6803 -0.7329 -0
vn -0.4683 -0.8836 -0.0001
vn -0.4682 -0.8836 -0
vn -0.6801 -0.7331 -0
vn -0.2304 -0.9731 -0
vn -0.4682 -0.8836 -0
vn -0.2304 -0.9731 -0
vn -0.1822 -0.9833 -0
vn 0.3189 -0.3419 -0.884
vn 0.3183 -0.3478 -0.8819
vn 0.2944 -0.392 -0.8716
vn 0.3189 -0.3419 -0.884
vn 0.2944 -0.392 -0.8716
vn 0.3032 -0.4006 -0.8646
vn 0.3031 -0.4006 -0.8646
vn 0.2944 -0.392 -0.8716
vn 0.2487 -0.3429 -0.9059
vn 0.3031 -0.4006 -0.8646
vn 0.2487 -0.3429 -0.9059
vn 0.2524 -0.3502 -0.902
vn 0.7984 -0.6022 -0
vn 0.7913 -0.6114 -0
vn 0.9848 -0.1735 -0
vn 0.7984 -0.6022 -0
vn 0.9848 -0.1735 -0
vn 0.9793 -0.2024 -0
vn 0.9793 -0.2022 -0
vn 0.9849 -0.1733 -0
vn 0.9994 -0.0339 -0
vn 0.9793 -0.2022 -0
vn 0.9994 -0.0339 -0
vn 0.9995 -0.033 -0
vn 0.2527 -0.9675 -0
vn 0.2091 -0.9779 -0
vn 0.7911 -0.6116 -0
vn 0.2527 -0.9675 -0
vn 0.7911 -0.6116 -0
vn 0.7982 -0.6024 -0
vn 0.2524 -0.3501 -0.9021
vn 0.2486 -0.3429 -0.9059
vn 0.1872 -0.2295 -0.9551
vn 0.2524 -0.3501 -0.9021
vn 0.1872 -0.2295 -0.9551
vn 0.1872 -0.2296 -0.9551
vn -0.0414 -0.9991 -0
vn -0.0606 -0.9982 -0
vn 0.2089 -0.9779 -0
vn -0.0414 -0.9991 -0
vn 0.2089 -0.9779 -0
vn 0.2525 -0.9676 -0
vn 0.0545 0.0107 -0.9985
vn 0.0973 0.4125 -0.9057
vn 0.1554 -0.1442 -0.9773
vn 0.0545 0.0107 -0.9985
vn 0.1554 -0.1442 -0.9773
vn 0.1887 -0.1025 -0.9767
vn -0.1821 -0.9833 -0
vn -0.2303 -0.9731 -0
vn -0.0606 -0.9982 -0
vn -0.1821 -0.9833 -0
vn -0.0606 -0.9982 -0
vn -0.0414 -0.9991 -0
vn 0.9994 -0.0336 -0
vn 0.9994 -0.034 -0
vn 0.9822 0.1878 -0
vn 0.9994 -0.0336 -0
vn 0.9822 0.1878 -0
vn 0.9985 0.0539 -0
vn 0.3197 -0.3164 -0.8931
vn 0.3198 -0.3164 -0.8931
vn 0.3183 -0.3479 -0.8819
vn 0.3197 -0.3164 -0.8931
vn 0.3183 -0.3479 -0.8819
vn 0.3189 -0.3418 -0.884
vn -0.9995 -0.0302 -0
vn -0.9999 0.0153 -0
vn -0.9752 -0.2214 -0
vn -0.9995 -0.0302 -0
vn -0.9752 -0.2214 -0
vn -0.9357 -0.3529 -0
vn 0.7878 -0.0346 -0.615
vn 0.4096 -0.2487 -0.8777
vn 0.4503 -0.2938 -0.8432
vn 0.7878 -0.0346 -0.615
vn 0.4503 -0.2938 -0.8432
vn 0.8273 0.0559 -0.559
vn 0.3887 0.7412 0.5473
vn 0.3667 0.7309 0.5756
vn 0.4416 0.7545 0.4855
vn 0.3887 0.7412 0.5473
vn 0.4416 0.7545 0.4855
vn 0.4652 0.7787 0.4209
vn 0.254 0.7209 0.6448
vn 0.2482 0.7257 0.6416
vn 0.3666 0.7309 0.5757
vn 0.254 0.7209 0.6448
vn 0.3666 0.7309 0.5757
vn 0.3886 0.7412 0.5474
vn 0.1057 0.7219 0.6838
vn 0.1059 0.7319 0.6731
vn 0.2481 0.7257 0.6417
vn 0.1057 0.7219 0.6838
vn 0.2481 0.7257 0.6417
vn 0.2539 0.7209 0.6449
vn -0.0806 0.7314 0.6772
vn -0.0559 0.7377 0.6728
vn 0.1057 0.7319 0.6731
vn -0.0806 0.7314 0.6772
vn 0.1057 0.7319 0.6731
vn 0.1055 0.722 0.6839
vn -0.237 0.7411 0.6282
vn -0.2062 0.749 0.6297
vn -0.0561 0.7378 0.6727
vn -0.237 0.7411 0.6282
vn -0.0561 0.7378 0.6727
vn -0.0808 0.7314 0.6772
vn -0.3721 0.7625 0.5293
vn -0.3287 0.7702 0.5466
vn -0.2063 0.749 0.6296
vn -0.3721 0.7625 0.5293
vn -0.2063 0.749 0.6296
vn -0.2372 0.7411 0.6281
vn -0.3287 0.7703 0.5465
vn 0.0575 0.9677 0.2456
vn -0.0208 0.9574 0.2879
vn -0.3287 0.7703 0.5465
vn -0.0208 0.9574 0.2879
vn -0.2062 0.749 0.6296
vn -0.4584 0.7968 0.3937
vn -0.4194 0.7934 0.4411
vn -0.3288 0.7702 0.5465
vn -0.4584 0.7968 0.3937
vn -0.3288 0.7702 0.5465
vn -0.3722 0.7625 0.5292
vn -0.112 0.956 -0.2712
vn -0.089 0.9727 -0.2145
vn -0.1572 0.9694 -0.1887
vn -0.112 0.956 -0.2712
vn -0.1572 0.9694 -0.1887
vn -0.1915 0.9516 -0.2405
vn -0.1916 0.9516 -0.2405
vn -0.1573 0.9694 -0.1887
vn -0.2415 0.9571 -0.16
vn -0.1916 0.9516 -0.2405
vn -0.2415 0.9571 -0.16
vn -0.2779 0.9396 -0.2
vn -0.0008 0.9372 0.3488
vn 0.1029 0.8014 0.5892
vn -0.0294 0.8117 0.5833
vn -0.0008 0.9372 0.3488
vn -0.0294 0.8117 0.5833
vn -0.0684 0.9445 0.3213
vn -0.4608 0.7608 0.457
vn -0.1869 0.8045 0.5637
vn -0.3295 0.8601 0.3894
vn -0.4608 0.7608 0.457
vn -0.3295 0.8601 0.3894
vn -0.4676 0.8211 0.3273
vn -0.4676 0.8211 0.3272
vn -0.3295 0.8601 0.3894
vn -0.3337 0.8952 0.2955
vn -0.4676 0.8211 0.3272
vn -0.3337 0.8952 0.2955
vn -0.4535 0.855 0.2514
vn -0.4356 0.6357 0.6373
vn -0.461 0.7607 0.457
vn -0.7116 0.6189 0.3325
vn -0.4356 0.6357 0.6373
vn -0.7116 0.6189 0.3325
vn -0.6854 0.5318 0.4973
vn -0.6585 0.7445 -0.1097
vn -0.9471 0.2209 -0.233
vn -0.9429 0.2738 -0.1897
vn -0.6585 0.7445 -0.1097
vn -0.9429 0.2738 -0.1897
vn -0.6591 0.7517 -0.0219
vn 0.0806 0.7314 0.6772
vn -0.1055 0.7219 0.6839
vn -0.1079 0.7319 0.6728
vn 0.0806 0.7314 0.6772
vn -0.1079 0.7319 0.6728
vn 0.0541 0.7376 0.673
vn 0.237 0.7411 0.6282
vn 0.0808 0.7314 0.6772
vn 0.0543 0.7376 0.673
vn 0.237 0.7411 0.6282
vn 0.0543 0.7376 0.673
vn 0.2062 0.749 0.6297
vn 0.3722 0.7624 0.5293
vn 0.2372 0.7411 0.6281
vn 0.2063 0.749 0.6296
vn 0.3722 0.7624 0.5293
vn 0.2063 0.749 0.6296
vn 0.3287 0.7702 0.5466
vn 0.4584 0.7968 0.3937
vn 0.3723 0.7625 0.5292
vn 0.3289 0.7702 0.5465
vn 0.4584 0.7968 0.3937
vn 0.3289 0.7702 0.5465
vn 0.4194 0.7934 0.4411
vn 0.4891 0.8416 0.2293
vn 0.4585 0.7968 0.3936
vn 0.4195 0.7935 0.441
vn 0.4891 0.8416 0.2293
vn 0.4195 0.7935 0.441
vn 0.4705 0.8351 0.2851
vn 0.4775 0.8754 0.0748
vn 0.4891 0.8416 0.2292
vn 0.4705 0.8351 0.2849
vn 0.4775 0.8754 0.0748
vn 0.4705 0.8351 0.2849
vn 0.476 0.8735 0.1018
vn 0.4336 0.8996 -0.0515
vn 0.4775 0.8754 0.0746
vn 0.476 0.8735 0.1017
vn 0.4336 0.8996 -0.0515
vn 0.476 0.8735 0.1017
vn 0.434 0.9006 -0.0219
vn 0.3675 0.9196 -0.1388
vn 0.4336 0.8996 -0.0516
vn 0.434 0.9006 -0.022
vn 0.3675 0.9196 -0.1388
vn 0.434 0.9006 -0.022
vn 0.3461 0.9315 -0.1123
vn 0.2779 0.9396 -0.2
vn 0.3675 0.9196 -0.1389
vn 0.346 0.9315 -0.1124
vn 0.2779 0.9396 -0.2
vn 0.346 0.9315 -0.1124
vn 0.2416 0.9571 -0.1599
vn 0.1916 0.9516 -0.2405
vn 0.2779 0.9396 -0.2
vn 0.2416 0.9571 -0.16
vn 0.1916 0.9516 -0.2405
vn 0.2416 0.9571 -0.16
vn 0.1573 0.9694 -0.1887
vn 0.112 0.956 -0.2712
vn 0.1915 0.9516 -0.2405
vn 0.1572 0.9694 -0.1887
vn 0.112 0.956 -0.2712
vn 0.1572 0.9694 -0.1887
vn 0.089 0.9727 -0.2145
vn 0.0337 0.954 -0.298
vn 0.1119 0.956 -0.2712
vn 0.0889 0.9727 -0.2145
vn 0.0337 0.954 -0.298
vn 0.0889 0.9727 -0.2145
vn 0.023 0.9708 -0.2386
vn -0.0511 0.9465 -0.3185
vn 0.0336 0.954 -0.298
vn 0.0229 0.9708 -0.2386
vn -0.0511 0.9465 -0.3185
vn 0.0229 0.9708 -0.2386
vn -0.0481 0.9644 -0.2601
vn -0.1464 0.9347 -0.324
vn -0.0512 0.9465 -0.3185
vn -0.0481 0.9644 -0.2601
vn -0.1464 0.9347 -0.324
vn -0.0481 0.9644 -0.2601
vn -0.1328 0.9531 -0.2721
vn -0.2511 0.9186 -0.3053
vn -0.1465 0.9347 -0.324
vn -0.1329 0.9531 -0.272
vn -0.2511 0.9186 -0.3053
vn -0.1329 0.9531 -0.272
vn -0.2346 0.9348 -0.2668
vn -0.3544 0.8991 -0.2569
vn -0.2511 0.9186 -0.3053
vn -0.2347 0.9347 -0.2668
vn -0.3544 0.8991 -0.2569
vn -0.2347 0.9347 -0.2668
vn -0.3551 0.904 -0.2381
vn -0.442 0.8802 -0.173
vn -0.3544 0.8991 -0.2568
vn -0.3552 0.904 -0.238
vn -0.442 0.8802 -0.173
vn -0.3552 0.904 -0.238
vn -0.4487 0.8803 -0.1542
vt 0 0
vt 0 1
vt 1 1
vt 0 0
vt 1 1
vt 1 0
vt 0 0
vt 0 1
vt 1 1
vt 0 0
vt 1 1
vt 1 0
vt 0 0
vt 0 1
vt 1 1
vt 0 0
vt 1 1
vt 1 0
vt 1 1
vt 0 1
vt 0 1
vt 1 1
vt 0 1
vt 1 1
vt 1 1
vt 0 1
vt 0 1
vt 1 1
vt 0 1
vt 1 1
vt 0 0
vt 1 0
vt 1 1
vt 0 0
vt 1 1
vt 0 1
vt 0 0
vt 1 0
vt 1 1
vt 0 0
vt 1 1
vt 0 1
vt 0 0
vt 1 0
vt 1 1
vt 0 0
vt 1 1
vt 0 1
vt 1 1
vt 0 1
vt 0 1
vt 1 1
vt 0 1
vt 1 1
vt 0 0
vt 1 0
vt 1 1
vt 0 0
vt 1 1
vt 0 1
vt 1 1
vt 0 1
vt 0 1
vt 1 1
vt 0 1
vt 1 1
vt 0 0
vt 0 1
vt 1 1
vt 0 0
vt 1 1
vt 1 0
vt 0 0
vt 0 1
vt 0.5 1
vt 0 0
vt 0.5 1
vt 0.5 0
vt 0.5 1
vt 0 1
vt 0 1
vt 0.5 1
vt 0 1
vt 0.5 1
vt 0.5 1
vt 1 1
vt 1 0
vt 0.5 1
vt 1 0
vt 0.5 0
vt 1 1
vt 0.5 1
vt 0.5 1
vt 1 1
vt 0.5 1
vt 1 1
vt 0.5 1
vt 0.5 0
vt 1 0
vt 0.5 1
vt 1 0
vt 1 1
vt 0 0
vt 0.5 0
vt 0.5 1
vt 0 0
vt 0.5 1
vt 0 1
vt 0 0
vt 0.5 0
vt 0.5 1
vt 0 0
vt 0.5 1
vt 0 1
vt 0.5 1
vt 0 1
vt 0 1
vt 0.5 1
vt 0 1
vt 0.5 1
vt 0.5 1
vt 0.5 0
vt 1 0
vt 0.5 1
vt 1 0
vt 1 1
vt 1 1
vt 0.5 1
vt 0.5 1
vt 1 1
vt 0.5 1
vt 1 1
vt 0 0
vt 0 1
vt 0.5 1
vt 0 0
vt 0.5 1
vt 0.5 0
vt 0.5 1
vt 1 1
vt 1 0
vt 0.5 1
vt 1 0
vt 0.5 0
vt 0 0
vt 0 1
vt 1 1
vt 0 0
vt 1 1
vt 1 0
vt 1 1
vt 0 1
vt 0 1
vt 1 1
vt 0 1
vt 1 1
vt 0 0
vt 0 1
vt 1 1
vt 0 0
vt 1 1
vt 1 0
vt 1 1
vt 0 1
vt 0 1
vt 1 1
vt 0 1
vt 1 1
vt 0 0
vt 1 0
vt 1 1
vt 0 0
vt 1 1
vt 0 1
vt 0 0
vt 1 0
vt 1 1
vt 0 0
vt 1 1
vt 0 1
vt 0 0
vt 1 0
vt 1 1
vt 0 0
vt 1 1
vt 0 1
vt 1 1
vt 0 1
vt 0 1
vt 1 1
vt 0 1
vt 1 1
vt 0 0
vt 1 0
vt 1 1
vt 0 0
vt 1 1
vt 0 1
vt 1 1
vt 0 1
vt 0 1
vt 1 1
vt 0 1
vt 1 1
vt 0 0
vt 0 1
vt 1 1
vt 0 0
vt 1 1
vt 1 0
vt 0 0
vt 0 1
vt 1 1
vt 0 0
vt 1 1
vt 1 0
vt 0 0
vt 0 1
vt 1 1
vt 0 0
vt 1 1
vt 1 0
vt 1 1
vt 0 1
vt 0 1
vt 1 1
vt 0 1
vt 1 1
vt 0 0
vt 0 1
vt 1 1
vt 0 0
vt 1 1
vt 1 0
vt 1 1
vt 0 1
vt 0 1
vt 1 1
vt 0 1
vt 1 1
vt 0 0
vt 1 0
vt 1 1
vt 0 0
vt 1 1
vt 0 1
vt 0 0
vt 1 0
vt 1 1
vt 0 0
vt 1 1
vt 0 1
vt 0 0
vt 1 0
vt 1 1
vt 0 0
vt 1 1
vt 0 1
vt 1 1
vt 0 1
vt 0 1
vt 1 1
vt 0 1
vt 1 1
vt 0 0
vt 1 0
vt 1 1
vt 0 0
vt 1 1
vt 0 1
vt 1 1
vt 0 1
vt 0 1
vt 1 1
vt 0 1
vt 1 1
vt 0 0
vt 0 1
vt 1 1
vt 0 0
vt 1 1
vt 1 0
vt 0 0
vt 0 1
vt 1 1
vt 0 0
vt 1 1
vt 1 0
vt 0 0
vt 0 1
vt 0.4 1
vt 0 0
vt 0.4 1
vt 0.4 0
vt 0.4 1
vt 0 1
vt 0 1
vt 0.4 1
vt 0 1
vt 0.4 1
vt 0.4 1
vt 1 1
vt 1 0
vt 0.4 1
vt 1 0
vt 0.4 0
vt 1 1
vt 0.4 1
vt 0.4 1
vt 1 1
vt 0.4 1
vt 1 1
vt 0.4 1
vt 0.4 0
vt 1 0
vt 0.4 1
vt 1 0
vt 1 1
vt 0 0
vt 0.4 0
vt 0.4 1
vt 0 0
vt 0.4 1
vt 0 1
vt 0 0
vt 0.5 0
vt 0.5 1
vt 0 0
vt 0.5 1
vt 0 1
vt 0.5 1
vt 0 1
vt 0 1
vt 0.5 1
vt 0 1
vt 0.5 1
vt 0.5 1
vt 0.5 0
vt 1 0
vt 0.5 1
vt 1 0
vt 1 1
vt 1 1
vt 0.5 1
vt 0.5 1
vt 1 1
vt 0.5 1
vt 1 1
vt 0 0
vt 0 1
vt 0.5 1
vt 0 0
vt 0.5 1
vt 0.5 0
vt 0.5 1
vt 1 1
vt 1 0
vt 0.5 1
vt 1 0
vt 0.5 0
vt 0 0
vt 0 1
vt 1 1
vt 0 0
vt 1 1
vt 1 0
vt 1 1
vt 0 1
vt 0 1
vt 1 1
vt 0 1
vt 1 1
vt 0 0
vt 0 1
vt 1 1
vt 0 0
vt 1 1
vt 1 0
vt 1 1
vt 0 1
vt 0 1
vt 1 1
vt 0 1
vt 1 1
vt 0 0
vt 1 0
vt 1 1
vt 0 0
vt 1 1
vt 0 1
vt 0 0
vt 1 0
vt 1 1
vt 0 0
vt 1 1
vt 0 1
vt 0 0
vt 1 0
vt 1 1
vt 0 0
vt 1 1
vt 0 1
vt 1 1
vt 0 1
vt 0 1
vt 1 1
vt 0 1
vt 1 1
vt 0 0
vt 1 0
vt 1 1
vt 0 0
vt 1 1
vt 0 1
vt 1 1
vt 0 1
vt 0 1
vt 1 1
vt 0 1
vt 1 1
vt 0 0
vt 0 1
vt 1 1
vt 0 0
vt 1 1
vt 1 0
vt 0 0
vt 0 1
vt 1 1
vt 0 0
vt 1 1
vt 1 0
vt 0 0
vt 1 0
vt 1 1
vt 0 0
vt 1 1
vt 0 1
vt 0 0
vt 1 0
vt 1 1
vt 0 0
vt 1 1
vt 0 1
vt 0 0
vt 1 0
vt 1 1
vt 0 0
vt 1 1
vt 0 1
vt 0 0
vt 1 0
vt 1 1
vt 0 0
vt 1 1
vt 0 1
vt 0 0
vt 0.93769 0.401477
vt 0 1
vt 0 0
vt 1 0
vt 1.09066 0.844551
vt 0 0
vt 1.09066 0.844551
vt 0 1
vt 0.3516 0.638762
vt 1 1
vt 1 1
vt 0.3516 0.638762
vt 1 1
vt 0.023153 0.970461
vt 0.76377 0.23623
vt 1 1
vt 1 1
vt 0.76377 0.23623
vt 1 1
vt 0.3516 0.638762
vt 0 0
vt 1.07779 0.031038
vt 1 1
vt 0 0
vt 1 1
vt 0 1
vt 1 1
vt 1 1
vt 0.76377 0.23623
vt 1 1
vt 0.76377 0.23623
vt 1 0
vt 0.23623 0
vt 0.23623 1
vt 0 1
vt 0.23623 0
vt 0 1
vt 0 0
vt 0 0
vt 1 0
vt 1 1
vt 0 0
vt 1 1
vt 0 1
vt 0 0
vt 1 0
vt 1 1
vt 0 0
vt 1 1
vt 0 1
vt 0 0
vt 1 0
vt 1 1
vt 0 0
vt 1 1
vt 0 1
vt 0 0
vt 1 0
vt 1 1
vt 0 0
vt 1 1
vt 0 1
vt 0 0
vt 1 0
vt 1 1
vt 0 0
vt 1 1
vt 0 1
vt 0 0
vt 1 0
vt 1 1
vt 0 0
vt 1 1
vt 0 1
vt 0 0
vt 1 0
vt 1 1
vt 0 0
vt 1 1
vt 0 1
vt 0 0
vt 1 0
vt 1 1
vt 0 0
vt 1 1
vt 0 1
vt 0 0
vt 1 0
vt 1 1
vt 0 0
vt 1 1
vt 0 1
vt 0 0
vt 1 0
vt 1 1
vt 1 0.76377
vt 1 0.079755
vt 1 0
vt 1 0.76377
vt 1 0
vt 1 1
vt 1 0.843525
vt 1 0.158219
vt 1 0
vt 1 0.843525
vt 1 0
vt 1 1
vt 0 0
vt 1 0
vt 1 1
vt 0 0
vt 1 1
vt 0 1
vt 0.23623 0.158219
vt 0.23623 1
vt 0 1
vt 0.23623 0.158219
vt 0 1
vt 0 0
vt 0 0.074521
vt 0.673611 0.078656
vt 0.483053 0.124578
vt 0 0.074521
vt 0.483053 0.124578
vt 0 0.118029
vt 0 0
vt 1 0
vt 1 1
vt 0 0
vt 1 1
vt 0 1
vt 0 0
vt 1 0
vt 1 1
vt 0 0
vt 1 1
vt 0 1
vt 0 0
vt 1 0
vt 1 1
vt 0 0
vt 1 1
vt 0 1
vt 0 0
vt 1 0
vt 1 1
vt 0 0
vt 1 1
vt 0 1
vt 1 0
vt 1 1
vt 0 1
vt 1 0
vt 0 1
vt 0 0
vt 0 0
vt 1 0
vt 1 1
vt 0 0
vt 1 1
vt 0 1
vt 0 0
vt 1 0
vt 1 1
vt 0 0
vt 1 1
vt 0 1
vt 0 0
vt 1 0
vt 1.48484 0.901609
vt 0 0
vt 1.48484 0.901609
vt 0 1
vt 0 0
vt 1 0
vt 1 1
vt 0 0
vt 1 1
vt 0 1
vt 0 0
vt 0.982268 0.23337
vt 1 1
vt 2.47849 1.98119
vt 0.932147 1.26268
vt 0 0
vt 2.47849 1.98119
vt 0 0
vt 1 0
vt 0.841057 0.03867
vt 0.673611 0.078656
vt 0 1
vt 0.841057 0.03867
vt 0 1
vt 0.982268 0.23337
vt 0 0
vt 1 0
vt 0.932147 1.26268
vt 0 0
vt 0.932147 1.26268
vt 0 1
vt 1 0.364763
vt 1 0.496345
vt 1 0.486485
vt 1 0.364763
vt 1 0.486485
vt 1 0
vt 0.513515 1
vt 0.513515 0
vt 1 0
vt 0.513515 1
vt 1 0
vt 1 1
vt 0 0
vt 1 0
vt 1 1
vt 0 0
vt 1 1
vt 0 1
vt 0 0
vt 1 0
vt 1 1
vt 0 0
vt 1 1
vt 0 1
vt 0 0
vt 1 0
vt 1 1
vt 0 0
vt 1 1
vt 0 1
vt 0 0
vt 1 0
vt 1 1
vt 0 0
vt 1 1
vt 0 1
vt 1 0
vt 1 1
vt 0 1
vt 1 0
vt 0 1
vt 0 0
vt 0 0
vt 1 0
vt 1 1
vt 0 0
vt 1 1
vt 0 1
vt 0 0
vt 1 0
vt 1 1
vt 0 0
vt 1 1
vt 0 1
vt 0 0
vt 1 0
vt 1.88284 1.16309
vt 0 0
vt 1.88284 1.16309
vt 0 1
vt 0 0
vt 1 0
vt 1 1
vt 0 0
vt 1 1
vt 0 1
vt 1 1
vt 0 1
vt 0 0
vt 1 1
vt 0 0
vt 1 0
vt 1 0.815754
vt 1 0.528662
vt 1 0.502299
vt 1 0.815754
vt 1 0.502299
vt 1 0.612895
vt 1 0.502299
vt 1 0.496345
vt 1 0.364763
vt 1 0.502299
vt 1 0.364763
vt 1 0.612895
vt 0 0
vt 1 0
vt 1 1
vt 0 0
vt 1 1
vt 0 1
vt 0 0
vt 1 0
vt 1 1
vt 0 0
vt 1 1
vt 0 1
vt 0 0
vt 1 0
vt 1 1
vt 0 0
vt 1 1
vt 0 1
vt 0 0
vt 1 0
vt 1 1
vt 0 0
vt 1 1
vt 0 1
vt 0 0
vt 1 0
vt 1 1
vt 0 0
vt 1 1
vt 0 1
vt 0 0
vt 1 0
vt 1 1
vt 0 0
vt 1 1
vt 0 1
vt 0 0
vt 1 0
vt 1 1
vt 0 0
vt 1 0
vt 1 1
vt 0 0
vt 1 1
vt 0 1
vt 0 0
vt 1 0
vt 1 1
vt 0 0
vt 1 1
vt 0 1
vt 0 0
vt 1 0
vt 1 1
vt 0 0
vt 1 1
vt 0 1
vt 0 0
vt 1 0
vt 1 1
vt 0 0
vt 1 1
vt 0 1
vt 0 0
vt 1 0
vt 1 1
vt 0 0
vt 1 1
vt 0 1
vt 1 1
vt 1 0.513515
vt 1 0.528662
vt 1 1
vt 1 0.528662
vt 1 0.815754
vt 0 0
vt 1 0
vt 1.02421 0.836855
vt 0 0
vt 1.02421 0.836855
vt 0.00236 1.00442
vt 1 0.502299
vt 1 0.528662
vt 1 0.225618
vt 1 0.502299
vt 1 0.225618
vt 1 0.414929
vt 1 0.528662
vt 1 0.513515
vt 1 0
vt 1 0.528662
vt 1 0
vt 1 0.225618
vt 0 0
vt 1 0
vt 0.486485 0.513515
vt 0 0
vt 0.486485 0.513515
vt 0 0
vt 0 0
vt 0.486485 0.513515
vt 0 1
vt 0 0
vt 0 1
vt 0 0
vt 0 0.585974
vt 1 0.585974
vt 1 0.798582
vt 0 0.585974
vt 1 0.798582
vt 0 0.798582
vt 0 0.798582
vt 1 0.798582
vt 1 1
vt 0 0.798582
vt 1 1
vt 0 1
vt 0 0
vt 1 0
vt 1 1
vt 0 0
vt 1 1
vt 0 1
vt 0 0
vt 1 0.5
vt 0 1
vt 0.47047 1
vt 0.47047 0
vt 1 0
vt 0.47047 1
vt 1 0
vt 1 1
vt 0 0
vt 1 0
vt 1 0.52953
vt 0 0
vt 1 0.52953
vt 0 0.52953
vt 0 0.52953
vt 1 0.52953
vt 1 1
vt 0 0.52953
vt 1 1
vt 0 1
vt 0 0
vt 0.47047 0
vt 0.47047 1
vt 0 0
vt 0.47047 1
vt 0 1
vt 0 0
vt 1 0
vt 1 1
vt 0 0
vt 1 1
vt 0 1
vt 0 0
vt 1 0
vt 1 1
vt 0 0
vt 1 1
vt 0 1
vt 1 1
vt 1 1
vt 0 1
vt 1 1
vt 0 1
vt 1 0.52953
vt 0 1
vt 0 0
vt 1 0
vt 0 1
vt 1 0
vt 1 1
vt 0 0
vt 1 0
vt 1 1
vt 0 0
vt 1 1
vt 0 1
vt 0 0
vt 1 0
vt 1 1
vt 0 0
vt 1 1
vt 0 1
vt 0 0.578624
vt 1 0.578624
vt 1 1
vt 0 0.578624
vt 1 1
vt 0 1
vt 0 0
vt 1 0
vt 1 0.285756
vt 0 0
vt 1 0.285756
vt 0 0.285756
vt 0 0.285756
vt 1 0.285756
vt 1 0.751286
vt 0 0.285756
vt 1 0.751286
vt 0 0.751286
vt 0 0
vt 1 0
vt 1 1
vt 0 0
vt 1 1
vt 0 1
vt 0 0.751286
vt 1 0.751286
vt 1 1
vt 0 0.751286
vt 1 1
vt 0 1
vt 0 0
vt 1 0
vt 1 1
vt 0 0
vt 1 1
vt 0 1
vt 0 0
vt 1 0
vt 1 1
vt 0 0
vt 1 1
vt 0 1
vt 0 0
vt 1 0
vt 1 0.229231
vt 0 0
vt 1 0.229231
vt 0 0.229231
vt 0 0
vt 1 0
vt 1 0.229231
vt 0 0
vt 1 0.229231
vt 0 0.229231
vt 0 0.229231
vt 1 0.229231
vt 1 0.438648
vt 0 0.229231
vt 1 0.438648
vt 0 0.438648
vt 0 0.229231
vt 1 0.229231
vt 1 0.438648
vt 0 0.229231
vt 1 0.438648
vt 0 0.438648
vt 0 0.438648
vt 1 0.438648
vt 1 0.733424
vt 0 0.438648
vt 1 0.733424
vt 0 0.733424
vt 0 0.438648
vt 1 0.438648
vt 1 0.733424
vt 0 0.438648
vt 1 0.733424
vt 0 0.733424
vt 0 0.438648
vt 1 0.438648
vt 1 0.733424
vt 0 0.438648
vt 1 0.733424
vt 0 0.733424
vt 0 0.229231
vt 1 0.229231
vt 1 0.438648
vt 0 0.229231
vt 1 0.438648
vt 0 0.438648
vt 0 0
vt 1 0
vt 1 0.229231
vt 0 0
vt 1 0.229231
vt 0 0.229231
vt 0 0
vt 1 0
vt 1 1
vt 0 0
vt 1 1
vt 0 1
vt 0 0
vt 1 0
vt 1 0.472605
vt 0 0
vt 1 0.472605
vt 0 0.472605
vt 0 0.472605
vt 1 0.472605
vt 1 1
vt 0 0.472605
vt 1 1
vt 0 1
vt 0 0
vt 1 0.243931
vt 0 0.487861
vt 0 0
vt 1 0
vt 1 1
vt 0 0
vt 1 1
vt 0 1
vt 0 1
vt 0 1
vt 0 1
vt 0 1
vt 0 1
vt 0 1
vt 0 1
vt 0 1
vt 0 1
vt 0 1
vt 0 1
vt 0 1
vt 0 0
vt 1 0
vt 1 1
vt 0 0
vt 1 1
vt 0 1
vt 0 0
vt 1 0
vt 1 1
vt 0 0
vt 1 1
vt 0 1
vt 0 1
vt 0 1
vt 0 1
vt 0 1
vt 0 1
vt 0 1
vt 0 0
vt 1 0
vt 1 1
vt 0 0
vt 1 1
vt 0 1
vt 0 1
vt 0 1
vt 0 1
vt 0 1
vt 0 1
vt 0 1
vt 0 0
vt 1 0
vt 1 1
vt 0 0
vt 1 1
vt 0 1
vt 0 0
vt 1 0
vt 1 1
vt 0 0
vt 1 1
vt 0 1
vt 0 0
vt 1 0
vt 1 1
vt 0 0
vt 1 1
vt 0 1
vt 0 1
vt 0 1
vt 0 1
vt 0 1
vt 0 1
vt 0 1
vt 0 0
vt 1 0
vt 1 1
vt 0 0
vt 1 1
vt 0 1
vt 0 1
vt 0 1
vt 0 1
vt 0 1
vt 0 1
vt 0 1
vt 0 0
vt 1 0
vt 1 1
vt 0 0
vt 1 1
vt 0 1
vt 0 0
vt 1 0
vt 1 1
vt 0 0
vt 1 1
vt 0 1
vt 0 0
vt 1 0
vt 1 1
vt 0 0
vt 1 1
vt 0 1
vt 1 0
vt 1 0.578624
vt 0 0.578624
vt 1 0
vt 0 0.578624
vt 0 0
vt 0 0
vt 1 0
vt 1 1
vt 0 0
vt 1 1
vt 0 1
vt 0 0
vt 1 0
vt 1 1
vt 0 0
vt 1 1
vt 0 1
vt 0 0
vt 1 0
vt 1 1
vt 0 0
vt 1 1
vt 0 1
vt 0 0
vt 1 0
vt 1 1
vt 0 0
vt 1 1
vt 0 1
vt 0 0
vt 1 0
vt 1 1
vt 0 0
vt 1 1
vt 0 1
vt 0 0
vt 1 0
vt 1 1
vt 0 0
vt 1 1
vt 0 1
vt 1 1
vt 1 1
vt 0 1
vt 1 1
vt 0 1
vt 1 0
vt 0 1
vt 1 1
vt 0 1
vt 0 1
vt 0 1
vt 1 1
vt 0 1
vt 0 0.752134
vt 1 0.752134
vt 0 1
vt 1 0.752134
vt 1 1
vt 0 0
vt 1 0
vt 1 1
vt 0 0
vt 1 1
vt 0 1
vt 0 0.498221
vt 1 0.498221
vt 1 0.752134
vt 0 0.498221
vt 1 0.752134
vt 0 0.752134
vt 0 0.242859
vt 1 0.242859
vt 1 0.498221
vt 0 0.242859
vt 1 0.498221
vt 0 0.498221
vt 0 0
vt 1 0
vt 1 0.242859
vt 0 0
vt 1 0.242859
vt 0 0.242859
vt 0 0
vt 1 0
vt 1 1
vt 0 0
vt 1 1
vt 0 1
vt 0 0
vt 1 0
vt 1 0.118057
vt 0 0
vt 1 0.118057
vt 0 0.118057
vt 0 0.118057
vt 1 0.118057
vt 1 0.250076
vt 0 0.118057
vt 1 0.250076
vt 0 0.250076
vt 0 0
vt 1 0
vt 1 1
vt 0 0
vt 1 1
vt 0 1
vt 0 0
vt 1 0
vt 1 1
vt 0 0
vt 1 1
vt 0 1
vt 0 0
vt 1 0
vt 1 1
vt 0 0
vt 1 1
vt 0 1
vt 0 0
vt 1 0
vt 1 1
vt 0 0
vt 1 1
vt 0 1
vt 0 0
vt 1 0
vt 1 1
vt 0 0
vt 1 1
vt 0 1
vt 0 0
vt 1 0
vt 1 1
vt 0 0
vt 1 1
vt 0 1
vt 0 0
vt 1 0
vt 1 1
vt 0 0
vt 1 1
vt 0 1
vt 0 0
vt 1 0
vt 1 0.282234
vt 0 0
vt 1 0.282234
vt 0 0.282234
vt 0 0.282234
vt 1 0.282234
vt 1 0.57844
vt 0 0.282234
vt 1 0.57844
vt 0 0.57844
vt 0 0.57844
vt 1 0.57844
vt 1 0.785693
vt 0 0.57844
vt 1 0.785693
vt 0 0.785693
vt 0 0.785693
vt 1 0.785693
vt 1 1
vt 0 0.785693
vt 1 1
vt 0 1
vt 0 0
vt 1 0
vt 1 1
vt 0 0
vt 1 1
vt 0 1
vt 0 0.771476
vt 1 0.771476
vt 1 0.895736
vt 0 0.771476
vt 1 0.895736
vt 0 0.895736
vt 0 0.895736
vt 1 0.895736
vt 1 1
vt 0 0.895736
vt 1 1
vt 0 1
vt 0 0
vt 1 0
vt 1 0.129505
vt 0 0
vt 1 0.129505
vt 0 0.129505
vt 0 0.129505
vt 1 0.129505
vt 1 0.477275
vt 0 0.129505
vt 1 0.477275
vt 0 0.477275
vt 0 0.477275
vt 1 0.477275
vt 1 1
vt 0 0.477275
vt 1 1
vt 0 1
vt 0 0.477275
vt 0 1
vt 1 1
vt 0 0.477275
vt 1 1
vt 1 0.477275
vt 0 0.129505
vt 0 0.477275
vt 1 0.477275
vt 0 0.129505
vt 1 0.477275
vt 1 0.129505
vt 0 0
vt 0 0.129505
vt 1 0.129505
vt 0 0
vt 1 0.129505
vt 1 0
vt 0 0.895736
vt 0 1
vt 1 1
vt 0 0.895736
vt 1 1
vt 1 0.895736
vt 0 0.771476
vt 0 0.895736
vt 1 0.895736
vt 0 0.771476
vt 1 0.895736
vt 1 0.771476
vt 0 0
vt 0 0.282234
vt 1 0.282234
vt 0 0
vt 1 0.282234
vt 1 0
vt 0 0.282234
vt 0 0.57844
vt 1 0.57844
vt 0 0.282234
vt 1 0.57844
vt 1 0.282234
vt 0 0.57844
vt 0 0.785693
vt 1 0.785693
vt 0 0.57844
vt 1 0.785693
vt 1 0.57844
vt 0 0.785693
vt 0 1
vt 1 1
vt 0 0.785693
vt 1 1
vt 1 0.785693
vt 0 0
vt 0 1
vt 1 1
vt 0 0
vt 1 1
vt 1 0
vt 0 0
vt 0 0.242859
vt 1 0.242859
vt 0 0
vt 1 0.242859
vt 1 0
vt 0 0.242859
vt 0 0.498221
vt 1 0.498221
vt 0 0.242859
vt 1 0.498221
vt 1 0.242859
vt 0 0.498221
vt 0 0.752134
vt 1 0.752134
vt 0 0.498221
vt 1 0.752134
vt 1 0.498221
vt 0 1
vt 1 1
vt 1 0.752134
vt 0 1
vt 1 0.752134
vt 0 0.752134
vt 0 0
vt 0 1
vt 1 1
vt 0 0
vt 1 1
vt 1 0
vt 0 0
vt 0 1
vt 1 1
vt 0 0
vt 1 1
vt 1 0
vt 0 0
vt 0 1
vt 1 1
vt 0 0
vt 1 1
vt 1 0
vt 0 0
vt 0 1
vt 1 1
vt 0 0
vt 1 1
vt 1 0
vt 0 0
vt 0 1
vt 1 1
vt 0 0
vt 1 1
vt 1 0
vt 0 0
vt 0 1
vt 1 1
vt 0 0
vt 1 1
vt 1 0
vt 0 0
vt 0 1
vt 1 1
vt 0 0
vt 1 1
vt 1 0
vt 1 1
vt 1 1
vt 1 1
vt 1 1
vt 1 1
vt 1 1
vt 1 1
vt 1 1
vt 1 1
vt 1 1
vt 1 1
vt 1 1
vt 0 0
vt 0 1
vt 1 1
vt 0 0
vt 1 1
vt 1 0
vt 0 0
vt 0 0.487861
vt 1 0.243931
vt 0 0.472605
vt 0 1
vt 1 1
vt 0 0.472605
vt 1 1
vt 1 0.472605
vt 0 0
vt 0 0.472605
vt 1 0.472605
vt 0 0
vt 1 0.472605
vt 1 0
vt 0 0
vt 0 1
vt 1 1
vt 0 0
vt 1 1
vt 1 0
vt 0 0
vt 0 0.229231
vt 1 0.229231
vt 0 0
vt 1 0.229231
vt 1 0
vt 0 0.229231
vt 0 0.438648
vt 1 0.438648
vt 0 0.229231
vt 1 0.438648
vt 1 0.229231
vt 0 0.438648
vt 0 0.733424
vt 1 0.733424
vt 0 0.438648
vt 1 0.733424
vt 1 0.438648
vt 0 0.733424
vt 0 1
vt 1 1
vt 0 0.733424
vt 1 1
vt 1 0.733424
vt 0 0.733424
vt 1 0.733424
vt 1 1
vt 0 0.733424
vt 1 1
vt 0 1
vt 0 0.733424
vt 1 0.733424
vt 1 1
vt 0 0.733424
vt 1 1
vt 0 1
vt 0 0.733424
vt 0 1
vt 1 1
vt 0 0.733424
vt 1 1
vt 1 0.733424
vt 0 0.733424
vt 1 0.733424
vt 1 1
vt 0 0.733424
vt 1 1
vt 0 1
vt 0 0.733424
vt 0 1
vt 1 1
vt 0 0.733424
vt 1 1
vt 1 0.733424
vt 0 0.438648
vt 0 0.733424
vt 1 0.733424
vt 0 0.438648
vt 1 0.733424
vt 1 0.438648
vt 0 0.438648
vt 0 0.733424
vt 1 0.733424
vt 0 0.438648
vt 1 0.733424
vt 1 0.438648
vt 0 0.229231
vt 0 0.438648
vt 1 0.438648
vt 0 0.229231
vt 1 0.438648
vt 1 0.229231
vt 0 0.229231
vt 0 0.438648
vt 1 0.438648
vt 0 0.229231
vt 1 0.438648
vt 1 0.229231
vt 0 0
vt 0 0.229231
vt 1 0.229231
vt 0 0
vt 1 0.229231
vt 1 0
vt 0 0
vt 0 0.229231
vt 1 0.229231
vt 0 0
vt 1 0.229231
vt 1 0
vt 0.23623 0
vt 0 0
vt 0 1
vt 0.23623 0
vt 0 1
vt 0.23623 1
vt 1 0.76377
vt 1 1
vt 1 0
vt 1 0.76377
vt 1 0
vt 1 0.079755
vt 0 0
vt 0 1
vt 1 1
vt 0 0
vt 1 1
vt 1 0
vt 0 0
vt 0 1
vt 1 1
vt 0 0
vt 1 1
vt 1 0
vt 0 0
vt 0 1
vt 1 1
vt 0 0
vt 1 1
vt 1 0
vt 0 0
vt 0 1
vt 1 1
vt 0 0
vt 1 1
vt 1 0
vt 0 0
vt 0 1
vt 1 1
vt 0 0
vt 1 1
vt 1 0
vt 0 0
vt 0 1
vt 1 1
vt 0 0
vt 1 1
vt 1 0
vt 0 0
vt 0 1
vt 1 1
vt 0 0
vt 1 1
vt 1 0
vt 0 0
vt 0 1
vt 1 1
vt 0 0
vt 1 1
vt 1 0
vt 0 0
vt 0 1
vt 1 1
vt 0 0
vt 1 1
vt 1 0
vt 0 0
vt 0 1
vt 1 1
vt 0 0
vt 1 1
vt 1 0
vt 0 0
vt 0 1
vt 1 1
vt 0 0
vt 1 1
vt 1 0
vt 0 0
vt 0 1
vt 1 1
vt 0 0
vt 1 1
vt 1 0
vt 0 0
vt 1 1
vt 1 0
vt 0 0
vt 0 1
vt 1 1
vt 0 0
vt 1 1
vt 1 0
vt 0 0
vt 0 1
vt 1 1
vt 0 0
vt 1 1
vt 1 0
vt 0 0
vt 0 1
vt 1 1
vt 0 0
vt 1 1
vt 1 0
vt 0 0
vt 0 1
vt 1 1
vt 0 0
vt 1 1
vt 1 0
vt 0 0.074521
vt 0 0.118029
vt 0.483053 0.124578
vt 0 0.074521
vt 0.483053 0.124578
vt 0.673611 0.078656
vt 0.23623 0.158219
vt 0 0
vt 0 1
vt 0.23623 0.158219
vt 0 1
vt 0.23623 1
vt 1 0.843525
vt 1 1
vt 1 0
vt 1 0.843525
vt 1 0
vt 1 0.158219
vt 0.841057 0.03867
vt 0.982268 0.23337
vt 0 1
vt 0.841057 0.03867
vt 0 1
vt 0.673611 0.078656
vt 0 0
vt 0 1
vt 1.48484 0.901609
vt 0 0
vt 1.48484 0.901609
vt 1 0
vt 1 0
vt 0 0
vt 0 1
vt 1 0
vt 0 1
vt 1 1
vt 0 0
vt 0 1
vt 1 1
vt 0 0
vt 1 1
vt 1 0
vt 0 0
vt 0 1
vt 1 1
vt 0 0
vt 1 1
vt 1 0
vt 0 0
vt 0 1
vt 1 1
vt 0 0
vt 1 1
vt 1 0
vt 0 0
vt 0 1
vt 1 1
vt 0 0
vt 1 1
vt 1 0
vt 0 0
vt 0 1
vt 1 1
vt 0 0
vt 1 1
vt 1 0
vt 0 0
vt 0 1
vt 1 1
vt 0 0
vt 1 1
vt 1 0
vt 0 0
vt 0 1
vt 1 1
vt 0 0
vt 1 1
vt 1 0
vt 0 0
vt 0 1
vt 1 1
vt 0 0
vt 1 1
vt 1 0
vt 0 0
vt 0 1
vt 1 1
vt 0 0
vt 1 1
vt 1 0
vt 1 1
vt 1 1
vt 0 1
vt 1 1
vt 0 1
vt 0 1
vt 1 1
vt 1 1
vt 0 1
vt 1 1
vt 0 1
vt 0 1
vt 0 0
vt 1 0
vt 1 1
vt 0 0
vt 1 1
vt 0 1
vt 0 0
vt 1 0
vt 1 1
vt 0 0
vt 1 1
vt 0 1
vt 0 0
vt 1 0
vt 1 1
vt 0 0
vt 1 1
vt 0 1
vt 1 1
vt 1 1
vt 0 1
vt 1 1
vt 0 1
vt 0 1
vt 0 0
vt 1 0
vt 1 1
vt 0 0
vt 1 1
vt 0 1
vt 1 1
vt 1 1
vt 0 1
vt 1 1
vt 0 1
vt 0 1
vt 0 0
vt 0 1
vt 1 1
vt 0 0
vt 1 1
vt 1 0
vt 0 0
vt 0 1
vt 1 1
vt 0 0
vt 1 1
vt 1 0
vt 1 1
vt 1 1
vt 0 1
vt 1 1
vt 0 1
vt 0 1
vt 0 0
vt 0 1
vt 0.4 1
vt 0 0
vt 0.4 1
vt 0.4 0
vt 0.4 1
vt 0.4 1
vt 0 1
vt 0.4 1
vt 0 1
vt 0 1
vt 0 0
vt 1 0
vt 1 1
vt 0 0
vt 1 1
vt 0 1
vt 0 0
vt 0.4 0
vt 0.4 1
vt 0 0
vt 0.4 1
vt 0 1
vt 0.4 1
vt 0.4 0
vt 1 0
vt 0.4 1
vt 1 0
vt 1 1
vt 1 1
vt 1 1
vt 0.4 1
vt 1 1
vt 0.4 1
vt 0.4 1
vt 0 0
vt 0.5 0
vt 0.5 1
vt 0 0
vt 0.5 1
vt 0 1
vt 0.5 1
vt 0.5 1
vt 0 1
vt 0.5 1
vt 0 1
vt 0 1
vt 0.4 1
vt 1 1
vt 1 0
vt 0.4 1
vt 1 0
vt 0.4 0
vt 0 0
vt 0 1
vt 0.5 1
vt 0 0
vt 0.5 1
vt 0.5 0
vt 0.5 1
vt 1 1
vt 1 0
vt 0.5 1
vt 1 0
vt 0.5 0
vt 1 1
vt 1 1
vt 0.5 1
vt 1 1
vt 0.5 1
vt 0.5 1
vt 0 0
vt 0 1
vt 1 1
vt 0 0
vt 1 1
vt 1 0
vt 1 1
vt 1 1
vt 0 1
vt 1 1
vt 0 1
vt 0 1
vt 0.5 1
vt 0.5 0
vt 1 0
vt 0.5 1
vt 1 0
vt 1 1
vt 0 0
vt 1 0
vt 1 1
vt 0 0
vt 1 1
vt 0 1
vt 0 0
vt 1 0
vt 1 1
vt 0 0
vt 1 1
vt 0 1
vt 1 1
vt 1 1
vt 0 1
vt 1 1
vt 0 1
vt 0 1
vt 0 0
vt 1 0
vt 1 1
vt 0 0
vt 1 1
vt 0 1
vt 1 1
vt 1 1
vt 0 1
vt 1 1
vt 0 1
vt 0 1
vt 0 0
vt 0 1
vt 1 1
vt 0 0
vt 1 1
vt 1 0
vt 0 0
vt 0 1
vt 1 1
vt 0 0
vt 1 1
vt 1 0
vt 0 0
vt 0 1
vt 1 1
vt 0 0
vt 1 1
vt 1 0
vt 1 1
vt 1 1
vt 0 1
vt 1 1
vt 0 1
vt 0 1
vt 0 0
vt 0 1
vt 1 1
vt 0 0
vt 1 1
vt 1 0
vt 1 1
vt 1 1
vt 0 1
vt 1 1
vt 0 1
vt 0 1
vt 0 0
vt 1 0
vt 1 1
vt 0 0
vt 1 1
vt 0 1
vt 0 0
vt 1 0
vt 1 1
vt 0 0
vt 1 1
vt 0 1
vt 0 0
vt 1 0
vt 1 1
vt 0 0
vt 1 1
vt 0 1
vt 1 1
vt 1 1
vt 0 1
vt 1 1
vt 0 1
vt 0 1
vt 0 0
vt 1 0
vt 1 1
vt 0 0
vt 1 1
vt 0 1
vt 1 1
vt 1 1
vt 0 1
vt 1 1
vt 0 1
vt 0 1
vt 0 0
vt 0 1
vt 1 1
vt 0 0
vt 1 1
vt 1 0
vt 0 0
vt 0 1
vt 1 1
vt 0 0
vt 1 1
vt 1 0
vt 0 0
vt 0 1
vt 1 1
vt 0 0
vt 1 1
vt 1 0
vt 1 1
vt 1 1
vt 0 1
vt 1 1
vt 0 1
vt 0 1
vt 0 0
vt 0 1
vt 0.5 1
vt 0 0
vt 0.5 1
vt 0.5 0
vt 0.5 1
vt 0.5 1
vt 0 1
vt 0.5 1
vt 0 1
vt 0 1
vt 0 0
vt 1 0
vt 1 1
vt 0 0
vt 1 1
vt 0 1
vt 0 0
vt 0.5 0
vt 0.5 1
vt 0 0
vt 0.5 1
vt 0 1
vt 0.5 1
vt 0.5 0
vt 1 0
vt 0.5 1
vt 1 0
vt 1 1
vt 1 1
vt 1 1
vt 0.5 1
vt 1 1
vt 0.5 1
vt 0.5 1
vt 0 0
vt 0.5 0
vt 0.5 1
vt 0 0
vt 0.5 1
vt 0 1
vt 0.5 1
vt 0.5 1
vt 0 1
vt 0.5 1
vt 0 1
vt 0 1
vt 0.5 1
vt 1 1
vt 1 0
vt 0.5 1
vt 1 0
vt 0.5 0
vt 0 0
vt 0 1
vt 0.5 1
vt 0 0
vt 0.5 1
vt 0.5 0
vt 0.5 1
vt 1 1
vt 1 0
vt 0.5 1
vt 1 0
vt 0.5 0
vt 1 1
vt 1 1
vt 0.5 1
vt 1 1
vt 0.5 1
vt 0.5 1
vt 0 0
vt 0 1
vt 1 1
vt 0 0
vt 1 1
vt 1 0
vt 1 1
vt 1 1
vt 0 1
vt 1 1
vt 0 1
vt 0 1
vt 0.5 1
vt 0.5 0
vt 1 0
vt 0.5 1
vt 1 0
vt 1 1
vt 0 0
vt 1 0
vt 1 1
vt 0 0
vt 1 1
vt 0 1
vt 0 0
vt 1 0
vt 1 1
vt 0 0
vt 1 1
vt 0 1
vt 1 1
vt 1 1
vt 0 1
vt 1 1
vt 0 1
vt 0 1
vt 0 0
vt 1 0
vt 1 1
vt 0 0
vt 1 1
vt 0 1
vt 1 1
vt 1 1
vt 0 1
vt 1 1
vt 0 1
vt 0 1
vt 0 0
vt 0 1
vt 1 1
vt 0 0
vt 1 1
vt 1 0
vt 0 0
vt 0 1
vt 1 1
vt 0 0
vt 1 1
vt 1 0
vt 0 0
vt 0 1
vt 1 1
vt 0 0
vt 1 1
vt 1 0
vt 0 0
vt 0 1
vt 1 1
vt 0 0
vt 1 1
vt 1 0
vt 0 0
vt 0 1
vt 1 1
vt 0 0
vt 1 1
vt 1 0
vt 0 0
vt 0 1
vt 1 1
vt 0 0
vt 1 1
vt 1 0
vt 0 0
vt 0 1
vt 0.932147 1.26268
vt 0 0
vt 0.932147 1.26268
vt 1 0
vt 0 0
vt 1 1
vt 0.982268 0.23337
vt 0 0
vt 0 1
vt 1 1
vt 0 0
vt 1 1
vt 1 0
vt 0 0
vt 0 1
vt 1 1
vt 0 0
vt 1 1
vt 1 0
vt 1 0.364763
vt 1 0
vt 1 0.486485
vt 1 0.364763
vt 1 0.486485
vt 1 0.496345
vt 0.513515 1
vt 1 1
vt 1 0
vt 0.513515 1
vt 1 0
vt 0.513515 0
vt 2.47849 1.98119
vt 1 0
vt 0 0
vt 2.47849 1.98119
vt 0 0
vt 0.932147 1.26268
vt 1 0.502299
vt 1 0.612895
vt 1 0.364763
vt 1 0.502299
vt 1 0.364763
vt 1 0.496345
vt 0 0
vt 0 1
vt 1.88284 1.16309
vt 0 0
vt 1.88284 1.16309
vt 1 0
vt 1 0
vt 0 0
vt 0 1
vt 1 0
vt 0 1
vt 1 1
vt 0 0
vt 0 1
vt 1 1
vt 0 0
vt 1 1
vt 1 0
vt 0 0
vt 0 1
vt 1 1
vt 0 0
vt 1 1
vt 1 0
vt 0 0
vt 0 1
vt 1 1
vt 0 0
vt 1 1
vt 1 0
vt 1 1
vt 1 0
vt 0 0
vt 1 1
vt 0 0
vt 0 1
vt 0 0
vt 0 1
vt 1 1
vt 0 0
vt 1 1
vt 1 0
vt 0 0
vt 0 1
vt 1 1
vt 0 0
vt 1 1
vt 1 0
vt 0 0
vt 0 1
vt 1 1
vt 0 0
vt 1 1
vt 1 0
vt 0 0
vt 0 1
vt 1 1
vt 0 0
vt 1 1
vt 1 0
vt 0 0
vt 0 1
vt 1 1
vt 0 0
vt 1 1
vt 1 0
vt 0 0
vt 0.00236 1.00442
vt 1.02421 0.836855
vt 0 0
vt 1.02421 0.836855
vt 1 0
vt 1 1
vt 1 0.815754
vt 1 0.528662
vt 1 1
vt 1 0.528662
vt 1 0.513515
vt 1 0.815754
vt 1 0.612895
vt 1 0.502299
vt 1 0.815754
vt 1 0.502299
vt 1 0.528662
vt 1 0.528662
vt 1 0.225618
vt 1 0
vt 1 0.528662
vt 1 0
vt 1 0.513515
vt 1 0.502299
vt 1 0.414929
vt 1 0.225618
vt 1 0.502299
vt 1 0.225618
vt 1 0.528662
vt 1 0.414929
vt 1 0.502299
vt 1 0.496345
vt 1 0.414929
vt 1 0.496345
vt 1 0.635237
vt 0 0
vt 0 1
vt 1 1
vt 0 0
vt 1 1
vt 1 0
vt 0 0.543751
vt 0 1
vt 1 1
vt 0 0.543751
vt 1 1
vt 1 0.543751
vt 0 0
vt 0 1
vt 1 1
vt 0 0
vt 1 1
vt 1 0
vt 1 0.486485
vt 1 1
vt 1 0.635237
vt 1 0.486485
vt 1 0.635237
vt 1 0.496345
vt 0 0
vt 0 1
vt 1 1
vt 0 0
vt 1 1
vt 1 0
vt 0 1
vt 0.513515 1
vt 0.513515 0
vt 0 1
vt 0.513515 0
vt 0 0
vt 0 1
vt 0 0
vt 0.513515 0
vt 0 1
vt 0.513515 0
vt 0.513515 1
vt 0 0
vt 1 0
vt 1 1
vt 0 0
vt 1 1
vt 0 1
vt 1 0.486485
vt 1 0.496345
vt 1 0.635237
vt 1 0.486485
vt 1 0.635237
vt 1 1
vt 0 0
vt 1 0
vt 1 1
vt 0 0
vt 1 1
vt 0 1
vt 0 0
vt 1 0
vt 1 1
vt 0 0
vt 1 1
vt 0 1
vt 1 0.414929
vt 1 0.635237
vt 1 0.496345
vt 1 0.414929
vt 1 0.496345
vt 1 0.502299
vt 0 0.543751
vt 1 0.543751
vt 1 1
vt 0 0.543751
vt 1 1
vt 0 1
vt 0 0
vt 0 0.543751
vt 1 0.543751
vt 0 0
vt 1 0.543751
vt 1 0
vt 0 0
vt 0 0
vt 0.486485 0.513515
vt 0 0
vt 0.486485 0.513515
vt 1 0
vt 0 0
vt 0 1
vt 1 1
vt 0 0
vt 1 1
vt 1 0
vt 0 0
vt 0 1
vt 1 1
vt 0 0
vt 1 1
vt 1 0
vt 0 0
vt 0 1
vt 1 1
vt 0 0
vt 1 1
vt 1 0
vt 0 0
vt 0 1
vt 1 1
vt 0 0
vt 1 1
vt 1 0
vt 0 0.424103
vt 0 0.585974
vt 1 0.585974
vt 0 0.424103
vt 1 0.585974
vt 1 0.424103
vt 0 0.250076
vt 0 0.424103
vt 1 0.424103
vt 0 0.250076
vt 1 0.424103
vt 1 0.250076
vt 0 0.118057
vt 0 0.250076
vt 1 0.250076
vt 0 0.118057
vt 1 0.250076
vt 1 0.118057
vt 0 0
vt 0 1
vt 1 1
vt 0 0
vt 1 1
vt 1 0
vt 0 0
vt 0 0.118057
vt 1 0.118057
vt 0 0
vt 1 0.118057
vt 1 0
vt 0 0
vt 0 1
vt 1 1
vt 0 0
vt 1 1
vt 1 0
vt 0 0
vt 0 1
vt 1 1
vt 0 0
vt 1 1
vt 1 0
vt 0 0
vt 0 1
vt 1 1
vt 0 0
vt 1 1
vt 1 0
vt 0 0
vt 0 1
vt 1 1
vt 0 0
vt 1 1
vt 1 0
vt 0 0
vt 0 1
vt 1 1
vt 0 0
vt 1 1
vt 1 0
vt 0 1
vt 1 1
vt 0 1
vt 0 1
vt 0 1
vt 1 1
vt 1 1
vt 1 0
vt 0 1
vt 1 1
vt 0 1
vt 1 1
vt 0 0
vt 0 0.52953
vt 1 0.52953
vt 0 0
vt 1 0.52953
vt 1 0
vt 1 0.52953
vt 1 0
vt 0 1
vt 1 0.52953
vt 0 1
vt 1 1
vt 0 0.52953
vt 0 1
vt 1 1
vt 0 0.52953
vt 1 1
vt 1 0.52953
vt 1 1
vt 1 0.52953
vt 0 1
vt 1 1
vt 0 1
vt 1 1
vt 0 0
vt 0 1
vt 1 1
vt 0 0
vt 1 1
vt 1 0
vt 0 1
vt 1 1
vt 1 0
vt 0 1
vt 1 0
vt 0 0
vt 0 0
vt 0 1
vt 1 1
vt 0 0
vt 1 1
vt 1 0
vt 0 0
vt 0 1
vt 1 1
vt 0 0
vt 1 1
vt 1 0
vt 0 0
vt 0 1
vt 0.47047 1
vt 0 0
vt 0.47047 1
vt 0.47047 0
vt 1 1
vt 1 0
vt 0.76377 0.23623
vt 1 1
vt 0.76377 0.23623
vt 1 1
vt 0.76377 0.23623
vt 0.3516 0.638762
vt 1 1
vt 0.76377 0.23623
vt 1 1
vt 1 1
vt 0.3516 0.638762
vt 0.023153 0.970461
vt 1 1
vt 0.3516 0.638762
vt 1 1
vt 1 1
vt 0.47047 1
vt 1 1
vt 1 0
vt 0.47047 1
vt 1 0
vt 0.47047 0
vt 0 0
vt 0 1
vt 1 1
vt 0 0
vt 1 1
vt 1 0
vt 0 0
vt 0 1
vt 1 0.5
vt 0 0.798582
vt 0 1
vt 1 1
vt 0 0.798582
vt 1 1
vt 1 0.798582
vt 0 0
vt 0 0
vt 0 1
vt 0 0
vt 0 1
vt 0.486485 0.513515
vt 0 0.585974
vt 0 0.798582
vt 1 0.798582
vt 0 0.585974
vt 1 0.798582
vt 1 0.585974
vt 0 0
vt 0 1
vt 1.09066 0.844551
vt 0 0
vt 1.09066 0.844551
vt 1 0
vt 0 0
vt 0 1
vt 1 1
vt 0 0
vt 1 1
vt 1.07779 0.031038
vt 0 0
vt 0 1
vt 0.93769 0.401477
vt 0 0
vt 0 1
vt 1 1
vt 0 0
vt 1 1
vt 1 0
vt 0 0
vt 0 1
vt 1 1
vt 0 0
vt 1 1
vt 1 0
vt 0 0
vt 0 1
vt 1 1
vt 0 0
vt 1 1
vt 1 0
vt 0 0
vt 0 1
vt 1 1
vt 0 0
vt 1 1
vt 1 0
vt 0 0
vt 0 1
vt 1 1
vt 0 0
vt 1 1
vt 1 0
vt 0 0
vt 0 1
vt 1 1
vt 0 0
vt 1 1
vt 1 0
vt 0 0
vt 0 1
vt 1 1
vt 0 0
vt 1 1
vt 1 0
vt 0 0
vt 0 1
vt 1 1
vt 0 0
vt 1 1
vt 1 0
vt 0 0
vt 0 1
vt 1 1
vt 0 0
vt 1 1
vt 1 0
vt 0 0
vt 1 1
vt 1 0
vt 0 0
vt 0 1
vt 1 1
vt 0 0
vt 1 1
vt 1 0
vt 0 0
vt 0 1
vt 1 1
vt 0 0
vt 1 1
vt 1 0
vt 0 0
vt 0 1
vt 1 1
vt 0 0
vt 1 1
vt 1 0
vt 0 0.285756
vt 0 0.751286
vt 1 0.751286
vt 0 0.285756
vt 1 0.751286
vt 1 0.285756
vt 0 0.751286
vt 0 1
vt 1 1
vt 0 0.751286
vt 1 1
vt 1 0.751286
vt 0 0
vt 0 0.285756
vt 1 0.285756
vt 0 0
vt 1 0.285756
vt 1 0
vt 0 0
vt 0 1
vt 1 1
vt 0 0
vt 1 1
vt 1 0
vt 0 0.578624
vt 0 1
vt 1 1
vt 0 0.578624
vt 1 1
vt 1 0.578624
vt 0 0
vt 0 1
vt 1 1
vt 0 0
vt 1 1
vt 1 0
vt 0 0
vt 0 1
vt 1 1
vt 0 0
vt 1 1
vt 1 0
vt 1 1
vt 1 1
vt 1 1
vt 1 1
vt 1 1
vt 1 1
vt 1 1
vt 1 1
vt 1 1
vt 1 1
vt 1 1
vt 1 1
vt 0 0
vt 0 1
vt 1 1
vt 0 0
vt 1 1
vt 1 0
vt 0 0
vt 0 1
vt 1 1
vt 0 0
vt 1 1
vt 1 0
vt 0 0
vt 0 1
vt 1 1
vt 0 0
vt 1 1
vt 1 0
vt 1 1
vt 1 1
vt 1 1
vt 1 1
vt 1 1
vt 1 1
vt 0 0
vt 0 1
vt 1 1
vt 0 0
vt 1 1
vt 1 0
vt 0 0
vt 0 1
vt 1 1
vt 0 0
vt 1 1
vt 1 0
vt 0 0
vt 0 1
vt 1 1
vt 0 0
vt 1 1
vt 1 0
vt 0 0
vt 0 1
vt 1 1
vt 0 0
vt 1 1
vt 1 0
vt 1 1
vt 1 1
vt 1 1
vt 1 1
vt 1 1
vt 1 1
vt 0 0
vt 0 1
vt 1 1
vt 0 0
vt 1 1
vt 1 0
vt 1 0
vt 0 0
vt 0 0.578624
vt 1 0
vt 0 0.578624
vt 1 0.578624
vt 0 0
vt 0 1
vt 1 1
vt 0 0
vt 1 1
vt 1 0
vt 0 0
vt 0 1
vt 1 1
vt 0 0
vt 1 1
vt 1 0
vt 0 0
vt 0 1
vt 1 1
vt 0 0
vt 1 1
vt 1 0
vt 0 0
vt 0 1
vt 1 1
vt 0 0
vt 1 1
vt 1 0
vt 0 0
vt 0 1
vt 1 1
vt 0 0
vt 1 1
vt 1 0
vt 0 0
vt 0 1
vt 1 1
vt 0 0
vt 1 1
vt 1 0
vt 0 0
vt 0 1
vt 1 1
vt 0 0
vt 1 1
vt 1 0
vt 0 0
vt 0 1
vt 1 1
vt 0 0
vt 1 1
vt 1 0
vt 0 0
vt 0 1
vt 1 1
vt 0 0
vt 1 1
vt 1 0
vt 0 0
vt 0 1
vt 1 1
vt 0 0
vt 1 1
vt 1 0
vt 0 0
vt 1 0
vt 1 0.543751
vt 0 0
vt 1 0.543751
vt 0 0.543751
vt 0 0.250076
vt 1 0.250076
vt 1 0.424103
vt 0 0.250076
vt 1 0.424103
vt 0 0.424103
vt 0 0.424103
vt 1 0.424103
vt 1 0.585974
vt 0 0.424103
vt 1 0.585974
vt 0 0.585974
vt 0 0
vt 1 0
vt 1 1
vt 0 0
vt 1 1
vt 0 1
vt 1 0.52953
vt 1 1
vt 0 1
vt 1 0.52953
vt 0 1
vt 1 0
vt 0 0
vt 1 0
vt 1 1
vt 0 0
vt 1 1
vt 0 1
vt 0 0
vt 1 0
vt 1 1
vt 0 0
vt 1 1
vt 0 1
vt 0 0
vt 1 0
vt 1 1
vt 0 0
vt 1 1
vt 0 1
vt 0 0
vt 1 0
vt 1 1
vt 0 0
vt 1 1
vt 0 1
vt 0 0
vt 1 0
vt 1 1
vt 0 0
vt 1 1
vt 0 1
vt 0 0
vt 1 0
vt 1 1
vt 0 0
vt 1 1
vt 0 1
vt 0 0
vt 1 0
vt 1 1
vt 0 0
vt 1 1
vt 0 1
vt 0 0
vt 1 0
vt 1 1
vt 0 0
vt 1 1
vt 0 1
vt 0 0
vt 1 0
vt 1 1
vt 0 0
vt 1 1
vt 0 1
vt 0 0
vt 1 0
vt 1 1
vt 0 0
vt 1 1
vt 0 1
vt 0 0
vt 1 0
vt 1 1
vt 0 0
vt 1 1
vt 0 1
vt 0 0
vt 1 0
vt 1 1
vt 0 0
vt 1 1
vt 0 1
vt 0 0
vt 1 0
vt 1 1
vt 0 0
vt 1 1
vt 0 1
vt 0 0
vt 1 0
vt 1 1
vt 0 0
vt 1 1
vt 0 1
vt 0 0
vt 1 0
vt 1 1
vt 0 0
vt 1 1
vt 0 1
vt 0 0
vt 1 0
vt 1 1
vt 0 0
vt 1 1
vt 0 1
vt 0 0
vt 1 0
vt 1 1
vt 0 0
vt 1 1
vt 0 1
s off
f 1/1/1 2/2/2 3/3/3
f 4/4/4 5/5/5 6/6/6
f 7/7/7 8/8/8 9/9/9
f 10/10/10 11/11/11 12/12/12
f 13/13/13 14/14/14 15/15/15
f 16/16/16 17/17/17 18/18/18
f 19/19/19 20/20/20 21/21/21
f 22/22/22 23/23/23 24/24/24
f 25/25/25 26/26/26 27/27/27
f 28/28/28 29/29/29 30/30/30
f 31/31/31 32/32/32 33/33/33
f 34/34/34 35/35/35 36/36/36
f 37/37/37 38/38/38 39/39/39
f 40/40/40 41/41/41 42/42/42
f 43/43/43 44/44/44 45/45/45
f 46/46/46 47/47/47 48/48/48
f 49/49/49 50/50/50 51/51/51
f 52/52/52 53/53/53 54/54/54
f 55/55/55 56/56/56 57/57/57
f 58/58/58 59/59/59 60/60/60
f 61/61/61 62/62/62 63/63/63
f 64/64/64 65/65/65 66/66/66
f 67/67/67 68/68/68 69/69/69
f 70/70/70 71/71/71 72/72/72
f 73/73/73 74/74/74 75/75/75
f 76/76/76 77/77/77 78/78/78
f 79/79/79 80/80/80 81/81/81
f 82/82/82 83/83/83 84/84/84
f 85/85/85 86/86/86 87/87/87
f 88/88/88 89/89/89 90/90/90
f 91/91/91 92/92/92 93/93/93
f 94/94/94 95/95/95 96/96/96
f 97/97/97 98/98/98 99/99/99
f 100/100/100 101/101/101 102/102/102
f 103/103/103 104/104/104 105/105/105
f 106/106/106 107/107/107 108/108/108
f 109/109/109 110/110/110 111/111/111
f 112/112/112 113/113/113 114/114/114
f 115/115/115 116/116/116 117/117/117
f 118/118/118 119/119/119 120/120/120
f 121/121/121 122/122/122 123/123/123
f 124/124/124 125/125/125 126/126/126
f 127/127/127 128/128/128 129/129/129
f 130/130/130 131/131/131 132/132/132
f 133/133/133 134/134/134 135/135/135
f 136/136/136 137/137/137 138/138/138
f 139/139/139 140/140/140 141/141/141
f 142/142/142 143/143/143 144/144/144
f 145/145/145 146/146/146 147/147/147
f 148/148/148 149/149/149 150/150/150
f 151/151/151 152/152/152 153/153/153
f 154/154/154 155/155/155 156/156/156
f 157/157/157 158/158/158 159/159/159
f 160/160/160 161/161/161 162/162/162
f 163/163/163 164/164/164 165/165/165
f 166/166/166 167/167/167 168/168/168
f 169/169/169 170/170/170 171/171/171
f 172/172/172 173/173/173 174/174/174
f 175/175/175 176/176/176 177/177/177
f 178/178/178 179/179/179 180/180/180
f 181/181/181 182/182/182 183/183/183
f 184/184/184 185/185/185 186/186/186
f 187/187/187 188/188/188 189/189/189
f 190/190/190 191/191/191 192/192/192
f 193/193/193 194/194/194 195/195/195
f 196/196/196 197/197/197 198/198/198
f 199/199/199 200/200/200 201/201/201
f 202/202/202 203/203/203 204/204/204
f 205/205/205 206/206/206 207/207/207
f 208/208/208 209/209/209 210/210/210
f 211/211/211 212/212/212 213/213/213
f 214/214/214 215/215/215 216/216/216
f 217/217/217 218/218/218 219/219/219
f 220/220/220 221/221/221 222/222/222
f 223/223/223 224/224/224 225/225/225
f 226/226/226 227/227/227 228/228/228
f 229/229/229 230/230/230 231/231/231
f 232/232/232 233/233/233 234/234/234
f 235/235/235 236/236/236 237/237/237
f 238/238/238 239/239/239 240/240/240
f 241/241/241 242/242/242 243/243/243
f 244/244/244 245/245/245 246/246/246
f 247/247/247 248/248/248 249/249/249
f 250/250/250 251/251/251 252/252/252
f 253/253/253 254/254/254 255/255/255
f 256/256/256 257/257/257 258/258/258
f 259/259/259 260/260/260 261/261/261
f 262/262/262 263/263/263 264/264/264
f 265/265/265 266/266/266 267/267/267
f 268/268/268 269/269/269 270/270/270
f 271/271/271 272/272/272 273/273/273
f 274/274/274 275/275/275 276/276/276
f 277/277/277 278/278/278 279/279/279
f 280/280/280 281/281/281 282/282/282
f 283/283/283 284/284/284 285/285/285
f 286/286/286 287/287/287 288/288/288
f 289/289/289 290/290/290 291/291/291
f 292/292/292 293/293/293 294/294/294
f 295/295/295 296/296/296 297/297/297
f 298/298/298 299/299/299 300/300/300
f 301/301/301 302/302/302 303/303/303
f 304/304/304 305/305/305 306/306/306
f 307/307/307 308/308/308 309/309/309
f 310/310/310 311/311/311 312/312/312
f 313/313/313 314/314/314 315/315/315
f 316/316/316 317/317/317 318/318/318
f 319/319/319 320/320/320 321/321/321
f 322/322/322 323/323/323 324/324/324
f 325/325/325 326/326/326 327/327/327
f 328/328/328 329/329/329 330/330/330
f 331/331/331 332/332/332 333/333/333
f 334/334/334 335/335/335 336/336/336
f 337/337/337 338/338/338 339/339/339
f 340/340/340 341/341/341 342/342/342
f 343/343/343 344/344/344 345/345/345
f 346/346/346 347/347/347 348/348/348
f 349/349/349 350/350/350 351/351/351
f 352/352/352 353/353/353 354/354/354
f 355/355/355 356/356/356 357/357/357
f 358/358/358 359/359/359 360/360/360
f 361/361/361 362/362/362 363/363/363
f 364/364/364 365/365/365 366/366/366
f 367/367/367 368/368/368 369/369/369
f 370/370/370 371/371/371 372/372/372
f 373/373/373 374/374/374 375/375/375
f 376/376/376 377/377/377 378/378/378
f 379/379/379 380/380/380 381/381/381
f 382/382/382 383/383/383 384/384/384
f 385/385/385 386/386/386 387/387/387
f 388/388/388 389/389/389 390/390/390
f 391/391/391 392/392/392 393/393/393
f 394/394/394 395/395/395 396/396/396
f 397/397/397 398/398/398 399/399/399
f 400/400/400 401/401/401 402/402/402
f 403/403/403 404/404/404 405/405/405
f 406/406/406 407/407/407 408/408/408
f 409/409/409 410/410/410 411/411/411
f 412/412/412 413/413/413 414/414/414
f 415/415/415 416/416/416 417/417/417
f 418/418/418 419/419/419 420/420/420
f 421/421/421 422/422/422 423/423/423
f 424/424/424 425/425/425 426/426/426
f 427/427/427 428/428/428 429/429/429
f 430/430/430 431/431/431 432/432/432
f 433/433/433 434/434/434 435/435/435
f 436/436/436 437/437/437 438/438/438
f 439/439/439 440/440/440 441/441/441
f 442/442/442 443/443/443 444/444/444
f 445/445/445 446/446/446 447/447/447
f 448/448/448 449/449/449 450/450/450
f 451/451/451 452/452/452 453/453/453
f 454/454/454 455/455/455 456/456/456
f 457/457/457 458/458/458 459/459/459
f 460/460/460 461/461/461 462/462/462
f 463/463/463 464/464/464 465/465/465
f 466/466/466 467/467/467 468/468/468
f 469/469/469 470/470/470 471/471/471
f 472/472/472 473/473/473 474/474/474
f 475/475/475 476/476/476 477/477/477
f 478/478/478 479/479/479 480/480/480
f 481/481/481 482/482/482 483/483/483
f 484/484/484 485/485/485 486/486/486
f 487/487/487 488/488/488 489/489/489
f 490/490/490 491/491/491 492/492/492
f 493/493/493 494/494/494 495/495/495
f 496/496/496 497/497/497 498/498/498
f 499/499/499 500/500/500 501/501/501
f 502/502/502 503/503/503 504/504/504
f 505/505/505 506/506/506 507/507/507
f 508/508/508 509/509/509 510/510/510
f 511/511/511 512/512/512 513/513/513
f 514/514/514 515/515/515 516/516/516
f 517/517/517 518/518/518 519/519/519
f 520/520/520 521/521/521 522/522/522
f 523/523/523 524/524/524 525/525/525
f 526/526/526 527/527/527 528/528/528
f 529/529/529 530/530/530 531/531/531
f 532/532/532 533/533/533 534/534/534
f 535/535/535 536/536/536 537/537/537
f 538/538/538 539/539/539 540/540/540
f 541/541/541 542/542/542 543/543/543
f 544/544/544 545/545/545 546/546/546
f 547/547/547 548/548/548 549/549/549
f 550/550/550 551/551/551 552/552/552
f 553/553/553 554/554/554 555/555/555
f 556/556/556 557/557/557 558/558/558
f 559/559/559 560/560/560 561/561/561
f 562/562/562 563/563/563 564/564/564
f 565/565/565 566/566/566 567/567/567
f 568/568/568 569/569/569 570/570/570
f 571/571/571 572/572/572 573/573/573
f 574/574/574 575/575/575 576/576/576
f 577/577/577 578/578/578 579/579/579
f 580/580/580 581/581/581 582/582/582
f 583/583/583 584/584/584 585/585/585
f 586/586/586 587/587/587 588/588/588
f 589/589/589 590/590/590 591/591/591
f 592/592/592 593/593/593 594/594/594
f 595/595/595 596/596/596 597/597/597
f 598/598/598 599/599/599 600/600/600
f 601/601/601 602/602/602 603/603/603
f 604/604/604 605/605/605 606/606/606
f 607/607/607 608/608/608 609/609/609
f 610/610/610 611/611/611 612/612/612
f 613/613/613 614/614/614 615/615/615
f 616/616/616 617/617/617 618/618/618
f 619/619/619 620/620/620 621/621/621
f 622/622/622 623/623/623 624/624/624
f 625/625/625 626/626/626 627/627/627
f 628/628/628 629/629/629 630/630/630
f 631/631/631 632/632/632 633/633/633
f 634/634/634 635/635/635 636/636/636
f 637/637/637 638/638/638 639/639/639
f 640/640/640 641/641/641 642/642/642
f 643/643/643 644/644/644 645/645/645
f 646/646/646 647/647/647 648/648/648
f 649/649/649 650/650/650 651/651/651
f 652/652/652 653/653/653 654/654/654
f 655/655/655 656/656/656 657/657/657
f 658/658/658 659/659/659 660/660/660
f 661/661/661 662/662/662 663/663/663
f 664/664/664 665/665/665 666/666/666
f 667/667/667 668/668/668 669/669/669
f 670/670/670 671/671/671 672/672/672
f 673/673/673 674/674/674 675/675/675
f 676/676/676 677/677/677 678/678/678
f 679/679/679 680/680/680 681/681/681
f 682/682/682 683/683/683 684/684/684
f 685/685/685 686/686/686 687/687/687
f 688/688/688 689/689/689 690/690/690
f 691/691/691 692/692/692 693/693/693
f 694/694/694 695/695/695 696/696/696
f 697/697/697 698/698/698 699/699/699
f 700/700/700 701/701/701 702/702/702
f 703/703/703 704/704/704 705/705/705
f 706/706/706 707/707/707 708/708/708
f 709/709/709 710/710/710 711/711/711
f 712/712/712 713/713/713 714/714/714
f 715/715/715 716/716/716 717/717/717
f 718/718/718 719/719/719 720/720/720
f 721/721/721 722/722/722 723/723/723
f 724/724/724 725/725/725 726/726/726
f 727/727/727 728/728/728 729/729/729
f 730/730/730 731/731/731 732/732/732
f 733/733/733 734/734/734 735/735/735
f 736/736/736 737/737/737 738/738/738
f 739/739/739 740/740/740 741/741/741
f 742/742/742 743/743/743 744/744/744
f 745/745/745 746/746/746 747/747/747
f 748/748/748 749/749/749 750/750/750
f 751/751/751 752/752/752 753/753/753
f 754/754/754 755/755/755 756/756/756
f 757/757/757 758/758/758 759/759/759
f 760/760/760 761/761/761 762/762/762
f 763/763/763 764/764/764 765/765/765
f 766/766/766 767/767/767 768/768/768
f 769/769/769 770/770/770 771/771/771
f 772/772/772 773/773/773 774/774/774
f 775/775/775 776/776/776 777/777/777
f 778/778/778 779/779/779 780/780/780
f 781/781/781 782/782/782 783/783/783
f 784/784/784 785/785/785 786/786/786
f 787/787/787 788/788/788 789/789/789
f 790/790/790 791/791/791 792/792/792
f 793/793/793 794/794/794 795/795/795
f 796/796/796 797/797/797 798/798/798
f 799/799/799 800/800/800 801/801/801
f 802/802/802 803/803/803 804/804/804
f 805/805/805 806/806/806 807/807/807
f 808/808/808 809/809/809 810/810/810
f 811/811/811 812/812/812 813/813/813
f 814/814/814 815/815/815 816/816/816
f 817/817/817 818/818/818 819/819/819
f 820/820/820 821/821/821 822/822/822
f 823/823/823 824/824/824 825/825/825
f 826/826/826 827/827/827 828/828/828
f 829/829/829 830/830/830 831/831/831
f 832/832/832 833/833/833 834/834/834
f 835/835/835 836/836/836 837/837/837
f 838/838/838 839/839/839 840/840/840
f 841/841/841 842/842/842 843/843/843
f 844/844/844 845/845/845 846/846/846
f 847/847/847 848/848/848 849/849/849
f 850/850/850 851/851/851 852/852/852
f 853/853/853 854/854/854 855/855/855
f 856/856/856 857/857/857 858/858/858
f 859/859/859 860/860/860 861/861/861
f 862/862/862 863/863/863 864/864/864
f 865/865/865 866/866/866 867/867/867
f 868/868/868 869/869/869 870/870/870
f 871/871/871 872/872/872 873/873/873
f 874/874/874 875/875/875 876/876/876
f 877/877/877 878/878/878 879/879/879
f 880/880/880 881/881/881 882/882/882
f 883/883/883 884/884/884 885/885/885
f 886/886/886 887/887/887 888/888/888
f 889/889/889 890/890/890 891/891/891
f 892/892/892 893/893/893 894/894/894
f 895/895/895 896/896/896 897/897/897
f 898/898/898 899/899/899 900/900/900
f 901/901/901 902/902/902 903/903/903
f 904/904/904 905/905/905 906/906/906
f 907/907/907 908/908/908 909/909/909
f 910/910/910 911/911/911 912/912/912
f 913/913/913 914/914/914 915/915/915
f 916/916/916 917/917/917 918/918/918
f 919/919/919 920/920/920 921/921/921
f 922/922/922 923/923/923 924/924/924
f 925/925/925 926/926/926 927/927/927
f 928/928/928 929/929/929 930/930/930
f 931/931/931 932/932/932 933/933/933
f 934/934/934 935/935/935 936/936/936
f 937/937/937 938/938/938 939/939/939
f 940/940/940 941/941/941 942/942/942
f 943/943/943 944/944/944 945/945/945
f 946/946/946 947/947/947 948/948/948
f 949/949/949 950/950/950 951/951/951
f 952/952/952 953/953/953 954/954/954
f 955/955/955 956/956/956 957/957/957
f 958/958/958 959/959/959 960/960/960
f 961/961/961 962/962/962 963/963/963
f 964/964/964 965/965/965 966/966/966
f 967/967/967 968/968/968 969/969/969
f 970/970/970 971/971/971 972/972/972
f 973/973/973 974/974/974 975/975/975
f 976/976/976 977/977/977 978/978/978
f 979/979/979 980/980/980 981/981/981
f 982/982/982 983/983/983 984/984/984
f 985/985/985 986/986/986 987/987/987
f 988/988/988 989/989/989 990/990/990
f 991/991/991 992/992/992 993/993/993
f 994/994/994 995/995/995 996/996/996
f 997/997/997 998/998/998 999/999/999
f 1000/1000/1000 1001/1001/1001 1002/1002/1002
f 1003/1003/1003 1004/1004/1004 1005/1005/1005
f 1006/1006/1006 1007/1007/1007 1008/1008/1008
f 1009/1009/1009 1010/1010/1010 1011/1011/1011
f 1012/1012/1012 1013/1013/1013 1014/1014/1014
f 1015/1015/1015 1016/1016/1016 1017/1017/1017
f 1018/1018/1018 1019/1019/1019 1020/1020/1020
f 1021/1021/1021 1022/1022/1022 1023/1023/1023
f 1024/1024/1024 1025/1025/1025 1026/1026/1026
f 1027/1027/1027 1028/1028/1028 1029/1029/1029
f 1030/1030/1030 1031/1031/1031 1032/1032/1032
f 1033/1033/1033 1034/1034/1034 1035/1035/1035
f 1036/1036/1036 1037/1037/1037 1038/1038/1038
f 1039/1039/1039 1040/1040/1040 1041/1041/1041
f 1042/1042/1042 1043/1043/1043 1044/1044/1044
f 1045/1045/1045 1046/1046/1046 1047/1047/1047
f 1048/1048/1048 1049/1049/1049 1050/1050/1050
f 1051/1051/1051 1052/1052/1052 1053/1053/1053
f 1054/1054/1054 1055/1055/1055 1056/1056/1056
f 1057/1057/1057 1058/1058/1058 1059/1059/1059
f 1060/1060/1060 1061/1061/1061 1062/1062/1062
f 1063/1063/1063 1064/1064/1064 1065/1065/1065
f 1066/1066/1066 1067/1067/1067 1068/1068/1068
f 1069/1069/1069 1070/1070/1070 1071/1071/1071
f 1072/1072/1072 1073/1073/1073 1074/1074/1074
f 1075/1075/1075 1076/1076/1076 1077/1077/1077
f 1078/1078/1078 1079/1079/1079 1080/1080/1080
f 1081/1081/1081 1082/1082/1082 1083/1083/1083
f 1084/1084/1084 1085/1085/1085 1086/1086/1086
f 1087/1087/1087 1088/1088/1088 1089/1089/1089
f 1090/1090/1090 1091/1091/1091 1092/1092/1092
f 1093/1093/1093 1094/1094/1094 1095/1095/1095
f 1096/1096/1096 1097/1097/1097 1098/1098/1098
f 1099/1099/1099 1100/1100/1100 1101/1101/1101
f 1102/1102/1102 1103/1103/1103 1104/1104/1104
f 1105/1105/1105 1106/1106/1106 1107/1107/1107
f 1108/1108/1108 1109/1109/1109 1110/1110/1110
f 1111/1111/1111 1112/1112/1112 1113/1113/1113
f 1114/1114/1114 1115/1115/1115 1116/1116/1116
f 1117/1117/1117 1118/1118/1118 1119/1119/1119
f 1120/1120/1120 1121/1121/1121 1122/1122/1122
f 1123/1123/1123 1124/1124/1124 1125/1125/1125
f 1126/1126/1126 1127/1127/1127 1128/1128/1128
f 1129/1129/1129 1130/1130/1130 1131/1131/1131
f 1132/1132/1132 1133/1133/1133 1134/1134/1134
f 1135/1135/1135 1136/1136/1136 1137/1137/1137
f 1138/1138/1138 1139/1139/1139 1140/1140/1140
f 1141/1141/1141 1142/1142/1142 1143/1143/1143
f 1144/1144/1144 1145/1145/1145 1146/1146/1146
f 1147/1147/1147 1148/1148/1148 1149/1149/1149
f 1150/1150/1150 1151/1151/1151 1152/1152/1152
f 1153/1153/1153 1154/1154/1154 1155/1155/1155
f 1156/1156/1156 1157/1157/1157 1158/1158/1158
f 1159/1159/1159 1160/1160/1160 1161/1161/1161
f 1162/1162/1162 1163/1163/1163 1164/1164/1164
f 1165/1165/1165 1166/1166/1166 1167/1167/1167
f 1168/1168/1168 1169/1169/1169 1170/1170/1170
f 1171/1171/1171 1172/1172/1172 1173/1173/1173
f 1174/1174/1174 1175/1175/1175 1176/1176/1176
f 1177/1177/1177 1178/1178/1178 1179/1179/1179
f 1180/1180/1180 1181/1181/1181 1182/1182/1182
f 1183/1183/1183 1184/1184/1184 1185/1185/1185
f 1186/1186/1186 1187/1187/1187 1188/1188/1188
f 1189/1189/1189 1190/1190/1190 1191/1191/1191
f 1192/1192/1192 1193/1193/1193 1194/1194/1194
f 1195/1195/1195 1196/1196/1196 1197/1197/1197
f 1198/1198/1198 1199/1199/1199 1200/1200/1200
f 1201/1201/1201 1202/1202/1202 1203/1203/1203
f 1204/1204/1204 1205/1205/1205 1206/1206/1206
f 1207/1207/1207 1208/1208/1208 1209/1209/1209
f 1210/1210/1210 1211/1211/1211 1212/1212/1212
f 1213/1213/1213 1214/1214/1214 1215/1215/1215
f 1216/1216/1216 1217/1217/1217 1218/1218/1218
f 1219/1219/1219 1220/1220/1220 1221/1221/1221
f 1222/1222/1222 1223/1223/1223 1224/1224/1224
f 1225/1225/1225 1226/1226/1226 1227/1227/1227
f 1228/1228/1228 1229/1229/1229 1230/1230/1230
f 1231/1231/1231 1232/1232/1232 1233/1233/1233
f 1234/1234/1234 1235/1235/1235 1236/1236/1236
f 1237/1237/1237 1238/1238/1238 1239/1239/1239
f 1240/1240/1240 1241/1241/1241 1242/1242/1242
f 1243/1243/1243 1244/1244/1244 1245/1245/1245
f 1246/1246/1246 1247/1247/1247 1248/1248/1248
f 1249/1249/1249 1250/1250/1250 1251/1251/1251
f 1252/1252/1252 1253/1253/1253 1254/1254/1254
f 1255/1255/1255 1256/1256/1256 1257/1257/1257
f 1258/1258/1258 1259/1259/1259 1260/1260/1260
f 1261/1261/1261 1262/1262/1262 1263/1263/1263
f 1264/1264/1264 1265/1265/1265 1266/1266/1266
f 1267/1267/1267 1268/1268/1268 1269/1269/1269
f 1270/1270/1270 1271/1271/1271 1272/1272/1272
f 1273/1273/1273 1274/1274/1274 1275/1275/1275
f 1276/1276/1276 1277/1277/1277 1278/1278/1278
f 1279/1279/1279 1280/1280/1280 1281/1281/1281
f 1282/1282/1282 1283/1283/1283 1284/1284/1284
f 1285/1285/1285 1286/1286/1286 1287/1287/1287
f 1288/1288/1288 1289/1289/1289 1290/1290/1290
f 1291/1291/1291 1292/1292/1292 1293/1293/1293
f 1294/1294/1294 1295/1295/1295 1296/1296/1296
f 1297/1297/1297 1298/1298/1298 1299/1299/1299
f 1300/1300/1300 1301/1301/1301 1302/1302/1302
f 1303/1303/1303 1304/1304/1304 1305/1305/1305
f 1306/1306/1306 1307/1307/1307 1308/1308/1308
f 1309/1309/1309 1310/1310/1310 1311/1311/1311
f 1312/1312/1312 1313/1313/1313 1314/1314/1314
f 1315/1315/1315 1316/1316/1316 1317/1317/1317
f 1318/1318/1318 1319/1319/1319 1320/1320/1320
f 1321/1321/1321 1322/1322/1322 1323/1323/1323
f 1324/1324/1324 1325/1325/1325 1326/1326/1326
f 1327/1327/1327 1328/1328/1328 1329/1329/1329
f 1330/1330/1330 1331/1331/1331 1332/1332/1332
f 1333/1333/1333 1334/1334/1334 1335/1335/1335
f 1336/1336/1336 1337/1337/1337 1338/1338/1338
f 1339/1339/1339 1340/1340/1340 1341/1341/1341
f 1342/1342/1342 1343/1343/1343 1344/1344/1344
f 1345/1345/1345 1346/1346/1346 1347/1347/1347
f 1348/1348/1348 1349/1349/1349 1350/1350/1350
f 1351/1351/1351 1352/1352/1352 1353/1353/1353
f 1354/1354/1354 1355/1355/1355 1356/1356/1356
f 1357/1357/1357 1358/1358/1358 1359/1359/1359
f 1360/1360/1360 1361/1361/1361 1362/1362/1362
f 1363/1363/1363 1364/1364/1364 1365/1365/1365
f 1366/1366/1366 1367/1367/1367 1368/1368/1368
f 1369/1369/1369 1370/1370/1370 1371/1371/1371
f 1372/1372/1372 1373/1373/1373 1374/1374/1374
f 1375/1375/1375 1376/1376/1376 1377/1377/1377
f 1378/1378/1378 1379/1379/1379 1380/1380/1380
f 1381/1381/1381 1382/1382/1382 1383/1383/1383
f 1384/1384/1384 1385/1385/1385 1386/1386/1386
f 1387/1387/1387 1388/1388/1388 1389/1389/1389
f 1390/1390/1390 1391/1391/1391 1392/1392/1392
f 1393/1393/1393 1394/1394/1394 1395/1395/1395
f 1396/1396/1396 1397/1397/1397 1398/1398/1398
f 1399/1399/1399 1400/1400/1400 1401/1401/1401
f 1402/1402/1402 1403/1403/1403 1404/1404/1404
f 1405/1405/1405 1406/1406/1406 1407/1407/1407
f 1408/1408/1408 1409/1409/1409 1410/1410/1410
f 1411/1411/1411 1412/1412/1412 1413/1413/1413
f 1414/1414/1414 1415/1415/1415 1416/1416/1416
f 1417/1417/1417 1418/1418/1418 1419/1419/1419
f 1420/1420/1420 1421/1421/1421 1422/1422/1422
f 1423/1423/1423 1424/1424/1424 1425/1425/1425
f 1426/1426/1426 1427/1427/1427 1428/1428/1428
f 1429/1429/1429 1430/1430/1430 1431/1431/1431
f 1432/1432/1432 1433/1433/1433 1434/1434/1434
f 1435/1435/1435 1436/1436/1436 1437/1437/1437
f 1438/1438/1438 1439/1439/1439 1440/1440/1440
f 1441/1441/1441 1442/1442/1442 1443/1443/1443
f 1444/1444/1444 1445/1445/1445 1446/1446/1446
f 1447/1447/1447 1448/1448/1448 1449/1449/1449
f 1450/1450/1450 1451/1451/1451 1452/1452/1452
f 1453/1453/1453 1454/1454/1454 1455/1455/1455
f 1456/1456/1456 1457/1457/1457 1458/1458/1458
f 1459/1459/1459 1460/1460/1460 1461/1461/1461
f 1462/1462/1462 1463/1463/1463 1464/1464/1464
f 1465/1465/1465 1466/1466/1466 1467/1467/1467
f 1468/1468/1468 1469/1469/1469 1470/1470/1470
f 1471/1471/1471 1472/1472/1472 1473/1473/1473
f 1474/1474/1474 1475/1475/1475 1476/1476/1476
f 1477/1477/1477 1478/1478/1478 1479/1479/1479
f 1480/1480/1480 1481/1481/1481 1482/1482/1482
f 1483/1483/1483 1484/1484/1484 1485/1485/1485
f 1486/1486/1486 1487/1487/1487 1488/1488/1488
f 1489/1489/1489 1490/1490/1490 1491/1491/1491
f 1492/1492/1492 1493/1493/1493 1494/1494/1494
f 1495/1495/1495 1496/1496/1496 1497/1497/1497
f 1498/1498/1498 1499/1499/1499 1500/1500/1500
f 1501/1501/1501 1502/1502/1502 1503/1503/1503
f 1504/1504/1504 1505/1505/1505 1506/1506/1506
f 1507/1507/1507 1508/1508/1508 1509/1509/1509
f 1510/1510/1510 1511/1511/1511 1512/1512/1512
f 1513/1513/1513 1514/1514/1514 1515/1515/1515
f 1516/1516/1516 1517/1517/1517 1518/1518/1518
f 1519/1519/1519 1520/1520/1520 1521/1521/1521
f 1522/1522/1522 1523/1523/1523 1524/1524/1524
f 1525/1525/1525 1526/1526/1526 1527/1527/1527
f 1528/1528/1528 1529/1529/1529 1530/1530/1530
f 1531/1531/1531 1532/1532/1532 1533/1533/1533
f 1534/1534/1534 1535/1535/1535 1536/1536/1536
f 1537/1537/1537 1538/1538/1538 1539/1539/1539
f 1540/1540/1540 1541/1541/1541 1542/1542/1542
f 1543/1543/1543 1544/1544/1544 1545/1545/1545
f 1546/1546/1546 1547/1547/1547 1548/1548/1548
f 1549/1549/1549 1550/1550/1550 1551/1551/1551
f 1552/1552/1552 1553/1553/1553 1554/1554/1554
f 1555/1555/1555 1556/1556/1556 1557/1557/1557
f 1558/1558/1558 1559/1559/1559 1560/1560/1560
f 1561/1561/1561 1562/1562/1562 1563/1563/1563
f 1564/1564/1564 1565/1565/1565 1566/1566/1566
f 1567/1567/1567 1568/1568/1568 1569/1569/1569
f 1570/1570/1570 1571/1571/1571 1572/1572/1572
f 1573/1573/1573 1574/1574/1574 1575/1575/1575
f 1576/1576/1576 1577/1577/1577 1578/1578/1578
f 1579/1579/1579 1580/1580/1580 1581/1581/1581
f 1582/1582/1582 1583/1583/1583 1584/1584/1584
f 1585/1585/1585 1586/1586/1586 1587/1587/1587
f 1588/1588/1588 1589/1589/1589 1590/1590/1590
f 1591/1591/1591 1592/1592/1592 1593/1593/1593
f 1594/1594/1594 1595/1595/1595 1596/1596/1596
f 1597/1597/1597 1598/1598/1598 1599/1599/1599
f 1600/1600/1600 1601/1601/1601 1602/1602/1602
f 1603/1603/1603 1604/1604/1604 1605/1605/1605
f 1606/1606/1606 1607/1607/1607 1608/1608/1608
f 1609/1609/1609 1610/1610/1610 1611/1611/1611
f 1612/1612/1612 1613/1613/1613 1614/1614/1614
f 1615/1615/1615 1616/1616/1616 1617/1617/1617
f 1618/1618/1618 1619/1619/1619 1620/1620/1620
f 1621/1621/1621 1622/1622/1622 1623/1623/1623
f 1624/1624/1624 1625/1625/1625 1626/1626/1626
f 1627/1627/1627 1628/1628/1628 1629/1629/1629
f 1630/1630/1630 1631/1631/1631 1632/1632/1632
f 1633/1633/1633 1634/1634/1634 1635/1635/1635
f 1636/1636/1636 1637/1637/1637 1638/1638/1638
f 1639/1639/1639 1640/1640/1640 1641/1641/1641
f 1642/1642/1642 1643/1643/1643 1644/1644/1644
f 1645/1645/1645 1646/1646/1646 1647/1647/1647
f 1648/1648/1648 1649/1649/1649 1650/1650/1650
f 1651/1651/1651 1652/1652/1652 1653/1653/1653
f 1654/1654/1654 1655/1655/1655 1656/1656/1656
f 1657/1657/1657 1658/1658/1658 1659/1659/1659
f 1660/1660/1660 1661/1661/1661 1662/1662/1662
f 1663/1663/1663 1664/1664/1664 1665/1665/1665
f 1666/1666/1666 1667/1667/1667 1668/1668/1668
f 1669/1669/1669 1670/1670/1670 1671/1671/1671
f 1672/1672/1672 1673/1673/1673 1674/1674/1674
f 1675/1675/1675 1676/1676/1676 1677/1677/1677
f 1678/1678/1678 1679/1679/1679 1680/1680/1680
f 1681/1681/1681 1682/1682/1682 1683/1683/1683
f 1684/1684/1684 1685/1685/1685 1686/1686/1686
f 1687/1687/1687 1688/1688/1688 1689/1689/1689
f 1690/1690/1690 1691/1691/1691 1692/1692/1692
f 1693/1693/1693 1694/1694/1694 1695/1695/1695
f 1696/1696/1696 1697/1697/1697 1698/1698/1698
f 1699/1699/1699 1700/1700/1700 1701/1701/1701
f 1702/1702/1702 1703/1703/1703 1704/1704/1704
f 1705/1705/1705 1706/1706/1706 1707/1707/1707
f 1708/1708/1708 1709/1709/1709 1710/1710/1710
f 1711/1711/1711 1712/1712/1712 1713/1713/1713
f 1714/1714/1714 1715/1715/1715 1716/1716/1716
f 1717/1717/1717 1718/1718/1718 1719/1719/1719
f 1720/1720/1720 1721/1721/1721 1722/1722/1722
f 1723/1723/1723 1724/1724/1724 1725/1725/1725
f 1726/1726/1726 1727/1727/1727 1728/1728/1728
f 1729/1729/1729 1730/1730/1730 1731/1731/1731
f 1732/1732/1732 1733/1733/1733 1734/1734/1734
f 1735/1735/1735 1736/1736/1736 1737/1737/1737
f 1738/1738/1738 1739/1739/1739 1740/1740/1740
f 1741/1741/1741 1742/1742/1742 1743/1743/1743
f 1744/1744/1744 1745/1745/1745 1746/1746/1746
f 1747/1747/1747 1748/1748/1748 1749/1749/1749
f 1750/1750/1750 1751/1751/1751 1752/1752/1752
f 1753/1753/1753 1754/1754/1754 1755/1755/1755
f 1756/1756/1756 1757/1757/1757 1758/1758/1758
f 1759/1759/1759 1760/1760/1760 1761/1761/1761
f 1762/1762/1762 1763/1763/1763 1764/1764/1764
f 1765/1765/1765 1766/1766/1766 1767/1767/1767
f 1768/1768/1768 1769/1769/1769 1770/1770/1770
f 1771/1771/1771 1772/1772/1772 1773/1773/1773
f 1774/1774/1774 1775/1775/1775 1776/1776/1776
f 1777/1777/1777 1778/1778/1778 1779/1779/1779
f 1780/1780/1780 1781/1781/1781 1782/1782/1782
f 1783/1783/1783 1784/1784/1784 1785/1785/1785
f 1786/1786/1786 1787/1787/1787 1788/1788/1788
f 1789/1789/1789 1790/1790/1790 1791/1791/1791
f 1792/1792/1792 1793/1793/1793 1794/1794/1794
f 1795/1795/1795 1796/1796/1796 1797/1797/1797
f 1798/1798/1798 1799/1799/1799 1800/1800/1800
f 1801/1801/1801 1802/1802/1802 1803/1803/1803
f 1804/1804/1804 1805/1805/1805 1806/1806/1806
f 1807/1807/1807 1808/1808/1808 1809/1809/1809
f 1810/1810/1810 1811/1811/1811 1812/1812/1812
f 1813/1813/1813 1814/1814/1814 1815/1815/1815
f 1816/1816/1816 1817/1817/1817 1818/1818/1818
f 1819/1819/1819 1820/1820/1820 1821/1821/1821
f 1822/1822/1822 1823/1823/1823 1824/1824/1824
f 1825/1825/1825 1826/1826/1826 1827/1827/1827
f 1828/1828/1828 1829/1829/1829 1830/1830/1830
f 1831/1831/1831 1832/1832/1832 1833/1833/1833
f 1834/1834/1834 1835/1835/1835 1836/1836/1836
f 1837/1837/1837 1838/1838/1838 1839/1839/1839
f 1840/1840/1840 1841/1841/1841 1842/1842/1842
f 1843/1843/1843 1844/1844/1844 1845/1845/1845
f 1846/1846/1846 1847/1847/1847 1848/1848/1848
f 1849/1849/1849 1850/1850/1850 1851/1851/1851
f 1852/1852/1852 1853/1853/1853 1854/1854/1854
f 1855/1855/1855 1856/1856/1856 1857/1857/1857
f 1858/1858/1858 1859/1859/1859 1860/1860/1860
f 1861/1861/1861 1862/1862/1862 1863/1863/1863
f 1864/1864/1864 1865/1865/1865 1866/1866/1866
f 1867/1867/1867 1868/1868/1868 1869/1869/1869
f 1870/1870/1870 1871/1871/1871 1872/1872/1872
f 1873/1873/1873 1874/1874/1874 1875/1875/1875
f 1876/1876/1876 1877/1877/1877 1878/1878/1878
f 1879/1879/1879 1880/1880/1880 1881/1881/1881
f 1882/1882/1882 1883/1883/1883 1884/1884/1884
f 1885/1885/1885 1886/1886/1886 1887/1887/1887
f 1888/1888/1888 1889/1889/1889 1890/1890/1890
f 1891/1891/1891 1892/1892/1892 1893/1893/1893
f 1894/1894/1894 1895/1895/1895 1896/1896/1896
f 1897/1897/1897 1898/1898/1898 1899/1899/1899
f 1900/1900/1900 1901/1901/1901 1902/1902/1902
f 1903/1903/1903 1904/1904/1904 1905/1905/1905
f 1906/1906/1906 1907/1907/1907 1908/1908/1908
f 1909/1909/1909 1910/1910/1910 1911/1911/1911
f 1912/1912/1912 1913/1913/1913 1914/1914/1914
f 1915/1915/1915 1916/1916/1916 1917/1917/1917
f 1918/1918/1918 1919/1919/1919 1920/1920/1920
f 1921/1921/1921 1922/1922/1922 1923/1923/1923
f 1924/1924/1924 1925/1925/1925 1926/1926/1926
f 1927/1927/1927 1928/1928/1928 1929/1929/1929
f 1930/1930/1930 1931/1931/1931 1932/1932/1932
f 1933/1933/1933 1934/1934/1934 1935/1935/1935
f 1936/1936/1936 1937/1937/1937 1938/1938/1938
f 1939/1939/1939 1940/1940/1940 1941/1941/1941
f 1942/1942/1942 1943/1943/1943 1944/1944/1944
f 1945/1945/1945 1946/1946/1946 1947/1947/1947
f 1948/1948/1948 1949/1949/1949 1950/1950/1950
f 1951/1951/1951 1952/1952/1952 1953/1953/1953
f 1954/1954/1954 1955/1955/1955 1956/1956/1956
f 1957/1957/1957 1958/1958/1958 1959/1959/1959
f 1960/1960/1960 1961/1961/1961 1962/1962/1962
f 1963/1963/1963 1964/1964/1964 1965/1965/1965
f 1966/1966/1966 1967/1967/1967 1968/1968/1968
f 1969/1969/1969 1970/1970/1970 1971/1971/1971
f 1972/1972/1972 1973/1973/1973 1974/1974/1974
f 1975/1975/1975 1976/1976/1976 1977/1977/1977
f 1978/1978/1978 1979/1979/1979 1980/1980/1980
f 1981/1981/1981 1982/1982/1982 1983/1983/1983
f 1984/1984/1984 1985/1985/1985 1986/1986/1986
f 1987/1987/1987 1988/1988/1988 1989/1989/1989
f 1990/1990/1990 1991/1991/1991 1992/1992/1992
f 1993/1993/1993 1994/1994/1994 1995/1995/1995
f 1996/1996/1996 1997/1997/1997 1998/1998/1998
f 1999/1999/1999 2000/2000/2000 2001/2001/2001
f 2002/2002/2002 2003/2003/2003 2004/2004/2004
f 2005/2005/2005 2006/2006/2006 2007/2007/2007
f 2008/2008/2008 2009/2009/2009 2010/2010/2010
f 2011/2011/2011 2012/2012/2012 2013/2013/2013
f 2014/2014/2014 2015/2015/2015 2016/2016/2016
f 2017/2017/2017 2018/2018/2018 2019/2019/2019
f 2020/2020/2020 2021/2021/2021 2022/2022/2022
f 2023/2023/2023 2024/2024/2024 2025/2025/2025
f 2026/2026/2026 2027/2027/2027 2028/2028/2028
f 2029/2029/2029 2030/2030/2030 2031/2031/2031
f 2032/2032/2032 2033/2033/2033 2034/2034/2034
f 2035/2035/2035 2036/2036/2036 2037/2037/2037
f 2038/2038/2038 2039/2039/2039 2040/2040/2040
f 2041/2041/2041 2042/2042/2042 2043/2043/2043
f 2044/2044/2044 2045/2045/2045 2046/2046/2046
f 2047/2047/2047 2048/2048/2048 2049/2049/2049
f 2050/2050/2050 2051/2051/2051 2052/2052/2052
f 2053/2053/2053 2054/2054/2054 2055/2055/2055
f 2056/2056/2056 2057/2057/2057 2058/2058/2058
f 2059/2059/2059 2060/2060/2060 2061/2061/2061
f 2062/2062/2062 2063/2063/2063 2064/2064/2064
f 2065/2065/2065 2066/2066/2066 2067/2067/2067
f 2068/2068/2068 2069/2069/2069 2070/2070/2070
f 2071/2071/2071 2072/2072/2072 2073/2073/2073
f 2074/2074/2074 2075/2075/2075 2076/2076/2076
f 2077/2077/2077 2078/2078/2078 2079/2079/2079
f 2080/2080/2080 2081/2081/2081 2082/2082/2082
f 2083/2083/2083 2084/2084/2084 2085/2085/2085
f 2086/2086/2086 2087/2087/2087 2088/2088/2088
f 2089/2089/2089 2090/2090/2090 2091/2091/2091
f 2092/2092/2092 2093/2093/2093 2094/2094/2094
f 2095/2095/2095 2096/2096/2096 2097/2097/2097
f 2098/2098/2098 2099/2099/2099 2100/2100/2100
f 2101/2101/2101 2102/2102/2102 2103/2103/2103
f 2104/2104/2104 2105/2105/2105 2106/2106/2106
f 2107/2107/2107 2108/2108/2108 2109/2109/2109
f 2110/2110/2110 2111/2111/2111 2112/2112/2112
f 2113/2113/2113 2114/2114/2114 2115/2115/2115
f 2116/2116/2116 2117/2117/2117 2118/2118/2118
f 2119/2119/2119 2120/2120/2120 2121/2121/2121
f 2122/2122/2122 2123/2123/2123 2124/2124/2124
f 2125/2125/2125 2126/2126/2126 2127/2127/2127
f 2128/2128/2128 2129/2129/2129 2130/2130/2130
f 2131/2131/2131 2132/2132/2132 2133/2133/2133
f 2134/2134/2134 2135/2135/2135 2136/2136/2136
f 2137/2137/2137 2138/2138/2138 2139/2139/2139
f 2140/2140/2140 2141/2141/2141 2142/2142/2142
f 2143/2143/2143 2144/2144/2144 2145/2145/2145
f 2146/2146/2146 2147/2147/2147 2148/2148/2148
f 2149/2149/2149 2150/2150/2150 2151/2151/2151
f 2152/2152/2152 2153/2153/2153 2154/2154/2154
f 2155/2155/2155 2156/2156/2156 2157/2157/2157
f 2158/2158/2158 2159/2159/2159 2160/2160/2160
f 2161/2161/2161 2162/2162/2162 2163/2163/2163
f 2164/2164/2164 2165/2165/2165 2166/2166/2166
f 2167/2167/2167 2168/2168/2168 2169/2169/2169
f 2170/2170/2170 2171/2171/2171 2172/2172/2172
f 2173/2173/2173 2174/2174/2174 2175/2175/2175
f 2176/2176/2176 2177/2177/2177 2178/2178/2178
f 2179/2179/2179 2180/2180/2180 2181/2181/2181
f 2182/2182/2182 2183/2183/2183 2184/2184/2184
f 2185/2185/2185 2186/2186/2186 2187/2187/2187
f 2188/2188/2188 2189/2189/2189 2190/2190/2190
f 2191/2191/2191 2192/2192/2192 2193/2193/2193
f 2194/2194/2194 2195/2195/2195 2196/2196/2196
f 2197/2197/2197 2198/2198/2198 2199/2199/2199
f 2200/2200/2200 2201/2201/2201 2202/2202/2202
f 2203/2203/2203 2204/2204/2204 2205/2205/2205
f 2206/2206/2206 2207/2207/2207 2208/2208/2208
f 2209/2209/2209 2210/2210/2210 2211/2211/2211
f 2212/2212/2212 2213/2213/2213 2214/2214/2214
f 2215/2215/2215 2216/2216/2216 2217/2217/2217
f 2218/2218/2218 2219/2219/2219 2220/2220/2220
f 2221/2221/2221 2222/2222/2222 2223/2223/2223
f 2224/2224/2224 2225/2225/2225 2226/2226/2226
f 2227/2227/2227 2228/2228/2228 2229/2229/2229
f 2230/2230/2230 2231/2231/2231 2232/2232/2232
f 2233/2233/2233 2234/2234/2234 2235/2235/2235
f 2236/2236/2236 2237/2237/2237 2238/2238/2238
f 2239/2239/2239 2240/2240/2240 2241/2241/2241
f 2242/2242/2242 2243/2243/2243 2244/2244/2244
f 2245/2245/2245 2246/2246/2246 2247/2247/2247
f 2248/2248/2248 2249/2249/2249 2250/2250/2250
f 2251/2251/2251 2252/2252/2252 2253/2253/2253
f 2254/2254/2254 2255/2255/2255 2256/2256/2256
f 2257/2257/2257 2258/2258/2258 2259/2259/2259
f 2260/2260/2260 2261/2261/2261 2262/2262/2262
f 2263/2263/2263 2264/2264/2264 2265/2265/2265
f 2266/2266/2266 2267/2267/2267 2268/2268/2268
f 2269/2269/2269 2270/2270/2270 2271/2271/2271
f 2272/2272/2272 2273/2273/2273 2274/2274/2274
f 2275/2275/2275 2276/2276/2276 2277/2277/2277
f 2278/2278/2278 2279/2279/2279 2280/2280/2280
f 2281/2281/2281 2282/2282/2282 2283/2283/2283
f 2284/2284/2284 2285/2285/2285 2286/2286/2286
f 2287/2287/2287 2288/2288/2288 2289/2289/2289
f 2290/2290/2290 2291/2291/2291 2292/2292/2292
f 2293/2293/2293 2294/2294/2294 2295/2295/2295
f 2296/2296/2296 2297/2297/2297 2298/2298/2298
f 2299/2299/2299 2300/2300/2300 2301/2301/2301
f 2302/2302/2302 2303/2303/2303 2304/2304/2304
f 2305/2305/2305 2306/2306/2306 2307/2307/2307
f 2308/2308/2308 2309/2309/2309 2310/2310/2310
f 2311/2311/2311 2312/2312/2312 2313/2313/2313
f 2314/2314/2314 2315/2315/2315 2316/2316/2316
f 2317/2317/2317 2318/2318/2318 2319/2319/2319
f 2320/2320/2320 2321/2321/2321 2322/2322/2322
f 2323/2323/2323 2324/2324/2324 2325/2325/2325
f 2326/2326/2326 2327/2327/2327 2328/2328/2328
f 2329/2329/2329 2330/2330/2330 2331/2331/2331
f 2332/2332/2332 2333/2333/2333 2334/2334/2334
f 2335/2335/2335 2336/2336/2336 2337/2337/2337
f 2338/2338/2338 2339/2339/2339 2340/2340/2340
f 2341/2341/2341 2342/2342/2342 2343/2343/2343
f 2344/2344/2344 2345/2345/2345 2346/2346/2346
f 2347/2347/2347 2348/2348/2348 2349/2349/2349
f 2350/2350/2350 2351/2351/2351 2352/2352/2352
f 2353/2353/2353 2354/2354/2354 2355/2355/2355
f 2356/2356/2356 2357/2357/2357 2358/2358/2358
f 2359/2359/2359 2360/2360/2360 2361/2361/2361
f 2362/2362/2362 2363/2363/2363 2364/2364/2364
f 2365/2365/2365 2366/2366/2366 2367/2367/2367
f 2368/2368/2368 2369/2369/2369 2370/2370/2370
f 2371/2371/2371 2372/2372/2372 2373/2373/2373
f 2374/2374/2374 2375/2375/2375 2376/2376/2376
f 2377/2377/2377 2378/2378/2378 2379/2379/2379
f 2380/2380/2380 2381/2381/2381 2382/2382/2382
f 2383/2383/2383 2384/2384/2384 2385/2385/2385
f 2386/2386/2386 2387/2387/2387 2388/2388/2388
f 2389/2389/2389 2390/2390/2390 2391/2391/2391
f 2392/2392/2392 2393/2393/2393 2394/2394/2394
f 2395/2395/2395 2396/2396/2396 2397/2397/2397
f 2398/2398/2398 2399/2399/2399 2400/2400/2400
f 2401/2401/2401 2402/2402/2402 2403/2403/2403
f 2404/2404/2404 2405/2405/2405 2406/2406/2406
f 2407/2407/2407 2408/2408/2408 2409/2409/2409
f 2410/2410/2410 2411/2411/2411 2412/2412/2412
f 2413/2413/2413 2414/2414/2414 2415/2415/2415
f 2416/2416/2416 2417/2417/2417 2418/2418/2418
f 2419/2419/2419 2420/2420/2420 2421/2421/2421
f 2422/2422/2422 2423/2423/2423 2424/2424/2424
f 2425/2425/2425 2426/2426/2426 2427/2427/2427
f 2428/2428/2428 2429/2429/2429 2430/2430/2430
f 2431/2431/2431 2432/2432/2432 2433/2433/2433
f 2434/2434/2434 2435/2435/2435 2436/2436/2436
f 2437/2437/2437 2438/2438/2438 2439/2439/2439
f 2440/2440/2440 2441/2441/2441 2442/2442/2442
f 2443/2443/2443 2444/2444/2444 2445/2445/2445
f 2446/2446/2446 2447/2447/2447 2448/2448/2448
f 2449/2449/2449 2450/2450/2450 2451/2451/2451
f 2452/2452/2452 2453/2453/2453 2454/2454/2454
f 2455/2455/2455 2456/2456/2456 2457/2457/2457
f 2458/2458/2458 2459/2459/2459 2460/2460/2460
f 2461/2461/2461 2462/2462/2462 2463/2463/2463
f 2464/2464/2464 2465/2465/2465 2466/2466/2466
f 2467/2467/2467 2468/2468/2468 2469/2469/2469
f 2470/2470/2470 2471/2471/2471 2472/2472/2472
f 2473/2473/2473 2474/2474/2474 2475/2475/2475
f 2476/2476/2476 2477/2477/2477 2478/2478/2478
f 2479/2479/2479 2480/2480/2480 2481/2481/2481
f 2482/2482/2482 2483/2483/2483 2484/2484/2484
f 2485/2485/2485 2486/2486/2486 2487/2487/2487
f 2488/2488/2488 2489/2489/2489 2490/2490/2490
f 2491/2491/2491 2492/2492/2492 2493/2493/2493
f 2494/2494/2494 2495/2495/2495 2496/2496/2496
f 2497/2497/2497 2498/2498/2498 2499/2499/2499
f 2500/2500/2500 2501/2501/2501 2502/2502/2502
f 2503/2503/2503 2504/2504/2504 2505/2505/2505
f 2506/2506/2506 2507/2507/2507 2508/2508/2508
f 2509/2509/2509 2510/2510/2510 2511/2511/2511
f 2512/2512/2512 2513/2513/2513 2514/2514/2514
f 2515/2515/2515 2516/2516/2516 2517/2517/2517
f 2518/2518/2518 2519/2519/2519 2520/2520/2520
f 2521/2521/2521 2522/2522/2522 2523/2523/2523
f 2524/2524/2524 2525/2525/2525 2526/2526/2526
f 2527/2527/2527 2528/2528/2528 2529/2529/2529
f 2530/2530/2530 2531/2531/2531 2532/2532/2532
f 2533/2533/2533 2534/2534/2534 2535/2535/2535
f 2536/2536/2536 2537/2537/2537 2538/2538/2538
f 2539/2539/2539 2540/2540/2540 2541/2541/2541
f 2542/2542/2542 2543/2543/2543 2544/2544/2544
f 2545/2545/2545 2546/2546/2546 2547/2547/2547
f 2548/2548/2548 2549/2549/2549 2550/2550/2550
f 2551/2551/2551 2552/2552/2552 2553/2553/2553
f 2554/2554/2554 2555/2555/2555 2556/2556/2556
f 2557/2557/2557 2558/2558/2558 2559/2559/2559
f 2560/2560/2560 2561/2561/2561 2562/2562/2562
f 2563/2563/2563 2564/2564/2564 2565/2565/2565
f 2566/2566/2566 2567/2567/2567 2568/2568/2568
f 2569/2569/2569 2570/2570/2570 2571/2571/2571
f 2572/2572/2572 2573/2573/2573 2574/2574/2574
f 2575/2575/2575 2576/2576/2576 2577/2577/2577
f 2578/2578/2578 2579/2579/2579 2580/2580/2580
f 2581/2581/2581 2582/2582/2582 2583/2583/2583
f 2584/2584/2584 2585/2585/2585 2586/2586/2586
f 2587/2587/2587 2588/2588/2588 2589/2589/2589
f 2590/2590/2590 2591/2591/2591 2592/2592/2592
f 2593/2593/2593 2594/2594/2594 2595/2595/2595
f 2596/2596/2596 2597/2597/2597 2598/2598/2598
f 2599/2599/2599 2600/2600/2600 2601/2601/2601
f 2602/2602/2602 2603/2603/2603 2604/2604/2604
f 2605/2605/2605 2606/2606/2606 2607/2607/2607
f 2608/2608/2608 2609/2609/2609 2610/2610/2610
f 2611/2611/2611 2612/2612/2612 2613/2613/2613
f 2614/2614/2614 2615/2615/2615 2616/2616/2616
f 2617/2617/2617 2618/2618/2618 2619/2619/2619
f 2620/2620/2620 2621/2621/2621 2622/2622/2622
f 2623/2623/2623 2624/2624/2624 2625/2625/2625
f 2626/2626/2626 2627/2627/2627 2628/2628/2628
f 2629/2629/2629 2630/2630/2630 2631/2631/2631
f 2632/2632/2632 2633/2633/2633 2634/2634/2634
f 2635/2635/2635 2636/2636/2636 2637/2637/2637
f 2638/2638/2638 2639/2639/2639 2640/2640/2640
f 2641/2641/2641 2642/2642/2642 2643/2643/2643
f 2644/2644/2644 2645/2645/2645 2646/2646/2646
f 2647/2647/2647 2648/2648/2648 2649/2649/2649
f 2650/2650/2650 2651/2651/2651 2652/2652/2652
f 2653/2653/2653 2654/2654/2654 2655/2655/2655
f 2656/2656/2656 2657/2657/2657 2658/2658/2658
f 2659/2659/2659 2660/2660/2660 2661/2661/2661
f 2662/2662/2662 2663/2663/2663 2664/2664/2664
f 2665/2665/2665 2666/2666/2666 2667/2667/2667
f 2668/2668/2668 2669/2669/2669 2670/2670/2670
f 2671/2671/2671 2672/2672/2672 2673/2673/2673
f 2674/2674/2674 2675/2675/2675 2676/2676/2676
f 2677/2677/2677 2678/2678/2678 2679/2679/2679
f 2680/2680/2680 2681/2681/2681 2682/2682/2682
f 2683/2683/2683 2684/2684/2684 2685/2685/2685
f 2686/2686/2686 2687/2687/2687 2688/2688/2688
f 2689/2689/2689 2690/2690/2690 2691/2691/2691
f 2692/2692/2692 2693/2693/2693 2694/2694/2694
f 2695/2695/2695 2696/2696/2696 2697/2697/2697
f 2698/2698/2698 2699/2699/2699 2700/2700/2700
f 2701/2701/2701 2702/2702/2702 2703/2703/2703
f 2704/2704/2704 2705/2705/2705 2706/2706/2706
f 2707/2707/2707 2708/2708/2708 2709/2709/2709
f 2710/2710/2710 2711/2711/2711 2712/2712/2712
f 2713/2713/2713 2714/2714/2714 2715/2715/2715
f 2716/2716/2716 2717/2717/2717 2718/2718/2718
f 2719/2719/2719 2720/2720/2720 2721/2721/2721
f 2722/2722/2722 2723/2723/2723 2724/2724/2724
f 2725/2725/2725 2726/2726/2726 2727/2727/2727
f 2728/2728/2728 2729/2729/2729 2730/2730/2730
f 2731/2731/2731 2732/2732/2732 2733/2733/2733
f 2734/2734/2734 2735/2735/2735 2736/2736/2736
f 2737/2737/2737 2738/2738/2738 2739/2739/2739
f 2740/2740/2740 2741/2741/2741 2742/2742/2742
f 2743/2743/2743 2744/2744/2744 2745/2745/2745
f 2746/2746/2746 2747/2747/2747 2748/2748/2748
f 2749/2749/2749 2750/2750/2750 2751/2751/2751
f 2752/2752/2752 2753/2753/2753 2754/2754/2754
f 2755/2755/2755 2756/2756/2756 2757/2757/2757
f 2758/2758/2758 2759/2759/2759 2760/2760/2760
f 2761/2761/2761 2762/2762/2762 2763/2763/2763
f 2764/2764/2764 2765/2765/2765 2766/2766/2766
f 2767/2767/2767 2768/2768/2768 2769/2769/2769
f 2770/2770/2770 2771/2771/2771 2772/2772/2772
f 2773/2773/2773 2774/2774/2774 2775/2775/2775
f 2776/2776/2776 2777/2777/2777 2778/2778/2778
f 2779/2779/2779 2780/2780/2780 2781/2781/2781
f 2782/2782/2782 2783/2783/2783 2784/2784/2784
f 2785/2785/2785 2786/2786/2786 2787/2787/2787
f 2788/2788/2788 2789/2789/2789 2790/2790/2790
f 2791/2791/2791 2792/2792/2792 2793/2793/2793
f 2794/2794/2794 2795/2795/2795 2796/2796/2796
f 2797/2797/2797 2798/2798/2798 2799/2799/2799
f 2800/2800/2800 2801/2801/2801 2802/2802/2802
f 2803/2803/2803 2804/2804/2804 2805/2805/2805
f 2806/2806/2806 2807/2807/2807 2808/2808/2808
f 2809/2809/2809 2810/2810/2810 2811/2811/2811
f 2812/2812/2812 2813/2813/2813 2814/2814/2814
f 2815/2815/2815 2816/2816/2816 2817/2817/2817
f 2818/2818/2818 2819/2819/2819 2820/2820/2820
f 2821/2821/2821 2822/2822/2822 2823/2823/2823
f 2824/2824/2824 2825/2825/2825 2826/2826/2826
f 2827/2827/2827 2828/2828/2828 2829/2829/2829
f 2830/2830/2830 2831/2831/2831 2832/2832/2832
f 2833/2833/2833 2834/2834/2834 2835/2835/2835
f 2836/2836/2836 2837/2837/2837 2838/2838/2838
f 2839/2839/2839 2840/2840/2840 2841/2841/2841
f 2842/2842/2842 2843/2843/2843 2844/2844/2844
f 2845/2845/2845 2846/2846/2846 2847/2847/2847
f 2848/2848/2848 2849/2849/2849 2850/2850/2850
f 2851/2851/2851 2852/2852/2852 2853/2853/2853
f 2854/2854/2854 2855/2855/2855 2856/2856/2856
f 2857/2857/2857 2858/2858/2858 2859/2859/2859
f 2860/2860/2860 2861/2861/2861 2862/2862/2862
f 2863/2863/2863 2864/2864/2864 2865/2865/2865
f 2866/2866/2866 2867/2867/2867 2868/2868/2868
f 2869/2869/2869 2870/2870/2870 2871/2871/2871
f 2872/2872/2872 2873/2873/2873 2874/2874/2874
f 2875/2875/2875 2876/2876/2876 2877/2877/2877
f 2878/2878/2878 2879/2879/2879 2880/2880/2880
f 2881/2881/2881 2882/2882/2882 2883/2883/2883
f 2884/2884/2884 2885/2885/2885 2886/2886/2886
f 2887/2887/2887 2888/2888/2888 2889/2889/2889
f 2890/2890/2890 2891/2891/2891 2892/2892/2892
f 2893/2893/2893 2894/2894/2894 2895/2895/2895
f 2896/2896/2896 2897/2897/2897 2898/2898/2898
f 2899/2899/2899 2900/2900/2900 2901/2901/2901
f 2902/2902/2902 2903/2903/2903 2904/2904/2904
f 2905/2905/2905 2906/2906/2906 2907/2907/2907
f 2908/2908/2908 2909/2909/2909 2910/2910/2910
f 2911/2911/2911 2912/2912/2912 2913/2913/2913
f 2914/2914/2914 2915/2915/2915 2916/2916/2916
f 2917/2917/2917 2918/2918/2918 2919/2919/2919
f 2920/2920/2920 2921/2921/2921 2922/2922/2922
f 2923/2923/2923 2924/2924/2924 2925/2925/2925
f 2926/2926/2926 2927/2927/2927 2928/2928/2928
f 2929/2929/2929 2930/2930/2930 2931/2931/2931
f 2932/2932/2932 2933/2933/2933 2934/2934/2934
f 2935/2935/2935 2936/2936/2936 2937/2937/2937
f 2938/2938/2938 2939/2939/2939 2940/2940/2940
f 2941/2941/2941 2942/2942/2942 2943/2943/2943
f 2944/2944/2944 2945/2945/2945 2946/2946/2946
f 2947/2947/2947 2948/2948/2948 2949/2949/2949
f 2950/2950/2950 2951/2951/2951 2952/2952/2952
f 2953/2953/2953 2954/2954/2954 2955/2955/2955
f 2956/2956/2956 2957/2957/2957 2958/2958/2958
f 2959/2959/2959 2960/2960/2960 2961/2961/2961
f 2962/2962/2962 2963/2963/2963 2964/2964/2964
f 2965/2965/2965 2966/2966/2966 2967/2967/2967
f 2968/2968/2968 2969/2969/2969 2970/2970/2970
f 2971/2971/2971 2972/2972/2972 2973/2973/2973
f 2974/2974/2974 2975/2975/2975 2976/2976/2976
f 2977/2977/2977 2978/2978/2978 2979/2979/2979
f 2980/2980/2980 2981/2981/2981 2982/2982/2982
f 2983/2983/2983 2984/2984/2984 2985/2985/2985
f 2986/2986/2986 2987/2987/2987 2988/2988/2988
f 2989/2989/2989 2990/2990/2990 2991/2991/2991
f 2992/2992/2992 2993/2993/2993 2994/2994/2994
f 2995/2995/2995 2996/2996/2996 2997/2997/2997
f 2998/2998/2998 2999/2999/2999 3000/3000/3000
f 3001/3001/3001 3002/3002/3002 3003/3003/3003
f 3004/3004/3004 3005/3005/3005 3006/3006/3006
f 3007/3007/3007 3008/3008/3008 3009/3009/3009
f 3010/3010/3010 3011/3011/3011 3012/3012/3012
f 3013/3013/3013 3014/3014/3014 3015/3015/3015
f 3016/3016/3016 3017/3017/3017 3018/3018/3018
f 3019/3019/3019 3020/3020/3020 3021/3021/3021
f 3022/3022/3022 3023/3023/3023 3024/3024/3024
f 3025/3025/3025 3026/3026/3026 3027/3027/3027
f 3028/3028/3028 3029/3029/3029 3030/3030/3030
f 3031/3031/3031 3032/3032/3032 3033/3033/3033
f 3034/3034/3034 3035/3035/3035 3036/3036/3036
f 3037/3037/3037 3038/3038/3038 3039/3039/3039
f 3040/3040/3040 3041/3041/3041 3042/3042/3042
f 3043/3043/3043 3044/3044/3044 3045/3045/3045
f 3046/3046/3046 3047/3047/3047 3048/3048/3048
f 3049/3049/3049 3050/3050/3050 3051/3051/3051
f 3052/3052/3052 3053/3053/3053 3054/3054/3054
f 3055/3055/3055 3056/3056/3056 3057/3057/3057
f 3058/3058/3058 3059/3059/3059 3060/3060/3060
f 3061/3061/3061 3062/3062/3062 3063/3063/3063
f 3064/3064/3064 3065/3065/3065 3066/3066/3066
f 3067/3067/3067 3068/3068/3068 3069/3069/3069
f 3070/3070/3070 3071/3071/3071 3072/3072/3072
f 3073/3073/3073 3074/3074/3074 3075/3075/3075
f 3076/3076/3076 3077/3077/3077 3078/3078/3078
f 3079/3079/3079 3080/3080/3080 3081/3081/3081
f 3082/3082/3082 3083/3083/3083 3084/3084/3084
