v -0.376991 0.094381 0.030958
v -0.404339 0.165733 0.052373
v -0.382588 0.165733 0.073869
v -0.361715 0.094381 0.046108
v -0.387825 0.094381 0.01237
v -0.419785 0.165733 0.02598
v -0.404339 0.165733 0.052373
v -0.376991 0.094381 0.030958
v -0.39348 0.094381 -0.008388
v -0.427873 0.165733 -0.003511
v -0.419785 0.165733 0.02598
v -0.387825 0.094381 0.01237
v -0.419785 0.165733 0.02598
v -0.427873 0.165733 -0.003511
v -0.427873 0.173463 -0.003511
v -0.419785 0.173463 0.02598
v -0.404339 0.165733 0.052373
v -0.419785 0.165733 0.02598
v -0.419785 0.173463 0.02598
v -0.404339 0.173463 0.052373
v -0.427696 0.173463 0.029079
v -0.411178 0.173463 0.057416
v -0.404339 0.173463 0.052373
v -0.419785 0.173463 0.02598
v -0.436316 0.173463 -0.002568
v -0.427696 0.173463 0.029079
v -0.419785 0.173463 0.02598
v -0.427873 0.173463 -0.003511
v -0.411178 0.173463 0.057416
v -0.387889 0.173463 0.080514
v -0.382588 0.173463 0.073869
v -0.404339 0.173463 0.052373
v -0.382588 0.165733 0.073869
v -0.404339 0.165733 0.052373
v -0.404339 0.173463 0.052373
v -0.382588 0.173463 0.073869
v -0.387889 0.173463 0.080514
v -0.359416 0.173463 0.096796
v -0.356016 0.173463 0.089003
v -0.382588 0.173463 0.073869
v -0.356016 0.165733 0.089003
v -0.382588 0.165733 0.073869
v -0.382588 0.173463 0.073869
v -0.356016 0.173463 0.089003
v -0.361715 0.094381 0.046108
v -0.382588 0.165733 0.073869
v -0.356016 0.165733 0.089003
v -0.343038 0.094381 0.056789
v -0.343038 0.094381 0.056789
v -0.356016 0.165733 0.089003
v -0.326432 0.165733 0.096744
v -0.322233 0.094381 0.062271
v -0.326432 0.165733 0.096744
v -0.356016 0.165733 0.089003
v -0.356016 0.173463 0.089003
v -0.326432 0.173463 0.096744
v -0.326432 0.165733 0.096744
v -0.295852 0.165733 0.096564
v -0.300719 0.094381 0.062182
v -0.322233 0.094381 0.062271
v -0.295852 0.165733 0.096564
v -0.326432 0.165733 0.096744
v -0.326432 0.173463 0.096744
v -0.295852 0.173463 0.096564
v -0.326432 0.173463 0.096744
v -0.327698 0.173463 0.105154
v -0.294899 0.173463 0.105018
v -0.295852 0.173463 0.096564
v -0.359416 0.173463 0.096796
v -0.327698 0.173463 0.105154
v -0.326432 0.173463 0.096744
v -0.356016 0.173463 0.089003
v -0.294899 0.173463 0.105018
v -0.263251 0.173463 0.096398
v -0.266361 0.173463 0.088475
v -0.295852 0.173463 0.096564
v -0.266361 0.165733 0.088475
v -0.295852 0.165733 0.096564
v -0.295852 0.173463 0.096564
v -0.266361 0.173463 0.088475
v -0.266361 0.173463 0.088475
v -0.263251 0.173463 0.096398
v -0.234914 0.173463 0.07988
v -0.239968 0.173463 0.07303
v -0.239968 0.165733 0.07303
v -0.266361 0.165733 0.088475
v -0.266361 0.173463 0.088475
v -0.239968 0.173463 0.07303
v -0.300719 0.094381 0.062182
v -0.295852 0.165733 0.096564
v -0.266361 0.165733 0.088475
v -0.27996 0.094381 0.056527
v -0.266361 0.165733 0.088475
v -0.239968 0.165733 0.07303
v -0.261372 0.094381 0.045693
v -0.27996 0.094381 0.056527
v -0.261372 0.094381 0.045693
v -0.239968 0.165733 0.07303
v -0.218472 0.165733 0.051279
v -0.246222 0.094381 0.030417
v -0.218472 0.165733 0.051279
v -0.239968 0.165733 0.07303
v -0.239968 0.173463 0.07303
v -0.218472 0.173463 0.051279
v -0.246222 0.094381 0.030417
v -0.218472 0.165733 0.051279
v -0.203338 0.165733 0.024707
v -0.235542 0.094381 0.01174
v -0.203338 0.165733 0.024707
v -0.218472 0.165733 0.051279
v -0.218472 0.173463 0.051279
v -0.203338 0.173463 0.024707
v -0.211817 0.173463 0.056591
v -0.195535 0.173463 0.028118
v -0.203338 0.173463 0.024707
v -0.218472 0.173463 0.051279
v -0.234914 0.173463 0.07988
v -0.211817 0.173463 0.056591
v -0.218472 0.173463 0.051279
v -0.239968 0.173463 0.07303
v -0.195535 0.173463 0.028118
v -0.187176 0.173463 -0.003599
v -0.195597 0.173463 -0.004878
v -0.203338 0.173463 0.024707
v -0.195597 0.165733 -0.004878
v -0.203338 0.165733 0.024707
v -0.203338 0.173463 0.024707
v -0.195597 0.173463 -0.004878
v -0.187176 0.173463 -0.003599
v -0.187312 0.173463 -0.036399
v -0.195777 0.173463 -0.035457
v -0.195597 0.173463 -0.004878
v -0.195777 0.165733 -0.035457
v -0.195597 0.165733 -0.004878
v -0.195597 0.173463 -0.004878
v -0.195777 0.173463 -0.035457
v -0.235542 0.094381 0.01174
v -0.203338 0.165733 0.024707
v -0.195597 0.165733 -0.004878
v -0.230059 0.094381 -0.009065
v -0.230059 0.094381 -0.009065
v -0.195597 0.165733 -0.004878
v -0.195777 0.165733 -0.035457
v -0.230148 0.094381 -0.030579
v -0.230148 0.094381 -0.030579
v -0.195777 0.165733 -0.035457
v -0.203866 0.165733 -0.064948
v -0.235803 0.094381 -0.051338
v -0.203866 0.165733 -0.064948
v -0.195777 0.165733 -0.035457
v -0.195777 0.173463 -0.035457
v -0.203866 0.173463 -0.064948
v -0.235803 0.094381 -0.051338
v -0.203866 0.165733 -0.064948
v -0.219311 0.165733 -0.091341
v -0.246637 0.094381 -0.069926
v -0.219311 0.165733 -0.091341
v -0.203866 0.165733 -0.064948
v -0.203866 0.173463 -0.064948
v -0.219311 0.173463 -0.091341
v -0.187312 0.173463 -0.036399
v -0.195933 0.173463 -0.068046
v -0.203866 0.173463 -0.064948
v -0.195777 0.173463 -0.035457
v -0.195933 0.173463 -0.068046
v -0.21245 0.173463 -0.096384
v -0.219311 0.173463 -0.091341
v -0.203866 0.173463 -0.064948
v -0.21245 0.173463 -0.096384
v -0.235739 0.173463 -0.119481
v -0.241062 0.173463 -0.112837
v -0.219311 0.173463 -0.091341
v -0.241062 0.165733 -0.112837
v -0.219311 0.165733 -0.091341
v -0.219311 0.173463 -0.091341
v -0.241062 0.173463 -0.112837
v -0.235739 0.173463 -0.119481
v -0.264212 0.173463 -0.135763
v -0.267635 0.173463 -0.127971
v -0.241062 0.173463 -0.112837
v -0.267635 0.165733 -0.127971
v -0.241062 0.165733 -0.112837
v -0.241062 0.173463 -0.112837
v -0.267635 0.173463 -0.127971
v -0.246637 0.094381 -0.069926
v -0.219311 0.165733 -0.091341
v -0.241062 0.165733 -0.112837
v -0.261913 0.094381 -0.085076
v -0.261913 0.094381 -0.085076
v -0.241062 0.165733 -0.112837
v -0.267635 0.165733 -0.127971
v -0.28059 0.094381 -0.095756
v -0.28059 0.094381 -0.095756
v -0.267635 0.165733 -0.127971
v -0.297219 0.165733 -0.135712
v -0.301395 0.094381 -0.101238
v -0.297219 0.165733 -0.135712
v -0.267635 0.165733 -0.127971
v -0.267635 0.173463 -0.127971
v -0.297219 0.173463 -0.135712
v -0.297219 0.165733 -0.135712
v -0.327798 0.165733 -0.135532
v -0.32291 0.094381 -0.101149
v -0.301395 0.094381 -0.101238
v -0.327798 0.165733 -0.135532
v -0.297219 0.165733 -0.135712
v -0.297219 0.173463 -0.135712
v -0.327798 0.173463 -0.135532
v -0.297219 0.173463 -0.135712
v -0.29593 0.173463 -0.144121
v -0.32873 0.173463 -0.143986
v -0.327798 0.173463 -0.135532
v -0.264212 0.173463 -0.135763
v -0.29593 0.173463 -0.144121
v -0.297219 0.173463 -0.135712
v -0.267635 0.173463 -0.127971
v -0.32873 0.173463 -0.143986
v -0.360377 0.173463 -0.135365
v -0.35729 0.173463 -0.127443
v -0.327798 0.173463 -0.135532
v -0.35729 0.165733 -0.127443
v -0.327798 0.165733 -0.135532
v -0.327798 0.173463 -0.135532
v -0.35729 0.173463 -0.127443
v -0.35729 0.173463 -0.127443
v -0.360377 0.173463 -0.135365
v -0.388714 0.173463 -0.118848
v -0.383682 0.173463 -0.111998
v -0.383682 0.165733 -0.111998
v -0.35729 0.165733 -0.127443
v -0.35729 0.173463 -0.127443
v -0.383682 0.173463 -0.111998
v -0.32291 0.094381 -0.101149
v -0.327798 0.165733 -0.135532
v -0.35729 0.165733 -0.127443
v -0.343668 0.094381 -0.095495
v -0.35729 0.165733 -0.127443
v -0.383682 0.165733 -0.111998
v -0.362256 0.094381 -0.08466
v -0.343668 0.094381 -0.095495
v -0.362256 0.094381 -0.08466
v -0.383682 0.165733 -0.111998
v -0.405178 0.165733 -0.090247
v -0.377406 0.094381 -0.069384
v -0.405178 0.165733 -0.090247
v -0.383682 0.165733 -0.111998
v -0.383682 0.173463 -0.111998
v -0.405178 0.173463 -0.090247
v -0.377406 0.094381 -0.069384
v -0.405178 0.165733 -0.090247
v -0.420312 0.165733 -0.063675
v -0.388086 0.094381 -0.050708
v -0.420312 0.165733 -0.063675
v -0.405178 0.165733 -0.090247
v -0.405178 0.173463 -0.090247
v -0.420312 0.173463 -0.063675
v -0.411811 0.173463 -0.095559
v -0.428093 0.173463 -0.067085
v -0.420312 0.173463 -0.063675
v -0.405178 0.173463 -0.090247
v -0.388714 0.173463 -0.118848
v -0.411811 0.173463 -0.095559
v -0.405178 0.173463 -0.090247
v -0.383682 0.173463 -0.111998
v -0.428093 0.173463 -0.067085
v -0.436452 0.173463 -0.035368
v -0.428053 0.173463 -0.034091
v -0.420312 0.173463 -0.063675
v -0.428053 0.165733 -0.034091
v -0.420312 0.165733 -0.063675
v -0.420312 0.173463 -0.063675
v -0.428053 0.173463 -0.034091
v -0.436452 0.173463 -0.035368
v -0.436316 0.173463 -0.002568
v -0.427873 0.173463 -0.003511
v -0.428053 0.173463 -0.034091
v -0.427873 0.165733 -0.003511
v -0.428053 0.165733 -0.034091
v -0.428053 0.173463 -0.034091
v -0.427873 0.173463 -0.003511
v -0.388086 0.094381 -0.050708
v -0.420312 0.165733 -0.063675
v -0.428053 0.165733 -0.034091
v -0.393569 0.094381 -0.029903
v -0.393569 0.094381 -0.029903
v -0.428053 0.165733 -0.034091
v -0.427873 0.165733 -0.003511
v -0.39348 0.094381 -0.008388
v -0.436452 0.173463 -0.035368
v -0.428093 0.173463 -0.067085
v -0.437619 0.164317 -0.070911
v -0.448992 0.162101 -0.037023
v -0.436316 0.173463 -0.002568
v -0.436452 0.173463 -0.035368
v -0.448992 0.162101 -0.037023
v -0.450928 0.159961 -0.001646
v -0.448992 0.162101 -0.037023
v -0.437619 0.164317 -0.070911
v -0.444778 0.163023 -0.074325
v -0.45673 0.160895 -0.038575
v -0.450928 0.159961 -0.001646
v -0.448992 0.162101 -0.037023
v -0.45673 0.160895 -0.038575
v -0.458873 0.158401 -0.001418
v -0.444778 0.163023 -0.074325
v -0.518597 0.162741 -0.101549
v -0.45673 0.160895 -0.038575
v -0.458873 0.158401 -0.001418
v -0.45673 0.160895 -0.038575
v -0.518597 0.162741 -0.101549
v -0.526181 0.151186 0.045712
v -0.518597 0.162741 -0.101549
v -0.634827 0.157244 -0.115816
v -0.649643 0.14171 0.080212
v -0.526181 0.151186 0.045712
v -0.513576 0.162539 -0.251419
v -0.624272 0.15501 -0.268312
v -0.634827 0.157244 -0.115816
v -0.518597 0.162741 -0.101549
v -0.513576 0.162539 -0.251419
v -0.518597 0.162741 -0.101549
v -0.444778 0.163023 -0.074325
v -0.425478 0.164657 -0.106002
v -0.622161 0.13805 -0.416023
v -0.624272 0.15501 -0.268312
v -0.513576 0.162539 -0.251419
v -0.520222 0.143835 -0.432301
v -0.513576 0.162539 -0.251419
v -0.410447 0.164129 -0.2515
v -0.40496 0.147835 -0.440247
v -0.520222 0.143835 -0.432301
v -0.410447 0.164129 -0.2515
v -0.513576 0.162539 -0.251419
v -0.425478 0.164657 -0.106002
v -0.400133 0.165878 -0.133344
v -0.437619 0.164317 -0.070911
v -0.419068 0.165645 -0.101143
v -0.425478 0.164657 -0.106002
v -0.444778 0.163023 -0.074325
v -0.419068 0.165645 -0.101143
v -0.394986 0.16613 -0.127043
v -0.400133 0.165878 -0.133344
v -0.425478 0.164657 -0.106002
v -0.394986 0.16613 -0.127043
v -0.364535 0.166821 -0.145371
v -0.367885 0.166771 -0.153072
v -0.400133 0.165878 -0.133344
v -0.367885 0.166771 -0.153072
v -0.331507 0.167409 -0.163826
v -0.410447 0.164129 -0.2515
v -0.400133 0.165878 -0.133344
v -0.364535 0.166821 -0.145371
v -0.330229 0.167347 -0.155246
v -0.331507 0.167409 -0.163826
v -0.367885 0.166771 -0.153072
v -0.330229 0.167347 -0.155246
v -0.294419 0.167726 -0.155873
v -0.293368 0.167831 -0.164654
v -0.331507 0.167409 -0.163826
v -0.331507 0.167409 -0.163826
v -0.293368 0.167831 -0.164654
v -0.289953 0.166587 -0.251318
v -0.410447 0.164129 -0.2515
v -0.294419 0.167726 -0.155873
v -0.259674 0.167847 -0.146827
v -0.256312 0.167993 -0.155037
v -0.293368 0.167831 -0.164654
v -0.289953 0.166587 -0.251318
v -0.293368 0.167831 -0.164654
v -0.256312 0.167993 -0.155037
v -0.410447 0.164129 -0.2515
v -0.289953 0.166587 -0.251318
v -0.289426 0.151288 -0.442181
v -0.40496 0.147835 -0.440247
v -0.289953 0.166587 -0.251318
v -0.11102 0.167742 -0.255092
v -0.15051 0.153403 -0.443337
v -0.289426 0.151288 -0.442181
v -0.11102 0.167742 -0.255092
v -0.289953 0.166587 -0.251318
v -0.256312 0.167993 -0.155037
v -0.22323 0.167788 -0.13576
v -0.11102 0.167742 -0.255092
v -0.012713 0.168209 -0.253154
v -0.012713 0.153699 -0.444014
v -0.15051 0.153403 -0.443337
v -0.115337 0.167185 -0.113625
v -0.012713 0.166538 -0.100773
v -0.012713 0.168209 -0.253154
v -0.11102 0.167742 -0.255092
v -0.115337 0.167185 -0.113625
v -0.11102 0.167742 -0.255092
v -0.22323 0.167788 -0.13576
v -0.196915 0.16708 -0.108161
v -0.259674 0.167847 -0.146827
v -0.228603 0.167611 -0.128863
v -0.22323 0.167788 -0.13576
v -0.256312 0.167993 -0.155037
v -0.228603 0.167611 -0.128863
v -0.20372 0.167044 -0.103178
v -0.196915 0.16708 -0.108161
v -0.22323 0.167788 -0.13576
v -0.20372 0.167044 -0.103178
v -0.18672 0.166341 -0.071955
v -0.179127 0.165798 -0.075014
v -0.196915 0.16708 -0.108161
v -0.196915 0.16708 -0.108161
v -0.179127 0.165798 -0.075014
v -0.168618 0.163862 -0.037556
v -0.115337 0.167185 -0.113625
v -0.18672 0.166341 -0.071955
v -0.176691 0.165054 -0.036206
v -0.168618 0.163862 -0.037556
v -0.179127 0.165798 -0.075014
v -0.176691 0.165054 -0.036206
v -0.174888 0.163012 -0.001687
v -0.16677 0.161535 -0.001497
v -0.168618 0.163862 -0.037556
v -0.168618 0.163862 -0.037556
v -0.16677 0.161535 -0.001497
v -0.116664 0.158051 0.039772
v -0.115337 0.167185 -0.113625
v -0.174888 0.163012 -0.001687
v -0.18117 0.159333 0.037185
v -0.174184 0.15819 0.039555
v -0.16677 0.161535 -0.001497
v -0.174184 0.15819 0.039555
v -0.116664 0.158051 0.039772
v -0.16677 0.161535 -0.001497
v -0.012713 0.157799 0.040166
v -0.116664 0.158051 0.039772
v -0.117272 0.121858 0.213446
v -0.012713 0.122477 0.217568
v -0.012713 0.157799 0.040166
v -0.012713 0.166538 -0.100773
v -0.115337 0.167185 -0.113625
v -0.116664 0.158051 0.039772
v -0.187771 0.147817 0.078208
v -0.117272 0.121858 0.213446
v -0.116664 0.158051 0.039772
v -0.174184 0.15819 0.039555
v -0.233326 0.11287 0.206216
v -0.23883 0.067463 0.401033
v -0.123908 0.07419 0.395638
v -0.117272 0.121858 0.213446
v -0.123908 0.07419 0.395638
v -0.012713 0.078577 0.394387
v -0.012713 0.122477 0.217568
v -0.117272 0.121858 0.213446
v -0.213795 0.139646 0.112972
v -0.233326 0.11287 0.206216
v -0.117272 0.121858 0.213446
v -0.187771 0.147817 0.078208
v -0.18117 0.159333 0.037185
v -0.195134 0.149772 0.07454
v -0.187771 0.147817 0.078208
v -0.174184 0.15819 0.039555
v -0.195134 0.149772 0.07454
v -0.219443 0.141393 0.107419
v -0.213795 0.139646 0.112972
v -0.187771 0.147817 0.078208
v -0.219443 0.141393 0.107419
v -0.255283 0.136159 0.130469
v -0.251781 0.13413 0.137465
v -0.213795 0.139646 0.112972
v -0.213795 0.139646 0.112972
v -0.251781 0.13413 0.137465
v -0.29478 0.130083 0.15062
v -0.233326 0.11287 0.206216
v -0.255283 0.136159 0.130469
v -0.29611 0.132152 0.142871
v -0.29478 0.130083 0.15062
v -0.251781 0.13413 0.137465
v -0.29611 0.132152 0.142871
v -0.333048 0.130518 0.143235
v -0.334309 0.128342 0.151039
v -0.29478 0.130083 0.15062
v -0.29478 0.130083 0.15062
v -0.334309 0.128342 0.151039
v -0.39779 0.103952 0.205178
v -0.233326 0.11287 0.206216
v -0.333048 0.130518 0.143235
v -0.377269 0.13237 0.128339
v -0.381158 0.129643 0.135328
v -0.334309 0.128342 0.151039
v -0.39779 0.103952 0.205178
v -0.334309 0.128342 0.151039
v -0.381158 0.129643 0.135328
v -0.411832 0.133638 0.113697
v -0.544421 0.096942 0.195568
v -0.550216 0.045354 0.402521
v -0.407699 0.052889 0.404225
v -0.39779 0.103952 0.205178
v -0.407699 0.052889 0.404225
v -0.23883 0.067463 0.401033
v -0.233326 0.11287 0.206216
v -0.39779 0.103952 0.205178
v -0.544421 0.096942 0.195568
v -0.39779 0.103952 0.205178
v -0.411832 0.133638 0.113697
v -0.434182 0.141961 0.08449
v -0.377269 0.13237 0.128339
v -0.405827 0.136565 0.108229
v -0.411832 0.133638 0.113697
v -0.381158 0.129643 0.135328
v -0.405827 0.136565 0.108229
v -0.426862 0.14477 0.08078
v -0.434182 0.141961 0.08449
v -0.411832 0.133638 0.113697
v -0.426862 0.14477 0.08078
v -0.442571 0.154347 0.048234
v -0.449918 0.153017 0.051124
v -0.434182 0.141961 0.08449
v -0.544421 0.096942 0.195568
v -0.434182 0.141961 0.08449
v -0.449918 0.153017 0.051124
v -0.526181 0.151186 0.045712
v -0.442571 0.154347 0.048234
v -0.450928 0.159961 -0.001646
v -0.458873 0.158401 -0.001418
v -0.449918 0.153017 0.051124
v -0.526181 0.151186 0.045712
v -0.449918 0.153017 0.051124
v -0.458873 0.158401 -0.001418
v -0.411178 0.173463 0.057416
v -0.427696 0.173463 0.029079
v -0.442571 0.154347 0.048234
v -0.426862 0.14477 0.08078
v -0.427696 0.173463 0.029079
v -0.436316 0.173463 -0.002568
v -0.450928 0.159961 -0.001646
v -0.442571 0.154347 0.048234
v -0.387889 0.173463 0.080514
v -0.411178 0.173463 0.057416
v -0.426862 0.14477 0.08078
v -0.405827 0.136565 0.108229
v -0.359416 0.173463 0.096796
v -0.387889 0.173463 0.080514
v -0.405827 0.136565 0.108229
v -0.377269 0.13237 0.128339
v -0.327698 0.173463 0.105154
v -0.359416 0.173463 0.096796
v -0.377269 0.13237 0.128339
v -0.333048 0.130518 0.143235
v -0.627273 0.091918 0.210868
v -0.644672 0.04275 0.387645
v -0.550216 0.045354 0.402521
v -0.544421 0.096942 0.195568
v -0.649643 0.14171 0.080212
v -0.627273 0.091918 0.210868
v -0.544421 0.096942 0.195568
v -0.526181 0.151186 0.045712
v -0.407699 0.052889 0.404225
v -0.550216 0.045354 0.402521
v -0.554891 -0.008069 0.601959
v -0.412283 0.001927 0.601564
v -0.550216 0.045354 0.402521
v -0.644672 0.04275 0.387645
v -0.655025 -0.01295 0.590728
v -0.554891 -0.008069 0.601959
v -0.787772 0.011139 0.531802
v -0.655025 -0.01295 0.590728
v -0.644672 0.04275 0.387645
v -0.761368 0.06907 0.357998
v -0.761368 0.06907 0.357998
v -0.644672 0.04275 0.387645
v -0.627273 0.091918 0.210868
v -0.726766 0.111784 0.19341
v -0.87096 -0.003082 0.474945
v -0.787772 0.011139 0.531802
v -0.761368 0.06907 0.357998
v -0.847276 0.04966 0.318103
v -0.847276 0.04966 0.318103
v -0.761368 0.06907 0.357998
v -0.726766 0.111784 0.19341
v -0.816991 0.093794 0.160397
v -0.816991 0.093794 0.160397
v -0.726766 0.111784 0.19341
v -0.649643 0.14171 0.080212
v -0.777846 0.128114 0.011103
v -0.726766 0.111784 0.19341
v -0.627273 0.091918 0.210868
v -0.649643 0.14171 0.080212
v -0.634827 0.157244 -0.115816
v -0.742476 0.140939 -0.135076
v -0.777846 0.128114 0.011103
v -0.649643 0.14171 0.080212
v -0.904609 0.051311 0.122022
v -0.816991 0.093794 0.160397
v -0.777846 0.128114 0.011103
v -0.875958 0.088714 -0.023876
v -0.875958 0.088714 -0.023876
v -0.777846 0.128114 0.011103
v -0.742476 0.140939 -0.135076
v -0.850389 0.105181 -0.157621
v -0.850389 0.105181 -0.157621
v -0.742476 0.140939 -0.135076
v -0.728724 0.140129 -0.269642
v -0.828393 0.101582 -0.280972
v -0.728724 0.140129 -0.269642
v -0.742476 0.140939 -0.135076
v -0.634827 0.157244 -0.115816
v -0.624272 0.15501 -0.268312
v -0.624272 0.15501 -0.268312
v -0.622161 0.13805 -0.416023
v -0.71758 0.126878 -0.387383
v -0.728724 0.140129 -0.269642
v -0.71758 0.126878 -0.387383
v -0.788352 0.106457 -0.359463
v -0.828393 0.101582 -0.280972
v -0.728724 0.140129 -0.269642
v -0.828393 0.101582 -0.280972
v -0.865554 -0.015826 -0.262089
v -0.893185 -0.005443 -0.165884
v -0.850389 0.105181 -0.157621
v -0.822673 -0.052347 -0.314124
v -0.865554 -0.015826 -0.262089
v -0.828393 0.101582 -0.280972
v -0.806535 0.032745 -0.346679
v -0.778282 0.069516 -0.385071
v -0.806535 0.032745 -0.346679
v -0.828393 0.101582 -0.280972
v -0.788352 0.106457 -0.359463
v -0.778282 0.069516 -0.385071
v -0.788352 0.106457 -0.359463
v -0.71758 0.126878 -0.387383
v -0.716183 0.087862 -0.423703
v -0.794738 0.019218 -0.348649
v -0.806535 0.032745 -0.346679
v -0.778282 0.069516 -0.385071
v -0.770436 0.057118 -0.383982
v -0.770436 0.057118 -0.383982
v -0.778282 0.069516 -0.385071
v -0.716183 0.087862 -0.423703
v -0.713902 0.076337 -0.419641
v -0.713902 0.076337 -0.419641
v -0.716183 0.087862 -0.423703
v -0.626424 0.100526 -0.446944
v -0.62548 0.087805 -0.444471
v -0.716183 0.087862 -0.423703
v -0.71758 0.126878 -0.387383
v -0.622161 0.13805 -0.416023
v -0.626424 0.100526 -0.446944
v -0.62548 0.087805 -0.444471
v -0.626424 0.100526 -0.446944
v -0.515024 0.09712 -0.461792
v -0.52483 0.086048 -0.459029
v -0.626424 0.100526 -0.446944
v -0.622161 0.13805 -0.416023
v -0.520222 0.143835 -0.432301
v -0.515024 0.09712 -0.461792
v -0.464413 0.054476 -0.468212
v -0.478825 0.053145 -0.464882
v -0.52483 0.086048 -0.459029
v -0.515024 0.09712 -0.461792
v -0.464413 0.054476 -0.468212
v -0.515024 0.09712 -0.461792
v -0.384611 0.106547 -0.467526
v -0.355512 0.051805 -0.472834
v -0.515024 0.09712 -0.461792
v -0.520222 0.143835 -0.432301
v -0.40496 0.147835 -0.440247
v -0.384611 0.106547 -0.467526
v -0.384611 0.106547 -0.467526
v -0.40496 0.147835 -0.440247
v -0.289426 0.151288 -0.442181
v -0.26984 0.108618 -0.471168
v -0.355512 0.051805 -0.472834
v -0.384611 0.106547 -0.467526
v -0.26984 0.108618 -0.471168
v -0.253781 0.053478 -0.475961
v -0.253781 0.053478 -0.475961
v -0.26984 0.108618 -0.471168
v -0.142214 0.111733 -0.47262
v -0.13515 0.053545 -0.477491
v -0.26984 0.108618 -0.471168
v -0.289426 0.151288 -0.442181
v -0.15051 0.153403 -0.443337
v -0.142214 0.111733 -0.47262
v -0.244633 -0.004273 -0.469528
v -0.253781 0.053478 -0.475961
v -0.13515 0.053545 -0.477491
v -0.131218 -0.003839 -0.470872
v -0.340311 -0.004712 -0.466957
v -0.355512 0.051805 -0.472834
v -0.253781 0.053478 -0.475961
v -0.244633 -0.004273 -0.469528
v -0.448732 0.002919 -0.464077
v -0.464413 0.054476 -0.468212
v -0.355512 0.051805 -0.472834
v -0.340311 -0.004712 -0.466957
v -0.448732 0.002919 -0.464077
v -0.46254 0.00453 -0.462471
v -0.478825 0.053145 -0.464882
v -0.464413 0.054476 -0.468212
v -0.46254 0.00453 -0.462471
v -0.448732 0.002919 -0.464077
v -0.446822 -0.05699 -0.448527
v -0.461084 -0.040077 -0.45018
v -0.461084 -0.040077 -0.45018
v -0.446822 -0.05699 -0.448527
v -0.449399 -0.125355 -0.41669
v -0.459355 -0.08982 -0.431397
v -0.459355 -0.08982 -0.431397
v -0.449399 -0.125355 -0.41669
v -0.4689 -0.106716 -0.418576
v -0.459355 -0.08982 -0.431397
v -0.4689 -0.106716 -0.418576
v -0.4689 -0.106716 -0.363797
v -0.459355 -0.08982 -0.376619
v -0.4689 -0.106716 -0.363797
v -0.795738 -0.067791 -0.267449
v -0.803655 -0.05272 -0.267921
v -0.459355 -0.08982 -0.376619
v -0.480509 -0.109011 -0.364976
v -0.783343 -0.076527 -0.27023
v -0.795738 -0.067791 -0.267449
v -0.4689 -0.106716 -0.363797
v -0.795738 -0.067791 -0.322228
v -0.803655 -0.05272 -0.3227
v -0.803655 -0.05272 -0.267921
v -0.795738 -0.067791 -0.267449
v -0.803655 -0.05272 -0.3227
v -0.794738 0.019218 -0.348649
v -0.794738 0.019218 -0.293871
v -0.803655 -0.05272 -0.267921
v -0.459355 -0.08982 -0.376619
v -0.803655 -0.05272 -0.267921
v -0.794738 0.019218 -0.293871
v -0.461084 -0.040077 -0.395402
v -0.794738 0.019218 -0.348649
v -0.770436 0.057118 -0.383982
v -0.770436 0.057118 -0.329204
v -0.794738 0.019218 -0.293871
v -0.461084 -0.040077 -0.395402
v -0.794738 0.019218 -0.293871
v -0.770436 0.057118 -0.329204
v -0.46254 0.00453 -0.407692
v -0.46254 0.00453 -0.462471
v -0.461084 -0.040077 -0.45018
v -0.461084 -0.040077 -0.395402
v -0.46254 0.00453 -0.407692
v -0.461084 -0.040077 -0.45018
v -0.459355 -0.08982 -0.431397
v -0.459355 -0.08982 -0.376619
v -0.461084 -0.040077 -0.395402
v -0.478825 0.053145 -0.464882
v -0.46254 0.00453 -0.462471
v -0.46254 0.00453 -0.407692
v -0.478825 0.053145 -0.410103
v -0.46254 0.00453 -0.407692
v -0.770436 0.057118 -0.329204
v -0.713902 0.076337 -0.364862
v -0.478825 0.053145 -0.410103
v -0.52483 0.086048 -0.459029
v -0.478825 0.053145 -0.464882
v -0.478825 0.053145 -0.410103
v -0.52483 0.086048 -0.40425
v -0.478825 0.053145 -0.410103
v -0.713902 0.076337 -0.364862
v -0.62548 0.087805 -0.389693
v -0.52483 0.086048 -0.40425
v -0.770436 0.057118 -0.383982
v -0.713902 0.076337 -0.419641
v -0.713902 0.076337 -0.364862
v -0.770436 0.057118 -0.329204
v -0.713902 0.076337 -0.419641
v -0.62548 0.087805 -0.444471
v -0.62548 0.087805 -0.389693
v -0.713902 0.076337 -0.364862
v -0.62548 0.087805 -0.444471
v -0.52483 0.086048 -0.459029
v -0.52483 0.086048 -0.40425
v -0.62548 0.087805 -0.389693
v -0.822673 -0.052347 -0.314124
v -0.806535 0.032745 -0.346679
v -0.794738 0.019218 -0.348649
v -0.803655 -0.05272 -0.3227
v -0.795738 -0.067791 -0.322228
v -0.819036 -0.08768 -0.306808
v -0.822673 -0.052347 -0.314124
v -0.803655 -0.05272 -0.3227
v -0.865554 -0.015826 -0.262089
v -0.822673 -0.052347 -0.314124
v -0.819036 -0.08768 -0.306808
v -0.866902 -0.097907 -0.245781
v -0.893185 -0.005443 -0.165884
v -0.865554 -0.015826 -0.262089
v -0.866902 -0.097907 -0.245781
v -0.893754 -0.102941 -0.158081
v -0.92072 -0.008991 -0.064067
v -0.893185 -0.005443 -0.165884
v -0.893754 -0.102941 -0.158081
v -0.92369 -0.113065 -0.05689
v -0.955058 -0.030195 0.076054
v -0.92072 -0.008991 -0.064067
v -0.92369 -0.113065 -0.05689
v -0.956427 -0.133727 0.061558
v -0.986175 -0.06769 0.226143
v -0.955058 -0.030195 0.076054
v -0.956427 -0.133727 0.061558
v -0.991971 -0.168659 0.199754
v -1.00621 -0.112987 0.377991
v -0.986175 -0.06769 0.226143
v -0.991971 -0.168659 0.199754
v -1.02225 -0.209005 0.341868
v -1.01807 -0.165236 0.517693
v -1.00621 -0.112987 0.377991
v -1.02225 -0.209005 0.341868
v -1.04039 -0.251609 0.482621
v -1.02108 -0.218171 0.641839
v -1.01807 -0.165236 0.517693
v -1.04039 -0.251609 0.482621
v -1.04152 -0.296844 0.613595
v -1.00997 -0.267718 0.740033
v -1.02108 -0.218171 0.641839
v -1.04152 -0.296844 0.613595
v -1.02547 -0.33522 0.724833
v -1.00105 -0.356946 0.791715
v -0.994136 -0.303339 0.796133
v -1.00997 -0.267718 0.740033
v -1.02547 -0.33522 0.724833
v -0.969325 -0.153971 0.685335
v -1.02108 -0.218171 0.641839
v -1.00997 -0.267718 0.740033
v -0.962862 -0.216564 0.783709
v -0.962862 -0.216564 0.783709
v -1.00997 -0.267718 0.740033
v -0.994136 -0.303339 0.796133
v -0.946059 -0.283747 0.852516
v -1.00105 -0.356946 0.791715
v -0.947426 -0.366531 0.867915
v -0.946059 -0.283747 0.852516
v -0.994136 -0.303339 0.796133
v -0.876617 -0.272397 0.893997
v -0.889753 -0.189222 0.827329
v -0.962862 -0.216564 0.783709
v -0.946059 -0.283747 0.852516
v -0.877528 -0.37056 0.913166
v -0.876617 -0.272397 0.893997
v -0.946059 -0.283747 0.852516
v -0.947426 -0.366531 0.867915
v -0.796393 -0.366782 0.932557
v -0.804063 -0.26952 0.912262
v -0.876617 -0.272397 0.893997
v -0.877528 -0.37056 0.913166
v -0.716219 -0.357262 0.926377
v -0.729288 -0.273523 0.911309
v -0.804063 -0.26952 0.912262
v -0.796393 -0.366782 0.932557
v -0.729288 -0.273523 0.911309
v -0.726753 -0.201675 0.870157
v -0.8144 -0.185671 0.855202
v -0.804063 -0.26952 0.912262
v -0.876617 -0.272397 0.893997
v -0.804063 -0.26952 0.912262
v -0.8144 -0.185671 0.855202
v -0.889753 -0.189222 0.827329
v -0.889753 -0.189222 0.827329
v -0.8144 -0.185671 0.855202
v -0.813812 -0.110036 0.76845
v -0.893675 -0.116783 0.730756
v -0.726753 -0.201675 0.870157
v -0.719511 -0.127435 0.803055
v -0.813812 -0.110036 0.76845
v -0.8144 -0.185671 0.855202
v -0.726753 -0.201675 0.870157
v -0.729288 -0.273523 0.911309
v -0.685233 -0.283687 0.893767
v -0.670156 -0.23937 0.863301
v -0.719511 -0.127435 0.803055
v -0.726753 -0.201675 0.870157
v -0.670156 -0.23937 0.863301
v -0.648558 -0.179392 0.817493
v -0.719511 -0.127435 0.803055
v -0.69991 -0.064883 0.710701
v -0.801792 -0.04533 0.661304
v -0.813812 -0.110036 0.76845
v -0.69991 -0.064883 0.710701
v -0.719511 -0.127435 0.803055
v -0.648558 -0.179392 0.817493
v -0.622939 -0.111144 0.758658
v -0.655025 -0.01295 0.590728
v -0.787772 0.011139 0.531802
v -0.801792 -0.04533 0.661304
v -0.69991 -0.064883 0.710701
v -0.655025 -0.01295 0.590728
v -0.69991 -0.064883 0.710701
v -0.622939 -0.111144 0.758658
v -0.566684 -0.067851 0.701052
v -0.544514 -0.102515 0.703597
v -0.566684 -0.067851 0.701052
v -0.622939 -0.111144 0.758658
v -0.595954 -0.157518 0.759941
v -0.595954 -0.157518 0.759941
v -0.622939 -0.111144 0.758658
v -0.648558 -0.179392 0.817493
v -0.621213 -0.228381 0.79668
v -0.621213 -0.228381 0.79668
v -0.648558 -0.179392 0.817493
v -0.670156 -0.23937 0.863301
v -0.642247 -0.29261 0.840664
v -0.642247 -0.29261 0.840664
v -0.670156 -0.23937 0.863301
v -0.685233 -0.283687 0.893767
v -0.66709 -0.337839 0.886956
v -0.66709 -0.337839 0.886956
v -0.685233 -0.283687 0.893767
v -0.729288 -0.273523 0.911309
v -0.716219 -0.357262 0.926377
v -0.566684 -0.067851 0.701052
v -0.544514 -0.102515 0.703597
v -0.519578 -0.087994 0.688873
v -0.530901 -0.049256 0.676405
v -0.530901 -0.049256 0.676405
v -0.519578 -0.087994 0.688873
v -0.494736 -0.08395 0.681988
v -0.477499 -0.04221 0.665529
v -0.477499 -0.04221 0.665529
v -0.494736 -0.08395 0.681988
v -0.293399 -0.070114 0.680162
v -0.283262 -0.032968 0.664467
v -0.283262 -0.032968 0.664467
v -0.293399 -0.070114 0.680162
v -0.138269 -0.069531 0.679808
v -0.136858 -0.025898 0.665006
v -0.136858 -0.025898 0.665006
v -0.138269 -0.069531 0.679808
v -0.012713 -0.067113 0.678771
v -0.012713 -0.02353 0.665878
v 0.111432 -0.025898 0.665006
v -0.012713 -0.02353 0.665878
v -0.012713 -0.067113 0.678771
v 0.112843 -0.069531 0.679808
v 0.257836 -0.032968 0.664467
v 0.111432 -0.025898 0.665006
v 0.112843 -0.069531 0.679808
v 0.267973 -0.070114 0.680162
v 0.452073 -0.04221 0.665529
v 0.257836 -0.032968 0.664467
v 0.267973 -0.070114 0.680162
v 0.46931 -0.08395 0.681988
v 0.505475 -0.049256 0.676405
v 0.452073 -0.04221 0.665529
v 0.46931 -0.08395 0.681988
v 0.494152 -0.087994 0.688873
v 0.541258 -0.067851 0.701052
v 0.505475 -0.049256 0.676405
v 0.494152 -0.087994 0.688873
v 0.519088 -0.102515 0.703597
v 0.519088 -0.102515 0.703597
v 0.570528 -0.157518 0.759941
v 0.597513 -0.111144 0.758658
v 0.541258 -0.067851 0.701052
v 0.570528 -0.157518 0.759941
v 0.595787 -0.228381 0.79668
v 0.623132 -0.179392 0.817493
v 0.597513 -0.111144 0.758658
v 0.595787 -0.228381 0.79668
v 0.616821 -0.29261 0.840664
v 0.64473 -0.23937 0.863301
v 0.623132 -0.179392 0.817493
v 0.616821 -0.29261 0.840664
v 0.641664 -0.337839 0.886956
v 0.659807 -0.283687 0.893767
v 0.64473 -0.23937 0.863301
v 0.641664 -0.337839 0.886956
v 0.690793 -0.357262 0.926377
v 0.703862 -0.273523 0.911309
v 0.659807 -0.283687 0.893767
v 0.690793 -0.357262 0.926377
v 0.770967 -0.366782 0.932557
v 0.778637 -0.26952 0.912262
v 0.703862 -0.273523 0.911309
v 0.770967 -0.366782 0.932557
v 0.852102 -0.37056 0.913166
v 0.851191 -0.272397 0.893997
v 0.778637 -0.26952 0.912262
v 0.852102 -0.37056 0.913166
v 0.922 -0.366531 0.867915
v 0.920633 -0.283747 0.852516
v 0.851191 -0.272397 0.893997
v 0.975621 -0.356946 0.791715
v 0.96871 -0.303339 0.796133
v 0.920633 -0.283747 0.852516
v 0.922 -0.366531 0.867915
v 0.975621 -0.356946 0.791715
v 1.00005 -0.33522 0.724833
v 0.98454 -0.267718 0.740033
v 0.96871 -0.303339 0.796133
v 0.98454 -0.267718 0.740033
v 1.00005 -0.33522 0.724833
v 1.01609 -0.296844 0.613595
v 0.995649 -0.218171 0.641839
v 0.995649 -0.218171 0.641839
v 1.01609 -0.296844 0.613595
v 1.01497 -0.251609 0.482621
v 0.992647 -0.165236 0.517693
v 0.992647 -0.165236 0.517693
v 1.01497 -0.251609 0.482621
v 0.996822 -0.209005 0.341868
v 0.980781 -0.112987 0.377991
v 0.980781 -0.112987 0.377991
v 0.996822 -0.209005 0.341868
v 0.966545 -0.168659 0.199754
v 0.960749 -0.06769 0.226143
v 0.960749 -0.06769 0.226143
v 0.966545 -0.168659 0.199754
v 0.931001 -0.133727 0.061558
v 0.929632 -0.030195 0.076054
v 0.929632 -0.030195 0.076054
v 0.931001 -0.133727 0.061558
v 0.898264 -0.113065 -0.05689
v 0.895294 -0.008991 -0.064067
v 0.895294 -0.008991 -0.064067
v 0.898264 -0.113065 -0.05689
v 0.868328 -0.102941 -0.158081
v 0.867759 -0.005443 -0.165884
v 0.867759 -0.005443 -0.165884
v 0.868328 -0.102941 -0.158081
v 0.841476 -0.097907 -0.245781
v 0.840128 -0.015826 -0.262089
v 0.840128 -0.015826 -0.262089
v 0.841476 -0.097907 -0.245781
v 0.79361 -0.08768 -0.306808
v 0.797247 -0.052347 -0.314124
v 0.770312 -0.067791 -0.322228
v 0.778229 -0.05272 -0.3227
v 0.797247 -0.052347 -0.314124
v 0.79361 -0.08768 -0.306808
v 0.770312 -0.067791 -0.322228
v 0.770312 -0.067791 -0.267449
v 0.778229 -0.05272 -0.267921
v 0.778229 -0.05272 -0.3227
v 0.770312 -0.067791 -0.267449
v 0.443474 -0.106716 -0.363797
v 0.433929 -0.08982 -0.376619
v 0.778229 -0.05272 -0.267921
v 0.455083 -0.109011 -0.364976
v 0.443474 -0.106716 -0.363797
v 0.770312 -0.067791 -0.267449
v 0.757917 -0.076527 -0.27023
v 0.433929 -0.08982 -0.431397
v 0.433929 -0.08982 -0.376619
v 0.443474 -0.106716 -0.363797
v 0.443474 -0.106716 -0.418576
v 0.433929 -0.08982 -0.431397
v 0.443474 -0.106716 -0.418576
v 0.423973 -0.125355 -0.41669
v 0.435658 -0.040077 -0.45018
v 0.433929 -0.08982 -0.431397
v 0.423973 -0.125355 -0.41669
v 0.421396 -0.05699 -0.448527
v 0.437114 0.00453 -0.462471
v 0.435658 -0.040077 -0.45018
v 0.421396 -0.05699 -0.448527
v 0.423306 0.002919 -0.464077
v 0.423306 0.002919 -0.464077
v 0.438987 0.054476 -0.468212
v 0.453399 0.053145 -0.464882
v 0.437114 0.00453 -0.462471
v 0.423306 0.002919 -0.464077
v 0.314885 -0.004712 -0.466957
v 0.330086 0.051805 -0.472834
v 0.438987 0.054476 -0.468212
v 0.314885 -0.004712 -0.466957
v 0.219207 -0.004273 -0.469528
v 0.228355 0.053478 -0.475961
v 0.330086 0.051805 -0.472834
v 0.219207 -0.004273 -0.469528
v 0.105792 -0.003839 -0.470872
v 0.109724 0.053545 -0.477491
v 0.228355 0.053478 -0.475961
v 0.105792 -0.003839 -0.470872
v -0.012713 -0.004775 -0.470841
v -0.012713 0.053381 -0.477645
v 0.109724 0.053545 -0.477491
v -0.131218 -0.003839 -0.470872
v -0.13515 0.053545 -0.477491
v -0.012713 0.053381 -0.477645
v -0.012713 -0.004775 -0.470841
v -0.13515 0.053545 -0.477491
v -0.142214 0.111733 -0.47262
v -0.012713 0.111256 -0.473302
v -0.012713 0.053381 -0.477645
v 0.109724 0.053545 -0.477491
v -0.012713 0.053381 -0.477645
v -0.012713 0.111256 -0.473302
v 0.116788 0.111733 -0.47262
v -0.142214 0.111733 -0.47262
v -0.15051 0.153403 -0.443337
v -0.012713 0.153699 -0.444014
v -0.012713 0.111256 -0.473302
v 0.116788 0.111733 -0.47262
v -0.012713 0.111256 -0.473302
v -0.012713 0.153699 -0.444014
v 0.125084 0.153403 -0.443337
v 0.244414 0.108618 -0.471168
v 0.116788 0.111733 -0.47262
v 0.125084 0.153403 -0.443337
v 0.264 0.151288 -0.442181
v 0.228355 0.053478 -0.475961
v 0.109724 0.053545 -0.477491
v 0.116788 0.111733 -0.47262
v 0.244414 0.108618 -0.471168
v 0.359185 0.106547 -0.467526
v 0.244414 0.108618 -0.471168
v 0.264 0.151288 -0.442181
v 0.379534 0.147835 -0.440247
v 0.330086 0.051805 -0.472834
v 0.228355 0.053478 -0.475961
v 0.244414 0.108618 -0.471168
v 0.359185 0.106547 -0.467526
v 0.438987 0.054476 -0.468212
v 0.330086 0.051805 -0.472834
v 0.359185 0.106547 -0.467526
v 0.489598 0.09712 -0.461792
v 0.489598 0.09712 -0.461792
v 0.359185 0.106547 -0.467526
v 0.379534 0.147835 -0.440247
v 0.494796 0.143835 -0.432301
v 0.48815 0.162539 -0.251419
v 0.494796 0.143835 -0.432301
v 0.379534 0.147835 -0.440247
v 0.385021 0.164129 -0.2515
v 0.385021 0.164129 -0.2515
v 0.379534 0.147835 -0.440247
v 0.264 0.151288 -0.442181
v 0.264527 0.166587 -0.251318
v 0.306081 0.167409 -0.163826
v 0.385021 0.164129 -0.2515
v 0.264527 0.166587 -0.251318
v 0.267942 0.167831 -0.164654
v 0.385021 0.164129 -0.2515
v 0.374707 0.165878 -0.133344
v 0.400052 0.164657 -0.106002
v 0.48815 0.162539 -0.251419
v 0.342459 0.166771 -0.153072
v 0.374707 0.165878 -0.133344
v 0.385021 0.164129 -0.2515
v 0.306081 0.167409 -0.163826
v 0.393642 0.165645 -0.101143
v 0.400052 0.164657 -0.106002
v 0.374707 0.165878 -0.133344
v 0.36956 0.16613 -0.127043
v 0.36956 0.16613 -0.127043
v 0.374707 0.165878 -0.133344
v 0.342459 0.166771 -0.153072
v 0.339109 0.166821 -0.145371
v 0.339109 0.166821 -0.145371
v 0.342459 0.166771 -0.153072
v 0.306081 0.167409 -0.163826
v 0.304803 0.167347 -0.155246
v 0.363288 0.173463 -0.118848
v 0.36956 0.16613 -0.127043
v 0.339109 0.166821 -0.145371
v 0.334951 0.173463 -0.135365
v 0.334951 0.173463 -0.135365
v 0.339109 0.166821 -0.145371
v 0.304803 0.167347 -0.155246
v 0.303304 0.173463 -0.143986
v 0.303304 0.173463 -0.143986
v 0.304803 0.167347 -0.155246
v 0.268993 0.167726 -0.155873
v 0.270504 0.173463 -0.144121
v 0.304803 0.167347 -0.155246
v 0.306081 0.167409 -0.163826
v 0.267942 0.167831 -0.164654
v 0.268993 0.167726 -0.155873
v 0.270504 0.173463 -0.144121
v 0.268993 0.167726 -0.155873
v 0.234248 0.167847 -0.146827
v 0.238786 0.173463 -0.135763
v 0.268993 0.167726 -0.155873
v 0.267942 0.167831 -0.164654
v 0.230886 0.167993 -0.155037
v 0.234248 0.167847 -0.146827
v 0.264527 0.166587 -0.251318
v 0.230886 0.167993 -0.155037
v 0.267942 0.167831 -0.164654
v 0.234248 0.167847 -0.146827
v 0.230886 0.167993 -0.155037
v 0.197804 0.167788 -0.13576
v 0.203177 0.167611 -0.128863
v 0.085594 0.167742 -0.255092
v 0.197804 0.167788 -0.13576
v 0.230886 0.167993 -0.155037
v 0.264527 0.166587 -0.251318
v 0.203177 0.167611 -0.128863
v 0.197804 0.167788 -0.13576
v 0.171489 0.16708 -0.108161
v 0.178294 0.167044 -0.103178
v 0.089911 0.167185 -0.113625
v 0.171489 0.16708 -0.108161
v 0.197804 0.167788 -0.13576
v 0.085594 0.167742 -0.255092
v 0.089911 0.167185 -0.113625
v 0.085594 0.167742 -0.255092
v -0.012713 0.168209 -0.253154
v -0.012713 0.166538 -0.100773
v 0.085594 0.167742 -0.255092
v 0.125084 0.153403 -0.443337
v -0.012713 0.153699 -0.444014
v -0.012713 0.168209 -0.253154
v 0.264527 0.166587 -0.251318
v 0.264 0.151288 -0.442181
v 0.125084 0.153403 -0.443337
v 0.085594 0.167742 -0.255092
v -0.012713 0.157799 0.040166
v 0.091238 0.158051 0.039772
v 0.089911 0.167185 -0.113625
v -0.012713 0.166538 -0.100773
v 0.143192 0.163862 -0.037556
v 0.089911 0.167185 -0.113625
v 0.091238 0.158051 0.039772
v 0.141344 0.161535 -0.001497
v 0.171489 0.16708 -0.108161
v 0.089911 0.167185 -0.113625
v 0.143192 0.163862 -0.037556
v 0.153701 0.165798 -0.075014
v 0.161294 0.166341 -0.071955
v 0.153701 0.165798 -0.075014
v 0.143192 0.163862 -0.037556
v 0.151265 0.165054 -0.036206
v 0.151265 0.165054 -0.036206
v 0.143192 0.163862 -0.037556
v 0.141344 0.161535 -0.001497
v 0.149462 0.163012 -0.001687
v 0.178294 0.167044 -0.103178
v 0.171489 0.16708 -0.108161
v 0.153701 0.165798 -0.075014
v 0.161294 0.166341 -0.071955
v 0.187024 0.173463 -0.096384
v 0.178294 0.167044 -0.103178
v 0.161294 0.166341 -0.071955
v 0.170507 0.173463 -0.068046
v 0.170507 0.173463 -0.068046
v 0.161294 0.166341 -0.071955
v 0.151265 0.165054 -0.036206
v 0.161886 0.173463 -0.036399
v 0.170507 0.173463 -0.068046
v 0.17844 0.173463 -0.064948
v 0.193885 0.173463 -0.091341
v 0.187024 0.173463 -0.096384
v 0.161886 0.173463 -0.036399
v 0.170351 0.173463 -0.035457
v 0.17844 0.173463 -0.064948
v 0.170507 0.173463 -0.068046
v 0.161886 0.173463 -0.036399
v 0.151265 0.165054 -0.036206
v 0.149462 0.163012 -0.001687
v 0.16175 0.173463 -0.003599
v 0.16175 0.173463 -0.003599
v 0.170171 0.173463 -0.004878
v 0.170351 0.173463 -0.035457
v 0.161886 0.173463 -0.036399
v 0.170351 0.165733 -0.035457
v 0.170351 0.173463 -0.035457
v 0.170171 0.173463 -0.004878
v 0.170171 0.165733 -0.004878
v 0.17844 0.165733 -0.064948
v 0.17844 0.173463 -0.064948
v 0.170351 0.173463 -0.035457
v 0.170351 0.165733 -0.035457
v 0.204722 0.094381 -0.030579
v 0.210377 0.094381 -0.051338
v 0.17844 0.165733 -0.064948
v 0.170351 0.165733 -0.035457
v 0.204633 0.094381 -0.009065
v 0.204722 0.094381 -0.030579
v 0.170351 0.165733 -0.035457
v 0.170171 0.165733 -0.004878
v 0.210377 0.094381 -0.051338
v 0.221211 0.094381 -0.069926
v 0.193885 0.165733 -0.091341
v 0.17844 0.165733 -0.064948
v 0.193885 0.165733 -0.091341
v 0.193885 0.173463 -0.091341
v 0.17844 0.173463 -0.064948
v 0.17844 0.165733 -0.064948
v 0.221211 0.094381 -0.069926
v 0.236487 0.094381 -0.085076
v 0.215636 0.165733 -0.112837
v 0.193885 0.165733 -0.091341
v 0.215636 0.165733 -0.112837
v 0.215636 0.173463 -0.112837
v 0.193885 0.173463 -0.091341
v 0.193885 0.165733 -0.091341
v 0.187024 0.173463 -0.096384
v 0.193885 0.173463 -0.091341
v 0.215636 0.173463 -0.112837
v 0.210313 0.173463 -0.119481
v 0.210313 0.173463 -0.119481
v 0.215636 0.173463 -0.112837
v 0.242209 0.173463 -0.127971
v 0.238786 0.173463 -0.135763
v 0.242209 0.165733 -0.127971
v 0.242209 0.173463 -0.127971
v 0.215636 0.173463 -0.112837
v 0.215636 0.165733 -0.112837
v 0.238786 0.173463 -0.135763
v 0.242209 0.173463 -0.127971
v 0.271793 0.173463 -0.135712
v 0.270504 0.173463 -0.144121
v 0.271793 0.165733 -0.135712
v 0.271793 0.173463 -0.135712
v 0.242209 0.173463 -0.127971
v 0.242209 0.165733 -0.127971
v 0.236487 0.094381 -0.085076
v 0.255164 0.094381 -0.095756
v 0.242209 0.165733 -0.127971
v 0.215636 0.165733 -0.112837
v 0.255164 0.094381 -0.095756
v 0.275969 0.094381 -0.101238
v 0.271793 0.165733 -0.135712
v 0.242209 0.165733 -0.127971
v 0.271793 0.165733 -0.135712
v 0.275969 0.094381 -0.101238
v 0.297484 0.094381 -0.101149
v 0.302372 0.165733 -0.135532
v 0.302372 0.165733 -0.135532
v 0.302372 0.173463 -0.135532
v 0.271793 0.173463 -0.135712
v 0.271793 0.165733 -0.135712
v 0.297484 0.094381 -0.101149
v 0.318242 0.094381 -0.095495
v 0.331864 0.165733 -0.127443
v 0.302372 0.165733 -0.135532
v 0.331864 0.165733 -0.127443
v 0.331864 0.173463 -0.127443
v 0.302372 0.173463 -0.135532
v 0.302372 0.165733 -0.135532
v 0.271793 0.173463 -0.135712
v 0.302372 0.173463 -0.135532
v 0.303304 0.173463 -0.143986
v 0.270504 0.173463 -0.144121
v 0.303304 0.173463 -0.143986
v 0.302372 0.173463 -0.135532
v 0.331864 0.173463 -0.127443
v 0.334951 0.173463 -0.135365
v 0.331864 0.173463 -0.127443
v 0.358256 0.173463 -0.111998
v 0.363288 0.173463 -0.118848
v 0.334951 0.173463 -0.135365
v 0.358256 0.165733 -0.111998
v 0.358256 0.173463 -0.111998
v 0.331864 0.173463 -0.127443
v 0.331864 0.165733 -0.127443
v 0.363288 0.173463 -0.118848
v 0.358256 0.173463 -0.111998
v 0.379752 0.173463 -0.090247
v 0.386385 0.173463 -0.095559
v 0.379752 0.165733 -0.090247
v 0.379752 0.173463 -0.090247
v 0.358256 0.173463 -0.111998
v 0.358256 0.165733 -0.111998
v 0.331864 0.165733 -0.127443
v 0.318242 0.094381 -0.095495
v 0.33683 0.094381 -0.08466
v 0.358256 0.165733 -0.111998
v 0.33683 0.094381 -0.08466
v 0.35198 0.094381 -0.069384
v 0.379752 0.165733 -0.090247
v 0.358256 0.165733 -0.111998
v 0.35198 0.094381 -0.069384
v 0.36266 0.094381 -0.050708
v 0.394886 0.165733 -0.063675
v 0.379752 0.165733 -0.090247
v 0.394886 0.165733 -0.063675
v 0.394886 0.173463 -0.063675
v 0.379752 0.173463 -0.090247
v 0.379752 0.165733 -0.090247
v 0.36266 0.094381 -0.050708
v 0.368143 0.094381 -0.029903
v 0.402627 0.165733 -0.034091
v 0.394886 0.165733 -0.063675
v 0.402627 0.165733 -0.034091
v 0.402627 0.173463 -0.034091
v 0.394886 0.173463 -0.063675
v 0.394886 0.165733 -0.063675
v 0.386385 0.173463 -0.095559
v 0.379752 0.173463 -0.090247
v 0.394886 0.173463 -0.063675
v 0.402667 0.173463 -0.067085
v 0.402667 0.173463 -0.067085
v 0.394886 0.173463 -0.063675
v 0.402627 0.173463 -0.034091
v 0.411026 0.173463 -0.035368
v 0.411026 0.173463 -0.035368
v 0.402627 0.173463 -0.034091
v 0.402447 0.173463 -0.003511
v 0.41089 0.173463 -0.002568
v 0.402447 0.165733 -0.003511
v 0.402447 0.173463 -0.003511
v 0.402627 0.173463 -0.034091
v 0.402627 0.165733 -0.034091
v 0.41089 0.173463 -0.002568
v 0.402447 0.173463 -0.003511
v 0.394359 0.173463 0.02598
v 0.40227 0.173463 0.029079
v 0.394359 0.165733 0.02598
v 0.394359 0.173463 0.02598
v 0.402447 0.173463 -0.003511
v 0.402447 0.165733 -0.003511
v 0.368143 0.094381 -0.029903
v 0.368054 0.094381 -0.008388
v 0.402447 0.165733 -0.003511
v 0.402627 0.165733 -0.034091
v 0.368054 0.094381 -0.008388
v 0.362399 0.094381 0.01237
v 0.394359 0.165733 0.02598
v 0.402447 0.165733 -0.003511
v 0.362399 0.094381 0.01237
v 0.351565 0.094381 0.030958
v 0.378913 0.165733 0.052373
v 0.394359 0.165733 0.02598
v 0.378913 0.165733 0.052373
v 0.378913 0.173463 0.052373
v 0.394359 0.173463 0.02598
v 0.394359 0.165733 0.02598
v 0.351565 0.094381 0.030958
v 0.336289 0.094381 0.046108
v 0.357162 0.165733 0.073869
v 0.378913 0.165733 0.052373
v 0.357162 0.165733 0.073869
v 0.357162 0.173463 0.073869
v 0.378913 0.173463 0.052373
v 0.378913 0.165733 0.052373
v 0.40227 0.173463 0.029079
v 0.394359 0.173463 0.02598
v 0.378913 0.173463 0.052373
v 0.385752 0.173463 0.057416
v 0.385752 0.173463 0.057416
v 0.378913 0.173463 0.052373
v 0.357162 0.173463 0.073869
v 0.362463 0.173463 0.080514
v 0.362463 0.173463 0.080514
v 0.357162 0.173463 0.073869
v 0.33059 0.173463 0.089003
v 0.33399 0.173463 0.096796
v 0.33059 0.165733 0.089003
v 0.33059 0.173463 0.089003
v 0.357162 0.173463 0.073869
v 0.357162 0.165733 0.073869
v 0.33399 0.173463 0.096796
v 0.33059 0.173463 0.089003
v 0.301006 0.173463 0.096744
v 0.302272 0.173463 0.105154
v 0.301006 0.165733 0.096744
v 0.301006 0.173463 0.096744
v 0.33059 0.173463 0.089003
v 0.33059 0.165733 0.089003
v 0.336289 0.094381 0.046108
v 0.317612 0.094381 0.056789
v 0.33059 0.165733 0.089003
v 0.357162 0.165733 0.073869
v 0.317612 0.094381 0.056789
v 0.296807 0.094381 0.062271
v 0.301006 0.165733 0.096744
v 0.33059 0.165733 0.089003
v 0.301006 0.165733 0.096744
v 0.296807 0.094381 0.062271
v 0.275293 0.094381 0.062182
v 0.270426 0.165733 0.096564
v 0.270426 0.165733 0.096564
v 0.270426 0.173463 0.096564
v 0.301006 0.173463 0.096744
v 0.301006 0.165733 0.096744
v 0.275293 0.094381 0.062182
v 0.254534 0.094381 0.056527
v 0.240935 0.165733 0.088475
v 0.270426 0.165733 0.096564
v 0.240935 0.165733 0.088475
v 0.240935 0.173463 0.088475
v 0.270426 0.173463 0.096564
v 0.270426 0.165733 0.096564
v 0.301006 0.173463 0.096744
v 0.270426 0.173463 0.096564
v 0.269473 0.173463 0.105018
v 0.302272 0.173463 0.105154
v 0.269473 0.173463 0.105018
v 0.270426 0.173463 0.096564
v 0.240935 0.173463 0.088475
v 0.237825 0.173463 0.096398
v 0.240935 0.173463 0.088475
v 0.214542 0.173463 0.07303
v 0.209488 0.173463 0.07988
v 0.237825 0.173463 0.096398
v 0.214542 0.165733 0.07303
v 0.214542 0.173463 0.07303
v 0.240935 0.173463 0.088475
v 0.240935 0.165733 0.088475
v 0.209488 0.173463 0.07988
v 0.214542 0.173463 0.07303
v 0.193046 0.173463 0.051279
v 0.186391 0.173463 0.056591
v 0.193046 0.165733 0.051279
v 0.193046 0.173463 0.051279
v 0.214542 0.173463 0.07303
v 0.214542 0.165733 0.07303
v 0.240935 0.165733 0.088475
v 0.254534 0.094381 0.056527
v 0.235946 0.094381 0.045693
v 0.214542 0.165733 0.07303
v 0.235946 0.094381 0.045693
v 0.220796 0.094381 0.030417
v 0.193046 0.165733 0.051279
v 0.214542 0.165733 0.07303
v 0.220796 0.094381 0.030417
v 0.210116 0.094381 0.01174
v 0.177912 0.165733 0.024707
v 0.193046 0.165733 0.051279
v 0.177912 0.165733 0.024707
v 0.177912 0.173463 0.024707
v 0.193046 0.173463 0.051279
v 0.193046 0.165733 0.051279
v 0.210116 0.094381 0.01174
v 0.204633 0.094381 -0.009065
v 0.170171 0.165733 -0.004878
v 0.177912 0.165733 0.024707
v 0.170171 0.165733 -0.004878
v 0.170171 0.173463 -0.004878
v 0.177912 0.173463 0.024707
v 0.177912 0.165733 0.024707
v 0.186391 0.173463 0.056591
v 0.193046 0.173463 0.051279
v 0.177912 0.173463 0.024707
v 0.170109 0.173463 0.028118
v 0.170109 0.173463 0.028118
v 0.177912 0.173463 0.024707
v 0.170171 0.173463 -0.004878
v 0.16175 0.173463 -0.003599
v 0.170109 0.173463 0.028118
v 0.155744 0.159333 0.037185
v 0.169708 0.149772 0.07454
v 0.186391 0.173463 0.056591
v 0.16175 0.173463 -0.003599
v 0.149462 0.163012 -0.001687
v 0.155744 0.159333 0.037185
v 0.170109 0.173463 0.028118
v 0.155744 0.159333 0.037185
v 0.148758 0.15819 0.039555
v 0.162345 0.147817 0.078208
v 0.169708 0.149772 0.07454
v 0.149462 0.163012 -0.001687
v 0.141344 0.161535 -0.001497
v 0.148758 0.15819 0.039555
v 0.155744 0.159333 0.037185
v 0.162345 0.147817 0.078208
v 0.148758 0.15819 0.039555
v 0.091238 0.158051 0.039772
v 0.091846 0.121858 0.213446
v 0.148758 0.15819 0.039555
v 0.141344 0.161535 -0.001497
v 0.091238 0.158051 0.039772
v 0.169708 0.149772 0.07454
v 0.162345 0.147817 0.078208
v 0.188369 0.139646 0.112972
v 0.194017 0.141393 0.107419
v 0.188369 0.139646 0.112972
v 0.162345 0.147817 0.078208
v 0.091846 0.121858 0.213446
v 0.2079 0.11287 0.206216
v 0.2079 0.11287 0.206216
v 0.091846 0.121858 0.213446
v 0.098482 0.07419 0.395638
v 0.213404 0.067463 0.401033
v 0.098482 0.07419 0.395638
v 0.091846 0.121858 0.213446
v -0.012713 0.122477 0.217568
v -0.012713 0.078577 0.394387
v -0.012713 0.157799 0.040166
v -0.012713 0.122477 0.217568
v 0.091846 0.121858 0.213446
v 0.091238 0.158051 0.039772
v 0.382273 0.052889 0.404225
v 0.372364 0.103952 0.205178
v 0.2079 0.11287 0.206216
v 0.213404 0.067463 0.401033
v 0.269354 0.130083 0.15062
v 0.2079 0.11287 0.206216
v 0.372364 0.103952 0.205178
v 0.308883 0.128342 0.151039
v 0.188369 0.139646 0.112972
v 0.2079 0.11287 0.206216
v 0.269354 0.130083 0.15062
v 0.226355 0.13413 0.137465
v 0.229857 0.136159 0.130469
v 0.226355 0.13413 0.137465
v 0.269354 0.130083 0.15062
v 0.270684 0.132152 0.142871
v 0.270684 0.132152 0.142871
v 0.269354 0.130083 0.15062
v 0.308883 0.128342 0.151039
v 0.307622 0.130518 0.143235
v 0.307622 0.130518 0.143235
v 0.308883 0.128342 0.151039
v 0.355732 0.129643 0.135328
v 0.351843 0.13237 0.128339
v 0.372364 0.103952 0.205178
v 0.386406 0.133638 0.113697
v 0.355732 0.129643 0.135328
v 0.308883 0.128342 0.151039
v 0.351843 0.13237 0.128339
v 0.355732 0.129643 0.135328
v 0.386406 0.133638 0.113697
v 0.380401 0.136565 0.108229
v 0.380401 0.136565 0.108229
v 0.386406 0.133638 0.113697
v 0.408756 0.141961 0.08449
v 0.401436 0.14477 0.08078
v 0.518995 0.096942 0.195568
v 0.408756 0.141961 0.08449
v 0.386406 0.133638 0.113697
v 0.372364 0.103952 0.205178
v 0.401436 0.14477 0.08078
v 0.408756 0.141961 0.08449
v 0.424492 0.153017 0.051124
v 0.417145 0.154347 0.048234
v 0.518995 0.096942 0.195568
v 0.500755 0.151186 0.045712
v 0.424492 0.153017 0.051124
v 0.408756 0.141961 0.08449
v 0.624217 0.14171 0.080212
v 0.500755 0.151186 0.045712
v 0.518995 0.096942 0.195568
v 0.601847 0.091918 0.210868
v 0.601847 0.091918 0.210868
v 0.518995 0.096942 0.195568
v 0.52479 0.045354 0.402521
v 0.619246 0.04275 0.387645
v 0.518995 0.096942 0.195568
v 0.372364 0.103952 0.205178
v 0.382273 0.052889 0.404225
v 0.52479 0.045354 0.402521
v 0.52479 0.045354 0.402521
v 0.529465 -0.008069 0.601959
v 0.629599 -0.01295 0.590728
v 0.619246 0.04275 0.387645
v 0.382273 0.052889 0.404225
v 0.386857 0.001927 0.601564
v 0.529465 -0.008069 0.601959
v 0.52479 0.045354 0.402521
v 0.386857 0.001927 0.601564
v 0.382273 0.052889 0.404225
v 0.213404 0.067463 0.401033
v 0.225947 0.008845 0.603353
v 0.225947 0.008845 0.603353
v 0.257836 -0.032968 0.664467
v 0.452073 -0.04221 0.665529
v 0.386857 0.001927 0.601564
v 0.529465 -0.008069 0.601959
v 0.386857 0.001927 0.601564
v 0.452073 -0.04221 0.665529
v 0.505475 -0.049256 0.676405
v 0.225947 0.008845 0.603353
v 0.110511 0.012929 0.603482
v 0.111432 -0.025898 0.665006
v 0.257836 -0.032968 0.664467
v 0.098482 0.07419 0.395638
v 0.110511 0.012929 0.603482
v 0.225947 0.008845 0.603353
v 0.213404 0.067463 0.401033
v 0.110511 0.012929 0.603482
v -0.012713 0.015266 0.606188
v -0.012713 -0.02353 0.665878
v 0.111432 -0.025898 0.665006
v 0.110511 0.012929 0.603482
v 0.098482 0.07419 0.395638
v -0.012713 0.078577 0.394387
v -0.012713 0.015266 0.606188
v -0.135937 0.012929 0.603482
v -0.012713 0.015266 0.606188
v -0.012713 0.078577 0.394387
v -0.123908 0.07419 0.395638
v -0.135937 0.012929 0.603482
v -0.136858 -0.025898 0.665006
v -0.012713 -0.02353 0.665878
v -0.012713 0.015266 0.606188
v -0.123908 0.07419 0.395638
v -0.23883 0.067463 0.401033
v -0.251373 0.008845 0.603353
v -0.135937 0.012929 0.603482
v -0.251373 0.008845 0.603353
v -0.283262 -0.032968 0.664467
v -0.136858 -0.025898 0.665006
v -0.135937 0.012929 0.603482
v -0.251373 0.008845 0.603353
v -0.412283 0.001927 0.601564
v -0.477499 -0.04221 0.665529
v -0.283262 -0.032968 0.664467
v -0.412283 0.001927 0.601564
v -0.251373 0.008845 0.603353
v -0.23883 0.067463 0.401033
v -0.407699 0.052889 0.404225
v -0.554891 -0.008069 0.601959
v -0.530901 -0.049256 0.676405
v -0.477499 -0.04221 0.665529
v -0.412283 0.001927 0.601564
v 0.629599 -0.01295 0.590728
v 0.529465 -0.008069 0.601959
v 0.505475 -0.049256 0.676405
v 0.541258 -0.067851 0.701052
v 0.762346 0.011139 0.531802
v 0.735942 0.06907 0.357998
v 0.619246 0.04275 0.387645
v 0.629599 -0.01295 0.590728
v 0.629599 -0.01295 0.590728
v 0.674484 -0.064883 0.710701
v 0.776366 -0.04533 0.661304
v 0.762346 0.011139 0.531802
v 0.629599 -0.01295 0.590728
v 0.541258 -0.067851 0.701052
v 0.597513 -0.111144 0.758658
v 0.674484 -0.064883 0.710701
v 0.674484 -0.064883 0.710701
v 0.597513 -0.111144 0.758658
v 0.623132 -0.179392 0.817493
v 0.694085 -0.127435 0.803055
v 0.694085 -0.127435 0.803055
v 0.788386 -0.110036 0.76845
v 0.776366 -0.04533 0.661304
v 0.674484 -0.064883 0.710701
v 0.860862 -0.056389 0.612511
v 0.845534 -0.003082 0.474945
v 0.762346 0.011139 0.531802
v 0.776366 -0.04533 0.661304
v 0.868249 -0.116783 0.730756
v 0.860862 -0.056389 0.612511
v 0.776366 -0.04533 0.661304
v 0.788386 -0.110036 0.76845
v 0.864327 -0.189222 0.827329
v 0.868249 -0.116783 0.730756
v 0.788386 -0.110036 0.76845
v 0.788974 -0.185671 0.855202
v 0.701327 -0.201675 0.870157
v 0.788974 -0.185671 0.855202
v 0.788386 -0.110036 0.76845
v 0.694085 -0.127435 0.803055
v 0.851191 -0.272397 0.893997
v 0.864327 -0.189222 0.827329
v 0.788974 -0.185671 0.855202
v 0.778637 -0.26952 0.912262
v 0.703862 -0.273523 0.911309
v 0.778637 -0.26952 0.912262
v 0.788974 -0.185671 0.855202
v 0.701327 -0.201675 0.870157
v 0.701327 -0.201675 0.870157
v 0.64473 -0.23937 0.863301
v 0.659807 -0.283687 0.893767
v 0.703862 -0.273523 0.911309
v 0.694085 -0.127435 0.803055
v 0.623132 -0.179392 0.817493
v 0.64473 -0.23937 0.863301
v 0.701327 -0.201675 0.870157
v 0.851191 -0.272397 0.893997
v 0.920633 -0.283747 0.852516
v 0.937436 -0.216564 0.783709
v 0.864327 -0.189222 0.827329
v 0.864327 -0.189222 0.827329
v 0.937436 -0.216564 0.783709
v 0.943899 -0.153971 0.685335
v 0.868249 -0.116783 0.730756
v 0.937436 -0.216564 0.783709
v 0.920633 -0.283747 0.852516
v 0.96871 -0.303339 0.796133
v 0.98454 -0.267718 0.740033
v 0.943899 -0.153971 0.685335
v 0.937436 -0.216564 0.783709
v 0.98454 -0.267718 0.740033
v 0.995649 -0.218171 0.641839
v 0.943899 -0.153971 0.685335
v 0.937132 -0.098228 0.562561
v 0.860862 -0.056389 0.612511
v 0.868249 -0.116783 0.730756
v 0.937132 -0.098228 0.562561
v 0.943899 -0.153971 0.685335
v 0.995649 -0.218171 0.641839
v 0.992647 -0.165236 0.517693
v 0.937132 -0.098228 0.562561
v 0.92285 -0.045174 0.424301
v 0.845534 -0.003082 0.474945
v 0.860862 -0.056389 0.612511
v 0.92285 -0.045174 0.424301
v 0.937132 -0.098228 0.562561
v 0.992647 -0.165236 0.517693
v 0.980781 -0.112987 0.377991
v 0.82185 0.04966 0.318103
v 0.845534 -0.003082 0.474945
v 0.92285 -0.045174 0.424301
v 0.904886 0.005768 0.273316
v 0.904886 0.005768 0.273316
v 0.92285 -0.045174 0.424301
v 0.980781 -0.112987 0.377991
v 0.960749 -0.06769 0.226143
v 0.879183 0.051311 0.122022
v 0.791565 0.093794 0.160397
v 0.82185 0.04966 0.318103
v 0.904886 0.005768 0.273316
v 0.879183 0.051311 0.122022
v 0.904886 0.005768 0.273316
v 0.960749 -0.06769 0.226143
v 0.929632 -0.030195 0.076054
v 0.879183 0.051311 0.122022
v 0.850532 0.088714 -0.023876
v 0.75242 0.128114 0.011103
v 0.791565 0.093794 0.160397
v 0.850532 0.088714 -0.023876
v 0.879183 0.051311 0.122022
v 0.929632 -0.030195 0.076054
v 0.895294 -0.008991 -0.064067
v 0.850532 0.088714 -0.023876
v 0.824963 0.105181 -0.157621
v 0.71705 0.140939 -0.135076
v 0.75242 0.128114 0.011103
v 0.824963 0.105181 -0.157621
v 0.850532 0.088714 -0.023876
v 0.895294 -0.008991 -0.064067
v 0.867759 -0.005443 -0.165884
v 0.824963 0.105181 -0.157621
v 0.802967 0.101582 -0.280972
v 0.703298 0.140129 -0.269642
v 0.71705 0.140939 -0.135076
v 0.802967 0.101582 -0.280972
v 0.824963 0.105181 -0.157621
v 0.867759 -0.005443 -0.165884
v 0.840128 -0.015826 -0.262089
v 0.752856 0.069516 -0.385071
v 0.762926 0.106457 -0.359463
v 0.802967 0.101582 -0.280972
v 0.781109 0.032745 -0.346679
v 0.797247 -0.052347 -0.314124
v 0.781109 0.032745 -0.346679
v 0.802967 0.101582 -0.280972
v 0.840128 -0.015826 -0.262089
v 0.692154 0.126878 -0.387383
v 0.703298 0.140129 -0.269642
v 0.802967 0.101582 -0.280972
v 0.762926 0.106457 -0.359463
v 0.598846 0.15501 -0.268312
v 0.703298 0.140129 -0.269642
v 0.692154 0.126878 -0.387383
v 0.596735 0.13805 -0.416023
v 0.703298 0.140129 -0.269642
v 0.598846 0.15501 -0.268312
v 0.609401 0.157244 -0.115816
v 0.71705 0.140939 -0.135076
v 0.596735 0.13805 -0.416023
v 0.494796 0.143835 -0.432301
v 0.48815 0.162539 -0.251419
v 0.598846 0.15501 -0.268312
v 0.48815 0.162539 -0.251419
v 0.493171 0.162741 -0.101549
v 0.609401 0.157244 -0.115816
v 0.598846 0.15501 -0.268312
v 0.493171 0.162741 -0.101549
v 0.500755 0.151186 0.045712
v 0.624217 0.14171 0.080212
v 0.609401 0.157244 -0.115816
v 0.609401 0.157244 -0.115816
v 0.624217 0.14171 0.080212
v 0.75242 0.128114 0.011103
v 0.71705 0.140939 -0.135076
v 0.791565 0.093794 0.160397
v 0.75242 0.128114 0.011103
v 0.624217 0.14171 0.080212
v 0.70134 0.111784 0.19341
v 0.70134 0.111784 0.19341
v 0.624217 0.14171 0.080212
v 0.601847 0.091918 0.210868
v 0.82185 0.04966 0.318103
v 0.791565 0.093794 0.160397
v 0.70134 0.111784 0.19341
v 0.735942 0.06907 0.357998
v 0.735942 0.06907 0.357998
v 0.70134 0.111784 0.19341
v 0.601847 0.091918 0.210868
v 0.619246 0.04275 0.387645
v 0.845534 -0.003082 0.474945
v 0.82185 0.04966 0.318103
v 0.735942 0.06907 0.357998
v 0.762346 0.011139 0.531802
v 0.433447 0.158401 -0.001418
v 0.500755 0.151186 0.045712
v 0.493171 0.162741 -0.101549
v 0.431304 0.160895 -0.038575
v 0.48815 0.162539 -0.251419
v 0.400052 0.164657 -0.106002
v 0.419352 0.163023 -0.074325
v 0.493171 0.162741 -0.101549
v 0.419352 0.163023 -0.074325
v 0.431304 0.160895 -0.038575
v 0.493171 0.162741 -0.101549
v 0.423566 0.162101 -0.037023
v 0.431304 0.160895 -0.038575
v 0.419352 0.163023 -0.074325
v 0.412193 0.164317 -0.070911
v 0.412193 0.164317 -0.070911
v 0.419352 0.163023 -0.074325
v 0.400052 0.164657 -0.106002
v 0.393642 0.165645 -0.101143
v 0.411026 0.173463 -0.035368
v 0.423566 0.162101 -0.037023
v 0.412193 0.164317 -0.070911
v 0.402667 0.173463 -0.067085
v 0.402667 0.173463 -0.067085
v 0.412193 0.164317 -0.070911
v 0.393642 0.165645 -0.101143
v 0.386385 0.173463 -0.095559
v 0.386385 0.173463 -0.095559
v 0.393642 0.165645 -0.101143
v 0.36956 0.16613 -0.127043
v 0.363288 0.173463 -0.118848
v 0.41089 0.173463 -0.002568
v 0.425502 0.159961 -0.001646
v 0.423566 0.162101 -0.037023
v 0.411026 0.173463 -0.035368
v 0.425502 0.159961 -0.001646
v 0.433447 0.158401 -0.001418
v 0.431304 0.160895 -0.038575
v 0.423566 0.162101 -0.037023
v 0.417145 0.154347 0.048234
v 0.424492 0.153017 0.051124
v 0.433447 0.158401 -0.001418
v 0.425502 0.159961 -0.001646
v 0.40227 0.173463 0.029079
v 0.417145 0.154347 0.048234
v 0.425502 0.159961 -0.001646
v 0.41089 0.173463 -0.002568
v 0.500755 0.151186 0.045712
v 0.433447 0.158401 -0.001418
v 0.424492 0.153017 0.051124
v 0.385752 0.173463 0.057416
v 0.401436 0.14477 0.08078
v 0.417145 0.154347 0.048234
v 0.40227 0.173463 0.029079
v 0.600998 0.100526 -0.446944
v 0.489598 0.09712 -0.461792
v 0.494796 0.143835 -0.432301
v 0.596735 0.13805 -0.416023
v 0.690757 0.087862 -0.423703
v 0.600998 0.100526 -0.446944
v 0.596735 0.13805 -0.416023
v 0.692154 0.126878 -0.387383
v 0.688476 0.076337 -0.419641
v 0.600054 0.087805 -0.444471
v 0.600998 0.100526 -0.446944
v 0.690757 0.087862 -0.423703
v 0.600054 0.087805 -0.444471
v 0.499404 0.086048 -0.459029
v 0.489598 0.09712 -0.461792
v 0.600998 0.100526 -0.446944
v 0.74501 0.057118 -0.383982
v 0.688476 0.076337 -0.419641
v 0.690757 0.087862 -0.423703
v 0.752856 0.069516 -0.385071
v 0.752856 0.069516 -0.385071
v 0.690757 0.087862 -0.423703
v 0.692154 0.126878 -0.387383
v 0.762926 0.106457 -0.359463
v 0.769312 0.019218 -0.348649
v 0.74501 0.057118 -0.383982
v 0.752856 0.069516 -0.385071
v 0.781109 0.032745 -0.346679
v 0.769312 0.019218 -0.348649
v 0.769312 0.019218 -0.293871
v 0.74501 0.057118 -0.329204
v 0.74501 0.057118 -0.383982
v 0.74501 0.057118 -0.383982
v 0.74501 0.057118 -0.329204
v 0.688476 0.076337 -0.364862
v 0.688476 0.076337 -0.419641
v 0.769312 0.019218 -0.293871
v 0.435658 -0.040077 -0.395402
v 0.437114 0.00453 -0.407692
v 0.74501 0.057118 -0.329204
v 0.74501 0.057118 -0.329204
v 0.437114 0.00453 -0.407692
v 0.453399 0.053145 -0.410103
v 0.688476 0.076337 -0.364862
v 0.453399 0.053145 -0.464882
v 0.453399 0.053145 -0.410103
v 0.437114 0.00453 -0.407692
v 0.437114 0.00453 -0.462471
v 0.437114 0.00453 -0.462471
v 0.437114 0.00453 -0.407692
v 0.435658 -0.040077 -0.395402
v 0.435658 -0.040077 -0.45018
v 0.499404 0.086048 -0.459029
v 0.499404 0.086048 -0.40425
v 0.453399 0.053145 -0.410103
v 0.453399 0.053145 -0.464882
v 0.688476 0.076337 -0.364862
v 0.453399 0.053145 -0.410103
v 0.499404 0.086048 -0.40425
v 0.600054 0.087805 -0.389693
v 0.600054 0.087805 -0.444471
v 0.600054 0.087805 -0.389693
v 0.499404 0.086048 -0.40425
v 0.499404 0.086048 -0.459029
v 0.438987 0.054476 -0.468212
v 0.489598 0.09712 -0.461792
v 0.499404 0.086048 -0.459029
v 0.453399 0.053145 -0.464882
v 0.688476 0.076337 -0.419641
v 0.688476 0.076337 -0.364862
v 0.600054 0.087805 -0.389693
v 0.600054 0.087805 -0.444471
v 0.435658 -0.040077 -0.45018
v 0.435658 -0.040077 -0.395402
v 0.433929 -0.08982 -0.376619
v 0.433929 -0.08982 -0.431397
v 0.778229 -0.05272 -0.267921
v 0.433929 -0.08982 -0.376619
v 0.435658 -0.040077 -0.395402
v 0.769312 0.019218 -0.293871
v 0.778229 -0.05272 -0.3227
v 0.778229 -0.05272 -0.267921
v 0.769312 0.019218 -0.293871
v 0.769312 0.019218 -0.348649
v 0.797247 -0.052347 -0.314124
v 0.778229 -0.05272 -0.3227
v 0.769312 0.019218 -0.348649
v 0.781109 0.032745 -0.346679
v 0.362463 0.173463 0.080514
v 0.380401 0.136565 0.108229
v 0.401436 0.14477 0.08078
v 0.385752 0.173463 0.057416
v 0.33399 0.173463 0.096796
v 0.351843 0.13237 0.128339
v 0.380401 0.136565 0.108229
v 0.362463 0.173463 0.080514
v 0.302272 0.173463 0.105154
v 0.307622 0.130518 0.143235
v 0.351843 0.13237 0.128339
v 0.33399 0.173463 0.096796
v 0.269473 0.173463 0.105018
v 0.270684 0.132152 0.142871
v 0.307622 0.130518 0.143235
v 0.302272 0.173463 0.105154
v 0.237825 0.173463 0.096398
v 0.229857 0.136159 0.130469
v 0.270684 0.132152 0.142871
v 0.269473 0.173463 0.105018
v 0.209488 0.173463 0.07988
v 0.194017 0.141393 0.107419
v 0.229857 0.136159 0.130469
v 0.237825 0.173463 0.096398
v 0.194017 0.141393 0.107419
v 0.188369 0.139646 0.112972
v 0.226355 0.13413 0.137465
v 0.229857 0.136159 0.130469
v 0.186391 0.173463 0.056591
v 0.169708 0.149772 0.07454
v 0.194017 0.141393 0.107419
v 0.209488 0.173463 0.07988
v 0.238786 0.173463 -0.135763
v 0.234248 0.167847 -0.146827
v 0.203177 0.167611 -0.128863
v 0.210313 0.173463 -0.119481
v 0.210313 0.173463 -0.119481
v 0.203177 0.167611 -0.128863
v 0.178294 0.167044 -0.103178
v 0.187024 0.173463 -0.096384
v -0.655025 -0.01295 0.590728
v -0.566684 -0.067851 0.701052
v -0.530901 -0.049256 0.676405
v -0.554891 -0.008069 0.601959
v -0.893675 -0.116783 0.730756
v -0.813812 -0.110036 0.76845
v -0.801792 -0.04533 0.661304
v -0.886288 -0.056389 0.612511
v -0.886288 -0.056389 0.612511
v -0.801792 -0.04533 0.661304
v -0.787772 0.011139 0.531802
v -0.87096 -0.003082 0.474945
v -0.969325 -0.153971 0.685335
v -0.893675 -0.116783 0.730756
v -0.886288 -0.056389 0.612511
v -0.962558 -0.098228 0.562561
v -0.962558 -0.098228 0.562561
v -0.886288 -0.056389 0.612511
v -0.87096 -0.003082 0.474945
v -0.948276 -0.045174 0.424301
v -0.962558 -0.098228 0.562561
v -1.01807 -0.165236 0.517693
v -1.02108 -0.218171 0.641839
v -0.969325 -0.153971 0.685335
v -0.948276 -0.045174 0.424301
v -1.00621 -0.112987 0.377991
v -1.01807 -0.165236 0.517693
v -0.962558 -0.098228 0.562561
v -0.847276 0.04966 0.318103
v -0.930312 0.005768 0.273316
v -0.948276 -0.045174 0.424301
v -0.87096 -0.003082 0.474945
v -0.930312 0.005768 0.273316
v -0.986175 -0.06769 0.226143
v -1.00621 -0.112987 0.377991
v -0.948276 -0.045174 0.424301
v -0.904609 0.051311 0.122022
v -0.930312 0.005768 0.273316
v -0.847276 0.04966 0.318103
v -0.816991 0.093794 0.160397
v -0.904609 0.051311 0.122022
v -0.955058 -0.030195 0.076054
v -0.986175 -0.06769 0.226143
v -0.930312 0.005768 0.273316
v -0.875958 0.088714 -0.023876
v -0.92072 -0.008991 -0.064067
v -0.955058 -0.030195 0.076054
v -0.904609 0.051311 0.122022
v -0.889753 -0.189222 0.827329
v -0.893675 -0.116783 0.730756
v -0.969325 -0.153971 0.685335
v -0.962862 -0.216564 0.783709
v -0.850389 0.105181 -0.157621
v -0.893185 -0.005443 -0.165884
v -0.92072 -0.008991 -0.064067
v -0.875958 0.088714 -0.023876
v -0.294899 0.173463 0.105018
v -0.327698 0.173463 0.105154
v -0.333048 0.130518 0.143235
v -0.29611 0.132152 0.142871
v -0.263251 0.173463 0.096398
v -0.294899 0.173463 0.105018
v -0.29611 0.132152 0.142871
v -0.255283 0.136159 0.130469
v -0.234914 0.173463 0.07988
v -0.263251 0.173463 0.096398
v -0.255283 0.136159 0.130469
v -0.219443 0.141393 0.107419
v -0.211817 0.173463 0.056591
v -0.234914 0.173463 0.07988
v -0.219443 0.141393 0.107419
v -0.195134 0.149772 0.07454
v -0.195535 0.173463 0.028118
v -0.211817 0.173463 0.056591
v -0.195134 0.149772 0.07454
v -0.18117 0.159333 0.037185
v -0.187176 0.173463 -0.003599
v -0.195535 0.173463 0.028118
v -0.18117 0.159333 0.037185
v -0.174888 0.163012 -0.001687
v -0.187312 0.173463 -0.036399
v -0.187176 0.173463 -0.003599
v -0.174888 0.163012 -0.001687
v -0.176691 0.165054 -0.036206
v -0.195933 0.173463 -0.068046
v -0.187312 0.173463 -0.036399
v -0.176691 0.165054 -0.036206
v -0.18672 0.166341 -0.071955
v -0.21245 0.173463 -0.096384
v -0.195933 0.173463 -0.068046
v -0.18672 0.166341 -0.071955
v -0.20372 0.167044 -0.103178
v -0.235739 0.173463 -0.119481
v -0.21245 0.173463 -0.096384
v -0.20372 0.167044 -0.103178
v -0.228603 0.167611 -0.128863
v -0.264212 0.173463 -0.135763
v -0.235739 0.173463 -0.119481
v -0.228603 0.167611 -0.128863
v -0.259674 0.167847 -0.146827
v -0.29593 0.173463 -0.144121
v -0.264212 0.173463 -0.135763
v -0.259674 0.167847 -0.146827
v -0.294419 0.167726 -0.155873
v -0.32873 0.173463 -0.143986
v -0.29593 0.173463 -0.144121
v -0.294419 0.167726 -0.155873
v -0.330229 0.167347 -0.155246
v -0.360377 0.173463 -0.135365
v -0.32873 0.173463 -0.143986
v -0.330229 0.167347 -0.155246
v -0.364535 0.166821 -0.145371
v -0.388714 0.173463 -0.118848
v -0.360377 0.173463 -0.135365
v -0.364535 0.166821 -0.145371
v -0.394986 0.16613 -0.127043
v -0.411811 0.173463 -0.095559
v -0.388714 0.173463 -0.118848
v -0.394986 0.16613 -0.127043
v -0.419068 0.165645 -0.101143
v -0.428093 0.173463 -0.067085
v -0.411811 0.173463 -0.095559
v -0.419068 0.165645 -0.101143
v -0.437619 0.164317 -0.070911
vn 0.7106 0.4377 -0.5509
vn 0.7258 0.395 -0.5632
vn 0.5553 0.395 -0.7318
vn 0.5438 0.4377 -0.716
vn 0.829 0.4377 -0.3482
vn 0.8468 0.395 -0.3561
vn 0.7258 0.395 -0.5632
vn 0.7106 0.4377 -0.5509
vn 0.8908 0.4377 -0.1218
vn 0.9102 0.395 -0.1248
vn 0.8468 0.395 -0.3561
vn 0.829 0.4377 -0.3482
vn 0.8468 0.395 -0.3561
vn 0.9102 0.395 -0.1248
vn 0.6239 0.7768 -0.0859
vn 0.5804 0.7768 -0.2444
vn 0.7258 0.395 -0.5632
vn 0.8468 0.395 -0.3561
vn 0.5804 0.7768 -0.2444
vn 0.4973 0.7768 -0.3863
vn -0.5328 0.8112 0.241
vn -0.4653 0.7788 0.4208
vn 0.4973 0.7768 -0.3863
vn 0.5804 0.7768 -0.2444
vn -0.5482 0.8307 0.0969
vn -0.5328 0.8112 0.241
vn 0.5804 0.7768 -0.2444
vn 0.6239 0.7768 -0.0859
vn -0.4653 0.7788 0.4208
vn -0.3886 0.7413 0.5473
vn 0.3803 0.7769 -0.5017
vn 0.4973 0.7768 -0.3863
vn 0.5553 0.395 -0.7318
vn 0.7258 0.395 -0.5632
vn 0.4973 0.7768 -0.3863
vn 0.3803 0.7769 -0.5017
vn -0.3886 0.7413 0.5473
vn -0.2539 0.7209 0.6448
vn 0.2375 0.777 -0.583
vn 0.3803 0.7769 -0.5017
vn 0.347 0.3949 -0.8507
vn 0.5553 0.395 -0.7318
vn 0.3803 0.7769 -0.5017
vn 0.2375 0.777 -0.583
vn 0.5438 0.4377 -0.716
vn 0.5553 0.395 -0.7318
vn 0.347 0.3949 -0.8507
vn 0.34 0.4377 -0.8324
vn 0.34 0.4377 -0.8324
vn 0.347 0.3949 -0.8507
vn 0.1151 0.3949 -0.9115
vn 0.1129 0.4376 -0.892
vn 0.1151 0.3949 -0.9115
vn 0.347 0.3949 -0.8507
vn 0.2375 0.777 -0.583
vn 0.0785 0.7771 -0.6244
vn 0.1151 0.3949 -0.9115
vn -0.1248 0.3949 -0.9102
vn -0.1218 0.4376 -0.8909
vn 0.1129 0.4376 -0.892
vn -0.1248 0.3949 -0.9102
vn 0.1151 0.3949 -0.9115
vn 0.0785 0.7771 -0.6244
vn -0.0858 0.7772 -0.6234
vn 0.0785 0.7771 -0.6244
vn -0.1056 0.722 0.6838
vn 0.0807 0.7314 0.6771
vn -0.0858 0.7772 -0.6234
vn -0.2539 0.7209 0.6448
vn -0.1056 0.722 0.6838
vn 0.0785 0.7771 -0.6244
vn 0.2375 0.777 -0.583
vn 0.0807 0.7314 0.6771
vn 0.2371 0.7412 0.6281
vn -0.2442 0.7773 -0.5798
vn -0.0858 0.7772 -0.6234
vn -0.3561 0.3949 -0.8469
vn -0.1248 0.3949 -0.9102
vn -0.0858 0.7772 -0.6234
vn -0.2442 0.7773 -0.5798
vn -0.2442 0.7773 -0.5798
vn 0.2371 0.7412 0.6281
vn 0.3722 0.7625 0.5292
vn -0.3859 0.7774 -0.4968
vn -0.5632 0.3948 -0.7259
vn -0.3561 0.3949 -0.8469
vn -0.2442 0.7773 -0.5798
vn -0.3859 0.7774 -0.4968
vn -0.1218 0.4376 -0.8909
vn -0.1248 0.3949 -0.9102
vn -0.3561 0.3949 -0.8469
vn -0.3482 0.4376 -0.829
vn -0.3561 0.3949 -0.8469
vn -0.5632 0.3948 -0.7259
vn -0.5509 0.4375 -0.7107
vn -0.3482 0.4376 -0.829
vn -0.5509 0.4375 -0.7107
vn -0.5632 0.3948 -0.7259
vn -0.7319 0.3948 -0.5554
vn -0.7161 0.4375 -0.5439
vn -0.7319 0.3948 -0.5554
vn -0.5632 0.3948 -0.7259
vn -0.3859 0.7774 -0.4968
vn -0.5012 0.7775 -0.3799
vn -0.7161 0.4375 -0.5439
vn -0.7319 0.3948 -0.5554
vn -0.8507 0.3948 -0.347
vn -0.8325 0.4375 -0.34
vn -0.8507 0.3948 -0.347
vn -0.7319 0.3948 -0.5554
vn -0.5012 0.7775 -0.3799
vn -0.5824 0.7775 -0.2372
vn 0.4584 0.7969 0.3936
vn 0.489 0.8416 0.2292
vn -0.5824 0.7775 -0.2372
vn -0.5012 0.7775 -0.3799
vn 0.3722 0.7625 0.5292
vn 0.4584 0.7969 0.3936
vn -0.5012 0.7775 -0.3799
vn -0.3859 0.7774 -0.4968
vn 0.489 0.8416 0.2292
vn 0.4774 0.8755 0.0747
vn -0.6239 0.7775 -0.0784
vn -0.5824 0.7775 -0.2372
vn -0.9115 0.3948 -0.115
vn -0.8507 0.3948 -0.347
vn -0.5824 0.7775 -0.2372
vn -0.6239 0.7775 -0.0784
vn 0.4774 0.8755 0.0747
vn 0.4335 0.8997 -0.0515
vn -0.623 0.7775 0.0857
vn -0.6239 0.7775 -0.0784
vn -0.9103 0.3948 0.1248
vn -0.9115 0.3948 -0.115
vn -0.6239 0.7775 -0.0784
vn -0.623 0.7775 0.0857
vn -0.8325 0.4375 -0.34
vn -0.8507 0.3948 -0.347
vn -0.9115 0.3948 -0.115
vn -0.8921 0.4375 -0.113
vn -0.8921 0.4375 -0.113
vn -0.9115 0.3948 -0.115
vn -0.9103 0.3948 0.1248
vn -0.8909 0.4375 0.1218
vn -0.8909 0.4375 0.1218
vn -0.9103 0.3948 0.1248
vn -0.8469 0.3948 0.3562
vn -0.8291 0.4375 0.3482
vn -0.8469 0.3948 0.3562
vn -0.9103 0.3948 0.1248
vn -0.623 0.7775 0.0857
vn -0.5796 0.7775 0.2441
vn -0.8291 0.4375 0.3482
vn -0.8469 0.3948 0.3562
vn -0.7259 0.3948 0.5632
vn -0.7107 0.4375 0.5509
vn -0.7259 0.3948 0.5632
vn -0.8469 0.3948 0.3562
vn -0.5796 0.7775 0.2441
vn -0.4967 0.7775 0.3858
vn 0.4335 0.8997 -0.0515
vn 0.3674 0.9196 -0.1388
vn -0.5796 0.7775 0.2441
vn -0.623 0.7775 0.0857
vn 0.3674 0.9196 -0.1388
vn 0.2778 0.9396 -0.1999
vn -0.4967 0.7775 0.3858
vn -0.5796 0.7775 0.2441
vn 0.2778 0.9396 -0.1999
vn 0.1915 0.9516 -0.2404
vn -0.38 0.7774 0.5013
vn -0.4967 0.7775 0.3858
vn -0.5553 0.3948 0.7319
vn -0.7259 0.3948 0.5632
vn -0.4967 0.7775 0.3858
vn -0.38 0.7774 0.5013
vn 0.1915 0.9516 -0.2404
vn 0.1119 0.956 -0.2711
vn -0.2373 0.7773 0.5827
vn -0.38 0.7774 0.5013
vn -0.347 0.3949 0.8507
vn -0.5553 0.3948 0.7319
vn -0.38 0.7774 0.5013
vn -0.2373 0.7773 0.5827
vn -0.7107 0.4375 0.5509
vn -0.7259 0.3948 0.5632
vn -0.5553 0.3948 0.7319
vn -0.5439 0.4375 0.7161
vn -0.5439 0.4375 0.7161
vn -0.5553 0.3948 0.7319
vn -0.347 0.3949 0.8507
vn -0.34 0.4376 0.8324
vn -0.34 0.4376 0.8324
vn -0.347 0.3949 0.8507
vn -0.115 0.3949 0.9115
vn -0.113 0.4376 0.892
vn -0.115 0.3949 0.9115
vn -0.347 0.3949 0.8507
vn -0.2373 0.7773 0.5827
vn -0.0785 0.7772 0.6244
vn -0.115 0.3949 0.9115
vn 0.1249 0.3949 0.9102
vn 0.1218 0.4376 0.8909
vn -0.113 0.4376 0.892
vn 0.1249 0.3949 0.9102
vn -0.115 0.3949 0.9115
vn -0.0785 0.7772 0.6244
vn 0.0858 0.7771 0.6235
vn -0.0785 0.7772 0.6244
vn 0.0336 0.954 -0.2979
vn -0.0511 0.9466 -0.3184
vn 0.0858 0.7771 0.6235
vn 0.1119 0.956 -0.2711
vn 0.0336 0.954 -0.2979
vn -0.0785 0.7772 0.6244
vn -0.2373 0.7773 0.5827
vn -0.0511 0.9466 -0.3184
vn -0.1464 0.9347 -0.3239
vn 0.2443 0.777 0.5802
vn 0.0858 0.7771 0.6235
vn 0.3562 0.3949 0.8469
vn 0.1249 0.3949 0.9102
vn 0.0858 0.7771 0.6235
vn 0.2443 0.777 0.5802
vn 0.2443 0.777 0.5802
vn -0.1464 0.9347 -0.3239
vn -0.251 0.9186 -0.3052
vn 0.3862 0.7769 0.4973
vn 0.5632 0.395 0.7258
vn 0.3562 0.3949 0.8469
vn 0.2443 0.777 0.5802
vn 0.3862 0.7769 0.4973
vn 0.1218 0.4376 0.8909
vn 0.1249 0.3949 0.9102
vn 0.3562 0.3949 0.8469
vn 0.3482 0.4377 0.829
vn 0.3562 0.3949 0.8469
vn 0.5632 0.395 0.7258
vn 0.5509 0.4377 0.7106
vn 0.3482 0.4377 0.829
vn 0.5509 0.4377 0.7106
vn 0.5632 0.395 0.7258
vn 0.7318 0.395 0.5553
vn 0.716 0.4377 0.5438
vn 0.7318 0.395 0.5553
vn 0.5632 0.395 0.7258
vn 0.3862 0.7769 0.4973
vn 0.5018 0.7768 0.3804
vn 0.716 0.4377 0.5438
vn 0.7318 0.395 0.5553
vn 0.8506 0.395 0.347
vn 0.8324 0.4377 0.34
vn 0.8506 0.395 0.347
vn 0.7318 0.395 0.5553
vn 0.5018 0.7768 0.3804
vn 0.5833 0.7768 0.2376
vn -0.3543 0.8992 -0.2568
vn -0.4419 0.8803 -0.1729
vn 0.5833 0.7768 0.2376
vn 0.5018 0.7768 0.3804
vn -0.251 0.9186 -0.3052
vn -0.3543 0.8992 -0.2568
vn 0.5018 0.7768 0.3804
vn 0.3862 0.7769 0.4973
vn -0.4419 0.8803 -0.1729
vn -0.502 0.863 -0.0561
vn 0.6249 0.7768 0.0785
vn 0.5833 0.7768 0.2376
vn 0.9115 0.395 0.115
vn 0.8506 0.395 0.347
vn 0.5833 0.7768 0.2376
vn 0.6249 0.7768 0.0785
vn -0.502 0.863 -0.0561
vn -0.5482 0.8307 0.0969
vn 0.6239 0.7768 -0.0859
vn 0.6249 0.7768 0.0785
vn 0.9102 0.395 -0.1248
vn 0.9115 0.395 0.115
vn 0.6249 0.7768 0.0785
vn 0.6239 0.7768 -0.0859
vn 0.8324 0.4377 0.34
vn 0.8506 0.395 0.347
vn 0.9115 0.395 0.115
vn 0.892 0.4377 0.1129
vn 0.892 0.4377 0.1129
vn 0.9115 0.395 0.115
vn 0.9102 0.395 -0.1248
vn 0.8908 0.4377 -0.1218
vn -0.502 0.863 -0.0561
vn -0.4419 0.8803 -0.1729
vn -0.4486 0.8803 -0.1541
vn -0.5025 0.8639 -0.0344
vn -0.5482 0.8307 0.0969
vn -0.502 0.863 -0.0561
vn -0.5025 0.8639 -0.0344
vn -0.5249 0.843 0.1175
vn -0.5025 0.8639 -0.0344
vn -0.4486 0.8803 -0.1541
vn -0.027 0.9996 0.0103
vn -0.0539 0.9962 0.0688
vn -0.5249 0.843 0.1175
vn -0.5025 0.8639 -0.0344
vn -0.0539 0.9962 0.0688
vn -0.055 0.9953 0.0794
vn -0.027 0.9996 0.0103
vn -0.0483 0.9983 0.0337
vn -0.0539 0.9962 0.0688
vn -0.055 0.9953 0.0794
vn -0.0539 0.9962 0.0688
vn -0.0483 0.9983 0.0337
vn -0.0545 0.9956 0.0757
vn -0.0483 0.9983 0.0337
vn -0.1007 0.9944 0.0313
vn -0.1383 0.9859 0.0942
vn -0.0545 0.9956 0.0757
vn -0.0438 0.9972 -0.06
vn -0.0968 0.9932 -0.0652
vn -0.1007 0.9944 0.0313
vn -0.0483 0.9983 0.0337
vn -0.0438 0.9972 -0.06
vn -0.0483 0.9983 0.0337
vn -0.027 0.9996 0.0103
vn -0.024 0.9997 -0.0005
vn -0.1268 0.946 -0.2985
vn -0.0968 0.9932 -0.0652
vn -0.0438 0.9972 -0.06
vn -0.0618 0.9518 -0.3003
vn -0.0438 0.9972 -0.06
vn -0.026 0.9973 -0.0681
vn -0.0376 0.9586 -0.2823
vn -0.0618 0.9518 -0.3003
vn -0.026 0.9973 -0.0681
vn -0.0438 0.9972 -0.06
vn -0.024 0.9997 -0.0005
vn -0.025 0.9997 -0.0079
vn -0.4486 0.8803 -0.1541
vn -0.3551 0.9041 -0.238
vn -0.024 0.9997 -0.0005
vn -0.027 0.9996 0.0103
vn -0.3551 0.9041 -0.238
vn -0.2346 0.9348 -0.2667
vn -0.025 0.9997 -0.0079
vn -0.024 0.9997 -0.0005
vn -0.2346 0.9348 -0.2667
vn -0.1328 0.9531 -0.2719
vn -0.0282 0.9995 -0.0133
vn -0.025 0.9997 -0.0079
vn -0.0282 0.9995 -0.0133
vn -0.0202 0.9997 -0.0162
vn -0.026 0.9973 -0.0681
vn -0.025 0.9997 -0.0079
vn -0.1328 0.9531 -0.2719
vn -0.0481 0.9644 -0.26
vn -0.0202 0.9997 -0.0162
vn -0.0282 0.9995 -0.0133
vn -0.0481 0.9644 -0.26
vn 0.0229 0.9709 -0.2385
vn -0.0143 0.9998 -0.0155
vn -0.0202 0.9997 -0.0162
vn -0.0202 0.9997 -0.0162
vn -0.0143 0.9998 -0.0155
vn -0.0156 0.9979 -0.0635
vn -0.026 0.9973 -0.0681
vn 0.0229 0.9709 -0.2385
vn 0.0889 0.9727 -0.2144
vn -0.0038 1 -0.0077
vn -0.0143 0.9998 -0.0155
vn -0.0156 0.9979 -0.0635
vn -0.0143 0.9998 -0.0155
vn -0.0038 1 -0.0077
vn -0.026 0.9973 -0.0681
vn -0.0156 0.9979 -0.0635
vn -0.0206 0.9711 -0.2378
vn -0.0376 0.9586 -0.2823
vn -0.0156 0.9979 -0.0635
vn -0.0049 0.9987 -0.0504
vn -0.0097 0.9699 -0.2432
vn -0.0206 0.9711 -0.2378
vn -0.0049 0.9987 -0.0504
vn -0.0156 0.9979 -0.0635
vn -0.0038 1 -0.0077
vn -0.0006 1 -0.0015
vn -0.0049 0.9987 -0.0504
vn -0 0.9991 -0.0421
vn -0 0.9632 -0.2689
vn -0.0097 0.9699 -0.2432
vn 0.0024 0.9996 0.0287
vn -0 0.9993 0.0368
vn -0 0.9991 -0.0421
vn -0.0049 0.9987 -0.0504
vn 0.0024 0.9996 0.0287
vn -0.0049 0.9987 -0.0504
vn -0.0006 1 -0.0015
vn 0.0049 0.9999 0.0121
vn 0.0889 0.9727 -0.2144
vn 0.1572 0.9694 -0.1886
vn -0.0006 1 -0.0015
vn -0.0038 1 -0.0077
vn 0.1572 0.9694 -0.1886
vn 0.2415 0.9571 -0.1599
vn 0.0049 0.9999 0.0121
vn -0.0006 1 -0.0015
vn 0.2415 0.9571 -0.1599
vn 0.3459 0.9315 -0.1123
vn 0.0119 0.9991 0.0404
vn 0.0049 0.9999 0.0121
vn 0.0049 0.9999 0.0121
vn 0.0119 0.9991 0.0404
vn 0.0258 0.9981 0.0561
vn 0.0024 0.9996 0.0287
vn 0.3459 0.9315 -0.1123
vn 0.4339 0.9007 -0.0219
vn 0.0258 0.9981 0.0561
vn 0.0119 0.9991 0.0404
vn 0.4339 0.9007 -0.0219
vn 0.4759 0.8736 0.1018
vn 0.029 0.9975 0.0638
vn 0.0258 0.9981 0.0561
vn 0.0258 0.9981 0.0561
vn 0.029 0.9975 0.0638
vn 0.0038 0.9981 0.0612
vn 0.0024 0.9996 0.0287
vn 0.4759 0.8736 0.1018
vn 0.4704 0.8351 0.285
vn -0.0147 0.9798 0.1994
vn 0.029 0.9975 0.0638
vn -0.0147 0.9798 0.1994
vn 0.0038 0.9981 0.0612
vn 0.029 0.9975 0.0638
vn -0 0.9799 0.1996
vn -0.0117 0.979 0.2033
vn -0.0378 0.9727 0.229
vn -0 0.9745 0.2246
vn -0 0.9982 0.0606
vn -0 0.9993 0.0368
vn 0.0024 0.9996 0.0287
vn 0.0038 0.9981 0.0612
vn -0.0376 0.9738 0.2243
vn -0.0378 0.9727 0.229
vn -0.0117 0.979 0.2033
vn -0.0147 0.9798 0.1994
vn -0.0641 0.9679 0.243
vn -0.059 0.9657 0.2528
vn -0.0408 0.964 0.2628
vn -0.0378 0.9727 0.229
vn -0.0408 0.964 0.2628
vn -0 0.9636 0.2674
vn -0 0.9745 0.2246
vn -0.0378 0.9727 0.229
vn -0.0575 0.9677 0.2456
vn -0.0641 0.9679 0.243
vn -0.0378 0.9727 0.229
vn -0.0376 0.9738 0.2243
vn 0.4704 0.8351 0.285
vn 0.4194 0.7935 0.441
vn -0.0376 0.9738 0.2243
vn -0.0147 0.9798 0.1994
vn 0.4194 0.7935 0.441
vn 0.3287 0.7702 0.5465
vn -0.0575 0.9677 0.2456
vn -0.0376 0.9738 0.2243
vn 0.3287 0.7702 0.5465
vn 0.2062 0.749 0.6296
vn 0.0208 0.9574 0.2879
vn -0.0575 0.9677 0.2456
vn -0.0575 0.9677 0.2456
vn 0.0208 0.9574 0.2879
vn -0.0351 0.9408 0.3373
vn -0.0641 0.9679 0.243
vn 0.2062 0.749 0.6296
vn 0.0542 0.7377 0.673
vn -0.0351 0.9408 0.3373
vn 0.0208 0.9574 0.2879
vn 0.0542 0.7377 0.673
vn -0.108 0.732 0.6727
vn -0.0577 0.9371 0.3443
vn -0.0351 0.9408 0.3373
vn -0.0351 0.9408 0.3373
vn -0.0577 0.9371 0.3443
vn -0.0634 0.9652 0.2537
vn -0.0641 0.9679 0.243
vn -0.108 0.732 0.6727
vn -0.2481 0.7258 0.6416
vn -0.0912 0.9419 0.3233
vn -0.0577 0.9371 0.3443
vn -0.0634 0.9652 0.2537
vn -0.0577 0.9371 0.3443
vn -0.0912 0.9419 0.3233
vn -0.0696 0.9451 0.3194
vn -0.0353 0.9588 0.2819
vn -0.059 0.9662 0.2508
vn -0.0617 0.9667 0.2482
vn -0.0634 0.9652 0.2537
vn -0.0617 0.9667 0.2482
vn -0.059 0.9657 0.2528
vn -0.0641 0.9679 0.243
vn -0.0634 0.9652 0.2537
vn -0.0353 0.9588 0.2819
vn -0.0634 0.9652 0.2537
vn -0.0696 0.9451 0.3194
vn -0.057 0.9429 0.3282
vn -0.2481 0.7258 0.6416
vn -0.3666 0.731 0.5756
vn -0.0696 0.9451 0.3194
vn -0.0912 0.9419 0.3233
vn -0.3666 0.731 0.5756
vn -0.4415 0.7546 0.4854
vn -0.057 0.9429 0.3282
vn -0.0696 0.9451 0.3194
vn -0.4415 0.7546 0.4854
vn -0.4798 0.8157 0.3232
vn -0.0493 0.9515 0.3036
vn -0.057 0.9429 0.3282
vn -0.0353 0.9588 0.2819
vn -0.057 0.9429 0.3282
vn -0.0493 0.9515 0.3036
vn -0.0109 0.9396 0.342
vn -0.4798 0.8157 0.3232
vn -0.5249 0.843 0.1175
vn -0.055 0.9953 0.0794
vn -0.0493 0.9515 0.3036
vn -0.0545 0.9956 0.0757
vn -0.0493 0.9515 0.3036
vn -0.055 0.9953 0.0794
vn -0.4653 0.7788 0.4208
vn -0.5328 0.8112 0.241
vn -0.4798 0.8157 0.3232
vn -0.4415 0.7546 0.4854
vn -0.5328 0.8112 0.241
vn -0.5482 0.8307 0.0969
vn -0.5249 0.843 0.1175
vn -0.4798 0.8157 0.3232
vn -0.3886 0.7413 0.5473
vn -0.4653 0.7788 0.4208
vn -0.4415 0.7546 0.4854
vn -0.3666 0.731 0.5756
vn -0.2539 0.7209 0.6448
vn -0.3886 0.7413 0.5473
vn -0.3666 0.731 0.5756
vn -0.2481 0.7258 0.6416
vn -0.1056 0.722 0.6838
vn -0.2539 0.7209 0.6448
vn -0.2481 0.7258 0.6416
vn -0.108 0.732 0.6727
vn 0.0505 0.9552 0.2915
vn 0.0351 0.9608 0.2748
vn -0.059 0.9662 0.2508
vn -0.0353 0.9588 0.2819
vn 0.0358 0.9377 0.3456
vn 0.0505 0.9552 0.2915
vn -0.0353 0.9588 0.2819
vn -0.0109 0.9396 0.342
vn -0.0617 0.9667 0.2482
vn -0.059 0.9662 0.2508
vn -0.0684 0.9445 0.3212
vn -0.056 0.9401 0.3364
vn -0.059 0.9662 0.2508
vn 0.0351 0.9608 0.2748
vn -0.0007 0.9372 0.3487
vn -0.0684 0.9445 0.3212
vn 0.0566 0.9432 0.3274
vn -0.0007 0.9372 0.3487
vn 0.0351 0.9608 0.2748
vn 0.114 0.9512 0.2869
vn 0.114 0.9512 0.2869
vn 0.0351 0.9608 0.2748
vn 0.0505 0.9552 0.2915
vn 0.1395 0.947 0.2893
vn -0.4536 0.855 0.2514
vn -0.3337 0.8952 0.2955
vn -0.3068 0.9237 0.2294
vn -0.4203 0.8846 0.2021
vn -0.4203 0.8846 0.2021
vn -0.3068 0.9237 0.2294
vn -0.241 0.9558 0.1684
vn -0.3609 0.9199 0.1536
vn -0.3609 0.9199 0.1536
vn -0.241 0.9558 0.1684
vn -0.1383 0.9859 0.0942
vn -0.2728 0.9584 0.0836
vn 0.1395 0.947 0.2893
vn 0.0505 0.9552 0.2915
vn 0.0358 0.9377 0.3456
vn -0.1007 0.9944 0.0313
vn -0.2302 0.9731 0.0074
vn -0.2728 0.9584 0.0836
vn -0.1383 0.9859 0.0942
vn -0.6782 0.7331 0.0504
vn -0.3609 0.9199 0.1536
vn -0.2728 0.9584 0.0836
vn -0.659 0.7518 -0.0218
vn -0.659 0.7518 -0.0218
vn -0.2728 0.9584 0.0836
vn -0.2302 0.9731 0.0074
vn -0.6584 0.7446 -0.1097
vn -0.6584 0.7446 -0.1097
vn -0.2302 0.9731 0.0074
vn -0.2273 0.971 -0.0745
vn -0.6914 0.6813 -0.2404
vn -0.2273 0.971 -0.0745
vn -0.2302 0.9731 0.0074
vn -0.1007 0.9944 0.0313
vn -0.0968 0.9932 -0.0652
vn -0.0968 0.9932 -0.0652
vn -0.1268 0.946 -0.2985
vn -0.2632 0.9178 -0.2972
vn -0.2273 0.971 -0.0745
vn -0.2632 0.9178 -0.2972
vn -0.5772 0.7405 -0.3442
vn -0.6914 0.6813 -0.2404
vn -0.2273 0.971 -0.0745
vn -0.6914 0.6813 -0.2404
vn -0.9194 0.1346 -0.3695
vn -0.9471 0.2208 -0.233
vn -0.6584 0.7446 -0.1097
vn -0.7878 -0.0347 -0.615
vn -0.9194 0.1346 -0.3695
vn -0.6914 0.6813 -0.2404
vn -0.8273 0.0559 -0.559
vn -0.7139 0.2278 -0.6622
vn -0.8273 0.0559 -0.559
vn -0.6914 0.6813 -0.2404
vn -0.5772 0.7405 -0.3442
vn -0.7139 0.2278 -0.6622
vn -0.5772 0.7405 -0.3442
vn -0.2632 0.9178 -0.2972
vn -0.3814 0.4482 -0.8085
vn -0.4503 -0.2938 -0.8432
vn -0.8273 0.0559 -0.559
vn -0.7139 0.2278 -0.6622
vn -0.4756 -0.3672 -0.7993
vn -0.4756 -0.3672 -0.7993
vn -0.7139 0.2278 -0.6622
vn -0.3814 0.4482 -0.8085
vn -0.3146 -0.3198 -0.8937
vn -0.3146 -0.3198 -0.8937
vn -0.3814 0.4482 -0.8085
vn -0.2067 0.487 -0.8486
vn -0.1759 -0.2202 -0.9595
vn -0.3814 0.4482 -0.8085
vn -0.2632 0.9178 -0.2972
vn -0.1268 0.946 -0.2985
vn -0.2067 0.487 -0.8486
vn -0.1759 -0.2202 -0.9595
vn -0.2067 0.487 -0.8486
vn -0.0973 0.4125 -0.9057
vn -0.1554 -0.1442 -0.9773
vn -0.2067 0.487 -0.8486
vn -0.1268 0.946 -0.2985
vn -0.0618 0.9518 -0.3003
vn -0.0973 0.4125 -0.9057
vn -0.0544 0.0108 -0.9985
vn -0.1887 -0.1025 -0.9767
vn -0.1554 -0.1442 -0.9773
vn -0.0973 0.4125 -0.9057
vn -0.0544 0.0108 -0.9985
vn -0.0973 0.4125 -0.9057
vn -0.0472 0.3235 -0.945
vn -0.0358 -0.0132 -0.9993
vn -0.0973 0.4125 -0.9057
vn -0.0618 0.9518 -0.3003
vn -0.0376 0.9586 -0.2823
vn -0.0472 0.3235 -0.945
vn -0.0472 0.3235 -0.945
vn -0.0376 0.9586 -0.2823
vn -0.0206 0.9711 -0.2378
vn -0.0248 0.329 -0.944
vn -0.0358 -0.0132 -0.9993
vn -0.0472 0.3235 -0.945
vn -0.0248 0.329 -0.944
vn -0.0202 -0.0125 -0.9997
vn -0.0202 -0.0125 -0.9997
vn -0.0248 0.329 -0.944
vn -0.0099 0.332 -0.9432
vn -0.0072 -0.0148 -0.9999
vn -0.0248 0.329 -0.944
vn -0.0206 0.9711 -0.2378
vn -0.0097 0.9699 -0.2432
vn -0.0099 0.332 -0.9432
vn -0.0185 -0.1135 -0.9934
vn -0.0202 -0.0125 -0.9997
vn -0.0072 -0.0148 -0.9999
vn -0.0063 -0.1147 -0.9934
vn -0.0322 -0.109 -0.9935
vn -0.0358 -0.0132 -0.9993
vn -0.0202 -0.0125 -0.9997
vn -0.0185 -0.1135 -0.9934
vn -0.0601 -0.1193 -0.991
vn -0.0544 0.0108 -0.9985
vn -0.0358 -0.0132 -0.9993
vn -0.0322 -0.109 -0.9935
vn -0.0601 -0.1193 -0.991
vn -0.1713 -0.1798 -0.9687
vn -0.1887 -0.1025 -0.9767
vn -0.0544 0.0108 -0.9985
vn -0.1713 -0.1798 -0.9687
vn -0.0601 -0.1193 -0.991
vn -0.2119 -0.3568 -0.9098
vn -0.1822 -0.2885 -0.94
vn -0.1822 -0.2885 -0.94
vn -0.2119 -0.3568 -0.9098
vn -0.2749 -0.4086 -0.8703
vn -0.2332 -0.3878 -0.8918
vn -0.2332 -0.3878 -0.8918
vn -0.2749 -0.4086 -0.8703
vn -0.3395 -0.4393 -0.8317
vn -0.9985 0.0539 -0
vn -0.8707 0.4919 -0
vn -0.8707 0.4919 -0
vn -0.9822 0.1879 -0
vn -0.3096 -0.3104 -0.8988
vn -0.3096 -0.312 -0.8982
vn -0.3197 -0.3164 -0.8931
vn -0.3198 -0.3164 -0.8931
vn -0.2433 0.3123 -0.9183
vn -0.2433 0.3123 -0.9183
vn -0.3096 -0.3121 -0.8982
vn -0.3096 -0.3105 -0.8987
vn 0.8853 0.465 -0
vn 0.9995 -0.0301 -0
vn 0.9999 0.0154 -0
vn 0.8853 0.465 -0
vn 0.9995 -0.0301 -0
vn 0.9356 -0.353 -0
vn 0.9752 -0.2215 -0
vn 0.9999 0.0154 -0
vn -0.3198 -0.3164 -0.8931
vn -0.3197 -0.3164 -0.8931
vn -0.3189 -0.3418 -0.884
vn -0.3183 -0.3479 -0.8819
vn 0.9356 -0.353 -0
vn 0.4683 -0.8836 -0
vn 0.6802 -0.733 -0
vn 0.9752 -0.2215 -0
vn -0.3183 -0.3479 -0.8819
vn -0.3189 -0.3418 -0.884
vn -0.3032 -0.4005 -0.8647
vn -0.2944 -0.3921 -0.8715
vn -0.9793 -0.2023 -0
vn -0.9994 -0.0335 -0
vn -0.9994 -0.0339 -0
vn -0.9848 -0.1734 -0
vn -0.9994 -0.0335 -0
vn -0.9985 0.0539 -0
vn -0.9822 0.1879 -0
vn -0.9994 -0.0339 -0
vn -0.7983 -0.6023 -0
vn -0.9793 -0.2023 -0
vn -0.9848 -0.1734 -0
vn -0.7912 -0.6115 -0
vn -0.2944 -0.3921 -0.8715
vn -0.3032 -0.4005 -0.8647
vn -0.2524 -0.3501 -0.9021
vn -0.2486 -0.343 -0.9058
vn -0.2526 -0.9676 -0
vn -0.7983 -0.6023 -0
vn -0.7912 -0.6115 -0
vn -0.209 -0.9779 -0
vn -0.2486 -0.343 -0.9058
vn -0.2524 -0.3501 -0.9021
vn -0.1872 -0.2296 -0.9551
vn -0.1872 -0.2296 -0.9551
vn 0.4683 -0.8836 -0
vn 0.1821 -0.9833 -0
vn 0.2304 -0.9731 -0
vn 0.6802 -0.733 -0
vn 0.1821 -0.9833 -0
vn 0.0414 -0.9991 -0
vn 0.0606 -0.9982 -0
vn 0.2304 -0.9731 -0
vn 0.0414 -0.9991 -0
vn -0.2526 -0.9676 -0
vn -0.209 -0.9779 -0
vn 0.0606 -0.9982 -0
vn -0.7878 -0.0347 -0.615
vn -0.8273 0.0559 -0.559
vn -0.4503 -0.2938 -0.8432
vn -0.4096 -0.2487 -0.8777
vn -0.3983 -0.2286 -0.8883
vn -0.7656 -0.1442 -0.627
vn -0.7878 -0.0347 -0.615
vn -0.4096 -0.2487 -0.8777
vn -0.9194 0.1346 -0.3695
vn -0.7878 -0.0347 -0.615
vn -0.7656 -0.1442 -0.627
vn -0.9264 -0.0572 -0.3721
vn -0.9471 0.2208 -0.233
vn -0.9194 0.1346 -0.3695
vn -0.9264 -0.0572 -0.3721
vn -0.9608 -0.0133 -0.2769
vn -0.9429 0.2737 -0.1897
vn -0.9471 0.2208 -0.233
vn -0.9608 -0.0133 -0.2769
vn -0.9664 0.017 -0.2563
vn -0.9377 0.3201 -0.1353
vn -0.9429 0.2737 -0.1897
vn -0.9664 0.017 -0.2563
vn -0.9729 0.0548 -0.2245
vn -0.9303 0.3612 -0.0645
vn -0.9377 0.3201 -0.1353
vn -0.9729 0.0548 -0.2245
vn -0.9798 0.1125 -0.1654
vn -0.9172 0.398 0.0176
vn -0.9303 0.3612 -0.0645
vn -0.9798 0.1125 -0.1654
vn -0.9802 0.1807 -0.0812
vn -0.9111 0.401 0.0948
vn -0.9172 0.398 0.0176
vn -0.9802 0.1807 -0.0812
vn -0.9752 0.2208 0.0137
vn -0.91 0.3668 0.1932
vn -0.9111 0.401 0.0948
vn -0.9752 0.2208 0.0137
vn -0.9707 0.2059 0.1238
vn -0.8934 0.3104 0.3248
vn -0.91 0.3668 0.1932
vn -0.9707 0.2059 0.1238
vn -0.9545 0.1566 0.2537
vn -0.8559 0.1046 0.5065
vn -0.8381 0.2088 0.5039
vn -0.8934 0.3104 0.3248
vn -0.9545 0.1566 0.2537
vn -0.7117 0.6189 0.3324
vn -0.91 0.3668 0.1932
vn -0.8934 0.3104 0.3248
vn -0.6855 0.5317 0.4973
vn -0.6855 0.5317 0.4973
vn -0.8934 0.3104 0.3248
vn -0.8381 0.2088 0.5039
vn -0.6404 0.3181 0.6991
vn -0.8559 0.1046 0.5065
vn -0.6359 0.1422 0.7586
vn -0.6404 0.3181 0.6991
vn -0.8381 0.2088 0.5039
vn -0.3939 0.3659 0.8432
vn -0.4355 0.6357 0.6374
vn -0.6855 0.5317 0.4973
vn -0.6404 0.3181 0.6991
vn -0.3794 0.1777 0.908
vn -0.3939 0.3659 0.8432
vn -0.6404 0.3181 0.6991
vn -0.6359 0.1422 0.7586
vn -0.1082 0.1916 0.9755
vn -0.1263 0.3749 0.9184
vn -0.3939 0.3659 0.8432
vn -0.3794 0.1777 0.908
vn 0.1867 0.191 0.9637
vn 0.1564 0.3559 0.9213
vn -0.1263 0.3749 0.9184
vn -0.1082 0.1916 0.9755
vn 0.1564 0.3559 0.9213
vn 0.1206 0.6036 0.7881
vn -0.1663 0.6567 0.7355
vn -0.1263 0.3749 0.9184
vn -0.3939 0.3659 0.8432
vn -0.1263 0.3749 0.9184
vn -0.1663 0.6567 0.7355
vn -0.4355 0.6357 0.6374
vn -0.4355 0.6357 0.6374
vn -0.1663 0.6567 0.7355
vn -0.1868 0.8045 0.5638
vn -0.4609 0.7607 0.457
vn 0.1206 0.6036 0.7881
vn 0.0589 0.7479 0.6611
vn -0.1868 0.8045 0.5638
vn -0.1663 0.6567 0.7355
vn 0.1206 0.6036 0.7881
vn 0.1564 0.3559 0.9213
vn 0.579 0.2572 0.7737
vn 0.5776 0.3706 0.7274
vn 0.0589 0.7479 0.6611
vn 0.1206 0.6036 0.7881
vn 0.5776 0.3706 0.7274
vn 0.4626 0.4993 0.7326
vn 0.0589 0.7479 0.6611
vn 0.0156 0.8666 0.4988
vn -0.0286 0.899 0.437
vn -0.1868 0.8045 0.5638
vn 0.0156 0.8666 0.4988
vn 0.0589 0.7479 0.6611
vn 0.4626 0.4993 0.7326
vn 0.2403 0.7153 0.6562
vn -0.0007 0.9372 0.3487
vn 0.0566 0.9432 0.3274
vn -0.0286 0.899 0.437
vn 0.0156 0.8666 0.4988
vn -0.0007 0.9372 0.3487
vn 0.0156 0.8666 0.4988
vn 0.2403 0.7153 0.6562
vn 0.103 0.8014 0.5892
vn 0.4789 0.3483 0.8058
vn 0.103 0.8014 0.5892
vn 0.2403 0.7153 0.6562
vn 0.615 0.2802 0.7371
vn 0.615 0.2802 0.7371
vn 0.2403 0.7153 0.6562
vn 0.4626 0.4993 0.7326
vn 0.7433 0.1931 0.6404
vn 0.7433 0.1931 0.6404
vn 0.4626 0.4993 0.7326
vn 0.5776 0.3706 0.7274
vn 0.7804 0.1681 0.6023
vn 0.7804 0.1681 0.6023
vn 0.5776 0.3706 0.7274
vn 0.579 0.2572 0.7737
vn 0.6234 0.1692 0.7634
vn 0.6234 0.1692 0.7634
vn 0.579 0.2572 0.7737
vn 0.1564 0.3559 0.9213
vn 0.1867 0.191 0.9637
vn 0.103 0.8014 0.5892
vn 0.4789 0.3483 0.8058
vn 0.2772 0.3369 0.8998
vn -0.0293 0.8117 0.5834
vn -0.0293 0.8117 0.5834
vn 0.2772 0.3369 0.8998
vn 0.0351 0.3668 0.9296
vn -0.0277 0.707 0.7067
vn -0.0277 0.707 0.7067
vn 0.0351 0.3668 0.9296
vn -0.0134 0.3722 0.928
vn -0.0301 0.6919 0.7214
vn -0.0301 0.6919 0.7214
vn -0.0134 0.3722 0.928
vn -0.0076 0.3311 0.9436
vn -0.0228 0.6747 0.7378
vn -0.0228 0.6747 0.7378
vn -0.0076 0.3311 0.9436
vn -0 0.3027 0.9531
vn -0 0.6709 0.7415
vn 0.0228 0.6747 0.7378
vn -0 0.6709 0.7415
vn -0 0.3027 0.9531
vn 0.0076 0.3311 0.9436
vn 0.0301 0.6919 0.7214
vn 0.0228 0.6747 0.7378
vn 0.0076 0.3311 0.9436
vn 0.0134 0.3723 0.928
vn 0.0277 0.707 0.7067
vn 0.0301 0.6919 0.7214
vn 0.0134 0.3723 0.928
vn -0.0351 0.3669 0.9296
vn 0.0293 0.8117 0.5834
vn 0.0277 0.707 0.7067
vn -0.0351 0.3669 0.9296
vn -0.277 0.3369 0.8999
vn -0.103 0.8014 0.5892
vn 0.0293 0.8117 0.5834
vn -0.277 0.3369 0.8999
vn -0.4789 0.3483 0.8058
vn -0.4789 0.3483 0.8058
vn -0.615 0.2801 0.7371
vn -0.2403 0.7153 0.6562
vn -0.103 0.8014 0.5892
vn -0.615 0.2801 0.7371
vn -0.7433 0.1931 0.6404
vn -0.4626 0.4993 0.7326
vn -0.2403 0.7153 0.6562
vn -0.7433 0.1931 0.6404
vn -0.7806 0.1677 0.6021
vn -0.5776 0.3706 0.7274
vn -0.4626 0.4993 0.7326
vn -0.7806 0.1677 0.6021
vn -0.6234 0.1692 0.7634
vn -0.579 0.2572 0.7737
vn -0.5776 0.3706 0.7274
vn -0.6234 0.1692 0.7634
vn -0.1867 0.191 0.9637
vn -0.1564 0.3559 0.9213
vn -0.579 0.2572 0.7737
vn -0.1867 0.191 0.9637
vn 0.1082 0.1916 0.9755
vn 0.1263 0.3749 0.9184
vn -0.1564 0.3559 0.9213
vn 0.1082 0.1916 0.9755
vn 0.3794 0.1777 0.908
vn 0.3939 0.3658 0.8432
vn 0.1263 0.3749 0.9184
vn 0.3794 0.1777 0.908
vn 0.6359 0.1422 0.7586
vn 0.6404 0.3181 0.6991
vn 0.3939 0.3658 0.8432
vn 0.8559 0.1046 0.5065
vn 0.8381 0.2087 0.5039
vn 0.6404 0.3181 0.6991
vn 0.6359 0.1422 0.7586
vn 0.8559 0.1046 0.5065
vn 0.9545 0.1566 0.2537
vn 0.8934 0.3104 0.3249
vn 0.8381 0.2087 0.5039
vn 0.8934 0.3104 0.3249
vn 0.9545 0.1566 0.2537
vn 0.9707 0.2059 0.1238
vn 0.91 0.3668 0.1932
vn 0.91 0.3668 0.1932
vn 0.9707 0.2059 0.1238
vn 0.9752 0.2208 0.0137
vn 0.9111 0.401 0.0948
vn 0.9111 0.401 0.0948
vn 0.9752 0.2208 0.0137
vn 0.9802 0.1807 -0.0812
vn 0.9172 0.398 0.0176
vn 0.9172 0.398 0.0176
vn 0.9802 0.1807 -0.0812
vn 0.9798 0.1125 -0.1654
vn 0.9303 0.3612 -0.0645
vn 0.9303 0.3612 -0.0645
vn 0.9798 0.1125 -0.1654
vn 0.9729 0.0548 -0.2245
vn 0.9377 0.3201 -0.1353
vn 0.9377 0.3201 -0.1353
vn 0.9729 0.0548 -0.2245
vn 0.9664 0.017 -0.2563
vn 0.9429 0.2737 -0.1897
vn 0.9429 0.2737 -0.1897
vn 0.9664 0.017 -0.2563
vn 0.9608 -0.0133 -0.2769
vn 0.9471 0.2208 -0.233
vn 0.9471 0.2208 -0.233
vn 0.9608 -0.0133 -0.2769
vn 0.9264 -0.0572 -0.3721
vn 0.9194 0.1346 -0.3695
vn 0.9194 0.1346 -0.3695
vn 0.9264 -0.0572 -0.3721
vn 0.7656 -0.1442 -0.627
vn 0.7878 -0.0346 -0.615
vn 0.3983 -0.2286 -0.8883
vn 0.4096 -0.2487 -0.8777
vn 0.7878 -0.0346 -0.615
vn 0.7656 -0.1442 -0.627
vn -0.8853 0.4651 -0
vn -0.8853 0.4651 -0
vn -0.9999 0.0154 -0
vn -0.9995 -0.0301 -0
vn 0.3096 -0.312 -0.8982
vn 0.3096 -0.3104 -0.8988
vn 0.3198 -0.3164 -0.8931
vn 0.3197 -0.3164 -0.8931
vn 0.2433 0.3123 -0.9183
vn 0.3096 -0.3105 -0.8987
vn 0.3097 -0.3121 -0.8982
vn 0.2433 0.3123 -0.9183
vn 0.9985 0.0539 -0
vn 0.9822 0.1879 -0
vn 0.8707 0.4919 -0
vn 0.8707 0.4919 -0
vn 0.2332 -0.3878 -0.8918
vn 0.3395 -0.4393 -0.8317
vn 0.2749 -0.4086 -0.8703
vn 0.1822 -0.2885 -0.94
vn 0.2332 -0.3878 -0.8918
vn 0.2749 -0.4086 -0.8703
vn 0.2119 -0.3569 -0.9098
vn 0.1713 -0.1799 -0.9687
vn 0.1822 -0.2885 -0.94
vn 0.2119 -0.3569 -0.9098
vn 0.0601 -0.1193 -0.991
vn 0.0601 -0.1193 -0.991
vn 0.0544 0.0108 -0.9985
vn 0.1887 -0.1025 -0.9767
vn 0.1713 -0.1799 -0.9687
vn 0.0601 -0.1193 -0.991
vn 0.0322 -0.109 -0.9935
vn 0.0358 -0.0132 -0.9993
vn 0.0544 0.0108 -0.9985
vn 0.0322 -0.109 -0.9935
vn 0.0185 -0.1135 -0.9934
vn 0.0202 -0.0125 -0.9997
vn 0.0358 -0.0132 -0.9993
vn 0.0185 -0.1135 -0.9934
vn 0.0063 -0.1147 -0.9934
vn 0.0072 -0.0148 -0.9999
vn 0.0202 -0.0125 -0.9997
vn 0.0063 -0.1147 -0.9934
vn -0 -0.1154 -0.9933
vn -0 -0.0162 -0.9999
vn 0.0072 -0.0148 -0.9999
vn -0.0063 -0.1147 -0.9934
vn -0.0072 -0.0148 -0.9999
vn -0 -0.0162 -0.9999
vn -0 -0.1154 -0.9933
vn -0.0072 -0.0148 -0.9999
vn -0.0099 0.332 -0.9432
vn -0 0.3272 -0.9449
vn -0 -0.0162 -0.9999
vn 0.0072 -0.0148 -0.9999
vn -0 -0.0162 -0.9999
vn -0 0.3272 -0.9449
vn 0.0099 0.332 -0.9432
vn -0.0099 0.332 -0.9432
vn -0.0097 0.9699 -0.2432
vn -0 0.9632 -0.2689
vn -0 0.3272 -0.9449
vn 0.0099 0.332 -0.9432
vn -0 0.3272 -0.9449
vn -0 0.9632 -0.2689
vn 0.0097 0.9699 -0.2432
vn 0.0248 0.329 -0.944
vn 0.0099 0.332 -0.9432
vn 0.0097 0.9699 -0.2432
vn 0.0206 0.9711 -0.2378
vn 0.0202 -0.0125 -0.9997
vn 0.0072 -0.0148 -0.9999
vn 0.0099 0.332 -0.9432
vn 0.0248 0.329 -0.944
vn 0.0472 0.3235 -0.945
vn 0.0248 0.329 -0.944
vn 0.0206 0.9711 -0.2378
vn 0.0376 0.9586 -0.2823
vn 0.0358 -0.0132 -0.9993
vn 0.0202 -0.0125 -0.9997
vn 0.0248 0.329 -0.944
vn 0.0472 0.3235 -0.945
vn 0.0544 0.0108 -0.9985
vn 0.0358 -0.0132 -0.9993
vn 0.0472 0.3235 -0.945
vn 0.0973 0.4125 -0.9057
vn 0.0973 0.4125 -0.9057
vn 0.0472 0.3235 -0.945
vn 0.0376 0.9586 -0.2823
vn 0.0618 0.9518 -0.3003
vn 0.0438 0.9972 -0.06
vn 0.0618 0.9518 -0.3003
vn 0.0376 0.9586 -0.2823
vn 0.026 0.9973 -0.0681
vn 0.026 0.9973 -0.0681
vn 0.0376 0.9586 -0.2823
vn 0.0206 0.9711 -0.2378
vn 0.0156 0.9979 -0.0635
vn 0.0202 0.9997 -0.0162
vn 0.026 0.9973 -0.0681
vn 0.0156 0.9979 -0.0635
vn 0.0143 0.9998 -0.0155
vn 0.026 0.9973 -0.0681
vn 0.025 0.9997 -0.0079
vn 0.024 0.9997 -0.0005
vn 0.0438 0.9972 -0.06
vn 0.0282 0.9995 -0.0133
vn 0.025 0.9997 -0.0079
vn 0.026 0.9973 -0.0681
vn 0.0202 0.9997 -0.0162
vn 0.3551 0.9041 -0.238
vn 0.024 0.9997 -0.0005
vn 0.025 0.9997 -0.0079
vn 0.2345 0.9348 -0.2667
vn 0.2345 0.9348 -0.2667
vn 0.025 0.9997 -0.0079
vn 0.0282 0.9995 -0.0133
vn 0.1328 0.9531 -0.2719
vn 0.1328 0.9531 -0.2719
vn 0.0282 0.9995 -0.0133
vn 0.0202 0.9997 -0.0162
vn 0.0481 0.9644 -0.26
vn 0.251 0.9186 -0.3052
vn 0.2345 0.9348 -0.2667
vn 0.1328 0.9531 -0.2719
vn 0.1464 0.9347 -0.3239
vn 0.1464 0.9347 -0.3239
vn 0.1328 0.9531 -0.2719
vn 0.0481 0.9644 -0.26
vn 0.0511 0.9466 -0.3184
vn 0.0511 0.9466 -0.3184
vn 0.0481 0.9644 -0.26
vn -0.0234 0.9709 -0.2384
vn -0.0336 0.954 -0.2979
vn 0.0481 0.9644 -0.26
vn 0.0202 0.9997 -0.0162
vn 0.0143 0.9998 -0.0155
vn -0.0234 0.9709 -0.2384
vn -0.0336 0.954 -0.2979
vn -0.0234 0.9709 -0.2384
vn -0.0889 0.9727 -0.2144
vn -0.1119 0.956 -0.2711
vn -0.0234 0.9709 -0.2384
vn 0.0143 0.9998 -0.0155
vn 0.0038 1 -0.0077
vn -0.0889 0.9727 -0.2144
vn 0.0156 0.9979 -0.0635
vn 0.0038 1 -0.0077
vn 0.0143 0.9998 -0.0155
vn -0.0889 0.9727 -0.2144
vn 0.0038 1 -0.0077
vn 0.0006 1 -0.0015
vn -0.1572 0.9694 -0.1886
vn 0.0049 0.9987 -0.0504
vn 0.0006 1 -0.0015
vn 0.0038 1 -0.0077
vn 0.0156 0.9979 -0.0635
vn -0.1572 0.9694 -0.1886
vn 0.0006 1 -0.0015
vn -0.0049 0.9999 0.0121
vn -0.2414 0.9571 -0.1599
vn -0.0024 0.9996 0.0287
vn -0.0049 0.9999 0.0121
vn 0.0006 1 -0.0015
vn 0.0049 0.9987 -0.0504
vn -0.0024 0.9996 0.0287
vn 0.0049 0.9987 -0.0504
vn -0 0.9991 -0.0421
vn -0 0.9993 0.0368
vn 0.0049 0.9987 -0.0504
vn 0.0097 0.9699 -0.2432
vn -0 0.9632 -0.2689
vn -0 0.9991 -0.0421
vn 0.0156 0.9979 -0.0635
vn 0.0206 0.9711 -0.2378
vn 0.0097 0.9699 -0.2432
vn 0.0049 0.9987 -0.0504
vn -0 0.9982 0.0606
vn -0.0038 0.9981 0.0612
vn -0.0024 0.9996 0.0287
vn -0 0.9993 0.0368
vn -0.0258 0.9981 0.056
vn -0.0024 0.9996 0.0287
vn -0.0038 0.9981 0.0612
vn -0.029 0.9975 0.0638
vn -0.0049 0.9999 0.0121
vn -0.0024 0.9996 0.0287
vn -0.0258 0.9981 0.056
vn -0.0119 0.9991 0.0404
vn -0.3459 0.9315 -0.1123
vn -0.0119 0.9991 0.0404
vn -0.0258 0.9981 0.056
vn -0.4339 0.9007 -0.0219
vn -0.4339 0.9007 -0.0219
vn -0.0258 0.9981 0.056
vn -0.029 0.9975 0.0638
vn -0.4759 0.8736 0.1018
vn -0.2414 0.9571 -0.1599
vn -0.0049 0.9999 0.0121
vn -0.0119 0.9991 0.0404
vn -0.3459 0.9315 -0.1123
vn -0.2778 0.9396 -0.1999
vn -0.2414 0.9571 -0.1599
vn -0.3459 0.9315 -0.1123
vn -0.3674 0.9196 -0.1388
vn -0.3674 0.9196 -0.1388
vn -0.3459 0.9315 -0.1123
vn -0.4339 0.9007 -0.0219
vn -0.4335 0.8997 -0.0515
vn -0.3674 0.9196 -0.1388
vn 0.5796 0.7775 0.2441
vn 0.4967 0.7775 0.3858
vn -0.2778 0.9396 -0.1999
vn -0.4335 0.8997 -0.0515
vn 0.623 0.7775 0.0857
vn 0.5796 0.7775 0.2441
vn -0.3674 0.9196 -0.1388
vn -0.4335 0.8997 -0.0515
vn -0.4339 0.9007 -0.0219
vn -0.4759 0.8736 0.1018
vn -0.4774 0.8755 0.0747
vn -0.4774 0.8755 0.0747
vn 0.6239 0.7775 -0.0784
vn 0.623 0.7775 0.0857
vn -0.4335 0.8997 -0.0515
vn 0.9102 0.3948 0.1251
vn 0.623 0.7775 0.0857
vn 0.6239 0.7775 -0.0784
vn 0.9115 0.3948 -0.115
vn 0.8468 0.3948 0.3564
vn 0.5796 0.7775 0.2441
vn 0.623 0.7775 0.0857
vn 0.9102 0.3948 0.1251
vn 0.8909 0.4375 0.1218
vn 0.8291 0.4375 0.3482
vn 0.8468 0.3948 0.3564
vn 0.9102 0.3948 0.1251
vn 0.8921 0.4375 -0.113
vn 0.8909 0.4375 0.1218
vn 0.9102 0.3948 0.1251
vn 0.9115 0.3948 -0.115
vn 0.8291 0.4375 0.3482
vn 0.7107 0.4375 0.5509
vn 0.7259 0.3948 0.5632
vn 0.8468 0.3948 0.3564
vn 0.7259 0.3948 0.5632
vn 0.4967 0.7775 0.3858
vn 0.5796 0.7775 0.2441
vn 0.8468 0.3948 0.3564
vn 0.7107 0.4375 0.5509
vn 0.5439 0.4375 0.7161
vn 0.5554 0.3948 0.7319
vn 0.7259 0.3948 0.5632
vn 0.5554 0.3948 0.7319
vn 0.38 0.7774 0.5013
vn 0.4967 0.7775 0.3858
vn 0.7259 0.3948 0.5632
vn -0.2778 0.9396 -0.1999
vn 0.4967 0.7775 0.3858
vn 0.38 0.7774 0.5013
vn -0.1915 0.9516 -0.2404
vn -0.1915 0.9516 -0.2404
vn 0.38 0.7774 0.5013
vn 0.2373 0.7773 0.5827
vn -0.1119 0.956 -0.2711
vn 0.3468 0.3949 0.8508
vn 0.2373 0.7773 0.5827
vn 0.38 0.7774 0.5013
vn 0.5554 0.3948 0.7319
vn -0.1119 0.956 -0.2711
vn 0.2373 0.7773 0.5827
vn 0.0785 0.7772 0.6244
vn -0.0336 0.954 -0.2979
vn 0.1148 0.3949 0.9115
vn 0.0785 0.7772 0.6244
vn 0.2373 0.7773 0.5827
vn 0.3468 0.3949 0.8508
vn 0.5439 0.4375 0.7161
vn 0.34 0.4376 0.8324
vn 0.3468 0.3949 0.8508
vn 0.5554 0.3948 0.7319
vn 0.34 0.4376 0.8324
vn 0.113 0.4376 0.892
vn 0.1148 0.3949 0.9115
vn 0.3468 0.3949 0.8508
vn 0.1148 0.3949 0.9115
vn 0.113 0.4376 0.892
vn -0.1218 0.4376 0.8909
vn -0.1249 0.3949 0.9102
vn -0.1249 0.3949 0.9102
vn -0.0858 0.7771 0.6235
vn 0.0785 0.7772 0.6244
vn 0.1148 0.3949 0.9115
vn -0.1218 0.4376 0.8909
vn -0.3482 0.4377 0.829
vn -0.3561 0.3949 0.8469
vn -0.1249 0.3949 0.9102
vn -0.3561 0.3949 0.8469
vn -0.2443 0.777 0.5802
vn -0.0858 0.7771 0.6235
vn -0.1249 0.3949 0.9102
vn 0.0785 0.7772 0.6244
vn -0.0858 0.7771 0.6235
vn 0.0511 0.9466 -0.3184
vn -0.0336 0.954 -0.2979
vn 0.0511 0.9466 -0.3184
vn -0.0858 0.7771 0.6235
vn -0.2443 0.777 0.5802
vn 0.1464 0.9347 -0.3239
vn -0.2443 0.777 0.5802
vn -0.3862 0.7769 0.4973
vn 0.251 0.9186 -0.3052
vn 0.1464 0.9347 -0.3239
vn -0.5634 0.395 0.7257
vn -0.3862 0.7769 0.4973
vn -0.2443 0.777 0.5802
vn -0.3561 0.3949 0.8469
vn 0.251 0.9186 -0.3052
vn -0.3862 0.7769 0.4973
vn -0.5018 0.7768 0.3804
vn 0.3543 0.8992 -0.2568
vn -0.732 0.395 0.5552
vn -0.5018 0.7768 0.3804
vn -0.3862 0.7769 0.4973
vn -0.5634 0.395 0.7257
vn -0.3561 0.3949 0.8469
vn -0.3482 0.4377 0.829
vn -0.5509 0.4377 0.7106
vn -0.5634 0.395 0.7257
vn -0.5509 0.4377 0.7106
vn -0.716 0.4377 0.5438
vn -0.732 0.395 0.5552
vn -0.5634 0.395 0.7257
vn -0.716 0.4377 0.5438
vn -0.8324 0.4377 0.34
vn -0.8506 0.395 0.347
vn -0.732 0.395 0.5552
vn -0.8506 0.395 0.347
vn -0.5833 0.7768 0.2376
vn -0.5018 0.7768 0.3804
vn -0.732 0.395 0.5552
vn -0.8324 0.4377 0.34
vn -0.892 0.4377 0.1129
vn -0.9115 0.395 0.115
vn -0.8506 0.395 0.347
vn -0.9115 0.395 0.115
vn -0.6249 0.7768 0.0785
vn -0.5833 0.7768 0.2376
vn -0.8506 0.395 0.347
vn 0.3543 0.8992 -0.2568
vn -0.5018 0.7768 0.3804
vn -0.5833 0.7768 0.2376
vn 0.4419 0.8803 -0.1728
vn 0.4419 0.8803 -0.1728
vn -0.5833 0.7768 0.2376
vn -0.6249 0.7768 0.0785
vn 0.502 0.863 -0.0562
vn 0.502 0.863 -0.0562
vn -0.6249 0.7768 0.0785
vn -0.6239 0.7768 -0.0859
vn 0.5482 0.8307 0.0969
vn -0.9101 0.395 -0.125
vn -0.6239 0.7768 -0.0859
vn -0.6249 0.7768 0.0785
vn -0.9115 0.395 0.115
vn 0.5482 0.8307 0.0969
vn -0.6239 0.7768 -0.0859
vn -0.5804 0.7768 -0.2444
vn 0.5328 0.8112 0.241
vn -0.8468 0.395 -0.3563
vn -0.5804 0.7768 -0.2444
vn -0.6239 0.7768 -0.0859
vn -0.9101 0.395 -0.125
vn -0.892 0.4377 0.1129
vn -0.8908 0.4377 -0.1218
vn -0.9101 0.395 -0.125
vn -0.9115 0.395 0.115
vn -0.8908 0.4377 -0.1218
vn -0.829 0.4377 -0.3482
vn -0.8468 0.395 -0.3563
vn -0.9101 0.395 -0.125
vn -0.829 0.4377 -0.3482
vn -0.7106 0.4377 -0.5509
vn -0.7258 0.395 -0.5632
vn -0.8468 0.395 -0.3563
vn -0.7258 0.395 -0.5632
vn -0.4973 0.7768 -0.3863
vn -0.5804 0.7768 -0.2444
vn -0.8468 0.395 -0.3563
vn -0.7106 0.4377 -0.5509
vn -0.5438 0.4377 -0.716
vn -0.5553 0.395 -0.7318
vn -0.7258 0.395 -0.5632
vn -0.5553 0.395 -0.7318
vn -0.3803 0.7769 -0.5018
vn -0.4973 0.7768 -0.3863
vn -0.7258 0.395 -0.5632
vn 0.5328 0.8112 0.241
vn -0.5804 0.7768 -0.2444
vn -0.4973 0.7768 -0.3863
vn 0.4652 0.7788 0.4208
vn 0.4652 0.7788 0.4208
vn -0.4973 0.7768 -0.3863
vn -0.3803 0.7769 -0.5018
vn 0.3886 0.7413 0.5473
vn 0.3886 0.7413 0.5473
vn -0.3803 0.7769 -0.5018
vn -0.2375 0.777 -0.583
vn 0.2539 0.7209 0.6448
vn -0.3468 0.3949 -0.8507
vn -0.2375 0.777 -0.583
vn -0.3803 0.7769 -0.5018
vn -0.5553 0.395 -0.7318
vn 0.2539 0.7209 0.6448
vn -0.2375 0.777 -0.583
vn -0.0785 0.7771 -0.6245
vn 0.1056 0.722 0.6838
vn -0.1148 0.3949 -0.9115
vn -0.0785 0.7771 -0.6245
vn -0.2375 0.777 -0.583
vn -0.3468 0.3949 -0.8507
vn -0.5438 0.4377 -0.716
vn -0.34 0.4377 -0.8324
vn -0.3468 0.3949 -0.8507
vn -0.5553 0.395 -0.7318
vn -0.34 0.4377 -0.8324
vn -0.1129 0.4376 -0.892
vn -0.1148 0.3949 -0.9115
vn -0.3468 0.3949 -0.8507
vn -0.1148 0.3949 -0.9115
vn -0.1129 0.4376 -0.892
vn 0.1218 0.4376 -0.8909
vn 0.1248 0.3949 -0.9102
vn 0.1248 0.3949 -0.9102
vn 0.0858 0.7772 -0.6234
vn -0.0785 0.7771 -0.6245
vn -0.1148 0.3949 -0.9115
vn 0.1218 0.4376 -0.8909
vn 0.3482 0.4376 -0.829
vn 0.3561 0.3949 -0.8469
vn 0.1248 0.3949 -0.9102
vn 0.3561 0.3949 -0.8469
vn 0.2442 0.7773 -0.5798
vn 0.0858 0.7772 -0.6234
vn 0.1248 0.3949 -0.9102
vn -0.0785 0.7771 -0.6245
vn 0.0858 0.7772 -0.6234
vn -0.0807 0.7314 0.6771
vn 0.1056 0.722 0.6838
vn -0.0807 0.7314 0.6771
vn 0.0858 0.7772 -0.6234
vn 0.2442 0.7773 -0.5798
vn -0.2371 0.7412 0.6281
vn 0.2442 0.7773 -0.5798
vn 0.3859 0.7774 -0.4968
vn -0.3721 0.7625 0.5292
vn -0.2371 0.7412 0.6281
vn 0.5634 0.3948 -0.7257
vn 0.3859 0.7774 -0.4968
vn 0.2442 0.7773 -0.5798
vn 0.3561 0.3949 -0.8469
vn -0.3721 0.7625 0.5292
vn 0.3859 0.7774 -0.4968
vn 0.5012 0.7775 -0.3799
vn -0.4584 0.7969 0.3936
vn 0.732 0.3948 -0.5552
vn 0.5012 0.7775 -0.3799
vn 0.3859 0.7774 -0.4968
vn 0.5634 0.3948 -0.7257
vn 0.3561 0.3949 -0.8469
vn 0.3482 0.4376 -0.829
vn 0.5509 0.4375 -0.7107
vn 0.5634 0.3948 -0.7257
vn 0.5509 0.4375 -0.7107
vn 0.7161 0.4375 -0.5439
vn 0.732 0.3948 -0.5552
vn 0.5634 0.3948 -0.7257
vn 0.7161 0.4375 -0.5439
vn 0.8325 0.4375 -0.34
vn 0.8507 0.3948 -0.347
vn 0.732 0.3948 -0.5552
vn 0.8507 0.3948 -0.347
vn 0.5824 0.7775 -0.2372
vn 0.5012 0.7775 -0.3799
vn 0.732 0.3948 -0.5552
vn 0.8325 0.4375 -0.34
vn 0.8921 0.4375 -0.113
vn 0.9115 0.3948 -0.115
vn 0.8507 0.3948 -0.347
vn 0.9115 0.3948 -0.115
vn 0.6239 0.7775 -0.0784
vn 0.5824 0.7775 -0.2372
vn 0.8507 0.3948 -0.347
vn -0.4584 0.7969 0.3936
vn 0.5012 0.7775 -0.3799
vn 0.5824 0.7775 -0.2372
vn -0.489 0.8416 0.2292
vn -0.489 0.8416 0.2292
vn 0.5824 0.7775 -0.2372
vn 0.6239 0.7775 -0.0784
vn -0.4774 0.8755 0.0747
vn -0.489 0.8416 0.2292
vn -0.4705 0.8351 0.285
vn -0.4194 0.7935 0.441
vn -0.4584 0.7969 0.3936
vn -0.4774 0.8755 0.0747
vn -0.4759 0.8736 0.1018
vn -0.4705 0.8351 0.285
vn -0.489 0.8416 0.2292
vn -0.4705 0.8351 0.285
vn 0.0147 0.9798 0.1994
vn 0.0376 0.9738 0.2243
vn -0.4194 0.7935 0.441
vn -0.4759 0.8736 0.1018
vn -0.029 0.9975 0.0638
vn 0.0147 0.9798 0.1994
vn -0.4705 0.8351 0.285
vn 0.0376 0.9738 0.2243
vn 0.0147 0.9798 0.1994
vn 0.0117 0.979 0.2033
vn 0.038 0.9727 0.229
vn 0.0147 0.9798 0.1994
vn -0.029 0.9975 0.0638
vn -0.0038 0.9981 0.0612
vn -0.4194 0.7935 0.441
vn 0.0376 0.9738 0.2243
vn 0.0575 0.9677 0.2456
vn -0.3287 0.7703 0.5465
vn 0.0575 0.9677 0.2456
vn 0.0376 0.9738 0.2243
vn 0.038 0.9727 0.229
vn 0.0641 0.9679 0.243
vn 0.0641 0.9679 0.243
vn 0.038 0.9727 0.229
vn 0.0408 0.964 0.2628
vn 0.059 0.9657 0.2528
vn 0.0408 0.964 0.2628
vn 0.038 0.9727 0.229
vn -0 0.9745 0.2246
vn -0 0.9636 0.2674
vn -0 0.9799 0.1996
vn -0 0.9745 0.2246
vn 0.038 0.9727 0.229
vn 0.0117 0.979 0.2033
vn 0.0617 0.9667 0.2482
vn 0.0634 0.9652 0.2537
vn 0.0641 0.9679 0.243
vn 0.059 0.9657 0.2528
vn 0.0351 0.9408 0.3373
vn 0.0641 0.9679 0.243
vn 0.0634 0.9652 0.2537
vn 0.0577 0.9371 0.3443
vn 0.0575 0.9677 0.2456
vn 0.0641 0.9679 0.243
vn 0.0351 0.9408 0.3373
vn -0.0208 0.9574 0.2879
vn -0.2062 0.749 0.6296
vn -0.0208 0.9574 0.2879
vn 0.0351 0.9408 0.3373
vn -0.056 0.7378 0.6727
vn -0.056 0.7378 0.6727
vn 0.0351 0.9408 0.3373
vn 0.0577 0.9371 0.3443
vn 0.1058 0.732 0.6731
vn 0.1058 0.732 0.6731
vn 0.0577 0.9371 0.3443
vn 0.0912 0.9419 0.3233
vn 0.2481 0.7258 0.6416
vn 0.0634 0.9652 0.2537
vn 0.0696 0.9451 0.3194
vn 0.0912 0.9419 0.3233
vn 0.0577 0.9371 0.3443
vn 0.2481 0.7258 0.6416
vn 0.0912 0.9419 0.3233
vn 0.0696 0.9451 0.3194
vn 0.3666 0.731 0.5756
vn 0.3666 0.731 0.5756
vn 0.0696 0.9451 0.3194
vn 0.057 0.9429 0.3282
vn 0.4415 0.7546 0.4854
vn 0.0353 0.9588 0.2819
vn 0.057 0.9429 0.3282
vn 0.0696 0.9451 0.3194
vn 0.0634 0.9652 0.2537
vn 0.4415 0.7546 0.4854
vn 0.057 0.9429 0.3282
vn 0.0493 0.9515 0.3036
vn 0.4798 0.8157 0.3232
vn 0.0353 0.9588 0.2819
vn 0.0109 0.9396 0.342
vn 0.0493 0.9515 0.3036
vn 0.057 0.9429 0.3282
vn -0.0358 0.9377 0.3456
vn 0.0109 0.9396 0.342
vn 0.0353 0.9588 0.2819
vn -0.0505 0.9552 0.2915
vn -0.0505 0.9552 0.2915
vn 0.0353 0.9588 0.2819
vn 0.0591 0.9662 0.2507
vn -0.0351 0.9608 0.2748
vn 0.0353 0.9588 0.2819
vn 0.0634 0.9652 0.2537
vn 0.0617 0.9667 0.2482
vn 0.0591 0.9662 0.2507
vn 0.0591 0.9662 0.2507
vn 0.0684 0.9445 0.3212
vn 0.0007 0.9372 0.3487
vn -0.0351 0.9608 0.2748
vn 0.0617 0.9667 0.2482
vn 0.056 0.9401 0.3364
vn 0.0684 0.9445 0.3212
vn 0.0591 0.9662 0.2507
vn 0.056 0.9401 0.3364
vn 0.0617 0.9667 0.2482
vn 0.059 0.9657 0.2528
vn 0.049 0.937 0.3457
vn 0.049 0.937 0.3457
vn 0.0301 0.6919 0.7214
vn 0.0277 0.707 0.7067
vn 0.056 0.9401 0.3364
vn 0.0684 0.9445 0.3212
vn 0.056 0.9401 0.3364
vn 0.0277 0.707 0.7067
vn 0.0293 0.8117 0.5834
vn 0.049 0.937 0.3457
vn 0.0334 0.9351 0.3528
vn 0.0228 0.6747 0.7378
vn 0.0301 0.6919 0.7214
vn 0.0408 0.964 0.2628
vn 0.0334 0.9351 0.3528
vn 0.049 0.937 0.3457
vn 0.059 0.9657 0.2528
vn 0.0334 0.9351 0.3528
vn -0 0.9356 0.353
vn -0 0.6709 0.7415
vn 0.0228 0.6747 0.7378
vn 0.0334 0.9351 0.3528
vn 0.0408 0.964 0.2628
vn -0 0.9636 0.2674
vn -0 0.9356 0.353
vn -0.0334 0.9351 0.3528
vn -0 0.9356 0.353
vn -0 0.9636 0.2674
vn -0.0408 0.964 0.2628
vn -0.0334 0.9351 0.3528
vn -0.0228 0.6747 0.7378
vn -0 0.6709 0.7415
vn -0 0.9356 0.353
vn -0.0408 0.964 0.2628
vn -0.059 0.9657 0.2528
vn -0.049 0.937 0.3457
vn -0.0334 0.9351 0.3528
vn -0.049 0.937 0.3457
vn -0.0301 0.6919 0.7214
vn -0.0228 0.6747 0.7378
vn -0.0334 0.9351 0.3528
vn -0.049 0.937 0.3457
vn -0.056 0.9401 0.3364
vn -0.0277 0.707 0.7067
vn -0.0301 0.6919 0.7214
vn -0.056 0.9401 0.3364
vn -0.049 0.937 0.3457
vn -0.059 0.9657 0.2528
vn -0.0617 0.9667 0.2482
vn -0.0684 0.9445 0.3212
vn -0.0293 0.8117 0.5834
vn -0.0277 0.707 0.7067
vn -0.056 0.9401 0.3364
vn 0.0007 0.9372 0.3487
vn 0.0684 0.9445 0.3212
vn 0.0293 0.8117 0.5834
vn -0.103 0.8014 0.5892
vn -0.0566 0.9432 0.3274
vn -0.114 0.9512 0.2868
vn -0.0351 0.9608 0.2748
vn 0.0007 0.9372 0.3487
vn 0.0007 0.9372 0.3487
vn -0.0156 0.8666 0.4988
vn 0.0286 0.899 0.437
vn -0.0566 0.9432 0.3274
vn 0.0007 0.9372 0.3487
vn -0.103 0.8014 0.5892
vn -0.2403 0.7153 0.6562
vn -0.0156 0.8666 0.4988
vn -0.0156 0.8666 0.4988
vn -0.2403 0.7153 0.6562
vn -0.4626 0.4993 0.7326
vn -0.0589 0.748 0.6611
vn -0.0589 0.748 0.6611
vn 0.1868 0.8045 0.5638
vn 0.0286 0.899 0.437
vn -0.0156 0.8666 0.4988
vn 0.4677 0.8211 0.3272
vn 0.4536 0.855 0.2514
vn 0.3337 0.8952 0.2955
vn 0.3295 0.8601 0.3894
vn 0.4609 0.7607 0.457
vn 0.4677 0.8211 0.3272
vn 0.3295 0.8601 0.3894
vn 0.1868 0.8045 0.5638
vn 0.4355 0.6357 0.6374
vn 0.4609 0.7607 0.457
vn 0.1868 0.8045 0.5638
vn 0.1663 0.6567 0.7355
vn -0.1206 0.6036 0.7881
vn 0.1663 0.6567 0.7355
vn 0.1868 0.8045 0.5638
vn -0.0589 0.748 0.6611
vn 0.3939 0.3658 0.8432
vn 0.4355 0.6357 0.6374
vn 0.1663 0.6567 0.7355
vn 0.1263 0.3749 0.9184
vn -0.1564 0.3559 0.9213
vn 0.1263 0.3749 0.9184
vn 0.1663 0.6567 0.7355
vn -0.1206 0.6036 0.7881
vn -0.1206 0.6036 0.7881
vn -0.5776 0.3706 0.7274
vn -0.579 0.2572 0.7737
vn -0.1564 0.3559 0.9213
vn -0.0589 0.748 0.6611
vn -0.4626 0.4993 0.7326
vn -0.5776 0.3706 0.7274
vn -0.1206 0.6036 0.7881
vn 0.3939 0.3658 0.8432
vn 0.6404 0.3181 0.6991
vn 0.6855 0.5317 0.4973
vn 0.4355 0.6357 0.6374
vn 0.4355 0.6357 0.6374
vn 0.6855 0.5317 0.4973
vn 0.7117 0.6189 0.3324
vn 0.4609 0.7607 0.457
vn 0.6855 0.5317 0.4973
vn 0.6404 0.3181 0.6991
vn 0.8381 0.2087 0.5039
vn 0.8934 0.3104 0.3249
vn 0.7117 0.6189 0.3324
vn 0.6855 0.5317 0.4973
vn 0.8934 0.3104 0.3249
vn 0.91 0.3668 0.1932
vn 0.7117 0.6189 0.3324
vn 0.7068 0.6705 0.2258
vn 0.4677 0.8211 0.3272
vn 0.4609 0.7607 0.457
vn 0.7068 0.6705 0.2258
vn 0.7117 0.6189 0.3324
vn 0.91 0.3668 0.1932
vn 0.9111 0.401 0.0948
vn 0.7068 0.6705 0.2258
vn 0.6914 0.7027 0.1683
vn 0.4536 0.855 0.2514
vn 0.4677 0.8211 0.3272
vn 0.6914 0.7027 0.1683
vn 0.7068 0.6705 0.2258
vn 0.9111 0.401 0.0948
vn 0.9172 0.398 0.0176
vn 0.4206 0.8844 0.2021
vn 0.4536 0.855 0.2514
vn 0.6914 0.7027 0.1683
vn 0.6829 0.7217 0.1133
vn 0.6829 0.7217 0.1133
vn 0.6914 0.7027 0.1683
vn 0.9172 0.398 0.0176
vn 0.9303 0.3612 -0.0645
vn 0.6782 0.7331 0.0504
vn 0.3609 0.9199 0.1536
vn 0.4206 0.8844 0.2021
vn 0.6829 0.7217 0.1133
vn 0.6782 0.7331 0.0504
vn 0.6829 0.7217 0.1133
vn 0.9303 0.3612 -0.0645
vn 0.9377 0.3201 -0.1353
vn 0.6782 0.7331 0.0504
vn 0.659 0.7518 -0.0218
vn 0.2728 0.9584 0.0836
vn 0.3609 0.9199 0.1536
vn 0.659 0.7518 -0.0218
vn 0.6782 0.7331 0.0504
vn 0.9377 0.3201 -0.1353
vn 0.9429 0.2737 -0.1897
vn 0.659 0.7518 -0.0218
vn 0.6584 0.7446 -0.1097
vn 0.2302 0.9731 0.0074
vn 0.2728 0.9584 0.0836
vn 0.6584 0.7446 -0.1097
vn 0.659 0.7518 -0.0218
vn 0.9429 0.2737 -0.1897
vn 0.9471 0.2208 -0.233
vn 0.6584 0.7446 -0.1097
vn 0.6914 0.6813 -0.2404
vn 0.2273 0.971 -0.0745
vn 0.2302 0.9731 0.0074
vn 0.6914 0.6813 -0.2404
vn 0.6584 0.7446 -0.1097
vn 0.9471 0.2208 -0.233
vn 0.9194 0.1346 -0.3695
vn 0.7139 0.2278 -0.6622
vn 0.5772 0.7405 -0.3442
vn 0.6914 0.6813 -0.2404
vn 0.8273 0.0559 -0.559
vn 0.7878 -0.0346 -0.615
vn 0.8273 0.0559 -0.559
vn 0.6914 0.6813 -0.2404
vn 0.9194 0.1346 -0.3695
vn 0.2632 0.9178 -0.2972
vn 0.2273 0.971 -0.0745
vn 0.6914 0.6813 -0.2404
vn 0.5772 0.7405 -0.3442
vn 0.0968 0.9932 -0.0652
vn 0.2273 0.971 -0.0745
vn 0.2632 0.9178 -0.2972
vn 0.1268 0.946 -0.2985
vn 0.2273 0.971 -0.0745
vn 0.0968 0.9932 -0.0652
vn 0.1007 0.9944 0.0313
vn 0.2302 0.9731 0.0074
vn 0.1268 0.946 -0.2985
vn 0.0618 0.9518 -0.3003
vn 0.0438 0.9972 -0.06
vn 0.0968 0.9932 -0.0652
vn 0.0438 0.9972 -0.06
vn 0.0483 0.9983 0.0337
vn 0.1007 0.9944 0.0313
vn 0.0968 0.9932 -0.0652
vn 0.0483 0.9983 0.0337
vn 0.0545 0.9956 0.0757
vn 0.1383 0.9859 0.0942
vn 0.1007 0.9944 0.0313
vn 0.1007 0.9944 0.0313
vn 0.1383 0.9859 0.0942
vn 0.2728 0.9584 0.0836
vn 0.2302 0.9731 0.0074
vn 0.3609 0.9199 0.1536
vn 0.2728 0.9584 0.0836
vn 0.1383 0.9859 0.0942
vn 0.241 0.9558 0.1684
vn -0.1395 0.947 0.2893
vn -0.0358 0.9377 0.3456
vn -0.0505 0.9552 0.2915
vn 0.4206 0.8844 0.2021
vn 0.3609 0.9199 0.1536
vn 0.241 0.9558 0.1684
vn 0.3068 0.9237 0.2294
vn -0.114 0.9512 0.2868
vn -0.1395 0.947 0.2893
vn -0.0505 0.9552 0.2915
vn -0.0351 0.9608 0.2748
vn 0.4536 0.855 0.2514
vn 0.4206 0.8844 0.2021
vn 0.3068 0.9237 0.2294
vn 0.3337 0.8952 0.2955
vn 0.055 0.9953 0.0794
vn 0.0545 0.9956 0.0757
vn 0.0483 0.9983 0.0337
vn 0.0539 0.9962 0.0689
vn 0.0438 0.9972 -0.06
vn 0.024 0.9997 -0.0005
vn 0.027 0.9996 0.0103
vn 0.0483 0.9983 0.0337
vn 0.027 0.9996 0.0103
vn 0.0539 0.9962 0.0689
vn 0.0483 0.9983 0.0337
vn 0.5024 0.8639 -0.0345
vn 0.0539 0.9962 0.0689
vn 0.027 0.9996 0.0103
vn 0.4486 0.8803 -0.1541
vn 0.4486 0.8803 -0.1541
vn 0.027 0.9996 0.0103
vn 0.024 0.9997 -0.0005
vn 0.3551 0.9041 -0.238
vn 0.502 0.863 -0.0562
vn 0.5024 0.8639 -0.0345
vn 0.4486 0.8803 -0.1541
vn 0.4419 0.8803 -0.1728
vn 0.4419 0.8803 -0.1728
vn 0.4486 0.8803 -0.1541
vn 0.3551 0.9041 -0.238
vn 0.3543 0.8992 -0.2568
vn 0.3543 0.8992 -0.2568
vn 0.3551 0.9041 -0.238
vn 0.2345 0.9348 -0.2667
vn 0.251 0.9186 -0.3052
vn 0.5482 0.8307 0.0969
vn 0.5249 0.843 0.1175
vn 0.5024 0.8639 -0.0345
vn 0.502 0.863 -0.0562
vn 0.5249 0.843 0.1175
vn 0.055 0.9953 0.0794
vn 0.0539 0.9962 0.0689
vn 0.5024 0.8639 -0.0345
vn 0.4798 0.8157 0.3232
vn 0.0493 0.9515 0.3036
vn 0.055 0.9953 0.0794
vn 0.5249 0.843 0.1175
vn 0.5328 0.8112 0.241
vn 0.4798 0.8157 0.3232
vn 0.5249 0.843 0.1175
vn 0.5482 0.8307 0.0969
vn 0.0545 0.9956 0.0757
vn 0.055 0.9953 0.0794
vn 0.0493 0.9515 0.3036
vn 0.4652 0.7788 0.4208
vn 0.4415 0.7546 0.4854
vn 0.4798 0.8157 0.3232
vn 0.5328 0.8112 0.241
vn 0.2067 0.487 -0.8486
vn 0.0973 0.4125 -0.9057
vn 0.0618 0.9518 -0.3003
vn 0.1268 0.946 -0.2985
vn 0.3814 0.4482 -0.8085
vn 0.2067 0.487 -0.8486
vn 0.1268 0.946 -0.2985
vn 0.2632 0.9178 -0.2972
vn 0.3146 -0.3198 -0.8937
vn 0.1759 -0.2202 -0.9595
vn 0.2067 0.487 -0.8486
vn 0.3814 0.4482 -0.8085
vn 0.1759 -0.2202 -0.9595
vn 0.1554 -0.1442 -0.9773
vn 0.0973 0.4125 -0.9057
vn 0.2067 0.487 -0.8486
vn 0.4757 -0.3672 -0.7993
vn 0.3146 -0.3198 -0.8937
vn 0.3814 0.4482 -0.8085
vn 0.7139 0.2278 -0.6622
vn 0.7139 0.2278 -0.6622
vn 0.3814 0.4482 -0.8085
vn 0.2632 0.9178 -0.2972
vn 0.5772 0.7405 -0.3442
vn 0.4503 -0.2938 -0.8432
vn 0.4757 -0.3672 -0.7993
vn 0.7139 0.2278 -0.6622
vn 0.8273 0.0559 -0.559
vn -0.9356 -0.353 -0
vn -0.9752 -0.2215 -0
vn -0.6802 -0.733 -0
vn -0.4683 -0.8836 -0
vn -0.4683 -0.8836 -0
vn -0.6802 -0.733 -0
vn -0.2304 -0.9731 -0
vn -0.1821 -0.9833 -0
vn 0.3189 -0.3418 -0.884
vn 0.3183 -0.3479 -0.8819
vn 0.2944 -0.3921 -0.8715
vn 0.3032 -0.4005 -0.8647
vn 0.3032 -0.4005 -0.8647
vn 0.2944 -0.3921 -0.8715
vn 0.2486 -0.343 -0.9058
vn 0.2524 -0.3501 -0.9021
vn 0.7983 -0.6023 -0
vn 0.7912 -0.6115 -0
vn 0.9848 -0.1734 -0
vn 0.9793 -0.2023 -0
vn 0.9793 -0.2023 -0
vn 0.9848 -0.1734 -0
vn 0.9994 -0.0339 -0
vn 0.9994 -0.0335 -0
vn 0.2526 -0.9676 -0
vn 0.209 -0.9779 -0
vn 0.7912 -0.6115 -0
vn 0.7983 -0.6023 -0
vn 0.2524 -0.3501 -0.9021
vn 0.2486 -0.343 -0.9058
vn 0.1872 -0.2296 -0.9551
vn 0.1872 -0.2296 -0.9551
vn -0.0414 -0.9991 -0
vn -0.0606 -0.9982 -0
vn 0.209 -0.9779 -0
vn 0.2526 -0.9676 -0
vn 0.0544 0.0108 -0.9985
vn 0.0973 0.4125 -0.9057
vn 0.1554 -0.1442 -0.9773
vn 0.1887 -0.1025 -0.9767
vn -0.1821 -0.9833 -0
vn -0.2304 -0.9731 -0
vn -0.0606 -0.9982 -0
vn -0.0414 -0.9991 -0
vn 0.9994 -0.0335 -0
vn 0.9994 -0.0339 -0
vn 0.9822 0.1879 -0
vn 0.9985 0.0539 -0
vn 0.3197 -0.3164 -0.8931
vn 0.3198 -0.3164 -0.8931
vn 0.3183 -0.3479 -0.8819
vn 0.3189 -0.3418 -0.884
vn -0.9995 -0.0301 -0
vn -0.9999 0.0154 -0
vn -0.9752 -0.2215 -0
vn -0.9356 -0.353 -0
vn 0.7878 -0.0346 -0.615
vn 0.4096 -0.2487 -0.8777
vn 0.4503 -0.2938 -0.8432
vn 0.8273 0.0559 -0.559
vn 0.3886 0.7413 0.5473
vn 0.3666 0.731 0.5756
vn 0.4415 0.7546 0.4854
vn 0.4652 0.7788 0.4208
vn 0.2539 0.7209 0.6448
vn 0.2481 0.7258 0.6416
vn 0.3666 0.731 0.5756
vn 0.3886 0.7413 0.5473
vn 0.1056 0.722 0.6838
vn 0.1058 0.732 0.6731
vn 0.2481 0.7258 0.6416
vn 0.2539 0.7209 0.6448
vn -0.0807 0.7314 0.6771
vn -0.056 0.7378 0.6727
vn 0.1058 0.732 0.6731
vn 0.1056 0.722 0.6838
vn -0.2371 0.7412 0.6281
vn -0.2062 0.749 0.6296
vn -0.056 0.7378 0.6727
vn -0.0807 0.7314 0.6771
vn -0.3721 0.7625 0.5292
vn -0.3287 0.7703 0.5465
vn -0.2062 0.749 0.6296
vn -0.2371 0.7412 0.6281
vn -0.3287 0.7703 0.5465
vn 0.0575 0.9677 0.2456
vn -0.0208 0.9574 0.2879
vn -0.2062 0.749 0.6296
vn -0.4584 0.7969 0.3936
vn -0.4194 0.7935 0.441
vn -0.3287 0.7703 0.5465
vn -0.3721 0.7625 0.5292
vn -0.1119 0.956 -0.2711
vn -0.0889 0.9727 -0.2144
vn -0.1572 0.9694 -0.1886
vn -0.1915 0.9516 -0.2404
vn -0.1915 0.9516 -0.2404
vn -0.1572 0.9694 -0.1886
vn -0.2414 0.9571 -0.1599
vn -0.2778 0.9396 -0.1999
vn -0.0007 0.9372 0.3487
vn 0.103 0.8014 0.5892
vn -0.0293 0.8117 0.5834
vn -0.0684 0.9445 0.3212
vn -0.4609 0.7607 0.457
vn -0.1868 0.8045 0.5638
vn -0.3295 0.8601 0.3894
vn -0.4677 0.8211 0.3272
vn -0.4677 0.8211 0.3272
vn -0.3295 0.8601 0.3894
vn -0.3337 0.8952 0.2955
vn -0.4536 0.855 0.2514
vn -0.7117 0.6189 0.3324
vn -0.4609 0.7607 0.457
vn -0.4677 0.8211 0.3272
vn -0.7068 0.6705 0.2258
vn -0.7068 0.6705 0.2258
vn -0.4677 0.8211 0.3272
vn -0.4536 0.855 0.2514
vn -0.6914 0.7027 0.1683
vn -0.7068 0.6705 0.2258
vn -0.9111 0.401 0.0948
vn -0.91 0.3668 0.1932
vn -0.7117 0.6189 0.3324
vn -0.6914 0.7027 0.1683
vn -0.9172 0.398 0.0176
vn -0.9111 0.401 0.0948
vn -0.7068 0.6705 0.2258
vn -0.4203 0.8846 0.2021
vn -0.6829 0.7217 0.1133
vn -0.6914 0.7027 0.1683
vn -0.4536 0.855 0.2514
vn -0.6829 0.7217 0.1133
vn -0.9303 0.3612 -0.0645
vn -0.9172 0.398 0.0176
vn -0.6914 0.7027 0.1683
vn -0.6782 0.7331 0.0504
vn -0.6829 0.7217 0.1133
vn -0.4203 0.8846 0.2021
vn -0.3609 0.9199 0.1536
vn -0.6782 0.7331 0.0504
vn -0.9377 0.3201 -0.1353
vn -0.9303 0.3612 -0.0645
vn -0.6829 0.7217 0.1133
vn -0.659 0.7518 -0.0218
vn -0.9429 0.2737 -0.1897
vn -0.9377 0.3201 -0.1353
vn -0.6782 0.7331 0.0504
vn -0.4355 0.6357 0.6374
vn -0.4609 0.7607 0.457
vn -0.7117 0.6189 0.3324
vn -0.6855 0.5317 0.4973
vn -0.6584 0.7446 -0.1097
vn -0.9471 0.2208 -0.233
vn -0.9429 0.2737 -0.1897
vn -0.659 0.7518 -0.0218
vn 0.0807 0.7314 0.6771
vn -0.1056 0.722 0.6838
vn -0.108 0.732 0.6727
vn 0.0542 0.7377 0.673
vn 0.2371 0.7412 0.6281
vn 0.0807 0.7314 0.6771
vn 0.0542 0.7377 0.673
vn 0.2062 0.749 0.6296
vn 0.3722 0.7625 0.5292
vn 0.2371 0.7412 0.6281
vn 0.2062 0.749 0.6296
vn 0.3287 0.7702 0.5465
vn 0.4584 0.7969 0.3936
vn 0.3722 0.7625 0.5292
vn 0.3287 0.7702 0.5465
vn 0.4194 0.7935 0.441
vn 0.489 0.8416 0.2292
vn 0.4584 0.7969 0.3936
vn 0.4194 0.7935 0.441
vn 0.4704 0.8351 0.285
vn 0.4774 0.8755 0.0747
vn 0.489 0.8416 0.2292
vn 0.4704 0.8351 0.285
vn 0.4759 0.8736 0.1018
vn 0.4335 0.8997 -0.0515
vn 0.4774 0.8755 0.0747
vn 0.4759 0.8736 0.1018
vn 0.4339 0.9007 -0.0219
vn 0.3674 0.9196 -0.1388
vn 0.4335 0.8997 -0.0515
vn 0.4339 0.9007 -0.0219
vn 0.3459 0.9315 -0.1123
vn 0.2778 0.9396 -0.1999
vn 0.3674 0.9196 -0.1388
vn 0.3459 0.9315 -0.1123
vn 0.2415 0.9571 -0.1599
vn 0.1915 0.9516 -0.2404
vn 0.2778 0.9396 -0.1999
vn 0.2415 0.9571 -0.1599
vn 0.1572 0.9694 -0.1886
vn 0.1119 0.956 -0.2711
vn 0.1915 0.9516 -0.2404
vn 0.1572 0.9694 -0.1886
vn 0.0889 0.9727 -0.2144
vn 0.0336 0.954 -0.2979
vn 0.1119 0.956 -0.2711
vn 0.0889 0.9727 -0.2144
vn 0.0229 0.9709 -0.2385
vn -0.0511 0.9466 -0.3184
vn 0.0336 0.954 -0.2979
vn 0.0229 0.9709 -0.2385
vn -0.0481 0.9644 -0.26
vn -0.1464 0.9347 -0.3239
vn -0.0511 0.9466 -0.3184
vn -0.0481 0.9644 -0.26
vn -0.1328 0.9531 -0.2719
vn -0.251 0.9186 -0.3052
vn -0.1464 0.9347 -0.3239
vn -0.1328 0.9531 -0.2719
vn -0.2346 0.9348 -0.2667
vn -0.3543 0.8992 -0.2568
vn -0.251 0.9186 -0.3052
vn -0.2346 0.9348 -0.2667
vn -0.3551 0.9041 -0.238
vn -0.4419 0.8803 -0.1729
vn -0.3543 0.8992 -0.2568
vn -0.3551 0.9041 -0.238
vn -0.4486 0.8803 -0.1541
vt 0 1
vt 0 0
vt 1 0
vt 1 1
vt 0 1
vt 0 0
vt 1 0
vt 1 1
vt 0 1
vt 0 0
vt 1 0
vt 1 1
vt 1 0
vt 0 0
vt 0 0
vt 1 0
vt 1 0
vt 0 0
vt 0 0
vt 1 0
vt 0 1
vt 1 1
vt 1 0
vt 0 0
vt 0 1
vt 1 1
vt 1 0
vt 0 0
vt 0 1
vt 1 1
vt 1 0
vt 0 0
vt 1 0
vt 0 0
vt 0 0
vt 1 0
vt 0 1
vt 1 1
vt 1 0
vt 0 0
vt 1 0
vt 0 0
vt 0 0
vt 1 0
vt 0 1
vt 0 0
vt 1 0
vt 1 1
vt 0 1
vt 0 0
vt 0.5 0
vt 0.5 1
vt 0.5 0
vt 0 0
vt 0 0
vt 0.5 0
vt 0.5 0
vt 1 0
vt 1 1
vt 0.5 1
vt 1 0
vt 0.5 0
vt 0.5 0
vt 1 0
vt 0.5 0
vt 0.5 1
vt 1 1
vt 1 0
vt 0 1
vt 0.5 1
vt 0.5 0
vt 0 0
vt 0 1
vt 0.5 1
vt 0.5 0
vt 0 0
vt 0.5 0
vt 0 0
vt 0 0
vt 0.5 0
vt 0.5 0
vt 0.5 1
vt 1 1
vt 1 0
vt 1 0
vt 0.5 0
vt 0.5 0
vt 1 0
vt 0 1
vt 0 0
vt 0.5 0
vt 0.5 1
vt 0.5 0
vt 1 0
vt 1 1
vt 0.5 1
vt 0 1
vt 0 0
vt 1 0
vt 1 1
vt 1 0
vt 0 0
vt 0 0
vt 1 0
vt 0 1
vt 0 0
vt 1 0
vt 1 1
vt 1 0
vt 0 0
vt 0 0
vt 1 0
vt 0 1
vt 1 1
vt 1 0
vt 0 0
vt 0 1
vt 1 1
vt 1 0
vt 0 0
vt 0 1
vt 1 1
vt 1 0
vt 0 0
vt 1 0
vt 0 0
vt 0 0
vt 1 0
vt 0 1
vt 1 1
vt 1 0
vt 0 0
vt 1 0
vt 0 0
vt 0 0
vt 1 0
vt 0 1
vt 0 0
vt 1 0
vt 1 1
vt 0 1
vt 0 0
vt 1 0
vt 1 1
vt 0 1
vt 0 0
vt 1 0
vt 1 1
vt 1 0
vt 0 0
vt 0 0
vt 1 0
vt 0 1
vt 0 0
vt 1 0
vt 1 1
vt 1 0
vt 0 0
vt 0 0
vt 1 0
vt 0 1
vt 1 1
vt 1 0
vt 0 0
vt 0 1
vt 1 1
vt 1 0
vt 0 0
vt 0 1
vt 1 1
vt 1 0
vt 0 0
vt 1 0
vt 0 0
vt 0 0
vt 1 0
vt 0 1
vt 1 1
vt 1 0
vt 0 0
vt 1 0
vt 0 0
vt 0 0
vt 1 0
vt 0 1
vt 0 0
vt 1 0
vt 1 1
vt 0 1
vt 0 0
vt 1 0
vt 1 1
vt 0 1
vt 0 0
vt 0.4 0
vt 0.4 1
vt 0.4 0
vt 0 0
vt 0 0
vt 0.4 0
vt 0.4 0
vt 1 0
vt 1 1
vt 0.4 1
vt 1 0
vt 0.4 0
vt 0.4 0
vt 1 0
vt 0.4 0
vt 0.4 1
vt 1 1
vt 1 0
vt 0 1
vt 0.4 1
vt 0.4 0
vt 0 0
vt 0 1
vt 0.5 1
vt 0.5 0
vt 0 0
vt 0.5 0
vt 0 0
vt 0 0
vt 0.5 0
vt 0.5 0
vt 0.5 1
vt 1 1
vt 1 0
vt 1 0
vt 0.5 0
vt 0.5 0
vt 1 0
vt 0 1
vt 0 0
vt 0.5 0
vt 0.5 1
vt 0.5 0
vt 1 0
vt 1 1
vt 0.5 1
vt 0 1
vt 0 0
vt 1 0
vt 1 1
vt 1 0
vt 0 0
vt 0 0
vt 1 0
vt 0 1
vt 0 0
vt 1 0
vt 1 1
vt 1 0
vt 0 0
vt 0 0
vt 1 0
vt 0 1
vt 1 1
vt 1 0
vt 0 0
vt 0 1
vt 1 1
vt 1 0
vt 0 0
vt 0 1
vt 1 1
vt 1 0
vt 0 0
vt 1 0
vt 0 0
vt 0 0
vt 1 0
vt 0 1
vt 1 1
vt 1 0
vt 0 0
vt 1 0
vt 0 0
vt 0 0
vt 1 0
vt 0 1
vt 0 0
vt 1 0
vt 1 1
vt 0 1
vt 0 0
vt 1 0
vt 1 1
vt 0 1
vt 1 1
vt 1 0
vt 0 0
vt 0 1
vt 1 1
vt 1 0
vt 0 0
vt 0 1
vt 1 1
vt 1 0
vt 0 0
vt 0 1
vt 1 1
vt 1 0
vt 0 0
vt 0 1
vt 0.93769 0.598523
vt 0 0
vt 0 1
vt 1 1
vt 1.09066 0.155449
vt 0 0
vt 0.3516 0.361238
vt 1 0
vt 1 0
vt 0.023153 0.029539
vt 0.76377 0.76377
vt 1 0
vt 1 0
vt 0.3516 0.361238
vt 0 1
vt 1.07779 0.968962
vt 1 0
vt 0 0
vt 1 0
vt 1 0
vt 0.76377 0.76377
vt 1 1
vt 0.23623 1
vt 0.23623 0
vt 0 0
vt 0 1
vt 0 1
vt 1 1
vt 1 0
vt 0 0
vt 0 1
vt 1 1
vt 1 0
vt 0 0
vt 0 1
vt 1 1
vt 1 0
vt 0 0
vt 0 1
vt 1 1
vt 1 0
vt 0 0
vt 0 1
vt 1 1
vt 1 0
vt 0 0
vt 0 1
vt 1 1
vt 1 0
vt 0 0
vt 0 1
vt 1 1
vt 1 0
vt 0 0
vt 0 1
vt 1 1
vt 1 0
vt 0 0
vt 0 1
vt 1 1
vt 1 0
vt 0 0
vt 0 1
vt 1 1
vt 1 0
vt 1 0.23623
vt 1 0.920245
vt 1 1
vt 1 0
vt 1 0.156475
vt 1 0.841781
vt 1 1
vt 1 0
vt 0 1
vt 1 1
vt 1 0
vt 0 0
vt 0.23623 0.841781
vt 0.23623 0
vt 0 0
vt 0 1
vt 0 0.925479
vt 0.673611 0.921344
vt 0.483053 0.875422
vt 0 0.881971
vt 0 1
vt 1 1
vt 1 0
vt 0 0
vt 0 1
vt 1 1
vt 1 0
vt 0 0
vt 0 1
vt 1 1
vt 1 0
vt 0 0
vt 0 1
vt 1 1
vt 1 0
vt 0 0
vt 0 1
vt 1 1
vt 1 0
vt 0 0
vt 0 1
vt 1 1
vt 1 0
vt 0 0
vt 0 1
vt 1 1
vt 1 0
vt 0 0
vt 0 1
vt 1 1
vt 1.48484 0.098391
vt 0 0
vt 0 1
vt 1 1
vt 1 0
vt 0 0
vt 0 1
vt 0.982268 0.76663
vt 1 0
vt 2.47849 -0.981195
vt 0.932147 -0.262679
vt 0 1
vt 1 1
vt 0.841057 0.96133
vt 0.673611 0.921344
vt 0 0
vt 0.982268 0.76663
vt 0 1
vt 1 1
vt 0.932147 -0.262679
vt 0 0
vt 1 0.635237
vt 1 0.503655
vt 1 0.513515
vt 1 1
vt 0.513515 0
vt 0.513515 1
vt 1 1
vt 1 0
vt 0 1
vt 1 1
vt 1 0
vt 0 0
vt 0 1
vt 1 1
vt 1 0
vt 0 0
vt 0 1
vt 1 1
vt 1 0
vt 0 0
vt 0 1
vt 1 1
vt 1 0
vt 0 0
vt 0 1
vt 1 1
vt 1 0
vt 0 0
vt 0 1
vt 1 1
vt 1 0
vt 0 0
vt 0 1
vt 1 1
vt 1 0
vt 0 0
vt 0 1
vt 1 1
vt 1.88284 -0.163094
vt 0 0
vt 0 1
vt 1 1
vt 1 0
vt 0 0
vt 0 1
vt 1 1
vt 1 0
vt 0 0
vt 1 0.184246
vt 1 0.471338
vt 1 0.497701
vt 1 0.387105
vt 1 0.497701
vt 1 0.503655
vt 1 0.635237
vt 1 0.387105
vt 0 1
vt 1 1
vt 1 0
vt 0 0
vt 0 1
vt 1 1
vt 1 0
vt 0 0
vt 0 1
vt 1 1
vt 1 0
vt 0 0
vt 0 1
vt 1 1
vt 1 0
vt 0 0
vt 0 1
vt 1 1
vt 1 0
vt 0 0
vt 0 1
vt 1 1
vt 1 0
vt 0 0
vt 0 1
vt 1 1
vt 1 0
vt 0 1
vt 1 1
vt 1 0
vt 0 0
vt 0 1
vt 1 1
vt 1 0
vt 0 0
vt 0 1
vt 1 1
vt 1 0
vt 0 0
vt 0 1
vt 1 1
vt 1 0
vt 0 0
vt 0 1
vt 1 1
vt 1 0
vt 0 0
vt 1 0
vt 1 0.486485
vt 1 0.471338
vt 1 0.184246
vt 0 1
vt 1 1
vt 1.02421 0.163145
vt 0.00236 -0.00442004
vt 1 0.497701
vt 1 0.471338
vt 1 0.774382
vt 1 0.585071
vt 1 0.471338
vt 1 0.486485
vt 1 1
vt 1 0.774382
vt 0 1
vt 1 1
vt 0.486485 0.486485
vt 0 1
vt 0 1
vt 0.486485 0.486485
vt 0 0
vt 0 1
vt 0 0.414026
vt 1 0.414026
vt 1 0.201418
vt 0 0.201418
vt 0 0.201418
vt 1 0.201418
vt 1 0
vt 0 0
vt 0 1
vt 1 1
vt 1 0
vt 0 0
vt 0 1
vt 1 0.5
vt 0 0
vt 0.47047 0
vt 0.47047 1
vt 1 1
vt 1 0
vt 0 1
vt 1 1
vt 1 0
vt 0 0
vt 0 1
vt 1 1
vt 1 0.47047
vt 0 0.47047
vt 0 0.47047
vt 1 0.47047
vt 1 0
vt 0 0
vt 0 1
vt 0.47047 1
vt 0.47047 0
vt 0 0
vt 0 1
vt 1 1
vt 1 0
vt 0 0
vt 0 1
vt 1 1
vt 1 0
vt 0 0
vt 1 0
vt 1 0
vt 0 0
vt 1 0.47047
vt 0 0
vt 0 1
vt 1 1
vt 1 0
vt 0 1
vt 1 1
vt 1 0
vt 0 0
vt 0 1
vt 1 1
vt 1 0
vt 0 0
vt 0 0.421376
vt 1 0.421376
vt 1 0
vt 0 0
vt 0 1
vt 1 1
vt 1 0.714244
vt 0 0.714244
vt 0 0.714244
vt 1 0.714244
vt 1 0.248714
vt 0 0.248714
vt 0 1
vt 1 1
vt 1 0
vt 0 0
vt 0 0.248714
vt 1 0.248714
vt 1 0
vt 0 0
vt 0 1
vt 1 1
vt 1 0
vt 0 0
vt 0 1
vt 1 1
vt 1 0
vt 0 0
vt 0 1
vt 1 1
vt 1 0.770769
vt 0 0.770769
vt 0 1
vt 1 1
vt 1 0.770769
vt 0 0.770769
vt 0 0.770769
vt 1 0.770769
vt 1 0.561352
vt 0 0.561352
vt 0 0.770769
vt 1 0.770769
vt 1 0.561352
vt 0 0.561352
vt 0 0.561352
vt 1 0.561352
vt 1 0.266576
vt 0 0.266576
vt 0 0.561352
vt 1 0.561352
vt 1 0.266576
vt 0 0.266576
vt 0 0.561352
vt 1 0.561352
vt 1 0.266576
vt 0 0.266576
vt 0 0.770769
vt 1 0.770769
vt 1 0.561352
vt 0 0.561352
vt 0 1
vt 1 1
vt 1 0.770769
vt 0 0.770769
vt 0 1
vt 1 1
vt 1 0
vt 0 0
vt 0 1
vt 1 1
vt 1 0.527395
vt 0 0.527395
vt 0 0.527395
vt 1 0.527395
vt 1 0
vt 0 0
vt 0 1
vt 1 0.756069
vt 0 0.512139
vt 0 1
vt 1 1
vt 1 0
vt 0 0
vt 0 0
vt 0 0
vt 0 0
vt 0 0
vt 0 0
vt 0 0
vt 0 0
vt 0 0
vt 0 1
vt 1 1
vt 1 0
vt 0 0
vt 0 1
vt 1 1
vt 1 0
vt 0 0
vt 0 0
vt 0 0
vt 0 0
vt 0 0
vt 0 1
vt 1 1
vt 1 0
vt 0 0
vt 0 0
vt 0 0
vt 0 0
vt 0 0
vt 0 1
vt 1 1
vt 1 0
vt 0 0
vt 0 1
vt 1 1
vt 1 0
vt 0 0
vt 0 1
vt 1 1
vt 1 0
vt 0 0
vt 0 0
vt 0 0
vt 0 0
vt 0 0
vt 0 1
vt 1 1
vt 1 0
vt 0 0
vt 0 0
vt 0 0
vt 0 0
vt 0 0
vt 0 1
vt 1 1
vt 1 0
vt 0 0
vt 0 1
vt 1 1
vt 1 0
vt 0 0
vt 0 1
vt 1 1
vt 1 0
vt 0 0
vt 1 1
vt 1 0.421376
vt 0 0.421376
vt 0 1
vt 0 1
vt 1 1
vt 1 0
vt 0 0
vt 0 1
vt 1 1
vt 1 0
vt 0 0
vt 0 1
vt 1 1
vt 1 0
vt 0 0
vt 0 1
vt 1 1
vt 1 0
vt 0 0
vt 0 1
vt 1 1
vt 1 0
vt 0 0
vt 0 1
vt 1 1
vt 1 0
vt 0 0
vt 0 1
vt 1 1
vt 1 0
vt 0 0
vt 0 1
vt 1 1
vt 1 0
vt 0 0
vt 0 1
vt 1 1
vt 1 0
vt 0 0
vt 0 1
vt 1 1
vt 1 0
vt 0 0
vt 0 1
vt 1 1
vt 1 0
vt 0 0
vt 1 0
vt 1 0
vt 0 0
vt 1 1
vt 0 0
vt 1 0
vt 0 0
vt 1 0
vt 0 0
vt 0 0.247866
vt 1 0.247866
vt 1 0
vt 0 1
vt 1 1
vt 1 0
vt 0 0
vt 0 0.501779
vt 1 0.501779
vt 1 0.247866
vt 0 0.247866
vt 0 0.757141
vt 1 0.757141
vt 1 0.501779
vt 0 0.501779
vt 0 1
vt 1 1
vt 1 0.757141
vt 0 0.757141
vt 0 1
vt 1 1
vt 1 0
vt 0 0
vt 0 1
vt 1 1
vt 1 0.881943
vt 0 0.881943
vt 0 0.881943
vt 1 0.881943
vt 1 0.749924
vt 0 0.749924
vt 0 1
vt 1 1
vt 1 0
vt 0 0
vt 0 1
vt 1 1
vt 1 0
vt 0 0
vt 0 1
vt 1 1
vt 1 0
vt 0 0
vt 0 1
vt 1 1
vt 1 0
vt 0 0
vt 0 1
vt 1 1
vt 1 0
vt 0 0
vt 0 1
vt 1 1
vt 1 0
vt 0 0
vt 0 1
vt 1 1
vt 1 0
vt 0 0
vt 0 1
vt 1 1
vt 1 0.717766
vt 0 0.717766
vt 0 0.717766
vt 1 0.717766
vt 1 0.42156
vt 0 0.42156
vt 0 0.42156
vt 1 0.42156
vt 1 0.214307
vt 0 0.214307
vt 0 0.214307
vt 1 0.214307
vt 1 0
vt 0 0
vt 0 1
vt 1 1
vt 1 0
vt 0 0
vt 0 0.228524
vt 1 0.228524
vt 1 0.104264
vt 0 0.104264
vt 0 0.104264
vt 1 0.104264
vt 1 0
vt 0 0
vt 0 1
vt 1 1
vt 1 0.870495
vt 0 0.870495
vt 0 0.870495
vt 1 0.870495
vt 1 0.522725
vt 0 0.522725
vt 0 0.522725
vt 1 0.522725
vt 1 0
vt 0 0
vt 0 0.522725
vt 0 0
vt 1 0
vt 1 0.522725
vt 0 0.870495
vt 0 0.522725
vt 1 0.522725
vt 1 0.870495
vt 0 1
vt 0 0.870495
vt 1 0.870495
vt 1 1
vt 0 0.104264
vt 0 0
vt 1 0
vt 1 0.104264
vt 0 0.228524
vt 0 0.104264
vt 1 0.104264
vt 1 0.228524
vt 0 1
vt 0 0.717766
vt 1 0.717766
vt 1 1
vt 0 0.717766
vt 0 0.42156
vt 1 0.42156
vt 1 0.717766
vt 0 0.42156
vt 0 0.214307
vt 1 0.214307
vt 1 0.42156
vt 0 0.214307
vt 0 0
vt 1 0
vt 1 0.214307
vt 0 1
vt 0 0
vt 1 0
vt 1 1
vt 0 1
vt 0 0.757141
vt 1 0.757141
vt 1 1
vt 0 0.757141
vt 0 0.501779
vt 1 0.501779
vt 1 0.757141
vt 0 0.501779
vt 0 0.247866
vt 1 0.247866
vt 1 0.501779
vt 0 0
vt 1 0
vt 1 0.247866
vt 0 0.247866
vt 0 1
vt 0 0
vt 1 0
vt 1 1
vt 0 1
vt 0 0
vt 1 0
vt 1 1
vt 0 1
vt 0 0
vt 1 0
vt 1 1
vt 0 1
vt 0 0
vt 1 0
vt 1 1
vt 0 1
vt 0 0
vt 1 0
vt 1 1
vt 0 1
vt 0 0
vt 1 0
vt 1 1
vt 0 1
vt 0 0
vt 1 0
vt 1 1
vt 0 1
vt 0 0
vt 1 0
vt 1 1
vt 0 1
vt 0 0
vt 1 0
vt 1 1
vt 0 1
vt 0 0
vt 1 0
vt 1 1
vt 0 1
vt 0 0
vt 1 0
vt 1 1
vt 0 1
vt 0 0
vt 1 0
vt 1 1
vt 1 0
vt 1 0
vt 1 0
vt 1 0
vt 1 0
vt 1 0
vt 1 0
vt 1 0
vt 0 1
vt 0 0
vt 1 0
vt 1 1
vt 0 1
vt 0 0.512139
vt 1 0.756069
vt 0 0.527395
vt 0 0
vt 1 0
vt 1 0.527395
vt 0 1
vt 0 0.527395
vt 1 0.527395
vt 1 1
vt 0 1
vt 0 0
vt 1 0
vt 1 1
vt 0 1
vt 0 0.770769
vt 1 0.770769
vt 1 1
vt 0 0.770769
vt 0 0.561352
vt 1 0.561352
vt 1 0.770769
vt 0 0.561352
vt 0 0.266576
vt 1 0.266576
vt 1 0.561352
vt 0 0.266576
vt 0 0
vt 1 0
vt 1 0.266576
vt 0 0.266576
vt 1 0.266576
vt 1 0
vt 0 0
vt 0 0.266576
vt 1 0.266576
vt 1 0
vt 0 0
vt 0 0.266576
vt 0 0
vt 1 0
vt 1 0.266576
vt 0 0.266576
vt 1 0.266576
vt 1 0
vt 0 0
vt 0 0.266576
vt 0 0
vt 1 0
vt 1 0.266576
vt 0 0.561352
vt 0 0.266576
vt 1 0.266576
vt 1 0.561352
vt 0 0.561352
vt 0 0.266576
vt 1 0.266576
vt 1 0.561352
vt 0 0.770769
vt 0 0.561352
vt 1 0.561352
vt 1 0.770769
vt 0 0.770769
vt 0 0.561352
vt 1 0.561352
vt 1 0.770769
vt 0 1
vt 0 0.770769
vt 1 0.770769
vt 1 1
vt 0 1
vt 0 0.770769
vt 1 0.770769
vt 1 1
vt 0.23623 1
vt 0 1
vt 0 0
vt 0.23623 0
vt 1 0.23623
vt 1 0
vt 1 1
vt 1 0.920245
vt 0 1
vt 0 0
vt 1 0
vt 1 1
vt 0 1
vt 0 0
vt 1 0
vt 1 1
vt 0 1
vt 0 0
vt 1 0
vt 1 1
vt 0 1
vt 0 0
vt 1 0
vt 1 1
vt 0 1
vt 0 0
vt 1 0
vt 1 1
vt 0 1
vt 0 0
vt 1 0
vt 1 1
vt 0 1
vt 0 0
vt 1 0
vt 1 1
vt 0 1
vt 0 0
vt 1 0
vt 1 1
vt 0 1
vt 0 0
vt 1 0
vt 1 1
vt 0 1
vt 0 0
vt 1 0
vt 1 1
vt 0 1
vt 0 0
vt 1 0
vt 1 1
vt 0 1
vt 0 0
vt 1 0
vt 1 1
vt 0 1
vt 1 0
vt 1 1
vt 0 1
vt 0 0
vt 1 0
vt 1 1
vt 0 1
vt 0 0
vt 1 0
vt 1 1
vt 0 1
vt 0 0
vt 1 0
vt 1 1
vt 0 1
vt 0 0
vt 1 0
vt 1 1
vt 0 0.925479
vt 0 0.881971
vt 0.483053 0.875422
vt 0.673611 0.921344
vt 0.23623 0.841781
vt 0 1
vt 0 0
vt 0.23623 0
vt 1 0.156475
vt 1 0
vt 1 1
vt 1 0.841781
vt 0.841057 0.96133
vt 0.982268 0.76663
vt 0 0
vt 0.673611 0.921344
vt 0 1
vt 0 0
vt 1.48484 0.098391
vt 1 1
vt 0 1
vt 0 0
vt 1 0
vt 1 1
vt 0 1
vt 0 0
vt 1 0
vt 1 1
vt 0 1
vt 0 0
vt 1 0
vt 1 1
vt 0 1
vt 0 0
vt 1 0
vt 1 1
vt 0 1
vt 0 0
vt 1 0
vt 1 1
vt 0 1
vt 0 0
vt 1 0
vt 1 1
vt 0 1
vt 0 0
vt 1 0
vt 1 1
vt 0 1
vt 0 0
vt 1 0
vt 1 1
vt 0 1
vt 0 0
vt 1 0
vt 1 1
vt 0 1
vt 0 0
vt 1 0
vt 1 1
vt 1 0
vt 1 0
vt 0 0
vt 0 0
vt 1 0
vt 1 0
vt 0 0
vt 0 0
vt 0 1
vt 1 1
vt 1 0
vt 0 0
vt 0 1
vt 1 1
vt 1 0
vt 0 0
vt 0 1
vt 1 1
vt 1 0
vt 0 0
vt 1 0
vt 1 0
vt 0 0
vt 0 0
vt 0 1
vt 1 1
vt 1 0
vt 0 0
vt 1 0
vt 1 0
vt 0 0
vt 0 0
vt 0 1
vt 0 0
vt 1 0
vt 1 1
vt 0 1
vt 0 0
vt 1 0
vt 1 1
vt 1 0
vt 1 0
vt 0 0
vt 0 0
vt 0 1
vt 0 0
vt 0.4 0
vt 0.4 1
vt 0.4 0
vt 0.4 0
vt 0 0
vt 0 0
vt 0 1
vt 1 1
vt 1 0
vt 0 0
vt 0 1
vt 0.4 1
vt 0.4 0
vt 0 0
vt 0.4 0
vt 0.4 1
vt 1 1
vt 1 0
vt 1 0
vt 1 0
vt 0.4 0
vt 0.4 0
vt 0 1
vt 0.5 1
vt 0.5 0
vt 0 0
vt 0.5 0
vt 0.5 0
vt 0 0
vt 0 0
vt 0.4 0
vt 1 0
vt 1 1
vt 0.4 1
vt 0 1
vt 0 0
vt 0.5 0
vt 0.5 1
vt 0.5 0
vt 1 0
vt 1 1
vt 0.5 1
vt 1 0
vt 1 0
vt 0.5 0
vt 0.5 0
vt 0 1
vt 0 0
vt 1 0
vt 1 1
vt 1 0
vt 1 0
vt 0 0
vt 0 0
vt 0.5 0
vt 0.5 1
vt 1 1
vt 1 0
vt 0 1
vt 1 1
vt 1 0
vt 0 0
vt 0 1
vt 1 1
vt 1 0
vt 0 0
vt 1 0
vt 1 0
vt 0 0
vt 0 0
vt 0 1
vt 1 1
vt 1 0
vt 0 0
vt 1 0
vt 1 0
vt 0 0
vt 0 0
vt 0 1
vt 0 0
vt 1 0
vt 1 1
vt 0 1
vt 0 0
vt 1 0
vt 1 1
vt 0 1
vt 0 0
vt 1 0
vt 1 1
vt 1 0
vt 1 0
vt 0 0
vt 0 0
vt 0 1
vt 0 0
vt 1 0
vt 1 1
vt 1 0
vt 1 0
vt 0 0
vt 0 0
vt 0 1
vt 1 1
vt 1 0
vt 0 0
vt 0 1
vt 1 1
vt 1 0
vt 0 0
vt 0 1
vt 1 1
vt 1 0
vt 0 0
vt 1 0
vt 1 0
vt 0 0
vt 0 0
vt 0 1
vt 1 1
vt 1 0
vt 0 0
vt 1 0
vt 1 0
vt 0 0
vt 0 0
vt 0 1
vt 0 0
vt 1 0
vt 1 1
vt 0 1
vt 0 0
vt 1 0
vt 1 1
vt 0 1
vt 0 0
vt 1 0
vt 1 1
vt 1 0
vt 1 0
vt 0 0
vt 0 0
vt 0 1
vt 0 0
vt 0.5 0
vt 0.5 1
vt 0.5 0
vt 0.5 0
vt 0 0
vt 0 0
vt 0 1
vt 1 1
vt 1 0
vt 0 0
vt 0 1
vt 0.5 1
vt 0.5 0
vt 0 0
vt 0.5 0
vt 0.5 1
vt 1 1
vt 1 0
vt 1 0
vt 1 0
vt 0.5 0
vt 0.5 0
vt 0 1
vt 0.5 1
vt 0.5 0
vt 0 0
vt 0.5 0
vt 0.5 0
vt 0 0
vt 0 0
vt 0.5 0
vt 1 0
vt 1 1
vt 0.5 1
vt 0 1
vt 0 0
vt 0.5 0
vt 0.5 1
vt 0.5 0
vt 1 0
vt 1 1
vt 0.5 1
vt 1 0
vt 1 0
vt 0.5 0
vt 0.5 0
vt 0 1
vt 0 0
vt 1 0
vt 1 1
vt 1 0
vt 1 0
vt 0 0
vt 0 0
vt 0.5 0
vt 0.5 1
vt 1 1
vt 1 0
vt 0 1
vt 1 1
vt 1 0
vt 0 0
vt 0 1
vt 1 1
vt 1 0
vt 0 0
vt 1 0
vt 1 0
vt 0 0
vt 0 0
vt 0 1
vt 1 1
vt 1 0
vt 0 0
vt 1 0
vt 1 0
vt 0 0
vt 0 0
vt 0 1
vt 0 0
vt 1 0
vt 1 1
vt 0 1
vt 0 0
vt 1 0
vt 1 1
vt 0 1
vt 0 0
vt 1 0
vt 1 1
vt 0 1
vt 0 0
vt 1 0
vt 1 1
vt 0 1
vt 0 0
vt 1 0
vt 1 1
vt 0 1
vt 0 0
vt 1 0
vt 1 1
vt 0 1
vt 0 0
vt 0.932147 -0.262679
vt 1 1
vt 0 1
vt 1 0
vt 0.982268 0.76663
vt 0 1
vt 0 0
vt 1 0
vt 1 1
vt 0 1
vt 0 0
vt 1 0
vt 1 1
vt 1 0.635237
vt 1 1
vt 1 0.513515
vt 1 0.503655
vt 0.513515 0
vt 1 0
vt 1 1
vt 0.513515 1
vt 2.47849 -0.981195
vt 1 1
vt 0 1
vt 0.932147 -0.262679
vt 1 0.497701
vt 1 0.387105
vt 1 0.635237
vt 1 0.503655
vt 0 1
vt 0 0
vt 1.88284 -0.163094
vt 1 1
vt 0 1
vt 0 0
vt 1 0
vt 1 1
vt 0 1
vt 0 0
vt 1 0
vt 1 1
vt 0 1
vt 0 0
vt 1 0
vt 1 1
vt 0 1
vt 0 0
vt 1 0
vt 1 1
vt 0 1
vt 0 0
vt 1 0
vt 1 1
vt 0 1
vt 0 0
vt 1 0
vt 1 1
vt 0 1
vt 0 0
vt 1 0
vt 1 1
vt 0 1
vt 0 0
vt 1 0
vt 1 1
vt 0 1
vt 0 0
vt 1 0
vt 1 1
vt 0 1
vt 0 0
vt 1 0
vt 1 1
vt 0 1
vt 0.00236 -0.00442004
vt 1.02421 0.163145
vt 1 1
vt 1 0
vt 1 0.184246
vt 1 0.471338
vt 1 0.486485
vt 1 0.184246
vt 1 0.387105
vt 1 0.497701
vt 1 0.471338
vt 1 0.471338
vt 1 0.774382
vt 1 1
vt 1 0.486485
vt 1 0.497701
vt 1 0.585071
vt 1 0.774382
vt 1 0.471338
vt 1 0.585071
vt 1 0.497701
vt 1 0.503655
vt 1 0.364763
vt 0 1
vt 0 0
vt 1 0
vt 1 1
vt 0 0.456249
vt 0 0
vt 1 0
vt 1 0.456249
vt 0 1
vt 0 0
vt 1 0
vt 1 1
vt 1 0.513515
vt 1 0
vt 1 0.364763
vt 1 0.503655
vt 0 1
vt 0 0
vt 1 0
vt 1 1
vt 0 0
vt 0.513515 0
vt 0.513515 1
vt 0 1
vt 0 0
vt 0 1
vt 0.513515 1
vt 0.513515 0
vt 0 1
vt 1 1
vt 1 0
vt 0 0
vt 1 0.513515
vt 1 0.503655
vt 1 0.364763
vt 1 0
vt 0 1
vt 1 1
vt 1 0
vt 0 0
vt 0 1
vt 1 1
vt 1 0
vt 0 0
vt 1 0.585071
vt 1 0.364763
vt 1 0.503655
vt 1 0.497701
vt 0 0.456249
vt 1 0.456249
vt 1 0
vt 0 0
vt 0 1
vt 0 0.456249
vt 1 0.456249
vt 1 1
vt 0 1
vt 0 1
vt 0.486485 0.486485
vt 1 1
vt 0 1
vt 0 0
vt 1 0
vt 1 1
vt 0 1
vt 0 0
vt 1 0
vt 1 1
vt 0 1
vt 0 0
vt 1 0
vt 1 1
vt 0 1
vt 0 0
vt 1 0
vt 1 1
vt 0 0.575897
vt 0 0.414026
vt 1 0.414026
vt 1 0.575897
vt 0 0.749924
vt 0 0.575897
vt 1 0.575897
vt 1 0.749924
vt 0 0.881943
vt 0 0.749924
vt 1 0.749924
vt 1 0.881943
vt 0 1
vt 0 0
vt 1 0
vt 1 1
vt 0 1
vt 0 0.881943
vt 1 0.881943
vt 1 1
vt 0 1
vt 0 0
vt 1 0
vt 1 1
vt 0 1
vt 0 0
vt 1 0
vt 1 1
vt 0 1
vt 0 0
vt 1 0
vt 1 1
vt 0 1
vt 0 0
vt 1 0
vt 1 1
vt 0 1
vt 0 0
vt 1 0
vt 1 1
vt 0 0
vt 1 0
vt 0 0
vt 1 0
vt 1 0
vt 1 1
vt 0 0
vt 1 0
vt 0 1
vt 0 0
vt 1 0
vt 1 1
vt 1 0
vt 1 1
vt 0 0
vt 1 0
vt 0 1
vt 0 0
vt 1 0
vt 1 1
vt 1 0
vt 1 1
vt 0 0
vt 1 0
vt 1 0.486485
vt 1 1
vt 0 1
vt 0 0.486485
vt 1 0.486485
vt 1 1
vt 0 0
vt 1 0
vt 0 0
vt 1 0
vt 1 0.486485
vt 0 0.486485
vt 1 0
vt 1 0.486485
vt 0 0
vt 1 0
vt 0 1
vt 0 0
vt 1 0
vt 1 1
vt 1 0
vt 1 1
vt 0 0
vt 1 0
vt 0 1
vt 0 0.47047
vt 1 0.47047
vt 1 1
vt 1 0.47047
vt 1 1
vt 0 0
vt 1 0
vt 0 0.47047
vt 0 0
vt 1 0
vt 1 0.47047
vt 1 0
vt 1 0.47047
vt 0 0
vt 1 0
vt 0 1
vt 0 0
vt 1 0
vt 1 1
vt 0 0
vt 1 0
vt 1 1
vt 0 1
vt 0 1
vt 0 0
vt 1 0
vt 1 1
vt 0 1
vt 0 0
vt 1 0
vt 1 1
vt 0 1
vt 0 0
vt 0.47047 0
vt 0.47047 1
vt 1 0
vt 1 1
vt 0.76377 0.76377
vt 1 0
vt 0.76377 0.76377
vt 0.3516 0.361238
vt 1 0
vt 1 0
vt 0.3516 0.361238
vt 0.023153 0.029539
vt 1 0
vt 1 0
vt 0.47047 0
vt 1 0
vt 1 1
vt 0.47047 1
vt 0 1
vt 0 0
vt 1 0
vt 1 1
vt 0 1
vt 0 0
vt 1 0.5
vt 0 0.201418
vt 0 0
vt 1 0
vt 1 0.201418
vt 0 1
vt 0 1
vt 0 0
vt 0.486485 0.486485
vt 0 0.414026
vt 0 0.201418
vt 1 0.201418
vt 1 0.414026
vt 0 1
vt 0 0
vt 1.09066 0.155449
vt 1 1
vt 0 1
vt 0 0
vt 1 0
vt 1.07779 0.968962
vt 0 1
vt 0 0
vt 0.93769 0.598523
vt 0 1
vt 0 0
vt 1 0
vt 1 1
vt 0 1
vt 0 0
vt 1 0
vt 1 1
vt 0 1
vt 0 0
vt 1 0
vt 1 1
vt 0 1
vt 0 0
vt 1 0
vt 1 1
vt 0 1
vt 0 0
vt 1 0
vt 1 1
vt 0 1
vt 0 0
vt 1 0
vt 1 1
vt 0 1
vt 0 0
vt 1 0
vt 1 1
vt 0 1
vt 0 0
vt 1 0
vt 1 1
vt 0 1
vt 0 0
vt 1 0
vt 1 1
vt 0 1
vt 1 0
vt 1 1
vt 0 1
vt 0 0
vt 1 0
vt 1 1
vt 0 1
vt 0 0
vt 1 0
vt 1 1
vt 0 1
vt 0 0
vt 1 0
vt 1 1
vt 0 0.714244
vt 0 0.248714
vt 1 0.248714
vt 1 0.714244
vt 0 0.248714
vt 0 0
vt 1 0
vt 1 0.248714
vt 0 1
vt 0 0.714244
vt 1 0.714244
vt 1 1
vt 0 1
vt 0 0
vt 1 0
vt 1 1
vt 0 0.421376
vt 0 0
vt 1 0
vt 1 0.421376
vt 0 1
vt 0 0
vt 1 0
vt 1 1
vt 0 1
vt 0 0
vt 1 0
vt 1 1
vt 1 0
vt 1 0
vt 1 0
vt 1 0
vt 1 0
vt 1 0
vt 1 0
vt 1 0
vt 0 1
vt 0 0
vt 1 0
vt 1 1
vt 0 1
vt 0 0
vt 1 0
vt 1 1
vt 0 1
vt 0 0
vt 1 0
vt 1 1
vt 1 0
vt 1 0
vt 1 0
vt 1 0
vt 0 1
vt 0 0
vt 1 0
vt 1 1
vt 0 1
vt 0 0
vt 1 0
vt 1 1
vt 0 1
vt 0 0
vt 1 0
vt 1 1
vt 0 1
vt 0 0
vt 1 0
vt 1 1
vt 1 0
vt 1 0
vt 1 0
vt 1 0
vt 0 1
vt 0 0
vt 1 0
vt 1 1
vt 1 1
vt 0 1
vt 0 0.421376
vt 1 0.421376
vt 0 1
vt 0 0
vt 1 0
vt 1 1
vt 0 1
vt 0 0
vt 1 0
vt 1 1
vt 0 1
vt 0 0
vt 1 0
vt 1 1
vt 0 1
vt 0 0
vt 1 0
vt 1 1
vt 0 1
vt 0 0
vt 1 0
vt 1 1
vt 0 1
vt 0 0
vt 1 0
vt 1 1
vt 0 1
vt 0 0
vt 1 0
vt 1 1
vt 0 1
vt 0 0
vt 1 0
vt 1 1
vt 0 1
vt 0 0
vt 1 0
vt 1 1
vt 0 1
vt 0 0
vt 1 0
vt 1 1
vt 0 1
vt 1 1
vt 1 0.456249
vt 0 0.456249
vt 0 0.749924
vt 1 0.749924
vt 1 0.575897
vt 0 0.575897
vt 0 0.575897
vt 1 0.575897
vt 1 0.414026
vt 0 0.414026
vt 0 1
vt 1 1
vt 1 0
vt 0 0
vt 0 1
vt 1 1
vt 1 0
vt 0 0
vt 1 0
vt 1 0
vt 0 0
vt 1 1
vt 1 0
vt 1 0
vt 0 0
vt 1 1
vt 1 0.486485
vt 0 0.486485
vt 0 1
vt 1 1
vt 1 0.486485
vt 1 0
vt 0 0
vt 1 1
vt 0 0
vt 0 0.486485
vt 1 0.486485
vt 1 0
vt 1 0
vt 1 0
vt 0 0
vt 1 0.486485
vt 1 0
vt 1 0
vt 0 0
vt 1 1
vt 0 1
vt 1 1
vt 1 0
vt 0 0
vt 1 0.47047
vt 1 0
vt 0 0
vt 1 1
vt 0 1
vt 1 1
vt 1 0
vt 0 0
vt 0 1
vt 1 1
vt 1 0
vt 0 0
vt 0 1
vt 1 1
vt 1 0
vt 0 0
vt 0 1
vt 1 1
vt 1 0
vt 0 0
vt 0 1
vt 1 1
vt 1 0
vt 0 0
vt 0 1
vt 1 1
vt 1 0
vt 0 0
vt 0 1
vt 1 1
vt 1 0
vt 0 0
vt 0 1
vt 1 1
vt 1 0
vt 0 0
vt 0 1
vt 1 1
vt 1 0
vt 0 0
vt 0 1
vt 1 1
vt 1 0
vt 0 0
vt 0 1
vt 1 1
vt 1 0
vt 0 0
vt 0 1
vt 1 1
vt 1 0
vt 0 0
vt 0 1
vt 1 1
vt 1 0
vt 0 0
vt 0 1
vt 1 1
vt 1 0
vt 0 0
vt 0 1
vt 1 1
vt 1 0
vt 0 0
vt 0 1
vt 1 1
vt 1 0
vt 0 0
vt 0 1
vt 1 1
vt 1 0
vt 0 0
s off
f 1/1/1 2/2/2 3/3/3
f 1/1/1 3/3/3 4/4/4
f 5/5/5 6/6/6 7/7/7
f 5/5/5 7/7/7 8/8/8
f 9/9/9 10/10/10 11/11/11
f 9/9/9 11/11/11 12/12/12
f 13/13/13 14/14/14 15/15/15
f 13/13/13 15/15/15 16/16/16
f 17/17/17 18/18/18 19/19/19
f 17/17/17 19/19/19 20/20/20
f 21/21/21 22/22/22 23/23/23
f 21/21/21 23/23/23 24/24/24
f 25/25/25 26/26/26 27/27/27
f 25/25/25 27/27/27 28/28/28
f 29/29/29 30/30/30 31/31/31
f 29/29/29 31/31/31 32/32/32
f 33/33/33 34/34/34 35/35/35
f 33/33/33 35/35/35 36/36/36
f 37/37/37 38/38/38 39/39/39
f 37/37/37 39/39/39 40/40/40
f 41/41/41 42/42/42 43/43/43
f 41/41/41 43/43/43 44/44/44
f 45/45/45 46/46/46 47/47/47
f 45/45/45 47/47/47 48/48/48
f 49/49/49 50/50/50 51/51/51
f 49/49/49 51/51/51 52/52/52
f 53/53/53 54/54/54 55/55/55
f 53/53/53 55/55/55 56/56/56
f 57/57/57 58/58/58 59/59/59
f 57/57/57 59/59/59 60/60/60
f 61/61/61 62/62/62 63/63/63
f 61/61/61 63/63/63 64/64/64
f 65/65/65 66/66/66 67/67/67
f 65/65/65 67/67/67 68/68/68
f 69/69/69 70/70/70 71/71/71
f 69/69/69 71/71/71 72/72/72
f 73/73/73 74/74/74 75/75/75
f 73/73/73 75/75/75 76/76/76
f 77/77/77 78/78/78 79/79/79
f 77/77/77 79/79/79 80/80/80
f 81/81/81 82/82/82 83/83/83
f 81/81/81 83/83/83 84/84/84
f 85/85/85 86/86/86 87/87/87
f 85/85/85 87/87/87 88/88/88
f 89/89/89 90/90/90 91/91/91
f 89/89/89 91/91/91 92/92/92
f 93/93/93 94/94/94 95/95/95
f 93/93/93 95/95/95 96/96/96
f 97/97/97 98/98/98 99/99/99
f 97/97/97 99/99/99 100/100/100
f 101/101/101 102/102/102 103/103/103
f 101/101/101 103/103/103 104/104/104
f 105/105/105 106/106/106 107/107/107
f 105/105/105 107/107/107 108/108/108
f 109/109/109 110/110/110 111/111/111
f 109/109/109 111/111/111 112/112/112
f 113/113/113 114/114/114 115/115/115
f 113/113/113 115/115/115 116/116/116
f 117/117/117 118/118/118 119/119/119
f 117/117/117 119/119/119 120/120/120
f 121/121/121 122/122/122 123/123/123
f 121/121/121 123/123/123 124/124/124
f 125/125/125 126/126/126 127/127/127
f 125/125/125 127/127/127 128/128/128
f 129/129/129 130/130/130 131/131/131
f 129/129/129 131/131/131 132/132/132
f 133/133/133 134/134/134 135/135/135
f 133/133/133 135/135/135 136/136/136
f 137/137/137 138/138/138 139/139/139
f 137/137/137 139/139/139 140/140/140
f 141/141/141 142/142/142 143/143/143
f 141/141/141 143/143/143 144/144/144
f 145/145/145 146/146/146 147/147/147
f 145/145/145 147/147/147 148/148/148
f 149/149/149 150/150/150 151/151/151
f 149/149/149 151/151/151 152/152/152
f 153/153/153 154/154/154 155/155/155
f 153/153/153 155/155/155 156/156/156
f 157/157/157 158/158/158 159/159/159
f 157/157/157 159/159/159 160/160/160
f 161/161/161 162/162/162 163/163/163
f 161/161/161 163/163/163 164/164/164
f 165/165/165 166/166/166 167/167/167
f 165/165/165 167/167/167 168/168/168
f 169/169/169 170/170/170 171/171/171
f 169/169/169 171/171/171 172/172/172
f 173/173/173 174/174/174 175/175/175
f 173/173/173 175/175/175 176/176/176
f 177/177/177 178/178/178 179/179/179
f 177/177/177 179/179/179 180/180/180
f 181/181/181 182/182/182 183/183/183
f 181/181/181 183/183/183 184/184/184
f 185/185/185 186/186/186 187/187/187
f 185/185/185 187/187/187 188/188/188
f 189/189/189 190/190/190 191/191/191
f 189/189/189 191/191/191 192/192/192
f 193/193/193 194/194/194 195/195/195
f 193/193/193 195/195/195 196/196/196
f 197/197/197 198/198/198 199/199/199
f 197/197/197 199/199/199 200/200/200
f 201/201/201 202/202/202 203/203/203
f 201/201/201 203/203/203 204/204/204
f 205/205/205 206/206/206 207/207/207
f 205/205/205 207/207/207 208/208/208
f 209/209/209 210/210/210 211/211/211
f 209/209/209 211/211/211 212/212/212
f 213/213/213 214/214/214 215/215/215
f 213/213/213 215/215/215 216/216/216
f 217/217/217 218/218/218 219/219/219
f 217/217/217 219/219/219 220/220/220
f 221/221/221 222/222/222 223/223/223
f 221/221/221 223/223/223 224/224/224
f 225/225/225 226/226/226 227/227/227
f 225/225/225 227/227/227 228/228/228
f 229/229/229 230/230/230 231/231/231
f 229/229/229 231/231/231 232/232/232
f 233/233/233 234/234/234 235/235/235
f 233/233/233 235/235/235 236/236/236
f 237/237/237 238/238/238 239/239/239
f 237/237/237 239/239/239 240/240/240
f 241/241/241 242/242/242 243/243/243
f 241/241/241 243/243/243 244/244/244
f 245/245/245 246/246/246 247/247/247
f 245/245/245 247/247/247 248/248/248
f 249/249/249 250/250/250 251/251/251
f 249/249/249 251/251/251 252/252/252
f 253/253/253 254/254/254 255/255/255
f 253/253/253 255/255/255 256/256/256
f 257/257/257 258/258/258 259/259/259
f 257/257/257 259/259/259 260/260/260
f 261/261/261 262/262/262 263/263/263
f 261/261/261 263/263/263 264/264/264
f 265/265/265 266/266/266 267/267/267
f 265/265/265 267/267/267 268/268/268
f 269/269/269 270/270/270 271/271/271
f 269/269/269 271/271/271 272/272/272
f 273/273/273 274/274/274 275/275/275
f 273/273/273 275/275/275 276/276/276
f 277/277/277 278/278/278 279/279/279
f 277/277/277 279/279/279 280/280/280
f 281/281/281 282/282/282 283/283/283
f 281/281/281 283/283/283 284/284/284
f 285/285/285 286/286/286 287/287/287
f 285/285/285 287/287/287 288/288/288
f 289/289/289 290/290/290 291/291/291
f 289/289/289 291/291/291 292/292/292
f 293/293/293 294/294/294 295/295/295
f 293/293/293 295/295/295 296/296/296
f 297/297/297 298/298/298 299/299/299
f 297/297/297 299/299/299 300/300/300
f 301/301/301 302/302/302 303/303/303
f 301/301/301 303/303/303 304/304/304
f 305/305/305 306/306/306 307/307/307
f 308/308/308 309/309/309 310/310/310
f 308/308/308 310/310/310 311/311/311
f 312/312/312 313/313/313 314/314/314
f 312/312/312 314/314/314 315/315/315
f 316/316/316 317/317/317 318/318/318
f 316/316/316 318/318/318 319/319/319
f 320/320/320 321/321/321 322/322/322
f 320/320/320 322/322/322 323/323/323
f 324/324/324 325/325/325 326/326/326
f 324/324/324 326/326/326 327/327/327
f 328/328/328 329/329/329 330/330/330
f 328/328/328 330/330/330 331/331/331
f 332/332/332 333/333/333 334/334/334
f 332/332/332 334/334/334 335/335/335
f 336/336/336 337/337/337 338/338/338
f 336/336/336 338/338/338 339/339/339
f 340/340/340 341/341/341 342/342/342
f 340/340/340 342/342/342 343/343/343
f 344/344/344 345/345/345 346/346/346
f 344/344/344 346/346/346 347/347/347
f 348/348/348 349/349/349 350/350/350
f 348/348/348 350/350/350 351/351/351
f 352/352/352 353/353/353 354/354/354
f 352/352/352 354/354/354 355/355/355
f 356/356/356 357/357/357 358/358/358
f 356/356/356 358/358/358 359/359/359
f 360/360/360 361/361/361 362/362/362
f 360/360/360 362/362/362 363/363/363
f 364/364/364 365/365/365 366/366/366
f 364/364/364 366/366/366 367/367/367
f 368/368/368 369/369/369 370/370/370
f 371/371/371 372/372/372 373/373/373
f 371/371/371 373/373/373 374/374/374
f 375/375/375 376/376/376 377/377/377
f 375/375/375 377/377/377 378/378/378
f 379/379/379 380/380/380 381/381/381
f 379/379/379 381/381/381 382/382/382
f 383/383/383 384/384/384 385/385/385
f 383/383/383 385/385/385 386/386/386
f 387/387/387 388/388/388 389/389/389
f 387/387/387 389/389/389 390/390/390
f 391/391/391 392/392/392 393/393/393
f 391/391/391 393/393/393 394/394/394
f 395/395/395 396/396/396 397/397/397
f 395/395/395 397/397/397 398/398/398
f 399/399/399 400/400/400 401/401/401
f 399/399/399 401/401/401 402/402/402
f 403/403/403 404/404/404 405/405/405
f 403/403/403 405/405/405 406/406/406
f 408/408/408 409/409/409 410/410/410
f 408/408/408 410/410/410 407/407/407
f 411/411/411 412/412/412 413/413/413
f 411/411/411 413/413/413 414/414/414
f 415/415/415 416/416/416 417/417/417
f 415/415/415 417/417/417 418/418/418
f 419/419/419 420/420/420 421/421/421
f 419/419/419 421/421/421 422/422/422
f 423/423/423 424/424/424 425/425/425
f 423/423/423 425/425/425 426/426/426
f 427/427/427 428/428/428 429/429/429
f 430/430/430 431/431/431 432/432/432
f 430/430/430 432/432/432 433/433/433
f 434/434/434 435/435/435 436/436/436
f 434/434/434 436/436/436 437/437/437
f 438/438/438 439/439/439 440/440/440
f 438/438/438 440/440/440 441/441/441
f 442/442/442 443/443/443 444/444/444
f 442/442/442 444/444/444 445/445/445
f 446/446/446 447/447/447 448/448/448
f 446/446/446 448/448/448 449/449/449
f 450/450/450 451/451/451 452/452/452
f 450/450/450 452/452/452 453/453/453
f 454/454/454 455/455/455 456/456/456
f 454/454/454 456/456/456 457/457/457
f 458/458/458 459/459/459 460/460/460
f 458/458/458 460/460/460 461/461/461
f 462/462/462 463/463/463 464/464/464
f 462/462/462 464/464/464 465/465/465
f 467/467/467 468/468/468 469/469/469
f 467/467/467 469/469/469 466/466/466
f 470/470/470 471/471/471 472/472/472
f 470/470/470 472/472/472 473/473/473
f 474/474/474 475/475/475 476/476/476
f 474/474/474 476/476/476 477/477/477
f 478/478/478 479/479/479 480/480/480
f 478/478/478 480/480/480 481/481/481
f 482/482/482 483/483/483 484/484/484
f 482/482/482 484/484/484 485/485/485
f 488/488/488 489/489/489 486/486/486
f 488/488/488 486/486/486 487/487/487
f 490/490/490 491/491/491 492/492/492
f 490/490/490 492/492/492 493/493/493
f 494/494/494 495/495/495 496/496/496
f 494/494/494 496/496/496 497/497/497
f 498/498/498 499/499/499 500/500/500
f 498/498/498 500/500/500 501/501/501
f 502/502/502 503/503/503 504/504/504
f 502/502/502 504/504/504 505/505/505
f 506/506/506 507/507/507 508/508/508
f 506/506/506 508/508/508 509/509/509
f 510/510/510 511/511/511 512/512/512
f 510/510/510 512/512/512 513/513/513
f 514/514/514 515/515/515 516/516/516
f 514/514/514 516/516/516 517/517/517
f 518/518/518 519/519/519 520/520/520
f 518/518/518 520/520/520 521/521/521
f 522/522/522 523/523/523 524/524/524
f 525/525/525 526/526/526 527/527/527
f 525/525/525 527/527/527 528/528/528
f 529/529/529 530/530/530 531/531/531
f 529/529/529 531/531/531 532/532/532
f 533/533/533 534/534/534 535/535/535
f 533/533/533 535/535/535 536/536/536
f 537/537/537 538/538/538 539/539/539
f 537/537/537 539/539/539 540/540/540
f 541/541/541 542/542/542 543/543/543
f 541/541/541 543/543/543 544/544/544
f 545/545/545 546/546/546 547/547/547
f 545/545/545 547/547/547 548/548/548
f 549/549/549 550/550/550 551/551/551
f 549/549/549 551/551/551 552/552/552
f 553/553/553 554/554/554 555/555/555
f 553/553/553 555/555/555 556/556/556
f 557/557/557 558/558/558 559/559/559
f 557/557/557 559/559/559 560/560/560
f 561/561/561 562/562/562 563/563/563
f 561/561/561 563/563/563 564/564/564
f 565/565/565 566/566/566 567/567/567
f 565/565/565 567/567/567 568/568/568
f 569/569/569 570/570/570 571/571/571
f 569/569/569 571/571/571 572/572/572
f 573/573/573 574/574/574 575/575/575
f 573/573/573 575/575/575 576/576/576
f 577/577/577 578/578/578 579/579/579
f 577/577/577 579/579/579 580/580/580
f 581/581/581 582/582/582 583/583/583
f 584/584/584 585/585/585 586/586/586
f 584/584/584 586/586/586 587/587/587
f 588/588/588 589/589/589 590/590/590
f 588/588/588 590/590/590 591/591/591
f 592/592/592 593/593/593 594/594/594
f 592/592/592 594/594/594 595/595/595
f 596/596/596 597/597/597 598/598/598
f 596/596/596 598/598/598 599/599/599
f 600/600/600 601/601/601 602/602/602
f 600/600/600 602/602/602 603/603/603
f 604/604/604 605/605/605 606/606/606
f 604/604/604 606/606/606 607/607/607
f 608/608/608 609/609/609 610/610/610
f 608/608/608 610/610/610 611/611/611
f 612/612/612 613/613/613 614/614/614
f 612/612/612 614/614/614 615/615/615
f 616/616/616 617/617/617 618/618/618
f 616/616/616 618/618/618 619/619/619
f 620/620/620 621/621/621 622/622/622
f 620/620/620 622/622/622 623/623/623
f 624/624/624 625/625/625 626/626/626
f 624/624/624 626/626/626 627/627/627
f 628/628/628 629/629/629 630/630/630
f 628/628/628 630/630/630 631/631/631
f 632/632/632 633/633/633 634/634/634
f 632/632/632 634/634/634 635/635/635
f 636/636/636 637/637/637 638/638/638
f 636/636/636 638/638/638 639/639/639
f 640/640/640 641/641/641 642/642/642
f 640/640/640 642/642/642 643/643/643
f 644/644/644 645/645/645 646/646/646
f 644/644/644 646/646/646 647/647/647
f 648/648/648 649/649/649 650/650/650
f 648/648/648 650/650/650 651/651/651
f 652/652/652 653/653/653 654/654/654
f 652/652/652 654/654/654 655/655/655
f 656/656/656 657/657/657 658/658/658
f 656/656/656 658/658/658 659/659/659
f 660/660/660 661/661/661 662/662/662
f 660/660/660 662/662/662 663/663/663
f 664/664/664 665/665/665 666/666/666
f 664/664/664 666/666/666 667/667/667
f 668/668/668 669/669/669 670/670/670
f 668/668/668 670/670/670 671/671/671
f 672/672/672 673/673/673 674/674/674
f 672/672/672 674/674/674 675/675/675
f 676/676/676 677/677/677 678/678/678
f 676/676/676 678/678/678 679/679/679
f 680/680/680 681/681/681 682/682/682
f 680/680/680 682/682/682 683/683/683
f 684/684/684 685/685/685 686/686/686
f 684/684/684 686/686/686 687/687/687
f 688/688/688 689/689/689 690/690/690
f 688/688/688 690/690/690 691/691/691
f 692/692/692 693/693/693 694/694/694
f 692/692/692 694/694/694 695/695/695
f 696/696/696 697/697/697 698/698/698
f 696/696/696 698/698/698 699/699/699
f 700/700/700 701/701/701 702/702/702
f 700/700/700 702/702/702 703/703/703
f 704/704/704 705/705/705 706/706/706
f 707/707/707 708/708/708 709/709/709
f 707/707/707 709/709/709 710/710/710
f 711/711/711 712/712/712 713/713/713
f 711/711/711 713/713/713 714/714/714
f 715/715/715 716/716/716 717/717/717
f 715/715/715 717/717/717 718/718/718
f 719/719/719 720/720/720 721/721/721
f 719/719/719 721/721/721 722/722/722
f 723/723/723 724/724/724 725/725/725
f 723/723/723 725/725/725 726/726/726
f 727/727/727 728/728/728 729/729/729
f 727/727/727 729/729/729 730/730/730
f 731/731/731 732/732/732 733/733/733
f 731/731/731 733/733/733 734/734/734
f 735/735/735 736/736/736 737/737/737
f 735/735/735 737/737/737 738/738/738
f 739/739/739 740/740/740 741/741/741
f 739/739/739 741/741/741 742/742/742
f 743/743/743 744/744/744 745/745/745
f 743/743/743 745/745/745 746/746/746
f 747/747/747 748/748/748 749/749/749
f 747/747/747 749/749/749 750/750/750
f 751/751/751 752/752/752 753/753/753
f 751/751/751 753/753/753 754/754/754
f 755/755/755 756/756/756 757/757/757
f 755/755/755 757/757/757 758/758/758
f 759/759/759 760/760/760 761/761/761
f 759/759/759 761/761/761 762/762/762
f 763/763/763 764/764/764 765/765/765
f 763/763/763 765/765/765 766/766/766
f 767/767/767 768/768/768 769/769/769
f 767/767/767 769/769/769 770/770/770
f 771/771/771 772/772/772 773/773/773
f 771/771/771 773/773/773 774/774/774
f 775/775/775 776/776/776 777/777/777
f 775/775/775 777/777/777 778/778/778
f 779/779/779 780/780/780 781/781/781
f 779/779/779 781/781/781 782/782/782
f 783/783/783 784/784/784 785/785/785
f 783/783/783 785/785/785 786/786/786
f 787/787/787 788/788/788 789/789/789
f 787/787/787 789/789/789 790/790/790
f 791/791/791 792/792/792 793/793/793
f 791/791/791 793/793/793 794/794/794
f 795/795/795 796/796/796 797/797/797
f 795/795/795 797/797/797 798/798/798
f 799/799/799 800/800/800 801/801/801
f 799/799/799 801/801/801 802/802/802
f 803/803/803 804/804/804 805/805/805
f 803/803/803 805/805/805 806/806/806
f 807/807/807 808/808/808 809/809/809
f 807/807/807 809/809/809 810/810/810
f 811/811/811 812/812/812 813/813/813
f 811/811/811 813/813/813 814/814/814
f 815/815/815 816/816/816 817/817/817
f 815/815/815 817/817/817 818/818/818
f 819/819/819 820/820/820 821/821/821
f 819/819/819 821/821/821 822/822/822
f 823/823/823 824/824/824 825/825/825
f 823/823/823 825/825/825 826/826/826
f 827/827/827 828/828/828 829/829/829
f 827/827/827 829/829/829 830/830/830
f 831/831/831 832/832/832 833/833/833
f 831/831/831 833/833/833 834/834/834
f 835/835/835 836/836/836 837/837/837
f 835/835/835 837/837/837 838/838/838
f 839/839/839 840/840/840 841/841/841
f 839/839/839 841/841/841 842/842/842
f 843/843/843 844/844/844 845/845/845
f 843/843/843 845/845/845 846/846/846
f 847/847/847 848/848/848 849/849/849
f 847/847/847 849/849/849 850/850/850
f 851/851/851 852/852/852 853/853/853
f 851/851/851 853/853/853 854/854/854
f 855/855/855 856/856/856 857/857/857
f 855/855/855 857/857/857 858/858/858
f 859/859/859 860/860/860 861/861/861
f 859/859/859 861/861/861 862/862/862
f 863/863/863 864/864/864 865/865/865
f 863/863/863 865/865/865 866/866/866
f 867/867/867 868/868/868 869/869/869
f 867/867/867 869/869/869 870/870/870
f 871/871/871 872/872/872 873/873/873
f 871/871/871 873/873/873 874/874/874
f 875/875/875 876/876/876 877/877/877
f 875/875/875 877/877/877 878/878/878
f 879/879/879 880/880/880 881/881/881
f 879/879/879 881/881/881 882/882/882
f 883/883/883 884/884/884 885/885/885
f 883/883/883 885/885/885 886/886/886
f 887/887/887 888/888/888 889/889/889
f 887/887/887 889/889/889 890/890/890
f 891/891/891 892/892/892 893/893/893
f 891/891/891 893/893/893 894/894/894
f 895/895/895 896/896/896 897/897/897
f 895/895/895 897/897/897 898/898/898
f 899/899/899 900/900/900 901/901/901
f 899/899/899 901/901/901 902/902/902
f 903/903/903 904/904/904 905/905/905
f 903/903/903 905/905/905 906/906/906
f 907/907/907 908/908/908 909/909/909
f 907/907/907 909/909/909 910/910/910
f 911/911/911 912/912/912 913/913/913
f 911/911/911 913/913/913 914/914/914
f 915/915/915 916/916/916 917/917/917
f 915/915/915 917/917/917 918/918/918
f 919/919/919 920/920/920 921/921/921
f 919/919/919 921/921/921 922/922/922
f 923/923/923 924/924/924 925/925/925
f 923/923/923 925/925/925 926/926/926
f 927/927/927 928/928/928 929/929/929
f 927/927/927 929/929/929 930/930/930
f 931/931/931 932/932/932 933/933/933
f 931/931/931 933/933/933 934/934/934
f 935/935/935 936/936/936 937/937/937
f 935/935/935 937/937/937 938/938/938
f 939/939/939 940/940/940 941/941/941
f 939/939/939 941/941/941 942/942/942
f 943/943/943 944/944/944 945/945/945
f 943/943/943 945/945/945 946/946/946
f 947/947/947 948/948/948 949/949/949
f 947/947/947 949/949/949 950/950/950
f 951/951/951 952/952/952 953/953/953
f 951/951/951 953/953/953 954/954/954
f 955/955/955 956/956/956 957/957/957
f 955/955/955 957/957/957 958/958/958
f 959/959/959 960/960/960 961/961/961
f 959/959/959 961/961/961 962/962/962
f 963/963/963 964/964/964 965/965/965
f 963/963/963 965/965/965 966/966/966
f 967/967/967 968/968/968 969/969/969
f 967/967/967 969/969/969 970/970/970
f 971/971/971 972/972/972 973/973/973
f 971/971/971 973/973/973 974/974/974
f 975/975/975 976/976/976 977/977/977
f 975/975/975 977/977/977 978/978/978
f 979/979/979 980/980/980 981/981/981
f 979/979/979 981/981/981 982/982/982
f 983/983/983 984/984/984 985/985/985
f 983/983/983 985/985/985 986/986/986
f 987/987/987 988/988/988 989/989/989
f 987/987/987 989/989/989 990/990/990
f 991/991/991 992/992/992 993/993/993
f 991/991/991 993/993/993 994/994/994
f 995/995/995 996/996/996 997/997/997
f 995/995/995 997/997/997 998/998/998
f 999/999/999 1000/1000/1000 1001/1001/1001
f 999/999/999 1001/1001/1001 1002/1002/1002
f 1003/1003/1003 1004/1004/1004 1005/1005/1005
f 1003/1003/1003 1005/1005/1005 1006/1006/1006
f 1007/1007/1007 1008/1008/1008 1009/1009/1009
f 1007/1007/1007 1009/1009/1009 1010/1010/1010
f 1011/1011/1011 1012/1012/1012 1013/1013/1013
f 1011/1011/1011 1013/1013/1013 1014/1014/1014
f 1015/1015/1015 1016/1016/1016 1017/1017/1017
f 1015/1015/1015 1017/1017/1017 1018/1018/1018
f 1019/1019/1019 1020/1020/1020 1021/1021/1021
f 1019/1019/1019 1021/1021/1021 1022/1022/1022
f 1023/1023/1023 1024/1024/1024 1025/1025/1025
f 1023/1023/1023 1025/1025/1025 1026/1026/1026
f 1027/1027/1027 1028/1028/1028 1029/1029/1029
f 1027/1027/1027 1029/1029/1029 1030/1030/1030
f 1031/1031/1031 1032/1032/1032 1033/1033/1033
f 1031/1031/1031 1033/1033/1033 1034/1034/1034
f 1035/1035/1035 1036/1036/1036 1037/1037/1037
f 1035/1035/1035 1037/1037/1037 1038/1038/1038
f 1039/1039/1039 1040/1040/1040 1041/1041/1041
f 1039/1039/1039 1041/1041/1041 1042/1042/1042
f 1043/1043/1043 1044/1044/1044 1045/1045/1045
f 1043/1043/1043 1045/1045/1045 1046/1046/1046
f 1047/1047/1047 1048/1048/1048 1049/1049/1049
f 1050/1050/1050 1051/1051/1051 1052/1052/1052
f 1050/1050/1050 1052/1052/1052 1053/1053/1053
f 1054/1054/1054 1055/1055/1055 1056/1056/1056
f 1054/1054/1054 1056/1056/1056 1057/1057/1057
f 1058/1058/1058 1059/1059/1059 1060/1060/1060
f 1058/1058/1058 1060/1060/1060 1061/1061/1061
f 1062/1062/1062 1063/1063/1063 1064/1064/1064
f 1062/1062/1062 1064/1064/1064 1065/1065/1065
f 1066/1066/1066 1067/1067/1067 1068/1068/1068
f 1066/1066/1066 1068/1068/1068 1069/1069/1069
f 1070/1070/1070 1071/1071/1071 1072/1072/1072
f 1070/1070/1070 1072/1072/1072 1073/1073/1073
f 1074/1074/1074 1075/1075/1075 1076/1076/1076
f 1074/1074/1074 1076/1076/1076 1077/1077/1077
f 1078/1078/1078 1079/1079/1079 1080/1080/1080
f 1078/1078/1078 1080/1080/1080 1081/1081/1081
f 1082/1082/1082 1083/1083/1083 1084/1084/1084
f 1082/1082/1082 1084/1084/1084 1085/1085/1085
f 1086/1086/1086 1087/1087/1087 1088/1088/1088
f 1086/1086/1086 1088/1088/1088 1089/1089/1089
f 1090/1090/1090 1091/1091/1091 1092/1092/1092
f 1090/1090/1090 1092/1092/1092 1093/1093/1093
f 1094/1094/1094 1095/1095/1095 1096/1096/1096
f 1094/1094/1094 1096/1096/1096 1097/1097/1097
f 1098/1098/1098 1099/1099/1099 1100/1100/1100
f 1098/1098/1098 1100/1100/1100 1101/1101/1101
f 1102/1102/1102 1103/1103/1103 1104/1104/1104
f 1102/1102/1102 1104/1104/1104 1105/1105/1105
f 1106/1106/1106 1107/1107/1107 1108/1108/1108
f 1106/1106/1106 1108/1108/1108 1109/1109/1109
f 1110/1110/1110 1111/1111/1111 1112/1112/1112
f 1110/1110/1110 1112/1112/1112 1113/1113/1113
f 1114/1114/1114 1115/1115/1115 1116/1116/1116
f 1114/1114/1114 1116/1116/1116 1117/1117/1117
f 1118/1118/1118 1119/1119/1119 1120/1120/1120
f 1118/1118/1118 1120/1120/1120 1121/1121/1121
f 1122/1122/1122 1123/1123/1123 1124/1124/1124
f 1122/1122/1122 1124/1124/1124 1125/1125/1125
f 1126/1126/1126 1127/1127/1127 1128/1128/1128
f 1126/1126/1126 1128/1128/1128 1129/1129/1129
f 1130/1130/1130 1131/1131/1131 1132/1132/1132
f 1130/1130/1130 1132/1132/1132 1133/1133/1133
f 1134/1134/1134 1135/1135/1135 1136/1136/1136
f 1134/1134/1134 1136/1136/1136 1137/1137/1137
f 1138/1138/1138 1139/1139/1139 1140/1140/1140
f 1138/1138/1138 1140/1140/1140 1141/1141/1141
f 1142/1142/1142 1143/1143/1143 1144/1144/1144
f 1142/1142/1142 1144/1144/1144 1145/1145/1145
f 1146/1146/1146 1147/1147/1147 1148/1148/1148
f 1146/1146/1146 1148/1148/1148 1149/1149/1149
f 1150/1150/1150 1151/1151/1151 1152/1152/1152
f 1150/1150/1150 1152/1152/1152 1153/1153/1153
f 1154/1154/1154 1155/1155/1155 1156/1156/1156
f 1154/1154/1154 1156/1156/1156 1157/1157/1157
f 1158/1158/1158 1159/1159/1159 1160/1160/1160
f 1158/1158/1158 1160/1160/1160 1161/1161/1161
f 1162/1162/1162 1163/1163/1163 1164/1164/1164
f 1162/1162/1162 1164/1164/1164 1165/1165/1165
f 1166/1166/1166 1167/1167/1167 1168/1168/1168
f 1166/1166/1166 1168/1168/1168 1169/1169/1169
f 1170/1170/1170 1171/1171/1171 1172/1172/1172
f 1170/1170/1170 1172/1172/1172 1173/1173/1173
f 1174/1174/1174 1175/1175/1175 1176/1176/1176
f 1174/1174/1174 1176/1176/1176 1177/1177/1177
f 1178/1178/1178 1179/1179/1179 1180/1180/1180
f 1181/1181/1181 1182/1182/1182 1183/1183/1183
f 1181/1181/1181 1183/1183/1183 1184/1184/1184
f 1185/1185/1185 1186/1186/1186 1187/1187/1187
f 1185/1185/1185 1187/1187/1187 1188/1188/1188
f 1189/1189/1189 1190/1190/1190 1191/1191/1191
f 1189/1189/1189 1191/1191/1191 1192/1192/1192
f 1193/1193/1193 1194/1194/1194 1195/1195/1195
f 1193/1193/1193 1195/1195/1195 1196/1196/1196
f 1197/1197/1197 1198/1198/1198 1199/1199/1199
f 1197/1197/1197 1199/1199/1199 1200/1200/1200
f 1201/1201/1201 1202/1202/1202 1203/1203/1203
f 1201/1201/1201 1203/1203/1203 1204/1204/1204
f 1205/1205/1205 1206/1206/1206 1207/1207/1207
f 1205/1205/1205 1207/1207/1207 1208/1208/1208
f 1209/1209/1209 1210/1210/1210 1211/1211/1211
f 1209/1209/1209 1211/1211/1211 1212/1212/1212
f 1213/1213/1213 1214/1214/1214 1215/1215/1215
f 1213/1213/1213 1215/1215/1215 1216/1216/1216
f 1220/1220/1220 1217/1217/1217 1218/1218/1218
f 1220/1220/1220 1218/1218/1218 1219/1219/1219
f 1221/1221/1221 1222/1222/1222 1223/1223/1223
f 1221/1221/1221 1223/1223/1223 1224/1224/1224
f 1225/1225/1225 1226/1226/1226 1227/1227/1227
f 1225/1225/1225 1227/1227/1227 1228/1228/1228
f 1229/1229/1229 1230/1230/1230 1231/1231/1231
f 1229/1229/1229 1231/1231/1231 1232/1232/1232
f 1233/1233/1233 1234/1234/1234 1235/1235/1235
f 1233/1233/1233 1235/1235/1235 1236/1236/1236
f 1237/1237/1237 1238/1238/1238 1239/1239/1239
f 1237/1237/1237 1239/1239/1239 1240/1240/1240
f 1241/1241/1241 1242/1242/1242 1243/1243/1243
f 1241/1241/1241 1243/1243/1243 1244/1244/1244
f 1245/1245/1245 1246/1246/1246 1247/1247/1247
f 1245/1245/1245 1247/1247/1247 1248/1248/1248
f 1249/1249/1249 1250/1250/1250 1251/1251/1251
f 1249/1249/1249 1251/1251/1251 1252/1252/1252
f 1253/1253/1253 1254/1254/1254 1255/1255/1255
f 1253/1253/1253 1255/1255/1255 1256/1256/1256
f 1257/1257/1257 1258/1258/1258 1259/1259/1259
f 1257/1257/1257 1259/1259/1259 1260/1260/1260
f 1261/1261/1261 1262/1262/1262 1263/1263/1263
f 1261/1261/1261 1263/1263/1263 1264/1264/1264
f 1265/1265/1265 1266/1266/1266 1267/1267/1267
f 1265/1265/1265 1267/1267/1267 1268/1268/1268
f 1269/1269/1269 1270/1270/1270 1271/1271/1271
f 1269/1269/1269 1271/1271/1271 1272/1272/1272
f 1273/1273/1273 1274/1274/1274 1275/1275/1275
f 1273/1273/1273 1275/1275/1275 1276/1276/1276
f 1277/1277/1277 1278/1278/1278 1279/1279/1279
f 1277/1277/1277 1279/1279/1279 1280/1280/1280
f 1281/1281/1281 1282/1282/1282 1283/1283/1283
f 1281/1281/1281 1283/1283/1283 1284/1284/1284
f 1285/1285/1285 1286/1286/1286 1287/1287/1287
f 1285/1285/1285 1287/1287/1287 1288/1288/1288
f 1289/1289/1289 1290/1290/1290 1291/1291/1291
f 1289/1289/1289 1291/1291/1291 1292/1292/1292
f 1293/1293/1293 1294/1294/1294 1295/1295/1295
f 1293/1293/1293 1295/1295/1295 1296/1296/1296
f 1297/1297/1297 1298/1298/1298 1299/1299/1299
f 1297/1297/1297 1299/1299/1299 1300/1300/1300
f 1301/1301/1301 1302/1302/1302 1303/1303/1303
f 1301/1301/1301 1303/1303/1303 1304/1304/1304
f 1305/1305/1305 1306/1306/1306 1307/1307/1307
f 1305/1305/1305 1307/1307/1307 1308/1308/1308
f 1309/1309/1309 1310/1310/1310 1311/1311/1311
f 1309/1309/1309 1311/1311/1311 1312/1312/1312
f 1313/1313/1313 1314/1314/1314 1315/1315/1315
f 1313/1313/1313 1315/1315/1315 1316/1316/1316
f 1317/1317/1317 1318/1318/1318 1319/1319/1319
f 1317/1317/1317 1319/1319/1319 1320/1320/1320
f 1321/1321/1321 1322/1322/1322 1323/1323/1323
f 1321/1321/1321 1323/1323/1323 1324/1324/1324
f 1325/1325/1325 1326/1326/1326 1327/1327/1327
f 1325/1325/1325 1327/1327/1327 1328/1328/1328
f 1329/1329/1329 1330/1330/1330 1331/1331/1331
f 1329/1329/1329 1331/1331/1331 1332/1332/1332
f 1333/1333/1333 1334/1334/1334 1335/1335/1335
f 1333/1333/1333 1335/1335/1335 1336/1336/1336
f 1337/1337/1337 1338/1338/1338 1339/1339/1339
f 1337/1337/1337 1339/1339/1339 1340/1340/1340
f 1341/1341/1341 1342/1342/1342 1343/1343/1343
f 1341/1341/1341 1343/1343/1343 1344/1344/1344
f 1345/1345/1345 1346/1346/1346 1347/1347/1347
f 1345/1345/1345 1347/1347/1347 1348/1348/1348
f 1349/1349/1349 1350/1350/1350 1351/1351/1351
f 1349/1349/1349 1351/1351/1351 1352/1352/1352
f 1353/1353/1353 1354/1354/1354 1355/1355/1355
f 1353/1353/1353 1355/1355/1355 1356/1356/1356
f 1357/1357/1357 1358/1358/1358 1359/1359/1359
f 1357/1357/1357 1359/1359/1359 1360/1360/1360
f 1361/1361/1361 1362/1362/1362 1363/1363/1363
f 1361/1361/1361 1363/1363/1363 1364/1364/1364
f 1365/1365/1365 1366/1366/1366 1367/1367/1367
f 1365/1365/1365 1367/1367/1367 1368/1368/1368
f 1369/1369/1369 1370/1370/1370 1371/1371/1371
f 1369/1369/1369 1371/1371/1371 1372/1372/1372
f 1373/1373/1373 1374/1374/1374 1375/1375/1375
f 1373/1373/1373 1375/1375/1375 1376/1376/1376
f 1377/1377/1377 1378/1378/1378 1379/1379/1379
f 1377/1377/1377 1379/1379/1379 1380/1380/1380
f 1381/1381/1381 1382/1382/1382 1383/1383/1383
f 1381/1381/1381 1383/1383/1383 1384/1384/1384
f 1385/1385/1385 1386/1386/1386 1387/1387/1387
f 1385/1385/1385 1387/1387/1387 1388/1388/1388
f 1389/1389/1389 1390/1390/1390 1391/1391/1391
f 1389/1389/1389 1391/1391/1391 1392/1392/1392
f 1393/1393/1393 1394/1394/1394 1395/1395/1395
f 1393/1393/1393 1395/1395/1395 1396/1396/1396
f 1397/1397/1397 1398/1398/1398 1399/1399/1399
f 1397/1397/1397 1399/1399/1399 1400/1400/1400
f 1401/1401/1401 1402/1402/1402 1403/1403/1403
f 1401/1401/1401 1403/1403/1403 1404/1404/1404
f 1405/1405/1405 1406/1406/1406 1407/1407/1407
f 1405/1405/1405 1407/1407/1407 1408/1408/1408
f 1409/1409/1409 1410/1410/1410 1411/1411/1411
f 1409/1409/1409 1411/1411/1411 1412/1412/1412
f 1413/1413/1413 1414/1414/1414 1415/1415/1415
f 1413/1413/1413 1415/1415/1415 1416/1416/1416
f 1417/1417/1417 1418/1418/1418 1419/1419/1419
f 1417/1417/1417 1419/1419/1419 1420/1420/1420
f 1421/1421/1421 1422/1422/1422 1423/1423/1423
f 1421/1421/1421 1423/1423/1423 1424/1424/1424
f 1425/1425/1425 1426/1426/1426 1427/1427/1427
f 1425/1425/1425 1427/1427/1427 1428/1428/1428
f 1429/1429/1429 1430/1430/1430 1431/1431/1431
f 1429/1429/1429 1431/1431/1431 1432/1432/1432
f 1433/1433/1433 1434/1434/1434 1435/1435/1435
f 1433/1433/1433 1435/1435/1435 1436/1436/1436
f 1437/1437/1437 1438/1438/1438 1439/1439/1439
f 1437/1437/1437 1439/1439/1439 1440/1440/1440
f 1441/1441/1441 1442/1442/1442 1443/1443/1443
f 1441/1441/1441 1443/1443/1443 1444/1444/1444
f 1445/1445/1445 1446/1446/1446 1447/1447/1447
f 1445/1445/1445 1447/1447/1447 1448/1448/1448
f 1449/1449/1449 1450/1450/1450 1451/1451/1451
f 1449/1449/1449 1451/1451/1451 1452/1452/1452
f 1453/1453/1453 1454/1454/1454 1455/1455/1455
f 1453/1453/1453 1455/1455/1455 1456/1456/1456
f 1457/1457/1457 1458/1458/1458 1459/1459/1459
f 1457/1457/1457 1459/1459/1459 1460/1460/1460
f 1461/1461/1461 1462/1462/1462 1463/1463/1463
f 1461/1461/1461 1463/1463/1463 1464/1464/1464
f 1465/1465/1465 1466/1466/1466 1467/1467/1467
f 1465/1465/1465 1467/1467/1467 1468/1468/1468
f 1469/1469/1469 1470/1470/1470 1471/1471/1471
f 1469/1469/1469 1471/1471/1471 1472/1472/1472
f 1473/1473/1473 1474/1474/1474 1475/1475/1475
f 1473/1473/1473 1475/1475/1475 1476/1476/1476
f 1477/1477/1477 1478/1478/1478 1479/1479/1479
f 1477/1477/1477 1479/1479/1479 1480/1480/1480
f 1481/1481/1481 1482/1482/1482 1483/1483/1483
f 1481/1481/1481 1483/1483/1483 1484/1484/1484
f 1485/1485/1485 1486/1486/1486 1487/1487/1487
f 1485/1485/1485 1487/1487/1487 1488/1488/1488
f 1489/1489/1489 1490/1490/1490 1491/1491/1491
f 1489/1489/1489 1491/1491/1491 1492/1492/1492
f 1493/1493/1493 1494/1494/1494 1495/1495/1495
f 1493/1493/1493 1495/1495/1495 1496/1496/1496
f 1497/1497/1497 1498/1498/1498 1499/1499/1499
f 1497/1497/1497 1499/1499/1499 1500/1500/1500
f 1501/1501/1501 1502/1502/1502 1503/1503/1503
f 1501/1501/1501 1503/1503/1503 1504/1504/1504
f 1505/1505/1505 1506/1506/1506 1507/1507/1507
f 1505/1505/1505 1507/1507/1507 1508/1508/1508
f 1509/1509/1509 1510/1510/1510 1511/1511/1511
f 1509/1509/1509 1511/1511/1511 1512/1512/1512
f 1513/1513/1513 1514/1514/1514 1515/1515/1515
f 1513/1513/1513 1515/1515/1515 1516/1516/1516
f 1517/1517/1517 1518/1518/1518 1519/1519/1519
f 1517/1517/1517 1519/1519/1519 1520/1520/1520
f 1521/1521/1521 1522/1522/1522 1523/1523/1523
f 1521/1521/1521 1523/1523/1523 1524/1524/1524
f 1525/1525/1525 1526/1526/1526 1527/1527/1527
f 1525/1525/1525 1527/1527/1527 1528/1528/1528
f 1529/1529/1529 1530/1530/1530 1531/1531/1531
f 1529/1529/1529 1531/1531/1531 1532/1532/1532
f 1533/1533/1533 1534/1534/1534 1535/1535/1535
f 1533/1533/1533 1535/1535/1535 1536/1536/1536
f 1537/1537/1537 1538/1538/1538 1539/1539/1539
f 1537/1537/1537 1539/1539/1539 1540/1540/1540
f 1541/1541/1541 1542/1542/1542 1543/1543/1543
f 1541/1541/1541 1543/1543/1543 1544/1544/1544
f 1545/1545/1545 1546/1546/1546 1547/1547/1547
f 1545/1545/1545 1547/1547/1547 1548/1548/1548
f 1549/1549/1549 1550/1550/1550 1551/1551/1551
f 1549/1549/1549 1551/1551/1551 1552/1552/1552
f 1553/1553/1553 1554/1554/1554 1555/1555/1555
f 1556/1556/1556 1557/1557/1557 1558/1558/1558
f 1556/1556/1556 1558/1558/1558 1559/1559/1559
f 1560/1560/1560 1561/1561/1561 1562/1562/1562
f 1560/1560/1560 1562/1562/1562 1563/1563/1563
f 1564/1564/1564 1565/1565/1565 1566/1566/1566
f 1564/1564/1564 1566/1566/1566 1567/1567/1567
f 1568/1568/1568 1569/1569/1569 1570/1570/1570
f 1568/1568/1568 1570/1570/1570 1571/1571/1571
f 1572/1572/1572 1573/1573/1573 1574/1574/1574
f 1572/1572/1572 1574/1574/1574 1575/1575/1575
f 1576/1576/1576 1577/1577/1577 1578/1578/1578
f 1576/1576/1576 1578/1578/1578 1579/1579/1579
f 1580/1580/1580 1581/1581/1581 1582/1582/1582
f 1580/1580/1580 1582/1582/1582 1583/1583/1583
f 1587/1587/1587 1584/1584/1584 1585/1585/1585
f 1587/1587/1587 1585/1585/1585 1586/1586/1586
f 1588/1588/1588 1589/1589/1589 1590/1590/1590
f 1588/1588/1588 1590/1590/1590 1591/1591/1591
f 1592/1592/1592 1593/1593/1593 1594/1594/1594
f 1592/1592/1592 1594/1594/1594 1595/1595/1595
f 1596/1596/1596 1597/1597/1597 1598/1598/1598
f 1596/1596/1596 1598/1598/1598 1599/1599/1599
f 1602/1602/1602 1603/1603/1603 1600/1600/1600
f 1602/1602/1602 1600/1600/1600 1601/1601/1601
f 1604/1604/1604 1605/1605/1605 1606/1606/1606
f 1604/1604/1604 1606/1606/1606 1607/1607/1607
f 1608/1608/1608 1609/1609/1609 1610/1610/1610
f 1608/1608/1608 1610/1610/1610 1611/1611/1611
f 1612/1612/1612 1613/1613/1613 1614/1614/1614
f 1612/1612/1612 1614/1614/1614 1615/1615/1615
f 1616/1616/1616 1617/1617/1617 1618/1618/1618
f 1616/1616/1616 1618/1618/1618 1619/1619/1619
f 1620/1620/1620 1621/1621/1621 1622/1622/1622
f 1620/1620/1620 1622/1622/1622 1623/1623/1623
f 1624/1624/1624 1625/1625/1625 1626/1626/1626
f 1624/1624/1624 1626/1626/1626 1627/1627/1627
f 1628/1628/1628 1629/1629/1629 1630/1630/1630
f 1628/1628/1628 1630/1630/1630 1631/1631/1631
f 1632/1632/1632 1633/1633/1633 1634/1634/1634
f 1632/1632/1632 1634/1634/1634 1635/1635/1635
f 1636/1636/1636 1637/1637/1637 1638/1638/1638
f 1636/1636/1636 1638/1638/1638 1639/1639/1639
f 1640/1640/1640 1641/1641/1641 1642/1642/1642
f 1640/1640/1640 1642/1642/1642 1643/1643/1643
f 1644/1644/1644 1645/1645/1645 1646/1646/1646
f 1644/1644/1644 1646/1646/1646 1647/1647/1647
f 1648/1648/1648 1649/1649/1649 1650/1650/1650
f 1648/1648/1648 1650/1650/1650 1651/1651/1651
f 1652/1652/1652 1653/1653/1653 1654/1654/1654
f 1652/1652/1652 1654/1654/1654 1655/1655/1655
f 1656/1656/1656 1657/1657/1657 1658/1658/1658
f 1656/1656/1656 1658/1658/1658 1659/1659/1659
f 1660/1660/1660 1661/1661/1661 1662/1662/1662
f 1660/1660/1660 1662/1662/1662 1663/1663/1663
f 1664/1664/1664 1665/1665/1665 1666/1666/1666
f 1664/1664/1664 1666/1666/1666 1667/1667/1667
f 1668/1668/1668 1669/1669/1669 1670/1670/1670
f 1668/1668/1668 1670/1670/1670 1671/1671/1671
f 1672/1672/1672 1673/1673/1673 1674/1674/1674
f 1672/1672/1672 1674/1674/1674 1675/1675/1675
f 1676/1676/1676 1677/1677/1677 1678/1678/1678
f 1676/1676/1676 1678/1678/1678 1679/1679/1679
f 1680/1680/1680 1681/1681/1681 1682/1682/1682
f 1680/1680/1680 1682/1682/1682 1683/1683/1683
f 1684/1684/1684 1685/1685/1685 1686/1686/1686
f 1684/1684/1684 1686/1686/1686 1687/1687/1687
f 1688/1688/1688 1689/1689/1689 1690/1690/1690
f 1688/1688/1688 1690/1690/1690 1691/1691/1691
f 1692/1692/1692 1693/1693/1693 1694/1694/1694
f 1692/1692/1692 1694/1694/1694 1695/1695/1695
f 1696/1696/1696 1697/1697/1697 1698/1698/1698
f 1696/1696/1696 1698/1698/1698 1699/1699/1699
f 1700/1700/1700 1701/1701/1701 1702/1702/1702
f 1700/1700/1700 1702/1702/1702 1703/1703/1703
f 1704/1704/1704 1705/1705/1705 1706/1706/1706
f 1704/1704/1704 1706/1706/1706 1707/1707/1707
f 1708/1708/1708 1709/1709/1709 1710/1710/1710
f 1708/1708/1708 1710/1710/1710 1711/1711/1711
f 1712/1712/1712 1713/1713/1713 1714/1714/1714
f 1712/1712/1712 1714/1714/1714 1715/1715/1715
f 1716/1716/1716 1717/1717/1717 1718/1718/1718
f 1716/1716/1716 1718/1718/1718 1719/1719/1719
f 1720/1720/1720 1721/1721/1721 1722/1722/1722
f 1720/1720/1720 1722/1722/1722 1723/1723/1723
f 1724/1724/1724 1725/1725/1725 1726/1726/1726
f 1724/1724/1724 1726/1726/1726 1727/1727/1727
f 1728/1728/1728 1729/1729/1729 1730/1730/1730
f 1728/1728/1728 1730/1730/1730 1731/1731/1731
f 1732/1732/1732 1733/1733/1733 1734/1734/1734
f 1732/1732/1732 1734/1734/1734 1735/1735/1735
f 1736/1736/1736 1737/1737/1737 1738/1738/1738
f 1736/1736/1736 1738/1738/1738 1739/1739/1739
f 1740/1740/1740 1741/1741/1741 1742/1742/1742
f 1740/1740/1740 1742/1742/1742 1743/1743/1743
f 1744/1744/1744 1745/1745/1745 1746/1746/1746
f 1744/1744/1744 1746/1746/1746 1747/1747/1747
f 1748/1748/1748 1749/1749/1749 1750/1750/1750
f 1748/1748/1748 1750/1750/1750 1751/1751/1751
f 1752/1752/1752 1753/1753/1753 1754/1754/1754
f 1752/1752/1752 1754/1754/1754 1755/1755/1755
f 1756/1756/1756 1757/1757/1757 1758/1758/1758
f 1756/1756/1756 1758/1758/1758 1759/1759/1759
f 1760/1760/1760 1761/1761/1761 1762/1762/1762
f 1760/1760/1760 1762/1762/1762 1763/1763/1763
f 1764/1764/1764 1765/1765/1765 1766/1766/1766
f 1764/1764/1764 1766/1766/1766 1767/1767/1767
f 1768/1768/1768 1769/1769/1769 1770/1770/1770
f 1768/1768/1768 1770/1770/1770 1771/1771/1771
f 1772/1772/1772 1773/1773/1773 1774/1774/1774
f 1772/1772/1772 1774/1774/1774 1775/1775/1775
f 1776/1776/1776 1777/1777/1777 1778/1778/1778
f 1776/1776/1776 1778/1778/1778 1779/1779/1779
f 1780/1780/1780 1781/1781/1781 1782/1782/1782
f 1780/1780/1780 1782/1782/1782 1783/1783/1783
f 1784/1784/1784 1785/1785/1785 1786/1786/1786
f 1784/1784/1784 1786/1786/1786 1787/1787/1787
f 1788/1788/1788 1789/1789/1789 1790/1790/1790
f 1788/1788/1788 1790/1790/1790 1791/1791/1791
f 1792/1792/1792 1793/1793/1793 1794/1794/1794
f 1792/1792/1792 1794/1794/1794 1795/1795/1795
f 1796/1796/1796 1797/1797/1797 1798/1798/1798
f 1796/1796/1796 1798/1798/1798 1799/1799/1799
f 1800/1800/1800 1801/1801/1801 1802/1802/1802
f 1800/1800/1800 1802/1802/1802 1803/1803/1803
f 1804/1804/1804 1805/1805/1805 1806/1806/1806
f 1804/1804/1804 1806/1806/1806 1807/1807/1807
f 1808/1808/1808 1809/1809/1809 1810/1810/1810
f 1808/1808/1808 1810/1810/1810 1811/1811/1811
f 1812/1812/1812 1813/1813/1813 1814/1814/1814
f 1812/1812/1812 1814/1814/1814 1815/1815/1815
f 1816/1816/1816 1817/1817/1817 1818/1818/1818
f 1816/1816/1816 1818/1818/1818 1819/1819/1819
f 1820/1820/1820 1821/1821/1821 1822/1822/1822
f 1820/1820/1820 1822/1822/1822 1823/1823/1823
f 1824/1824/1824 1825/1825/1825 1826/1826/1826
f 1824/1824/1824 1826/1826/1826 1827/1827/1827
f 1828/1828/1828 1829/1829/1829 1830/1830/1830
f 1828/1828/1828 1830/1830/1830 1831/1831/1831
f 1832/1832/1832 1833/1833/1833 1834/1834/1834
f 1832/1832/1832 1834/1834/1834 1835/1835/1835
f 1836/1836/1836 1837/1837/1837 1838/1838/1838
f 1836/1836/1836 1838/1838/1838 1839/1839/1839
f 1840/1840/1840 1841/1841/1841 1842/1842/1842
f 1840/1840/1840 1842/1842/1842 1843/1843/1843
f 1844/1844/1844 1845/1845/1845 1846/1846/1846
f 1844/1844/1844 1846/1846/1846 1847/1847/1847
f 1848/1848/1848 1849/1849/1849 1850/1850/1850
f 1848/1848/1848 1850/1850/1850 1851/1851/1851
f 1852/1852/1852 1853/1853/1853 1854/1854/1854
f 1852/1852/1852 1854/1854/1854 1855/1855/1855
f 1856/1856/1856 1857/1857/1857 1858/1858/1858
f 1856/1856/1856 1858/1858/1858 1859/1859/1859
f 1860/1860/1860 1861/1861/1861 1862/1862/1862
f 1860/1860/1860 1862/1862/1862 1863/1863/1863
f 1864/1864/1864 1865/1865/1865 1866/1866/1866
f 1864/1864/1864 1866/1866/1866 1867/1867/1867
f 1868/1868/1868 1869/1869/1869 1870/1870/1870
f 1871/1871/1871 1872/1872/1872 1873/1873/1873
f 1871/1871/1871 1873/1873/1873 1874/1874/1874
f 1875/1875/1875 1876/1876/1876 1877/1877/1877
f 1875/1875/1875 1877/1877/1877 1878/1878/1878
f 1879/1879/1879 1880/1880/1880 1881/1881/1881
f 1879/1879/1879 1881/1881/1881 1882/1882/1882
f 1883/1883/1883 1884/1884/1884 1885/1885/1885
f 1883/1883/1883 1885/1885/1885 1886/1886/1886
f 1887/1887/1887 1888/1888/1888 1889/1889/1889
f 1887/1887/1887 1889/1889/1889 1890/1890/1890
f 1891/1891/1891 1892/1892/1892 1893/1893/1893
f 1894/1894/1894 1895/1895/1895 1896/1896/1896
f 1894/1894/1894 1896/1896/1896 1897/1897/1897
f 1898/1898/1898 1899/1899/1899 1900/1900/1900
f 1898/1898/1898 1900/1900/1900 1901/1901/1901
f 1902/1902/1902 1903/1903/1903 1904/1904/1904
f 1902/1902/1902 1904/1904/1904 1905/1905/1905
f 1906/1906/1906 1907/1907/1907 1908/1908/1908
f 1906/1906/1906 1908/1908/1908 1909/1909/1909
f 1910/1910/1910 1911/1911/1911 1912/1912/1912
f 1910/1910/1910 1912/1912/1912 1913/1913/1913
f 1914/1914/1914 1915/1915/1915 1916/1916/1916
f 1914/1914/1914 1916/1916/1916 1917/1917/1917
f 1918/1918/1918 1919/1919/1919 1920/1920/1920
f 1918/1918/1918 1920/1920/1920 1921/1921/1921
f 1922/1922/1922 1923/1923/1923 1924/1924/1924
f 1922/1922/1922 1924/1924/1924 1925/1925/1925
f 1926/1926/1926 1927/1927/1927 1928/1928/1928
f 1926/1926/1926 1928/1928/1928 1929/1929/1929
f 1930/1930/1930 1931/1931/1931 1932/1932/1932
f 1933/1933/1933 1934/1934/1934 1935/1935/1935
f 1933/1933/1933 1935/1935/1935 1936/1936/1936
f 1937/1937/1937 1938/1938/1938 1939/1939/1939
f 1937/1937/1937 1939/1939/1939 1940/1940/1940
f 1941/1941/1941 1942/1942/1942 1943/1943/1943
f 1941/1941/1941 1943/1943/1943 1944/1944/1944
f 1945/1945/1945 1946/1946/1946 1947/1947/1947
f 1945/1945/1945 1947/1947/1947 1948/1948/1948
f 1949/1949/1949 1950/1950/1950 1951/1951/1951
f 1949/1949/1949 1951/1951/1951 1952/1952/1952
f 1953/1953/1953 1954/1954/1954 1955/1955/1955
f 1953/1953/1953 1955/1955/1955 1956/1956/1956
f 1957/1957/1957 1958/1958/1958 1959/1959/1959
f 1957/1957/1957 1959/1959/1959 1960/1960/1960
f 1961/1961/1961 1962/1962/1962 1963/1963/1963
f 1961/1961/1961 1963/1963/1963 1964/1964/1964
f 1965/1965/1965 1966/1966/1966 1967/1967/1967
f 1965/1965/1965 1967/1967/1967 1968/1968/1968
f 1969/1969/1969 1970/1970/1970 1971/1971/1971
f 1969/1969/1969 1971/1971/1971 1972/1972/1972
f 1973/1973/1973 1974/1974/1974 1975/1975/1975
f 1973/1973/1973 1975/1975/1975 1976/1976/1976
f 1977/1977/1977 1978/1978/1978 1979/1979/1979
f 1977/1977/1977 1979/1979/1979 1980/1980/1980
f 1981/1981/1981 1982/1982/1982 1983/1983/1983
f 1981/1981/1981 1983/1983/1983 1984/1984/1984
f 1985/1985/1985 1986/1986/1986 1987/1987/1987
f 1985/1985/1985 1987/1987/1987 1988/1988/1988
f 1989/1989/1989 1990/1990/1990 1991/1991/1991
f 1989/1989/1989 1991/1991/1991 1992/1992/1992
f 1993/1993/1993 1994/1994/1994 1995/1995/1995
f 1993/1993/1993 1995/1995/1995 1996/1996/1996
f 1997/1997/1997 1998/1998/1998 1999/1999/1999
f 1997/1997/1997 1999/1999/1999 2000/2000/2000
f 2001/2001/2001 2002/2002/2002 2003/2003/2003
f 2001/2001/2001 2003/2003/2003 2004/2004/2004
f 2005/2005/2005 2006/2006/2006 2007/2007/2007
f 2005/2005/2005 2007/2007/2007 2008/2008/2008
f 2009/2009/2009 2010/2010/2010 2011/2011/2011
f 2009/2009/2009 2011/2011/2011 2012/2012/2012
f 2013/2013/2013 2014/2014/2014 2015/2015/2015
f 2013/2013/2013 2015/2015/2015 2016/2016/2016
f 2017/2017/2017 2018/2018/2018 2019/2019/2019
f 2017/2017/2017 2019/2019/2019 2020/2020/2020
f 2021/2021/2021 2022/2022/2022 2023/2023/2023
f 2021/2021/2021 2023/2023/2023 2024/2024/2024
f 2025/2025/2025 2026/2026/2026 2027/2027/2027
f 2025/2025/2025 2027/2027/2027 2028/2028/2028
f 2029/2029/2029 2030/2030/2030 2031/2031/2031
f 2029/2029/2029 2031/2031/2031 2032/2032/2032
f 2033/2033/2033 2034/2034/2034 2035/2035/2035
f 2033/2033/2033 2035/2035/2035 2036/2036/2036
f 2037/2037/2037 2038/2038/2038 2039/2039/2039
f 2037/2037/2037 2039/2039/2039 2040/2040/2040
f 2041/2041/2041 2042/2042/2042 2043/2043/2043
f 2041/2041/2041 2043/2043/2043 2044/2044/2044
f 2045/2045/2045 2046/2046/2046 2047/2047/2047
f 2045/2045/2045 2047/2047/2047 2048/2048/2048
f 2049/2049/2049 2050/2050/2050 2051/2051/2051
f 2049/2049/2049 2051/2051/2051 2052/2052/2052
f 2053/2053/2053 2054/2054/2054 2055/2055/2055
f 2053/2053/2053 2055/2055/2055 2056/2056/2056
f 2057/2057/2057 2058/2058/2058 2059/2059/2059
f 2057/2057/2057 2059/2059/2059 2060/2060/2060
f 2061/2061/2061 2062/2062/2062 2063/2063/2063
f 2061/2061/2061 2063/2063/2063 2064/2064/2064
f 2065/2065/2065 2066/2066/2066 2067/2067/2067
f 2065/2065/2065 2067/2067/2067 2068/2068/2068
f 2069/2069/2069 2070/2070/2070 2071/2071/2071
f 2069/2069/2069 2071/2071/2071 2072/2072/2072
f 2073/2073/2073 2074/2074/2074 2075/2075/2075
f 2073/2073/2073 2075/2075/2075 2076/2076/2076
f 2077/2077/2077 2078/2078/2078 2079/2079/2079
f 2077/2077/2077 2079/2079/2079 2080/2080/2080
f 2081/2081/2081 2082/2082/2082 2083/2083/2083
f 2081/2081/2081 2083/2083/2083 2084/2084/2084
f 2085/2085/2085 2086/2086/2086 2087/2087/2087
f 2085/2085/2085 2087/2087/2087 2088/2088/2088
f 2089/2089/2089 2090/2090/2090 2091/2091/2091
f 2089/2089/2089 2091/2091/2091 2092/2092/2092
f 2093/2093/2093 2094/2094/2094 2095/2095/2095
f 2093/2093/2093 2095/2095/2095 2096/2096/2096
f 2097/2097/2097 2098/2098/2098 2099/2099/2099
f 2097/2097/2097 2099/2099/2099 2100/2100/2100
f 2101/2101/2101 2102/2102/2102 2103/2103/2103
f 2101/2101/2101 2103/2103/2103 2104/2104/2104
f 2105/2105/2105 2106/2106/2106 2107/2107/2107
f 2105/2105/2105 2107/2107/2107 2108/2108/2108
f 2109/2109/2109 2110/2110/2110 2111/2111/2111
f 2109/2109/2109 2111/2111/2111 2112/2112/2112
f 2113/2113/2113 2114/2114/2114 2115/2115/2115
f 2113/2113/2113 2115/2115/2115 2116/2116/2116
f 2117/2117/2117 2118/2118/2118 2119/2119/2119
f 2117/2117/2117 2119/2119/2119 2120/2120/2120
f 2121/2121/2121 2122/2122/2122 2123/2123/2123
f 2121/2121/2121 2123/2123/2123 2124/2124/2124
f 2125/2125/2125 2126/2126/2126 2127/2127/2127
f 2125/2125/2125 2127/2127/2127 2128/2128/2128
f 2129/2129/2129 2130/2130/2130 2131/2131/2131
f 2129/2129/2129 2131/2131/2131 2132/2132/2132
f 2133/2133/2133 2134/2134/2134 2135/2135/2135
f 2133/2133/2133 2135/2135/2135 2136/2136/2136
f 2137/2137/2137 2138/2138/2138 2139/2139/2139
f 2137/2137/2137 2139/2139/2139 2140/2140/2140
f 2141/2141/2141 2142/2142/2142 2143/2143/2143
f 2141/2141/2141 2143/2143/2143 2144/2144/2144
f 2145/2145/2145 2146/2146/2146 2147/2147/2147
f 2145/2145/2145 2147/2147/2147 2148/2148/2148
f 2149/2149/2149 2150/2150/2150 2151/2151/2151
f 2149/2149/2149 2151/2151/2151 2152/2152/2152
f 2153/2153/2153 2154/2154/2154 2155/2155/2155
f 2153/2153/2153 2155/2155/2155 2156/2156/2156
f 2157/2157/2157 2158/2158/2158 2159/2159/2159
f 2157/2157/2157 2159/2159/2159 2160/2160/2160
f 2161/2161/2161 2162/2162/2162 2163/2163/2163
f 2161/2161/2161 2163/2163/2163 2164/2164/2164
f 2165/2165/2165 2166/2166/2166 2167/2167/2167
f 2165/2165/2165 2167/2167/2167 2168/2168/2168
f 2169/2169/2169 2170/2170/2170 2171/2171/2171
f 2169/2169/2169 2171/2171/2171 2172/2172/2172
f 2173/2173/2173 2174/2174/2174 2175/2175/2175
f 2173/2173/2173 2175/2175/2175 2176/2176/2176
f 2177/2177/2177 2178/2178/2178 2179/2179/2179
f 2177/2177/2177 2179/2179/2179 2180/2180/2180
f 2181/2181/2181 2182/2182/2182 2183/2183/2183
f 2181/2181/2181 2183/2183/2183 2184/2184/2184
f 2185/2185/2185 2186/2186/2186 2187/2187/2187
f 2185/2185/2185 2187/2187/2187 2188/2188/2188
